,i,a,e,inc,m_e,EF,EC,OC,CI,EF_ratio,EC_ratio,OC_ratio,CI_ratio,P,T,MgO,Al2O3,CaO,FeO,NiO,SiO2,Fe,Ni,Si,O
0,6170,1.8854257620344528,0.0551450432702075,0.0260602284785202,0.00021463802863802865,0.0,0.0,0.00021463802863802865,0.0,0.0,0.0,1.0,0.0,0.3940523374891775,1895.5733195773523,7.522539854406803e-05,2.7142453927773273e-06,4.025822515448626e-06,3.65643790480706e-05,4.421100332366492e-08,7.997512037798886e-05,1.3438879889089082e-05,2.64796216387677e-06,2.0097033856959073e-09,9.247933613553913e-07
1,5974,1.3285771169905412,0.1361992216837524,0.1250764330378001,0.0003670296370296371,0.0,0.0,0.0003670296370296371,0.0,0.0,0.0,1.0,0.0,0.4111293411255411,1896.4961330129256,0.00012863494366881854,4.641342019593649e-06,6.884130393699747e-06,6.253061173699801e-05,7.608183912103634e-08,0.00013675694514764047,2.297463677120147e-05,4.527516817875925e-06,3.428634688255926e-09,1.5751327631459877e-06
2,5069,2.733345655588821,0.1740278327345959,0.0359800551713633,0.0003958574758574759,0.0,0.0,0.0,0.0003958574758574759,0.0,0.0,0.0,1.0,0.41435978874458873,1896.670588531938,0.00013383199607068335,5.307575418165539e-06,7.749603312760161e-06,0.00011110877681588406,1.6812582349955263e-06,0.0001298735711085953,1.8285142014096926e-06,4.4761634168636635e-06,1.7278118551785487e-11,6.3047121745104986e-06
3,6279,2.010899421959811,0.1109849452502413,0.0496940693865675,0.0004014718614718615,0.0,0.0,0.0004014718614718615,0.0,0.0,0.0,1.0,0.0,0.4149889367965368,1896.7045605697176,0.00014070610401654979,5.076887619795583e-06,7.530140252816926e-06,6.839993127741767e-05,8.334072467831944e-08,0.00014959027969114314,2.5129167794843405e-05,4.9522616785812595e-06,3.748416035410148e-09,1.7214015509022765e-06
4,5550,2.8655010205811724,0.3646559192191687,0.3603324149369006,0.0004017182817182817,0.0,0.0,0.0,0.0004017182817182817,0.0,0.0,0.0,1.0,0.4150165506493506,1896.7060516007532,0.00013581342472814492,5.3861558947627605e-06,7.864338850887771e-06,0.00011275441380306366,1.7068715070462279e-06,0.00013179639393503465,1.8549525884892763e-06,4.541712886722784e-06,1.7524129608363637e-11,6.396700523471246e-06
5,5694,3.1389290337289166,0.0842707599035111,0.2481264445704003,0.00040301365301365305,0.0,0.0,0.0,0.00040301365301365305,0.0,0.0,0.0,1.0,0.41516170995671,1896.7138895451894,0.00013625136549391342,5.40352396601067e-06,7.889698012439842e-06,0.00011311813938126927,1.7125354454214508e-06,0.00013222138148023363,1.8607936697080245e-06,4.556197986190131e-06,1.7578466568642093e-11,6.417026812831296e-06
6,5374,1.7331034483016978,0.0190415852699249,0.0635794661062671,0.0004054412254412254,0.0,0.0,0.0004054412254412254,0.0,0.0,0.0,1.0,0.0,0.4154337437229437,1896.728577940403,0.00014209726935876147,5.127082955330796e-06,7.604590968476567e-06,6.90763682301403e-05,8.417861276797295e-08,0.00015106928336504745,2.5377455764518666e-05,5.001210937890334e-06,3.78524829186609e-09,1.7382419022097867e-06
7,3337,1.3368840025526447,0.138768591281965,0.0843656032493619,0.00041115884115884116,0.0,0.00041115884115884116,0.0,0.0,0.0,1.0,0.0,0.0,0.41607445974025975,1896.7631722381075,0.00012558543092016646,4.190817707903056e-06,5.950439662195174e-06,2.81804290190524e-06,1.0171749903481674e-09,0.00014794139748168752,0.00011002285508817992,6.420758780086407e-06,8.228081441727023e-06,2.7073483057325765e-07
8,6196,3.1311720173861013,0.2693653604317927,0.0179205136882332,0.00041766233766233767,0.0,0.0,0.0,0.00041766233766233767,0.0,0.0,0.0,1.0,0.41680324155844156,1896.8025197762,0.00014120381132583018,5.5999305095056575e-06,8.176471667112205e-06,0.0001172313873820615,1.7766591097477146e-06,0.0001370273460347458,1.9267840617375e-06,4.719929379625977e-06,1.8191971122875558e-11,6.646749825305704e-06
9,6642,1.513004361445278,0.1615334293653488,0.0421791523205544,0.0004207625707625708,0.0,0.0,0.0004207625707625708,0.0,0.0,0.0,1.0,0.0,0.4171506536796537,1896.8212762047938,0.00014746702752949643,5.32083189727502e-06,7.891963235884299e-06,7.168737764058503e-05,8.741534870432763e-08,0.00015677808869537455,2.633579146141683e-05,5.190147578784137e-06,3.927375050172266e-09,1.8032104359555902e-06
10,5567,1.8139852354940784,0.1600265505456966,0.1384767724897619,0.00043951381951381954,0.0,0.0,0.00043951381951381954,0.0,0.0,0.0,1.0,0.0,0.4192519186147186,1896.9347125422446,0.00015403888326942435,5.557954325461919e-06,8.243667916991215e-06,7.488296428238934e-05,9.138223167874217e-08,0.00016376489226680124,2.7508599146812657e-05,5.421374845979383e-06,4.101228280676541e-09,1.8826521360561276e-06
11,5566,1.6862475109386599,0.1426986521181251,0.0199665671905755,0.00044546786546786546,0.0,0.0,0.00044546786546786546,0.0,0.0,0.0,1.0,0.0,0.419919129004329,1896.9707285829556,0.00015612563128274191,5.633247328764738e-06,8.355343990480678e-06,7.589766783285546e-05,9.264311000093279e-08,0.00016598339784371058,2.788098297994337e-05,5.494794688755284e-06,4.1564106125250525e-09,1.9078603633418704e-06
12,6394,1.38215001879346,0.3390900484831028,0.0199840448448331,0.0004488278388278389,0.0,0.0,0.0004488278388278389,0.0,0.0,0.0,1.0,0.0,0.42029564761904764,1896.9910523970157,0.00015730322006654362,5.6757365012102335e-06,8.418364772444251e-06,7.647028600412402e-05,9.335491766283705e-08,0.00016723533975366114,2.809112273375827e-05,5.536226531869652e-06,4.187546564875504e-09,1.922082506446458e-06
13,6942,2.8511832345118524,0.2492723708591884,0.1943394297891948,0.000448997668997669,0.0,0.0,0.0,0.000448997668997669,0.0,0.0,0.0,1.0,0.42031467878787876,1896.9920796531953,0.00015179769977282645,6.020068171312395e-06,8.789915652214942e-06,0.00012603051399561312,1.914275358782925e-06,0.0001473078930872258,2.0675604435149123e-06,5.069723017733629e-06,1.9498444769590687e-11,7.137322458138095e-06
14,6583,1.8435001470669063,0.1431698187161239,0.1439202533999469,0.00044976356976356976,0.0,0.0,0.00044976356976356976,0.0,0.0,0.0,1.0,0.0,0.42040050562770565,1896.9967123617043,0.00015763117095677975,5.687569462020127e-06,8.435915654239854e-06,7.662975672160324e-05,9.355318578184225e-08,0.00016758399751108888,2.8149645055871163e-05,5.547764999001521e-06,4.196217183406389e-09,1.9260430007241513e-06
15,5724,1.7558716964536523,0.214204198714726,0.0353260869572403,0.0004646187146187146,0.0,0.0,0.0004646187146187146,0.0,0.0,0.0,1.0,0.0,0.42206517316017317,1897.0865617652364,0.0001628375372249059,5.875422978649812e-06,8.714543710076819e-06,7.916145090746315e-05,9.670283134118554e-08,0.00017311909454066686,2.907868734552889e-05,5.730941246517449e-06,4.333833564533398e-09,1.988889884159818e-06
16,6257,1.561328160639003,0.1621438544689767,0.0784016816004306,0.00046561105561105563,0.0,0.0,0.00046561105561105563,0.0,0.0,0.0,1.0,0.0,0.4221763748917749,1897.0925634713312,0.00016318532856045886,5.887971812533616e-06,8.73315638899173e-06,7.933057242362962e-05,9.691336742679568e-08,0.00017348884547646896,2.9140747059961902e-05,5.743177497281522e-06,4.343024302629105e-09,1.9930865952857307e-06
17,5908,1.2843767174275256,0.0501449465855744,0.098285213481089,0.00047276723276723276,0.0,0.0,0.00047276723276723276,0.0,0.0,0.0,1.0,0.0,0.4229782961038961,1897.1358429748452,0.00016569339426550326,5.9784665911117805e-06,8.867380036602948e-06,8.055018430500171e-05,9.843214409017726e-08,0.00017615527085758945,2.958827767710748e-05,5.831417596255612e-06,4.409293970333893e-09,2.0233428749306817e-06
18,5878,3.19883909102111,0.0514958851466366,0.0220804604508343,0.0004809457209457209,0.0,0.0,0.0,0.0004809457209457209,0.0,0.0,0.0,1.0,0.4238947774891775,1897.1853025628502,0.00016259873757946643,6.448421064763387e-06,9.41535471630375e-06,0.00013500223655250887,2.055213002515667e-06,0.00015778946253453073,2.2105487619843882e-06,5.425725911434322e-06,2.082221333831076e-11,7.636316317845336e-06
19,5753,1.8421436841240373,0.0658588697022114,0.1390503939388328,0.00048222777222777224,0.0,0.0,0.00048222777222777224,0.0,0.0,0.0,1.0,0.0,0.42403844415584413,1897.1930555350318,0.0001690090828034424,6.098101614816093e-06,9.044825072835367e-06,8.216253966957464e-05,1.0044135283308223e-07,0.00017968031253076593,3.0179901762645645e-05,5.948070539995749e-06,4.496880863340269e-09,2.0633245995042414e-06
20,6367,1.3239412745904175,0.1993854323277206,0.115533281064593,0.00048516150516150514,0.0,0.0,0.00048516150516150514,0.0,0.0,0.0,1.0,0.0,0.42436719826839825,1897.2107964854683,0.00017003728470485892,6.1352006841168665e-06,9.099851147077098e-06,8.266253808207808e-05,1.0106472959646031e-07,0.00018077343527934294,3.0363361954699713e-05,5.984244543147034e-06,4.524036588030673e-09,2.075719022543907e-06
21,5279,1.3728319992452476,0.1306764477112156,0.1264149123041039,0.0004891941391941393,0.0,0.0,0.0004891941391941393,0.0,0.0,0.0,1.0,0.0,0.42481909523809525,1897.235182135678,0.0001714506246624247,6.186196113087625e-06,9.175488577164202e-06,8.334982587231275e-05,1.0192185210299216e-07,0.00018227601377199324,3.0615538829753525e-05,6.033968155120251e-06,4.561360179974536e-09,2.092753027063861e-06
22,3089,1.4291686261506296,0.0794306598725399,0.0646389090976103,0.0004894605394605395,0.0,0.0004894605394605395,0.0,0.0,0.0,1.0,0.0,0.0,0.42484894805194806,1897.2367930540438,0.00014950210627435326,4.988923235384267e-06,7.083650199218908e-06,3.3531669838216344e-06,1.2141139311907174e-09,0.0001761167117720781,0.00013097731864497112,7.643534359450874e-06,9.793913877330194e-06,3.215677788700479e-07
23,1996,1.4245999189871772,0.1199442745838769,0.0358999388765018,0.0004911854811854812,0.0004911854811854812,0.0,0.0,0.0,1.0,0.0,0.0,0.0,0.425042245021645,1897.2472236764704,0.00018758384259014854,1.1158939054275245e-05,1.6293193077563345e-05,1.7413055866416144e-06,5.956315735722113e-10,8.970885067237792e-05,0.0001565557507075967,8.63049341735171e-06,1.951251044795257e-05,2.341575025785773e-07
24,6669,2.4758085231435456,0.5879219102316414,0.387718736710314,0.0004913852813852814,0.0,0.0,0.0,0.0004913852813852814,0.0,0.0,0.0,1.0,0.42506463463203464,1897.24843184839,0.00016612815737556988,6.58839253870219e-06,9.619727393593557e-06,0.00013793401568467392,2.101405347331171e-06,0.0001612144907015724,2.25715389021855e-06,5.5419172006456915e-06,2.1252973990068535e-11,7.799113596812198e-06
25,6303,1.3834898254638155,0.0586374240777423,0.1588203991999863,0.000493010323010323,0.0,0.0,0.000493010323010323,0.0,0.0,0.0,1.0,0.0,0.4252467367965368,1897.258258249461,0.00017278810409377922,6.234454380305203e-06,9.247066194736307e-06,8.400022674524428e-05,1.0273323004270647e-07,0.00018369794189562313,3.085417718590587e-05,6.0810226084883735e-06,4.596676197933958e-09,2.1088694540652908e-06
26,5713,3.094440608290248,0.1359019998385463,0.1610380283075854,0.0004966167166167167,0.0,0.0,0.0,0.0004966167166167167,0.0,0.0,0.0,1.0,0.42565086926406925,1897.2800652044534,0.0001678968076147018,6.658534543664824e-06,9.722141899501783e-06,0.00013940319984647877,2.1245784637941496e-06,0.0001629308285808262,2.2804870085053127e-06,5.6001171907397205e-06,2.1468504084925025e-11,7.880647136253207e-06
27,5362,1.5885510541573848,0.0761316235508265,0.0863310686815196,0.0004987745587745587,0.0,0.0,0.0004987745587745587,0.0,0.0,0.0,1.0,0.0,0.42589267705627704,1897.2931128652747,0.00017480832826103463,6.307347103301388e-06,9.355182124943388e-06,8.498264463430348e-05,1.0395927714048867e-07,0.00018584572338870117,3.121462745177179e-05,6.152096521245622e-06,4.650012116786013e-09,2.1332062537457192e-06
28,5228,2.770125270330074,0.153671877955414,0.160284732000111,0.0005086280386280386,0.0,0.0,0.0,0.0005086280386280386,0.0,0.0,0.0,1.0,0.426996858008658,1897.3526906066288,0.0001719576105507608,6.819579872691061e-06,9.957284562016721e-06,0.00014277648767237628,2.1778490350786794e-06,0.0001668715228722292,2.3340036570128656e-06,5.73367844335788e-06,2.196251505854653e-11,8.06772602540088e-06
29,5048,1.6920401714683428,0.2405263559310434,0.066243036816645,0.0005150582750582751,0.0,0.0,0.0005150582750582751,0.0,0.0,0.0,1.0,0.0,0.42771743030303033,1897.3915679114327,0.0001805153740021548,6.513265887502052e-06,9.660604943379336e-06,8.775796759865717e-05,1.0742593466672785e-07,0.0001919131130991849,3.223284884188598e-05,6.3528741177292655e-06,4.800633114827608e-09,2.2019184359405963e-06
30,5240,1.8428086576002152,0.1141415542043277,0.1262461412526115,0.0005151781551781552,0.0,0.0,0.0,0.0005151781551781552,0.0,0.0,0.0,1.0,0.4277308640692641,1897.3922926915018,0.00017417208223782159,6.90740248488807e-06,1.008551456400366e-05,0.00014461606939052455,2.206936549947198e-06,0.0001690204958893967,2.3631561781645215e-06,5.80647565197608e-06,2.2231432813364302e-11,8.16967629300628e-06
31,6835,2.6429501150651156,0.3830493914225203,0.2454706186608392,0.0005157542457542457,0.0,0.0,0.0005157542457542457,0.0,0.0,0.0,1.0,0.0,0.4277954207792208,1897.395775653754,0.0001807592947710493,6.522066915293041e-06,9.673658802081404e-06,8.787658691376052e-05,1.0757420387813269e-07,0.00019217243507417393,3.227636669857889e-05,6.36145530640908e-06,4.807069021431267e-09,2.2048538906116553e-06
32,6911,1.7792027758473044,0.051340976260865,0.0504490868650637,0.0005172427572427573,0.0,0.0,0.0005172427572427573,0.0,0.0,0.0,1.0,0.0,0.4279622233766234,1897.4047749177737,0.00018128098177437873,6.540890166118748e-06,9.70157782045377e-06,8.81302850842773e-05,1.0789134426236284e-07,0.0001927270614996232,3.2369440373961365e-05,6.3798083462993735e-06,4.820833382501461e-09,2.2111316812855144e-06
33,3770,1.5023784965696796,0.0954666958640716,0.0510061730210141,0.0005188911088911089,0.0,0.0005188911088911089,0.0,0.0,0.0,1.0,0.0,0.0,0.42814693766233763,1897.4147404343453,0.00015849145631179062,5.288900127953754e-06,7.509580059141325e-06,3.554170230729455e-06,1.2884037569756993e-09,0.00018670681013842702,0.00013885341736076198,8.103127974566073e-06,1.038235828398169e-05,3.406203009808143e-07
34,6848,1.4312671283584295,0.0262012790033631,0.139689049326976,0.0005196003996003996,0.0,0.0,0.0005196003996003996,0.0,0.0,0.0,1.0,0.0,0.4282264207792208,1897.4190285903064,0.00018210727796757155,6.570704174137983e-06,9.745798547540202e-06,8.853211667461037e-05,1.0839373983978677e-07,0.00019360553020162223,3.2516858150287415e-05,6.40887751142522e-06,4.842633364839435e-09,2.221074014757164e-06
35,6000,2.6692924743990742,0.0785280815815639,0.0291329780757043,0.0005221944721944722,0.0,0.0,0.0005221944721944722,0.0,0.0,0.0,1.0,0.0,0.42851711255411257,1897.4347113798879,0.00018301643719708744,6.603508004995309e-06,9.794453839066093e-06,8.897424580745725e-05,1.0894662718436417e-07,0.0001945720939305723,3.2679058475953954e-05,6.440861694402462e-06,4.866617753072509e-09,2.2320124046222665e-06
36,6649,1.7843016633401383,0.1085056231969973,0.1619967945953882,0.0005279254079254079,0.0,0.0,0.0005279254079254079,0.0,0.0,0.0,1.0,0.0,0.4291593212121212,1897.469357439418,0.00018502499051415648,6.675979626183313e-06,9.901945182732404e-06,8.995102189720592e-05,1.1016850962416011e-07,0.00019670746772117983,3.30373927817143e-05,6.511522094406634e-06,4.919598204858192e-09,2.256171961300031e-06
37,6065,1.8326844532180084,0.0890200612458292,0.0501140194528234,0.0005302264402264402,0.0,0.0,0.0005302264402264402,0.0,0.0,0.0,1.0,0.0,0.4294171748917749,1897.4832678066875,0.00018583144626203258,6.705077761128642e-06,9.94510411269953e-06,9.034321012297476e-05,1.1065927120865247e-07,0.00019756484325510564,3.3181265731597255e-05,6.539892841926606e-06,4.940867766545188e-09,2.265869989224751e-06
38,5124,1.6782675571465275,0.1969886907213178,0.1072451581824353,0.0005302530802530803,0.0,0.0,0.0005302530802530803,0.0,0.0,0.0,1.0,0.0,0.4294201601731602,1897.4834288515722,0.00018584078294218165,6.705414642575187e-06,9.945603781932145e-06,9.034775039103979e-05,1.1066495230565003e-07,0.00019757476945517533,3.318293167106512e-05,6.5402213027584605e-06,4.941114046944691e-09,2.2659825294530267e-06
39,5099,1.1563264517158467,0.053680119336472,0.0375479054168,0.0005311555111555112,0.0,0.0,0.0005311555111555112,0.0,0.0,0.0,1.0,0.0,0.4295212865800866,1897.4888842289824,0.00018615706298223146,6.716826501576901e-06,9.962530077186979e-06,9.050156103981624e-05,1.108574470751623e-07,0.0001979110194840783,3.32393563024647e-05,6.551347865828759e-06,4.949455252681876e-09,2.2697857109204266e-06
40,5480,2.054673316794896,0.1332961748167663,0.0753228532589422,0.0005336663336663337,0.0,0.0,0.0005336663336663337,0.0,0.0,0.0,1.0,0.0,0.4298026493506494,1897.5040624745407,0.0001870370450862815,6.748577577913773e-06,1.0009623902360947e-05,9.092950745210926e-05,1.1139309806024249e-07,0.00019884656384616494,3.3396344950144854e-05,6.582305091637841e-06,4.972661660397485e-09,2.2803662616453736e-06
41,5485,1.5661186477600504,0.276931699460267,0.0827305236338514,0.0005338228438228438,0.0,0.0,0.0005338228438228438,0.0,0.0,0.0,1.0,0.0,0.4298201878787879,1897.5050085896094,0.00018709189808215727,6.7505567564122235e-06,1.001255945910256e-05,9.095618296278948e-05,1.1142649003460587e-07,0.00019890488027193964,3.3406130908720236e-05,6.584234783495473e-06,4.974108192337939e-09,2.28102598342849e-06
42,5989,2.7277714835836075,0.3570309732217651,0.0403077670266202,0.0005351781551781552,0.0,0.0,0.0005351781551781552,0.0,0.0,0.0,1.0,0.0,0.4299720640692641,1897.5132014993737,0.00018756690168474132,6.767695600005204e-06,1.0037980131311852e-05,9.118718397650743e-05,1.1171567825890466e-07,0.00019940987570429456,3.3490870703237164e-05,6.600945065901446e-06,4.986633897366248e-09,2.2867364216008898e-06
43,6107,1.8353534307381567,0.375038436415545,0.0711613245601837,0.0005355511155511155,0.0,0.0,0.0,0.0005355511155511155,0.0,0.0,0.0,1.0,0.430013858008658,1897.5154560454262,0.00018105979844597496,7.180558937059549e-06,1.0484350940290435e-05,0.00015033790667119164,2.2975819903391993e-06,0.00017570449025822106,2.453680908700705e-06,6.032724333745612e-06,2.3065592350598324e-11,8.486451373631058e-06
44,1320,1.6778497236349459,0.0668774964644318,0.0989473962386331,0.0005378621378621379,0.0,0.0005378621378621379,0.0,0.0,0.0,1.0,0.0,0.0,0.4302728311688312,1897.5294260454123,0.00016428601697747073,5.482266088235307e-06,7.784135661311276e-06,3.6837007558505603e-06,1.3363691944498052e-09,0.00019353324728771406,0.0001439304097912298,8.39938325131561e-06,1.0761641679816108e-05,3.5287918093791695e-07
45,6558,1.25414178903617,0.1020117601630524,0.1140039236053277,0.0005383416583416583,0.0,0.0,0.0005383416583416583,0.0,0.0,0.0,1.0,0.0,0.43032656623376625,1897.5323246909416,0.00018867563245244357,6.807700271782428e-06,1.0097315852684888e-05,9.172637593855826e-05,1.1239080793848379e-07,0.0002005886119733253,3.368866588571482e-05,6.639949290272865e-06,5.01586893767174e-09,2.3000649234633085e-06
46,6175,1.4542784403000464,0.0864145946447629,0.1034717771725756,0.0005414085914085914,0.0,0.0,0.0005414085914085914,0.0,0.0,0.0,1.0,0.0,0.4306702467532467,1897.5508637103871,0.00018975051775460547,6.8464837483159275e-06,1.0154840273089696e-05,9.224911081517646e-05,1.1304549782401351e-07,0.00020173136576956605,3.3880420651318514e-05,6.677762689946252e-06,5.044208749045015e-09,2.3129839215875166e-06
47,5286,1.336785810577081,0.2344045372991029,0.1113257440324087,0.000542057942057942,0.0,0.0,0.000542057942057942,0.0,0.0,0.0,1.0,0.0,0.430743012987013,1897.554788857972,0.0001899780993332391,6.854695233575463e-06,1.0167019710634686e-05,9.235978800359876e-05,1.1318413485040757e-07,0.00020197331689943536,3.3921019771509966e-05,6.685768762435589e-06,5.050208662745652e-09,2.3157187686870056e-06
48,6162,1.8174187568785864,0.1603962190217591,0.0943439173186013,0.0005427672327672328,0.0,0.0,0.0005427672327672328,0.0,0.0,0.0,1.0,0.0,0.4308224961038961,1897.5590763061177,0.00019022668844220815,6.8636647020897255e-06,1.0180323403953063e-05,9.248068132212966e-05,1.1333557611793261e-07,0.00020223760197983764,3.396536672854177e-05,6.694513850023709e-06,5.056762331133793e-09,2.318706281812888e-06
49,6417,1.32400577696787,0.0182717217759762,0.0540561270825073,0.0005431135531135531,0.0,0.0,0.0005431135531135531,0.0,0.0,0.0,1.0,0.0,0.43086130476190476,1897.561169700156,0.00019034806528414608,6.868044160894811e-06,1.018681910397706e-05,9.253970924156887e-05,1.1340952318176124e-07,0.00020236664258255189,3.398701950702989e-05,6.698783748034938e-06,5.059962167823897e-09,2.320164773767701e-06
50,5572,2.718876074081597,0.3044138445145136,0.3292624931272304,0.0005441391941391941,0.0,0.0,0.0,0.0005441391941391941,0.0,0.0,0.0,1.0,0.4309762380952381,1897.56736933681,0.00018396326691619847,7.295706124073319e-06,1.0652477618035381e-05,0.00015274997322446297,2.3358709804958045e-06,0.0001785220812165959,2.491774804414882e-06,6.128019838694367e-06,2.341622298081443e-11,8.619841475555271e-06
51,6577,1.7252402880676967,0.2715248715913906,0.0321670409145935,0.0005447319347319348,0.0,0.0,0.0005447319347319348,0.0,0.0,0.0,1.0,0.0,0.4310426606060606,1897.5709522230482,0.0001909152686032022,6.888509708772423e-06,1.0217174009858423e-05,9.281555064512804e-05,1.1375510715130651e-07,0.00020296965924554,3.408820521109268e-05,6.718737286243062e-06,5.0749149466393795e-09,2.3269809991934226e-06
52,5657,1.475926994753895,0.0799052639013621,0.0547966878606437,0.0005447852147852148,0.0,0.0,0.0005447852147852148,0.0,0.0,0.0,1.0,0.0,0.4310486311688312,1897.5712742794965,0.00019093394196350032,6.889183471665513e-06,1.0218173348323652e-05,9.282463192985166e-05,1.1376648552685263e-07,0.00020298951164599314,3.4091536341434816e-05,6.719394191725216e-06,5.0754071936160664e-09,2.3272053142474216e-06
53,5634,1.3593629548737665,0.0326327313688516,0.1586248040916594,0.0005451415251415252,0.0,0.0,0.0005451415251415252,0.0,0.0,0.0,1.0,0.0,0.4310885593073593,1897.5734280288539,0.00019105882006049417,6.893689261013053e-06,1.022485642430988e-05,9.288536277171402e-05,1.1384257850305463e-07,0.00020312227457399695,3.411381352532461e-05,6.723787247047391e-06,5.078699122032125e-09,2.328705670861164e-06
54,5941,1.4387798370325846,0.0984690133333466,0.079815645162037,0.0005467232767232767,0.0,0.0,0.0005467232767232767,0.0,0.0,0.0,1.0,0.0,0.43126581038961037,1897.582988999699,0.0001916131854443453,6.913691596901666e-06,1.0254524284996397e-05,9.31549617105731e-05,1.1418039718674803e-07,0.0002037116427126295,3.421270815872978e-05,6.743289105389196e-06,5.0933125250219886e-09,2.335366701880677e-06
55,6894,1.5608016387315826,0.1377383780862049,0.1021922708315972,0.000546979686979687,0.0,0.0,0.000546979686979687,0.0,0.0,0.0,1.0,0.0,0.43129454372294374,1897.5845388732432,0.0001917030509907801,6.916934080824662e-06,1.0259333601360316e-05,9.319866546611319e-05,1.1423516484620288e-07,0.00020380718238995326,3.4228739150693585e-05,6.746450453794928e-06,5.0956813206926715e-09,2.336446135757053e-06
56,5516,2.6866598851736376,0.242855914403677,0.1181368634058003,0.0005488011988011988,0.0,0.0,0.0,0.0005488011988011988,0.0,0.0,0.0,1.0,0.4314986623376623,1897.5955489323617,0.0001855394033482702,7.358213321366564e-06,1.0743744523364164e-05,0.00015405937059735815,2.3566754859832703e-06,0.00018005159937959362,2.5124373883168144e-06,6.17973115063517e-06,2.360631083512567e-11,8.692215751573648e-06
57,5708,3.1496432355774058,0.0300507741102177,0.190967317158264,0.0005512620712620713,0.0,0.0,0.0,0.0005512620712620713,0.0,0.0,0.0,1.0,0.4317744277056277,1897.610423355658,0.00018637137822205663,7.391208191937784e-06,1.0791920411248428e-05,0.0001547505492286382,2.3676622587960626e-06,0.0001808589664671202,2.5233404056603545e-06,6.207022370022015e-06,2.370659156719461e-11,8.730410188865492e-06
58,5018,1.7839224238832072,0.0654957405367932,0.1030967882944543,0.0005526107226107226,0.0,0.0,0.0005526107226107226,0.0,0.0,0.0,1.0,0.0,0.43192555757575757,1897.618574992556,0.00019367659175729016,6.988142396588122e-06,1.0364951185404322e-05,9.415844261273592e-05,1.1543818225380317e-07,0.0002059053329697259,3.458079912133163e-05,6.815876686598107e-06,5.147698794625514e-09,2.3601540865263323e-06
59,5641,1.8804349484806853,0.0907806410814089,0.0552677727297631,0.000552930402930403,0.0,0.0,0.000552930402930403,0.0,0.0,0.0,1.0,0.0,0.43196138095238096,1897.6205072209273,0.00019378863191907907,6.992184973946664e-06,1.0370947216195705e-05,9.421293023540077e-05,1.1550649460819923e-07,0.0002060244473730712,3.460078598906127e-05,6.819818077389918e-06,5.150651650223355e-09,2.361500019173188e-06
60,6572,3.007896895757602,0.1495547607526202,0.1819351175262119,0.000552957042957043,0.0,0.0,0.0,0.000552957042957043,0.0,0.0,0.0,1.0,0.4319643662337662,1897.6206682397594,0.0001869444163962884,7.413934022953685e-06,1.0825102450400106e-05,0.00015522661448654664,2.3752326749054777e-06,0.00018141505557075377,2.5308469463302796e-06,6.225816633249019e-06,2.377561553667737e-11,8.756711130810334e-06
61,3407,1.478322833269716,0.0632752339964722,0.096023726582765,0.0005530469530469531,0.0,0.0005530469530469531,0.0,0.0,0.0,1.0,0.0,0.0,0.43197444155844156,1897.6212116780928,0.00016892410660982132,5.637040316580732e-06,8.003895806281431e-06,3.7873588121094587e-06,1.374805775838153e-09,0.00019899728872548758,0.00014799416347404147,8.636512233441042e-06,1.1065212263414192e-05,3.6268050608231905e-07
62,2057,1.3316976704907844,0.170415888388412,0.0897509864846051,0.0005535964035964036,0.0,0.0005535964035964036,0.0,0.0,0.0,1.0,0.0,0.0,0.432036012987013,1897.6245326825635,0.00016909193222151823,5.642640699843231e-06,8.011847653632325e-06,3.791109226157557e-06,1.3761972991322108e-09,0.00019919500091681794,0.00014814120756370978,8.64509255772622e-06,1.1076196559699263e-05,3.63035198208358e-07
63,6721,2.4338668190073034,0.1300115836300048,0.1976850126016221,0.0005537062937062937,0.0,0.0,0.0005537062937062937,0.0,0.0,0.0,1.0,0.0,0.43204832727272724,1897.6251968818974,0.00019406056272842077,7.0019966460772875e-06,1.0385500082595617e-05,9.43451766999311e-05,1.1567230351770998e-07,0.00020631354795637,3.4649295318925794e-05,6.829384152158178e-06,5.157818297273466e-09,2.364766236688878e-06
64,6923,1.904281948141913,0.1844899964121139,0.0697274245100773,0.0005584648684648685,0.0,0.0,0.0005584648684648685,0.0,0.0,0.0,1.0,0.0,0.43258157316017315,1897.653958226859,0.00019572832722004874,7.062172094466399e-06,1.0474753499271482e-05,9.515625415128893e-05,1.1668945222496857e-07,0.00020808661548615763,3.4946801688127206e-05,6.888053105491844e-06,5.201767791328379e-09,2.3847942192950088e-06
65,6140,1.8996341107664725,0.1132864629734584,0.1796767170031167,0.0005585347985347986,0.0,0.0,0.0005585347985347986,0.0,0.0,0.0,1.0,0.0,0.43258940952380953,1897.6543808845588,0.00019575283600544005,7.063056408263579e-06,1.0476065131007095e-05,9.516817380713225e-05,1.167044043929553e-07,0.0002081126717620675,3.4951173327057674e-05,6.888915275887091e-06,5.202413550382248e-09,2.3850881444793847e-06
66,5783,2.6383442043252345,0.4200726826339887,0.3435863330040242,0.0005593073593073594,0.0,0.0,0.0005593073593073594,0.0,0.0,0.0,1.0,0.0,0.43267598268398266,1897.6590502317968,0.00019602359972976311,7.072825970213386e-06,1.0490555538752932e-05,9.529985314012953e-05,1.1686957551986775e-07,0.00020840053157148951,3.499947401251367e-05,6.898440220696843e-06,5.209548280471965e-09,2.3883398178731457e-06
67,5954,1.3944854958867892,0.2247227563443183,0.1399220924488454,0.0005602297702297702,0.0,0.0,0.0005602297702297702,0.0,0.0,0.0,1.0,0.0,0.43277934805194807,1897.6646252377172,0.00019634688227992473,7.084490490300008e-06,1.0507856585932227e-05,9.545707476565411e-05,1.1706680180425186e-07,0.0002087442262581023,3.505714232281476e-05,6.9098126586989075e-06,5.218066538917581e-09,2.392221142805172e-06
68,484,1.4861674725416512,0.0996978358472389,0.108391086232609,0.0005616150516150517,0.0,0.0005616150516150517,0.0,0.0,0.0,1.0,0.0,0.0,0.43293458268398266,1897.6729977409418,0.00017154116902737352,5.7243723537589735e-06,8.127896431941126e-06,3.84583983090199e-06,1.3965109646110876e-09,0.00020208040305093745,0.00015028716280714123,8.770313284465572e-06,1.1236498317567195e-05,3.68209465512095e-07
69,5276,1.6178711588491976,0.2147524479473165,0.0938497878565301,0.0005638428238428239,0.0,0.0,0.0005638428238428239,0.0,0.0,0.0,1.0,0.0,0.4331842268398268,1897.686462001876,0.00019761316952514261,7.130180036487681e-06,1.0575624225605643e-05,9.607290785183638e-05,1.1783947162640436e-07,0.0002100904671808206,3.5283026133278234e-05,6.954357987977108e-06,5.251430049222749e-09,2.407422933832764e-06
70,5235,1.7771194459332222,0.0543506041924955,0.0886188762269136,0.0005653646353646354,0.0,0.0,0.0005653646353646354,0.0,0.0,0.0,1.0,0.0,0.43335476103896103,1897.6956594384062,0.00019814652737865833,7.149424389121567e-06,1.0604167830518778e-05,9.633229588404749e-05,1.1816498480622188e-07,0.00021065750137694192,3.5378167706382445e-05,6.973120332482876e-06,5.265481675784285e-09,2.4138255605844587e-06
71,6823,1.8649809841845684,0.074619508134919,0.0399028553861862,0.0005654911754911755,0.0,0.0,0.0005654911754911755,0.0,0.0,0.0,1.0,0.0,0.43336894112554114,1897.6964242098184,0.00019819087660936642,7.151024575992655e-06,1.0606541259373699e-05,9.635386455317057e-05,1.1819205462088543e-07,0.00021070465082877359,3.538607852304049e-05,6.9746804368302525e-06,5.266650006949605e-09,2.4143576432496044e-06
72,5038,1.2842186902526267,0.2033278103892949,0.1062138613228356,0.000566007326007326,0.0,0.0,0.000566007326007326,0.0,0.0,0.0,1.0,0.0,0.43342678095238096,1897.699543665014,0.0001983717747872547,7.1575516540194666e-06,1.0616222350755615e-05,9.644184082985196e-05,1.1830246838222052e-07,0.00021089697096108974,3.54183475173085e-05,6.981044022940397e-06,5.2714157234711075e-09,2.416529172812867e-06
73,4722,1.3242196015047887,0.0260232299264635,0.0750673723861743,0.000567975357975358,0.000567975357975358,0.0,0.0,0.0,1.0,0.0,0.0,0.0,0.4336473186147186,1897.71143774051,0.00021690991331500717,1.2903480755742924e-05,1.8840402506311307e-05,2.012532864746664e-06,6.905220027287849e-10,0.00010373436601702292,0.0001810320208915442,9.97974676708185e-06,2.2562204335898223e-05,2.7014384539154e-07
74,3982,1.5625736808920805,0.0370438387463585,0.1217474815696781,0.0005687046287046287,0.0005687046287046287,0.0,0.0,0.0,1.0,0.0,0.0,0.0,0.4337290406926407,1897.7158451474454,0.00021718842196586337,1.2920048606246888e-05,1.886459326367886e-05,2.015107309424731e-06,6.914254522810803e-10,0.0001038675656341138,0.00018126447255025678,9.992560575887063e-06,2.259116737370489e-05,2.704874020646947e-07
75,6462,2.6605160011043583,0.1249540038440468,0.1238467567223433,0.0005718115218115218,0.0,0.0,0.0,0.0005718115218115218,0.0,0.0,0.0,1.0,0.4340771991341991,1897.7346216518386,0.0001933187624522813,7.666730988006793e-06,1.1194211891808365e-05,0.0001605223504013792,2.4595602607920584e-06,0.00018760086402950867,2.614253513915683e-06,6.434763731847337e-06,2.4541982378625815e-11,9.049066329727858e-06
76,3963,0.9338439646646544,0.291205322227,0.0411422408941402,0.0005724009324009324,0.0005724009324009324,0.0,0.0,0.0,1.0,0.0,0.0,0.0,0.4341432484848485,1897.7381837070427,0.00021860004115513456,1.3004022643047804e-05,1.898720395170619e-05,2.028156148199717e-06,6.960054780735942e-10,0.00010454269655675355,0.00018244265190674977,1.0057507277152547e-05,2.273795675671023e-05,2.7220928077315845e-07
77,5845,1.7428240830262691,0.0622842585352916,0.0833664253554592,0.0005725108225108225,0.0,0.0,0.0005725108225108225,0.0,0.0,0.0,1.0,0.0,0.4341555627705628,1897.7388478173748,0.00020065109182864683,7.239792837157277e-06,1.0738204102167763e-05,9.755034958666495e-05,1.1969409521236123e-07,0.00021332020463524532,3.582492917445782e-05,7.061224794490889e-06,5.331456779284231e-09,2.443882347301807e-06
78,5735,1.3668585056896334,0.1176752283593631,0.1394548344137445,0.0005726573426573427,0.0,0.0,0.0005726573426573427,0.0,0.0,0.0,1.0,0.0,0.43417198181818184,1897.7397332970088,0.00020070244356946675,7.241645685113274e-06,1.0740952282947146e-05,9.75753241194705e-05,1.197254578956257e-07,0.0002133747987376728,3.5834088783083095e-05,7.063031212416302e-06,5.332809277204748e-09,2.444498139371487e-06
79,6507,1.915210831631744,0.2075009271878272,0.0126124268198894,0.0005728238428238428,0.0,0.0,0.0005728238428238428,0.0,0.0,0.0,1.0,0.0,0.4341906398268398,1897.7407395227435,0.00020076079782039842,7.243751194154181e-06,1.074407521565099e-05,9.760370369743545e-05,1.197610951675214e-07,0.00021343683749034688,3.584449800219855e-05,7.0650839621997214e-06,5.334346291074876e-09,2.4451984783472637e-06
80,5681,1.492517699160569,0.4927756866930574,0.1740147844129822,0.0005730969030969032,0.0,0.0,0.0005730969030969032,0.0,0.0,0.0,1.0,0.0,0.434221238961039,1897.7423897303636,0.00020085649879192645,7.247204228981269e-06,1.0749196825285296e-05,9.765024647196364e-05,1.1981954248793704e-07,0.00021353858104479118,3.5861568854882335e-05,7.068450469650026e-06,5.3368669350602974e-09,2.4463467652897377e-06
81,6809,1.7604187477445232,0.120256501250284,0.0204417869989809,0.0005748618048618049,0.0,0.0,0.0005748618048618049,0.0,0.0,0.0,1.0,0.0,0.43441901385281384,1897.7530556289898,0.00020147505385180244,7.269522624814878e-06,1.0782299911946041e-05,9.795107235255938e-05,1.2019734445435226e-07,0.00021419619182406043,3.597190422333935e-05,7.090209570469956e-06,5.353158358077778e-09,2.453767955533121e-06
82,5711,2.2897685395896215,0.5358751630657628,0.2968165035912528,0.0005761072261072261,0.0,0.0,0.0005761072261072261,0.0,0.0,0.0,1.0,0.0,0.4345585757575757,1897.7605820503056,0.00020191154364877155,7.285271832440859e-06,1.0805659448570795e-05,9.816335343640234e-05,1.2046397627264646e-07,0.00021466024169521363,3.604976334165813e-05,7.105564073825424e-06,5.36465407074407e-09,2.459004583079804e-06
83,5224,2.022129460282072,0.2058221813399055,0.1082615554535988,0.0005764801864801865,0.0,0.0,0.0,0.0005764801864801865,0.0,0.0,0.0,1.0,0.4346003696969697,1897.7628359388782,0.0001948971505078274,7.729327481296172e-06,1.1285609178430474e-05,0.00016183368737784747,2.480476028846176e-06,0.00018913256721949919,2.6348765798971043e-06,6.486467375246385e-06,2.4731296139690953e-11,9.12139341773579e-06
84,5518,1.5829265009139315,0.039039264661063,0.1634600388100313,0.0005782817182817183,0.0,0.0,0.0005782817182817183,0.0,0.0,0.0,1.0,0.0,0.4348022493506494,1897.7737229412871,0.00020267365016593954,7.312769780515099e-06,1.0846444949682999e-05,9.853399466710081e-05,1.209295776106762e-07,0.00021547046780819872,3.6185703800830325e-05,7.132372807429819e-06,5.384724410340078e-09,2.4681468829367936e-06
85,5303,1.2877204794740476,0.1951546173911769,0.0470806460785784,0.0005784748584748585,0.0,0.0,0.0005784748584748585,0.0,0.0,0.0,1.0,0.0,0.43482389264069266,1897.774890116244,0.0002027413410970203,7.315212171002551e-06,1.0850067551619457e-05,9.856691558282873e-05,1.209709376507902e-07,0.0002155424327616721,3.619777788971574e-05,7.134753976373871e-06,5.3865069749687525e-09,2.468958649312321e-06
86,6813,1.8324132497816732,0.0564675653279725,0.150429228040073,0.0005785780885780886,0.0,0.0,0.0005785780885780886,0.0,0.0,0.0,1.0,0.0,0.4348354606060606,1897.7755139504757,0.00020277752073259795,7.316517586607913e-06,1.085200376989584e-05,9.858451149164207e-05,1.209930452428514e-07,0.00021558089678857078,3.6204231035092256e-05,7.1360266687561045e-06,5.3874596828249344e-09,2.469392276037289e-06
87,5509,1.6499173384395989,0.1011870940224607,0.1414357502693451,0.0005789676989676989,0.0,0.0,0.0005789676989676989,0.0,0.0,0.0,1.0,0.0,0.43487912034632037,1897.777868417474,0.00020291406967977812,7.3214444777636334e-06,1.0859311432422835e-05,9.865092011433524e-05,1.2107647733838744e-07,0.0002157260674704841,3.622858819756733e-05,7.140830062370007e-06,5.391055639283968e-09,2.471030616794077e-06
88,6273,1.8054270477694367,0.1006489047509873,0.0185280556237828,0.0005808225108225109,0.0,0.0,0.0005808225108225109,0.0,0.0,0.0,1.0,0.0,0.43508697056277057,1897.789077200634,0.00020356413603515725,7.3448998484793335e-06,1.0894100902743659e-05,9.89670738049052e-05,1.2147372029293095e-07,0.00021641717917943423,3.6344541706473586e-05,7.163697451211682e-06,5.408173812970242e-09,2.4788269488762774e-06
89,6450,2.7436642472125463,0.2486273300317446,0.1656024981363068,0.0005822377622377623,0.0,0.0,0.0,0.0005822377622377623,0.0,0.0,0.0,1.0,0.43524556363636363,1897.7976295836395,0.00019684367900143595,7.806523869953329e-06,1.1398323806511518e-05,0.0001634508939051128,2.506288852015092e-06,0.0001910215221523237,2.6602940992761874e-06,6.5502115866013806e-06,2.4964532286016194e-11,9.210555614942132e-06
90,6526,1.7013774408681592,0.0556275571262488,0.0696545733109768,0.0005822777222777223,0.0,0.0,0.0005822777222777223,0.0,0.0,0.0,1.0,0.0,0.43525004155844155,1897.7978710614366,0.00020407415218830032,7.363301997496857e-06,1.0921395334575256e-05,9.921511513290491e-05,1.217854201403401e-07,0.00021695939788163443,3.643551446495699e-05,7.1816382542277325e-06,5.421603485491859e-09,2.4849438571898056e-06
91,6104,3.305547234627114,0.0231557294943758,0.1377454397750189,0.0005836130536130536,0.0,0.0,0.0,0.0005836130536130536,0.0,0.0,0.0,1.0,0.4353996787878788,1897.8059404049538,0.0001973086392488971,7.824963493154836e-06,1.1425247543583508e-05,0.00016383719292920176,2.5124578449850735e-06,0.00019147273001081407,2.6663627624423365e-06,6.565434759772739e-06,2.5020202164445504e-11,9.231847562619488e-06
92,5776,1.87477279783941,0.2369892022786567,0.0997460433915097,0.0005844355644355645,0.0,0.0,0.0005844355644355645,0.0,0.0,0.0,1.0,0.0,0.43549184935064933,1897.810910760373,0.00020483042328037514,7.3905893946670066e-06,1.0961868542417075e-05,9.958292142235597e-05,1.2224769098112389e-07,0.00021776342012315458,3.657041098566855e-05,7.2082414796238415e-06,5.4415163211951265e-09,2.494012865765006e-06
93,6292,3.3217111106641717,0.0118315480912647,0.2108939281367469,0.0005856143856143856,0.0,0.0,0.0,0.0005856143856143856,0.0,0.0,0.0,1.0,0.43562394805194804,1897.8180342149092,0.00019798525210295073,7.851796939992864e-06,1.146442712222822e-05,0.0001643993390380008,2.5214369426172376e-06,0.00019212933030853704,2.675192392239778e-06,6.587585666622281e-06,2.5101196620379296e-11,9.262828261255378e-06
94,6816,3.075655034505983,0.1018235911077006,0.1715669444054253,0.0005867898767898768,0.0,0.0,0.0,0.0005867898767898768,0.0,0.0,0.0,1.0,0.4357556735930736,1897.8251374870995,0.00019838266364618026,7.867557683310376e-06,1.1487439420500407e-05,0.00016472951870043022,2.5267118076032438e-06,0.00019251498738858378,2.680377847488481e-06,6.600595147030688e-06,2.5148749321088695e-11,9.281023292017764e-06
95,2884,0.8397287174911723,0.0958219126652836,0.0954229388573715,0.0005871028971028971,0.0005871028971028971,0.0,0.0,0.0,1.0,0.0,0.0,0.0,0.43579075064935063,1897.8270289999725,0.00022421472468723563,1.3338027483116313e-05,1.9474885201832916e-05,2.080050307849442e-06,7.142331172357563e-10,0.00010722800459543112,0.00018712884106431433,1.0315831307982738e-05,2.3321818222017378e-05,2.790853074913246e-07
96,6387,1.6169489271520163,0.3962796764559966,0.1367930232751893,0.0005892540792540793,0.0,0.0,0.0005892540792540793,0.0,0.0,0.0,1.0,0.0,0.4360318121212121,1897.840028006211,0.00020651919530233852,7.4515228263108435e-06,1.1052246214866322e-05,0.00010040424528391011,1.2328024747714978e-07,0.00021955882164561972,3.6871634911622605e-05,7.267646844508654e-06,5.485977425399901e-09,2.5142605464730785e-06
97,6267,1.7902949486427675,0.0393091142945085,0.0024445575002508,0.0005942690642690643,0.0,0.0,0.0005942690642690643,0.0,0.0,0.0,1.0,0.0,0.43659379134199133,1897.8703314171805,0.00020827682534040127,7.514940758622948e-06,1.1146308947906103e-05,0.00010125906282762793,1.2435533779401494e-07,0.00022142742890405215,3.718513593596786e-05,7.329473972297899e-06,5.532244394090401e-09,2.535328349543371e-06
98,6722,1.8396966480402073,0.242685326691916,0.0071980889766628,0.0005944955044955045,0.0,0.0,0.0005944955044955045,0.0,0.0,0.0,1.0,0.0,0.43661916623376623,1897.871699673129,0.00020835618712166838,7.517804250918582e-06,1.1150556136383332e-05,0.00010129765977917609,1.244038891702561e-07,0.00022151180160903474,3.7199291748449124e-05,7.332265627316887e-06,5.534333387131451e-09,2.5362799976564937e-06
99,5321,1.625065686563386,0.1358124166050818,0.0569446935142198,0.0005945820845820846,0.0,0.0,0.0005945820845820846,0.0,0.0,0.0,1.0,0.0,0.4366288683982684,1897.8722228292313,0.00020838653133215286,7.518899115619853e-06,1.1152180061389331e-05,0.00010131241767289811,1.2442245421710194e-07,0.00022154406176098194,3.7204704029208946e-05,7.333333023538806e-06,5.535132077645133e-09,2.5366436259647847e-06
100,6381,3.063343570167077,0.1466631983776839,0.1881750129302647,0.0005954945054945055,0.0,0.0,0.0,0.0005954945054945055,0.0,0.0,0.0,1.0,0.4367311142857143,1897.8777360700692,0.0002013255355272056,7.984267550256476e-06,1.1657847770878575e-05,0.00016717455760220694,2.565801863243746e-06,0.00019537081630462467,2.718750893617193e-06,6.6969024819312545e-06,2.550054105051637e-11,9.415704376630567e-06
101,6880,1.000808292071228,0.1815010593712985,0.1765732338991678,0.000595957375957376,0.0,0.0,0.000595957375957376,0.0,0.0,0.0,1.0,0.0,0.43678298354978357,1897.8805329194147,0.00020886853744484868,7.536290620297741e-06,1.1177975485523082e-05,0.00010154684063197066,1.2471736728080198e-07,0.00022205650186706916,3.7290676534020907e-05,7.350288187552013e-06,5.547818812906644e-09,2.54242021362612e-06
102,6018,1.5313734418457283,0.2005644432550829,0.0376132149781495,0.0005969230769230769,0.0,0.0,0.0005969230769230769,0.0,0.0,0.0,1.0,0.0,0.4368912,1897.8863680430204,0.00020920699210025254,7.5485025727349995e-06,1.1196088495205378e-05,0.00010171144813087485,1.249244704874016e-07,0.00022241632663927617,3.735104405818332e-05,7.362193729266245e-06,5.556726796035992e-09,2.546475812553609e-06
103,3113,1.8223198887603047,0.1097704782492612,0.0275624387733517,0.0005974925074925076,0.0,0.0005974925074925076,0.0,0.0,0.0,1.0,0.0,0.0,0.4369550103896104,1897.8898087350133,0.00018249967290872118,6.090060409941782e-06,8.647127967447366e-06,4.090654332296497e-06,1.4875330886807162e-09,0.00021499046706297453,0.0001598887724453842,9.330582299435208e-06,1.1953682533218161e-05,3.913317056628593e-07
104,5424,3.0450527469411166,0.1431039572485945,0.2388830101798604,0.0005995770895770896,0.0,0.0,0.0,0.0005995770895770896,0.0,0.0,0.0,1.0,0.4371886086580087,1897.902404365522,0.00020270578071700552,8.039005995886132e-06,1.173777150368792e-05,0.00016832132672488063,2.584152232236002e-06,0.00019671023721189567,2.7367342759672137e-06,6.742055250201181e-06,2.5665329263973094e-11,9.478840856826868e-06
105,5489,3.2206486250562953,0.110850932311326,0.2324477606937981,0.0006022244422244422,0.0,0.0,0.0,0.0006022244422244422,0.0,0.0,0.0,1.0,0.437485270995671,1897.9184001441174,0.0002036008010480748,8.074501154349081e-06,1.1789598067785337e-05,0.00016906495392630114,2.5960569880545297e-06,0.00019757878502704148,2.748391121442208e-06,6.771329119279422e-06,2.5772114179084885e-11,9.519771784949956e-06
106,6091,1.312249598509756,0.1287920037113896,0.1361900465390746,0.0006037495837495837,0.0,0.0,0.0006037495837495837,0.0,0.0,0.0,1.0,0.0,0.43765617835497833,1897.9276151852052,0.00021159951638845219,7.63482844341217e-06,1.1324128736062983e-05,0.00010287505553514047,1.2638893018797497e-07,0.0002249599155533523,3.777777733421608e-05,7.446353138833618e-06,5.619689925944393e-09,2.5751415624262184e-06
107,3514,1.207961930314058,0.0288944575358015,0.0546155062873129,0.0006065900765900766,0.0,0.0006065900765900766,0.0,0.0,0.0,1.0,0.0,0.0,0.43797448398268396,1897.9447774292216,0.00018527845818845399,6.182789180082066e-06,8.778791282372465e-06,4.152716586093198e-06,1.5106487902274095e-09,0.0002182641301927803,0.0001623235016106973,9.472651593362396e-06,1.2135527307444594e-05,3.9718289557229324e-07
108,5984,1.608239235663809,0.151962167776935,0.0639034806876732,0.0006104495504495505,0.0,0.0,0.0006104495504495505,0.0,0.0,0.0,1.0,0.0,0.43840697662337663,1897.9680957948624,0.00021394769144594377,7.71955412721825e-06,1.144979554806567e-05,0.000104017103245608,1.2782704072152255e-07,0.00022745635502729978,3.819659081826584e-05,7.528951723405978e-06,5.681473021700804e-09,2.603265510255277e-06
109,5948,1.6342709169730012,0.1479288644869689,0.0395899139675129,0.0006107659007659008,0.0,0.0,0.0,0.0006107659007659008,0.0,0.0,0.0,1.0,0.4384424268398268,1897.970007107865,0.00020648850815397762,8.189023269389918e-06,1.1956812076476997e-05,0.0001714642304022483,2.6344976133429468e-06,0.00020038108080837897,2.7859744949125748e-06,6.86574783092208e-06,2.611625130564954e-11,9.651774558337234e-06
110,6037,3.0284965485532047,0.0901043425457932,0.2147497430790185,0.0006112187812187812,0.0,0.0,0.0,0.0006112187812187812,0.0,0.0,0.0,1.0,0.4384931766233766,1897.9727432958205,0.00020664161855023602,8.195095397126978e-06,1.1965678004423222e-05,0.0001715914444417862,2.636536979933734e-06,0.00020052966257301763,2.7879662797492477e-06,6.870752858024327e-06,2.6134483818588197e-11,9.658771406741227e-06
111,5637,2.6356620227017458,0.1735283349491748,0.192052579451083,0.0006115018315018316,0.0,0.0,0.0006115018315018316,0.0,0.0,0.0,1.0,0.0,0.43852489523809524,1897.9744534088077,0.0002143164903118321,7.732860944356781e-06,1.1469532482753963e-05,0.00010419647179520257,1.280529803120207e-07,0.000227848439955838,3.8262367466219705e-05,7.541924390005075e-06,5.6911753113452444e-09,2.607681300417731e-06
112,6739,3.1977131537027845,0.0485581315719974,0.1830874329681126,0.0006138961038961039,0.0,0.0,0.0,0.0006138961038961039,0.0,0.0,0.0,1.0,0.43879319740259737,1897.9889188147622,0.00020754677118694007,8.230992387572527e-06,1.2018091284340607e-05,0.00017234350686366837,2.648596390995456e-06,0.00020140804300519005,2.7997382901991292e-06,6.90033824497141e-06,2.6242226246848618e-11,9.700129019622966e-06
113,5928,1.7787639160392468,0.1340688930188881,0.0766387464523653,0.0006165434565434566,0.0,0.0,0.0,0.0006165434565434566,0.0,0.0,0.0,1.0,0.4390898597402597,1898.004912960956,0.00020844179151800936,8.266487546035477e-06,1.2069917848438023e-05,0.0001730871543665581,2.6605252308557515e-06,0.00020227659082064072,2.8113748342049048e-06,6.929588030007881e-06,2.634870631141456e-11,9.741015561625353e-06
114,5678,1.9434869908972077,0.1900795469881698,0.0926550212935286,0.000616899766899767,0.0,0.0,0.000616899766899767,0.0,0.0,0.0,1.0,0.0,0.43912978787878787,1898.0070656091618,0.0002162083351270378,7.801121547462972e-06,1.1570777961012589e-05,0.00010511658815314651,1.2921228788297146e-07,0.00022985973638177973,3.85997839096239e-05,7.608470590767462e-06,5.740941053030161e-09,2.6303317739791057e-06
115,6136,3.147055890218636,0.2198303904840799,0.3769677426049833,0.0006175990675990677,0.0,0.0,0.0,0.0006175990675990677,0.0,0.0,0.0,1.0,0.4392081515151515,1898.0112904168495,0.00020879867383869987,8.28064096142259e-06,1.2090583283430325e-05,0.00017338367838292326,2.6652825698579884e-06,0.0002026229174338548,2.816014393771678e-06,6.941250343951903e-06,2.6391155184607093e-11,9.75731752003397e-06
116,6667,1.1994479764614314,0.1207128298332557,0.0396501419539212,0.0006180019980019981,0.0,0.0,0.0006180019980019981,0.0,0.0,0.0,1.0,0.0,0.4392533038961039,1898.0137247012406,0.00021659464026820563,7.815060017313773e-06,1.1591451775512036e-05,0.00010530447207498049,1.29449075914132e-07,0.00023027043293862972,3.866868182446249e-05,7.6220589250424925e-06,5.7511019372897924e-09,2.634956004706336e-06
117,6955,1.548345043183022,0.0596971498858066,0.1632714312965684,0.0006187612387612388,0.0,0.0006187612387612388,0.0,0.0,0.0,1.0,0.0,0.0,0.4393383844155844,1898.0183115982854,0.00018899604976877008,6.3068461547756025e-06,8.954936749448324e-06,4.235735105670035e-06,1.5415957775354376e-09,0.0002226437969938692,0.0001655808098249589,9.662718654132419e-06,1.2378803913836687e-05,4.050141765799746e-07
118,6806,1.6354492982782152,0.2266700201437871,0.0733977237980558,0.0006213786213786214,0.0,0.0,0.0006213786213786214,0.0,0.0,0.0,1.0,0.0,0.4396316883116883,1898.034124132024,0.00021777806447710049,7.857759740663359e-06,1.1654784850745993e-05,0.0001058800452263546,1.3017459433692302e-07,0.0002315285788883027,3.8879745477879885e-05,7.663685896101503e-06,5.7822271359809965e-09,2.649120683455709e-06
119,6582,1.8166233369203924,0.159058305393229,0.1625051009255827,0.0006217815517815517,0.0,0.0,0.0006217815517815517,0.0,0.0,0.0,1.0,0.0,0.4396768406926407,1898.0365583508378,0.00021791928176435516,7.862855072542352e-06,1.1662342347889293e-05,0.00010594872826126513,1.3026118377413468e-07,0.0002316787126754274,3.8904931331904005e-05,7.668653203338155e-06,5.785941056075852e-09,2.650810688995355e-06
120,5452,1.5324679680929651,0.1164994826517922,0.1555891550126994,0.000622937062937063,0.0,0.0,0.000622937062937063,0.0,0.0,0.0,1.0,0.0,0.4398063272727273,1898.0435390883342,0.00021832426026582118,7.877467305286244e-06,1.1684015500853973e-05,0.00010614569542114193,1.3050951772436428e-07,0.0002321092616354394,3.8977158423765524e-05,7.682898275551819e-06,5.796591478514357e-09,2.655657108496096e-06
121,5029,1.8016891898356788,0.1335387111739719,0.0630433863014824,0.0006237362637362637,0.0,0.0,0.0006237362637362637,0.0,0.0,0.0,1.0,0.0,0.43989588571428573,1898.0483672304892,0.0002186043606702933,7.887573748682595e-06,1.1699005577832422e-05,0.000106281926251363,1.3068128881681395e-07,0.00023240704765984245,3.9027113819530614e-05,7.692750762324884e-06,5.8039575775916275e-09,2.6590091442680415e-06
122,3953,1.5656993361989306,0.1839113455065199,0.0920572672819189,0.0006242324342324343,0.0,0.0006242324342324343,0.0,0.0,0.0,1.0,0.0,0.0,0.4399514865800866,1898.0513646882393,0.00019066718601130344,6.362612395383395e-06,9.034117871857528e-06,4.273050161376516e-06,1.5555154567739146e-09,0.000224612554745603,0.0001670450424638342,9.748157819746013e-06,1.2488157247873366e-05,4.0852870638290054e-07
123,5736,1.935397705188496,0.0225686297480068,0.1231729099859114,0.0006257842157842158,0.0,0.0,0.0006257842157842158,0.0,0.0,0.0,1.0,0.0,0.4401253792207792,1898.0607392192235,0.00021932211795675324,7.913471509885747e-06,1.1737417650089707e-05,0.00010663101899716166,1.3112150637752397e-07,0.00023317012434830557,3.9155123277821464e-05,7.717997705544557e-06,5.822832276324843e-09,2.667597436580005e-06
124,6142,2.6584603806406375,0.1546484322954675,0.1587442364647917,0.0006260739260739262,0.0,0.0,0.0006260739260739262,0.0,0.0,0.0,1.0,0.0,0.44015784415584414,1898.0624893884146,0.00021942365435337444,7.917135095616924e-06,1.1742851552994396e-05,0.00010668040250417137,1.311837851424553e-07,0.00023327807178231283,3.917323227773177e-05,7.721569220255877e-06,5.8255023261343485e-09,2.6688127064264573e-06
125,6443,3.173749813341326,0.2124264920883124,0.2570350515459402,0.0006265867465867467,0.0,0.0,0.0,0.0006265867465867467,0.0,0.0,0.0,1.0,0.44021531082251086,1898.0655873801911,0.0002118372397173867,8.401145908204353e-06,1.2266532838774885e-05,0.00017590837152672262,2.7058200220081108e-06,0.0002055716099549829,2.8554868381118557e-06,7.040513028400994e-06,2.675215417572395e-11,9.896053370821232e-06
126,5110,1.4762702784305992,0.1093284769719901,0.0968238489736154,0.0006268231768231767,0.0,0.0,0.0006268231768231767,0.0,0.0,0.0,1.0,0.0,0.44024180519480516,1898.067015671287,0.000219686248482567,7.926609886301003e-06,1.175690475016169e-05,0.00010680811977273902,1.3134486325702812e-07,0.00023355724618091359,3.922006459602611e-05,7.730805883890223e-06,5.83240732110208e-09,2.6719543305659494e-06
127,5450,1.7304018352033015,0.1902280460109006,0.0166849639644362,0.000626869796869797,0.0,0.0,0.000626869796869797,0.0,0.0,0.0,1.0,0.0,0.44024702943722943,1898.067297305867,0.00021970258767282794,7.927199428832459e-06,1.1757779171318772e-05,0.00010681606642453318,1.3135488530161883e-07,0.00023357461703235247,3.92229788074145e-05,7.731380610221123e-06,5.83283699489537e-09,2.6721500105266285e-06
128,377,1.4555471775934457,0.0545079054014263,0.0982689375061095,0.0006275391275391275,0.0,0.0006275391275391275,0.0,0.0,0.0,1.0,0.0,0.0,0.4403220346320346,1898.0713407634466,0.00019167719105624292,6.396316520108615e-06,9.081973535005632e-06,4.295601660014213e-06,1.5639307769936122e-09,0.00022580243835848852,0.00016792999970574411,9.799795730473133e-06,1.2554247042273345e-05,4.1065104662698715e-07
129,6180,3.06644525322008,0.021713642720215,0.1975548832694701,0.0006276123876123877,0.0,0.0,0.0,0.0006276123876123877,0.0,0.0,0.0,1.0,0.44033024415584415,1898.071783329772,0.00021218398973244247,8.414897491608866e-06,1.2286611557947216e-05,0.0001761964831257524,2.7104493520046204e-06,0.0002059081039515129,2.8599884295774384e-06,7.051837178238702e-06,2.679330300919651e-11,9.911879194422107e-06
130,6484,3.1876514440284742,0.0500787311594989,0.2465993178210927,0.0006276257076257076,0.0,0.0,0.0,0.0006276257076257076,0.0,0.0,0.0,1.0,0.4403317367965368,1898.0718637963514,0.00021218849297939123,8.415076083601132e-06,1.2286872320533868e-05,0.00017620022430628345,2.7105091072916337e-06,0.00020591247400340469,2.8600474203514825e-06,7.051984611001483e-06,2.6793848606834758e-11,9.912085619050149e-06
131,6665,2.059750003004794,0.4991119996582774,0.1760704891462475,0.0006287612387612388,0.0,0.0,0.0006287612387612388,0.0,0.0,0.0,1.0,0.0,0.4404589844155844,1898.0787235441858,0.00022036549196341202,7.951118011537156e-06,1.1793255686834437e-05,0.00010713848127317229,1.3176155975381025e-07,0.00023427937729253407,3.934120469360927e-05,7.754698012717317e-06,5.850267668417765e-09,2.6800811236823378e-06
132,5938,1.4526722625240591,0.0959594596217029,0.0774468540000583,0.0006289144189144189,0.0,0.0,0.0006289144189144189,0.0,0.0,0.0,1.0,0.0,0.44047614978354976,1898.0796489018135,0.00022041917787426918,7.95305507985479e-06,1.1796128784921975e-05,0.00010716459235930006,1.3179449737440301e-07,0.00023433645294745133,3.935077930079552e-05,7.756586391187614e-06,5.85167926408451e-09,2.6807234048954157e-06
133,6625,3.1397531586577774,0.1380139791137338,0.3795469464003715,0.0006290709290709292,0.0,0.0,0.0,0.0006290709290709292,0.0,0.0,0.0,1.0,0.44049368831168834,1898.080594374868,0.0002126770952733335,8.43445331476204e-06,1.2315165061185792e-05,0.00017660620101833695,2.717033619295956e-06,0.00020638662463489307,2.8663892949051188e-06,7.0679400023999255e-06,2.6851816749924248e-11,9.934383000938598e-06
134,5672,1.542720926581254,0.1674327946686441,0.1460903038359015,0.0006293872793872794,0.0,0.0,0.0006293872793872794,0.0,0.0,0.0,1.0,0.0,0.4405291385281385,1898.0825054342044,0.0002205849039469152,7.959034725530964e-06,1.1804997913800892e-05,0.00010724519672413994,1.3189617944105084e-07,0.00023451264301275882,3.938033511966411e-05,7.762415728358064e-06,5.8560366703660095e-09,2.6827055165264384e-06
135,5231,3.1626381178882843,0.0102738906107373,0.2108388423210618,0.0006298201798201799,0.0,0.0,0.0,0.0006298201798201799,0.0,0.0,0.0,1.0,0.44057764935064936,1898.08512056105,0.00021293040291420217,8.444499114327024e-06,1.2329832956685061e-05,0.00017681667261159012,2.7204162177207184e-06,0.00020663244005443982,2.8696773375657715e-06,7.076211731776135e-06,2.688187305676e-11,9.945942833088051e-06
136,6814,1.7713433280944728,0.0546730858269613,0.1097501495495481,0.0006303862803862805,0.0,0.0,0.0006303862803862805,0.0,0.0,0.0,1.0,0.0,0.4406410865800866,1898.0885403301338,0.00022093502945250544,7.971667779776405e-06,1.1823735510023958e-05,0.00010741548641680278,1.321110074636767e-07,0.0002348848755450892,3.944277820948399e-05,7.774731222667333e-06,5.865242467731737e-09,2.686894288544809e-06
137,6237,1.6717557300038048,0.0821814159585627,0.0580061321744492,0.000630945720945721,0.0,0.0,0.000630945720945721,0.0,0.0,0.0,1.0,0.0,0.4407037774891775,1898.0919198530837,0.00022113109973563594,7.978742290153852e-06,1.1834228563908874e-05,0.00010751084876095276,1.3223131893976874e-07,0.00023509332576332316,3.947774622352431e-05,7.781627891697102e-06,5.870397585275517e-09,2.6892398765749844e-06
138,6001,1.8728613827232476,0.0859995979262257,0.1211608546644186,0.0006321911421911422,0.0,0.0,0.0006321911421911422,0.0,0.0,0.0,1.0,0.0,0.4408433393939394,1898.0994432664938,0.00022156758953260499,7.994491497779831e-06,1.1857588100533624e-05,0.0001077231440569796,1.324991764137377e-07,0.0002355573756542829,3.955559112965919e-05,7.796981169396894e-06,5.881873491384157e-09,2.6944610266690146e-06
139,5053,2.950843858547098,0.1427806765361714,0.2565108906987484,0.0006335631035631036,0.0,0.0,0.0,0.0006335631035631036,0.0,0.0,0.0,1.0,0.4409970813852814,1898.1077310135815,0.0002141958153068083,8.494683464153886e-06,1.2403107243534738e-05,0.00017786810106129152,2.737320512148385e-06,0.00020786042463928929,2.8860970246071655e-06,7.117527279340878e-06,2.7031929402147534e-11,1.0003678367806826e-05
140,6121,1.6344341409061207,0.2574841443201724,0.0168114672999483,0.0006345787545787546,0.0,0.0,0.0006345787545787546,0.0,0.0,0.0,1.0,0.0,0.4411108952380952,1898.1138663081251,0.0002224043894909656,8.024684497426433e-06,1.1902370955506749e-05,0.0001081301391787958,1.3301276690902075e-07,0.00023644701140909048,3.970482735797664e-05,7.82641504927484e-06,5.903872809089137e-09,2.7044692788437234e-06
141,5968,1.6290157940297985,0.0111387743012985,0.0370340623685019,0.0006347186147186147,0.0,0.0,0.0,0.0006347186147186147,0.0,0.0,0.0,1.0,0.441126567965368,1898.114711164878,0.00021458647197961463,8.510176319482997e-06,1.2425728397926943e-05,0.00017819269904510056,2.742541459257033e-06,0.0002082395266419409,2.891163901518534e-06,7.13027989555195e-06,2.7078221121520224e-11,1.002149795351282e-05
142,5098,3.1626959342854004,0.0107419424490997,0.1385370170535626,0.000634871794871795,0.0,0.0,0.0,0.000634871794871795,0.0,0.0,0.0,1.0,0.44114373333333334,1898.1156364832125,0.00021463825931952558,8.512230127394062e-06,1.2428727167673462e-05,0.00017823572918504365,2.7432335020861073e-06,0.00020828978223883036,2.8918357315845325e-06,7.131970515295519e-06,2.708436166315442e-11,1.0023860415603412e-05
143,5858,1.3998257547598987,0.4954064832444887,0.1830995636862218,0.0006349750249750251,0.0,0.0,0.0006349750249750251,0.0,0.0,0.0,1.0,0.0,0.4411553012987013,1898.1162600667376,0.00022254327260818306,8.02969560894379e-06,1.19098035353419e-05,0.00010819768774846473,1.3309801576334778e-07,0.0002365946636474529,3.97295961253592e-05,7.831300161612166e-06,5.9075239039778e-09,2.706130465350326e-06
144,6660,1.9959076873579,0.1475897933933151,0.1100551722251982,0.0006355544455544456,0.0,0.0,0.0006355544455544456,0.0,0.0,0.0,1.0,0.0,0.4412202311688312,1898.119760172201,0.00022274634540142535,8.037022780406145e-06,1.1920671341151276e-05,0.00010829645655745964,1.332226714632333e-07,0.00023681055851711445,3.976581233020425e-05,7.838443092864778e-06,5.912862356503975e-09,2.708559108603845e-06
145,3541,1.754632859704481,0.085700173290804,0.1378505119829143,0.0006373659673659675,0.0,0.0006373659673659675,0.0,0.0,0.0,1.0,0.0,0.0,0.4414232303030303,1898.130702937414,0.00019467872669331896,6.496478526215492e-06,9.224191120051014e-06,4.362614322042544e-06,1.588950164100969e-09,0.000229338538266806,0.00017055992389503107,9.953253398060552e-06,1.2750652194277762e-05,4.169628087985532e-07
146,6516,18.921015247888672,0.3615980147210794,0.5354318974831626,0.0006386147186147185,0.0,0.0,0.0,0.0006386147186147185,0.0,0.0,0.0,1.0,0.44156316536796536,1898.1382461216017,0.00021590367171213167,8.562414477220922e-06,1.2502001454523137e-05,0.00017928716775406523,2.7601498397086745e-06,0.00020951776682383492,2.9082452993056955e-06,7.17327401966536e-06,2.7234262886316127e-11,1.00815737874969e-05
147,6351,1.2627023630685472,0.0623398908515669,0.0235012739714891,0.0006387579087579088,0.0,0.0,0.0006387579087579088,0.0,0.0,0.0,1.0,0.0,0.4415792112554112,1898.1391110690977,0.00022386908118935122,8.077532774353186e-06,1.1980756566373234e-05,0.0001088425244061498,1.3391196628591232e-07,0.00023800418417752167,3.99660409373419e-05,7.877934364986374e-06,5.942375545461582e-09,2.721985110225452e-06
148,5454,2.7416614135627992,0.3654393820795126,0.2642944661300668,0.0006404761904761904,0.0,0.0,0.0,0.0006404761904761904,0.0,0.0,0.0,1.0,0.4417717619047619,1898.1494903701873,0.00021653300047322317,8.587372708140154e-06,1.2538443026007987e-05,0.00017981008346761696,2.768566159701137e-06,0.000210128481577447,2.9164035256465425e-06,7.193812229631757e-06,2.7308775683507203e-11,1.0110270372829671e-05
149,6732,2.0890580943030996,0.1610881049228199,0.1004575169423102,0.0006405461205461206,0.0,0.0,0.0006405461205461206,0.0,0.0,0.0,1.0,0.0,0.4417795982683983,1898.1499127809116,0.00022449580584435767,8.100145941452523e-06,1.201429686361252e-05,0.00010914734728666132,1.3429681883338352e-07,0.00023867048041546893,4.007780973747441e-05,7.899978789412994e-06,5.9588488468358385e-09,2.7294783609545605e-06
150,5186,1.51524747109848,0.1450818937156509,0.0673712852911647,0.0006405760905760906,0.0,0.0,0.0,0.0006405760905760906,0.0,0.0,0.0,1.0,0.4417829567099567,1898.1500938140146,0.00021656677482533902,8.588712148082153e-06,1.2540398745407892e-05,0.0001798381472869243,2.769018120180657e-06,0.0002101612569667325,2.9168409911277003e-06,7.1949141795257e-06,2.7312770616147106e-11,1.0111809796194712e-05
151,5027,1.8630382116384403,0.0645043693590367,0.1912962048438907,0.0006408058608058609,0.0,0.0,0.0006408058608058609,0.0,0.0,0.0,1.0,0.0,0.44180870476190476,1898.1514817331868,0.00022458683847581114,8.103430535556339e-06,1.2019168638630517e-05,0.0001091916234172372,1.34352724452394e-07,0.00023876726087470893,4.009404413034403e-05,7.903180767600276e-06,5.9612415200535965e-09,2.7305665791944184e-06
152,6700,1.4123750060325575,0.0574504888405366,0.1160760571153133,0.0006414352314352314,0.0,0.0,0.0006414352314352314,0.0,0.0,0.0,1.0,0.0,0.44187923203463203,1898.1552834131915,0.00022480741754433292,8.111389359730964e-06,1.2030973324251046e-05,0.00010929890712274481,1.3448818928478704e-07,0.00023900176737204457,4.01333820778005e-05,7.910939405836977e-06,5.967039204841365e-09,2.733204179322798e-06
153,4732,1.1241072806903312,0.2243486478782224,0.1496654522986338,0.000641981351981352,0.0,0.000641981351981352,0.0,0.0,0.0,1.0,0.0,0.0,0.4419404303030303,1898.1585822116497,0.00019608846183157287,6.543521745620481e-06,9.29098663779852e-06,4.394085362684661e-06,1.6007066569557627e-09,0.00023099934409042986,0.00017179512668560643,1.002532805435885e-05,1.2842896866623363e-05,4.199277594234144e-07
154,5363,1.421937690071711,0.0443883396924641,0.1212054787673019,0.0006420346320346321,0.0,0.0,0.0006420346320346321,0.0,0.0,0.0,1.0,0.0,0.44194640086580084,1898.158904044958,0.00022501749284768708,8.118969192278229e-06,1.2042215881984885e-05,0.00010940108266391013,1.3461721217608187e-07,0.00023922510689350119,4.01708462061248e-05,7.918328576344819e-06,5.9725606248867136e-09,2.73571558677177e-06
155,6557,1.8612409192974388,0.0458780655052354,0.0845577459550609,0.0006429970029970031,0.0,0.0,0.0006429970029970031,0.0,0.0,0.0,1.0,0.0,0.44205424415584416,1898.1647171380484,0.0002253547804180723,8.13113903453467e-06,1.2060266433013106e-05,0.00010956513110661962,1.3482437782585006e-07,0.00023958369090312765,4.023099701054033e-05,7.930192287874778e-06,5.981425394807442e-09,2.7397478434206825e-06
156,6401,1.5968783858623312,0.0911919708347506,0.0778237655315698,0.0006432201132201132,0.0,0.0,0.0006432201132201132,0.0,0.0,0.0,1.0,0.0,0.44207924588744585,1898.1660648044547,0.00022543297511432074,8.133960416649484e-06,1.2064451162836254e-05,0.00010960316355312474,1.3487241010032192e-07,0.00023966682283626387,4.024494155212299e-05,7.932942694254426e-06,5.983480440394269e-09,2.7406821981800986e-06
157,6333,1.5837911172606156,0.1058758116653751,0.0554270658711106,0.0006468364968364969,0.0,0.0,0.0006468364968364969,0.0,0.0,0.0,1.0,0.0,0.4424844978354978,1898.1879087699685,0.00022670042944455726,8.179692073017974e-06,1.2132281261163748e-05,0.0001102196244816132,1.35651054938304e-07,0.00024101430461900288,4.047097329622188e-05,7.977523816257903e-06,6.016789723731469e-09,2.755832313035343e-06
158,3716,1.3063481357491322,0.0681726634513206,0.1486714832817446,0.0006480386280386281,0.0006480386280386281,0.0,0.0,0.0,1.0,0.0,0.0,0.0,0.44261920865800863,1898.1951698529551,0.0002474860936462204,1.472238865376493e-05,2.1496194193015007e-05,2.2950316430944426e-06,7.899704854021588e-10,0.00011835797877405411,0.00020655195409412136,1.1386515477235345e-05,2.5741681586637116e-05,3.0751652257837996e-07
159,5780,1.982960643379729,0.2432047623875498,0.1407933737938601,0.0006496137196137197,0.0,0.0,0.0006496137196137197,0.0,0.0,0.0,1.0,0.0,0.4427957134199134,1898.2046835877381,0.000227673778350098,8.214811963820296e-06,1.2184371778663867e-05,0.00011069304089365133,1.362491752420286e-07,0.0002420491110734338,4.064455401948563e-05,8.011759992036846e-06,6.042367287859571e-09,2.767465105305055e-06
160,5861,1.491098577698246,0.1089796493981767,0.0812325875310091,0.0006502064602064602,0.0,0.0,0.0006502064602064602,0.0,0.0,0.0,1.0,0.0,0.4428621359307359,1898.2082637816216,0.00022788151948341484,8.222307576005925e-06,1.2195489419089551e-05,0.0001107940818570494,1.3637684849001206e-07,0.00024226996904598168,4.0681601173693955e-05,8.019066976705785e-06,6.0478260290931264e-09,2.769947815599511e-06
161,5758,1.7288283461463922,0.0567300445519737,0.0993049838670007,0.0006521711621711622,0.0,0.0,0.0006521711621711622,0.0,0.0,0.0,1.0,0.0,0.4430823004329004,1898.2201306082343,0.0002285700996444089,8.247152582688621e-06,1.2232340024994911e-05,0.00011112899415662158,1.368000825738243e-07,0.000243002026371549,4.0804396679671096e-05,8.043286709874701e-06,6.065918779616817e-09,2.778175733625886e-06
162,5704,1.8446926994100368,0.0431127848515895,0.1211182436035917,0.0006562237762237763,0.0,0.0,0.0006562237762237763,0.0,0.0,0.0,1.0,0.0,0.4435364363636364,1898.2446079273088,0.00022999044211208645,8.298400672744289e-06,1.2308352207006476e-05,0.00011181982327331449,1.3767330278101737e-07,0.0002445120497057271,4.105768688391628e-05,8.093244830593892e-06,6.103235606247544e-09,2.7951457980783523e-06
163,6366,1.720935561192768,0.0452487963939466,0.0141940246359985,0.000656946386946387,0.0,0.0,0.000656946386946387,0.0,0.0,0.0,1.0,0.0,0.44361741212121214,1898.2489723380204,0.00023024369956113,8.307538581981822e-06,1.2321905734941159e-05,0.0001119430035260544,1.3782903476237177e-07,0.0002447812979096014,4.1102850010505505e-05,8.102152698432608e-06,6.109888977677731e-09,2.798171284102281e-06
164,6220,1.5633160974190623,0.0971705558023955,0.1206548047332023,0.0006577355977355978,0.0,0.0,0.0006577355977355978,0.0,0.0,0.0,1.0,0.0,0.4437058510822511,1898.253738972882,0.00023052029871054627,8.31751869483572e-06,1.233670843595738e-05,0.0001120775375885872,1.379991334363967e-07,0.00024507536161641474,4.1152174846134046e-05,8.11188155440078e-06,6.117155285242058e-09,2.8014748115868333e-06
165,5721,1.91748488269818,0.1336663327947557,0.0583839252731629,0.0006577722277722279,0.0,0.0,0.0006577722277722279,0.0,0.0,0.0,1.0,0.0,0.44370995584415585,1898.2539602084478,0.00023053313664575127,8.31798190682472e-06,1.2337395481152227e-05,0.00011208378150504464,1.380070272991408e-07,0.00024508901014284857,4.115446446503431e-05,8.112333105690207e-06,6.117492582760533e-09,2.8016284215024194e-06
166,6419,2.810099027852189,0.3680089733303884,0.4266371996490426,0.0006581751581751582,0.0,0.0,0.0,0.0006581751581751582,0.0,0.0,0.0,1.0,0.4437551082251082,1898.256393795861,0.00022251668985640973,8.824676817864151e-06,1.288493131302404e-05,0.00018478208580993444,2.8486999783699447e-06,0.00021593518804658216,2.9938788050265963e-06,7.388979532128126e-06,2.801581893991517e-11,1.0382914368792674e-05
167,6992,1.8410062196843184,0.1344499041560598,0.1197831947101338,0.0006595371295371296,0.0,0.0,0.0006595371295371296,0.0,0.0,0.0,1.0,0.0,0.4439077307359307,1898.264619671817,0.00023115169170562726,8.340300302658328e-06,1.2370498567812972e-05,0.00011238463709735899,1.3838745012133633e-07,0.00024574662096438503,4.1264770121772726e-05,8.134089585654359e-06,6.13374173859e-09,2.8090171946368748e-06
168,5130,1.8295044281919008,0.039822610217547,0.0430346399467849,0.0006597369297369298,0.0,0.0,0.0006597369297369298,0.0,0.0,0.0,1.0,0.0,0.44393012034632034,1898.2658263950684,0.0002312217168067453,8.342826913507416e-06,1.2374246087057584e-05,0.00011241869682774116,1.3843052286461313e-07,0.0002458210674726302,4.127725694788706e-05,8.136552577377459e-06,6.135581118963274e-09,2.809853046494004e-06
169,6618,1.8447246227543088,0.0896676154804095,0.0462127904954645,0.0006601864801864802,0.0,0.0,0.0006601864801864802,0.0,0.0,0.0,1.0,0.0,0.443980496969697,1898.2685415161006,0.00023137927328426087,8.348511787917864e-06,1.2382678005357964e-05,0.00011249532996852559,1.385274333242924e-07,0.0002459885721160156,4.130535355921985e-05,8.142094311967132e-06,6.139719891079098e-09,2.811734969293241e-06
170,2182,1.43171948007912,0.0699886431342142,0.1529847265554625,0.0006604895104895105,0.0,0.0006604895104895105,0.0,0.0,0.0,1.0,0.0,0.0,0.4440144545454545,1898.2703717038871,0.00020174164213345981,6.732169807274839e-06,9.55884341098802e-06,4.520270445784766e-06,1.647887957317158e-09,0.00023765935789091223,0.00017674843161254018,1.0314354669806844e-05,1.3212792630786467e-05,4.318050639373996e-07
171,4313,1.3011393110625635,0.039021307765573,0.0519011833599738,0.000661012321012321,0.0,0.000661012321012321,0.0,0.0,0.0,1.0,0.0,0.0,0.4440730406926407,1898.2735292713228,0.00020190133074580172,6.7374986568033985e-06,9.56640971422493e-06,4.523834625552328e-06,1.6492216218953756e-09,0.00023784748813879305,0.00017688835068782396,1.0322518968760022e-05,1.3223240252939727e-05,4.3213874090263556e-07
172,6375,2.647632262466862,0.0920657938115738,0.1379994982139535,0.0006644055944055945,0.0,0.0,0.0,0.0006644055944055945,0.0,0.0,0.0,1.0,0.4444532909090909,1898.2940230057557,0.00022462308361669988,8.908213222246767e-06,1.3006903012931292e-05,0.0001865323824283307,2.8769562301886567e-06,0.0002179792798258709,3.0211123146070475e-06,7.457635490601053e-06,2.8264118150968243e-11,1.0478804333444484e-05
173,6691,1.499988557134831,0.0630233490813153,0.0693912511149991,0.0006647419247419248,0.0,0.0,0.0006647419247419248,0.0,0.0,0.0,1.0,0.0,0.44449098008658006,1898.2960542517437,0.00023297584558975217,8.406118515277069e-06,1.2468121444135137e-05,0.00011327188183225329,1.3950966165385946e-07,0.0002476859525056314,4.159006318361325e-05,8.198250353471005e-06,6.1816561376551275e-09,2.830802207586707e-06
174,6696,3.1304131988136654,0.2188362304564756,0.557586426581288,0.0006655544455544455,0.0,0.0,0.0,0.0006655544455544455,0.0,0.0,0.0,1.0,0.44458203116883116,1898.3009614001749,0.00022501148866603177,8.923616781579743e-06,1.3029393786030168e-05,0.00018685512789925817,2.882169278264437e-06,0.00021835619680284521,3.0261316187473895e-06,7.470292411820092e-06,2.8309868446881048e-11,1.0496480650304418e-05
175,5969,1.5806997518931567,0.1625663956674677,0.0812381662835522,0.0006666866466866467,0.0,0.0,0.0,0.0006666866466866467,0.0,0.0,0.0,1.0,0.4447089056277056,1898.307799182558,0.0002253942646566778,8.93879710092239e-06,1.305155860589573e-05,0.0001871731959335214,2.887307141294062e-06,0.0002187276512149378,3.0310781454206276e-06,7.4827655330230494e-06,2.8354953828706522e-11,1.051390038835136e-05
176,6958,1.4158015944671147,0.0488962323389467,0.1243893502958448,0.0006676190476190476,0.0,0.0,0.0006676190476190476,0.0,0.0,0.0,1.0,0.0,0.4448133904761905,1898.313430256022,0.00023398420704585191,8.442501711503934e-06,1.2522085721257563e-05,0.00011376233800540033,1.4013020541549952e-07,0.0002487579822284475,4.176987742401632e-05,8.233717138025222e-06,6.208139129344498e-09,2.8428421142556856e-06
177,5869,1.7364712934531257,0.227586586843557,0.147846963092981,0.0006683816183816184,0.0,0.0,0.0006683816183816184,0.0,0.0,0.0,1.0,0.0,0.44489884415584413,1898.318035641853,0.0002342514695151191,8.452144942911285e-06,1.2536388753041167e-05,0.00011389233209684632,1.4029470364627723e-07,0.0002490421197364296,4.181753602319879e-05,8.24311745250779e-06,6.215157918052286e-09,2.846032721402986e-06
178,6499,1.4752999836693077,0.1379874051989809,0.0446415794858353,0.0006684249084249085,0.0,0.0,0.0006684249084249085,0.0,0.0,0.0,1.0,0.0,0.44490369523809525,1898.318297082219,0.00023426664162036134,8.452692375261922e-06,1.2537200715544168e-05,0.00011389971169710231,1.4030404236861106e-07,0.0002490582498133091,4.1820241510183735e-05,8.24365109441984e-06,6.2155563574175544e-09,2.8462138241515606e-06
179,5798,1.8115596011850623,0.0400533909819272,0.079390181465895,0.0006695537795537796,0.0,0.0,0.0006695537795537796,0.0,0.0,0.0,1.0,0.0,0.44503019653679654,1898.3251146140499,0.0002346622834416783,8.466967726559268e-06,1.2558374199276231e-05,0.00011409214812849465,1.405475747778191e-07,0.00024947887258737695,4.189079312299685e-05,8.257566826245672e-06,6.2259463739014476e-09,2.850937256036333e-06
180,5008,2.6152035063829624,0.1359388395850276,0.2136057758681882,0.0006696669996669998,0.0,0.0,0.0,0.0006696669996669998,0.0,0.0,0.0,1.0,0.445042883982684,1898.3257983752771,0.00022640186616146651,8.978757059192001e-06,1.310990423465949e-05,0.0001880104680021857,2.9008367500502633e-06,0.00021970545032919163,3.0440944062801905e-06,7.5155942504084924e-06,2.8473565410851165e-11,1.0559745603819454e-05
181,6216,3.1962086197959203,0.0811841121909522,0.320476885038832,0.0006718315018315018,0.0,0.0,0.0,0.0006718315018315018,0.0,0.0,0.0,1.0,0.4452854380952381,1898.3388701749632,0.00022713364379064264,9.00777825793529e-06,1.3152278154990706e-05,0.00018861854513152124,2.910665907861713e-06,0.0002204155837641636,3.0535451140289885e-06,7.539433150688737e-06,2.8559668871367197e-11,1.059303538405548e-05
182,5883,2.578242893739329,0.2199870113626563,0.1246252403659484,0.000671894771894772,0.0,0.0,0.0,0.000671894771894772,0.0,0.0,0.0,1.0,0.44529252813852815,1898.339252270689,0.00022715503421364935,9.008626569898558e-06,1.3153516777277313e-05,0.0001886363202587501,2.9109536352592834e-06,0.00022043634151072862,3.0538208004995482e-06,7.540129566527694e-06,2.8562181455691824e-11,1.0594007491390159e-05
183,6550,1.7526506878924055,0.066039692932085,0.1210829102235568,0.000671994671994672,0.0,0.0,0.000671994671994672,0.0,0.0,0.0,1.0,0.0,0.44530372294372295,1898.3398555793792,0.00023551775676033696,8.497834489098958e-06,1.2604156392714583e-05,0.00011450824334017823,1.410742284090806e-07,0.0002503883607697372,4.204334167651265e-05,8.287655926845339e-06,6.248410839031129e-09,2.8611492791615675e-06
184,5920,1.778563430018214,0.0836143455052607,0.0365927967600879,0.0006728171828171829,0.0,0.0,0.0006728171828171829,0.0,0.0,0.0,1.0,0.0,0.4453958935064935,1898.344822804595,0.00023580602675993956,8.508235703761038e-06,1.2619583680271574e-05,0.00011464845641738378,1.412517221036527e-07,0.0002506948322313971,4.2094745256884505e-05,8.297795065204027e-06,6.2559802375895986e-09,2.8645894991717992e-06
185,5129,2.84116701224589,0.3646878995265662,0.0503907871293999,0.000675091575091575,0.0,0.0,0.0,0.000675091575091575,0.0,0.0,0.0,1.0,0.4456507619047619,1898.3585579356568,0.0002282358134813556,9.051488648042494e-06,1.3216099798074188e-05,0.00018953440837487002,2.9254763494212835e-06,0.00022148515396860905,3.067773797611886e-06,7.575331984316504e-06,2.868927393828019e-11,1.0643163160476191e-05
186,1284,1.5740563895407844,0.1344230409422361,0.0289792231872564,0.0006756077256077256,0.0006756077256077256,0.0,0.0,0.0,1.0,0.0,0.0,0.0,0.44570860173160176,1898.361674954893,0.00025801473803178433,1.5348713924643113e-05,2.2410693189572004e-05,2.3922397142543416e-06,8.243364167172159e-10,0.00012339355580598548,0.00021533959127397327,1.187092404626842e-05,2.6836445284827943e-05,3.203294857213098e-07
187,6822,3.093030470242471,0.1259257562507813,0.1947019642740013,0.0006762404262404262,0.0,0.0,0.0,0.0006762404262404262,0.0,0.0,0.0,1.0,0.44577950216450213,1898.3654958015356,0.0002286242185306876,9.066892207375474e-06,1.323859057117307e-05,0.00018985716041332047,2.9306972466920493e-06,0.00022186207094568078,3.072786534229308e-06,7.587981056340563e-06,2.8734926872837907e-11,1.0660825060423637e-05
188,6765,1.9809607807060297,0.2521247708345019,0.1189611155383825,0.0006762404262404262,0.0,0.0,0.0006762404262404262,0.0,0.0,0.0,1.0,0.0,0.44577950216450213,1898.3654958015356,0.00023700579015909528,8.551524969642076e-06,1.2683791176662607e-05,0.00011523201355327475,1.419905542181697e-07,0.00025197034908551924,4.2308685788967554e-05,8.3399934709468e-06,6.287482099743592e-09,2.878909127491166e-06
189,5978,1.7429294550486412,0.1938948778392134,0.0487488481493108,0.0006762903762903763,0.0,0.0,0.0006762903762903763,0.0,0.0,0.0,1.0,0.0,0.44578509956709955,1898.3657974465896,0.0002370232964343748,8.552156622354348e-06,1.268472805647376e-05,0.00011524052884576337,1.42001337886076e-07,0.00025198896071284877,4.231180713560307e-05,8.340609203395488e-06,6.287941676618846e-09,2.879117714543961e-06
190,2174,1.2593186266102467,0.1191386684635828,0.0125051194525074,0.0006765001665001665,0.0,0.0006765001665001665,0.0,0.0,0.0,1.0,0.0,0.0,0.44580860865800864,1898.3670643546413,0.00020663197874581547,6.895361581372384e-06,9.79055542349164e-06,4.629405359087313e-06,1.6887495525577765e-09,0.00024342068078138908,0.0001810333571469244,1.0564379805830553e-05,1.3532758906703205e-05,4.420712217922105e-07
191,5781,1.8752146554577869,0.1056881736846706,0.1269163364447784,0.0006773493173493174,0.0,0.0,0.0006773493173493174,0.0,0.0,0.0,1.0,0.0,0.4459037645021645,1898.372192296449,0.00023739442947030043,8.565547659854515e-06,1.2704589908470209e-05,0.00011542104640509631,1.4222993148345142e-07,0.00025238352721127053,4.2377986325701795e-05,8.353662751469923e-06,6.297685670262482e-09,2.8835464235764906e-06
192,5060,1.8712954193022528,0.1064572756285211,0.14982816984423,0.0006780086580086581,0.0,0.0,0.0006780086580086581,0.0,0.0,0.0,1.0,0.0,0.4459776502164502,1898.3761739710308,0.00023762551230398996,8.573885475656505e-06,1.2716956721977432e-05,0.00011553344394757336,1.423722719754019e-07,0.0002526292006915324,4.241919241966332e-05,8.361790423717023e-06,6.303752572722494e-09,2.8863040959445103e-06
193,5747,1.2825960480238843,0.1200635081138357,0.0797593438075993,0.0006786147186147186,0.0,0.0,0.0006786147186147186,0.0,0.0,0.0,1.0,0.0,0.44604556536796536,1898.3798338776228,0.00023783792177738133,8.581549528565405e-06,1.2728324197019423e-05,0.00011563675882366156,1.4250311644082375e-07,0.00025285502176943935,4.245706876494795e-05,8.369261308132949e-06,6.309329129842219e-09,2.888838956377829e-06
194,6645,1.6157308564436967,0.1329864229370835,0.1434191422877018,0.0006788045288045289,0.0,0.0,0.0,0.0006788045288045289,0.0,0.0,0.0,1.0,0.4460668354978355,1898.3809801088535,0.00022949109356832707,9.10127116588676e-06,1.32887873691039e-05,0.00019057750771569922,2.942352468651813e-06,0.0002227033059380228,3.083972208088988e-06,7.616209533966349e-06,2.883678194777646e-11,1.0700239415619209e-05
195,5397,0.9153752536693937,0.1352899779517077,0.0509016804477249,0.0006795437895437896,0.0,0.0,0.0006795437895437896,0.0,0.0,0.0,1.0,0.0,0.44614967705627706,1898.3854443630719,0.00023816353849758022,8.593298269013663e-06,1.2745750161506873e-05,0.00011579513778496433,1.4270371158539004e-07,0.00025320119803750555,4.25151312913541e-05,8.380713912757046e-06,6.317877522467492e-09,2.8927241361473115e-06
196,6979,3.093834919034333,0.2816025907841382,0.3146765928848386,0.00067992007992008,0.0,0.0,0.0,0.00067992007992008,0.0,0.0,0.0,1.0,0.4461918441558442,1898.3877166996517,0.00022986824050028707,9.116228245239072e-06,1.3310626235736144e-05,0.0001908909064134096,2.947424383773207e-06,0.00022306929778535283,3.0888378571836117e-06,7.628489618015289e-06,2.888108309906552e-11,1.071738523736516e-05
197,5562,1.5241146694586198,0.2762481471833174,0.0632977656918855,0.0006801365301365302,0.0,0.0,0.0,0.0006801365301365302,0.0,0.0,0.0,1.0,0.44621609956709957,1898.3890237931525,0.0002299414182632047,9.1191303651134e-06,1.3314863627769266e-05,0.00019095171566248549,2.948408907293595e-06,0.00022314031112887107,3.0897813918161438e-06,7.630871900304071e-06,2.888967239262144e-11,1.072071107146498e-05
198,6154,3.158412165321894,0.1061172042677891,0.2679603137304166,0.0006815750915750916,0.0,0.0,0.0,0.0006815750915750916,0.0,0.0,0.0,1.0,0.44637730476190474,1898.3977108864033,0.00023042776893367252,9.138418300278174e-06,1.334302598712786e-05,0.0001913558604213863,2.954950514200121e-06,0.00022361227673499382,3.096055133869867e-06,7.64670660277541e-06,2.894678748544162e-11,1.0742819630220194e-05
199,6058,1.7496509955791013,0.1787656142300094,0.1199737298348855,0.0006826007326007326,0.0,0.0,0.0006826007326007326,0.0,0.0,0.0,1.0,0.0,0.4464922380952381,1898.4039044077435,0.00023923492254468619,8.631955415004707e-06,1.2803087205949448e-05,0.00011631625714063519,1.4336384272526656e-07,0.00025434022963097367,4.270617425008026e-05,8.418396567952765e-06,6.346002725100917e-09,2.9055060359357973e-06
200,6793,1.6135242100957816,0.1541876980760453,0.1058845683666369,0.0006829170829170829,0.0,0.0,0.0,0.0006829170829170829,0.0,0.0,0.0,1.0,0.4465276883116883,1898.4058147379797,0.00023088147106376173,9.156411443499014e-06,1.3369297817733216e-05,0.00019173287695194096,2.9610547824611815e-06,0.00022405255946480657,3.1019058623075113e-06,7.661476530531203e-06,2.9000041490380088e-11,1.076344039292168e-05
201,6821,0.9699036242386851,0.2292963604613121,0.0602957934927419,0.0006833433233433234,0.0,0.0,0.0006833433233433234,0.0,0.0,0.0,1.0,0.0,0.4465754528138528,1898.4083886498006,0.00023949518250384157,8.64134598532715e-06,1.2817015485808593e-05,0.00011644284665137327,1.4352422274348126e-07,0.0002546169224911011,4.2752582774320975e-05,8.427550394201258e-06,6.352834605973575e-09,2.9086114705656214e-06
202,5052,1.6843554214566903,0.030207512720878,0.0804004048662076,0.0006838428238428239,0.0,0.0,0.0006838428238428239,0.0,0.0,0.0,1.0,0.0,0.4466314268398268,1898.4114049427617,0.00023967024525663666,8.64766251244987e-06,1.2826384283920126e-05,0.00011652799731723203,1.436321103374325e-07,0.00025480303876493013,4.2783798499703573e-05,8.433707667773255e-06,6.357429840810752e-09,2.910699548137256e-06
203,1961,1.47520339274027,0.0216654500904941,0.1264160047397132,0.0006841258741258742,0.0,0.0006841258741258742,0.0,0.0,0.0,1.0,0.0,0.0,0.44666314545454544,1898.4131141706723,0.0002089611948111845,6.97308811271252e-06,9.900917426119196e-06,4.681378081437644e-06,1.7082269406486085e-09,0.00024616474493009704,0.00018307422935494067,1.0683464141784264e-05,1.368514904065768e-05,4.4695506415263e-07
204,5365,1.0954654311183765,0.2462324079446185,0.0595667865375024,0.0006844055944055944,0.0,0.0,0.0006844055944055944,0.0,0.0,0.0,1.0,0.0,0.4466944909090909,1898.4148032866303,0.0002398674826247858,8.654779133008135e-06,1.283693979645912e-05,0.00011662393316675654,1.4375366612404942e-07,0.00025501272976676204,4.281896878431096e-05,8.440644860233604e-06,6.362607154141407e-09,2.9130526804774974e-06
205,403,0.9969659040944449,0.1671272396785365,0.1476595570700449,0.0006845920745920746,0.0,0.0006845920745920746,0.0,0.0,0.0,1.0,0.0,0.0,0.4467153878787879,1898.4159293620646,0.00020910359229989702,6.977839953056459e-06,9.907664448113894e-06,4.684555683721749e-06,1.7094181630497197e-09,0.000246332506171938,0.0001831989986042947,1.0690744406399355e-05,1.3694463606490404e-05,4.472496854499323e-07
206,6829,1.4203351440786205,0.2346480338674434,0.0450906808294553,0.000685031635031635,0.0,0.0,0.000685031635031635,0.0,0.0,0.0,1.0,0.0,0.44676464502164503,1898.4185836768074,0.00024008689460828898,8.662695847001943e-06,1.2848682023425572e-05,0.00011673065574203464,1.438888988466063e-07,0.00025524599549687187,4.285809208605535e-05,8.448361962839036e-06,6.3683662710118695e-09,2.9156693162055766e-06
207,3519,0.9565504546254356,0.2144748284983299,0.0502792365795627,0.0006861871461871462,0.0,0.0006861871461871462,0.0,0.0,0.0,1.0,0.0,0.0,0.4468941316017316,1898.425561267556,0.00020959079513627768,6.994098035376076e-06,9.930748901938608e-06,4.695425607984101e-06,1.7134934215848609e-09,0.00024690648080760144,0.00018362588969385137,1.0715653312184802e-05,1.372634119851051e-05,4.482766672778528e-07
208,5021,2.7716488175590412,0.107420919081252,0.1436557259998689,0.0006865667665667667,0.0,0.0,0.0,0.0006865667665667667,0.0,0.0,0.0,1.0,0.4469366718614719,1898.4278536047107,0.00023211536072772647,9.205345649380013e-06,1.3440746766476322e-05,0.00019275821619579202,2.977661165751478e-06,0.00022524995368787762,3.117813556063328e-06,7.701639672884751e-06,2.914481459989626e-11,1.0819511518577352e-05
209,5481,2.020137410965876,0.0856752635303936,0.0835921678988526,0.0006866799866799868,0.0,0.0,0.0006866799866799868,0.0,0.0,0.0,1.0,0.0,0.4469493593073593,1898.4285372830118,0.00024066460169251284,8.683540386506921e-06,1.287959905719363e-05,0.00011701165232856085,1.442449874326355e-07,0.00025586017920134734,4.2961104590625614e-05,8.468680906100635e-06,6.383529706297918e-09,2.922560521794056e-06
210,5795,1.3542813686499147,0.152297469824927,0.0183854572490286,0.0006873193473193474,0.0,0.0,0.0,0.0006873193473193474,0.0,0.0,0.0,1.0,0.4470210060606061,1898.4323980442373,0.00023236979418033232,9.215436096943063e-06,1.3455479852622253e-05,0.0001929696466654763,2.981086634232621e-06,0.00022549686162075215,3.1210927651191534e-06,7.70992032921703e-06,2.917465243999426e-11,1.0831071443641088e-05
211,6079,1.4833513255525543,0.0677032625763805,0.0784452964694476,0.0006874558774558775,0.0,0.0,0.0006874558774558775,0.0,0.0,0.0,1.0,0.0,0.44703630562770563,1898.4332224753439,0.00024093653250185454,8.693352058637544e-06,1.2894151923593542e-05,0.00011714391989966626,1.4441261876972978e-07,0.0002561492798140716,4.3009592813915084e-05,8.478245158441312e-06,6.3906669278842275e-09,2.9258037514561007e-06
212,5300,1.6987787350322912,0.1544807005177258,0.0620621696612413,0.0006880919080919081,0.0,0.0,0.0006880919080919081,0.0,0.0,0.0,1.0,0.0,0.4471075792207792,1898.4370631072386,0.00024115944574041364,8.701395103173808e-06,1.2906081526522227e-05,0.00011725234518475295,1.4455004051424952e-07,0.00025638626787010044,4.304934073367569e-05,8.486085375248097e-06,6.3965175070199685e-09,2.9284624200894395e-06
213,6076,1.422918523341934,0.1519682380469604,0.0138357459120583,0.00068992340992341,0.0,0.0,0.00068992340992341,0.0,0.0,0.0,1.0,0.0,0.44731281731601735,1898.4481224211777,0.00024180134250066234,8.72455570262378e-06,1.2940433786264512e-05,0.0001175645658042518,1.4494580079115635e-07,0.00025706869421020516,4.316379688206181e-05,8.508661872579665e-06,6.413363969829788e-09,2.936117015272621e-06
214,5211,3.2476664289856414,0.1168833712488356,0.2348270356128227,0.00068997335997336,0.0,0.0,0.0,0.00068997335997336,0.0,0.0,0.0,1.0,0.4473184147186147,1898.4484240368079,0.000233267066134876,9.251020551402146e-06,1.3507436798012995e-05,0.00019371526899293742,2.993169658447169e-06,0.0002263675944637166,3.132654570206099e-06,7.739119523924144e-06,2.927983739796011e-11,1.087183265380498e-05
215,6639,1.8604883461131752,0.1862175427778076,0.0525014592813925,0.0006900666000666001,0.0,0.0,0.0006900666000666001,0.0,0.0,0.0,1.0,0.0,0.4473288632034632,1898.448987052363,0.00024185152715646357,8.726366440398959e-06,1.2943119508389815e-05,0.0001175889757056315,1.4497674407502273e-07,0.00025712204754227365,4.3172745346171256e-05,8.510426942163368e-06,6.414681032933332e-09,2.9367155376941326e-06
216,6021,1.420436188576597,0.2754726882546709,0.1149226645045873,0.0006901232101232101,0.0,0.0,0.0006901232101232101,0.0,0.0,0.0,1.0,0.0,0.44733520692640694,1898.4493288830533,0.00024187136760178034,8.727082313472868e-06,1.2944181305509123e-05,0.00011759862602592684,1.4498897708304636e-07,0.0002571431407200525,4.3176283216883276e-05,8.51112476075415e-06,6.415201747969092e-09,2.9369522690837237e-06
217,5535,2.2178275900707503,0.2292598977806988,0.1482802624200726,0.0006906160506160505,0.0,0.0,0.0006906160506160505,0.0,0.0,0.0,1.0,0.0,0.44739043463203465,1898.4523048149988,0.00024204409618453813,8.73331462023395e-06,1.29534251863125e-05,0.00011768264173386394,1.4509548368601174e-07,0.00025732677544446547,4.320708234830428e-05,8.51719987983492e-06,6.419734811346882e-09,2.9390120620177056e-06
218,6683,1.5610272485702419,0.1491778790708552,0.0307389041719096,0.0006909457209457209,0.0,0.0,0.0006909457209457209,0.0,0.0,0.0,1.0,0.0,0.4474273774891775,1898.4542954663423,0.00024215963760138292,8.737483528134945e-06,1.295960859306611e-05,0.00011773884138010097,1.4516673000533246e-07,0.0002574496121858197,4.322768452028655e-05,8.521263639885124e-06,6.422767039244472e-09,2.940389944683093e-06
219,928,0.8915304384167251,0.1420695208419129,0.1722217573097847,0.0006911521811521813,0.0006911521811521813,0.0,0.0,0.0,1.0,0.0,0.0,0.0,0.44745051341991343,1898.4555421344976,0.0002639511690007193,1.57018587929194e-05,2.2926320839762615e-05,2.4470331515229117e-06,8.437404714166123e-10,0.000126232801534568,0.0002202943953281558,1.214405111164406e-05,2.745370765241774e-05,3.275597660957791e-07
220,6270,1.9180828734713025,0.1477792467750222,0.1167624869091337,0.0006912720612720613,0.0,0.0,0.0006912720612720613,0.0,0.0,0.0,1.0,0.0,0.4474639471861472,1898.4562660054878,0.00024227401193320906,8.741610325855122e-06,1.2965729541165646e-05,0.00011779447360748527,1.4523725960101263e-07,0.00025757120815207663,4.324807833517994e-05,8.525286348917865e-06,6.425768570722263e-09,2.9417536519284193e-06
221,6404,3.0338066749410806,0.0825965344710316,0.2454139525221081,0.0006915617715617717,0.0,0.0,0.0,0.0006915617715617717,0.0,0.0,0.0,1.0,0.44749641212121216,1898.4580153578265,0.0002338040783335176,9.272317646479917e-06,1.3538532736471444e-05,0.0001941615211595401,3.0004031667977512e-06,0.00022688872315394202,3.1395728317407123e-06,7.756593190511624e-06,2.934277045516312e-11,1.089622470779321e-05
222,5593,3.2207223547968997,0.2882053877289478,0.2952870507448128,0.0006918714618714619,0.0,0.0,0.0,0.0006918714618714619,0.0,0.0,0.0,1.0,0.447531116017316,1898.4598853511586,0.00023390877882507663,9.27646991030011e-06,1.3544595466611142e-05,0.00019424852661584653,3.001813773621567e-06,0.00022699032686084633,3.140921358278653e-06,7.75999970584554e-06,2.9355035383819145e-11,1.090097977419493e-05
223,6808,1.5793187325782727,0.0899307830083832,0.1850054813798609,0.0006921145521145522,0.0,0.0,0.0006921145521145522,0.0,0.0,0.0,1.0,0.0,0.4475583567099567,1898.4613531924947,0.0002425692844429235,8.752264201602111e-06,1.2981531580647098e-05,0.0001179380953376276,1.454193482284216e-07,0.0002578851242691321,4.3300727918264695e-05,8.535671498790355e-06,6.433517336327122e-09,2.9452744804251167e-06
224,6678,2.801435647249225,0.1916505728602033,0.1602497496562557,0.000693073593073593,0.0,0.0,0.0,0.000693073593073593,0.0,0.0,0.0,1.0,0.4476658268398268,1898.4671441033615,0.00023431519686220367,9.292587837602153e-06,1.3568129290056633e-05,0.00019458625722002003,3.007289419685774e-06,0.0002273847240457106,3.1461562143935123e-06,7.773222781275336e-06,2.940264527619314e-11,1.0919437800959353e-05
225,5033,1.4104922639466408,0.0446029697123801,0.0998092041019344,0.0006933333333333333,0.0,0.0,0.0006933333333333333,0.0,0.0,0.0,1.0,0.0,0.4476949333333333,1898.4687124682405,0.0002429964375597435,8.767676527781545e-06,1.3004391448039237e-05,0.00011814586427641538,1.4568278575199843e-07,0.0002583392479802805,4.337689297410579e-05,8.550695054511687e-06,6.444726703691561e-09,2.950367877801725e-06
226,6467,2.158097516394271,0.2848291546664709,0.1842305750898339,0.0006936963036963037,0.0,0.0,0.0006936963036963037,0.0,0.0,0.0,1.0,0.0,0.4477356077922078,1898.4709041527578,0.00024312364982677462,8.772266537490723e-06,1.3011199441333618e-05,0.00011820774083216542,1.4576124604747723e-07,0.00025847449247356634,4.339957599599112e-05,8.555169277996799e-06,6.448064937623465e-09,2.951884745026976e-06
227,6782,1.4221280704146944,0.1285634076360465,0.0308787309563656,0.0006943822843822843,0.0,0.0,0.0006943822843822843,0.0,0.0,0.0,1.0,0.0,0.4478124787878788,1898.4750462199352,0.00024336406934061318,8.780941234739257e-06,1.3024065924073452e-05,0.00011832468240675328,1.4590953735090262e-07,0.00025873009215830164,4.344244426537469e-05,8.563625141361271e-06,6.4543737166434904e-09,2.9547509150552875e-06
228,6928,3.212408619736122,0.0901764957653169,0.2119960009055043,0.0006948318348318349,0.0,0.0,0.0,0.0006948318348318349,0.0,0.0,0.0,1.0,0.4478628554112554,1898.4777606704474,0.00023490962545944216,9.31616198058132e-06,1.3602549951494918e-05,0.00019508022453660647,3.015299671955029e-06,0.000227961570897823,3.1538115100848674e-06,7.79256135157903e-06,2.9472268050535766e-11,1.0946431806199968e-05
229,6068,1.74066565813178,0.0313054281267811,0.0473414707151,0.0006950449550449551,0.0,0.0,0.0006950449550449551,0.0,0.0,0.0,1.0,0.0,0.44788673766233766,1898.4790475180207,0.0002435963192593214,8.789321160722067e-06,1.3036495196234755e-05,0.00011843764966628495,1.4605279451128514e-07,0.0002589770064168778,4.348385641822326e-05,8.571793664681049e-06,6.460468098587035e-09,2.957520258262949e-06
230,5618,1.8202719884576293,0.0546027434108859,0.09584528159416,0.0006953413253413254,0.0,0.0,0.0006953413253413254,0.0,0.0,0.0,1.0,0.0,0.44791994891774894,1898.4808370371773,0.00024370018982597982,8.79306896681488e-06,1.3042054016447597e-05,0.00011848817286868491,1.4611686737828807e-07,0.0002590874354069558,4.350237727462646e-05,8.575446920772507e-06,6.4631936651585176e-09,2.9587586488582064e-06
231,5215,3.0548746305370464,0.1259975603800359,0.2430377571089579,0.0006963003663003663,0.0,0.0,0.0,0.0006963003663003663,0.0,0.0,0.0,1.0,0.44802741904761906,1898.4866278148247,0.00023540610843554474,9.335851747728693e-06,1.3631299026673483e-05,0.00019549280157810298,3.0219921320140128e-06,0.00022844336912092712,3.1602033549794114e-06,7.808711374009951e-06,2.9530385840630113e-11,1.0968973789761047e-05
232,5568,1.4115495964366656,0.3800083430874648,0.0394133201050746,0.0006982184482184482,0.0,0.0,0.0006982184482184482,0.0,0.0,0.0,1.0,0.0,0.4482423593073593,1898.4982092513374,0.0002447085512820795,8.829452163041744e-06,1.3096018293570019e-05,0.00011897864691797646,1.467389616894295e-07,0.0002601594651547313,4.3682173638885056e-05,8.61091215477722e-06,6.4896516974296756e-09,2.9707790789143713e-06
233,5627,0.8767459239553848,0.2114423062684949,0.027036854291163,0.0006986746586746588,0.0,0.0,0.0006986746586746588,0.0,0.0,0.0,1.0,0.0,0.44829348225108223,1898.500963840527,0.00024486844192963246,8.835221257813831e-06,1.3104575129178555e-05,0.00011905641923005766,1.4683761840318305e-07,0.00026032945135341586,4.371068263080434e-05,8.616535678595035e-06,6.493846757907058e-09,2.972684695946924e-06
234,6719,1.32921717409772,0.0953483308870972,0.1193823098074256,0.0006986913086913087,0.0,0.0,0.0006986913086913087,0.0,0.0,0.0,1.0,0.0,0.44829534805194804,1898.5010643728097,0.00024487427735472557,8.83543180871792e-06,1.3104887422448938e-05,0.00011905925722284293,1.4684121721503038e-07,0.00026033565522921474,4.371172351772708e-05,8.616740918488719e-06,6.493999927810034e-09,2.972754658707986e-06
235,5426,1.5272276008313856,0.0836717943391845,0.1493310771115473,0.0006988045288045288,0.0,0.0,0.0006988045288045288,0.0,0.0,0.0,1.0,0.0,0.4483080354978355,1898.5017479920157,0.0002449139582453591,8.836863554865736e-06,1.3107011016687552e-05,0.00011907855883513258,1.4686570398572903e-07,0.00026037784158517476,4.371879828745214e-05,8.618136534915633e-06,6.495040955588338e-09,2.9732271282288496e-06
236,1386,1.178668362112831,0.0855670495666731,0.0358205854566716,0.0006989676989676989,0.0,0.0006989676989676989,0.0,0.0,0.0,1.0,0.0,0.0,0.44832632034632036,1898.5027332069594,0.00021349452057683942,7.124366344233475e-06,1.0115713690621821e-05,4.782517854624668e-06,1.7461637511347589e-09,0.0002515054920150228,0.00018704636899426191,1.091523655260016e-05,1.3981736775743538e-05,4.564597525208002e-07
237,5177,1.7370258274597927,0.2887137101693069,0.0470425881068134,0.0006998035298035299,0.0,0.0,0.0,0.0006998035298035299,0.0,0.0,0.0,1.0,0.4484199835497835,1898.50777990227,0.00023659046238307292,9.38282144169476e-06,1.3699879586963397e-05,0.0001964770022894518,3.0379615616029678e-06,0.0002295926927733713,3.1754476968810146e-06,7.847232401517094e-06,2.9668974552534214e-11,1.1022739436347185e-05
238,5328,1.7036934975460523,0.3771272188478067,0.0258454484370042,0.0007007326007326007,0.0,0.0,0.0007007326007326007,0.0,0.0,0.0,1.0,0.0,0.4485240952380952,1898.5133895402505,0.0002455897004711482,8.861245349559434e-06,1.3143174577398066e-05,0.00011940724554884816,1.4728269428596257e-07,0.0002610962504108085,4.383928584392814e-05,8.641903066715956e-06,6.512769908280109e-09,2.9812814026590863e-06
239,5731,1.4522977084862938,0.0733186055933545,0.1340934984040184,0.0007010822510822511,0.0,0.0,0.0007010822510822511,0.0,0.0,0.0,1.0,0.0,0.4485632770562771,1898.515500684706,0.00024571224439810476,8.86566691854534e-06,1.3149732736076139e-05,0.00011946685209303102,1.4735832159936577e-07,0.00026122653180418124,4.386113577361424e-05,8.646213052218716e-06,6.515984880297015e-09,2.982741869494987e-06
240,6151,1.694427675339037,0.0526949094189972,0.1159741584789062,0.0007012787212787213,0.0,0.0,0.0007012787212787213,0.0,0.0,0.0,1.0,0.0,0.4485852935064935,1898.5166869445193,0.00024578110241420416,8.868151419213607e-06,1.3153417796666674e-05,0.00011950034531979503,1.4740081795974517e-07,0.00026129973753952283,4.387341332740512e-05,8.64863485258361e-06,6.517791370475815e-09,2.983562485969174e-06
241,6207,2.9168360493235994,0.0564617025329269,0.121268757011988,0.0007013586413586413,0.0,0.0,0.0,0.0007013586413586413,0.0,0.0,0.0,1.0,0.44859424935064934,1898.5171694904084,0.00023711621646434254,9.403672056791863e-06,1.373032361895521e-05,0.00019691390678292615,3.045052896333238e-06,0.00023010289633393867,3.1822132032811043e-06,7.864330271600397e-06,2.973047212606085e-11,1.104660293582574e-05
242,5414,1.826301356227336,0.1191344856256498,0.1140580725568976,0.0007024508824508824,0.0,0.0,0.0007024508824508824,0.0,0.0,0.0,1.0,0.0,0.44871664588744586,1898.523764256671,0.0002461919163407633,8.882974202861589e-06,1.3175403242901737e-05,0.00011970016917583629,1.476543683365227e-07,0.00026173649040139955,4.394666260281023e-05,8.663083547076255e-06,6.528568896916557e-09,2.9884584951052643e-06
243,5583,1.4387152462944914,0.0871229736350578,0.0406734356990729,0.0007031202131202131,0.0,0.0,0.0007031202131202131,0.0,0.0,0.0,1.0,0.0,0.44879165108225105,1898.527805536228,0.00024642650042950876,8.891438349206034e-06,1.3187957432371189e-05,0.00011981427318641177,1.4779916187782938e-07,0.00026198588621189267,4.3988489556498163e-05,8.671334069497318e-06,6.534722949390337e-09,2.9912541694366223e-06
244,5084,2.639583968966058,0.3158648917818612,0.2342580171518699,0.0007032500832500834,0.0,0.0,0.0007032500832500834,0.0,0.0,0.0,1.0,0.0,0.4488062043290043,1898.5285896628634,0.00024647201674523554,8.893080646257943e-06,1.3190393319880191e-05,0.00011983641290932068,1.4782725764115417e-07,0.0002620342764438139,4.399660509531205e-05,8.67293491563714e-06,6.535916984820762e-09,2.991796473379477e-06
245,1137,1.5232231865721055,0.1023844680348353,0.085458933190405,0.0007033133533133533,0.0,0.0007033133533133533,0.0,0.0,0.0,1.0,0.0,0.0,0.44881329437229434,1898.5289716730126,0.00021482186859662398,7.168660284582331e-06,1.0178605574215254e-05,4.812128612712716e-06,1.7572789138184802e-09,0.00025306925666935875,0.00018820940567465787,1.0983099007922654e-05,1.4068571614365922e-05,4.5923462433912574e-07
246,5586,1.3529981316039452,0.0469747864394858,0.0501253537404296,0.000703932733932734,0.0,0.0,0.000703932733932734,0.0,0.0,0.0,1.0,0.0,0.44888270216450216,1898.5327113422131,0.0002467112691740555,8.90171323332566e-06,1.320319734396595e-05,0.00011995278759069932,1.4797494158860327e-07,0.0002622886353551456,4.403926448196323e-05,8.681349618616486e-06,6.542193373680356e-09,2.9946478295888885e-06
247,6110,1.763500071804313,0.3448422304022001,0.1027727114847118,0.0007042790542790543,0.0,0.0,0.0007042790542790543,0.0,0.0,0.0,1.0,0.0,0.4489215108225108,1898.5348023328472,0.0002468326460159934,8.906092692130744e-06,1.3209693043989944e-05,0.00012001182691683611,1.4804986924765357e-07,0.0002624176759736942,4.4060905853753724e-05,8.685618536032491e-06,6.545377376004306e-09,2.996093902582226e-06
248,5548,3.2084400155612425,0.1542335242513724,0.3207321935994826,0.0007043556443556444,0.0,0.0,0.0,0.0007043556443556444,0.0,0.0,0.0,1.0,0.4489300935064935,1898.5352647627712,0.00023812944702781723,9.443855255051807e-06,1.3788995200952286e-05,0.0001977559116726521,3.058724460096262e-06,0.00023108615801390657,3.1952468572104533e-06,7.89727601904126e-06,2.9848916388705224e-11,1.1092582574084495e-05
249,5710,1.9496680137923783,0.1083662098136516,0.1200400740500405,0.0007054645354645355,0.0,0.0,0.0007054645354645355,0.0,0.0,0.0,1.0,0.0,0.4490543558441559,1898.541959915549,0.0002472481282826271,8.921083916502e-06,1.3231928324841314e-05,0.00012021392205242628,1.483063629609534e-07,0.0002628593919372569,4.4134986953376374e-05,8.700231358153042e-06,6.556276391526863e-09,3.0010449302259696e-06
250,6057,1.5302541669410759,0.1560506182478409,0.1222442740438555,0.0007057009657009658,0.0,0.0,0.0007057009657009658,0.0,0.0,0.0,1.0,0.0,0.4490808502164502,1898.5433874037394,0.00024733099131895014,8.924073739340088e-06,1.3236362889280774e-05,0.00012025422715417511,1.4835751865960069e-07,0.0002629474869749142,4.4149761943481806e-05,8.703145712072941e-06,6.558450091169454e-09,3.0020327420403033e-06
251,6687,2.756017703911498,0.3697368984197961,0.0689347921708393,0.0007061038961038961,0.0,0.0,0.0,0.0007061038961038961,0.0,0.0,0.0,1.0,0.4491260025974026,1898.545820159759,0.00023872049818984408,9.467295454036773e-06,1.3823220290450577e-05,0.00019824708380989723,3.0667024809700902e-06,0.00023165972732725729,3.202847203764202e-06,7.916491429703033e-06,2.9917972748727886e-11,1.1119398469412766e-05
252,884,1.5110544913415347,0.0877164279694058,0.0299118639181623,0.0007067998667998667,0.0,0.0,0.0007067998667998667,0.0,0.0,0.0,1.0,0.0,0.44920399307359304,1898.550022176422,0.00024771612937509927,8.937970099010069e-06,1.3256974245126142e-05,0.0001204415635355899,1.4859530953984896e-07,0.0002633569427843744,4.4218431622797944e-05,8.716691275757776e-06,6.5685525713825126e-09,3.006621143925633e-06
253,5479,1.4764612059852946,0.089056951917941,0.1601096735998841,0.0007068098568098568,0.0,0.0,0.0007068098568098568,0.0,0.0,0.0,1.0,0.0,0.44920511255411255,1898.550082492299,0.00024771963063015517,8.938096429552524e-06,1.3257161621088373e-05,0.00012044326665897506,1.485974716630177e-07,0.0002633606651099272,4.42190558272376e-05,8.716814416857925e-06,6.568644399891285e-09,3.006662790885385e-06
254,5506,3.066079373844058,0.1235802316515628,0.3012166259048507,0.0007073593073593075,0.0,0.0,0.0,0.0007073593073593075,0.0,0.0,0.0,1.0,0.449266683982684,1898.5533998589106,0.0002391449292147663,9.484127749307883e-06,1.3847797164242687e-05,0.00019859979220600678,3.072431978991193e-06,0.00023207160471989567,3.2083049531636196e-06,7.930289405375114e-06,2.996755816588037e-11,1.113865429365501e-05
255,5179,1.7080407483228213,0.0298225142890383,0.1566392965997096,0.0007081618381618381,0.0,0.0,0.0007081618381618381,0.0,0.0,0.0,1.0,0.0,0.4493566155844156,1898.558245201336,0.0002481934671477206,8.955193162964685e-06,1.3282519834643587e-05,0.0001206737465262241,1.4889005148688214e-07,0.00026386441983339737,4.43035409922818e-05,8.733479539923225e-06,6.581073195893652e-09,3.0123085405055813e-06
256,6704,1.28928559954241,0.1387061233925179,0.1248529260953549,0.0007083183483183483,0.0,0.0,0.0007083183483183483,0.0,0.0,0.0,1.0,0.0,0.4493741541125541,1898.559190140404,0.00024824832014359643,8.957172341463138e-06,1.32854553913852e-05,0.00012070042752899252,1.489239227969907e-07,0.00026392273626690507,4.4313321458769035e-05,8.735408752445115e-06,6.582511994843426e-09,3.0129622753987317e-06
257,461,1.4389194350814407,0.0976279442653317,0.1613829332513332,0.0007088511488511489,0.0007088511488511489,0.0,0.0,0.0,1.0,0.0,0.0,0.0,0.44943385974025973,1898.5624069463481,0.0002707104086322294,1.6103950689853512e-05,2.351341616126285e-05,2.5094079056056402e-06,8.658582551560017e-10,0.00012946559183159135,0.00022593596459015325,1.2455034453376653e-05,2.8156508728821052e-05,3.357736640761792e-07
258,6458,2.7758389397231342,0.4506941945056777,0.2785534931887904,0.0007088544788544789,0.0,0.0,0.0007088544788544789,0.0,0.0,0.0,1.0,0.0,0.44943423290043294,1898.562427051347,0.0002484362208315965,8.963952080574859e-06,1.329551123469158e-05,0.00012079182501334754,1.4903995703018976e-07,0.0002641225010712357,4.4346823901013046e-05,8.742017324530033e-06,6.5874404594351565e-09,3.0152007999349317e-06
259,5922,1.4746513864941584,0.1104545962206076,0.1004436402488021,0.0007093606393606393,0.0,0.0,0.0007093606393606393,0.0,0.0,0.0,1.0,0.0,0.44949095324675326,1898.5654830056026,0.00024861361775442884,8.970352828059213e-06,1.3305004950111265e-05,0.00012087811316955503,1.49149508601e-07,0.00026431109889896664,4.437845368793012e-05,8.748256469607382e-06,6.592093379845232e-09,3.017314337759396e-06
260,6028,1.8768315860487224,0.0609794978988568,0.0602805461540479,0.0007093906093906094,0.0,0.0,0.0007093906093906094,0.0,0.0,0.0,1.0,0.0,0.44949431168831167,1898.5656639499166,0.00024862412151959655,8.970731819686577e-06,1.3305567077997958e-05,0.00012088322255606838,1.49155996332532e-07,0.0002643222658756464,4.438032628489124e-05,8.748625891545807e-06,6.592368843958557e-09,3.017439260875952e-06
261,5318,2.6591909227419332,0.3813820129767219,0.239853226409651,0.0007095770895770895,0.0,0.0,0.0,0.0007095770895770895,0.0,0.0,0.0,1.0,0.44951520865800865,1898.5667898247796,0.0002398947198317375,9.51386331602024e-06,1.3891214134920519e-05,0.00019922288261272914,3.082557015931293e-06,0.00023279921836317436,3.2179430687461082e-06,7.954661178725888e-06,3.005510440133238e-11,1.1172664357680787e-05
262,6418,1.8826988855626752,0.1000884780638455,0.0778242121398604,0.0007097236097236097,0.0,0.0,0.0007097236097236097,0.0,0.0,0.0,1.0,0.0,0.4495316277056277,1898.5676744396933,0.00024874083002145994,8.97494283776839e-06,1.3311812943405643e-05,0.00012093999169114975,1.4922807499872098e-07,0.00026444634339402567,4.440113474397079e-05,8.752730586990248e-06,6.5954298405644825e-09,3.0188291294913324e-06
263,5877,1.4983079643695512,0.0854702531296464,0.1442496606736279,0.00071002997002997,0.0,0.0,0.00071002997002997,0.0,0.0,0.0,1.0,0.0,0.44956595844155844,1898.569524086072,0.00024884820184317425,8.978816974403658e-06,1.3317559139580717e-05,0.00012099221811678337,1.4929438368417435e-07,0.0002645604947107728,4.4420279704965174e-05,8.756506910486577e-06,6.598246119295971e-09,3.0201089912699564e-06
264,5289,2.0031694140607437,0.1257073161204974,0.0200802482453442,0.0007106993006993007,0.0,0.0,0.0007106993006993007,0.0,0.0,0.0,1.0,0.0,0.44964096363636363,1898.5735651472569,0.0002490827859319197,8.987281120748102e-06,1.333011332905017e-05,0.00012110632394421502,1.4943927023436554e-07,0.0002648098905228317,4.446210484179694e-05,8.764757339898757e-06,6.6043986059649736e-09,3.022902752604535e-06
265,1707,1.035493721742043,0.2071459408570753,0.1584769694036597,0.0007122677322677323,0.0007122677322677323,0.0,0.0,0.0,1.0,0.0,0.0,0.0,0.44981672207792206,1898.5830344240446,0.0002720152025855557,1.6181569934680304e-05,2.362674820262865e-05,2.52144714891228e-06,8.701308629870304e-10,0.00013008964885859208,0.00022702500654355368,1.251506622996238e-05,2.8292172632984154e-05,3.3735312884598237e-07
266,6503,1.8307885730222513,0.0462349885942904,0.1392586297176313,0.0007125774225774226,0.0,0.0,0.0007125774225774226,0.0,0.0,0.0,1.0,0.0,0.449851425974026,1898.5849041413373,0.0002497410218824293,9.011031262729529e-06,1.3365340009949534e-05,0.00012142649963105333,1.4984584916973774e-07,0.0002655096877271193,4.4579466786026113e-05,8.787907766947344e-06,6.6216619984491715e-09,3.030743790101019e-06
267,6694,0.9851839074798802,0.1227209967223831,0.1365830079597656,0.0007133666333666333,0.0,0.0,0.0007133666333666333,0.0,0.0,0.0,1.0,0.0,0.44993986493506494,1898.5896688860958,0.0002500176210318455,9.021011375583425e-06,1.3380142710965752e-05,0.00012156104186873596,1.5001671790463356e-07,0.00026580375144626015,4.4628783446504794e-05,8.797635852854645e-06,6.628915978472167e-09,3.034038347719814e-06
268,6221,1.9471801158159905,0.0878947257291404,0.096809157296604,0.0007136163836163836,0.0,0.0,0.0,0.0007136163836163836,0.0,0.0,0.0,1.0,0.44996785194805194,1898.5911767111309,0.00024126032946895394,9.568021337675029e-06,1.3970290389323243e-05,0.0002003577361509816,3.1010053300425944e-06,0.00023412443660544366,3.2354914787757056e-06,7.999042640714938e-06,3.0214472823654123e-11,1.1234594548436357e-05
269,5380,3.283878420583225,0.0440562727698913,0.1673252497292064,0.000714025974025974,0.0,0.0,0.0,0.000714025974025974,0.0,0.0,0.0,1.0,0.4500137506493507,1898.5936495383755,0.0002413988043126288,9.573513041437222e-06,1.3978308838862842e-05,0.00020047281207087283,3.1028763207434667e-06,0.0002342588157017339,3.2372708265173637e-06,8.003542682545263e-06,3.023063223361877e-11,1.1240873970327133e-05
270,6817,2.6330773593336394,0.0057411653886891,0.0408109126628922,0.000714871794871795,0.0,0.0,0.0,0.000714871794871795,0.0,0.0,0.0,1.0,0.45010853333333334,1898.5987560043036,0.00024168476049387614,9.58485363294614e-06,1.3994867263115352e-05,0.00020071044958032685,3.1067408761956116e-06,0.00023453631399815653,3.2409441949394406e-06,8.012834568255106e-06,3.026398375611736e-11,1.125383929116209e-05
271,5030,1.6036000736522946,0.0507252490456383,0.0198188654346214,0.000714905094905095,0.0,0.0,0.000714905094905095,0.0,0.0,0.0,1.0,0.0,0.45011226493506495,1898.598957045639,0.00025055681431045444,9.040466279121403e-06,1.3408998609149273e-05,0.00012182331416034536,1.503498341023232e-07,0.0002663769895827652,4.4724919639918756e-05,8.816599433048073e-06,6.643056190151677e-09,3.0404605372440262e-06
272,5822,3.1227163610680506,0.0911075075882552,0.2963974543847519,0.0007152081252081252,0.0,0.0,0.0,0.0007152081252081252,0.0,0.0,0.0,1.0,0.4501462225108225,1898.6007865195993,0.0002417984674793327,9.589363080750865e-06,1.4001451518428354e-05,0.00020080494430712757,3.108278374693493e-06,0.0002346466578089524,3.242403793593323e-06,8.016528568014548e-06,3.027723183930339e-11,1.1258992916071567e-05
273,6004,1.359667209021588,0.0117782872027799,0.0475721266694511,0.0007154412254412255,0.0,0.0,0.0007154412254412255,0.0,0.0,0.0,1.0,0.0,0.45017234372294374,1898.6021938045715,0.0002507447149984545,9.047246018233122e-06,1.341905445245565e-05,0.00012191471236117023,1.5046593061995885e-07,0.0002665767543880975,4.475842136569293e-05,8.823207942848555e-06,6.647983653103231e-09,3.042698281022606e-06
274,5874,2.715095329650603,0.2263043097090425,0.2251722347536734,0.0007156909756909758,0.0,0.0,0.0007156909756909758,0.0,0.0,0.0,1.0,0.0,0.45020033073593074,1898.6037016073035,0.00025083224637485204,9.050404281794482e-06,1.3423738851511416e-05,0.00012195728932099138,1.5052001520475222e-07,0.00026666981252727667,4.477402760149244e-05,8.826286438846735e-06,6.6502790058132165e-09,3.0437405475994706e-06
275,5342,2.015580493282986,0.1435560648266478,0.0991860250698987,0.0007164535464535465,0.0,0.0,0.0007164535464535465,0.0,0.0,0.0,1.0,0.0,0.4502857844155844,1898.60830541503,0.00025109950884411925,9.060047513201835e-06,1.3438041883295022e-05,0.00012208729087021848,1.5068515946727692e-07,0.00026695395004565093,4.4821678742893795e-05,8.835686107297557e-06,6.657287402388971e-09,3.0469230301495304e-06
276,5612,1.4265756877229523,0.0151700411889943,0.0717819626753744,0.0007167832167832168,0.0,0.0,0.0007167832167832168,0.0,0.0,0.0,1.0,0.0,0.45032272727272726,1898.6102956997033,0.000251215050260964,9.064216421102829e-06,1.3444225290048634e-05,0.0001221434922414276,1.507565559460033e-07,0.00026707678678941985,4.4842279189903986e-05,8.839749717188355e-06,6.660317215605692e-09,3.0482990328542124e-06
277,6176,1.0915479034525553,0.2085924243624286,0.0334730324016798,0.0007186213786213786,0.0,0.0,0.0007186213786213786,0.0,0.0,0.0,1.0,0.0,0.45052871168831166,1898.621392958785,0.0002518592811912499,9.087461240914438e-06,1.347870246709907e-05,0.00012245685844611195,1.5115468317095695e-07,0.0002677616946947294,4.495714130498777e-05,8.862407383054088e-06,6.677210061018131e-09,3.055970267876423e-06
278,6402,2.9807711098757523,0.2948525670879235,0.2525849689303695,0.0007201864801864803,0.0,0.0,0.0,0.0007201864801864803,0.0,0.0,0.0,1.0,0.450704096969697,1898.630841597351,0.00024348155602643787,9.656111837860438e-06,1.4098911535190163e-05,0.0002022036461181257,3.131034832532091e-06,0.00023627996471124588,3.26401600788927e-06,8.071208643786853e-06,3.0473411934042044e-11,1.133528559849994e-05
279,6201,2.8115187408597575,0.4692695127464612,0.2180462969848377,0.0007206993006993007,0.0,0.0,0.0,0.0007206993006993007,0.0,0.0,0.0,1.0,0.45076156363636366,1898.6339375113084,0.00024365493103396577,9.662987629562696e-06,1.4108950894776328e-05,0.00020234772754243864,3.1333801274175207e-06,0.00023644821170989636,3.266241178823988e-06,8.076840088818531e-06,3.0493600862695897e-11,1.1343142254844273e-05
280,6143,1.7957296223659012,0.1436683696727521,0.0558980089346557,0.0007211488511488512,0.0,0.0,0.0007211488511488512,0.0,0.0,0.0,1.0,0.0,0.45081194025974025,1898.6366514525446,0.00025274509872039315,9.119422868155399e-06,1.3526108585543423e-05,0.00012288773729671892,1.5170220182817212e-07,0.000268703443065966,4.5115076394062006e-05,8.893561579896566e-06,6.700436287569982e-09,3.0665178002715465e-06
281,6396,3.054053319596081,0.2560583299952121,0.3121013885102486,0.0007217415917415917,0.0,0.0,0.0,0.0007217415917415917,0.0,0.0,0.0,1.0,0.45087836277056276,1898.6402298210257,0.0002440073101077075,9.676962452957542e-06,1.4129355567181977e-05,0.00020264056753765362,3.1381465025490124e-06,0.00023679016827207123,3.2707645882357834e-06,8.088286178583502e-06,3.053465152166174e-11,1.1359111836122297e-05
282,6737,1.755549167204754,0.1449159482573601,0.0363570993998395,0.000721991341991342,0.0,0.0,0.000721991341991342,0.0,0.0,0.0,1.0,0.0,0.45090634978354976,1898.6417375560259,0.00025304037123010753,9.130076743902387e-06,1.3541910625024874e-05,0.0001230313641346075,1.5188473429950966e-07,0.000269017359190155,4.516772086940048e-05,8.903946285925125e-06,6.708177919558227e-09,3.070033062911007e-06
283,6331,1.771032420607848,0.3219150992584272,0.094894890671544,0.0007228571428571428,0.0,0.0,0.0007228571428571428,0.0,0.0,0.0,1.0,0.0,0.4510033714285714,1898.6469643499058,0.00025334381333495234,9.1410253909151e-06,1.3558149875084863e-05,0.00012317896488300167,1.5207232965325049e-07,0.0002693399607409007,4.5221821865824656e-05,8.914618303259025e-06,6.716133551262857e-09,3.07364552738765e-06
284,5964,1.8994025906071896,0.0679801345642637,0.0930253039656561,0.000722977022977023,0.0,0.0,0.000722977022977023,0.0,0.0,0.0,1.0,0.0,0.4510168051948052,1898.6476880572845,0.0002533858283956232,9.142541357424554e-06,1.3560398386631632e-05,0.0001231994019711031,1.520983056605016e-07,0.00026938462864795266,4.5229312711621175e-05,8.916095965931605e-06,6.7172350746492505e-09,3.074145652058927e-06
285,5794,1.2196395813142868,0.1382667145076436,0.0912386436118886,0.0007241658341658342,0.0,0.0,0.0007241658341658342,0.0,0.0,0.0,1.0,0.0,0.45115002337662335,1898.65486478864,0.0002538024777472755,9.157574691976626e-06,1.3582696126137079e-05,0.00012340206904853563,1.5235591085746374e-07,0.0002698275853929531,4.530359764534303e-05,8.930749444309596e-06,6.728158446123091e-09,3.079105924692102e-06
286,6746,3.0220621917661323,0.2970377879062594,0.1875068923604244,0.0007243090243090243,0.0,0.0,0.0,0.0007243090243090243,0.0,0.0,0.0,1.0,0.45116606926406927,1898.65572920876,0.0002448753109570841,9.711386059466893e-06,1.417961755575947e-05,0.00020336191315505195,3.149892016947282e-06,0.0002376324957783278,3.281901989902146e-06,8.116476160783229e-06,3.0635701359646786e-11,1.1398439422088047e-05
287,6893,1.6503878349477696,0.0916075056256289,0.0641551895002193,0.0007246220446220446,0.0,0.0,0.0007246220446220446,0.0,0.0,0.0,1.0,0.0,0.4512011463203463,1898.6576188682745,0.00025396236839482836,9.163343786748711e-06,1.359125296174561e-05,0.0001234798437713036,1.52454776392303e-07,0.0002699975715949944,4.533210422657548e-05,8.93637275930632e-06,6.732350149856337e-09,3.081008915503257e-06
288,6117,2.010469048774159,0.2081655745899272,0.1457582445489467,0.0007247119547119547,0.0,0.0,0.0007247119547119547,0.0,0.0,0.0,1.0,0.0,0.45121122164502164,1898.6581616420362,0.0002539938796903315,9.1644807616308e-06,1.3592939345405687e-05,0.00012349517141809548,1.524742602647902e-07,0.0002700310725252948,4.533772253020703e-05,8.937481004443704e-06,6.733176280957799e-09,3.081384176400917e-06
289,1517,1.2223779167783493,0.1360937766199175,0.0469106729334017,0.0007247119547119547,0.0,0.0007247119547119547,0.0,0.0,0.0,1.0,0.0,0.0,0.45121122164502164,1898.6581616420362,0.00022135791332852857,7.3867697563691074e-06,1.0488293883771882e-05,4.957910837450883e-06,1.8120574194912295e-09,0.00026076945311413833,0.00019393638394011003,1.131726305235778e-05,1.4496154741808686e-05,4.729164720261494e-07
290,4963,1.5600371224641842,0.0950120373506663,0.0386176441967375,0.000724908424908425,0.000724908424908425,0.0,0.0,0.0,1.0,0.0,0.0,0.0,0.4512332380952381,1898.6593477020083,0.0002768426858670633,1.6468746010082358e-05,2.4046054663666263e-05,2.5659844439934283e-06,8.859467092749802e-10,0.0001323985297477626,0.000231054255040578,1.273717209319869e-05,2.8794111095371085e-05,3.432193152764769e-07
291,5302,2.5174521160570222,0.3848912996244043,0.2862446144834616,0.0007251415251415252,0.0,0.0,0.0007251415251415252,0.0,0.0,0.0,1.0,0.0,0.45125935930735933,1898.6607548896507,0.0002541444336577353,9.16991297495634e-06,1.3600996511781604e-05,0.00012356840415690795,1.5256735467659833e-07,0.00027019113252575033,4.536456488786215e-05,8.94277594863461e-06,6.737123220358545e-09,3.0831764359324576e-06
292,3432,0.8428729554998426,0.2223263612126984,0.1043077234588952,0.0007260273060273061,0.0,0.0007260273060273061,0.0,0.0,0.0,1.0,0.0,0.0,0.4513586199134199,1898.6661021813616,0.00022175967767168177,7.400176734482363e-06,1.0507330124399779e-05,4.966870484530513e-06,1.8154270631166217e-09,0.0002612427765826129,0.0001942884171958666,1.1337803790255644e-05,1.4522438016413499e-05,4.737592319383529e-07
293,6666,1.8107219770520953,0.1659214086868653,0.027103892616277,0.0007261272061272063,0.0,0.0,0.0007261272061272063,0.0,0.0,0.0,1.0,0.0,0.4513698147186147,1898.666705257255,0.000254489890823251,9.182377588478508e-06,1.3619484273388363e-05,0.00012373644262260572,1.5278098083230032e-07,0.00027055840198442535,4.542615610088064e-05,8.954925573846378e-06,6.74617949800475e-09,3.0872883393285753e-06
294,6991,1.5869838926526876,0.1510598947010797,0.0403413203704628,0.0007261438561438562,0.0,0.0,0.0007261438561438562,0.0,0.0,0.0,1.0,0.0,0.4513716805194805,1898.666805769862,0.0002544957262483441,9.182588139382597e-06,1.3619796566658745e-05,0.00012373928149886804,1.527845912789625e-07,0.00027056460586048076,4.5427196104326365e-05,8.955130802105248e-06,6.746332411385492e-09,3.0873574064648086e-06
295,3991,0.824461756473836,0.0527269140717865,0.0792198171813357,0.0007262037962037962,0.0007262037962037962,0.0,0.0,0.0,1.0,0.0,0.0,0.0,0.4513783974025974,1898.6671676151489,0.00027733738844780783,1.649817474910538e-05,2.4089023634515476e-05,2.5705479548076826e-06,8.875681687914187e-10,0.00013263513438153802,0.00023146715798738463,1.2759932677525033e-05,2.88455488029433e-05,3.438227970235818e-07
296,6731,1.8454658176073568,0.0505108480700099,0.1358082819834989,0.0007265301365301366,0.0,0.0,0.0007265301365301366,0.0,0.0,0.0,1.0,0.0,0.4514149670995671,1898.6691376589972,0.00025463110811050564,9.187472920357501e-06,1.3627041770531663e-05,0.00012380513424823666,1.5286831344237205e-07,0.0002707085357835181,4.5451333364184384e-05,8.959892137910171e-06,6.749881450052609e-09,3.0889689870389854e-06
297,6059,1.5022830688864832,0.1078929843685555,0.1236620207525825,0.0007272094572094573,0.0,0.0,0.0007272094572094573,0.0,0.0,0.0,1.0,0.0,0.4514910917748918,1898.6732385518974,0.000254869193454307,9.1960633972444e-06,1.3639783335963348e-05,0.00012392094469073988,1.530155569940422e-07,0.0002709616539241904,4.5493781213769394e-05,8.96826551354419e-06,6.7561227046360715e-09,3.091802702647503e-06
298,5200,2.0774372015877156,0.1568886195081704,0.1657752136795797,0.0007273992673992673,0.0,0.0,0.0007273992673992673,0.0,0.0,0.0,1.0,0.0,0.4515123619047619,1898.674384386069,0.0002549357173003691,9.198463677551032e-06,1.3643343479245727e-05,0.00012395330324615095,1.5305669884857913e-07,0.0002710323781105369,4.5505641887029984e-05,8.970605132932713e-06,6.757866602359781e-09,3.0925947205879926e-06
299,5828,1.9383745247170767,0.1944273097667153,0.1068655201950367,0.0007277089577089578,0.0,0.0,0.0007277089577089578,0.0,0.0,0.0,1.0,0.0,0.4515470658008658,1898.6762539016513,0.0002550442562071021,9.202379924367119e-06,1.364915213407488e-05,0.00012400609982043834,1.531238310127727e-07,0.0002711477702042331,4.5524992475312295e-05,8.974422400691406e-06,6.760711725802178e-09,3.093885917527183e-06
300,5222,1.2178567335114772,0.1685944062647322,0.0745572938689345,0.0007280119880119881,0.0,0.0,0.0007280119880119881,0.0,0.0,0.0,1.0,0.0,0.45158102337662337,1898.6780832086017,0.0002551504609437978,9.20621195082157e-06,1.3654835871595875e-05,0.00012405775989075802,1.5318951608290184e-07,0.0002712606807473775,4.5543928015679e-05,8.978157580061951e-06,6.763495813432753e-09,3.095150444249015e-06
301,5534,3.2738073408869623,0.0977031734264222,0.1762231735830828,0.000729000999000999,0.0,0.0,0.0,0.000729000999000999,0.0,0.0,0.0,1.0,0.45169185194805195,1898.6840535565318,0.0002464615796947906,9.774295088742737e-06,1.4271471176908223e-05,0.00020468017717575665,3.171366550149374e-06,0.0002391718465648458,3.302248311431099e-06,8.167983618121447e-06,3.082025306082488e-11,1.1470293570058695e-05
302,6653,1.8030309584603137,0.0754559522479288,0.118919631900229,0.0007293006993006993,0.0,0.0,0.0007293006993006993,0.0,0.0,0.0,1.0,0.0,0.4517254363636364,1898.685862744562,0.0002556021228460091,9.222508590798185e-06,1.3679007370723627e-05,0.0001242774598888314,1.5346888779862726e-07,0.00027174086075023755,4.562445330700827e-05,8.99404232415437e-06,6.775335138146498e-09,3.100525349740077e-06
303,6403,1.853414721958748,0.0310827266882389,0.0800925702003605,0.0007303896103896104,0.0,0.0,0.0007303896103896104,0.0,0.0,0.0,1.0,0.0,0.45184745974025975,1898.6924360951962,0.00025598375964710243,9.236278619925714e-06,1.3699431350606769e-05,0.0001244630975626853,1.5370496633655117e-07,0.0002721465942413016,4.569249436606052e-05,9.007464296958211e-06,6.785338633303294e-09,3.1050672247476784e-06
304,6102,1.9435266139484368,0.2030427345939137,0.0799933603252728,0.0007304761904761906,0.0,0.0,0.0007304761904761906,0.0,0.0,0.0,1.0,0.0,0.4518571619047619,1898.6929587447382,0.0002560141038575869,9.237373484626987e-06,1.370105527561277e-05,0.00012447785785920745,1.537237384765259e-07,0.00027217885439658433,4.569790424402022e-05,9.008531486087e-06,6.786133988350308e-09,3.105428236491615e-06
305,6332,1.9012144841383425,0.1572903975279505,0.0769668348033955,0.000731018981018981,0.0,0.0,0.000731018981018981,0.0,0.0,0.0,1.0,0.0,0.451917987012987,1898.6962353479767,0.00025620433871562424,9.24423744410034e-06,1.3711236036227298e-05,0.0001245703934744589,1.5384142780643299e-07,0.0002723811007547407,4.573182010725099e-05,9.015221938557422e-06,6.7911202146801394e-09,3.1076915897655134e-06
306,5170,1.3642731539832096,0.0860967363626063,0.1857351717795671,0.0007310889110889112,0.0,0.0,0.0007310889110889112,0.0,0.0,0.0,1.0,0.0,0.4519258233766234,1898.6966574861221,0.0002562288475010156,9.245121757897524e-06,1.3712547667962914e-05,0.000124582314886488,1.5385658899168247e-07,0.00027240715703395996,4.573618998999571e-05,9.016083899935407e-06,6.791762664423717e-09,3.1079835431282576e-06
307,6435,1.8330171462356584,0.415796343666324,0.1821981245622237,0.0007313320013320014,0.0,0.0,0.0007313320013320014,0.0,0.0,0.0,1.0,0.0,0.45195306406926405,1898.6981249170854,0.0002563140447073758,9.248195801097246e-06,1.3717107149710526e-05,0.0001246237569211697,1.539092970273674e-07,0.00027249773362378977,4.5751379599051454e-05,9.019080237000483e-06,6.793995778941672e-09,3.1089974877099823e-06
308,6161,1.7520822758665433,0.1002027253270617,0.1175011300444236,0.0007313952713952714,0.0,0.0,0.0007313952713952714,0.0,0.0,0.0,1.0,0.0,0.4519601541125541,1898.6985068507543,0.00025633621932272987,9.24899589453279e-06,1.3718293864137986e-05,0.0001246345434287157,1.5392301673478025e-07,0.00027252130835268737,4.575533283439603e-05,9.019860104374089e-06,6.794576962805728e-09,3.1092611652944148e-06
309,6620,2.9942652266949503,0.4240040581038365,0.4596530452683007,0.0007316683316683317,0.0,0.0,0.0,0.0007316683316683317,0.0,0.0,0.0,1.0,0.45199075324675325,1898.7001551940868,0.00024736335489628305,9.810058135194086e-06,1.4323688884885617e-05,0.00020542959950092262,3.1835804761737394e-06,0.00024004694946058478,3.313810290118301e-06,8.197259099068538e-06,3.09251008861252e-11,1.1511131239388516e-05
310,6910,1.3884750988914147,0.6275169616389915,0.1867760343506669,0.0007321178821178821,0.0,0.0,0.0007321178821178821,0.0,0.0,0.0,1.0,0.0,0.4520411298701299,1898.7028689230694,0.0002565894767717735,9.258133803770325e-06,1.3731847392072669e-05,0.00012475773470431803,1.5407970596742772e-07,0.0002727905565719581,4.5800484938122836e-05,9.028767014961513e-06,6.801214937751914e-09,3.112274640411643e-06
311,2353,0.9023825801334489,0.1814781368231269,0.145222538461436,0.0007321212121212122,0.0007321212121212122,0.0,0.0,0.0,1.0,0.0,0.0,0.0,0.45204150303030305,1898.7028890247332,0.00027959725087964104,1.6632608860272254e-05,2.428531119543851e-05,2.5913942987084674e-06,8.949771756870844e-10,0.0001337159834618047,0.00023335334993446685,1.286390583325201e-05,2.9080512680452602e-05,3.465600752363242e-07
312,5399,1.4463047544853271,0.0209190945382618,0.1384446849169187,0.0007323210123210123,0.0,0.0,0.0007323210123210123,0.0,0.0,0.0,1.0,0.0,0.45206389264069263,1898.7040951236827,0.00025666066895791014,9.260702524800231e-06,1.3735657369971359e-05,0.00012479236407911395,1.5412375187506056e-07,0.00027286624385935824,4.5813177895765085e-05,9.031270801261366e-06,6.803080956918357e-09,3.113122177571888e-06
313,5172,1.6033263045506811,0.0371491973517782,0.0875877029667666,0.0007323409923409924,0.0,0.0,0.0007323409923409924,0.0,0.0,0.0,1.0,0.0,0.4520661316017316,1898.704215733483,0.00025666767146802195,9.260955185885141e-06,1.3736032121895821e-05,0.00012479577043427793,1.5412808514302994e-07,0.00027287368851060934,4.5814426196250796e-05,9.031517074440035e-06,6.80326446838176e-09,3.1132053537850923e-06
314,3807,1.507329298279767,0.1021034742802809,0.1090782167761577,0.0007335131535131536,0.0,0.0007335131535131536,0.0,0.0,0.0,1.0,0.0,0.0,0.452197483982684,1898.711291478368,0.00022404617449043704,7.476477713719318e-06,1.0615668020428925e-05,5.017859679218493e-06,1.8346102731147857e-09,0.00026393653413124736,0.00019629188887605376,1.1454703983636201e-05,1.4672012008139408e-05,4.785413267405312e-07
315,3400,1.5089851374892271,0.1240456888596275,0.1499464777341102,0.000733986013986014,0.0,0.000733986013986014,0.0,0.0,0.0,1.0,0.0,0.0,0.4522504727272727,1898.714145881439,0.0002241906062289883,7.4812974374967405e-06,1.0622511428452118e-05,5.021080042718463e-06,1.8358222208838006e-09,0.0002641066900183615,0.00019641844317635818,1.1462088248323601e-05,1.4681461583094233e-05,4.788466740997992e-07
316,5034,2.7787381550488384,0.1801225816301924,0.0815341581622198,0.0007342390942390942,0.0,0.0,0.0,0.0007342390942390942,0.0,0.0,0.0,1.0,0.4522788329004329,1898.715673586171,0.00024823248155739685,9.844526389701504e-06,1.4374016064109773e-05,0.00020615189370855916,3.19535718406919e-06,0.00024089036948001408,3.3249491443727408e-06,8.225469684783533e-06,3.102608732538821e-11,1.1550480881330886e-05
317,6791,3.126545445237323,0.1921698010446912,0.1864442625967468,0.0007343689643689645,0.0,0.0,0.0,0.0007343689643689645,0.0,0.0,0.0,1.0,0.45229338614718617,1898.7164575388447,0.0002482763882151475,9.846267661626103e-06,1.4376558499329648e-05,0.00020618838224720635,3.1959518747274278e-06,0.00024093297748616727,3.325512275950622e-06,8.2268950776108e-06,3.1031198688110176e-11,1.1552469415958755e-05
318,6956,3.476051805416161,0.1107909096621292,0.4102104566480169,0.0007347619047619047,0.0,0.0,0.0,0.0007347619047619047,0.0,0.0,0.0,1.0,0.45233741904761904,1898.718829493795,0.0002484092340001363,9.85153612539796e-06,1.4384250995635928e-05,0.0002062987858784722,3.1977529189289933e-06,0.0002410618940176541,3.3272136981861986e-06,8.231206080878185e-06,3.104661474196031e-11,1.1558481872293966e-05
319,5473,3.118750260833584,0.425376552472804,0.4961773432127818,0.0007348651348651348,0.0,0.0,0.0,0.0007348651348651348,0.0,0.0,0.0,1.0,0.452348987012987,1898.7194526334004,0.00024844413416398933,9.852920213338026e-06,1.4386271905682495e-05,0.00020632778974472563,3.1982257455832167e-06,0.00024109576191998596,3.327661159547565e-06,8.232338961609874e-06,3.105067263964138e-11,1.1560062222502735e-05
320,5792,3.1157564139915173,0.1510604820369658,0.310432487551314,0.0007351881451881453,0.0,0.0,0.0,0.0007351881451881453,0.0,0.0,0.0,1.0,0.4523851835497835,1898.721402454363,0.0002485533379024972,9.857251069150488e-06,1.4392595398408848e-05,0.00020641854448358746,3.199705750245403e-06,0.00024120173567890722,3.32906057483529e-06,8.235883267155219e-06,3.106335804900495e-11,1.156500596870665e-05
321,5309,1.1844392638298569,0.1453966971791205,0.0573675303993185,0.0007355611055611056,0.0,0.0,0.0007355611055611056,0.0,0.0,0.0,1.0,0.0,0.4524269774891775,1898.7236537884446,0.000257796242681041,9.301675730736273e-06,1.3796429640388164e-05,0.00012534473935026688,1.5482645137229955e-07,0.0002740735181348809,4.601563261579769e-05,9.07120811386057e-06,6.832842761809576e-09,3.126632594928694e-06
322,5257,3.1560331522762364,0.1204692431766,0.2072820679539639,0.0007355810855810855,0.0,0.0,0.0,0.0007355810855810855,0.0,0.0,0.0,1.0,0.45242921645021644,1898.7237743954586,0.0002486861836874861,9.862519532922345e-06,1.440028789471513e-05,0.00020652894728728652,3.2015062985590802e-06,0.00024133065221037682,3.3307628246376686e-06,8.240194766310494e-06,3.107879134166963e-11,1.1571019748530924e-05
323,6124,1.8407538215908208,0.174563225631605,0.062665279590003,0.0007360173160173161,0.0,0.0,0.0007360173160173161,0.0,0.0,0.0,1.0,0.0,0.45247810043290043,1898.7264076443146,0.0002579561333285939,9.307444825508358e-06,1.3804986475996698e-05,0.00012542251431414052,1.5492540500030666e-07,0.00027424350433826594,4.604413895592448e-05,9.07683134076413e-06,6.837033121782649e-09,3.1285352538535293e-06
324,5949,1.6266704939275412,0.0084661154441329,0.0727272918738363,0.0007361804861804862,0.0,0.0,0.0007361804861804862,0.0,0.0,0.0,1.0,0.0,0.45249638528138525,1898.7273925978886,0.0002580133204945069,9.309508224368445e-06,1.3808046950046465e-05,0.00012545033192166462,1.54960799307281e-07,0.0002743043023234757,4.605433436953921e-05,9.078842565771364e-06,6.838531806151529e-09,3.1292154799725594e-06
325,6454,1.83443735253048,0.0511912988585169,0.0713699795634069,0.0007366133866133866,0.0,0.0,0.0007366133866133866,0.0,0.0,0.0,1.0,0.0,0.4525448961038961,1898.7300057344705,0.00025816504154692934,9.314982547874802e-06,1.3816166575076459e-05,0.0001255241339308917,1.5505470560508373e-07,0.0002744656031006279,4.608138323272128e-05,9.084178465817382e-06,6.842507842665449e-09,3.1310199650011906e-06
326,2102,1.2030842187413215,0.1402755134675508,0.1244063262190479,0.0007371195471195471,0.0,0.0007371195471195471,0.0,0.0,0.0,1.0,0.0,0.0,0.45260161645021646,1898.7330610839376,0.00022514772077812027,7.513236592951355e-06,1.0667861054859336e-05,5.042422467923204e-06,1.8438553378222688e-09,0.0002652342831894901,0.0001972570863753783,1.1511022000514363e-05,1.4744070804972365e-05,4.808465911993473e-07
327,6382,1.8119392665472716,0.2030550459881101,0.0854427646919133,0.0007371495171495172,0.0,0.0,0.0007371495171495172,0.0,0.0,0.0,1.0,0.0,0.45260497489177487,1898.7332419924417,0.0002583529422349294,9.321762286986522e-06,1.3826222418382837e-05,0.00012561553449317453,1.551710075388287e-07,0.0002746653679092561,4.6114882597037514e-05,9.090786770201753e-06,6.847432009696609e-09,3.133255135313916e-06
328,6747,1.425875403623581,0.0402216281909449,0.1377779619492258,0.0007371828171828173,0.0,0.0,0.0007371828171828173,0.0,0.0,0.0,1.0,0.0,0.4526087064935065,1898.7334430018454,0.00025836461308511574,9.322183388794703e-06,1.3826847004923606e-05,0.0001256212115130528,1.5517823126781584e-07,0.00027467777566134405,4.611696333657532e-05,9.09119722388383e-06,6.847737859334759e-09,3.133393999442879e-06
329,2760,1.612079428070237,0.035883722224336,0.0684344405678518,0.0007372094572094572,0.0,0.0007372094572094572,0.0,0.0,0.0,1.0,0.0,0.0,0.4526116917748918,1898.733603809334,0.0002251751831509434,7.5141530193034e-06,1.0669162266244028e-05,5.043034622675756e-06,1.8440857774102398e-09,0.00026526663614101655,0.00019728114968487026,1.1512426050843435e-05,1.4745868187782986e-05,4.809060833765909e-07
330,6153,2.7418695204495593,0.1412718411183168,0.168683182292503,0.0007372893772893773,0.0,0.0,0.0,0.0007372893772893773,0.0,0.0,0.0,1.0,0.45262064761904763,1898.7340862316169,0.00024926372510866663,9.885423955930513e-06,1.4433730696453462e-05,0.00020700892050319787,3.209335785866246e-06,0.00024189111136841521,3.3381615786098407e-06,8.258937146389544e-06,3.1145847890785144e-11,1.1597161016695275e-05
331,5927,3.482191679116417,0.0281411633414781,0.1359385715215576,0.0007378821178821178,0.0,0.0,0.0,0.0007378821178821178,0.0,0.0,0.0,1.0,0.45268707012987014,1898.7376641882995,0.00024946411959788717,9.893371299586368e-06,1.444533463155955e-05,0.00020717546137073527,3.2120529516967776e-06,0.00024208557867861952,3.3407283341509164e-06,8.265439848774891e-06,3.116910730709653e-11,1.1606230521140422e-05
332,5259,1.7391580386842072,0.0123971707353491,0.1167696481594962,0.0007379487179487179,0.0,0.0,0.0007379487179487179,0.0,0.0,0.0,1.0,0.0,0.4526945333333333,1898.7380662049593,0.00025863304263940153,9.331868730382874e-06,1.3841212495361288e-05,0.00012575178303151198,1.5534438243537247e-07,0.0002749631539594029,4.616482028468622e-05,9.100637653170724e-06,6.85477236507092e-09,3.136587807678012e-06
333,6194,2.6827970803199386,0.3640054357678592,0.2254917287492637,0.0007383050283050284,0.0,0.0,0.0,0.0007383050283050284,0.0,0.0,0.0,1.0,0.45273446147186147,1898.7402169908462,0.00024960709768851087,9.899041595340829e-06,1.4453613843685806e-05,0.00020729428546638513,3.213991656687746e-06,0.00024222432782690934,3.3425596774391147e-06,8.270079364364919e-06,3.118570459921359e-11,1.1612701413213301e-05
334,5109,2.574985124895555,0.2497234132489385,0.3168048851880909,0.0007385714285714286,0.0,0.0,0.0007385714285714286,0.0,0.0,0.0,1.0,0.0,0.4527643142857143,1898.7418250514907,0.0002588512875378861,9.339743334195864e-06,1.3852892263673666e-05,0.00012585794417798804,1.554794815283163e-07,0.000275195178923717,4.620372923929103e-05,9.108313121664663e-06,6.860491483934306e-09,3.1391836762380493e-06
335,5525,1.8123126019233988,0.1280086533312837,0.0295647886739264,0.0007397635697635698,0.0,0.0,0.0007397635697635698,0.0,0.0,0.0,1.0,0.0,0.4528979056277056,1898.7490210854544,0.00025926910397455706,9.354818778928755e-06,1.387525246183319e-05,0.0001260611832832137,1.5573813908362366e-07,0.00027563937644927534,4.627821792116139e-05,9.123007315425416e-06,6.871440091297913e-09,3.144153168795419e-06
336,6756,3.2180373214674125,0.0952804146668117,0.2651748345253794,0.0007407525807525808,0.0,0.0,0.0,0.0007407525807525808,0.0,0.0,0.0,1.0,0.45300873419913423,1898.754990933129,0.0002504345693153485,9.931857873919782e-06,1.4501528968983415e-05,0.0002079819697433875,3.2252137304511375e-06,0.00024302732486625018,3.3531568777552185e-06,8.296928094751369e-06,3.1281733659568184e-11,1.1650147535973928e-05
337,5923,3.005196143893628,0.0425761356204057,0.1657964651867156,0.0007408558108558109,0.0,0.0,0.0,0.0007408558108558109,0.0,0.0,0.0,1.0,0.4530203021645022,1898.755614046116,0.0002504694694792015,9.933241961859846e-06,1.4503549879029981e-05,0.00020801097444161443,3.2256873080565217e-06,0.00024306119276859225,3.3536035071430703e-06,8.298060224531895e-06,3.128578133864378e-11,1.1651726303237605e-05
338,5514,2.010854577031111,0.0877702638807959,0.0976657297631117,0.0007428538128538128,0.0,0.0,0.0007428538128538128,0.0,0.0,0.0,1.0,0.0,0.45324419826839824,1898.7676742071349,0.00026035215887184937,9.39389702672798e-06,1.3933214092816533e-05,0.00012658801626953725,1.5640874053729694e-07,0.0002767908158469363,4.6471305008650955e-05,9.161097177718403e-06,6.899819038710432e-09,3.1570339711438746e-06
339,6676,1.8889900065586984,0.0272866714048967,0.1939607759505206,0.0007430802530802531,0.0,0.0,0.0007430802530802531,0.0,0.0,0.0,1.0,0.0,0.45326957316017313,1898.7690410145437,0.00026043152065311653,9.396760519023614e-06,1.3937461281293762e-05,0.00012662661993897352,1.5645788359059797e-07,0.00027687518856143876,4.64854541032441e-05,9.163888241060333e-06,6.901898511860096e-09,3.157978290651989e-06
340,6944,1.4516386202513683,0.2878935184855095,0.064328077496412,0.0007447885447885448,0.0,0.0,0.0007447885447885448,0.0,0.0,0.0,1.0,0.0,0.4534610043290043,1898.7793522993106,0.00026103023526767577,9.418363041783315e-06,1.3969502570835201e-05,0.00012691785512122808,1.5682867286362413e-07,0.00027751170624698963,4.659219197903494e-05,9.184944302974847e-06,6.917585159424769e-09,3.1650977391161315e-06
341,5063,3.488937446984172,0.066277151393585,0.4558547964697642,0.0007450149850149851,0.0,0.0,0.0,0.0007450149850149851,0.0,0.0,0.0,1.0,0.4534863792207792,1898.7807190878634,0.00025187560833895694,9.989007311445034e-06,1.4584972996712587e-05,0.0002091795777927089,3.2447665502358384e-06,0.00024442574147910315,3.371603646076869e-06,8.343675450901084e-06,3.144884461354913e-11,1.171534199466721e-05
342,5320,1.271625717684604,0.1415708563424503,0.1333455156151387,0.0007453912753912754,0.0,0.0,0.0,0.0007453912753912754,0.0,0.0,0.0,1.0,0.45352854632034634,1898.78299036396,0.00025200282506525985,9.994052535226558e-06,1.4592339539785551e-05,0.0002092853047492049,3.246493368618167e-06,0.00024454919544571413,3.373231528950915e-06,8.347801694925465e-06,3.146358981730504e-11,1.1721096151056103e-05
343,6989,1.587663245325448,0.0621309850913967,0.1312841404135793,0.0007458707958707958,0.0,0.0,0.0007458707958707958,0.0,0.0,0.0,1.0,0.0,0.4535822813852814,1898.7858847246675,0.0002614095378987318,9.432048850549208e-06,1.3989801633410186e-05,0.00012710236128786267,1.5706360565992205e-07,0.0002779149581924782,4.665981299342326e-05,9.1982838860381e-06,6.927522642498612e-09,3.169607635853007e-06
344,5880,1.767235171868527,0.2458556949767888,0.089568632601909,0.0007469030969030969,0.0,0.0,0.0007469030969030969,0.0,0.0,0.0,1.0,0.0,0.45369796103896104,1898.7921156064936,0.00026177133425450835,9.445103006602829e-06,1.4009163816174021e-05,0.00012727835164967117,1.5728771307054047e-07,0.00027829959850996655,4.672431317351354e-05,9.21100777837044e-06,6.937001219493085e-09,3.1739095009339618e-06
345,6914,1.8587441406674032,0.161749495410038,0.1663593423411318,0.0007481551781551781,0.0,0.0,0.0007481551781551781,0.0,0.0,0.0,1.0,0.0,0.4538382692640692,1898.7996730016082,0.0002622101582215147,9.460936434590446e-06,1.4032648270106928e-05,0.00012749181120581972,1.5755955888621894e-07,0.00027876612999222625,4.6802545371409955e-05,9.226440603210735e-06,6.9484974131927765e-09,3.1791269423471144e-06
346,5955,1.551978327163435,0.2166288427035315,0.0236206306382699,0.0007484015984015984,0.0,0.0,0.0007484015984015984,0.0,0.0,0.0,1.0,0.0,0.45386588311688314,1898.8011603533384,0.0002622965225128936,9.464052587970988e-06,1.4037270210508617e-05,0.00012753382153787428,1.5761306207704062e-07,0.00027885794735840947,4.6817942459034475e-05,9.22947791286178e-06,6.950759968136523e-09,3.1801541028852716e-06
347,6327,3.026810089132076,0.171572960501835,0.1307076607169013,0.0007493872793872794,0.0,0.0,0.0,0.0007493872793872794,0.0,0.0,0.0,1.0,0.4539763385281385,1898.8071097341242,0.00025335379914989274,1.0047630132906483e-05,1.467056831578165e-05,0.00021040807168669289,3.2648355752247556e-06,0.00024586021102041054,3.3905159830032654e-06,8.391615903257392e-06,3.162010957973374e-11,1.1782195126479864e-05
348,6328,1.9889606479646444,0.5342381055553908,0.0769815155919888,0.0007496736596736596,0.0,0.0,0.0007496736596736596,0.0,0.0,0.0,1.0,0.0,0.4540084303030303,1898.8088382625942,0.00026274234899001175,9.480138677043514e-06,1.4061129416365985e-05,0.00012775068790169366,1.578892804356696e-07,0.0002793319234925491,4.68974225049097e-05,9.245156971605763e-06,6.962439044462358e-09,3.1854542274722085e-06
349,5131,3.5374579447245074,0.0895659137757491,0.2844833720563794,0.0007502364302364303,0.0,0.0,0.0,0.0007502364302364303,0.0,0.0,0.0,1.0,0.4540714943722944,1898.8122350117453,0.00025364088114287727,1.0059015372413467e-05,1.4687191930680823e-05,0.00021064666116728335,3.2687349067595776e-06,0.00024613880183004753,3.394187423115156e-06,8.400924809897005e-06,3.165335609725192e-11,1.1795175539724458e-05
350,6379,1.6524507846149143,0.153853817403917,0.0979868809176622,0.0007504928404928404,0.0,0.0,0.0007504928404928404,0.0,0.0,0.0,1.0,0.0,0.4541002277056277,1898.8137826384952,0.00026302945190459574,9.490497781524775e-06,1.4076494245268897e-05,0.0001278903457206275,1.5806717553389636e-07,0.00027963715419701573,4.694860556761168e-05,9.25525394081969e-06,6.969959842520034e-09,3.1888669575457895e-06
351,5885,3.465213386488217,0.0729965976709356,0.2252989632434617,0.0007523409923409924,0.0,0.0,0.0,0.0007523409923409924,0.0,0.0,0.0,1.0,0.4543073316017316,1898.8249375268217,0.0002543523941607839,1.008723290719156e-05,1.47283924193721e-05,0.00021123798956515085,3.2784004902843774e-06,0.0002468292700327894,3.4032860914589213e-06,8.423994938239825e-06,3.1735721418412605e-11,1.1827344501141542e-05
352,5323,2.793287486876769,0.1697044850975605,0.1029274754434797,0.0007525641025641026,0.0,0.0,0.0,0.0007525641025641026,0.0,0.0,0.0,1.0,0.45433233333333334,1898.8262841430355,0.00025442782354717587,1.0090224323062023e-05,1.4732760192698548e-05,0.00021130067770917083,3.2794251275105323e-06,0.0002469024684023835,3.4042508167999295e-06,8.426440700847736e-06,3.1744453474289586e-11,1.1830755006554455e-05
353,5020,1.8364556988828524,0.2628125566125247,0.1548109935700908,0.0007528071928071928,0.0,0.0,0.0007528071928071928,0.0,0.0,0.0,1.0,0.0,0.45435957402597404,1898.8277513493072,0.00026384057599254635,9.519764357193377e-06,1.4119903009852331e-05,0.00012828490743794498,1.5856982605962408e-07,0.0002804994929768041,4.7093208129712444e-05,9.283779870362852e-06,6.99120671673447e-09,3.1985085580203947e-06
354,5195,2.7974707730005237,0.0510435514289044,0.1267258898668283,0.000752937062937063,0.0,0.0,0.0,0.000752937062937063,0.0,0.0,0.0,1.0,0.4543741272727273,1898.8285351981908,0.00025455391446174165,1.0095224898845482e-05,1.4740061545124851e-05,0.00021140547069210656,3.2811385908385654e-06,0.000247024829856038,3.4058626304079675e-06,8.430528502913964e-06,3.1759045913959394e-11,1.1836454651413726e-05
355,3776,1.4529449295167802,0.0774074619586424,0.1544467420241552,0.0007543989343989345,0.0007543989343989345,0.0,0.0,0.0,1.0,0.0,0.0,0.0,0.4545379445887446,1898.837358472729,0.00028810511788524836,1.7138722649639938e-05,2.5024289125981613e-05,2.6698612278577476e-06,9.228961027651344e-10,0.00013778514146966725,0.00024045444753355397,1.3255341042107487e-05,2.9965090568775314e-05,3.568649639180575e-07
356,6204,1.704683873604328,0.1092429897982929,0.0541055855765657,0.0007551415251415252,0.0,0.0,0.0007551415251415252,0.0,0.0,0.0,1.0,0.0,0.4546211593073593,1898.8418404197841,0.0002646587025906088,9.549283593946887e-06,1.4163686526360225e-05,0.00012868287669216168,1.5907691257156189e-07,0.0002813692764094908,4.723905781056363e-05,9.312551970366442e-06,7.012635455129739e-09,3.2082320469601928e-06
357,5779,1.5360227122262375,0.1417158296537938,0.0244254704236152,0.0007561272061272061,0.0,0.0,0.0007561272061272061,0.0,0.0,0.0,1.0,0.0,0.45473161471861473,1898.847789514642,0.00026500415975612445,9.561748207469053e-06,1.418217428796698e-05,0.00012885092031305153,1.592910571842938e-07,0.0002817365458764105,4.730064386839004e-05,9.32470107712118e-06,7.021683488068944e-09,3.212338260217846e-06
358,6395,1.5149203872327899,0.1820580321016717,0.0165121329966944,0.0007562071262071262,0.0,0.0,0.0007562071262071262,0.0,0.0,0.0,1.0,0.0,0.45474057056277056,1898.848271871852,0.00026503216979657167,9.562758851808688e-06,1.4183673295664826e-05,0.00012886454613845775,1.5930842399353657e-07,0.0002817663244819544,4.730563666558243e-05,9.325686136098487e-06,7.0224169944235575e-09,3.2126705255038773e-06
359,1298,1.4333140851086732,0.1512685738809034,0.0737947172332815,0.000756906426906427,0.000756906426906427,0.0,0.0,0.0,1.0,0.0,0.0,0.0,0.4548189341991342,1898.8524924857124,0.00028906272982175395,1.719568882055083e-05,2.510746556569745e-05,2.6786917695783164e-06,9.260411186547586e-10,0.00013824315169386835,0.00024125372044321786,1.3299399441967571e-05,3.006465330867398e-05,3.580225121306677e-07
360,5707,1.4482816212328296,0.3246516342167922,0.0224222537176018,0.0007572161172161172,0.0,0.0,0.0,0.0007572161172161172,0.0,0.0,0.0,1.0,0.4548536380952381,1898.8543616079837,0.000256000582544036,1.0152597576361069e-05,1.482383152608734e-05,0.00021260778448263572,3.300801210074039e-06,0.00024842870903419727,3.42435387165328e-06,8.477425044675151e-06,3.192639728977209e-11,1.1901842769123077e-05
361,5100,1.0283926035649535,0.1621453013807117,0.1036130839697835,0.0007573359973359975,0.0,0.0,0.0007573359973359975,0.0,0.0,0.0,1.0,0.0,0.4548670718614719,1898.8550851380771,0.0002654278116178886,9.577034203106037e-06,1.4204846779396891e-05,0.00012905700266106838,1.5955370421251846e-07,0.000282186947284107,4.737616818717728e-05,9.339600120114548e-06,7.0327789262222655e-09,3.2173720621911893e-06
362,6371,2.803527606108231,0.1859609970809751,0.2181937935721139,0.0007582683982683984,0.0,0.0,0.0,0.0007582683982683984,0.0,0.0,0.0,1.0,0.4549715567099567,1898.860712573247,0.00025635633905298936,1.0166706343750116e-05,1.484443177043298e-05,0.00021290345230719925,3.3056383794323177e-06,0.0002487739431356206,3.428899580195418e-06,8.488955731250685e-06,3.19675275833875e-11,1.1917919246501253e-05
363,6888,1.7460902612537823,0.0478551286196617,0.1546466415058486,0.0007593339993339993,0.0,0.0,0.0007593339993339993,0.0,0.0,0.0,1.0,0.0,0.45509096796536797,1898.8671438819108,0.00026612806262906895,9.602300311596914e-06,1.4242321971843016e-05,0.00012939763405396548,1.5998788256028592e-07,0.0002829314124215003,4.7501002359245535e-05,9.364226586430568e-06,7.051117788226761e-09,3.225692930888596e-06
364,6960,2.9923894601025913,0.218159327168652,0.0761723726889211,0.0007593906093906093,0.0,0.0,0.0,0.0007593906093906093,0.0,0.0,0.0,1.0,0.4550973116883117,1898.8674855438164,0.00025673573760842374,1.018175271909856e-05,1.486640101835855e-05,0.0002132187693638698,3.310797630621957e-06,0.0002491421200096144,3.4337469559823973e-06,8.501252073256274e-06,3.201138361547465e-11,1.1935063052005918e-05
365,5679,1.2482081670248948,0.1292536719708943,0.1404304844031555,0.0007594305694305695,0.0,0.0,0.0007594305694305695,0.0,0.0,0.0,1.0,0.0,0.4551017896103896,1898.8677267168434,0.0002661619080946094,9.60352150684064e-06,1.4244133272811248e-05,0.00012941409725300172,1.6000886659205896e-07,0.0002829673949030619,4.750703666251598e-05,9.36541686689088e-06,7.052004245746563e-09,3.226095759242928e-06
366,5381,1.406733802243184,0.1534624433184255,0.0601308879003871,0.0007597469197469198,0.0,0.0,0.0007597469197469198,0.0,0.0,0.0,1.0,0.0,0.45513723982683985,1898.8696360008803,0.0002662727811713796,9.607521974018365e-06,1.4250066844948553e-05,0.00012946803079159474,1.600776192068075e-07,0.00028308526854995216,4.75268018383758e-05,9.36931604968123e-06,7.054907762583246e-09,3.227412987419939e-06
367,5478,1.9592851536201552,0.1552976734262437,0.0478151197634367,0.0007600199800199801,0.0,0.0,0.0007600199800199801,0.0,0.0,0.0,1.0,0.0,0.45516783896103896,1898.8712840110068,0.0002663684821429076,9.610975008845451e-06,1.4255188454582856e-05,0.00012951458394095045,1.6013696487123924e-07,0.0002831870121188657,4.7543862316232026e-05,9.372681658787517e-06,7.057413937267259e-09,3.2285499722522863e-06
368,5996,1.8266622332247264,0.1192983913386422,0.0266758536956976,0.0007607858807858808,0.0,0.0,0.0007607858807858808,0.0,0.0,0.0,1.0,0.0,0.4552536658008658,1898.8759064613112,0.0002666369116971934,9.62066035043362e-06,1.4269553945020539e-05,0.00012964515982554636,1.6030342879100306e-07,0.00028347239042201535,4.759171489820616e-05,9.382121775322206e-06,7.064443352186329e-09,3.231739091416673e-06
369,6393,1.4350195290785557,0.5619494435289935,0.1327889552987362,0.0007627139527139527,0.0,0.0,0.0007627139527139527,0.0,0.0,0.0,1.0,0.0,0.4554697255411255,1898.887542865739,0.00026731265392298246,9.645042145127318e-06,1.430571750573105e-05,0.0001299738707651513,1.6072252869928844e-07,0.00028419079928151443,4.771217822879283e-05,9.405886197514474e-06,7.0821384395521915e-09,3.23976696261889e-06
370,6866,2.807765762496791,0.2998474246368028,0.1913262888380625,0.0007628504828504828,0.0,0.0,0.0007628504828504828,0.0,0.0,0.0,1.0,0.0,0.4554850251082251,1898.8883668537692,0.00026736050440874645,9.646768662540862e-06,1.4308278310548204e-05,0.00012999714699652245,1.6075220661071567e-07,0.0002842416710660165,4.772070881102765e-05,9.407568996988408e-06,7.083391481601652e-09,3.2403357931719712e-06
371,5999,1.7102270368732346,0.0717094368048347,0.1356395859374536,0.0007633100233100234,0.0,0.0,0.0007633100233100234,0.0,0.0,0.0,1.0,0.0,0.45553652121212124,1898.8911402710012,0.000267521562141318,9.652579867493764e-06,1.4316897604810815e-05,0.00013007549277675316,1.608521067146771e-07,0.00028441289804825344,4.774942011073901e-05,9.413233045157119e-06,7.087608783456611e-09,3.2422489927513105e-06
372,6709,1.4681535941367772,0.0287993481819157,0.1198234273971921,0.0007633200133200133,0.0,0.0,0.0007633200133200133,0.0,0.0,0.0,1.0,0.0,0.4555376406926407,1898.8912005625791,0.00026752506339637383,9.652706198036218e-06,1.4317084980773044e-05,0.00013007719602009928,1.608542788314008e-07,0.00028441662037396586,4.7750044195217685e-05,9.413356176263712e-06,7.0877004523166136e-09,3.242290509437233e-06
373,5625,3.0312766395700033,0.2418239722951092,0.0923336672666068,0.0007642357642357642,0.0,0.0,0.0,0.0007642357642357642,0.0,0.0,0.0,1.0,0.45564025974025973,1898.896727272321,0.00025837379368604115,1.0246715556285467e-05,1.496125340925382e-05,0.00021458016148021683,3.333082531304459e-06,0.0002507317263944835,3.4546671518780785e-06,8.554331825686726e-06,3.22006141911281e-11,1.2009063378793207e-05
374,5249,1.9943137764489711,0.1904885348444374,0.1639324097611419,0.0007651648351648352,0.0,0.0,0.0007651648351648352,0.0,0.0,0.0,1.0,0.0,0.45574437142857144,1898.902334333686,0.00026817162849669706,9.676035238209464e-06,1.4351687075131637e-05,0.0001303917145052553,1.6125536264487394e-07,0.00028510400985390773,4.7865305581713054e-05,9.436094421023139e-06,7.104630252976942e-09,3.2499710805171953e-06
375,5983,1.8140316017167084,0.23244827699022,0.0767259418111125,0.0007651948051948052,0.0,0.0,0.0007651948051948052,0.0,0.0,0.0,1.0,0.0,0.4557477298701299,1898.9025152060149,0.00026818213226186476,9.676414229836826e-06,1.435224920301833e-05,0.0001303968233971391,1.612618761366356e-07,0.00028511517683092686,4.786717867330371e-05,9.436463817201334e-06,7.104905377626567e-09,3.2500964718242334e-06
376,6744,1.564420557190158,0.2229038575399607,0.0712111235370265,0.0007653513153513154,0.0,0.0,0.0007653513153513154,0.0,0.0,0.0,1.0,0.0,0.4557652683982684,1898.9034597608813,0.0002682369852577406,9.67839340833528e-06,1.4355184759759943e-05,0.00013042350704117582,1.6129590883112003e-07,0.0002851734932670995,4.787695649852264e-05,9.438392868338847e-06,7.106341511715821e-09,3.250747398734913e-06
377,5655,1.425883294711079,0.0257972452028181,0.1178405919086526,0.0007655377955377955,0.0,0.0,0.0007655377955377955,0.0,0.0,0.0,1.0,0.0,0.45578616536796535,1898.90458518658,0.00026830234201878406,9.680751578461093e-06,1.4358682444388247e-05,0.00013045529958413953,1.6133645563224839e-07,0.00028524297668030104,4.7888607408289e-05,9.440691315039673e-06,7.1080527606426705e-09,3.2515237092749618e-06
378,5219,1.5760247111186463,0.1183939229100033,0.1247726921276188,0.0007659507159507161,0.0,0.0,0.0007659507159507161,0.0,0.0,0.0,1.0,0.0,0.4558324372294372,1898.9070771953016,0.0002684470605610947,9.685973240882543e-06,1.4366427317493782e-05,0.0001305256968359227,1.6142623754596312e-07,0.00028539683280947773,4.791440637326539e-05,9.445780733023142e-06,7.111842010101583e-09,3.2532432049355107e-06
379,6295,3.237942373229162,0.0795765099563756,0.2315995348528107,0.0007661038961038961,0.0,0.0,0.0,0.0007661038961038961,0.0,0.0,0.0,1.0,0.4558496025974026,1898.9080016482837,0.00025900537407060704,1.0271763083200832e-05,1.4997825362031996e-05,0.00021510507273471598,3.341678913007539e-06,0.0002513446261759112,3.4627299229240526e-06,8.574793567967401e-06,3.227353003983427e-11,1.2037588037951564e-05
380,5990,3.1183890791603766,0.112100730522525,0.1272911995157112,0.0007662937062937064,0.0,0.0,0.0,0.0007662937062937064,0.0,0.0,0.0,1.0,0.4558708727272727,1898.9091471647089,0.0002590695453396271,1.027430801909063e-05,1.5001541228891812e-05,0.00021515840581996093,3.3425522931607847e-06,0.00025140689941573256,3.463549278777292e-06,8.576872617523737e-06,3.2280941483255055e-11,1.2040486458183902e-05
381,6409,3.8179258425084392,0.1846139379366515,0.3159217681030522,0.0007669730269730269,0.0,0.0,0.0,0.0007669730269730269,0.0,0.0,0.0,1.0,0.45594699740259736,1898.913246894998,0.00025929921093401467,1.0283416210696214e-05,1.5014840120811145e-05,0.00021534928340738715,3.3456790589360977e-06,0.00025162977206353947,3.4664804279128762e-06,8.584312442287968e-06,3.23074412817044e-11,1.2050857485083367e-05
382,6968,1.8279394401415383,0.1084910860885162,0.1806477091223384,0.0007671361971361972,0.0,0.0,0.0007671361971361972,0.0,0.0,0.0,1.0,0.0,0.45596528225108224,1898.9142316311782,0.0002688625428277284,9.700964465253797e-06,1.438866259834515e-05,0.00013072780677547062,1.6168402210886402e-07,0.0002858385487937575,4.798847266893023e-05,9.460392264294086e-06,7.122720308526398e-09,3.258178096337606e-06
383,6268,1.882563839974614,0.1515727141306925,0.1900836595071904,0.0007671761571761571,0.0,0.0,0.0007671761571761571,0.0,0.0,0.0,1.0,0.0,0.45596976017316015,1898.9144727908842,0.000268876547847952,9.701469787423614e-06,1.4389412102194072e-05,0.0001307346197814377,1.6169271329675835e-07,0.0002858534380966543,4.799096897426243e-05,9.460884785999467e-06,7.1230869368036145e-09,3.2583441276836126e-06
384,5113,2.75209584274986,0.0772434842833576,0.2014545206322859,0.0007676390276390277,0.0,0.0,0.0007676390276390277,0.0,0.0,0.0,1.0,0.0,0.45602162943722946,1898.9172662191388,0.0002690387726655421,9.707323102557335e-06,1.439809385511076e-05,0.00013081353343121166,1.6179337155722308e-07,0.0002860259058546495,4.8019888180372134e-05,9.466589843752782e-06,7.127334274148727e-09,3.260271009237776e-06
385,6069,1.521426584846017,0.2408202623246733,0.0212069067261751,0.0007680452880452881,0.0,0.0,0.0007680452880452881,0.0,0.0,0.0,1.0,0.0,0.456067154978355,1898.919717997491,0.0002691811570378155,9.712460544617148e-06,1.440571381090814e-05,0.000130882795923516,1.618817227445834e-07,0.00028617728043368174,4.8045270352944084e-05,9.471597156980394e-06,7.131062080515272e-09,3.261962073009754e-06
386,5623,1.1010765684190569,0.1627622779813282,0.076077823060538,0.0007686979686979688,0.0,0.0,0.0007686979686979688,0.0,0.0,0.0,1.0,0.0,0.45614029437229436,1898.923656905217,0.00026940990570146773,9.7207141400575e-06,1.441795570710721e-05,0.00013099407063736103,1.6202367226287908e-07,0.0002864204723804946,4.808604772365443e-05,9.479641684718934e-06,7.137050844470503e-09,3.2646783094990653e-06
387,6496,1.5289820550331417,0.2191019498229799,0.0835062981378592,0.0007692041292041292,0.0,0.0,0.0007692041292041292,0.0,0.0,0.0,1.0,0.0,0.45619701471861474,1898.9267115557298,0.0002695873026243001,9.727114887541856e-06,1.4427449422526893e-05,0.00013108036491990468,1.6213375869821094e-07,0.00028660907021680726,4.8117671384235344e-05,9.485880294931762e-06,7.1416951831493325e-09,3.266785168959288e-06
388,6528,1.6422037998712384,0.0473874863709115,0.1040109121538667,0.0007702730602730602,0.0,0.0,0.0007702730602730602,0.0,0.0,0.0,1.0,0.0,0.45631679913419915,1898.93316245907,0.00026996193691528156,9.740632255584476e-06,1.444749865048557e-05,0.0001312626048653524,1.6236625819220437e-07,0.000287007359068717,4.81844555160441e-05,9.499055240332895e-06,7.151503070019615e-09,3.2712344625781533e-06
389,4502,1.5537183791269524,0.1000404619503696,0.0663100323837112,0.0007705361305361305,0.0007705361305361305,0.0,0.0,0.0,1.0,0.0,0.0,0.0,0.45634627878787876,1898.9347500570245,0.0002942679166160664,1.750533362471853e-05,2.5559578670288313e-05,2.7266851397841417e-06,9.431449158464256e-10,0.00014073270134853203,0.0002455982468957432,1.3538882873598478e-05,3.060584222248355e-05,3.6433347243443846e-07
390,5540,1.8601911448267177,0.1197413056783667,0.0580954575442937,0.000770999000999001,0.0,0.0,0.000770999000999001,0.0,0.0,0.0,1.0,0.0,0.45639814805194806,1898.9375434183473,0.0002702163614493438,9.74981227500283e-06,1.4461114637074331e-05,0.00013138636930313716,1.6252416704752805e-07,0.00028727784807115113,4.8229810233530064e-05,9.50800269903875e-06,7.158163675409328e-09,3.2742558507548036e-06
391,5337,1.6475128062383646,0.1755521889494844,0.146762107246135,0.0007712021312021312,0.0,0.0,0.0007712021312021312,0.0,0.0,0.0,1.0,0.0,0.4564209108225108,1898.9387692790383,0.0002702875536354805,9.752380996032736e-06,1.4464924614973021e-05,0.00013142100111156586,1.6256835628636617e-07,0.0002873535353609206,4.8242500757539537e-05,9.510506342007397e-06,7.1600273252145526e-09,3.2751008062125104e-06
392,1239,1.5269208432673316,0.025247496562707,0.1168142492343528,0.0007717149517149517,0.0007717149517149517,0.0,0.0,0.0,1.0,0.0,0.0,0.0,0.45647837748917747,1898.9418640669808,0.000294718108681834,1.7532114533752336e-05,2.5598681538361894e-05,2.730835863812213e-06,9.446250040755771e-10,0.0001409480237829285,0.0002459740013799357,1.3559595585922062e-05,3.065264572340093e-05,3.648725693877145e-07
393,6637,1.9335182406282752,0.0756421864929903,0.1070019522818519,0.0007718481518481519,0.0,0.0,0.0007718481518481519,0.0,0.0,0.0,1.0,0.0,0.4564933038961039,1898.942667906153,0.00027051396812909545,9.760550371111454e-06,1.4477041593863936e-05,0.0001315311395937626,1.627088879894227e-07,0.0002875942457576449,4.8282862808014945e-05,9.518468752078964e-06,7.165954590241004e-09,3.277790069959965e-06
394,6214,1.834711341328105,0.1024991049399047,0.1554748642889256,0.0007721012321012321,0.0,0.0,0.0007721012321012321,0.0,0.0,0.0,1.0,0.0,0.4565216640692641,1898.944195198477,0.0002706026665905116,9.763750744853631e-06,1.4481788451573779e-05,0.0001315742868894607,1.627639447383756e-07,0.0002876885446760174,4.8298674483879126e-05,9.52158804365409e-06,7.1682765433091905e-09,3.2788433312999805e-06
395,5134,3.5264652837194097,0.0888463193618255,0.2905181306600227,0.0007721811521811522,0.0,0.0,0.0,0.0007721811521811522,0.0,0.0,0.0,1.0,0.4565306199134199,1898.9446775007436,0.0002610599804909862,1.0353245679672382e-05,1.5116798292192728e-05,0.00021681268434089866,3.3696593542855736e-06,0.00025333846236346927,3.4889464747089958e-06,8.64134267440836e-06,3.251052991268613e-11,1.2130354170177189e-05
396,5717,3.177267579424582,0.1427790526821391,0.2234818536948641,0.0007721811521811522,0.0,0.0,0.0,0.0007721811521811522,0.0,0.0,0.0,1.0,0.4565306199134199,1898.9446775007436,0.0002610599804909862,1.0353245679672382e-05,1.5116798292192728e-05,0.00021681268434089866,3.3696593542855736e-06,0.00025333846236346927,3.4889464747089958e-06,8.64134267440836e-06,3.251052991268613e-11,1.2130354170177189e-05
397,1880,1.3666581073859194,0.1328895301169726,0.1198428612365388,0.0007724408924408925,0.0007724408924408925,0.0,0.0,0.0,1.0,0.0,0.0,0.0,0.45655972640692644,1898.9462449812113,0.00029499534560369084,1.7548606731970894e-05,2.5622761835650147e-05,2.73339166295244e-06,9.455364352087152e-10,0.00014108061978208725,0.0002462053985056319,1.3572350872077866e-05,3.068147191039589e-05,3.65212236289633e-07
398,6735,2.04134298939424,0.1317267716859828,0.0974811706642792,0.0007726806526806528,0.0,0.0,0.0007726806526806528,0.0,0.0,0.0,1.0,0.0,0.45658659393939394,1898.947691883681,0.000270805739383754,9.771077916315988e-06,1.4492656257383159e-05,0.00013167307182984856,1.6289000131164068e-07,0.0002879044395682,4.833487455733126e-05,9.528729574033326e-06,7.173592474869154e-09,3.2812543972451837e-06
399,6213,3.0571077570154337,0.1444394138144308,0.1808022278061717,0.0007728005328005328,0.0,0.0,0.0,0.0007728005328005328,0.0,0.0,0.0,1.0,0.4566000277056277,1898.9484153339886,0.0002612693814741043,1.0361550207312772e-05,1.5128923752472123e-05,0.00021698672149453557,3.3725124087975717e-06,0.00025354166977766674,3.491617286760848e-06,8.648123864211832e-06,3.253467097509913e-11,1.2139806220314779e-05
400,6631,1.5038695356744636,0.0488501458972417,0.1047898872678649,0.0007730702630702631,0.0,0.0,0.0007730702630702631,0.0,0.0,0.0,1.0,0.0,0.4566302536796537,1898.9500430949186,0.00027094228833093414,9.776004807471708e-06,1.4499963919910151e-05,0.00013173949653561587,1.6297476823829916e-07,0.0002880496102716648,4.83592156367322e-05,9.533531632816107e-06,7.177166879855559e-09,3.282875276993855e-06
401,5793,1.655476848455058,0.1468895786692427,0.0666677726441273,0.0007731868131868132,0.0,0.0,0.0007731868131868132,0.0,0.0,0.0,1.0,0.0,0.45664331428571425,1898.9507464474382,0.00027098313630658633,9.777478663800341e-06,1.4502149972802842e-05,0.0001317593665194508,1.6300012339524642e-07,0.0002880930374050843,4.836649781085351e-05,9.534968148597878e-06,7.178236241902388e-09,3.2833608128553715e-06
402,5831,1.8406300370662865,0.069278983849338,0.0754399971099188,0.0007732434232434232,0.0,0.0,0.0007732434232434232,0.0,0.0,0.0,1.0,0.0,0.456649658008658,1898.9510880755938,0.0002710029767519031,9.77819453687425e-06,1.450321176992215e-05,0.0001317690186370706,1.63012443290413e-07,0.0002881141305843332,4.837003388424109e-05,9.53566588030152e-06,7.178755486922633e-09,3.2835956570932863e-06
403,5132,1.6362466386542271,0.065046288970949,0.1345144168431199,0.0007735364635364636,0.0,0.0,0.0007735364635364636,0.0,0.0,0.0,1.0,0.0,0.4566824961038961,1898.9528565014891,0.0002711056802335429,9.781900232786247e-06,1.4508708131480915e-05,0.00013181897820508314,1.630761980881713e-07,0.0002882233188056367,4.838834259909017e-05,9.539277686721119e-06,7.1814440342240875e-09,3.284815676503003e-06
404,6027,1.7215808880456616,0.0252511337904125,0.1159355184615401,0.0007751781551781551,0.0,0.0,0.0007751781551781551,0.0,0.0,0.0,1.0,0.0,0.45686646406926407,1898.9627636373073,0.0002716810531477294,9.802660551929583e-06,1.4539500247940816e-05,0.00013209886938152115,1.634334148391056e-07,0.0002888350210010449,4.849090896186535e-05,9.559511966335597e-06,7.19650494919585e-09,3.29164645976657e-06
405,5560,1.758605317988854,0.0675258456632246,0.0695196299561867,0.0007751848151848152,0.0,0.0,0.0007751848151848152,0.0,0.0,0.0,1.0,0.0,0.4568672103896104,1898.9628038282913,0.0002716833873177667,9.802744772291221e-06,1.4539625165248971e-05,0.00013210000431978537,1.634348617175398e-07,0.00028883750255145066,4.8491325575484385e-05,9.559594054939376e-06,7.196566130995494e-09,3.2916746961949564e-06
406,5921,1.7094150569192923,0.1770306595480865,0.0373759539449782,0.0007752281052281053,0.0,0.0,0.0007752281052281053,0.0,0.0,0.0,1.0,0.0,0.4568720614718615,1898.9630650696417,0.00027169855942300896,9.803292204641857e-06,1.4540437127751972e-05,0.0001321073848632011,1.6344428205049286e-07,0.00028885363262964306,4.849403011930955e-05,9.560127615240803e-06,7.1969632575003516e-09,3.2918547715473723e-06
407,5806,1.3754694337983753,0.2668237434692332,0.1648022586832945,0.0007755111555111556,0.0,0.0,0.0007755111555111556,0.0,0.0,0.0,1.0,0.0,0.4569037800865801,1898.9647731841756,0.00027179776164959284,9.8068715700114e-06,1.4545746113348507e-05,0.00013215564213940226,1.6350587675239635e-07,0.0002889590985255039,4.851171379814518e-05,9.563616278532939e-06,7.199559866138093e-09,3.2930323101758264e-06
408,6677,2.3038701562106754,0.1465728693421877,0.2812497148073824,0.000776050616050616,0.0,0.0,0.000776050616050616,0.0,0.0,0.0,1.0,0.0,0.45696423203463205,1898.9680286399746,0.00027198682942261153,9.813693419303935e-06,1.455586441530896e-05,0.00013224761439910738,1.6362327077462948e-07,0.00028916010411524567,4.854541724098069e-05,9.570265258569927e-06,7.204508713296986e-09,3.295276989941781e-06
409,6778,2.9868342798704735,0.0162281067574793,0.1324552759021267,0.0007762737262737263,0.0,0.0,0.0,0.0007762737262737263,0.0,0.0,0.0,1.0,0.4569892337662338,1898.969375028527,0.00026244360311599774,1.0408118069296238e-05,1.5196917596942067e-05,0.00021796264297309055,3.388515344493056e-06,0.00025468116081541164,3.506590476019713e-06,8.686145212500408e-06,3.2669974852576195e-11,1.2192801028469854e-05
410,6313,3.2339227823517844,0.0954871553968346,0.3183798534567281,0.0007763869463869465,0.0,0.0,0.0,0.0007763869463869465,0.0,0.0,0.0,1.0,0.45700192121212124,1898.9700582696596,0.00026248188071506236,1.0409636101230505e-05,1.5199134078928623e-05,0.0002179944567548335,3.389037367934257e-06,0.0002547183062567237,3.507078150370431e-06,8.687384287482466e-06,3.26743805623142e-11,1.2194527786613986e-05
411,6445,1.8233432865856207,0.0620533566197426,0.1038413964145086,0.0007766233766233766,0.0,0.0,0.0007766233766233766,0.0,0.0,0.0,1.0,0.0,0.4570284155844156,1898.971485036128,0.00027218756804581656,9.820936370404653e-06,1.4566607303810184e-05,0.0001323452640017705,1.6374791687875277e-07,0.0002893735174575291,4.8581201100274306e-05,9.57732466393609e-06,7.20976295646384e-09,3.2976601814966883e-06
412,6211,1.6614321155761647,0.0303413811009826,0.1357276714145171,0.0007784781884781884,0.0,0.0,0.0007784781884781884,0.0,0.0,0.0,1.0,0.0,0.4572362658008658,1898.982678036086,0.0002728376344011957,9.844391741120353e-06,1.4601396774131006e-05,0.000132661490726936,1.6415160953469467e-07,0.00029006462927017897,4.8697081574585e-05,9.600185603076366e-06,7.226777430386494e-09,3.305376821882396e-06
413,6242,1.539026681990117,0.1894537706991488,0.1071675749991424,0.0007787146187146187,0.0,0.0,0.0007787146187146187,0.0,0.0,0.0,1.0,0.0,0.45726276017316014,1898.9841047812765,0.0002729204974375187,9.84738156395844e-06,1.4605831338570465e-05,0.00013270180014515623,1.6420307383309645e-07,0.00029015272431286095,4.871185224821902e-05,9.603099648396513e-06,7.228946105294117e-09,3.3063599985761003e-06
414,6716,2.032402705731226,0.0878919869357232,0.1129575496193533,0.0007791475191475191,0.0,0.0,0.0007791475191475191,0.0,0.0,0.0,1.0,0.0,0.457311270995671,1898.9867171253907,0.0002730722184899411,9.852855887464797e-06,1.4613950963600459e-05,0.00013277560504279062,1.6429730177851374e-07,0.00029031402509509675,4.873889822299378e-05,9.608435226794915e-06,7.23291705814668e-09,3.308161263382574e-06
415,261,1.100804027543556,0.0748807314608425,0.0923864812847984,0.0007796336996336997,0.0,0.0007796336996336997,0.0,0.0,0.0,1.0,0.0,0.0,0.4573657523809524,1898.9896509791654,0.00023813335462378256,7.946570490601802e-06,1.1283141267761524e-05,5.331905069071816e-06,1.9530096625933214e-09,0.0002805329343916472,0.0002086354427375443,1.2174929608169855e-05,1.5593468435458064e-05,5.079569740255906e-07
416,5202,1.856015463299384,0.0360969001996829,0.0974916342236709,0.0007801731601731602,0.0,0.0,0.0007801731601731602,0.0,0.0,0.0,1.0,0.0,0.4574262043290043,1898.9929063392567,0.0002734316806756804,9.865825823156782e-06,1.463318822905614e-05,0.00013295046654689742,1.6452056510840842e-07,0.0002906961838717621,4.880297570890259e-05,9.621076427725768e-06,7.242324870620608e-09,3.312428189509672e-06
417,5853,3.136618906251574,0.0481467513264139,0.1843256638899057,0.000780939060939061,0.0,0.0,0.0,0.000780939060939061,0.0,0.0,0.0,1.0,0.45751203116883116,1898.997528125281,0.00026402086535980666,1.047066991458755e-05,1.5288249692917513e-05,0.00021927355077292778,3.410023590604038e-06,0.00025621177150001655,3.52669267580588e-06,8.737204580830142e-06,3.285156483867971e-11,1.2263962959765734e-05
418,6036,1.428655268698392,0.1256666468759935,0.0763785463021014,0.000781908091908092,0.0,0.0,0.000781908091908092,0.0,0.0,0.0,1.0,0.0,0.4576206207792208,1899.003375653163,0.00027403973197038877,9.88776522736303e-06,1.4665729187830197e-05,0.0001332462560777431,1.6489827313670472e-07,0.0002913426277772221,4.891136544363516e-05,9.642459712813864e-06,7.258237959067385e-09,3.3196448203386174e-06
419,5015,1.6266495166417665,0.144519921941405,0.0819665401220401,0.0007823143523143523,0.0,0.0,0.0007823143523143523,0.0,0.0,0.0,1.0,0.0,0.4576661463203463,1899.0058271820399,0.00027418211634266205,9.89290266942284e-06,1.4673349143627572e-05,0.00013331551974277508,1.6498672686622675e-07,0.00029149400235789377,4.893674644347945e-05,9.647466923499308e-06,7.261964125957615e-09,3.3213346055620393e-06
420,5234,3.13485660098749,0.2643109733251611,0.0943526695986791,0.000783010323010323,0.0,0.0,0.0,0.000783010323010323,0.0,0.0,0.0,1.0,0.4577441367965368,1899.0100269158222,0.00026472112026034133,1.0498440969384976e-05,1.5328798275142155e-05,0.00021985555614206873,3.4195769110598493e-06,0.00025689131457345667,3.535613944613341e-06,8.759869002117463e-06,3.293213840733014e-11,1.2295548811007547e-05
421,5250,1.8791451615174088,0.1529951618507139,0.1671730778192375,0.0007831102231102231,0.0,0.0,0.0007831102231102231,0.0,0.0,0.0,1.0,0.0,0.4577553316017316,1899.010629746712,0.00027446104966211555,9.902967002638373e-06,1.4688276761951948e-05,0.0001334512089440643,1.6516001967320484e-07,0.00029179054764319045,4.898646769223479e-05,9.65727612081674e-06,7.269263537737925e-09,3.324644365572914e-06
422,5346,2.7514086367914503,0.0401349449596892,0.1494899846516026,0.0007833300033300034,0.0,0.0,0.0,0.0007833300033300034,0.0,0.0,0.0,1.0,0.4577799601731602,1899.0119559731572,0.000264829198187112,1.0502727177199373e-05,1.5335056577221845e-05,0.00021994538390090925,3.4210518797962662e-06,0.0002569961958195319,3.5369902970960637e-06,8.763366546576127e-06,3.294456049109107e-11,1.2300422732793243e-05
423,5012,1.6397415845116867,0.0164397841154348,0.1480552729636513,0.0007837395937395938,0.0,0.0,0.0007837395937395938,0.0,0.0,0.0,1.0,0.0,0.45782585887445887,1899.0144275714404,0.0002746816287306374,9.910925826813002e-06,1.470008144757248e-05,0.00013355851074070953,1.6529706382219828e-07,0.00029202505416589617,4.902578754855367e-05,9.665033179736842e-06,7.275035852493013e-09,3.3272622445069434e-06
424,6710,1.9478884472262892,0.1778695211576001,0.1622588340700926,0.0007838228438228438,0.0,0.0,0.0007838228438228438,0.0,0.0,0.0,1.0,0.0,0.45783518787878785,1899.0149299279321,0.00027471080585610326,9.911978581333454e-06,1.4701642913924401e-05,0.0001335727045068314,1.653151936962857e-07,0.00029205607354727993,4.903098818097201e-05,9.666059243390411e-06,7.275799312697357e-09,3.3276081155237747e-06
425,6137,1.5991688825770756,0.032916993385245,0.1458693827243684,0.0007839027639027639,0.0,0.0,0.0007839027639027639,0.0,0.0,0.0,1.0,0.0,0.45784414372294374,1899.0154121898836,0.0002747388158965505,9.912989225673089e-06,1.4703141921622245e-05,0.00013358632993154903,1.6533259580762667e-07,0.00029208585215331594,4.903598137885297e-05,9.667044267065622e-06,7.276532326878395e-09,3.3279407452119995e-06
426,5768,1.0015952947839395,0.1937030394921755,0.0332219492595342,0.000783906093906094,0.0,0.0,0.000783906093906094,0.0,0.0,0.0,1.0,0.0,0.4578445168831169,1899.0154322841254,0.0002747399829815691,9.913031335853908e-06,1.4703204380276324e-05,0.0001335868974036183,1.653333197470263e-07,0.00029208709292852784,4.903618968272533e-05,9.667085310867329e-06,7.2765629087522335e-09,3.327954859970732e-06
427,6626,1.3552480958361863,0.1445915744085682,0.084530324506382,0.0007851881451881453,0.0,0.0,0.0007851881451881453,0.0,0.0,0.0,1.0,0.0,0.45798818354978355,1899.023168531843,0.0002751893107137432,9.92924375546889e-06,1.4727250962095924e-05,0.00013380547620223013,1.6561251272107604e-07,0.0002925647914012382,4.911628462163299e-05,9.682886698219211e-06,7.2883207956797764e-09,3.333286481582167e-06
428,4788,1.397851687998786,0.1604788581494619,0.0268333012383502,0.0007853646353646353,0.0007853646353646353,0.0,0.0,0.0,1.0,0.0,0.0,0.0,0.458007961038961,1899.02423351625,0.00029993092585014255,1.7842213251632474e-05,2.6051457403428584e-05,2.7788906266402373e-06,9.617706470922356e-10,0.0001434412359068209,0.0002503249055111646,1.3799430063714126e-05,3.119461498044473e-05,3.7117573591625725e-07
429,4254,0.639008469774447,0.0740541806218805,0.1370079024705828,0.0007854079254079254,0.0,0.0007854079254079254,0.0,0.0,0.0,1.0,0.0,0.0,0.45801281212121214,1899.0244947386354,0.00023989704923397902,8.005425427433155e-06,1.1366707954467279e-05,5.371210944553905e-06,1.967858705766431e-09,0.00028261078891319484,0.0002101808500102088,1.226510079071388e-05,1.5708824274668777e-05,5.116335490768301e-07
430,6542,2.0196876579882623,0.1921577105324744,0.1520467965833337,0.0007856876456876458,0.0,0.0,0.0007856876456876458,0.0,0.0,0.0,1.0,0.0,0.45804415757575756,1899.026182635183,0.0002753643734665383,9.935560282591608e-06,1.4736619760207456e-05,0.00013389063635325807,1.6572129476807938e-07,0.00029275090768935195,4.914749086184638e-05,9.689043077338156e-06,7.29290174577386e-09,3.3353641509619152e-06
431,6673,2.6188864898287485,0.0505198900940116,0.2277077388692914,0.0007858408258408258,0.0,0.0,0.0,0.0007858408258408258,0.0,0.0,0.0,1.0,0.4580613229437229,1899.0271069580558,0.0002656780602369563,1.053639176774159e-05,1.5384210324806058e-05,0.00022065090498873838,3.432636708743028e-06,0.00025781995060636127,3.5478015002847734e-06,8.790836665015732e-06,3.304217863946482e-11,1.2338704249657698e-05
432,6012,1.4278720851250253,0.1943984357506095,0.1456052625769295,0.000786117216117216,0.0,0.0,0.000786117216117216,0.0,0.0,0.0,1.0,0.0,0.45809229523809525,1899.0287747554676,0.000275514927433942,9.940992495917147e-06,1.474467692658337e-05,0.00013396387525833566,1.6581485600338764e-07,0.00029291096769736816,4.917432705323633e-05,9.694337554705559e-06,7.296841124436546e-09,3.3371497622833703e-06
433,6468,1.3937399043741334,0.034899369545747,0.081362152412243,0.0007875424575424576,0.0,0.0,0.0007875424575424576,0.0,0.0,0.0,1.0,0.0,0.4582520077922078,1899.037374911624,0.00027601443982191743,9.959015653307308e-06,1.4771409230528277e-05,0.0001342068664799859,1.6612528492445918e-07,0.00029344201950676566,4.926336793459476e-05,9.711903718977994e-06,7.309911455820588e-09,3.343077082757005e-06
434,5251,1.9008719133692071,0.1388052104748766,0.0270589358162718,0.0007876556776556777,0.0,0.0,0.0007876556776556777,0.0,0.0,0.0,1.0,0.0,0.4582646952380952,1899.038058097851,0.000276054120712551,9.960447399455124e-06,1.4773532824766892e-05,0.00013422617019675105,1.6614994969049884e-07,0.0002934842058655868,4.9270440599844337e-05,9.713299157409568e-06,7.31094962255199e-09,3.3435472640851215e-06
435,2930,1.1241248560170745,0.1315677949949709,0.0193421748509927,0.0007876756576756577,0.0007876756576756577,0.0,0.0,0.0,1.0,0.0,0.0,0.0,0.4582669341991342,1899.0381786600692,0.0003008135057756869,1.78947159377044e-05,2.6128116698465495e-05,2.7870254541375175e-06,9.64674928147769e-10,0.00014386335495786344,0.0002510615566003484,1.3840036338907076e-05,3.128638123761632e-05,3.7225555709371853e-07
436,6015,1.4314419980881643,0.0982675992186515,0.1262265903564934,0.0007883316683316684,0.0,0.0,0.0007883316683316684,0.0,0.0,0.0,1.0,0.0,0.45834044675324676,1899.0421371100224,0.00027629103897133366,9.968995766161205e-06,1.4786211931544498e-05,0.00013434142070321508,1.6629719902819765e-07,0.0002937360832426716,4.931267260952689e-05,9.72163075951645e-06,7.317148670771181e-09,3.3463585759302243e-06
437,6378,2.0777017413316092,0.3222177093585715,0.0240304388974234,0.0007898035298035298,0.0,0.0,0.0,0.0007898035298035298,0.0,0.0,0.0,1.0,0.45850538354978354,1899.0510184379598,0.00026701777620421726,1.0589522885440848e-05,1.546178719433552e-05,0.00022176440055473765,3.450929128752645e-06,0.00025912004105252726,3.564856897563006e-06,8.834182689820142e-06,3.319613534795776e-11,1.2399105979653833e-05
438,5527,1.5595995478878515,0.1198204064544257,0.1442768499115875,0.0007900699300699302,0.0,0.0,0.0,0.0007900699300699302,0.0,0.0,0.0,1.0,0.45853523636363636,1899.0526259081655,0.00026710784114319285,1.0593094725286177e-05,1.5467002446068595e-05,0.00022183925798454626,3.452159436860287e-06,0.000259207442090934,3.5660028938571233e-06,8.837096142708404e-06,3.320647635985871e-11,1.240316544951815e-05
439,5846,2.791481489804177,0.1059045209234889,0.0308258088697362,0.0007905527805527805,0.0,0.0,0.0,0.0007905527805527805,0.0,0.0,0.0,1.0,0.45858934458874456,1899.0555394401297,0.00026727108384508595,1.0599568685005833e-05,1.547645508983479e-05,0.00022197493646728637,3.454388988455699e-06,0.0002593658564730367,3.5680806209281365e-06,8.842377157918062e-06,3.3225228937474455e-11,1.2410524229304197e-05
440,5138,1.7494721507800524,0.1869984427453196,0.125427818769086,0.000791052281052281,0.0,0.0,0.0,0.000791052281052281,0.0,0.0,0.0,1.0,0.4586453186147186,1899.0585534281554,0.00026743995560566503,1.0606265884715823e-05,1.54862336868343e-05,0.00022211529390880202,3.4566957634268617e-06,0.0002595297334200474,3.5702296033550136e-06,8.847839934814213e-06,3.324462027280012e-11,1.2418136027409648e-05
441,5654,1.8538027558794272,0.1637887887006788,0.1277795337792859,0.0007911188811188811,0.0,0.0,0.0007911188811188811,0.0,0.0,0.0,1.0,0.0,0.4586527818181818,1899.058955292414,0.0002772678891319303,1.0004241987505981e-05,1.4838489825006847e-05,0.0001348166192950496,1.6690442583477043e-07,0.0002947746121341398,4.948679848081907e-05,9.755983132015865e-06,7.342706578883102e-09,3.3579467913997857e-06
442,6009,3.0000052987723715,0.134644086303109,0.2654362379726813,0.0007914085914085914,0.0,0.0,0.0,0.0007914085914085914,0.0,0.0,0.0,1.0,0.45868524675324673,1899.060703399719,0.00026756041746154484,1.0611043220508951e-05,1.549320908602729e-05,0.0002222154157322916,3.458341432669992e-06,0.00025964663230891355,3.571762362277782e-06,8.8517365459031e-06,3.3258454258840164e-11,1.2423565425089358e-05
443,5851,2.68295151852853,0.4464946634354585,0.1978031023645299,0.0007916217116217116,0.0,0.0,0.0,0.0007916217116217116,0.0,0.0,0.0,1.0,0.45870912900432903,1899.0619893614078,0.00026763246941272523,1.0613900692385212e-05,1.5497381287413746e-05,0.00022227530131766705,3.459325516258251e-06,0.0002597165531396364,3.572679517784488e-06,8.854067471111562e-06,3.3266729594551986e-11,1.2426813522355118e-05
444,6638,1.4789431848321248,0.1034659660199927,0.0935060684008872,0.0007919380619380619,0.0,0.0,0.0007919380619380619,0.0,0.0,0.0,1.0,0.0,0.4587445792207792,1899.0638982071853,0.0002775549920465143,1.0014601091987241e-05,1.485385465390976e-05,0.0001349562831225041,1.6708291747685068e-07,0.00029507984284808886,4.953797553500038e-05,9.766079504685937e-06,7.350217894562788e-09,3.3613528974441335e-06
445,5386,1.9243342314575889,0.1156819653881899,0.0350130197221335,0.0007921411921411922,0.0,0.0,0.0007921411921411922,0.0,0.0,0.0,1.0,0.0,0.458767341991342,1899.0651238848352,0.00027762618423265095,1.0017169813017147e-05,1.485766463180845e-05,0.00013499091580297204,1.6712718203145394e-07,0.00029515553013906694,4.955066518697062e-05,9.76858307233882e-06,7.352080335807851e-09,3.36219690312957e-06
446,5492,1.7273926842448708,0.0233688182557475,0.0215000787308532,0.000793010323010323,0.0,0.0,0.000793010323010323,0.0,0.0,0.0,1.0,0.0,0.45886473679653683,1899.070368157679,0.0002779307934225144,1.002816057021068e-05,1.4873966340522516e-05,0.00013513909633049696,1.67316575368871e-07,0.0002954793724822396,4.960496218020562e-05,9.77929505943015e-06,7.3600493342073844e-09,3.3658100668290105e-06
447,6135,1.4344012695179602,0.0523618593211438,0.1194700475682703,0.0007931135531135531,0.0,0.0,0.0007931135531135531,0.0,0.0,0.0,1.0,0.0,0.4588763047619048,1899.070991038501,0.00027796697305809204,1.0029465985816042e-05,1.4875902558798899e-05,0.00013515669598909577,1.6733906972107385e-07,0.0002955178365152962,4.961141157579666e-05,9.780567365052244e-06,7.360995884174697e-09,3.3662395446924396e-06
448,6225,1.7010447776633884,0.1426434771147926,0.1655744174173221,0.0007936763236763238,0.0,0.0,0.0007936763236763238,0.0,0.0,0.0,1.0,0.0,0.4589393688311688,1899.0743867355611,0.0002781642104262412,1.0036582606374308e-05,1.4886458071337893e-05,0.00013525264425775973,1.6746171126861252e-07,0.0002957275275345509,4.9646569441264655e-05,9.787503471751673e-06,7.3661557748101215e-09,3.368579137287076e-06
449,5692,1.6453771652550544,0.0916199272406519,0.0612897626084876,0.0007948618048618049,0.0,0.0,0.0007948618048618049,0.0,0.0,0.0,1.0,0.0,0.4590722138528138,1899.0815397569652,0.0002785796926928749,1.005157383074556e-05,1.4908693352189262e-05,0.00013545476084753024,1.677200773936654e-07,0.00029616924352814295,4.972062908670694e-05,9.802114421460466e-06,7.377024760914057e-09,3.373506778280022e-06
450,6233,3.1166671492454046,0.0956139920420077,0.2575898585831883,0.0007956310356310357,0.0,0.0,0.0,0.0007956310356310357,0.0,0.0,0.0,1.0,0.45915841385281386,1899.0861811514228,0.0002689879467443069,1.0667656882057405e-05,1.55758708259965e-05,0.00022340190909350493,3.4778480879356157e-06,0.0002610319387677055,3.5899233047921282e-06,8.897908502422509e-06,3.342231406997659e-11,1.2487898651842764e-05
451,1756,1.410118807318094,0.1331395151784655,0.0419138341762623,0.0007957042957042957,0.0,0.0007957042957042957,0.0,0.0,0.0,1.0,0.0,0.0,0.4591666233766234,1899.086623187662,0.00024304199948468693,8.110373215600711e-06,1.1515720754521603e-05,5.441292582107711e-06,1.9943509589799167e-09,0.0002863159402341451,0.0002129365659816915,1.2425890451671522e-05,1.5914518648911752e-05,5.181893353516749e-07
452,6171,1.686014954935112,0.0214344551280998,0.1013631523892531,0.0007965900765900766,0.0,0.0,0.0007965900765900766,0.0,0.0,0.0,1.0,0.0,0.459265883982684,1899.09196778937,0.00027918540981754594,1.0073429014590171e-05,1.4941109393655164e-05,0.00013574942058056617,1.680967871604654e-07,0.0002968132058903761,4.982859706736606e-05,9.823415169327845e-06,7.392869488733345e-09,3.380689569251619e-06
453,5470,1.5256499491146536,0.0956570582900566,0.0226472441829432,0.0007973359973359974,0.0,0.0,0.0007973359973359974,0.0,0.0,0.0,1.0,0.0,0.45934947186147185,1899.0964684804098,0.00027944683686171993,1.0082861695093432e-05,1.4955100132168384e-05,0.0001358765946252787,1.682593863587672e-07,0.00029709113954970093,4.9875196833573914e-05,9.832608544137358e-06,7.399707965946231e-09,3.383790513523271e-06
454,5299,2.7791376400040093,0.2720468536643889,0.1852455027612519,0.0007978388278388278,0.0,0.0,0.0,0.0007978388278388278,0.0,0.0,0.0,1.0,0.459405819047619,1899.0995024148774,0.0002697343599260666,1.0697258504775561e-05,1.5619092224734344e-05,0.00022402229580045376,3.4880523879036925e-06,0.0002617562748735819,3.5994149916693285e-06,8.92204562170796e-06,3.350793465395005e-11,1.2521527629246647e-05
455,5199,2.6128688935945377,0.177340496867949,0.1884613551143492,0.0007982950382950382,0.0,0.0,0.0007982950382950382,0.0,0.0,0.0,1.0,0.0,0.45945694199134196,1899.1022550479938,0.0002797829573470865,1.0094989427169053e-05,1.4973088224542523e-05,0.00013604010592140306,1.684684644059551e-07,0.0002974484828264675,4.993510900863293e-05,9.844428575528788e-06,7.408499801912077e-09,3.3877756088884076e-06
456,4059,1.526799955046472,0.0857855644302887,0.1335488599585972,0.0007983716283716284,0.0,0.0007983716283716284,0.0,0.0,0.0,1.0,0.0,0.0,0.45946552467532464,1899.1027171680041,0.0002438567165451064,8.137560530711387e-06,1.1554323358934123e-05,5.459446500815262e-06,2.0012169889976646e-09,0.00028727578286614087,0.00021365045083557066,1.2467543915111716e-05,1.5967802602249016e-05,5.198841058155074e-07
457,5044,1.751187775826229,0.2721639704767643,0.0154302608773481,0.0007984681984681986,0.0,0.0,0.0007984681984681986,0.0,0.0,0.0,1.0,0.0,0.45947634632034634,1899.1032998407004,0.0002798436457680555,1.0097179156571599e-05,1.4976336074554525e-05,0.00013606962802586157,1.6850621277035017e-07,0.00029751300314022995,4.994592725313812e-05,9.846562749701922e-06,7.410087315019159e-09,3.3884959104841204e-06
458,6358,1.6495421124146568,0.0791101496478552,0.1365831856422332,0.0007995038295038296,0.0,0.0,0.0007995038295038296,0.0,0.0,0.0,1.0,0.0,0.45959239913419914,1899.1095484778384,0.00028020660920885065,1.0110275422806037e-05,1.4995760715972434e-05,0.000136246197737203,1.6873200938191324e-07,0.00029789888424846855,5.001062385963709e-05,9.859326720574423e-06,7.419580935481406e-09,3.3927990165218483e-06
459,4296,1.4415088987679594,0.1418651315382049,0.1343973132716535,0.0007996037296037296,0.0,0.0007996037296037296,0.0,0.0,0.0,1.0,0.0,0.0,0.45960359393939393,1899.1101512378223,0.00024423305276527517,8.15011896590608e-06,1.1572154774205825e-05,5.467831602066414e-06,2.0043888206928155e-09,0.00028771915415032946,0.00021398021098507743,1.248678459085053e-05,1.5992417381197955e-05,5.206709960673588e-07
460,5188,3.1963297681672858,0.2488393030792865,0.3735407478350667,0.0008003796203796204,0.0,0.0,0.0,0.0008003796203796204,0.0,0.0,0.0,1.0,0.45969054025974027,1899.1148326590787,0.0002705933542815457,1.073132492730038e-05,1.566883268813853e-05,0.0002247362580454602,3.499799466040814e-06,0.0002625898622775241,3.610335423117315e-06,8.949819664069247e-06,3.360642406718961e-11,1.2560222300034719e-05
461,6241,1.7989569567753771,0.0913833194191391,0.1655566768964444,0.000800959040959041,0.0,0.0,0.000800959040959041,0.0,0.0,0.0,1.0,0.0,0.4597554701298701,1899.118328639172,0.0002807166253619937,1.0128677571823561e-05,1.5023055147804031e-05,0.000136494302775048,1.6904931239529285e-07,0.0002984411030407302,5.0101532908275193e-05,9.877261920424504e-06,7.432920546526951e-09,3.3988464317011476e-06
462,5588,2.790156830472833,0.2329755049193385,0.1291455449985334,0.0008014818514818514,0.0,0.0,0.0,0.0008014818514818514,0.0,0.0,0.0,1.0,0.4598140562770563,1899.1214830455935,0.0002709659979665569,1.0746103414660426e-05,1.569041079218412e-05,0.00022504598581390408,3.504896781271216e-06,0.0002629514840740084,3.615071830173291e-06,8.961867159959386e-06,3.3649133555479355e-11,1.2577006288399758e-05
463,6764,3.2834903672315,0.0123281729986602,0.2405889097158225,0.0008014985014985016,0.0,0.0,0.0,0.0008014985014985016,0.0,0.0,0.0,1.0,0.4598159220779221,1899.1215835042033,0.00027097162702524293,1.074632665465076e-05,1.5690736745417437e-05,0.0002250506647446584,3.5049739691424432e-06,0.00026295694663891586,3.6151431135504413e-06,8.962048957150403e-06,3.364977285529036e-11,1.2577259370246579e-05
464,6463,2.3746160500813316,0.222516722536059,0.2541376250689732,0.000802061272061272,0.0,0.0,0.000802061272061272,0.0,0.0,0.0,1.0,0.0,0.45987898614718614,1899.1249789982048,0.00028110293050316154,1.014261604167436e-05,1.5043728962303477e-05,0.00013668222702855487,1.6928967449221205e-07,0.00029885179965495037,5.0170390491440875e-05,9.890846680633773e-06,7.443024060526781e-09,3.4034266419490046e-06
465,6414,1.6820990682266217,0.1387669605727285,0.1332835177609197,0.0008021445221445222,0.0,0.0,0.0008021445221445222,0.0,0.0,0.0,1.0,0.0,0.4598883151515152,1899.1254812890595,0.00028113210762862744,1.0143668796194816e-05,1.5045290428655401e-05,0.00013669642111166388,1.6930783140994173e-07,0.0002988828190367663,5.0175590806872134e-05,9.891872717243703e-06,7.4437870886765595e-09,3.40377216807115e-06
466,6359,1.6111639106495752,0.2885304882663409,0.1690464962928572,0.0008026107226107227,0.0,0.0,0.0008026107226107227,0.0,0.0,0.0,1.0,0.0,0.4599405575757576,1899.1282941123357,0.0002812954995312362,1.0149564221509355e-05,1.5054034640226165e-05,0.000136775905507958,1.6940950110221297e-07,0.0002990565275745773,5.0204715042403254e-05,9.897618531306316e-06,7.4480604038851955e-09,3.4057095932325332e-06
467,5438,1.2540144438949872,0.1493706705564577,0.0355102865360451,0.0008027139527139528,0.0,0.0,0.0008027139527139528,0.0,0.0,0.0,1.0,0.0,0.4599521255411255,1899.1289169505108,0.00028133167916681383,1.0150869637114717e-05,1.5055970858502548e-05,0.00013679350625435855,1.6943201702817942e-07,0.0002990949916080571,5.0211163350192596e-05,9.898890815354646e-06,7.4490065306341904e-09,3.4061379608742387e-06
468,5597,1.954418752505396,0.1814328559113437,0.0699236300322917,0.000802893772893773,0.0,0.0,0.000802893772893773,0.0,0.0,0.0,1.0,0.0,0.4599722761904762,1899.1300018933334,0.00028139470175782006,1.0153143586878896e-05,1.50593436258227e-05,0.0001368241643586002,1.694712330293853e-07,0.00029916199347263255,5.022239714679784e-05,9.90110705737318e-06,7.45065481820616e-09,3.4068854158061717e-06
469,6260,1.6965424692860562,0.0818881441925762,0.1421987960166018,0.0008036363636363637,0.0,0.0,0.0,0.0008036363636363637,0.0,0.0,0.0,1.0,0.4600554909090909,1899.1344822906224,0.0002716943981605215,1.0774990669409519e-05,1.573258914057535e-05,0.00022565140753523662,3.5148629106928733e-06,0.00026365833997230676,3.624327817446316e-06,8.985413697592079e-06,3.3732582590921545e-11,1.2609808980203478e-05
470,6504,1.4743991420789533,0.0577145848868843,0.1478742000057496,0.0008037329337329338,0.0,0.0,0.0008037329337329338,0.0,0.0,0.0,1.0,0.0,0.46006631255411257,1899.1350649414412,0.0002816888071825158,1.0163755352445064e-05,1.5075083206650073e-05,0.00013696723678669972,1.6965425399828112e-07,0.0002994746688409687,5.027482025598377e-05,9.911449507163075e-06,7.458346509294465e-09,3.4103722502515886e-06
471,5239,1.3002359776329653,0.1257418168139995,0.1122914168090301,0.0008038794538794538,0.0,0.0,0.0008038794538794538,0.0,0.0,0.0,1.0,0.0,0.4600827316017316,1899.1359489626068,0.0002817401589233357,1.016560820040106e-05,1.5077831387429455e-05,0.00013699221835340763,1.696862142765608e-07,0.00029952926295302517,5.028397283070662e-05,9.913255327493474e-06,7.459689378198648e-09,3.4109803915659135e-06
472,6097,1.512002086914456,0.0162254758454373,0.1295144315074099,0.000804005994005994,0.0,0.0,0.0,0.000804005994005994,0.0,0.0,0.0,1.0,0.4600969116883117,1899.136712434688,0.00027181936326335003,1.0779946597194912e-05,1.573982530235499e-05,0.00022575527458785648,3.5165730245411896e-06,0.0002637796089131305,3.625915518543917e-06,8.989453052125575e-06,3.3746896390633024e-11,1.2615436064462317e-05
473,6398,2.417273247903344,0.4632595250474857,0.2368810325358246,0.0008051981351981353,0.0,0.0,0.0008051981351981353,0.0,0.0,0.0,1.0,0.0,0.46023050303030305,1899.1439051115253,0.00028220232459071477,1.0182283832005042e-05,1.51025650144439e-05,0.00013721704729205734,1.6997384959645034e-07,0.0003000206099609514,5.0366351164934085e-05,9.929507717651686e-06,7.471775780607069e-09,3.4164588334652636e-06
474,5517,1.8494933498986657,0.2110634487736575,0.0362330691435466,0.0008052580752580753,0.0,0.0,0.0008052580752580753,0.0,0.0,0.0,1.0,0.0,0.4602372199134199,1899.14426675288,0.0002822233321210502,1.0183041815259767e-05,1.5103689270217284e-05,0.0001372272663910157,1.6998692281676646e-07,0.00030004294391580195,5.037009603292466e-05,9.930246463771282e-06,7.472325217676261e-09,3.416708253027199e-06
475,5884,2.609226886485955,0.1899869945566043,0.2145452546058278,0.0008065834165834167,0.0,0.0,0.0,0.0008065834165834167,0.0,0.0,0.0,1.0,0.4603857376623377,1899.1522630055558,0.00027269074154793825,1.0814504147698464e-05,1.5790282862872475e-05,0.00022647953817223992,3.5284996433296096e-06,0.0002646252139599769,3.6369850817040373e-06,9.017617320972498e-06,3.384668446123479e-11,1.2654670096045456e-05
476,5746,2.8243020733948745,0.3928590708088265,0.2463055387431589,0.000807965367965368,0.0,0.0,0.0,0.000807965367965368,0.0,0.0,0.0,1.0,0.46054059913419915,1899.160600726217,0.0002731579534188738,1.0833033066896104e-05,1.581733698123779e-05,0.00022686787242691018,3.5348963589180346e-06,0.00026507860684687887,3.642918599941464e-06,9.03271636555031e-06,3.390016137813992e-11,1.2675702765814587e-05
477,507,1.3673204218293868,0.1030016296197038,0.1149047530251421,0.0008081018981018982,0.0,0.0008081018981018982,0.0,0.0,0.0,1.0,0.0,0.0,0.4605558987012987,1899.1614244483758,0.00024682875555952054,8.236738227032732e-06,1.1695143346566316e-05,5.52566492055381e-06,2.026273765589555e-09,0.0002907772299878318,0.0002162546659907366,1.2619493243743311e-05,1.6162180552147464e-05,5.260750671682354e-07
478,5252,3.1696446966309697,0.1340270771883315,0.1648276122811935,0.0008087212787212788,0.0,0.0,0.0,0.0008087212787212788,0.0,0.0,0.0,1.0,0.4606253064935065,1899.1651613241947,0.00027341351268321686,1.0843168162457222e-05,1.5832135258030386e-05,0.00022708028675945332,3.538395626812426e-06,0.00026532660729345524,3.64616398896474e-06,9.040975019481789e-06,3.392940675596076e-11,1.2687206867260025e-05
479,11,1.4239824210340688,0.203691154831784,0.0150529105905087,0.0008087312687312687,0.0,0.0008087312687312687,0.0,0.0,0.0,1.0,0.0,0.0,0.460626425974026,1899.1652215962504,0.0002470209921692824,8.243153211497048e-06,1.1704251826259156e-05,5.52994781319134e-06,2.027895052441916e-09,0.0002910037099893967,0.0002164231113478105,1.2629321587837068e-05,1.6174752890942012e-05,5.264750130697191e-07
480,5398,1.2717528060172612,0.1292232565636601,0.0329063233463199,0.0008097768897768898,0.0,0.0,0.0008097768897768898,0.0,0.0,0.0,1.0,0.0,0.4607435982683983,1899.1715300476296,0.0002838070664913365,1.0240185330629971e-05,1.518844566379961e-05,0.00013799770545902524,1.7097281980775257e-07,0.0003017266759644172,5.06523849176785e-05,9.985939391461566e-06,7.513738733467851e-09,3.435478827275122e-06
481,6590,1.610033348122044,0.2664121495999137,0.0903775721902996,0.0008099500499500499,0.0,0.0,0.0008099500499500499,0.0,0.0,0.0,1.0,0.0,0.4607630025974026,1899.1725747547823,0.0002838677549123054,1.0242375060032513e-05,1.5191693513811607e-05,0.00013802722885537333,1.710106074258421e-07,0.0003017911962788862,5.066320187029408e-05,9.988073526381003e-06,7.515325539891957e-09,3.4361977963140488e-06
482,6415,1.608096781182551,0.0849259917872752,0.0910075106724343,0.0008105527805527805,0.0,0.0,0.0008105527805527805,0.0,0.0,0.0,1.0,0.0,0.46083054458874456,1899.1762111292335,0.0002840789973006782,1.0249997002760596e-05,1.5202998530199522e-05,0.0001381299924096067,1.711421387225704e-07,0.0003020157766042127,5.0700853761491936e-05,9.995501956224517e-06,7.520848883826956e-09,3.438700935741012e-06
483,5636,1.3057025527501727,0.4194161576122978,0.0616273581593197,0.0008107126207126206,0.0,0.0,0.0008107126207126206,0.0,0.0,0.0,1.0,0.0,0.4608484562770563,1899.177175469007,0.0002841350173815726,1.0252018291439867e-05,1.5205996545595213e-05,0.00013815724410782052,1.7117701863762815e-07,0.0003020753338174923,5.071083930847532e-05,9.997471927882563e-06,7.522313704604652e-09,3.4393652682310726e-06
484,5467,2.88491827717615,0.0861698771783339,0.1237866910066982,0.0008113486513486514,0.0,0.0,0.0,0.0008113486513486514,0.0,0.0,0.0,1.0,0.46091972987012986,1899.181012726798,0.000274301778143863,1.0878395432931772e-05,1.588357067824782e-05,0.00022781859333494473,3.550561617546337e-06,0.00026618860003511306,3.6574412034111087e-06,9.06967687156995e-06,3.403102355036686e-11,1.2727186137028129e-05
485,6916,1.5642994399371923,0.035009375569354,0.0332232628593225,0.0008126373626373627,0.0,0.0,0.0008126373626373627,0.0,0.0,0.0,1.0,0.0,0.46106414285714287,1899.1887876407886,0.00028480959252234306,1.0276357975952747e-05,1.5242097647651652e-05,0.0001384854061567251,1.7159709270687903e-07,0.0003027925019288863,5.0831075753820766e-05,1.0021193608172764e-05,7.53995110341606e-09,3.4473586909919028e-06
486,5605,1.3607360618697943,0.2207241185685675,0.1401907925972194,0.0008126906426906427,0.0,0.0,0.0008126906426906427,0.0,0.0,0.0,1.0,0.0,0.46107011341991344,1899.1891090827226,0.0002848282658826412,1.0277031738845837e-05,1.5243096986116883e-05,0.0001384944903785004,1.716087226263472e-07,0.0003028123543333934,5.08344039471112e-05,1.0021850262110998e-05,7.540439296398194e-09,3.4475798093422036e-06
487,5237,3.1276089799203977,0.2231155460658544,0.2874903521039876,0.0008137562437562438,0.0,0.0,0.0,0.0008137562437562438,0.0,0.0,0.0,1.0,0.4611895246753247,1899.195537895754,0.00027511574002985433,1.0910675935533926e-05,1.593070351578547e-05,0.00022849514319237227,3.561713520423163e-06,0.0002669784869200945,3.66777230938664e-06,9.095974208693581e-06,3.412409992162996e-11,1.2763814766279997e-05
488,6902,1.5109869347229334,0.1351553527338604,0.059750365417753,0.0008138761238761238,0.0,0.0,0.0008138761238761238,0.0,0.0,0.0,1.0,0.0,0.46120295844155845,1899.1962611341623,0.00028524374814927487,1.0292022963217091e-05,1.526533226696825e-05,0.00013869661152774202,1.7186748803559255e-07,0.0003032540703333706,5.0908459033082386e-05,1.00364608125356e-05,7.551301897418695e-09,3.4525024788095715e-06
489,5699,1.370405483103023,0.2379476688628573,0.0843503712814773,0.000813999333999334,0.0,0.0,0.000813999333999334,0.0,0.0,0.0,1.0,0.0,0.46121676536796535,1899.1970044618822,0.0002852869302949644,1.0293581039907363e-05,1.5267643237169097e-05,0.00013871761831423562,1.7189438270010325e-07,0.00030329997901875206,5.09161559564283e-05,1.0037979324292022e-05,7.55243088505558e-09,3.4530142909634277e-06
490,6760,1.834222947985286,0.1125743626926295,0.0042537209875257,0.0008141391941391943,0.0,0.0,0.0,0.0008141391941391943,0.0,0.0,0.0,1.0,0.4612324380952381,1899.1978482385023,0.00027524520837963166,1.0915810455311587e-05,1.5938200440151763e-05,0.00022860275514564535,3.56348768522172e-06,0.000267104125912868,3.669415281136202e-06,9.100156700326632e-06,3.4138901287058404e-11,1.2769640259265459e-05
491,3312,1.1195301239279651,0.1342145295549762,0.0494868306902782,0.000814961704961705,0.000814961704961705,0.0,0.0,0.0,1.0,0.0,0.0,0.0,0.4613246086580087,1899.2028104315955,0.00031123405319630665,1.8514610764323054e-05,2.7033226588281663e-05,2.8830591998529523e-06,9.990005856435076e-10,0.00014884736733223044,0.0002597591479285297,1.4319471201448423e-05,3.236976975014649e-05,3.848423297892812e-07
492,5771,3.208962452331396,0.1186594203172091,0.2607964668643952,0.0008149683649683649,0.0,0.0,0.0,0.0008149683649683649,0.0,0.0,0.0,1.0,0.461325354978355,1899.2028506111778,0.0002755255355021929,1.0926927806830167e-05,1.595443291117095e-05,0.0002288357588066734,3.567329548877584e-06,0.0002673761616450575,3.6729722838526875e-06,9.109212292770508e-06,3.417093908178459e-11,1.2782252918501383e-05
493,5351,2.9929682261614223,0.1289470292891484,0.0832761913634503,0.0008152081252081252,0.0,0.0,0.0,0.0008152081252081252,0.0,0.0,0.0,1.0,0.46135222251082253,1899.2042970748714,0.0002756065939472709,1.0930142462690965e-05,1.595912663773072e-05,0.00022890313344095048,3.5684405417853905e-06,0.00026745482257966566,3.6740007330680717e-06,9.111830684759012e-06,3.418020396881924e-11,1.2785899778235067e-05
494,5144,2.284713008943972,0.5192347980435157,0.2814937920220676,0.0008153313353313353,0.0,0.0,0.0008153313353313353,0.0,0.0,0.0,1.0,0.0,0.46136602943722943,1899.2050403955293,0.00028575376430241793,1.0310425112234615e-05,1.5292626698799848e-05,0.00013894472078588335,1.7218516154161524e-07,0.0003037962891315563,5.099936386142415e-05,1.0054395641893037e-05,7.56463558438357e-09,3.458545291351806e-06
495,5324,1.8422537693525,0.1804712770481757,0.0843647528468132,0.0008157242757242758,0.0,0.0,0.0008157242757242758,0.0,0.0,0.0,1.0,0.0,0.46141006233766235,1899.2074109813725,0.0002858914803346168,1.0315394113571155e-05,1.5299996819980922e-05,0.00013901171635979638,1.7227094855971092e-07,0.00030394270061497513,5.102390984862101e-05,1.0059238448325487e-05,7.568235829214561e-09,3.4601765841465537e-06
496,6552,2.0088607196549573,0.2305825897014031,0.0195893757328082,0.0008166200466200467,0.0,0.0,0.0008166200466200467,0.0,0.0,0.0,1.0,0.0,0.46151044242424244,1899.212815088671,0.0002862054262046293,1.0326721752211234e-05,1.53167981979276e-05,0.00013916444270678356,1.7246651971853067e-07,0.0003042764691661626,5.107986722992664e-05,1.0070278399524266e-05,7.576443162952973e-09,3.4638962240624016e-06
497,6034,1.9714146068050191,0.0383619453072698,0.0680068244157154,0.0008170795870795872,0.0,0.0,0.0008170795870795872,0.0,0.0,0.0,1.0,0.0,0.46156193852813854,1899.2155874425841,0.00028636648393720083,1.0332532957164136e-05,1.5325417492190212e-05,0.00013924279349352488,1.7256685725918154e-07,0.0003044476961554029,5.1108573523127386e-05,1.0075942010256286e-05,7.580653461349788e-09,3.4658039656875568e-06
498,5829,1.4591121569421228,0.4653837654883227,0.1611379136636337,0.0008175724275724276,0.0,0.0,0.0008175724275724276,0.0,0.0,0.0,1.0,0.0,0.46161716623376625,1899.2185606816104,0.0002865392125199586,1.0338765263925218e-05,1.5334661372993588e-05,0.0001393268218816753,1.7267446961759153e-07,0.00030463133089754567,5.1139359974335075e-05,1.008201602358161e-05,7.585168794932082e-09,3.467849937192945e-06
499,5444,1.664579438883746,0.0824189871024606,0.1009231620372012,0.000817838827838828,0.0,0.0,0.000817838827838828,0.0,0.0,0.0,1.0,0.0,0.46164701904761907,1899.2201678334893,0.00028663257932144936,1.034213407839067e-05,1.5339658065319742e-05,0.00013937224235789072,1.7273263891564598e-07,0.0003047305929203076,5.1156001573448385e-05,1.0085299273572062e-05,7.587609533786597e-09,3.4689561414530824e-06
500,6255,3.204717513181487,0.1123929559269566,0.16335402985814,0.0008186413586413586,0.0,0.0,0.0,0.0008186413586413586,0.0,0.0,0.0,1.0,0.46173695064935066,1899.2250093600683,0.000276767305848318,1.0976174548697632e-05,1.60263381944407e-05,0.00022986790412086856,3.584353422118369e-06,0.00026858120346280704,3.688724207048425e-06,9.149320524260711e-06,3.4312799129798677e-11,1.2838113356907453e-05
501,6641,1.9938363888635424,0.0742342874730831,0.1639656759018713,0.0008191341991341992,0.0,0.0,0.0008191341991341992,0.0,0.0,0.0,1.0,0.0,0.4617921783549783,1899.227982565975,0.00028708657539369795,1.0358514938728922e-05,1.536395448175565e-05,0.0001395931008088859,1.7301551041656923e-07,0.0003052132545064615,5.123691996373908e-05,1.0101264053361494e-05,7.599477152057076e-09,3.4743336500317034e-06
502,5674,1.6527785187245663,0.2291861552049078,0.1638680978989953,0.0008191941391941393,0.0,0.0,0.0008191941391941393,0.0,0.0,0.0,1.0,0.0,0.46179889523809525,1899.2283441713862,0.0002871075829240334,1.035927292198365e-05,1.5365078737529032e-05,0.00013960332006961358,1.730285984058499e-07,0.000305235588461547,5.124066466996038e-05,1.0102002784712128e-05,7.600026354233867e-09,3.4745828925855995e-06
503,6346,1.7593084215439465,0.0596593690627323,0.125313616285335,0.0008193473193473193,0.0,0.0,0.0008193473193473193,0.0,0.0,0.0,1.0,0.0,0.4618160606060606,1899.2292682734005,0.0002871612688348905,1.0361209990301282e-05,1.5367951835616565e-05,0.00013962943707361347,1.730620508264776e-07,0.0003052926641247328,5.1250233359274476e-05,1.010389064838239e-05,7.601429681395374e-09,3.475218724589401e-06
504,6978,1.9771909646170136,0.1555914565984774,0.1027904945470276,0.0008196103896103897,0.0,0.0,0.0008196103896103897,0.0,0.0,0.0,1.0,0.0,0.46184554025974023,1899.2308553158089,0.00028725346855136265,1.0364536694585915e-05,1.5372886069288642e-05,0.0001396742901607102,1.7311950251389266e-07,0.00030539068537238564,5.126666657156488e-05,1.0107132848242374e-05,7.603839735485264e-09,3.4763107246054206e-06
505,6538,1.3814901931188923,0.3621791281321425,0.0312161790935187,0.0008202264402264402,0.0,0.0,0.0008202264402264402,0.0,0.0,0.0,1.0,0.0,0.4619145748917749,1899.2345717958726,0.0002874693792798099,1.0372327078037269e-05,1.5384440920292865e-05,0.00013977932574134745,1.7325404523893204e-07,0.000305620228800479,5.130514954012526e-05,1.0114725337622003e-05,7.609483487552512e-09,3.478868065431395e-06
506,5312,3.035998617566648,0.1111305964522193,0.1372090836075854,0.0008203296703296703,0.0,0.0,0.0,0.0008203296703296703,0.0,0.0,0.0,1.0,0.46192614285714284,1899.2351945557996,0.0002773380923990754,1.09988110837174e-05,1.605938985229905e-05,0.0002303423372853461,3.592181117339329e-06,0.00026913510754407005,3.6959627554966742e-06,9.167753914351272e-06,3.437797496761569e-11,1.2863785425797861e-05
507,2658,1.4479401365942692,0.139337327950689,0.0717390604717443,0.0008208358308358309,0.0,0.0008208358308358309,0.0,0.0,0.0,1.0,0.0,0.0,0.4619828632034632,1899.2382480817078,0.00025071824125121105,8.366531351855736e-06,1.187943343305006e-05,5.612313104558887e-06,2.059089954327835e-09,0.0002953595580237295,0.00021966279466861883,1.2818348192715734e-05,1.6416551720136808e-05,5.341688223862518e-07
508,6474,0.9458463556466572,0.1231665665492732,0.1640339792200968,0.0008212021312021312,0.0,0.0,0.0008212021312021312,0.0,0.0,0.0,1.0,0.0,0.4620239108225108,1899.2404578633184,0.00028781133519026965,1.0384665361016982e-05,1.540274130593739e-05,0.00013994567982857737,1.734671468657633e-07,0.00030598377595983346,5.136609780378678e-05,1.0126750184139322e-05,7.618421704526802e-09,3.4829178868917834e-06
509,6819,1.4033708309004995,0.0818561891477114,0.1486679667961005,0.0008215817515817515,0.0,0.0,0.0008215817515817515,0.0,0.0,0.0,1.0,0.0,0.4620664510822511,1899.2427479945318,0.0002879443828823939,1.0389465921630248e-05,1.540986159250215e-05,0.00014001040410601396,1.7355006208639527e-07,0.0003061252243426361,5.138981198369357e-05,1.013142879140481e-05,7.621899390385274e-09,3.484494104427833e-06
510,6573,1.7298755083647843,0.2568599904726562,0.1816892334675064,0.0008220945720945722,0.0,0.0,0.0008220945720945722,0.0,0.0,0.0,1.0,0.0,0.46212391774891776,1899.2458416707111,0.0002881241139752636,1.0395950889476242e-05,1.5419480225229997e-05,0.00014009783967909323,1.7366207885639722e-07,0.00030631630373716823,5.142184590562214e-05,1.0137749006765183e-05,7.626597097181321e-09,3.486622348961455e-06
511,5972,1.6770961007704792,0.2011889462566001,0.1065885311770391,0.0008223310023310023,0.0,0.0,0.0008223310023310023,0.0,0.0,0.0,1.0,0.0,0.4621504121212121,1899.2472679721513,0.00028820697701158654,1.0398940712314328e-05,1.542391478966945e-05,0.00014013815029192175,1.7371372174927996e-07,0.00030640439878262685,5.143661538464781e-05,1.0140662873490847e-05,7.62876299539297e-09,3.487604146899001e-06
512,5643,3.27181517841383,0.059334828070779,0.0991219261659895,0.000822893772893773,0.0,0.0,0.0,0.000822893772893773,0.0,0.0,0.0,1.0,0.4622134761904762,1899.2506629616782,0.0002782049674367149,1.1033190042228686e-05,1.610958665022988e-05,0.00023106288033287352,3.604073310821331e-06,0.00026997634253932764,3.7069526842076943e-06,9.19574542045482e-06,3.4476914487387156e-11,1.2902767058491451e-05
513,5940,1.2958397789702498,0.0415921608935374,0.0655633245277906,0.0008247052947052948,0.0,0.0,0.0008247052947052948,0.0,0.0,0.0,1.0,0.0,0.46241647532467534,1899.2615911194562,0.0002890391086298726,1.0428965271237657e-05,1.546844781002627e-05,0.00014054296498105888,1.742324089143249e-07,0.00030728907156470157,5.15849289418779e-05,1.0169924585734606e-05,7.650511870934198e-09,3.497458235783937e-06
514,5434,1.4786772321833452,0.0403928074139822,0.144466541865583,0.0008255710955710956,0.0,0.0,0.0008255710955710956,0.0,0.0,0.0,1.0,0.0,0.46251349696969696,1899.266814086172,0.00028934255073471743,1.0439913918250372e-05,1.548468706008626e-05,0.0001406905837390791,1.7442157734359036e-07,0.0003076116731406445,5.163901192867601e-05,1.0180595029992983e-05,7.658442305346659e-09,3.5010510671644327e-06
515,1267,1.2479106128055375,0.1338358766763972,0.099644553556881,0.0008260672660672662,0.0,0.0008260672660672662,0.0,0.0,0.0,1.0,0.0,0.0,0.4625690978354978,1899.2698072333283,0.00025231614449954936,8.419853788858076e-06,1.1955144658433418e-05,5.647906946182313e-06,2.072579867661635e-09,0.0002972421034132479,0.00022106294728359188,1.2900043039378808e-05,1.65210498581568e-05,5.37488972676475e-07
516,5160,3.0163042734297374,0.1667067180326308,0.1864011686356911,0.0008261172161172162,0.0,0.0,0.0,0.0008261172161172162,0.0,0.0,0.0,1.0,0.46257469523809525,1899.2701085562808,0.00027929475319831874,1.1076409304357158e-05,1.617269119620007e-05,0.00023196871061125808,3.619029380468534e-06,0.0002710338951048693,3.7207638616656774e-06,9.230928858858018e-06,3.460122054328718e-11,1.2951761922964694e-05
517,6252,2.632297706235289,0.2272840831692935,0.1249092570450072,0.0008270562770562771,0.0,0.0,0.0,0.0008270562770562771,0.0,0.0,0.0,1.0,0.4626799264069264,1899.2757734078048,0.00027961223210820743,1.108900003981194e-05,1.619107495855915e-05,0.00023223260025956723,3.623387709834723e-06,0.0002713419837655045,3.7247862903685156e-06,9.241177287002382e-06,3.463742107804452e-11,1.2966032852212918e-05
518,6261,1.7424928435662455,0.0545288399949397,0.0465414813113524,0.0008271794871794871,0.0,0.0,0.0008271794871794871,0.0,0.0,0.0,1.0,0.0,0.4626937333333333,1899.2765166656498,0.0002899062527987176,1.0460253135585526e-05,1.551485459000539e-05,0.0001409648136774548,1.7477302620588e-07,0.0003082109676071747,5.173948177009742e-05,1.020041740008504e-05,7.673174160730684e-09,3.507725702222848e-06
519,5298,1.775447673178992,0.031993316523251,0.084495479898576,0.0008284015984015984,0.0,0.0,0.0008284015984015984,0.0,0.0,0.0,1.0,0.0,0.46283068311688313,1899.2838889445811,0.00029033457300055635,1.0475707571945782e-05,1.5537776916051607e-05,0.00014117318341739236,1.750401000654911e-07,0.00030866633214021526,5.181582180073039e-05,1.0215479087211449e-05,7.684367429752845e-09,3.5127968795207066e-06
520,6725,1.3821431613206536,0.0485673599781139,0.1011016118736535,0.0008291375291375291,0.0,0.0,0.0008291375291375291,0.0,0.0,0.0,1.0,0.0,0.4629131515151515,1899.2883283513022,0.00029059249878967444,1.0485013921906588e-05,1.5551580278602598e-05,0.00014129865976427426,1.7520093999554254e-07,0.0003089405434805019,5.186179193694405e-05,1.0224548918065892e-05,7.691107563865575e-09,3.5158503353939453e-06
521,5378,1.4151526116500623,0.340602624576775,0.1315827389285173,0.0008292640692640692,0.0,0.0,0.0008292640692640692,0.0,0.0,0.0,1.0,0.0,0.4629273316017316,1899.2890916858566,0.0002906368480203825,1.0486614108777678e-05,1.555395370745752e-05,0.0001413202344144219,1.7522859452143615e-07,0.0003089876929416657,5.186969677257756e-05,1.0226108437702038e-05,7.692266562923326e-09,3.5163758336590736e-06
522,6661,1.6622432593169234,0.3950355631205235,0.1444671900047054,0.0008293140193140194,0.0,0.0,0.0008293140193140194,0.0,0.0,0.0,1.0,0.0,0.46293292900432903,1899.2893930019384,0.00029065435429566203,1.0487245761489951e-05,1.5554890587268673e-05,0.00014132875133063212,1.7523951361153125e-07,0.0003090063045711716,5.1872816495491505e-05,1.022672403472854e-05,7.692723963479559e-09,3.516582657215185e-06
523,6019,3.553484022357563,0.2665515722221561,0.4720476878124031,0.0008296403596403598,0.0,0.0,0.0,0.0008296403596403598,0.0,0.0,0.0,1.0,0.4629694987012987,1899.2913615976977,0.0002804858620162701,1.1123646886311626e-05,1.624166290036996e-05,0.00023295876730475163,3.6353839381829777e-06,0.0002721897738387899,3.735852478380249e-06,9.26937554031437e-06,3.473698889297494e-11,1.3005297492672385e-05
524,6245,1.8964249046972257,0.0650844693795928,0.1666588143220757,0.0008306293706293706,0.0,0.0,0.0008306293706293706,0.0,0.0,0.0,1.0,0.0,0.46308032727272724,1899.2973276201244,0.0002911153528780224,1.0503879282913111e-05,1.5579561755629038e-05,0.00014155301863609955,1.7552701259115795e-07,0.0003094964108131972,5.195498068695959e-05,1.0242934793485906e-05,7.704770472614832e-09,3.522040539246816e-06
525,5898,3.1381688497083298,0.3421828529800644,0.3378568887132577,0.0008311954711954712,0.0,0.0,0.0,0.0008311954711954712,0.0,0.0,0.0,1.0,0.4631437645021645,1899.300742496177,0.00028101161609753964,1.1144497501408727e-05,1.6272106932361775e-05,0.00023339577898862806,3.6426051565331612e-06,0.0002726999774009583,3.7425107943782224e-06,9.286343526777756e-06,3.479688542515347e-11,1.3028923914926876e-05
526,6976,1.9644530836942673,0.1187238223060034,0.0722480778075019,0.0008314152514152514,0.0,0.0,0.0008314152514152514,0.0,0.0,0.0,1.0,0.0,0.4631683930735931,1899.3020682678698,0.0002913907849424201,1.0513817285586192e-05,1.5594301997991183e-05,0.0001416870122524086,1.7569880255257114e-07,0.0003097892337834824,5.200407019287026e-05,1.0252620190425584e-05,7.711967514568117e-09,3.52530043353286e-06
527,5217,2.6773549625741855,0.4049224525269501,0.2127114303964393,0.0008320612720612721,0.0,0.0,0.0008320612720612721,0.0,0.0,0.0,1.0,0.0,0.46324078614718617,1899.305965221116,0.00029161719943603505,1.052198666066491e-05,1.5606418976882098e-05,0.00014179715946898737,1.7584002714833168e-07,0.00031002994419136303,5.204442350896366e-05,1.0260581907604449e-05,7.717883623208424e-09,3.527980247692718e-06
528,5165,1.923807285115216,0.0813410139594544,0.0845323816679095,0.0008327938727938728,0.0,0.0,0.0008327938727938728,0.0,0.0,0.0,1.0,0.0,0.4633228813852814,1899.310384424719,0.00029187395814013456,1.0531250900444899e-05,1.5620159880779012e-05,0.0001419220679468438,1.7600018389950872e-07,0.00031030291475701063,5.2090185738261195e-05,1.026961065389666e-05,7.724592602609097e-09,3.5310199438573064e-06
529,6498,3.2298830303290265,0.108233139050867,0.1491987375143335,0.0008330236430236431,0.0,0.0,0.0,0.0008330236430236431,0.0,0.0,0.0,1.0,0.46334862943722943,1899.31177044291,0.0002816296867412593,1.1169009252347294e-05,1.630789659737999e-05,0.0002339095267433158,3.651096375221087e-06,0.00027329976702759363,3.7503365513202424e-06,9.306288867924202e-06,3.486728153380067e-11,1.305669515380746e-05
530,5353,1.7965090601721467,0.0515461207025979,0.0954845485070251,0.0008334465534465535,0.0,0.0,0.0008334465534465535,0.0,0.0,0.0,1.0,0.0,0.46339602077922076,1899.314321513932,0.0002921027068037868,1.0539504495885251e-05,1.5632401776978083e-05,0.0001420333503209523,1.761428778606064e-07,0.0003105461067156544,5.213095544870803e-05,1.02776544371924e-05,7.730569535587591e-09,3.533727751978263e-06
531,6654,1.168171776747304,0.1348607061819024,0.0314814013325194,0.0008340459540459542,0.0,0.0,0.0,0.0008340459540459542,0.0,0.0,0.0,1.0,0.4634631896103896,1899.317937191962,0.0002819753109445779,1.118271618775374e-05,1.632791012590566e-05,0.0002341968142963436,3.6558454429750443e-06,0.0002736351685128079,3.754712145961523e-06,9.317441482992016e-06,3.490663671740918e-11,1.3072223442227e-05
532,6628,3.32777660546723,0.033578417343214,0.219436614915125,0.0008356310356310356,0.0,0.0,0.0,0.0008356310356310356,0.0,0.0,0.0,1.0,0.46364081385281386,1899.3274985771513,0.0002825111973314822,1.1203968634833442e-05,1.6358940873717443e-05,0.0002346422519293106,3.663210484848768e-06,0.00027415520469186057,3.7614948983055166e-06,9.334731819043901e-06,3.496763317269169e-11,1.3096296652615868e-05
533,5393,1.7844336128320246,0.1026586756768731,0.027866506205288,0.0008360572760572761,0.0,0.0,0.0008360572760572761,0.0,0.0,0.0,1.0,0.0,0.46368857835497834,1899.3300696874983,0.00029301770145839583,1.0572518877646666e-05,1.5681369361774355e-05,0.00014247848253043024,1.7671373768198133e-07,0.0003115188745517284,5.229403157745155e-05,1.0309829486398375e-05,7.754475768700485e-09,3.5445561844437345e-06
534,5469,1.291415084122579,0.1608338168476217,0.1660703553908047,0.0008362937062937064,0.0,0.0,0.0008362937062937064,0.0,0.0,0.0,1.0,0.0,0.46371507272727275,1899.3314958468986,0.0002931005644947189,1.0575508700484754e-05,1.5685803926213814e-05,0.00014251879380227652,1.7676543908224837e-07,0.00031160696959812084,5.230880039745951e-05,1.0312743294616658e-05,7.756640733143014e-09,3.5455372629886357e-06
535,5348,1.4171116070292344,0.6155679025030817,0.1115353401278931,0.0008372227772227773,0.0,0.0,0.0008372227772227773,0.0,0.0,0.0,1.0,0.0,0.46381918441558445,1899.3371000274437,0.00029342618121491775,1.0587257440933014e-05,1.5703229890701265e-05,0.00014267720247999958,1.7696862380389913e-07,0.0003119531459077058,5.236683320744535e-05,1.032419330966367e-05,7.765147607005033e-09,3.5493900537229795e-06
536,5004,1.7911839526646127,0.3777818244723602,0.1107532526379061,0.0008372627372627373,0.0,0.0,0.0008372627372627373,0.0,0.0,0.0,1.0,0.0,0.46382366233766237,1899.3373410666345,0.00029344018623514136,1.0587762763102831e-05,1.5703979394550186e-05,0.00014268401515033928,1.769773605044942e-07,0.0003119680352112508,5.2369329848404964e-05,1.032468578585635e-05,7.765513587091981e-09,3.5495563738872178e-06
537,6860,2.8343758924093456,0.6020458042740758,0.3356319021625699,0.0008372627372627373,0.0,0.0,0.0,0.0008372627372627373,0.0,0.0,0.0,1.0,0.46382366233766237,1899.3373410666345,0.0002830628450827073,1.1225846153886079e-05,1.639088429058252e-05,0.00023510079248663938,3.670794148589133e-06,0.0002746905360526764,3.7684753258557106e-06,9.35252869140343e-06,3.503039725698612e-11,1.312107407805364e-05
538,5552,1.4975115558773686,0.1612959465971235,0.1549169553640621,0.0008373026973026974,0.0,0.0,0.0008373026973026974,0.0,0.0,0.0,1.0,0.0,0.4638281402597403,1899.3375821057564,0.00029345419125536497,1.0588268085272649e-05,1.570472889839911e-05,0.00014269082875107656,1.7698610145772426e-07,0.000311982924514947,5.2371825558966977e-05,1.0325178257796399e-05,7.765879415986936e-09,3.5497217590990367e-06
539,5459,2.970779347108852,0.2439100289088481,0.1999735404220652,0.0008375824175824176,0.0,0.0,0.0,0.0008375824175824176,0.0,0.0,0.0,1.0,0.4638594857142857,1899.3392693776843,0.0002831709230094779,1.1230132361700472e-05,1.6397142592662205e-05,0.00023519062894951105,3.672279973446044e-06,0.00027479541729887594,3.769842974307258e-06,9.356015379741602e-06,3.504269498275786e-11,1.3125928439438835e-05
540,5508,2.5934712632229013,0.2234764417738223,0.1538362843765163,0.0008376490176490177,0.0,0.0,0.0,0.0008376490176490177,0.0,0.0,0.0,1.0,0.46386694891774893,1899.3396711086,0.00028319343924422183,1.1231025321661805e-05,1.6398446405595474e-05,0.00023520934486237792,3.6725895117673733e-06,0.0002748172675585016,3.7701279179660682e-06,9.356741781669246e-06,3.504525630197014e-11,1.312693979014796e-05
541,5830,1.927989352168572,0.1720427028432655,0.0932549483678818,0.0008376756576756578,0.0,0.0,0.0008376756576756578,0.0,0.0,0.0,1.0,0.0,0.4638699341991342,1899.3398318009124,0.000293584904777452,1.059298442552428e-05,1.5711724267655723e-05,0.00014275441927326415,1.7706767097296255e-07,0.00031212189134896133,5.239512194223962e-05,1.0329774675285065e-05,7.769294302687173e-09,3.5512684527836237e-06
542,5310,3.485938417324277,0.0641422613160075,0.2974016383473057,0.0008388111888111888,0.0,0.0,0.0,0.0008388111888111888,0.0,0.0,0.0,1.0,0.46399718181818184,1899.3466812823517,0.0002835863475405025,1.124660747298705e-05,1.6421197941281005e-05,0.00023553593866284438,3.6779919457907168e-06,0.00027519855458896946,3.7750990638725805e-06,9.36941650499052e-06,3.508995047654673e-11,1.3144585748764035e-05
543,4194,1.2342639361587808,0.0791349477461198,0.0825461748884634,0.0008392141192141193,0.0,0.0008392141192141193,0.0,0.0,0.0,1.0,0.0,0.0,0.4640423341991342,1899.349111730172,0.00025633175368124236,8.553855686557141e-06,1.2145410678683893e-05,5.737345250171109e-06,2.106501011949798e-09,0.00030197303530399175,0.00022458161019579841,1.3105346172851739e-05,1.67836557438109e-05,5.45837303350151e-07
544,5026,1.514415872943232,0.0749838005320926,0.1574636184362613,0.0008394072594072595,0.0,0.0,0.0008394072594072595,0.0,0.0,0.0,1.0,0.0,0.4640639774891775,1899.3502767357413,0.00029419178898714164,1.0614881719549708e-05,1.5744202767775698e-05,0.0001430496605532135,1.7744641528156692e-07,0.00031276709450727265,5.250328415192692e-05,1.0351115156351746e-05,7.78514874604213e-09,3.5584499313348877e-06
545,6595,3.0277911836683127,0.1244632870663252,0.2438443567538969,0.0008402597402597403,0.0,0.0,0.0,0.0008402597402597403,0.0,0.0,0.0,1.0,0.4641595064935065,1899.3554188101132,0.000284076075646182,1.1266029352146023e-05,1.6449555872579592e-05,0.0002359430126747281,3.6847272246923314e-06,0.00027567379773584807,3.78129368142229e-06,9.38521292650412e-06,3.5145637756420905e-11,1.3166576899201914e-05
546,5423,1.9871661500788096,0.1252664433434968,0.1462314310619793,0.0008410855810855811,0.0,0.0,0.0008410855810855811,0.0,0.0,0.0,1.0,0.0,0.4642520502164502,1899.3604001648444,0.0002947799998365332,1.0636105250682045e-05,1.5775681929430446e-05,0.00014333581790438178,1.778135559642984e-07,0.00031339244526149815,5.2608117875329555e-05,1.0371798957186594e-05,7.800514575093988e-09,3.5654099714053184e-06
547,6064,2.9471290894467046,0.1135568937003592,0.1845300017356654,0.0008423576423576424,0.0,0.0,0.0,0.0008423576423576424,0.0,0.0,0.0,1.0,0.4643945974025974,1899.36807300061,0.00028478533704061424,1.1294157590927982e-05,1.6490625979977543e-05,0.0002365325691960163,3.694483526154321e-06,0.00027636208091410294,3.79026414069276e-06,9.408088742884852e-06,3.5226271389871694e-11,1.3198423336120355e-05
548,6373,1.8326959092859492,0.1139498495510633,0.1130630911610514,0.0008431768231768232,0.0,0.0,0.0008431768231768232,0.0,0.0,0.0,1.0,0.0,0.4644863948051948,1899.3730141093022,0.0002955129292282353,1.0662550444235833e-05,1.5814905964190726e-05,0.00014369238040636088,1.7827109740301283e-07,0.00031417165215487543,5.2738742664680874e-05,1.0397571557162648e-05,7.81965967851109e-09,3.5740809693159993e-06
549,5703,2.8788411718872777,0.6046358889595669,0.3575725280372296,0.0008440992340992341,0.0,0.0,0.0,0.0008440992340992341,0.0,0.0,0.0,1.0,0.46458976017316017,1899.3785778434742,0.00028537413657916673,1.1317508493916816e-05,1.652472068818251e-05,0.00023702199672152066,3.702585157187123e-06,0.0002769334652033836,3.797709013334742e-06,9.427076949362751e-06,3.5293179078028925e-11,1.322485654905569e-05
550,923,1.517341691681659,0.085465724203395,0.0590317672189445,0.000844925074925075,0.000844925074925075,0.0,0.0,0.0,1.0,0.0,0.0,0.0,0.4646823038961039,1899.3835590617825,0.0003226770707323985,1.9195330028408317e-05,2.8027146381858167e-05,2.9884764893545477e-06,1.0367650536828203e-09,0.000154320450532667,0.00026931019127057835,1.4845948418114529e-05,3.355942430664186e-05,3.9863007387673163e-07
551,5245,1.718159793373534,0.0603723795942326,0.0758309428380951,0.0008451015651015652,0.0,0.0,0.0,0.0008451015651015652,0.0,0.0,0.0,1.0,0.4647020813852814,1899.384623592535,0.0002857130059120622,1.1330947541334864e-05,1.65443430728282e-05,0.000237303675910917,3.7072489500415594e-06,0.0002772623116108093,3.801992714649768e-06,9.438004057255393e-06,3.5331666845689336e-11,1.32400674352389e-05
552,6752,1.961991004584312,0.1582119624004326,0.0802634694968811,0.0008458641358641359,0.0,0.0,0.0008458641358641359,0.0,0.0,0.0,1.0,0.0,0.4647875350649351,1899.3892231533996,0.0002964547668382729,1.0696533360156065e-05,1.586531009803077e-05,0.00014415057572632773,1.78859165997344e-07,0.0003151729578301659,5.290659852959245e-05,1.0430690055641114e-05,7.844259951610057e-09,3.5852222114846326e-06
553,6951,2.9657127472554414,0.0310280895612501,0.0481345374918049,0.000846027306027306,0.0,0.0,0.0,0.000846027306027306,0.0,0.0,0.0,1.0,0.4648058199134199,1899.3902073356628,0.0002860259815750021,1.1343359684797378e-05,1.6562466072600627e-05,0.00023756383193455785,3.711556966402585e-06,0.000277566030219661,3.805948596715753e-06,9.448095610355123e-06,3.5367213498116445e-11,1.3254114941497921e-05
554,5872,1.9038782033098012,0.1496410096952868,0.006015635463699,0.0008463536463536464,0.0,0.0,0.0008463536463536464,0.0,0.0,0.0,1.0,0.0,0.4648423896103896,1899.3921756967522,0.0002966263283360121,1.070272355673633e-05,1.587449152018007e-05,0.00014423403949197471,1.7896630246387045e-07,0.0003153553518010589,5.293717382736201e-05,1.0436722777117214e-05,7.848740741155883e-09,3.5872509626936515e-06
555,6540,2.603800937480658,0.7707912771383778,0.34422498311794,0.0008464169164169165,0.0,0.0,0.0008464169164169165,0.0,0.0,0.0,1.0,0.0,0.4648494796536797,1899.3925573172498,0.0002966485029513662,1.0703523650171875e-05,1.5875678234607534e-05,0.0001442448275019015,1.7898015112962185e-07,0.0003153789265320235,5.294112556032584e-05,1.0437502515532485e-05,7.849319857988497e-09,3.587513004805077e-06
556,6895,1.782339987983464,0.1896516855052741,0.0289298242883375,0.0008470529470529471,0.0,0.0,0.0008470529470529471,0.0,0.0,0.0,1.0,0.0,0.46492075324675325,1899.3963935979439,0.0002968714161899252,1.0711566694708137e-05,1.5887607837536216e-05,0.00014435327231798663,1.791193564439108e-07,0.0003156159146165477,5.298085394908798e-05,1.04453409487695e-05,7.85514194174327e-09,3.590150301879271e-06
557,6428,1.5698659992806632,0.0639620077948194,0.091109575862359,0.0008472161172161173,0.0,0.0,0.0008472161172161173,0.0,0.0,0.0,1.0,0.0,0.46493903809523807,1899.3973777718613,0.00029692860335583834,1.0713630093568227e-05,1.5890668311585985e-05,0.0001443810936071498,1.791550715704813e-07,0.00031567671260689215,5.299104568106365e-05,1.044735185295714e-05,7.856635491493291e-09,3.5908265152701088e-06
558,6668,2.652345950279136,0.1105958344309538,0.1559142694352169,0.000847942057942058,0.0,0.0,0.000847942057942058,0.0,0.0,0.0,1.0,0.0,0.46502038701298704,1899.4017563276498,0.00029718302788990053,1.072281011298658e-05,1.5904284298174746e-05,0.00014450486932872288,1.793139700267595e-07,0.00031594720162515,5.303638911476134e-05,1.0456298322062038e-05,7.863280273114927e-09,3.5938355984099953e-06
559,4263,1.3465765172757207,0.0367750876863741,0.0154514380694671,0.0008488411588411589,0.0008488411588411589,0.0,0.0,0.0,1.0,0.0,0.0,0.0,0.4651211402597403,1899.4071792781588,0.00032417262403562635,1.9284297116046044e-05,2.8157047435119555e-05,3.002250607331955e-06,1.0417060342605821e-09,0.00015503575587879763,0.0002705584751324523,1.4914756726502005e-05,3.371491020324872e-05,4.004418360984796e-07
560,5371,1.5636667610300292,0.0408346963133643,0.1428416705470589,0.0008488578088578089,0.0,0.0,0.0,0.0008488578088578089,0.0,0.0,0.0,1.0,0.4651230060606061,1899.4072797028405,0.0002869829215516171,1.1381310483153993e-05,1.6617878122264532e-05,0.0002383592747573367,3.7247316420464173e-06,0.000278494666253959,3.818042176278037e-06,9.47894839529274e-06,3.5475860313619045e-11,1.329706152329135e-05
561,5058,2.0840718531339233,0.4744372991202701,0.1067048815435901,0.0008489044289044289,0.0,0.0,0.0008489044289044289,0.0,0.0,0.0,1.0,0.0,0.4651282303030303,1899.407560891885,0.0002975203154602857,1.073497995524302e-05,1.5922334849202962e-05,0.000144668957023501,1.7952463211241252e-07,0.00031630578569078805,5.3096500667108176e-05,1.046815853715611e-05,7.872089031470911e-09,3.597824994531389e-06
562,5233,1.331025124114485,0.0762860512572583,0.1003706495706043,0.0008496370296370298,0.0,0.0,0.0008496370296370298,0.0,0.0,0.0,1.0,0.0,0.46521032554112557,1899.4119795645906,0.00029777707416438524,1.0744244195023009e-05,1.593607575309988e-05,0.0001447938689244158,1.7968501204117864e-07,0.00031657875626007976,5.314225947334738e-05,1.0477187060270734e-05,7.878794366759662e-09,3.600861037171771e-06
563,3539,1.4504907550962824,0.055494833835712,0.048698484016754,0.0008496736596736598,0.0,0.0008496736596736598,0.0,0.0,0.0,1.0,0.0,0.0,0.46521443030303034,1899.41220049762,0.00025952654305299964,8.660466618845075e-06,1.2296784936436364e-05,5.808491241796721e-06,2.1335094093699995e-09,0.0003057369357524896,0.00022738104321128264,1.3268683827208296e-05,1.69925775231921e-05,5.524785287838903e-07
564,5382,1.96083298169085,0.1807800108498999,0.1044481021173056,0.0008498268398268398,0.0,0.0,0.0008498268398268398,0.0,0.0,0.0,1.0,0.0,0.4652315956709957,1899.413124398753,0.0002978435980104473,1.074664447532964e-05,1.5939635896382257e-05,0.00014482623214116997,1.7972656503671495e-07,0.00031664948045300107,5.315411548526488e-05,1.0479526268518258e-05,7.880531689664558e-09,3.6016479694786323e-06
565,5791,1.7419854036171063,0.2551395912648429,0.0247313681592935,0.0008506959706959708,0.0,0.0,0.0008506959706959708,0.0,0.0,0.0,1.0,0.0,0.4653289904761905,1899.418366514328,0.00029814820720031087,1.0757635232523174e-05,1.5955937605096328e-05,0.00014497442279315034,1.7991684715153383e-07,0.00031697332281037773,5.320840235404449e-05,1.0490237366832186e-05,7.88848648414827e-09,3.6052500915372725e-06
566,5420,3.468065264244394,0.0236629379006544,0.3067281206512699,0.0008507792207792208,0.0,0.0,0.0,0.0008507792207792208,0.0,0.0,0.0,1.0,0.4653383194805195,1899.4188686309724,0.0002876325149239781,1.1407072378038422e-05,1.665549312538932e-05,0.00023889924299257348,3.7336782467359467e-06,0.0002791250462443369,3.826248651806895e-06,9.499888666786148e-06,3.5549575598797095e-11,1.3326208417744245e-05
567,2957,1.3358606508585302,0.0150977026065581,0.0682180910627062,0.0008511754911754913,0.0008511754911754913,0.0,0.0,0.0,1.0,0.0,0.0,0.0,0.46538272554112553,1899.4212587021127,0.0003250641060641661,1.9337329368115814e-05,2.823447995071159e-05,3.010461083299652e-06,1.0446519746347918e-09,0.0001554621445059441,0.0002713025628230458,1.4955772562710445e-05,3.380759016552315e-05,4.01515157280141e-07
568,5146,2.800001753011272,0.1118048741124181,0.1391610924350301,0.0008521511821511822,0.0,0.0,0.0008521511821511822,0.0,0.0,0.0,1.0,0.0,0.46549206147186145,1899.4271434703264,0.0002986582233534539,1.0776037381540696e-05,1.598323203692792e-05,0.00014522254285768873,1.8023547096300728e-07,0.0003175155416237373,5.329929637598921e-05,1.0508171245884174e-05,7.90180499721585e-09,3.6112811170292214e-06
569,5448,1.870375312912856,0.27280660979292,0.0179973594870392,0.0008525907425907427,0.0,0.0,0.0,0.0008525907425907427,0.0,0.0,0.0,1.0,0.4655413186147186,1899.4297946153206,0.00028824495650901164,1.1431360888986654e-05,1.669095683717422e-05,0.0002394083304232534,3.742114989462855e-06,0.00027971937330634243,3.833984518625277e-06,9.519629498831367e-06,3.561905474345692e-11,1.3353685255566177e-05
570,5116,2.715549451687084,0.0783166916435941,0.0567235458258383,0.0008536596736596737,0.0,0.0,0.0,0.0008536596736596737,0.0,0.0,0.0,1.0,0.46566110303030306,1899.4362416832332,0.000288606342076651,1.1445692896366034e-05,1.6711883034753174e-05,0.00023970873063033332,3.7470945533182253e-06,0.000280070069973465,3.838548058782425e-06,9.531276775972049e-06,3.566003248982666e-11,1.3369896154819569e-05
571,6826,1.8131442793611656,0.1490821069151409,0.1413794604730675,0.0008546453546453548,0.0,0.0,0.0008546453546453548,0.0,0.0,0.0,1.0,0.0,0.4657715584415585,1899.4421865994882,0.0002995323700324107,1.080757790697348e-05,1.6030013568831508e-05,0.00014564781213994698,1.8078166975289363e-07,0.0003184448823373892,5.345508327399609e-05,1.0538909085182918e-05,7.924630870894019e-09,3.621616240897488e-06
572,5706,1.402892607426928,0.111645315688185,0.1328309011831824,0.0008547585747585749,0.0,0.0,0.0008547585747585749,0.0,0.0,0.0,1.0,0.0,0.4657842458874459,1899.442869458814,0.00029957205092304433,1.0809009653121295e-05,1.6032137163070122e-05,0.00014566711649436693,1.8080646513063302e-07,0.0003184870686982206,5.3462155301590866e-05,1.0540304393002793e-05,7.925667027351962e-09,3.6220856499385307e-06
573,5462,2.833016788666447,0.1361474178352028,0.2005189650557472,0.0008551981351981352,0.0,0.0,0.0008551981351981352,0.0,0.0,0.0,1.0,0.0,0.465833503030303,1899.4455205544996,0.00029972610614550395,1.0814568196989286e-05,1.6040381705408267e-05,0.0001457420639530268,1.809027367723403e-07,0.00031865085104047525,5.3489610267223354e-05,1.0545721463187118e-05,7.929689548817186e-09,3.6239069123677027e-06
574,5003,1.6175059666769471,0.1186304224399626,0.0079988442586491,0.0008555278055278055,0.0,0.0,0.0008555278055278055,0.0,0.0,0.0,1.0,0.0,0.46587044588744586,1899.4475088708084,0.0002998416475623487,1.0818737104890282e-05,1.6046565112161878e-05,0.000145798274572657,1.8097494275518717e-07,0.0003187736877972026,5.3510201465812424e-05,1.0549784263573795e-05,7.932706403595332e-09,3.62527283123042e-06
575,5778,18.705440213108258,0.3863620089441737,0.5189860642932812,0.0008556277056277057,0.0,0.0,0.0,0.0008556277056277057,0.0,0.0,0.0,1.0,0.4658816406926407,1899.448111389979,0.00028927169681333264,1.1472079863223397e-05,1.6750410706931254e-05,0.000240261804670165,3.756263889300405e-06,0.00028071574514565716,3.846949329284349e-06,9.552719474347088e-06,3.573546428388419e-11,1.3399740274559952e-05
576,6807,1.614140138172644,0.0673109515762809,0.1370336196577884,0.0008560339660339661,0.0,0.0,0.0008560339660339661,0.0,0.0,0.0,1.0,0.0,0.46592716623376623,1899.4505616301822,0.0003000190444851811,1.0825137852374639e-05,1.6056058827581566e-05,0.0001458845777313652,1.8108580796059047e-07,0.00031896228564596576,5.3541816250228833e-05,1.0556022095016553e-05,7.937338291892724e-09,3.6273700108553674e-06
577,6899,2.763132659760573,0.7848595827873965,0.1775661786994383,0.000856067266067266,0.0,0.0,0.000856067266067266,0.0,0.0,0.0,1.0,0.0,0.46593089783549785,1899.4507624692283,0.0003000307153353674,1.0825558954182819e-05,1.6056683414122335e-05,0.0001458902555475417,1.8109310176984184e-07,0.0003189746933991707,5.3543896193468366e-05,1.0556432478618366e-05,7.937643024531586e-09,3.6275080063717484e-06
578,6451,1.8579358479392796,0.2844255263746716,0.0621917458525803,0.0008562171162171163,0.0,0.0,0.0,0.0008562171162171163,0.0,0.0,0.0,1.0,0.46594769004329006,1899.451666244345,0.000289470965490816,1.1479982558881186e-05,1.6761949451390678e-05,0.00024042744676267328,3.759010688122983e-06,0.00028090911994342756,3.849464817028288e-06,9.559140746727942e-06,3.575804826934717e-11,1.3408677079852706e-05
579,6810,1.719276331566336,0.0914444253601371,0.0122583462738564,0.0008568831168831169,0.0,0.0,0.0008568831168831169,0.0,0.0,0.0,1.0,0.0,0.46602232207792205,1899.455683010954,0.00030031665116493275,1.0835875948483261e-05,1.607198578437117e-05,0.00014602936258914121,1.812718084079736e-07,0.0003192786833529098,5.359485425756309e-05,1.056648686855128e-05,7.945108756394603e-09,3.630888342503742e-06
580,6546,1.5941737818021793,0.0270745491972129,0.0421565399741757,0.000856959706959707,0.0,0.0,0.000856959706959707,0.0,0.0,0.0,1.0,0.0,0.4660309047619048,1899.4561449378907,0.00030034349412036133,1.083684448264208e-05,1.6073422333414937e-05,0.00014604242167493594,1.8128858578593787e-07,0.0003193072211853177,5.359963801842538e-05,1.0567430749218762e-05,7.945809604953478e-09,3.6312056219130846e-06
581,6952,3.16955712243069,0.1828671730856542,0.1192467308151622,0.0008572394272394272,0.0,0.0,0.0,0.0008572394272394272,0.0,0.0,0.0,1.0,0.4660622502164502,1899.4578319732543,0.00028981658969413454,1.1493689494287631e-05,1.6781962979916346e-05,0.000240714746943034,3.7637751720080443e-06,0.00028124452142882925,3.853827784336633e-06,9.57027794566465e-06,3.5797216048610164e-11,1.3424177324433293e-05
582,5647,1.6420793320957812,0.0454524835323465,0.0269519009235326,0.0008572793872793873,0.0,0.0,0.0008572793872793873,0.0,0.0,0.0,1.0,0.0,0.4660667281385281,1899.4580729780316,0.0003004555342821502,1.084088706000062e-05,1.607941836420632e-05,0.0001460969289693052,1.813586132866924e-07,0.00031942633561623065,5.361960521445058e-05,1.0571370424864213e-05,7.948734892895045e-09,3.632530112574004e-06
583,6759,1.542572450734567,0.1039791071807405,0.1171216999713544,0.0008573193473193473,0.0,0.0,0.0008573193473193473,0.0,0.0,0.0,1.0,0.0,0.46607120606060604,1899.4583139827398,0.0003004695393023738,1.0841392382170436e-05,1.608016786805524e-05,0.00014610374178732015,1.8136736414614083e-07,0.00031944122491999946,5.3622101707734895e-05,1.0571862886898039e-05,7.949100649148454e-09,3.632696270456379e-06
584,5080,3.2443567548562773,0.0370469365455965,0.2907598214707428,0.0008573959373959374,0.0,0.0,0.0,0.0008573959373959374,0.0,0.0,0.0,1.0,0.4660797887445888,1899.458775908239,0.0002898695028457827,1.1495787950196763e-05,1.6785026940309527e-05,0.0002407587315033633,3.7645049647345884e-06,0.0002812958695389772,3.854495236842658e-06,9.571982612523199e-06,3.580320740402543e-11,1.3426549455780655e-05
585,6337,1.83607385173452,0.0937409336835433,0.1242434363087634,0.0008574891774891775,0.0,0.0,0.0008574891774891775,0.0,0.0,0.0,1.0,0.0,0.4660902372294372,1899.4593382519845,0.0003005290606383241,1.0843540001392161e-05,1.608335325941316e-05,0.00014613269936266128,1.8140456968490605e-07,0.0003195045044615252,5.363270870541585e-05,1.0573955836155695e-05,7.950654605114096e-09,3.6333993272770395e-06
586,6548,1.293451891561891,0.6030160743880981,0.1849538347999949,0.0008575457875457875,0.0,0.0,0.0008575457875457875,0.0,0.0,0.0,1.0,0.0,0.46609658095238093,1899.45967967479,0.0003005489010836409,1.084425587446607e-05,1.608441505653247e-05,0.00014614235157157698,1.8141697020174955e-07,0.0003195255976419851,5.363624468750748e-05,1.057465348723766e-05,7.951172639134724e-09,3.633633997175245e-06
587,6293,2.8293800621279845,0.1509540360922738,0.2120756675067372,0.000857985347985348,0.0,0.0,0.0,0.000857985347985348,0.0,0.0,0.0,1.0,0.46614583809523813,1899.462330717767,0.00029006877152326605,1.1503690645854552e-05,1.679656568476895e-05,0.0002409243735679409,3.767252026888796e-06,0.00028148924433674707,3.857010752517272e-06,9.578403621572422e-06,3.5825791931589496e-11,1.3435486025673493e-05
588,6078,1.4945318066010138,0.1912254906359338,0.0145050641327396,0.000858081918081918,0.0,0.0,0.000858081918081918,0.0,0.0,0.0,1.0,0.0,0.4661566597402597,1899.4629131427614,0.00030073680177164096,1.0851035613577788e-05,1.6094470899838846e-05,0.00014623376526895867,1.8153442034507953e-07,0.0003197253624689873,5.366973091672483e-05,1.0581260643412446e-05,7.956078432083246e-09,3.635854847431545e-06
589,6730,1.8378045317870113,0.0727688234850435,0.1454058743691743,0.0008587678987678988,0.0,0.0,0.0008587678987678988,0.0,0.0,0.0,1.0,0.0,0.46623353073593077,1899.4670503570394,0.0003009772212854796,1.0859710310826325e-05,1.6107337382578686e-05,0.00014635072880013207,1.8168470259755202e-07,0.00031998096218553403,5.371257722952289e-05,1.0589714515827877e-05,7.96235539979838e-09,3.638697006302645e-06
590,6181,2.776204238979259,0.5742298023379523,0.6125898278618616,0.0008591575091575092,0.0,0.0,0.0008591575091575092,0.0,0.0,0.0,1.0,0.0,0.4662771904761905,1899.469400125066,0.00030111377023265976,1.0864637201982046e-05,1.611464504510568e-05,0.0001464171593817858,1.8177005987401036e-07,0.0003201261328983571,5.373691243303741e-05,1.0594515984260858e-05,7.965920446493732e-09,3.640311401098442e-06
591,6712,1.7747027296899371,0.1183636975634341,0.0543599866579871,0.0008592540792540793,0.0,0.0,0.0008592540792540793,0.0,0.0,0.0,1.0,0.0,0.4662880121212121,1899.469982545191,0.00030114761569820014,1.0865858397225771e-05,1.6116456346073908e-05,0.00014643362539621107,1.8179121863177658e-07,0.00032016211538278945,5.374294392091882e-05,1.0595706089995174e-05,7.966804033154602e-09,3.640711233595848e-06
592,5449,1.0374928829834527,0.0771829216322711,0.0946061542827682,0.0008598701298701299,0.0,0.0,0.0008598701298701299,0.0,0.0,0.0,1.0,0.0,0.46635704675324674,1899.473697974475,0.00030136352642664747,1.0873648780677126e-05,1.612801119707813e-05,0.00014653866590736645,1.819261946783389e-07,0.0003203916588178011,5.3781421958961105e-05,1.060329814605328e-05,7.972440866981997e-09,3.643263196745545e-06
593,5016,1.8315665752944732,0.1864526748499119,0.1723593703029449,0.000860942390942391,0.0,0.0,0.000860942390942391,0.0,0.0,0.0,1.0,0.0,0.46647720432900436,1899.4801647908287,0.0003017393278026476,1.0887208258900565e-05,1.614812288369089e-05,0.00014672149290847336,1.8216113999061542e-07,0.0003207911884724394,5.384839481105229e-05,1.0616512413377237e-05,7.982251819108662e-09,3.6477052446210172e-06
594,6763,1.3938928471151115,0.2690303622592404,0.0484237327029988,0.0008610223110223111,0.0,0.0,0.0,0.0008610223110223111,0.0,0.0,0.0,1.0,0.4664861601731602,1899.4806467875824,0.0002910955118275871,1.1544409620091295e-05,1.6856019554525987e-05,0.00024177785654066922,3.781411593197144e-06,0.0002824856161761876,3.869966837359671e-06,9.611482930617347e-06,3.594207570456476e-11,1.348152165212837e-05
595,6437,1.9781789904234113,0.2906703425052751,0.0090853843844725,0.0008614019314019314,0.0,0.0,0.0008614019314019314,0.0,0.0,0.0,1.0,0.0,0.4665287004329004,1899.4829362684095,0.00030190038553521906,1.0893019463853466e-05,1.6156742177953496e-05,0.0001467998478183591,1.8226183895288214e-07,0.0003209624154674466,5.3877096981108554e-05,1.0622175662687642e-05,7.986456350634122e-09,3.6496084901462824e-06
596,6425,1.5836849217295448,0.0500036440307951,0.1312776947012913,0.0008614185814185815,0.0,0.0,0.0008614185814185815,0.0,0.0,0.0,1.0,0.0,0.46653056623376626,1899.4830366840933,0.0003019062209603123,1.0893230014757558e-05,1.6157054471223882e-05,0.0001468026872228322,1.82265489617171e-07,0.00032096861934415206,5.387813645634353e-05,1.0622380850728886e-05,7.986608613981452e-09,3.649676987554115e-06
597,5451,3.255981374315686,0.0292468512381926,0.1075455388736299,0.0008614785214785215,0.0,0.0,0.0,0.0008614785214785215,0.0,0.0,0.0,1.0,0.46653728311688314,1899.4833981804563,0.00029124974803558263,1.155052639582642e-05,1.6864950673118874e-05,0.00024190606680638373,3.7835393147977034e-06,0.00028263529045470623,3.871912438846014e-06,9.616451399722269e-06,3.5959537593704266e-11,1.3488435757643487e-05
598,5862,1.5916517640462091,0.0456897772119169,0.0692501865038803,0.0008624775224775226,0.0,0.0,0.0008624775224775226,0.0,0.0,0.0,1.0,0.0,0.46664923116883117,1899.4894230970845,0.00030227735399623786,1.0906621052257724e-05,1.617691632322033e-05,0.00014698324360667422,1.8249754624325255e-07,0.0003213631858979863,5.394427682193316e-05,1.0635430935774612e-05,7.996297195082044e-09,3.6540632982238292e-06
599,6988,2.3916557917435193,0.5855270402505464,0.2237772325025337,0.0008646653346653348,0.0,0.0,0.0008646653346653348,0.0,0.0,0.0,1.0,0.0,0.4668943974025974,1899.502617514525,0.0003030441288534804,1.0934287441055237e-05,1.6217951658948843e-05,0.00014735628029827647,1.8297704558481824e-07,0.0003221783752884551,5.4080924923968006e-05,1.0662392842339896e-05,8.01631322601545e-09,3.6631251289708736e-06
600,5375,1.4279933601418646,0.2009689043833876,0.1258418181834563,0.0008646953046953048,0.0,0.0,0.0008646953046953048,0.0,0.0,0.0,1.0,0.0,0.4668977558441558,1899.5027982585395,0.0003030546326186481,1.09346664326826e-05,1.621851378683553e-05,0.00014736139067295025,1.8298361591564688e-07,0.00032218954226645896,5.40827965327687e-05,1.0662762181679023e-05,8.016587365938452e-09,3.663248978679357e-06
601,4994,1.1592037710562495,0.3386743735871667,0.0936273912133074,0.0008656010656010656,0.0,0.0008656010656010656,0.0,0.0,0.0,1.0,0.0,0.0,0.4669992554112554,1899.5082607260845,0.0002643914515423709,8.822809850024057e-06,1.2527292123583785e-05,5.916813685309625e-06,2.1746731997099165e-09,0.0003114684832292233,0.0002316439335633782,1.351740840106592e-05,1.7310698532910153e-05,5.625726998469225e-07
602,6301,1.3093641923424664,0.1692164235597477,0.1080506629272052,0.0008661272061272061,0.0,0.0,0.0008661272061272061,0.0,0.0,0.0,1.0,0.0,0.4670582147186147,1899.5114337608793,0.00030355647917666066,1.0952773810434394e-05,1.624537100808859e-05,0.000147605540422553,1.8329749207916745e-07,0.00032272307565829465,5.4172230438057805e-05,1.0680408434191215e-05,8.029686846640002e-09,3.6691788814642015e-06
603,6350,1.6476855555914747,0.2537887710304208,0.016168830628613,0.0008661371961371961,0.0,0.0,0.0,0.0008661371961371961,0.0,0.0,0.0,1.0,0.4670593341991342,1899.5114940082601,0.00029282475865591713,1.1612988945121596e-05,1.695615238780099e-05,0.00024321531293027321,3.805273063525107e-06,0.0002841637161164649,3.891776228927307e-06,9.667181671410684e-06,3.6137755168950264e-11,1.3559030175848375e-05
604,6935,3.4962428263580514,0.04595624628947,0.3818017964636301,0.0008667998667998668,0.0,0.0,0.0,0.0008667998667998668,0.0,0.0,0.0,1.0,0.4671335930735931,1899.5154904082713,0.0002930487951916188,1.162187389673685e-05,1.696912532648701e-05,0.0002434015466101048,3.8083655270914734e-06,0.0002843811261998834,3.894601071526157e-06,9.674396813321621e-06,3.6163096660008637e-11,1.3569070211041142e-05
605,5291,1.9920038519219692,0.2369518739572629,0.1551793990943542,0.000867032967032967,0.0,0.0,0.000867032967032967,0.0,0.0,0.0,1.0,0.0,0.4671597142857143,1899.5168961726279,0.00030387392630172914,1.0964227779616927e-05,1.6262359761997504e-05,0.0001477599793234834,1.8349605478948484e-07,0.00032306056654827435,5.4228802593245034e-05,1.069157069706182e-05,8.037972769423408e-09,3.672929881874654e-06
606,5804,1.9354034920351395,0.0699641909218407,0.1539168267267687,0.0008676456876456877,0.0,0.0,0.0008676456876456877,0.0,0.0,0.0,1.0,0.0,0.46722837575757575,1899.5205913135035,0.0003040886699451578,1.0971976052887464e-05,1.627385215434765e-05,0.000147864453301479,1.8363038720665956e-07,0.0003232888692093587,5.42670713885055e-05,1.0699121629008205e-05,8.04357773670581e-09,3.6754667084768454e-06
607,6071,1.2677661249870162,0.075140258448847,0.1428930947056483,0.0008707326007326007,0.0,0.0,0.0008707326007326007,0.0,0.0,0.0,1.0,0.0,0.46757429523809524,1899.5392073482367,0.00030517055775743145,1.1011012190505871e-05,1.633175132667692e-05,0.00014839079684376657,1.8430725187996098e-07,0.00032443906794338897,5.445987214408945e-05,1.0737163460340458e-05,8.071814521090018e-09,3.6882481577119996e-06
608,5270,3.1023131136264612,0.2131677698250858,0.270986868506339,0.0008711322011322011,0.0,0.0,0.0,0.0008711322011322011,0.0,0.0,0.0,1.0,0.46761907445887446,1899.5416171609527,0.0002945134762617083,1.16799609422215e-05,1.7053938357796116e-05,0.0002446190917621494,3.828591293532872e-06,0.0002858024855895837,3.913061636476604e-06,9.721558960076062e-06,3.632865655436163e-11,1.363469325386577e-05
609,6874,3.2665212143813767,0.0597123700772412,0.2505206664524987,0.0008723742923742924,0.0,0.0,0.0,0.0008723742923742924,0.0,0.0,0.0,1.0,0.4677582632034632,1899.5491076182827,0.0002949334040396817,1.1696614645500345e-05,1.707825446900157e-05,0.0002449681667424156,3.834392224513122e-06,0.0002862099929319209,3.9183526304141796e-06,9.735078314739202e-06,3.637610574086861e-11,1.3653503697364823e-05
610,5345,1.3341670193978576,0.1457213856356475,0.0948717875731352,0.0008725907425907426,0.0,0.0,0.0008725907425907426,0.0,0.0,0.0,1.0,0.0,0.46778251861471865,1899.5504129190697,0.0003058217911978292,1.1034509671402389e-05,1.6366603255651818e-05,0.0001487076253942796,1.8471476421567848e-07,0.0003251314205806224,5.457592656899423e-05,1.0760062347542063e-05,8.088810205192712e-09,3.695941365094448e-06
611,1960,1.4361604530242207,0.0300464399122077,0.1468242526765594,0.0008727372627372628,0.0,0.0008727372627372628,0.0,0.0,0.0,1.0,0.0,0.0,0.46779893766233765,1899.5512965061505,0.0002665711502445918,8.895546949003058e-06,1.263056975311691e-05,5.965339591135336e-06,2.1931302608373076e-09,0.00031403647694514897,0.00023355390839369908,1.3628848228717233e-05,1.7453229501589618e-05,5.670995512137723e-07
612,6897,1.7914728078912758,0.3454903294102061,0.1634080625605691,0.0008734265734265735,0.0,0.0,0.0008734265734265735,0.0,0.0,0.0,1.0,0.0,0.4678761818181818,1899.5554533693437,0.0003061147295375064,1.1045079326787742e-05,1.6382280377825117e-05,0.00014885014210617027,1.848980936359546e-07,0.00032544285519023,5.462812961844741e-05,1.0770362721139474e-05,8.09645483117313e-09,3.6994012635633037e-06
613,6440,1.6493109562925197,0.241360693313024,0.0442854227066545,0.000873926073926074,0.0,0.0,0.000873926073926074,0.0,0.0,0.0,1.0,0.0,0.4679321558441559,1899.5584655762761,0.0003062897922903015,1.105139585391046e-05,1.639164917593665e-05,0.00014893531111716035,1.8500765713012174e-07,0.00032562897149081987,5.4659326998698714e-05,1.0776518318811253e-05,8.101023305135974e-09,3.7014692665815908e-06
614,4581,1.2952100325046911,0.0399188585931689,0.0738339140057354,0.000875048285048285,0.0,0.000875048285048285,0.0,0.0,0.0,1.0,0.0,0.0,0.4680579108225108,1899.5652329620384,0.0002672770349386381,8.919102500422296e-06,1.266401570500491e-05,5.981054028744128e-06,2.199109530459338e-09,0.00031486811178440703,0.00023417244477778214,1.3664937466242025e-05,1.749938473751396e-05,5.685605525978816e-07
615,4143,1.0262078422312575,0.165596361507163,0.0762971077795995,0.0008750516150516152,0.0,0.0008750516150516152,0.0,0.0,0.0,1.0,0.0,0.0,0.468058283982684,1899.5652530432212,0.0002672780520635575,8.91913644213904e-06,1.2664063898019159e-05,5.981076789693635e-06,2.199118191262391e-09,0.0003148693106435815,0.0002341733359229158,1.3664989467980062e-05,1.7499450705537212e-05,5.685614639136093e-07
616,6853,2.778901038368304,0.4627942551419601,0.4531430449483819,0.0008755644355644357,0.0,0.0,0.0,0.0008755644355644357,0.0,0.0,0.0,1.0,0.4681157506493506,1899.5683455396743,0.0002960119316839136,1.1739387427648152e-05,1.7140707108505123e-05,0.0002458647227930224,3.8492960690596165e-06,0.00028725662036889227,3.931937607387116e-06,9.769796008118623e-06,3.6497888695682934e-11,1.370180661128316e-05
617,6591,1.7460844635702895,0.098070600251291,0.0301838469508588,0.000876010656010656,0.0,0.0,0.000876010656010656,0.0,0.0,0.0,1.0,0.0,0.4681657541125541,1899.5710364040067,0.00030702038751196633,1.107775682710261e-05,1.6430748293388774e-05,0.0001492907524696723,1.8546495969801715e-07,0.000326405696853061,5.478952138563396e-05,1.080220762217591e-05,8.120087957174012e-09,3.710096992720147e-06
618,5965,1.6978650651666896,0.2059659291254849,0.0302996968014387,0.0008766733266733267,0.0,0.0,0.0008766733266733267,0.0,0.0,0.0,1.0,0.0,0.468240012987013,1899.575032522545,0.0003072526374306745,1.1086136753085418e-05,1.6443177565550074e-05,0.00014940374400493247,1.8561034665141568e-07,0.00032665261114572553,5.483090926275397e-05,1.081037401570267e-05,8.126148250717051e-09,3.7128398622292497e-06
619,5914,3.206688735352047,0.0311774382715178,0.1883391305376824,0.0008771495171495172,0.0,0.0,0.0,0.0008771495171495172,0.0,0.0,0.0,1.0,0.4682933748917749,1899.5779040935488,0.000296547818070818,1.1760639874727856e-05,1.7171737856316908e-05,0.0002463101948960191,3.856703537974131e-06,0.0002877766565484542,3.9386858897014145e-06,9.78704391712972e-06,3.6558375792784814e-11,1.3725802923582895e-05
620,5503,1.3454861177351602,0.5311280677341284,0.1089948219318873,0.0008774525474525474,0.0,0.0,0.0008774525474525474,0.0,0.0,0.0,1.0,0.0,0.46832733246753244,1899.5797314518354,0.0003075257353250348,1.109599053539686e-05,1.6457792890604063e-05,0.00014953660799748967,1.8578131170663502e-07,0.0003269429525753639,5.487957684053321e-05,1.0819976702066329e-05,8.133274351912727e-09,3.716065564084506e-06
621,6690,2.8298196253935006,0.0776670168273163,0.089522053456199,0.0008776689976689976,0.0,0.0,0.0,0.0008776689976689976,0.0,0.0,0.0,1.0,0.4683515878787879,1899.581036705336,0.0002967234447018202,1.1767604962426243e-05,1.7181907597196397e-05,0.00024645619072746956,3.8591318960458945e-06,0.0002879470885737001,3.940896739151162e-06,9.792695892999963e-06,3.657818796118373e-11,1.3733665788527106e-05
622,5241,1.6875209855576094,0.0701550742698659,0.0975846240429587,0.0008781418581418582,0.0,0.0,0.0008781418581418582,0.0,0.0,0.0,1.0,0.0,0.46840457662337665,1899.5838881752034,0.0003077673219238921,1.1104707342826214e-05,1.647072183199798e-05,0.0001496541426809213,1.8593256379546315e-07,0.0003271997930711238,5.49226277770147e-05,1.0828471372386506e-05,8.139577900145162e-09,3.718917903625823e-06
623,6007,1.6159692167539699,0.284976380557292,0.1247672932344754,0.0008782983682983684,0.0,0.0,0.0008782983682983684,0.0,0.0,0.0,1.0,0.0,0.46842211515151516,1899.584831969449,0.0003078221749197679,1.1106686521324667e-05,1.647365738873959e-05,0.00014968082901636138,1.859669058831099e-07,0.00032725810951216234,5.493240291083024e-05,1.083040011413086e-05,8.141009168335066e-09,3.719565820008261e-06
624,4406,1.3279295509398963,0.1271090847051289,0.0575783416983211,0.0008785214785214785,0.0008785214785214785,0.0,0.0,0.0,1.0,0.0,0.0,0.0,0.46844711688311685,1899.586177376446,0.000335507544606774,1.9958585935871777e-05,2.914157812195522e-05,3.1066256093233473e-06,1.0791962652874394e-09,0.00016045717309745211,0.00028001934058489606,1.543626047063957e-05,3.489329089830111e-05,4.1407423420278255e-07
625,6650,3.067374417601487,0.0305259933420548,0.177319293710524,0.0008791175491175492,0.0,0.0,0.0,0.0008791175491175492,0.0,0.0,0.0,1.0,0.46851391255411257,1899.5897718115014,0.0002972131728074997,1.1787026841585216e-05,1.7210265528494987e-05,0.000246863294145777,3.865903423175409e-06,0.0002884223317210172,3.947061950277124e-06,9.808456066285662e-06,3.663343684390946e-11,1.3755591283436553e-05
626,6182,2.071591562138372,0.1055614135102084,0.1586787840044916,0.0008791408591408592,0.0,0.0,0.0008791408591408592,0.0,0.0,0.0,1.0,0.0,0.4685165246753247,1899.5899123756901,0.00030811744742948225,1.1117340397071653e-05,1.6489459428221043e-05,0.00014982448169924062,1.861517789208197e-07,0.00032757202567371103,5.4985021541178065e-05,1.0840782479593045e-05,8.148713440668011e-09,3.7230528223713326e-06
627,6426,1.5291024466001493,0.0442305269989681,0.036051504468757,0.00088002997002997,0.0,0.0,0.00088002997002997,0.0,0.0,0.0,1.0,0.0,0.46861615844155846,1899.5952738780147,0.00030842905912945755,1.1128583815350094e-05,1.650613588885957e-05,0.0001499760844733857,1.8634689929995546e-07,0.0003279033126903932,5.504055094344255e-05,1.0851739346089297e-05,8.156843692131398e-09,3.7267318325370736e-06
628,6200,1.6831795622159444,0.0553002256144208,0.0442912559298683,0.0008802364302364303,0.0,0.0,0.0008802364302364303,0.0,0.0,0.0,1.0,0.0,0.46863929437229435,1899.5965188661987,0.00030850141840061285,1.113119464656082e-05,1.6510008325412336e-05,0.00015001128832349054,1.8639221101268312e-07,0.000327980240761745,5.505344520171751e-05,1.085428363432516e-05,8.158731553417967e-09,3.727585921871378e-06
629,5185,3.527606036032753,0.0762237946120523,0.2163123257396021,0.000880999000999001,0.0,0.0,0.0,0.000880999000999001,0.0,0.0,0.0,1.0,0.4687247480519481,1899.6011172744031,0.0002978492564390143,1.1812252960492847e-05,1.7247098243859814e-05,0.00024739206205409334,3.874700477688118e-06,0.0002890396015560529,3.955068238811071e-06,9.828924323806505e-06,3.6705182079529997e-11,1.3784065972981718e-05
630,6890,1.2624646261375108,0.1670035433041337,0.0537154005591441,0.0008812853812853813,0.0,0.0,0.0008812853812853813,0.0,0.0,0.0,1.0,0.0,0.4687568398268398,1899.6028441810668,0.00030886905018148253,1.114445935351853e-05,1.652968280144655e-05,0.00015019014522874252,1.8662242863453023e-07,0.00032837108499516937,5.511895771807235e-05,1.0867210255151801e-05,8.16832316309678e-09,3.731926607381409e-06
631,5157,1.6855532950422725,0.0791719717159784,0.1350104711560404,0.000882967032967033,0.0,0.0,0.000882967032967033,0.0,0.0,0.0,1.0,0.0,0.46894528571428573,1899.612984666452,0.0003094584281158927,1.1165724994831687e-05,1.656122442175538e-05,0.000150476884243012,1.869915471448221e-07,0.000328997676544594,5.522398555431537e-05,1.08879338459002e-05,8.183699586809638e-09,3.738885277316064e-06
632,4442,0.8912805434832481,0.2131369720097126,0.0780740036683766,0.0008843456543456544,0.0,0.0008843456543456544,0.0,0.0,0.0,1.0,0.0,0.0,0.469099774025974,1899.6212977657053,0.00027011684771353347,9.013867773567127e-06,1.2798570600784883e-05,6.0442687163480385e-06,2.223173349761815e-09,0.0003182138231701045,0.0002366608558742759,1.3810126435981812e-05,1.768507088770893e-05,5.744458052930022e-07
633,6509,1.1227049812824754,0.09114426494948,0.1599752546845763,0.0008845021645021645,0.0,0.0,0.0008845021645021645,0.0,0.0,0.0,1.0,0.0,0.46911731255411254,1899.6222415181824,0.000309996454309483,1.1185137788188845e-05,1.659001786128482e-05,0.00015073864177375353,1.8732855428276318e-07,0.00032956967397971594,5.531986073265558e-05,1.090685176741227e-05,8.197735387814164e-09,3.7452358783429934e-06
634,5368,1.458500624263139,0.0588995352802068,0.1127603798101168,0.0008852314352314353,0.0,0.0,0.0,0.0008852314352314353,0.0,0.0,0.0,1.0,0.4691990346320346,1899.6266389892335,0.00029928016315698805,1.18690005660355e-05,1.7329955555769015e-05,0.0002485815629612253,3.894498540717612e-06,0.0002904281855567447,3.973071763885576e-06,9.874960263599387e-06,3.6866470108903177e-11,1.3848105760425164e-05
635,6800,1.3783971680416072,0.011331513820493,0.0508722188650305,0.0008852380952380953,0.0,0.0,0.0008852380952380953,0.0,0.0,0.0,1.0,0.0,0.46919978095238096,1899.6266791486812,0.0003102543800986011,1.1194444138149654e-05,1.660382122383581e-05,0.00015086412547634124,1.8749012289128238e-07,0.00032984388533154177,5.536582351316346e-05,1.0915920869588247e-05,8.204463982708961e-09,3.748281226753614e-06
636,5741,1.3572106099945636,0.0807193259028613,0.1224431651064548,0.0008855710955710957,0.0,0.0,0.0008855710955710957,0.0,0.0,0.0,1.0,0.0,0.46923709696969695,1899.6286871186264,0.0003103710886004645,1.1198655156231467e-05,1.66100670892435e-05,0.00015092090658501704,1.8756323910633487e-07,0.0003299679628665301,5.538661999864857e-05,1.0920024527483826e-05,8.207508370313386e-09,3.7496580510078302e-06
637,6286,1.684945148887148,0.2016337236311842,0.1358584144099537,0.0008867266067266067,0.0,0.0,0.0008867266067266067,0.0,0.0,0.0,1.0,0.0,0.46936658354978356,1899.6356547373412,0.0003107760671019304,1.1213267388975357e-05,1.6631740242208175e-05,0.00015111793369341963,1.8781695168052612e-07,0.0003303985119126281,5.545878714198428e-05,1.0934264221073524e-05,8.218072706665715e-09,3.754438971186459e-06
638,5931,2.733793404653869,0.0464433083825103,0.1546930546734802,0.0008877289377289377,0.0,0.0,0.0,0.0008877289377289377,0.0,0.0,0.0,1.0,0.4694789047619048,1899.641698648265,0.00030012452195988355,1.1902486564585452e-05,1.7378848540766577e-05,0.00024928347640942655,3.9061869500874395e-06,0.0002912475702936647,3.983690435397052e-06,9.902119613566132e-06,3.6961560223071344e-11,1.3885883972083513e-05
639,6751,1.6165856418950657,0.0657183610720584,0.0877177008150411,0.0008878588078588079,0.0,0.0,0.0008878588078588079,0.0,0.0,0.0,1.0,0.0,0.469493458008658,1899.6424817431955,0.000311172876008266,1.1227584850453522e-05,1.6652976184594316e-05,0.00015131098753346607,1.880655740813709e-07,0.00033082037553182423,5.552949712208489e-05,1.0948216630648828e-05,8.228423388620051e-09,3.7591220753601176e-06
640,5945,1.6765459480787208,0.2019920024283802,0.0371656816787864,0.0008883050283050284,0.0,0.0,0.0008883050283050284,0.0,0.0,0.0,1.0,0.0,0.4695434614718615,1899.6451723715302,0.000311329265400763,1.1233227614683153e-05,1.666134564424062e-05,0.00015138707393035905,1.8816356864321346e-07,0.0003309866394289645,5.5557364701367545e-05,1.095371551339523e-05,8.232502612124173e-09,3.760967289247728e-06
641,5204,1.3000086016913244,0.0627546332610031,0.1325414279646269,0.0008885148185148185,0.0,0.0,0.0008885148185148185,0.0,0.0,0.0,1.0,0.0,0.4695669705627705,1899.6464373654737,0.0003114027917569369,1.1235880556074694e-05,1.666528053944746e-05,0.0001514228456345889,1.882096406973771e-07,0.0003310648082761029,5.557046688145904e-05,1.0956300809030764e-05,8.2344204804948e-09,3.7618350737334905e-06
642,6980,1.8943669079116272,0.0805079934365391,0.136618163499045,0.0008890709290709291,0.0,0.0,0.0008890709290709291,0.0,0.0,0.0,1.0,0.0,0.4696292883116883,1899.6497905942267,0.0003115976949550488,1.1242912956271322e-05,1.66757111346783e-05,0.00015151766872332443,1.8833177035166442e-07,0.00033127201775979295,5.560519837497218e-05,1.0963153892141233e-05,8.239504348174932e-09,3.764135706896309e-06
643,6285,2.140577392109755,0.2872649158482062,0.2535836668838523,0.0008893506493506494,0.0,0.0,0.0008893506493506494,0.0,0.0,0.0,1.0,0.0,0.4696606337662338,1899.6514772431815,0.00031169573009661404,1.1246450211460045e-05,1.668095766162076e-05,0.00015156536404461026,1.8839320224115812e-07,0.0003313762428893229,5.5622668232781545e-05,1.096660095050467e-05,8.242061494021999e-09,3.765293034723306e-06
644,5673,1.9502406913717656,0.0783536021669769,0.0083211939006848,0.0008899000999000999,0.0,0.0,0.0008899000999000999,0.0,0.0,0.0,1.0,0.0,0.4697222051948052,1899.654790293829,0.00031188829912468863,1.1253398391295036e-05,1.6691263339543446e-05,0.0001516590522107255,1.8851388008964317e-07,0.00033158097082253303,5.5656983097031743e-05,1.0973371949938726e-05,8.247084254116126e-09,3.7675654208896943e-06
645,1444,1.4021184161018043,0.099769959482868,0.0949267259362534,0.0008904562104562105,0.0,0.0008904562104562105,0.0,0.0,0.0,1.0,0.0,0.0,0.46978452294372297,1899.658143489443,0.0002719832719405868,9.076150823789463e-06,1.2887004781929671e-05,6.085811343738941e-06,2.238996839435484e-09,0.00032041274249167714,0.0002382963309094277,1.3905549694362099e-05,1.7807109473859286e-05,5.783163807038553e-07
646,5815,1.6771429345757716,0.1565177463541029,0.0198389535549391,0.0008909823509823509,0.0,0.0,0.0,0.0008909823509823509,0.0,0.0,0.0,1.0,0.46984348225108225,1899.6613159616688,0.00030122444002712216,1.1946107658696523e-05,1.7442539802556732e-05,0.00025019784003403866,3.921418727615377e-06,0.00029231495547768076,3.997518652064055e-06,9.937493517200637e-06,3.708537594853886e-11,1.39350863400167e-05
647,5857,2.824215076863572,0.2583421165244211,0.2673712645948098,0.0008914985014985016,0.0,0.0,0.0008914985014985016,0.0,0.0,0.0,1.0,0.0,0.46990132207792207,1899.6644281855092,0.00031244849993363296,1.127361127808774e-05,1.6721243493500348e-05,0.00015193159949995928,1.8886497140597796e-07,0.00033217654299228454,5.57568082597703e-05,1.0993069374353423e-05,8.261695506970451e-09,3.774176072619817e-06
648,6282,2.8014767332350523,0.1079667774847392,0.0747674120954394,0.0008931535131535132,0.0,0.0,0.0,0.0008931535131535132,0.0,0.0,0.0,1.0,0.4700867826839827,1899.6744073033758,0.0003019584692797727,1.197521815343595e-05,1.748504410418128e-05,0.0002508080425192396,3.931587254176575e-06,0.00029302727394238886,4.006744089600077e-06,9.961096642756033e-06,3.716796201326186e-11,1.3967915068280193e-05
649,5890,2.7963240708068544,0.2978583035294725,0.0925569845010809,0.0008931668331668332,0.0,0.0,0.0,0.0008931668331668332,0.0,0.0,0.0,1.0,0.47008827532467534,1899.6744876177297,0.0003019629725267215,1.1975396745428216e-05,1.7485304866767935e-05,0.0002508117859737827,3.931649556695314e-06,0.0002930316439943161,4.006800806362115e-06,9.96124152828709e-06,3.716847213038402e-11,1.3968116671593447e-05
650,5176,3.1029523594272312,0.0846156155045838,0.1228724371940813,0.0008934299034299034,0.0,0.0,0.0,0.0008934299034299034,0.0,0.0,0.0,1.0,0.47011775497835495,1899.676073824657,0.0003020519116539598,1.1978923937275478e-05,1.7490454927854343e-05,0.00025088572180235916,3.932881900793737e-06,0.0002931179525199492,4.007918361062046e-06,9.964101148172118e-06,3.7178477419082256e-11,1.3972093866189026e-05
651,6236,3.2309667508807984,0.1495569773302401,0.5549914191838407,0.0008934532134532134,0.0,0.0,0.0,0.0008934532134532134,0.0,0.0,0.0,1.0,0.4701203670995671,1899.676214374494,0.0003020597923361202,1.1979236473261943e-05,1.7490911262380987e-05,0.00025089227300315904,3.9329910430333656e-06,0.0002931256001108305,4.008017460046165e-06,9.964354585019629e-06,3.717936158595392e-11,1.397244640378905e-05
652,5668,1.7084620346630743,0.0995947872658333,0.0586472673709976,0.0008946153846153845,0.0,0.0,0.0008946153846153845,0.0,0.0,0.0,1.0,0.0,0.47025059999999996,1899.6832217581784,0.00031354089151107434,1.131302640733351e-05,1.6779704793716305e-05,0.0001524630684434733,1.8954973130517615e-07,0.00033333790872542467,5.595146559760224e-05,1.1031479220129735e-05,8.2901853252766e-09,3.7870649779038045e-06
653,5290,3.177698033679019,0.0542068863207316,0.215797309315613,0.0008946153846153845,0.0,0.0,0.0,0.0008946153846153845,0.0,0.0,0.0,1.0,0.47025059999999996,1899.6832217581784,0.0003024527006324009,1.1994818624587188e-05,1.751366279806652e-05,0.0002512189013441353,3.938435744148623e-06,0.0002935068871418077,4.012954065442875e-06,9.97698704124899e-06,3.722354640234987e-11,1.399001555378468e-05
654,6156,1.4301141814514664,0.0648640959310727,0.0438290887267693,0.000895964035964036,0.0,0.0,0.000895964035964036,0.0,0.0,0.0,1.0,0.0,0.47040172987012985,1899.691353462975,0.0003140135609436211,1.1330081030564853e-05,1.6805000548617445e-05,0.00015269303112474828,1.898460731640098e-07,0.00033384042274535095,5.6035692172678916e-05,1.104809881341896e-05,8.302511871418911e-09,3.7926416973596035e-06
655,5663,3.1755097970272623,0.1170106730024324,0.2782452383864478,0.0008974325674325675,0.0,0.0,0.0,0.0008974325674325675,0.0,0.0,0.0,1.0,0.4705662935064935,1899.7002078969947,0.0003034051373620671,1.2032590830951535e-05,1.756881408514377e-05,0.00025201067330894223,3.951637323894383e-06,0.0002944311531252441,4.024918331671924e-06,1.0007605734034885e-05,3.733061749262509e-11,1.4032598726941808e-05
656,421,1.3726857762963376,0.107463227051431,0.0754483128659459,0.0008976290376290376,0.0,0.0008976290376290376,0.0,0.0,0.0,1.0,0.0,0.0,0.47058830995670997,1899.701392496778,0.00027417415901692085,9.149261281652632e-06,1.299081253461952e-05,6.134572568502665e-06,2.257579523162801e-09,0.0003229939320042513,0.00024021612338772494,1.401756151077804e-05,1.795035774506456e-05,5.8285158623648e-07
657,5077,3.1102187634051086,0.1577386273296771,0.2601112532989997,0.0008985714285714286,0.0,0.0,0.0,0.0008985714285714286,0.0,0.0,0.0,1.0,0.4706939142857143,1899.7070745370618,0.00030379016497618746,1.2047860446290312e-05,1.759110928630266e-05,0.0002523307528481495,3.956975828367588e-06,0.00029480479256537836,4.0297534390536715e-06,1.0019981807819157e-05,3.7373879815602584e-11,1.4049809994632376e-05
658,6164,2.837821866090472,0.4007383948650781,0.2109534849549838,0.0008987079587079587,0.0,0.0,0.0008987079587079587,0.0,0.0,0.0,1.0,0.0,0.47070921385281383,1899.707897727009,0.0003149752389989755,1.1364779819558994e-05,1.6856466479576794e-05,0.00015316090772444298,1.904491042288612e-07,0.00033486282164192985,5.620705494887004e-05,1.1081912401025712e-05,8.327589349978355e-09,3.803985895003471e-06
659,5410,1.9773416067483305,0.0574316930693334,0.0943565582835768,0.0008993573093573093,0.0,0.0,0.0008993573093573093,0.0,0.0,0.0,1.0,0.0,0.47078198008658007,1899.711812887733,0.0003152028205776091,1.137299130481853e-05,1.6868645917121786e-05,0.0001532716302458994,1.9059182721169738e-07,0.00033510477283727835,5.6247608736027343e-05,1.1089914387558607e-05,8.333523784508513e-09,3.806671192154343e-06
660,6594,1.8662366240509156,0.4746618676826,0.0322006895554302,0.0009000965700965702,0.0,0.0,0.0009000965700965702,0.0,0.0,0.0,1.0,0.0,0.47086482164502164,1899.7162701255559,0.0003154619134517459,1.1382339764960157e-05,1.6882511738326856e-05,0.00015339768464899673,1.9075432537638891e-07,0.0003353802249676706,5.629377659196723e-05,1.1099024327919518e-05,8.340279606755627e-09,3.8097272145574696e-06
661,5218,2.7871177445396933,0.2197147739626028,0.20056426505077,0.0009021378621378621,0.0,0.0,0.0,0.0009021378621378621,0.0,0.0,0.0,1.0,0.4710935688311688,1899.7285776016126,0.00030499590934672234,1.2095678452219644e-05,1.7660928468879173e-05,0.0002533331106312865,3.973698527019149e-06,0.0002959748739700668,4.044891522866413e-06,1.005873370950022e-05,3.750930181690634e-11,1.4103700250970284e-05
662,6686,3.372920768902494,0.202298027040825,0.2194771775918025,0.0009028604728604729,0.0,0.0,0.0,0.0009028604728604729,0.0,0.0,0.0,1.0,0.4711745445887446,1899.7329343650267,0.00030524021049369346,1.2105367067800099e-05,1.7675074839205138e-05,0.0002535362037724896,3.977087954656718e-06,0.00029621194928737066,4.047957674966859e-06,1.0066584233564035e-05,3.7536726222968386e-11,1.4114616981983374e-05
663,6413,2.699342916672404,0.130310547306617,0.0406584718987545,0.0009033366633366634,0.0,0.0,0.0009033366633366634,0.0,0.0,0.0,1.0,0.0,0.4712279064935065,1899.7358053996072,0.0003165974871748768,1.1423312970896199e-05,1.694328400874366e-05,0.00015395016823167385,1.91466653235019e-07,0.00033658749939693045,5.6496123000475645e-05,1.1138952012157333e-05,8.369887674489294e-09,3.823119384554455e-06
664,6634,1.8776571301678584,0.072075816168835,0.1609418113961739,0.0009051282051282052,0.0,0.0,0.0009051282051282052,0.0,0.0,0.0,1.0,0.0,0.47142866666666666,1899.7466068269437,0.00031722537891490187,1.1445968248176353e-05,1.6976886764637023e-05,0.0001542556526798789,1.9186059703566823e-07,0.0003372550365439772,5.660800600885621e-05,1.1161029113071881e-05,8.386257670071895e-09,3.830524019328928e-06
665,6449,1.3764231007141923,0.1119946543476191,0.0673858153788011,0.0009062770562770563,0.0,0.0,0.0009062770562770563,0.0,0.0,0.0,1.0,0.0,0.4715574069264069,1899.7535333201479,0.00031762802324633056,1.1460496260558607e-05,1.6998435000293547e-05,0.0001544515497996261,1.9211325186600525e-07,0.00033768310404591416,5.66797515889641e-05,1.1175186328923222e-05,8.396754579999537e-09,3.835271351846801e-06
666,5971,1.4762281292862491,0.5755194942230827,0.0690912484860816,0.0009068431568431569,0.0,0.0,0.0009068431568431569,0.0,0.0,0.0,1.0,0.0,0.47162084415584415,1899.7569463538905,0.0003178264276994983,1.146765499129769e-05,1.7009052971486615e-05,0.00015454807841686077,1.92237754828795e-07,0.00033789403585851883,5.6715104881802965e-05,1.1182162341948506e-05,8.401926914402766e-09,3.837611008946588e-06
667,5522,1.1618993713247303,0.1314995427641051,0.0873447949246475,0.0009071095571095571,0.0,0.0,0.0009071095571095571,0.0,0.0,0.0,1.0,0.0,0.47165069696969697,1899.7585524826466,0.00031791979450098904,1.1471023805763141e-05,1.7014049663812766e-05,0.00015459350367069572,1.9229634643131185e-07,0.00033799329788801214,5.673174170329673e-05,1.1185445169634493e-05,8.404360921771253e-09,3.838711999819711e-06
668,266,1.4300900689991443,0.0810730008350676,0.01989621671972,0.0009072827172827173,0.0,0.0009072827172827173,0.0,0.0,0.0,1.0,0.0,0.0,0.4716701012987013,1899.759596464701,0.00027712280415818935,9.2476583184889e-06,1.313052408292401e-05,6.200191507605142e-06,2.282603064302996e-09,0.0003264678748444883,0.00024279991818361492,1.4168314633471787e-05,1.8143148950870605e-05,5.889584410461888e-07
669,6863,3.151736043831301,0.0470734961143552,0.1019697542616577,0.0009074758574758575,0.0,0.0,0.0,0.0009074758574758575,0.0,0.0,0.0,1.0,0.4716917445887446,1899.7607609047018,0.00030680058556144447,1.216724919312041e-05,1.776542907548063e-05,0.0002548333843095565,3.998743495282567e-06,0.0002977261722818408,4.0675364951290975e-06,1.0116719352192172e-05,3.771181077919655e-11,1.4184331270942845e-05
670,6218,2.61089315154816,0.1366577276585371,0.1568056667547527,0.0009077122877122878,0.0,0.0,0.0009077122877122878,0.0,0.0,0.0,1.0,0.0,0.471718238961039,1899.7621863376905,0.0003181310368893618,1.1478645748491223e-05,1.7025354680200683e-05,0.00015469627906576617,1.924289178076634e-07,0.00033821787822992626,5.676938175365752e-05,1.1192872559398388e-05,8.409867678063534e-09,3.841202225154678e-06
671,6044,1.4630945025646205,0.3583767575924489,0.0459579632507776,0.0009078421578421579,0.0,0.0,0.0,0.0009078421578421579,0.0,0.0,0.0,1.0,0.4717327922077922,1899.7629693209853,0.00030692442485253583,1.2172160472907738e-05,1.7772600046613605e-05,0.0002549363354744262,4.000462673610287e-06,0.0002978463487099776,4.069090041150579e-06,1.0120697845233817e-05,3.772570217374163e-11,1.4189863337788801e-05
672,1178,1.3550905556636068,0.1291750845068086,0.0555731191174233,0.0009091175491175493,0.0,0.0009091175491175493,0.0,0.0,0.0,1.0,0.0,0.0,0.47187571255411254,1899.770658579924,0.00027768323998876506,9.266360204413974e-06,1.3157078433774572e-05,6.21266257281622e-06,2.287360995124884e-09,0.0003271281524181726,0.00024329100937020828,1.4196967605301375e-05,1.8179791163102103e-05,5.901184710043481e-07
673,6488,3.173154382022706,0.1654509570198254,0.3349139441346932,0.0009095637695637696,0.0,0.0,0.0,0.0009095637695637696,0.0,0.0,0.0,1.0,0.47192571601731603,1899.7733488002107,0.00030750646952066517,1.2195243487908171e-05,1.7806303610938594e-05,0.0002554202080793408,4.008544828165621e-06,0.00029841117792225375,4.076389577424675e-06,1.0139394746114494e-05,3.7790958350939624e-11,1.4215859905455908e-05
674,5344,1.9089848681425092,0.1233803447898009,0.12058409515894,0.0009095770895770896,0.0,0.0,0.0009095770895770896,0.0,0.0,0.0,1.0,0.0,0.47192720865800863,1899.7734291051622,0.00031878460449979686,1.1502227449749377e-05,1.7060331526483735e-05,0.000155014257477186,1.928391189919193e-07,0.0003389127124374176,5.6885837869538705e-05,1.1215852293233668e-05,8.426904691790412e-09,3.848907464648328e-06
675,5603,3.1594014671841966,0.3422385423577918,0.3425664099838773,0.0009097968697968698,0.0,0.0,0.0,0.0009097968697968698,0.0,0.0,0.0,1.0,0.47195183722943723,1899.7747541357608,0.0003075852763422687,1.2198368847772833e-05,1.781086695620503e-05,0.0002554857227075186,4.009639158957087e-06,0.0002984876538310768,4.077377947086667e-06,1.014192620619444e-05,3.779978950289517e-11,1.421937975286012e-05
676,172,1.4721456534422448,0.0532640491354421,0.0885462626564529,0.00090999000999001,0.00090999000999001,0.0,0.0,0.0,1.0,0.0,0.0,0.0,0.4719734805194805,1899.7759185548746,0.00034752538365056905,2.067350003296066e-05,3.018542587137709e-05,3.217243809138419e-06,1.1190243735147555e-09,0.00016620525106447335,0.0002900502597231728,1.5989184253524637e-05,3.614264256042045e-05,4.2852243381627693e-07
677,6308,1.9025064592250065,0.1765865939382673,0.1146038629462229,0.0009103596403596404,0.0,0.0,0.0009103596403596404,0.0,0.0,0.0,1.0,0.0,0.4720149012987013,1899.7781470076707,0.0003190588694791758,1.1512123342241639e-05,1.7075009310191803e-05,0.00015514769463044868,1.9301127349354925e-07,0.00033920429464971913,5.693470806255414e-05,1.1225495557892022e-05,8.434053923626287e-09,3.852141112216574e-06
678,6674,1.346737588917452,0.1609394260184763,0.0863545418582005,0.0009106093906093907,0.0,0.0,0.0009106093906093907,0.0,0.0,0.0,1.0,0.0,0.47204288831168834,1899.7796527156925,0.00031914640085557337,1.1515281605802998e-05,1.7079693709247567e-05,0.00015519028148754246,1.9306622101780942e-07,0.0003392973528026984,5.6950304401081004e-05,1.1228573190950736e-05,8.43633547628576e-09,3.8531725909809545e-06
679,5072,3.1242537682430926,0.1424112399426335,0.2324447269397885,0.0009112321012321013,0.0,0.0,0.0,0.0009112321012321013,0.0,0.0,0.0,1.0,0.47211266926406925,1899.7834069360088,0.0003080705012009994,1.2217612134939539e-05,1.783896412491696e-05,0.0002558891067021497,4.0163782033852865e-06,0.000298958526926815,4.083462410583831e-06,1.0157511674131656e-05,3.785417980592051e-11,1.424104979307506e-05
680,5436,1.6454828524919152,0.0891166663685434,0.1064346933875512,0.0009118481518481519,0.0,0.0,0.0009118481518481519,0.0,0.0,0.0,1.0,0.0,0.4721817038961039,1899.7871209878238,0.00031958055648250523,1.1530946593067342e-05,1.7102928328564167e-05,0.0001554015103804452,1.9333876756530837e-07,0.0003397589212413962,5.702766415845682e-05,1.1243838244094786e-05,8.44765205687938e-09,3.858290637267321e-06
681,5536,2.7611880137903224,0.155041186968283,0.2384890110701661,0.0009143989343989345,0.0,0.0,0.0,0.0009143989343989345,0.0,0.0,0.0,1.0,0.4724675445887446,1899.8024989962046,0.000309141148163071,1.226007238110088e-05,1.7900960429893874e-05,0.000256779176675952,4.0312531649339925e-06,0.0002999975067738632,4.096883164577314e-06,1.0191895671421726e-05,3.797412048440335e-11,1.4288854784240022e-05
682,6390,3.189565297675811,0.1484930297799713,0.3246217248144502,0.0009144988344988344,0.0,0.0,0.0,0.0009144988344988344,0.0,0.0,0.0,1.0,0.47247873939393936,1899.8031012623783,0.00030917492251518675,1.2261411821042876e-05,1.790291614929377e-05,0.00025680725462697387,4.03172247553406e-06,0.0003000302821633634,4.0973064983439015e-06,1.0192980271195119e-05,3.797790066369794e-11,1.4290362725340243e-05
683,5180,1.002742538012102,0.0664287414353199,0.1085979636174291,0.0009147152847152847,0.0,0.0,0.0009147152847152847,0.0,0.0,0.0,1.0,0.0,0.4725029948051948,1899.8044061709486,0.00032058541668354907,1.1567203458751753e-05,1.7156705229724363e-05,0.00015589040452095612,1.93969686990031e-07,0.0003408272288391245,5.720671310367121e-05,1.12791693497626e-05,8.473842755089833e-09,3.8701348675113665e-06
684,4037,1.2883355430842292,0.0878692328017975,0.0827487343409181,0.0009149916749916751,0.0,0.0009149916749916751,0.0,0.0,0.0,1.0,0.0,0.0,0.4725339670995671,1899.8060724358859,0.00027947744834654276,9.326233392747598e-06,1.3242090910907764e-05,6.2525862266957544e-06,2.302597161450509e-09,0.0003292420006115714,0.00024486321604696916,1.4288698712687424e-05,1.8297098146391748e-05,5.938315150796772e-07
685,5471,1.8550965764231768,0.1895600110776818,0.1300946735552109,0.000916017316017316,0.0,0.0,0.000916017316017316,0.0,0.0,0.0,1.0,0.0,0.4726489004329004,1899.812255655367,0.0003210417469258349,1.1583668539451643e-05,1.7181126563468422e-05,0.00015611242335336815,1.942562511229215e-07,0.0003413123720114759,5.7288022664428315e-05,1.1295213972402279e-05,8.485735763477838e-09,3.875512852028829e-06
686,6149,1.9315919958977417,0.1782998129142903,0.1118372118132813,0.0009160905760905761,0.0,0.0,0.0009160905760905761,0.0,0.0,0.0,1.0,0.0,0.47265710995670995,1899.81269731217,0.0003210674227962449,1.1584594963429643e-05,1.7182500653858112e-05,0.00015612491583870918,1.94272377505288e-07,0.0003413396690698427,5.7292597249802694e-05,1.1296116736324253e-05,8.486404859387158e-09,3.8758150697785695e-06
687,5748,1.8049444192862745,0.0980942110209468,0.0511748448254275,0.0009161605061605062,0.0,0.0,0.0009161605061605062,0.0,0.0,0.0,1.0,0.0,0.47266494632034634,1899.8131188934483,0.0003210919315816362,1.1585479277226823e-05,1.718381228559373e-05,0.00015613683979096233,1.9428776779763706e-07,0.00034136572535271533,5.729696459232331e-05,1.1296978468595135e-05,8.487043655694675e-09,3.876104246503128e-06
688,6392,2.9805666157103294,0.1292422466122548,0.078089158725812,0.0009167032967032967,0.0,0.0,0.0,0.0009167032967032967,0.0,0.0,0.0,1.0,0.4727257714285714,1899.8163911600284,0.00030992020988520924,1.2290968795762968e-05,1.7946072357384953e-05,0.000257426843634751,4.042080883059583e-06,0.0003007535257583019,4.106645841566565e-06,1.021691148591068e-05,3.806134975335024e-11,1.4323633450176758e-05
689,5842,1.9113919183969876,0.1241154809199874,0.1740000535081988,0.0009170629370629372,0.0,0.0,0.0009170629370629372,0.0,0.0,0.0,1.0,0.0,0.4727660727272727,1899.8185592805985,0.0003214082116216861,1.1596891136228537e-05,1.7200738580848564e-05,0.0001562907202964591,1.9448640486861354e-07,0.00034170197548019735,5.7353319367002575e-05,1.130809888936397e-05,8.495286282382206e-09,3.879831231790791e-06
690,5733,1.715160670659139,0.170251462807015,0.1375450254990178,0.0009177122877122878,0.0,0.0,0.0009177122877122878,0.0,0.0,0.0,1.0,0.0,0.47283883896103895,1899.8224739286482,0.0003216357932003197,1.1605102621488072e-05,1.7212918018393556e-05,0.0001564014457096697,1.946293422350238e-07,0.00034194392667899807,5.739387026240574e-05,1.1316100661513292e-05,8.501217264704226e-09,3.882513415899287e-06
691,6795,1.1448176464436155,0.035009740668701,0.1009221313130726,0.000919037629037629,0.0,0.0,0.000919037629037629,0.0,0.0,0.0,1.0,0.0,0.47298735670995673,1899.8304637694084,0.0003221002930377359,1.1621862473453688e-05,1.723777656271615e-05,0.00015662743999162056,1.9492110715163874e-07,0.00034243775528010095,5.747663480521522e-05,1.1332432457556989e-05,8.513322077841317e-09,3.887986920929581e-06
692,5841,2.061062354679899,0.1451329793249634,0.1543673053376619,0.0009198301698301698,0.0,0.0,0.0009198301698301698,0.0,0.0,0.0,1.0,0.0,0.4730761688311688,1899.835241577785,0.00032237805927217084,1.1631884696488403e-05,1.7252641722386452e-05,0.00015676258271622,1.9509559570772488e-07,0.00034273305982073686,5.7526126754718746e-05,1.1342198691384205e-05,8.520560356611081e-09,3.891259590011603e-06
693,5864,1.9692714310396648,0.182099526348717,0.1431809559693683,0.0009205028305028306,0.0,0.0,0.0009205028305028306,0.0,0.0,0.0,1.0,0.0,0.47315154718614716,1899.8392966712615,0.00032261381044593494,1.1640390953013668e-05,1.7265258370509983e-05,0.00015687728367191344,1.9524369930504723e-07,0.00034298369644778214,5.75681325392303e-05,1.1350487671490362e-05,8.526703650709334e-09,3.89403723725576e-06
694,5756,2.625661299765944,0.1699887460128209,0.1918753932719907,0.0009220479520479521,0.0,0.0,0.0,0.0009220479520479521,0.0,0.0,0.0,1.0,0.47332469350649353,1899.8486112677306,0.0003117271377234058,1.2362628832659868e-05,1.8050703345279738e-05,0.0002589290301991266,4.067207806126932e-06,0.0003025070090966439,4.129278013376223e-06,1.0274918767823598e-05,3.826350949412069e-11,1.4404273308218701e-05
695,6850,1.682408194314196,0.261993792746402,0.0808280065802596,0.0009224941724941725,0.0,0.0,0.0009224941724941725,0.0,0.0,0.0,1.0,0.0,0.473374696969697,1899.8513012398425,0.00032331172728707806,1.166557284114291e-05,1.7302608645647955e-05,0.00015721684386267256,1.9568218912189205e-07,0.0003437256801265234,5.769248636155333e-05,1.137502629085509e-05,8.544889577323782e-09,3.902260191543947e-06
696,5569,1.6069628343413969,0.2848363301990931,0.0470822306683415,0.0009225840825840826,0.0,0.0,0.0,0.0009225840825840826,0.0,0.0,0.0,1.0,0.4733847722943723,1899.8518432481121,0.000311908393413094,1.236981716034859e-05,1.8061199039392548e-05,0.0002590797172564996,4.069729066110698e-06,0.00030268290368697966,4.131547851034874e-06,1.028073682684408e-05,3.828377854531509e-11,1.4412361245436014e-05
697,2364,1.589664284283594,0.0721529116301549,0.09641715161512,0.0009230369630369631,0.0,0.0009230369630369631,0.0,0.0,0.0,1.0,0.0,0.0,0.47343552207792206,1899.8545733585536,0.0002819348221517531,9.408236580397278e-06,1.3358525233330547e-05,6.307261634537458e-06,2.3234744303880516e-09,0.000332137160964793,0.0002470165377359684,1.4414334959014028e-05,1.8457760302738942e-05,5.989151716775725e-07
698,6997,2.849131305675746,0.1777611625348652,0.1639780654248745,0.000924035964035964,0.0,0.0,0.0,0.000924035964035964,0.0,0.0,0.0,1.0,0.47354747012987014,1899.8605956298052,0.0003123992473305106,1.2389283687505629e-05,1.8089622161337795e-05,0.00025948779106942934,4.076558677021159e-06,0.00030315923934778655,4.137692710364795e-06,1.029649071336128e-05,3.833864681886817e-11,1.4434260101019625e-05
699,6536,2.0233175089709876,0.2051930116834667,0.1717524244029744,0.0009253646353646354,0.0,0.0,0.0009253646353646354,0.0,0.0,0.0,1.0,0.0,0.47369636103896107,1899.868605184059,0.00032431775457314054,1.1701871817008138e-05,1.7356448005462228e-05,0.00015770631217600152,1.9631438650466474e-07,0.0003447952285083135,5.787173690989132e-05,1.1410397886305962e-05,8.571102007499422e-09,3.914111264079483e-06
700,5284,1.5568663372217963,0.3980429236698401,0.1271702444240361,0.0009261704961704962,0.0,0.0,0.0,0.0009261704961704962,0.0,0.0,0.0,1.0,0.4737866658008658,1899.8734630722029,0.00031312089265405203,1.2417903054266321e-05,1.8131409365849043e-05,0.00026008773644703757,4.086601938902781e-06,0.0003038595401702377,4.146724784404379e-06,1.0319649336459314e-05,3.8419287011742104e-11,1.446645095943774e-05
701,5190,2.83447437572605,0.2448089074341522,0.2132433406839031,0.0009275291375291376,0.0,0.0,0.0,0.0009275291375291376,0.0,0.0,0.0,1.0,0.47393891515151515,1899.8816531674838,0.0003135802238428272,1.2436119437477496e-05,1.8158007149687717e-05,0.00026046960591441997,4.092995867902864e-06,0.00030430528546753844,4.152472790145681e-06,1.0334388588538327e-05,3.8470599806900846e-11,1.4486938319883676e-05
702,5595,1.5676224340957037,0.1045708855834823,0.069082737151922,0.0009288078588078588,0.0,0.0,0.0009288078588078588,0.0,0.0,0.0,1.0,0.0,0.47408220865800865,1899.8893614199285,0.0003255245204824081,1.1745413743974086e-05,1.7421030253777722e-05,0.00015829344933242825,1.970729241972193e-07,0.00034607819025940143,5.808675207708827e-05,1.1452827192917338e-05,8.602541666481115e-09,3.928324539500898e-06
703,5002,1.9759905442165424,0.0908805382284354,0.1319003299221631,0.0009290809190809192,0.0,0.0,0.0009290809190809192,0.0,0.0,0.0,1.0,0.0,0.4741128077922078,1899.89100744389,0.00032562022145393607,1.1748866778801174e-05,1.742615186341203e-05,0.0001583400113183007,1.9713308692112704e-07,0.00034617993384131185,5.810380371842777e-05,1.1456191984964149e-05,8.605034844345796e-09,3.9294518447632746e-06
704,5191,1.711878488650658,0.0929636489343499,0.0962423933803379,0.0009306526806526807,0.0,0.0,0.0009306526806526807,0.0,0.0,0.0,1.0,0.0,0.4742889393939394,1899.900482056044,0.0003261710855827313,1.1768742784147332e-05,1.7455632348136315e-05,0.00015860802846615367,1.974794222035573e-07,0.00034676557982565273,5.8201952815014246e-05,1.1475560023483898e-05,8.61938515770962e-09,3.9359388751997485e-06
705,5784,1.5633462461222871,0.2381554545197577,0.1289336759081959,0.0009306759906759907,0.0,0.0,0.0009306759906759907,0.0,0.0,0.0,1.0,0.0,0.4742915515151515,1899.90062256856,0.00032617925517786176,1.176903755541306e-05,1.7456069558714854e-05,0.0001586120031832959,1.9748455832883453e-07,0.0003467742652533732,5.820340852946324e-05,1.1475847261546367e-05,8.619597993534973e-09,3.936035194829755e-06
706,6192,3.202864600543564,0.1930783600352081,0.404102027251353,0.0009307459207459208,0.0,0.0,0.0,0.0009307459207459208,0.0,0.0,0.0,1.0,0.4742993878787879,1899.9010441059688,0.0003146677579809567,1.2479249403609835e-05,1.8220981314364578e-05,0.0002613737418088139,4.108139159158422e-06,0.00030536065300973766,4.1660782659417965e-06,1.0369281211308273e-05,3.8592029582857484e-11,1.4535436661309198e-05
707,5888,1.425935971331124,0.0703317897478144,0.1546882930559755,0.0009317249417249417,0.0,0.0,0.0,0.0009317249417249417,0.0,0.0,0.0,1.0,0.47440909696969696,1899.9069456076038,0.00031499874663169173,1.2492375915041415e-05,1.824014736448362e-05,0.0002616489149701494,4.112749531230924e-06,0.00030568185182694495,4.170217695533647e-06,1.0379899160895708e-05,3.862897024822787e-11,1.455019411436987e-05
708,5642,2.8795048213436822,0.2415848523658117,0.0329255648875803,0.0009325374625374625,0.0,0.0,0.0,0.0009325374625374625,0.0,0.0,0.0,1.0,0.47450014805194807,1899.9118434211941,0.0003152734446955671,1.2503270026569667e-05,1.8256053882269492e-05,0.00026187729044844935,4.11657636596892e-06,0.00030594842499497466,4.173652666846894e-06,1.0388710797195211e-05,3.865962118574512e-11,1.4562440783284412e-05
709,6640,2.672896288466639,0.7171135138909969,0.2653411957160204,0.0009330536130536132,0.0,0.0,0.0,0.0009330536130536132,0.0,0.0,0.0,1.0,0.4745579878787879,1899.9149547224565,0.00031544794551483223,1.2510190466269993e-05,1.8266158432502324e-05,0.00026202236521244047,4.119007568413245e-06,0.0003061177645074601,4.1758345409297765e-06,1.0394308131680447e-05,3.8679084512095036e-11,1.4570220030779286e-05
710,572,1.3869141981584383,0.0805229846019706,0.1414799651022313,0.0009342790542790542,0.0,0.0009342790542790542,0.0,0.0,0.0,1.0,0.0,0.0,0.4746953108225108,1899.9223415079446,0.0002853686358795635,9.52282381611968e-06,1.3521224849431258e-05,6.3836539654424825e-06,2.352666080651199e-09,0.0003361827247037507,0.00025002549234170855,1.4589892873844956e-05,1.868225318311245e-05,6.060101232601952e-07
711,6335,3.154760130296775,0.0491202759697751,0.2250880664755947,0.0009347519147519148,0.0,0.0,0.0,0.0009347519147519148,0.0,0.0,0.0,1.0,0.4747482995670996,1899.925191826379,0.00031602210950080117,1.2532960945283959e-05,1.8299405662300665e-05,0.00026249970857521464,4.1270079487513115e-06,0.000306674946129184,4.183013019560253e-06,1.0412724227691247e-05,3.8743127467062016e-11,1.4595814733506522e-05
712,1988,1.292061204592942,0.0523046182730063,0.0619899748806101,0.0009370129870129871,0.0,0.0009370129870129871,0.0,0.0,0.0,1.0,0.0,0.0,0.4750016753246753,1899.9388210330037,0.0002862036954383705,9.550689965565206e-06,1.3560791314128736e-05,6.402229893934431e-06,2.3597683401736286e-09,0.0003371665545048984,0.000250757233307466,1.463258630903243e-05,1.8736846511251224e-05,6.077362949040779e-07
713,5086,2.053513730556034,0.1333131763100416,0.0055906301939807,0.0009390609390609392,0.0,0.0,0.0009390609390609392,0.0,0.0,0.0,1.0,0.0,0.47523116883116884,1899.9511654118248,0.0003291179752547821,1.1875070990713115e-05,1.761334044968044e-05,0.00016004181372058238,1.9933291067188574e-07,0.00034989853769845045,5.872700181314819e-05,1.1579170081309017e-05,8.696141601575395e-09,3.970633894525579e-06
714,5773,1.889074338618392,0.0893000495901752,0.1072736335387178,0.0009391408591408592,0.0,0.0,0.0009391408591408592,0.0,0.0,0.0,1.0,0.0,0.47524012467532467,1899.951647140024,0.00032914598529522934,1.187608163505275e-05,1.7614839457378286e-05,0.00016005544160329203,1.9935053292304795e-07,0.000349928316307991,5.8731992553037146e-05,1.1580154884844407e-05,8.69687111128975e-09,3.970963839072957e-06
715,5604,1.6659004292109996,0.0816169535120267,0.1005246822562998,0.0009405361305361306,0.0,0.0,0.0009405361305361306,0.0,0.0,0.0,1.0,0.0,0.4753964787878788,1899.9600572672427,0.00032963499391803694,1.1893725800815546e-05,1.7641009633436497e-05,0.00016029336640650655,1.996582268243837e-07,0.00035044820120056993,5.8819117869356765e-05,1.1597347874466615e-05,8.70960611731907e-09,3.976719395918206e-06
716,6774,2.978714208860995,0.1967866128708384,0.2822936201182936,0.0009409723609723609,0.0,0.0,0.0,0.0009409723609723609,0.0,0.0,0.0,1.0,0.47544536277056276,1899.9626866693116,0.00031812512582587966,1.2616363405672373e-05,1.8421181790267923e-05,0.0002642481080570431,4.156326978224094e-06,0.0003087157603830462,4.209293537229598e-06,1.0480162017472754e-05,3.8977525200489804e-11,1.468953350975289e-05
717,6291,1.8778008278543472,0.2476436724086175,0.1539799319439573,0.0009412221112221112,0.0,0.0,0.0,0.0009412221112221112,0.0,0.0,0.0,1.0,0.47547334978354977,1899.964192048491,0.0003182095617061692,1.2619712005527368e-05,1.842607108876768e-05,0.0002643183067918838,4.157504846334625e-06,0.0003087976988568467,4.210348014360157e-06,1.0482868925295881e-05,3.898692566700612e-11,1.4693294913507328e-05
718,1588,1.6075461843974224,0.0841336003388554,0.1610000618838658,0.0009420845820845821,0.0,0.0009420845820845822,0.0,0.0,0.0,1.0,0.0,0.0,0.4755699982683983,1899.969390603963,0.00028775277669057883,9.602383200163907e-06,1.3634189274828199e-05,6.436687253853576e-06,2.372946672548228e-09,0.00033899161212392904,0.00025211465491215316,1.4711784968132182e-05,1.8838120714270744e-05,6.109416142598264e-07
719,6029,1.943546007269854,0.1720973834348955,0.0747990634084016,0.0009423243423243423,0.0,0.0,0.0009423243423243423,0.0,0.0,0.0,1.0,0.0,0.4755968658008658,1899.970835756558,0.00033026171857304334,1.1916338967914881e-05,1.767454993067578e-05,0.0001605982967277487,2.0005262452356256e-07,0.0003511144975911254,5.893077922875859e-05,1.1619382753741528e-05,8.72592681043418e-09,3.984095355548389e-06
720,6099,3.1190892999529045,0.2622762314451583,0.2658935234363892,0.0009433566433566434,0.0,0.0,0.0,0.0009433566433566434,0.0,0.0,0.0,1.0,0.47571254545454544,1899.9770579131036,0.00031893120702971065,1.2648331372288062e-05,1.846785829327893e-05,0.00026491827104444654,4.167571720062687e-06,0.0003094979996795761,4.219361213445244e-06,1.0506003936547476e-05,3.9067287599392486e-11,1.4725443284567845e-05
721,6724,1.3398509154536056,0.1095684914213147,0.1022847834987328,0.0009435031635031635,0.0,0.0,0.0009435031635031635,0.0,0.0,0.0,1.0,0.0,0.4757289645021645,1899.9779410541896,0.0003306748666696398,1.1931245971924501e-05,1.7696660294219e-05,0.00016079931229136276,2.0031264831285193e-07,0.0003515537320836749,5.900438834847415e-05,1.1633908510303875e-05,8.73668525171829e-09,3.988957644736422e-06
722,6609,2.745968327662451,0.2862279540967923,0.1533748493849744,0.0009471361971361971,0.0,0.0,0.0,0.0009471361971361971,0.0,0.0,0.0,1.0,0.4761360822510823,1899.9998386435645,0.0003202090033514259,1.2699006850093656e-05,1.8541849677241906e-05,0.00026598061635204484,4.1854042985327345e-06,0.00031073800191648397,4.235314513678884e-06,1.0546960967206776e-05,3.9209488357939276e-11,1.4782353899862291e-05
723,6824,2.7597653660233603,0.3236892095157689,0.189396979491261,0.0009476123876123876,0.0,0.0,0.0009476123876123876,0.0,0.0,0.0,1.0,0.0,0.4761894441558442,1900.0027087713127,0.00033211504958263413,1.1983209935054075e-05,1.777373427334987e-05,0.00016150003000957693,2.0121925383741302e-07,0.00035308484893368673,5.926097814220544e-05,1.1684543297304506e-05,8.774184738523979e-09,4.0059043309334475e-06
724,6906,1.507593792661684,0.3620292321691033,0.0267216622067191,0.0009491575091575093,0.0,0.0,0.0009491575091575093,0.0,0.0,0.0,1.0,0.0,0.4763625904761905,1900.0120215662175,0.00033265657703128036,1.200274905895369e-05,1.7802715088841545e-05,0.0001617635101626302,2.0156022865446537e-07,0.00035366056872298824,5.9357458026058766e-05,1.1703582554360785e-05,8.788283741251006e-09,4.0122752171839644e-06
725,5123,1.0812261914019343,0.1785626798411338,0.0884337178670519,0.0009498135198135198,0.0,0.0,0.0009498135198135198,0.0,0.0,0.0,1.0,0.0,0.47643610303030304,1900.0159754588656,0.0003328864927799512,1.201104476457486e-05,1.7815019443694686e-05,0.00016187537586765684,2.0170500914621546e-07,0.00035390500147857324,5.9398420181529086e-05,1.1711666018866978e-05,8.794269526740239e-09,4.01497987516505e-06
726,6857,2.805324686935051,0.4190577449300897,0.27972621007927,0.000950932400932401,0.0,0.0,0.0,0.000950932400932401,0.0,0.0,0.0,1.0,0.4765614848484849,1900.022719111237,0.0003214924287318272,1.2749905567889585e-05,1.86161670144382e-05,0.00026704764955864794,4.203325109976353e-06,0.00031198346671842313,4.251330129039161e-06,1.0588088749954748e-05,3.935220465461908e-11,1.483949758340319e-05
727,5367,1.6675344443983207,0.0735268001143309,0.0717281743159109,0.0009513852813852814,0.0,0.0,0.0009513852813852814,0.0,0.0,0.0,1.0,0.0,0.4766122346320346,1900.0254486695092,0.00033343735690874644,1.203092076992102e-05,1.7844499928418975e-05,0.00016214339904541735,2.0205192291900637e-07,0.00035449064747205454,5.9496563248208004e-05,1.1731033478896367e-05,8.808610699683438e-09,4.021460278922501e-06
728,2850,1.6246071905115385,0.152322161741532,0.0273050059403408,0.0009531568431568432,0.0009531568431568432,0.0,0.0,0.0,1.0,0.0,0.0,0.0,0.47681075584415583,1900.036125974482,0.00036401080666905746,2.165418060868163e-05,3.161731987939356e-05,3.3689097663349254e-06,1.1737916563539375e-09,0.00017409022156186308,0.00030381020736530793,1.674765512532181e-05,3.7856368389226443e-05,4.482809685842884e-07
729,6432,1.8403698394396009,0.0595821748615065,0.1371277360102792,0.0009543889443889443,0.0,0.0,0.0009543889443889443,0.0,0.0,0.0,1.0,0.0,0.4769488251082251,1900.0435518400902,0.00033449006759555427,1.2068904153018973e-05,1.790083763439632e-05,0.0001626555974038988,2.0271500422032128e-07,0.00035560982689376337,5.968411478905782e-05,1.1768044900072948e-05,8.836014961540167e-09,4.033842790198165e-06
730,6017,1.6848952740393464,0.1263123552348397,0.1170022227777204,0.0009556343656343657,0.0,0.0,0.0009556343656343657,0.0,0.0,0.0,1.0,0.0,0.477088387012987,1900.0510579189774,0.0003349265573925234,1.2084653360644955e-05,1.7924197171021077e-05,0.00016286797331750333,2.0298998963094926e-07,0.0003560738768987076,5.976187907761509e-05,1.1783391049836085e-05,8.847376883197589e-09,4.038975966809042e-06
731,6073,3.200836169088997,0.0718851215880884,0.1800182140667618,0.0009562171162171163,0.0,0.0,0.0,0.0009562171162171163,0.0,0.0,0.0,1.0,0.47715369004329006,1900.0545700987564,0.0003232790919587542,1.2820761940821285e-05,1.871962457069304e-05,0.0002685330842871111,4.2282881253394246e-06,0.0003137172848244676,4.273613365888141e-06,1.0645327593347864e-05,3.955069361209415e-11,1.491902006062315e-05
732,5767,1.7227057328762276,0.2668846752439146,0.102682699557729,0.000956876456876457,0.0,0.0,0.000956876456876457,0.0,0.0,0.0,1.0,0.0,0.4772275757575758,1900.0585438616965,0.0003353618801044739,1.2100360458090118e-05,1.7947494248991753e-05,0.00016307978095068924,2.0326426396255195e-07,0.0003565366861285583,5.983943587064934e-05,1.1798696142937139e-05,8.858708104640504e-09,4.044095823913614e-06
733,5238,2.5695067407845382,0.0900634407102046,0.1057672598418667,0.0009573726273726273,0.0,0.0,0.0009573726273726273,0.0,0.0,0.0,1.0,0.0,0.4772831766233766,1900.0615342063281,0.0003355357757722503,1.210663487503202e-05,1.7956800588449205e-05,0.00016316439079714918,2.0337383558526108e-07,0.00035672156166558145,5.9870416639489085e-05,1.1804809964739267e-05,8.863234351530816e-09,4.0461406492756005e-06
734,5630,1.942621803402586,0.1276166755345564,0.1282261572359673,0.0009578921078921079,0.0,0.0,0.0009578921078921079,0.0,0.0,0.0,1.0,0.0,0.47734138961038963,1900.0646650256037,0.00033571784103515723,1.2113204063239648e-05,1.79665441384852e-05,0.0001632529755345892,2.0348855902079642e-07,0.0003569151226305744,5.99028529489401e-05,1.181121100891632e-05,8.867973185042611e-09,4.048281604243707e-06
735,5112,1.0672773384972964,0.2894540972523256,0.1267681700463104,0.0009578954378954378,0.0,0.0,0.0009578954378954378,0.0,0.0,0.0,1.0,0.0,0.4773417627705628,1900.0646850949208,0.00033571900812017587,1.2113246173420465e-05,1.7966606597139276e-05,0.00016325354359709968,2.034892954082105e-07,0.00035691636340602276,5.990306066237119e-05,1.181125204027001e-05,8.868003530397746e-09,4.048295115640353e-06
736,6397,3.0527963029921956,0.4192033912295461,0.285399506236966,0.0009580153180153181,0.0,0.0,0.0,0.0009580153180153181,0.0,0.0,0.0,1.0,0.47735519653679653,1900.0654075900113,0.000323887030296839,1.284487185977725e-05,1.8754827519891285e-05,0.00026903852817944623,4.236786040633191e-06,0.0003143072418360186,4.281192599746124e-06,1.0664800064776428e-05,3.9618189859400715e-11,1.494607190090228e-05
737,6886,2.787175283022621,0.28152268333943,0.3174664522103676,0.0009605328005328006,0.0,0.0,0.0,0.0009605328005328006,0.0,0.0,0.0,1.0,0.4776373056277056,1900.0805798441465,0.0003247381439701577,1.2878625746315603e-05,1.8804111648768828e-05,0.0002697461532977949,4.2486872569157875e-06,0.000315133181652244,4.2917998580679255e-06,1.0692057389905098e-05,3.971263064488778e-11,1.4983936673234406e-05
738,6399,1.4779738350535656,0.0420656438967255,0.1093104342805862,0.0009608191808191808,0.0,0.0,0.0009608191808191808,0.0,0.0,0.0,1.0,0.0,0.4776693974025974,1900.0823057711343,0.0003367437087665365,1.2150218912178785e-05,1.802144529541878e-05,0.00016375211712400432,2.0413506985595756e-07,0.00035800576422315123,6.008561841219925e-05,1.1847278342513607e-05,8.8946733224236e-09,4.060344305917827e-06
739,5301,3.019914049777508,0.247657116576603,0.1998590175623584,0.0009610223110223111,0.0,0.0,0.0,0.0009610223110223111,0.0,0.0,0.0,1.0,0.4776921601731602,1900.083529973022,0.00032490363829552524,1.2885189002031393e-05,1.881369467382835e-05,0.000269883747244257,4.251001709684068e-06,0.0003152937810609579,4.2938622070695155e-06,1.0697357097966785e-05,3.9730990741317085e-11,1.499129876701775e-05
740,6767,1.7384249324244443,0.301565815746491,0.0286313967332771,0.0009611521811521812,0.0,0.0,0.0009611521811521812,0.0,0.0,0.0,1.0,0.0,0.47770671341991344,1900.084312658545,0.0003368604172683999,1.21544299302606e-05,1.8027691160826466e-05,0.0001638089028334157,2.0420863225446226e-07,0.0003581298417651941,6.010641029694877e-05,1.1851381554225734e-05,8.89771065544975e-09,4.061716069143732e-06
741,5151,1.4585357776229444,0.2727160748679367,0.0882154390925206,0.0009615284715284717,0.0,0.0,0.0009615284715284717,0.0,0.0,0.0,1.0,0.0,0.4777488805194805,1900.0865804355801,0.00033699229787550555,1.2159188380693048e-05,1.8034748988737158e-05,0.0001638730702155262,2.0429175787993177e-07,0.0003582700493876582,6.0129905596240134e-05,1.1856018183345281e-05,8.90114288618635e-09,4.063266631087114e-06
742,5962,2.896626225439732,0.0558304100245828,0.1225447815710453,0.0009618015318015319,0.0,0.0,0.0,0.0009618015318015319,0.0,0.0,0.0,1.0,0.4777794796536797,1900.0882260752799,0.0003251670782420287,1.2895636633578978e-05,1.882894928514759e-05,0.00027010277457838975,4.25468624629939e-06,0.0003155494290993234,4.297144894287164e-06,1.0705793062264475e-05,3.976021242932046e-11,1.500301747697655e-05
743,6266,2.9625473683358265,0.126579665899292,0.128191928120824,0.0009630303030303031,0.0,0.0,0.0,0.0009630303030303031,0.0,0.0,0.0,1.0,0.47791717575757575,1900.095631414247,0.0003255825027730533,1.2912111744865556e-05,1.885300463376639e-05,0.000270448164893936,4.260497578190114e-06,0.0003159525663906047,4.30232038163954e-06,1.0719094827967344e-05,3.980628007120915e-11,1.502149482216701e-05
744,5327,2.6848565778618956,0.2553233545687543,0.2602131312061362,0.0009633999333999334,0.0,0.0,0.0,0.0009633999333999334,0.0,0.0,0.0,1.0,0.4779585965367965,1900.0978590238342,0.0003257074678758818,1.2917067672650947e-05,1.8860240795546028e-05,0.0002705520633502988,4.262246184425899e-06,0.00031607383533189035,4.3038766789942e-06,1.072309569011337e-05,3.982013189237493e-11,1.5027052009371341e-05
745,6586,1.6135695474994827,0.0216466671123826,0.1159393576927745,0.0009640792540792541,0.0,0.0,0.0009640792540792541,0.0,0.0,0.0,1.0,0.0,0.4780347212121212,1900.101952993699,0.00033788628499977917,1.2191444779199737e-05,1.8082592317760046e-05,0.00016430804633993682,2.0485531335184498e-07,0.0003592204833604705,6.028917384310193e-05,1.1887448717560804e-05,8.92440809322154e-09,4.073776678050595e-06
746,6209,1.6239568621281928,0.2309215878242101,0.0065919884312429,0.0009645221445221446,0.0,0.0,0.0,0.0009645221445221446,0.0,0.0,0.0,1.0,0.4780843515151515,1900.1046220908154,0.00032608686643131624,1.2932114047999393e-05,1.88822100434716e-05,0.00027086750179472003,4.26755451706736e-06,0.00031644201220767525,4.308602667030606e-06,1.0735242950667144e-05,3.986219693089335e-11,1.5043925342091645e-05
747,5047,1.7347712109190214,0.0548627994047876,0.1540074859893245,0.0009655044955044956,0.0,0.0,0.0009655044955044956,0.0,0.0,0.0,1.0,0.0,0.4781944337662338,1900.1105422385263,0.00033838579738775453,1.2209467936589897e-05,1.810932462170495e-05,0.00016455108862269545,2.0517024971536436e-07,0.00035975153524167916,6.037816366335195e-05,1.1905010374390788e-05,8.93740661345047e-09,4.079648286351291e-06
748,6606,1.5464251851471202,0.0989815531804335,0.0331068588308165,0.0009655577755577757,0.0,0.0,0.0009655577755577757,0.0,0.0,0.0,1.0,0.0,0.47820040432900435,1900.110863330097,0.0003384044707480527,1.2210141699482988e-05,1.8110323960170184e-05,0.00016456017397758932,2.051820221611259e-07,0.00035977138764841055,6.038149072352386e-05,1.1905666885802727e-05,8.937892582246056e-09,4.079868124608373e-06
749,4781,1.3459277753493355,0.0174997258755943,0.1415517447576914,0.0009659074259074259,0.0,0.0009659074259074259,0.0,0.0,0.0,1.0,0.0,0.0,0.47823958614718615,1900.1129704905004,0.00029502928836378845,9.845202241739163e-06,1.397896209875725e-05,6.598518769363953e-06,2.434909534140876e-09,0.00034756450319003263,0.00025849090751535133,1.5083805398566334e-05,1.931380342029261e-05,6.259564162957448e-07
750,6622,2.904999118492019,0.2450842892143498,0.2088188929467919,0.000967945387945388,0.0,0.0,0.0,0.000967945387945388,0.0,0.0,0.0,1.0,0.4784679601731602,1900.1252521207969,0.00032724420089715175,1.297801219001186e-05,1.894922602824159e-05,0.0002718297348383348,4.283753314805189e-06,0.00031756511555585114,4.323013648835404e-06,1.0772291481726642e-05,3.999042953338125e-11,1.5095385111421177e-05
751,5837,2.659142179041389,0.1515002736454126,0.1244330436833934,0.000967995337995338,0.0,0.0,0.0,0.000967995337995338,0.0,0.0,0.0,1.0,0.4784735575757576,1900.1255531389047,0.00032726108807320966,1.297868190998286e-05,1.895020388794154e-05,0.00027184377490529197,4.283989487504936e-06,0.0003175815032506148,4.323224224272483e-06,1.0772832264213626e-05,3.9992306124711496e-11,1.5096136473098263e-05
752,6658,2.726371285556828,0.2379419771356549,0.2520802483692158,0.0009681152181152181,0.0,0.0,0.0009681152181152181,0.0,0.0,0.0,1.0,0.0,0.47848699134199135,1900.1262755819262,0.00033930079204236356,1.2242482318351312e-05,1.8158292206501225e-05,0.00016499628830835055,2.0574723505331564e-07,0.00036072430317505536,6.054117231591829e-05,1.1937179298080187e-05,8.961215544351503e-09,4.090402922518588e-06
753,5111,1.8220049431619825,0.1000044244485913,0.0803517115529942,0.0009684881784881785,0.0,0.0,0.0009684881784881785,0.0,0.0,0.0,1.0,0.0,0.4785287852813853,1900.1285231784843,0.00033943150556445056,1.2247198658602943e-05,1.8165287575757837e-05,0.00016505988814464757,2.058296704077844e-07,0.00036086327002279807,6.056445938508147e-05,1.1941774849729626e-05,8.964616702666992e-09,4.0919394087978334e-06
754,5511,3.1686072700708445,0.0462314610918541,0.2192817204642147,0.000968971028971029,0.0,0.0,0.0,0.000968971028971029,0.0,0.0,0.0,1.0,0.4785828935064935,1900.131433004429,0.00032759095091220754,1.2991763773416376e-05,1.8969304747413923e-05,0.00027211803097519876,4.288607735811586e-06,0.00031790160955512067,4.327330702466809e-06,1.0783390540554465e-05,4.002883885901448e-11,1.5110801300699007e-05
755,5660,1.872558909966256,0.1584077084575261,0.0888032586165216,0.00097002664002664,0.0,0.0,0.00097002664002664,0.0,0.0,0.0,1.0,0.0,0.4787011852813853,1900.1377944510573,0.0003399706988430594,1.2266653562140919e-05,1.8194143473941355e-05,0.00016532223863831663,2.0616974647859064e-07,0.0003614365082703042,6.066051737643575e-05,1.1960731470049935e-05,8.978645913185982e-09,4.09827621438688e-06
756,6089,1.98403971682627,0.0212830056749542,0.1129018966337982,0.0009706060606060606,0.0,0.0,0.0009706060606060606,0.0,0.0,0.0,1.0,0.0,0.4787661151515151,1900.1412862026534,0.00034017377163630177,1.2273980733603274e-05,1.8205011279750733e-05,0.00016542104625129746,2.062978387639858e-07,0.0003616524031948894,6.069669477729489e-05,1.1967870964717039e-05,8.983929442062978e-09,4.1006625072217626e-06
757,5225,2.8364609725817704,0.1939387139559229,0.3647711866404211,0.000970872460872461,0.0,0.0,0.0,0.000970872460872461,0.0,0.0,0.0,1.0,0.47879596796536794,1900.1428916008413,0.00032823378941414537,1.3017257780312407e-05,1.9006528606658734e-05,0.0002726525044885363,4.2976098440685596e-06,0.00031852543446938045,4.335331642937239e-06,1.0803964526405737e-05,4.010001613532696e-11,1.5139376369375178e-05
758,5364,2.7048136132678633,0.2157229426065125,0.1606164883188786,0.0009712787212787213,0.0,0.0,0.0009712787212787213,0.0,0.0,0.0,1.0,0.0,0.4788414935064935,1900.1453398272013,0.0003404095228100658,1.2282486990128537e-05,1.8217627927874263e-05,0.00016553575408051127,2.064465513740022e-07,0.00036190303983160254,6.073869368828608e-05,1.1976159335810498e-05,8.990063068276249e-09,4.103432652597218e-06
759,5626,1.718455750499772,0.0790922071485539,0.0470944764505861,0.000971924741924742,0.0,0.0,0.000971924741924742,0.0,0.0,0.0,1.0,0.0,0.4789138865800866,1900.1492328938461,0.00034063593730368084,1.2290656365207256e-05,1.822974490676518e-05,0.0001656459184805154,2.0658937909993511e-07,0.0003621437502649063,6.077902982095412e-05,1.1984119449859193e-05,8.995953753785074e-09,4.106093629355385e-06
760,6272,1.8850314047199277,0.1095278480414613,0.1493627198267125,0.0009737795537795538,0.0,0.0,0.0009737795537795538,0.0,0.0,0.0,1.0,0.0,0.4791217367965368,1900.1604103101972,0.00034128600365906,1.2314111735922955e-05,1.8264534377086e-05,0.00016596221729457995,2.0699950531630938e-07,0.0003628348621799824,6.0894838206365756e-05,1.2006973955439036e-05,9.01286580150219e-09,4.1137315424292055e-06
761,5293,2.7329372240438454,0.5017913594644375,0.2904057589978426,0.0009746386946386948,0.0,0.0,0.0009746386946386948,0.0,0.0,0.0,1.0,0.0,0.4792180121212121,1900.1655875911551,0.0003415871115938676,1.2324976162574033e-05,1.8280648709837835e-05,0.0001661087254339129,2.0718949326125506e-07,0.00036315498224146045,6.094848025996793e-05,1.2017560044699522e-05,9.02069911330088e-09,4.117269479528632e-06
762,6362,3.056326947857104,0.0565031888811721,0.1485132102340818,0.0009747219447219448,0.0,0.0,0.0,0.0009747219447219448,0.0,0.0,0.0,1.0,0.4792273411255411,1900.1660892639795,0.0003295352277823417,1.3068870866077398e-05,1.908188899420164e-05,0.00027373456168481203,4.315841964679056e-06,0.0003197883794797779,4.351523953845357e-06,1.084560975218601e-05,4.024402360837398e-11,1.5197214194078595e-05
763,6726,1.564241176357608,0.0535795058594875,0.0193218014606921,0.0009756343656343656,0.0,0.0,0.0009756343656343656,0.0,0.0,0.0,1.0,0.0,0.479329587012987,1900.171587578603,0.00034193607001443906,1.2337567106638653e-05,1.8299323847406823e-05,0.0001662785162590553,2.0740969048489236e-07,0.0003635259740959453,6.101064644136662e-05,1.202982840206667e-05,9.029776962341928e-09,4.121369244366145e-06
764,5844,1.80353396115918,0.0634626333871588,0.0310483668195414,0.0009760173160173161,0.0,0.0,0.0009760173160173161,0.0,0.0,0.0,1.0,0.0,0.4793725004329004,1900.1738952547314,0.000342070284791582,1.2342409777432738e-05,1.8306506592625664e-05,0.000166343820350481,2.0749438586638367e-07,0.00036366866327080085,6.1034556583225945e-05,1.2034546996912404e-05,9.033268389107684e-09,4.122946144837674e-06
765,1023,0.9852435608892162,0.2584776140862303,0.0917803803539145,0.0009760705960705961,0.0,0.0009760705960705961,0.0,0.0,0.0,1.0,0.0,0.0,0.479378470995671,1900.1742163222148,0.0002981335536177214,9.948792361237023e-06,1.4126047178241662e-05,6.667544006589611e-06,2.461373343648065e-09,0.0003512218315685113,0.00026121112364383694,1.524251467201411e-05,1.9516727649100392e-05,6.32358545289897e-07
766,6501,3.036691894822735,0.2898701981670798,0.4042361619980767,0.0009775158175158176,0.0,0.0,0.0,0.0009775158175158176,0.0,0.0,0.0,1.0,0.4795404225108225,1900.1829252311356,0.00033047978382984755,1.310633053645528e-05,1.9136583946752245e-05,0.0002745199001371913,4.329080286923199e-06,0.00032070499787406994,4.363271432718057e-06,1.087582912338638e-05,4.0348473585687106e-11,1.523918125305153e-05
767,5405,3.1502635186166446,0.077694824870476,0.0921537520908434,0.000977945387945388,0.0,0.0,0.0,0.000977945387945388,0.0,0.0,0.0,1.0,0.4795885601731602,1900.1855138065632,0.0003306250135439456,1.3112090128205872e-05,1.9144993540171828e-05,0.0002746406493058737,4.331115836382601e-06,0.00032084593204910705,4.365077788626279e-06,1.0880475388532868e-05,4.036454222082486e-11,1.524563390624368e-05
768,4586,1.3952609740740816,0.1005522831612336,0.033003381550659,0.0009783649683649685,0.0,0.0009783649683649685,0.0,0.0,0.0,1.0,0.0,0.0,0.4796355783549784,1900.1880421749017,0.00029883435268717086,9.97217820407255e-06,1.4159252165058426e-05,6.683125332431391e-06,2.4673500240490423e-09,0.00035204748656640286,0.0002618252236092715,1.527834386013393e-05,1.9562538590403003e-05,6.338053473890293e-07
769,1447,1.4176761967247447,0.029918963387494,0.1339974287023336,0.0009791741591741593,0.0009791741591741593,0.0,0.0,0.0,1.0,0.0,0.0,0.0,0.4797262562770563,1900.1929182924612,0.00037394682534092744,2.224525191456051e-05,3.2480344478994945e-05,3.4602789916089327e-06,1.2068749860880003e-09,0.00017884264191156965,0.0003121035821847441,1.7204797141747698e-05,3.88892303350199e-05,4.601777773315173e-07
770,5757,1.8115503728208373,0.2226244227239348,0.1620926785363088,0.0009793439893439895,0.0,0.0,0.0009793439893439895,0.0,0.0,0.0,1.0,0.0,0.47974528744588746,1900.1939416715836,0.0003432362027251974,1.2384477848070053e-05,1.836890278804847e-05,0.000166911116258756,2.0823024509781083e-07,0.0003649081979307943,6.124226084061832e-05,1.2075537111046188e-05,9.063596360958139e-09,4.136642387368304e-06
771,5639,1.0622252497892268,0.1504764203529714,0.0154041577920304,0.0009795371295371297,0.0,0.0009795371295371297,0.0,0.0,0.0,1.0,0.0,0.0,0.47976693073593074,1900.1951055130003,0.00029919238065879094,9.98412568836588e-06,1.4176216106073667e-05,6.691085473966913e-06,2.4704037855983517e-09,0.00035246930189052636,0.00026213895840899754,1.5296648466763787e-05,1.9585942439858978e-05,6.345440486084722e-07
772,5155,2.8074199665125574,0.4114874930460077,0.3658233573696483,0.0009798135198135199,0.0,0.0,0.0,0.0009798135198135199,0.0,0.0,0.0,1.0,0.479797903030303,1900.1967710074098,0.00033125659392851145,1.3137137655121236e-05,1.918156549295e-05,0.00027516577141409646,4.33997131918677e-06,0.00032145883183365735,4.3729297059486114e-06,1.0900678029712456e-05,4.0434335458854054e-11,1.5273688604331976e-05
773,5742,2.673842496745447,0.1754178358570861,0.0948673231693201,0.0009807326007326008,0.0,0.0,0.0,0.0009807326007326008,0.0,0.0,0.0,1.0,0.47990089523809526,1900.2023092543518,0.00033156731796797704,1.3149460502587618e-05,1.9199558111429105e-05,0.00027542412084335596,4.344328802230412e-06,0.00032176036541750657,4.376792096743394e-06,1.0910616522104672e-05,4.0468665961704287e-11,1.5287489556179996e-05
774,5339,1.8272909669132935,0.2649402186439052,0.1536234506756719,0.0009810356310356312,0.0,0.0,0.0009810356310356312,0.0,0.0,0.0,1.0,0.0,0.47993485281385284,1900.2041352625909,0.00034382908191466345,1.2405869819925665e-05,1.8400631784319525e-05,0.00016719959211734619,2.0860451253555456e-07,0.000365538511853227,6.13478791603655e-05,1.2096380856090452e-05,9.07901715786752e-09,4.143605901612375e-06
775,5288,3.1657492457613614,0.2771178022113249,0.2523564073576068,0.000981904761904762,0.0,0.0,0.0,0.000981904761904762,0.0,0.0,0.0,1.0,0.4800322476190476,1900.2093724731087,0.00033196360369946933,1.3165176597907062e-05,1.9222505219054627e-05,0.0002757536107186089,4.3498870496378255e-06,0.00032214492998822414,4.381717296342302e-06,1.0923290823079222e-05,4.051243851022415e-11,1.5305089144298676e-05
776,4676,0.8898028756982239,0.1749430407721257,0.1392733637648931,0.0009827905427905429,0.0009827905427905429,0.0,0.0,0.0,1.0,0.0,0.0,0.0,0.48013150822510825,1900.2147099799076,0.00037532792303421434,2.2327410296511676e-05,3.260030412511898e-05,3.472977283638198e-06,1.2114781616384292e-09,0.00017950323363342073,0.0003132563558026796,1.7268339467835503e-05,3.9032787668962106e-05,4.618142646123282e-07
777,6045,1.9222618950088688,0.0792605149823551,0.0994226424572899,0.000983080253080253,0.0,0.0,0.000983080253080253,0.0,0.0,0.0,1.0,0.0,0.4801639731601732,1900.2164556984935,0.0003445456721161046,1.2431725470947994e-05,1.8438981397922728e-05,0.00016754826260667347,2.090569437397772e-07,0.0003663003479731638,6.147553509918609e-05,1.2121573817925504e-05,9.097654589038367e-09,4.152021512613085e-06
778,6521,3.0513086386663315,0.0749322747111596,0.1588219458335475,0.0009833499833499834,0.0,0.0,0.0,0.0009833499833499834,0.0,0.0,0.0,1.0,0.48019419913419914,1900.2180810194495,0.0003324522059934115,1.3184553829067967e-05,1.9250797959706548e-05,0.00027615985729968155,4.356741028719043e-06,0.0003226190806237203,4.387789301876744e-06,1.093891674740077e-05,4.0566398872877996e-11,1.5326787182075243e-05
779,5934,1.8817156025854556,0.2289465515469846,0.0882033883921299,0.000984139194139194,0.0,0.0,0.000984139194139194,0.0,0.0,0.0,1.0,0.0,0.4802826380952381,1900.2228365702042,0.00034491680515203024,1.244511650844816e-05,1.8458843249919176e-05,0.00016772884437773905,2.0929129256810324e-07,0.0003666949145633827,6.154165007755212e-05,1.2134621610768987e-05,9.107306785506673e-09,4.156380071087835e-06
780,6884,1.4885187359304588,0.0933379235554017,0.0548620463445826,0.000985138195138195,0.0,0.0,0.000985138195138195,0.0,0.0,0.0,1.0,0.0,0.4803945861471861,1900.228856216294,0.0003452669306576204,1.2457749562693599e-05,1.847758084614224e-05,0.00016789920518902338,2.0951239675624918e-07,0.0003670671471960221,6.160402204875051e-05,1.2146930828912735e-05,9.116412273842654e-09,4.160491247701169e-06
781,6998,1.370341938952327,0.387126724343496,0.0839224043559298,0.000985944055944056,0.0,0.0,0.000985944055944056,0.0,0.0,0.0,1.0,0.0,0.4804848909090909,1900.233712032868,0.00034554936523212987,1.2467940226451588e-05,1.8492695840428844e-05,0.00016803662917188466,2.0969076460739013e-07,0.0003673674148531364,6.165433584375861e-05,1.2156860254409323e-05,9.123757249273473e-09,4.163807991034493e-06
782,6680,1.2927814625103904,0.4620504355549885,0.019414841740358,0.0009867898767898769,0.0,0.0,0.0009867898767898769,0.0,0.0,0.0,1.0,0.0,0.48057967359307363,1900.2388086036976,0.00034584580482686293,1.2478636212379394e-05,1.8508560338564376e-05,0.00016818086815065047,2.0987799164911201e-07,0.0003676825718158304,6.170714395416151e-05,1.2167282033608607e-05,9.131466170069023e-09,4.1672886024073964e-06
783,6119,3.100483814987082,0.1356935297349453,0.1557726864408555,0.0009884415584415585,0.0,0.0,0.0,0.0009884415584415585,0.0,0.0,0.0,1.0,0.48076476103896104,1900.2487608737924,0.0003341735721395813,1.3252820618111805e-05,1.9350474458454912e-05,0.0002775910903640527,4.380899336539137e-06,0.00032428953297794207,4.40917171889326e-06,1.0993956071614833e-05,4.075636838652211e-11,1.5403209303244863e-05
784,5316,3.468133430460043,0.1052358344845576,0.1674088665784762,0.000988971028971029,0.0,0.0,0.0,0.000988971028971029,0.0,0.0,0.0,1.0,0.4808240935064935,1900.2519511936096,0.00033435257620579515,1.3259919649804395e-05,1.9360839771274394e-05,0.0002777399245970665,4.383412659596659e-06,0.0003244632425425884,4.411394295258616e-06,1.0999678473536667e-05,4.0776108238636116e-11,1.5411154321011704e-05
785,6473,1.8680671616562097,0.1529312519838368,0.0281720683979521,0.0009906193806193807,0.0,0.0,0.0009906193806193807,0.0,0.0,0.0,1.0,0.0,0.4810088077922078,1900.261883244161,0.000347187952598292,1.2527062920320247e-05,1.858038779075279e-05,0.00016883392004967557,2.1072583127225828e-07,0.0003691094635785342,6.194623438798673e-05,1.2214467096257721e-05,9.166366289213492e-09,4.1830457082489775e-06
786,6318,3.1941521655640805,0.4126917624678935,0.4395437153205204,0.0009907159507159507,0.0,0.0,0.0,0.0009907159507159507,0.0,0.0,0.0,1.0,0.4810196294372294,1900.2624651182468,0.0003349425015560848,1.3283315200791294e-05,1.9394999670126024e-05,0.00027823042257530306,4.391696292465694e-06,0.0003250357193468336,4.418718757994648e-06,1.101853647519078e-05,4.08411606942459e-11,1.543733691550676e-05
787,5494,1.6938591771982938,0.0845752694313033,0.0952100173919056,0.0009916250416250416,0.0,0.0,0.0009916250416250416,0.0,0.0,0.0,1.0,0.0,0.48112150216450217,1900.2679427408495,0.00034754041227391945,1.2539780194927321e-05,1.8599250304284006e-05,0.00016900541724567867,2.109485229423025e-07,0.0003694841777637973,6.200902152634952e-05,1.2226858262401784e-05,9.175530741288313e-09,4.187183529796509e-06
788,6799,1.4693561783604132,0.0889478078954556,0.041794057230879,0.000991918081918082,0.0,0.0,0.000991918081918082,0.0,0.0,0.0,1.0,0.0,0.48115434025974024,1900.2697084138215,0.00034764311575555924,1.2543485890839318e-05,1.860474666584277e-05,0.00016905539011889532,2.110134172800483e-07,0.00036959336600328804,6.202731693599446e-05,1.2230468929281395e-05,9.178201101369375e-09,4.188389068087773e-06
789,5538,1.9584430097774972,0.0776698318708841,0.1749815659945311,0.000992187812187812,0.0,0.0,0.000992187812187812,0.0,0.0,0.0,1.0,0.0,0.4811845662337662,1900.2713336322706,0.00034773764964206853,1.2546896815485584e-05,1.8609805816822995e-05,0.0001691013880114322,2.1107315146837295e-07,0.0003696938688146778,6.204415689472787e-05,1.223379238212268e-05,9.180659006017416e-09,4.189498575071348e-06
790,6891,1.6447461438862103,0.0481695800114584,0.0901882589626853,0.0009923143523143524,0.0,0.0,0.0009923143523143524,0.0,0.0,0.0,1.0,0.0,0.4811987463203463,1900.272096079354,0.00034778199887277667,1.2548497002356675e-05,1.861217924567792e-05,0.00016912296728152355,2.1110117539398557e-07,0.00036974101828175934,6.205205711041771e-05,1.223535153235911e-05,9.18181208739129e-09,4.190019072157426e-06
791,6465,1.9975328362774551,0.0476947137515585,0.007024842109845,0.0009943589743589745,0.0,0.0,0.0009943589743589745,0.0,0.0,0.0,1.0,0.0,0.4814278666666667,1900.2844155236241,0.000348498589074218,1.2574352653379008e-05,1.8650528859281125e-05,0.00016947164185089977,2.115540160648611e-07,0.0003705028544081374,6.217970896918939e-05,1.2260544084727512e-05,9.20044307742545e-09,4.198430180760767e-06
792,5093,1.907653176140324,0.0803173177190635,0.1021353760750474,0.0009954978354978355,0.0,0.0,0.0009954978354978355,0.0,0.0,0.0,1.0,0.0,0.48155548744588744,1900.2912774162621,0.0003488977321505908,1.2588754335218808e-05,1.867188971897542e-05,0.00016966585534277303,2.1180628336378718e-07,0.0003709271996126335,6.22508108493464e-05,1.2274576384886947e-05,9.21082004689145e-09,4.2031145399916816e-06
793,1975,1.1299522207938353,0.0707645574337282,0.1603130003514961,0.000995847485847486,0.000995847485847486,0.0,0.0,0.0,1.0,0.0,0.0,0.0,0.48159466926406924,1900.2933841264964,0.0003803143724406398,2.2624042907589505e-05,3.303341809606958e-05,3.518817090162682e-06,1.2281061150965119e-09,0.00018188827001349608,0.00031741844910754757,1.749775885244339e-05,3.955112923342225e-05,4.677865446453674e-07
794,193,1.258971932544698,0.1027486800073323,0.0210187394120421,0.0009972094572094573,0.0005377688977688978,0.00045944055944055945,0.0,0.0,0.5392737642839492,0.4607262357160507,0.0,0.0,0.4817472917748918,1900.301590214336,0.00034570678468814973,1.6900177533774378e-05,2.448760930272024e-05,4.795505932035947e-06,1.7133108821204392e-09,0.00026366558954005035,0.0002946058674476212,1.6623812154163267e-05,3.0422397300060094e-05,5.489769888232391e-07
795,6946,1.4439434372985471,0.258304224396757,0.0203438594758663,0.0009981851481851481,0.0,0.0,0.0009981851481851481,0.0,0.0,0.0,1.0,0.0,0.4818566277056277,1900.3074688541428,0.00034983956976062834,1.262273725113904e-05,1.8722293852815458e-05,0.00017012413146847569,2.1240163480308165e-07,0.00037192850540355044,6.241858590852218e-05,1.2307687600520446e-05,9.235304693460799e-09,4.214167462326447e-06
796,6189,1.9735475895632324,0.1668417203964273,0.1277744626983231,0.0009987845487845488,0.0,0.0,0.0009987845487845488,0.0,0.0,0.0,1.0,0.0,0.4819237965367965,1900.3110802849205,0.0003500496450639825,1.2630317083686304e-05,1.87335364105493e-05,0.00017022634984493356,2.1253444663425985e-07,0.0003721518449855204,6.245600720155393e-05,1.2315072982088407e-05,9.240765600144248e-09,4.21663212451628e-06
797,6056,1.7610040645538232,0.1455911146391485,0.0269581458571947,0.0009997835497835498,0.0,0.0,0.0009997835497835498,0.0,0.0,0.0,1.0,0.0,0.4820357445887446,1900.317099301886,0.0003503997705695727,1.2642950137931744e-05,1.8752274006772363e-05,0.00017039671304145977,2.1275580972995012e-07,0.0003725240776222141,6.251837678751041e-05,1.2327381941324609e-05,9.249867034160416e-09,4.220740648871644e-06
798,5376,1.366708300422553,0.0571962871780205,0.0258621529192039,0.0010009357309357309,0.0,0.0,0.0010009357309357309,0.0,0.0,0.0,1.0,0.0,0.482164858008658,1900.3240411814986,0.00035080358198602004,1.2657520260494817e-05,1.8773884701082963e-05,0.00017059319906521613,2.1301113833296632e-07,0.0003729533859302491,6.259030923955072e-05,1.2341578251144378e-05,9.260363639752509e-09,4.225478652602316e-06
799,5408,2.0130473743969377,0.0862288550498204,0.0389876988082632,0.0010020646020646022,0.0,0.0,0.0010020646020646022,0.0,0.0,0.0,1.0,0.0,0.48229135930735934,1900.3308425630992,0.000351199223807337,1.2671795611792165e-05,1.8795058184815028e-05,0.0001707857103122215,2.132613248727144e-07,0.00037337400881047367,6.266078603675085e-05,1.2355487328839673e-05,9.270647499562239e-09,4.230120402430354e-06
800,5661,2.6369804524943072,0.166238948070343,0.0570391023402287,0.0010036163836163838,0.0,0.0,0.0010036163836163838,0.0,0.0,0.0,1.0,0.0,0.48246525194805195,1900.3401918654833,0.00035174308542602043,1.2691418956053415e-05,1.8824163917614858e-05,0.0001710503424726224,2.1360527521339519e-07,0.00037395221017440093,6.275766546513976e-05,1.2374607145854538e-05,9.284783464096578e-09,4.236500878940772e-06
801,5616,2.1655417039799816,0.4554920637169528,0.2172270803828669,0.0010036729936729939,0.0,0.0,0.0010036729936729939,0.0,0.0,0.0,1.0,0.0,0.4824715956709957,1900.340532932497,0.00035176292587133726,1.2692134829127324e-05,1.8825225714734162e-05,0.00017105999632505134,2.1361782302473693e-07,0.0003739733033572008,6.276119980371816e-05,1.2375304649642001e-05,9.285299158137868e-09,4.236733753351391e-06
802,6219,1.429748027531322,0.5399848360599073,0.2556598843524656,0.001005960705960706,0.0,0.0,0.001005960705960706,0.0,0.0,0.0,1.0,0.0,0.4827279567099567,1900.3543159370952,0.00035256471327913875,1.2721064523349378e-05,1.886813481008498e-05,0.00017145013102708024,2.1412497281149308e-07,0.00037482571609887704,6.290402317357462e-05,1.2403491937995285e-05,9.306137794293061e-09,4.246139056547811e-06
803,6633,1.5580902551678328,0.2980359603963285,0.1535939608952112,0.0010065567765567766,0.0,0.0,0.0,0.0010065567765567766,0.0,0.0,0.0,1.0,0.4827947523809524,1900.3579071051224,0.0003402979879899171,1.3495705727594126e-05,1.970511157630389e-05,0.0002826833581644208,4.466989898360287e-06,0.00033023280361852407,4.485136893508175e-06,1.1189641257514954e-05,4.143063312127965e-11,1.567486101228938e-05
804,5161,2.857367156569051,0.1026909958842491,0.2437584206547904,0.001007009657009657,0.0,0.0,0.0,0.001007009657009657,0.0,0.0,0.0,1.0,0.48284550216450217,1900.3606355801144,0.0003404510983861755,1.3501777855331186e-05,1.9713977504250116e-05,0.0002828106672294221,4.469145038172499e-06,0.0003303813853845774,4.487033652881439e-06,1.1194530511395777e-05,4.144745094011859e-11,1.568164705917916e-05
805,5196,3.5407981427134554,0.1106512125355288,0.2300179042057756,0.0010071861471861471,0.0,0.0,0.0,0.0010071861471861471,0.0,0.0,0.0,1.0,0.48286527965367965,1900.3616988804806,0.00034051076640824674,1.3504144199228714e-05,1.9717432608523275e-05,0.0002828602803655717,4.46998495649304e-06,0.00033043928857281205,4.487772786524835e-06,1.1196435834735017e-05,4.1454011664304735e-11,1.568429152928321e-05
806,5775,3.0726889622610796,0.1232441418113761,0.0121221125344224,0.0010072027972027973,0.0,0.0,0.0,0.0010072027972027973,0.0,0.0,0.0,1.0,0.48286714545454545,1900.3617991917667,0.00034051639546693276,1.3504367439219049e-05,1.9717758561756592e-05,0.0002828649605019548,4.4700639427478e-06,0.00033044475113774006,4.487842864273181e-06,1.1196615833542502e-05,4.145463047269468e-11,1.5684541607076537e-05
807,5689,1.8044107788259176,0.0876893980516743,0.1948445929103487,0.0010076390276390276,0.0,0.0,0.0010076390276390276,0.0,0.0,0.0,1.0,0.0,0.48291602943722944,1900.364427343217,0.00035315292412853023,1.2742288054481715e-05,1.8899613971739724e-05,0.00017173634405967222,2.1449708983612422e-07,0.0003754510669321443,6.300880121555352e-05,1.2424170762488234e-05,9.321424581537098e-09,4.253038280769032e-06
808,6672,2.700351325679965,0.1370699771936787,0.0855739456730801,0.001008108558108558,0.0,0.0,0.001008108558108558,0.0,0.0,0.0,1.0,0.0,0.482968645021645,1900.3672561077722,0.0003533174831161576,1.2748225589977072e-05,1.8908420641964565e-05,0.0001718164157939502,2.1460120361458903e-07,0.00037562601627256484,6.303811388904236e-05,1.2429955900205759e-05,9.325701081047515e-09,4.254968179832831e-06
809,6569,1.6728848521746364,0.0591152282520136,0.0712266668203383,0.0010112853812853813,0.0,0.0,0.0010112853812853813,0.0,0.0,0.0,1.0,0.0,0.4833246398268398,1900.3863951593428,0.00035443088222393446,1.278839870247757e-05,1.896800619795391e-05,0.00017235817828407666,2.153057337545429e-07,0.00037680971606674895,6.323644164721092e-05,1.2469097795081229e-05,9.354634143102659e-09,4.268025147617692e-06
810,6155,2.0204597715949744,0.064616503724814,0.0790483794966165,0.0010114185814185815,0.0,0.0,0.0010114185814185815,0.0,0.0,0.0,1.0,0.0,0.4833395662337662,1900.3871976258206,0.0003544775656246798,1.2790083109710296e-05,1.8970504544116986e-05,0.00017238089369902768,2.15335277572465e-07,0.0003768593470854308,6.324475726992429e-05,1.2470738960907562e-05,9.355847211593802e-09,4.268572599133453e-06
811,5453,1.5604698297721027,0.121580735389156,0.0760276617396993,0.001011778221778222,0.0,0.0,0.001011778221778222,0.0,0.0,0.0,1.0,0.0,0.48337986753246753,1900.3893642815015,0.00035460361080669233,1.2794631009238655e-05,1.897725007875729e-05,0.00017244222544952892,2.1541504797987592e-07,0.0003769933508359111,6.326720932111683e-05,1.2475170106539633e-05,9.359122457336822e-09,4.270050585915676e-06
812,6126,3.025577942646624,0.1685199173201302,0.2436155110813649,0.0010125174825174827,0.0,0.0,0.0,0.0010125174825174827,0.0,0.0,0.0,1.0,0.4834627090909091,1900.3938179451577,0.0003423131909994945,1.3575625644133348e-05,1.9821802833831406e-05,0.0002843589770377737,4.4953648879930025e-06,0.0003321884018629496,4.5100946792030585e-06,1.1253982920165526e-05,4.165193846295337e-11,1.5764160903245623e-05
813,5578,2.874353636936514,0.1232171795389885,0.1594054155652671,0.001013023643023643,0.0,0.0,0.0,0.001013023643023643,0.0,0.0,0.0,1.0,0.4835194294372294,1900.3968672869019,0.000342484314383548,1.358241213983947e-05,1.983171181212424e-05,0.0002845012646827815,4.497775167216137e-06,0.00033235446383678103,4.512213543790317e-06,1.1259445786834606e-05,4.167072774081265e-11,1.5771742672080445e-05
814,2923,1.3400258029357677,0.1388417703903951,0.1264038476846508,0.0010135764235764237,0.0,0.0010135764235764237,0.0,0.0,0.0,1.0,0.0,0.0,0.483581374025974,1900.4001974764853,0.0003095894315846435,1.0331077916906874e-05,1.4668845097715097e-05,6.922199258210916e-06,2.5591881812413126e-09,0.0003647187684609509,0.0002712497926065035,1.5828209979302604e-05,2.026553948400911e-05,6.559517271201949e-07
815,6827,3.1192644714413515,0.0273493475291342,0.0901373620338363,0.0010144921744921745,0.0,0.0,0.0,0.0010144921744921745,0.0,0.0,0.0,1.0,0.48368399307359305,1900.405714327908,0.0003429807973596506,1.3602101906986841e-05,1.986046088730281e-05,0.000284914087835836,4.50476982492198e-06,0.00033283626206352543,4.518359277126888e-06,1.1275293611618665e-05,4.172520526790277e-11,1.5793736339156047e-05
816,6055,3.2541154010870064,0.1133034673406565,0.085684850736232,0.0010164835164835164,0.0,0.0,0.0,0.0010164835164835164,0.0,0.0,0.0,1.0,0.48390714285714287,1900.4177108476397,0.0003436540327784926,1.362880140983067e-05,1.989944489400753e-05,0.00028547388160909753,4.514256925422287e-06,0.00033348958482907516,4.526691113982914e-06,1.1296781124562718e-05,4.1799044911070005e-11,1.5823555836635495e-05
817,2999,1.0655037668452925,0.0713097975103201,0.0516735385059293,0.0010165101565101566,0.0010165101565101566,0.0,0.0,0.0,1.0,0.0,0.0,0.0,0.48391012813852813,1900.4178713350418,0.00038820545088156556,2.309346533853517e-05,3.3718822888150285e-05,3.591344178105628e-06,1.2544493175013225e-09,0.0001856626355805866,0.00032400499494900775,1.7860816023126e-05,4.037137222176213e-05,4.771825838269391e-07
818,5635,3.1227329184271126,0.452056668466516,0.3214091685654563,0.001019034299034299,0.0,0.0,0.0,0.001019034299034299,0.0,0.0,0.0,1.0,0.4841929835497836,1900.433077378018,0.00034451640456918334,1.366300177634969e-05,1.9949380929351706e-05,0.00028619094542925693,4.526413487071189e-06,0.0003343264497762919,4.537360098756844e-06,1.132430107444957e-05,4.189358788261183e-11,1.5861744960382054e-05
819,5277,1.917193503119492,0.1356246758418753,0.1399493657739044,0.0010237495837495838,0.0,0.0,0.0010237495837495838,0.0,0.0,0.0,1.0,0.0,0.48472137835497836,1900.4614826558495,0.00035879928144868145,1.2946017109279838e-05,1.9201788940163678e-05,0.00017448379043930875,2.180716793569775e-07,0.0003814539386618053,6.40145588414212e-05,1.2622668504439734e-05,9.46812512685755e-09,4.31923429538867e-06
820,6950,1.88516385680751,0.0780577577245104,0.0902979622406792,0.0010241591741591742,0.0,0.0,0.0010241591741591742,0.0,0.0,0.0,1.0,0.0,0.4847672770562771,1900.4639500183323,0.0003589428329059734,1.2951196661520468e-05,1.9209471354615135e-05,0.00017455364148795044,2.181626194558277e-07,0.00038160655404572487,6.404012823359745e-05,1.262771499649696e-05,9.471853839671321e-09,4.320916465328471e-06
821,6103,3.3099275524821143,0.0830139396349534,0.1434308259194487,0.0010243789543789544,0.0,0.0,0.0,0.0010243789543789544,0.0,0.0,0.0,1.0,0.48479190562770563,1900.4652739659589,0.0003463233324073798,1.3734661813246588e-05,2.0054011917246488e-05,0.00028769341930948774,4.5518981309630665e-06,0.0003360799331188502,4.559704954711259e-06,1.1381950635537957e-05,4.20915312695537e-11,1.594173977331173e-05
822,6244,3.2320047271940298,0.0088138738503594,0.2862900231014901,0.0010274991674991676,0.0,0.0,0.0,0.0010274991674991676,0.0,0.0,0.0,1.0,0.48514155670995673,1900.484069786262,0.0003473782180051307,1.3776496987434996e-05,2.0115095553170112e-05,0.0002885705720476013,4.566785214453803e-06,0.0003371036177868556,4.5727423448255265e-06,1.1415597352711712e-05,4.2206983893143535e-11,1.5988424111504904e-05
823,6179,1.4047037114538452,0.2117951732148403,0.0266035234492955,0.0010283316683316684,0.0,0.0,0.0010283316683316684,0.0,0.0,0.0,1.0,0.0,0.48523484675324674,1900.4890846088795,0.0003604051904343218,1.3003960718085586e-05,1.9287732048173463e-05,0.00017526521499281925,2.1908919440013866e-07,0.00038316124572358116,6.430060198356466e-05,1.2679123401158863e-05,9.50983556344872e-09,4.338051102395642e-06
824,5361,1.9001795682625728,0.1322979916327907,0.1154618717748787,0.0010292474192474194,0.0,0.0,0.0010292474192474194,0.0,0.0,0.0,1.0,0.0,0.4853374658008658,1900.4946008793427,0.00036072613881444617,1.3015541017810573e-05,1.930490817804461e-05,0.00017542138666912916,2.1929259383628252e-07,0.0003835024589815262,6.435776869119725e-05,1.2690406130526957e-05,9.518170902161373e-09,4.34181133834356e-06
825,5740,1.8713314140030035,0.132537896577423,0.0345282742430597,0.0010292940392940394,0.0,0.0,0.0010292940392940394,0.0,0.0,0.0,1.0,0.0,0.48534269004329006,1900.4948817066927,0.00036074247800470705,1.3016130560342026e-05,1.9305782599201686e-05,0.00017542933700300434,2.1930294807117428e-07,0.0003835198298382652,6.436067922050459e-05,1.2690980524667552e-05,9.518595275805238e-09,4.342002993432603e-06
826,6152,1.7451572213067128,0.2173295849470713,0.0668349018408044,0.0010305228105228106,0.0,0.0,0.0010305228105228106,0.0,0.0,0.0,1.0,0.0,0.48548038614718614,1900.5022834795855,0.00036117313237658295,1.3031669217063917e-05,1.9328829842556053e-05,0.00017563889161610488,2.1957589931108758e-07,0.0003839776759920957,6.443738592985774e-05,1.270611986989587e-05,9.52977934239041e-09,4.347047900989521e-06
827,5814,1.5147989377320135,0.1706938166829551,0.0454706573315299,0.0010322743922743923,0.0,0.0,0.0010322743922743923,0.0,0.0,0.0,1.0,0.0,0.4856766683982684,1900.5128344040625,0.00036178701909638444,1.3053819172174255e-05,1.9361683094600493e-05,0.00017593760658485657,2.1996502980784777e-07,0.000384630323897715,6.454672910639238e-05,1.2727700571221032e-05,9.545721240311524e-09,4.354238977081538e-06
828,5800,2.648023803572079,0.3542854131283112,0.0891867703724863,0.0010326007326007325,0.0,0.0,0.0010326007326007325,0.0,0.0,0.0,1.0,0.0,0.4857132380952381,1900.5148001510797,0.0003619013934282105,1.305794596989443e-05,1.9367804042700024e-05,0.00017599326084442483,2.200375358051928e-07,0.00038475191989544624,6.456710088910175e-05,1.2731721303852102e-05,9.548691297454458e-09,4.3555786127924935e-06
829,5210,1.8869490032448484,0.0644133542866976,0.1498112237082768,0.0010337995337995338,0.0,0.0,0.0010337995337995338,0.0,0.0,0.0,1.0,0.0,0.48584757575757576,1900.5220212232684,0.0003623215440349188,1.3073105634988958e-05,1.9390289158167702e-05,0.00017619770482498045,2.2030389880271673e-07,0.0003851985990709811,6.464193624752541e-05,1.2746491327652853e-05,9.559601515875434e-09,4.3604999470072065e-06
830,6077,1.9206574139208268,0.2041452553106697,0.140547377377514,0.001034042624042624,0.0,0.0,0.001034042624042624,0.0,0.0,0.0,1.0,0.0,0.48587481645021646,1900.523485488705,0.00036240674124127904,1.307617967818868e-05,1.9394848639915313e-05,0.00017623916167098413,2.2035791496280342e-07,0.0003852891756816413,6.465711104525917e-05,1.2749486356593528e-05,9.56181380005073e-09,4.361497730481648e-06
831,5631,2.6236975101274966,0.153281247298776,0.1787274654618249,0.0010341625041625042,0.0,0.0,0.0010341625041625042,0.0,0.0,0.0,1.0,0.0,0.4858882502164502,1900.524207591273,0.0003624487563019499,1.3077695644698135e-05,1.9397097151462084e-05,0.00017625960574606172,2.2038455162105722e-07,0.00038533384359917117,6.466459490407953e-05,1.2750963358615102e-05,9.562904845544697e-09,4.361990186570034e-06
832,5985,2.840811166882787,0.6874777998761145,0.2518210336551149,0.0010353712953712956,0.0,0.0,0.0,0.0010353712953712956,0.0,0.0,0.0,1.0,0.4860237073593074,1900.5314887576383,0.0003500396369518575,1.3882044854864447e-05,2.0269206241882427e-05,0.00029078360226809897,4.6043721834716795e-06,0.00033968631848639303,4.6056133656623794e-06,1.1500458521122714e-05,4.2497942339715655e-11,1.6106156882669722e-05
833,5372,1.660794609345092,0.479086527497821,0.0267459152564397,0.001036856476856477,0.0,0.0,0.001036856476856477,0.0,0.0,0.0,1.0,0.0,0.4861901367965368,1900.5404346776875,0.0003633929280820248,1.3111762780980003e-05,1.944762620261028e-05,0.00017671903839254857,2.2098324142556543e-07,0.00038633763097044847,6.483276499435431e-05,1.2784154771365601e-05,9.587420719305018e-09,4.373047811416942e-06
834,6529,1.0971770103597123,0.326868008474533,0.0470167571457439,0.00103984348984349,0.0,0.0,0.00103984348984349,0.0,0.0,0.0,1.0,0.0,0.48652486147186147,1900.5584265212094,0.0003644398033437395,1.3149535613173868e-05,1.9503651615317242e-05,0.00017722844818541346,2.216472067522066e-07,0.00038745060658724605,6.501922622111268e-05,1.2820956469811328e-05,9.614600923627068e-09,4.385306308150373e-06
835,5820,3.1358380854864554,0.1629839758125658,0.0418259130836529,0.0010417382617382619,0.0,0.0,0.0,0.0010417382617382619,0.0,0.0,0.0,1.0,0.48673718961038964,1900.5698392086197,0.0003521921889933726,1.3967411827167791e-05,2.0393850758302876e-05,0.00029257352159027907,4.634802087613716e-06,0.0003417752033164795,4.632175927336574e-06,1.1569064504782713e-05,4.273292700598952e-11,1.6201325897973297e-05
836,4589,1.2775644528717962,0.0880305015130559,0.0430104090965923,0.001044855144855145,0.0010448584748584749,0.0,0.0,0.0,1.0,0.0,0.0,0.0,0.48708646753246754,1900.5886126433381,0.00039903167985297583,2.3737493244198408e-05,3.465916954326439e-05,3.6908143555239686e-06,1.2906478663206288e-09,0.0001908409076849404,0.0003330414938043063,1.835891519181378e-05,4.149671053358544e-05,4.901060501071898e-07
837,5278,3.178642324737337,0.0557926818674313,0.2345825384451334,0.0010452447552447553,0.0,0.0,0.0,0.0010452447552447553,0.0,0.0,0.0,1.0,0.48713012727272725,1900.5909592933112,0.0003533776687526379,1.4014426169131924e-05,2.046249650923945e-05,0.000293559297389891,4.651572566197167e-06,0.00034292561949135085,4.646795223801274e-06,1.1606836280307807e-05,4.286219784047779e-11,1.6253717228504705e-05
838,5236,1.9000712723160391,0.2157092326308032,0.0739460752803243,0.0010477389277389277,0.0,0.0,0.0010477389277389277,0.0,0.0,0.0,1.0,0.0,0.48740962424242423,1900.605981709894,0.00036720696192292057,1.3249378851893656e-05,1.9651741084133525e-05,0.00017857495593178428,2.2340300147458132e-07,0.00039039248529202297,6.55120832322967e-05,1.2918231989252023e-05,9.68643314934155e-09,4.417700241874409e-06
839,6186,3.251529018112683,0.0451367172608711,0.2701916642630775,0.001047965367965368,0.0,0.0,0.0,0.001047965367965368,0.0,0.0,0.0,1.0,0.48743499913419913,1900.6073455475562,0.00035429745694192543,1.4050903583552337e-05,2.0515757267563458e-05,0.00029432414379141844,4.664589830500683e-06,0.00034381820260144985,4.658133811347523e-06,1.1636137175174931e-05,4.296243515024972e-11,1.6294356911392724e-05
840,6053,1.6890738261204783,0.0320687114490364,0.1131821611112287,0.0010482017982017982,0.0,0.0,0.0010482017982017982,0.0,0.0,0.0,1.0,0.0,0.4874614935064935,1900.6087695521744,0.00036736918674051074,1.3255232167027376e-05,1.9660422837050213e-05,0.00017865389574236627,2.2350597122009835e-07,0.00039056495308678716,6.554097627759837e-05,1.2923934735520287e-05,9.690643717704707e-09,4.419598577597508e-06
841,5725,2.96501317663234,0.1361768755903843,0.2397672282997863,0.0010497335997335998,0.0,0.0,0.0,0.0010497335997335998,0.0,0.0,0.0,1.0,0.4876331471861472,1900.6179954393672,0.0003548952629743755,1.4074611670525705e-05,2.0550373500941734e-05,0.00029482124883195733,4.673052585153579e-06,0.0003443983269973838,4.665501511565292e-06,1.165517863413233e-05,4.3027564421583425e-11,1.6320766200826533e-05
842,6297,2.7333952970669215,0.1767644373885319,0.2082975500776773,0.0010526806526806526,0.0,0.0,0.0,0.0010526806526806526,0.0,0.0,0.0,1.0,0.4879633939393939,1900.6357449603488,0.00035589160636179226,1.4114125148814649e-05,2.0608067223238853e-05,0.00029564976139332126,4.6871621313451445e-06,0.000345365200990678,4.677776851462359e-06,1.168690944395792e-05,4.313604210154712e-11,1.6364772567504485e-05
843,5576,1.8552739600543189,0.2074017730640348,0.1425837310368237,0.001052750582750583,0.0,0.0,0.001052750582750583,0.0,0.0,0.0,1.0,0.0,0.4879712303030303,1900.636166130888,0.0003689634248759648,1.3312754674024946e-05,1.9745741358519236e-05,0.00017942966303679235,2.2451807928595824e-07,0.0003922598524251069,6.582491891941015e-05,1.2979977361805653e-05,9.732019672884125e-09,4.438254885666014e-06
844,6707,1.8040299147532275,0.1351972216495733,0.0993241880987955,0.0010535231435231437,0.0,0.0,0.0010535231435231437,0.0,0.0,0.0,1.0,0.0,0.4880578034632035,1900.6408190485674,0.00036923418860028786,1.3322524235974754e-05,1.9760231766265072e-05,0.0001795614187911268,2.246900107647704e-07,0.0003925477123425677,6.587314318352904e-05,1.2989495546263507e-05,9.739046364124707e-09,4.441423161293217e-06
845,6843,1.940583456652978,0.0440686184656041,0.1119872710365456,0.0010538295038295038,0.0,0.0,0.0010538295038295038,0.0,0.0,0.0,1.0,0.0,0.4880921341991342,1900.6426641639907,0.0003693415604220021,1.3326398372610018e-05,1.976597796244014e-05,0.0001796136667250617,2.247581931265727e-07,0.0003926618636891821,6.589226663622209e-05,1.2993269996083482e-05,9.741832775525799e-09,4.442679581359295e-06
846,6758,2.7007426278174753,0.1222882490449307,0.1849254341816798,0.0010552780552780553,0.0,0.0,0.0,0.0010552780552780553,0.0,0.0,0.0,1.0,0.4882544588744589,1900.6513882964036,0.00035676973951680364,1.41489505873066e-05,2.0658915927636322e-05,0.00029637997990451055,4.699602610411105e-06,0.0003462173611204148,4.688591744774308e-06,1.1714870634601993e-05,4.3231595928984456e-11,1.6403548842568194e-05
847,6118,1.934369548016048,0.0180724449297028,0.0819477731088675,0.001058041958041958,0.0,0.0,0.001058041958041958,0.0,0.0,0.0,1.0,0.0,0.48856418181818184,1900.668034091896,0.00037081792297057417,1.3379667751344956e-05,1.9844988159847397e-05,0.00018033207933087575,2.2569587853620663e-07,0.000394231444708077,6.615521059654344e-05,1.3045168503173338e-05,9.780142985835877e-09,4.459951659233031e-06
848,5465,2.622442587652963,0.2980971044602432,0.0697176723166402,0.0010594239094239095,0.0,0.0,0.0,0.0010594239094239095,0.0,0.0,0.0,1.0,0.4887190432900433,1900.6763568664908,0.00035817137512961033,1.4204537344899523e-05,2.0740078282732274e-05,0.00029754552847535763,4.719468861559255e-06,0.0003475775397891475,4.705846492650365e-06,1.1759491663952556e-05,4.338400000575629e-11,1.6465424924603004e-05
849,6263,3.4740608631311622,0.0817445511568206,0.3289657440278892,0.0010598734598734599,0.0,0.0,0.0,0.0010598734598734599,0.0,0.0,0.0,1.0,0.48876941991341993,1900.679064257396,0.0003583233597141315,1.4210564824638511e-05,2.074887902003183e-05,0.00029767191356501433,4.721623542682439e-06,0.0003477250290423887,4.707717184541959e-06,1.1764329579509954e-05,4.3400520644779755e-11,1.6472133565093245e-05
850,5412,1.8292579364858448,0.2031527550611753,0.1674430947381196,0.001060799200799201,0.0,0.0,0.001060799200799201,0.0,0.0,0.0,1.0,0.0,0.48887315844155843,1900.6846394498205,0.00037178426936600314,1.341453498106237e-05,1.9896703925423055e-05,0.0001808023150775523,2.2630980900856532e-07,0.00039525880683227607,6.632731732951914e-05,1.3079138262337009e-05,9.805216019329044e-09,4.471254800012393e-06
851,5929,3.2207652422334156,0.096024465164917,0.2317434268830906,0.0010608524808524808,0.0,0.0,0.0,0.0010608524808524808,0.0,0.0,0.0,1.0,0.488879129004329,1900.6849603230835,0.0003586543483648665,1.4223691336070093e-05,2.0768045070150877e-05,0.00029794715321646167,4.726316889756221e-06,0.00034804622786056545,4.711790124021999e-06,1.1774864554096106e-05,4.34364918165675e-11,1.6486741551101792e-05
852,6127,3.0361867476178483,0.3155754564763971,0.2981428967418404,0.0010621911421911422,0.0,0.0,0.0,0.0010621911421911422,0.0,0.0,0.0,1.0,0.4890291393939394,1900.693022223763,0.00035910692468321855,1.4241639831292869e-05,2.079425171010957e-05,0.0002983235011763167,4.73273465758515e-06,0.00034848541808134737,4.7173593803329496e-06,1.1789269185271582e-05,4.3485667323983623e-11,1.6506715536939278e-05
853,3174,1.38426087230541,0.0658006335139623,0.1046927801567819,0.0010655744255744256,0.0,0.0010655744255744256,0.0,0.0,0.0,1.0,0.0,0.0,0.48940827012987015,1900.713397231348,0.0003254718372006861,1.0861077823839725e-05,1.5421379015195134e-05,7.275062278494257e-06,2.695198956400515e-09,0.000383431032877974,0.00028516757307428764,1.6640216346401792e-05,2.1303551758590663e-05,6.885735395366008e-07
854,5340,2.9512339066424302,0.1456642931744365,0.1761584392326948,0.0010670462870462872,0.0,0.0,0.0,0.0010670462870462872,0.0,0.0,0.0,1.0,0.48957320692640693,1900.7222610082133,0.00036074835819604757,1.4306736612473978e-05,2.088929967294483e-05,0.000299688475103382,4.756022816054331e-06,0.0003500783020165562,4.737547893989339e-06,1.1841501070952702e-05,4.366388620027223e-11,1.6579136292714384e-05
855,5009,2.6497031123877126,0.2871904504803057,0.2198358530164207,0.0010673726273726274,0.0,0.0,0.0,0.0010673726273726274,0.0,0.0,0.0,1.0,0.4896097766233766,1900.724226267394,0.00036085868774629257,1.4311112116284504e-05,2.0895688356317844e-05,0.0002997802225972302,4.757588573945702e-06,0.0003501853682893018,4.738904597116839e-06,1.1845011420281307e-05,4.367585655119799e-11,1.658400336911113e-05
856,5667,1.8585303754931508,0.1193481071121367,0.1070673364658638,0.0010683416583416585,0.0,0.0,0.0010683416583416585,0.0,0.0,0.0,1.0,0.0,0.48971836623376624,1900.7300618569595,0.00037442771693320913,1.3509914540615439e-05,2.0038172776907192e-05,0.00018208865582313474,2.279899151077097e-07,0.0003980691633786037,6.679810909168102e-05,1.3172062089843672e-05,9.873792555976663e-09,4.50216645377804e-06
857,6230,1.9215848228620684,0.0235039162297769,0.1257697784929892,0.0010705760905760906,0.0,0.0,0.0010705760905760906,0.0,0.0,0.0,1.0,0.0,0.4899687567099567,1900.7435176501826,0.00037521083098071247,1.3538170471944403e-05,2.0080082533792776e-05,0.00018246973254901037,2.2848783611791264e-07,0.0003989017237536398,6.693757802262498e-05,1.3199590323115804e-05,9.894105132087806e-09,4.511321916124953e-06
858,6789,2.7766800331609183,0.5880432151279753,0.5246895138213911,0.0010763969363969364,0.0,0.0,0.0,0.0010763969363969364,0.0,0.0,0.0,1.0,0.4906210406926407,1900.778569886125,0.0003639096375540885,1.4432108191044999e-05,2.10723550087757e-05,0.00030231734843677897,4.800917828140069e-06,0.00035314607848488383,4.776394816796725e-06,1.1942052069823087e-05,4.4006604458558807e-11,1.6718534899828733e-05
859,5261,2.608088935347894,0.3566973982990224,0.3634984555631095,0.0010783516483516484,0.0,0.0,0.0010783516483516484,0.0,0.0,0.0,1.0,0.0,0.4908400857142857,1900.7903405334173,0.0003779359744992228,1.363649774415474e-05,2.0225923491062295e-05,0.00018379584255057043,2.3022124278585992e-07,0.0004017989346078293,6.742290484472186e-05,1.32953845919311e-05,9.964779369979904e-09,4.543172681005427e-06
860,6840,2.684959951287115,0.1347505434427256,0.1378986929270408,0.0010796203796203795,0.0,0.0,0.0010796203796203795,0.0,0.0,0.0,1.0,0.0,0.4909822597402597,1900.7979803375422,0.0003783806338913223,1.3652541723046447e-05,2.0249720238265582e-05,0.00018401222429732702,2.3050418577043382e-07,0.00040227167008507244,6.750209373171829e-05,1.3311015158308031e-05,9.976309548972474e-09,4.548368150630909e-06
861,6524,3.230822974199228,0.3742355615040413,0.2568380857387884,0.0010807858807858808,0.0,0.0,0.0,0.0010807858807858808,0.0,0.0,0.0,1.0,0.49111286580086577,1900.8049984693298,0.0003653934574237103,1.4490954252496781e-05,2.115827628107808e-05,0.00030355128652966826,4.822009938735828e-06,0.0003545860106023601,4.794613168949285e-06,1.1989228421634797e-05,4.416724733342925e-11,1.6783929925078597e-05
862,6108,3.2463901534280097,0.3130649885292748,0.2036449099606811,0.0010810755910755912,0.0,0.0,0.0,0.0010810755910755912,0.0,0.0,0.0,1.0,0.49114533073593075,1900.806742967313,0.0003654914030448462,1.4494838628328577e-05,2.11639478673378e-05,0.00030363273812915976,4.823402727677884e-06,0.00035468105923227954,4.795815295344458e-06,1.1992341972775784e-05,4.4177841072856605e-11,1.678824562380244e-05
863,6439,0.8019202071220823,0.2060328320943468,0.0590438588215496,0.0010841092241092242,0.0,0.0,0.0010841092241092242,0.0,0.0,0.0,1.0,0.0,0.49148527965367966,1900.8250098501983,0.00037995386449644094,1.3709306246789291e-05,2.0333914503961222e-05,0.0001847777966689651,2.3150548014928016e-07,0.0004039442355040603,6.778226732936913e-05,1.3366316778940502e-05,1.0017100548402689e-08,4.566748532396558e-06
864,5510,1.6319712901332328,0.2568468644598173,0.0712153045730847,0.0010845221445221446,0.0,0.0,0.0010845221445221446,0.0,0.0,0.0,1.0,0.0,0.4915315515151515,1900.8274962010355,0.00038009858303875155,1.3714527909210738e-05,2.0341659377066755e-05,0.0001848482202459822,2.315976046040604e-07,0.00040409809167045295,6.78080399691115e-05,1.3371403854382905e-05,1.002085258186309e-08,4.568439285850033e-06
865,5688,1.8750008264591365,0.0384741587194479,0.0830064394290532,0.0010857342657342658,0.0,0.0,0.0010857342657342658,0.0,0.0,0.0,1.0,0.0,0.4916673818181818,1900.8347948014807,0.00038052340198553434,1.372985601502854e-05,2.036439432715074e-05,0.00018505494878645262,2.3186805703477972e-07,0.0004045497339657973,6.788369387138678e-05,1.3386336859714885e-05,1.0031866165842365e-08,4.573401175862724e-06
866,6300,3.2685949279620337,0.1071707567953685,0.2885932029031215,0.001085997335997336,0.0,0.0,0.0,0.001085997335997336,0.0,0.0,0.0,1.0,0.4916968614718615,1900.8363788300496,0.00036715535279241906,1.4560828369471016e-05,2.1260299643106327e-05,0.00030501648464364636,4.847071756867635e-06,0.00035629579342794245,4.816232078105095e-06,1.2045228927985307e-05,4.4357792775267385e-11,1.6861549721676017e-05
867,6023,1.7244158423469549,0.2234988822936584,0.0273825369786693,0.001087895437895438,0.0,0.0,0.001087895437895438,0.0,0.0,0.0,1.0,0.0,0.49190956277056275,1900.8478078087758,0.0003812808401626278,1.3757185522379506e-05,2.0404929993646637e-05,0.00018542353880236475,2.3235032615603755e-07,0.00040535499728998814,6.801858244157889e-05,1.3412961854571625e-05,1.0051502124608456e-08,4.582248155545962e-06
868,5206,2.639688964149855,0.3680739026176474,0.1266989668157972,0.0010896536796536798,0.0,0.0,0.0,0.0010896536796536798,0.0,0.0,0.0,1.0,0.49210659134199136,1900.8583945140585,0.00036839149407985817,1.4609851871348148e-05,2.1331878973142758e-05,0.00030604447253182964,4.864665890444115e-06,0.0003574953726884456,4.83139121318127e-06,1.2084507914077569e-05,4.4491352496709574e-11,1.691598810996391e-05
869,5226,1.3886330764544936,0.1459753037795176,0.0978136869671059,0.0010898767898767899,0.0,0.0,0.0010898767898767899,0.0,0.0,0.0,1.0,0.0,0.49213159307359305,1900.8597378932966,0.00038197525574871496,1.3782241079966294e-05,2.044209289282238e-05,0.00018576146074877613,2.3279254000449122e-07,0.0004060932587362163,6.81422471804248e-05,1.3437371446681427e-05,1.0069503183043112e-08,4.590358511602629e-06
870,6780,1.8322970489880497,0.1662743978256811,0.1528483378895472,0.0010914418914418915,0.0,0.0,0.0010914418914418915,0.0,0.0,0.0,1.0,0.0,0.4923069783549784,1900.869161538246,0.000382523785707473,1.3802032864950816e-05,2.0471448460238513e-05,0.00018602839172243672,2.33141903791807e-07,0.00040667642324082137,6.823993089932049e-05,1.3456652921214082e-05,1.0083721644737597e-08,4.5967639248161406e-06
871,5662,1.3679566500760592,0.4107322157313018,0.1516047067291269,0.0010926673326673328,0.0,0.0,0.0010926673326673328,0.0,0.0,0.0,1.0,0.0,0.4924443012987013,1900.876539978244,0.00038295327299433027,1.381752941149189e-05,2.0494433244938806e-05,0.00018623739285213877,2.3341547666949204e-07,0.0004071330286405781,6.831641531613054e-05,1.347174987706352e-05,1.0094853991409695e-08,4.601779341090054e-06
872,4750,1.5850109089117457,0.0318948863544043,0.0943031771295232,0.0010951581751581752,0.0,0.0010951581751581752,0.0,0.0,0.0,1.0,0.0,0.0,0.4927234251082251,1900.8915372606,0.0003345079749844147,1.1162616035379364e-05,1.5849525753772952e-05,7.475721276267683e-06,2.772788848664086e-09,0.00039407726260054277,0.0002930860557190369,1.7102199139797114e-05,2.189404686011513e-05,7.070886649210729e-07
873,5046,1.9774181835968156,0.0900257410812087,0.1594708927211649,0.0010991674991674993,0.0,0.0,0.0010991674991674993,0.0,0.0,0.0,1.0,0.0,0.49317270995671,1900.9156767111372,0.00038523142295070385,1.3899728484448883e-05,2.0616352537696877e-05,0.0001873460144056876,2.348670616276504e-07,0.00040955502250755184,6.872210840060242e-05,1.355182892274489e-05,1.015389643530375e-08,4.628375513887574e-06
874,5952,1.5423607153649654,0.2697521324247531,0.0766366898325244,0.00110002664002664,0.0,0.0,0.00110002664002664,0.0,0.0,0.0,1.0,0.0,0.4932689852813853,1900.9208493606457,0.00038553253088551134,1.391059291109996e-05,2.0632466870448712e-05,0.00018749254413027424,2.350589784759295e-07,0.00040987514259950846,6.877572886895085e-05,1.3562413083102038e-05,1.0161699268498858e-08,4.631889875872917e-06
875,5737,1.804136319703228,0.078728181245871,0.1162524120706677,0.0011005594405594406,0.0,0.0,0.0011005594405594406,0.0,0.0,0.0,1.0,0.0,0.49332869090909093,1900.9240571893638,0.0003857192644884928,1.391733054003086e-05,2.0642460255101013e-05,0.00018758341466451554,2.3517800018120183e-07,0.00041007366668753493,6.880898248536702e-05,1.3568976899973778e-05,1.0166538243476953e-08,4.634069934467719e-06
876,5484,1.6746582081997865,0.1462099252692965,0.1369719528198771,0.0011031401931401931,0.0,0.0,0.0011031401931401931,0.0,0.0,0.0,1.0,0.0,0.49361789004329004,1900.9395949370278,0.00038662375537793414,1.3949965930164912e-05,2.0690865712010596e-05,0.00018802357257839211,2.3575459731403813e-07,0.0004110352677405307,6.897005092623739e-05,1.3600770302198335e-05,1.018997541093981e-08,4.644625740658553e-06
877,6183,1.7864751945882442,0.1093956450288603,0.0649563098250672,0.0011037762237762238,0.0,0.0,0.0011037762237762238,0.0,0.0,0.0,1.0,0.0,0.4936891636363636,1900.94342419603,0.0003868466686164932,1.3958008974701176e-05,2.0702795314939278e-05,0.00018813205004311162,2.358967172923221e-07,0.00041127225587124326,6.900974666636521e-05,1.3608605820771357e-05,1.0195751306380993e-08,4.647227382057828e-06
878,6985,2.831643990440638,0.1802653032465912,0.1978144501799843,0.001104049284049284,0.0,0.0,0.001104049284049284,0.0,0.0,0.0,1.0,0.0,0.4937197627705628,1900.9450681657643,0.0003869423695880212,1.3961462009528263e-05,2.0707916924573585e-05,0.00018817862158014114,2.3595773454314364e-07,0.0004113739994666669,6.902678875654762e-05,1.3611969758291255e-05,1.0198230970966636e-08,4.648344254610062e-06
879,6692,1.7004798944189239,0.1145565116262322,0.0550051479562797,0.0011047186147186147,0.0,0.0,0.0011047186147186147,0.0,0.0,0.0,1.0,0.0,0.493794767965368,1900.9490978828985,0.00038717695367676666,1.3969926155872706e-05,2.072047111404304e-05,0.0001882927792495418,2.3610730939173693e-07,0.00041162339535319003,6.906856205141033e-05,1.362021549940503e-05,1.020430899343781e-08,4.651081336748582e-06
880,6370,1.552520893992143,0.1102286940859465,0.1011799232344955,0.0011116250416250417,0.0,0.0,0.0011116250416250417,0.0,0.0,0.0,1.0,0.0,0.49456870216450216,1900.9906770238265,0.0003895974880054135,1.4057262670889513e-05,2.085001036259849e-05,0.00018947070587757803,2.3765113524876143e-07,0.0004141967638606749,6.949959472627115e-05,1.3705297968602505e-05,1.0267017764881581e-08,4.679321978465862e-06
881,5889,2.875197347960744,0.0664729676827106,0.211390985469423,0.0011144921744921745,0.0,0.0,0.0,0.0011144921744921745,0.0,0.0,0.0,1.0,0.49488999307359305,1901.0079375789658,0.0003767889238275888,1.494288128892694e-05,2.1818136006605172e-05,0.00031302804555734145,4.984420395462045e-06,0.0003656444270663982,4.934187628919079e-06,1.2351107324914964e-05,4.53960178367456e-11,1.728538574586984e-05
882,5651,2.787568695913847,0.1236459439975948,0.1294779566684862,0.001114871794871795,0.0,0.0,0.0,0.001114871794871795,0.0,0.0,0.0,1.0,0.49493253333333337,1901.0102229221486,0.00037691726636562893,1.4947971160706535e-05,2.1825567740324803e-05,0.000313134781981659,4.986253936346118e-06,0.00036576897354707514,4.9357560867978995e-06,1.2355178643450052e-05,4.5409806503134836e-11,1.7291025549861063e-05
883,5455,1.9307074174375032,0.0718700739676509,0.1526563529222017,0.00111996336996337,0.0,0.0,0.00111996336996337,0.0,0.0,0.0,1.0,0.0,0.4955030952380952,1901.0408739877678,0.00039251986889207296,1.4162706563658113e-05,2.1006406832406998e-05,0.0001908928630433845,2.395161812826322e-07,0.0004173036658760616,7.00199805182535e-05,1.3808019346298845e-05,1.0342709950744884e-08,4.713404158654942e-06
884,6005,3.0073906122969016,0.2639510361108393,0.2927597064511548,0.0011211288711288712,0.0,0.0,0.0,0.0011211288711288712,0.0,0.0,0.0,1.0,0.4956337012987013,1901.0478900985242,0.0003790326666198166,1.503186474907368e-05,2.194806096540536e-05,0.00031489406883075395,5.016487173234812e-06,0.0003678218054523945,4.961599708289859e-06,1.2422271992952582e-05,4.5636949785616415e-11,1.7383962975142057e-05
885,5119,2.142520928214016,0.3116102314618071,0.1025452125082277,0.0011213719613719613,0.0,0.0,0.0011213719613719613,0.0,0.0,0.0,1.0,0.0,0.495660941991342,1901.0493534514094,0.00039301354585495515,1.4180519170144182e-05,2.103282684308152e-05,0.00019113310887484177,2.398313657020207e-07,0.00041782851394208293,7.010788791009682e-05,1.3825371916367428e-05,1.0355494689507326e-08,4.719160294619517e-06
886,6147,1.6384143694573423,0.088421861903213,0.0548536662902949,0.0011225541125541127,0.0,0.0,0.0011225541125541127,0.0,0.0,0.0,1.0,0.0,0.49579341385281384,1901.0564697203288,0.0003934278610365703,1.4195468284334622e-05,2.1054999665278814e-05,0.0001913347343511652,2.400959116259954e-07,0.0004182689892698578,7.018166289304465e-05,1.3839934918536198e-05,1.0366223699201892e-08,4.723990339704112e-06
887,5488,1.6734528859159077,0.0185545920713574,0.103504348406426,0.0011254911754911756,0.0,0.0,0.0011254911754911756,0.0,0.0,0.0,1.0,0.0,0.4961225411255411,1901.0741498805862,0.00039445723002300544,1.4232609463816212e-05,2.111008819817462e-05,0.00019183567472760816,2.407532831490464e-07,0.00041936335332524164,7.036495689710079e-05,1.3876116694668916e-05,1.0392878410788679e-08,4.7359900516219175e-06
888,6801,1.6799582858190372,0.1574822654313037,0.0513700995629317,0.0011286846486846488,0.0,0.0,0.0011286879786879787,0.0,0.0,0.0,1.0,0.0,0.49648040173160174,1901.0933731261885,0.00039557763164089403,1.4273035237401618e-05,2.1170048506088427e-05,0.00019238091747662378,2.414689323842367e-07,0.00042055449787755235,7.056445905202974e-05,1.3915498076895786e-05,1.0421888108752813e-08,4.749049292316287e-06
889,6090,1.9052241418132607,0.1323146899120141,0.0918997769449381,0.0011314618714618715,0.0,0.0,0.0011314618714618715,0.0,0.0,0.0,1.0,0.0,0.4967916173160173,1901.1100903786516,0.0003965498134614161,1.4308113018023121e-05,2.1222076564934468e-05,0.00019285403139324063,2.420901175481563e-07,0.00042158806393511065,7.073756649477318e-05,1.3949669420073429e-05,1.0447056751692989e-08,4.760378447701049e-06
890,897,1.582752161083337,0.0415316115883609,0.1151465426391261,0.0011318381618381618,0.0,0.0011318381618381618,0.0,0.0,0.0,1.0,0.0,0.0,0.4968337844155844,1901.1123554005483,0.0003457116059713317,1.1536484045297094e-05,1.638037180571292e-05,7.724412350075591e-06,2.869199737846146e-09,0.00040727726879262135,0.0003029040401509006,1.767499727212189e-05,2.2626112250362742e-05,7.3000180906039e-07
891,5957,3.181509664419342,0.0794717266562258,0.1198298073917071,0.0011504262404262405,0.0,0.0,0.0,0.0011504262404262405,0.0,0.0,0.0,1.0,0.4989167645021645,1901.2242358985184,0.0003889375582836501,1.542467783606366e-05,2.2521608274750088e-05,0.00032313181364219745,5.158395275405095e-06,0.0003774337347288701,5.082331682489799e-06,1.2736074006306518e-05,4.6696507609040455e-11,1.7818499081811642e-05
892,6203,1.5512105389328212,0.1114080542775582,0.1276403072471989,0.001152037962037962,0.0,0.0,0.001152037962037962,0.0,0.0,0.0,1.0,0.0,0.499097374025974,1901.2339360518793,0.00040376123179155544,1.4568311825298355e-05,2.1608008588475512e-05,0.0001963635247498797,2.467019966553263e-07,0.00042925481630349464,7.2021592681336e-05,1.4203140413262178e-05,1.0633688004842243e-08,4.844366775705452e-06
893,6849,2.6289110459982257,0.3083720289535127,0.2285039832614544,0.001158078588078588,0.0,0.0,0.001158078588078588,0.0,0.0,0.0,1.0,0.0,0.4997742865800866,1901.2702905921105,0.0004058783240153575,1.4644699693302449e-05,2.1721308586970976e-05,0.0001973938396683839,2.480573728101817e-07,0.00043150558324572173,7.239853532091042e-05,1.4277551719474181e-05,1.0688455656735884e-08,4.869006797456597e-06
894,5425,1.8499321097909125,0.0848100477998008,0.0529328753426773,0.0011627938727938728,0.0,0.0,0.0005991408591408591,0.0005636530136530136,0.0,0.0,0.515259731891508,0.48474026810849197,0.5003026813852813,1901.2986676881299,0.00040054479441881856,1.513389134590349e-05,2.2272180766303577e-05,0.00026854675316823463,8.305812973703609e-07,0.0004081705643621272,3.1841404788835056e-05,1.5451775530100017e-05,1.9271161797959104e-09,4.962453266180731e-06
895,5873,1.476252208254872,0.1538976904404986,0.0935041699769981,0.0011715318015318016,0.0,0.0,0.0011715318015318016,0.0,0.0,0.0,1.0,0.0,0.5012818536796537,1901.3512509674233,0.0004105933474906388,1.48148248238077e-05,2.1973641549441577e-05,0.00019968850374330383,2.5107832509638526e-07,0.0004365183167153944,7.323800605009079e-05,1.4443272441257492e-05,1.0810392770625038e-08,4.923854043414541e-06
896,6368,1.5463352029810606,0.1896414498699966,0.1111348795583487,0.0011721112221112222,0.0,0.0,0.0011721112221112222,0.0,0.0,0.0,1.0,0.0,0.5013467835497836,1901.3547376999802,0.0004107964202838811,1.4822151995270055e-05,2.1984509355250955e-05,0.00019978733413728418,2.5120850861445287e-07,0.0004367342116729114,7.32741606699504e-05,1.4450409844691924e-05,1.0815643367728407e-08,4.926215398153673e-06
897,5427,2.8920833124748384,0.0422392263691503,0.1097119261952993,0.0011737529137529137,0.0,0.0,0.0,0.0011737529137529137,0.0,0.0,0.0,1.0,0.5015307515151515,1901.364616697213,0.0003968238695026946,1.5737437062520214e-05,2.297826875462731e-05,0.0003296910568887229,5.271790984416798e-06,0.000385086788220855,5.178138434081198e-06,1.2985516369498401e-05,4.7535497239847846e-11,1.816374987457408e-05
898,2302,1.2056067587029684,0.1985093195784898,0.0516972530719214,0.0011835764235764235,0.0,0.0011835764235764237,0.0,0.0,0.0,1.0,0.0,0.0,0.502631574025974,1901.4237279525078,0.00036151467584366316,1.206383649832404e-05,1.7129146668081626e-05,8.075010873303929e-06,3.0055852261039642e-09,0.0004258964231713342,0.0003167528004412557,1.848294645339852e-05,2.3658578041836425e-05,7.622386769974001e-07
899,5895,1.269822384817254,0.1372997989333647,0.0381932434756659,0.001184838494838495,0.0,0.0,0.001184838494838495,0.0,0.0,0.0,1.0,0.0,0.5027730017316018,1901.4313219453961,0.00041525701922510023,1.4983097106356954e-05,2.2223226331132794e-05,0.00020195821081386866,2.540695786872337e-07,0.000441476456108322,7.406829964219544e-05,1.4607185081127478e-05,1.0930951704229454e-08,4.978066253499857e-06
900,6815,1.5474660283009727,0.0741634056241554,0.1399099233593444,0.0011892873792873793,0.0,0.0,0.0011892873792873793,0.0,0.0,0.0,1.0,0.0,0.5032715437229437,1901.4580907253908,0.00041681624480999517,1.5039356307929976e-05,2.2306671092979506e-05,0.00020271705964986777,2.5507036925386926e-07,0.0004431341323529474,7.434588746418587e-05,1.4661985992678879e-05,1.0971247540829659e-08,4.9961826891462046e-06
901,4740,1.308373131343138,0.1325098312707914,0.094614358544374,0.001191854811854812,0.0,0.001191854811854812,0.0,0.0,0.0,1.0,0.0,0.0,0.5035592502164502,1901.4735384891083,0.0003640432483932297,1.214821560614569e-05,1.7248954501501758e-05,8.131088190863917e-06,3.027450607761964e-09,0.00042887559923138825,0.00031896869364635567,1.861222243953115e-05,2.3823762395188016e-05,7.673859713423856e-07
902,6907,1.804807098759848,0.2601689436816192,0.1403914133570286,0.0011934931734931735,0.0,0.0,0.0011934931734931737,0.0,0.0,0.0,1.0,0.0,0.503742845021645,1901.4833960579965,0.00041829027318852994,1.509254146630328e-05,2.238555637307861e-05,0.00020343444780366476,2.560168028782069e-07,0.00044470123198153135,7.460830432464105e-05,1.4713792216071821e-05,1.1009336474692051e-08,5.013305529062229e-06
903,5258,2.9818455863688476,0.1634902802752447,0.2785800381406289,0.001194035964035964,0.0,0.0,0.0,0.001194035964035964,0.0,0.0,0.0,1.0,0.5038036701298702,1901.4866618531487,0.0004036811887939437,1.6009388018743894e-05,2.3375344983454173e-05,0.0003353946925834457,5.370685737279245e-06,0.0003917412848436982,5.261213594252097e-06,1.3202117219461375e-05,4.826168560926811e-11,1.8463427337084802e-05
904,6343,1.481179429122078,0.0514685378445367,0.0802124141773646,0.0011967132867132869,0.0,0.0,0.0011967132867132869,0.0,0.0,0.0,1.0,0.0,0.5041036909090909,1901.5027702526093,0.00041941884440154897,1.5133262011154412e-05,2.2445953891570952e-05,0.00020398370917191106,2.5674164257135955e-07,0.0004459010620251286,7.48092182919306e-05,1.4753456782028474e-05,1.1038495442412897e-08,5.026413005833189e-06
905,6324,1.6282842791577123,0.0545769609093509,0.1154633059855104,0.0012032001332001334,0.0,0.0,0.0012032001332001334,0.0,0.0,0.0,1.0,0.0,0.5048306069264069,1901.5417977841428,0.000421692326017848,1.5215292643388134e-05,2.2567623349712718e-05,0.00020509019068497058,2.58202385937358e-07,0.00044831809298025003,7.521394831312537e-05,1.4833359598337578e-05,1.1097226563616235e-08,5.052810439651876e-06
906,191,1.6812720526525307,0.0814002121401605,0.1301685639523662,0.0012103363303363303,0.0,0.0006312454212454213,0.0,0.0005790909090909091,0.0,0.5215454625492484,0.0,0.47845453745075167,0.5056302891774892,1901.5847299872676,0.000388589038001295,1.4198425162623314e-05,2.0472331005278068e-05,0.00014570005592858491,9.062668952994952e-08,0.00042969974881224617,0.0001927561204412475,1.8776172807480617e-05,5.381148804475084e-08,8.016724757198388e-06
907,1273,1.4438009722329435,0.2874463889999326,0.1058099464782319,0.0012132434232434233,0.0,0.0012132434232434233,0.0,0.0,0.0,1.0,0.0,0.0,0.505956058008658,1901.6022187736419,0.00037057624175037613,1.236622325278224e-05,1.7558498232015642e-05,8.275946856144307e-06,3.083998218020697e-09,0.00043657281947946,0.00032469385375301623,1.8946228683665172e-05,2.425052723774556e-05,7.806778049734191e-07
908,6320,1.9935441362910709,0.1390236718961822,0.1048923719797106,0.0012144089244089243,0.0,0.0,0.0012144089244089246,0.0,0.0,0.0,1.0,0.0,0.5060866640692641,1901.6092302126035,0.00042562073419057,1.5357035512021965e-05,2.2777859179335498e-05,0.00020700212763345127,2.6072822719913623e-07,0.0004524945438268677,7.591327318410052e-05,1.4971423973639656e-05,1.1198681738877614e-08,5.0984027263046e-06
909,2498,1.3355172357534932,0.034377638332649,0.1306773137026957,0.0012170129870129871,0.000691904761904762,0.0005251082251082252,0.0,0.0,0.5685270159712589,0.4314729840287412,0.0,0.0,0.5063784753246754,1901.6248955596413,0.00042462900829083497,2.1071225522533054e-05,3.0550841234427343e-05,5.736050868054481e-06,2.063999882799148e-09,0.0003154757521346732,0.0003613617662135892,2.0357574960118116e-05,3.782870378887397e-05,6.597987298214e-07
910,5292,2.170372095341473,0.5915371526974005,0.0684018267557867,0.0012197136197136197,0.0,0.0,0.0007457109557109557,0.00047400599400599405,0.0,0.0,0.6113803336782416,0.3886196663217585,0.5066811082251083,1901.6411415389102,0.00042160606373699137,1.5785402198662523e-05,2.3266301026671692e-05,0.0002671399522089045,6.557931349006469e-07,0.0004333719389528702,4.181788089170239e-05,1.607054344523104e-05,3.074121015362273e-09,5.203522405863533e-06
911,6702,1.4796916868404173,0.0700871714429725,0.021358335888325,0.0012341758241758243,0.0005447552447552448,0.0,0.0006894205794205794,0.0,0.4413919265668888,0.0,0.5586080734331113,0.0,0.5083017428571428,1901.7281353290275,0.0004496672596654343,2.109415443492552e-05,3.1001166902824105e-05,7.495596897033794e-05,3.335497532743333e-08,0.0003777771393141922,0.00026121653124598155,1.8186360279442474e-05,2.438883873587174e-07,4.953731957254388e-06
912,4786,1.0931545233880022,0.1040541728441421,0.1448652884344169,0.0012342091242091243,0.0012342091242091243,0.0,0.0,0.0,1.0,0.0,0.0,0.0,0.5083054744588744,1901.728335626718,0.00047134473421363987,2.80392334969675e-05,4.094015057264283e-05,4.354264174792042e-06,1.5341475441187483e-09,0.0002254296473450338,0.00039340112293938484,2.1685932734284208e-05,4.901250458483512e-05,5.757280175065771e-07
913,3796,1.4040907305795318,0.111726199850014,0.100303300338973,0.0012456876456876458,0.0012456876456876458,0.0,0.0,0.0,1.0,0.0,0.0,0.0,0.5095917575757576,1901.7973754022619,0.00047572838407437655,2.8300006924762775e-05,4.132090646600338e-05,4.394429946197628e-06,1.5490047884949093e-09,0.00022752648615279644,0.0003970602036446356,2.1887617937049768e-05,4.9468061537035174e-05,5.808634951266095e-07
914,6982,1.5308745100533772,0.1338560669812225,0.1340575226481594,0.0012575624375624375,0.0,0.0,0.0012575624375624375,0.0,0.0,0.0,1.0,0.0,0.5109224467532467,1901.8687926657508,0.0004407449889470476,1.590274134524413e-05,2.3587260877517796e-05,0.00021436325750084378,2.7047380877741193e-07,0.0004685737558395964,7.860542374401862e-05,1.5502946549058116e-05,1.1588950333662335e-08,5.273680428833586e-06
915,5817,1.256158014498506,0.1279603445139195,0.1104306934090336,0.0012672760572760573,0.0,0.0,0.0012672760572760573,0.0,0.0,0.0,1.0,0.0,0.5120109549783549,1901.9272077235291,0.00044414937594640293,1.602557674269062e-05,2.376945277146006e-05,0.00021602025731464424,2.7267212217208537e-07,0.0004721930985650143,7.921136235189159e-05,1.5622584736470565e-05,1.1676725310890302e-08,5.313079945577456e-06
916,6685,1.9265871259599117,0.1555868328995386,0.1704106672634497,0.0012755944055944058,0.0,0.0,0.0012755944055944058,0.0,0.0,0.0,1.0,0.0,0.5129431090909091,1901.9772287783778,0.00044706475432295073,1.6130767974374316e-05,2.3925474489344112e-05,0.00021743925901755867,2.7455602383081e-07,0.00047529255629203413,7.973024895111639e-05,1.572503665209542e-05,1.1751871101250977e-08,5.3468041426203705e-06
917,5979,1.734015143113564,0.0520994517862113,0.1404186396149625,0.0012854145854145854,0.0,0.0,0.0012854179154179156,0.0,0.0,0.0,1.0,0.0,0.5140435584415585,1902.0362770307854,0.00045050765512792094,1.62549930077878e-05,2.410972751887091e-05,0.00021911503857196965,2.7678238135405355e-07,0.00047895284466511557,8.034300842445186e-05,1.5846025130835805e-05,1.1840589608997417e-08,5.386611998607952e-06
918,6476,3.546097246074035,0.2063658571631791,0.3574960854865976,0.0012857875457875456,0.0,0.0,0.0,0.0012857875457875456,0.0,0.0,0.0,1.0,0.5140853523809523,1902.0385195412962,0.00043470067958885215,1.7239574309473014e-05,2.5171542870971253e-05,0.0003611981107373999,5.821484145635185e-06,0.0004218432952991609,5.6343254328908884e-06,1.4178481895106207e-05,5.150805601266892e-11,1.9812910344109143e-05
919,5000,1.3698133954782332,0.0888349941084126,0.1247629203842817,0.0012900000000000001,0.0,0.00129,0.0,0.0,0.0,1.0,0.0,0.0,0.5145574,1902.063847481791,0.0003940209711419728,1.3148579823694966e-05,1.8669347210428374e-05,8.795486452367089e-06,3.2875810227749543e-09,0.0004641957943738082,0.0003452398493729289,2.014486479410433e-05,2.5781819249672553e-05,8.282381236320588e-07
920,5115,1.7033537531240812,0.0510961248792566,0.0761179649876575,0.001295890775890776,0.0,0.0,0.001295890775890776,0.0,0.0,0.0,1.0,0.0,0.5152175203463203,1902.0992652761593,0.00045417813751152475,1.6387429526460824e-05,2.4306159985942697e-05,0.0002209016110815254,2.7915790422973073e-07,0.00048285508433466493,8.099625125125635e-05,1.5975009153739492e-05,1.1935141431803145e-08,5.429028073449644e-06
921,2966,1.4981385058857253,0.0674650262661995,0.0759372101297612,0.001298837828837829,0.0,0.0012988378288378288,0.0,0.0,0.0,1.0,0.0,0.0,0.5155477670995672,1902.1169836246866,0.00039672042067799443,1.3238661139929342e-05,1.8797251470242145e-05,8.855276317105968e-06,3.3110875855310453e-09,0.00046737635690495804,0.00034760556625281576,2.028287688606085e-05,2.595810810113679e-05,8.336933656081982e-07
922,6617,2.7439358420315045,0.2415815598290395,0.0970941185355455,0.0013095637695637696,0.0,0.0,0.0,0.0013095637695637696,0.0,0.0,0.0,1.0,0.516749716017316,1902.1814672556154,0.0004427389753924179,1.7558361015668566e-05,2.5637004088148042e-05,0.00036788544547940296,5.9392262244670574e-06,0.0004296438380689063,5.7302964705530915e-06,1.4430570485158505e-05,5.2339047050369014e-11,2.0160971633805718e-05
923,6842,3.106312461752215,0.0488566638995265,0.105175108637942,0.0013143456543456544,0.0,0.0,0.0,0.0013143456543456544,0.0,0.0,0.0,1.0,0.5172855740259741,1902.2102140313596,0.0004443556410470286,1.762247554089221e-05,2.5730617856756706e-05,0.0003692304411557144,5.962952918903784e-06,0.0004312126867273124,5.7495622927849674e-06,1.4481224300598205e-05,5.250566306605822e-11,2.0230891604709213e-05
924,522,1.2901047838162323,0.1670356284464137,0.1201972592914986,0.0013164701964701964,0.0,0.0013164701964701966,0.0,0.0,0.0,1.0,0.0,0.0,0.5175236502164502,1902.2229856124598,0.00040210609712608577,1.3418382530080446e-05,1.9052433480684463e-05,8.97454267622513e-06,3.358025575885442e-09,0.00047372191073958127,0.00035232543260386745,2.0558225009924144e-05,2.6309814278172093e-05,8.44581559833555e-07
925,5118,1.735859354429652,0.1660712308410709,0.0912999754336682,0.0013178288378288378,0.00042653013653013653,0.0,0.0008912987012987013,0.0,0.3236612557613002,0.0,0.6763387442386998,0.0,0.5176758995670996,1902.2311529169333,0.00047527042717141214,2.096115894806652e-05,3.086599615205453e-05,0.0001173583488549986,6.150845514567766e-08,0.0004268472523567171,0.00022774373383227273,1.8612888084485766e-05,1.0752397368481159e-07,6.466210768975734e-06
926,6981,2.744943670749244,0.0462154426227914,0.1907821512740746,0.0013415817515817518,0.0,0.0,0.0,0.0013415817515817518,0.0,0.0,0.0,1.0,0.520337651082251,1902.373927811869,0.00045356365524553907,1.7987651517078957e-05,2.6263812155816783e-05,0.00037689133360597495,6.098385385412097e-06,0.0004401483505028545,5.8590701186983225e-06,1.4769439598908328e-05,5.3451468728579754e-11,2.0628616620544087e-05
927,6061,1.9639932882678204,0.1811455272278588,0.0923031114867058,0.0013445787545787547,0.0,0.0,0.0013445787545787547,0.0,0.0,0.0,1.0,0.0,0.5206734952380953,1902.39194058722,0.0004712420875689722,1.7003122480202727e-05,2.5219367967200774e-05,0.00022920760522381593,2.9022754225981375e-07,0.0005009964666800469,8.403287715123061e-05,1.6574625658424843e-05,1.2374306600877391e-08,5.6259140791220606e-06
928,6227,1.493208038049094,0.1625657637023223,0.1543010206739206,0.0013462071262071262,0.0,0.0,0.0013462071262071262,0.0,0.0,0.0,1.0,0.0,0.5208559705627706,1902.401727366775,0.00047181279214308415,1.7023714358622792e-05,2.524991024904437e-05,0.00022948540726406717,2.9059850831899675e-07,0.0005016032060367945,8.413442954642613e-05,1.6594679117766645e-05,1.2388983001488697e-08,5.6324904818207296e-06
929,4654,1.5069623885735248,0.1259108814030672,0.1069755774558553,0.0013539960039960042,0.0,0.0009000599400599401,0.00045393606393606396,0.0,0.0,0.6647434242077691,0.3352565757922308,0.0,0.5217287922077922,1902.448538220053,0.0004340101886931928,1.4914372253459841e-05,2.154016978281863e-05,4.872985841784115e-05,2.0309292104979742e-08,0.000510032235501925,0.00030403943801138143,1.9731130553738428e-05,9.78301489541777e-07,3.3168945025236537e-06
930,5432,1.711603618807389,0.0645881449442726,0.0947746948886707,0.0013556510156510159,0.0,0.0,0.0013556510156510155,0.0,0.0,0.0,1.0,0.0,0.5219142528138528,1902.4584844402973,0.00047512264525593004,1.714313883142301e-05,2.54270429920064e-05,0.00023109655666274327,2.9275091332033754e-07,0.0005051220461656907,8.4723380718153e-05,1.671098002654281e-05,1.2474085205852088e-08,5.670618758636713e-06
931,5107,1.0821059167372544,0.0588380695963162,0.0958223147305426,0.0013596003996003995,0.0,0.00044395937395937395,0.0009156410256410257,0.0,0.0,0.3265366603965828,0.6734633396034173,0.0,0.5223568207792207,1902.482218808553,0.0004565139776947408,1.6104053706835064e-05,2.3599209588094142e-05,0.0001392787559837017,8.374498992530161e-08,0.0005097265704644516,0.00019587690026160386,1.833508386249791e-05,8.210304854928442e-08,6.468450990916195e-06
932,4735,1.395589245747448,0.2270022858028385,0.0586512677150777,0.0013764468864468865,0.0,0.0013764468864468865,0.0,0.0,0.0,1.0,0.0,0.0,0.5242446380952381,1902.583452576088,0.0004204255340489512,1.402970679032813e-05,1.992043786030233e-05,9.380035665478344e-06,3.5180894940242674e-09,0.0004953065146878683,0.00036838030207786003,2.149482423949911e-05,2.7506012987105048e-05,8.815429502631936e-07
933,3487,1.4176088500687671,0.1045008707874167,0.0954913622959679,0.001383822843822844,0.0,0.0013838261738261738,0.0,0.0,0.0,1.0,0.0,0.0,0.5250711878787879,1902.6277722815805,0.0004226794828702865,1.4104921634629327e-05,2.002723357987554e-05,9.429905671220747e-06,3.5378259510523192e-09,0.0004979622114638346,0.00037035564795233263,2.1610059546869783e-05,2.7653173281173686e-05,8.860804493035414e-07
934,1866,1.4249623903024469,0.1326525965454895,0.1206497585306035,0.001384951714951715,0.0,0.0013849517149517152,0.0,0.0,0.0,1.0,0.0,0.0,0.5251976891774892,1902.6345550913404,0.0004230232710930353,1.4116393934888267e-05,2.0043522818691315e-05,9.437511185292681e-06,3.5408374294249745e-09,0.0004983672757411087,0.0003706569426943586,2.1627636050199073e-05,2.767562059671194e-05,8.867763241207291e-07
935,5068,1.7108689962211143,0.0744464903373171,0.1147780841966234,0.0013861605061605063,0.0,0.0,0.0013861605061605063,0.0,0.0,0.0,1.0,0.0,0.5253331463203463,1902.641818039358,0.0004858154781966547,1.7528952308078737e-05,2.599928918065879e-05,0.00023630166462551317,2.9971555422688927e-07,0.0005164900340880856,8.662593193240462e-05,1.7086691429652325e-05,1.2748845231455933e-08,5.7936665440842805e-06
936,525,1.5412795247060351,0.0307041348889433,0.0430581849952846,0.0013878088578088577,0.0013878121878121879,0.0,0.0,0.0,1.0,0.0,0.0,0.0,0.5255178606060606,1902.6517219582768,0.0005300057777663526,3.15288464659007e-05,4.603534265069388e-05,4.891234080700114e-06,1.7338711829557459e-09,0.00025348933840575993,0.00044236666020746186,2.4384839093638778e-05,5.510841527049708e-05,6.444630101234625e-07
937,2445,0.9086554594349135,0.228118753250155,0.165809027068701,0.0013896270396270395,0.0,0.0013896270396270395,0.0,0.0,0.0,1.0,0.0,0.0,0.525721606060606,1902.6626461456558,0.0004244513144798379,1.4164048105194619e-05,2.0111185810695282e-05,9.469104859114972e-06,3.553348085265066e-09,0.0005000498592356073,0.00037190847316125004,2.1700646139513485e-05,2.776885448774072e-05,8.896477326010739e-07
938,5766,1.2012018411125285,0.2324456614967918,0.0392671336751835,0.001394032634032634,0.0,0.0,0.001394032634032634,0.0,0.0,0.0,1.0,0.0,0.5262152969696969,1902.6891157033665,0.0004885744671807053,1.7628500775532798e-05,2.6146941438896533e-05,0.00023764472742033343,3.015153307778889e-07,0.0005194232281328434,8.711680346354793e-05,1.7183630593076652e-05,1.281969692001287e-08,5.825383739229946e-06
939,5394,1.5836864255185183,0.1383376423163814,0.1626588427578306,0.0014100632700632702,0.0,0.0,0.0014100632700632702,0.0,0.0,0.0,1.0,0.0,0.5280116900432901,1902.7854234482822,0.0004941928144604093,1.7831219185991286e-05,2.644761739962264e-05,0.0002403797494361202,3.051838424007699e-07,0.000525396322997074,8.811636683066682e-05,1.7381031987139573e-05,1.296392384555426e-08,5.8899312578690206e-06
940,4977,1.3495781804303373,0.1819849064204452,0.0682163227198286,0.0014195271395271397,0.000717888777888778,0.0007016383616383617,0.0,0.0,0.505723883608111,0.49427611639188895,0.0,0.0,0.5290722112554113,1902.8422746485114,0.0004884721358986257,2.3460858593506922e-05,3.396756930454223e-05,6.955316317516967e-06,2.5316364415168917e-09,0.0003837854239819888,0.0004169645023021562,2.3570872539901204e-05,4.234792895246013e-05,7.7978249487143e-07
941,4859,1.5094731723364931,0.0837248272455471,0.1957976472381499,0.0014204262404262404,0.0,0.0014204262404262404,0.0,0.0,0.0,1.0,0.0,0.0,0.5291729645021646,1902.847675512571,0.0004338587028591385,1.447797504334524e-05,2.055692299947356e-05,9.677184662436081e-06,3.6358577398102267e-09,0.0005111340819285283,0.00038015311072079385,2.218160780872284e-05,2.8383018546062244e-05,9.085619273084891e-07
942,845,1.3152534359379071,0.0796510706153615,0.1093080154848758,0.0014205927405927408,0.0014205960705960708,0.0,0.0,0.0,1.0,0.0,0.0,0.0,0.5291916225108225,1902.8486756687735,0.0005425259497648883,3.227364321572504e-05,4.712282213144079e-05,5.005698202890437e-06,1.7767541966789528e-09,0.00025947830011553697,0.00045281763895231006,2.4960873115411193e-05,5.640936834367126e-05,6.590512076666555e-07
943,6792,1.9196798247434803,0.054371438398832,0.0930231338055079,0.0014333599733599735,0.0,0.0,0.0014333566433566433,0.0,0.0,0.0,1.0,0.0,0.5306223186147186,1902.9253641019404,0.000502356574165754,1.8125779900814116e-05,2.6884515684890422e-05,0.00024435397104493315,3.10522759323756e-07,0.0005340755500844502,8.95686979334086e-05,1.7667858419255263e-05,1.3173363813852312e-08,5.983625589930756e-06
944,661,1.219578554613172,0.0958941533492972,0.1397451336613653,0.0014430835830835833,0.0007788511488511489,0.0,0.0006642324342324342,0.0,0.5397131240221711,0.0,0.46028687597782897,0.0,0.5317119463203464,1902.9837658306371,0.000530240705509328,2.609391303898978e-05,3.829396275837153e-05,5.4821484479515156e-05,2.214501114087443e-08,0.0004199183184854299,0.00035092642570288824,2.19951616836805e-05,7.714664142390417e-07,4.093144632862046e-06
945,5649,1.7827704849681323,0.1238599662290632,0.1402956880313126,0.0014436130536130537,0.0,0.0007148884448884449,0.0007287246087246087,0.0,0.0,0.49520780038614404,0.504792199613856,0.0,0.5317712787878788,1902.9869458082487,0.0004737576119541574,1.6501865221495622e-05,2.4014326515309078e-05,9.89503202443649e-05,4.838274333150482e-08,0.0005428229094320736,0.0002670156555459053,2.0257547082611685e-05,2.444348738046571e-07,5.667023523147838e-06
946,6312,1.4482037744563727,0.1112101641256895,0.0178005046994702,0.001447988677988678,0.0,0.0,0.001447988677988678,0.0,0.0,0.0,1.0,0.0,0.5322616112554113,1903.0132251625653,0.0005074847457376318,1.8310812035328986e-05,2.7158959010904238e-05,0.00024685048291533886,3.1388145443958885e-07,0.000539527519256847,9.048094555043275e-05,1.7848027178560583e-05,1.3304849194378451e-08,6.042422753815401e-06
947,5476,1.7041842099725426,0.0732485861856361,0.1238610128927634,0.0014505361305361306,0.0,0.0,0.0008466566766566768,0.0006038761238761239,0.0,0.0,0.5836866814357373,0.4163133185642627,0.5325470787878788,1903.0285244081276,0.0005008917367424309,1.8803202144580896e-05,2.770210788623146e-05,0.00032272865409245304,8.51857438768348e-07,0.0005135935615583583,4.679772112715013e-05,1.916070993076195e-05,3.2496120655478578e-09,6.141175397584566e-06
948,5997,1.8326283545169928,0.1809847278410823,0.1030802068602916,0.0014582683982683985,0.0,0.0,0.0014582683982683983,0.0,0.0,0.0,1.0,0.0,0.5334135567099567,1903.07496041222,0.0005110875371901548,1.8440806163514558e-05,2.7351768876039567e-05,0.00024860442917554426,3.1624346334984276e-07,0.0005433577944037072,9.112181962197424e-05,1.797460218644552e-05,1.339718766837656e-08,6.0837036882606995e-06
949,6520,1.4132783338822092,0.0887144713821903,0.1228408528925212,0.0014584182484182484,0.0006096536796536797,0.0,0.0008487645687645689,0.0,0.41802389699586495,0.0,0.581976103004135,0.0,0.5334303489177489,1903.0758603094298,0.0005302981713602923,2.458355608753597e-05,3.614263244461067e-05,9.669902966199395e-05,4.4675012464427025e-08,0.00045158931768166755,0.0002975103019809201,2.131406078332222e-05,2.3650340544143942e-07,6.150671197419381e-06
950,3069,1.4320469712396748,0.0744107460520144,0.0933864137759501,0.0014592840492840492,0.0,0.0014592807192807193,0.0,0.0,0.0,1.0,0.0,0.0,0.5335273705627706,1903.0810596966596,0.00044572651641840746,1.487400699429577e-05,2.111923908971737e-05,9.93957503273633e-06,3.740183556030932e-09,0.0005251173768169109,0.0003905541765284489,2.2788360816562584e-05,2.9157727400083992e-05,9.323641939284165e-07
951,3761,1.4468872553072896,0.136338326311069,0.1547800113676905,0.0014595637695637698,0.0014595637695637696,0.0,0.0,0.0,1.0,0.0,0.0,0.0,0.5335587160173161,1903.0827394918103,0.0005574077225152047,3.3158926259548754e-05,4.841542597945504e-05,5.1416871641586e-06,1.8278431894619654e-09,0.0002665969685638648,0.0004652399854334069,2.5645560669364813e-05,5.7955665135576496e-05,6.76363130041463e-07
952,6607,1.323551630135512,0.1042160290939575,0.0976187452893027,0.0014615517815517816,0.0,0.0,0.0014615517815517818,0.0,0.0,0.0,1.0,0.0,0.5337814926406926,1903.094677939163,0.000512238283018528,1.8482326801801237e-05,2.7413353108959376e-05,0.0002491646510053236,3.169983051300152e-07,0.0005445811994293739,9.132651287062138e-05,1.801503033739618e-05,1.3426674648183215e-08,6.096884099906271e-06
953,5656,3.037003937030785,0.5738736939384576,0.4363122370045596,0.0014626440226440226,0.0,0.0,0.0,0.0014626440226440226,0.0,0.0,0.0,1.0,0.5339038891774892,1903.101237013911,0.0004944925409512297,1.961082948679032e-05,2.8633818115265242e-05,0.0004109480528461872,6.706470348037003e-06,0.00047986666045543255,6.341157828027705e-06,1.604443502385821e-05,5.7589194643516833e-11,2.2385708030275234e-05
954,117,1.4145624753957509,0.0292304385714014,0.1230072900038886,0.001463899433899434,0.0008696270396270397,0.0,0.0005942723942723943,0.0,0.594048347508809,0.0,0.40595165249119103,0.0,0.5340445705627705,1903.108775887182,0.0005403887488749477,2.7271501550355504e-05,3.9992910656694685e-05,3.8544862238864965e-05,1.4858768964433348e-08,0.00041315076025966456,0.00038015961857636887,2.2720059297999578e-05,1.6561136755737275e-06,3.066854406763358e-06
955,1888,1.5579549333050366,0.0698224326153749,0.1388739638114284,0.0014727905427905428,0.0008324808524808525,0.0,0.0,0.0006403096903096903,0.5652404929919802,0.0,0.0,0.4347595070080198,0.5350409082251082,1903.1621659713105,0.0005344013293482157,2.7497757746082058e-05,4.0149540559174304e-05,0.0001210504709303704,5.8074615663698326e-08,0.000395043726022576,0.0003299167134241098,2.453002979253434e-05,1.4290035181638988e-07,9.023961607214576e-06
956,5537,1.745615902868053,0.1446752880434821,0.1537901992667041,0.0014736563436563437,0.0,0.0,0.0014736563436563437,0.0,0.0,0.0,1.0,0.0,0.5351379298701299,1903.1673648244257,0.0005164806370612624,1.8635397309075143e-05,2.7640390316528836e-05,0.0002512299891582551,3.1978281019693124e-07,0.0005490914198087256,9.208112026543844e-05,1.8164071571250714e-05,1.3535355610524817e-08,6.145456113271219e-06
957,6775,1.681015341903105,0.3169202153714318,0.1022126680193472,0.0014745587745587745,0.0,0.0,0.0014745621045621046,0.0,0.0,0.0,1.0,0.0,0.5352390562770563,1903.172783594774,0.0005167980841863309,1.8646851278257677e-05,2.765737907043775e-05,0.0002513845349696238,3.19991232592051e-07,0.0005494289108531955,9.213758551018743e-05,1.8175223974436512e-05,1.354348704300963e-08,6.149090034577882e-06
958,5613,1.618388668910226,0.0869769443194292,0.0453972323424414,0.001474988344988345,0.0,0.0,0.0014749883449883452,0.0,0.0,0.0,1.0,0.0,0.535287193939394,1903.1753629971622,0.0005169474710687161,1.8652241381402398e-05,2.766537377815959e-05,0.0002514572630442725,3.200893827133096e-07,0.0005495877301693197,9.216415675606467e-05,1.8180472095176867e-05,1.3547312520054144e-08,6.1507994100352525e-06
959,6913,1.9164420549661605,0.1462071024856943,0.1447932018710434,0.0014811388611388613,0.0,0.0,0.001481142191142191,0.0,0.0,0.0,1.0,0.0,0.5359764207792208,1903.2122935721245,0.0005191042441831516,1.8730060995554302e-05,2.778079737089366e-05,0.00025250727349052,3.2150612943702915e-07,0.0005518806840412121,9.254778024991048e-05,1.8256242134017612e-05,1.3602547494309149e-08,6.175479954645012e-06
960,6159,1.9416513620463252,0.1779229406472473,0.0830026428933872,0.0014842823842823845,0.0,0.0,0.0007267965367965367,0.0007574858474858476,0.0,0.0,0.4896619029457294,0.5103380970542706,0.536328683982684,1903.231168128011,0.0005108162482067452,1.9347055799027413e-05,2.8461150431324892e-05,0.0003475270603032754,1.167905840282302e-06,0.0005193296252201192,3.790056120769235e-05,1.9730617843116288e-05,2.1594308012747032e-09,6.280918108134007e-06
961,174,0.9273269165396189,0.3034013511759434,0.1010685467925855,0.001485950715950716,0.0,0.001485950715950716,0.0,0.0,0.0,1.0,0.0,0.0,0.5365156372294373,1903.241185066433,0.0004538726698976829,1.5145846203685795e-05,2.150521694082833e-05,1.0119609174485025e-05,3.811944910221136e-09,0.000534715660682917,0.00039769361620648456,2.320484033951167e-05,2.9689444560210645e-05,9.486773514658965e-07
962,5818,1.303841987113074,0.100451971898595,0.1432137768910932,0.0014911621711621713,0.0,0.0,0.0014911621711621711,0.0,0.0,0.0,1.0,0.0,0.5370996329004329,1903.2724747334082,0.0005226160030042213,1.885677052963606e-05,2.7968735461010998e-05,0.00025421696685983545,3.238145394976581e-07,0.0005556141787631671,9.31723966888965e-05,1.8379612856945884e-05,1.3692458960276946e-08,6.215647055725143e-06
963,5050,2.1690908047432615,0.105188936408024,0.2056851859238969,0.0014914851814851816,0.0,0.0,0.0006487945387945388,0.0008426906426906427,0.0,0.0,0.4349989841323709,0.5650010158676292,0.5371358294372295,1903.2744140545958,0.0005122845936498476,1.950307525007368e-05,2.8666151994404835e-05,0.0003591941239260406,1.4205005871658742e-06,0.0005182196624662856,3.23704677247979e-05,1.9824985686084896e-05,1.6202004802894077e-09,6.355642514488651e-06
964,6920,2.3088499490880756,0.1971985421780504,0.0846255634564078,0.0014921378621378623,0.0,0.0,0.0014921411921411923,0.0,0.0,0.0,1.0,0.0,0.5372089688311689,1903.2783326693088,0.0005229591259996997,1.8869150922796594e-05,2.7987098305309603e-05,0.0002543840161258545,3.24040136525519e-07,0.0005559789668823013,9.323342554971045e-05,1.8391666975803286e-05,1.3701243191323494e-08,6.2195711446274855e-06
965,6040,2.0009564881737494,0.155280062512339,0.1340865363379515,0.0014935031635031637,0.0,0.0,0.0014934998334998335,0.0,0.0,0.0,1.0,0.0,0.5373619645021646,1903.2865297123915,0.0005234352966873023,1.888633187657039e-05,2.801258143617297e-05,0.00025461584150015116,3.243533889913352e-07,0.0005564852034586147,9.331811675959028e-05,1.8408394961708843e-05,1.371343073158001e-08,6.225014731253871e-06
966,5221,1.2308261260551492,0.2773428832680144,0.1192527195413467,0.0014972027972027973,0.0,0.0,0.0014972027972027973,0.0,0.0,0.0,1.0,0.0,0.5377765454545455,1903.3087412977552,0.0005247330952280233,1.8933158397640154e-05,2.8082035459506462e-05,0.0002552476781716425,3.252070415062464e-07,0.0005578649462823897,9.354894293516809e-05,1.8453987037304155e-05,1.3746649616579523e-08,6.2398524043288765e-06
967,5762,1.961301746973458,0.0401556888177375,0.16285962241479,0.0014987712287712288,0.0,0.0,0.0014987712287712288,0.0,0.0,0.0,1.0,0.0,0.5379523038961039,1903.318157553127,0.0005252827922717999,1.8952992292805494e-05,2.8111453485576672e-05,0.00025551530057282986,3.2556870954695914e-07,0.0005584493517424693,9.364671100247859e-05,1.8473297975324517e-05,1.3760718397550463e-08,6.246136036003975e-06
968,5579,2.729546757809147,0.3114124397084766,0.2872810542226513,0.0015000999000999004,0.0,0.0,0.0007015617715617716,0.0007985381285381286,0.0,0.0,0.4676767004084532,0.5323232995915468,0.5381011948051948,1903.3261342983246,0.0005158510850316654,1.9578365368952698e-05,2.879150904279687e-05,0.00035528414182299864,1.2724812723570798e-06,0.0005233955113220168,3.597677756488098e-05,1.9948080038406207e-05,1.948635825399156e-09,6.357233601460895e-06
969,5242,1.5968850902928755,0.1552377685614701,0.0649903796074493,0.0015012321012321012,0.0,0.0,0.0015012321012321014,0.0,0.0,0.0,1.0,0.0,0.5382280692640693,1903.3329314650202,0.0005261452681005705,1.8984111716430093e-05,2.8157610430939488e-05,0.00025593520151242355,3.2613625744232464e-07,0.0005593662851514862,9.380010848373393e-05,1.850359678810672e-05,1.378279096853497e-08,6.25599415078875e-06
970,6100,1.2993048923470247,0.0136884982003694,0.1551710008056286,0.0015069996669996673,0.0,0.0,0.001506999666999667,0.0,0.0,0.0,1.0,0.0,0.5388743826839827,1903.367556177898,0.0005281666593528445,1.9057046549607096e-05,2.8265788819800645e-05,0.00025691933137359933,3.274668584654516e-07,0.0005615153090613338,9.41596225534249e-05,1.857460791467973e-05,1.383451591165704e-08,6.2790934520799355e-06
971,5358,1.7682299238411014,0.0701952994688672,0.0823643739807327,0.0015074991674991678,0.0,0.0,0.0015074991674991676,0.0,0.0,0.0,1.0,0.0,0.5389303567099567,1903.3705547867821,0.0005283417221056396,1.9063363076729818e-05,2.8275157617912177e-05,0.0002570045619005147,3.275821219157011e-07,0.0005617014254511315,9.419075841775082e-05,1.8580757812395428e-05,1.3838995177790393e-08,6.28109406080094e-06
972,5437,2.067901491337415,0.1147310886045494,0.1581562946358968,0.0015133133533133535,0.0,0.0,0.0015133133533133535,0.0,0.0,0.0,1.0,0.0,0.5395818943722944,1903.4054578064977,0.0005303794525481746,1.9136887452438276e-05,2.8384210427930412e-05,0.0002579966544407619,3.28924150479606e-07,0.0005638678202344084,9.455317067155294e-05,1.865234225980315e-05,1.3891127804239664e-08,6.304371565297789e-06
973,6648,1.6157959409154339,0.0364578142387809,0.0468841608330513,0.0015145021645021645,0.0,0.000723050283050283,0.0,0.0007914518814518814,0.0,0.4774177944393751,0.0,0.5225822055606248,0.5397151125541125,1903.412594155943,0.0004884254210078887,1.7981456484198456e-05,2.5958302134096118e-05,0.00020413944780575053,1.4065096666740552e-07,0.0005342466559769999,0.0002200983364876398,2.346322229382402e-05,4.867134509951767e-08,1.0421873097206553e-05
974,5477,1.5219552433423291,0.0731875262646569,0.0866508781193598,0.0015177822177822177,0.0,0.0,0.0015177822177822177,0.0,0.0,0.0,1.0,0.0,0.5400826753246752,1903.4322837691573,0.0005319456806431813,1.9193399315096204e-05,2.8468029941701583e-05,0.0002587591939427459,3.299560672650806e-07,0.0005655329415460557,9.483172248320811e-05,1.8707362651582347e-05,1.3931191381478386e-08,6.322259241844149e-06
975,6957,1.3360375223253855,0.1012393792808539,0.1158396802018297,0.0015182650682650685,0.0,0.0,0.0015182650682650685,0.0,0.0,0.0,1.0,0.0,0.5401367835497836,1903.4351822011522,0.0005321149079708832,1.919950529131484e-05,2.8477086446542736e-05,0.00025884158526009386,3.300675874778599e-07,0.0005657128540577841,9.486181867739352e-05,1.871330745382999e-05,1.3935519748244952e-08,6.324191253552968e-06
976,5886,1.221524151588391,0.0582387788555886,0.1419726823712069,0.0015186580086580088,0.0,0.0,0.0015186580086580088,0.0,0.0,0.0,1.0,0.0,0.5401808164502164,1903.4375409177358,0.000532252624003082,1.9204474292651375e-05,2.8484456567723807e-05,0.0002589086339481017,3.3015834112208837e-07,0.0005658592656189694,9.48863115504955e-05,1.87181452936363e-05,1.3939042226560928e-08,6.325764310093898e-06
977,6185,1.8446818256211577,0.0399439787778252,0.0300444905825435,0.0015192241092241094,0.0,0.0,0.0015192241092241091,0.0,0.0,0.0,1.0,0.0,0.5402442536796537,1903.440939057097,0.0005324510284562498,1.9211633023390457e-05,2.8495074538916872e-05,0.0002590052309129258,3.302890991466468e-07,0.0005660701975294404,9.492159649574492e-05,1.8725115051599816e-05,1.3944116694425066e-08,6.328029168809401e-06
978,5501,2.5491403782397657,0.371590130453598,0.1290670698365828,0.0015295571095571097,0.0,0.0,0.0007895138195138196,0.0007400432900432901,0.0,0.0,0.5161715208805946,0.48382847911940535,0.5414021696969697,1903.5029626784824,0.0005269001255682749,1.9906292730683235e-05,2.9296028114985897e-05,0.00035313271529656285,1.106075317387369e-06,0.0005369760062442533,4.192954597459459e-05,2.030778925080094e-05,2.5310595665791608e-09,6.4562888560226045e-06
979,6740,1.8491705437899857,0.1205355428190051,0.0946639479696702,0.0015295571095571097,0.0,0.0,0.000723036963036963,0.0008065234765234765,0.0,0.0,0.47270898510211684,0.5272910148978832,0.5414021696969697,1903.5029626784824,0.0005260773128626273,1.9956999824412542e-05,2.9350632073637545e-05,0.0003613218890098777,1.2767744513632894e-06,0.0005340172239404391,3.722021212286628e-05,2.0337356257646757e-05,2.0390175688297582e-09,6.47271362658533e-06
980,5936,1.3224662346940264,0.0784038216650218,0.1231342159989792,0.0015320945720945721,0.0,0.0,0.0015320912420912422,0.0,0.0,0.0,1.0,0.0,0.5416865177489177,1903.518193044296,0.0005369606449682515,1.937434676207172e-05,2.8736414778269945e-05,0.00026120082604399336,3.3326271221933484e-07,0.0005708645557996203,9.572359960305452e-05,1.8883531990161933e-05,1.4059433599538512e-08,6.379503527165209e-06
981,6492,2.7223834448883992,0.5063535216285872,0.0810671012371516,0.0015325241425241426,0.0,0.0,0.0,0.0015325241425241426,0.0,0.0,0.0,1.0,0.5417346554112554,1903.5207713859645,0.0005181177002562475,2.054776772621799e-05,3.0001843835497018e-05,0.000430609885963651,7.0620325333674425e-06,0.0005027930457155076,6.615973420126043e-06,1.677583314476507e-05,5.992876279860976e-11,2.339192642241664e-05
982,6836,2.1178817060420254,0.0999504323910051,0.1551691779643263,0.0015352614052614052,0.0,0.0,0.0015352614052614052,0.0,0.0,0.0,1.0,0.0,0.542041393073593,1903.5372006329326,0.000538071709905991,1.9414435654210577e-05,2.8795875416951133e-05,0.00026174177350059215,3.339957472681654e-07,0.0005720457745100352,9.59211908428674e-05,1.8922561844646307e-05,1.4087838843298943e-08,6.392181468724625e-06
983,6026,1.439536494353395,0.1128508738205019,0.0173035316891797,0.001536926406926407,0.0006333666333666333,0.0,0.0009035631035631036,0.0,0.41209862633791217,0.0,0.5879013736620878,0.0,0.5422279731601731,1903.5471939348924,0.0005585597046312572,2.5815241147456905e-05,3.7957038280822904e-05,0.00010408843854120209,4.860192976214197e-08,0.00047727999867031186,0.0003105291664819669,2.2414146763287303e-05,2.3740048366954715e-07,6.552016874368277e-06
984,5406,1.8628632085939607,0.1582847754349797,0.0615666866101205,0.001537076257076257,0.0,0.0,0.001537076257076257,0.0,0.0,0.0,1.0,0.0,0.5422447653679654,1903.5480933262334,0.0005387077712411465,1.943738570275646e-05,2.8829915383423034e-05,0.000262051455794252,3.3441550370670875e-07,0.0005727219974079302,9.603430643738441e-05,1.894490550711071e-05,1.4104098546951875e-08,6.3994379720482e-06
985,6644,1.8446561183520849,0.1177905673666434,0.0952392526972161,0.0015374825174825175,0.0,0.0,0.0015374825174825175,0.0,0.0,0.0,1.0,0.0,0.542290290909091,1903.5505316712447,0.0005388501556134199,1.9442523144816273e-05,2.8837535339220414e-05,0.00026212077938094825,3.345094763710878e-07,0.0005728733720751292,9.605962751556453e-05,1.8949907198861302e-05,1.4107738186648275e-08,6.401062143618222e-06
986,5256,1.7792278328475968,0.2539565241473717,0.0866606449130286,0.0015380719280719281,0.0,0.0,0.0015380719280719281,0.0,0.0,0.0,1.0,0.0,0.5423563402597402,1903.5540692575632,0.0005390567296617181,1.9449976646821084e-05,2.8848590520992022e-05,0.0002622213559241986,3.3464582129922543e-07,0.000573092989420321,9.609636331397889e-05,1.8957163744108985e-05,1.4113018490078018e-08,6.4034179959007904e-06
987,5265,1.167865673953563,0.062959300690985,0.0938730256387739,0.001538894438894439,0.0,0.0,0.001538891108891109,0.0,0.0,0.0,1.0,0.0,0.5424485108225108,1903.5590058644016,0.0005393438325763021,1.9460335751302344e-05,2.8863955349894935e-05,0.0002623611395898176,3.348353679471914e-07,0.0005733982203075346,9.61474205299958e-05,1.8967249061773172e-05,1.4120356541251662e-08,6.406692862245692e-06
988,6779,1.4037898103473618,0.0155886621866949,0.0856197720301628,0.0015402997002997006,0.0,0.0,0.0015402997002997004,0.0,0.0,0.0,1.0,0.0,0.5426059844155844,1903.5674400000091,0.0005398375095391842,1.947814835778841e-05,2.8890375360569456e-05,0.0002626014993343425,3.351612049701415e-07,0.0005739230685390752,9.623521400877144e-05,1.8984590979238192e-05,1.4132975760723122e-08,6.412324101500539e-06
989,6996,1.463604066628221,0.144303637756253,0.138090554601542,0.0015415551115551117,0.0,0.0,0.0015415551115551115,0.0,0.0,0.0,1.0,0.0,0.5427466658008658,1903.5749746893005,0.0005402775005912092,1.9494023895956848e-05,2.8913922273156438e-05,0.0002628157210621037,3.354516778660233e-07,0.0005743908410774586,9.631345981099678e-05,1.9000046944739387e-05,1.4144221624446882e-08,6.417342493164786e-06
990,5950,1.674370042378762,0.0260254681166071,0.0607645819371684,0.0015417016317016317,0.0,0.0,0.0015417016317016317,0.0,0.0,0.0,1.0,0.0,0.5427630848484848,1903.5758540650759,0.0005403288523320291,1.9495876743912844e-05,2.891667045393582e-05,0.00026284072316486834,3.354855814552616e-07,0.0005744454352199127,9.632259184966295e-05,1.9001850821758828e-05,1.4145534095845805e-08,6.417928094316558e-06
991,6655,1.8619373987302537,0.0535584335266257,0.1341395317555301,0.001541831501831502,0.0,0.0,0.001541831501831502,0.0,0.0,0.0,1.0,0.0,0.542777638095238,1903.5766335110159,0.0005403743686477559,1.9497519040964752e-05,2.891910634144482e-05,0.00026286288408420286,3.3551563251081795e-07,0.0005744938254825335,9.633068619205125e-05,1.9003449712606422e-05,1.4146697431658035e-08,6.41844718514222e-06
992,6253,1.8843259008793976,0.1197036284283465,0.0215086464506668,0.0015433000333000334,0.0,0.0,0.0015433033633033633,0.0,0.0,0.0,1.0,0.0,0.5429422017316017,1903.585447195512,0.0005408902202259921,1.9516131740886366e-05,2.8946713066546802e-05,0.00026311404083042894,3.358561864834603e-07,0.0005750422484585733,9.642242241201631e-05,1.902157050020277e-05,1.4159882233324289e-08,6.42433057938081e-06
993,2,1.5217621798340568,0.0486402161790325,0.1075853648632905,0.0015444888444888446,0.0015444921744921746,0.0,0.0,0.0,1.0,0.0,0.0,0.0,0.5430754199134199,1903.5925820151826,0.0005898418989144585,3.508836214654926e-05,5.1232599842021736e-05,5.437823469205638e-06,1.939630335106491e-09,0.00028211199129604854,0.0004923141949771105,2.7137806970554935e-05,6.132555724589031e-05,7.139500146368955e-07
994,1399,1.655190852473896,0.1603862066424343,0.0830457715823834,0.0015475457875457877,0.0007347685647685648,0.0008127772227772229,0.0,0.0,0.474796009708905,0.525203990291095,0.0,0.0,0.5434179809523809,1903.61092841587,0.0005288650743804422,2.4977144824509293e-05,3.6135933297055394e-05,7.727151286848763e-06,2.831767085228133e-09,0.00042688577220576277,0.00045213422494899566,2.5603030321746462e-05,4.521462451334183e-05,8.548213657801887e-07
995,5095,2.046511055305968,0.2113369383624001,0.1044422438008937,0.001548151848151848,0.0,0.0,0.001548148518148518,0.0,0.0,0.0,1.0,0.0,0.5434858961038961,1903.61456567208,0.0005425883289281045,1.9577402053976746e-05,2.903759040822866e-05,0.0002639408172963837,3.369777606468049e-07,0.0005768475774940465,9.67243999411025e-05,1.9081220989349113e-05,1.4203276679455347e-08,6.4436925015342716e-06
996,1465,1.3932960943340147,0.0526325120007853,0.0816418031504892,0.001548814518814519,0.0007955810855810856,0.0007532334332334332,0.0,0.0,0.5136709889509771,0.48632901104902293,0.0,0.0,0.543560154978355,1903.618542653964,0.0005339021786831046,2.5751795023526705e-05,3.729141597753759e-05,7.544187921987013e-06,2.758841529554251e-09,0.0004165623583578935,0.0004555740203999615,2.5741700169569184e-05,4.644410343940914e-05,8.455803243507176e-07
997,3872,1.3286969741389199,0.1603854521742087,0.0718384215819418,0.001553969363969364,0.0,0.0015539726939726942,0.0,0.0,0.0,1.0,0.0,0.0,0.5441378069264069,1903.6494785329671,0.0004746494806257587,1.5839173651583163e-05,2.248965564286898e-05,1.0578520519893758e-05,3.995535351635812e-09,0.0005591963289710628,0.0004159030644211626,2.4267073166158912e-05,3.1045401438853674e-05,9.9016882765127e-07
998,6290,1.6113095036618368,0.074476261553322,0.1132662981460679,0.0015544355644355645,0.0,0.0,0.0015544322344322344,0.0,0.0,0.0,1.0,0.0,0.5441900493506493,1903.6522762952598,0.0005447906183582668,1.9656863965180562e-05,2.9155449888471736e-05,0.00026501307589535416,3.384328632296566e-07,0.0005791889217563812,9.71160305439483e-05,1.9158581614233878e-05,1.4259547168157978e-08,6.468796343134806e-06
999,6615,1.6956954936532582,0.3939234264793121,0.0920433845808967,0.0015572993672993672,0.0,0.0,0.0015572960372960375,0.0,0.0,0.0,1.0,0.0,0.5445109670995671,1903.6694623447438,0.0005457943114742922,1.969307872068416e-05,2.9209164330977856e-05,0.0002655017594980502,3.390962630073169e-07,0.0005802559890973339,9.729451425103595e-05,1.919383847180765e-05,1.4285188848343379e-08,6.480235283200806e-06
1000,3637,1.4409021282619563,0.0338953673523536,0.1217108473935159,0.0015614452214452214,0.0006389910089910091,0.0009224542124542124,0.0,0.0,0.4092305001898052,0.5907694998101949,0.0,0.0,0.5449755515151515,1903.6943415254636,0.0005257876312458668,2.3919138174283558e-05,3.454616561338348e-05,8.128294410408156e-06,2.9916167096736757e-09,0.00044886336772768763,0.00045096673100074514,2.5632886092164572e-05,4.359801556397242e-05,8.790849470445864e-07
1001,5691,1.7566759371507434,0.1294732680947265,0.1225482784212559,0.0015621212121212122,0.0,0.0,0.0015621178821178822,0.0,0.0,0.0,1.0,0.0,0.545051303030303,1903.6983980609048,0.0005474842505812741,1.975405426250881e-05,2.929960446208118e-05,0.0002663245708450203,3.4021358712932387e-07,0.0005820526327186276,9.759502646751564e-05,1.925320083680759e-05,1.4328356917614471e-08,6.499490374400896e-06
1002,5764,1.2020953699434647,0.018427371127201,0.0665633529555355,0.001569090909090909,0.0,0.0,0.0008846919746919748,0.0006843989343989344,0.0,0.0,0.5638245493401924,0.4361754506598075,0.5458323272727272,1903.740221196893,0.0005414454354423582,2.0363817871134134e-05,2.9991885660065643e-05,0.0003529995076518343,9.81535820852803e-07,0.0005541841319017251,4.8360765955191205e-05,2.0760606245617375e-05,3.2225421302788104e-09,6.61653343006453e-06
1003,1673,1.33730687452603,0.1029876352334812,0.1132718558281388,0.0015706260406260408,0.0,0.0015706260406260406,0.0,0.0,0.0,1.0,0.0,0.0,0.5460043541125541,1903.7494327972051,0.00047973612234755367,1.6008916177011992e-05,2.273066890712243e-05,1.0690814171379642e-05,4.040606349289626e-09,0.0005651898032562092,0.0004203612150914074,2.452713209975617e-05,3.137732796925101e-05,1.0002993086361683e-06
1004,6797,1.6100957091389043,0.1387964945347518,0.1487865766078809,0.0015746520146520148,0.0,0.0,0.0015746520146520148,0.0,0.0,0.0,1.0,0.0,0.5464555047619047,1903.7735902882166,0.0005518771585914125,1.9912556983108258e-05,2.9534698836026562e-05,0.00026846344596834757,3.431199581420685e-07,0.0005867229135430403,9.837617198840459e-05,1.9407508243319012e-05,1.4440540214012525e-08,6.549520754969319e-06
1005,6915,0.8732640449299576,0.0944707472631125,0.0812428412104733,0.001575810855810856,0.0,0.0,0.0015758108558108557,0.0,0.0,0.0,1.0,0.0,0.5465853645021646,1903.7805436803067,0.0005522833041778969,1.9927211326032968e-05,2.9556434447645312e-05,0.0002686611961036311,3.43388812268741e-07,0.0005871547035895525,9.844839188080092e-05,1.942177456309734e-05,1.445090992994915e-08,6.554145367077728e-06
1006,6202,1.8980402547813484,0.0942726236878383,0.121105970193817,0.0015825074925074926,0.0,0.0,0.0015825074925074926,0.0,0.0,0.0,1.0,0.0,0.5473357896103896,1903.8207243664324,0.00055463031215037,2.001189489965823e-05,2.9682038800993924e-05,0.0002698039515163877,3.4494295307968593e-07,0.0005896499041251057,9.886572188661999e-05,1.9504215349651196e-05,1.4510825626268438e-08,6.580859597937489e-06
1007,5194,1.6365671844577114,0.0650495242732688,0.1634658787257004,0.001583023643023643,0.0,0.0,0.0015830203130203133,0.0,0.0,0.0,1.0,0.0,0.5473936294372295,1903.823821256409,0.0005548100432432397,2.0018379867504226e-05,2.9691657433721765e-05,0.00026989146302728505,3.450620474118579e-07,0.0005898409836302985,9.889767987073049e-05,1.9510528487449398e-05,1.4515412672397657e-08,6.582904605769617e-06
1008,5209,1.8091056655541065,0.0902590655892526,0.060066175943247,0.001584032634032634,0.0,0.0,0.001584032634032634,0.0,0.0,0.0,1.0,0.0,0.547506696969697,1903.829875143804,0.0005551648370889043,2.0031181362472934e-05,2.9710644864561132e-05,0.0002700642117352831,3.452970170123791e-07,0.0005902181795346817,9.89607670489815e-05,1.952299091114519e-05,1.4524469591783128e-08,6.5869429215334365e-06
1009,5551,1.5687007317720052,0.2270274388807953,0.070591156968108,0.001585094905094905,0.0,0.0,0.0015850949050949053,0.0,0.0,0.0,1.0,0.0,0.5476257350649351,1903.8362486612214,0.0005555371372098486,2.004461451015392e-05,2.973056917521166e-05,0.0002702454855150012,3.4554365273155633e-07,0.0005906139870802513,9.90269657946367e-05,1.953606818483893e-05,1.4533972231343777e-08,6.591179134955152e-06
1010,3344,1.2439520579866463,0.2167722080236188,0.1092448136948858,0.001592057942057942,0.0008613020313020313,0.0,0.0007307559107559107,0.0,0.5409991738043693,0.0,0.45900082619563054,0.0,0.548406012987013,1903.8780249700797,0.0005850435729503215,2.880829870785187e-05,4.227669085442997e-05,6.0033358878130934e-05,2.4364823184077753e-08,0.00046294881343401684,0.0003877841282941497,2.4276159211188422e-05,8.625549046688383e-07,4.473752168464729e-06
1011,5446,1.495105342977408,0.1440569022540513,0.1148126754408429,0.0015997269397269398,0.0,0.0,0.0015997269397269396,0.0,0.0,0.0,1.0,0.0,0.5492654008658009,1903.9240344421246,0.0005606653087817262,2.0229646644668786e-05,3.000501250122547e-05,0.00027274242159968623,3.489429717070719e-07,0.0005960659568775202,9.993878919738143e-05,1.9716196320284562e-05,1.466483273975406e-08,6.649510210956231e-06
1012,5698,1.9714753404011012,0.1254518768889024,0.0525770815678115,0.0016014585414585415,0.0,0.0,0.0016014618714618716,0.0,0.0,0.0,1.0,0.0,0.5494594441558441,1903.9344226841167,0.0005612733600764346,2.0251586048875037e-05,3.003755345999953e-05,0.0002730384876958443,3.493462455132717e-07,0.0005967124011831175,0.00010004690236680173,1.9737554039594758e-05,1.4680345690920756e-08,6.656423910420288e-06
1013,5266,1.7161792704032603,0.1676092112267225,0.03445362807719,0.0016155144855144856,0.0,0.0,0.0016155144855144856,0.0,0.0,0.0,1.0,0.0,0.5510345532467532,1904.018742480777,0.00056619845885507,2.0429291011927552e-05,3.0301128980203966e-05,0.00027543659018860664,3.526151474344485e-07,0.0006019484760185428,0.00010092257434762917,1.991054500514223e-05,1.4805959928790649e-08,6.712397071814095e-06
1014,5739,1.7862593586044453,0.0601549776255216,0.1084629407870236,0.0016195038295038296,0.0,0.0,0.0016195038295038298,0.0,0.0,0.0,1.0,0.0,0.5514815991341991,1904.0426724970343,0.0005675966267073935,2.0479739008547677e-05,3.0375954447788073e-05,0.00027611738529521033,3.5354379121567356e-07,0.0006034349257092243,0.00010117115881907312,1.995965411520637e-05,1.4841610170772228e-08,6.728279647142581e-06
1015,3607,1.5474325085620388,0.0708341990229843,0.1605996634567908,0.0016213053613053612,0.0006480586080586081,0.0009732467532467533,0.0,0.0,0.3997140967552446,0.6002859032447553,0.0,0.0,0.5516834787878788,1904.0534787330307,0.0005447647557063077,2.4642852352916816e-05,3.558203645565032e-05,8.488017497404139e-06,3.133146277218761e-09,0.0004688072197864131,0.00046746908260307014,2.658539461659261e-05,4.496286914072923e-05,9.137645240417944e-07
1016,6761,1.6660421443210371,0.0493611492682998,0.0548254137942349,0.0016252680652680653,0.0,0.0,0.0016252680652680653,0.0,0.0,0.0,1.0,0.0,0.5521275393939393,1904.0772479673788,0.0005696168508746488,2.055263173154386e-05,3.048407037799515e-05,0.0002771010770301644,3.5488611233453127e-07,0.0006055827090347818,0.00010153033523904411,2.0030611753942543e-05,1.4893113610089416e-08,6.751222661947843e-06
1017,4858,1.1404460885446583,0.0942983803672179,0.0386743848983086,0.0016253213453213454,0.0,0.0010149383949383949,0.0006103829503829504,0.0,0.0,0.6244539874283935,0.3755460125716066,0.0,0.55213350995671,1904.0775675491338,0.000523929785422239,1.806367200265641e-05,2.613710241552659e-05,7.065073305961881e-05,3.075623067913579e-08,0.0006121624967568862,0.0003500932249381372,2.3477228599235318e-05,7.763458963667459e-07,4.601745222136732e-06
1018,5187,1.8571985748594873,0.2126753150682263,0.1558495582015299,0.0016254112554112555,0.0,0.0,0.0016254112554112553,0.0,0.0,0.0,1.0,0.0,0.5521435852813853,1904.0781068430688,0.00056966703553045,2.0554442469319037e-05,3.0486756100120454e-05,0.0002771255137945615,3.5491946801191943e-07,0.0006056360624047358,0.00010153925684013617,2.0032374411132727e-05,1.4894392787699606e-08,6.75179183318728e-06
1019,5807,1.3840172782176552,0.1004657470330839,0.1007636777135105,0.0016262204462204463,0.0,0.0,0.0016262204462204463,0.0,0.0,0.0,1.0,0.0,0.5522342632034632,1904.0829604728797,0.0005699506371899782,2.0564675243257845e-05,3.0501933553061137e-05,0.0002772636055527062,3.551079525751698e-07,0.0006059375709831711,0.00010158967863580247,2.004233548765831e-05,1.4901622235859516e-08,6.755012703074268e-06
1020,6927,1.0433958529382648,0.1323564074810018,0.0760873836475472,0.0016265967365967368,0.0,0.0007134898434898435,0.0009131068931068931,0.0,0.0,0.43863966245416786,0.5613603375458321,0.0,0.5522764303030303,1904.0852175010425,0.0005379519169697833,1.8819250412363755e-05,2.7452421125561886e-05,0.00012983706395065087,6.813528898767809e-08,0.000611050274737326,0.0002786997851715938,2.252862999449972e-05,1.892589459698583e-07,6.9348031228285475e-06
1021,6083,1.8539041219508348,0.139481780219185,0.0287239942730627,0.0016359274059274062,0.0,0.0,0.001635927405927406,0.0,0.0,0.0,1.0,0.0,0.5533220251082251,1904.141181867395,0.0005733526900192962,2.0687426420342698e-05,3.0684000529695245e-05,0.00027892015703009617,3.5736997145210344e-07,0.0006095544331641395,0.00010219451402820266,2.0161826434106288e-05,1.498833007501036e-08,6.793630217262871e-06
1022,5701,1.5845793391924932,0.2914205783273293,0.173214447489054,0.0016403263403263404,0.0,0.0,0.0016403263403263406,0.0,0.0,0.0,1.0,0.0,0.5538149696969696,1904.1675649146378,0.0005748944093289118,2.0743053969203453e-05,3.076650841173081e-05,0.00027967086674405835,3.5839562340230257e-07,0.0006111934983325835,0.000102468604333106,2.021597596815753e-05,1.50276151868493e-08,6.811125148057946e-06
1023,6085,2.37358560826959,0.4099857747189826,0.1746892798219762,0.0016420313020313023,0.0,0.0,0.0008604095904095905,0.0007816217116217116,0.0,0.0,0.523990979553926,0.476009020446074,0.5540060277056278,1904.1777903690968,0.0005658042509655975,2.1360293384160863e-05,3.14397432745221e-05,0.00037753001434074284,1.1637437659176071e-06,0.000577033597119726,4.591075145624708e-05,2.178609350785941e-05,2.8142165285410456e-09,6.906953966359999e-06
1024,6122,1.6232483330346372,0.0456985776739106,0.1385579389971398,0.0016547019647019648,0.0,0.0,0.001654701964701965,0.0,0.0,0.0,1.0,0.0,0.5554259021645022,1904.2537783653474,0.0005799327153543547,2.0924843619795327e-05,3.1036142421380705e-05,0.0002821241977979445,3.617499225447803e-07,0.0006165499285995435,0.00010336429801914576,2.039293300737102e-05,1.5155959884674552e-08,6.868268023585032e-06
1025,6336,1.8621104431204505,0.078208755977084,0.0805240973843691,0.0016601065601065603,0.0,0.0,0.0016601065601065603,0.0,0.0,0.0,1.0,0.0,0.5560315411255412,1904.2861884957392,0.0005818268943395976,2.0993188443263154e-05,3.113751281694748e-05,0.000283046551931192,3.630119758127231e-07,0.0006185637081660338,0.00010370102823912961,2.045945999791862e-05,1.5204196665346767e-08,6.889739417431304e-06
1026,5322,1.573525787001023,0.1206841618819933,0.1409428106678242,0.001667635697635698,0.0,0.0,0.0007005827505827506,0.0009670529470529471,0.0,0.0,0.4201053932678503,0.5798946067321498,0.5568752562770563,1904.331336934057,0.0005724796649968934,2.182539691795263e-05,3.20721188729004e-05,0.0004046574794877539,1.69083771744607e-06,0.0005783176322340936,3.4452278997376175e-05,2.2138631692401628e-05,1.6567188798133695e-09,7.091879313291536e-06
1027,5528,1.3818133094487328,0.0275630040181612,0.1257129944252859,0.001667865467865468,0.0,0.0,0.0016678654678654679,0.0,0.0,0.0,1.0,0.0,0.5569010043290044,1904.3327147119437,0.0005845462024330147,2.1091305164569397e-05,3.128304148094661e-05,0.0002843707035941861,3.648247277044094e-07,0.0006214547164302186,0.00010418443452008441,2.055496608280465e-05,1.527343193900247e-08,6.920555049707254e-06
1028,5782,1.691132091228814,0.0383897363037273,0.0892404061155445,0.001684915084915085,0.0,0.0,0.001684911754911755,0.0,0.0,0.0,1.0,0.0,0.5588115844155844,1904.4349435069662,0.0005905205106434021,2.1306867180177414e-05,3.1602767331166164e-05,0.0002872799013085935,3.688112851126359e-07,0.00062780624923928,0.00010524643385077332,2.0764788592119648e-05,1.5425481130165557e-08,6.988210597599345e-06
1029,5280,1.3464417199169638,0.0772221468390761,0.051959046422431,0.0016896503496503497,0.0,0.0,0.0016896470196470198,0.0,0.0,0.0,1.0,0.0,0.5593422181818182,1904.4633337453574,0.0005921801055398996,2.1366747857300798e-05,3.169158353726349e-05,0.00028808805352044387,3.6991964381411904e-07,0.0006295706328548151,0.00010554143502789095,2.0823073961271346e-05,1.5467704320495934e-08,7.006993409885325e-06
1030,5606,1.3830454212317156,0.1059308066421869,0.0888497498873136,0.0016922144522144521,0.0,0.0,0.0016922111222111224,0.0,0.0,0.0,1.0,0.0,0.5596295515151515,1904.4787063985607,0.0005930787610042478,2.139917269653076e-05,3.173967670090269e-05,0.00028852566181881165,3.7051997991889415e-07,0.0006305260304550895,0.00010570117420456211,2.085463478581844e-05,1.5490565240575647e-08,7.017162692099814e-06
1031,5262,1.7306996411332995,0.1798448982909887,0.1467153149234556,0.001694831834831835,0.0,0.0,0.001694831834831835,0.0,0.0,0.0,1.0,0.0,0.5599228554112554,1904.49439819271,0.0005939972569139127,2.1432313408834628e-05,3.17888316616612e-05,0.0002889729329669081,3.711336476556727e-07,0.0006315025212503477,0.00010586443872251188,2.0886892330332326e-05,1.5513929670649476e-08,7.027555043236143e-06
1032,4188,1.1921552961726305,0.0880669590853412,0.1012712391252705,0.0016995038295038298,0.0010185514485514487,0.0006809523809523809,0.0,0.0,0.5993228322697072,0.4006771677302928,0.0,0.0,0.5604463991341991,1904.5224071153707,0.0005969768955211831,3.0080581846146184e-05,4.364152440030458e-05,7.829171204246117e-06,2.866715288937666e-09,0.0004312844270846867,0.0005073096813158062,2.853067970716548e-05,5.3848001709002355e-05,8.999428437757697e-07
1033,4670,1.3323514802410243,0.1813434887018212,0.1191876252638791,0.0017025774225774227,0.0,0.0017025774225774225,0.0,0.0,0.0,1.0,0.0,0.0,0.560790825974026,1904.540833002339,0.0005200396972777931,1.735385670293029e-05,2.464031709669313e-05,1.157975118754255e-05,4.39943526790625e-09,0.000612679163212788,0.00045568580661925175,2.6587685324841457e-05,3.400674572031433e-05,1.0802298182018867e-06
1034,5407,1.3939321615915399,0.0167516991140086,0.1198458963356255,0.0017027072927072928,0.0,0.000734012654012654,0.0009686979686979688,0.0,0.0,0.4310847916389608,0.5689152083610393,0.0,0.5608053792207792,1904.5416115520227,0.0005637037751489677,1.9731420571225166e-05,2.879211944353078e-05,0.00013850134418568984,7.355964489647787e-08,0.0006395599348306147,0.0002886187116961022,2.3541016396665825e-05,1.8874079292996102e-07,7.316960802641274e-06
1035,6787,1.6054073165579277,0.0934894139485053,0.1508485032438242,0.001708837828837829,0.0,0.0,0.001708841158841159,0.0,0.0,0.0,1.0,0.0,0.5614923670995671,1904.5783622667113,0.0005989071835873059,2.160947093953651e-05,3.205159521936264e-05,0.00029136389534105373,3.744164367933554e-07,0.0006367224663632468,0.00010673716573471515,2.1059326428028914e-05,1.563879111594283e-08,7.0830836855972565e-06
1036,6407,1.8870861565272412,0.2237495046750044,0.1600174331496457,0.0017161038961038962,0.0,0.0,0.0017161072261072262,0.0,0.0,0.0,1.0,0.0,0.5623066025974026,1904.6219180608534,0.0006014537630979652,2.170135535408167e-05,3.218788000255839e-05,0.0002926040045679481,3.761205339925878e-07,0.0006394298398666704,0.00010718979961241165,2.1148759541923658e-05,1.5703529674532257e-08,7.111868473887607e-06
1037,6937,1.369698757453902,0.1175999526144692,0.0265887169815175,0.0017167898767898768,0.0,0.0,0.001716789876789877,0.0,0.0,0.0,1.0,0.0,0.5623834735930736,1904.6260299941184,0.0006016930155267852,2.1709987941149392e-05,3.2200684026644154e-05,0.0002927205149622686,3.7628073825880484e-07,0.000639684198973804,0.00010723232328612104,2.115716172458424e-05,1.570961026173788e-08,7.114571205233192e-06
1038,6347,1.9236192386714817,0.0957102646906488,0.05219930350748,0.0017295837495837497,0.0,0.0,0.0017295837495837497,0.0,0.0,0.0,1.0,0.0,0.563817154978355,1904.7027158479343,0.0006061769561683769,2.187177525585265e-05,3.244065017560753e-05,0.00029490408924851246,3.792837961394024e-07,0.000644451260882412,0.00010802928016753879,2.1314630328034105e-05,1.5823561275835583e-08,7.165224740541447e-06
1039,424,1.3161882580523905,0.1517973735988719,0.0463809649146266,0.0017296803196803197,0.0,0.00172968031968032,0.0,0.0,0.0,1.0,0.0,0.0,0.5638279766233767,1904.703294657726,0.0005283180769965873,1.7630108335496833e-05,2.503256003965631e-05,1.1762160575172711e-05,4.47351701327422e-09,0.0006224336354947787,0.0004629416788422129,2.701092387924847e-05,3.454670200015342e-05,1.0965704832345633e-06
1040,5142,1.5711030681229423,0.1890144838873717,0.0322146736971448,0.0017296903096903097,0.0,0.0,0.0017296903096903097,0.0,0.0,0.0,1.0,0.0,0.5638290961038961,1904.703354534578,0.0006062143028889732,2.1873122781638828e-05,3.244264885253798e-05,0.00029492227565956655,3.7930881798315424e-07,0.0006444909657187949,0.0001080359185866162,2.1315941873905754e-05,1.582451029317599e-08,7.1656471929964095e-06
1041,6098,1.4754193298258853,0.0939604811449365,0.129578903330291,0.0017394971694971698,0.0,0.0008421212121212121,0.0008973759573759574,0.0,0.0,0.48411760989794606,0.515882390102054,0.0,0.5649280528138528,1904.7621315803951,0.0005717281087273787,1.9931422552505013e-05,2.9018966198068302e-05,0.0001230970914314192,6.163727609362388e-08,0.000653963998392921,0.0003170773563217918,2.434687488476875e-05,2.717137122231492e-07,6.913957267196385e-06
1042,1253,1.494783384072904,0.0342245392417949,0.1477827202518097,0.0017415684315684318,0.0,0.0017415684315684318,0.0,0.0,0.0,1.0,0.0,0.0,0.5651601584415584,1904.774545084336,0.0005319492129587565,1.7751280264267262e-05,2.5204609100521104e-05,1.1842151352144118e-05,4.506052125884144e-09,0.0006267122419965089,0.0004661243327820138,2.7196568467991855e-05,3.4783528594102336e-05,1.1037295790734987e-06
1043,5178,1.7977890952047915,0.030600687108339,0.1563377276721779,0.0017423709623709625,0.0,0.0,0.0017423709623709625,0.0,0.0,0.0,1.0,0.0,0.5652500900432901,1904.7793547687331,0.0006106585626399314,2.2033478350194274e-05,3.268049140726275e-05,0.000297086557016671,3.8228830572954557e-07,0.0006492158412845357,0.00010882579201515865,2.1472013944292214e-05,1.5937407186941005e-08,7.215818632811365e-06
1044,6035,1.7617116414710248,0.1577998523803595,0.1360407747888536,0.001746916416916417,0.0,0.0,0.001746916416916417,0.0,0.0,0.0,1.0,0.0,0.5657594536796537,1904.806595821027,0.0006122516336903667,2.2090958747011025e-05,3.276574747007769e-05,0.0002978623643911279,3.8335704631165205e-07,0.0006509095007355466,0.00010910891880099797,2.1527958170320226e-05,1.5977864657105816e-08,7.233794141759233e-06
1045,5640,1.5472402853188856,0.1071030580405985,0.0591068623263231,0.001746926406926407,0.0,0.0,0.001746929736929737,0.0,0.0,0.0,1.0,0.0,0.5657605731601731,1904.806655690496,0.0006122563020304413,2.20911271877343e-05,3.2765997304694e-05,0.0002978646365237042,3.8336012291531516e-07,0.0006509144638392354,0.00010910974977218816,2.1528122164680988e-05,1.5977984143340958e-08,7.233848169966705e-06
1046,2651,1.5683126672738033,0.1119274217789557,0.1263338959815456,0.0017543756243756244,0.0,0.0017543756243756244,0.0,0.0,0.0,1.0,0.0,0.0,0.5665953324675325,1904.8512971666116,0.0005358610753986732,1.78818201068586e-05,2.5389959433318295e-05,1.1928313538903457e-05,4.5411305071783116e-09,0.0006313216426728128,0.00046955305339097057,2.739656538354618e-05,3.503865332003418e-05,1.1114325725797899e-06
1047,4662,1.0272831879157158,0.2994732857650572,0.0865055923296485,0.0017595704295704296,0.0017595704295704294,0.0,0.0,0.0,1.0,0.0,0.0,0.0,0.5671774623376623,1904.8824270516245,0.0006719803315240495,3.997459195636688e-05,5.8366995444102103e-05,6.186266100145261e-06,2.2254444345083376e-09,0.00032140444245120844,0.0005608802088110038,3.091686652225816e-05,6.98585013168607e-05,8.082642848959796e-07
1048,4427,1.3753124130485632,0.137705639221691,0.0642331815667171,0.0017628205128205128,0.0,0.0008833799533799534,0.0008794405594405594,0.0,0.0,0.5011173553719008,0.49888264462809917,0.0,0.5675416666666666,1904.9019025964224,0.000578044366568074,2.0125154989057112e-05,2.927967533374097e-05,0.00011881464139717988,5.8474154244205125e-08,0.0006629145500387087,0.0003285047735045,2.4769485794637427e-05,3.0939104037064347e-07,6.797647771802353e-06
1049,5490,1.3697494248026332,0.0735440840329078,0.1401048430412182,0.00176985014985015,0.0,0.0,0.00176985014985015,0.0,0.0,0.0,1.0,0.0,0.5683294077922079,1904.9440248947185,0.000620289348213699,2.2380971562305497e-05,3.319590022070517e-05,0.0003017766947447369,3.8875509470536477e-07,0.0006594547261999656,0.00011053735735725004,2.1810214554925705e-05,1.6181901856676673e-08,7.32442683481745e-06
1050,2856,1.1796323620514455,0.1550237439897812,0.0658982982843714,0.001787708957708958,0.0,0.0017877089577089578,0.0,0.0,0.0,1.0,0.0,0.0,0.5703306658008658,1905.0510271553064,0.0005460424958416183,1.8221576691450203e-05,2.5872371505939183e-05,1.2152503371202944e-05,4.632564044671867e-09,0.0006433185900862797,0.00047847706345079756,2.7917098042389234e-05,3.570262615523604e-05,1.1314632215311468e-06
1051,6977,2.8059279511704736,0.5409098796727578,0.0709377304338278,0.0017908591408591409,0.0,0.0,0.0017908591408591409,0.0,0.0,0.0,1.0,0.0,0.5706836753246753,1905.06990027301,0.0006276524875962607,2.264664469308709e-05,3.358995186927621e-05,0.0003053625978871596,3.937086429079258e-07,0.0006672827831693218,0.00011184582463043833,2.2068773685362886e-05,1.6368685326335723e-08,7.407356460856131e-06
1052,5336,1.4671033991002909,0.1548371310728044,0.0318830517056634,0.0018087345987345988,0.0,0.0,0.0018087345987345988,0.0,0.0,0.0,1.0,0.0,0.5726867991341992,1905.1769861871837,0.000633917399976288,2.2872692143718818e-05,3.392522992436091e-05,0.00030841372196810753,3.979297913419326e-07,0.0006739432698434142,0.00011295906580404742,2.2288761771187583e-05,1.6527512132534852e-08,7.47784475773304e-06
1053,5693,1.3472676227949671,0.1655146408905384,0.1577229241063783,0.0018096869796869798,0.0,0.0006180586080586081,0.0011916283716283717,0.0,0.0,0.3415279078625593,0.6584720921374406,0.0,0.572793522943723,1905.182691199911,0.0006064181419888769,2.1368644217588078e-05,3.129534755023759e-05,0.00017994996259536306,1.0782719477929798e-07,0.0006786550780494527,0.00026728206575273033,2.449187794490607e-05,1.1803439304593471e-07,8.441495561302371e-06
1054,5796,1.80945178555302,0.0337398810668608,0.0753596870612869,0.0018104129204129205,0.0,0.0,0.0018104129204129203,0.0,0.0,0.0,1.0,0.0,0.5728748718614719,1905.187039749932,0.0006345056108256794,2.2893915674851155e-05,3.395670908601565e-05,0.0003087001941581908,3.9832641725473353e-07,0.0006745686210558542,0.000113063584688535,2.230941608679236e-05,1.6542419747065697e-08,7.48445955722917e-06
1055,5559,1.9771143493601997,0.0859463820635268,0.0987521155341652,0.0018126606726606728,0.0,0.0,0.0018126606726606726,0.0,0.0,0.0,1.0,0.0,0.573126754978355,1905.2005041537518,0.0006352933932132574,2.2922340046903394e-05,3.399886867751755e-05,0.0003090838633802521,3.988576957279007e-07,0.0006754061450023727,0.0001132035642270598,2.2337078033565954e-05,1.6562384015910564e-08,7.49331746772758e-06
1056,5669,1.6773833280010015,0.1302889317337319,0.0552951582663309,0.0018166799866799867,0.0,0.0,0.0018166799866799867,0.0,0.0,0.0,1.0,0.0,0.5735771593073593,1905.224579962621,0.0006367020648307486,2.297316703515088e-05,3.4074256272988344e-05,0.00030976992270643995,3.998079315209326e-07,0.0006769037618998312,0.00011345386646239398,2.2386541461288246e-05,1.6598079624597327e-08,7.509154568626723e-06
1057,6604,1.7756227530688675,0.0411515816301288,0.0493425810225382,0.0018194305694305695,0.0,0.0,0.0018194305694305695,0.0,0.0,0.0,1.0,0.0,0.5738853896103896,1905.2410556348698,0.0006376660770561403,2.300795004450666e-05,3.412584712125585e-05,0.0003102394229988934,4.0045838862295917e-07,0.0006779286430600709,0.00011362515709770953,2.2420391158340035e-05,1.662250502987208e-08,7.519990842535726e-06
1058,5181,1.4604378272616902,0.1024790290841059,0.0231035859549269,0.0018220346320346322,0.0007449084249084249,0.0,0.0010771295371295373,0.0,0.40883254928192586,0.0,0.5911674507180742,0.0,0.5741772008658009,1905.256653369549,0.0006619883445345039,3.054415694402667e-05,4.491247906498157e-05,0.00012486592736622672,5.9217565801486674e-08,0.0005667204375761608,0.00036613386014016486,2.6540556642824272e-05,2.7298220327200313e-07,7.769755479358677e-06
1059,5360,1.5840615656215855,0.0677396568669476,0.0482385079028983,0.0018281851481851484,0.0,0.0,0.0018281818181818184,0.0,0.0,0.0,1.0,0.0,0.5748664277056277,1905.2934923893717,0.0006407331764851105,2.311861559969671e-05,3.4289988464169894e-05,0.0003117331950836103,4.0252887305684494e-07,0.0006811894029893499,0.00011417012418754108,2.252808629753355e-05,1.6700201749698246e-08,7.554455625340302e-06
1060,5553,1.4414071039248515,0.5318274593273564,0.1356556319085476,0.0018334432234432235,0.0,0.0,0.0018334465534465534,0.0,0.0,0.0,1.0,0.0,0.5754556476190477,1905.3249847757875,0.0006425783378995707,2.3185191795570175e-05,3.438873559626544e-05,0.00031263185103896235,4.037750136172536e-07,0.0006831510702151972,0.00011449796999587271,2.2592874955662223e-05,1.6746935835375114e-08,7.575183621044267e-06
1061,6805,1.9398157267403895,0.1944021148513244,0.1427592326694295,0.001833719613719614,0.0,0.0,0.001833719613719614,0.0,0.0,0.0,1.0,0.0,0.5754866199134199,1905.3266401376038,0.0006426740388710987,2.318864483039726e-05,3.439385720589975e-05,0.0003126784615640561,4.0383972119554776e-07,0.0006832528138675629,0.00011451497309799099,2.2596235202854648e-05,1.674935855798792e-08,7.57625770132081e-06
1062,6480,1.509901480013292,0.0808095435192954,0.0383561749185764,0.0018354112554112554,0.0,0.0,0.0018354112554112554,0.0,0.0,0.0,1.0,0.0,0.5756761852813853,1905.336771678332,0.0006432669180605647,2.321003680225287e-05,3.44255862021708e-05,0.0003129672152288853,4.0424027811252544e-07,0.0006838831281967167,0.00011462031361149903,2.261705265841968e-05,1.6764372633691106e-08,7.582916306403918e-06
1063,6470,1.510552312300909,0.0330192816136933,0.1670516779995148,0.0018386713286713287,0.0,0.0,0.0018386713286713287,0.0,0.0,0.0,1.0,0.0,0.5760415090909091,1905.3562964866453,0.0006444094942938075,2.325126266927382e-05,3.4486733224512066e-05,0.0003135236934275304,4.0501237015034683e-07,0.0006850978481365601,0.00011482332005968916,2.2657171184924936e-05,1.6793304880480427e-08,7.595746242234237e-06
1064,5992,1.7711667381164984,0.2962540475288477,0.2071360747235521,0.0018406660006660008,0.0,0.0,0.0018406626706626707,0.0,0.0,0.0,1.0,0.0,0.5762650320346321,1905.368242493046,0.0006451074111349505,2.3276444557403065e-05,3.452408349965004e-05,0.0003138636067845494,4.054841357708175e-07,0.0006858398323308876,0.00011494732071575236,2.2681676528486046e-05,1.6810975220823282e-08,7.6035817232864185e-06
1065,6226,1.7605769634601396,0.2098562207934167,0.0289413000594028,0.0018471894771894773,0.0,0.0,0.0018471861471861472,0.0,0.0,0.0,1.0,0.0,0.5769960528138528,1905.4073101277856,0.0006473937306864545,2.3358938401625783e-05,3.464644000298665e-05,0.00031497713922258445,4.070299376887082e-07,0.0006882705129992873,0.0001153535333473293,2.2761953731395425e-05,1.686885679513979e-08,7.6292462201244665e-06
1066,6695,1.8741066554799444,0.1288598347568463,0.1815653885118902,0.0018706260406260407,0.0,0.0,0.0018706227106227106,0.0,0.0,0.0,1.0,0.0,0.5796223541125541,1905.5476513915332,0.0006556076750476004,2.3655309854223794e-05,3.508602401037974e-05,0.0003189777364057258,4.12589975834765e-07,0.0006970030963259624,0.00011681284724123186,2.3050355055155613e-05,1.707670659620384e-08,7.721377409259473e-06
1067,6532,1.936737506263762,0.1737246333540958,0.0986868776932618,0.0018739826839826842,0.0,0.0,0.001873982683982684,0.0,0.0,0.0,1.0,0.0,0.5799984995670996,1905.5677494918496,0.0006567852638314022,2.369779902666929e-05,3.5149044792343315e-05,0.00031955128853137116,4.133878693496577e-07,0.0006982550395853517,0.00011702205304066999,2.3091700812417e-05,1.710649310984573e-08,7.734576813256573e-06
1068,4685,1.1518389200262964,0.0308391038643551,0.1007901640294702,0.001876993006993007,0.0,0.0018769930069930073,0.0,0.0,0.0,1.0,0.0,0.0,0.5803358363636364,1905.5857735679335,0.0005733136491799043,1.9131622000747908e-05,2.71645226039523e-05,1.2752544900680044e-05,4.878434588359463e-09,0.000675452994040515,0.0005023806718221893,2.9311354985522593e-05,3.748076902490745e-05,1.1849252715861232e-06
1069,5564,1.7802420617445427,0.0172756593755617,0.0179453798133594,0.0018801365301365303,0.0,0.0,0.0007844788544788546,0.0010956576756576757,0.0,0.0,0.41724568503644144,0.5827543149635586,0.5806880995670995,1905.6045947549885,0.0006453620542467933,2.4610626498816858e-05,3.616336497785444e-05,0.0004569091091440595,1.9439678136868145e-06,0.0006517711764647043,3.8436202365041156e-05,2.493819868636463e-05,1.8299392092781253e-09,7.947717088793846e-06
1070,6611,1.5048707527383345,0.0620999931078995,0.1758781047552749,0.0018836696636696636,0.0008874492174492175,0.0,0.0,0.0009962204462204464,0.47112783868926184,0.0,0.0,0.5288721613107381,0.5810840225108225,1905.6257481472574,0.0006757205184116804,3.351852805464127e-05,4.8940481403629636e-05,0.00021883775389523193,1.2646951812341494e-07,0.0005240969498944656,0.00035138496612819816,3.0963601202467904e-05,8.039516122542324e-08,1.397378121922887e-05
1071,6876,3.0879745328570727,0.1127832485135657,0.0954103762064613,0.0019048285048285049,0.0,0.0,0.0,0.0019048285048285049,0.0,0.0,0.0,1.0,0.5834550822510822,1905.7524180596056,0.0006439868299097571,2.5539547854058445e-05,3.729035370440684e-05,0.0005354058105653211,9.01363807553187e-06,0.0006249392770056636,8.037686925445472e-06,2.061528898540973e-05,7.180291062246213e-11,2.8653119516676515e-05
1072,5422,1.4401285268301347,0.0673142766070538,0.0726401972733542,0.0019114019314019316,0.0009206160506160507,0.0,0.0009907858807858807,0.0,0.4816444074328304,0.0,0.5183555925671697,0.0,0.5841917004329005,1905.7917667515944,0.0006988297777366975,3.3444074905053094e-05,4.912141470789247e-05,9.809853083375749e-05,4.283906216622869e-08,0.0005733522602415583,0.0004294124287000531,2.856146583536268e-05,5.39139379390546e-07,6.7354831677802086e-06
1073,5274,1.9470171685993745,0.1128914371267146,0.1415550932435853,0.0019166366966366969,0.0,0.0,0.0019166333666333667,0.0,0.0,0.0,1.0,0.0,0.5847783082251082,1905.8231008597595,0.0006717332887500662,2.423714622258792e-05,3.5949015233760004e-05,0.00032683200742240133,4.2353512398563187e-07,0.0007141469023756097,0.0001196774724097675,2.3616514785870706e-05,1.7484309317744064e-08,7.901919224158642e-06
1074,6167,2.0389981072401704,0.1588130205607194,0.1264257028298712,0.001920779220779221,0.0,0.0,0.001920779220779221,0.0,0.0,0.0,1.0,0.0,0.5852425194805195,1905.8478962301442,0.0006731863095982655,2.4289573397706494e-05,3.602677625808573e-05,0.00032753974643921356,4.245232284521021e-07,0.0007156916688894992,0.00011993557444025849,2.36675275190816e-05,1.752100865825071e-08,7.918166258163691e-06
1075,3318,1.5482388651876355,0.0804799285922351,0.1014407342336926,0.001937965367965368,0.0005113020313020313,0.0014266633366633369,0.0,0.0,0.2638344522321559,0.7361655477678442,0.0,0.0,0.5871683991341992,1905.9507572729262,0.0006310301353083102,2.6157502389218077e-05,3.760767093179799e-05,1.1046653617502159e-05,4.162689642532672e-09,0.0006070191610349546,0.0005452755158001664,3.126307261113215e-05,4.8561493582644074e-05,1.1264482759878926e-06
1076,4083,1.0842535148476375,0.1433441805049821,0.1134534718142831,0.00193971694971695,0.001008001998001998,0.0009317149517149518,0.0,0.0,0.51966447895869,0.4803355210413101,0.0,0.0,0.5873646813852814,1905.9612399780037,0.0006695416329798877,3.2396862443550264e-05,4.6920713613989235e-05,9.388545108509355e-06,3.4855491663794495e-09,0.0005196544209149796,0.0005711712614355206,3.2261277479790936e-05,5.8378750191555675e-05,1.0451236506048116e-06
1077,196,1.4047881531401767,0.0494407477239231,0.0480742850326523,0.0019415517815517815,0.0,0.0009874259074259075,0.0009541258741258741,0.0,0.0,0.5085756232762997,0.4914243767237002,0.0,0.5875702926406926,1905.9722207695365,0.0006359998174718728,2.213011106406301e-05,3.218628875755105e-05,0.00012802760730283146,6.29646339115865e-08,0.0007302141686336814,0.0003652459059846363,2.7326827124233765e-05,3.5809057900013704e-07,7.353853337277666e-06
1078,6356,1.4952950880736091,0.1113812166445203,0.152681110171406,0.001941991341991342,0.0,0.0,0.001941991341991342,0.0,0.0,0.0,1.0,0.0,0.5876195497835498,1905.9748513551656,0.0006806206411669639,2.455781524951799e-05,3.6424637884555455e-05,0.0003311609213793984,4.2958412914757326e-07,0.0007235954141046396,0.0001212560922481228,2.3928527129233355e-05,1.7708699762987966e-08,8.001235775043254e-06
1079,5158,1.622441461928806,0.1473831159416712,0.0297137828790986,0.00194997002997003,0.0,0.0,0.00194997002997003,0.0,0.0,0.0,1.0,0.0,0.5885136415584415,1906.0225990311894,0.0006834169768716109,2.4658711242758235e-05,3.6574288819723663e-05,0.0003325230054083977,4.314898973646517e-07,0.0007265683142213751,0.00012175276737521864,2.402669686870701e-05,1.777926487414247e-08,8.032457158507712e-06
1080,1633,1.3310479171864336,0.0734150951254878,0.0995709339240361,0.00196985680985681,0.0,0.0011122444222444222,0.0008576123876123876,0.0,0.0,0.5646321177655913,0.4353678822344087,0.0,0.5907421541125542,1906.141597644888,0.0006402990857297421,2.2181869062067143e-05,3.218246833949263e-05,0.0001082597649896809,5.0414760604892064e-08,0.0007414651265222629,0.00039678537589607786,2.807832833674644e-05,5.543762201349559e-07,6.5937498625575144e-06
1081,6101,1.3070495446914392,0.1503026961329022,0.0321504468272308,0.0019707026307026307,0.0,0.0,0.0019706993006993008,0.0,0.0,0.0,1.0,0.0,0.5908369367965368,1906.146658496288,0.0006906820811126074,2.4920847118351105e-05,3.696309394135225e-05,0.0003360618643777667,4.3644683904148316e-07,0.0007342921470379059,0.00012304311364236546,2.428174411541699e-05,1.7962514493397377e-08,8.113511529714333e-06
1082,5227,1.6603305603573904,0.037290871566066,0.1088412375944681,0.0019796003996004,0.0,0.0,0.0006682350982350982,0.0013113653013653013,0.0,0.0,0.3375605997907394,0.6624394002092606,0.5918340207792208,1906.1998952020026,0.0006775481573165391,2.6032807677577882e-05,3.820591280025473e-05,0.0004998443665778973,2.8480320335559625e-06,0.0006792275485893259,2.9961082519692366e-05,2.593136123534977e-05,1.130850206336985e-09,8.67800732479206e-06
1083,6411,1.5267679245947177,0.1055138177492279,0.0628118789366213,0.0020035730935730935,0.0,0.0,0.0020035730935730935,0.0,0.0,0.0,1.0,0.0,0.5945204008658008,1906.3433106008956,0.0007022035444165621,2.53365588233877e-05,3.7579685774399216e-05,0.0003416741740844668,4.443241576225866e-07,0.0007465410914694674,0.00012508926403122906,2.468619793703743e-05,1.8252878921211704e-08,8.241873320986469e-06
1084,4243,1.3963754786587843,0.061138811586674,0.0948222376116791,0.0020035997335997335,0.0005633399933399933,0.0006855444555444556,0.0007547152847152846,0.0,0.2811639390308153,0.3421563918421889,0.37667966912699585,0.0,0.5945233861471861,1906.3434699597801,0.0006890434722829831,2.9329613549304407e-05,4.2763781544747434e-05,6.564759395882467e-05,2.7084964713540445e-08,0.0006652648650224318,0.00047987066185987775,3.004551131745853e-05,1.6071490993924869e-06,4.723471496967434e-06
1085,5577,1.4347569031396057,0.2009326210468202,0.0341691046029549,0.002003819513819514,0.0,0.0,0.002003819513819514,0.0,0.0,0.0,1.0,0.0,0.5945480147186147,1906.3447846694185,0.000702289908707941,2.533967497676824e-05,3.7584307714800904e-05,0.000341716244584606,4.443832829714523e-07,0.000746632908922821,0.00012510460095076903,2.4689229624530433e-05,1.8255054305867102e-08,8.242834516941546e-06
1086,5561,1.756783306476466,0.0351541271143003,0.0791902925504975,0.0020085447885447886,0.0,0.0,0.0020085447885447886,0.0,0.0,0.0,1.0,0.0,0.595077529004329,1906.3730504261828,0.0007039460023493826,2.539942932334917e-05,3.7672936544936e-05,0.0003425229737206082,4.455172551489056e-07,0.0007483935706325026,0.00012539869787590993,2.474736407698284e-05,1.829676596831146e-08,8.261267019732572e-06
1087,5417,1.78304952721423,0.1781092421765999,0.0262449519709697,0.0020807525807525805,0.0,0.0,0.002080749250749251,0.0,0.0,0.0,1.0,0.0,0.6031691341991342,1906.8048656878698,0.0007292519068084233,2.631250437402872e-05,3.902722754128501e-05,0.0003548507041205975,4.628969360723927e-07,0.0007752973260639885,0.00012989211721782805,2.5635634326467594e-05,1.8933360560022434e-08,8.542348284966894e-06
1088,6269,2.002417595054431,0.1377869655899454,0.0296239740829944,0.0020894472194472194,0.0,0.0,0.0020894472194472194,0.0,0.0,0.0,1.0,0.0,0.6041434554112555,1906.8568460898211,0.0007323003328770951,2.6422496166325675e-05,3.919036954573382e-05,0.0003563358040869648,4.6499706260693487e-07,0.0007785382342085164,0.00013043334401094332,2.574263153970274e-05,1.9009949330721192e-08,8.576137334463402e-06
1089,4451,0.7415907040198852,0.1245825884268318,0.1390186153877509,0.0021067698967698967,0.0,0.0021067665667665668,0.0,0.0,0.0,1.0,0.0,0.0,0.6060846346320347,1906.9603990795506,0.0006434962857417074,2.147363439769147e-05,3.048988878006757e-05,1.4293702827747529e-05,5.517663428107716e-09,0.000758153436744056,0.0005638999475371418,3.2899485286987534e-05,4.205466778773941e-05,1.3212140757854016e-06
1090,3165,1.0857514962540125,0.0691314143095773,0.1073557156635017,0.002108038628038628,0.0012420779220779221,0.0,0.0008659573759573759,0.0,0.5892111594315078,0.0,0.41078884056849213,0.0,0.6062268086580087,1906.9679829053998,0.0007778467876797986,3.916862603859509e-05,5.7443353356768615e-05,5.7598754990966595e-05,2.2866037188810555e-08,0.0005966664366571683,0.000544430759334599,3.2664446776195715e-05,2.1932671640173063e-06,4.490168301343137e-06
1091,577,1.3431391528091798,0.1170487993653927,0.1051812179369732,0.0021494871794871797,0.0007986846486846488,0.001350802530802531,0.0,0.0,0.3715698592234439,0.6284301407765561,0.0,0.0,0.6108715333333333,1907.2157032170226,0.0007176104968923595,3.191314402295217e-05,4.60426011782239e-05,1.1418568227727907e-05,4.3106806571849045e-09,0.0006322788351604905,0.0006167002891244167,3.512795007255629e-05,5.839098412779571e-05,1.2029337492739257e-06
1092,3239,1.3058751766800525,0.0439827285327548,0.1263482904116431,0.0021514285714285715,0.0,0.0021514285714285715,0.0,0.0,0.0,1.0,0.0,0.0,0.6110890857142857,1907.2273042852835,0.0006571379651603667,2.1928860702640776e-05,3.1136253487159616e-05,1.4592752488509632e-05,5.64299905912425e-09,0.0007742286165991738,0.0005758582062633129,3.359692342058807e-05,4.294335030776081e-05,1.3474864440784443e-06
1093,5543,1.5688950996364275,0.1604683242015316,0.0883326139794419,0.0021673359973359975,0.0,0.0,0.0021673359973359975,0.0,0.0,0.0,1.0,0.0,0.6128716718614718,1907.3223553313533,0.000759598451462944,2.7407453295661776e-05,4.065127746459207e-05,0.0003696352446415982,4.838672058545417e-07,0.0008075599968382807,0.00013527930273054384,2.670070886093185e-05,1.9694835590622524e-08,8.878014639576368e-06
1094,251,0.9852923803783464,0.1268446194149661,0.1137809192435283,0.00219981351981352,0.0005890775890775891,0.001610735930735931,0.0,0.0,0.2677852389631307,0.7322147610368693,0.0,0.0,0.616511103030303,1907.5163834200948,0.0007169562519852734,2.9800633443536623e-05,4.2851541792597806e-05,1.2486596724459996e-05,4.752874937557547e-09,0.0006875133898814505,0.000619418717564483,3.55041298243094e-05,5.5277505722471664e-05,1.2674941146223733e-06
1095,5902,1.9612525923861324,0.1299732058808232,0.0507931863389073,0.00221011988011988,0.0,0.0,0.0013544522144522146,0.0008556676656676657,0.0,0.0,0.6128410619874372,0.3871589380125629,0.6176660337662337,1907.5779465179141,0.0007639877012034009,2.860059480552868e-05,4.2155750871229945e-05,0.00048386705063441324,1.232723837939723e-06,0.0007854112047986987,7.579376192086863e-05,2.906557564292204e-05,5.516404878356217e-09,9.166386085523049e-06
1096,904,1.281757256740994,0.0322002135169467,0.0848431707715998,0.0022193539793539793,0.001479237429237429,0.0007401165501165502,0.0,0.0,0.666517122999916,0.33348287700008405,0.0,0.0,0.6187008069264069,1907.6331008050772,0.0007909842306488832,4.1149664099748285e-05,5.9779258895664873e-05,9.756950031147646e-06,3.633583916442676e-09,0.0005367791516830314,0.0006700870857833133,3.754913480098482e-05,7.326486982728916e-05,1.1333078614129619e-06
1097,6132,1.5461893591557432,0.2415312528102641,0.0415753473560871,0.0022282950382950385,0.0,0.0,0.002228295038295038,0.0,0.0,0.0,1.0,0.0,0.619702741991342,1907.6865013162806,0.0007809631098140574,2.817832226571849e-05,4.1794645586123446e-05,0.00038004472743200565,4.987153960088384e-07,0.0008302736528616364,0.00013907117432723022,2.7450460939469756e-05,2.0229672787939156e-08,9.113414578688916e-06
1098,6619,1.8682484892914453,0.1069333129863667,0.0880029422341916,0.00223000999000999,0.0,0.0,0.00223000999000999,0.0,0.0,0.0,1.0,0.0,0.6198949194805194,1907.6967434813655,0.000781564158598654,2.820000900883983e-05,4.182681179297304e-05,0.00038033758601217825,4.991341323768218e-07,0.0008309126528139981,0.00013917784035698624,2.7471552589771526e-05,2.0244704212178145e-08,9.120025870900739e-06
1099,1801,1.6026911211407182,0.103394215822908,0.1448066032122605,0.0022445154845154845,0.002244515484515485,0.0,0.0,0.0,1.0,0.0,0.0,0.0,0.6215204051948051,1907.7833692642046,0.0008571809539694288,5.099175862779086e-05,7.445318633304996e-05,7.865816858592506e-06,2.8842742534352026e-09,0.00041000481315570304,0.0007154865777360454,3.9437640253851145e-05,8.909185330676972e-05,1.0164971319414663e-06
1100,5145,0.8316653976292416,0.1154888781293989,0.1002636820789401,0.0022482117882117883,0.0,0.0,0.0022482117882117883,0.0,0.0,0.0,1.0,0.0,0.621934612987013,1907.8054418876568,0.0007879434453105074,2.843018325719174e-05,4.2168210796157277e-05,0.00038344589779350105,5.035818362152497e-07,0.0008376947377953947,0.0001403099198724982,2.7695407358820217e-05,2.040419150263137e-08,9.190161694128422e-06
1101,2384,1.2892200831957499,0.0525678693648247,0.0120087935607219,0.0022574625374625376,0.0007808658008658009,0.0014765967365967365,0.0,0.0,0.3459042123212906,0.6540957876787095,0.0,0.0,0.6229712519480519,1907.8606805392365,0.0007492283859711877,3.2790510935405004e-05,4.727206860009516e-05,1.2182123458494492e-05,4.625528184784677e-09,0.0006743090437483139,0.0006447178716459159,3.677926806402066e-05,6.017863951091962e-05,1.2689626650579273e-06
1102,3767,1.0628522145737926,0.0911594491003108,0.0832959945477722,0.0022585747585747587,0.000850922410922411,0.0014076490176490176,0.0,0.0,0.37675249060448307,0.623247509395517,0.0,0.0,0.6230958874458874,1907.8673216567709,0.000754923449203712,3.3679320470629526e-05,4.8598091388489086e-05,1.1950046223747085e-05,4.529330034975249e-09,0.0006622989265736455,0.0006486050538547338,3.6933520536011607e-05,6.157849099042492e-05,1.258056487560364e-06
1103,1980,0.903940058732368,0.0582883330098719,0.05085443042236,0.0022783316683316684,0.0013785447885447887,0.0008997868797868798,0.0,0.0,0.6050676500293051,0.394932349970695,0.0,0.0,0.6253098467532467,1907.9852821471948,0.0008012998119258559,4.048956166971688e-05,5.874997385784325e-05,1.041769904987978e-05,3.901334488207393e-09,0.0005758822764416517,0.0006807964464197735,3.827334713851172e-05,7.241865049394764e-05,1.1841360162486055e-06
1104,3054,1.1759652540244094,0.411510343462648,0.1250833163394962,0.002303006993006993,0.0017225274725274726,0.0005804795204795204,0.0,0.0,0.747947130754649,0.2520528692453509,0.0,0.0,0.6280749636363636,1908.1325850398762,0.0008351367998309872,4.504968811261275e-05,6.553914737958066e-05,9.594256995632606e-06,3.569744056188689e-09,0.0005237395361978385,0.0007048444602765062,3.9330953762550143e-05,7.976858070722875e-05,1.142334653585859e-06
1105,753,1.4360459090746491,0.0631116924176591,0.0617765230939253,0.002320902430902431,0.0,0.000708028638028638,0.0016128704628704629,0.0,0.0,0.30506653122246996,0.6949334687775299,0.0,0.6300803264069263,1908.2393981271716,0.0007815339108327337,2.761257728384755e-05,4.0498383691257115e-05,0.0002481643495424262,1.6013011684401062e-07,0.0008697844055055926,0.00032189447419725414,3.112836946088705e-05,1.2250026825853712e-07,1.09128932165982e-05
1106,5751,2.5556432777466487,0.2275410214747138,0.0748932852906613,0.002332350982350982,0.0,0.0,0.0023323509823509826,0.0,0.0,0.0,1.0,0.0,0.6313632510822511,1908.3077242852523,0.0008174321824763321,2.9494181195923472e-05,4.374635360871783e-05,0.00039781509568270794,5.242230874882847e-07,0.0008690454417476324,0.0001455422526999252,2.8730111622080452e-05,2.1140230174808254e-08,9.5134953676068e-06
1107,2093,1.4519648829732397,0.0677598694100229,0.1628408131280298,0.0023564335664335665,0.0,0.0008612554112554112,0.0014951781551781553,0.0,0.0,0.36549106392119124,0.6345089360788088,0.0,0.6340619454545455,1908.4514333741936,0.0007870876110592801,2.7686071317377933e-05,4.050846083781807e-05,0.0002229849361430598,1.3211764256101736e-07,0.000884078200986877,0.0003617081130014564,3.20733911534372e-05,1.746642916989347e-07,1.0664948281685236e-05
1108,5865,1.7315246139168399,0.0638209579444514,0.0239790169921517,0.002362067932067932,0.0,0.0,0.002362067932067932,0.0,0.0,0.0,1.0,0.0,0.6346933324675325,1908.4850519967117,0.0008278472491826217,2.986997244954448e-05,4.4303734637699915e-05,0.00040289043226038356,5.31545372101331e-07,0.0008801181331636828,0.00014738994062516808,2.9095524659100163e-05,2.139971763009431e-08,9.627350943621936e-06
1109,6138,1.6501018787869743,0.1433723080133972,0.0736885889074191,0.0023622644022644025,0.0009335964035964036,0.0,0.0014286713286713287,0.0,0.39521193590540593,0.0,0.6047880640945942,0.0,0.634715348917749,1908.4862242527818,0.0008572551560714504,3.927632996060843e-05,5.77651137321667e-05,0.00016971337574530287,8.3704678801441e-08,0.0007396243461132543,0.0004639930427869066,3.424102304618586e-05,3.1564013305580146e-07,1.0217772878682793e-05
1110,6750,1.5903349376817215,0.3715780923789665,0.0328528431259465,0.0023722510822510824,0.0,0.0,0.0023722544122544123,0.0,0.0,0.0,1.0,0.0,0.6358344562770564,1908.5458084497873,0.0008314173622546231,2.999878749266714e-05,4.4494795660521096e-05,0.00040463021041968234,5.340591157174973e-07,0.00088391366919444,0.00014802326107125115,2.9220778435528214e-05,2.148860998179864e-08,9.666338363119396e-06
1111,6129,1.9447728436669225,0.2171900444902292,0.1674292343149744,0.0023803962703962704,0.0,0.0,0.0016614818514818516,0.000718914418914419,0.0,0.0,0.6979854035837741,0.3020145964162259,0.6367472060606061,1908.5944024721105,0.0008253603963951232,3.064963625054004e-05,4.523731694924597e-05,0.0004958823559481199,1.0662242267143703e-06,0.0008549458268773648,9.629036545246079e-05,3.09559548416574e-05,8.193455044102314e-09,9.864373536623994e-06
1112,5435,1.6909834843427272,0.0854042149981148,0.0926153248782454,0.0023884182484182484,0.0,0.0,0.002388421578421579,0.0,0.0,0.0,1.0,0.0,0.637646148917749,1908.642258651677,0.0008370835600200911,3.0203232420539173e-05,4.479803242606436e-05,0.000407391487030983,5.380528885307975e-07,0.0008899376403015398,0.0001490283766564622,2.9419567045786076e-05,2.1629631582337216e-08,9.728171848155795e-06
1113,6963,1.852365524178736,0.0822463842016003,0.0386693070188029,0.0023912520812520814,0.0,0.0,0.0023912520812520814,0.0,0.0,0.0,1.0,0.0,0.6379637082251082,1908.6591636013954,0.00083807558228593,3.023902607423458e-05,4.48511222820297e-05,0.0004078749288560642,5.387526886516877e-07,0.0008909923005451156,0.00014920434438174854,2.9454369825605554e-05,2.165431270168168e-08,9.738991748335169e-06
1114,6562,1.8607923720841737,0.0461579577143233,0.0895586916713631,0.0023977022977022975,0.0,0.0,0.0023977022977022975,0.0,0.0,0.0,1.0,0.0,0.6386865194805195,1908.6976404495088,0.0008403362259670239,3.0320593494479298e-05,4.4972104694976615e-05,0.0004089766126741059,5.403478195271659e-07,0.0008933956851297345,0.00014960533856260333,2.9533678809253006e-05,2.1710550593954415e-08,9.763642757563626e-06
1115,5326,1.6748001028312192,0.1905825185193192,0.1150695206036089,0.002401038961038961,0.0,0.0,0.0019552414252414253,0.0004457975357975358,0.0,0.0,0.8143314027671449,0.18566859723285514,0.639060425974026,1908.7175436240498,0.0008359802671494914,3.0702533104163724e-05,4.5400428309898764e-05,0.0004652505080739041,8.126623278092301e-07,0.0008747960102515743,0.00011743840130834873,3.0645864219987025e-05,1.2286293783790939e-08,9.953801973651161e-06
1116,5788,1.8611116272351869,0.1770230937406644,0.1675155353813332,0.0024062604062604063,0.0,0.0,0.0024062604062604063,0.0,0.0,0.0,1.0,0.0,0.6396455411255411,1908.7486885543433,0.0008433356344649132,3.04288166591819e-05,4.51326234359542e-05,0.00041043833115045895,5.424654472457583e-07,0.0008965844814214116,0.00015013736425618533,2.9638904276177643e-05,2.1785148877667866e-08,9.796337331560755e-06
1117,2535,1.4522808314093028,0.0374024719163652,0.0287663401681537,0.00241021978021978,0.0,0.0016376057276057277,0.0007726173826173826,0.0,0.0,0.6794415507260393,0.32055844927396066,0.0,0.6400892285714286,1908.7723046916121,0.0007709781377442649,2.6461897690449424e-05,3.81914927386592e-05,8.043951582977697e-05,3.4568592769689726e-08,0.0009078784624436578,0.0005489880270333665,3.523356726385169e-05,2.0174408863141017e-06,5.41565830637766e-06
1118,6627,1.6788987890513238,0.0943166287580363,0.1185939717566647,0.0024125241425241428,0.0,0.0,0.001668001998001998,0.0007445221445221445,0.0,0.0,0.6913928729669928,0.3086071270330071,0.6403474554112554,1908.7860490145633,0.0008363030411206309,3.107543108971412e-05,4.5860927066770164e-05,0.0005045704769079877,1.1003656163863553e-06,0.0008657768399560582,9.642704312038449e-05,3.140191371480257e-05,8.103931407876797e-09,9.986125223703174e-06
1119,1147,1.5339598492123223,0.0856076128945668,0.0392526840752913,0.0024231768231768236,0.000909080919080919,0.0,0.0015140925740925741,0.0,0.37516130051849783,0.0,0.6248386994815022,0.0,0.6415411948051948,1908.8495837640107,0.0008778307520762831,3.979958819379447e-05,5.8554096022711526e-05,0.00018579697620499548,9.437808175158733e-08,0.0007660393447116766,0.0004599089062646443,3.487099075353061e-05,2.784608641053822e-07,1.0834152478940429e-05
1120,6757,1.7512278304856217,0.0272177264822628,0.1214202155755556,0.002438794538794539,0.0,0.0,0.002438791208791209,0.0,0.0,0.0,1.0,0.0,0.643291316017316,1908.942722216433,0.0008547368880119487,3.0840191015594234e-05,4.574278202763126e-05,0.00041599469024510157,5.505276963246836e-07,0.0009087056298478257,0.00015215956033512088,3.0038871089966316e-05,2.2068521695825516e-08,9.920479111992118e-06
1121,693,1.3715924888901958,0.1572280925157494,0.1368888869642649,0.00243983682983683,0.0,0.0013036729936729938,0.0011361638361638362,0.0,0.0,0.5343279426436808,0.4656720573563191,0.0,0.6434081151515152,1908.9489376949423,0.0007963950235686545,2.765551710597766e-05,4.017749591142104e-05,0.0001486073846246876,7.261536432810593e-08,0.0009179830206490274,0.00047386744309550397,3.453982729649652e-05,5.385022207333306e-07,8.673624871003306e-06
1122,1810,1.569203022345958,0.0868968811298006,0.0091329736113117,0.002452061272061272,0.0,0.002452061272061272,0.0,0.0,0.0,1.0,0.0,0.0,0.6447779861471862,1909.021832059885,0.0007489640028815533,2.4993118890146245e-05,3.54871188134547e-05,1.6601385994732873e-05,6.495927549713273e-09,0.0008824383102207683,0.0006563570139420229,3.829156929930185e-05,4.892225609174239e-05,1.522539303903947e-06
1123,4469,1.32491382336123,0.0417784976812922,0.0468263649335448,0.0024567266067266067,0.0,0.0016996803196803198,0.0007570429570429571,0.0,0.0,0.6918485023463105,0.30815149765368943,0.0,0.6453007835497835,1909.0496497718095,0.0007844799067341856,2.689765591655843e-05,3.879773959213564e-05,7.661703538428848e-05,3.268688791553457e-08,0.0009252965998151351,0.0005662183266955674,3.6009627088313426e-05,2.3736986091774104e-06,5.211370805812245e-06
1124,6580,1.7276052551382215,0.225457276605469,0.1290786339952191,0.0024784049284049285,0.0,0.0,0.0024784049284049285,0.0,0.0,0.0,1.0,0.0,0.6477300562770563,1909.1788975936654,0.0008686205313936184,3.134113372660672e-05,4.6485790176529826e-05,0.0004227610903487489,5.603723883510668e-07,0.0009234659108951014,0.00015462179083285382,3.052589544614066e-05,2.2413196977739448e-08,1.0071364952463167e-05
1125,66,1.4726579531233477,0.0639205948537489,0.067910754851497,0.0025065934065934066,0.0009914185814185815,0.0008128638028638029,0.0007023110223110223,0.0,0.39552429157865365,0.3242902501560984,0.28018545826524777,0.0,0.6508888571428572,1909.3469294179927,0.0008730491158357208,3.968990582524084e-05,5.782334552696662e-05,3.763270797793288e-05,1.472158342694596e-08,0.0007813501028928897,0.000668578696541829,3.891131892505296e-05,9.543491484347022e-06,3.032559248113782e-06
1126,6131,1.4919744525625347,0.047309770094323,0.0407029491048471,0.0025093173493173494,0.0,0.0,0.0025093173493173494,0.0,0.0,0.0,1.0,0.0,0.6511941021645022,1909.36316507007,0.0008794545816215977,3.173204253514144e-05,4.706559386232552e-05,0.0004280414243158137,5.68075513475099e-07,0.0009349840424175106,0.00015654298493174507,3.090592226170655e-05,2.2681858033706676e-08,1.0188888253506289e-05
1127,6184,1.7229651337922143,0.0299908228438516,0.1528485947951309,0.0025166133866133867,0.0,0.0,0.0025166167166167167,0.0,0.0,0.0,1.0,0.0,0.6520116961038962,1909.4066504433908,0.0008820128319824433,3.182434805149478e-05,4.720250323206204e-05,0.0004292882966898325,5.698970418102645e-07,0.0009377038253160277,0.00015699661342173323,3.099565562187643e-05,2.2745259436541057e-08,1.0216612285261512e-05
1128,6453,2.6930132025560414,0.2973088841813208,0.1902799300213745,0.0025178521478521477,0.0,0.0,0.002517852147852148,0.0,0.0,0.0,1.0,0.0,0.6521505116883117,1909.4140334026376,0.0008824458205243566,3.183997092857831e-05,4.7225675392724565e-05,0.00042949933420625855,5.702055308056867e-07,0.0009381641535375807,0.0001570733887796441,3.101084296483145e-05,2.2755987368213403e-08,1.0221302338675074e-05
1129,5401,1.540382143794505,0.0972713388149888,0.0043141936586256,0.0025230169830169832,0.0,0.00038739593739593736,0.002135621045621046,0.0,0.0,0.1535447204690218,0.8464552795309782,0.0,0.6527292831168832,1909.444814872528,0.0008668103612409794,3.095500555077906e-05,4.5662955555686434e-05,0.00034881442256306106,2.993228326026415e-07,0.0009428478356659853,0.0002550308989220701,3.253808701684731e-05,5.8093668971930315e-08,1.1820974096000102e-05
1130,5074,1.6452589884950652,0.0549799463695139,0.0805503812768213,0.0025368897768897774,0.0,0.0,0.002536886446886447,0.0,0.0,0.0,1.0,0.0,0.6542838683982685,1909.5274885332185,0.0008891168784908684,3.208067272213475e-05,4.758268905942801e-05,0.00043275081199940053,5.749609888807424e-07,0.0009452564342059487,0.00015825624626873897,3.124483191492009e-05,2.292123612690055e-08,1.0293538319708449e-05
1131,6457,1.9920633264057248,0.4389197412910855,0.0241430127583354,0.0025413686313686314,0.0,0.0,0.0025413686313686314,0.0,0.0,0.0,1.0,0.0,0.6547857688311689,1909.554178104639,0.0008906877749259497,3.213735302551595e-05,4.766675840781549e-05,0.0004335164761644529,5.760817115980133e-07,0.000946926519904867,0.00015853477652109222,3.1299930571731915e-05,2.29601356081929e-08,1.0310539197476952e-05
1132,6158,1.131558950734368,0.1873951695619143,0.1224337590859976,0.0025477122877122877,0.0,0.0,0.0025477156177156177,0.0,0.0,0.0,1.0,0.0,0.655496638961039,1909.5919785952688,0.000892912238971466,3.221761503015531e-05,4.778580460248603e-05,0.00043460070002321175,5.776694000840862e-07,0.0009492914406744037,0.0001589291816070401,3.137795219779448e-05,2.3015208976259402e-08,1.0334605541615196e-05
1133,1615,1.5066190983526788,0.0584916149340255,0.1200987458545664,0.0025493606393606396,0.0008955311355311356,0.0009397069597069597,0.0007141225441225442,0.0,0.35127675610294506,0.3686049534139788,0.28011829048307607,0.0,0.6556813532467533,1909.6018004884327,0.0008793126351646404,3.895373701076577e-05,5.6699908495136e-05,4.083947838359644e-05,1.6101923623016638e-08,0.0008134893206773235,0.0006720330235426022,3.935428700458132e-05,8.66214715837066e-06,3.235977253694287e-06
1134,5899,1.8895005824005016,0.4206454373614564,0.0640133646404821,0.0025745321345321346,0.0,0.0,0.0025745288045288042,0.0,0.0,0.0,1.0,0.0,0.658502070995671,1909.751773313283,0.0009023096075415067,3.2556686206102904e-05,4.828872168511307e-05,0.0004391811459482875,5.843856667813257e-07,0.0009592821763964335,0.00016059528356379975,3.1707549782485284e-05,2.3247738294217106e-08,1.0436182217446379e-05
1135,6828,1.5851978542654563,0.0784260541969297,0.1282486739517308,0.0026046953046953048,0.0,0.0,0.002604695304695305,0.0,0.0,0.0,1.0,0.0,0.6618821558441559,1909.9314510775366,0.0009128822307253122,3.293816233413437e-05,4.885453463239555e-05,0.000444334584806389,5.919580991732385e-07,0.000970522374707906,0.00016246959896073414,3.20783513167755e-05,2.3509112485171034e-08,1.0550292835227433e-05
1136,6427,1.8656938012588504,0.0584208825071245,0.1459691170445082,0.002611821511821512,0.0,0.0,0.002611824841824842,0.0,0.0,0.0,1.0,0.0,0.6626807186147187,1909.9738952130556,0.0009153809597502074,3.3028320231265987e-05,4.8988258610774145e-05,0.000445552569726418,5.937502538130513e-07,0.0009731788781754295,0.00016291255033168986,3.21659838958443e-05,2.3570849399688273e-08,1.057723563590283e-05
1137,6832,1.7241683227139335,0.0413216279268767,0.0235571950040087,0.0026175291375291378,0.0,0.0,0.0026175291375291378,0.0,0.0,0.0,1.0,0.0,0.6633203151515152,1910.0078886236531,0.0009173801763871274,3.310045497100745e-05,4.9095250285207846e-05,0.00044652707949595404,5.951849920052782e-07,0.0009753043291172396,0.00016326694475013003,3.223609729816719e-05,2.362023229882538e-08,1.059878346510606e-05
1138,6197,1.8194722083335904,0.0703151285497811,0.1053132796537358,0.002672920412920413,0.0,0.0,0.002672917082917083,0.0,0.0,0.0,1.0,0.0,0.6695274614718615,1910.337715024353,0.0009367923015020664,3.3800873608555425e-05,5.01341250784686e-05,0.00045598973314822026,6.09147903350935e-07,0.00099594217284389,0.00016670777233464577,3.291685722464287e-05,2.4099273242782215e-08,1.080768264167609e-05
1139,4541,1.6095365705816695,0.0861872734384991,0.0498628818854834,0.002694935064935065,0.0,0.0008761305361305362,0.0018188045288045288,0.0,0.0,0.3251026518338937,0.6748973481661062,0.0,0.6719944233766234,1910.4687644870176,0.0009050542656100721,3.193016688887643e-05,4.679378332892485e-05,0.00027723822324231934,1.7622027080851105e-07,0.0010103325438132818,0.00038693102926080447,3.6320816896221726e-05,1.5801562375564703e-07,1.2436613330581853e-05
1140,1124,1.3726455302787737,0.0649401397725037,0.0719016752489411,0.0027007192807192806,0.0,0.0027007226107226105,0.0,0.0,0.0,1.0,0.0,0.0,0.6726426025974026,1910.5031935005961,0.0008249157719860522,2.75276487044528e-05,3.908583576638373e-05,1.8257035366569955e-05,7.21365387761503e-09,0.0009719454875163666,0.0007229454735157164,4.2174624085494674e-05,5.386352012769647e-05,1.664965668947329e-06
1141,6105,1.4089316402247556,0.0269398949711276,0.0979700884626339,0.0027257142857142857,0.0,0.0,0.0027257142857142857,0.0,0.0,0.0,1.0,0.0,0.6754435428571428,1910.651953219433,0.0009552964344725081,3.44685305254269e-05,5.112440703885755e-05,0.00046501028530272206,6.225125000843408e-07,0.0010156146928627045,0.0001699871477343543,3.3565720163150103e-05,2.4555114477983406e-08,1.1006245039528201e-05
1142,6022,1.117529114583273,0.3617009324848032,0.021611696276965,0.002732460872460872,0.0,0.0,0.0027324642024642025,0.0,0.0,0.0,1.0,0.0,0.6761995653679653,1910.6921014818297,0.0009576621158052792,3.455388786194525e-05,5.1251010730671385e-05,0.00046616356356307437,6.242249148225136e-07,0.001018129747984049,0.0001704063673076434,3.3648670959634424e-05,2.4613337082889097e-08,1.1031590756341303e-05
1143,4971,1.4686910034278584,0.0363849505186289,0.1217433345298043,0.0027486147186147184,0.0020003996003996006,0.0,0.0007482151182151182,0.0,0.7277846497918002,0.0,0.2722153502081998,0.0,0.6780097653679653,1910.78822350231,0.0010261842102374133,5.490753530707607e-05,8.038935136531986e-05,2.515839283006604e-05,9.575608001119197e-09,0.0006998525588830669,0.0007938297488504613,4.452610763226029e-05,2.37572379010539e-05,2.286165507685029e-06
1144,6705,1.2684583986454088,0.0936150987416229,0.0635200744764252,0.0028244555444555445,0.0,0.0,0.002824455544455545,0.0,0.0,0.0,1.0,0.0,0.6865084883116883,1911.2393585754776,0.000989902839445043,3.5717181607046144e-05,5.297643104954523e-05,0.0004818818467310617,6.476515129225882e-07,0.0010524062158301683,0.00017611889452660406,3.477907820959632e-05,2.5405543557571394e-08,1.1376110705335531e-05
1145,4460,1.562475269475098,0.0732151057230156,0.1002665549818306,0.0028322710622710624,0.0009081751581751582,0.0005365301365301365,0.0013875657675657678,0.0,0.3206526275938208,0.18943460026736236,0.48991277213881684,0.0,0.6873842952380953,1911.2858348020773,0.0009970194464301659,4.36476817433366e-05,6.391573031644783e-05,0.00014858167550797156,6.858895901914865e-08,0.000921963611967171,0.000614604467831354,4.167377225651212e-05,7.960872590843547e-07,9.613593549604978e-06
1146,5114,1.7038174814397995,0.0948663112920496,0.1336773911676389,0.0028902997002997,0.0,0.0006432034632034633,0.0014931601731601732,0.0007539393939393939,0.0,0.2225384177575413,0.5166102507264176,0.26085133151604106,0.6938869844155844,1911.6308298079198,0.0009746707844870222,3.554667894005542e-05,5.207456805725514e-05,0.00045090075474883354,4.272667435024969e-07,0.0010479834619873682,0.0002885759861588893,4.0074495869494245e-05,4.90333106097085e-08,1.5763083102281368e-05
1147,5076,1.4725417673887973,0.0897729286357019,0.0513845443444661,0.002995977355977356,0.000582017982017982,0.000901941391941392,0.0015120213120213121,0.0,0.19426626638197697,0.30105046943790825,0.5046832641801148,0.0,0.7057292225108225,1912.2587410817525,0.0010276907538536943,4.15362709504159e-05,6.071941161895492e-05,0.0001813996224047936,8.859263579801971e-08,0.001034770399247684,0.000605953553695812,4.319083409105707e-05,6.312474824762045e-07,1.092906739655385e-05
1148,1471,1.3943259786689703,0.0590081465291791,0.0256477192728159,0.0030113586413586415,0.002252683982683983,0.0007586713286713287,0.0,0.0,0.7480631641804248,0.25193683581957516,0.0,0.0,0.7074528493506493,1912.3500932542677,0.0010920310584611342,5.8910241067600625e-05,8.570391115065378e-05,1.2485371611418302e-05,4.776195507750134e-09,0.000684811622856826,0.000921713838990222,5.1428761969923345e-05,0.00010426572905202554,1.463015565435601e-06
1149,5855,1.8345003727533429,0.0802953251961063,0.113107497922092,0.003022890442890443,0.0,0.0,0.003022890442890443,0.0,0.0,0.0,1.0,0.0,0.708745103030303,1912.4185760401406,0.0010594494357054416,3.8226527281998604e-05,5.669834224598656e-05,0.0005157929234287199,6.987440296739748e-07,0.0011263441322170368,0.00018843630618942445,3.7216925385370244e-05,2.71064067905967e-08,1.2113597101700777e-05
1150,2010,1.4424188776195723,0.0338281289664662,0.0359867233012488,0.00307984348984349,0.0005921478521478522,0.0009663103563103564,0.0015213886113886114,0.0,0.1922653582418438,0.31375273279286564,0.49398190896529054,0.0,0.7151272614718616,1912.7567143401993,0.0010545033883186355,4.254095452589399e-05,6.216269833952642e-05,0.00018029964676162898,8.751138448842425e-08,0.0010648928470890183,0.0006301662008117829,4.449277062719955e-05,7.008019886458119e-07,1.0950457752168657e-05
1151,519,1.3493756334397895,0.0817242090995149,0.0582473301451791,0.003114575424575425,0.0015293806193806196,0.0015851914751914753,0.0,0.0,0.49104036539913143,0.5089596346008686,0.0,0.0,0.7190193220779222,1912.9628548270452,0.0010682558194603387,5.090242932141912e-05,7.367279715358313e-05,1.5235734534705333e-05,5.932524533828481e-09,0.0008502928213757522,0.0009126956541026137,5.162694070437196e-05,9.188396539477678e-05,1.6356815587736592e-06
1152,5182,1.6918180651467707,0.066404854230703,0.0679930466420591,0.003122830502830503,0.0,0.0,0.003122830502830503,0.0,0.0,0.0,1.0,0.0,0.7199443861471861,1913.0118426820857,0.0010944759912846847,3.949033802871237e-05,5.8572851372141915e-05,0.0005328745717530501,7.247672753948639e-07,0.001163582343214241,0.0001946372454246628,3.844443558573209e-05,2.7958891883313533e-08,1.2482105607991827e-05
1153,6217,1.4358098566289093,0.1517587940505021,0.0251492609973782,0.0031307192807192804,0.0,0.0,0.003130722610722611,0.0,0.0,0.0,1.0,0.0,0.7208284025974026,1913.058654096171,0.0010972419827788471,3.959013915725134e-05,5.872087838230412e-05,0.0005342235562398035,7.268305341379775e-07,0.0011665229857427176,0.00019512684991952267,3.8541361873410946e-05,2.8026094615407962e-08,1.2511123828721788e-05
1154,5868,1.5220514148149475,0.1195765003610613,0.0228561024662839,0.003131498501498502,0.0,0.0009416150516150517,0.00218988677988678,0.0,0.0,0.30069120258616105,0.6993087974138389,0.0,0.7209157220779221,1913.0632777895692,0.00105511131328608,3.729022085826539e-05,5.470164152981996e-05,0.000337908107534798,2.267051177671335e-07,0.0011734745711432489,0.0004306824759222054,4.1947546540359624e-05,1.592495692871211e-07,1.447344197632065e-05
1155,246,1.4507307468046184,0.0283735953028268,0.0861203933112926,0.0031711555111555113,0.0010336230436230436,0.0021375357975357977,0.0,0.0,0.32594489755843487,0.6740551024415651,0.0,0.0,0.7253596865800866,1913.2985579726144,0.0010476353862059248,4.5269498293629194e-05,6.522166946741066e-05,1.7231311666961307e-05,6.789020801647094e-09,0.0009585158312718779,0.0009025182346236824,5.15415673653101e-05,8.321855324324313e-05,1.7460795381817659e-06
1156,6657,1.7717978912842847,0.0847287206922112,0.1287385390611958,0.0031711988011988014,0.0,0.0,0.0031711988011988014,0.0,0.0,0.0,1.0,0.0,0.7253645376623377,1913.2988147704937,0.0011114279011803431,4.0101988405095733e-05,5.948006332260861e-05,0.0005411422566896898,7.374321693325383e-07,0.0011816046357838194,0.0001976377060398934,3.903844713136365e-05,2.8370476655003446e-08,1.2659754440657884e-05
1157,5650,1.8829936317940257,0.1337721757962062,0.0803592011027067,0.00318011322011322,0.0,0.0,0.0031801132201132202,0.0,0.0,0.0,1.0,0.0,0.7263634874458874,1913.3516936773215,0.0011145521877752263,4.021471735914587e-05,5.964726513957242e-05,0.0005426660593813217,7.397713635405115e-07,0.001184926197108195,0.00019819065554394877,3.9147920180097283e-05,2.8446262172404993e-08,1.2692446314950187e-05
1158,1144,1.212997036190811,0.0804112075340892,0.0262299953980567,0.0031822977022977024,0.0015368231768231769,0.0010945321345321346,0.0,0.000550942390942391,0.48292878938182,0.3439439791386751,0.0,0.17312723147950493,0.7266082805194805,1913.3646511591958,0.0011074931628238288,5.3457291910013895e-05,7.760433785564794e-05,4.1466078725783785e-05,1.6534559722526556e-08,0.0009227842935276142,0.0009113870576846415,5.2653358850442084e-05,1.543558636000759e-05,3.639851071520926e-06
1159,2928,1.4355363645778154,0.0577828863809796,0.0493045092762858,0.0032294139194139196,0.0013052547452547453,0.0014213186813186814,0.0005028371628371628,0.0,0.40417739061571967,0.4401170560285092,0.15570555335577113,0.0,0.7318881238095238,1913.6440763467187,0.0011088405367359303,5.0499067953441145e-05,7.329803677480072e-05,2.5463360556788788e-05,1.0035141740935953e-08,0.0009752156549268009,0.0009024072319616277,5.143203707412735e-05,4.2244628285331405e-05,2.278762078818542e-06
1160,6565,1.83147871826056,0.1259200440956425,0.0795904876725014,0.0032803296703296705,0.0,0.0,0.0032803310023310026,0.0,0.0,0.0,1.0,0.0,0.7375937428571429,1913.9459284633651,0.0011496760782450234,4.148204009493987e-05,6.152698331747778e-05,0.0005597979226766834,7.661767857298198e-07,0.0012222678933120745,0.00020440607952168575,4.037853163359897e-05,2.9296743788960813e-08,1.3058913283737084e-05
1161,6576,1.3153282911334487,0.2366445638039458,0.0236820212052391,0.003298917748917749,0.0,0.0005944222444222444,0.0027044955044955047,0.0,0.0,0.18018704607511116,0.8198129539248888,0.0,0.739676722943723,1914.0560996518436,0.0011294216524668297,4.025897060035904e-05,5.932911450339052e-05,0.000438053025475582,3.6638164298454457e-07,0.0012334239340755656,0.0003551379686305974,4.2839823218714585e-05,8.68783037258087e-08,1.531010735316427e-05
1162,1969,1.62546792000724,0.0823246808000713,0.0978358329141696,0.003307079587079587,0.0033070829170829172,0.0,0.0,0.0,1.0,0.0,0.0,0.0,0.7405913385281385,1914.1044700583811,0.0012629756886409127,7.51315707257796e-05,0.00010969978257805249,1.1506843639484722e-05,4.3987109036794084e-09,0.0006041678512367834,0.0010542850226667264,5.810751266040083e-05,0.00013120424622387343,1.451786829085363e-06
1163,5719,1.773898880809832,0.0414073970865247,0.1418822806061173,0.0033387612387612386,0.0,0.0,0.003338771228771229,0.0,0.0,0.0,1.0,0.0,0.7441415844155844,1914.2922016429711,0.0011701579534880422,4.222105692422575e-05,6.262310771306542e-05,0.0005697888657282901,7.816659492149817e-07,0.0012440430440074678,0.00020802969393493998,4.1096049619433204e-05,2.9791406549366586e-08,1.3271718039207982e-05
1164,6734,1.68368124612073,0.065128913722722,0.1023130620391409,0.003353046953046953,0.0,0.0,0.0033530569430569434,0.0,0.0,0.0,1.0,0.0,0.7457424415584415,1914.3768385322885,0.0011751647482179822,4.2401709599935536e-05,6.289105533905524e-05,0.0005722312416221353,7.854626229992458e-07,0.0012493659800870823,0.0002089153968305973,4.127143655499503e-05,2.9912182161317274e-08,1.332363782266359e-05
1165,6054,1.8746651564661267,0.0334289575487309,0.102008386872796,0.00343966033966034,0.0,0.0,0.003439666999667,0.0,0.0,0.0,1.0,0.0,0.7554483376623378,1914.8898004697107,0.0012055194624676331,4.349695329283432e-05,6.451554247294084e-05,0.0005870393993517181,8.085675629140639e-07,0.0012816373669614148,0.00021428439556632223,4.233466879351437e-05,3.06431977080239e-08,1.36375671268168e-05
1166,6969,1.790690779381694,0.1351323574614012,0.0975525666045494,0.003547852147852148,0.0,0.0,0.003547862137862138,0.0,0.0,0.0,1.0,0.0,0.7675723116883117,1915.5301102249841,0.0012434392218080698,4.4865155177796236e-05,6.654488660255277e-05,0.0006055398688050802,8.376402611309721e-07,0.0013219514777168479,0.00022098966223177733,4.366267177158275e-05,3.1553487300209e-08,1.4027717428144026e-05
1167,6113,1.4283675919450656,0.1067207936544985,0.0849812344335044,0.0035725274725274727,0.0007710656010656011,0.0,0.0028014518814518815,0.0,0.21583256200673548,0.0,0.7841674379932645,0.0,0.7703374285714286,1915.6760759695333,0.0012763107376632813,5.294364681605261e-05,7.812210849007976e-05,0.00041404882837102193,2.883198147378018e-07,0.0012151754992215233,0.00048708842010766924,4.839900820291796e-05,1.4091383019861417e-07,1.7617637673614153e-05
1168,6912,1.6033767949876931,0.1974640156381114,0.1374597164110197,0.0036610389610389612,0.0,0.0,0.003661048951048951,0.0,0.0,0.0,1.0,0.0,0.780256025974026,1916.1994483242045,0.0012831084415914388,4.629648022380453e-05,6.866785625462596e-05,0.0006248960081480183,8.683048558275048e-07,0.0013641255178234964,0.0002280021471441281,4.5051692697089866e-05,3.250231052158957e-08,1.4433475166616017e-05
1169,1776,1.6385062387054987,0.0958673749967501,0.0723233750072343,0.0037854145854145853,0.0015084015984015986,0.001624072594072594,0.0,0.0006529437229437229,0.39847690059739915,0.4290338954274469,0.0,0.17248920397515397,0.7941935584415585,1916.934323408417,0.0012928679169403772,5.957665822094585e-05,8.632211709544215e-05,5.5283383838420425e-05,2.279022104584838e-08,0.0011514535908780303,0.0010628411946683272,6.200502042131882e-05,1.5045243134007708e-05,4.651895054016628e-06
1170,5183,1.2922785710171847,0.0289861213394464,0.0625889774763673,0.003793573093573094,0.0005403230103230103,0.0013156743256743258,0.0019375757575757577,0.0,0.14243115843435364,0.34681665364594766,0.5107521879196988,0.0,0.7951078008658009,1916.9825050609095,0.0012872855664070701,5.0187511787261746e-05,7.330587506730046e-05,0.0002426107144439778,1.24981568313343e-07,0.0013411384114463865,0.0007439920510526163,5.422142970296251e-05,7.065520972054668e-07,1.3935105684647307e-05
1171,2778,1.3988723345310607,0.0725467640142661,0.1209278616458665,0.0038347652347652346,0.002843849483849484,0.000990919080919081,0.0,0.0,0.7415961187272108,0.2584038812727893,0.0,0.0,0.7997237922077922,1917.225730000203,0.0013887356529044678,7.470779543139572e-05,0.00010867473123493889,1.5879105941362462e-05,6.274431041954376e-09,0.0008765313255283022,0.0011725777397304674,6.544261042688394e-05,0.0001322133291397047,1.8226188186370226e-06
1172,4562,1.132662268749839,0.0493088495201783,0.1530875484974693,0.0038767565767565773,0.001261165501165501,0.0015882317682317682,0.0010273493173493175,0.0,0.3253154347196799,0.4096816061337225,0.2650029591465976,0.0,0.804429341991342,1917.4735996454228,0.0013268139426134394,5.783154299550432e-05,8.408909703327946e-05,5.815235286990042e-05,2.4106025221633005e-08,0.0012515986337571729,0.0010235112284391998,5.982907988939139e-05,1.4896603123477513e-05,4.489733907800733e-06
1173,3948,1.5986001116257023,0.0700698722392137,0.0683458968333601,0.003922344322344323,0.0,0.0014591641691641692,0.0024631934731934734,0.0,0.0,0.3720120147654608,0.6279879852345392,0.0,0.8095379047619048,1917.7426135106148,0.0013089802040747278,4.6021593454839285e-05,6.731803137892533e-05,0.00036658138697421216,2.2907491456821462e-07,0.0014717568734608209,0.0006077195145543965,5.3456678514709104e-05,2.9428503044333365e-07,1.7030406817293304e-05
1174,5607,2.0225993496008243,0.2291564290291696,0.1634059957088815,0.003934665334665335,0.0,0.0,0.003934652014652014,0.0,0.0,0.0,1.0,0.0,0.8109185974025974,1917.8153047901608,0.0013789996479774622,4.975637901036467e-05,7.379964664954472e-05,0.0006716939500792662,9.434957799946193e-07,0.0014660715653042548,0.0002449442839032982,4.8408264685440925e-05,3.4781262387784465e-08,1.540427440349613e-05
1175,1936,1.73330206459895,0.2130428874540609,0.0085569730611109,0.003942024642024642,0.0,0.0008565234765234766,0.0030854845154845156,0.0,0.0,0.2172810096427983,0.7827189903572017,0.0,0.8117432813852814,1917.8587200157392,0.0013430059018128587,4.774835708102125e-05,7.026829553341386e-05,0.000493379645406171,3.9369012390580877e-07,0.0014749002218652915,0.00046050128385247407,5.1684890247743744e-05,1.2570608511237868e-07,1.812894163821452e-05
1176,4455,1.4512695683951122,0.0571453417187911,0.0763916186848886,0.004006493506493507,0.0016255477855477856,0.0,0.002380955710955711,0.0,0.4057272848922788,0.0,0.5942727151077211,0.0,0.8189676623376624,1918.238946809824,0.0014552640098957899,6.703863582076724e-05,9.857930875598198e-05,0.00027831254641197476,1.4447267738509132e-07,0.0012480738049100127,0.000800242285250804,5.828355611191096e-05,5.648766688703e-07,1.637054822614106e-05
1177,173,1.4977797617993687,0.0338671646777246,0.0355292415825846,0.004060672660672661,0.0017821878121878124,0.002278501498501499,0.0,0.0,0.4388880004920352,0.5611119995079649,0.0,0.0,0.8250389783549784,1918.5583499484173,0.0013765693669713116,6.371249889237744e-05,9.209253921359145e-05,2.0407767900832805e-05,8.268378236448309e-09,0.0011462193980936511,0.0011792733506351362,6.689553845170909e-05,0.00011551058215246521,2.1070713236343887e-06
1178,793,1.2341888230503728,0.0713009586124101,0.1002288562246463,0.0040841824841824845,0.0014376223776223778,0.0026465567765567768,0.0,0.0,0.35199787358772555,0.6480021264122745,0.0,0.0,0.8276734891774893,1918.696908931667,0.0013573995181860275,5.963600609092774e-05,8.598953271354998e-05,2.169469411800126e-05,8.842359980646286e-09,0.0012157340185361435,0.0011679527175194136,6.658882959809552e-05,0.00010917499505701473,2.1730411613779706e-06
1179,6311,1.6913065590510663,0.0749695323718195,0.0674603082813033,0.00410962370962371,0.0,0.0,0.00410961038961039,0.0,0.0,0.0,1.0,0.0,0.830524432900433,1918.8468244856672,0.0014403182948564915,5.196884791054931e-05,7.708122433474406e-05,0.0007016259316857641,9.923734039920884e-07,0.0015312620552070863,0.00025577157026893593,5.0553864179169266e-05,3.622776365702629e-08,1.6017702353784188e-05
1180,6883,1.7112838058287836,0.1225521626423729,0.0360855864481076,0.00411908091908092,0.0,0.0,0.004119077589077589,0.0,0.0,0.0,1.0,0.0,0.8315842077922079,1918.9025452448057,0.001443636317564468,5.208856715461526e-05,7.725879428828464e-05,0.0007032457261319718,9.950356664294237e-07,0.0015347895880411912,0.00025635730682472245,5.066994760469718e-05,3.6305801209141064e-08,1.605073734355306e-05
1181,6391,1.2790356516023342,0.0829318177897929,0.05721991211588,0.004125308025308025,0.0,0.0,0.0035055444555444557,0.0006197502497502497,0.0,0.0,0.8497682483254307,0.1502317516745693,0.8322820173160173,1918.9392325429053,0.0014381338536121964,5.263950256813303e-05,7.788385846771865e-05,0.0007817424793828664,1.3806985182895429e-06,0.0015095205632749212,0.00021174191143049834,5.222882284429691e-05,2.301519578477157e-08,1.6319158272711225e-05
1182,4105,1.529863290824575,0.0684533448602788,0.1486420494553968,0.004219280719280719,0.0,0.0021633200133200133,0.002055957375957376,0.0,0.0,0.512722870228381,0.48727712977161897,0.0,0.8428125974025973,1919.4926772035772,0.0013813330770921484,4.804906065096568e-05,6.987057360272129e-05,0.0002754873423543011,1.475860868041696e-07,0.0015869951078654066,0.0007971943444735236,5.942827989710133e-05,7.720172544170914e-07,1.5064942669750815e-05
1183,2172,1.5291591405593403,0.0797423351731802,0.0294571948673473,0.0043004995004995005,0.0016132067932067933,0.0016097469197469197,0.0010775424575424576,0.0,0.3751210858584881,0.37431655695700683,0.25056235718450504,0.0,0.851913974025974,1919.9707065306761,0.001485421705555977,6.668337549142468e-05,9.701953005508541e-05,5.47413320418352e-05,2.2827408102536178e-08,0.001349307044143703,0.0011579745576412411,6.698201650875579e-05,2.234378165004631e-05,4.31955813052446e-06
1184,1127,1.6673438983438387,0.0333584294826571,0.1007822026624231,0.004325940725940726,0.0009371095571095572,0.0033888344988344987,0.0,0.0,0.21662544521858146,0.7833745547814186,0.0,0.0,0.8547649177489178,1920.1203883199935,0.0013929768099469504,5.5830977297415e-05,8.012945298778565e-05,2.5038612287914184e-05,1.0386655412098134e-08,0.0013914112353527678,0.0012070209192907497,6.938572663280114e-05,0.00010413993549225988,2.379245067535545e-06
1185,3751,1.2754437209833005,0.0977539250959178,0.0659258505118254,0.004327605727605727,0.000756906426906427,0.0025886946386946387,0.000981998001998002,0.0,0.17490216054750082,0.5981826408264836,0.22691519862601553,0.0,0.8549514978354978,1920.130183290503,0.0014239267547552367,5.599950995253732e-05,8.099067428210305e-05,6.285690677553196e-05,2.6733071555352948e-08,0.0014989027089093827,0.0011203040563957443,6.602275255896001e-05,1.856897089801677e-05,4.708643482954824e-06
1186,4318,1.3983928091029896,0.0806038932012898,0.0632186334012364,0.004408791208791209,0.003427852147852148,0.000980932400932401,0.0,0.0,0.7775050265944993,0.22249497340550076,0.0,0.0,0.8640491428571428,1920.607643279836,0.0016087160402601085,8.787359942828833e-05,0.00012790224725321058,1.7757180946964965e-05,7.161199810435673e-09,0.0009796899121963642,0.0013561686225196739,7.55478128573469e-05,0.00015512197212278075,2.0356567905716397e-06
1187,5684,1.3999648249737795,0.0465668353066108,0.081251874886209,0.004414385614385614,0.0007704928404928406,0.0,0.0029901498501498504,0.0006537595737595738,0.17454069528418245,0.0,0.6773623405964644,0.14809696411935322,0.8646760519480519,1920.6405342386734,0.001563249903434198,6.408232370163082e-05,9.444087996390839e-05,0.0006378169207657985,5.674237717453385e-07,0.0014998966289574032,0.0004936120683360769,6.0645647212565144e-05,9.046825893846769e-08,2.3191712700611298e-05
1188,2992,0.6318897774493877,0.1395748763100595,0.1102490580449051,0.00444005994005994,0.0021836063936063934,0.0022564568764568767,0.0,0.0,0.4917962336999035,0.5082037663000967,0.0,0.0,0.867553116883117,1920.7914632101222,0.0015231378439598967,7.260738512412212e-05,0.0001050890221790388,2.1518597796520564e-05,8.820829678515215e-09,0.0012117025394670746,0.0013014798444752273,7.360438630818399e-05,0.00013091482992352746,2.242776736688379e-06
1189,3103,1.3908840404549316,0.0400627035972221,0.0761048448431826,0.00446010656010656,0.002708767898767899,0.0008954978354978355,0.0008558474858474859,0.0,0.607331644979886,0.20077917113393437,0.19188918388617948,0.0,0.8697995411255411,1920.9092897288695,0.0016079559392055461,8.14891402628868e-05,0.0001188655084376575,3.287744179686027e-05,1.341699803607283e-08,0.0012015418870255012,0.001285240887536763,7.230623129010421e-05,5.9822767559865016e-05,2.971505923598204e-06
1190,1410,1.5567977770315047,0.1060071811727092,0.1197857202376546,0.0044912420912420915,0.0026852680652680655,0.0,0.001805967365967366,0.0,0.5978907377227857,0.0,0.40210926227721433,0.0,0.8732885887445888,1921.0922588992012,0.0016584520131903246,8.38426424030477e-05,0.00012294678829237872,0.00011492871594594479,4.973556797713964e-08,0.0012648727122192723,0.001171195563702805,6.978765593443786e-05,5.159603979243378e-06,8.569912705068145e-06
1191,5497,1.180056753981966,0.4074661734191546,0.0184967507368762,0.004621944721944722,0.0017496336996336997,0.0,0.0028723076923076927,0.0,0.3785495209186948,0.0,0.6214504790813051,0.0,0.8879351255411255,1921.8598893398214,0.0016748593433528222,7.607115044211738e-05,0.00011191134447608928,0.00035154805502615326,1.9381707631407577e-07,0.0014587905219494762,0.0008814646966175648,6.657759928379058e-05,5.248637170644603e-07,1.9558837293853423e-05
1192,894,1.0512631259366247,0.100540487709095,0.1258225300084235,0.00467006327006327,0.0008844622044622045,0.003164845154845155,0.0006207592407592408,0.0,0.18938963406851436,0.6776873706255111,0.13292299530597446,0.0,0.89332729004329,1922.1423122121253,0.0015220158705541173,6.020178627721168e-05,8.678459176471189e-05,4.105572841396483e-05,1.7371969489276464e-08,0.001577323198709483,0.0012571793678247596,7.274128864340368e-05,5.274739590945877e-05,3.362280125670733e-06
1193,5313,1.72317791541483,0.067763235033942,0.0189161547355029,0.004698334998334998,0.0,0.0,0.004698318348318348,0.0,0.0,0.0,1.0,0.0,0.8964954199134199,1922.3082020776972,0.001646646088215774,5.941346466720597e-05,8.812322733034176e-05,0.0008023791951946525,1.1614701003286676e-06,0.0017506180651287576,0.0002921669597011564,5.776884466527706e-05,4.1033314854234046e-08,1.8040278438956336e-05
1194,5285,1.6401203230951487,0.0561725626518386,0.0493369644822241,0.0048255744255744255,0.0,0.002438867798867799,0.002386719946719947,0.0,0.0,0.5054032643169253,0.4945967356830748,0.0,0.9107538701298701,1923.0543847725503,0.0015814213335265583,5.50403559265539e-05,8.006229414483581e-05,0.00032227812560127114,1.7813644837099314e-07,0.001814844742006713,0.0009030828206154085,6.785014019689115e-05,8.297971211435485e-07,1.7235070979550356e-05
1195,250,1.321322185389614,0.1630354342156487,0.04853827109347,0.004953446553446554,0.0015983383283383285,0.002602750582750583,0.0007523643023643024,0.0,0.3226715302361915,0.5254416405269973,0.1518868292368113,0.0,0.9250832207792208,1923.803586696551,0.001669082050252026,7.23548727608867e-05,0.00010479828442742394,4.117883686020058e-05,1.7451043099598143e-08,0.001565213195460616,0.0013635158941870291,7.815691211858027e-05,5.9135716343351914e-05,3.4539675841330914e-06
1196,2329,1.3206795518055512,0.1233667478514851,0.1276196744154303,0.005003163503163504,0.0,0.0023052314352314356,0.002697945387945388,0.0,0.0,0.4607535405410083,0.5392464594589917,0.0,0.9306545021645022,1924.0946909679458,0.001649680026313665,5.761390050140733e-05,8.39657085587351e-05,0.00037867836982130197,2.2129800395968964e-07,0.0018802484550378483,0.0008825114066520229,6.962340417702321e-05,6.342541108599661e-07,1.9162595632918507e-05
1197,5750,1.5950498860089,0.1562826666329651,0.0456485761449488,0.005090675990675991,0.0008913286713286714,0.0006103996003996004,0.003588937728937729,0.0,0.17509077814416832,0.11990564698602171,0.70500357486981,0.0,0.9404611515151515,1924.6068426151094,0.0017846758789473879,7.185574738776742e-05,0.00010571564577822114,0.000517473026889614,3.474345339441548e-07,0.001767044658454007,0.0007734008380569207,6.98641318031196e-05,2.8863881501930977e-07,2.320667714659618e-05
1198,696,1.364665471316582,0.1541122323123126,0.0662773000277982,0.005215984015984016,0.0015727605727605728,0.002544059274059274,0.0010991774891774893,0.0,0.3015263374285926,0.4877416743490019,0.21073198822240555,0.0,0.9545031688311688,1925.3396216541591,0.0017629366436247745,7.55612559109431e-05,0.00010960538258697147,5.799099653987992e-05,2.5042924492102723e-08,0.0016897508516354586,0.0014031485680833398,8.113321249478504e-05,3.5845382196691674e-05,4.530945720530085e-06
1199,5056,1.7017329800225671,0.0190433904103138,0.0611305326101706,0.005297369297369297,0.0,0.0,0.005297365967365968,0.0,0.0,0.0,1.0,0.0,0.9636232034632035,1925.815192399664,0.0018565976805579153,6.698883353530294e-05,9.935916444684821e-05,0.0009049586752533708,1.3410077180503694e-06,0.0019738267898468807,0.00032914491688224284,6.510307306613482e-05,4.5826059221626414e-08,2.0034056458733893e-05
1200,57,1.384658726806599,0.0195828696150872,0.0284797058173561,0.005319147519147519,0.0008015651015651017,0.0032754212454212455,0.0012421744921744923,0.0,0.150693901877116,0.6157778161748502,0.23352828194803374,0.0,0.966063670995671,1925.9424048089097,0.0017419230013295387,6.730378988311007e-05,9.729056767757522e-05,8.326372261214417e-05,3.699401738275219e-08,0.0018656577762717849,0.001363371156331941,8.078637969399629e-05,1.9527451343366413e-05,6.006968936872817e-06
1201,15,0.7521247869920817,0.0838157100379993,0.1392946985159059,0.005367032967032967,0.0007454678654678655,0.0038872427572427576,0.0007343156843156843,0.0,0.1388977476208617,0.7242824116874044,0.1368198406917339,0.0,0.9714297142857142,1926.2220459545003,0.0017293836798515244,6.584323942366786e-05,9.475869035611241e-05,5.022790673670863e-05,2.19318895567167e-08,0.0018616562196239602,0.0014279265820803183,8.300157611016343e-05,5.420648095429549e-05,3.958588013032449e-06
1202,4070,1.3510687335482399,0.0303911236802216,0.0416546613512814,0.005411022311022311,0.0,0.0031895904095904097,0.0015228005328005328,0.0006986213786213787,0.0,0.5894627881744842,0.2814261809915153,0.12911103083400055,0.9763591601731602,1926.4788492036616,0.0017441321070073884,6.113436107422716e-05,8.839979964985986e-05,0.0003544295258787354,1.9744264979690538e-07,0.002007125935890387,0.001075015988902508,7.958695444035946e-05,9.902055190589946e-07,2.0105995305555284e-05
1203,6342,1.6688281073073348,0.0745725843892011,0.1172628195273884,0.005683050283050283,0.0,0.0,0.005683050283050283,0.0,0.0,0.0,1.0,0.0,1.0068426147186147,1928.0650912699707,0.0019917706345011213,7.186607678783976e-05,0.00010659318822068664,0.0009710316666587455,1.4606767123519848e-06,0.0021175351236035027,0.00035292307080996086,6.982098561450775e-05,4.886014156680121e-08,2.1284195573546827e-05
1204,6123,1.5006877921656576,0.1179901452887363,0.025094288534845,0.0057692307692307696,0.0013711255411255412,0.0,0.004398121878121879,0.0,0.23766107457121335,0.0,0.7623389254287867,0.0,1.0165000000000002,1928.566972484973,0.002065067684621583,8.676702684036231e-05,0.00012797446931726706,0.000638680236078327,4.637638057644916e-07,0.0019434375567247129,0.0008278106900099624,7.879458683117375e-05,2.514050182675625e-07,2.6947702550989862e-05
1205,4112,1.0385166620348916,0.1761408870342079,0.0299864649049171,0.005771062271062272,0.0035693140193140196,0.0015231068931068933,0.0006786446886446887,0.0,0.6184843954390262,0.26392125794336113,0.11759434661761252,0.0,1.0167052380952382,1928.5776350271044,0.0020661919791718263,0.00010519553329623992,0.00015317013382178796,3.3220836847542364e-05,1.4221221828567273e-08,0.001506845527377101,0.0016931930932809376,9.500672786066465e-05,0.00011822754818767347,3.141122781658446e-06
1206,3800,1.588626178084751,0.0517596910218223,0.1353778207758063,0.005964302364302365,0.0018406127206127207,0.0025180253080253085,0.0016056776556776558,0.0,0.30860417490190295,0.42218176255273343,0.26921406254536356,0.0,1.038359722943723,1929.7018345673737,0.0020347935203005505,8.778610952118592e-05,0.0001276136627428722,9.384983678968885e-05,4.231089608985131e-08,0.0019436597841001285,0.0015644640725395397,9.176897000438722e-05,2.0337417421242582e-05,6.843120032551907e-06
1207,1959,1.6402505533727274,0.1457826149844495,0.146359193794433,0.005985381285381286,0.0007605527805527806,0.0019930502830502834,0.0032317882117882117,0.0,0.12706818076869367,0.3329857968090807,0.5399460224222257,0.0,1.0407218268398268,1929.8243686301614,0.0020318807730403893,7.846126993080693e-05,0.00011468906342259073,0.00042222888958720996,2.4525236178932347e-07,0.002129483187505608,0.0011227585306617977,8.478388987315161e-05,8.604190079321804e-07,2.216463090334679e-05
1208,3020,1.3655524134114563,0.0340468909731587,0.0324961479586126,0.0061482850482850486,0.0007171328671328671,0.005431168831168832,0.0,0.0,0.11663917978048403,0.883360820219516,0.0,0.0,1.0589768225108225,1930.770713856051,0.0019327835996560433,7.165035909620724e-05,0.00010238997275643535,3.756047633415895e-05,1.681565187504568e-08,0.002086603008082094,0.0016841164346887197,9.741253093743334e-05,0.0001357685010987316,3.306133370649389e-06
1209,3887,1.3119825525765247,0.125511052601499,0.0629660486105171,0.0062288711288711295,0.0041829803529803535,0.0007192707292707292,0.0013266167166167166,0.0,0.6715474606381404,0.11547375100840457,0.21297878835345507,0.0,1.0680072987012987,1931.2384431604376,0.0022821238729849344,0.00011913783181683299,0.00017404633064311724,4.613401914046954e-05,2.0074998767173138e-08,0.0016190997225543839,0.0018083950678429116,0.00010135671460442337,7.855416428195956e-05,4.017456364539297e-06
1210,3324,1.7952998838298937,0.0911919590681204,0.0351134653642553,0.006653779553779554,0.0032394305694305697,0.0023964302364302362,0.001017918747918748,0.0,0.48685571008893314,0.3601607503015319,0.15298353960953492,0.0,1.1156225367965367,1933.7001278903222,0.002325866871849778,0.0001108929896483813,0.00016123010576121977,4.721992806781128e-05,2.1095068703376583e-08,0.0019120763226659011,0.0018915998932483005,0.00010709881668393047,9.777353078552794e-05,4.040492355251047e-06
1211,1642,1.51895022110711,0.0333536763876814,0.1061780130164459,0.0066652680652680655,0.0014571894771894772,0.003458085248085248,0.00175,0.0,0.21862406836192572,0.5188211125000125,0.2625548191380618,0.0,1.1169099393939395,1933.7665804451485,0.0022260799293053486,9.048215594798404e-05,0.00013120691428151994,0.00011450479241071498,5.360025930852654e-08,0.00227012364260733,0.001711859008396626,0.00010151293424974736,1.945174781614557e-05,8.000523945779318e-06
1212,6922,1.3777578756304891,0.1272018219723114,0.0222121732583869,0.0066908424908424914,0.0,0.0007305061605061605,0.005960339660339661,0.0,0.0,0.10917994227728502,0.890820057722715,0.0,1.1197758095238095,1933.9144896700086,0.0023120815146910143,8.28184198880665e-05,0.00012236627007423164,0.000989924224220002,1.1105121008641484e-06,0.00249826012505525,0.0005991138672686901,8.505872323167596e-05,1.1216431602695948e-07,2.7604301446266903e-05
1213,733,1.4666228572360882,0.0410073284167336,0.1110289498856167,0.006997635697635698,0.0015233699633699633,0.002041045621045621,0.0034332201132201133,0.0,0.21769780954511062,0.29167646177054235,0.490625728684347,0.0,1.1541550562770562,1935.6866783965254,0.002408457616076101,9.882768835905107e-05,0.00014446532552851726,0.00039951301612281456,2.2331357518506252e-07,0.0023916697104485584,0.0014514105233569361,0.00010148617421623092,1.582329952303299e-06,2.2468761849980985e-05
1214,1698,1.145287231136134,0.1485019752327947,0.1019814539042459,0.007406093906093906,0.003253786213786214,0.0026072527472527475,0.0015450482850482851,0.0,0.43933943871715,0.3520418624058474,0.20861869887700266,0.0,1.1999268831168832,1938.0399967621488,0.0025804895314062897,0.00012003389203069784,0.0001746444164595377,6.843539381740983e-05,3.16883796683897e-08,0.002222601702230394,0.002055673298598075,0.0001172449665703976,6.693235659477586e-05,5.364006364664761e-06
1215,3413,1.3783809588257248,0.0920714578150911,0.0049746946525292,0.007514319014319015,0.003927039627039627,0.0015862903762903764,0.002000979020979021,0.0,0.5226082151180543,0.21110262715556116,0.2662891577263846,0.0,1.2120545887445888,1938.6623586402577,0.0026855523547910107,0.00013068831666181247,0.00019075286625131526,8.475208322115092e-05,3.9428861584760174e-08,0.0021767556423606216,0.0020823468062089135,0.00011884014841021362,4.458137754240199e-05,6.465466959664282e-06
1216,2309,1.2580401469077382,0.119081238507018,0.0316375603390385,0.007534798534798536,0.0,0.006622057942057943,0.0009127372627372628,0.0,0.0,0.8788636933149305,0.12113630668506946,0.0,1.214349523809524,1938.7800733814315,0.0023425508513515384,7.903882369218461e-05,0.00011295642569451628,7.515730892637839e-05,3.60193597645954e-08,0.0027871805738510953,0.0019548762903246323,0.00011484039681202984,6.815851478306559e-05,5.438840875651198e-06
1217,1788,1.5523859784642555,0.0827784258186538,0.0037360177720466,0.0076544122544122545,0.0028917615717615718,0.0009944555444555444,0.0037681851481851485,0.0,0.3777906454185277,0.1299194254632242,0.49228992911824804,0.0,1.2277534372294372,1939.4672527314135,0.0027287705443073467,0.00012348361768826728,0.00018099255036933603,0.00038940998912845694,2.137056139094848e-07,0.002422712203284976,0.0016933155125043908,0.00011339611441585224,2.108027089728695e-06,2.3010337689889464e-05
1218,3424,1.4765835903833984,0.0561625112417021,0.0576873111347547,0.007762903762903763,0.00211016317016317,0.005133712953712954,0.000519030969030969,0.0,0.2718264105068589,0.6613132029370269,0.0668603865561142,0.0,1.2399109956709957,1940.0900164677169,0.0025558341826456494,0.00010682937823682436,0.00015402863527838885,5.007076809023124e-05,2.3606327015013733e-08,0.002467742298987951,0.002159826450372645,0.00012374825379242872,0.00014480351917595894,4.208428761923871e-06
1219,2451,1.3184647683011503,0.1033368603432074,0.1246671206520522,0.007806493506493507,0.0029965634365634367,0.002753832833832834,0.002056087246087246,0.0,0.38385573097491904,0.3527622684423878,0.2633820005826931,0.0,1.2447956623376624,1940.3400917442234,0.0027061346036667266,0.00012214669228360125,0.0001778186155428572,0.00010510668363211983,5.019289252841936e-08,0.0024440346720286106,0.0020953881773815857,0.00012140583518066397,3.43980438748232e-05,7.597055453136686e-06
1220,304,1.1796823501116,0.1101075223450768,0.0450713597320995,0.007832567432567434,0.002983549783549784,0.0024124575424575422,0.0024365634365634365,0.0,0.38091577771721774,0.30800328724585163,0.31108093503693046,0.0,1.2477175064935067,1940.4896403616706,0.0027302417586016134,0.00012318289099012201,0.0001795827691361823,0.00014748409371662238,7.179761397334818e-08,0.002470051467369832,0.0020437655351552906,0.0001205959658959216,1.759448409120474e-05,1.0196376870152783e-05
1221,4246,0.9159456490692944,0.1212019383963097,0.0408142924716382,0.007883449883449883,0.0036041691641691643,0.0030896270396270397,0.0011896636696636697,0.0,0.457181138994924,0.39191257255313106,0.15090628845194504,0.0,1.253419393939394,1940.7813978056945,0.0027370848738044688,0.00012841663804602518,0.00018658240898840081,5.660884703176097e-05,2.65402963045437e-08,0.0023054489273142786,0.00223001302631019,0.00012648356148113577,0.00011279505018730934,4.672174811672786e-06
1222,4769,1.674473971891895,0.060570716869242,0.0556040745117985,0.008002863802863802,0.0025524175824175824,0.002217565767565768,0.003232897102897103,0.0,0.3189373622967089,0.2770959507170454,0.4039666869862458,0.0,1.2668009177489177,1941.465685518766,0.0027851595680253864,0.00012147197886746316,0.0001773973688542076,0.00029165245095945613,1.533874000092815e-07,0.002609845427517318,0.0018926848391455718,0.00011988287581856543,4.632556292475266e-06,1.8116186323273963e-05
1223,786,1.3104828880910928,0.0546681008715134,0.0905533685960211,0.008834165834165833,0.0036755444555444557,0.004003226773226774,0.0011553946053946054,0.0,0.416060160578989,0.45315277620716954,0.13078706321384145,0.0,1.3599566233766232,1946.2128405790413,0.0030313849313798767,0.0001389168590157722,0.0002015291945500476,6.11101487081882e-05,2.974736463642438e-08,0.0026326264796877647,0.0024912645130823496,0.00014157398694248066,0.00013572997343471891,4.961686717248545e-06
1224,5001,0.9433652864200288,0.0839250983156591,0.0830861566471198,0.009236829836829838,0.0017031968031968035,0.0033666400266400267,0.004166986346986347,0.0,0.1843920545616187,0.36448029394862963,0.45112765148975165,0.0,1.4050791515151517,1948.5018845502932,0.003139193728759814,0.00012570342425278832,0.00018337763749665082,0.00046994436902629067,2.784701269418711e-07,0.0032075015330524544,0.001973679265423926,0.00013449854003772465,2.6462086465859312e-06,2.57510303035011e-05
1225,1955,1.1304138809289284,0.0451118780032577,0.0081543694738506,0.009634665334665334,0.0018484115884115887,0.004608707958707959,0.0031775457875457876,0.0,0.19185010835415742,0.4783464498892265,0.3298034417566162,0.0,1.4496605974025973,1950.7568464941749,0.003227256957513972,0.0001291503359513772,0.00018761196017107073,0.0002696336395446208,1.4716017296843343e-07,0.0033355958347323317,0.002331164207211708,0.00014417066517348487,9.934574193801084e-06,1.643494750030311e-05
1226,3988,1.4150340499871683,0.0699035359018764,0.0805025012157628,0.009867565767565768,0.004572893106893107,0.0030463503163503164,0.002248315018315018,0.0,0.4634270102352577,0.3087238179933382,0.22784917177140415,0.0,1.47575941991342,1952.0738883569738,0.003464853703276442,0.00016337074532217404,0.00023794620932690276,9.610916727935775e-05,4.8780180312987504e-08,0.002934653310706995,0.0027374608517682373,0.00015608627561829465,7.702939807972473e-05,7.061350419728871e-06
1227,3593,1.6440008103606685,0.0525397484292031,0.0374655282490184,0.010931734931734933,0.001414868464868465,0.007081148851148852,0.002435717615717616,0.0,0.12942762276105763,0.6477607530157183,0.22281162422322406,0.0,1.5950102164502167,1958.063071588696,0.003556882854604477,0.00013512085306305766,0.00019509891429954855,0.00016176428764901678,8.858418614185226e-08,0.0038702113810248242,0.002805044346465264,0.00016592276842527568,4.16009420173267e-05,1.0311807382447184e-05
1228,1475,1.3988099613423288,0.0215099845423693,0.107671735122346,0.011662903762903763,0.0023371295371295373,0.004023906093906094,0.005301861471861472,0.0,0.20039013604509864,0.3450177137296823,0.4545921502252191,0.0,1.6769449956709956,1962.150944813217,0.003979795919181836,0.00016115594000440234,0.0002352042120522939,0.00059495842628217,3.8512915193563127e-07,0.00402044585617458,0.0024977370187472857,0.00017003154629146718,3.1830550111314193e-06,3.095329681370579e-05
1229,2895,1.3574786555201055,0.0831722380687332,0.0173090275975572,0.012543323343323344,0.0007628271728271728,0.00625995337995338,0.004683623043623044,0.000836926406926407,0.0608153634341644,0.4990663068173672,0.37339550521110704,0.06672282453736127,1.775604813852814,1967.0439936645982,0.004127825263544586,0.00015158497913160833,0.0002201320734478731,0.0007761891133727484,5.521259641528759e-07,0.00456480147696637,0.002517566524518309,0.00018238880006765654,2.2896463166980144e-06,3.7515709802747946e-05
1230,6243,1.3062065432555328,0.0181345751224184,0.0052331783774689,0.01328984348984349,0.004742437562437562,0.003885567765567766,0.004661848151848152,0.0,0.35684648966422217,0.2923710010391028,0.350782509296675,0.0,1.8592598614718616,1971.1679044588866,0.004631820086846582,0.00020629719583416654,0.0003009846879047537,0.0003403342202853807,2.0789556732777508e-07,0.004252758682473631,0.003340465685726494,0.00020228648288637106,1.469854232877179e-05,1.9950198263842325e-05
1231,1487,1.519666391801936,0.0115583035042709,0.001537909903085,0.014389743589743589,0.0010648151848151848,0.009033999333999334,0.004290942390942391,0.0,0.07399813572202821,0.6278076405775744,0.29819422370039744,0.0,1.9825146666666664,1977.2023396091138,0.004669892259229207,0.00017053361585513021,0.00024654681496548946,0.00038631597996266183,2.5176691393901057e-07,0.005251431767261087,0.0034358344443350466,0.00021337930660230646,1.5570954632043027e-05,2.0840637858236116e-05
1232,2012,1.4768524757323316,0.0224083291384292,0.0362688549116507,0.015974025974025974,0.005972617382617383,0.003985451215451216,0.006015944055944056,0.0,0.3738958714995801,0.24949593453903235,0.3766081939613875,0.0,2.1600493506493508,1985.8075334078967,0.0056067123074799025,0.0002523864452364623,0.00036863460604435533,0.00047093535839051964,3.2082427744045945e-07,0.0050709826970370036,0.003949191651664469,0.00024233449562796117,1.2514268254540904e-05,2.5593976630126566e-05
1233,2413,1.4496753056054947,0.0610865641111397,0.0151215311042938,0.016415517815517817,0.0032175391275391274,0.009272883782883783,0.0039250849150849155,0.0,0.1960060670520006,0.5648855875463554,0.23910834540164402,0.0,2.2095229264069265,1988.187377127374,0.005436759363930689,0.00021724837693370345,0.0003145502465281601,0.00024149013866770597,1.6028530210916046e-07,0.0056434686792861,0.004254759218684196,0.00025044052949290877,5.6630986682253484e-05,1.3767221200004093e-05
1234,3901,1.3405607855261863,0.0090419521508164,0.0172912116550547,0.016796237096237097,0.006534045954045955,0.006292730602730603,0.0031679886779886783,0.0008014851814851816,0.3890181315541859,0.37465091593552147,0.1886128510517824,0.0477181014585102,2.252186329004329,1990.2332914827916,0.005798691612575913,0.0002633903894382948,0.00038292290118620726,0.00021998811954173627,1.4556856407163692e-07,0.005218579544562699,0.004579483782095552,0.0002651572369663179,6.789126131962527e-05,1.3280939827520558e-05
1235,6421,1.4245207957939996,0.0884149918014814,0.0142666657483966,0.018042457542457542,0.00414967032967033,0.006477092907092907,0.007415694305694306,0.0,0.22999473990199606,0.35899172226682535,0.4110135378311785,0.0,2.3918377922077925,1996.8893139782117,0.006162160331471296,0.0002540693930755882,0.00037047945829969247,0.0007505075862733428,5.834990832757467e-07,0.00613921929707419,0.004092042840441604,0.00026651219966008165,6.882937078472699e-06,3.574190594123755e-05
1236,4755,1.5748360759937967,0.037211316968063,0.013823083940238,0.030791674991674994,0.005155960705960706,0.007961635031635031,0.017674092574092574,0.0,0.16744650873864356,0.258564420081274,0.5739890711800825,0.0,3.8205150995671,2061.44980252842,0.010595223879259442,0.00042178666710550913,0.0006177540528735379,0.002374035442439257,3.3586940387940492e-06,0.010753841201110946,0.005590097419920255,0.00043327572349604097,2.3152314445312044e-06,6.981671790070795e-05
1237,61,1.2898855889563583,0.1622790971461638,0.0091618436255012,0.03511621711621712,0.009791724941724943,0.012314295704295704,0.01301007326007326,0.0,0.2788386706081147,0.3506738459358867,0.3704874834559986,0.0,4.30512329004329,2081.9236498665264,0.01206048619191643,0.0005124893505813329,0.000747041116976145,0.0011283892381005723,1.4715378785244646e-06,0.011685734068355689,0.008437751587450382,0.0005261052123679029,1.6625602466928055e-05,3.93036524351173e-05
1238,2768,1.127397126446507,0.0882180137120648,0.0059186698216773,0.12566933066933067,0.05047502164502165,0.056863709623709624,0.01833047952047952,0.0,0.4016498657709015,0.45248720244681917,0.1458629317822792,0.0,14.452505194805195,2369.9222032308153,0.043069408242132616,0.0019581068933735343,0.002841079904049007,0.0014421339245304179,4.925234890867648e-06,0.03764783918363696,0.03470111698971936,0.002000074581501266,0.002004525835376768,0.0001112738442519412
1239,2327,0.6503967276993853,0.085967675970859,0.0316821524511862,0.1562181152181152,0.06991528471528471,0.08259264735264736,0.0037101631701631703,0.0,0.4475492074636128,0.5287008987452202,0.02374989379116698,0.0,17.87580199134199,2419.0923620383687,0.05322829833378126,0.0024771215339717523,0.0035840709873525244,0.0014559346703797815,6.257613479058924e-06,0.04383989449417459,0.044607611559756,0.002558818297750168,0.004460087747450124,0.00014815317386743243
1240,1442,0.57912774338801,0.05631048257468,0.0135564224085797,0.25653379953379957,0.10918614385614386,0.1403477355977356,0.006999953379953381,0.0,0.42562083390719097,0.5470924986672008,0.027286667425608258,0.0,29.11717757575758,2638.2185659864845,0.0870197044046969,0.003999573690229265,0.005784287968638232,0.0038288485066596462,3.451753843198151e-05,0.07215616205350502,0.07150779470118802,0.004163948198391661,0.00803899577209212,0.0006403446560696302
1241,93,0.8520517971969989,0.0091425579793921,0.033900892400607,0.2922484182484183,0.10426279720279721,0.14989852147852148,0.03741021645021645,0.0006766799866799868,0.35676110856869614,0.5129150965657298,0.12800836588543038,0.002315428980143704,33.11935774891775,2785.8850750468855,0.09894352320742265,0.004378702958611045,0.006342829513900903,0.006891447478772255,8.115277845996363e-05,0.08714763079783797,0.07675729453598597,0.0045719281750521475,0.007133705672172211,0.0013022019126343043
1242,4189,1.0289032737812176,0.0697651600255458,0.0135598343360727,0.30831801531801534,0.11380208125208126,0.13747858141858144,0.05534655344655345,0.0016906660006660006,0.36910632776262464,0.44589882518075274,0.17951133118315946,0.005483515873463325,34.920116796536796,2849.3159654865135,0.10542205762372542,0.0047092399829439455,0.00683578325402184,0.00868995925040782,0.00011425296339580324,0.09199891113746887,0.07909229369180516,0.004753213279529893,0.006702170934583404,0.001732975567067807
1243,1123,0.7371503290073849,0.0301487518510729,0.0058669107689493,0.5347918747918748,0.2626689943389944,0.25938034099234103,0.012742147852147853,0.0,0.49116151359664506,0.4850121012554522,0.023826385147902796,0.0,60.298777489177496,3568.182619198428,0.18400496783029976,0.008772332951285983,0.012705877930538439,0.02167507655449225,0.0008244852300181791,0.12943702518295733,0.13713108741041213,0.008002134973884599,0.03223849511959462,0.015960685931718344
