,i,a,e,inc,m_e,EF,EC,OC,CI,EF_ratio,EC_ratio,OC_ratio,CI_ratio,P,T,MgO,Al2O3,CaO,FeO,NiO,SiO2,Fe,Ni,Si,O
0,6170,1.8854257620344528,0.0551450432702075,0.0260602284785202,0.00021463802863802865,0.0,0.0,0.00021463802863802865,0.0,0.0,0.0,1.0,0.0,0.3940523374891775,1895.5733195773523,0.3504756310957839,0.012645687299684922,0.01875633381928736,0.17035368470270423,0.0002059793580776998,0.372604616644436,0.06261183056247052,0.01233687329614877,9.363221406599731e-06,0.004308618372264594
1,5974,1.3285771169905412,0.1361992216837524,0.1250764330378001,0.0003670296370296371,0.0,0.0,0.0003670296370296371,0.0,0.0,0.0,1.0,0.0,0.4111293411255411,1896.4961330129256,0.3504756310957839,0.012645687299684922,0.01875633381928736,0.1703693802486793,0.00020729072450116837,0.3726046382913942,0.06259613501649547,0.012335561929725302,9.341574448429313e-06,0.004291568165949555
2,5069,2.733345655588821,0.1740278327345959,0.0359800551713633,0.0003958574758574759,0.0,0.0,0.0,0.0003958574758574759,0.0,0.0,0.0,1.0,0.41435978874458873,1896.670588531938,0.33808126467938193,0.013407793819400984,0.019576751193023625,0.28067873836082063,0.0042471303205314104,0.328081643089536,0.004619122372155837,0.011307512517832217,4.364731726047566e-08,0.015926722184622655
3,6279,2.010899421959811,0.1109849452502413,0.0496940693865675,0.0004014718614718615,0.0,0.0,0.0004014718614718615,0.0,0.0,0.0,1.0,0.0,0.4149889367965368,1896.7045605697176,0.3504756310957839,0.012645687299684922,0.01875633381928736,0.17037291525798343,0.0002075879616237662,0.3726046431815837,0.06259260000719133,0.012335264692602705,9.33668425889822e-06,0.004287726139143744
4,5550,2.8655010205811724,0.3646559192191687,0.3603324149369006,0.0004017182817182817,0.0,0.0,0.0,0.0004017182817182817,0.0,0.0,0.0,1.0,0.4150165506493506,1896.7060516007532,0.33808126467938193,0.013407793819400984,0.019576751193023625,0.2806803149075475,0.0042489266584726905,0.3280816431139226,0.004617545825428948,0.011305716179890936,4.3622930656628256e-08,0.015923349251181218
5,5694,3.1389290337289166,0.0842707599035111,0.2481264445704003,0.00040301365301365305,0.0,0.0,0.0,0.00040301365301365305,0.0,0.0,0.0,1.0,0.41516170995671,1896.7138895451894,0.33808126467938193,0.013407793819400984,0.019576751193023625,0.280680663332953,0.004249323779030857,0.3280816431193073,0.004617197400023476,0.011305319059332769,4.361754596393652e-08,0.0159226036944482
6,5374,1.7331034483016978,0.0190415852699249,0.0635794661062671,0.0004054412254412254,0.0,0.0,0.0004054412254412254,0.0,0.0,0.0,1.0,0.0,0.4154337437229437,1896.728577940403,0.3504756310957839,0.012645687299684922,0.01875633381928736,0.17037332236493127,0.0002076222375651869,0.37260464374510877,0.06259219290024348,0.012335230416661283,9.336120733838271e-06,0.004287283629204386
7,3337,1.3368840025526447,0.138768591281965,0.0843656032493619,0.00041115884115884116,0.0,0.00041115884115884116,0.0,0.0,0.0,1.0,0.0,0.0,0.41607445974025975,1896.7631722381075,0.30544261328835104,0.010192697537748036,0.014472362178626647,0.00685390325986578,2.4739222311827728e-06,0.35981567891120964,0.26759209350392954,0.015616248849185178,0.020011928548852975,0.0006584672471414699
8,6196,3.1311720173861013,0.2693653604317927,0.0179205136882332,0.00041766233766233767,0.0,0.0,0.0,0.00041766233766233767,0.0,0.0,0.0,1.0,0.41680324155844156,1896.8025197762,0.33808126467938193,0.013407793819400984,0.019576751193023625,0.2806846028023089,0.004253816849715033,0.32808164318020805,0.00461325793066758,0.011300825988648594,4.355664523503222e-08,0.015914171032606617
9,6642,1.513004361445278,0.1615334293653488,0.0421791523205544,0.0004207625707625708,0.0,0.0,0.0004207625707625708,0.0,0.0,0.0,1.0,0.0,0.4171506536796537,1896.8212762047938,0.3504756310957839,0.012645687299684922,0.01875633381928736,0.17037489319149218,0.0002077545785147834,0.3726046459201556,0.06259062207368257,0.012335098075711686,9.333945687028944e-06,0.004285576111600298
10,5567,1.8139852354940784,0.1600265505456966,0.1384767724897619,0.00043951381951381954,0.0,0.0,0.00043951381951381954,0.0,0.0,0.0,1.0,0.0,0.4192519186147186,1896.9347125422446,0.3504756310957839,0.012645687299684922,0.01875633381928736,0.17037681444696132,0.00020791663078207633,0.37260464858189213,0.06258870081821344,0.012334936023444393,9.331283950475555e-06,0.0042834874803907574
11,5566,1.6862475109386599,0.1426986521181251,0.0199665671905755,0.00044546786546786546,0.0,0.0,0.00044546786546786546,0.0,0.0,0.0,1.0,0.0,0.419919129004329,1896.9707285829556,0.3504756310957839,0.012645687299684922,0.01875633381928736,0.17037742421809338,0.0002079681064609859,0.3726046494270166,0.06258809104708138,0.012334884547765485,9.33043882600515e-06,0.004282824543330843
12,6394,1.38215001879346,0.3390900484831028,0.0199840448448331,0.0004488278388278389,0.0,0.0,0.0004488278388278389,0.0,0.0,0.0,1.0,0.0,0.42029564761904764,1896.9910523970157,0.3504756310957839,0.012645687299684922,0.01875633381928736,0.17037776826277573,0.00020799715925605834,0.37260464990392295,0.06258774700239902,0.012334855494970412,9.329961919657404e-06,0.00428245049204079
13,6942,2.8511832345118524,0.2492723708591884,0.1943394297891948,0.000448997668997669,0.0,0.0,0.0,0.000448997668997669,0.0,0.0,0.0,1.0,0.42031467878787876,1896.9920796531953,0.33808126467938193,0.013407793819400984,0.019576751193023625,0.28069302554878967,0.0042634419145417095,0.3280816433102534,0.004604835184186806,0.011291200923821918,4.3426599871665417e-08,0.015896122961208348
14,6583,1.8435001470669063,0.1431698187161239,0.1439202533999469,0.00044976356976356976,0.0,0.0,0.00044976356976356976,0.0,0.0,0.0,1.0,0.0,0.42040050562770565,1896.9967123617043,0.3504756310957839,0.012645687299684922,0.01875633381928736,0.17037786406901398,0.0002080052508053504,0.37260465003673726,0.06258765119616078,0.012334847403421119,9.329829105342302e-06,0.0042823463286245644
15,5724,1.7558716964536523,0.214204198714726,0.0353260869572403,0.0004646187146187146,0.0,0.0,0.0004646187146187146,0.0,0.0,0.0,1.0,0.0,0.42206517316017317,1897.0865617652364,0.3504756310957839,0.012645687299684922,0.01875633381928736,0.17037938459226892,0.00020813373896124042,0.3726046521451364,0.06258613067290583,0.01233471891526523,9.327720706220344e-06,0.004280693100415567
16,6257,1.561328160639003,0.1621438544689767,0.0784016816004306,0.00046561105561105563,0.0,0.0,0.00046561105561105563,0.0,0.0,0.0,1.0,0.0,0.4221763748917749,1897.0925634713312,0.3504756310957839,0.012645687299684922,0.01875633381928736,0.17037948613481818,0.0002081423242104423,0.3726046522859756,0.06258602913035657,0.012334710330016027,9.327579866991176e-06,0.004280582690938672
17,5908,1.2843767174275256,0.0501449465855744,0.098285213481089,0.00047276723276723276,0.0,0.0,0.00047276723276723276,0.0,0.0,0.0,1.0,0.0,0.4229782961038961,1897.1358429748452,0.3504756310957839,0.012645687299684922,0.01875633381928736,0.17038021828890154,0.00020820424371502483,0.37260465330159875,0.06258529697627321,0.012334648410511444,9.326564243850033e-06,0.004279786586104395
18,5878,3.19883909102111,0.0514958851466366,0.0220804604508343,0.0004809457209457209,0.0,0.0,0.0,0.0004809457209457209,0.0,0.0,0.0,1.0,0.4238947774891775,1897.1853025628502,0.33808126467938193,0.013407793819400984,0.019576751193023625,0.280701607027042,0.004273274626948844,0.3280816434425452,0.004596253705934472,0.011281368211414783,4.3294308083030586e-08,0.015877708505965482
19,5753,1.8421436841240373,0.0658588697022114,0.1390503939388328,0.00048222777222777224,0.0,0.0,0.00048222777222777224,0.0,0.0,0.0,1.0,0.0,0.42403844415584413,1897.1930555350318,0.3504756310957839,0.012645687299684922,0.01875633381928736,0.17038118590429874,0.00020828612284547396,0.37260465464420245,0.06258432936087602,0.012334566531380996,9.325221640155146e-06,0.004278734406369278
20,6367,1.3239412745904175,0.1993854323277206,0.115533281064593,0.00048516150516150514,0.0,0.0,0.00048516150516150514,0.0,0.0,0.0,1.0,0.0,0.42436719826839825,1897.2107964854683,0.3504756310957839,0.012645687299684922,0.01875633381928736,0.17038148589402596,0.00020831151856916304,0.3726046550605358,0.06258402937114879,0.012334541135657308,9.324805306798467e-06,0.004278408188251759
21,5279,1.3728319992452476,0.1306764477112156,0.1264149123041039,0.0004891941391941393,0.0,0.0,0.0004891941391941393,0.0,0.0,0.0,1.0,0.0,0.42481909523809525,1897.235182135678,0.3504756310957839,0.012645687299684922,0.01875633381928736,0.17038189819893768,0.00020834643061855277,0.3726046556328045,0.06258361706623708,0.012334506223607917,9.324233038121577e-06,0.004277959826753275
22,3089,1.4291686261506296,0.0794306598725399,0.0646389090976103,0.0004894605394605395,0.0,0.0004894605394605395,0.0,0.0,0.0,1.0,0.0,0.0,0.42484894805194806,1897.2367930540438,0.30544261328835104,0.010192697537748036,0.014472362178626647,0.006850739821056742,2.4805142973126677e-06,0.3598179971126833,0.2675952569427386,0.015616242257119049,0.020009610347379303,0.0006569876909370276
23,1996,1.4245999189871772,0.1199442745838769,0.0358999388765018,0.0004911854811854812,0.0004911854811854812,0.0,0.0,0.0,1.0,0.0,0.0,0.0,0.425042245021645,1897.2472236764704,0.38190021850282097,0.022718381307491074,0.03317116181496154,0.003545108543019642,1.2126410204115146e-06,0.1826374307502859,0.31873041131189694,0.017570742108322056,0.03972533302018144,0.00047670378335518127
24,6669,2.4758085231435456,0.5879219102316414,0.387718736710314,0.0004913852813852814,0.0,0.0,0.0,0.0004913852813852814,0.0,0.0,0.0,1.0,0.42506463463203464,1897.24843184839,0.33808126467938193,0.013407793819400984,0.019576751193023625,0.2807044098657157,0.004276491890999,0.3280816434857097,0.004593450867260762,0.011278150947364628,4.325114361103388e-08,0.015871688316912547
25,6303,1.3834898254638155,0.0586374240777423,0.1588203991999863,0.000493010323010323,0.0,0.0,0.000493010323010323,0.0,0.0,0.0,1.0,0.0,0.4252467367965368,1897.258258249461,0.3504756310957839,0.012645687299684922,0.01875633381928736,0.1703822883163594,0.00020837947276112673,0.3726046561743474,0.06258322694881535,0.012334473181465343,9.32369149519996e-06,0.004277535584103154
26,5713,3.094440608290248,0.1359019998385463,0.1610380283075854,0.0004966167166167167,0.0,0.0,0.0,0.0004966167166167167,0.0,0.0,0.0,1.0,0.42565086926406925,1897.2800652044534,0.33808126467938193,0.013407793819400984,0.019576751193023625,0.2807058141735908,0.004278104905218583,0.3280816435073202,0.004592046559385665,0.011276537933145044,4.32295330643484e-08,0.01586867095159672
27,5362,1.5885510541573848,0.0761316235508265,0.0863310686815196,0.0004987745587745587,0.0,0.0,0.0004987745587745587,0.0,0.0,0.0,1.0,0.0,0.42589267705627704,1897.2931128652747,0.3504756310957839,0.012645687299684922,0.01875633381928736,0.17038287747192044,0.00020842938931333677,0.3726046569923099,0.06258263779325432,0.012334423264913134,9.32287353272443e-06,0.004276894876064974
28,5228,2.770125270330074,0.153671877955414,0.160284732000111,0.0005086280386280386,0.0,0.0,0.0,0.0005086280386280386,0.0,0.0,0.0,1.0,0.426996858008658,1897.3526906066288,0.33808126467938193,0.013407793819400984,0.019576751193023625,0.2807090378414377,0.004281810366177282,0.3280816435569296,0.00458882289153878,0.011272832472186346,4.31799236921826e-08,0.015861741723572464
29,5048,1.6920401714683428,0.2405263559310434,0.066243036816645,0.0005150582750582751,0.0,0.0,0.0005150582750582751,0.0,0.0,0.0,1.0,0.0,0.42771743030303033,1897.3915679114327,0.3504756310957839,0.012645687299684922,0.01875633381928736,0.1703845411263182,0.00020857044919222431,0.3726046593028959,0.06258097413885655,0.012334282205034245,9.32056294672412e-06,0.004275085540616286
30,5240,1.8428086576002152,0.1141415542043277,0.1262461412526115,0.0005151781551781552,0.0,0.0,0.0,0.0005151781551781552,0.0,0.0,0.0,1.0,0.4277308640692641,1897.3922926915018,0.33808126467938193,0.013407793819400984,0.019576751193023625,0.2807107954424219,0.004283832232436204,0.32808164358395897,0.004587065290554582,0.011270810605927422,4.3152894313447376e-08,0.015857962202270648
31,6835,2.6429501150651156,0.3830493914225203,0.2454706186608392,0.0005157542457542457,0.0,0.0,0.0005157542457542457,0.0,0.0,0.0,1.0,0.0,0.4277954207792208,1897.395775653754,0.3504756310957839,0.012645687299684922,0.01875633381928736,0.17038461220873338,0.00020857647970425413,0.3726046594016458,0.06258090305644137,0.012334276174522216,9.320464196826972e-06,0.004275008230189226
32,6911,1.7792027758473044,0.051340976260865,0.0504490868650637,0.0005172427572427573,0.0,0.0,0.0005172427572427573,0.0,0.0,0.0,1.0,0.0,0.4279622233766234,1897.4047749177737,0.3504756310957839,0.012645687299684922,0.01875633381928736,0.17038476423087356,0.00020858937793256815,0.37260465961284805,0.06258075103430119,0.012334263276293903,9.320252994549083e-06,0.004274842887416197
33,3770,1.5023784965696796,0.0954666958640716,0.0510061730210141,0.0005188911088911089,0.0,0.0005188911088911089,0.0,0.0,0.0,1.0,0.0,0.0,0.42814693766233763,1897.4147404343453,0.30544261328835104,0.010192697537748036,0.014472362178626647,0.006849549940035437,2.482994714509301e-06,0.3598188684581325,0.2675964468237599,0.015616239776701853,0.02000873900193012,0.0006564324006428368
34,6848,1.4312671283584295,0.0262012790033631,0.139689049326976,0.0005196003996003996,0.0,0.0,0.0005196003996003996,0.0,0.0,0.0,1.0,0.0,0.4282264207792208,1897.4190285903064,0.3504756310957839,0.012645687299684922,0.01875633381928736,0.17038500499971923,0.00020860980854557013,0.3726046599473684,0.06258051026545552,0.012334242845680899,9.319918474193223e-06,0.004274581018916868
35,6000,2.6692924743990742,0.0785280815815639,0.0291329780757043,0.0005221944721944722,0.0,0.0,0.0005221944721944722,0.0,0.0,0.0,1.0,0.0,0.42851711255411257,1897.4347113798879,0.3504756310957839,0.012645687299684922,0.01875633381928736,0.17038526988922234,0.00020863228970238436,0.372604660315431,0.06258024537595241,0.012334220364524086,9.31955041161281e-06,0.004274292912131772
36,6649,1.7843016633401383,0.1085056231969973,0.1619967945953882,0.0005279254079254079,0.0,0.0,0.0005279254079254079,0.0,0.0,0.0,1.0,0.0,0.4291593212121212,1897.469357439418,0.3504756310957839,0.012645687299684922,0.01875633381928736,0.17038585500379083,0.00020868196238561367,0.37260466112854945,0.06257966026138392,0.012334170691840856,9.318737293151358e-06,0.004273656498643086
37,6065,1.8326844532180084,0.0890200612458292,0.0501140194528234,0.0005302264402264402,0.0,0.0,0.0005302264402264402,0.0,0.0,0.0,1.0,0.0,0.4294171748917749,1897.4832678066875,0.3504756310957839,0.012645687299684922,0.01875633381928736,0.17038608989828086,0.0002087019089623416,0.37260466145501886,0.0625794253668939,0.012334150745264129,9.318410823744294e-06,0.004273401004637467
38,5124,1.6782675571465275,0.1969886907213178,0.1072451581824353,0.0005302530802530803,0.0,0.0,0.0005302530802530803,0.0,0.0,0.0,1.0,0.0,0.4294201601731602,1897.4834288515722,0.3504756310957839,0.012645687299684922,0.01875633381928736,0.17038609261740778,0.00020870213989955237,0.372604661458798,0.06257942264776697,0.012334150514326918,9.31840704460063e-06,0.004273398047015098
39,5099,1.1563264517158467,0.053680119336472,0.0375479054168,0.0005311555111555112,0.0,0.0,0.0005311555111555112,0.0,0.0,0.0,1.0,0.0,0.4295212865800866,1897.4888842289824,0.3504756310957839,0.012645687299684922,0.01875633381928736,0.17038618473413847,0.0002087099630446532,0.3726046615868323,0.06257933053103629,0.012334142691181816,9.31827901029525e-06,0.004273297851070668
40,5480,2.054673316794896,0.1332961748167663,0.0753228532589422,0.0005336663336663337,0.0,0.0,0.0005336663336663337,0.0,0.0,0.0,1.0,0.0,0.4298026493506494,1897.5040624745407,0.3504756310957839,0.012645687299684922,0.01875633381928736,0.17038644101225936,0.00020873173042356812,0.37260466194306247,0.0625790742529154,0.012334120923802903,9.317922780138765e-06,0.004273019093110508
41,5485,1.5661186477600504,0.276931699460267,0.0827305236338514,0.0005338228438228438,0.0,0.0,0.0005338228438228438,0.0,0.0,0.0,1.0,0.0,0.4298201878787879,1897.5050085896094,0.3504756310957839,0.012645687299684922,0.01875633381928736,0.1703864569863843,0.00020873308733179916,0.3726046619652665,0.06257905827879046,0.012334119566894671,9.317900576122362e-06,0.004273001717669311
42,5989,2.7277714835836075,0.3570309732217651,0.0403077670266202,0.0005351781551781552,0.0,0.0,0.0005351781551781552,0.0,0.0,0.0,1.0,0.0,0.4299720640692641,1897.5132014993737,0.3504756310957839,0.012645687299684922,0.01875633381928736,0.17038659531145806,0.000208744837851869,0.3726046621575524,0.0625789199537167,0.0123341078163746,9.317708290212945e-06,0.0042728512575037625
43,6107,1.8353534307381567,0.375038436415545,0.0711613245601837,0.0005355511155511155,0.0,0.0,0.0,0.0005355511155511155,0.0,0.0,0.0,1.0,0.430013858008658,1897.5154560454262,0.33808126467938193,0.013407793819400984,0.019576751193023625,0.2807162605375964,0.004290126179898768,0.3280816436679565,0.0045816001953800645,0.01126451665846486,4.306889678229453e-08,0.015846202991638414
44,1320,1.6778497236349459,0.0668774964644318,0.0989473962386331,0.0005378621378621379,0.0,0.0005378621378621379,0.0,0.0,0.0,1.0,0.0,0.0,0.4302728311688312,1897.5294260454123,0.30544261328835104,0.010192697537748036,0.014472362178626647,0.006848782688619571,2.4845943848829186e-06,0.35981943013671713,0.2675972140751758,0.015616238177031479,0.020008177323345477,0.000656074695219
45,6558,1.25414178903617,0.1020117601630524,0.1140039236053277,0.0005383416583416583,0.0,0.0,0.0005383416583416583,0.0,0.0,0.0,1.0,0.0,0.43032656623376625,1897.5323246909416,0.3504756310957839,0.012645687299684922,0.01875633381928736,0.17038691815638837,0.00020877226726108127,0.37260466260637115,0.06257859710878638,0.01233408038696539,9.31725947145301e-06,0.004272500085526598
46,6175,1.4542784403000464,0.0864145946447629,0.1034717771725756,0.0005414085914085914,0.0,0.0,0.0005414085914085914,0.0,0.0,0.0,1.0,0.0,0.4306702467532467,1897.5508637103871,0.3504756310957839,0.012645687299684922,0.01875633381928736,0.17038723110929427,0.0002087988618946584,0.3726046630414834,0.06257828415588049,0.012334053792331812,9.316824359228981e-06,0.004272159667762732
47,5286,1.336785810577081,0.2344045372991029,0.1113257440324087,0.000542057942057942,0.0,0.0,0.000542057942057942,0.0,0.0,0.0,1.0,0.0,0.430743012987013,1897.554788857972,0.3504756310957839,0.012645687299684922,0.01875633381928736,0.17038729736529984,0.0002088044930026245,0.37260466313360857,0.06257821789987492,0.012334048161223845,9.316732234032621e-06,0.004272087596398744
48,6162,1.8174187568785864,0.1603962190217591,0.0943439173186013,0.0005427672327672328,0.0,0.0,0.0005427672327672328,0.0,0.0,0.0,1.0,0.0,0.4308224961038961,1897.5590763061177,0.3504756310957839,0.012645687299684922,0.01875633381928736,0.17038736973486607,0.00020881064403108427,0.3726046632342336,0.06257814553030869,0.012334042010195386,9.316631609024295e-06,0.004272008874554145
49,6417,1.32400577696787,0.0182717217759762,0.0540561270825073,0.0005431135531135531,0.0,0.0,0.0005431135531135531,0.0,0.0,0.0,1.0,0.0,0.43086130476190476,1897.561169700156,0.3504756310957839,0.012645687299684922,0.01875633381928736,0.17038740506995595,0.00020881364740067977,0.3726046632833675,0.0625781101952188,0.01233403900682579,9.31658247510514e-06,0.004271970437826789
50,5572,2.718876074081597,0.3044138445145136,0.3292624931272304,0.0005441391941391941,0.0,0.0,0.0,0.0005441391941391941,0.0,0.0,0.0,1.0,0.4309762380952381,1897.56736933681,0.33808126467938193,0.013407793819400984,0.019576751193023625,0.28071856358176,0.004292781751912134,0.32808164370332865,0.004579297151216466,0.011261861086451493,4.303352463264076e-08,0.015841244304717117
51,6577,1.7252402880676967,0.2715248715913906,0.0321670409145935,0.0005447319347319348,0.0,0.0,0.0005447319347319348,0.0,0.0,0.0,1.0,0.0,0.4310426606060606,1897.5709522230482,0.3504756310957839,0.012645687299684922,0.01875633381928736,0.17038757018653913,0.00020882768279704124,0.3726046635129654,0.06257794507863562,0.012334024971429429,9.316352877208889e-06,0.0042717908266514115
52,5657,1.475926994753895,0.0799052639013621,0.0547966878606437,0.0005447852147852148,0.0,0.0,0.0005447852147852148,0.0,0.0,0.0,1.0,0.0,0.4310486311688312,1897.5712742794965,0.3504756310957839,0.012645687299684922,0.01875633381928736,0.17038757562208096,0.00020882814487855478,0.37260466352052335,0.0625779396430938,0.012334024509347915,9.316345319254626e-06,0.004271784913912224
53,5634,1.3593629548737665,0.0326327313688516,0.1586248040916594,0.0005451415251415252,0.0,0.0,0.0005451415251415252,0.0,0.0,0.0,1.0,0.0,0.4310885593073593,1897.5734280288539,0.3504756310957839,0.012645687299684922,0.01875633381928736,0.1703876119736567,0.00020883123507559707,0.37260466357107436,0.06257790329151805,0.012334021419150873,9.316294768246802e-06,0.004271745371037361
54,5941,1.4387798370325846,0.0984690133333466,0.079815645162037,0.0005467232767232767,0.0,0.0,0.0005467232767232767,0.0,0.0,0.0,1.0,0.0,0.43126581038961037,1897.582988999699,0.3504756310957839,0.012645687299684922,0.01875633381928736,0.17038777334052424,0.0002088449536433613,0.37260466379547175,0.06257774192465052,0.012334007700583108,9.316070370857243e-06,0.004271569836807321
55,6894,1.5608016387315826,0.1377383780862049,0.1021922708315972,0.000546979686979687,0.0,0.0,0.000546979686979687,0.0,0.0,0.0,1.0,0.0,0.43129454372294374,1897.5845388732432,0.3504756310957839,0.012645687299684922,0.01875633381928736,0.17038779949795047,0.00020884717755775261,0.3726046638318478,0.06257771576722429,0.012334005476668717,9.31603399478842e-06,0.004271541382714572
56,5516,2.6866598851736376,0.242855914403677,0.1181368634058003,0.0005488011988011988,0.0,0.0,0.0,0.0005488011988011988,0.0,0.0,0.0,1.0,0.4314986623376623,1897.5955489323617,0.33808126467938193,0.013407793819400984,0.019576751193023625,0.2807198135991115,0.004294223915535853,0.3280816437225275,0.004578047133864949,0.011260418922827774,4.3014325767920525e-08,0.01583855208534435
57,5708,3.1496432355774058,0.0300507741102177,0.190967317158264,0.0005512620712620713,0.0,0.0,0.0,0.0005512620712620713,0.0,0.0,0.0,1.0,0.4317744277056277,1897.610423355658,0.33808126467938193,0.013407793819400984,0.019576751193023625,0.28072047337885336,0.004294985341665625,0.32808164373265,0.004577387354123108,0.011259657496698001,4.3004203309493505e-08,0.015837130859227666
58,5018,1.7839224238832072,0.0654957405367932,0.1030967882944543,0.0005526107226107226,0.0,0.0,0.0005526107226107226,0.0,0.0,0.0,1.0,0.0,0.43192555757575757,1897.618574992556,0.3504756310957839,0.012645687299684922,0.01875633381928736,0.1703883738819208,0.00020889602145710283,0.37260466463069525,0.06257714138325396,0.012333956632769367,9.315235147355772e-06,0.004270916557149951
59,5641,1.8804349484806853,0.0907806410814089,0.0552677727297631,0.000552930402930403,0.0,0.0,0.000552930402930403,0.0,0.0,0.0,1.0,0.0,0.43196138095238096,1897.6205072209273,0.3504756310957839,0.012645687299684922,0.01875633381928736,0.17038840648649303,0.0002088987946333483,0.37260466467604697,0.06257710877868172,0.012333953859593122,9.315189795633394e-06,0.0042708810886981086
60,6572,3.007896895757602,0.1495547607526202,0.1819351175262119,0.000552957042957043,0.0,0.0,0.0,0.000552957042957043,0.0,0.0,0.0,1.0,0.4319643662337662,1897.6206682397594,0.33808126467938193,0.013407793819400984,0.019576751193023625,0.28072092779371943,0.004295509856117958,0.3280816437396241,0.004576932939257039,0.011259132982245668,4.2997229166008566e-08,0.015836151915961105
61,3407,1.478322833269716,0.0632752339964722,0.096023726582765,0.0005530469530469531,0.0,0.0005530469530469531,0.0,0.0,0.0,1.0,0.0,0.0,0.43197444155844156,1897.6212116780928,0.30544261328835104,0.010192697537748036,0.014472362178626647,0.006848168422682362,2.4858752392221677e-06,0.35981987971968343,0.26759782834111295,0.01561623689617714,0.020007727740379178,0.0006557885143693154
62,2057,1.3316976704907844,0.170415888388412,0.0897509864846051,0.0005535964035964036,0.0,0.0005535964035964036,0.0,0.0,0.0,1.0,0.0,0.0,0.432036012987013,1897.6245326825635,0.30544261328835104,0.010192697537748036,0.014472362178626647,0.006848146193345845,2.485921593235499e-06,0.3598198959864101,0.2675978505704495,0.015616236849823125,0.02000771147365249,0.0006557781638983906
63,6721,2.4338668190073034,0.1300115836300048,0.1976850126016221,0.0005537062937062937,0.0,0.0,0.0005537062937062937,0.0,0.0,0.0,1.0,0.0,0.43204832727272724,1897.6251968818974,0.3504756310957839,0.012645687299684922,0.01875633381928736,0.1703884856197044,0.0002089055254800941,0.37260466478611376,0.06257702964547035,0.012333947128746376,9.315079728844378e-06,0.004270795004506334
64,6923,1.904281948141913,0.1844899964121139,0.0697274245100773,0.0005584648684648685,0.0,0.0,0.0005584648684648685,0.0,0.0,0.0,1.0,0.0,0.43258157316017315,1897.653958226859,0.3504756310957839,0.012645687299684922,0.01875633381928736,0.17038897089544955,0.00020894680958117692,0.3726046654611686,0.0625765443697252,0.012333905844645294,9.314404673999022e-06,0.004270267094550473
65,6140,1.8996341107664725,0.1132864629734584,0.1796767170031167,0.0005585347985347986,0.0,0.0,0.0005585347985347986,0.0,0.0,0.0,1.0,0.0,0.43258940952380953,1897.6543808845588,0.3504756310957839,0.012645687299684922,0.01875633381928736,0.17038897802658098,0.00020894741632205546,0.37260466547108884,0.06257653723859377,0.012333905237904414,9.314394753767719e-06,0.004270259336837778
66,5783,2.6383442043252345,0.4200726826339887,0.3435863330040242,0.0005593073593073594,0.0,0.0,0.0005593073593073594,0.0,0.0,0.0,1.0,0.0,0.43267598268398266,1897.6590502317968,0.3504756310957839,0.012645687299684922,0.01875633381928736,0.17038905680315444,0.00020895411943195336,0.37260466558068367,0.06257645846202031,0.012333898534794517,9.31428515893451e-06,0.004270173637964669
67,5954,1.3944854958867892,0.2247227563443183,0.1399220924488454,0.0005602297702297702,0.0,0.0,0.0005602297702297702,0.0,0.0,0.0,1.0,0.0,0.43277934805194807,1897.6646252377172,0.3504756310957839,0.012645687299684922,0.01875633381928736,0.17038915085739187,0.00020896212292547707,0.3726046657115362,0.06257636440778289,0.012333890531300993,9.314154306383493e-06,0.004270071318528634
68,484,1.4861674725416512,0.0996978358472389,0.108391086232609,0.0005616150516150517,0.0,0.0005616150516150517,0.0,0.0,0.0,1.0,0.0,0.0,0.43293458268398266,1897.6729977409418,0.30544261328835104,0.010192697537748036,0.014472362178626647,0.0068478217643968406,2.4865981409893307e-06,0.35982013339788455,0.2675981749993985,0.015616236173275372,0.020007474062178066,0.0006556270933508745
69,5276,1.6178711588491976,0.2147524479473165,0.0938497878565301,0.0005638428238428239,0.0,0.0,0.0005638428238428239,0.0,0.0,0.0,1.0,0.0,0.4331842268398268,1897.686462001876,0.3504756310957839,0.012645687299684922,0.01875633381928736,0.17038951923210396,0.0002089934745261755,0.3726046662240672,0.06257599603307079,0.012333859179700295,9.313641775421377e-06,0.004269670567153883
70,5235,1.7771194459332222,0.0543506041924955,0.0886188762269136,0.0005653646353646354,0.0,0.0,0.0005653646353646354,0.0,0.0,0.0,1.0,0.0,0.43335476103896103,1897.6956594384062,0.3504756310957839,0.012645687299684922,0.01875633381928736,0.17038967437584301,0.00020900668080315061,0.372604666439943,0.06257584088933174,0.012333845973423319,9.313425899604155e-06,0.00426950178538632
71,6823,1.8649809841845684,0.074619508134919,0.0399028553861862,0.0005654911754911755,0.0,0.0,0.0005654911754911755,0.0,0.0,0.0,1.0,0.0,0.43336894112554114,1897.6964242098184,0.3504756310957839,0.012645687299684922,0.01875633381928736,0.17038968727555914,0.0002090077789447925,0.3726046664578963,0.06257582798961561,0.012333844875281677,9.313407946298646e-06,0.004269487751621837
72,5038,1.2842186902526267,0.2033278103892949,0.1062138613228356,0.000566007326007326,0.0,0.0,0.000566007326007326,0.0,0.0,0.0,1.0,0.0,0.43342678095238096,1897.699543665014,0.3504756310957839,0.012645687299684922,0.01875633381928736,0.17038973989335032,0.00020901225825616026,0.37260466653111196,0.06257577537182443,0.012333840395970309,9.313334730642886e-06,0.004269430508087924
73,4722,1.3242196015047887,0.0260232299264635,0.0750673723861743,0.000567975357975358,0.000567975357975358,0.0,0.0,0.0,1.0,0.0,0.0,0.0,0.4336473186147186,1897.71143774051,0.38190021850282097,0.022718381307491074,0.03317116181496154,0.003543345049952599,1.2157603786447997e-06,0.1826388449269445,0.318732174804964,0.017570738988963823,0.03972391884352286,0.00047563580374687664
74,3982,1.5625736808920805,0.0370438387463585,0.1217474815696781,0.0005687046287046287,0.0005687046287046287,0.0,0.0,0.0,1.0,0.0,0.0,0.0,0.4337290406926407,1897.7158451474454,0.38190021850282097,0.022718381307491074,0.03317116181496154,0.003543328294499385,1.2157900255260149e-06,0.18263885835427826,0.3187321915604172,0.01757073895931694,0.03972390541618909,0.0004756256748856269
75,6462,2.6605160011043583,0.1249540038440468,0.1238467567223433,0.0005718115218115218,0.0,0.0,0.0,0.0005718115218115218,0.0,0.0,0.0,1.0,0.4340771991341991,1897.7346216518386,0.33808126467938193,0.013407793819400984,0.019576751193023625,0.28072598146897537,0.004301348183461652,0.3280816438171543,0.0045718792640011,0.011253294654901975,4.291969896152992e-08,0.015825259758300958
76,3963,0.9338439646646544,0.291205322227,0.0411422408941402,0.0005724009324009324,0.0005724009324009324,0.0,0.0,0.0,1.0,0.0,0.0,0.0,0.4341432484848485,1897.7381837070427,0.38190021850282097,0.022718381307491074,0.03317116181496154,0.0035432433684380238,1.2159402973966141e-06,0.1826389264243664,0.31873227648647856,0.01757073880904507,0.03972383734610094,0.0004755743104988275
77,5845,1.7428240830262691,0.0622842585352916,0.0833664253554592,0.0005725108225108225,0.0,0.0,0.0005725108225108225,0.0,0.0,0.0,1.0,0.0,0.4341555627705628,1897.7388478173748,0.3504756310957839,0.012645687299684922,0.01875633381928736,0.17039040278888937,0.0002090687036547422,0.3726046674536404,0.06257511247628539,0.012333783950571728,9.31241220220036e-06,0.004268709322093445
78,5735,1.3668585056896334,0.1176752283593631,0.1394548344137445,0.0005726573426573427,0.0,0.0,0.0005726573426573427,0.0,0.0,0.0,1.0,0.0,0.43417198181818184,1897.7397332970088,0.3504756310957839,0.012645687299684922,0.01875633381928736,0.17039041772157734,0.00020906997546735087,0.3726046674744256,0.06257509754359741,0.01233378267875912,9.31239141699347e-06,0.004268693076022512
79,6507,1.915210831631744,0.2075009271878272,0.0126124268198894,0.0005728238428238428,0.0,0.0,0.0005728238428238428,0.0,0.0,0.0,1.0,0.0,0.4341906398268398,1897.7407395227435,0.3504756310957839,0.012645687299684922,0.01875633381928736,0.170390434691034,0.00020907142071855718,0.3726046674980421,0.06257508057414077,0.012333781233507913,9.312367800495824e-06,0.004268674614081647
80,5681,1.492517699160569,0.4927756866930574,0.1740147844129822,0.0005730969030969032,0.0,0.0,0.0005730969030969032,0.0,0.0,0.0,1.0,0.0,0.434221238961039,1897.7423897303636,0.3504756310957839,0.012645687299684922,0.01875633381928736,0.17039046251964113,0.00020907379094170918,0.37260466753677335,0.06257505274553363,0.012333778863284761,9.312329069255387e-06,0.0042686443377888406
81,6809,1.7604187477445232,0.120256501250284,0.0204417869989809,0.0005748618048618049,0.0,0.0,0.0005748618048618049,0.0,0.0,0.0,1.0,0.0,0.43441901385281384,1897.7530556289898,0.3504756310957839,0.012645687299684922,0.01875633381928736,0.17039064238286392,0.00020908911116610446,0.3726046677871235,0.06257487288231084,0.012333763543060365,9.312078719125871e-06,0.004268448653641399
82,5711,2.2897685395896215,0.5358751630657628,0.2968165035912528,0.0005761072261072261,0.0,0.0,0.0005761072261072261,0.0,0.0,0.0,1.0,0.0,0.4345585757575757,1897.7605820503056,0.3504756310957839,0.012645687299684922,0.01875633381928736,0.17039076929823588,0.00020909992254176902,0.3726046679637801,0.06257474596693888,0.0123337527316847,9.311902062492106e-06,0.004268310573580458
83,5224,2.022129460282072,0.2058221813399055,0.1082615554535988,0.0005764801864801865,0.0,0.0,0.0,0.0005764801864801865,0.0,0.0,0.0,1.0,0.4346003696969697,1897.7628359388782,0.33808126467938193,0.013407793819400984,0.019576751193023625,0.280727232517924,0.004302794908013248,0.32808164383633004,0.004570628215052497,0.011251847930350379,4.290052324495974e-08,0.015822561946449376
84,5518,1.5829265009139315,0.039039264661063,0.1634600388100313,0.0005782817182817183,0.0,0.0,0.0005782817182817183,0.0,0.0,0.0,1.0,0.0,0.4348022493506494,1897.7737229412871,0.3504756310957839,0.012645687299684922,0.01875633381928736,0.17039099087643503,0.00020911880007673628,0.37260466827222144,0.06257452438873973,0.012333733854149733,9.311593621164072e-06,0.0042680695009637
85,5303,1.2877204794740476,0.1951546173911769,0.0470806460785784,0.0005784748584748585,0.0,0.0,0.0005784748584748585,0.0,0.0,0.0,1.0,0.0,0.43482389264069266,1897.774890116244,0.3504756310957839,0.012645687299684922,0.01875633381928736,0.17039101055633996,0.00020912047685602,0.3726046682996189,0.0625745047088348,0.01233373217737045,9.311566223690892e-06,0.004268048089484555
86,6813,1.8324132497816732,0.0564675653279725,0.150429228040073,0.0005785780885780886,0.0,0.0,0.0005785780885780886,0.0,0.0,0.0,1.0,0.0,0.4348354606060606,1897.7755139504757,0.3504756310957839,0.012645687299684922,0.01875633381928736,0.17039102107485374,0.00020912137306972354,0.3726046683142597,0.06257449419032102,0.012333731281156746,9.311551582902311e-06,0.0042680366454755925
87,5509,1.6499173384395989,0.1011870940224607,0.1414357502693451,0.0005789676989676989,0.0,0.0,0.0005789676989676989,0.0,0.0,0.0,1.0,0.0,0.43487912034632037,1897.777868417474,0.3504756310957839,0.012645687299684922,0.01875633381928736,0.1703910607734019,0.00020912475557932435,0.3726046683695254,0.06257445449177285,0.012333727898647145,9.31149631722139e-06,0.004267993453886398
88,6273,1.8054270477694367,0.1006489047509873,0.0185280556237828,0.0005808225108225109,0.0,0.0,0.0005808225108225109,0.0,0.0,0.0,1.0,0.0,0.43508697056277057,1897.789077200634,0.3504756310957839,0.012645687299684922,0.01875633381928736,0.170391249757606,0.00020914085919219758,0.37260466863261726,0.06257426550756875,0.012333711795034272,9.311233225339777e-06,0.004267787839885684
89,6450,2.7436642472125463,0.2486273300317446,0.1656024981363068,0.0005822377622377623,0.0,0.0,0.0,0.0005822377622377623,0.0,0.0,0.0,1.0,0.43524556363636363,1897.7976295836395,0.33808126467938193,0.013407793819400984,0.019576751193023625,0.2807287751836942,0.0043045796449956335,0.32808164385998034,0.004569085549282259,0.011250063193367993,4.287687294102227e-08,0.015819234496396106
90,6526,1.7013774408681592,0.0556275571262488,0.0696545733109768,0.0005822777222777223,0.0,0.0,0.0005822777222777223,0.0,0.0,0.0,1.0,0.0,0.43525004155844155,1897.7978710614366,0.3504756310957839,0.012645687299684922,0.01875633381928736,0.17039139801809733,0.0002091534940878295,0.37260466883903065,0.06257411724707743,0.01233369916013864,9.311026811953393e-06,0.0042676265316720086
91,6104,3.305547234627114,0.0231557294943758,0.1377454397750189,0.0005836130536130536,0.0,0.0,0.0,0.0005836130536130536,0.0,0.0,0.0,1.0,0.4353996787878788,1897.8059404049538,0.33808126467938193,0.013407793819400984,0.019576751193023625,0.2807291436461959,0.004305006053767538,0.3280816438656334,0.004568717086780583,0.01124963678459609,4.2871219907425484e-08,0.01581843961381646
92,5776,1.87477279783941,0.2369892022786567,0.0997460433915097,0.0005844355644355645,0.0,0.0,0.0005844355644355645,0.0,0.0,0.0,1.0,0.0,0.43549184935064933,1897.810910760373,0.3504756310957839,0.012645687299684922,0.01875633381928736,0.17039161784917736,0.00020917223062301055,0.37260466914509904,0.06257389741599739,0.01233368042360346,9.310720743560541e-06,0.0042673873519200045
93,6292,3.3217111106641717,0.0118315480912647,0.2108939281367469,0.0005856143856143856,0.0,0.0,0.0,0.0005856143856143856,0.0,0.0,0.0,1.0,0.43562394805194804,1897.8180342149092,0.33808126467938193,0.013407793819400984,0.019576751193023625,0.28072967981529773,0.0043056266317750835,0.3280816438738517,0.004568180917678744,0.011249016206588544,4.2863001592508e-08,0.015817282850270398
94,6816,3.075655034505983,0.1018235911077006,0.1715669444054253,0.0005867898767898768,0.0,0.0,0.0,0.0005867898767898768,0.0,0.0,0.0,1.0,0.4357556735930736,1897.8251374870995,0.33808126467938193,0.013407793819400984,0.019576751193023625,0.2807299947257544,0.004305991167221516,0.3280816438786712,0.004567866007222088,0.011248651671142113,4.285818205884695e-08,0.015816603394728346
95,2884,0.8397287174911723,0.0958219126652836,0.0954229388573715,0.0005871028971028971,0.0005871028971028971,0.0,0.0,0.0,1.0,0.0,0.0,0.0,0.43579075064935063,1897.8270289999725,0.38190021850282097,0.022718381307491074,0.03317116181496154,0.003542905538582282,1.2165381070977656e-06,0.18263919712975332,0.3187326143163343,0.01757073821123537,0.039723566640714025,0.000475370131771069
96,6387,1.6169489271520163,0.3962796764559966,0.1367930232751893,0.0005892540792540793,0.0,0.0,0.0005892540792540793,0.0,0.0,0.0,1.0,0.0,0.4360318121212121,1897.840028006211,0.3504756310957839,0.012645687299684922,0.01875633381928736,0.17039210867355783,0.00020921407424988073,0.3726046698285518,0.06257340659161692,0.012333638579976589,9.310037290821693e-06,0.004266853317007158
97,6267,1.7902949486427675,0.0393091142945085,0.0024445575002508,0.0005942690642690643,0.0,0.0,0.0005942690642690643,0.0,0.0,0.0,1.0,0.0,0.43659379134199133,1897.8703314171805,0.3504756310957839,0.012645687299684922,0.01875633381928736,0.17039261941704836,0.00020925763058338685,0.37260467053985213,0.06257289584812639,0.012333595023643083,9.309325990469741e-06,0.004266297594582413
98,6722,1.8396966480402073,0.242685326691916,0.0071980889766628,0.0005944955044955045,0.0,0.0,0.0005944955044955045,0.0,0.0,0.0,1.0,0.0,0.43661916623376623,1897.871699673129,0.3504756310957839,0.012645687299684922,0.01875633381928736,0.17039264247619945,0.0002092595974284198,0.37260467057196633,0.0625728727889753,0.012333593056798051,9.309293876269553e-06,0.004266272504357849
99,5321,1.625065686563386,0.1358124166050818,0.0569446935142198,0.0005945820845820846,0.0,0.0,0.0005945820845820846,0.0,0.0,0.0,1.0,0.0,0.4366288683982684,1897.8722228292313,0.3504756310957839,0.012645687299684922,0.01875633381928736,0.17039265129315703,0.00020926034946225193,0.3726046705842475,0.06257286397201772,0.012333592304764218,9.309281595093477e-06,0.0042662629108041195
100,6381,3.063343570167077,0.1466631983776839,0.1881750129302647,0.0005954945054945055,0.0,0.0,0.0,0.0005954945054945055,0.0,0.0,0.0,1.0,0.4367311142857143,1897.8777360700692,0.33808126467938193,0.013407793819400984,0.019576751193023625,0.2807323264174954,0.004308691421172446,0.328081643914389,0.004565534315481068,0.011245951417191181,4.2822464296765617e-08,0.01581157137760092
101,6880,1.000808292071228,0.1815010593712985,0.1765732338991678,0.000595957375957376,0.0,0.0,0.000595957375957376,0.0,0.0,0.0,1.0,0.0,0.43678298354978357,1897.8805329194147,0.3504756310957839,0.012645687299684922,0.01875633381928736,0.17039279133931395,0.00020927229548048254,0.37260467077931,0.0625727239258608,0.012333580358745988,9.309086532627298e-06,0.004266110528504008
102,6018,1.5313734418457283,0.2005644432550829,0.0376132149781495,0.0005969230769230769,0.0,0.0,0.0005969230769230769,0.0,0.0,0.0,1.0,0.0,0.4368912,1897.8863680430204,0.3504756310957839,0.012645687299684922,0.01875633381928736,0.17039288967212174,0.0002092806840253786,0.3726046709162757,0.06257262559305302,0.012333571970201091,9.308949566910751e-06,0.004266003533219931
103,3113,1.8223198887603047,0.1097704782492612,0.0275624387733517,0.0005974925074925076,0.0,0.0005974925074925076,0.0,0.0,0.0,1.0,0.0,0.0,0.4369550103896104,1897.8898087350133,0.30544261328835104,0.010192697537748036,0.014472362178626647,0.00684636975893463,2.4896265354120113e-06,0.35982119565148035,0.2675996270048607,0.01561623314488095,0.02000641180858226,0.0006549515632270353
104,5424,3.0450527469411166,0.1431039572485945,0.2388830101798604,0.0005995770895770896,0.0,0.0,0.0,0.0005995770895770896,0.0,0.0,0.0,1.0,0.4371886086580087,1897.902404365522,0.33808126467938193,0.013407793819400984,0.019576751193023625,0.280733419859266,0.004309958381454913,0.3280816439311376,0.004564440873710496,0.011244684456908714,4.2805715694260726e-08,0.015809210942050567
105,5489,3.2206486250562953,0.110850932311326,0.2324477606937981,0.0006022244422244422,0.0,0.0,0.0,0.0006022244422244422,0.0,0.0,0.0,1.0,0.437485270995671,1897.9184001441174,0.33808126467938193,0.013407793819400984,0.019576751193023625,0.28073412885010823,0.004310780114988767,0.3280816439419956,0.004563731882868238,0.01124386272337486,4.279485765756874e-08,0.01580768019595835
106,6091,1.312249598509756,0.1287920037113896,0.1361900465390746,0.0006037495837495837,0.0,0.0,0.0006037495837495837,0.0,0.0,0.0,1.0,0.0,0.43765617835497833,1897.9276151852052,0.3504756310957839,0.012645687299684922,0.01875633381928736,0.17039358468487295,0.00020933998946413932,0.37260467188447355,0.0625719305803018,0.01233351266476233,9.307981369055529e-06,0.004265247278634199
107,3514,1.207961930314058,0.0288944575358015,0.0546155062873129,0.0006065900765900766,0.0,0.0006065900765900766,0.0,0.0,0.0,1.0,0.0,0.0,0.43797448398268396,1897.9447774292216,0.30544261328835104,0.010192697537748036,0.014472362178626647,0.006846001457270439,2.4903948060317226e-06,0.3598214650125537,0.2675999953065249,0.015616232376610329,0.020006142447508923,0.0006547803744738623
108,5984,1.608239235663809,0.151962167776935,0.0639034806876732,0.0006104495504495505,0.0,0.0,0.0006104495504495505,0.0,0.0,0.0,1.0,0.0,0.43840697662337663,1897.9680957948624,0.3504756310957839,0.012645687299684922,0.01875633381928736,0.17039426664196372,0.0002093982076658052,0.37260467283468607,0.06257124862321103,0.012333454446560664,9.30703115653575e-06,0.0042645052029167685
109,5948,1.6342709169730012,0.1479288644869689,0.0395899139675129,0.0006107659007659008,0.0,0.0,0.0,0.0006107659007659008,0.0,0.0,0.0,1.0,0.4384424268398268,1897.970007107865,0.33808126467938193,0.013407793819400984,0.019576751193023625,0.2807364160709142,0.00431343229541892,0.32808164397700085,0.004561444662062264,0.011241210542944708,4.275985243662461e-08,0.015802740724711883
110,6037,3.0284965485532047,0.0901043425457932,0.2147497430790185,0.0006112187812187812,0.0,0.0,0.0,0.0006112187812187812,0.0,0.0,0.0,1.0,0.4384931766233766,1897.9727432958205,0.33808126467938193,0.013407793819400984,0.019576751193023625,0.2807365373304031,0.004313572957080272,0.32808164397885786,0.0045613234025733695,0.011241069881283355,4.275799542208247e-08,0.01580247879984764
111,5637,2.6356620227017458,0.1735283349491748,0.192052579451083,0.0006115018315018316,0.0,0.0,0.0006115018315018316,0.0,0.0,0.0,1.0,0.0,0.43852489523809524,1897.9744534088077,0.3504756310957839,0.012645687299684922,0.01875633381928736,0.17039437373287708,0.00020940735236707968,0.37260467298392425,0.06257114153229767,0.01233344530185939,9.306881918358378e-06,0.004264388668825725
112,6739,3.1977131537027845,0.0485581315719974,0.1830874329681126,0.0006138961038961039,0.0,0.0,0.0,0.0006138961038961039,0.0,0.0,0.0,1.0,0.43879319740259737,1897.9889188147622,0.33808126467938193,0.013407793819400984,0.019576751193023625,0.28073725416616596,0.0043144045988190065,0.3280816439898352,0.00456060656681051,0.01124023823954462,4.274701809192649e-08,0.015800930300391203
113,5928,1.7787639160392468,0.1340688930188881,0.0766387464523653,0.0006165434565434566,0.0,0.0,0.0,0.0006165434565434566,0.0,0.0,0.0,1.0,0.4390898597402597,1898.004912960956,0.33808126467938193,0.013407793819400984,0.019576751193023625,0.28073796293647363,0.004315227067785111,0.3280816440006746,0.004559897796502843,0.011239415770578517,4.273617870698132e-08,0.015799399039438833
114,5678,1.9434869908972077,0.1900795469881698,0.0926550212935286,0.000616899766899767,0.0,0.0,0.000616899766899767,0.0,0.0,0.0,1.0,0.0,0.43912978787878787,1898.0070656091618,0.3504756310957839,0.012645687299684922,0.01875633381928736,0.17039492301713066,0.00020945426701809457,0.3726046737494531,0.0625705922480441,0.012333398387208375,9.306116389495855e-06,0.004263790938863421
115,6136,3.147055890218636,0.2198303904840799,0.3769677426049833,0.0006175990675990677,0.0,0.0,0.0,0.0006175990675990677,0.0,0.0,0.0,1.0,0.4392081515151515,1898.0112904168495,0.33808126467938193,0.013407793819400984,0.019576751193023625,0.2807382455416006,0.004315555058684919,0.32808164400500023,0.0045596151913758765,0.011239087779678709,4.2731853056032776e-08,0.01579878843476057
116,6667,1.1994479764614314,0.1207128298332557,0.0396501419539212,0.0006180019980019981,0.0,0.0,0.0006180019980019981,0.0,0.0,0.0,1.0,0.0,0.4392533038961039,1898.0137247012406,0.3504756310957839,0.012645687299684922,0.01875633381928736,0.17039503516443766,0.00020946384770741203,0.37260467390576785,0.0625704801007371,0.012333388806519059,9.305960074756925e-06,0.004263668898237705
117,6955,1.548345043183022,0.0596971498858066,0.1632714312965684,0.0006187612387612388,0.0,0.0006187612387612388,0.0,0.0,0.0,1.0,0.0,0.0,0.4393383844155844,1898.0183115982854,0.30544261328835104,0.010192697537748036,0.014472362178626647,0.006845508655858086,2.4914228570311193e-06,0.3598218253811417,0.26760048810793724,0.01561623134855933,0.020005782078920897,0.0006545514106591765
118,6806,1.6354492982782152,0.2266700201437871,0.0733977237980558,0.0006213786213786214,0.0,0.0,0.0006213786213786214,0.0,0.0,0.0,1.0,0.0,0.4396316883116883,1898.034124132024,0.3504756310957839,0.012645687299684922,0.01875633381928736,0.17039537869301208,0.00020949319963215157,0.3726046743846236,0.06257013657216268,0.012333359454594319,9.305481219024081e-06,0.004263295060027095
119,6582,1.8166233369203924,0.159058305393229,0.1625051009255827,0.0006217815517815517,0.0,0.0,0.0006217815517815517,0.0,0.0,0.0,1.0,0.0,0.4396768406926407,1898.0365583508378,0.3504756310957839,0.012645687299684922,0.01875633381928736,0.17039541968332184,0.00020949670238317903,0.37260467444176504,0.06257009558185292,0.01233335595184329,9.30542407756585e-06,0.004263250452683387
120,5452,1.5324679680929651,0.1164994826517922,0.1555891550126994,0.000622937062937063,0.0,0.0,0.000622937062937063,0.0,0.0,0.0,1.0,0.0,0.4398063272727273,1898.0435390883342,0.3504756310957839,0.012645687299684922,0.01875633381928736,0.1703955372301,0.00020950674770041708,0.37260467460563035,0.06256997803507475,0.012333345906526053,9.30526021225564e-06,0.004263122532857322
121,5029,1.8016891898356788,0.1335387111739719,0.0630433863014824,0.0006237362637362637,0.0,0.0,0.0006237362637362637,0.0,0.0,0.0,1.0,0.0,0.43989588571428573,1898.0483672304892,0.3504756310957839,0.012645687299684922,0.01875633381928736,0.1703956185272765,0.00020951369567764972,0.37260467471896713,0.06256989673789826,0.012333338958548821,9.305146875471237e-06,0.004263034061030013
122,3953,1.5656993361989306,0.1839113455065199,0.0920572672819189,0.0006242324342324343,0.0,0.0006242324342324343,0.0,0.0,0.0,1.0,0.0,0.0,0.4399514865800866,1898.0513646882393,0.30544261328835104,0.010192697537748036,0.014472362178626647,0.006845287104365388,2.4918850702069963e-06,0.3598219873726497,0.26760070965942995,0.015616230886346154,0.020005620087412912,0.0006544485169227565
123,5736,1.935397705188496,0.0225686297480068,0.1231729099859114,0.0006257842157842158,0.0,0.0,0.0006257842157842158,0.0,0.0,0.0,1.0,0.0,0.4401253792207792,1898.0607392192235,0.3504756310957839,0.012645687299684922,0.01875633381928736,0.17039582684125662,0.00020953150065178486,0.3726046750093931,0.06256968842391814,0.012333321153574685,9.30485644951018e-06,0.004262807361223753
124,6142,2.6584603806406375,0.1546484322954675,0.1587442364647917,0.0006260739260739262,0.0,0.0,0.0006260739260739262,0.0,0.0,0.0,1.0,0.0,0.44015784415584414,1898.0624893884146,0.3504756310957839,0.012645687299684922,0.01875633381928736,0.17039585630849982,0.00020953401949331597,0.37260467505047407,0.06256965895667493,0.012333318634733154,9.304815368538222e-06,0.004262775292977139
125,6443,3.173749813341326,0.2124264920883124,0.2570350515459402,0.0006265867465867467,0.0,0.0,0.0,0.0006265867465867467,0.0,0.0,0.0,1.0,0.44021531082251086,1898.0655873801911,0.33808126467938193,0.013407793819400984,0.019576751193023625,0.28074065143526356,0.004318348513986118,0.32808164404180185,0.004557209297712916,0.011236294324377508,4.269505143872365e-08,0.015793589012193188
126,5110,1.4762702784305992,0.1093284769719901,0.0968238489736154,0.0006268231768231767,0.0,0.0,0.0006268231768231767,0.0,0.0,0.0,1.0,0.0,0.44024180519480516,1898.067015671287,0.3504756310957839,0.012645687299684922,0.01875633381928736,0.1703959325161953,0.00020954053384603812,0.3726046751567258,0.06256958274897945,0.012333312120380432,9.304709116808585e-06,0.004262692358425468
127,5450,1.7304018352033015,0.1902280460109006,0.0166849639644362,0.000626869796869797,0.0,0.0,0.000626869796869797,0.0,0.0,0.0,1.0,0.0,0.44024702943722943,1898.067297305867,0.3504756310957839,0.012645687299684922,0.01875633381928736,0.17039593725798818,0.00020954093918872102,0.37260467516333673,0.06256957800718657,0.012333311715037749,9.304702505874562e-06,0.004262687198068105
128,377,1.4555471775934457,0.0545079054014263,0.0982689375061095,0.0006275391275391275,0.0,0.0006275391275391275,0.0,0.0,0.0,1.0,0.0,0.0,0.4403220346320346,1898.0713407634466,0.30544261328835104,0.010192697537748036,0.014472362178626647,0.006845153194785974,2.492164448528852e-06,0.35982208527809806,0.2676008435690094,0.015616230606967832,0.020005522181964552,0.000654386336227164
129,6180,3.06644525322008,0.021713642720215,0.1975548832694701,0.0006276123876123877,0.0,0.0,0.0,0.0006276123876123877,0.0,0.0,0.0,1.0,0.44033024415584415,1898.071783329772,0.33808126467938193,0.013407793819400984,0.019576751193023625,0.28074092595766453,0.004318667392906137,0.32808164404599416,0.004556934775311938,0.011235975445457489,4.2690859125560365e-08,0.015792995602487703
130,6484,3.1876514440284742,0.0500787311594989,0.2465993178210927,0.0006276257076257076,0.0,0.0,0.0,0.0006276257076257076,0.0,0.0,0.0,1.0,0.4403317367965368,1898.0718637963514,0.33808126467938193,0.013407793819400984,0.019576751193023625,0.28074092952275254,0.00431867153425716,0.32808164404605294,0.004556931210223936,0.011235971304106467,4.269080033925121e-08,0.015792987895931088
131,6665,2.059750003004794,0.4991119996582774,0.1760704891462475,0.0006287612387612388,0.0,0.0,0.0006287612387612388,0.0,0.0,0.0,1.0,0.0,0.4404589844155844,1898.0787235441858,0.3504756310957839,0.012645687299684922,0.01875633381928736,0.17039612962984582,0.0002095573849982166,0.37260467543155995,0.06256938563532893,0.012333295269228254,9.304434282653151e-06,0.004262477843954504
132,5938,1.4526722625240591,0.0959594596217029,0.0774468540000583,0.0006289144189144189,0.0,0.0,0.0006289144189144189,0.0,0.0,0.0,1.0,0.0,0.44047614978354976,1898.0796489018135,0.3504756310957839,0.012645687299684922,0.01875633381928736,0.1703961452085502,0.00020955871691843254,0.37260467545328485,0.06256937005662455,0.012333293937308037,9.304412557753494e-06,0.0042624608898801375
133,6625,3.1397531586577774,0.1380139791137338,0.3795469464003715,0.0006290709290709292,0.0,0.0,0.0,0.0006290709290709292,0.0,0.0,0.0,1.0,0.44049368831168834,1898.080594374868,0.33808126467938193,0.013407793819400984,0.019576751193023625,0.2807413163384493,0.004319120898109548,0.3280816440519649,0.004556544394527184,0.01123552194025408,4.268488840164508e-08,0.015792151704558055
134,5672,1.542720926581254,0.1674327946686441,0.1460903038359015,0.0006293872793872794,0.0,0.0,0.0006293872793872794,0.0,0.0,0.0,1.0,0.0,0.4405291385281385,1898.0825054342044,0.3504756310957839,0.012645687299684922,0.01875633381928736,0.17039619329907368,0.00020956282853908323,0.37260467552033893,0.06256932196610107,0.012333289825687387,9.304345503668987e-06,0.0042624085536276946
135,5231,3.1626381178882843,0.0102738906107373,0.2108388423210618,0.0006298201798201799,0.0,0.0,0.0,0.0006298201798201799,0.0,0.0,0.0,1.0,0.44057764935064936,1898.08512056105,0.33808126467938193,0.013407793819400984,0.019576751193023625,0.2807415168721558,0.0043193538794785566,0.32808164405503437,0.004556343860820655,0.011235288958885072,4.268181891253775e-08,0.015791718183343573
136,6814,1.7713433280944728,0.0546730858269613,0.1097501495495481,0.0006303862803862805,0.0,0.0,0.0006303862803862805,0.0,0.0,0.0,1.0,0.0,0.4406410865800866,1898.0885403301338,0.3504756310957839,0.012645687299684922,0.01875633381928736,0.17039629489613564,0.0002095715152584513,0.372604675662007,0.06256922036903911,0.01233328113896802,9.30420383560282e-06,0.004262297986510344
137,6237,1.6717557300038048,0.0821814159585627,0.0580061321744492,0.000630945720945721,0.0,0.0,0.000630945720945721,0.0,0.0,0.0,1.0,0.0,0.4407037774891775,1898.0919198530837,0.3504756310957839,0.012645687299684922,0.01875633381928736,0.17039635178842916,0.00020957637993578439,0.3726046757413358,0.0625691634767456,0.012333276274290686,9.30412450678153e-06,0.004262236070881831
138,6001,1.8728613827232476,0.0859995979262257,0.1211608546644186,0.0006321911421911422,0.0,0.0,0.0006321911421911422,0.0,0.0,0.0,1.0,0.0,0.4408433393939394,1898.0994432664938,0.3504756310957839,0.012645687299684922,0.01875633381928736,0.1703964784380177,0.0002095872099375044,0.37260467591794855,0.06256903682715706,0.012333265444288966,9.303947894057085e-06,0.004262098238066114
139,5053,2.950843858547098,0.1427806765361714,0.2565108906987484,0.0006335631035631036,0.0,0.0,0.0,0.0006335631035631036,0.0,0.0,0.0,1.0,0.4409970813852814,1898.1077310135815,0.33808126467938193,0.013407793819400984,0.019576751193023625,0.28074251859943156,0.004320517913330057,0.3280816440703494,0.004555342133544915,0.01123412492503357,4.266650388551341e-08,0.015789552391586192
140,6121,1.6344341409061207,0.2574841443201724,0.0168114672999483,0.0006345787545787546,0.0,0.0,0.0006345787545787546,0.0,0.0,0.0,1.0,0.0,0.4411108952380952,1898.1138663081251,0.3504756310957839,0.012645687299684922,0.01875633381928736,0.17039672122302035,0.000209607973424232,0.3726046762565227,0.0625687940421544,0.012333244680802238,9.303609319888384e-06,0.0042618340124284115
141,5968,1.6290157940297985,0.0111387743012985,0.0370340623685019,0.0006347186147186147,0.0,0.0,0.0,0.0006347186147186147,0.0,0.0,0.0,1.0,0.441126567965368,1898.114711164878,0.33808126467938193,0.013407793819400984,0.019576751193023625,0.2807428278347757,0.004320877327284849,0.3280816440750744,0.00455503289820075,0.011233765511078778,4.2661778887342905e-08,0.015788883732837267
142,5098,3.1626959342854004,0.0107419424490997,0.1385370170535626,0.000634871794871795,0.0,0.0,0.0,0.000634871794871795,0.0,0.0,0.0,1.0,0.44114373333333334,1898.1156364832125,0.33808126467938193,0.013407793819400984,0.019576751193023625,0.2807428688283053,0.00432092497514863,0.32808164407569773,0.0045549919046711795,0.011233717863214997,4.266115555262573e-08,0.01578879509019737
143,5858,1.3998257547598987,0.4954064832444887,0.1830995636862218,0.0006349750249750251,0.0,0.0,0.0006349750249750251,0.0,0.0,0.0,1.0,0.0,0.4411553012987013,1898.1162600667376,0.3504756310957839,0.012645687299684922,0.01875633381928736,0.17039676151578426,0.0002096114196731061,0.372604676312715,0.0625687537493905,0.012333241234553365,9.303553127615327e-06,0.004261790161031009
144,6660,1.9959076873579,0.1475897933933151,0.1100551722251982,0.0006355544455544456,0.0,0.0,0.0006355544455544456,0.0,0.0,0.0,1.0,0.0,0.4412202311688312,1898.119760172201,0.3504756310957839,0.012645687299684922,0.01875633381928736,0.17039682043020132,0.00020961645880160102,0.37260467639487904,0.06256869483497343,0.012333236195424868,9.303470963561988e-06,0.004261726043157443
145,3541,1.754632859704481,0.085700173290804,0.1378505119829143,0.0006373659673659675,0.0,0.0006373659673659675,0.0,0.0,0.0,1.0,0.0,0.0,0.4414232303030303,1898.130702937414,0.30544261328835104,0.010192697537748036,0.014472362178626647,0.006844755207359836,2.4929948164653764e-06,0.3598223762369849,0.2676012415564355,0.015616229776599896,0.020005231223077735,0.0006542015755116593
146,6516,18.921015247888672,0.3615980147210794,0.5354318974831626,0.0006386147186147185,0.0,0.0,0.0,0.0006386147186147185,0.0,0.0,0.0,1.0,0.44156316536796536,1898.1382461216017,0.33808126467938193,0.013407793819400984,0.019576751193023625,0.2807438704453137,0.004322089375987765,0.3280816440910086,0.00455399028766279,0.011232553462375863,4.264584468893773e-08,0.015786629041728006
147,6351,1.2627023630685472,0.0623398908515669,0.0235012739714891,0.0006387579087579088,0.0,0.0,0.0006387579087579088,0.0,0.0,0.0,1.0,0.0,0.4415792112554112,1898.1391110690977,0.3504756310957839,0.012645687299684922,0.01875633381928736,0.1703971461295911,0.00020964432042846757,0.3726046768491391,0.06256836913558367,0.012333208333798003,9.303016703487987e-06,0.004261371573620609
148,5454,2.7416614135627992,0.3654393820795126,0.2642944661300668,0.0006404761904761904,0.0,0.0,0.0,0.0006404761904761904,0.0,0.0,0.0,1.0,0.4417717619047619,1898.1494903701873,0.33808126467938193,0.013407793819400984,0.019576751193023625,0.28074436855060825,0.0043226685702267105,0.32808164409861906,0.004553492182368224,0.011231974268136918,4.2638234221126226e-08,0.0157855517269736
149,6732,2.0890580943030996,0.1610881049228199,0.1004575169423102,0.0006405461205461206,0.0,0.0,0.0006405461205461206,0.0,0.0,0.0,1.0,0.0,0.4417795982683983,1898.1499127809116,0.3504756310957839,0.012645687299684922,0.01875633381928736,0.17039732792191323,0.00020965987431529034,0.37260467710270995,0.06256818734326153,0.01233319277991118,9.302763132656988e-06,0.004261173720270017
150,5186,1.51524747109848,0.1450818937156509,0.0673712852911647,0.0006405760905760906,0.0,0.0,0.0,0.0006405760905760906,0.0,0.0,0.0,1.0,0.4417829567099567,1898.1500938140146,0.33808126467938193,0.013407793819400984,0.019576751193023625,0.28074439528179324,0.00432269965576478,0.32808164409903345,0.004553465451183236,0.011231943182598847,4.2637819830382284e-08,0.015785493909421633
151,5027,1.8630382116384403,0.0645043693590367,0.1912962048438907,0.0006408058608058609,0.0,0.0,0.0006408058608058609,0.0,0.0,0.0,1.0,0.0,0.44180870476190476,1898.1514817331868,0.3504756310957839,0.012645687299684922,0.01875633381928736,0.1703973543264095,0.00020966213360968045,0.3726046771395407,0.06256816093876524,0.01233319052061679,9.302726301896325e-06,0.004261144982817711
152,6700,1.4123750060325575,0.0574504888405366,0.1160760571153133,0.0006414352314352314,0.0,0.0,0.0006414352314352314,0.0,0.0,0.0,1.0,0.0,0.44187923203463203,1898.1552834131915,0.3504756310957839,0.012645687299684922,0.01875633381928736,0.17039741830562757,0.00020966760812914388,0.372604677228785,0.06256809695954718,0.012333185046097326,9.302637057617691e-06,0.004261075350591725
153,4732,1.1241072806903312,0.2243486478782224,0.1496654522986338,0.000641981351981352,0.0,0.000641981351981352,0.0,0.0,0.0,1.0,0.0,0.0,0.4419404303030303,1898.1585822116497,0.30544261328835104,0.010192697537748036,0.014472362178626647,0.006844568266358775,2.4933848736775986e-06,0.35982251289427436,0.26760142849743657,0.015616229386542684,0.02000509456578825,0.0006541148118764939
154,5363,1.421937690071711,0.0443883396924641,0.1212054787673019,0.0006420346320346321,0.0,0.0,0.0006420346320346321,0.0,0.0,0.0,1.0,0.0,0.44194640086580084,1898.158904044958,0.3504756310957839,0.012645687299684922,0.01875633381928736,0.17039747923674403,0.00020967282205515045,0.3726046773137772,0.06256803602843072,0.01233317983217132,9.302552065382219e-06,0.0042610090355647
155,6557,1.8612409192974388,0.0458780655052354,0.0845577459550609,0.0006429970029970031,0.0,0.0,0.0006429970029970031,0.0,0.0,0.0,1.0,0.0,0.44205424415584416,1898.1647171380484,0.3504756310957839,0.012645687299684922,0.01875633381928736,0.17039757706239367,0.00020968119350452176,0.37260467745024217,0.06256793820278109,0.012333171460721949,9.302415600431768e-06,0.004260902565535907
156,6401,1.5968783858623312,0.0911919708347506,0.0778237655315698,0.0006432201132201132,0.0,0.0,0.0006432201132201132,0.0,0.0,0.0,1.0,0.0,0.44207924588744585,1898.1660648044547,0.3504756310957839,0.012645687299684922,0.01875633381928736,0.17039759974131177,0.0002096831343261847,0.3726046774818805,0.06256791552386298,0.012333169519900286,9.30238396212868e-06,0.004260877882519498
157,6333,1.5837911172606156,0.1058758116653751,0.0554270658711106,0.0006468364968364969,0.0,0.0,0.0006468364968364969,0.0,0.0,0.0,1.0,0.0,0.4424844978354978,1898.1879087699685,0.3504756310957839,0.012645687299684922,0.01875633381928736,0.17039796731433435,0.00020971459486062845,0.3726046779946688,0.06256754795084041,0.01233313805936584,9.301871173816867e-06,0.0042604778233859
158,3716,1.3063481357491322,0.0681726634513206,0.1486714832817446,0.0006480386280386281,0.0006480386280386281,0.0,0.0,0.0,1.0,0.0,0.0,0.0,0.44261920865800863,1898.1951698529551,0.38190021850282097,0.022718381307491074,0.03317116181496154,0.003541504712910472,1.2190177021683607e-06,0.18264031900931998,0.3187340151420061,0.017570735731640297,0.03972244476114736,0.000474524718714453
159,5780,1.982960643379729,0.2432047623875498,0.1407933737938601,0.0006496137196137197,0.0,0.0,0.0006496137196137197,0.0,0.0,0.0,1.0,0.0,0.4427957134199134,1898.2046835877381,0.3504756310957839,0.012645687299684922,0.01875633381928736,0.1703982495605786,0.00020973875753064949,0.372604678388469,0.06256726570459614,0.01233311389669582,9.301477373602207e-06,0.004260170626871229
160,5861,1.491098577698246,0.1089796493981767,0.0812325875310091,0.0006502064602064602,0.0,0.0,0.0006502064602064602,0.0,0.0,0.0,1.0,0.0,0.4428621359307359,1898.2082637816216,0.3504756310957839,0.012645687299684922,0.01875633381928736,0.17039830979631881,0.00020974391481759044,0.37260467847251155,0.06256720546885594,0.01233310873940888,9.30139333105151e-06,0.004260105065759023
161,5758,1.7288283461463922,0.0567300445519737,0.0993049838670007,0.0006521711621711622,0.0,0.0,0.0006521711621711622,0.0,0.0,0.0,1.0,0.0,0.4430823004329004,1898.2201306082343,0.3504756310957839,0.012645687299684922,0.01875633381928736,0.17039850944467516,0.00020976100986669265,0.37260467875109604,0.0625670058204996,0.012333091644359778,9.3011147465627e-06,0.004259887765184489
162,5704,1.8446926994100368,0.0431127848515895,0.1211182436035917,0.0006562237762237763,0.0,0.0,0.0006562237762237763,0.0,0.0,0.0,1.0,0.0,0.4435364363636364,1898.2446079273088,0.3504756310957839,0.012645687299684922,0.01875633381928736,0.17039892121585043,0.00020979627528384004,0.37260467932571456,0.06256659404932433,0.01233305637894263,9.300540128043266e-06,0.00425943957935504
163,6366,1.720935561192768,0.0452487963939466,0.0141940246359985,0.000656946386946387,0.0,0.0,0.000656946386946387,0.0,0.0,0.0,1.0,0.0,0.44361741212121214,1898.2489723380204,0.3504756310957839,0.012645687299684922,0.01875633381928736,0.17039899463119296,0.0002098025638265261,0.3726046794281706,0.0625665206339818,0.012333050090399944,9.300437671999617e-06,0.004259359670557794
164,6220,1.5633160974190623,0.0971705558023955,0.1206548047332023,0.0006577355977355978,0.0,0.0,0.0006577355977355978,0.0,0.0,0.0,1.0,0.0,0.4437058510822511,1898.253738972882,0.3504756310957839,0.012645687299684922,0.01875633381928736,0.1703990748104519,0.00020980943211670587,0.37260467954007304,0.06256644045472284,0.012333043222109765,9.300325769567852e-06,0.004259272399203762
165,5721,1.91748488269818,0.1336663327947557,0.0583839252731629,0.0006577722277722279,0.0,0.0,0.0006577722277722279,0.0,0.0,0.0,1.0,0.0,0.44370995584415585,1898.2539602084478,0.3504756310957839,0.012645687299684922,0.01875633381928736,0.17039907853141953,0.00020980975090045286,0.3726046795452642,0.06256643673375523,0.012333042903326017,9.300320578387034e-06,0.004259268349069978
166,6419,2.810099027852189,0.3680089733303884,0.4266371996490426,0.0006581751581751582,0.0,0.0,0.0,0.0006581751581751582,0.0,0.0,0.0,1.0,0.4437551082251082,1898.256393795861,0.33808126467938193,0.013407793819400984,0.019576751193023625,0.280749103555359,0.004328178942111955,0.3280816441709502,0.004548757177617491,0.011226463896251673,4.2565903080049594e-08,0.015775306205675355
167,6992,1.8410062196843184,0.1344499041560598,0.1197831947101338,0.0006595371295371296,0.0,0.0,0.0006595371295371296,0.0,0.0,0.0,1.0,0.0,0.4439077307359307,1898.264619671817,0.3504756310957839,0.012645687299684922,0.01875633381928736,0.17039925782673368,0.00020982511098816898,0.37260467979550865,0.06256625743844108,0.012333027543238301,9.30007033395075e-06,0.004259073193179197
168,5130,1.8295044281919008,0.039822610217547,0.0430346399467849,0.0006597369297369298,0.0,0.0,0.0006597369297369298,0.0,0.0,0.0,1.0,0.0,0.44393012034632034,1898.2658263950684,0.3504756310957839,0.012645687299684922,0.01875633381928736,0.17039927812390707,0.0002098268499199334,0.3726046798238377,0.06256623714126769,0.012333025804306537,9.30004200488943e-06,0.0042590511004160225
169,6618,1.8447246227543088,0.0896676154804095,0.0462127904954645,0.0006601864801864802,0.0,0.0,0.0006601864801864802,0.0,0.0,0.0,1.0,0.0,0.443980496969697,1898.2685415161006,0.3504756310957839,0.012645687299684922,0.01875633381928736,0.1703993237909199,0.00020983076255052917,0.3726046798875746,0.06256619147425485,0.012333021891675941,9.299978267984788e-06,0.004259001393298711
170,2182,1.43171948007912,0.0699886431342142,0.1529847265554625,0.0006604895104895105,0.0,0.0006604895104895105,0.0,0.0,0.0,1.0,0.0,0.0,0.4440144545454545,1898.2703717038871,0.30544261328835104,0.010192697537748036,0.014472362178626647,0.0068438184952731886,2.494949408052177e-06,0.3598230608954938,0.2676021782685221,0.015616227822008309,0.020004546564568793,0.0006537670159888487
171,4313,1.3011393110625635,0.039021307765573,0.0519011833599738,0.000661012321012321,0.0,0.000661012321012321,0.0,0.0,0.0,1.0,0.0,0.0,0.4440730406926407,1898.2735292713228,0.30544261328835104,0.010192697537748036,0.014472362178626647,0.0068437973138874555,2.4949936110659564e-06,0.3598230763776774,0.2676021994499079,0.015616227777805296,0.020004531082385202,0.0006537571888044491
172,6375,2.647632262466862,0.0920657938115738,0.1379994982139535,0.0006644055944055945,0.0,0.0,0.0,0.0006644055944055945,0.0,0.0,0.0,1.0,0.4444532909090909,1898.2940230057557,0.33808126467938193,0.013407793819400984,0.019576751193023625,0.2807507699526648,0.0043301201677750315,0.3280816441963904,0.00454709078031168,0.011224522670588596,4.254046287455182e-08,0.01577169853182603
173,6691,1.499988557134831,0.0630233490813153,0.0693912511149991,0.0006647419247419248,0.0,0.0,0.0006647419247419248,0.0,0.0,0.0,1.0,0.0,0.44449098008658006,1898.2960542517437,0.3504756310957839,0.012645687299684922,0.01875633381928736,0.17039978651006152,0.00020987041359908808,0.37260468053346996,0.06256572875511324,0.012332982240627382,9.299332372647573e-06,0.004258497731317923
174,6696,3.1304131988136654,0.2188362304564756,0.557586426581288,0.0006655544455544455,0.0,0.0,0.0,0.0006655544455544455,0.0,0.0,0.0,1.0,0.44458203116883116,1898.3009614001749,0.33808126467938193,0.013407793819400984,0.019576751193023625,0.28075107720054043,0.004330478199263957,0.32808164420107766,0.004546783532436038,0.01122416463909967,4.2535775623964156e-08,0.01577103324308693
175,5969,1.5806997518931567,0.1625663956674677,0.0812381662835522,0.0006666866466866467,0.0,0.0,0.0,0.0006666866466866467,0.0,0.0,0.0,1.0,0.4447089056277056,1898.307799182558,0.33808126467938193,0.013407793819400984,0.019576751193023625,0.28075137998790467,0.004330831066903649,0.328081644205698,0.0045464807450718014,0.01122381177145998,4.2531155264313725e-08,0.015770377578842254
176,6958,1.4158015944671147,0.0488962323389467,0.1243893502958448,0.0006676190476190476,0.0,0.0,0.0006676190476190476,0.0,0.0,0.0,1.0,0.0,0.4448133904761905,1898.313430256022,0.3504756310957839,0.012645687299684922,0.01875633381928736,0.17040007871287746,0.00020989545921998196,0.3726046809413922,0.0625654365522973,0.012332957195006489,9.29892445039604e-06,0.004258179667036566
177,5869,1.7364712934531257,0.227586586843557,0.147846963092981,0.0006683816183816184,0.0,0.0,0.0006683816183816184,0.0,0.0,0.0,1.0,0.0,0.44489884415584413,1898.318035641853,0.3504756310957839,0.012645687299684922,0.01875633381928736,0.1704001561545673,0.00020990209783813,0.37260468104951006,0.06256535911060745,0.01233295055638834,9.298816332548032e-06,0.004258095370492931
178,6499,1.4752999836693077,0.1379874051989809,0.0446415794858353,0.0006684249084249085,0.0,0.0,0.0006684249084249085,0.0,0.0,0.0,1.0,0.0,0.44490369523809525,1898.318297082219,0.3504756310957839,0.012645687299684922,0.01875633381928736,0.17040016055084176,0.0002099024747079675,0.3726046810556466,0.062565354714333,0.012332950179518503,9.298810196012308e-06,0.004258090585075536
179,5798,1.8115596011850623,0.0400533909819272,0.079390181465895,0.0006695537795537796,0.0,0.0,0.0006695537795537796,0.0,0.0,0.0,1.0,0.0,0.44503019653679654,1898.3251146140499,0.3504756310957839,0.012645687299684922,0.01875633381928736,0.17040027518810535,0.00020991230248345534,0.37260468121569923,0.0625652400770694,0.012332940351743015,9.298650143374498e-06,0.004257965799931096
180,5008,2.6152035063829624,0.1359388395850276,0.2136057758681882,0.0006696669996669998,0.0,0.0,0.0,0.0006696669996669998,0.0,0.0,0.0,1.0,0.445042883982684,1898.3257983752771,0.33808126467938193,0.013407793819400984,0.019576751193023625,0.2807521769966303,0.004331760059042236,0.3280816442178604,0.004545683736346173,0.011222882779321392,4.251899288210126e-08,0.015768651553653368
181,6216,3.1962086197959203,0.0811841121909522,0.320476885038832,0.0006718315018315018,0.0,0.0,0.0,0.0006718315018315018,0.0,0.0,0.0,1.0,0.4452854380952381,1898.3388701749632,0.33808126467938193,0.013407793819400984,0.019576751193023625,0.28075275579766096,0.004332434854524263,0.32808164422669683,0.004545104935315514,0.011222207983839366,4.251015645051481e-08,0.015767397939467798
182,5883,2.578242893739329,0.2199870113626563,0.1246252403659484,0.000671894771894772,0.0,0.0,0.0,0.000671894771894772,0.0,0.0,0.0,1.0,0.44529252813852815,1898.339252270689,0.33808126467938193,0.013407793819400984,0.019576751193023625,0.28075277271572047,0.004332454580455178,0.32808164422695146,0.004545088017256005,0.011222188257908449,4.2509901820864116e-08,0.01576736129496803
183,6550,1.7526506878924055,0.066039692932085,0.1210829102235568,0.000671994671994672,0.0,0.0,0.000671994671994672,0.0,0.0,0.0,1.0,0.0,0.44530372294372295,1898.3398555793792,0.3504756310957839,0.012645687299684922,0.01875633381928736,0.17040052304468933,0.00020993355367286088,0.37260468156176113,0.06256499222048542,0.012332919100553608,9.298304081473141e-06,0.004257696000034006
184,5920,1.778563430018214,0.0836143455052607,0.0365927967600879,0.0006728171828171829,0.0,0.0,0.0006728171828171829,0.0,0.0,0.0,1.0,0.0,0.4453958935064935,1898.344822804595,0.3504756310957839,0.012645687299684922,0.01875633381928736,0.17040060655980122,0.00020994071507157895,0.3726046816783784,0.06256490870537354,0.012332911939154891,9.298187464201746e-06,0.004257605090288719
185,5129,2.84116701224589,0.3646878995265662,0.0503907871293999,0.000675091575091575,0.0,0.0,0.0,0.000675091575091575,0.0,0.0,0.0,1.0,0.4456507619047619,1898.3585579356568,0.33808126467938193,0.013407793819400984,0.019576751193023625,0.28075362750916116,0.004333451371961816,0.32808164423999,0.004544233223815308,0.011221191466401811,4.2496863306151766e-08,0.015765509683943635
186,1284,1.5740563895407844,0.1344230409422361,0.0289792231872564,0.0006756077256077256,0.0006756077256077256,0.0,0.0,0.0,1.0,0.0,0.0,0.0,0.44570860173160176,1898.361674954893,0.38190021850282097,0.022718381307491074,0.03317116181496154,0.00354087061542709,1.220140513295415e-06,0.18264082651126795,0.3187346492394895,0.017570734608829172,0.0397219372591994,0.0004741426894908085
187,6822,3.093030470242471,0.1259257562507813,0.1947019642740013,0.0006762404262404262,0.0,0.0,0.0,0.0006762404262404262,0.0,0.0,0.0,1.0,0.44577950216450213,1898.3654958015356,0.33808126467938193,0.013407793819400984,0.019576751193023625,0.2807539346866252,0.004333809642870564,0.32808164424467706,0.004543926046351288,0.011220833195493062,4.2492176222097555e-08,0.01576484422619684
188,6765,1.9809607807060297,0.2521247708345019,0.1189611155383825,0.0006762404262404262,0.0,0.0,0.0006762404262404262,0.0,0.0,0.0,1.0,0.0,0.44577950216450213,1898.3654958015356,0.3504756310957839,0.012645687299684922,0.01875633381928736,0.17040095411879105,0.00020997052235397786,0.37260468216371034,0.0625645611463837,0.012332882131872492,9.297702132260444e-06,0.004257226753352716
189,5978,1.7429294550486412,0.1938948778392134,0.0487488481493108,0.0006762903762903763,0.0,0.0,0.0006762903762903763,0.0,0.0,0.0,1.0,0.0,0.44578509956709955,1898.3657974465896,0.3504756310957839,0.012645687299684922,0.01875633381928736,0.17040095918982986,0.00020997095730822311,0.372604682170795,0.06256455607534489,0.012332881696918247,9.297695047594257e-06,0.004257221233190278
190,2174,1.2593186266102467,0.1191386684635828,0.0125051194525074,0.0006765001665001665,0.0,0.0006765001665001665,0.0,0.0,0.0,1.0,0.0,0.0,0.44580860865800864,1898.3670643546413,0.30544261328835104,0.010192697537748036,0.014472362178626647,0.006843169749199197,2.496303296639748e-06,0.359823534955446,0.26760282701459615,0.015616226468119722,0.02000407250461661,0.0006534662882698994
191,5781,1.8752146554577869,0.1056881736846706,0.1269163364447784,0.0006773493173493174,0.0,0.0,0.0006773493173493174,0.0,0.0,0.0,1.0,0.0,0.4459037645021645,1898.372192296449,0.3504756310957839,0.012645687299684922,0.01875633381928736,0.17040106669433477,0.00020998017849820826,0.3726046823209258,0.06256444857083998,0.012332872475728262,9.297544916797573e-06,0.004257104207233908
192,5060,1.8712954193022528,0.1064572756285211,0.14982816984423,0.0006780086580086581,0.0,0.0,0.0006780086580086581,0.0,0.0,0.0,1.0,0.0,0.4459776502164502,1898.3761739710308,0.3504756310957839,0.012645687299684922,0.01875633381928736,0.17040113362835915,0.00020998592014245302,0.37260468241439965,0.0625643816368156,0.012332866734084017,9.297451442957794e-06,0.004257031344617523
193,5747,1.2825960480238843,0.1200635081138357,0.0797593438075993,0.0006786147186147186,0.0,0.0,0.0006786147186147186,0.0,0.0,0.0,1.0,0.0,0.44604556536796536,1898.3798338776228,0.3504756310957839,0.012645687299684922,0.01875633381928736,0.1704011951526065,0.00020999119792004727,0.37260468250032613,0.06256432011256827,0.012332861456306422,9.297365516469647e-06,0.004256964370739635
194,6645,1.6157308564436967,0.1329864229370835,0.1434191422877018,0.0006788045288045289,0.0,0.0,0.0,0.0006788045288045289,0.0,0.0,0.0,1.0,0.4460668354978355,1898.3809801088535,0.33808126467938193,0.013407793819400984,0.019576751193023625,0.280754620242345,0.004334609353832722,0.32808164425513164,0.004543240490631484,0.011220033484530906,4.248172164045272e-08,0.015763358938605698
195,5397,0.9153752536693937,0.1352899779517077,0.0509016804477249,0.0006795437895437896,0.0,0.0,0.0006795437895437896,0.0,0.0,0.0,1.0,0.0,0.44614967705627706,1898.3854443630719,0.3504756310957839,0.012645687299684922,0.01875633381928736,0.17040128946421987,0.00020999928876808629,0.3726046826320421,0.06256422580095489,0.012332853365458384,9.297233800498184e-06,0.004256861704846293
196,6979,3.093834919034333,0.2816025907841382,0.3146765928848386,0.00067992007992008,0.0,0.0,0.0,0.00067992007992008,0.0,0.0,0.0,1.0,0.4461918441558442,1898.3877166996517,0.33808126467938193,0.013407793819400984,0.019576751193023625,0.2807549184918112,0.00433495732005689,0.3280816442596837,0.004542942241165249,0.011219685518306738,4.24771695595183e-08,0.015762712713811133
197,5562,1.5241146694586198,0.2762481471833174,0.0632977656918855,0.0006801365301365302,0.0,0.0,0.0,0.0006801365301365302,0.0,0.0,0.0,1.0,0.44621609956709957,1898.3890237931525,0.33808126467938193,0.013407793819400984,0.019576751193023625,0.28075497636055546,0.004335024838893714,0.3280816442605647,0.004542884372421008,0.011219617999469914,4.247628859754826e-08,0.015762587324468114
198,6154,3.158412165321894,0.1061172042677891,0.2679603137304166,0.0006815750915750916,0.0,0.0,0.0,0.0006815750915750916,0.0,0.0,0.0,1.0,0.44637730476190474,1898.3977108864033,0.33808126467938193,0.013407793819400984,0.019576751193023625,0.2807553609562925,0.004335473601287453,0.32808164426643,0.0045424997766839725,0.011219169237076174,4.247042328930917e-08,0.01576175395460666
199,6058,1.7496509955791013,0.1787656142300094,0.1199737298348855,0.0006826007326007326,0.0,0.0,0.0006826007326007326,0.0,0.0,0.0,1.0,0.0,0.4464922380952381,1898.4039044077435,0.3504756310957839,0.012645687299684922,0.01875633381928736,0.17040159975712216,0.00021002591189688162,0.3726046830654244,0.0625639155080526,0.012332826742329588,9.296800418223672e-06,0.00425652392205067
200,6793,1.6135242100957816,0.1541876980760453,0.1058845683666369,0.0006829170829170829,0.0,0.0,0.0,0.0006829170829170829,0.0,0.0,0.0,1.0,0.4465276883116883,1898.4058147379797,0.33808126467938193,0.013407793819400984,0.019576751193023625,0.2807557197235751,0.004335892274839673,0.3280816442719016,0.004542141009401368,0.011218750563523954,4.2464951666154604e-08,0.015760976502828594
201,6821,0.9699036242386851,0.2292963604613121,0.0602957934927419,0.0006833433233433234,0.0,0.0,0.0006833433233433234,0.0,0.0,0.0,1.0,0.0,0.4465754528138528,1898.4083886498006,0.3504756310957839,0.012645687299684922,0.01875633381928736,0.1704016751281423,0.00021003237954879796,0.3726046831707064,0.06256384013703245,0.012332820274677673,9.296695136218336e-06,0.004256441872814598
202,5052,1.6843554214566903,0.030207512720878,0.0804004048662076,0.0006838428238428239,0.0,0.0,0.0006838428238428239,0.0,0.0,0.0,1.0,0.0,0.4466314268398268,1898.4114049427617,0.3504756310957839,0.012645687299684922,0.01875633381928736,0.17040172582469926,0.0002100367300689745,0.37260468324151536,0.0625637894404755,0.012332815924157496,9.296624327248537e-06,0.004256386684119429
203,1961,1.47520339274027,0.0216654500904941,0.1264160047397132,0.0006841258741258742,0.0,0.0006841258741258742,0.0,0.0,0.0,1.0,0.0,0.0,0.44666314545454544,1898.4131141706723,0.30544261328835104,0.010192697537748036,0.014472362178626647,0.006842860709790858,2.496948294104279e-06,0.35982376074866756,0.2676031360540045,0.015616225823122257,0.020003846711395046,0.0006533230962375569
204,5365,1.0954654311183765,0.2462324079446185,0.0595667865375024,0.0006844055944055944,0.0,0.0,0.0006844055944055944,0.0,0.0,0.0,1.0,0.0,0.4466944909090909,1898.4148032866303,0.3504756310957839,0.012645687299684922,0.01875633381928736,0.17040178294209507,0.00021004163173671657,0.3726046833212995,0.06256373232307968,0.012332811022489754,9.296544543124785e-06,0.00425632450548763
205,403,0.9969659040944449,0.1671272396785365,0.1476595570700449,0.0006845920745920746,0.0,0.0006845920745920746,0.0,0.0,0.0,1.0,0.0,0.0,0.4467153878787879,1898.4159293620646,0.30544261328835104,0.010192697537748036,0.014472362178626647,0.006842841815366011,2.4969877294333834e-06,0.359823774551908,0.26760315494842934,0.015616225783686927,0.020003832908154606,0.0006533143447462475
206,6829,1.4203351440786205,0.2346480338674434,0.0450906808294553,0.000685031635031635,0.0,0.0,0.000685031635031635,0.0,0.0,0.0,1.0,0.0,0.44676464502164503,1898.4185836768074,0.3504756310957839,0.012645687299684922,0.01875633381928736,0.17040184647897363,0.00021004708457626292,0.3726046834100542,0.06256366878620112,0.012332805569650208,9.296455788398994e-06,0.004256255338260129
207,3519,0.9565504546254356,0.2144748284983299,0.0502792365795627,0.0006861871461871462,0.0,0.0006861871461871462,0.0,0.0,0.0,1.0,0.0,0.0,0.4468941316017316,1898.425561267556,0.30544261328835104,0.010192697537748036,0.014472362178626647,0.006842777168943508,2.4971226575581847e-06,0.3598238217805299,0.26760321959485184,0.015616225648758803,0.020003785679532704,0.0006532843989968118
208,5021,2.7716488175590412,0.107420919081252,0.1436557259998689,0.0006865667665667667,0.0,0.0,0.0,0.0006865667665667667,0.0,0.0,0.0,1.0,0.4469366718614719,1898.4278536047107,0.33808126467938193,0.013407793819400984,0.019576751193023625,0.2807566953752912,0.004337031077983898,0.3280816442867817,0.004541165357685284,0.01121761176037973,4.245007156900016e-08,0.015758862018208086
209,5481,2.020137410965876,0.0856752635303936,0.0835921678988526,0.0006866799866799868,0.0,0.0,0.0006866799866799868,0.0,0.0,0.0,1.0,0.0,0.4469493593073593,1898.4285372830118,0.3504756310957839,0.012645687299684922,0.01875633381928736,0.17040201376413247,0.00021006144229202282,0.37260468364373517,0.06256350150104228,0.012332791211934447,9.296222107435526e-06,0.004256073228023571
210,5795,1.3542813686499147,0.152297469824927,0.0183854572490286,0.0006873193473193474,0.0,0.0,0.0,0.0006873193473193474,0.0,0.0,0.0,1.0,0.4470210060606061,1898.4323980442373,0.33808126467938193,0.013407793819400984,0.019576751193023625,0.2807568965496774,0.004337265936664745,0.3280816442898498,0.004540964183299079,0.011217376901698883,4.244700346767161e-08,0.015758425979004897
211,6079,1.4833513255525543,0.0677032625763805,0.0784452964694476,0.0006874558774558775,0.0,0.0,0.0006874558774558775,0.0,0.0,0.0,1.0,0.0,0.44703630562770563,1898.4332224753439,0.3504756310957839,0.012645687299684922,0.01875633381928736,0.17040209250273688,0.00021006820082093006,0.3726046837537301,0.06256342276243787,0.01233278445340554,9.296112112477939e-06,0.004255987510900394
212,5300,1.6987787350322912,0.1544807005177258,0.0620621696612413,0.0006880919080919081,0.0,0.0,0.0006880919080919081,0.0,0.0,0.0,1.0,0.0,0.4471075792207792,1898.4370631072386,0.3504756310957839,0.012645687299684922,0.01875633381928736,0.1704021570463379,0.00021007374119382866,0.37260468384390244,0.06256335821883685,0.012332778913032642,9.296021940163879e-06,0.0042559172465818085
213,6076,1.422918523341934,0.1519682380469604,0.0138357459120583,0.00068992340992341,0.0,0.0,0.00068992340992341,0.0,0.0,0.0,1.0,0.0,0.44731281731601735,1898.4481224211777,0.3504756310957839,0.012645687299684922,0.01875633381928736,0.1704023428967387,0.0002100896957527138,0.3726046841035434,0.06256317236843606,0.012332762958473756,9.295762299188493e-06,0.004255714922340115
214,5211,3.2476664289856414,0.1168833712488356,0.2348270356128227,0.00068997335997336,0.0,0.0,0.0,0.00068997335997336,0.0,0.0,0.0,1.0,0.4473184147186147,1898.4484240368079,0.33808126467938193,0.013407793819400984,0.019576751193023625,0.28075760597395,0.004338094264706183,0.3280816443006577,0.004540254759026474,0.011216548573657444,4.2436195557549183e-08,0.015756888205075037
215,6639,1.8604883461131752,0.1862175427778076,0.0525014592813925,0.0006900666000666001,0.0,0.0,0.0006900666000666001,0.0,0.0,0.0,1.0,0.0,0.4473288632034632,1898.448987052363,0.3504756310957839,0.012645687299684922,0.01875633381928736,0.1704023574264122,0.00021009094314729327,0.3726046841238438,0.06256315783876257,0.012332761711079178,9.295741998815998e-06,0.004255699104671384
216,6021,1.420436188576597,0.2754726882546709,0.1149226645045873,0.0006901232101232101,0.0,0.0,0.0006901232101232101,0.0,0.0,0.0,1.0,0.0,0.44733520692640694,1898.4493288830533,0.3504756310957839,0.012645687299684922,0.01875633381928736,0.17040236317058818,0.00021009143630438472,0.37260468413186676,0.06256315209458657,0.012332761217922086,9.295733975844822e-06,0.0042556928512923475
217,5535,2.2178275900707503,0.2292598977806988,0.1482802624200726,0.0006906160506160505,0.0,0.0,0.0006906160506160505,0.0,0.0,0.0,1.0,0.0,0.44739043463203465,1898.4523048149988,0.3504756310957839,0.012645687299684922,0.01875633381928736,0.17040241317854912,0.00021009572970976837,0.37260468420173576,0.06256310208662563,0.012332756924516701,9.295664106845347e-06,0.004255638410188056
218,6683,1.5610272485702419,0.1491778790708552,0.0307389041719096,0.0006909457209457209,0.0,0.0,0.0006909457209457209,0.0,0.0,0.0,1.0,0.0,0.4474273774891775,1898.4542954663423,0.3504756310957839,0.012645687299684922,0.01875633381928736,0.17040244662928883,0.0002100986016859928,0.3726046842484697,0.06256306863588593,0.012332754052540477,9.295617372895304e-06,0.00425560199400421
219,928,0.8915304384167251,0.1420695208419129,0.1722217573097847,0.0006911521811521813,0.0006911521811521813,0.0,0.0,0.0,1.0,0.0,0.0,0.0,0.44745051341991343,1898.4555421344976,0.38190021850282097,0.022718381307491074,0.03317116181496154,0.0035405129994295764,1.2207738612342562e-06,0.1826411126369328,0.318735006855487,0.017570733975481232,0.03972165113353454,0.0004739274208106492
220,6270,1.9180828734713025,0.1477792467750222,0.1167624869091337,0.0006912720612720613,0.0,0.0,0.0006912720612720613,0.0,0.0,0.0,1.0,0.0,0.4474639471861472,1898.4562660054878,0.3504756310957839,0.012645687299684922,0.01875633381928736,0.17040247974210407,0.00021010144468260828,0.37260468429473437,0.06256303552307069,0.012332751209543863,9.295571108236533e-06,0.004255565945663009
221,6404,3.0338066749410806,0.0825965344710316,0.2454139525221081,0.0006915617715617717,0.0,0.0,0.0,0.0006915617715617717,0.0,0.0,0.0,1.0,0.44749641212121216,1898.4580153578265,0.33808126467938193,0.013407793819400984,0.019576751193023625,0.2807580305409191,0.004338590080028459,0.328081644307135,0.0045398301920573925,0.011216052758335168,4.2429718294378915e-08,0.01575596780982913
222,5593,3.2207223547968997,0.2882053877289478,0.2952870507448128,0.0006918714618714619,0.0,0.0,0.0,0.0006918714618714619,0.0,0.0,0.0,1.0,0.447531116017316,1898.4598853511586,0.33808126467938193,0.013407793819400984,0.019576751193023625,0.2807581133164557,0.004338686754171069,0.3280816443083983,0.004539747416520745,0.011215956084192558,4.2428454971599194e-08,0.015755788357623257
223,6808,1.5793187325782727,0.0899307830083832,0.1850054813798609,0.0006921145521145522,0.0,0.0,0.0006921145521145522,0.0,0.0,0.0,1.0,0.0,0.4475583567099567,1898.4613531924947,0.3504756310957839,0.012645687299684922,0.01875633381928736,0.17040256522455552,0.00021010878438338192,0.37260468441416755,0.06256295004061924,0.012332743869843088,9.29545167505097e-06,0.00425547288464434
224,6678,2.801435647249225,0.1916505728602033,0.1602497496562557,0.000693073593073593,0.0,0.0,0.0,0.000693073593073593,0.0,0.0,0.0,1.0,0.4476658268398268,1898.4671441033615,0.33808126467938193,0.013407793819400984,0.019576751193023625,0.2807584346227481,0.004339062033910002,0.3280816443132934,0.004539426110228395,0.011215580804453625,4.242355988726132e-08,0.015755091761801787
225,5033,1.4104922639466408,0.0446029697123801,0.0998092041019344,0.0006933333333333333,0.0,0.0,0.0006933333333333333,0.0,0.0,0.0,1.0,0.0,0.4476949333333333,1898.4687124682405,0.3504756310957839,0.012645687299684922,0.01875633381928736,0.17040268888218232,0.00021011940262609881,0.3726046845869473,0.06256282638299243,0.012332733251600371,9.295278895316006e-06,0.004255338263215447
226,6467,2.158097516394271,0.2848291546664709,0.1842305750898339,0.0006936963036963037,0.0,0.0,0.0006936963036963037,0.0,0.0,0.0,1.0,0.0,0.4477356077922078,1898.4709041527578,0.3504756310957839,0.012645687299684922,0.01875633381928736,0.17040272570837134,0.00021012256496758352,0.37260468463840185,0.06256278955680342,0.012332730089258887,9.295227440753173e-06,0.004255298171775834
227,6782,1.4221280704146944,0.1285634076360465,0.0308787309563656,0.0006943822843822843,0.0,0.0,0.0006943822843822843,0.0,0.0,0.0,1.0,0.0,0.4478124787878788,1898.4750462199352,0.3504756310957839,0.012645687299684922,0.01875633381928736,0.17040279530456912,0.00021012854159646076,0.372604684735649,0.06256271996060564,0.01233272411263001,9.2951301935984e-06,0.0042552224044548614
228,6928,3.212408619736122,0.0901764957653169,0.2119960009055043,0.0006948318348318349,0.0,0.0,0.0,0.0006948318348318349,0.0,0.0,0.0,1.0,0.4478628554112554,1898.4777606704474,0.33808126467938193,0.013407793819400984,0.019576751193023625,0.2807589045514262,0.004339610970151541,0.328081644320455,0.004538956181550258,0.011215031868212086,4.241639828261867e-08,0.015754072882558923
229,6068,1.74066565813178,0.0313054281267811,0.0473414707151,0.0006950449550449551,0.0,0.0,0.0006950449550449551,0.0,0.0,0.0,1.0,0.0,0.44788673766233766,1898.4790475180207,0.3504756310957839,0.012645687299684922,0.01875633381928736,0.17040286253420972,0.00021013431525563193,0.37260468482958786,0.06256265273096503,0.012332718338970839,9.295036254741706e-06,0.004255149213277409
230,5618,1.8202719884576293,0.0546027434108859,0.09584528159416,0.0006953413253413254,0.0,0.0,0.0006953413253413254,0.0,0.0,0.0,1.0,0.0,0.44791994891774894,1898.4808370371773,0.3504756310957839,0.012645687299684922,0.01875633381928736,0.17040289260136404,0.00021013689748362058,0.37260468487160264,0.06256262266381071,0.01233271575674285,9.294994239961163e-06,0.004255116479865539
231,5215,3.0548746305370464,0.1259975603800359,0.2430377571089579,0.0006963003663003663,0.0,0.0,0.0,0.0006963003663003663,0.0,0.0,0.0,1.0,0.44802741904761906,1898.4866278148247,0.33808126467938193,0.013407793819400984,0.019576751193023625,0.28075929703492875,0.004340069502809395,0.32808164432643705,0.004538563698047726,0.011214573335554232,4.241041623442854e-08,0.015753221854434396
232,5568,1.4115495964366656,0.3800083430874648,0.0394133201050746,0.0006982184482184482,0.0,0.0,0.0006982184482184482,0.0,0.0,0.0,1.0,0.0,0.4482423593073593,1898.4982092513374,0.3504756310957839,0.012645687299684922,0.01875633381928736,0.17040318447059474,0.00021016196661828584,0.3726046852794633,0.06256233079458001,0.012332690687608184,9.294586379327008e-06,0.00425479872577883
233,5627,0.8767459239553848,0.2114423062684949,0.027036854291163,0.0006986746586746588,0.0,0.0,0.0006986746586746588,0.0,0.0,0.0,1.0,0.0,0.44829348225108223,1898.500963840527,0.3504756310957839,0.012645687299684922,0.01875633381928736,0.17040323074782454,0.000210165941903755,0.37260468534413554,0.06256228451735021,0.012332686712322715,9.294521707059467e-06,0.004254748343919035
234,6719,1.32921717409772,0.0953483308870972,0.1193823098074256,0.0006986913086913087,0.0,0.0,0.0006986913086913087,0.0,0.0,0.0,1.0,0.0,0.44829534805194804,1898.5010643728097,0.3504756310957839,0.012645687299684922,0.01875633381928736,0.17040323243636277,0.0002101660869864257,0.3726046853464976,0.06256228282881199,0.012332686567240044,9.29451934500447e-06,0.004254746505574003
235,5426,1.5272276008313856,0.0836717943391845,0.1493310771115473,0.0006988045288045288,0.0,0.0,0.0006988045288045288,0.0,0.0,0.0,1.0,0.0,0.4483080354978355,1898.5017479920157,0.3504756310957839,0.012645687299684922,0.01875633381928736,0.17040324392146028,0.00021016707356439482,0.37260468536254454,0.06256227134371448,0.012332685580662075,9.294503298062917e-06,0.00425473400180465
236,1386,1.178668362112831,0.0855670495666731,0.0358205854566716,0.0006989676989676989,0.0,0.0006989676989676989,0.0,0.0,0.0,1.0,0.0,0.0,0.44832632034632036,1898.5027332069594,0.30544261328835104,0.010192697537748036,0.014472362178626647,0.006842259138116017,2.498203930067365e-06,0.359824200203134,0.2676037376256793,0.015616224567486294,0.020003407256928618,0.0006530445033436916
237,5177,1.7370258274597927,0.2887137101693069,0.0470425881068134,0.0006998035298035299,0.0,0.0,0.0,0.0006998035298035299,0.0,0.0,0.0,1.0,0.4484199835497835,1898.50777990227,0.33808126467938193,0.013407793819400984,0.019576751193023625,0.2807602332491463,0.0043411634965060345,0.3280816443407015,0.004537627483830187,0.011213479341857593,4.23961518114524e-08,0.015751191617991434
238,5328,1.7036934975460523,0.3771272188478067,0.0258454484370042,0.0007007326007326007,0.0,0.0,0.0007007326007326007,0.0,0.0,0.0,1.0,0.0,0.4485240952380952,1898.5133895402505,0.3504756310957839,0.012645687299684922,0.01875633381928736,0.17040343949248216,0.00021018387490563044,0.37260468563586624,0.0625620757726926,0.01233266877932084,9.29422997636431e-06,0.004254521082798113
239,5731,1.4522977084862938,0.0733186055933545,0.1340934984040184,0.0007010822510822511,0.0,0.0,0.0007010822510822511,0.0,0.0,0.0,1.0,0.0,0.4485632770562771,1898.515500684706,0.3504756310957839,0.012645687299684922,0.01875633381928736,0.17040347495720926,0.0002101869218873196,0.37260468568543076,0.0625620403079655,0.01233266573233915,9.294180411845154e-06,0.0042544824719602525
240,6151,1.694427675339037,0.0526949094189972,0.1159741584789062,0.0007012787212787213,0.0,0.0,0.0007012787212787213,0.0,0.0,0.0,1.0,0.0,0.4485852935064935,1898.5166869445193,0.3504756310957839,0.012645687299684922,0.01875633381928736,0.17040349488472673,0.00021018863401482,0.37260468571327965,0.06256202038044803,0.01233266402021165,9.294152562955293e-06,0.004254460776617619
241,6207,2.9168360493235994,0.0564617025329269,0.121268757011988,0.0007013586413586413,0.0,0.0,0.0,0.0007013586413586413,0.0,0.0,0.0,1.0,0.44859424935064934,1898.5171694904084,0.33808126467938193,0.013407793819400984,0.019576751193023625,0.2807606488273378,0.004341649214944769,0.3280816443470298,0.004537211905638661,0.01121299362341886,4.2389823484700884e-08,0.01575029030870445
242,5414,1.826301356227336,0.1191344856256498,0.1140580725568976,0.0007024508824508824,0.0,0.0,0.0007024508824508824,0.0,0.0,0.0,1.0,0.0,0.44871664588744586,1898.523764256671,0.3504756310957839,0.012645687299684922,0.01875633381928736,0.17040361377181268,0.00021019884895830265,0.37260468587944107,0.06256190149336208,0.012332653805268167,9.293986401537335e-06,0.004254331342265272
243,5583,1.4387152462944914,0.0871229736350578,0.0406734356990729,0.0007031202131202131,0.0,0.0,0.0007031202131202131,0.0,0.0,0.0,1.0,0.0,0.44879165108225105,1898.527805536228,0.3504756310957839,0.012645687299684922,0.01875633381928736,0.17040368165669076,0.00021020468208778013,0.37260468597432395,0.062561833608484,0.01233264797213869,9.293891518658004e-06,0.004254257434492037
244,5084,2.639583968966058,0.3158648917818612,0.2342580171518699,0.0007032500832500834,0.0,0.0,0.0007032500832500834,0.0,0.0,0.0,1.0,0.0,0.4488062043290043,1898.5285896628634,0.3504756310957839,0.012645687299684922,0.01875633381928736,0.17040369482842807,0.00021020581390397718,0.37260468599273217,0.06256182043674668,0.012332646840322493,9.29387311043861e-06,0.004254243094122034
245,1137,1.5232231865721055,0.1023844680348353,0.085458933190405,0.0007033133533133533,0.0,0.0007033133533133533,0.0,0.0,0.0,1.0,0.0,0.0,0.44881329437229434,1898.5289716730126,0.30544261328835104,0.010192697537748036,0.014472362178626647,0.006842082976950163,2.4985716491004277e-06,0.3598243288765945,0.26760391378684517,0.015616224199767261,0.02000327858346812,0.0006529629498693845
246,5586,1.3529981316039452,0.0469747864394858,0.0501253537404296,0.000703932733932734,0.0,0.0,0.000703932733932734,0.0,0.0,0.0,1.0,0.0,0.44888270216450216,1898.5327113422131,0.3504756310957839,0.012645687299684922,0.01875633381928736,0.1704037640617501,0.0002102117632607443,0.37260468608950276,0.06256175120342466,0.012332640890965725,9.29377633984707e-06,0.004254167717902102
247,6110,1.763500071804313,0.3448422304022001,0.1027727114847118,0.0007042790542790543,0.0,0.0,0.0007042790542790543,0.0,0.0,0.0,1.0,0.0,0.4489215108225108,1898.5348023328472,0.3504756310957839,0.012645687299684922,0.01875633381928736,0.17040379918475565,0.00021021478152057521,0.3726046861385969,0.0625617160804191,0.012332637872705894,9.29372724572941e-06,0.004254129478448387
248,5548,3.2084400155612425,0.1542335242513724,0.3207321935994826,0.0007043556443556444,0.0,0.0,0.0,0.0007043556443556444,0.0,0.0,0.0,1.0,0.4489300935064935,1898.5352647627712,0.33808126467938193,0.013407793819400984,0.019576751193023625,0.280761449688112,0.004342585422026986,0.3280816443592313,0.0045364110448644634,0.011212057416336641,4.23776219671268e-08,0.01574855321644497
249,5710,1.9496680137923783,0.1083662098136516,0.1200400740500405,0.0007054645354645355,0.0,0.0,0.0007054645354645355,0.0,0.0,0.0,1.0,0.0,0.4490543558441559,1898.541959915549,0.3504756310957839,0.012645687299684922,0.01875633381928736,0.17040391940943722,0.00021022511349591118,0.37260468630664306,0.06256159585573753,0.012332627540730558,9.293559199541335e-06,0.004253998585699192
250,6057,1.5302541669410759,0.1560506182478409,0.1222442740438555,0.0007057009657009658,0.0,0.0,0.0007057009657009658,0.0,0.0,0.0,1.0,0.0,0.4490808502164502,1898.5433874037394,0.3504756310957839,0.012645687299684922,0.01875633381928736,0.17040394338581227,0.00021022717412968282,0.3726046863401568,0.06256157187936248,0.012332625480096787,9.293525685794002e-06,0.0042539724816628155
251,6687,2.756017703911498,0.3697368984197961,0.0689347921708393,0.0007061038961038961,0.0,0.0,0.0,0.0007061038961038961,0.0,0.0,0.0,1.0,0.4491260025974026,1898.545820159759,0.33808126467938193,0.013407793819400984,0.019576751193023625,0.2807619168328728,0.004343131623653969,0.3280816443663509,0.004535943900103645,0.011211511214709658,4.2370502384425635e-08,0.015747539855818005
252,884,1.5110544913415347,0.0877164279694058,0.0299118639181623,0.0007067998667998667,0.0,0.0,0.0007067998667998667,0.0,0.0,0.0,1.0,0.0,0.44920399307359304,1898.550022176422,0.3504756310957839,0.012645687299684922,0.01875633381928736,0.17040405482445395,0.00021023675192803913,0.3726046864959274,0.0625614604407208,0.01233261590229843,9.293369915230887e-06,0.004253851153681709
253,5479,1.4764612059852946,0.089056951917941,0.1601096735998841,0.0007068098568098568,0.0,0.0,0.0007068098568098568,0.0,0.0,0.0,1.0,0.0,0.44920511255411255,1898.550082492299,0.3504756310957839,0.012645687299684922,0.01875633381928736,0.17040405583768534,0.00021023683900119866,0.3726046864973455,0.06256145942748942,0.01233261581522527,9.293368497087506e-06,0.004253850050540797
254,5506,3.066079373844058,0.1235802316515628,0.3012166259048507,0.0007073593073593075,0.0,0.0,0.0,0.0007073593073593075,0.0,0.0,0.0,1.0,0.449266683982684,1898.5533998589106,0.33808126467938193,0.013407793819400984,0.019576751193023625,0.2807622522766287,0.004343523885357823,0.32808164437145704,0.004535608456347762,0.011211118953005805,4.236539624669078e-08,0.01574681214014595
255,5179,1.7080407483228213,0.0298225142890383,0.1566392965997096,0.0007081618381618381,0.0,0.0,0.0007081618381618381,0.0,0.0,0.0,1.0,0.0,0.4493566155844156,1898.558245201336,0.3504756310957839,0.012645687299684922,0.01875633381928736,0.17040419293418893,0.00021024862303973226,0.3726046866889907,0.06256132233098582,0.012332604031186738,9.293176851887797e-06,0.004253700786708281
256,6704,1.28928559954241,0.1387061233925179,0.1248529260953549,0.0007083183483183483,0.0,0.0,0.0007083183483183483,0.0,0.0,0.0,1.0,0.0,0.4493741541125541,1898.559190140404,0.3504756310957839,0.012645687299684922,0.01875633381928736,0.17040420880444138,0.00021024998723301991,0.37260468671117647,0.06256130646073338,0.01233260266699345,9.293154666134562e-06,0.004253683507891015
257,461,1.4389194350814407,0.0976279442653317,0.1613829332513332,0.0007088511488511489,0.0007088511488511489,0.0,0.0,0.0,1.0,0.0,0.0,0.0,0.44943385974025973,1898.5624069463481,0.38190021850282097,0.022718381307491074,0.03317116181496154,0.0035401057383673256,1.2214952269741676e-06,0.18264143839582417,0.31873541411654926,0.017570733254115494,0.03972132537464318,0.0004736824427244435
258,6458,2.7758389397231342,0.4506941945056777,0.2785534931887904,0.0007088544788544789,0.0,0.0,0.0007088544788544789,0.0,0.0,0.0,1.0,0.0,0.44943423290043294,1898.562427051347,0.3504756310957839,0.012645687299684922,0.01875633381928736,0.17040426316826682,0.000210254660372413,0.3726046867871722,0.06256125209690794,0.012332597993854057,9.293078670424837e-06,0.004253624318934834
259,5922,1.4746513864941584,0.1104545962206076,0.1004436402488021,0.0007093606393606393,0.0,0.0,0.0007093606393606393,0.0,0.0,0.0,1.0,0.0,0.44949095324675326,1898.5654830056026,0.3504756310957839,0.012645687299684922,0.01875633381928736,0.1704043144918556,0.00021025907234969668,0.37260468685892284,0.06256120077331914,0.012332593581876774,9.293006919763869e-06,0.004253568439867461
260,6028,1.8768315860487224,0.0609794978988568,0.0602805461540479,0.0007093906093906094,0.0,0.0,0.0007093906093906094,0.0,0.0,0.0,1.0,0.0,0.44949431168831167,1898.5656639499166,0.3504756310957839,0.012645687299684922,0.01875633381928736,0.1704043175307363,0.0002102593335874059,0.37260468686317155,0.06256119773443847,0.012332593320639065,9.293002671051376e-06,0.004253565131251635
261,5318,2.6591909227419332,0.3813820129767219,0.239853226409651,0.0007095770895770895,0.0,0.0,0.0,0.0007095770895770895,0.0,0.0,0.0,1.0,0.44951520865800865,1898.5667898247796,0.33808126467938193,0.013407793819400984,0.019576751193023625,0.2807628448418083,0.004344216921302257,0.32808164438048387,0.00453501589116817,0.01121042591706137,4.235636941185561e-08,0.015745526520968278
262,6418,1.8826988855626752,0.1000884780638455,0.0778242121398604,0.0007097236097236097,0.0,0.0,0.0007097236097236097,0.0,0.0,0.0,1.0,0.0,0.4495316277056277,1898.5676744396933,0.3504756310957839,0.012645687299684922,0.01875633381928736,0.17040435129553438,0.00021026223624334725,0.37260468691037374,0.06256116396964037,0.012332590417983123,9.292955468864772e-06,0.0042535283693933
263,5877,1.4983079643695512,0.0854702531296464,0.1442496606736279,0.00071002997002997,0.0,0.0,0.00071002997002997,0.0,0.0,0.0,1.0,0.0,0.44956595844155844,1898.569524086072,0.3504756310957839,0.012645687299684922,0.01875633381928736,0.1704043823591052,0.00021026490671446395,0.37260468695380206,0.06256113290606954,0.012332587747512006,9.292912040548273e-06,0.004253494548494663
264,5289,2.0031694140607437,0.1257073161204974,0.0200802482453442,0.0007106993006993007,0.0,0.0,0.0007106993006993007,0.0,0.0,0.0,1.0,0.0,0.44964096363636363,1898.5735651472569,0.3504756310957839,0.012645687299684922,0.01875633381928736,0.1704044502249988,0.00021027074120048676,0.37260468704868005,0.06256106504017594,0.012332581913025983,9.292817162553924e-06,0.004253420658358986
265,1707,1.035493721742043,0.2071459408570753,0.1584769694036597,0.0007122677322677323,0.0007122677322677323,0.0,0.0,0.0,1.0,0.0,0.0,0.0,0.44981672207792206,1898.5830344240446,0.38190021850282097,0.022718381307491074,0.03317116181496154,0.0035400271122963444,1.221634507257474e-06,0.1826415012855432,0.31873549274262025,0.01757073311483521,0.039721262484924136,0.00047363515007703416
266,6503,1.8307885730222513,0.0462349885942904,0.1392586297176313,0.0007125774225774226,0.0,0.0,0.0007125774225774226,0.0,0.0,0.0,1.0,0.0,0.449851425974026,1898.5849041413373,0.3504756310957839,0.012645687299684922,0.01875633381928736,0.17040464064470445,0.00021028711322927237,0.372604687314904,0.0625608746204703,0.012332565540997197,9.292550938622135e-06,0.00425321333417672
267,6694,0.9851839074798802,0.1227209967223831,0.1365830079597656,0.0007133666333666333,0.0,0.0,0.0007133666333666333,0.0,0.0,0.0,1.0,0.0,0.44993986493506494,1898.5896688860958,0.3504756310957839,0.012645687299684922,0.01875633381928736,0.17040472065798432,0.00021029399324819177,0.3726046874267724,0.06256079460719044,0.012332558660978278,9.292439070218705e-06,0.004253126217141134
268,6221,1.9471801158159905,0.0878947257291404,0.096809157296604,0.0007136163836163836,0.0,0.0,0.0,0.0007136163836163836,0.0,0.0,0.0,1.0,0.44996785194805194,1898.5911767111309,0.33808126467938193,0.013407793819400984,0.019576751193023625,0.28076392402057,0.004345479409003433,0.3280816443969128,0.004533936712406483,0.011209163429360194,4.233994049807066e-08,0.015743184821647604
269,5380,3.283878420583225,0.0440562727698913,0.1673252497292064,0.000714025974025974,0.0,0.0,0.0,0.000714025974025974,0.0,0.0,0.0,1.0,0.4500137506493507,1898.5936495383755,0.33808126467938193,0.013407793819400984,0.019576751193023625,0.28076403344558754,0.004345607444866174,0.3280816443985825,0.004533827287388936,0.011209035393497453,4.2338270778152776e-08,0.015742947357427872
270,6817,2.6330773593336394,0.0057411653886891,0.0408109126628922,0.000714871794871795,0.0,0.0,0.0,0.000714871794871795,0.0,0.0,0.0,1.0,0.45010853333333334,1898.5987560043036,0.33808126467938193,0.013407793819400984,0.019576751193023625,0.28076425940985633,0.0043458718546417205,0.3280816444020225,0.00453360132312014,0.011208770983721906,4.2334830807622126e-08,0.01574245697650356
271,5030,1.6036000736522946,0.0507252490456383,0.0198188654346214,0.000714905094905095,0.0,0.0,0.000714905094905095,0.0,0.0,0.0,1.0,0.0,0.45011226493506495,1898.598957045639,0.3504756310957839,0.012645687299684922,0.01875633381928736,0.17040487662565196,0.00021030740540549579,0.3726046876448422,0.0625606386395228,0.012332545248820975,9.292221000378742e-06,0.004252956401176511
272,5822,3.1227163610680506,0.0911075075882552,0.2963974543847519,0.0007152081252081252,0.0,0.0,0.0,0.0007152081252081252,0.0,0.0,0.0,1.0,0.4501462225108225,1898.6007865195993,0.33808126467938193,0.013407793819400984,0.019576751193023625,0.28076434926076754,0.004345976997927797,0.3280816444033902,0.004533511472208929,0.01120866584043583,4.233346306836694e-08,0.01574226197957085
273,6004,1.359667209021588,0.0117782872027799,0.0475721266694511,0.0007154412254412255,0.0,0.0,0.0007154412254412255,0.0,0.0,0.0,1.0,0.0,0.45017234372294374,1898.6021938045715,0.3504756310957839,0.012645687299684922,0.01875633381928736,0.17040493097591708,0.0002103120794877323,0.372604687720839,0.06256058428925768,0.012332540574738737,9.292145003614305e-06,0.004252897224835572
274,5874,2.715095329650603,0.2263043097090425,0.2251722347536734,0.0007156909756909758,0.0,0.0,0.0007156909756909758,0.0,0.0,0.0,1.0,0.0,0.45020033073593074,1898.6037016073035,0.3504756310957839,0.012645687299684922,0.01875633381928736,0.17040495629395588,0.00021031425688129788,0.3726046877562378,0.06256055897121887,0.012332538397345173,9.292109604819299e-06,0.004252869658605607
275,5342,2.015580493282986,0.1435560648266478,0.0991860250698987,0.0007164535464535465,0.0,0.0,0.0007164535464535465,0.0,0.0,0.0,1.0,0.0,0.4502857844155844,1898.60830541503,0.3504756310957839,0.012645687299684922,0.01875633381928736,0.17040503359732992,0.00021032090529472046,0.3726046878643312,0.06256048166784484,0.012332531748931749,9.292001511396197e-06,0.00425278549063135
276,5612,1.4265756877229523,0.0151700411889943,0.0717819626753744,0.0007167832167832168,0.0,0.0,0.0007167832167832168,0.0,0.0,0.0,1.0,0.0,0.45032272727272726,1898.6102956997033,0.3504756310957839,0.012645687299684922,0.01875633381928736,0.17040506701552477,0.00021032377954556994,0.3726046879110602,0.06256044824964999,0.0123325288746809,9.291954782386647e-06,0.004252749104727727
277,6176,1.0915479034525553,0.2085924243624286,0.0334730324016798,0.0007186213786213786,0.0,0.0,0.0007186213786213786,0.0,0.0,0.0,1.0,0.0,0.45052871168831166,1898.621392958785,0.3504756310957839,0.012645687299684922,0.01875633381928736,0.17040525334216602,0.00021033980621499776,0.372604688171609,0.06256026192300873,0.012332512848011472,9.291694233581893e-06,0.004252546230319343
278,6402,2.9807711098757523,0.2948525670879235,0.2525849689303695,0.0007201864801864803,0.0,0.0,0.0,0.0007201864801864803,0.0,0.0,0.0,1.0,0.450704096969697,1898.630841597351,0.33808126467938193,0.013407793819400984,0.019576751193023625,0.2807656791538251,0.004347533583462761,0.3280816444236322,0.004532181579151362,0.011207109254900866,4.2313221093603914e-08,0.01573937546049442
279,6201,2.8115187408597575,0.4692695127464612,0.2180462969848377,0.0007206993006993007,0.0,0.0,0.0,0.0007206993006993007,0.0,0.0,0.0,1.0,0.45076156363636366,1898.6339375113084,0.33808126467938193,0.013407793819400984,0.019576751193023625,0.28076581613769663,0.004347693954630253,0.32808164442572096,0.004532044595279838,0.011206948883733374,4.2311132320005385e-08,0.015739078101277837
280,6143,1.7957296223659012,0.1436683696727521,0.0558980089346557,0.0007211488511488512,0.0,0.0,0.0007211488511488512,0.0,0.0,0.0,1.0,0.0,0.45081194025974025,1898.6366514525446,0.3504756310957839,0.012645687299684922,0.01875633381928736,0.1704055095199401,0.00021036184435785062,0.3726046885298648,0.06256000574523465,0.01233249080986862,9.2913359778235e-06,0.004252267297890966
281,6396,3.054053319596081,0.2560583299952121,0.3121013885102486,0.0007217415917415917,0.0,0.0,0.0,0.0007217415917415917,0.0,0.0,0.0,1.0,0.45087836277056276,1898.6402298210257,0.33808126467938193,0.013407793819400984,0.019576751193023625,0.2807660945493448,0.00434801992037569,0.3280816444299591,0.004531766183631658,0.011206622917987937,4.230689421014233e-08,0.01573847371540804
282,6737,1.755549167204754,0.1449159482573601,0.0363570993998395,0.000721991341991342,0.0,0.0,0.000721991341991342,0.0,0.0,0.0,1.0,0.0,0.45090634978354976,1898.6417375560259,0.3504756310957839,0.012645687299684922,0.01875633381928736,0.17040559490692647,0.00021036919078384471,0.372604688649277,0.06255992035824828,0.012332483463442625,9.291216565621152e-06,0.004252174325654168
283,6331,1.771032420607848,0.3219150992584272,0.094894890671544,0.0007228571428571428,0.0,0.0,0.0007228571428571428,0.0,0.0,0.0,1.0,0.0,0.4510033714285714,1898.6469643499058,0.3504756310957839,0.012645687299684922,0.01875633381928736,0.17040568265396103,0.00021037674066993412,0.3726046887719972,0.06255983261121373,0.012332475913556537,9.29109384539828e-06,0.004252078783293034
284,5964,1.8994025906071896,0.0679801345642637,0.0930253039656561,0.000722977022977023,0.0,0.0,0.000722977022977023,0.0,0.0,0.0,1.0,0.0,0.4510168051948052,1898.6476880572845,0.3504756310957839,0.012645687299684922,0.01875633381928736,0.17040569480324583,0.0002103777860542033,0.3726046887889915,0.06255982046192893,0.012332474868172266,9.29107685110342e-06,0.00425206555463542
285,5794,1.2196395813142868,0.1382667145076436,0.0912386436118886,0.0007241658341658342,0.0,0.0,0.0007241658341658342,0.0,0.0,0.0,1.0,0.0,0.45115002337662335,1898.65486478864,0.3504756310957839,0.012645687299684922,0.01875633381928736,0.1704058152815065,0.00021038815299306604,0.37260468895749266,0.06255969998366825,0.012332464501233403,9.290908349945948e-06,0.004251934372433541
286,6746,3.0220621917661323,0.2970377879062594,0.1875068923604244,0.0007243090243090243,0.0,0.0,0.0,0.0007243090243090243,0.0,0.0,0.0,1.0,0.45116606926406927,1898.65572920876,0.33808126467938193,0.013407793819400984,0.019576751193023625,0.28076678032161345,0.0043488229481358845,0.32808164444039295,0.00453108041136302,0.011205819890227743,4.2296460334156905e-08,0.015736984894511363
287,6893,1.6503878349477696,0.0916075056256289,0.0641551895002193,0.0007246220446220446,0.0,0.0,0.0007246220446220446,0.0,0.0,0.0,1.0,0.0,0.4512011463203463,1898.6576188682745,0.3504756310957839,0.012645687299684922,0.01875633381928736,0.1704058615137158,0.0002103921314409844,0.3726046890221572,0.06255965375145894,0.012332460522785485,9.290843685394456e-06,0.00425188403244714
288,6117,2.010469048774159,0.2081655745899272,0.1457582445489467,0.0007247119547119547,0.0,0.0,0.0007247119547119547,0.0,0.0,0.0,1.0,0.0,0.45121122164502164,1898.6581616420362,0.3504756310957839,0.012645687299684922,0.01875633381928736,0.17040587062520485,0.00021039291552178756,0.37260468903490124,0.06255964463996991,0.012332459738704683,9.290830941366401e-06,0.0042518741113892755
289,1517,1.2223779167783493,0.1360937766199175,0.0469106729334017,0.0007247119547119547,0.0,0.0007247119547119547,0.0,0.0,0.0,1.0,0.0,0.0,0.45121122164502164,1898.6581616420362,0.30544261328835104,0.010192697537748036,0.014472362178626647,0.006841215384246684,2.500382819507487e-06,0.359824962479585,0.26760478137954863,0.015616222388596853,0.020002644980477602,0.0006525615254215911
290,4963,1.5600371224641842,0.0950120373506663,0.0386176441967375,0.000724908424908425,0.000724908424908425,0.0,0.0,0.0,1.0,0.0,0.0,0.0,0.4512332380952381,1898.6593477020083,0.38190021850282097,0.022718381307491074,0.03317116181496154,0.0035397361819521217,1.2221498970037216e-06,0.18264173392557562,0.31873578367296446,0.017570732599445464,0.03972102984489173,0.000473460284966698
291,5302,2.5174521160570222,0.3848912996244043,0.2862446144834616,0.0007251415251415252,0.0,0.0,0.0007251415251415252,0.0,0.0,0.0,1.0,0.0,0.45125935930735933,1898.6607548896507,0.3504756310957839,0.012645687299684922,0.01875633381928736,0.1704059141572718,0.000210396661714633,0.3726046890957861,0.06255960110790296,0.012332455992511837,9.290770056513686e-06,0.0042518267113598185
292,3432,0.8428729554998426,0.2223263612126984,0.1043077234588952,0.0007260273060273061,0.0,0.0007260273060273061,0.0,0.0,0.0,1.0,0.0,0.0,0.4513586199134199,1898.6661021813616,0.30544261328835104,0.010192697537748036,0.014472362178626647,0.006841162046107736,2.500494175997928e-06,0.35982500142694557,0.2676048347176876,0.015616222277240363,0.020002606033117043,0.0006525368574827883
293,6666,1.8107219770520953,0.1659214086868653,0.027103892616277,0.0007261272061272063,0.0,0.0,0.0007261272061272063,0.0,0.0,0.0,1.0,0.0,0.4513698147186147,1898.666705257255,0.3504756310957839,0.012645687299684922,0.01875633381928736,0.1704060140416581,0.00021040525781414657,0.37260468923549805,0.06255950122351667,0.012332447396412323,9.290630344549466e-06,0.004251717951450074
294,6991,1.5869838926526876,0.1510598947010797,0.0403413203704628,0.0007261438561438562,0.0,0.0,0.0007261438561438562,0.0,0.0,0.0,1.0,0.0,0.4513716805194805,1898.666805769862,0.3504756310957839,0.012645687299684922,0.01875633381928736,0.17040601572884026,0.000210405403020659,0.3726046892378597,0.0625594995363345,0.012332447251205811,9.290627982883048e-06,0.0042517161143380555
295,3991,0.824461756473836,0.0527269140717865,0.0792198171813357,0.0007262037962037962,0.0007262037962037962,0.0,0.0,0.0,1.0,0.0,0.0,0.0,0.4513783974025974,1898.6671676151489,0.38190021850282097,0.022718381307491074,0.03317116181496154,0.0035397063665498175,1.2222027195642077e-06,0.1826417577713732,0.31873581348836677,0.017570732546622902,0.039721005999094144,0.00047344235595125905
296,6731,1.8454658176073568,0.0505108480700099,0.1358082819834989,0.0007265301365301366,0.0,0.0,0.0007265301365301366,0.0,0.0,0.0,1.0,0.0,0.4514149670995671,1898.6691376589972,0.3504756310957839,0.012645687299684922,0.01875633381928736,0.17040605487168417,0.00021040877183486458,0.37260468929260676,0.06255946039349058,0.012332443882391606,9.290573235842814e-06,0.004251673493185892
297,6059,1.5022830688864832,0.1078929843685555,0.1236620207525825,0.0007272094572094573,0.0,0.0,0.0007272094572094573,0.0,0.0,0.0,1.0,0.0,0.4514910917748918,1898.6732385518974,0.3504756310957839,0.012645687299684922,0.01875633381928736,0.1704061237079584,0.00021041469639901167,0.3726046893888947,0.06255939155721635,0.012332437957827458,9.290476947920734e-06,0.004251598539771639
298,5200,2.0774372015877156,0.1568886195081704,0.1657752136795797,0.0007273992673992673,0.0,0.0,0.0007273992673992673,0.0,0.0,0.0,1.0,0.0,0.4515123619047619,1898.674384386069,0.3504756310957839,0.012645687299684922,0.01875633381928736,0.17040614294145573,0.00021041635181463802,0.3726046894157952,0.06255937232371903,0.012332436302411832,9.29045004738338e-06,0.004251577597057632
299,5828,1.9383745247170767,0.1944273097667153,0.1068655201950367,0.0007277089577089578,0.0,0.0,0.0007277089577089578,0.0,0.0,0.0,1.0,0.0,0.4515470658008658,1898.6762539016513,0.3504756310957839,0.012645687299684922,0.01875633381928736,0.17040617432179703,0.0002104190527750824,0.3726046894596891,0.06255934094337773,0.012332433601451387,9.290406153494857e-06,0.004251543427968074
300,5222,1.2178567335114772,0.1685944062647322,0.0745572938689345,0.0007280119880119881,0.0,0.0,0.0007280119880119881,0.0,0.0,0.0,1.0,0.0,0.45158102337662337,1898.6780832086017,0.3504756310957839,0.012645687299684922,0.01875633381928736,0.1704062050268315,0.00021042169567467764,0.37260468950264364,0.06255931023834327,0.012332430958551792,9.290363198966034e-06,0.004251509994125047
301,5534,3.2738073408869623,0.0977031734264222,0.1762231735830828,0.000729000999000999,0.0,0.0,0.0,0.000729000999000999,0.0,0.0,0.0,1.0,0.45169185194805195,1898.6840535565318,0.33808126467938193,0.013407793819400984,0.019576751193023625,0.28076803347029056,0.004350290811385948,0.32808164445946125,0.004529827262685915,0.01120435202697768,4.227739203166436e-08,0.01573426384444765
302,6653,1.8030309584603137,0.0754559522479288,0.118919631900229,0.0007293006993006993,0.0,0.0,0.0007293006993006993,0.0,0.0,0.0,1.0,0.0,0.4517254363636364,1898.685862744562,0.3504756310957839,0.012645687299684922,0.01875633381928736,0.17040633560404786,0.00021043293553441167,0.3726046896853006,0.0625591796611269,0.012332419718692058,9.29018054202091e-06,0.004251367811734963
303,6403,1.853414721958748,0.0310827266882389,0.0800925702003605,0.0007303896103896104,0.0,0.0,0.0007303896103896104,0.0,0.0,0.0,1.0,0.0,0.45184745974025975,1898.6924360951962,0.3504756310957839,0.012645687299684922,0.01875633381928736,0.17040644593236576,0.0002104424331286796,0.37260468983964,0.062559069332809,0.01233241022109779,9.290026202590784e-06,0.00425124767714391
304,6102,1.9435266139484368,0.2030427345939137,0.0799933603252728,0.0007304761904761906,0.0,0.0,0.0007304761904761906,0.0,0.0,0.0,1.0,0.0,0.4518571619047619,1898.6929587447382,0.3504756310957839,0.012645687299684922,0.01875633381928736,0.17040645470430293,0.0002104431883019942,0.37260468985191136,0.06255906056087182,0.012332409465924475,9.290013931240182e-06,0.004251238125490775
305,6332,1.9012144841383425,0.1572903975279505,0.0769668348033955,0.000731018981018981,0.0,0.0,0.000731018981018981,0.0,0.0,0.0,1.0,0.0,0.451917987012987,1898.6962353479767,0.3504756310957839,0.012645687299684922,0.01875633381928736,0.17040650969787235,0.00021044792270758465,0.3726046899288411,0.0625590055673024,0.012332404731518885,9.289937001499826e-06,0.004251178243656284
306,5170,1.3642731539832096,0.0860967363626063,0.1857351717795671,0.0007310889110889112,0.0,0.0,0.0007310889110889112,0.0,0.0,0.0,1.0,0.0,0.4519258233766234,1898.6966574861221,0.3504756310957839,0.012645687299684922,0.01875633381928736,0.17040651678262725,0.00021044853266638828,0.37260468993875645,0.0625589984825475,0.012332404121560081,9.289927086153504e-06,0.004251170529111836
307,6435,1.8330171462356584,0.415796343666324,0.1821981245622237,0.0007313320013320014,0.0,0.0,0.0007313320013320014,0.0,0.0,0.0,1.0,0.0,0.45195306406926405,1898.6981249170854,0.3504756310957839,0.012645687299684922,0.01875633381928736,0.1704065414115277,0.00021045065301445842,0.37260468997320956,0.06255897385364706,0.012332402001212012,9.28989263304647e-06,0.004251143710957139
308,6161,1.7520822758665433,0.1002027253270617,0.1175011300444236,0.0007313952713952714,0.0,0.0,0.0007313952713952714,0.0,0.0,0.0,1.0,0.0,0.4519601541125541,1898.6985068507543,0.3504756310957839,0.012645687299684922,0.01875633381928736,0.17040654782151823,0.000210451204887404,0.37260468998217544,0.06255896744365652,0.012332401449339066,9.28988366716288e-06,0.004251136731161953
309,6620,2.9942652266949503,0.4240040581038365,0.4596530452683007,0.0007316683316683317,0.0,0.0,0.0,0.0007316683316683317,0.0,0.0,0.0,1.0,0.45199075324675325,1898.7001551940868,0.33808126467938193,0.013407793819400984,0.019576751193023625,0.2807687458143216,0.0043511254662526215,0.3280816444703048,0.004529114918654875,0.011203517372111005,4.226654848338285e-08,0.01573271682386279
310,6910,1.3884750988914147,0.6275169616389915,0.1867760343506669,0.0007321178821178821,0.0,0.0,0.0007321178821178821,0.0,0.0,0.0,1.0,0.0,0.4520411298701299,1898.7028689230694,0.3504756310957839,0.012645687299684922,0.01875633381928736,0.17040662103101425,0.00021045750794109968,0.3726046900845973,0.0625588942341605,0.01233239514628537,9.2897812453141e-06,0.004251057013768489
311,2353,0.9023825801334489,0.1814781368231269,0.145222538461436,0.0007321212121212122,0.0007321212121212122,0.0,0.0,0.0,1.0,0.0,0.0,0.0,0.45204150303030305,1898.7028890247332,0.38190021850282097,0.022718381307491074,0.03317116181496154,0.0035395701588969188,1.2224440359520715e-06,0.18264186667843813,0.31873594969601965,0.017570732305306515,0.03972089709202922,0.0004733605081579384
312,5399,1.4463047544853271,0.0209190945382618,0.1384446849169187,0.0007323210123210123,0.0,0.0,0.0007323210123210123,0.0,0.0,0.0,1.0,0.0,0.45206389264069263,1898.7040951236827,0.3504756310957839,0.012645687299684922,0.01875633381928736,0.1704066416102435,0.0002104592797921951,0.3726046901133879,0.06255887365493126,0.012332393374434276,9.289752454677558e-06,0.004251034605106785
313,5172,1.6033263045506811,0.0371491973517782,0.0875877029667666,0.0007323409923409924,0.0,0.0,0.0007323409923409924,0.0,0.0,0.0,1.0,0.0,0.4520661316017316,1898.704215733483,0.3504756310957839,0.012645687299684922,0.01875633381928736,0.17040664363453664,0.00021045945407374724,0.3726046901162193,0.06255887163063811,0.012332393200152723,9.28974962333129e-06,0.004251032400869548
314,3807,1.507329298279767,0.1021034742802809,0.1090782167761577,0.0007335131535131536,0.0,0.0007335131535131536,0.0,0.0,0.0,1.0,0.0,0.0,0.452197483982684,1898.711291478368,0.30544261328835104,0.010192697537748036,0.014472362178626647,0.006840858473296325,2.501127977635501e-06,0.3598252230814045,0.267605138290499,0.015616221643438725,0.02000238437865809,0.0006523964875747579
315,3400,1.5089851374892271,0.1240456888596275,0.1499464777341102,0.000733986013986014,0.0,0.000733986013986014,0.0,0.0,0.0,1.0,0.0,0.0,0.4522504727272727,1898.714145881439,0.30544261328835104,0.010192697537748036,0.014472362178626647,0.006840839296435965,2.5011680163787935e-06,0.35982523708283437,0.26760515746735936,0.015616221603399982,0.02000237037722824,0.000652387621536632
316,5034,2.7787381550488384,0.1801225816301924,0.0815341581622198,0.0007342390942390942,0.0,0.0,0.0,0.0007342390942390942,0.0,0.0,0.0,1.0,0.4522788329004329,1898.715673586171,0.33808126467938193,0.013407793819400984,0.019576751193023625,0.2807694323292339,0.004351930034064758,0.3280816444807374,0.004528428403742568,0.011202712804298869,4.22561158841539e-08,0.01573122572027319
317,6791,3.126545445237323,0.1921698010446912,0.1864442625967468,0.0007343689643689645,0.0,0.0,0.0,0.0007343689643689645,0.0,0.0,0.0,1.0,0.45229338614718617,1898.7164575388447,0.33808126467938193,0.013407793819400984,0.019576751193023625,0.2807694670096285,0.004351970682720894,0.32808164448126803,0.0045283937233479565,0.011202672155642733,4.225558525305928e-08,0.015731150390161264
318,6956,3.476051805416161,0.1107909096621292,0.4102104566480169,0.0007347619047619047,0.0,0.0,0.0,0.0007347619047619047,0.0,0.0,0.0,1.0,0.45233741904761904,1898.718829493795,0.33808126467938193,0.013407793819400984,0.019576751193023625,0.2807695719395928,0.004352093673060902,0.3280816444828685,0.0045282887933836835,0.011202549165302726,4.225398481105813e-08,0.015730922466656083
319,5473,3.118750260833584,0.425376552472804,0.4961773432127818,0.0007348651348651348,0.0,0.0,0.0,0.0007348651348651348,0.0,0.0,0.0,1.0,0.452348987012987,1898.7194526334004,0.33808126467938193,0.013407793819400984,0.019576751193023625,0.2807695995057537,0.004352125984555794,0.32808164448328586,0.004528261227222774,0.011202516853807833,4.2253567422712024e-08,0.015730862588165473
320,5792,3.1157564139915173,0.1510604820369658,0.310432487551314,0.0007351881451881453,0.0,0.0,0.0,0.0007351881451881453,0.0,0.0,0.0,1.0,0.4523851835497835,1898.721402454363,0.33808126467938193,0.013407793819400984,0.019576751193023625,0.2807696857610208,0.004352227089790801,0.32808164448459654,0.0045281749719556785,0.011202415748572826,4.22522567489203e-08,0.015730675225042012
321,5309,1.1844392638298569,0.1453966971791205,0.0573675303993185,0.0007355611055611056,0.0,0.0,0.0007355611055611056,0.0,0.0,0.0,1.0,0.0,0.4524269774891775,1898.7236537884446,0.3504756310957839,0.012645687299684922,0.01875633381928736,0.17040696984488146,0.0002104875437615572,0.3726046905726173,0.0625585454202933,0.012332365110464913,9.28929322530081e-06,0.004250677188040841
322,5257,3.1560331522762364,0.1204692431766,0.2072820679539639,0.0007355810855810855,0.0,0.0,0.0,0.0007355810855810855,0.0,0.0,0.0,1.0,0.45242921645021644,1898.7237743954586,0.33808126467938193,0.013407793819400984,0.019576751193023625,0.2807697906893246,0.004352350086553774,0.32808164448619326,0.004528070043651855,0.011202292751809853,4.225066002616629e-08,0.015730447296781747
323,6124,1.8407538215908208,0.174563225631605,0.062665279590003,0.0007360173160173161,0.0,0.0,0.0007360173160173161,0.0,0.0,0.0,1.0,0.0,0.45247810043290043,1898.7264076443146,0.3504756310957839,0.012645687299684922,0.01875633381928736,0.17040701605783512,0.00021049152360108983,0.3726046906372752,0.06255849920733964,0.01233236113062538,9.289228567410657e-06,0.004250626865931806
324,5949,1.6266704939275412,0.0084661154441329,0.0727272918738363,0.0007361804861804862,0.0,0.0,0.0007361804861804862,0.0,0.0,0.0,1.0,0.0,0.45249638528138525,1898.7273925978886,0.3504756310957839,0.012645687299684922,0.01875633381928736,0.17040703258630835,0.00021049294706060152,0.3726046906604009,0.0625584826788664,0.012332359707165869,9.289205441687098e-06,0.004250608867747641
325,6454,1.83443735253048,0.0511912988585169,0.0713699795634069,0.0007366133866133866,0.0,0.0,0.0007366133866133866,0.0,0.0,0.0,1.0,0.0,0.4525448961038961,1898.7300057344705,0.3504756310957839,0.012645687299684922,0.01875633381928736,0.17040707643677291,0.00021049672361988476,0.3726046907217575,0.06255843882840184,0.012332355930606585,9.28914408510062e-06,0.004250561118010698
326,2102,1.2030842187413215,0.1402755134675508,0.1244063262190479,0.0007371195471195471,0.0,0.0007371195471195471,0.0,0.0,0.0,1.0,0.0,0.0,0.45260161645021646,1898.7330610839376,0.30544261328835104,0.010192697537748036,0.014472362178626647,0.006840712212594527,2.5014333531008575e-06,0.3598253298655829,0.2676052845512008,0.015616221338063261,0.0200022775944797,0.0006523288745442501
327,6382,1.8119392665472716,0.2030550459881101,0.0854427646919133,0.0007371495171495172,0.0,0.0,0.0007371495171495172,0.0,0.0,0.0,1.0,0.0,0.45260497489177487,1898.7332419924417,0.3504756310957839,0.012645687299684922,0.01875633381928736,0.17040713074283118,0.00021050140081242563,0.3726046907977412,0.06255838452234358,0.012332351253414045,9.289068101381304e-06,0.00425050198279231
328,6747,1.425875403623581,0.0402216281909449,0.1377779619492258,0.0007371828171828173,0.0,0.0,0.0007371828171828173,0.0,0.0,0.0,1.0,0.0,0.4526087064935065,1898.7334430018454,0.3504756310957839,0.012645687299684922,0.01875633381928736,0.17040713411611075,0.00021050169132502775,0.3726046908024627,0.06255838114906401,0.012332350962901441,9.289063379880336e-06,0.004250498309557149
329,2760,1.612079428070237,0.035883722224336,0.0684344405678518,0.0007372094572094572,0.0,0.0007372094572094572,0.0,0.0,0.0,1.0,0.0,0.0,0.4526116917748918,1898.733603809334,0.30544261328835104,0.010192697537748036,0.014472362178626647,0.006840708566492591,2.501440966765442e-06,0.3598253325295116,0.2676052881973027,0.015616221330449596,0.02000227493055101,0.0006523271851751611
330,6153,2.7418695204495593,0.1412718411183168,0.168683182292503,0.0007372893772893773,0.0,0.0,0.0,0.0007372893772893773,0.0,0.0,0.0,1.0,0.45262064761904763,1898.7340862316169,0.33808126467938193,0.013407793819400984,0.019576751193023625,0.2807702468492039,0.004352884844023252,0.3280816444931289,0.0045276138837725965,0.011201757994340375,4.22437244074203e-08,0.015729456365561778
331,5927,3.482191679116417,0.0281411633414781,0.1359385715215576,0.0007378821178821178,0.0,0.0,0.0,0.0007378821178821178,0.0,0.0,0.0,1.0,0.45268707012987014,1898.7376641882995,0.33808126467938193,0.013407793819400984,0.019576751193023625,0.2807704051232997,0.004353070406948812,0.3280816444955386,0.004527455609676767,0.011201572431414815,4.2241314668345353e-08,0.015729112523721
332,5259,1.7391580386842072,0.0123971707353491,0.1167696481594962,0.0007379487179487179,0.0,0.0,0.0007379487179487179,0.0,0.0,0.0,1.0,0.0,0.4526945333333333,1898.7380662049593,0.3504756310957839,0.012645687299684922,0.01875633381928736,0.17040721169448925,0.00021050837317004438,0.37260469091101356,0.06255830357068551,0.012332344281056425,9.288954829045348e-06,0.004250413832232014
333,6194,2.6827970803199386,0.3640054357678592,0.2254917287492637,0.0007383050283050284,0.0,0.0,0.0,0.0007383050283050284,0.0,0.0,0.0,1.0,0.45273446147186147,1898.7402169908462,0.33808126467938193,0.013407793819400984,0.019576751193023625,0.2807705180479756,0.004353202807172925,0.32808164449725136,0.004527342685000879,0.011201440031190703,4.2239601927285264e-08,0.015728867195395457
334,5109,2.574985124895555,0.2497234132489385,0.3168048851880909,0.0007385714285714286,0.0,0.0,0.0007385714285714286,0.0,0.0,0.0,1.0,0.0,0.4527643142857143,1898.7418250514907,0.3504756310957839,0.012645687299684922,0.01875633381928736,0.17040727476760287,0.00021051380591685315,0.3726046909992712,0.06255824049757189,0.012332338848309617,9.288866571421917e-06,0.004250345149856338
335,5525,1.8123126019233988,0.1280086533312837,0.0295647886739264,0.0007397635697635698,0.0,0.0,0.0007397635697635698,0.0,0.0,0.0,1.0,0.0,0.4528979056277056,1898.7490210854544,0.3504756310957839,0.012645687299684922,0.01875633381928736,0.1704073955124606,0.00021052420686282642,0.3726046911682337,0.06255811975271416,0.012332328447363644,9.288697608911267e-06,0.004250213666127545
336,6756,3.2180373214674125,0.0952804146668117,0.2651748345253794,0.0007407525807525808,0.0,0.0,0.0,0.0007407525807525808,0.0,0.0,0.0,1.0,0.45300873419913423,1898.754990933129,0.33808126467938193,0.013407793819400984,0.019576751193023625,0.2807711715673911,0.004353969128495127,0.3280816445071939,0.004526689165585351,0.0112006737098685,4.2229659380499385e-08,0.015727447334772493
337,5923,3.005196143893628,0.0425761356204057,0.1657964651867156,0.0007408558108558109,0.0,0.0,0.0,0.0007408558108558109,0.0,0.0,0.0,1.0,0.4530203021645022,1898.755614046116,0.33808126467938193,0.013407793819400984,0.019576751193023625,0.28077119913023063,0.0043540014522388485,0.3280816445076108,0.004526661602745841,0.011200641386124779,4.222924249175364e-08,0.01572738744735558
338,5514,2.010854577031111,0.0877702638807959,0.0976657297631117,0.0007428538128538128,0.0,0.0,0.0007428538128538128,0.0,0.0,0.0,1.0,0.0,0.45324419826839824,1898.7676742071349,0.3504756310957839,0.012645687299684922,0.01875633381928736,0.17040770848055412,0.0002105511697472825,0.37260469160620535,0.06255780678462064,0.012332301484479188,9.288259637252327e-06,0.004249872859206305
339,6676,1.8889900065586984,0.0272866714048967,0.1939607759505206,0.0007430802530802531,0.0,0.0,0.0007430802530802531,0.0,0.0,0.0,1.0,0.0,0.45326957316017313,1898.7690410145437,0.3504756310957839,0.012645687299684922,0.01875633381928736,0.17040773141223775,0.00021055314557673227,0.37260469163829757,0.062557783852937,0.012332299508649738,9.288227545034555e-06,0.0042498478875088175
340,6944,1.4516386202513683,0.2878935184855095,0.064328077496412,0.0007447885447885448,0.0,0.0,0.0007447885447885448,0.0,0.0,0.0,1.0,0.0,0.4534610043290043,1898.7793522993106,0.3504756310957839,0.012645687299684922,0.01875633381928736,0.17040790440468834,0.0002105680519056331,0.3726046918804087,0.06255761086048642,0.012332284602320836,9.287985433925616e-06,0.004249659504507064
341,5063,3.488937446984172,0.066277151393585,0.4558547964697642,0.0007450149850149851,0.0,0.0,0.0,0.0007450149850149851,0.0,0.0,0.0,1.0,0.4534863792207792,1898.7807190878634,0.33808126467938193,0.013407793819400984,0.019576751193023625,0.28077230958704275,0.004355303953960157,0.32808164452449456,0.004525551145933726,0.01119933888440347,4.22123587195955e-08,0.015724974455054608
342,5320,1.271625717684604,0.1415708563424503,0.1333455156151387,0.0007453912753912754,0.0,0.0,0.0,0.0007453912753912754,0.0,0.0,0.0,1.0,0.45352854632034634,1898.78299036396,0.33808126467938193,0.013407793819400984,0.019576751193023625,0.2807724100478602,0.0043554218111048135,0.328081644526021,0.0045254506851162835,0.011199221027258814,4.221083227395894e-08,0.015724756134039564
343,6989,1.587663245325448,0.0621309850913967,0.1312841404135793,0.0007458707958707958,0.0,0.0,0.0007458707958707958,0.0,0.0,0.0,1.0,0.0,0.4535822813852814,1898.7858847246675,0.3504756310957839,0.012645687299684922,0.01875633381928736,0.17040801399477934,0.000210577495890986,0.3726046920337907,0.06255750127039542,0.012332275158335484,9.287832051896316e-06,0.004249540163666632
344,5880,1.767235171868527,0.2458556949767888,0.089568632601909,0.0007469030969030969,0.0,0.0,0.0007469030969030969,0.0,0.0,0.0,1.0,0.0,0.45369796103896104,1898.7921156064936,0.3504756310957839,0.012645687299684922,0.01875633381928736,0.17040811852251003,0.00021058650429091238,0.372604692180093,0.06255739674266472,0.012332266149935558,9.287685749592711e-06,0.0042494263349314165
345,6914,1.8587441406674032,0.161749495410038,0.1663593423411318,0.0007481551781551781,0.0,0.0,0.0007481551781551781,0.0,0.0,0.0,1.0,0.0,0.4538382692640692,1898.7996730016082,0.3504756310957839,0.012645687299684922,0.01875633381928736,0.17040824529902374,0.00021059743099022157,0.3726046923575421,0.06255726996615102,0.01233225522323625,9.28750830048175e-06,0.004249288276820251
346,5955,1.551978327163435,0.2166288427035315,0.0236206306382699,0.0007484015984015984,0.0,0.0,0.0007484015984015984,0.0,0.0,0.0,1.0,0.0,0.45386588311688314,1898.8011603533384,0.3504756310957839,0.012645687299684922,0.01875633381928736,0.1704082702490339,0.00021059958150706416,0.372604692392465,0.06255724501614085,0.012332253072719407,9.287473377583844e-06,0.004249261106447411
347,6327,3.026810089132076,0.171572960501835,0.1307076607169013,0.0007493872793872794,0.0,0.0,0.0,0.0007493872793872794,0.0,0.0,0.0,1.0,0.4539763385281385,1898.8071097341242,0.33808126467938193,0.013407793819400984,0.019576751193023625,0.2807734768381571,0.004356673562146289,0.32808164454223815,0.0045243838948193504,0.01119796927621734,4.219461513521594e-08,0.015722437560266922
348,6328,1.9889606479646444,0.5342381055553908,0.0769815155919888,0.0007496736596736596,0.0,0.0,0.0007496736596736596,0.0,0.0,0.0,1.0,0.0,0.4540084303030303,1898.8088382625942,0.3504756310957839,0.012645687299684922,0.01875633381928736,0.17040839904116212,0.00021061068308102668,0.37260469257274664,0.06255711622401264,0.012332241971145443,9.28729309596088e-06,0.004249120852181987
349,5131,3.5374579447245074,0.0895659137757491,0.2844833720563794,0.0007502364302364303,0.0,0.0,0.0,0.0007502364302364303,0.0,0.0,0.0,1.0,0.4540714943722944,1898.8122350117453,0.33808126467938193,0.013407793819400984,0.019576751193023625,0.28077370351916336,0.004356939599381348,0.3280816445456765,0.004524157213813107,0.011197703238982278,4.2191176774508676e-08,0.015721944835148882
350,6379,1.6524507846149143,0.153853817403917,0.0979868809176622,0.0007504928404928404,0.0,0.0,0.0007504928404928404,0.0,0.0,0.0,1.0,0.0,0.4541002277056277,1898.8137826384952,0.3504756310957839,0.012645687299684922,0.01875633381928736,0.1704084819775171,0.000210617832491955,0.37260469268883945,0.06255703328765766,0.012332234821734515,9.287177003158842e-06,0.004249030534230425
351,5885,3.465213386488217,0.0729965976709356,0.2252989632434617,0.0007523409923409924,0.0,0.0,0.0,0.0007523409923409924,0.0,0.0,0.0,1.0,0.4543073316017316,1898.8249375268217,0.33808126467938193,0.013407793819400984,0.019576751193023625,0.2807742653151165,0.0043575990155294885,0.3280816445542178,0.00452359541785996,0.011197043822834138,4.218263549571333e-08,0.015720723605965103
352,5323,2.793287486876769,0.1697044850975605,0.1029274754434797,0.0007525641025641026,0.0,0.0,0.0,0.0007525641025641026,0.0,0.0,0.0,1.0,0.45433233333333334,1898.8262841430355,0.33808126467938193,0.013407793819400984,0.019576751193023625,0.28077432487108334,0.004357668927048756,0.32808164455512295,0.004523535861893135,0.011196973911314871,4.218173033088135e-08,0.015720594136668598
353,5020,1.8364556988828524,0.2628125566125247,0.1548109935700908,0.0007528071928071928,0.0,0.0,0.0007528071928071928,0.0,0.0,0.0,1.0,0.0,0.45435957402597404,1898.8277513493072,0.3504756310957839,0.012645687299684922,0.01875633381928736,0.17040871627589294,0.00021063803200080435,0.3726046930168315,0.06255679898928182,0.012332214622225666,9.2868490110809e-06,0.0042487753803616135
354,5195,2.7974707730005237,0.0510435514289044,0.1267258898668283,0.000752937062937063,0.0,0.0,0.0,0.000752937062937063,0.0,0.0,0.0,1.0,0.4543741272727273,1898.8285351981908,0.33808126467938193,0.013407793819400984,0.019576751193023625,0.28077442442684525,0.00435778579635051,0.32808164455663535,0.004523436306131223,0.011196857042013116,4.2180217929566055e-08,0.015720377708580258
355,3776,1.4529449295167802,0.0774074619586424,0.1544467420241552,0.0007543989343989345,0.0007543989343989345,0.0,0.0,0.0,1.0,0.0,0.0,0.0,0.4545379445887446,1898.837358472729,0.38190021850282097,0.022718381307491074,0.03317116181496154,0.0035390572844537773,1.2233527865515252e-06,0.18264227665917293,0.31873646257046284,0.017570731396555916,0.03972048711129442,0.0004730525123808893
356,6204,1.704683873604328,0.1092429897982929,0.0541055855765657,0.0007551415251415252,0.0,0.0,0.0007551415251415252,0.0,0.0,0.0,1.0,0.0,0.4546211593073593,1898.8418404197841,0.3504756310957839,0.012645687299684922,0.01875633381928736,0.17040895257659416,0.00021065840734552893,0.3726046933476499,0.06255656268858059,0.01233219424688094,9.286518192708204e-06,0.004248518042678895
357,5779,1.5360227122262375,0.1417158296537938,0.0244254704236152,0.0007561272061272061,0.0,0.0,0.0007561272061272061,0.0,0.0,0.0,1.0,0.0,0.45473161471861473,1898.847789514642,0.3504756310957839,0.012645687299684922,0.01875633381928736,0.17040905234924292,0.00021066701135209797,0.3726046934873386,0.06255646291593184,0.012332185642874373,9.286378504003157e-06,0.004248409386646279
358,6395,1.5149203872327899,0.1820580321016717,0.0165121329966944,0.0007562071262071262,0.0,0.0,0.0007562071262071262,0.0,0.0,0.0,1.0,0.0,0.45474057056277056,1898.848271871852,0.3504756310957839,0.012645687299684922,0.01875633381928736,0.17040906043882184,0.0002106677089859381,0.3726046934986646,0.06255645482635291,0.012332184945240531,9.28636717800746e-06,0.0042484005767814415
359,1298,1.4333140851086732,0.1512685738809034,0.0737947172332815,0.000756906426906427,0.000756906426906427,0.0,0.0,0.0,1.0,0.0,0.0,0.0,0.4548189341991342,1898.8524924857124,0.38190021850282097,0.022718381307491074,0.03317116181496154,0.0035389995490488473,1.22345509660641e-06,0.18264232280197568,0.31873652030586774,0.01757073129424586,0.03972044096849167,0.0004730178598702506
360,5707,1.4482816212328296,0.3246516342167922,0.0224222537176018,0.0007572161172161172,0.0,0.0,0.0,0.0007572161172161172,0.0,0.0,0.0,1.0,0.4548536380952381,1898.8543616079837,0.33808126467938193,0.013407793819400984,0.019576751193023625,0.28077556659214875,0.004359126856043006,0.32808164457399247,0.004522294140827721,0.01119551598232062,4.216286081382137e-08,0.01571789444886995
361,5100,1.0283926035649535,0.1621453013807117,0.1036130839697835,0.0007573359973359975,0.0,0.0,0.0007573359973359975,0.0,0.0,0.0,1.0,0.0,0.4548670718614719,1898.8550851380771,0.3504756310957839,0.012645687299684922,0.01875633381928736,0.17040917470073413,0.00021067756324274665,0.3726046936586445,0.06255634056444062,0.012332175090983723,9.286207198089258e-06,0.004248276140652485
362,6371,2.803527606108231,0.1859609970809751,0.2181937935721139,0.0007582683982683984,0.0,0.0,0.0,0.0007582683982683984,0.0,0.0,0.0,1.0,0.4549715567099567,1898.860712573247,0.33808126467938193,0.013407793819400984,0.019576751193023625,0.2807758474509339,0.0043594566967907105,0.3280816445782586,0.004522013282042547,0.011195186141572916,4.215859467082694e-08,0.01571728374080472
363,6888,1.7460902612537823,0.0478551286196617,0.1546466415058486,0.0007593339993339993,0.0,0.0,0.0007593339993339993,0.0,0.0,0.0,1.0,0.0,0.45509096796536797,1898.8671438819108,0.3504756310957839,0.012645687299684922,0.01875633381928736,0.17040937692230768,0.00021069500524032586,0.37260469394179524,0.06255613834286708,0.012332157648986144,9.285924047364169e-06,0.004248055910779924
364,6960,2.9923894601025913,0.218159327168652,0.0761723726889211,0.0007593906093906093,0.0,0.0,0.0,0.0007593906093906093,0.0,0.0,0.0,1.0,0.4550973116883117,1898.8674855438164,0.33808126467938193,0.013407793819400984,0.019576751193023625,0.2807761469674776,0.004359808481269886,0.3280816445828064,0.004521713765498869,0.01119483435709374,4.215404686425117e-08,0.015716632430686328
365,5679,1.2482081670248948,0.1292536719708943,0.1404304844031555,0.0007594305694305695,0.0,0.0,0.0007594305694305695,0.0,0.0,0.0,1.0,0.0,0.4551017896103896,1898.8677267168434,0.3504756310957839,0.012645687299684922,0.01875633381928736,0.17040938669554312,0.00021069584829533624,0.3726046939554766,0.06255612856963164,0.012332156805931133,9.285910366030325e-06,0.004248045267126854
366,5381,1.406733802243184,0.1534624433184255,0.0601308879003871,0.0007597469197469198,0.0,0.0,0.0007597469197469198,0.0,0.0,0.0,1.0,0.0,0.45513723982683985,1898.8696360008803,0.3504756310957839,0.012645687299684922,0.01875633381928736,0.17040941871267976,0.00021069861005203487,0.3726046940003099,0.062556096552495,0.012332154044174435,9.28586553272659e-06,0.004248010398566815
367,5478,1.9592851536201552,0.1552976734262437,0.0478151197634367,0.0007600199800199801,0.0,0.0,0.0007600199800199801,0.0,0.0,0.0,1.0,0.0,0.45516783896103896,1898.8712840110068,0.3504756310957839,0.012645687299684922,0.01875633381928736,0.17040944634818714,0.00021070099390550927,0.3726046940390085,0.06255606891698762,0.01233215166032096,9.28582683412671e-06,0.00424798030180884
368,5996,1.8266622332247264,0.1192983913386422,0.0266758536956976,0.0007607858807858808,0.0,0.0,0.0007607858807858808,0.0,0.0,0.0,1.0,0.0,0.4552536658008658,1898.8759064613112,0.3504756310957839,0.012645687299684922,0.01875633381928736,0.17040952386039104,0.0002107076804278584,0.3726046941475452,0.06255599140478371,0.012332144973798611,9.285718297391554e-06,0.0042478958860091565
369,6393,1.4350195290785557,0.5619494435289935,0.1327889552987362,0.0007627139527139527,0.0,0.0,0.0007627139527139527,0.0,0.0,0.0,1.0,0.0,0.4554697255411255,1898.887542865739,0.3504756310957839,0.012645687299684922,0.01875633381928736,0.17040971897903875,0.00021072451371537598,0.3726046944207764,0.062555796286136,0.012332128140511094,9.285445066231635e-06,0.0042476833876115005
370,6866,2.807765762496791,0.2998474246368028,0.1913262888380625,0.0007628504828504828,0.0,0.0,0.0007628504828504828,0.0,0.0,0.0,1.0,0.0,0.4554850251082251,1898.8883668537692,0.3504756310957839,0.012645687299684922,0.01875633381928736,0.1704097327954364,0.00021072570574860876,0.3726046944401269,0.06255578246973836,0.012332126948477861,9.28542571571045e-06,0.004247668340479627
371,5999,1.7102270368732346,0.0717094368048347,0.1356395859374536,0.0007633100233100234,0.0,0.0,0.0007633100233100234,0.0,0.0,0.0,1.0,0.0,0.45553652121212124,1898.8911402710012,0.3504756310957839,0.012645687299684922,0.01875633381928736,0.1704097792977685,0.00021072971798957884,0.3726046945052528,0.06255573596740627,0.012332122936236891,9.28536058980578e-06,0.004247617695654737
372,6709,1.4681535941367772,0.0287993481819157,0.1198234273971921,0.0007633200133200133,0.0,0.0,0.0007633200133200133,0.0,0.0,0.0,1.0,0.0,0.4555376406926407,1898.8912005625791,0.3504756310957839,0.012645687299684922,0.01875633381928736,0.17040978030883025,0.00021072980521351676,0.372604694506667,0.0625557349563445,0.012332122849012953,9.285359175603691e-06,0.0042476165945406485
373,5625,3.0312766395700033,0.2418239722951092,0.0923336672666068,0.0007642357642357642,0.0,0.0,0.0,0.0007642357642357642,0.0,0.0,0.0,1.0,0.45564025974025973,1898.896727272321,0.33808126467938193,0.013407793819400984,0.019576751193023625,0.28077744004952393,0.004361327596270681,0.32808164460244943,0.004520420683452542,0.011193315242092945,4.213440385480993e-08,0.01571382019435319
374,5249,1.9943137764489711,0.1904885348444374,0.1639324097611419,0.0007651648351648352,0.0,0.0,0.0007651648351648352,0.0,0.0,0.0,1.0,0.0,0.45574437142857144,1898.902334333686,0.3504756310957839,0.012645687299684922,0.01875633381928736,0.1704099669853292,0.0002107459129053382,0.37260469476810154,0.06255554827984555,0.012332106741321132,9.285097741063009e-06,0.004247413287480795
375,5983,1.8140316017167084,0.23244827699022,0.0767259418111125,0.0007651948051948052,0.0,0.0,0.0007651948051948052,0.0,0.0,0.0,1.0,0.0,0.4557477298701299,1898.9025152060149,0.3504756310957839,0.012645687299684922,0.01875633381928736,0.1704099700179721,0.00021074617459060263,0.3726046947723461,0.06255554524720267,0.012332106479635868,9.285093496513852e-06,0.004247409984663553
376,6744,1.564420557190158,0.2229038575399607,0.0712111235370265,0.0007653513153513154,0.0,0.0,0.0007653513153513154,0.0,0.0,0.0,1.0,0.0,0.4557652683982684,1898.9034597608813,0.3504756310957839,0.012645687299684922,0.01875633381928736,0.1704099858545948,0.00021074754117103938,0.37260469479452485,0.06255552941057996,0.01233210511305543,9.285071317755023e-06,0.004247392737102951
377,5655,1.425883294711079,0.0257972452028181,0.1178405919086526,0.0007655377955377955,0.0,0.0,0.0007655377955377955,0.0,0.0,0.0,1.0,0.0,0.45578616536796535,1898.90458518658,0.3504756310957839,0.012645687299684922,0.01875633381928736,0.17041000472358925,0.00021074916944541038,0.3726046948209508,0.06255551054158551,0.01233210348478106,9.285044891782501e-06,0.0042473721869821235
378,5219,1.5760247111186463,0.1183939229100033,0.1247726921276188,0.0007659507159507161,0.0,0.0,0.0007659507159507161,0.0,0.0,0.0,1.0,0.0,0.4558324372294372,1898.9070771953016,0.3504756310957839,0.012645687299684922,0.01875633381928736,0.17041004650446898,0.0002107527749432051,0.37260469487946335,0.06255546876070578,0.012332099879283265,9.284986379254345e-06,0.004247326683579522
379,6295,3.237942373229162,0.0795765099563756,0.2315995348528107,0.0007661038961038961,0.0,0.0,0.0,0.0007661038961038961,0.0,0.0,0.0,1.0,0.4558496025974026,1898.9080016482837,0.33808126467938193,0.013407793819400984,0.019576751193023625,0.2807779385832669,0.004361913439555446,0.32808164461001765,0.004519922149709588,0.011192729398808181,4.2126835630984516e-08,0.015712735802189015
380,5990,3.1183890791603766,0.112100730522525,0.1272911995157112,0.0007662937062937064,0.0,0.0,0.0,0.0007662937062937064,0.0,0.0,0.0,1.0,0.4558708727272727,1898.9091471647089,0.33808126467938193,0.013407793819400984,0.019576751193023625,0.28077798923514913,0.004361972967449709,0.3280816446107865,0.0045198714978273435,0.011192669870913918,4.212606680153996e-08,0.015712625620874943
381,6409,3.8179258425084392,0.1846139379366515,0.3159217681030522,0.0007669730269730269,0.0,0.0,0.0,0.0007669730269730269,0.0,0.0,0.0,1.0,0.45594699740259736,1898.913246894998,0.33808126467938193,0.013407793819400984,0.019576751193023625,0.2807781705145908,0.004362186020931543,0.32808164461353995,0.0045196902183856635,0.011192456817432084,4.212331333741659e-08,0.015712231282444478
382,6968,1.8279394401415383,0.1084910860885162,0.1806477091223384,0.0007671361971361972,0.0,0.0,0.0007671361971361972,0.0,0.0,0.0,1.0,0.0,0.45596528225108224,1898.9142316311782,0.3504756310957839,0.012645687299684922,0.01875633381928736,0.17041016645251889,0.00021076312646484417,0.3726046950474621,0.06255534881265587,0.012332089527761625,9.284818380528304e-06,0.004247196048010493
383,6268,1.882563839974614,0.1515727141306925,0.1900836595071904,0.0007671761571761571,0.0,0.0,0.0007671761571761571,0.0,0.0,0.0,1.0,0.0,0.45596976017316015,1898.9144727908842,0.3504756310957839,0.012645687299684922,0.01875633381928736,0.1704101704956811,0.00021076347539937082,0.37260469505312366,0.06255534476949365,0.0123320891788271,9.28481271894599e-06,0.004247191644590642
384,5113,2.75209584274986,0.0772434842833576,0.2014545206322859,0.0007676390276390277,0.0,0.0,0.0007676390276390277,0.0,0.0,0.0,1.0,0.0,0.45602162943722946,1898.9172662191388,0.3504756310957839,0.012645687299684922,0.01875633381928736,0.17041021732780157,0.0002107675172521045,0.37260469511871624,0.06255529793737319,0.012332085136974365,9.284747126359072e-06,0.004247140639432212
385,6069,1.521426584846017,0.2408202623246733,0.0212069067261751,0.0007680452880452881,0.0,0.0,0.0007680452880452881,0.0,0.0,0.0,1.0,0.0,0.456067154978355,1898.919717997491,0.3504756310957839,0.012645687299684922,0.01875633381928736,0.17041025843147609,0.00021077106482425955,0.3726046951762858,0.06255525683369867,0.012332081589402211,9.284689556798842e-06,0.0042470958730465025
386,5623,1.1010765684190569,0.1627622779813282,0.076077823060538,0.0007686979686979688,0.0,0.0,0.0007686979686979688,0.0,0.0,0.0,1.0,0.0,0.45614029437229436,1898.923656905217,0.3504756310957839,0.012645687299684922,0.01875633381928736,0.1704103244656339,0.00021077676429516,0.3726046952687758,0.06255519079954086,0.01233207588993131,9.284597066783196e-06,0.0042470239544377675
387,6496,1.5289820550331417,0.2191019498229799,0.0835062981378592,0.0007692041292041292,0.0,0.0,0.0007692041292041292,0.0,0.0,0.0,1.0,0.0,0.45619701471861474,1898.9267115557298,0.3504756310957839,0.012645687299684922,0.01875633381928736,0.17041037567477302,0.0002107811843718411,0.3726046953405023,0.06255513959040174,0.01233207146985463,9.28452534032509e-06,0.004246968181769062
388,6528,1.6422037998712384,0.0473874863709115,0.1040109121538667,0.0007702730602730602,0.0,0.0,0.0007702730602730602,0.0,0.0,0.0,1.0,0.0,0.45631679913419915,1898.93316245907,0.3504756310957839,0.012645687299684922,0.01875633381928736,0.17041048381742932,0.00021079051910209888,0.3726046954919796,0.06255503144774544,0.012332062135124371,9.28437386299441e-06,0.004246850401427804
389,4502,1.5537183791269524,0.1000404619503696,0.0663100323837112,0.0007705361305361305,0.0007705361305361305,0.0,0.0,0.0,1.0,0.0,0.0,0.0,0.45634627878787876,1898.9347500570245,0.38190021850282097,0.022718381307491074,0.03317116181496154,0.0035386856945733612,1.2240112998354412e-06,0.18264257361684347,0.3187368341603432,0.01757073073804263,0.03972019015362388,0.00047282952840693726
390,5540,1.8601911448267177,0.1197413056783667,0.0580954575442937,0.000770999000999001,0.0,0.0,0.000770999000999001,0.0,0.0,0.0,1.0,0.0,0.45639814805194806,1898.9375434183473,0.3504756310957839,0.012645687299684922,0.01875633381928736,0.17041055725718052,0.00021079685874842336,0.37260469559484904,0.06255495800799424,0.012332055795478046,9.284270993559218e-06,0.004246770416291401
391,5337,1.6475128062383646,0.1755521889494844,0.146762107246135,0.0007712021312021312,0.0,0.0,0.0007712021312021312,0.0,0.0,0.0,1.0,0.0,0.4564209108225108,1898.9387692790383,0.3504756310957839,0.012645687299684922,0.01875633381928736,0.17041057780657692,0.00021079863271184388,0.3726046956236342,0.06255493745859783,0.012332054021514625,9.28424220841828e-06,0.004246748035361292
392,1239,1.5269208432673316,0.025247496562707,0.1168142492343528,0.0007717149517149517,0.0007717149517149517,0.0,0.0,0.0,1.0,0.0,0.0,0.0,0.45647837748917747,1898.9418640669808,0.38190021850282097,0.022718381307491074,0.03317116181496154,0.0035386585474375867,1.2240594123635465e-06,0.18264259531140453,0.318736861307479,0.017570730689930102,0.039720168459062816,0.00047281323830805633
393,6637,1.9335182406282752,0.0756421864929903,0.1070019522818519,0.0007718481518481519,0.0,0.0,0.0007718481518481519,0.0,0.0,0.0,1.0,0.0,0.4564933038961039,1898.942667906153,0.3504756310957839,0.012645687299684922,0.01875633381928736,0.1704106431594613,0.0002108042745709951,0.37260469571518157,0.06255487210571345,0.012332048379655475,9.284150661037494e-06,0.004246676857523002
394,6214,1.834711341328105,0.1024991049399047,0.1554748642889256,0.0007721012321012321,0.0,0.0,0.0007721012321012321,0.0,0.0,0.0,1.0,0.0,0.4565216640692641,1898.944195198477,0.3504756310957839,0.012645687299684922,0.01875633381928736,0.17041066876091196,0.0002108064848130268,0.3726046957510457,0.0625548465042628,0.012332046169413443,9.284114796892506e-06,0.004246648974102096
395,5134,3.5264652837194097,0.0888463193618255,0.2905181306600227,0.0007721811521811522,0.0,0.0,0.0,0.0007721811521811522,0.0,0.0,0.0,1.0,0.4565306199134199,1898.9446775007436,0.33808126467938193,0.013407793819400984,0.019576751193023625,0.28077956023463346,0.004363819730260858,0.3280816446346384,0.004518300498343009,0.011190823108102769,4.210221488110122e-08,0.01570920781087548
396,5717,3.177267579424582,0.1427790526821391,0.2234818536948641,0.0007721811521811522,0.0,0.0,0.0,0.0007721811521811522,0.0,0.0,0.0,1.0,0.4565306199134199,1898.9446775007436,0.33808126467938193,0.013407793819400984,0.019576751193023625,0.28077956023463346,0.004363819730260858,0.3280816446346384,0.004518300498343009,0.011190823108102769,4.210221488110122e-08,0.01570920781087548
397,1880,1.3666581073859194,0.1328895301169726,0.1198428612365388,0.0007724408924408925,0.0007724408924408925,0.0,0.0,0.0,1.0,0.0,0.0,0.0,0.45655972640692644,1898.9462449812113,0.38190021850282097,0.022718381307491074,0.03317116181496154,0.0035386418295021817,1.2240890415232044e-06,0.18264260867093227,0.3187368780254144,0.017570730660300946,0.03972015509953508,0.0004728032075588251
398,6735,2.04134298939424,0.1317267716859828,0.0974811706642792,0.0007726806526806528,0.0,0.0,0.0007726806526806528,0.0,0.0,0.0,1.0,0.0,0.45658659393939394,1898.947691883681,0.3504756310957839,0.012645687299684922,0.01875633381928736,0.17041072737428864,0.0002108115451705159,0.3726046958331486,0.06255478789088612,0.012332041109055954,9.284032694012456e-06,0.004246585136162051
399,6213,3.0571077570154337,0.1444394138144308,0.1808022278061717,0.0007728005328005328,0.0,0.0,0.0,0.0007728005328005328,0.0,0.0,0.0,1.0,0.4566000277056277,1898.9484153339886,0.33808126467938193,0.013407793819400984,0.019576751193023625,0.280779725498082,0.004364014055958385,0.32808164463715306,0.0045181352348944714,0.011190628782405242,4.209970022595044e-08,0.015708848216700044
400,6631,1.5038695356744636,0.0488501458972417,0.1047898872678649,0.0007730702630702631,0.0,0.0,0.0007730702630702631,0.0,0.0,0.0,1.0,0.0,0.4566302536796537,1898.9500430949186,0.3504756310957839,0.012645687299684922,0.01875633381928736,0.17041076678617043,0.000210814947875883,0.3726046958883605,0.06255474847900433,0.012332037706350586,9.283977482121841e-06,0.004246542211151172
401,5793,1.655476848455058,0.1468895786692427,0.0666677726441273,0.0007731868131868132,0.0,0.0,0.0007731868131868132,0.0,0.0,0.0,1.0,0.0,0.45664331428571425,1898.9507464474382,0.3504756310957839,0.012645687299684922,0.01875633381928736,0.17041077857610526,0.0002108159657878464,0.3726046959048745,0.0625547366890695,0.012332036688438623,9.283960968109461e-06,0.004246529370276364
402,5831,1.8406300370662865,0.069278983849338,0.0754399971099188,0.0007732434232434232,0.0,0.0,0.0007732434232434232,0.0,0.0,0.0,1.0,0.0,0.456649658008658,1898.9510880755938,0.3504756310957839,0.012645687299684922,0.01875633381928736,0.17041078430238155,0.00021081646020243032,0.37260469591289824,0.06255473096279321,0.01233203619402404,9.283952944361129e-06,0.004246523133538016
403,5132,1.6362466386542271,0.065046288970949,0.1345144168431199,0.0007735364635364636,0.0,0.0,0.0007735364635364636,0.0,0.0,0.0,1.0,0.0,0.4566824961038961,1898.9528565014891,0.3504756310957839,0.012645687299684922,0.01875633381928736,0.17041081394482477,0.000210819019542023,0.37260469595442236,0.06255470132034999,0.012332033634684447,9.283911420243651e-06,0.004246490848706985
404,6027,1.7215808880456616,0.0252511337904125,0.1159355184615401,0.0007751781551781551,0.0,0.0,0.0007751781551781551,0.0,0.0,0.0,1.0,0.0,0.45686646406926407,1898.9627636373073,0.3504756310957839,0.012645687299684922,0.01875633381928736,0.17041098000412547,0.00021083335808645256,0.3726046961870563,0.06255453526104929,0.012332019296140017,9.283678786331517e-06,0.0042463099855939435
405,5560,1.758605317988854,0.0675258456632246,0.0695196299561867,0.0007751848151848152,0.0,0.0,0.0007751848151848152,0.0,0.0,0.0,1.0,0.0,0.4568672103896104,1898.9628038282913,0.3504756310957839,0.012645687299684922,0.01875633381928736,0.17041098067780505,0.00021083341625660235,0.3726046961879997,0.0625545345873697,0.012332019237969867,9.283677842919502e-06,0.0042463092518574275
406,5921,1.7094150569192923,0.1770306595480865,0.0373759539449782,0.0007752281052281053,0.0,0.0,0.0007752281052281053,0.0,0.0,0.0,1.0,0.0,0.4568720614718615,1898.9630650696417,0.3504756310957839,0.012645687299684922,0.01875633381928736,0.1704109850567222,0.0002108337943628824,0.37260469619413605,0.06255453020845256,0.012332018859863588,9.283671706550312e-06,0.004246304482561136
407,5806,1.3754694337983753,0.2668237434692332,0.1648022586832945,0.0007755111555111556,0.0,0.0,0.0007755111555111556,0.0,0.0,0.0,1.0,0.0,0.4569037800865801,1898.9647731841756,0.3504756310957839,0.012645687299684922,0.01875633381928736,0.17041101368647651,0.00021083626660203022,0.3726046962342455,0.06255450157869824,0.01233201638762444,9.283631597079012e-06,0.0042462733003488795
408,6677,2.3038701562106754,0.1465728693421877,0.2812497148073824,0.000776050616050616,0.0,0.0,0.000776050616050616,0.0,0.0,0.0,1.0,0.0,0.45696423203463205,1898.9680286399746,0.3504756310957839,0.012645687299684922,0.01875633381928736,0.17041106825072433,0.00021084097845899846,0.3726046963106879,0.06255444701445043,0.012332011675767472,9.283555154726564e-06,0.004246213871359261
409,6778,2.9868342798704735,0.0162281067574793,0.1324552759021267,0.0007762737262737263,0.0,0.0,0.0,0.0007762737262737263,0.0,0.0,0.0,1.0,0.4569892337662338,1898.969375028527,0.33808126467938193,0.013407793819400984,0.019576751193023625,0.28078065217583875,0.00436510388115671,0.32808164465122297,0.00451720855713772,0.011189538957206917,4.208563031404822e-08,0.01570683168560516
410,6313,3.2339227823517844,0.0954871553968346,0.3183798534567281,0.0007763869463869465,0.0,0.0,0.0,0.0007763869463869465,0.0,0.0,0.0,1.0,0.45700192121212124,1898.9700582696596,0.33808126467938193,0.013407793819400984,0.019576751193023625,0.2807806823824364,0.004365139411316398,0.32808164465167966,0.004517178350540052,0.011189503427047229,4.208517362380704e-08,0.01570676594793441
411,6445,1.8233432865856207,0.0620533566197426,0.1038413964145086,0.0007766233766233766,0.0,0.0,0.0007766233766233766,0.0,0.0,0.0,1.0,0.0,0.4570284155844156,1898.971485036128,0.3504756310957839,0.012645687299684922,0.01875633381928736,0.17041112618174278,0.0002108459812556994,0.3726046963918486,0.06255438908343197,0.01233200667297077,9.283473993981772e-06,0.0042461507752227234
412,6211,1.6614321155761647,0.0303413811009826,0.1357276714145171,0.0007784781884781884,0.0,0.0,0.0007784781884781884,0.0,0.0,0.0,1.0,0.0,0.4572362658008658,1898.982678036086,0.3504756310957839,0.012645687299684922,0.01875633381928736,0.17041131377600816,0.00021086218277791634,0.37260469665467805,0.0625542014891666,0.012331990471448553,9.283211164556882e-06,0.004245946453776295
413,6242,1.539026681990117,0.1894537706991488,0.1071675749991424,0.0007787146187146187,0.0,0.0,0.0007787146187146187,0.0,0.0,0.0,1.0,0.0,0.45726276017316014,1898.9841047812765,0.3504756310957839,0.012645687299684922,0.01875633381928736,0.17041133768729338,0.00021086424802841606,0.3726046966881813,0.06255417757788137,0.012331988406198055,9.283177661301156e-06,0.004245920410233972
414,6716,2.032402705731226,0.0878919869357232,0.1129575496193533,0.0007791475191475191,0.0,0.0,0.0007791475191475191,0.0,0.0,0.0,1.0,0.0,0.457311270995671,1898.9867171253907,0.3504756310957839,0.012645687299684922,0.01875633381928736,0.17041138146832888,0.00021086802951337245,0.3726046967495219,0.06255413379684588,0.012331984624713098,9.28311632070189e-06,0.004245872725032296
415,261,1.100804027543556,0.0748807314608425,0.0923864812847984,0.0007796336996336997,0.0,0.0007796336996336997,0.0,0.0,0.0,1.0,0.0,0.0,0.4573657523809524,1898.9896509791654,0.30544261328835104,0.010192697537748036,0.014472362178626647,0.006838987481774636,2.5050349666721953e-06,0.3598265887169966,0.2676070092820207,0.01561621773644969,0.020001018743066035,0.0006515323009232965
416,5202,1.856015463299384,0.0360969001996829,0.0974916342236709,0.0007801731601731602,0.0,0.0,0.0007801731601731602,0.0,0.0,0.0,1.0,0.0,0.4574262043290043,1898.9929063392567,0.3504756310957839,0.012645687299684922,0.01875633381928736,0.17041148519274285,0.00021087698892340213,0.372604696894858,0.0625540300724319,0.012331975665303068,9.282970984625383e-06,0.004245759750536204
417,5853,3.136618906251574,0.0481467513264139,0.1843256638899057,0.000780939060939061,0.0,0.0,0.0,0.000780939060939061,0.0,0.0,0.0,1.0,0.45751203116883116,1898.997528125281,0.33808126467938193,0.013407793819400984,0.019576751193023625,0.2807818968179914,0.004366568150201351,0.328081644670108,0.004515963914985044,0.011188074688162276,4.206674530937704e-08,0.015704122736637904
418,6036,1.428655268698392,0.1256666468759935,0.0763785463021014,0.000781908091908092,0.0,0.0,0.000781908091908092,0.0,0.0,0.0,1.0,0.0,0.4576206207792208,1899.003375653163,0.3504756310957839,0.012645687299684922,0.01875633381928736,0.17041166063962185,0.0002108921449299228,0.3726046971406981,0.06255385462555291,0.012331960509296547,9.282725144499349e-06,0.0042455686559703665
419,5015,1.6266495166417665,0.144519921941405,0.0819665401220401,0.0007823143523143523,0.0,0.0,0.0007823143523143523,0.0,0.0,0.0,1.0,0.0,0.4576661463203463,1899.0058271820399,0.3504756310957839,0.012645687299684922,0.01875633381928736,0.17041170172159975,0.0002108956940540025,0.372604697198263,0.062553813543575,0.012331956960172467,9.282667579602055e-06,0.004245523909738758
420,5234,3.13485660098749,0.2643109733251611,0.0943526695986791,0.000783010323010323,0.0,0.0,0.0,0.000783010323010323,0.0,0.0,0.0,1.0,0.4577441367965368,1899.0100269158222,0.33808126467938193,0.013407793819400984,0.019576751193023625,0.28078244936012664,0.004367218376360739,0.32808164467848894,0.004515411372849831,0.011187424462002889,4.205836434678645e-08,0.01570291995158135
421,5250,1.8791451615174088,0.1529951618507139,0.1671730778192375,0.0007831102231102231,0.0,0.0,0.0007831102231102231,0.0,0.0,0.0,1.0,0.0,0.4577553316017316,1899.010629746712,0.3504756310957839,0.012645687299684922,0.01875633381928736,0.1704117821997295,0.00021090264697276267,0.3726046973110365,0.06255373306544526,0.012331950007253708,9.282554806089305e-06,0.004245436253143109
422,5346,2.7514086367914503,0.0401349449596892,0.1494899846516026,0.0007833300033300034,0.0,0.0,0.0,0.0007833300033300034,0.0,0.0,0.0,1.0,0.4577799601731602,1899.0119559731572,0.33808126467938193,0.013407793819400984,0.019576751193023625,0.2807825346372696,0.004367318739953917,0.32808164467978496,0.004515326095706873,0.01118732409840971,4.205706832793865e-08,0.015702734308253308
423,5012,1.6397415845116867,0.0164397841154348,0.1480552729636513,0.0007837395937395938,0.0,0.0,0.0007837395937395938,0.0,0.0,0.0,1.0,0.0,0.45782585887445887,1899.0144275714404,0.3504756310957839,0.012645687299684922,0.01875633381928736,0.1704118458396669,0.00021090814542570964,0.37260469740021673,0.06255366942550786,0.012331944508800761,9.28246562587054e-06,0.004245366936392325
424,6710,1.9478884472262892,0.1778695211576001,0.1622588340700926,0.0007838228438228438,0.0,0.0,0.0007838228438228438,0.0,0.0,0.0,1.0,0.0,0.45783518787878785,1899.0149299279321,0.3504756310957839,0.012645687299684922,0.01875633381928736,0.17041185425794936,0.0002109088727441117,0.37260469741201396,0.0625536610072254,0.012331943781482358,9.28245382864068e-06,0.004245357767197033
425,6137,1.5991688825770756,0.032916993385245,0.1458693827243684,0.0007839027639027639,0.0,0.0,0.0007839027639027639,0.0,0.0,0.0,1.0,0.0,0.45784414372294374,1899.0154121898836,0.3504756310957839,0.012645687299684922,0.01875633381928736,0.17041186233884967,0.00021090957096868426,0.37260469742333835,0.06255365292632509,0.012331943083257786,9.282442504254806e-06,0.00424534896542339
426,5768,1.0015952947839395,0.1937030394921755,0.0332219492595342,0.000783906093906094,0.0,0.0,0.000783906093906094,0.0,0.0,0.0,1.0,0.0,0.4578445168831169,1899.0154322841254,0.3504756310957839,0.012645687299684922,0.01875633381928736,0.17041186267568947,0.00021090960006202897,0.37260469742381036,0.06255365258948528,0.012331943054164442,9.282442032243488e-06,0.004245348598546195
427,6626,1.3552480958361863,0.1445915744085682,0.084530324506382,0.0007851881451881453,0.0,0.0,0.0007851881451881453,0.0,0.0,0.0,1.0,0.0,0.45798818354978355,1899.023168531843,0.3504756310957839,0.012645687299684922,0.01875633381928736,0.17041199230747636,0.00021092080100074354,0.37260469760547155,0.0625535229576984,0.012331931853225727,9.282260371057394e-06,0.00424520740249823
428,4788,1.397851687998786,0.1604788581494619,0.0268333012383502,0.0007853646353646353,0.0007853646353646353,0.0,0.0,0.0,1.0,0.0,0.0,0.0,0.458007961038961,1899.02423351625,0.38190021850282097,0.022718381307491074,0.03317116181496154,0.003538344179718483,1.2246165917776347e-06,0.18264284648408374,0.3187371756751981,0.01757073013275069,0.039719917286383605,0.0004726247034892994
429,4254,0.639008469774447,0.0740541806218805,0.1370079024705828,0.0007854079254079254,0.0,0.0007854079254079254,0.0,0.0,0.0,1.0,0.0,0.0,0.45801281212121214,1899.0244947386354,0.30544261328835104,0.010192697537748036,0.014472362178626647,0.00683875315550628,2.505524372722387e-06,0.35982675969571754,0.267607243608289,0.015616217247043639,0.020000847764345075,0.000651424180343585
430,6542,2.0196876579882623,0.1921577105324744,0.1520467965833337,0.0007856876456876458,0.0,0.0,0.0007856876456876458,0.0,0.0,0.0,1.0,0.0,0.45804415757575756,1899.026182635183,0.3504756310957839,0.012645687299684922,0.01875633381928736,0.17041204281174704,0.00021092516512218165,0.3726046976762517,0.06255347245342771,0.012331927489104288,9.282189590897882e-06,0.004245152392545748
431,6673,2.6188864898287485,0.0505198900940116,0.2277077388692914,0.0007858408258408258,0.0,0.0,0.0,0.0007858408258408258,0.0,0.0,0.0,1.0,0.4580613229437229,1899.0271069580558,0.33808126467938193,0.013407793819400984,0.019576751193023625,0.2807832044015163,0.004368107084568215,0.32808164468994516,0.004514656331460198,0.011186535753795412,4.2046908121928794e-08,0.0157012761790718
432,6012,1.4278720851250253,0.1943984357506095,0.1456052625769295,0.000786117216117216,0.0,0.0,0.000786117216117216,0.0,0.0,0.0,1.0,0.0,0.45809229523809525,1899.0287747554676,0.3504756310957839,0.012645687299684922,0.01875633381928736,0.17041208624455206,0.00021092891831950232,0.37260469773711613,0.06255342902062269,0.012331923735906967,9.282128726473271e-06,0.004245105084814571
433,6468,1.3937399043741334,0.034899369545747,0.081362152412243,0.0007875424575424576,0.0,0.0,0.0007875424575424576,0.0,0.0,0.0,1.0,0.0,0.4582520077922078,1899.037374911624,0.3504756310957839,0.012645687299684922,0.01875633381928736,0.17041223034254982,0.00021094137114343993,0.3726046979390684,0.06255328492262494,0.01233191128308303,9.281926774185045e-06,0.004244948130088355
434,5251,1.9008719133692071,0.1388052104748766,0.0270589358162718,0.0007876556776556777,0.0,0.0,0.0007876556776556777,0.0,0.0,0.0,1.0,0.0,0.4582646952380952,1899.038058097851,0.3504756310957839,0.012645687299684922,0.01875633381928736,0.1704122417891359,0.0002109423604092161,0.3726046979551115,0.06255327347603887,0.012331910293817253,9.281910731129273e-06,0.00424493566215034
435,2930,1.1241248560170745,0.1315677949949709,0.0193421748509927,0.0007876756576756577,0.0007876756576756577,0.0,0.0,0.0,1.0,0.0,0.0,0.0,0.4582669341991342,1899.0381786600692,0.38190021850282097,0.022718381307491074,0.03317116181496154,0.00353829094945198,1.2247109422757687e-06,0.18264288900979114,0.31873722890546463,0.017570730038400192,0.039719874760676205,0.0004725927879905556
436,6015,1.4314419980881643,0.0982675992186515,0.1262265903564934,0.0007883316683316684,0.0,0.0,0.0007883316683316684,0.0,0.0,0.0,1.0,0.0,0.45834044675324676,1899.0421371100224,0.3504756310957839,0.012645687299684922,0.01875633381928736,0.17041231013181232,0.00021094826698297845,0.3726046980508942,0.06255320513336243,0.012331904387243492,9.28181494841418e-06,0.004244861221334717
437,6378,2.0777017413316092,0.3222177093585715,0.0240304388974234,0.0007898035298035298,0.0,0.0,0.0,0.0007898035298035298,0.0,0.0,0.0,1.0,0.45850538354978354,1899.0510184379598,0.33808126467938193,0.013407793819400984,0.019576751193023625,0.28078426138333756,0.004369351540420551,0.3280816447059821,0.004513599349638908,0.011185291297943076,4.203087117238269e-08,0.015698974709324354
438,5527,1.5595995478878515,0.1198204064544257,0.1442768499115875,0.0007900699300699302,0.0,0.0,0.0,0.0007900699300699302,0.0,0.0,0.0,1.0,0.45853523636363636,1899.0526259081655,0.33808126467938193,0.013407793819400984,0.019576751193023625,0.2807843324379917,0.00436943521255206,0.32808164470705964,0.004513528294984748,0.011185207625811568,4.202979364542614e-08,0.015698819980383583
439,5846,2.791481489804177,0.1059045209234889,0.0308258088697362,0.0007905527805527805,0.0,0.0,0.0,0.0007905527805527805,0.0,0.0,0.0,1.0,0.45858934458874456,1899.0555394401297,0.33808126467938193,0.013407793819400984,0.019576751193023625,0.2807844612228915,0.0043695868713925995,0.32808164470901213,0.004513399510084948,0.011185055966971027,4.202784115170388e-08,0.015698539532738365
440,5138,1.7494721507800524,0.1869984427453196,0.125427818769086,0.000791052281052281,0.0,0.0,0.0,0.000791052281052281,0.0,0.0,0.0,1.0,0.4586453186147186,1899.0585534281554,0.33808126467938193,0.013407793819400984,0.019576751193023625,0.2807845944470468,0.004369743764515361,0.32808164471103185,0.004513266285929685,0.011184899073848266,4.2025821433977484e-08,0.01569824941142084
441,5654,1.8538027558794272,0.1637887887006788,0.1277795337792859,0.0007911188811188811,0.0,0.0,0.0007911188811188811,0.0,0.0,0.0,1.0,0.0,0.4586527818181818,1899.058955292414,0.3504756310957839,0.012645687299684922,0.01875633381928736,0.17041259190018884,0.00021097262197711445,0.3726046984458211,0.06255292336498591,0.012331880032249356,9.281420021489684e-06,0.0042445543081102155
442,6009,3.0000052987723715,0.134644086303109,0.2654362379726813,0.0007914085914085914,0.0,0.0,0.0,0.0007914085914085914,0.0,0.0,0.0,1.0,0.45868524675324673,1899.060703399719,0.33808126467938193,0.013407793819400984,0.019576751193023625,0.28078468947952456,0.004369855684682044,0.3280816447124755,0.004513171253451909,0.011184787153681583,4.2024377810978564e-08,0.015698042455889016
443,5851,2.68295151852853,0.4464946634354585,0.1978031023645299,0.0007916217116217116,0.0,0.0,0.0,0.0007916217116217116,0.0,0.0,0.0,1.0,0.45870912900432903,1899.0619893614078,0.33808126467938193,0.013407793819400984,0.019576751193023625,0.28078474632132167,0.004369922628978697,0.32808164471333345,0.004513114411654806,0.01118472020938493,4.2023519830625133e-08,0.015697918668079347
444,6638,1.4789431848321248,0.1034659660199927,0.0935060684008872,0.0007919380619380619,0.0,0.0,0.0007919380619380619,0.0,0.0,0.0,1.0,0.0,0.4587445792207792,1899.0638982071853,0.3504756310957839,0.012645687299684922,0.01875633381928736,0.17041267470799137,0.0002109797804698822,0.372604698561893,0.06255284055718338,0.012331872873756589,9.28130394961535e-06,0.004244464109671164
445,5386,1.9243342314575889,0.1156819653881899,0.0350130197221335,0.0007921411921411922,0.0,0.0,0.0007921411921411922,0.0,0.0,0.0,1.0,0.0,0.458767341991342,1899.0651238848352,0.3504756310957839,0.012645687299684922,0.01875633381928736,0.17041269524165775,0.00021098155557296839,0.372604698590677,0.062552820023517,0.012331871098653501,9.281275165584635e-06,0.004244441743333716
446,5492,1.7273926842448708,0.0233688182557475,0.0215000787308532,0.000793010323010323,0.0,0.0,0.000793010323010323,0.0,0.0,0.0,1.0,0.0,0.45886473679653683,1899.070368157679,0.3504756310957839,0.012645687299684922,0.01875633381928736,0.17041278309554808,0.00021098915080402833,0.372604698713825,0.06255273216962667,0.012331863503422441,9.28115201759283e-06,0.0042443460479163475
447,6135,1.4344012695179602,0.0523618593211438,0.1194700475682703,0.0007931135531135531,0.0,0.0,0.0007931135531135531,0.0,0.0,0.0,1.0,0.0,0.4588763047619048,1899.070991038501,0.3504756310957839,0.012645687299684922,0.01875633381928736,0.17041279352998745,0.00021099005293246365,0.37260469872845187,0.0625527217351873,0.012331862601294007,9.281137390737548e-06,0.004244334682094841
448,6225,1.7010447776633884,0.1426434771147926,0.1655744174173221,0.0007936763236763238,0.0,0.0,0.0007936763236763238,0.0,0.0,0.0,1.0,0.0,0.4589393688311688,1899.0743867355611,0.3504756310957839,0.012645687299684922,0.01875633381928736,0.17041285041468723,0.0002109949710416424,0.37260469880819175,0.06255266485048752,0.012331857683184828,9.281057650856184e-06,0.004244272719806097
449,5692,1.6453771652550544,0.0916199272406519,0.0612897626084876,0.0007948618048618049,0.0,0.0,0.0007948618048618049,0.0,0.0,0.0,1.0,0.0,0.4590722138528138,1899.0815397569652,0.3504756310957839,0.012645687299684922,0.01875633381928736,0.170412970238524,0.0002110053313579305,0.37260469897616205,0.06255254502665075,0.01233184732286854,9.280889680551851e-06,0.004244142199712364
450,6233,3.1166671492454046,0.0956139920420077,0.2575898585831883,0.0007956310356310357,0.0,0.0,0.0,0.0007956310356310357,0.0,0.0,0.0,1.0,0.45915841385281386,1899.0861811514228,0.33808126467938193,0.013407793819400984,0.019576751193023625,0.28078581560492144,0.0043711821814317155,0.32808164472954987,0.004512045128055031,0.011183460656931911,4.20073034135271e-08,0.015695589799593734
451,1756,1.410118807318094,0.1331395151784655,0.0419138341762623,0.0007957042957042957,0.0,0.0007957042957042957,0.0,0.0,0.0,1.0,0.0,0.0,0.4591666233766234,1899.086623187662,0.30544261328835104,0.010192697537748036,0.014472362178626647,0.006838335269156131,2.5063972037345664e-06,0.3598270645778773,0.2676076614946392,0.015616216374212627,0.020000542882185335,0.0006512314295432642
452,6171,1.686014954935112,0.0214344551280998,0.1013631523892531,0.0007965900765900766,0.0,0.0,0.0007965900765900766,0.0,0.0,0.0,1.0,0.0,0.459265883982684,1899.09196778937,0.3504756310957839,0.012645687299684922,0.01875633381928736,0.17041314491571602,0.00021102043597474618,0.3726046992210356,0.06255237034945874,0.012331832218251723,9.280644806985983e-06,0.004243951928156409
453,5470,1.5256499491146536,0.0956570582900566,0.0226472441829432,0.0007973359973359974,0.0,0.0,0.0007973359973359974,0.0,0.0,0.0,1.0,0.0,0.45934947186147185,1899.0964684804098,0.3504756310957839,0.012645687299684922,0.01875633381928736,0.17041322030273745,0.00021102695536254944,0.3726046993267241,0.0625522949624373,0.012331825698863921,9.280539118527997e-06,0.004243869810370282
454,5299,2.7791376400040093,0.2720468536643889,0.1852455027612519,0.0007978388278388278,0.0,0.0,0.0,0.0007978388278388278,0.0,0.0,0.0,1.0,0.459405819047619,1899.0995024148774,0.33808126467938193,0.013407793819400984,0.019576751193023625,0.28078640438215363,0.004371875906735984,0.3280816447384811,0.00451145635082284,0.011182766931627643,4.199837216889435e-08,0.015694307279194852
455,5199,2.6128688935945377,0.177340496867949,0.1884613551143492,0.0007982950382950382,0.0,0.0,0.0007982950382950382,0.0,0.0,0.0,1.0,0.0,0.45945694199134196,1899.1022550479938,0.3504756310957839,0.012645687299684922,0.01875633381928736,0.1704133172263508,0.00021103533765381822,0.3726046994626098,0.06255219803882395,0.012331817316572652,9.280403232780898e-06,0.004243764232694236
456,4059,1.526799955046472,0.0857855644302887,0.1335488599585972,0.0007983716283716284,0.0,0.0007983716283716284,0.0,0.0,0.0,1.0,0.0,0.0,0.45946552467532464,1899.1027171680041,0.30544261328835104,0.010192697537748036,0.014472362178626647,0.006838227003699206,2.506623345014092e-06,0.3598271435581797,0.26760776976009615,0.015616216148071347,0.020000463901882926,0.0006511815082541617
457,5044,1.751187775826229,0.2721639704767643,0.0154302608773481,0.0007984681984681986,0.0,0.0,0.0007984681984681986,0.0,0.0,0.0,1.0,0.0,0.45947634632034634,1899.1032998407004,0.3504756310957839,0.012645687299684922,0.01875633381928736,0.170413334725747,0.00021103685114781445,0.372604699487143,0.06255218053942777,0.012331815803078655,9.280378699627612e-06,0.004243745170737778
458,6358,1.6495421124146568,0.0791101496478552,0.1365831856422332,0.0007995038295038296,0.0,0.0,0.0007995038295038296,0.0,0.0,0.0,1.0,0.0,0.45959239913419914,1899.1095484778384,0.3504756310957839,0.012645687299684922,0.01875633381928736,0.17041343938501347,0.00021104590318175154,0.3726046996338832,0.06255207588016129,0.012331806751044718,9.280231959396534e-06,0.004243631165956718
459,4296,1.4415088987679594,0.1418651315382049,0.1343973132716535,0.0007996037296037296,0.0,0.0007996037296037296,0.0,0.0,0.0,1.0,0.0,0.0,0.45960359393939393,1899.1101512378223,0.30544261328835104,0.010192697537748036,0.014472362178626647,0.006838176992803996,2.506727809144499e-06,0.3598271800440239,0.26760781977099135,0.015616216043607217,0.02000042741603869,0.0006511584429967909
460,5188,3.1963297681672858,0.2488393030792865,0.3735407478350667,0.0008003796203796204,0.0,0.0,0.0,0.0008003796203796204,0.0,0.0,0.0,1.0,0.45969054025974027,1899.1148326590787,0.33808126467938193,0.013407793819400984,0.019576751193023625,0.28078708192987667,0.004372674384575615,0.3280816447487491,0.004510778803099802,0.011181968453788011,4.19881041602288e-08,0.01569283123309606
461,6241,1.7989569567753771,0.0913833194191391,0.1655566768964444,0.000800959040959041,0.0,0.0,0.000800959040959041,0.0,0.0,0.0,1.0,0.0,0.4597554701298701,1899.118328639172,0.3504756310957839,0.012645687299684922,0.01875633381928736,0.1704135864394448,0.00021105862308370458,0.3726046998400604,0.06255192882572996,0.012331794031142766,9.2800257822101e-06,0.004243470979269137
462,5588,2.790156830472833,0.2329755049193385,0.1291455449985334,0.0008014818514818514,0.0,0.0,0.0,0.0008014818514818514,0.0,0.0,0.0,1.0,0.4598140562770563,1899.1214830455935,0.33808126467938193,0.013407793819400984,0.019576751193023625,0.28078737584803004,0.004373020814733202,0.32808164475320406,0.004510484884946431,0.011181622023630426,4.198364922380904e-08,0.015692190875875256
463,6764,3.2834903672315,0.0123281729986602,0.2405889097158225,0.0008014985014985016,0.0,0.0,0.0,0.0008014985014985016,0.0,0.0,0.0,1.0,0.4598159220779221,1899.1215835042033,0.33808126467938193,0.013407793819400984,0.019576751193023625,0.2807873802879496,0.004373026048085861,0.3280816447532746,0.004510480445026888,0.011181616790277765,4.1983578669135824e-08,0.015692181202461963
464,6463,2.3746160500813316,0.222516722536059,0.2541376250689732,0.000802061272061272,0.0,0.0,0.000802061272061272,0.0,0.0,0.0,1.0,0.0,0.45987898614718614,1899.1249789982048,0.3504756310957839,0.012645687299684922,0.01875633381928736,0.17041369781842075,0.00021106825798544666,0.3726046999962309,0.062551817446754,0.012331784396241023,9.27986961168914e-06,0.004243349653050399
465,6414,1.6820990682266217,0.1387669605727285,0.1332835177609197,0.0008021445221445222,0.0,0.0,0.0008021445221445222,0.0,0.0,0.0,1.0,0.0,0.4598883151515152,1899.1254812890595,0.3504756310957839,0.012645687299684922,0.01875633381928736,0.1704137062307367,0.00021106898571114245,0.37260470000802715,0.06255180903443805,0.012331783668515327,9.279857815458481e-06,0.004243340489416325
466,6359,1.6111639106495752,0.2885304882663409,0.1690464962928572,0.0008026107226107227,0.0,0.0,0.0008026107226107227,0.0,0.0,0.0,1.0,0.0,0.4599405575757576,1899.1282941123357,0.3504756310957839,0.012645687299684922,0.01875633381928736,0.1704137533378616,0.0002110730610031517,0.3726047000740801,0.06255176192731315,0.012331779593223319,9.279791762517586e-06,0.004243289174893583
467,5438,1.2540144438949872,0.1493706705564577,0.0355102865360451,0.0008027139527139528,0.0,0.0,0.0008027139527139528,0.0,0.0,0.0,1.0,0.0,0.4599521255411255,1899.1289169505108,0.3504756310957839,0.012645687299684922,0.01875633381928736,0.1704137637690466,0.00021107396339906944,0.37260470008870483,0.06255175149612816,0.0123317786908274,9.279777137771728e-06,0.004243277812063129
468,5597,1.954418752505396,0.1814328559113437,0.0699236300322917,0.000802893772893773,0.0,0.0,0.000802893772893773,0.0,0.0,0.0,1.0,0.0,0.4599722761904762,1899.1300018933334,0.3504756310957839,0.012645687299684922,0.01875633381928736,0.1704137819388679,0.00021107553531892948,0.3726047001141827,0.06255173332630687,0.01233177711890754,9.27975165992967e-06,0.004243258019366203
469,6260,1.6965424692860562,0.0818881441925762,0.1421987960166018,0.0008036363636363637,0.0,0.0,0.0,0.0008036363636363637,0.0,0.0,0.0,1.0,0.4600554909090909,1899.1344822906224,0.33808126467938193,0.013407793819400984,0.019576751193023625,0.2807879503446505,0.004373698044537457,0.3280816447619172,0.004509910388325988,0.01118094479382617,4.197493608248948e-08,0.01569093913202424
470,6504,1.4743991420789533,0.0577145848868843,0.1478742000057496,0.0008037329337329338,0.0,0.0,0.0008037329337329338,0.0,0.0,0.0,1.0,0.0,0.46006631255411257,1899.1350649414412,0.3504756310957839,0.012645687299684922,0.01875633381928736,0.1704138667291977,0.00021108287105687466,0.3726047002330766,0.06255164853597706,0.012331769783169595,9.279632765979429e-06,0.004243165655510639
471,5239,1.3002359776329653,0.1257418168139995,0.1122914168090301,0.0008038794538794538,0.0,0.0,0.0008038794538794538,0.0,0.0,0.0,1.0,0.0,0.4600827316017316,1899.1359489626068,0.3504756310957839,0.012645687299684922,0.01875633381928736,0.17041388153333323,0.00021108415191819246,0.37260470025383446,0.06255163373184153,0.012331768502308278,9.279612008139537e-06,0.004243149528998069
472,6097,1.512002086914456,0.0162254758454373,0.1295144315074099,0.000804005994005994,0.0,0.0,0.0,0.000804005994005994,0.0,0.0,0.0,1.0,0.4600969116883117,1899.136712434688,0.33808126467938193,0.013407793819400984,0.019576751193023625,0.2807880489030249,0.004373814239798808,0.3280816447634092,0.004509811829951582,0.01118082859856482,4.1973444109277835e-08,0.01569072437540464
473,6398,2.417273247903344,0.4632595250474857,0.2368810325358246,0.0008051981351981353,0.0,0.0,0.0008051981351981353,0.0,0.0,0.0,1.0,0.0,0.46023050303030305,1899.1439051115253,0.3504756310957839,0.012645687299684922,0.01875633381928736,0.17041401476946846,0.00021109567994029104,0.3726047004406698,0.06255150049570629,0.012331756974286179,9.279425172814548e-06,0.004243004391170091
474,5517,1.8494933498986657,0.2110634487736575,0.0362330691435466,0.0008052580752580753,0.0,0.0,0.0008052580752580753,0.0,0.0,0.0,1.0,0.0,0.4602372199134199,1899.14426675288,0.3504756310957839,0.012645687299684922,0.01875633381928736,0.17041402082553317,0.00021109620395250454,0.372604700449164,0.06255149443964159,0.012331756450273965,9.27941667860921e-06,0.0042429977941047525
475,5884,2.609226886485955,0.1899869945566043,0.2145452546058278,0.0008065834165834167,0.0,0.0,0.0,0.0008065834165834167,0.0,0.0,0.0,1.0,0.4603857376623377,1899.1522630055558,0.33808126467938193,0.013407793819400984,0.019576751193023625,0.28078873612803207,0.004374624541998202,0.3280816447738227,0.004509124604944403,0.011180018296365425,4.196303060588491e-08,0.01568922682737106
476,5746,2.8243020733948745,0.3928590708088265,0.2463055387431589,0.000807965367965368,0.0,0.0,0.0,0.000807965367965368,0.0,0.0,0.0,1.0,0.46054059913419915,1899.160600726217,0.33808126467938193,0.013407793819400984,0.019576751193023625,0.2807891045855519,0.0043750590598716395,0.32808164477940444,0.004508756147424575,0.011179583778491988,4.1957448848606305e-08,0.01568842384081426
477,507,1.3673204218293868,0.1030016296197038,0.1149047530251421,0.0008081018981018982,0.0,0.0008081018981018982,0.0,0.0,0.0,1.0,0.0,0.0,0.4605558987012987,1899.1614244483758,0.30544261328835104,0.010192697537748036,0.014472362178626647,0.006837832026575595,2.507448398652845e-06,0.35982743168064096,0.2676081647372197,0.015616215323017709,0.020000175779421647,0.0006509994154014764
478,5252,3.1696446966309697,0.1340270771883315,0.1648276122811935,0.0008087212787212788,0.0,0.0,0.0,0.0008087212787212788,0.0,0.0,0.0,1.0,0.4606253064935065,1899.1651613241947,0.33808126467938193,0.013407793819400984,0.019576751193023625,0.28078930612262454,0.004375296751667287,0.32808164478246316,0.004508554610351934,0.01117934608669634,4.195439012866231e-08,0.015687984605828542
479,11,1.4239824210340688,0.203691154831784,0.0150529105905087,0.0008087312687312687,0.0,0.0008087312687312687,0.0,0.0,0.0,1.0,0.0,0.0,0.460626425974026,1899.1652215962504,0.30544261328835104,0.010192697537748036,0.014472362178626647,0.006837806477024275,2.5075017701322883e-06,0.3598274503169954,0.2676081902867711,0.015616215269646228,0.020000157143067188,0.0006509876388725022
480,5398,1.2717528060172612,0.1292232565636601,0.0329063233463199,0.0008097768897768898,0.0,0.0,0.0008097768897768898,0.0,0.0,0.0,1.0,0.0,0.4607435982683983,1899.1715300476296,0.3504756310957839,0.012645687299684922,0.01875633381928736,0.17041447734378523,0.00021113571140840586,0.37260470108938826,0.06255103792138952,0.012331716942818064,9.278776454346715e-06,0.004242500487948275
481,6590,1.610033348122044,0.2664121495999137,0.0903775721902996,0.0008099500499500499,0.0,0.0,0.0008099500499500499,0.0,0.0,0.0,1.0,0.0,0.4607630025974026,1899.1725747547823,0.3504756310957839,0.012645687299684922,0.01875633381928736,0.17041449483613003,0.00021113722543669857,0.3726047011139227,0.06255102042904473,0.012331715428789771,9.278751919916672e-06,0.004242481432506273
482,6415,1.608096781182551,0.0849259917872752,0.0910075106724343,0.0008105527805527805,0.0,0.0,0.0008105527805527805,0.0,0.0,0.0,1.0,0.0,0.46083054458874456,1899.1762111292335,0.3504756310957839,0.012645687299684922,0.01875633381928736,0.17041455572114123,0.000211142495478215,0.3726047011993193,0.06255095954403353,0.012331710158748255,9.278666523282464e-06,0.004242415106660236
483,5636,1.3057025527501727,0.4194161576122978,0.0616273581593197,0.0008107126207126206,0.0,0.0,0.0008107126207126206,0.0,0.0,0.0,1.0,0.0,0.4608484562770563,1899.177175469007,0.3504756310957839,0.012645687299684922,0.01875633381928736,0.17041457186748293,0.00021114389307582904,0.37260470122196376,0.06255094339769182,0.012331708761150641,9.278643878840587e-06,0.0042423975174321615
484,5467,2.88491827717615,0.0861698771783339,0.1237866910066982,0.0008113486513486514,0.0,0.0,0.0,0.0008113486513486514,0.0,0.0,0.0,1.0,0.46091972987012986,1899.181012726798,0.33808126467938193,0.013407793819400984,0.019576751193023625,0.28079000659465364,0.004376123001601412,0.3280816447930781,0.004507854138322831,0.011178519836762216,4.194377517530157e-08,0.01568645786263534
485,6916,1.5642994399371923,0.035009375569354,0.0332232628593225,0.0008126373626373627,0.0,0.0,0.0008126373626373627,0.0,0.0,0.0,1.0,0.0,0.46106414285714287,1899.1887876407886,0.3504756310957839,0.012645687299684922,0.01875633381928736,0.17041476628668634,0.00021116072300806355,0.3726047014946544,0.06255074897848842,0.012331691931218407,9.278371188192747e-06,0.004242185722915237
486,5605,1.3607360618697943,0.2207241185685675,0.1401907925972194,0.0008126906426906427,0.0,0.0,0.0008126906426906427,0.0,0.0,0.0,1.0,0.0,0.46107011341991344,1899.1891090827226,0.3504756310957839,0.012645687299684922,0.01875633381928736,0.17041477166798663,0.00021116118890107324,0.3726047015022022,0.06255074359718812,0.012331691465325397,9.278363640397025e-06,0.0042421798606263605
487,5237,3.1276089799203977,0.2231155460658544,0.2874903521039876,0.0008137562437562438,0.0,0.0,0.0,0.0008137562437562438,0.0,0.0,0.0,1.0,0.4611895246753247,1899.195537895754,0.33808126467938193,0.013407793819400984,0.019576751193023625,0.2807906484370276,0.004376880254188961,0.32808164480280033,0.004507212295948859,0.011177762584174666,4.1934052952274925e-08,0.015685058748229452
488,6902,1.5109869347229334,0.1351553527338604,0.059750365417753,0.0008138761238761238,0.0,0.0,0.0008138761238761238,0.0,0.0,0.0,1.0,0.0,0.46120295844155845,1899.1962611341623,0.3504756310957839,0.012645687299684922,0.01875633381928736,0.17041489140666433,0.000211171555251239,0.372604701670159,0.06255062385851043,0.012331681098975231,9.278195683581902e-06,0.004242049419684868
489,5699,1.370405483103023,0.2379476688628573,0.0843503712814773,0.000813999333999334,0.0,0.0,0.000813999333999334,0.0,0.0,0.0,1.0,0.0,0.46121676536796535,1899.1970044618822,0.3504756310957839,0.012645687299684922,0.01875633381928736,0.17041490385129418,0.0002111726326752221,0.37260470168761484,0.06255061141388057,0.012331680021551248,9.27817822776733e-06,0.004242035862719318
490,6760,1.834222947985286,0.1125743626926295,0.0042537209875257,0.0008141391941391943,0.0,0.0,0.0,0.0008141391941391943,0.0,0.0,0.0,1.0,0.4612324380952381,1899.1978482385023,0.33808126467938193,0.013407793819400984,0.019576751193023625,0.2807907505249521,0.004377000712775943,0.3280816448043525,0.004507110208024356,0.011177642125587684,4.193250080497535e-08,0.015684836198613605
491,3312,1.1195301239279651,0.1342145295549762,0.0494868306902782,0.000814961704961705,0.000814961704961705,0.0,0.0,0.0,1.0,0.0,0.0,0.0,0.4613246086580087,1899.2028104315955,0.38190021850282097,0.022718381307491074,0.03317116181496154,0.003537662356581442,1.2258252512420776e-06,0.1826433910657082,0.31873785749833516,0.017570728924091224,0.03971937270475914,0.00047221615471798595
492,5771,3.208962452331396,0.1186594203172091,0.2607964668643952,0.0008149683649683649,0.0,0.0,0.0,0.0008149683649683649,0.0,0.0,0.0,1.0,0.461325354978355,1899.2028506111778,0.33808126467938193,0.013407793819400984,0.019576751193023625,0.2807909715650552,0.004377261541964213,0.3280816448076945,0.004506889167921246,0.011177381296399416,4.192915881162662e-08,0.01568435432263826
493,5351,2.9929682261614223,0.1289470292891484,0.0832761913634503,0.0008152081252081252,0.0,0.0,0.0,0.0008152081252081252,0.0,0.0,0.0,1.0,0.46135222251082253,1899.2042970748714,0.33808126467938193,0.013407793819400984,0.019576751193023625,0.2807910354795697,0.0043773369649922,0.32808164480866,0.004506825253406788,0.011177305873371427,4.1928193306173256e-08,0.015684214983164857
494,5144,2.284713008943972,0.5192347980435157,0.2814937920220676,0.0008153313353313353,0.0,0.0,0.0008153313353313353,0.0,0.0,0.0,1.0,0.0,0.46136602943722943,1899.2050403955293,0.3504756310957839,0.012645687299684922,0.01875633381928736,0.1704150383821742,0.00021118428075247658,0.3726047018763259,0.06255047688300056,0.012331668373473994,9.277989516720542e-06,0.004241889306339952
495,5324,1.8422537693525,0.1804712770481757,0.0843647528468132,0.0008157242757242758,0.0,0.0,0.0008157242757242758,0.0,0.0,0.0,1.0,0.0,0.46141006233766235,1899.2074109813725,0.3504756310957839,0.012645687299684922,0.01875633381928736,0.1704150780677045,0.00021118771702691367,0.3726047019319973,0.06255043719747025,0.012331664937199557,9.277933845308617e-06,0.004241846073192446
496,6552,2.0088607196549573,0.2305825897014031,0.0195893757328082,0.0008166200466200467,0.0,0.0,0.0008166200466200467,0.0,0.0,0.0,1.0,0.0,0.46151044242424244,1899.212815088671,0.3504756310957839,0.012645687299684922,0.01875633381928736,0.17041516853467956,0.00021119555072051,0.37260470205890306,0.0625503467304952,0.01233165710350596,9.277806939544941e-06,0.004241747518712313
497,6034,1.9714146068050191,0.0383619453072698,0.0680068244157154,0.0008170795870795872,0.0,0.0,0.0008170795870795872,0.0,0.0,0.0,1.0,0.0,0.46156193852813854,1899.2155874425841,0.3504756310957839,0.012645687299684922,0.01875633381928736,0.17041521494425874,0.00021119956957692208,0.37260470212400937,0.06255030032091602,0.012331653084649547,9.277741833235709e-06,0.004241696960064045
498,5829,1.4591121569421228,0.4653837654883227,0.1611379136636337,0.0008175724275724276,0.0,0.0,0.0008175724275724276,0.0,0.0,0.0,1.0,0.0,0.46161716623376625,1899.2185606816104,0.3504756310957839,0.012645687299684922,0.01875633381928736,0.17041526471572668,0.00021120387971657043,0.37260470219383157,0.06255025054944807,0.0123316487745099,9.277672011032134e-06,0.0042416427388121125
499,5444,1.664579438883746,0.0824189871024606,0.1009231620372012,0.000817838827838828,0.0,0.0,0.000817838827838828,0.0,0.0,0.0,1.0,0.0,0.46164701904761907,1899.2201678334893,0.3504756310957839,0.012645687299684922,0.01875633381928736,0.17041529161897365,0.00021120620954946607,0.37260470223157366,0.06255022364620111,0.012331646444677003,9.277634268944901e-06,0.004241613430247981
500,6255,3.204717513181487,0.1123929559269566,0.16335402985814,0.0008186413586413586,0.0,0.0,0.0,0.0008186413586413586,0.0,0.0,0.0,1.0,0.46173695064935066,1899.2250093600683,0.33808126467938193,0.013407793819400984,0.019576751193023625,0.28079195066295665,0.004378417103909499,0.3280816448225277,0.004505910070019825,0.011176225734454127,4.1914325565883814e-08,0.015682219633124994
501,6641,1.9938363888635424,0.0742342874730831,0.1639656759018713,0.0008191341991341992,0.0,0.0,0.0008191341991341992,0.0,0.0,0.0,1.0,0.0,0.4617921783549783,1899.227982565975,0.3504756310957839,0.012645687299684922,0.01875633381928736,0.17041542243159818,0.00021121753863006908,0.3726047024150894,0.06255009283357657,0.012331635115596401,9.277450753186756e-06,0.004241470921511281
502,5674,1.6527785187245663,0.2291861552049078,0.1638680978989953,0.0008191941391941393,0.0,0.0,0.0008191941391941393,0.0,0.0,0.0,1.0,0.0,0.46179889523809525,1899.2283441713862,0.3504756310957839,0.012645687299684922,0.01875633381928736,0.17041542848440838,0.00021121806286546982,0.3726047024235835,0.06255008678076637,0.012331634591361,9.277442259092439e-06,0.004241464327477518
503,6346,1.7593084215439465,0.0596593690627323,0.125313616285335,0.0008193473193473193,0.0,0.0,0.0008193473193473193,0.0,0.0,0.0,1.0,0.0,0.4618160606060606,1899.2292682734005,0.3504756310957839,0.012645687299684922,0.01875633381928736,0.17041544395300243,0.00021121940258417816,0.3726047024452843,0.06255007131217233,0.012331633251642292,9.277420558284621e-06,0.00424144747576316
504,6978,1.9771909646170136,0.1555914565984774,0.1027904945470276,0.0008196103896103897,0.0,0.0,0.0008196103896103897,0.0,0.0,0.0,1.0,0.0,0.46184554025974023,1899.2308553158089,0.3504756310957839,0.012645687299684922,0.01875633381928736,0.17041547051778239,0.00021122170341718397,0.3726047024825545,0.06255004474739237,0.012331630950809287,9.277383288097685e-06,0.004241418535609887
505,6538,1.3814901931188923,0.3621791281321425,0.0312161790935187,0.0008202264402264402,0.0,0.0,0.0008202264402264402,0.0,0.0,0.0,1.0,0.0,0.4619145748917749,1899.2345717958726,0.3504756310957839,0.012645687299684922,0.01875633381928736,0.17041553272628635,0.00021122709152027454,0.3726047025698295,0.06254998253888841,0.012331625562706195,9.277296013077141e-06,0.004241350764452756
506,5312,3.035998617566648,0.1111305964522193,0.1372090836075854,0.0008203296703296703,0.0,0.0,0.0,0.0008203296703296703,0.0,0.0,0.0,1.0,0.46192614285714284,1899.2351945557996,0.33808126467938193,0.013407793819400984,0.019576751193023625,0.2807924006850658,0.00437894835327889,0.3280816448293429,0.004505460047910692,0.011175694485084736,4.1907510406336e-08,0.015681238348016158
507,2658,1.4479401365942692,0.139337327950689,0.0717390604717443,0.0008208358308358309,0.0,0.0008208358308358309,0.0,0.0,0.0,1.0,0.0,0.0,0.4619828632034632,1899.2382480817078,0.30544261328835104,0.010192697537748036,0.014472362178626647,0.006837315044976878,2.5085283849855222e-06,0.3598278087432958,0.26760868171881846,0.015616214243031376,0.019999798716766826,0.0006507611917042633
508,6474,0.9458463556466572,0.1231665665492732,0.1640339792200968,0.0008212021312021312,0.0,0.0,0.0008212021312021312,0.0,0.0,0.0,1.0,0.0,0.4620239108225108,1899.2404578633184,0.3504756310957839,0.012645687299684922,0.01875633381928736,0.17041563124785464,0.00021123562531705266,0.3726047027080561,0.06254988401732012,0.012331617028909418,9.277157786480306e-06,0.004241243432634434
509,6819,1.4033708309004995,0.0818561891477114,0.1486679667961005,0.0008215817515817515,0.0,0.0,0.0008215817515817515,0.0,0.0,0.0,1.0,0.0,0.4620664510822511,1899.2427479945318,0.3504756310957839,0.012645687299684922,0.01875633381928736,0.17041566957978788,0.00021123894570404623,0.37260470276183605,0.06254984568538688,0.012331613708522423,9.277104006555348e-06,0.0042412016727543245
510,6573,1.7298755083647843,0.2568599904726562,0.1816892334675064,0.0008220945720945722,0.0,0.0,0.0008220945720945722,0.0,0.0,0.0,1.0,0.0,0.46212391774891776,1899.2458416707111,0.3504756310957839,0.012645687299684922,0.01875633381928736,0.1704157213603615,0.00021124343119903585,0.3726047028344907,0.06254979390481324,0.012331609223027434,9.277031351895282e-06,0.004241145261376422
511,5972,1.6770961007704792,0.2011889462566001,0.1065885311770391,0.0008223310023310023,0.0,0.0,0.0008223310023310023,0.0,0.0,0.0,1.0,0.0,0.4621504121212121,1899.2472679721513,0.3504756310957839,0.012645687299684922,0.01875633381928736,0.1704157452325928,0.0002112454992093587,0.3726047028679828,0.06254977003258194,0.012331607155017112,9.276997859797298e-06,0.004241119254150605
512,5643,3.27181517841383,0.059334828070779,0.0991219261659895,0.000822893772893773,0.0,0.0,0.0,0.000822893772893773,0.0,0.0,0.0,1.0,0.4622134761904762,1899.2506629616782,0.33808126467938193,0.013407793819400984,0.019576751193023625,0.28079308411913634,0.004379755288478749,0.328081644839691,0.0045047766138401335,0.011174887549884879,4.1897162295079227e-08,0.015679747958049606
513,5940,1.2958397789702498,0.0415921608935374,0.0655633245277906,0.0008247052947052948,0.0,0.0,0.0008247052947052948,0.0,0.0,0.0,1.0,0.0,0.46241647532467534,1899.2615911194562,0.3504756310957839,0.012645687299684922,0.01875633381928736,0.17041598495511978,0.00021126626753790098,0.37260470320434785,0.06254953031005497,0.012331586386688569,9.276661494750371e-06,0.0042408580905650695
514,5434,1.4786772321833452,0.0403928074139822,0.144466541865583,0.0008255710955710956,0.0,0.0,0.0008255710955710956,0.0,0.0,0.0,1.0,0.0,0.46251349696969696,1899.266814086172,0.3504756310957839,0.012645687299684922,0.01875633381928736,0.17041607236585693,0.00021127384121560663,0.3726047033270019,0.06254944289931783,0.012331578813010863,9.27653884069679e-06,0.004240762860842184
515,1267,1.2479106128055375,0.1338358766763972,0.099644553556881,0.0008260672660672662,0.0,0.0008260672660672662,0.0,0.0,0.0,1.0,0.0,0.0,0.4625690978354978,1899.2698072333283,0.30544261328835104,0.010192697537748036,0.014472362178626647,0.006837102629825837,2.5089721522702508e-06,0.3598279636507238,0.2676088941339695,0.015616213799264091,0.01999964380933883,0.0006506633482320501
516,5160,3.0163042734297374,0.1667067180326308,0.1864011686356911,0.0008261172161172162,0.0,0.0,0.0,0.0008261172161172162,0.0,0.0,0.0,1.0,0.46257469523809525,1899.2701085562808,0.33808126467938193,0.013407793819400984,0.019576751193023625,0.28079394324056867,0.0043807699047064145,0.3280816448527019,0.004503917492407805,0.011173872933657212,4.188415136940904e-08,0.015677874194367725
517,6252,2.632297706235289,0.2272840831692935,0.1249092570450072,0.0008270562770562771,0.0,0.0,0.0,0.0008270562770562771,0.0,0.0,0.0,1.0,0.4626799264069264,1899.2757734078048,0.33808126467938193,0.013407793819400984,0.019576751193023625,0.280794193510474,0.004381065523293203,0.32808164485648866,0.00450366722250245,0.011173577315070425,4.188036462071665e-08,0.01567732829830215
518,6261,1.7424928435662455,0.0545288399949397,0.0465414813113524,0.0008271794871794871,0.0,0.0,0.0008271794871794871,0.0,0.0,0.0,1.0,0.0,0.4626937333333333,1899.2765166656498,0.3504756310957839,0.012645687299684922,0.01875633381928736,0.1704162347410742,0.00021128791131341614,0.37260470355485775,0.06254928052410055,0.012331564742913054,9.276310984851488e-06,0.004240585959815357
519,5298,1.775447673178992,0.031993316523251,0.084495479898576,0.0008284015984015984,0.0,0.0,0.0008284015984015984,0.0,0.0,0.0,1.0,0.0,0.46283068311688313,1899.2838889445811,0.3504756310957839,0.012645687299684922,0.01875633381928736,0.17041635811284828,0.00021129860272063543,0.37260470372798815,0.06254915715232648,0.012331554051505834,9.276137854452582e-06,0.004240451550373225
520,6725,1.3821431613206536,0.0485673599781139,0.1011016118736535,0.0008291375291375291,0.0,0.0,0.0008291375291375291,0.0,0.0,0.0,1.0,0.0,0.4629131515151515,1899.2883283513022,0.3504756310957839,0.012645687299684922,0.01875633381928736,0.1704164324020216,0.00021130504106297744,0.37260470383224625,0.06254908286315317,0.012331547613163492,9.27603359635043e-06,0.00424037061434146
521,5378,1.4151526116500623,0.340602624576775,0.1315827389285173,0.0008292640692640692,0.0,0.0,0.0008292640692640692,0.0,0.0,0.0,1.0,0.0,0.4629273316017316,1899.2890916858566,0.3504756310957839,0.012645687299684922,0.01875633381928736,0.17041644517535492,0.00021130614812213337,0.37260470385017314,0.06254907008981983,0.012331546506104336,9.27601566946823e-06,0.004240356698095082
522,6661,1.6622432593169234,0.3950355631205235,0.1444671900047054,0.0008293140193140194,0.0,0.0,0.0008293140193140194,0.0,0.0,0.0,1.0,0.0,0.46293292900432903,1899.2893930019384,0.3504756310957839,0.012645687299684922,0.01875633381928736,0.17041645021764582,0.0002113065851212675,0.3726047038572442,0.06254906504752894,0.012331546069105203,9.276008598402274e-06,0.004240351204662929
523,6019,3.553484022357563,0.2665515722221561,0.4720476878124031,0.0008296403596403598,0.0,0.0,0.0,0.0008296403596403598,0.0,0.0,0.0,1.0,0.4629694987012987,1899.2913615976977,0.33808126467938193,0.013407793819400984,0.019576751193023625,0.28079488217094883,0.004381879088264782,0.32808164486691727,0.0045029785620276375,0.011172763750098846,4.186993601829059e-08,0.015675826051998465
524,6245,1.8964249046972257,0.0650844693795928,0.1666588143220757,0.0008306293706293706,0.0,0.0,0.0008306293706293706,0.0,0.0,0.0,1.0,0.0,0.46308032727272724,1899.2973276201244,0.3504756310957839,0.012645687299684922,0.01875633381928736,0.1704165829911009,0.00021131809298979653,0.37260470404358614,0.06254893227407385,0.012331534561236673,9.275822256460398e-06,0.004240206550655379
525,5898,3.1381688497083298,0.3421828529800644,0.3378568887132577,0.0008311954711954712,0.0,0.0,0.0,0.0008311954711954712,0.0,0.0,0.0,1.0,0.4631437645021645,1899.300742496177,0.33808126467938193,0.013407793819400984,0.019576751193023625,0.2807952965913337,0.004382368758243031,0.3280816448731905,0.004502564141642795,0.011172274080120597,4.1863662758601095e-08,0.015674921949088816
526,6976,1.9644530836942673,0.1187238223060034,0.0722480778075019,0.0008314152514152514,0.0,0.0,0.0008314152514152514,0.0,0.0,0.0,1.0,0.0,0.4631683930735931,1899.3020682678698,0.3504756310957839,0.012645687299684922,0.01875633381928736,0.17041666231605604,0.00021132496879880397,0.3726047041549168,0.06254885294911872,0.012331527685427666,9.27571092579349e-06,0.004240120127229963
527,5217,2.6773549625741855,0.4049224525269501,0.2127114303964393,0.0008320612720612721,0.0,0.0,0.0008320612720612721,0.0,0.0,0.0,1.0,0.0,0.46324078614718617,1899.305965221116,0.3504756310957839,0.012645687299684922,0.01875633381928736,0.17041672752194595,0.00021133062107000347,0.37260470424643183,0.0625487877432288,0.012331522033156466,9.275619410775704e-06,0.004240049086038811
528,5165,1.923807285115216,0.0813410139594544,0.0845323816679095,0.0008327938727938728,0.0,0.0,0.0008327938727938728,0.0,0.0,0.0,1.0,0.0,0.4633228813852814,1899.310384424719,0.3504756310957839,0.012645687299684922,0.01875633381928736,0.1704168014647871,0.00021133703099698756,0.3726047043502164,0.06254871380038765,0.012331515623229483,9.275515626183672e-06,0.004239968525701521
529,6498,3.2298830303290265,0.108233139050867,0.1491987375143335,0.0008330236430236431,0.0,0.0,0.0,0.0008330236430236431,0.0,0.0,0.0,1.0,0.46334862943722943,1899.31177044291,0.33808126467938193,0.013407793819400984,0.019576751193023625,0.28079578376156616,0.004382944469469572,0.3280816448805621,0.004502076971410307,0.011171698368894055,4.185629121078449e-08,0.015673859052886874
530,5353,1.7965090601721467,0.0515461207025979,0.0954845485070251,0.0008334465534465535,0.0,0.0,0.0008334465534465535,0.0,0.0,0.0,1.0,0.0,0.46339602077922076,1899.314321513932,0.3504756310957839,0.012645687299684922,0.01875633381928736,0.1704168673397461,0.00021134274178172269,0.3726047044426754,0.06254864792542866,0.012331509912444747,9.27542316719876e-06,0.004239896755039885
531,6654,1.168171776747304,0.1348607061819024,0.0314814013325194,0.0008340459540459542,0.0,0.0,0.0,0.0008340459540459542,0.0,0.0,0.0,1.0,0.4634631896103896,1899.317937191962,0.33808126467938193,0.013407793819400984,0.019576751193023625,0.28079605617826026,0.004383266435050772,0.3280816448846852,0.0045018045547162155,0.011171376403312856,4.185216806451564e-08,0.015673264662365183
532,6628,3.32777660546723,0.033578417343214,0.219436614915125,0.0008356310356310356,0.0,0.0,0.0,0.0008356310356310356,0.0,0.0,0.0,1.0,0.46364081385281386,1899.3274985771513,0.33808126467938193,0.013407793819400984,0.019576751193023625,0.28079647854519757,0.004383765679420925,0.32808164489107344,0.004501382187778902,0.011170877158942702,4.1845779841231945e-08,0.015672343038281245
533,5393,1.7844336128320246,0.1026586756768731,0.027866506205288,0.0008360572760572761,0.0,0.0,0.0008360572760572761,0.0,0.0,0.0,1.0,0.0,0.46368857835497834,1899.3300696874983,0.3504756310957839,0.012645687299684922,0.01875633381928736,0.17041713082276688,0.00021136558605827375,0.3726047048125116,0.06254838444240787,0.012331487068168197,9.275053330981553e-06,0.004239609688070023
534,5469,1.291415084122579,0.1608338168476217,0.1660703553908047,0.0008362937062937064,0.0,0.0,0.0008362937062937064,0.0,0.0,0.0,1.0,0.0,0.46371507272727275,1899.3314958468986,0.3504756310957839,0.012645687299684922,0.01875633381928736,0.1704171546825227,0.00021136765495263156,0.37260470484600555,0.06254836058265206,0.01233148499927384,9.275019837051701e-06,0.004239583692431936
535,5348,1.4171116070292344,0.6155679025030817,0.1115353401278931,0.0008372227772227773,0.0,0.0,0.0008372227772227773,0.0,0.0,0.0,1.0,0.0,0.46381918441558445,1899.3371000274437,0.3504756310957839,0.012645687299684922,0.01875633381928736,0.17041724844060144,0.00021137578498448586,0.37260470497761733,0.06254826682457332,0.012331476869241985,9.274888225274669e-06,0.004239481541097767
536,5004,1.7911839526646127,0.3777818244723602,0.1107532526379061,0.0008372627372627373,0.0,0.0,0.0008372627372627373,0.0,0.0,0.0,1.0,0.0,0.46382366233766237,1899.3373410666345,0.3504756310957839,0.012645687299684922,0.01875633381928736,0.17041725247291534,0.0002113761346674685,0.37260470498327475,0.06254826279225942,0.012331476519559001,9.274882567855691e-06,0.004239477147786053
537,6860,2.8343758924093456,0.6020458042740758,0.3356319021625699,0.0008372627372627373,0.0,0.0,0.0,0.0008372627372627373,0.0,0.0,0.0,1.0,0.46382366233766237,1899.3373410666345,0.33808126467938193,0.013407793819400984,0.019576751193023625,0.28079691331986306,0.0043842796590981255,0.328081644897653,0.00450094741311341,0.011170363179265501,4.183920027100996e-08,0.01567139427077946
538,5552,1.4975115558773686,0.1612959465971235,0.1549169553640621,0.0008373026973026974,0.0,0.0,0.0008373026973026974,0.0,0.0,0.0,1.0,0.0,0.4638281402597403,1899.3375821057564,0.3504756310957839,0.012645687299684922,0.01875633381928736,0.17041725650577172,0.00021137648435337023,0.372604704988936,0.06254825875940304,0.0123314761698731,9.274876906606444e-06,0.004239472753921447
539,5459,2.970779347108852,0.2439100289088481,0.1999735404220652,0.0008375824175824176,0.0,0.0,0.0,0.0008375824175824176,0.0,0.0,0.0,1.0,0.4638594857142857,1899.3392693776843,0.33808126467938193,0.013407793819400984,0.019576751193023625,0.2807969984986956,0.00438438036347537,0.3280816448989451,0.004500862234280867,0.011170262474888257,4.18379081934539e-08,0.01567120838498548
540,5508,2.5934712632229013,0.2234764417738223,0.1538362843765163,0.0008376490176490177,0.0,0.0,0.0,0.0008376490176490177,0.0,0.0,0.0,1.0,0.46386694891774893,1899.3396711086,0.33808126467938193,0.013407793819400984,0.019576751193023625,0.28079701624375986,0.004384401343485029,0.3280816448992096,0.0045008444892166155,0.011170241494878597,4.183764368281828e-08,0.015671169659382533
541,5830,1.927989352168572,0.1720427028432655,0.0932549483678818,0.0008376756576756578,0.0,0.0,0.0008376756576756578,0.0,0.0,0.0,1.0,0.0,0.4638699341991342,1899.3398318009124,0.3504756310957839,0.012645687299684922,0.01875633381928736,0.17041729414232884,0.00021137974809479134,0.37260470504176685,0.06254822112284592,0.012331472906131678,9.274824075755639e-06,0.004239431747961042
542,5310,3.485938417324277,0.0641422613160075,0.2974016383473057,0.0008388111888111888,0.0,0.0,0.0,0.0008388111888111888,0.0,0.0,0.0,1.0,0.46399718181818184,1899.3466812823517,0.33808126467938193,0.013407793819400984,0.019576751193023625,0.2807973258982526,0.00438476746379311,0.3280816449038979,0.004500534834723846,0.011169875374570516,4.1832955377518743e-08,0.015670493875205027
543,4194,1.2342639361587808,0.0791349477461198,0.0825461748884634,0.0008392141192141193,0.0,0.0008392141192141193,0.0,0.0,0.0,1.0,0.0,0.0,0.4640423341991342,1899.349111730172,0.30544261328835104,0.010192697537748036,0.014472362178626647,0.006836568755132676,2.5100875681584385e-06,0.35982835294324245,0.26760942800866266,0.015616212683848203,0.019999254516820164,0.0006504175224719688
544,5026,1.514415872943232,0.0749838005320926,0.1574636184362613,0.0008394072594072595,0.0,0.0,0.0008394072594072595,0.0,0.0,0.0,1.0,0.0,0.4640639774891775,1899.3502767357413,0.3504756310957839,0.012645687299684922,0.01875633381928736,0.1704174688764744,0.00021139490166741234,0.37260470528706297,0.06254804638870035,0.012331457752559057,9.274578779638887e-06,0.004239241369650593
545,6595,3.0277911836683127,0.1244632870663252,0.2438443567538969,0.0008402597402597403,0.0,0.0,0.0,0.0008402597402597403,0.0,0.0,0.0,1.0,0.4641595064935065,1899.3554188101132,0.33808126467938193,0.013407793819400984,0.019576751193023625,0.2807977118460926,0.004385223839711009,0.32808164490973524,0.004500148886883881,0.01116941899865262,4.182711804689987e-08,0.015669651539772622
546,5423,1.9871661500788096,0.1252664433434968,0.1462314310619793,0.0008410855810855811,0.0,0.0,0.0008410855810855811,0.0,0.0,0.0,1.0,0.0,0.4642520502164502,1899.3604001648444,0.3504756310957839,0.012645687299684922,0.01875633381928736,0.1704176382238954,0.0002114095897450518,0.372604705524809,0.06254787704127934,0.012331443064481418,9.274341033593814e-06,0.004239056858659884
547,6064,2.9471290894467046,0.1135568937003592,0.1845300017356654,0.0008423576423576424,0.0,0.0,0.0,0.0008423576423576424,0.0,0.0,0.0,1.0,0.4643945974025974,1899.36807300061,0.33808126467938193,0.013407793819400984,0.019576751193023625,0.28079827078406344,0.00438588487119678,0.3280816449181912,0.00449958994891303,0.011168757967166848,4.181866208874396e-08,0.01566843155340414
548,6373,1.8326959092859492,0.1139498495510633,0.1130630911610514,0.0008431768231768232,0.0,0.0,0.0008431768231768232,0.0,0.0,0.0,1.0,0.0,0.4644863948051948,1899.3730141093022,0.3504756310957839,0.012645687299684922,0.01875633381928736,0.17041784922093184,0.00021142789261029832,0.37260470582104616,0.06254766604424292,0.012331424761616172,9.274044796447889e-06,0.004238826966283971
549,5703,2.8788411718872777,0.6046358889595669,0.3575725280372296,0.0008440992340992341,0.0,0.0,0.0,0.0008440992340992341,0.0,0.0,0.0,1.0,0.46458976017316017,1899.3785778434742,0.33808126467938193,0.013407793819400984,0.019576751193023625,0.2807987347722568,0.004386433697963024,0.32808164492521624,0.004499125960719663,0.011168209140400603,4.1811637041533345e-08,0.015667418724394366
550,923,1.517341691681659,0.085465724203395,0.0590317672189445,0.000844925074925075,0.000844925074925075,0.0,0.0,0.0,1.0,0.0,0.0,0.0,0.4646823038961039,1899.3835590617825,0.38190021850282097,0.022718381307491074,0.03317116181496154,0.003536971860077465,1.2270495785137707e-06,0.1826439423310535,0.31873854799483914,0.017570727699763953,0.039718821439413854,0.00047180289620413207
551,5245,1.718159793373534,0.0603723795942326,0.0758309428380951,0.0008451015651015652,0.0,0.0,0.0,0.0008451015651015652,0.0,0.0,0.0,1.0,0.4647020813852814,1899.384623592535,0.33808126467938193,0.013407793819400984,0.019576751193023625,0.2807990018014632,0.004386749588859047,0.32808164492925124,0.00449885893151325,0.01116789324950458,4.180760204697265e-08,0.015666835796221856
552,6752,1.961991004584312,0.1582119624004326,0.0802634694968811,0.0008458641358641359,0.0,0.0,0.0008458641358641359,0.0,0.0,0.0,1.0,0.0,0.4647875350649351,1899.3892231533996,0.3504756310957839,0.012645687299684922,0.01875633381928736,0.1704181203349196,0.0002114514140964088,0.37260470620171227,0.06254739493025516,0.01233140124013006,9.273664130338144e-06,0.004238531569477844
553,6951,2.9657127472554414,0.0310280895612501,0.0481345374918049,0.000846027306027306,0.0,0.0,0.0,0.000846027306027306,0.0,0.0,0.0,1.0,0.4648058199134199,1899.3902073356628,0.33808126467938193,0.013407793819400984,0.019576751193023625,0.28079924842125514,0.004387041359377701,0.3280816449329798,0.004498612311721328,0.011167601478985927,4.1803873473966746e-08,0.015666297398454154
554,5872,1.9038782033098012,0.1496410096952868,0.006015635463699,0.0008463536463536464,0.0,0.0,0.0008463536463536464,0.0,0.0,0.0,1.0,0.0,0.4648423896103896,1899.3921756967522,0.3504756310957839,0.012645687299684922,0.01875633381928736,0.1704181697169335,0.0002114556988870948,0.3726047062710561,0.06254734554824126,0.012331396955339375,9.27359478652967e-06,0.004238477763985671
555,6540,2.603800937480658,0.7707912771383778,0.34422498311794,0.0008464169164169165,0.0,0.0,0.0008464169164169165,0.0,0.0,0.0,1.0,0.0,0.4648494796536797,1899.3925573172498,0.3504756310957839,0.012645687299684922,0.01875633381928736,0.17041817609953208,0.00021145625270805959,0.3726047062800173,0.06254733916564267,0.01233139640151841,9.273585825309016e-06,0.00423847080964368
556,6895,1.782339987983464,0.1896516855052741,0.0289298242883375,0.0008470529470529471,0.0,0.0,0.0008470529470529471,0.0,0.0,0.0,1.0,0.0,0.46492075324675325,1899.3963935979439,0.3504756310957839,0.012645687299684922,0.01875633381928736,0.17041824026127286,0.00021146182012879046,0.37260470637011267,0.06254727500390189,0.01233139083409768,9.273495729933412e-06,0.0042384009002914835
557,6428,1.5698659992806632,0.0639620077948194,0.091109575862359,0.0008472161172161173,0.0,0.0,0.0008472161172161173,0.0,0.0,0.0,1.0,0.0,0.46493903809523807,1899.3973777718613,0.3504756310957839,0.012645687299684922,0.01875633381928736,0.1704182567214018,0.00021146324843759087,0.37260470639322624,0.06254725854377297,0.01233138940578888,9.273472616366796e-06,0.004238382965626619
558,6668,2.652345950279136,0.1105958344309538,0.1559142694352169,0.000847942057942058,0.0,0.0,0.000847942057942058,0.0,0.0,0.0,1.0,0.0,0.46502038701298704,1899.4017563276498,0.3504756310957839,0.012645687299684922,0.01875633381928736,0.1704183299506959,0.00021146960303954258,0.37260470649605576,0.06254718531447886,0.012331383051186928,9.273369786844121e-06,0.004238303176071434
559,4263,1.3465765172757207,0.0367750876863741,0.0154514380694671,0.0008488411588411589,0.0008488411588411589,0.0,0.0,0.0,1.0,0.0,0.0,0.0,0.4651211402597403,1899.4071792781588,0.38190021850282097,0.022718381307491074,0.03317116181496154,0.003536881597483041,1.227209645479317e-06,0.1826440143719156,0.31873863825743354,0.017570727539696986,0.039718749398551745,0.000471748917007353
560,5371,1.5636667610300292,0.0408346963133643,0.1428416705470589,0.0008488578088578089,0.0,0.0,0.0,0.0008488578088578089,0.0,0.0,0.0,1.0,0.4651230060606061,1899.4072797028405,0.33808126467938193,0.013407793819400984,0.019576751193023625,0.2808000024449972,0.004387933568470555,0.3280816449443815,0.004497858287979273,0.011166709269893074,4.17924717610596e-08,0.0156646511428159
561,5058,2.0840718531339233,0.4744372991202701,0.1067048815435901,0.0008489044289044289,0.0,0.0,0.0008489044289044289,0.0,0.0,0.0,1.0,0.0,0.4651282303030303,1899.407560891885,0.3504756310957839,0.012645687299684922,0.01875633381928736,0.17041842702672788,0.00021147802747672827,0.3726047066323757,0.06254708823844687,0.012331374626749741,9.273233466888797e-06,0.004238197402962496
562,5233,1.331025124114485,0.0762860512572583,0.1003706495706043,0.0008496370296370298,0.0,0.0,0.0008496370296370298,0.0,0.0,0.0,1.0,0.0,0.46521032554112557,1899.4119795645906,0.3504756310957839,0.012645687299684922,0.01875633381928736,0.17041850092319272,0.00021148444070987808,0.37260470673615015,0.06254701434198204,0.012331368213516592,9.273129692455306e-06,0.004238116885715515
563,3539,1.4504907550962824,0.055494833835712,0.048698484016754,0.0008496736596736598,0.0,0.0008496736596736598,0.0,0.0,0.0,1.0,0.0,0.0,0.46521443030303034,1899.41220049762,0.30544261328835104,0.010192697537748036,0.014472362178626647,0.006836143942083439,2.510975196451717e-06,0.3598286626649195,0.2676098528217119,0.015616211796219909,0.019998944795143136,0.0006502220045389029
564,5382,1.96083298169085,0.1807800108498999,0.1044481021173056,0.0008498268398268398,0.0,0.0,0.0008498268398268398,0.0,0.0,0.0,1.0,0.0,0.4652315956709957,1899.413124398753,0.3504756310957839,0.012645687299684922,0.01875633381928736,0.1704185200688188,0.0002114861023439843,0.3726047067630333,0.06254699519635595,0.012331366551882486,9.273102809292944e-06,0.004238096024689053
565,5791,1.7419854036171063,0.2551395912648429,0.0247313681592935,0.0008506959706959708,0.0,0.0,0.0008506959706959708,0.0,0.0,0.0,1.0,0.0,0.4653289904761905,1899.418366514328,0.3504756310957839,0.012645687299684922,0.01875633381928736,0.17041860773367742,0.00021149371100139328,0.3726047068861469,0.06254690753149733,0.012331358943225077,9.272979695718053e-06,0.004238000504945827
566,5420,3.468065264244394,0.0236629379006544,0.3067281206512699,0.0008507792207792208,0.0,0.0,0.0,0.0008507792207792208,0.0,0.0,0.0,1.0,0.4653383194805195,1899.4188686309724,0.33808126467938193,0.013407793819400984,0.019576751193023625,0.2808005142679425,0.004388539310656253,0.3280816449521241,0.004497346465033969,0.011166103527707374,4.178472917670817e-08,0.015663533562199627
567,2957,1.3358606508585302,0.0150977026065581,0.0682180910627062,0.0008511754911754913,0.0008511754911754913,0.0,0.0,0.0,1.0,0.0,0.0,0.0,0.46538272554112553,1899.4212587021127,0.38190021850282097,0.022718381307491074,0.03317116181496154,0.0035368277916933586,1.2273050655601903e-06,0.1826440573228613,0.31873869206322325,0.017570727444276908,0.039718706447606056,0.0004717167254855714
568,5146,2.800001753011272,0.1118048741124181,0.1391610924350301,0.0008521511821511822,0.0,0.0,0.0008521511821511822,0.0,0.0,0.0,1.0,0.0,0.46549206147186145,1899.4271434703264,0.3504756310957839,0.012645687299684922,0.01875633381928736,0.17041875450713773,0.00021150645085398327,0.37260470709227694,0.06254676075803703,0.012331346203372487,9.272773565660586e-06,0.00423784057937282
569,5448,1.870375312912856,0.27280660979292,0.0179973594870392,0.0008525907425907427,0.0,0.0,0.0,0.0008525907425907427,0.0,0.0,0.0,1.0,0.4655413186147186,1899.4297946153206,0.33808126467938193,0.013407793819400984,0.019576751193023625,0.2808009967996417,0.00438911047574878,0.32808164495942516,0.00449686393333476,0.011165532362614847,4.177742812805363e-08,0.01566247985080582
570,5116,2.715549451687084,0.0783166916435941,0.0567235458258383,0.0008536596736596737,0.0,0.0,0.0,0.0008536596736596737,0.0,0.0,0.0,1.0,0.46566110303030306,1899.4362416832332,0.33808126467938193,0.013407793819400984,0.019576751193023625,0.28080128151977507,0.004389447535217369,0.32808164496372333,0.0044965792132014015,0.011165195303146257,4.1773129955124944e-08,0.01566185806260756
571,6826,1.8131442793611656,0.1490821069151409,0.1413794604730675,0.0008546453546453548,0.0,0.0,0.0008546453546453548,0.0,0.0,0.0,1.0,0.0,0.4657715584415585,1899.4421865994882,0.3504756310957839,0.012645687299684922,0.01875633381928736,0.17041900605214438,0.00021152828775580784,0.37260470744556967,0.06254650921303037,0.012331324366470662,9.27242027293218e-06,0.004237566490878919
572,5706,1.402892607426928,0.111645315688185,0.1328309011831824,0.0008547585747585749,0.0,0.0,0.0008547585747585749,0.0,0.0,0.0,1.0,0.0,0.4657842458874459,1899.442869458814,0.3504756310957839,0.012645687299684922,0.01875633381928736,0.17041901747052485,0.00021152927905812675,0.3726047074616062,0.06254649779464991,0.012331323375168343,9.272404236426723e-06,0.004237554049123182
573,5462,2.833016788666447,0.1361474178352028,0.2005189650557472,0.0008551981351981352,0.0,0.0,0.0008551981351981352,0.0,0.0,0.0,1.0,0.0,0.465833503030303,1899.4455205544996,0.3504756310957839,0.012645687299684922,0.01875633381928736,0.17041906179885716,0.00021153312766982482,0.37260470752386604,0.0625464534663176,0.012331319526556646,9.272341976562792e-06,0.004237505747659354
574,5003,1.6175059666769471,0.1186304224399626,0.0079988442586491,0.0008555278055278055,0.0,0.0,0.0008555278055278055,0.0,0.0,0.0,1.0,0.0,0.46587044588744586,1899.4475088708084,0.3504756310957839,0.012645687299684922,0.01875633381928736,0.17041909504456404,0.0002115360141622806,0.3726047075705622,0.06254642022061072,0.01233131664006419,9.272295280415843e-06,0.004237469522067827
575,5778,18.705440213108258,0.3863620089441737,0.5189860642932812,0.0008556277056277057,0.0,0.0,0.0,0.0008556277056277057,0.0,0.0,0.0,1.0,0.4658816406926407,1899.448111389979,0.33808126467938193,0.013407793819400984,0.019576751193023625,0.2808018057072718,0.004390068161519801,0.3280816449716504,0.004496055025704659,0.011164574676843828,4.176520290721797e-08,0.01566071323295437
576,6807,1.614140138172644,0.0673109515762809,0.1370336196577884,0.0008560339660339661,0.0,0.0,0.0008560339660339661,0.0,0.0,0.0,1.0,0.0,0.46592716623376623,1899.4505616301822,0.3504756310957839,0.012645687299684922,0.01875633381928736,0.17041914608799544,0.00021154044600679088,0.372604707642261,0.06254636917717932,0.01233131220821968,9.27222358160229e-06,0.0042374139033941605
577,6899,2.763132659760573,0.7848595827873965,0.1775661786994383,0.000856067266067266,0.0,0.0,0.000856067266067266,0.0,0.0,0.0,1.0,0.0,0.46593089783549785,1899.4507624692283,0.3504756310957839,0.012645687299684922,0.01875633381928736,0.17041914944608738,0.00021154073757793975,0.37260470764697695,0.06254636581908737,0.01233131191664853,9.272218865652437e-06,0.0042374102442992445
578,6451,1.8579358479392796,0.2844255263746716,0.0621917458525803,0.0008562171162171163,0.0,0.0,0.0,0.0008562171162171163,0.0,0.0,0.0,1.0,0.46594769004329006,1899.451666244345,0.33808126467938193,0.013407793819400984,0.019576751193023625,0.28080196269336594,0.004390254049349588,0.3280816449740291,0.004495898039610535,0.011164388789014039,4.176282419887656e-08,0.015660370354273034
579,6810,1.719276331566336,0.0914444253601371,0.0122583462738564,0.0008568831168831169,0.0,0.0,0.0008568831168831169,0.0,0.0,0.0,1.0,0.0,0.46602232207792205,1899.455683010954,0.3504756310957839,0.012645687299684922,0.01875633381928736,0.17041923171771262,0.00021154788116243875,0.3726047077625355,0.06254628354746214,0.01233130477306403,9.272103307089719e-06,0.004237320597972438
580,6546,1.5941737818021793,0.0270745491972129,0.0421565399741757,0.000856959706959707,0.0,0.0,0.000856959706959707,0.0,0.0,0.0,1.0,0.0,0.4660309047619048,1899.4561449378907,0.3504756310957839,0.012645687299684922,0.01875633381928736,0.17041923944089016,0.0002115485517931223,0.37260470777338695,0.0625462758242846,0.012331304102433348,9.272092455658854e-06,0.00423731218246115
581,6952,3.16955712243069,0.1828671730856542,0.1192467308151622,0.0008572394272394272,0.0,0.0,0.0,0.0008572394272394272,0.0,0.0,0.0,1.0,0.4660622502164502,1899.4578319732543,0.33808126467938193,0.013407793819400984,0.019576751193023625,0.28080223497521506,0.004390576481110487,0.32808164497814346,0.004495625757761412,0.01116406635725314,4.17587098233696e-08,0.015659775632434147
582,5647,1.6420793320957812,0.0454524835323465,0.0269519009235326,0.0008572793872793873,0.0,0.0,0.0008572793872793873,0.0,0.0,0.0,1.0,0.0,0.4660667281385281,1899.4580729780316,0.3504756310957839,0.012645687299684922,0.01875633381928736,0.17041927167716245,0.0002115513509671598,0.37260470781866634,0.0625462435880123,0.01233130130325931,9.272047176267506e-06,0.004237277056456157
583,6759,1.542572450734567,0.1039791071807405,0.1171216999713544,0.0008573193473193473,0.0,0.0,0.0008573193473193473,0.0,0.0,0.0,1.0,0.0,0.46607120606060604,1899.4583139827398,0.3504756310957839,0.012645687299684922,0.01875633381928736,0.1704192757067643,0.0002115517008662712,0.37260470782432603,0.06254623955841046,0.0123313009533602,9.272041516572571e-06,0.004237272665635783
584,5080,3.2443567548562773,0.0370469365455965,0.2907598214707428,0.0008573959373959374,0.0,0.0,0.0,0.0008573959373959374,0.0,0.0,0.0,1.0,0.4660797887445888,1899.458775908239,0.33808126467938193,0.013407793819400984,0.019576751193023625,0.28080227665957586,0.004390625845472067,0.32808164497877007,0.004495584073400616,0.01116401699289156,4.17580832134945e-08,0.01565968458245859
585,6337,1.83607385173452,0.0937409336835433,0.1242434363087634,0.0008574891774891775,0.0,0.0,0.0008574891774891775,0.0,0.0,0.0,1.0,0.0,0.4660902372294372,1899.4593382519845,0.3504756310957839,0.012645687299684922,0.01875633381928736,0.1704192928321653,0.00021155318794072476,0.37260470784838384,0.06254622243300945,0.012331299466285745,9.272017458761272e-06,0.0042372540050447105
586,6548,1.293451891561891,0.6030160743880981,0.1849538347999949,0.0008575457875457875,0.0,0.0,0.0008575457875457875,0.0,0.0,0.0,1.0,0.0,0.46609658095238093,1899.45967967479,0.3504756310957839,0.012645687299684922,0.01875633381928736,0.1704192985408131,0.00021155368363485834,0.372604707856403,0.06254621672436164,0.012331298970591612,9.272009439620366e-06,0.0042372477846643886
587,6293,2.8293800621279845,0.1509540360922738,0.2120756675067372,0.000857985347985348,0.0,0.0,0.0,0.000857985347985348,0.0,0.0,0.0,1.0,0.46614583809523813,1899.462330717767,0.33808126467938193,0.013407793819400984,0.019576751193023625,0.2808024336390274,0.004390811753291945,0.32808164498114223,0.004495427093949067,0.011163831085071681,4.1755711055468936e-08,0.015659341690442807
588,6078,1.4945318066010138,0.1912254906359338,0.0145050641327396,0.000858081918081918,0.0,0.0,0.000858081918081918,0.0,0.0,0.0,1.0,0.0,0.4661566597402597,1899.4629131427614,0.3504756310957839,0.012645687299684922,0.01875633381928736,0.1704193526022421,0.0002115583781823525,0.3726047079323418,0.06254616266293264,0.012331294276044118,9.27193350080957e-06,0.00423718887681046
589,6730,1.8378045317870113,0.0727688234850435,0.1454058743691743,0.0008587678987678988,0.0,0.0,0.0008587678987678988,0.0,0.0,0.0,1.0,0.0,0.46623353073593077,1899.4670503570394,0.3504756310957839,0.012645687299684922,0.01875633381928736,0.17041942177264408,0.0002115643849837552,0.3726047080295057,0.06254609349253068,0.012331288269242714,9.271836336921524e-06,0.004237113505279222
590,6181,2.776204238979259,0.5742298023379523,0.6125898278618616,0.0008591575091575092,0.0,0.0,0.0008591575091575092,0.0,0.0,0.0,1.0,0.0,0.4662771904761905,1899.469400125066,0.3504756310957839,0.012645687299684922,0.01875633381928736,0.17041946105760075,0.0002115677966682086,0.37260470808468926,0.062546054207574,0.012331284857558262,9.271781153341596e-06,0.0042370706982709505
591,6712,1.7747027296899371,0.1183636975634341,0.0543599866579871,0.0008592540792540793,0.0,0.0,0.0008592540792540793,0.0,0.0,0.0,1.0,0.0,0.4662880121212121,1899.469982545191,0.3504756310957839,0.012645687299684922,0.01875633381928736,0.17041947079503678,0.00021156864230672336,0.3726047080983693,0.06254604447013798,0.012331284011919746,9.271767473284509e-06,0.0042370600878363085
592,5449,1.0374928829834527,0.0771829216322711,0.0946061542827682,0.0008598701298701299,0.0,0.0,0.0008598701298701299,0.0,0.0,0.0,1.0,0.0,0.46635704675324674,1899.473697974475,0.3504756310957839,0.012645687299684922,0.01875633381928736,0.1704195329113302,0.0002115740369514964,0.3726047081856289,0.06254598235384456,0.012331278617274974,9.271680213696065e-06,0.0042369924023789585
593,5016,1.8315665752944732,0.1864526748499119,0.1723593703029449,0.000860942390942391,0.0,0.0,0.000860942390942391,0.0,0.0,0.0,1.0,0.0,0.46647720432900436,1899.4801647908287,0.3504756310957839,0.012645687299684922,0.01875633381928736,0.17041964102388235,0.00021158342679215278,0.37260470833750586,0.0625458742412924,0.012331269227434317,9.271528336740609e-06,0.004236874596232121
594,6763,1.3938928471151115,0.2690303622592404,0.0484237327029988,0.0008610223110223111,0.0,0.0,0.0,0.0008610223110223111,0.0,0.0,0.0,1.0,0.4664861601731602,1899.4806467875824,0.33808126467938193,0.013407793819400984,0.019576751193023625,0.2808032424539931,0.004391769761670644,0.3280816449933688,0.004494618278983398,0.011162873076692982,4.1743484502365646e-08,0.015657574842645294
595,6437,1.9781789904234113,0.2906703425052751,0.0090853843844725,0.0008614019314019314,0.0,0.0,0.0008614019314019314,0.0,0.0,0.0,1.0,0.0,0.4665287004329004,1899.4829362684095,0.3504756310957839,0.012645687299684922,0.01875633381928736,0.1704196873564386,0.00021158745110358526,0.37260470840259635,0.06254582790873617,0.012331265203122884,9.271463246252054e-06,0.004236824109183468
596,6425,1.5836849217295448,0.0500036440307951,0.1312776947012913,0.0008614185814185815,0.0,0.0,0.0008614185814185815,0.0,0.0,0.0,1.0,0.0,0.46653056623376626,1899.4830366840933,0.3504756310957839,0.012645687299684922,0.01875633381928736,0.17041968903521335,0.00021158759691336876,0.3726047084049545,0.06254582622996141,0.012331265057313101,9.271460888082839e-06,0.004236822279882646
597,5451,3.255981374315686,0.0292468512381926,0.1075455388736299,0.0008614785214785215,0.0,0.0,0.0,0.0008614785214785215,0.0,0.0,0.0,1.0,0.46653728311688314,1899.4833981804563,0.33808126467938193,0.013407793819400984,0.019576751193023625,0.2808033639489625,0.0043919136886092485,0.32808164499520515,0.004494496784013979,0.011162729149754379,4.1741648137971765e-08,0.015657309417064558
598,5862,1.5916517640462091,0.0456897772119169,0.0692501865038803,0.0008624775224775226,0.0,0.0,0.0008624775224775226,0.0,0.0,0.0,1.0,0.0,0.46664923116883117,1899.4894230970845,0.3504756310957839,0.012645687299684922,0.01875633381928736,0.17041979579877914,0.00021159687054838388,0.3726047085549445,0.06254571946639562,0.012331255783678087,9.271310898117946e-06,0.004236705942701979
599,6988,2.3916557917435193,0.5855270402505464,0.2237772325025337,0.0008646653346653348,0.0,0.0,0.0008646653346653348,0.0,0.0,0.0,1.0,0.0,0.4668943974025974,1899.502617514525,0.3504756310957839,0.012645687299684922,0.01875633381928736,0.17042001636266205,0.0002116160311787684,0.3726047088648241,0.06254549890251271,0.0123312366230477,9.271001018495983e-06,0.004236465598429384
600,5375,1.4279933601418646,0.2009689043833876,0.1258418181834563,0.0008646953046953048,0.0,0.0,0.0008646953046953048,0.0,0.0,0.0,1.0,0.0,0.4668977558441558,1899.5027982585395,0.3504756310957839,0.012645687299684922,0.01875633381928736,0.1704200193839142,0.00021161629366185606,0.37260470886907526,0.06254549588126054,0.012331236360564614,9.270996767341e-06,0.0042364623061919016
601,4994,1.1592037710562495,0.3386743735871667,0.0936273912133074,0.0008656010656010656,0.0,0.0008656010656010656,0.0,0.0,0.0,1.0,0.0,0.0,0.4669992554112554,1899.5082607260845,0.30544261328835104,0.010192697537748036,0.014472362178626647,0.006835496938547124,2.512327204055232e-06,0.3598291342986864,0.2676104998252482,0.015616210444212306,0.019998473161376207,0.0006499243885337291
602,6301,1.3093641923424664,0.1692164235597477,0.1080506629272052,0.0008661272061272061,0.0,0.0,0.0008661272061272061,0.0,0.0,0.0,1.0,0.0,0.4670582147186147,1899.5114337608793,0.3504756310957839,0.012645687299684922,0.01875633381928736,0.17042016373088048,0.0002116288348109719,0.37260470907188453,0.06254535153429427,0.012331223819415498,9.270793958071621e-06,0.004236305012457864
603,6350,1.6476855555914747,0.2537887710304208,0.016168830628613,0.0008661371961371961,0.0,0.0,0.0,0.0008661371961371961,0.0,0.0,0.0,1.0,0.4670593341991342,1899.5114940082601,0.33808126467938193,0.013407793819400984,0.019576751193023625,0.28080460454975215,0.004393383659348206,0.3280816450139504,0.004493256183224326,0.01116125917901542,4.172290291037939e-08,0.01565459880804554
604,6935,3.4962428263580514,0.04595624628947,0.3818017964636301,0.0008667998667998668,0.0,0.0,0.0,0.0008667998667998668,0.0,0.0,0.0,1.0,0.4671335930735931,1899.5154904082713,0.33808126467938193,0.013407793819400984,0.019576751193023625,0.2808047810079887,0.004393592789000176,0.3280816450166167,0.0044930797249877474,0.011161050049363451,4.172023659876345e-08,0.01565421321482441
605,5291,1.9920038519219692,0.2369518739572629,0.1551793990943542,0.000867032967032967,0.0,0.0,0.000867032967032967,0.0,0.0,0.0,1.0,0.0,0.4671597142857143,1899.5168961726279,0.3504756310957839,0.012645687299684922,0.01875633381928736,0.17042025503507335,0.0002116367681021743,0.37260470920017424,0.0625452602301014,0.012331215886124295,9.270665668359435e-06,0.00423620551839432
606,5804,1.9354034920351395,0.0699641909218407,0.1539168267267687,0.0008676456876456877,0.0,0.0,0.0008676456876456877,0.0,0.0,0.0,1.0,0.0,0.46722837575757575,1899.5205913135035,0.3504756310957839,0.012645687299684922,0.01875633381928736,0.1704203167977121,0.00021164213486406794,0.37260470928695794,0.06254519846746265,0.012331210519362402,9.27057888466809e-06,0.004236138215426455
607,6071,1.2677661249870162,0.075140258448847,0.1428930947056483,0.0008707326007326007,0.0,0.0,0.0008707326007326007,0.0,0.0,0.0,1.0,0.0,0.46757429523809524,1899.5392073482367,0.3504756310957839,0.012645687299684922,0.01875633381928736,0.17042062793895157,0.00021166917437379402,0.37260470972417303,0.06254488732622318,0.012331183479852676,9.27014166957063e-06,0.004235799160246967
608,5270,3.1023131136264612,0.2131677698250858,0.270986868506339,0.0008711322011322011,0.0,0.0,0.0,0.0008711322011322011,0.0,0.0,0.0,1.0,0.46761907445887446,1899.5416171609527,0.33808126467938193,0.013407793819400984,0.019576751193023625,0.28080593457798675,0.004394960228241244,0.32808164503404624,0.004491926154989723,0.011159682610122384,4.1702807040966405e-08,0.01565169217072615
609,6874,3.2665212143813767,0.0597123700772412,0.2505206664524987,0.0008723742923742924,0.0,0.0,0.0,0.0008723742923742924,0.0,0.0,0.0,1.0,0.4677582632034632,1899.5491076182827,0.33808126467938193,0.013407793819400984,0.019576751193023625,0.28080626528954833,0.004395352344528951,0.3280816450390447,0.004491595443428142,0.011159290493834677,4.169780859486494e-08,0.015650969332880016
610,5345,1.3341670193978576,0.1457213856356475,0.0948717875731352,0.0008725907425907426,0.0,0.0,0.0008725907425907426,0.0,0.0,0.0,1.0,0.0,0.46778251861471865,1899.5504129190697,0.3504756310957839,0.012645687299684922,0.01875633381928736,0.17042081521047994,0.0002116854518146453,0.37260470998735057,0.06254470005469481,0.012331167202411824,9.26987849203531e-06,0.004235595084922772
611,1960,1.4361604530242207,0.0300464399122077,0.1468242526765594,0.0008727372627372628,0.0,0.0008727372627372628,0.0,0.0,0.0,1.0,0.0,0.0,0.46779893766233765,1899.5512965061505,0.30544261328835104,0.010192697537748036,0.014472362178626647,0.006835207007626748,2.5129331055280685e-06,0.3598293456141418,0.2676107897561686,0.015616209838310833,0.019998261845920795,0.0006497910826418485
612,6897,1.7914728078912758,0.3454903294102061,0.1634080625605691,0.0008734265734265735,0.0,0.0,0.0008734265734265735,0.0,0.0,0.0,1.0,0.0,0.4678761818181818,1899.5554533693437,0.3504756310957839,0.012645687299684922,0.01875633381928736,0.17042089944483427,0.00021169277404755522,0.37260471010573143,0.06254461582034049,0.012331159880178915,9.26976011117464e-06,0.004235503291573739
613,6440,1.6493109562925197,0.241360693313024,0.0442854227066545,0.000873926073926074,0.0,0.0,0.000873926073926074,0.0,0.0,0.0,1.0,0.0,0.4679321558441559,1899.5584655762761,0.3504756310957839,0.012645687299684922,0.01875633381928736,0.17042094978312597,0.00021169714997467794,0.3726047101764763,0.06254456548204879,0.012331155504251791,9.269689366320222e-06,0.004235448435865208
614,4581,1.2952100325046911,0.0399188585931689,0.0738339140057354,0.000875048285048285,0.0,0.000875048285048285,0.0,0.0,0.0,1.0,0.0,0.0,0.4680579108225108,1899.5652329620384,0.30544261328835104,0.010192697537748036,0.014472362178626647,0.006835113108680486,2.5131293422935605e-06,0.3598294140461077,0.2676108836551148,0.015616209642074068,0.019998193413954923,0.0006497479214195856
615,4143,1.0262078422312575,0.165596361507163,0.0762971077795995,0.0008750516150516152,0.0,0.0008750516150516152,0.0,0.0,0.0,1.0,0.0,0.0,0.468058283982684,1899.5652530432212,0.30544261328835104,0.010192697537748036,0.014472362178626647,0.006835112973213677,2.513129625000366e-06,0.35982941414396685,0.2676108837905817,0.01561620964179136,0.019998193316095758,0.0006497478608853413
616,6853,2.778901038368304,0.4627942551419601,0.4531430449483819,0.0008755644355644357,0.0,0.0,0.0,0.0008755644355644357,0.0,0.0,0.0,1.0,0.4681157506493506,1899.5683455396743,0.33808126467938193,0.013407793819400984,0.019576751193023625,0.2808071146373788,0.004396359581382042,0.3280816450518697,0.004490746095597686,0.011158283256981585,4.1684983576040224e-08,0.01564911272254632
617,6591,1.7460844635702895,0.098070600251291,0.0301838469508588,0.000876010656010656,0.0,0.0,0.000876010656010656,0.0,0.0,0.0,1.0,0.0,0.4681657541125541,1899.5710364040067,0.3504756310957839,0.012645687299684922,0.01875633381928736,0.1704211598501917,0.00021171541289343175,0.3726047104717203,0.06254435541498304,0.012331137241333038,9.269394122324304e-06,0.004235219515392741
618,5965,1.6978650651666896,0.2059659291254849,0.0302996968014387,0.0008766733266733267,0.0,0.0,0.0008766733266733267,0.0,0.0,0.0,1.0,0.0,0.468240012987013,1899.575032522545,0.3504756310957839,0.012645687299684922,0.01875633381928736,0.1704212266255597,0.00021172121876307715,0.3726047105655771,0.06254428863961506,0.012331131435463393,9.269300265513092e-06,0.004235146746441432
619,5914,3.206688735352047,0.0311774382715178,0.1883391305376824,0.0008771495171495172,0.0,0.0,0.0,0.0008771495171495172,0.0,0.0,0.0,1.0,0.4682933748917749,1899.5779040935488,0.33808126467938193,0.013407793819400984,0.019576751193023625,0.28080753663033714,0.004396860120338911,0.32808164505824244,0.0044903241026393315,0.011157782718024716,4.1678610840367725e-08,0.015648190177885657
620,5503,1.3454861177351602,0.5311280677341284,0.1089948219318873,0.0008774525474525474,0.0,0.0,0.0008774525474525474,0.0,0.0,0.0,1.0,0.0,0.46832733246753244,1899.5797314518354,0.3504756310957839,0.012645687299684922,0.01875633381928736,0.17042130514312995,0.0002117280459157411,0.37260471067593726,0.06254421012204481,0.012331124608310729,9.269189905347641e-06,0.004235061180998256
621,6690,2.8298196253935006,0.0776670168273163,0.089522053456199,0.0008776689976689976,0.0,0.0,0.0,0.0008776689976689976,0.0,0.0,0.0,1.0,0.4683515878787879,1899.581036705336,0.33808126467938193,0.013407793819400984,0.019576751193023625,0.2808076749271202,0.004397024173048518,0.32808164506032944,0.0044901858058562505,0.01115761866531511,4.1676523843126034e-08,0.015647887824218998
622,5241,1.6875209855576094,0.0701550742698659,0.0975846240429587,0.0008781418581418582,0.0,0.0,0.0008781418581418582,0.0,0.0,0.0,1.0,0.0,0.46840457662337665,1899.5838881752034,0.3504756310957839,0.012645687299684922,0.01875633381928736,0.17042137459884224,0.00021173408545464286,0.3726047107735612,0.06254414066633252,0.012331118568771827,9.269092281383173e-06,0.004234985490499166
623,6007,1.6159692167539699,0.284976380557292,0.1247672932344754,0.0008782983682983684,0.0,0.0,0.0008782983682983684,0.0,0.0,0.0,1.0,0.0,0.46842211515151516,1899.584831969449,0.3504756310957839,0.012645687299684922,0.01875633381928736,0.17042139036874793,0.00021173545676873758,0.37260471079572993,0.06254412489642683,0.012331117197457733,9.269070112671862e-06,0.004234968304941855
624,4406,1.3279295509398963,0.1271090847051289,0.0575783416983211,0.0008785214785214785,0.0008785214785214785,0.0,0.0,0.0,1.0,0.0,0.0,0.0,0.46844711688311685,1899.586177376446,0.38190021850282097,0.022718381307491074,0.03317116181496154,0.0035361973612005665,1.2284232030879489e-06,0.18264456037688712,0.318739322493716,0.017570726326139378,0.03971820339358023,0.0004713399297891496
625,6650,3.067374417601487,0.0305259933420548,0.177319293710524,0.0008791175491175492,0.0,0.0,0.0,0.0008791175491175492,0.0,0.0,0.0,1.0,0.46851391255411257,1899.5897718115014,0.33808126467938193,0.013407793819400984,0.019576751193023625,0.28080806055478663,0.004397481656143175,0.32808164506615894,0.00448980017818984,0.011157161182220453,4.1670694339579484e-08,0.015647044701799007
626,6182,2.071591562138372,0.1055614135102084,0.1586787840044916,0.0008791408591408592,0.0,0.0,0.0008791408591408592,0.0,0.0,0.0,1.0,0.0,0.4685165246753247,1899.5899123756901,0.3504756310957839,0.012645687299684922,0.01875633381928736,0.17042147525644114,0.00021174283863710614,0.37260471091505,0.06254404000873362,0.012331109815589363,9.268950792618025e-06,0.004234875796740201
627,6426,1.5291024466001493,0.0442305269989681,0.036051504468757,0.00088002997002997,0.0,0.0,0.00088002997002997,0.0,0.0,0.0,1.0,0.0,0.46861615844155846,1899.5952738780147,0.3504756310957839,0.012645687299684922,0.01875633381928736,0.17042156483846602,0.0002117506291941617,0.3726047110409703,0.06254395042670874,0.012331102025032308,9.268824872288306e-06,0.004234778172317544
628,6200,1.6831795622159444,0.0553002256144208,0.0442912559298683,0.0008802364302364303,0.0,0.0,0.0008802364302364303,0.0,0.0,0.0,1.0,0.0,0.46863929437229435,1899.5965188661987,0.3504756310957839,0.012645687299684922,0.01875633381928736,0.17042158563954302,0.00021175243826625586,0.37260471107021415,0.06254392962563174,0.012331100215960214,9.268795628458726e-06,0.004234755503680909
629,5185,3.527606036032753,0.0762237946120523,0.2163123257396021,0.000880999000999001,0.0,0.0,0.0,0.000880999000999001,0.0,0.0,0.0,1.0,0.4687247480519481,1899.6011172744031,0.33808126467938193,0.013407793819400984,0.019576751193023625,0.28080856141012106,0.0043980759202998316,0.32808164507371396,0.004489299322855411,0.011156566918063795,4.166313932740806e-08,0.01564594956719778
630,6890,1.2624646261375108,0.1670035433041337,0.0537154005591441,0.0008812853812853813,0.0,0.0,0.0008812853812853813,0.0,0.0,0.0,1.0,0.0,0.4687568398268398,1899.6028441810668,0.3504756310957839,0.012645687299684922,0.01875633381928736,0.17042169132153315,0.0002117616297033318,0.3726047112187753,0.06254382394364161,0.012331091024523138,9.268647067295355e-06,0.0042346403331312565
631,5157,1.6855532950422725,0.0791719717159784,0.1350104711560404,0.000882967032967033,0.0,0.0,0.000882967032967033,0.0,0.0,0.0,1.0,0.0,0.46894528571428573,1899.612984666452,0.3504756310957839,0.012645687299684922,0.01875633381928736,0.17042186073946822,0.00021177636579687256,0.37260471145693774,0.06254365452570654,0.012331076288429598,9.268408904861136e-06,0.004234455702777917
632,4442,0.8912805434832481,0.2131369720097126,0.0780740036683766,0.0008843456543456544,0.0,0.0008843456543456544,0.0,0.0,0.0,1.0,0.0,0.0,0.469099774025974,1899.6212977657053,0.30544261328835104,0.010192697537748036,0.014472362178626647,0.006834735319866722,2.5139189062769497e-06,0.35982968935631454,0.2676112614439286,0.015616208852510085,0.01999791810374807,0.0006495743002556953
633,6509,1.1227049812824754,0.09114426494948,0.1599752546845763,0.0008845021645021645,0.0,0.0,0.0008845021645021645,0.0,0.0,0.0,1.0,0.0,0.46911731255411254,1899.6222415181824,0.3504756310957839,0.012645687299684922,0.01875633381928736,0.17042201538689739,0.00021178981861530815,0.37260471167435383,0.06254349987827737,0.012331062835611162,9.268191488776001e-06,0.004234287167698025
634,5368,1.458500624263139,0.0588995352802068,0.1127603798101168,0.0008852314352314353,0.0,0.0,0.0,0.0008852314352314353,0.0,0.0,0.0,1.0,0.4691990346320346,1899.6266389892335,0.33808126467938193,0.013407793819400984,0.019576751193023625,0.280809688039692,0.004399413006612577,0.3280816450907282,0.004488172693284498,0.011155229831751049,4.164612510404453e-08,0.015643485817285696
635,6800,1.3783971680416072,0.011331513820493,0.0508722188650305,0.0008852380952380953,0.0,0.0,0.0008852380952380953,0.0,0.0,0.0,1.0,0.0,0.46919978095238096,1899.6266791486812,0.3504756310957839,0.012645687299684922,0.01875633381928736,0.17042208952094,0.00021179626802289502,0.3726047117785779,0.06254342574423474,0.012331056386203574,9.268087264702185e-06,0.004234206375799743
636,5741,1.3572106099945636,0.0807193259028613,0.1224431651064548,0.0008855710955710957,0.0,0.0,0.0008855710955710957,0.0,0.0,0.0,1.0,0.0,0.46923709696969695,1899.6286871186264,0.3504756310957839,0.012645687299684922,0.01875633381928736,0.17042212306497512,0.00021179918635408484,0.3726047118257384,0.06254339220019964,0.012331053467872385,9.268040104204456e-06,0.00423416981911251
637,6286,1.684945148887148,0.2016337236311842,0.1358584144099537,0.0008867266067266067,0.0,0.0,0.0008867266067266067,0.0,0.0,0.0,1.0,0.0,0.46936658354978356,1899.6356547373412,0.3504756310957839,0.012645687299684922,0.01875633381928736,0.17042223945912122,0.0002118093131919851,0.3726047119893872,0.06254327580605354,0.012331043341034485,9.267876455387736e-06,0.004234042970830854
638,5931,2.733793404653869,0.0464433083825103,0.1546930546734802,0.0008877289377289377,0.0,0.0,0.0,0.0008877289377289377,0.0,0.0,0.0,1.0,0.4694789047619048,1899.641698648265,0.33808126467938193,0.013407793819400984,0.019576751193023625,0.28081035280072586,0.00440020216863637,0.32808164510076365,0.004487507932250612,0.011154440669727258,4.163608963159149e-08,0.015642031874157136
639,6751,1.6165856418950657,0.0657183610720584,0.0877177008150411,0.0008878588078588079,0.0,0.0,0.0008878588078588079,0.0,0.0,0.0,1.0,0.0,0.469493458008658,1899.6424817431955,0.3504756310957839,0.012645687299684922,0.01875633381928736,0.17042235350081297,0.00021181923609127394,0.3726047121497362,0.06254316176436178,0.012331033418135197,9.2677161064314e-06,0.004233918685541793
640,5945,1.6765459480787208,0.2019920024283802,0.0371656816787864,0.0008883050283050284,0.0,0.0,0.0008883050283050284,0.0,0.0,0.0,1.0,0.0,0.4695434614718615,1899.6451723715302,0.3504756310957839,0.012645687299684922,0.01875633381928736,0.1704223984453289,0.0002118231469754081,0.37260471221292657,0.06254311681984587,0.012331029507251063,9.267652916034042e-06,0.00423386970376094
641,5204,1.3000086016913244,0.0627546332610031,0.1325414279646269,0.0008885148185148185,0.0,0.0,0.0008885148185148185,0.0,0.0,0.0,1.0,0.0,0.4695669705627705,1899.6464373654737,0.3504756310957839,0.012645687299684922,0.01875633381928736,0.1704224195756519,0.00021182498569289408,0.37260471224264247,0.06254309568952285,0.012331027668533575,9.267623200137631e-06,0.004233846675288588
642,6980,1.8943669079116272,0.0805079934365391,0.136618163499045,0.0008890709290709291,0.0,0.0,0.0008890709290709291,0.0,0.0,0.0,1.0,0.0,0.4696292883116883,1899.6497905942267,0.3504756310957839,0.012645687299684922,0.01875633381928736,0.17042247558706325,0.000211829859811028,0.37260471232139397,0.0625430396781115,0.012331022794415442,9.267544448632314e-06,0.004233785632256182
643,6285,2.140577392109755,0.2872649158482062,0.2535836668838523,0.0008893506493506494,0.0,0.0,0.0008893506493506494,0.0,0.0,0.0,1.0,0.0,0.4696606337662338,1899.6514772431815,0.3504756310957839,0.012645687299684922,0.01875633381928736,0.17042250376010398,0.00021183231149495425,0.3726047123610088,0.06254301150507077,0.012331020342731517,9.267504833820883e-06,0.004233754928301914
644,5673,1.9502406913717656,0.0783536021669769,0.0083211939006848,0.0008899000999000999,0.0,0.0,0.0008899000999000999,0.0,0.0,0.0,1.0,0.0,0.4697222051948052,1899.654790293829,0.3504756310957839,0.012645687299684922,0.01875633381928736,0.1704225590989206,0.00021183712736270907,0.37260471243882315,0.06254295616625416,0.012331015526863762,9.267427019454821e-06,0.004233694617988837
645,1444,1.4021184161018043,0.099769959482868,0.0949267259362534,0.0008904562104562105,0.0,0.0008904562104562105,0.0,0.0,0.0,1.0,0.0,0.0,0.46978452294372297,1899.658143489443,0.30544261328835104,0.010192697537748036,0.014472362178626647,0.0068344869989824305,2.5144379161217465e-06,0.35982987030266483,0.2676115097648129,0.015616208333500239,0.019997737157397777,0.0006494602094294644
646,5815,1.6771429345757716,0.1565177463541029,0.0198389535549391,0.0008909823509823509,0.0,0.0,0.0,0.0008909823509823509,0.0,0.0,0.0,1.0,0.46984348225108225,1899.6613159616688,0.33808126467938193,0.013407793819400984,0.019576751193023625,0.2808112187092435,0.004401230367686588,0.3280816451138301,0.004486642023732945,0.01115341247067704,4.162302319477007e-08,0.01564013774045636
647,5857,2.824215076863572,0.2583421165244211,0.2673712645948098,0.0008914985014985016,0.0,0.0,0.0008914985014985016,0.0,0.0,0.0,1.0,0.0,0.46990132207792207,1899.6644281855092,0.3504756310957839,0.012645687299684922,0.01875633381928736,0.1704227200785038,0.00021185113762188618,0.3726047126651916,0.06254279518667097,0.012331001516604583,9.267200651030816e-06,0.004233519175409595
648,6282,2.8014767332350523,0.1079667774847392,0.0747674120954394,0.0008931535131535132,0.0,0.0,0.0,0.0008931535131535132,0.0,0.0,0.0,1.0,0.4700867826839827,1899.6744073033758,0.33808126467938193,0.013407793819400984,0.019576751193023625,0.280811796539789,0.004401916651886058,0.32808164512254945,0.004486064193187478,0.01115272618647757,4.161430383620157e-08,0.015638873608272652
649,5890,2.7963240708068544,0.2978583035294725,0.0925569845010809,0.0008931668331668332,0.0,0.0,0.0,0.0008931668331668332,0.0,0.0,0.0,1.0,0.47008827532467534,1899.6744876177297,0.33808126467938193,0.013407793819400984,0.019576751193023625,0.2808118000842848,0.004401920862223385,0.32808164512260324,0.00448606064869167,0.011152721976140242,4.161425004589603e-08,0.015638865853331962
650,5176,3.1029523594272312,0.0846156155045838,0.1228724371940813,0.0008934299034299034,0.0,0.0,0.0,0.0008934299034299034,0.0,0.0,0.0,1.0,0.47011775497835495,1899.676073824657,0.33808126467938193,0.013407793819400984,0.019576751193023625,0.2808118700960495,0.004402004022948117,0.32808164512365723,0.004485990636926951,0.01115263881541551,4.16131960556676e-08,0.015638712678734623
651,6236,3.2309667508807984,0.1495569773302401,0.5549914191838407,0.0008934532134532134,0.0,0.0,0.0,0.0008934532134532134,0.0,0.0,0.0,1.0,0.4701203670995671,1899.676214374494,0.33808126467938193,0.013407793819400984,0.019576751193023625,0.28081187629958154,0.0044020113916691615,0.3280816451237498,0.0044859844333949295,0.011152631446694466,4.161310346306735e-08,0.015638699106296228
652,5668,1.7084620346630743,0.0995947872658333,0.0586472673709976,0.0008946153846153845,0.0,0.0,0.0008946153846153845,0.0,0.0,0.0,1.0,0.0,0.47025059999999996,1899.6832217581784,0.3504756310957839,0.012645687299684922,0.01875633381928736,0.1704230339605668,0.00021187845959560176,0.37260471310659765,0.06254248130460796,0.012330974194630868,9.26675924495246e-06,0.004233177088560747
653,5290,3.177698033679019,0.0542068863207316,0.215797309315613,0.0008946153846153845,0.0,0.0,0.0,0.0008946153846153845,0.0,0.0,0.0,1.0,0.47025059999999996,1899.6832217581784,0.33808126467938193,0.013407793819400984,0.019576751193023625,0.28081218558507737,0.004402378787922419,0.3280816451284196,0.004485675147899104,0.011152264050441209,4.160843369849232e-08,0.01563802241520773
654,6156,1.4301141814514664,0.0648640959310727,0.0438290887267693,0.000895964035964036,0.0,0.0,0.000895964035964036,0.0,0.0,0.0,1.0,0.0,0.47040172987012985,1899.691353462975,0.3504756310957839,0.012645687299684922,0.01875633381928736,0.17042316976395272,0.00021189028241258665,0.37260471329759287,0.06254234550122204,0.012330962371813883,9.26656824973282e-06,0.004233029080367268
655,5663,3.1755097970272623,0.1170106730024324,0.2782452383864478,0.0008974325674325675,0.0,0.0,0.0,0.0008974325674325675,0.0,0.0,0.0,1.0,0.4705662935064935,1899.7002078969947,0.33808126467938193,0.013407793819400984,0.019576751193023625,0.28081293528282075,0.00440326949233274,0.3280816451397282,0.004484925450155719,0.011151373346030887,4.159712507778579e-08,0.01563638199043682
656,421,1.3726857762963376,0.107463227051431,0.0754483128659459,0.0008976290376290376,0.0,0.0008976290376290376,0.0,0.0,0.0,1.0,0.0,0.0,0.47058830995670997,1899.701392496778,0.30544261328835104,0.010192697537748036,0.014472362178626647,0.006834195483355991,2.515047233043928e-06,0.35983008270345174,0.2676118012804393,0.015616207724183317,0.019997524756610874,0.000649326314165255
657,5077,3.1102187634051086,0.1577386273296771,0.2601112532989997,0.0008985714285714286,0.0,0.0,0.0,0.0008985714285714286,0.0,0.0,0.0,1.0,0.4706939142857143,1899.7070745370618,0.33808126467938193,0.013407793819400984,0.019576751193023625,0.2808132383398747,0.004403629609105584,0.328081645144299,0.004484622393101767,0.011151013229258044,4.159255428959341e-08,0.01563571880746839
658,6164,2.837821866090472,0.4007383948650781,0.2109534849549838,0.0008987079587079587,0.0,0.0,0.0008987079587079587,0.0,0.0,0.0,1.0,0.0,0.47070921385281383,1899.707897727009,0.3504756310957839,0.012645687299684922,0.01875633381928736,0.17042344604308834,0.00021191433823793135,0.3726047136861724,0.06254206922208641,0.012330938315988539,9.266179670230912e-06,0.004232727968247363
659,5410,1.9773416067483305,0.0574316930693334,0.0943565582835768,0.0008993573093573093,0.0,0.0,0.0008993573093573093,0.0,0.0,0.0,1.0,0.0,0.47078198008658007,1899.711812887733,0.3504756310957839,0.012645687299684922,0.01875633381928736,0.17042351142092385,0.0002119200313579003,0.3726047137781276,0.0625420038442509,0.01233093262286857,9.266087715009697e-06,0.004232656713381466
660,6594,1.8662366240509156,0.4746618676826,0.0322006895554302,0.0009000965700965702,0.0,0.0,0.0009000965700965702,0.0,0.0,0.0,1.0,0.0,0.47086482164502164,1899.7162701255559,0.3504756310957839,0.012645687299684922,0.01875633381928736,0.17042358584868417,0.00021192651289157587,0.37260471388281863,0.06254192941649059,0.012330926141334894,9.265983023976077e-06,0.004232575594705468
661,5218,2.7871177445396933,0.2197147739626028,0.20056426505077,0.0009021378621378621,0.0,0.0,0.0,0.0009021378621378621,0.0,0.0,0.0,1.0,0.4710935688311688,1899.7285776016126,0.33808126467938193,0.013407793819400984,0.019576751193023625,0.2808141873381243,0.004404757507698944,0.3280816451586144,0.004483673394852172,0.011149885330664683,4.157823890738044e-08,0.015633641881994564
662,6686,3.372920768902494,0.202298027040825,0.2194771775918025,0.0009028604728604729,0.0,0.0,0.0,0.0009028604728604729,0.0,0.0,0.0,1.0,0.4711745445887446,1899.7329343650267,0.33808126467938193,0.013407793819400984,0.019576751193023625,0.2808143796097546,0.004404986066524573,0.328081645161514,0.0044834811232218885,0.011149656771839055,4.1575339282395873e-08,0.015633221045739498
663,6413,2.699342916672404,0.130310547306617,0.0406584718987545,0.0009033366633366634,0.0,0.0,0.0009033366633366634,0.0,0.0,0.0,1.0,0.0,0.4712279064935065,1899.7358053996072,0.3504756310957839,0.012645687299684922,0.01875633381928736,0.170423912032993,0.0002119549224253731,0.3726047143416556,0.06254160323218175,0.012330897731801098,9.265524187007657e-06,0.004232220083188798
664,6634,1.8776571301678584,0.072075816168835,0.1609418113961739,0.0009051282051282052,0.0,0.0,0.0009051282051282052,0.0,0.0,0.0,1.0,0.0,0.47142866666666666,1899.7466068269437,0.3504756310957839,0.012645687299684922,0.01875633381928736,0.17042409237299871,0.00021197063209250867,0.3726047145953563,0.06254142289217604,0.012330882022133961,9.265270486280563e-06,0.0042320235261145145
665,6449,1.3764231007141923,0.1119946543476191,0.0673858153788011,0.0009062770562770563,0.0,0.0,0.0009062770562770563,0.0,0.0,0.0,1.0,0.0,0.4715574069264069,1899.7535333201479,0.3504756310957839,0.012645687299684922,0.01875633381928736,0.170424208012103,0.00021198070658819026,0.37260471475804613,0.06254130725307175,0.01233087194763828,9.265107796474492e-06,0.004231897487134928
666,5971,1.4762281292862491,0.5755194942230827,0.0690912484860816,0.0009068431568431569,0.0,0.0,0.0009068431568431569,0.0,0.0,0.0,1.0,0.0,0.47162084415584415,1899.7569463538905,0.3504756310957839,0.012645687299684922,0.01875633381928736,0.17042426499199653,0.00021198567096323615,0.37260471483821056,0.06254125027317822,0.012330866983263234,9.265027632043843e-06,0.004231835382537463
667,5522,1.1618993713247303,0.1314995427641051,0.0873447949246475,0.0009071095571095571,0.0,0.0,0.0009071095571095571,0.0,0.0,0.0,1.0,0.0,0.47165069696969697,1899.7585524826466,0.3504756310957839,0.012645687299684922,0.01875633381928736,0.17042429180547386,0.00021198800716868226,0.3726047148759354,0.0625412234597009,0.012330864647057788,9.264989907220578e-06,0.004231806157405149
668,266,1.4300900689991443,0.0810730008350676,0.01989621671972,0.0009072827172827173,0.0,0.0009072827172827173,0.0,0.0,0.0,1.0,0.0,0.0,0.4716701012987013,1899.759596464701,0.30544261328835104,0.010192697537748036,0.014472362178626647,0.006833803097993588,2.51586743234267e-06,0.35983036856780887,0.26761219366580175,0.015616206903984018,0.019997238892253744,0.0006491461506139551
669,6863,3.151736043831301,0.0470734961143552,0.1019697542616577,0.0009074758574758575,0.0,0.0,0.0,0.0009074758574758575,0.0,0.0,0.0,1.0,0.4716917445887446,1899.7607609047018,0.33808126467938193,0.013407793819400984,0.019576751193023625,0.2808156075995521,0.004406446138251742,0.3280816451800339,0.004482253133424374,0.011148196700111884,4.1556819374566345e-08,0.01563053294717498
670,6218,2.61089315154816,0.1366577276585371,0.1568056667547527,0.0009077122877122878,0.0,0.0,0.0009077122877122878,0.0,0.0,0.0,1.0,0.0,0.471718238961039,1899.7621863376905,0.3504756310957839,0.012645687299684922,0.01875633381928736,0.1704243524702644,0.0002119932929050488,0.3726047149612836,0.06254116279491034,0.012330859361321422,9.264904558992093e-06,0.004231740036181764
671,6044,1.4630945025646205,0.3583767575924489,0.0459579632507776,0.0009078421578421579,0.0,0.0,0.0,0.0009078421578421579,0.0,0.0,0.0,1.0,0.4717327922077922,1899.7629693209853,0.33808126467938193,0.013407793819400984,0.019576751193023625,0.2808157050539251,0.004406562034977334,0.3280816451815015,0.004482155679051358,0.011148080803386293,4.155535177075009e-08,0.015630319593141095
672,1178,1.3550905556636068,0.1291750845068086,0.0555731191174233,0.0009091175491175493,0.0,0.0009091175491175493,0.0,0.0,0.0,1.0,0.0,0.0,0.47187571255411254,1899.770658579924,0.30544261328835104,0.010192697537748036,0.014472362178626647,0.00683372851329148,2.5160233419772994e-06,0.3598304229004864,0.2676122682505038,0.015616206748074384,0.01999718455957622,0.0006491119140514812
673,6488,3.173154382022706,0.1654509570198254,0.3349139441346932,0.0009095637695637696,0.0,0.0,0.0,0.0009095637695637696,0.0,0.0,0.0,1.0,0.47192571601731603,1899.7733488002107,0.33808126467938193,0.013407793819400984,0.019576751193023625,0.2808161630790488,0.00440710678485608,0.3280816451884091,0.0044816976539276965,0.011147536053507547,4.154844418513548e-08,0.015629316804323556
674,5344,1.9089848681425092,0.1233803447898009,0.12058409515894,0.0009095770895770896,0.0,0.0,0.0009095770895770896,0.0,0.0,0.0,1.0,0.0,0.47192720865800863,1899.7734291051622,0.3504756310957839,0.012645687299684922,0.01875633381928736,0.17042454015402825,0.0002120096471827698,0.3726047152253539,0.06254097511114651,0.0123308430070437,9.264640488726439e-06,0.004231535469999659
675,5603,3.1594014671841966,0.3422385423577918,0.3425664099838773,0.0009097968697968698,0.0,0.0,0.0,0.0009097968697968698,0.0,0.0,0.0,1.0,0.47195183722943723,1899.7747541357608,0.33808126467938193,0.013407793819400984,0.019576751193023625,0.2808162250927806,0.004407180546597254,0.32808164518934746,0.00448163564019588,0.011147462291766374,4.154750582463507e-08,0.01562918102697386
676,172,1.4721456534422448,0.0532640491354421,0.0885462626564529,0.00090999000999001,0.00090999000999001,0.0,0.0,0.0,1.0,0.0,0.0,0.0,0.4719734805194805,1899.7759185548746,0.38190021850282097,0.022718381307491074,0.03317116181496154,0.003535471647480238,1.2297106408662448e-06,0.18264513921484407,0.31874004820743634,0.0175707250387016,0.03971762455562328,0.0004709066801578121
677,6308,1.9025064592250065,0.1765865939382673,0.1146038629462229,0.0009103596403596404,0.0,0.0,0.0009103596403596404,0.0,0.0,0.0,1.0,0.0,0.4720149012987013,1899.7781470076707,0.3504756310957839,0.012645687299684922,0.01875633381928736,0.17042461890998994,0.00021201651041510898,0.37260471533616857,0.06254089635518481,0.012330836143811362,9.264529674035682e-06,0.004231449629176209
678,6674,1.346737588917452,0.1609394260184763,0.0863545418582005,0.0009106093906093907,0.0,0.0,0.0009106093906093907,0.0,0.0,0.0,1.0,0.0,0.47204288831168834,1899.7796527156925,0.3504756310957839,0.012645687299684922,0.01875633381928736,0.17042464404442126,0.00021201870084314523,0.3726047153715322,0.0625408712207535,0.012330833953383325,9.264494310379234e-06,0.004231422233589521
679,5072,3.1242537682430926,0.1424112399426335,0.2324447269397885,0.0009112321012321013,0.0,0.0,0.0,0.0009112321012321013,0.0,0.0,0.0,1.0,0.47211266926406925,1899.7834069360088,0.33808126467938193,0.013407793819400984,0.019576751193023625,0.28081660691356797,0.0044076347319054075,0.3280816451951031,0.004481253819408504,0.01114700810645822,4.1541750206430805e-08,0.01562834500936716
680,5436,1.6454828524919152,0.0891166663685434,0.1064346933875512,0.0009118481518481519,0.0,0.0,0.0009118481518481519,0.0,0.0,0.0,1.0,0.0,0.4721817038961039,1899.7871209878238,0.3504756310957839,0.012645687299684922,0.01875633381928736,0.1704247687076857,0.000212029565613293,0.3726047155469488,0.06254074655748906,0.012330823088613177,9.264318893809076e-06,0.004231286354721808
681,5536,2.7611880137903224,0.155041186968283,0.2384890110701661,0.0009143989343989345,0.0,0.0,0.0,0.0009143989343989345,0.0,0.0,0.0,1.0,0.4724675445887446,1899.8024989962046,0.33808126467938193,0.013407793819400984,0.019576751193023625,0.2808174493577355,0.0044086370333728956,0.32808164520779665,0.004480411375240967,0.01114600580499073,4.152905663801221e-08,0.015626500238344998
682,6390,3.189565297675811,0.1484930297799713,0.3246217248144502,0.0009144988344988344,0.0,0.0,0.0,0.0009144988344988344,0.0,0.0,0.0,1.0,0.47247873939393936,1899.8031012623783,0.33808126467938193,0.013407793819400984,0.019576751193023625,0.28081747593248707,0.004408668655041965,0.3280816452081997,0.004480384800489401,0.011145974183321663,4.152865357154312e-08,0.015626442041118183
683,5180,1.002742538012102,0.0664287414353199,0.1085979636174291,0.0009147152847152847,0.0,0.0,0.0009147152847152847,0.0,0.0,0.0,1.0,0.0,0.4725029948051948,1899.8044061709486,0.3504756310957839,0.012645687299684922,0.01875633381928736,0.17042505722126527,0.00021205471388060072,0.3726047159529475,0.06254045804390948,0.01233079794034587,9.263912895129955e-06,0.004230971880877621
684,4037,1.2883355430842292,0.0878692328017975,0.0827487343409181,0.0009149916749916751,0.0,0.0009149916749916751,0.0,0.0,0.0,1.0,0.0,0.0,0.4725339670995671,1899.8060724358859,0.30544261328835104,0.010192697537748036,0.014472362178626647,0.006833489722369383,2.516522518169844e-06,0.35983059684697066,0.267612507041426,0.01561620624889819,0.019997010613091948,0.000649002312828828
685,5471,1.8550965764231768,0.1895600110776818,0.1300946735552109,0.000916017316017316,0.0,0.0,0.000916017316017316,0.0,0.0,0.0,1.0,0.0,0.4726489004329004,1899.812255655367,0.3504756310957839,0.012645687299684922,0.01875633381928736,0.17042518823160008,0.00021206613501747505,0.3726047161373202,0.06254032703357468,0.012330786519208995,9.263728522390657e-06,0.004230829080660525
686,6149,1.9315919958977417,0.1782998129142903,0.1118372118132813,0.0009160905760905761,0.0,0.0,0.0009160905760905761,0.0,0.0,0.0,1.0,0.0,0.47265710995670995,1899.81269731217,0.3504756310957839,0.012645687299684922,0.01875633381928736,0.1704251956030214,0.00021206677765334592,0.37260471614769164,0.06254031966215334,0.012330785876573123,9.263718150964717e-06,0.004230821045860367
687,5748,1.8049444192862745,0.0980942110209468,0.0511748448254275,0.0009161605061605062,0.0,0.0,0.0009161605061605062,0.0,0.0,0.0,1.0,0.0,0.47266494632034634,1899.8131188934483,0.3504756310957839,0.012645687299684922,0.01875633381928736,0.17042520263923025,0.0002120673910792501,0.3726047161575976,0.0625403126259445,0.01233078526314722,9.26370824499978e-06,0.0042308133764137335
688,6392,2.9805666157103294,0.1292422466122548,0.078089158725812,0.0009167032967032967,0.0,0.0,0.0,0.0009167032967032967,0.0,0.0,0.0,1.0,0.4727257714285714,1899.8163911600284,0.33808126467938193,0.013407793819400984,0.019576751193023625,0.2808180623310011,0.004409366487626907,0.3280816452170426,0.004479798401975377,0.01114527635073672,4.151981070066313e-08,0.01562515779233342
689,5842,1.9113919183969876,0.1241154809199874,0.1740000535081988,0.0009170629370629372,0.0,0.0,0.0009170629370629372,0.0,0.0,0.0,1.0,0.0,0.4727660727272727,1899.8185592805985,0.3504756310957839,0.012645687299684922,0.01875633381928736,0.17042529343734977,0.00021207530730840834,0.372604716285381,0.06254022182782498,0.012330777346918061,9.263580461604803e-06,0.004230714406498248
690,5733,1.715160670659139,0.170251462807015,0.1375450254990178,0.0009177122877122878,0.0,0.0,0.0009177122877122878,0.0,0.0,0.0,1.0,0.0,0.47283883896103895,1899.8224739286482,0.3504756310957839,0.012645687299684922,0.01875633381928736,0.17042535877016476,0.0002120810036244489,0.3726047163773286,0.06254015649500999,0.012330771650602021,9.263488513988616e-06,0.004230643193471995
691,6795,1.1448176464436155,0.035009740668701,0.1009221313130726,0.000919037629037629,0.0,0.0,0.000919037629037629,0.0,0.0,0.0,1.0,0.0,0.47298735670995673,1899.8304637694084,0.3504756310957839,0.012645687299684922,0.01875633381928736,0.1704254921109861,0.0002120926303016521,0.3726047165649951,0.06254002315418866,0.012330760023924818,9.26330084749516e-06,0.004230497850640447
692,5841,2.061062354679899,0.1451329793249634,0.1543673053376619,0.0009198301698301698,0.0,0.0,0.0009198301698301698,0.0,0.0,0.0,1.0,0.0,0.4730761688311688,1899.835241577785,0.3504756310957839,0.012645687299684922,0.01875633381928736,0.17042557184437981,0.00021209958316328013,0.37260471667722234,0.06253994342079494,0.01233075307106319,9.263188620267648e-06,0.004230410939930707
693,5864,1.9692714310396648,0.182099526348717,0.1431809559693683,0.0009205028305028306,0.0,0.0,0.0009205028305028306,0.0,0.0,0.0,1.0,0.0,0.47315154718614716,1899.8392966712615,0.3504756310957839,0.012645687299684922,0.01875633381928736,0.17042563951554632,0.00021210548446439417,0.3726047167724705,0.06253987574962844,0.012330747169762075,9.263093372124942e-06,0.0042303371769667475
694,5756,2.625661299765944,0.1699887460128209,0.1918753932719907,0.0009220479520479521,0.0,0.0,0.0,0.0009220479520479521,0.0,0.0,0.0,1.0,0.47332469350649353,1899.8486112677306,0.33808126467938193,0.013407793819400984,0.019576751193023625,0.28081948392427186,0.004411058761552765,0.3280816452384591,0.004478376808704609,0.011143584076810861,4.14983941654512e-08,0.015622043882303815
695,6850,1.682408194314196,0.261993792746402,0.0808280065802596,0.0009224941724941725,0.0,0.0,0.0009224941724941725,0.0,0.0,0.0,1.0,0.0,0.473374696969697,1899.8513012398425,0.3504756310957839,0.012645687299684922,0.01875633381928736,0.17042583983839585,0.00021212295536159626,0.37260471705444026,0.0625396754267789,0.012330729698864874,9.262811402344084e-06,0.004230118819280482
696,5569,1.6069628343413969,0.2848363301990931,0.0470822306683415,0.0009225840825840826,0.0,0.0,0.0,0.0009225840825840826,0.0,0.0,0.0,1.0,0.4733847722943723,1899.8518432481121,0.33808126467938193,0.013407793819400984,0.019576751193023625,0.28081962651716214,0.004411228546972092,0.32808164524060696,0.004478234215814336,0.011143414291391535,4.149624632798776e-08,0.015621731499698477
697,2364,1.589664284283594,0.0721529116301549,0.09641715161512,0.0009230369630369631,0.0,0.0009230369630369631,0.0,0.0,0.0,1.0,0.0,0.0,0.47343552207792206,1899.8545733585536,0.30544261328835104,0.010192697537748036,0.014472362178626647,0.006833162640315708,2.517206292847145e-06,0.3598308350854448,0.26761283412347964,0.015616205565123513,0.019996772374617833,0.0006488522341595582
698,6997,2.849131305675746,0.1777611625348652,0.1639780654248745,0.000924035964035964,0.0,0.0,0.0,0.000924035964035964,0.0,0.0,0.0,1.0,0.47354747012987014,1899.8605956298052,0.33808126467938193,0.013407793819400984,0.019576751193023625,0.2808200126626197,0.004411688368065292,0.32808164524642364,0.0044778480703567825,0.011142954470298335,4.1490429647517146e-08,0.015620885521514416
699,6536,2.0233175089709876,0.2051930116834667,0.1717524244029744,0.0009253646353646354,0.0,0.0,0.0009253646353646354,0.0,0.0,0.0,1.0,0.0,0.47369636103896107,1899.868605184059,0.3504756310957839,0.012645687299684922,0.01875633381928736,0.17042612857219594,0.0002121481410369447,0.37260471746088636,0.06253938669297882,0.012330704513189525,9.262404956245085e-06,0.0042298040869127584
700,5284,1.5568663372217963,0.3980429236698401,0.1271702444240361,0.0009261704961704962,0.0,0.0,0.0,0.0009261704961704962,0.0,0.0,0.0,1.0,0.4737866658008658,1899.8734630722029,0.33808126467938193,0.013407793819400984,0.019576751193023625,0.2808205803445881,0.0044123644642422655,0.3280816452549779,0.004477280388388349,0.011142278374121361,4.148187537911241e-08,0.015619641726260403
701,5190,2.83447437572605,0.2448089074341522,0.2132433406839031,0.0009275291375291376,0.0,0.0,0.0,0.0009275291375291376,0.0,0.0,0.0,1.0,0.47393891515151515,1899.8816531674838,0.33808126467938193,0.013407793819400984,0.019576751193023625,0.28082094166396093,0.004412794850082979,0.32808164526042355,0.004476919069015539,0.011141847988280648,4.147642973517662e-08,0.015618850010155616
702,5595,1.5676224340957037,0.1045708855834823,0.069082737151922,0.0009288078588078588,0.0,0.0,0.0009288078588078588,0.0,0.0,0.0,1.0,0.0,0.47408220865800865,1899.8893614199285,0.3504756310957839,0.012645687299684922,0.01875633381928736,0.17042647487766452,0.0002121783550756384,0.37260471794842553,0.06253904038751024,0.012330674299150832,9.261917417069387e-06,0.004229426592327279
703,5002,1.9759905442165424,0.0908805382284354,0.1319003299221631,0.0009290809190809192,0.0,0.0,0.0009290809190809192,0.0,0.0,0.0,1.0,0.0,0.4741128077922078,1899.89100744389,0.3504756310957839,0.012645687299684922,0.01875633381928736,0.17042650233905668,0.00021218075129610244,0.3726047179870893,0.06253901292611808,0.012330671902930367,9.26187875333051e-06,0.004229396657387086
704,5191,1.711878488650658,0.0929636489343499,0.0962423933803379,0.0009306526806526807,0.0,0.0,0.0009306526806526807,0.0,0.0,0.0,1.0,0.0,0.4742889393939394,1899.900482056044,0.3504756310957839,0.012645687299684922,0.01875633381928736,0.17042666040424348,0.00021219454456474076,0.37260471820963603,0.06253885486093128,0.012330658109661729,9.261656206571711e-06,0.004229224353838101
705,5784,1.5633462461222871,0.2381554545197577,0.1289336759081959,0.0009306759906759907,0.0,0.0,0.0009306759906759907,0.0,0.0,0.0,1.0,0.0,0.4742915515151515,1899.90062256856,0.3504756310957839,0.012645687299684922,0.01875633381928736,0.17042666274801915,0.00021219474912935945,0.37260471821293617,0.0625388525171556,0.01233065790509711,9.26165290643377e-06,0.004229221798897509
706,6192,3.202864600543564,0.1930783600352081,0.404102027251353,0.0009307459207459208,0.0,0.0,0.0,0.0009307459207459208,0.0,0.0,0.0,1.0,0.4742993878787879,1899.9010441059688,0.33808126467938193,0.013407793819400984,0.019576751193023625,0.2808217970997419,0.004413813997609079,0.328081645273308,0.0044760636332345505,0.011140828840754548,4.146354526390894e-08,0.015616975401079647
707,5888,1.425935971331124,0.0703317897478144,0.1546882930559755,0.0009317249417249417,0.0,0.0,0.0,0.0009317249417249417,0.0,0.0,0.0,1.0,0.47440909696969696,1899.9069456076038,0.33808126467938193,0.013407793819400984,0.019576751193023625,0.2808220574378489,0.004414124213282218,0.3280816452772307,0.0044758032951275895,0.011140518625081409,4.1459622568407184e-08,0.015616404839454034
708,5642,2.8795048213436822,0.2415848523658117,0.0329255648875803,0.0009325374625374625,0.0,0.0,0.0,0.0009325374625374625,0.0,0.0,0.0,1.0,0.47450014805194807,1899.9118434211941,0.33808126467938193,0.013407793819400984,0.019576751193023625,0.280822273496992,0.004414381685803702,0.3280816452804811,0.004475587235984457,0.011140261152559925,4.145637216845799e-08,0.015615931301288799
709,6640,2.672896288466639,0.7171135138909969,0.2653411957160204,0.0009330536130536132,0.0,0.0,0.0,0.0009330536130536132,0.0,0.0,0.0,1.0,0.4745579878787879,1899.9149547224565,0.33808126467938193,0.013407793819400984,0.019576751193023625,0.28082241074523945,0.004414545250580862,0.3280816452825477,0.0044754499877370235,0.011140097587782765,4.145430559931995e-08,0.01561563048413106
710,572,1.3869141981584383,0.0805229846019706,0.1414799651022313,0.0009342790542790542,0.0,0.0009342790542790542,0.0,0.0,0.0,1.0,0.0,0.0,0.4746953108225108,1899.9223415079446,0.30544261328835104,0.010192697537748036,0.014472362178626647,0.00683270553376846,2.5181619517845503e-06,0.3598311679905431,0.26761329123002686,0.015616204609464576,0.01999643946951951,0.0006486425748513103
711,6335,3.154760130296775,0.0491202759697751,0.2250880664755947,0.0009347519147519148,0.0,0.0,0.0,0.0009347519147519148,0.0,0.0,0.0,1.0,0.4747482995670996,1899.925191826379,0.33808126467938193,0.013407793819400984,0.019576751193023625,0.28082286232703296,0.004415083469611878,0.3280816452893495,0.004474998405943509,0.011139559368751748,4.1447503762448434e-08,0.015614640669702862
712,1988,1.292061204592942,0.0523046182730063,0.0619899748806101,0.0009370129870129871,0.0,0.0009370129870129871,0.0,0.0,0.0,1.0,0.0,0.0,0.4750016753246753,1899.9388210330037,0.30544261328835104,0.010192697537748036,0.014472362178626647,0.0068325943608871014,2.518394388467009e-06,0.3598312489483909,0.2676134024029082,0.015616204377027895,0.019996358511671697,0.00064859159960029
713,5086,2.053513730556034,0.1333131763100416,0.0055906301939807,0.0009390609390609392,0.0,0.0,0.0009390609390609392,0.0,0.0,0.0,1.0,0.0,0.47523116883116884,1899.9511654118248,0.3504756310957839,0.012645687299684922,0.01875633381928736,0.17042750582761948,0.00021226834396337863,0.37260471940014833,0.06253800943755528,0.012330584310263092,9.260465694271858e-06,0.004228302750038937
714,5773,1.889074338618392,0.0893000495901752,0.1072736335387178,0.0009391408591408592,0.0,0.0,0.0009391408591408592,0.0,0.0,0.0,1.0,0.0,0.47524012467532467,1899.951647140024,0.3504756310957839,0.012645687299684922,0.01875633381928736,0.17042751386187205,0.00021226904551321444,0.37260471941146306,0.0625380014033027,0.012330583608713256,9.260454379544925e-06,0.004228293991607068
715,5604,1.6659004292109996,0.0816169535120267,0.1005246822562998,0.0009405361305361306,0.0,0.0,0.0009405361305361306,0.0,0.0,0.0,1.0,0.0,0.4753964787878788,1899.9600572672427,0.3504756310957839,0.012645687299684922,0.01875633381928736,0.17042765412607985,0.00021228129369588465,0.3726047196090117,0.0625378611390949,0.012330571360530585,9.260256830900815e-06,0.004228141084119286
716,6774,2.978714208860995,0.1967866128708384,0.2822936201182936,0.0009409723609723609,0.0,0.0,0.0,0.0009409723609723609,0.0,0.0,0.0,1.0,0.47544536277056276,1899.9626866693116,0.33808126467938193,0.013407793819400984,0.019576751193023625,0.2808245162169713,0.004417055315287315,0.3280816453142483,0.004473344516005173,0.011137587523076312,4.142260495720862e-08,0.015611014884291396
717,6291,1.8778008278543472,0.2476436724086175,0.1539799319439573,0.0009412221112221112,0.0,0.0,0.0,0.0009412221112221112,0.0,0.0,0.0,1.0,0.47547334978354977,1899.964192048491,0.33808126467938193,0.013407793819400984,0.019576751193023625,0.28082458261582105,0.004417134500577139,0.3280816453152455,0.0044732781171554215,0.011137508337786487,4.142160781039905e-08,0.015610869298157581
718,1588,1.6075461843974224,0.0841336003388554,0.1610000618838658,0.0009420845820845821,0.0,0.0009420845820845822,0.0,0.0,0.0,1.0,0.0,0.0,0.4755699982683983,1899.969390603963,0.30544261328835104,0.010192697537748036,0.014472362178626647,0.006832388118421779,2.5188256051306865e-06,0.359831399129731,0.26761360864537354,0.01561620394581123,0.01999620833033161,0.0006484970481688279
719,6029,1.943546007269854,0.1720973834348955,0.0747990634084016,0.0009423243423243423,0.0,0.0,0.0009423243423243423,0.0,0.0,0.0,1.0,0.0,0.4755968658008658,1899.970835756558,0.3504756310957839,0.012645687299684922,0.01875633381928736,0.17042783388081967,0.00021229699200958825,0.37260471986219384,0.06253768138435509,0.012330555662216882,9.260003648758897e-06,0.004227945124701371
720,6099,3.1190892999529045,0.2622762314451583,0.2658935234363892,0.0009433566433566434,0.0,0.0,0.0,0.0009433566433566434,0.0,0.0,0.0,1.0,0.47571254545454544,1899.9770579131036,0.33808126467938193,0.013407793819400984,0.019576751193023625,0.28082515009054015,0.0044178113213155885,0.32808164532378514,0.004472710642436317,0.01113683151704804,4.141306814142709e-08,0.015609624985620574
721,6724,1.3398509154536056,0.1095684914213147,0.1022847834987328,0.0009435031635031635,0.0,0.0,0.0009435031635031635,0.0,0.0,0.0,1.0,0.0,0.4757289645021645,1899.9779410541896,0.3504756310957839,0.012645687299684922,0.01875633381928736,0.17042795237194258,0.0002123073410887036,0.37260472002909184,0.06253756289323217,0.012330545313137766,9.259836750763473e-06,0.0042278159507034285
722,6609,2.745968327662451,0.2862279540967923,0.1533748493849744,0.0009471361971361971,0.0,0.0,0.0,0.0009471361971361971,0.0,0.0,0.0,1.0,0.4761360822510823,1899.9998386435645,0.33808126467938193,0.013407793819400984,0.019576751193023625,0.28082615483953827,0.004419009969748428,0.3280816453389095,0.004471705893438205,0.0111356328686152,4.1397943795207226e-08,0.015607421557941037
723,6824,2.7597653660233603,0.3236892095157689,0.189396979491261,0.0009476123876123876,0.0,0.0,0.0009476123876123876,0.0,0.0,0.0,1.0,0.0,0.4761894441558442,1900.0027087713127,0.3504756310957839,0.012645687299684922,0.01875633381928736,0.17042836537602737,0.00021234341960646688,0.3726047206108794,0.06253714988914738,0.012330509234620004,9.259254963200902e-06,0.004227365704525754
724,6906,1.507593792661684,0.3620292321691033,0.0267216622067191,0.0009491575091575093,0.0,0.0,0.0009491575091575093,0.0,0.0,0.0,1.0,0.0,0.4763625904761905,1900.0120215662175,0.3504756310957839,0.012645687299684922,0.01875633381928736,0.17042852065428535,0.0002123569867684681,0.37260472082963636,0.06253699461088941,0.012330495667458002,9.259036206243909e-06,0.004227196421591861
725,5123,1.0812261914019343,0.1785626798411338,0.0884337178670519,0.0009498135198135198,0.0,0.0,0.0009498135198135198,0.0,0.0,0.0,1.0,0.0,0.47643610303030304,1900.0159754588656,0.3504756310957839,0.012645687299684922,0.01875633381928736,0.17042858657833282,0.0002123627471601688,0.37260472092251307,0.06253692868684194,0.0123304899070663,9.258943329537583e-06,0.004227124551399286
726,6857,2.805324686935051,0.4190577449300897,0.27972621007927,0.000950932400932401,0.0,0.0,0.0,0.000950932400932401,0.0,0.0,0.0,1.0,0.4765614848484849,1900.022719111237,0.33808126467938193,0.013407793819400984,0.019576751193023625,0.2808271639328023,0.00442021418221827,0.3280816453540953,0.004470696800174145,0.011134428656145357,4.138275799814295e-08,0.015605208221835531
727,5367,1.6675344443983207,0.0735268001143309,0.0717281743159109,0.0009513852813852814,0.0,0.0,0.0009513852813852814,0.0,0.0,0.0,1.0,0.0,0.4766122346320346,1900.0254486695092,0.3504756310957839,0.012645687299684922,0.01875633381928736,0.1704287445209338,0.000212376549174003,0.37260472114503745,0.06253677074424097,0.012330476105052467,9.258720805149778e-06,0.0042269523617356475
728,2850,1.6246071905115385,0.152322161741532,0.0273050059403408,0.0009531568431568432,0.0009531568431568432,0.0,0.0,0.0,1.0,0.0,0.0,0.0,0.47681075584415583,1900.036125974482,0.38190021850282097,0.022718381307491074,0.03317116181496154,0.0035344757305040926,1.231477958539947e-06,0.18264593313618474,0.3187410441244125,0.017570723271383926,0.03971683063428261,0.0004703129871349576
729,6432,1.8403698394396009,0.0595821748615065,0.1371277360102792,0.0009543889443889443,0.0,0.0,0.0009543889443889443,0.0,0.0,0.0,1.0,0.0,0.4769488251082251,1900.0435518400902,0.3504756310957839,0.012645687299684922,0.01875633381928736,0.17042904632612443,0.00021240292690105904,0.3726047215702833,0.06253646893905032,0.01233044972732541,9.258295559311236e-06,0.004226623328326351
730,6017,1.6848952740393464,0.1263123552348397,0.1170022227777204,0.0009556343656343657,0.0,0.0,0.0009556343656343657,0.0,0.0,0.0,1.0,0.0,0.477088387012987,1900.0510579189774,0.3504756310957839,0.012645687299684922,0.01875633381928736,0.17042917145532346,0.00021241386471954,0.37260472174659925,0.06253634380985129,0.01233043878950693,9.258119243349405e-06,0.004226486908676996
731,6073,3.200836169088997,0.0718851215880884,0.1800182140667618,0.0009562171162171163,0.0,0.0,0.0,0.0009562171162171163,0.0,0.0,0.0,1.0,0.47715369004329006,1900.0545700987564,0.33808126467938193,0.013407793819400984,0.019576751193023625,0.2808285685621797,0.004421891047615501,0.3280816453752235,0.004469292170796779,0.011132751790748126,4.136162978785052e-08,0.01560212668480443
732,5767,1.7227057328762276,0.2668846752439146,0.102682699557729,0.000956876456876457,0.0,0.0,0.000956876456876457,0.0,0.0,0.0,1.0,0.0,0.4772275757575758,1900.0585438616965,0.3504756310957839,0.012645687299684922,0.01875633381928736,0.17042929624388573,0.0002124247737060477,0.3726047219224462,0.06253621902128903,0.012330427880520422,9.257943396401291e-06,0.004226350859434236
733,5238,2.5695067407845382,0.0900634407102046,0.1057672598418667,0.0009573726273726273,0.0,0.0,0.0009573726273726273,0.0,0.0,0.0,1.0,0.0,0.4772831766233766,1900.0615342063281,0.3504756310957839,0.012645687299684922,0.01875633381928736,0.17042934609074945,0.00021242913156696116,0.3726047219926893,0.06253616917442531,0.01233042352265951,9.257873153312168e-06,0.00422629651422346
734,5630,1.942621803402586,0.1276166755345564,0.1282261572359673,0.0009578921078921079,0.0,0.0,0.0009578921078921079,0.0,0.0,0.0,1.0,0.0,0.47734138961038963,1900.0646650256037,0.3504756310957839,0.012645687299684922,0.01875633381928736,0.17042939827813433,0.00021243369422910933,0.372604722066236,0.06253611698704042,0.01233041895999736,9.257799606587902e-06,0.004226239617083016
735,5112,1.0672773384972964,0.2894540972523256,0.1267681700463104,0.0009578954378954378,0.0,0.0,0.0009578954378954378,0.0,0.0,0.0,1.0,0.0,0.4773417627705628,1900.0646850949208,0.3504756310957839,0.012645687299684922,0.01875633381928736,0.1704293986128044,0.0002124337234778111,0.3726047220667074,0.06253611665237035,0.01233041893074866,9.257799135187206e-06,0.004226239252221431
736,6397,3.0527963029921956,0.4192033912295461,0.285399506236966,0.0009580153180153181,0.0,0.0,0.0,0.0009580153180153181,0.0,0.0,0.0,1.0,0.47735519653679653,1900.0654075900113,0.33808126467938193,0.013407793819400984,0.019576751193023625,0.28082904647195184,0.00442246175153078,0.32808164538241313,0.004468814261024634,0.011132181086832848,4.13544401500765e-08,0.015601078056737716
737,6886,2.787175283022621,0.28152268333943,0.3174664522103676,0.0009605328005328006,0.0,0.0,0.0,0.0009605328005328006,0.0,0.0,0.0,1.0,0.4776373056277056,1900.0805798441465,0.33808126467938193,0.013407793819400984,0.019576751193023625,0.2808297155154754,0.0044232608447865845,0.3280816453924753,0.004468145217501052,0.011131381993577043,4.1344377976759716e-08,0.015599609899834
738,6399,1.4779738350535656,0.0420656438967255,0.1093104342805862,0.0009608191808191808,0.0,0.0,0.0009608191808191808,0.0,0.0,0.0,1.0,0.0,0.4776693974025974,1900.0823057711343,0.3504756310957839,0.012645687299684922,0.01875633381928736,0.17042969231702534,0.00021245940443878795,0.3726047224806235,0.06253582294814941,0.012330393249787682,9.257385219119119e-06,0.0042259190392073265
739,5301,3.019914049777508,0.247657116576603,0.1998590175623584,0.0009610223110223111,0.0,0.0,0.0,0.0009610223110223111,0.0,0.0,0.0,1.0,0.4776921601731602,1900.083529973022,0.33808126467938193,0.013407793819400984,0.019576751193023625,0.2808298456029908,0.0044234162384925845,0.3280816453944369,0.004468015129985681,0.011131226599871043,4.134241637920866e-08,0.015599324414689364
740,6767,1.7384249324244443,0.301565815746491,0.0286313967332771,0.0009611521811521812,0.0,0.0,0.0009611521811521812,0.0,0.0,0.0,1.0,0.0,0.47770671341991344,1900.084312658545,0.3504756310957839,0.012645687299684922,0.01875633381928736,0.17042972576640908,0.00021246232952259008,0.37260472252776433,0.06253578949876568,0.01233039032470388,9.257338078272337e-06,0.004225882570458195
741,5151,1.4585357776229444,0.2727160748679367,0.0882154390925206,0.0009615284715284717,0.0,0.0,0.0009615284715284717,0.0,0.0,0.0,1.0,0.0,0.4777488805194805,1900.0865804355801,0.3504756310957839,0.012645687299684922,0.01875633381928736,0.1704297635637923,0.0002124656349034847,0.37260472258103605,0.06253575170138245,0.012330387019322986,9.257284806551969e-06,0.004225841361150562
742,5962,2.896626225439732,0.0558304100245828,0.1225447815710453,0.0009618015318015319,0.0,0.0,0.0,0.0009618015318015319,0.0,0.0,0.0,1.0,0.4777794796536797,1900.0882260752799,0.33808126467938193,0.013407793819400984,0.019576751193023625,0.2808300526783384,0.004423663609714359,0.3280816453975409,0.004467808054638089,0.011130979228649269,4.133931236216526e-08,0.015598869961912065
743,6266,2.9625473683358265,0.126579665899292,0.128191928120824,0.0009630303030303031,0.0,0.0,0.0,0.0009630303030303031,0.0,0.0,0.0,1.0,0.47791717575757575,1900.095631414247,0.33808126467938193,0.013407793819400984,0.019576751193023625,0.28083037921302767,0.004424053719324933,0.32808164540245244,0.004467481519948802,0.011130589119038695,4.133440084652662e-08,0.015598153307789131
744,5327,2.6848565778618956,0.2553233545687543,0.2602131312061362,0.0009633999333999334,0.0,0.0,0.0,0.0009633999333999334,0.0,0.0,0.0,1.0,0.4779585965367965,1900.0978590238342,0.33808126467938193,0.013407793819400984,0.019576751193023625,0.280830477437611,0.004424171075477702,0.3280816454039328,0.004467383295365446,0.011130471762885924,4.1332920475145585e-08,0.015597937724092348
745,6586,1.6135695474994827,0.0216466671123826,0.1159393576927745,0.0009640792540792541,0.0,0.0,0.0009640792540792541,0.0,0.0,0.0,1.0,0.0,0.4780347212121212,1900.101952993699,0.3504756310957839,0.012645687299684922,0.01875633381928736,0.1704300197692296,0.0002124880422932484,0.37260472294214303,0.06253549549594514,0.012330364611933221,9.256923699574315e-06,0.004225562026109575
746,6209,1.6239568621281928,0.2309215878242101,0.0065919884312429,0.0009645221445221446,0.0,0.0,0.0,0.0009645221445221446,0.0,0.0,0.0,1.0,0.4780843515151515,1900.1046220908154,0.33808126467938193,0.013407793819400984,0.019576751193023625,0.2808307756452289,0.004424527388798084,0.32808164540841633,0.004467085087747569,0.011130115449565544,4.132843695048294e-08,0.015597283194186962
747,5047,1.7347712109190214,0.0548627994047876,0.1540074859893245,0.0009655044955044956,0.0,0.0,0.0009655044955044956,0.0,0.0,0.0,1.0,0.0,0.4781944337662338,1900.1105422385263,0.3504756310957839,0.012645687299684922,0.01875633381928736,0.1704301629125768,0.00021250056311008245,0.3726047231439109,0.06253535235259797,0.012330352091116388,9.256721931694134e-06,0.004225405958409811
748,6606,1.5464251851471202,0.0989815531804335,0.0331068588308165,0.0009655577755577757,0.0,0.0,0.0009655577755577757,0.0,0.0,0.0,1.0,0.0,0.47820040432900435,1900.110863330097,0.3504756310957839,0.012645687299684922,0.01875633381928736,0.17043016826350188,0.00021250103118821112,0.3726047231514528,0.06253534700167288,0.01233035162303826,9.256714389782594e-06,0.004225400124322709
749,4781,1.3459277753493355,0.0174997258755943,0.1415517447576914,0.0009659074259074259,0.0,0.0009659074259074259,0.0,0.0,0.0,1.0,0.0,0.0,0.47823958614718615,1900.1129704905004,0.30544261328835104,0.010192697537748036,0.014472362178626647,0.006831419150537783,2.5208517524467834e-06,0.35983210458878523,0.2676145776132575,0.015616201919663914,0.019995502871277382,0.0006480530717970501
750,6622,2.904999118492019,0.2450842892143498,0.2088188929467919,0.000967945387945388,0.0,0.0,0.0,0.000967945387945388,0.0,0.0,0.0,1.0,0.4784679601731602,1900.1252521207969,0.33808126467938193,0.013407793819400984,0.019576751193023625,0.28083168526808827,0.0044256144574734676,0.32808164542208756,0.0044661754648882,0.011129028380890159,4.1314765719668856e-08,0.015595286475309833
751,5837,2.659142179041389,0.1515002736454126,0.1244330436833934,0.000967995337995338,0.0,0.0,0.0,0.000967995337995338,0.0,0.0,0.0,1.0,0.4784735575757576,1900.1255531389047,0.33808126467938193,0.013407793819400984,0.019576751193023625,0.28083169854068424,0.00442563032135876,0.32808164542228946,0.0044661621922922334,0.011129012517004867,4.131456382561183e-08,0.015595257338424706
752,6658,2.726371285556828,0.2379419771356549,0.2520802483692158,0.0009681152181152181,0.0,0.0,0.0009681152181152181,0.0,0.0,0.0,1.0,0.0,0.47848699134199135,1900.1262755819262,0.3504756310957839,0.012645687299684922,0.01875633381928736,0.17043042509922546,0.0002125234998524102,0.37260472351349766,0.0625350901659493,0.01233032915437406,9.256352344944041e-06,0.004225120095845192
753,5111,1.8220049431619825,0.1000044244485913,0.0803517115529942,0.0009684881784881785,0.0,0.0,0.0009684881784881785,0.0,0.0,0.0,1.0,0.0,0.4785287852813853,1900.1285231784843,0.3504756310957839,0.012645687299684922,0.01875633381928736,0.1704304625524463,0.0002125267766796297,0.3726047235662947,0.06253505271272847,0.01233032587754684,9.256299547899527e-06,0.004225079260203102
754,5511,3.1686072700708445,0.0462314610918541,0.2192817204642147,0.000968971028971029,0.0,0.0,0.0,0.000968971028971029,0.0,0.0,0.0,1.0,0.4785828935064935,1900.131433004429,0.33808126467938193,0.013407793819400984,0.019576751193023625,0.2808319577884072,0.0044259402004173795,0.3280816454261872,0.004465902944569278,0.011128702637946249,4.1310666110128125e-08,0.015594688203847684
755,5660,1.872558909966256,0.1584077084575261,0.0888032586165216,0.00097002664002664,0.0,0.0,0.00097002664002664,0.0,0.0,0.0,1.0,0.0,0.4787011852813853,1900.1377944510573,0.3504756310957839,0.012645687299684922,0.01875633381928736,0.17043061704121915,0.000212540293985627,0.37260472378408405,0.06253489822395561,0.012330312360240844,9.25608175855741e-06,0.00422491081854548
756,6089,1.98403971682627,0.0212830056749542,0.1129018966337982,0.0009706060606060606,0.0,0.0,0.0009706060606060606,0.0,0.0,0.0,1.0,0.0,0.4787661151515151,1900.1412862026534,0.3504756310957839,0.012645687299684922,0.01875633381928736,0.17043067522310454,0.00021254538508430162,0.37260472386610877,0.06253484004207022,0.012330307269142169,9.255999733837061e-06,0.004224847381512076
757,5225,2.8364609725817704,0.1939387139559229,0.3647711866404211,0.000970872460872461,0.0,0.0,0.0,0.000970872460872461,0.0,0.0,0.0,1.0,0.47879596796536794,1900.1428916008413,0.33808126467938193,0.013407793819400984,0.019576751193023625,0.28083246299664294,0.004426544148738917,0.3280816454337777,0.004465397736333532,0.011128098689624711,4.1303075570819914e-08,0.01559357903210945
758,5364,2.7048136132678633,0.2157229426065125,0.1606164883188786,0.0009712787212787213,0.0,0.0,0.0009712787212787213,0.0,0.0,0.0,1.0,0.0,0.4788414935064935,1900.1453398272013,0.3504756310957839,0.012645687299684922,0.01875633381928736,0.17043074276571868,0.00021255129555198274,0.3726047239613356,0.06253477249945608,0.012330301358674488,9.255904507010637e-06,0.004224773737976584
759,5626,1.718455750499772,0.0790922071485539,0.0470944764505861,0.000971924741924742,0.0,0.0,0.000971924741924742,0.0,0.0,0.0,1.0,0.0,0.4789138865800866,1900.1492328938461,0.3504756310957839,0.012645687299684922,0.01875633381928736,0.1704308076320567,0.00021255697205738996,0.37260472405278594,0.06253470763311805,0.01233029568216908,9.255813056663342e-06,0.004224703012232434
760,6272,1.8850314047199277,0.1095278480414613,0.1493627198267125,0.0009737795537795538,0.0,0.0,0.0009737795537795538,0.0,0.0,0.0,1.0,0.0,0.4791217367965368,1900.1604103101972,0.3504756310957839,0.012645687299684922,0.01875633381928736,0.17043099386296165,0.0002125732706864737,0.37260472431535435,0.0625345214022131,0.012330279383539996,9.255550488251885e-06,0.004224499957561578
761,5293,2.7329372240438454,0.5017913594644375,0.2904057589978426,0.0009746386946386948,0.0,0.0,0.0009746386946386948,0.0,0.0,0.0,1.0,0.0,0.4792180121212121,1900.1655875911551,0.3504756310957839,0.012645687299684922,0.01875633381928736,0.1704310801199819,0.0002125808204545253,0.37260472443697296,0.06253443514519286,0.012330271833771944,9.255428869647808e-06,0.004224405907536144
762,6362,3.056326947857104,0.0565031888811721,0.1485132102340818,0.0009747219447219448,0.0,0.0,0.0,0.0009747219447219448,0.0,0.0,0.0,1.0,0.4792273411255411,1900.1660892639795,0.33808126467938193,0.013407793819400984,0.019576751193023625,0.2808334857378104,0.0044277670723937256,0.328081645449154,0.004464374995166054,0.011126875765969902,4.128769925948461e-08,0.015591333336534507
763,6726,1.564241176357608,0.0535795058594875,0.0193218014606921,0.0009756343656343656,0.0,0.0,0.0009756343656343656,0.0,0.0,0.0,1.0,0.0,0.479329587012987,1900.171587578603,0.3504756310957839,0.012645687299684922,0.01875633381928736,0.17043118008084868,0.0002125895702389969,0.3726047245779194,0.06253433518432608,0.012330263083987473,9.255287923226607e-06,0.004224296914992043
764,5844,1.80353396115918,0.0634626333871588,0.0310483668195414,0.0009760173160173161,0.0,0.0,0.0009760173160173161,0.0,0.0,0.0,1.0,0.0,0.4793725004329004,1900.1738952547314,0.3504756310957839,0.012645687299684922,0.01875633381928736,0.1704312185266892,0.00021259293561318166,0.3726047246321282,0.06253429673848557,0.012330259718613288,9.255233714422495e-06,0.004224254995359722
765,1023,0.9852435608892162,0.2584776140862303,0.0917803803539145,0.0009760705960705961,0.0,0.0009760705960705961,0.0,0.0,0.0,1.0,0.0,0.0,0.479378470995671,1900.1742163222148,0.30544261328835104,0.010192697537748036,0.014472362178626647,0.006831005681555788,2.5217164317554983e-06,0.3598324055478496,0.2676149910822395,0.015616201054984605,0.01999520191221299,0.000647863757970879
766,6501,3.036691894822735,0.2898701981670798,0.4042361619980767,0.0009775158175158176,0.0,0.0,0.0,0.0009775158175158176,0.0,0.0,0.0,1.0,0.4795404225108225,1900.1829252311356,0.33808126467938193,0.013407793819400984,0.019576751193023625,0.2808342279689297,0.00442865482768062,0.3280816454602993,0.0044636327640467655,0.011125988010683006,4.1276554008096156e-08,0.015589703327837823
767,5405,3.1502635186166446,0.077694824870476,0.0921537520908434,0.000977945387945388,0.0,0.0,0.0,0.000977945387945388,0.0,0.0,0.0,1.0,0.4795885601731602,1900.1855138065632,0.33808126467938193,0.013407793819400984,0.019576751193023625,0.2808343420862859,0.0044287913376591295,0.3280816454620207,0.00446351864669059,0.011125851500704498,4.1274832607296474e-08,0.015589452697060246
768,4586,1.3952609740740816,0.1005522831612336,0.033003381550659,0.0009783649683649685,0.0,0.0009783649683649685,0.0,0.0,0.0,1.0,0.0,0.0,0.4796355783549784,1900.1880421749017,0.30544261328835104,0.010192697537748036,0.014472362178626647,0.0068309123321446934,2.5219116608370548e-06,0.35983247349233555,0.26761508443165066,0.015616200859755524,0.019995133967727063,0.000647821023181061
769,1447,1.4176761967247447,0.029918963387494,0.1339974287023336,0.0009791741591741593,0.0009791741591741593,0.0,0.0,0.0,1.0,0.0,0.0,0.0,0.4797262562770563,1900.1929182924612,0.38190021850282097,0.022718381307491074,0.03317116181496154,0.003533875239972729,1.2325438630340332e-06,0.18264641158262312,0.31874164461494386,0.017570722205479433,0.03971635218784422,0.0004699555188850679
770,5757,1.8115503728208373,0.2226244227239348,0.1620926785363088,0.0009793439893439895,0.0,0.0,0.0009793439893439895,0.0,0.0,0.0,1.0,0.0,0.47974528744588746,1900.1939416715836,0.3504756310957839,0.012645687299684922,0.01875633381928736,0.17043155247838238,0.0002126221721181925,0.37260472510304277,0.06253396278679238,0.012330230482108278,9.25476279983739e-06,0.004223890865332369
771,5639,1.0622252497892268,0.1504764203529714,0.0154041577920304,0.0009795371295371297,0.0,0.0009795371295371297,0.0,0.0,0.0,1.0,0.0,0.0,0.47976693073593074,1900.1951055130003,0.30544261328835104,0.010192697537748036,0.014472362178626647,0.00683086464016009,2.5220114039733287e-06,0.35983250820398377,0.26761513212363525,0.015616200760012388,0.01999509925607884,0.0006477991921260973
772,5155,2.8074199665125574,0.4114874930460077,0.3658233573696483,0.0009798135198135199,0.0,0.0,0.0,0.0009798135198135199,0.0,0.0,0.0,1.0,0.479797903030303,1900.1967710074098,0.33808126467938193,0.013407793819400984,0.019576751193023625,0.28083483835290646,0.004429385040470681,0.3280816454694748,0.004463022380070014,0.011125257797892946,4.126737845888684e-08,0.015588362712719905
773,5742,2.673842496745447,0.1754178358570861,0.0948673231693201,0.0009807326007326008,0.0,0.0,0.0,0.0009807326007326008,0.0,0.0,0.0,1.0,0.47990089523809526,1900.2023092543518,0.33808126467938193,0.013407793819400984,0.019576751193023625,0.2808350824979946,0.004429677154723296,0.32808164547314306,0.004462778234981868,0.011124965683640332,4.1263710226502326e-08,0.015587826446042619
774,5339,1.8272909669132935,0.2649402186439052,0.1536234506756719,0.0009810356310356312,0.0,0.0,0.0009810356310356312,0.0,0.0,0.0,1.0,0.0,0.47993485281385284,1900.2041352625909,0.3504756310957839,0.012645687299684922,0.01875633381928736,0.1704317222798049,0.0002126370402701057,0.37260472534250516,0.06253379298536985,0.012330215613956365,9.254523337443032e-06,0.004223705716833059
775,5288,3.1657492457613614,0.2771178022113249,0.2523564073576068,0.000981904761904762,0.0,0.0,0.0,0.000981904761904762,0.0,0.0,0.0,1.0,0.4800322476190476,1900.2093724731087,0.33808126467938193,0.013407793819400984,0.019576751193023625,0.2808353938642875,0.004430049730318313,0.3280816454778234,0.004462466868688952,0.011124593108045314,4.1259029859297414e-08,0.015587142494793982
776,4676,0.8898028756982239,0.1749430407721257,0.1392733637648931,0.0009827905427905429,0.0009827905427905429,0.0,0.0,0.0,1.0,0.0,0.0,0.0,0.48013150822510825,1900.2147099799076,0.38190021850282097,0.022718381307491074,0.03317116181496154,0.00353379175834699,1.2326920653832828e-06,0.18264647808334575,0.3187417280965696,0.017570722057277083,0.0397162856871216,0.0004699058508632059
777,6045,1.9222618950088688,0.0792605149823551,0.0994226424572899,0.000983080253080253,0.0,0.0,0.000983080253080253,0.0,0.0,0.0,1.0,0.0,0.4801639731601732,1900.2164556984935,0.3504756310957839,0.012645687299684922,0.01875633381928736,0.17043192749795077,0.0002126550118578267,0.3726047256319277,0.06253358776722398,0.012330197642368644,9.254233914901544e-06,0.004223481948254393
778,6521,3.0513086386663315,0.0749322747111596,0.1588219458335475,0.0009833499833499834,0.0,0.0,0.0,0.0009833499833499834,0.0,0.0,0.0,1.0,0.48019419913419914,1900.2180810194495,0.33808126467938193,0.013407793819400984,0.019576751193023625,0.28083577775491175,0.004430509137107658,0.32808164548359076,0.004462082978064719,0.01112413370125597,4.125326252824024e-08,0.015586299185845753
779,5934,1.8817156025854556,0.2289465515469846,0.0882033883921299,0.000984139194139194,0.0,0.0,0.000984139194139194,0.0,0.0,0.0,1.0,0.0,0.4802826380952381,1900.2228365702042,0.3504756310957839,0.012645687299684922,0.01875633381928736,0.1704320337771399,0.00021266432005841092,0.3726047257818241,0.06253348148803486,0.012330188334168058,9.254084018528452e-06,0.004223366061071987
780,6884,1.4885187359304588,0.0933379235554017,0.0548620463445826,0.000985138195138195,0.0,0.0,0.000985138195138195,0.0,0.0,0.0,1.0,0.0,0.4803945861471861,1900.228856216294,0.3504756310957839,0.012645687299684922,0.01875633381928736,0.17043213403714857,0.00021267310165802242,0.3726047259232369,0.06253338122802618,0.012330179552568448,9.253942605702559e-06,0.004223256736638037
781,6998,1.370341938952327,0.387126724343496,0.0839224043559298,0.000985944055944056,0.0,0.0,0.000985944055944056,0.0,0.0,0.0,1.0,0.0,0.4804848909090909,1900.233712032868,0.3504756310957839,0.012645687299684922,0.01875633381928736,0.1704322149106989,0.00021268018567646778,0.37260472603730915,0.06253330035447585,0.012330172468550003,9.253828533450914e-06,0.00422316855092475
782,6680,1.2927814625103904,0.4620504355549885,0.019414841740358,0.0009867898767898769,0.0,0.0,0.0009867898767898769,0.0,0.0,0.0,1.0,0.0,0.48057967359307363,1900.2388086036976,0.3504756310957839,0.012645687299684922,0.01875633381928736,0.17043229979161198,0.00021268762115493012,0.37260472615703355,0.06253321547356278,0.012330165033071539,9.253708809053851e-06,0.004223075995084424
783,6119,3.100483814987082,0.1356935297349453,0.1557726864408555,0.0009884415584415585,0.0,0.0,0.0,0.0009884415584415585,0.0,0.0,0.0,1.0,0.48076476103896104,1900.2487608737924,0.33808126467938193,0.013407793819400984,0.019576751193023625,0.2808371301229029,0.004432127975153302,0.3280816455038949,0.004460730610073571,0.011122514863210326,4.123295838098784e-08,0.015583327939200586
784,5316,3.468133430460043,0.1052358344845576,0.1674088665784762,0.000988971028971029,0.0,0.0,0.0,0.000988971028971029,0.0,0.0,0.0,1.0,0.4808240935064935,1900.2519511936096,0.33808126467938193,0.013407793819400984,0.019576751193023625,0.28083727074659165,0.004432296346801364,0.3280816455060125,0.004460589986384822,0.011122346491562263,4.123084079710182e-08,0.015583018939628657
785,6473,1.8680671616562097,0.1529312519838368,0.0281720683979521,0.0009906193806193807,0.0,0.0,0.0009906193806193807,0.0,0.0,0.0,1.0,0.0,0.4810088077922078,1900.261883244161,0.3504756310957839,0.012645687299684922,0.01875633381928736,0.17043268406234127,0.00021272128813196048,0.37260472669909817,0.06253283120283348,0.01233013136609451,9.253166744438435e-06,0.004222656973248862
786,6318,3.1941521655640805,0.4126917624678935,0.4395437153205204,0.0009907159507159507,0.0,0.0,0.0,0.0009907159507159507,0.0,0.0,0.0,1.0,0.4810196294372294,1900.2624651182468,0.33808126467938193,0.013407793819400984,0.019576751193023625,0.28083773417481306,0.0044328512715109585,0.3280816455129721,0.004460126558163413,0.011121791566852668,4.1223881197538503e-08,0.015582000572778476
787,5494,1.6938591771982938,0.0845752694313033,0.0952100173919056,0.0009916250416250416,0.0,0.0,0.0009916250416250416,0.0,0.0,0.0,1.0,0.0,0.48112150216450217,1900.2679427408495,0.3504756310957839,0.012645687299684922,0.01875633381928736,0.17043278496619665,0.00021273013002665573,0.37260472684144796,0.0625327302989781,0.012330122524199814,9.25302439463982e-06,0.004222546942799221
788,6799,1.4693561783604132,0.0889478078954556,0.041794057230879,0.000991918081918082,0.0,0.0,0.000991918081918082,0.0,0.0,0.0,1.0,0.0,0.48115434025974024,1900.2697084138215,0.3504756310957839,0.012645687299684922,0.01875633381928736,0.17043281436780763,0.00021273270652334862,0.37260472688292595,0.06253270089736712,0.012330119947703121,9.252982916652108e-06,0.0042225148817355285
789,5538,1.9584430097774972,0.0776698318708841,0.1749815659945311,0.000992187812187812,0.0,0.0,0.000992187812187812,0.0,0.0,0.0,1.0,0.0,0.4811845662337662,1900.2713336322706,0.3504756310957839,0.012645687299684922,0.01875633381928736,0.17043284143052462,0.0002127350780925399,0.3726047269211044,0.06253267383465014,0.01233011757613393,9.252944738191715e-06,0.004222485371092488
790,6891,1.6447461438862103,0.0481695800114584,0.0901882589626853,0.0009923143523143524,0.0,0.0,0.0009923143523143524,0.0,0.0,0.0,1.0,0.0,0.4811987463203463,1900.272096079354,0.3504756310957839,0.012645687299684922,0.01875633381928736,0.17043285412656387,0.000212736190687492,0.3726047269390162,0.06253266113861089,0.012330116463538978,9.252926826408547e-06,0.004222471526634686
791,6465,1.9975328362774551,0.0476947137515585,0.007024842109845,0.0009943589743589745,0.0,0.0,0.0009943589743589745,0.0,0.0,0.0,1.0,0.0,0.4814278666666667,1900.2844155236241,0.3504756310957839,0.012645687299684922,0.01875633381928736,0.17043305925846575,0.00021275416847116408,0.3726047272284254,0.06253245600670901,0.012330098485755305,9.252637417189735e-06,0.004222247838130633
792,5093,1.907653176140324,0.0803173177190635,0.1021353760750474,0.0009954978354978355,0.0,0.0,0.0009954978354978355,0.0,0.0,0.0,1.0,0.0,0.48155548744588744,1900.2912774162621,0.3504756310957839,0.012645687299684922,0.01875633381928736,0.17043317351061454,0.0002127641826413797,0.37260472738962186,0.06253234175456021,0.01233008847158509,9.252476220744654e-06,0.004222123249418841
793,1975,1.1299522207938353,0.0707645574337282,0.1603130003514961,0.000995847485847486,0.000995847485847486,0.0,0.0,0.0,1.0,0.0,0.0,0.0,0.48159466926406924,1900.2933841264964,0.38190021850282097,0.022718381307491074,0.03317116181496154,0.0035334903200150017,1.2332272361311633e-06,0.18264671818134054,0.3187420295349016,0.017570721522106335,0.03971604558912681,0.0004697265580348997
794,193,1.258971932544698,0.1027486800073323,0.0210187394120421,0.0009972094572094573,0.0005377688977688978,0.00045944055944055945,0.0,0.0,0.5392737642839492,0.4607262357160507,0.0,0.0,0.4817472917748918,1900.301590214336,0.34667419386049436,0.016947470174487732,0.024556134246104304,0.00480892549634384,1.7181053474659009e-06,0.26440341905593995,0.29543027822870654,0.01667033142732489,0.030507529405250866,0.0005505122427441611
795,6946,1.4439434372985471,0.258304224396757,0.0203438594758663,0.0009981851481851481,0.0,0.0,0.0009981851481851481,0.0,0.0,0.0,1.0,0.0,0.4818566277056277,1900.3074688541428,0.3504756310957839,0.012645687299684922,0.01875633381928736,0.17043344308658426,0.00021278781395181408,0.3726047277699963,0.0625320721785905,0.012330064840274655,9.252095846290498e-06,0.0042218292813897
796,6189,1.9735475895632324,0.1668417203964273,0.1277744626983231,0.0009987845487845488,0.0,0.0,0.0009987845487845488,0.0,0.0,0.0,1.0,0.0,0.4819237965367965,1900.3110802849205,0.3504756310957839,0.012645687299684922,0.01875633381928736,0.17043350321112946,0.00021279308513967772,0.3726047278548344,0.0625320120540453,0.012330059569086792,9.252011008209493e-06,0.004221763715980487
797,6056,1.7610040645538232,0.1455911146391485,0.0269581458571947,0.0009997835497835498,0.0,0.0,0.0009997835497835498,0.0,0.0,0.0,1.0,0.0,0.4820357445887446,1900.317099301886,0.3504756310957839,0.012645687299684922,0.01875633381928736,0.170433603416083,0.0002128018706690035,0.3726047279962351,0.06253191184909176,0.012330050783557466,9.25186960748503e-06,0.004221654442696177
798,5376,1.366708300422553,0.0571962871780205,0.0258621529192039,0.0010009357309357309,0.0,0.0,0.0010009357309357309,0.0,0.0,0.0,1.0,0.0,0.482164858008658,1900.3240411814986,0.3504756310957839,0.012645687299684922,0.01875633381928736,0.1704337189811476,0.0002128120036457987,0.37260472815931406,0.06253179628402716,0.012330040650580671,9.251706528545789e-06,0.004221528418496989
799,5408,2.0130473743969377,0.0862288550498204,0.0389876988082632,0.0010020646020646022,0.0,0.0,0.0010020646020646022,0.0,0.0,0.0,1.0,0.0,0.48229135930735934,1900.3308425630992,0.3504756310957839,0.012645687299684922,0.01875633381928736,0.17043383220325012,0.00021282193196560294,0.372604728319095,0.06253168306192464,0.012330030722260868,9.251546747579553e-06,0.0042214049485126415
800,5661,2.6369804524943072,0.166238948070343,0.0570391023402287,0.0010036163836163838,0.0,0.0,0.0010036163836163838,0.0,0.0,0.0,1.0,0.0,0.48246525194805195,1900.3401918654833,0.3504756310957839,0.012645687299684922,0.01875633381928736,0.1704339878343491,0.00021283558030448521,0.3726047285387335,0.06253152743082566,0.012330017073921985,9.251327109105478e-06,0.004221235229797782
801,5616,2.1655417039799816,0.4554920637169528,0.2172270803828669,0.0010036729936729939,0.0,0.0,0.0010036729936729939,0.0,0.0,0.0,1.0,0.0,0.4824715956709957,1900.340532932497,0.3504756310957839,0.012645687299684922,0.01875633381928736,0.17043399351153685,0.00021283607821671104,0.37260472854674476,0.06253152175363791,0.012330016576009758,9.251319097847155e-06,0.004221229038675278
802,6219,1.429748027531322,0.5399848360599073,0.2556598843524656,0.001005960705960706,0.0,0.0,0.001005960705960706,0.0,0.0,0.0,1.0,0.0,0.4827279567099567,1900.3543159370952,0.3504756310957839,0.012645687299684922,0.01875633381928736,0.1704342229336009,0.0002128562004807492,0.3726047288705417,0.06253129233157387,0.012329996453745721,9.250995300913445e-06,0.0042209788467534315
803,6633,1.5580902551678328,0.2980359603963285,0.1535939608952112,0.0010065567765567766,0.0,0.0,0.0,0.0010065567765567766,0.0,0.0,0.0,1.0,0.4827947523809524,1900.3579071051224,0.33808126467938193,0.013407793819400984,0.019576751193023625,0.2808419405063138,0.0044378917735826825,0.32808164557609987,0.004455920226662691,0.011116751064780946,4.1160753416757956e-08,0.015572753612950518
804,5161,2.857367156569051,0.1026909958842491,0.2437584206547904,0.001007009657009657,0.0,0.0,0.0,0.001007009657009657,0.0,0.0,0.0,1.0,0.48284550216450217,1900.3606355801144,0.33808126467938193,0.013407793819400984,0.019576751193023625,0.2808420607425087,0.004438035952053874,0.3280816455779097,0.004455799990467746,0.011116606886309752,4.115894358669436e-08,0.015572489194664696
805,5196,3.5407981427134554,0.1106512125355288,0.2300179042057756,0.0010071861471861471,0.0,0.0,0.0,0.0010071861471861471,0.0,0.0,0.0,1.0,0.48286527965367965,1900.3616988804806,0.33808126467938193,0.013407793819400984,0.019576751193023625,0.28084210759913664,0.004438092140488935,0.3280816455786107,0.004455753133839835,0.011116550697874691,4.1158242591876615e-08,0.015572386148199668
806,5775,3.0726889622610796,0.1232441418113761,0.0121221125344224,0.0010072027972027973,0.0,0.0,0.0,0.0010072027972027973,0.0,0.0,0.0,1.0,0.48286714545454545,1900.3617991917667,0.33808126467938193,0.013407793819400984,0.019576751193023625,0.2808421120191283,0.004438097441001349,0.32808164557867775,0.004455748713848184,0.011116545397362277,4.115817553440593e-08,0.015572376427561485
807,5689,1.8044107788259176,0.0876893980516743,0.1948445929103487,0.0010076390276390276,0.0,0.0,0.0010076390276390276,0.0,0.0,0.0,1.0,0.0,0.48291602943722944,1900.364427343217,0.3504756310957839,0.012645687299684922,0.01875633381928736,0.17043439123090634,0.00021287096356072368,0.37260472910808645,0.06253112403426841,0.012329981690665747,9.250757756151806e-06,0.004220795311278502
808,6672,2.700351325679965,0.1370699771936787,0.0855739456730801,0.001008108558108558,0.0,0.0,0.001008108558108558,0.0,0.0,0.0,1.0,0.0,0.482968645021645,1900.3672561077722,0.3504756310957839,0.012645687299684922,0.01875633381928736,0.17043443831199534,0.00021287509384270646,0.3726047291745408,0.06253107695317942,0.012329977560383764,9.250691301809777e-06,0.004220743966998786
809,6569,1.6728848521746364,0.0591152282520136,0.0712266668203383,0.0010112853812853813,0.0,0.0,0.0010112853812853813,0.0,0.0,0.0,1.0,0.0,0.4833246398268398,1900.3863951593428,0.3504756310957839,0.012645687299684922,0.01875633381928736,0.17043475683984377,0.0002129030407155229,0.37260472962416924,0.06253075842533098,0.012329949613510947,9.25024167336419e-06,0.004220396593020648
810,6155,2.0204597715949744,0.064616503724814,0.0790483794966165,0.0010114185814185815,0.0,0.0,0.0010114185814185815,0.0,0.0,0.0,1.0,0.0,0.4833395662337662,1900.3871976258206,0.3504756310957839,0.012645687299684922,0.01875633381928736,0.17043477019464617,0.00021290421255215186,0.37260472964302155,0.06253074507052858,0.012329948441674319,9.250222821055587e-06,0.004220382028677028
811,5453,1.5604698297721027,0.121580735389156,0.0760276617396993,0.001011778221778222,0.0,0.0,0.001011778221778222,0.0,0.0,0.0,1.0,0.0,0.48337986753246753,1900.3893642815015,0.3504756310957839,0.012645687299684922,0.01875633381928736,0.1704348062516905,0.00021290737653216835,0.372604729693922,0.06253070901348426,0.012329945277694302,9.250171920605066e-06,0.0042203427058518095
812,6126,3.025577942646624,0.1685199173201302,0.2436155110813649,0.0010125174825174827,0.0,0.0,0.0,0.0010125174825174827,0.0,0.0,0.0,1.0,0.4834627090909091,1900.3938179451577,0.33808126467938193,0.013407793819400984,0.019576751193023625,0.2808435229324134,0.004439789740595942,0.32808164559983677,0.004454337800563091,0.011114853097767685,4.113701651542456e-08,0.015569273172363784
813,5578,2.874353636936514,0.1232171795389885,0.1594054155652671,0.001013023643023643,0.0,0.0,0.0,0.001013023643023643,0.0,0.0,0.0,1.0,0.4835194294372294,1900.3968672869019,0.33808126467938193,0.013407793819400984,0.019576751193023625,0.28084365729644006,0.0044399509409146784,0.32808164560185543,0.004454203436536408,0.011114691897448948,4.113499785241004e-08,0.015568977603981127
814,2923,1.3400258029357677,0.1388417703903951,0.1264038476846508,0.0010135764235764237,0.0,0.0010135764235764237,0.0,0.0,0.0,1.0,0.0,0.0,0.483581374025974,1900.4001974764853,0.30544261328835104,0.010192697537748036,0.014472362178626647,0.006829479350823187,2.524908946783047e-06,0.3598335162145337,0.26761651741297215,0.015616197862469578,0.019994091245528922,0.0006471655628202955
815,6827,3.1192644714413515,0.0273493475291342,0.0901373620338363,0.0010144921744921745,0.0,0.0,0.0,0.0010144921744921745,0.0,0.0,0.0,1.0,0.48368399307359305,1900.405714327908,0.33808126467938193,0.013407793819400984,0.019576751193023625,0.28084404712190275,0.004440418663521222,0.32808164560770675,0.00445381361107372,0.011114224174842405,4.1129146532981053e-08,0.015568120044209155
816,6055,3.2541154010870064,0.1133034673406565,0.085684850736232,0.0010164835164835164,0.0,0.0,0.0,0.0010164835164835164,0.0,0.0,0.0,1.0,0.48390714285714287,1900.4177108476397,0.33808126467938193,0.013407793819400984,0.019576751193023625,0.28084457570946336,0.004441052967974853,0.3280816456156322,0.004453285023513109,0.011113589870388775,4.1121221094897464e-08,0.01556695713634404
817,2999,1.0655037668452925,0.0713097975103201,0.0516735385059293,0.0010165101565101566,0.0010165101565101566,0.0,0.0,0.0,1.0,0.0,0.0,0.0,0.48391012813852813,1900.4178713350418,0.38190021850282097,0.022718381307491074,0.03317116181496154,0.00353301320154394,1.2340744229733568e-06,0.18264709811604293,0.31874250665337267,0.017570720674919493,0.039715665654424415,0.0004694429599143013
818,5635,3.1227329184271126,0.452056668466516,0.3214091685654563,0.001019034299034299,0.0,0.0,0.0,0.001019034299034299,0.0,0.0,0.0,1.0,0.4841929835497836,1900.433077378018,0.33808126467938193,0.013407793819400984,0.019576751193023625,0.2808452527639726,0.004441865586553493,0.3280816456257826,0.0044526079690038745,0.011112777251810134,4.1111070658850224e-08,0.015565467442955394
819,5277,1.917193503119492,0.1356246758418753,0.1399493657739044,0.0010237495837495838,0.0,0.0,0.0010237495837495838,0.0,0.0,0.0,1.0,0.0,0.48472137835497836,1900.4614826558495,0.3504756310957839,0.012645687299684922,0.01875633381928736,0.1704360062124979,0.00021301271591389915,0.372604731388208,0.06252950905267685,0.01232983993831257,9.248477634615782e-06,0.004219034017090673
820,6950,1.88516385680751,0.0780577577245104,0.0902979622406792,0.0010241591741591742,0.0,0.0,0.0010241591741591742,0.0,0.0,0.0,1.0,0.0,0.4847672770562771,1900.4639500183323,0.3504756310957839,0.012645687299684922,0.01875633381928736,0.17043604725867645,0.00021301632069665893,0.37260473144617356,0.0625294680064983,0.012329836333529812,9.248419669038999e-06,0.004218989250198146
821,6103,3.3099275524821143,0.0830139396349534,0.1434308259194487,0.0010243789543789544,0.0,0.0,0.0,0.0010243789543789544,0.0,0.0,0.0,1.0,0.48479190562770563,1900.4652739659589,0.33808126467938193,0.013407793819400984,0.019576751193023625,0.28084667127839447,0.004443568685336716,0.32808164564704906,0.004451189454582005,0.011111074153026911,4.1089804225791227e-08,0.01556234578721738
822,6244,3.2320047271940298,0.0088138738503594,0.2862900231014901,0.0010274991674991676,0.0,0.0,0.0,0.0010274991674991676,0.0,0.0,0.0,1.0,0.48514155670995673,1900.484069786262,0.33808126467938193,0.013407793819400984,0.019576751193023625,0.2808474993340077,0.004444563217605577,0.3280816456594591,0.004450361398968761,0.011110079620758051,4.107739420833312e-08,0.015560523174515284
823,6179,1.4047037114538452,0.2117951732148403,0.0266035234492955,0.0010283316683316684,0.0,0.0,0.0010283316683316684,0.0,0.0,0.0,1.0,0.0,0.48523484675324674,1900.4890846088795,0.3504756310957839,0.012645687299684922,0.01875633381928736,0.17043646536010726,0.00021305304515977947,0.37260473203667016,0.0625290499050675,0.01232979960906669,9.247829172442934e-06,0.004218533243311118
824,5361,1.9001795682625728,0.1322979916327907,0.1154618717748787,0.0010292474192474194,0.0,0.0,0.0010292474192474194,0.0,0.0,0.0,1.0,0.0,0.4853374658008658,1900.4946008793427,0.3504756310957839,0.012645687299684922,0.01875633381928736,0.17043655711341976,0.00021306110582367798,0.37260473216626944,0.06252895815175499,0.012329791548402792,9.247699573167178e-06,0.004218433170136149
825,5740,1.8713314140030035,0.132537896577423,0.0345282742430597,0.0010292940392940394,0.0,0.0,0.0010292940392940394,0.0,0.0,0.0,1.0,0.0,0.48534269004329006,1900.4948817066927,0.3504756310957839,0.012645687299684922,0.01875633381928736,0.17043656178469868,0.00021306151619208586,0.3726047321728658,0.06252895348047607,0.012329791138034384,9.247692976777078e-06,0.0042184280752960435
826,6152,1.7451572213067128,0.2173295849470713,0.0668349018408044,0.0010305228105228106,0.0,0.0,0.0010305228105228106,0.0,0.0,0.0,1.0,0.0,0.48548038614718614,1900.5022834795855,0.3504756310957839,0.012645687299684922,0.01875633381928736,0.1704366848955711,0.00021307233250597408,0.3726047323467592,0.06252883036960366,0.012329780321720496,9.247519083377398e-06,0.004218293800322903
827,5814,1.5147989377320135,0.1706938166829551,0.0454706573315299,0.0010322743922743923,0.0,0.0,0.0010322743922743923,0.0,0.0,0.0,1.0,0.0,0.4856766683982684,1900.5128344040625,0.3504756310957839,0.012645687299684922,0.01875633381928736,0.17043686037770708,0.0002130877515871294,0.3726047325946402,0.06252865488746767,0.01232976490263934,9.247271202383889e-06,0.004218102403343749
828,5800,2.648023803572079,0.3542854131283112,0.0891867703724863,0.0010326007326007325,0.0,0.0,0.0010326007326007325,0.0,0.0,0.0,1.0,0.0,0.4857132380952381,1900.5148001510797,0.3504756310957839,0.012645687299684922,0.01875633381928736,0.1704368930706929,0.0002130906244342335,0.3726047326408266,0.06252862219448185,0.012329762029792236,9.247225015995841e-06,0.004218066745138138
829,5210,1.8869490032448484,0.0644133542866976,0.1498112237082768,0.0010337995337995338,0.0,0.0,0.0010337995337995338,0.0,0.0,0.0,1.0,0.0,0.48584757575757576,1900.5220212232684,0.3504756310957839,0.012645687299684922,0.01875633381928736,0.17043701316465248,0.00021310117799911677,0.3726047328104776,0.06252850210052227,0.012329751476227353,9.247055364980383e-06,0.004217935758311531
830,6077,1.9206574139208268,0.2041452553106697,0.140547377377514,0.001034042624042624,0.0,0.0,0.001034042624042624,0.0,0.0,0.0,1.0,0.0,0.48587481645021646,1900.523485488705,0.3504756310957839,0.012645687299684922,0.01875633381928736,0.17043703751637881,0.00021310331807465418,0.37260473284487683,0.06252847774879594,0.012329749336151816,9.247020965774677e-06,0.004217909197711256
831,5631,2.6236975101274966,0.153281247298776,0.1787274654618249,0.0010341625041625042,0.0,0.0,0.0010341625041625042,0.0,0.0,0.0,1.0,0.0,0.4858882502164502,1900.524207591273,0.3504756310957839,0.012645687299684922,0.01875633381928736,0.17043704952544933,0.00021310437346059406,0.3726047328618415,0.06252846573972543,0.012329748280765876,9.247004001122772e-06,0.0042178960993255465
832,5985,2.840811166882787,0.6874777998761145,0.2518210336551149,0.0010353712953712956,0.0,0.0,0.0,0.0010353712953712956,0.0,0.0,0.0,1.0,0.4860237073593074,1900.5314887576383,0.33808126467938193,0.013407793819400984,0.019576751193023625,0.280849588231103,0.004447073227581406,0.3280816456907647,0.004448272501873463,0.011107569610782221,4.104608858357395e-08,0.015555924204832872
833,5372,1.660794609345092,0.479086527497821,0.0267459152564397,0.001036856476856477,0.0,0.0,0.001036856476856477,0.0,0.0,0.0,1.0,0.0,0.4861901367965368,1900.5404346776875,0.3504756310957839,0.012645687299684922,0.01875633381928736,0.17043731937913556,0.00021312809133503186,0.37260473324308174,0.0625281958860392,0.012329724562891439,9.24662276086119e-06,0.004217601765284407
834,6529,1.0971770103597123,0.326868008474533,0.0470167571457439,0.00103984348984349,0.0,0.0,0.00103984348984349,0.0,0.0,0.0,1.0,0.0,0.48652486147186147,1900.5584265212094,0.3504756310957839,0.012645687299684922,0.01875633381928736,0.17043761855524012,0.00021315439143498839,0.37260473366578023,0.06252789670993464,0.012329698262791481,9.246200062373866e-06,0.0042172754436828885
835,5820,3.1358380854864554,0.1629839758125658,0.0418259130836529,0.0010417382617382619,0.0,0.0,0.0,0.0010417382617382619,0.0,0.0,0.0,1.0,0.48673718961038964,1900.5698392086197,0.33808126467938193,0.013407793819400984,0.019576751193023625,0.280851277474332,0.00444910422044984,0.32808164571606774,0.004446583258644499,0.011105538617913788,4.102078554613087e-08,0.015552203918129281
836,4589,1.2775644528717962,0.0880305015130559,0.0430104090965923,0.001044855144855145,0.0010448584748584749,0.0,0.0,0.0,1.0,0.0,0.0,0.0,0.48708646753246754,1900.5886126433381,0.38190021850282097,0.022718381307491074,0.03317116181496154,0.0035323585105355507,1.2352371429674792e-06,0.18264761926439124,0.318743161344381,0.0175707195121995,0.039715144506076105,0.00046905419150605754
837,5278,3.178642324737337,0.0557926818674313,0.2345825384451334,0.0010452447552447553,0.0,0.0,0.0,0.0010452447552447553,0.0,0.0,0.0,1.0,0.48713012727272725,1900.5909592933112,0.33808126467938193,0.013407793819400984,0.019576751193023625,0.280852207697913,0.0044502230974082105,0.32808164572999454,0.004445653035063446,0.011104419740955416,4.1006858741976515e-08,0.015550154789736315
838,5236,1.9000712723160391,0.2157092326308032,0.0739460752803243,0.0010477389277389277,0.0,0.0,0.0010477389277389277,0.0,0.0,0.0,1.0,0.0,0.48740962424242423,1900.605981709894,0.3504756310957839,0.012645687299684922,0.01875633381928736,0.17043840919306288,0.00021322392086501525,0.3726047347830557,0.06252710607211187,0.012329628733361455,9.245082786879522e-06,0.004216413041879141
839,6186,3.251529018112683,0.0451367172608711,0.2701916642630775,0.001047965367965368,0.0,0.0,0.0,0.001047965367965368,0.0,0.0,0.0,1.0,0.48743499913419913,1900.6073455475562,0.33808126467938193,0.013407793819400984,0.019576751193023625,0.2808529293914154,0.0044510913785844345,0.32808164574080106,0.004444931341561098,0.011103551459779194,4.099605221963287e-08,0.015548564793444686
840,6053,1.6890738261204783,0.0320687114490364,0.1131821611112287,0.0010482017982017982,0.0,0.0,0.0010482017982017982,0.0,0.0,0.0,1.0,0.0,0.4874614935064935,1900.6087695521744,0.3504756310957839,0.012645687299684922,0.01875633381928736,0.1704384555370098,0.0002132279975517386,0.3726047348485556,0.06252705972816497,0.012329624656674731,9.245017286996227e-06,0.004216362490245706
841,5725,2.96501317663234,0.1361768755903843,0.2397672282997863,0.0010497335997335998,0.0,0.0,0.0,0.0010497335997335998,0.0,0.0,0.0,1.0,0.4876331471861472,1900.6179954393672,0.33808126467938193,0.013407793819400984,0.019576751193023625,0.28085339842533424,0.004451655786725929,0.32808164574781856,0.004444462307642227,0.0111029870516377,4.098903472193882e-08,0.01554753133734943
842,6297,2.7333952970669215,0.1767644373885319,0.2082975500776773,0.0010526806526806526,0.0,0.0,0.0,0.0010526806526806526,0.0,0.0,0.0,1.0,0.4879633939393939,1900.6357449603488,0.33808126467938193,0.013407793819400984,0.019576751193023625,0.2808541801105586,0.004452596605706057,0.3280816457595223,0.004443680622417845,0.011102046232657571,4.097733097285783e-08,0.015545808809737327
843,5576,1.8552739600543189,0.2074017730640348,0.1425837310368237,0.001052750582750583,0.0,0.0,0.001052750582750583,0.0,0.0,0.0,1.0,0.0,0.4879712303030303,1900.636166130888,0.3504756310957839,0.012645687299684922,0.01875633381928736,0.17043891093192015,0.00021326806359587032,0.37260473549222994,0.0625266043332546,0.0123295845906306,9.244373612660173e-06,0.004215865741942548
844,6707,1.8040299147532275,0.1351972216495733,0.0993241880987955,0.0010535231435231437,0.0,0.0,0.0010535231435231437,0.0,0.0,0.0,1.0,0.0,0.4880578034632035,1900.6408190485674,0.3504756310957839,0.012645687299684922,0.01875633381928736,0.17043898826838158,0.00021327486892507388,0.3726047356015488,0.06252652699679317,0.012329577785301396,9.244264293828408e-06,0.004215781381514239
845,6843,1.940583456652978,0.0440686184656041,0.1119872710365456,0.0010538295038295038,0.0,0.0,0.0010538295038295038,0.0,0.0,0.0,1.0,0.0,0.4880921341991342,1900.6426641639907,0.3504756310957839,0.012645687299684922,0.01875633381928736,0.170439018935447,0.00021327756763353135,0.3726047356448997,0.06252649632972776,0.012329575086592938,9.244220942894454e-06,0.004215747929038449
846,6758,2.7007426278174753,0.1222882490449307,0.1849254341816798,0.0010552780552780553,0.0,0.0,0.0,0.0010552780552780553,0.0,0.0,0.0,1.0,0.4882544588744589,1900.6513882964036,0.33808126467938193,0.013407793819400984,0.019576751193023625,0.28085486901315654,0.0044534259451986195,0.32808164576983667,0.004442991719819933,0.011101216893165008,4.0967016612381e-08,0.015544290547018114
847,6118,1.934369548016048,0.0180724449297028,0.0819477731088675,0.001058041958041958,0.0,0.0,0.001058041958041958,0.0,0.0,0.0,1.0,0.0,0.48856418181818184,1900.668034091896,0.3504756310957839,0.012645687299684922,0.01875633381928736,0.17043944057315313,0.00021331467744017306,0.37260473624095997,0.06252607469202162,0.012329537976786297,9.243624882637747e-06,0.004215287989405181
848,5465,2.622442587652963,0.2980971044602432,0.0697176723166402,0.0010594239094239095,0.0,0.0,0.0,0.0010594239094239095,0.0,0.0,0.0,1.0,0.4887190432900433,1900.6763568664908,0.33808126467938193,0.013407793819400984,0.019576751193023625,0.2808559685292604,0.004454749976329152,0.3280816457862879,0.004441892203716047,0.011099892862034475,4.095056538311326e-08,0.015541866966881313
849,6263,3.4740608631311622,0.0817445511568206,0.3289657440278892,0.0010598734598734599,0.0,0.0,0.0,0.0010598734598734599,0.0,0.0,0.0,1.0,0.48876941991341993,1900.679064257396,0.33808126467938193,0.013407793819400984,0.019576751193023625,0.28085608774813986,0.004454893566520083,0.32808164578807003,0.004441772984836612,0.011099749271843543,4.094878325311413e-08,0.015541604154246658
850,5412,1.8292579364858448,0.2031527550611753,0.1674430947381196,0.001060799200799201,0.0,0.0,0.001060799200799201,0.0,0.0,0.0,1.0,0.0,0.48887315844155843,1900.6846394498205,0.3504756310957839,0.012645687299684922,0.01875633381928736,0.17043971651870338,0.00021333897008208783,0.3726047366311073,0.06252579874647138,0.012329513684144382,9.243234735278882e-06,0.004214986970918266
851,5929,3.2207652422334156,0.096024465164917,0.2317434268830906,0.0010608524808524808,0.0,0.0,0.0,0.0010608524808524808,0.0,0.0,0.0,1.0,0.488879129004329,1900.6849603230835,0.33808126467938193,0.013407793819400984,0.019576751193023625,0.280856347376484,0.004455206287972402,0.3280816457919579,0.004441513356492455,0.011099436550391226,4.0944895363104195e-08,0.015541031796674432
852,6127,3.0361867476178483,0.3155754564763971,0.2981428967418404,0.0010621911421911422,0.0,0.0,0.0,0.0010621911421911422,0.0,0.0,0.0,1.0,0.4890291393939394,1900.693022223763,0.33808126467938193,0.013407793819400984,0.019576751193023625,0.28085670236976873,0.0044556339174945956,0.3280816457972691,0.004441158363207742,0.01109900892086903,4.093958416717669e-08,0.015540249163245146
853,3174,1.38426087230541,0.0658006335139623,0.1046927801567819,0.0010655744255744256,0.0,0.0010655744255744256,0.0,0.0,0.0,1.0,0.0,0.0,0.48940827012987015,1900.713397231348,0.30544261328835104,0.010192697537748036,0.014472362178626647,0.006827362001407947,2.529339027060085e-06,0.3598350560683495,0.2676186347623874,0.015616193432389302,0.01999255139171313,0.0006461987745236542
854,5340,2.9512339066424302,0.1456642931744365,0.1761584392326948,0.0010670462870462872,0.0,0.0,0.0,0.0010670462870462872,0.0,0.0,0.0,1.0,0.48957320692640693,1900.7222610082133,0.33808126467938193,0.013407793819400984,0.019576751193023625,0.28085798979895527,0.004457185171561939,0.32808164581653393,0.004439870934021206,0.011097457666801688,4.092031935520879e-08,0.015537410441461619
855,5009,2.6497031123877126,0.2871904504803057,0.2198358530164207,0.0010673726273726274,0.0,0.0,0.0,0.0010673726273726274,0.0,0.0,0.0,1.0,0.4896097766233766,1900.724226267394,0.33808126467938193,0.013407793819400984,0.019576751193023625,0.28085807632955856,0.00445728945670823,0.32808164581782506,0.004439784403417912,0.011097353381655397,4.09190282213423e-08,0.015537219623129706
856,5667,1.8585303754931508,0.1193481071121367,0.1070673364658638,0.0010683416583416585,0.0,0.0,0.0010683416583416585,0.0,0.0,0.0,1.0,0.0,0.48971836623376624,1900.7300618569595,0.3504756310957839,0.012645687299684922,0.01875633381928736,0.17044047122369488,0.00021340543322563715,0.3726047376983159,0.06252504404147988,0.012329447221000833,9.242167526679612e-06,0.004214163668366022
857,6230,1.9215848228620684,0.0235039162297769,0.1257697784929892,0.0010705760905760906,0.0,0.0,0.0010705760905760906,0.0,0.0,0.0,1.0,0.0,0.4899687567099567,1900.7435176501826,0.3504756310957839,0.012645687299684922,0.01875633381928736,0.170440694761911,0.00021342512568619937,0.37260473801446986,0.06252482050326374,0.012329427528540271,9.241851372743248e-06,0.004213919805381439
858,6789,2.7766800331609183,0.5880432151279753,0.5246895138213911,0.0010763969363969364,0.0,0.0,0.0,0.0010763969363969364,0.0,0.0,0.0,1.0,0.4906210406926407,1900.778569886125,0.33808126467938193,0.013407793819400984,0.019576751193023625,0.28086046892206235,0.004460174093934763,0.3280816458536027,0.004437391810914126,0.011094468744428865,4.088325056272879e-08,0.015531942321844183
859,5261,2.608088935347894,0.3566973982990224,0.3634984555631095,0.0010783516483516484,0.0,0.0,0.0010783516483516484,0.0,0.0,0.0,1.0,0.0,0.4908400857142857,1900.7903405334173,0.3504756310957839,0.012645687299684922,0.01875633381928736,0.1704414725035434,0.00021349366357583215,0.3726047391146081,0.06252404276163134,0.012329358990650638,9.240751234484978e-06,0.004213071325583018
860,6840,2.684959951287115,0.1347505434427256,0.1378986929270408,0.0010796203796203795,0.0,0.0,0.0010796203796203795,0.0,0.0,0.0,1.0,0.0,0.4909822597402597,1900.7979803375422,0.3504756310957839,0.012645687299684922,0.01875633381928736,0.17044159938582804,0.00021350484839116686,0.3726047392941118,0.06252391587934672,0.012329347805835304,9.240571730795288e-06,0.004212932899475552
861,6524,3.230822974199228,0.3742355615040413,0.2568380857387884,0.0010807858807858808,0.0,0.0,0.0,0.0010807858807858808,0.0,0.0,0.0,1.0,0.49111286580086577,1900.8049984693298,0.33808126467938193,0.013407793819400984,0.019576751193023625,0.28086163238755424,0.004461577613968487,0.32808164587099353,0.004436228345422233,0.01109306522439514,4.0865859751715305e-08,0.015529375301536863
862,6108,3.2463901534280097,0.3130649885292748,0.2036449099606811,0.0010810755910755912,0.0,0.0,0.0,0.0010810755910755912,0.0,0.0,0.0,1.0,0.49114533073593075,1900.806742967313,0.33808126467938193,0.013407793819400984,0.019576751193023625,0.28086170918341474,0.004461670272798666,0.32808164587214655,0.004436151549561729,0.011092972565564962,4.086470672959308e-08,0.015529205844540095
863,6439,0.8019202071220823,0.2060328320943468,0.0590438588215496,0.0010841092241092242,0.0,0.0,0.0010841092241092242,0.0,0.0,0.0,1.0,0.0,0.49148527965367966,1900.8250098501983,0.3504756310957839,0.012645687299684922,0.01875633381928736,0.17044204825331497,0.0002135444243862974,0.3726047399291994,0.06252346701185979,0.012329308229840172,9.239936643201663e-06,0.004212443185818371
864,5510,1.6319712901332328,0.2568468644598173,0.0712153045730847,0.0010845221445221446,0.0,0.0,0.0010845221445221446,0.0,0.0,0.0,1.0,0.0,0.4915315515151515,1900.8274962010355,0.3504756310957839,0.012645687299684922,0.01875633381928736,0.17044208954032578,0.00021354806518188868,0.3726047399876193,0.06252342572484898,0.012329304589044581,9.239878223321618e-06,0.004212398141172136
865,5688,1.8750008264591365,0.0384741587194479,0.0830064394290532,0.0010857342657342658,0.0,0.0,0.0010857342657342658,0.0,0.0,0.0,1.0,0.0,0.4916673818181818,1900.8347948014807,0.3504756310957839,0.012645687299684922,0.01875633381928736,0.17044221073321839,0.00021355875294009613,0.3726047401591105,0.06252330453195637,0.012329293901286374,9.239706732111497e-06,0.004212265917538982
866,6300,3.2685949279620337,0.1071707567953685,0.2885932029031215,0.001085997335997336,0.0,0.0,0.0,0.001085997335997336,0.0,0.0,0.0,1.0,0.4916968614718615,1900.8363788300496,0.33808126467938193,0.013407793819400984,0.019576751193023625,0.28086301375385253,0.004463244659611469,0.3280816458916366,0.004434846979123941,0.011091398178752158,4.0845216708884635e-08,0.015526326848309568
867,6023,1.7244158423469549,0.2234988822936584,0.0273825369786693,0.001087895437895438,0.0,0.0,0.001087895437895438,0.0,0.0,0.0,1.0,0.0,0.49190956277056275,1900.8478078087758,0.3504756310957839,0.012645687299684922,0.01875633381928736,0.17044242680210725,0.0002135778098397306,0.372604740464866,0.0625230884630675,0.012329274844386739,9.239400976579493e-06,0.004212030180239301
868,5206,2.639688964149855,0.3680739026176474,0.1266989668157972,0.0010896536796536798,0.0,0.0,0.0,0.0010896536796536798,0.0,0.0,0.0,1.0,0.49210659134199136,1900.8583945140585,0.33808126467938193,0.013407793819400984,0.019576751193023625,0.2808639828260649,0.004464414577084229,0.3280816459061197,0.004433877906911576,0.011090228261279398,4.0830733571972644e-08,0.015524187829658032
869,5226,1.3886330764544936,0.1459753037795176,0.0978136869671059,0.0010898767898767899,0.0,0.0,0.0010898767898767899,0.0,0.0,0.0,1.0,0.0,0.49213159307359305,1900.8597378932966,0.3504756310957839,0.012645687299684922,0.01875633381928736,0.17044262487800219,0.00021359528221743921,0.37260474074518074,0.06252289038717257,0.012329257372009031,9.239120661863609e-06,0.004211814071337305
870,6780,1.8322970489880497,0.1662743978256811,0.1528483378895472,0.0010914418914418915,0.0,0.0,0.0010914418914418915,0.0,0.0,0.0,1.0,0.0,0.4923069783549784,1900.869161538246,0.3504756310957839,0.012645687299684922,0.01875633381928736,0.17044278133113133,0.0002136090846753938,0.372604740966605,0.06252273393404342,0.012329243569551077,9.238899237595799e-06,0.004211643372901697
871,5662,1.3679566500760592,0.4107322157313018,0.1516047067291269,0.0010926673326673328,0.0,0.0,0.0010926673326673328,0.0,0.0,0.0,1.0,0.0,0.4924443012987013,1900.876539978244,0.3504756310957839,0.012645687299684922,0.01875633381928736,0.1704429038241929,0.0002136198921664218,0.3726047411399727,0.06252261144098187,0.012329232762060048,9.238725869886721e-06,0.004211509725613682
872,4750,1.5850109089117457,0.0318948863544043,0.0943031771295232,0.0010951581751581752,0.0,0.0010951581751581752,0.0,0.0,0.0,1.0,0.0,0.0,0.4927234251082251,1900.8915372606,0.30544261328835104,0.010192697537748036,0.014472362178626647,0.006826156710398154,2.5318615434637334e-06,0.3598359321674847,0.2676198400533972,0.015616190909872898,0.019991675292577893,0.0006456493447467571
873,5046,1.9774181835968156,0.0900257410812087,0.1594708927211649,0.0010991674991674993,0.0,0.0,0.0010991674991674993,0.0,0.0,0.0,1.0,0.0,0.49317270995671,1900.9156767111372,0.3504756310957839,0.012645687299684922,0.01875633381928736,0.17044355347531095,0.0002136772256126192,0.37260474205955846,0.0625219617898638,0.01232917542861385,9.237806284145833e-06,0.004210800901877976
874,5952,1.5423607153649654,0.2697521324247531,0.0766366898325244,0.00110002664002664,0.0,0.0,0.00110002664002664,0.0,0.0,0.0,1.0,0.0,0.4932689852813853,1900.9208493606457,0.3504756310957839,0.012645687299684922,0.01875633381928736,0.17044363932931678,0.00021368480434758703,0.3726047421811024,0.06252187593585798,0.012329167849878883,9.237684740204255e-06,0.004210707226049215
875,5737,1.804136319703228,0.078728181245871,0.1162524120706677,0.0011005594405594406,0.0,0.0,0.0011005594405594406,0.0,0.0,0.0,1.0,0.0,0.49332869090909093,1900.9240571893638,0.3504756310957839,0.012645687299684922,0.01875633381928736,0.17044369257088537,0.000213689504438821,0.3726047422564737,0.06252182269428938,0.012329163149787648,9.237609368883959e-06,0.004210649133646882
876,5484,1.6746582081997865,0.1462099252692965,0.1369719528198771,0.0011031401931401931,0.0,0.0,0.0011031401931401931,0.0,0.0,0.0,1.0,0.0,0.49361789004329004,1900.9395949370278,0.3504756310957839,0.012645687299684922,0.01875633381928736,0.17044395044397787,0.00021371227158389048,0.372604742621561,0.06252156482119689,0.01232914038264258,9.237244281590229e-06,0.00421036776323469
877,6183,1.7864751945882442,0.1093956450288603,0.0649563098250672,0.0011037762237762238,0.0,0.0,0.0011037762237762238,0.0,0.0,0.0,1.0,0.0,0.4936891636363636,1900.94342419603,0.3504756310957839,0.012645687299684922,0.01875633381928736,0.1704440139933321,0.00021371788285862243,0.3726047427115422,0.06252150127184267,0.012329134771367848,9.237154300401063e-06,0.0042102984226433104
878,6985,2.831643990440638,0.1802653032465912,0.1978144501799843,0.001104049284049284,0.0,0.0,0.001104049284049284,0.0,0.0,0.0,1.0,0.0,0.4937197627705628,1900.9450681657643,0.3504756310957839,0.012645687299684922,0.01875633381928736,0.17044404127599835,0.00021372029192172007,0.3726047427501685,0.0625214739891764,0.01232913236230475,9.237115674076701e-06,0.004210268653661364
879,6692,1.7004798944189239,0.1145565116262322,0.0550051479562797,0.0011047186147186147,0.0,0.0,0.0011047186147186147,0.0,0.0,0.0,1.0,0.0,0.493794767965368,1900.9490978828985,0.3504756310957839,0.012645687299684922,0.01875633381928736,0.17044410815008587,0.0002137261971466272,0.37260474284485856,0.06252140711508888,0.012329126457079842,9.23702098404311e-06,0.0042101956849687205
880,6370,1.552520893992143,0.1102286940859465,0.1011799232344955,0.0011116250416250417,0.0,0.0,0.0011116250416250417,0.0,0.0,0.0,1.0,0.0,0.49456870216450216,1900.9906770238265,0.3504756310957839,0.012645687299684922,0.01875633381928736,0.17044479808908616,0.0002137871367216255,0.3726047438218529,0.06252071717608859,0.012329065517504845,9.23604398972433e-06,0.004209442852404877
881,5889,2.875197347960744,0.0664729676827106,0.211390985469423,0.0011144921744921745,0.0,0.0,0.0,0.0011144921744921745,0.0,0.0,0.0,1.0,0.49488999307359305,1901.0079375789658,0.33808126467938193,0.013407793819400984,0.019576751193023625,0.28087056401829036,0.004472369185351723,0.3280816460043848,0.004427296714686113,0.011082273653011905,4.073246850921919e-08,0.015509651832634974
882,5651,2.787568695913847,0.1236459439975948,0.1294779566684862,0.001114871794871795,0.0,0.0,0.0,0.001114871794871795,0.0,0.0,0.0,1.0,0.49493253333333337,1901.0102229221486,0.33808126467938193,0.013407793819400984,0.019576751193023625,0.2808706645754256,0.004472490855285342,0.32808164600588446,0.004427196157550883,0.011082151983078286,4.0730968819957525e-08,0.015509429602566738
883,5455,1.9307074174375032,0.0718700739676509,0.1526563529222017,0.00111996336996337,0.0,0.0,0.00111996336996337,0.0,0.0,0.0,1.0,0.0,0.4955030952380952,1901.0408739877678,0.3504756310957839,0.012645687299684922,0.01875633381928736,0.17044563083513625,0.0002138607279420451,0.3726047450013646,0.0625198844300385,0.012328991926284425,9.234864478013805e-06,0.004208534156110999
884,6005,3.0073906122969016,0.2639510361108393,0.2927597064511548,0.0011211288711288712,0.0,0.0,0.0,0.0011211288711288712,0.0,0.0,0.0,1.0,0.4956337012987013,1901.0478900985242,0.33808126467938193,0.013407793819400984,0.019576751193023625,0.2808723218929499,0.004474496692034646,0.3280816460306151,0.004425538840026555,0.011080146146328981,4.070623815799479e-08,0.015505766398831722
885,5119,2.142520928214016,0.3116102314618071,0.1025452125082277,0.0011213719613719613,0.0,0.0,0.0011213719613719613,0.0,0.0,0.0,1.0,0.0,0.495660941991342,1901.0493534514094,0.3504756310957839,0.012645687299684922,0.01875633381928736,0.17044577148500117,0.0002138731615340984,0.3726047452006156,0.06251974378017358,0.012328979492692372,9.23466522700922e-06,0.004208380674151968
886,6147,1.6384143694573423,0.088421861903213,0.0548536662902949,0.0011225541125541127,0.0,0.0,0.0011225541125541127,0.0,0.0,0.0,1.0,0.0,0.49579341385281384,1901.0564697203288,0.3504756310957839,0.012645687299684922,0.01875633381928736,0.1704458895188682,0.00021388359675825064,0.37260474536783383,0.06251962574630657,0.01232896905746822,9.234498008769965e-06,0.004208251870624347
887,5488,1.6734528859159077,0.0185545920713574,0.103504348406426,0.0011254911754911756,0.0,0.0,0.0011254911754911756,0.0,0.0,0.0,1.0,0.0,0.4961225411255411,1901.0741498805862,0.3504756310957839,0.012645687299684922,0.01875633381928736,0.17044618275227288,0.00021390952477536019,0.37260474578328273,0.06251933251290187,0.01232894312945111,9.234082559872459e-06,0.004207931878304705
888,6801,1.6799582858190372,0.1574822654313037,0.0513700995629317,0.0011286846486846488,0.0,0.0,0.0011286879786879787,0.0,0.0,0.0,1.0,0.0,0.49648040173160174,1901.0933731261885,0.3504756310957839,0.012645687299684922,0.01875633381928736,0.1704465015486167,0.00021393771898474276,0.37260474623499573,0.06251901371655805,0.012328914935241728,9.23363084687212e-06,0.004207583984325525
889,6090,1.9052241418132607,0.1323146899120141,0.0918997769449381,0.0011314618714618715,0.0,0.0,0.0011314618714618715,0.0,0.0,0.0,1.0,0.0,0.4967916173160173,1901.1100903786516,0.3504756310957839,0.012645687299684922,0.01875633381928736,0.17044677876124875,0.00021396224048028306,0.37260474662782495,0.062518736503926,0.012328890413746187,9.233238017658518e-06,0.004207281464539414
890,897,1.582752161083337,0.0415316115883609,0.1151465426391261,0.0011318381618381618,0.0,0.0011318381618381618,0.0,0.0,0.0,1.0,0.0,0.0,0.4968337844155844,1901.1123554005483,0.30544261328835104,0.010192697537748036,0.014472362178626647,0.006824661657162503,2.5349912148839305e-06,0.3598370184296261,0.26762133510663283,0.015616187780201476,0.01999058903043649,0.0006449687440280849
891,5957,3.181509664419342,0.0794717266562258,0.1198298073917071,0.0011504262404262405,0.0,0.0,0.0,0.0011504262404262405,0.0,0.0,0.0,1.0,0.4989167645021645,1901.2242358985184,0.33808126467938193,0.013407793819400984,0.019576751193023625,0.28088007902216444,0.004483898973959109,0.3280816461462389,0.00441778171081203,0.011070743864404518,4.059061436967326e-08,0.015488606756445256
892,6203,1.5512105389328212,0.1114080542775582,0.1276403072471989,0.001152037962037962,0.0,0.0,0.001152037962037962,0.0,0.0,0.0,1.0,0.0,0.499097374025974,1901.2339360518793,0.3504756310957839,0.012645687299684922,0.01875633381928736,0.17044883169720665,0.00021414398184439997,0.37260474953805733,0.0625166835679681,0.012328708672382071,9.23032778527011e-06,0.004205040966752671
893,6849,2.6289110459982257,0.3083720289535127,0.2285039832614544,0.001158078588078588,0.0,0.0,0.001158078588078588,0.0,0.0,0.0,1.0,0.0,0.4997742865800866,1901.2702905921105,0.3504756310957839,0.012645687299684922,0.01875633381928736,0.17044943408823868,0.0002141973582289379,0.37260475039236957,0.06251608117693608,0.012328655295997533,9.229473473038041e-06,0.004204383490711727
894,5425,1.8499321097909125,0.0848100477998008,0.0529328753426773,0.0011627938727938728,0.0,0.0,0.0005991408591408591,0.0005636530136530136,0.0,0.0,0.515259731891508,0.48474026810849197,0.5003026813852813,1901.2986676881299,0.3444675825960623,0.013015111018379315,0.01915402315699314,0.23094957715418601,0.000714297966964977,0.35102572683962446,0.027383533283797168,0.013288490668606661,1.6573153858723266e-06,0.004267698092779937
895,5873,1.476252208254872,0.1538976904404986,0.0935041699769981,0.0011715318015318016,0.0,0.0,0.0011715318015318016,0.0,0.0,0.0,1.0,0.0,0.5012818536796537,1901.3512509674233,0.3504756310957839,0.012645687299684922,0.01875633381928736,0.17045077519874655,0.00021431626931326306,0.3726047522949339,0.06251474006642821,0.012328536384913207,9.227570908709737e-06,0.0042029196639908895
896,6368,1.5463352029810606,0.1896414498699966,0.1111348795583487,0.0011721112221112222,0.0,0.0,0.0011721112221112222,0.0,0.0,0.0,1.0,0.0,0.5013467835497836,1901.3547376999802,0.3504756310957839,0.012645687299684922,0.01875633381928736,0.1704508329448015,0.00021432139182938606,0.3726047523768731,0.06251468232037324,0.012328531262397083,9.22748896947656e-06,0.004202856631541296
897,5427,2.8920833124748384,0.0422392263691503,0.1097119261952993,0.0011737529137529137,0.0,0.0,0.0,0.0011737529137529137,0.0,0.0,0.0,1.0,0.5015307515151515,1901.364616697213,0.33808126467938193,0.013407793819400984,0.019576751193023625,0.2808862518779703,0.004491397373191669,0.3280816462381243,0.004411608855006188,0.01106324546517196,4.049872898148621e-08,0.015474935317635996
898,2302,1.2056067587029684,0.1985093195784898,0.0516972530719214,0.0011835764235764235,0.0,0.0011835764235764237,0.0,0.0,0.0,1.0,0.0,0.0,0.502631574025974,1901.4237279525078,0.30544261328835104,0.010192697537748036,0.014472362178626647,0.006822551617203982,2.5394096293483883e-06,0.35983855066252146,0.26762344514659137,0.015616183361787012,0.01998905679754115,0.000644009899781417
899,5895,1.269822384817254,0.1372997989333647,0.0381932434756659,0.001184838494838495,0.0,0.0,0.001184838494838495,0.0,0.0,0.0,1.0,0.0,0.5027730017316018,1901.4313219453961,0.3504756310957839,0.012645687299684922,0.01875633381928736,0.17045210104081168,0.00021443393332594708,0.37260475417664674,0.06251341422436307,0.012328418720900522,9.225689195868636e-06,0.004201472394487316
900,6815,1.5474660283009727,0.0741634056241554,0.1399099233593444,0.0011892873792873793,0.0,0.0,0.0011892873792873793,0.0,0.0,0.0,1.0,0.0,0.5032715437229437,1901.4580907253908,0.3504756310957839,0.012645687299684922,0.01875633381928736,0.17045254416846192,0.00021447328309536688,0.37260475480573774,0.06251297109671283,0.012328379371131104,9.225060104867122e-06,0.00420098865888574
901,4740,1.308373131343138,0.1325098312707914,0.094614358544374,0.001191854811854812,0.0,0.001191854811854812,0.0,0.0,0.0,1.0,0.0,0.0,0.5035592502164502,1901.4735384891083,0.30544261328835104,0.010192697537748036,0.014472362178626647,0.006822213867778118,2.5401170237715132e-06,0.35983879583173856,0.26762378289601724,0.01561618265439259,0.019988811628324055,0.0006438566033787341
902,6907,1.804807098759848,0.2601689436816192,0.1403914133570286,0.0011934931734931735,0.0,0.0,0.0011934931734931737,0.0,0.0,0.0,1.0,0.0,0.503742845021645,1901.4833960579965,0.3504756310957839,0.012645687299684922,0.01875633381928736,0.17045296301544227,0.0002145104876724473,0.3726047554004406,0.06251255224973248,0.012328342166554023,9.224465402024595e-06,0.004200531417922648
903,5258,2.9818455863688476,0.1634902802752447,0.2785800381406289,0.001194035964035964,0.0,0.0,0.0,0.001194035964035964,0.0,0.0,0.0,1.0,0.5038036701298702,1901.4866618531487,0.33808126467938193,0.013407793819400984,0.019576751193023625,0.28089161686571423,0.0044979262455303965,0.3280816463178976,0.004406243867262238,0.011056716592833232,4.041895568240861e-08,0.015463041298006908
904,6343,1.481179429122078,0.0514685378445367,0.0802124141773646,0.0011967132867132869,0.0,0.0,0.0011967132867132869,0.0,0.0,0.0,1.0,0.0,0.5041036909090909,1901.5027702526093,0.3504756310957839,0.012645687299684922,0.01875633381928736,0.17045328365599752,0.0002145389761121212,0.37260475585576397,0.06251223160917724,0.012328313678114348,9.224010078634493e-06,0.004200181378280821
905,6324,1.6282842791577123,0.0545769609093509,0.1154633059855104,0.0012032001332001334,0.0,0.0,0.0012032001332001334,0.0,0.0,0.0,1.0,0.0,0.5048306069264069,1901.5417977841428,0.3504756310957839,0.012645687299684922,0.01875633381928736,0.17045392946193488,0.00021459637393103572,0.37260475677297117,0.06251158580323987,0.012328256280295434,9.223092871435412e-06,0.0041994763401101975
906,191,1.6812720526525307,0.0814002121401605,0.1301685639523662,0.0012103363303363303,0.0,0.0006312454212454213,0.0,0.0005790909090909091,0.0,0.5215454625492484,0.0,0.47845453745075167,0.5056302891774892,1901.5847299872676,0.3210587241426631,0.011730974942045929,0.016914580263478654,0.12037980884188881,7.487727784693354e-05,0.35502507694944396,0.1592583114777596,0.015513186158840807,4.445994603230474e-05,0.0066235511602597
907,1273,1.4438009722329435,0.2874463889999326,0.1058099464782319,0.0012132434232434233,0.0,0.0012132434232434233,0.0,0.0,0.0,1.0,0.0,0.0,0.505956058008658,1901.6022187736419,0.30544261328835104,0.010192697537748036,0.014472362178626647,0.006821341065353455,2.54194523924783e-06,0.3598394292672574,0.26762465569844185,0.015616180826177113,0.019988178192805184,0.0006434607065500808
908,6320,1.9935441362910709,0.1390236718961822,0.1048923719797106,0.0012144089244089243,0.0,0.0,0.0012144089244089246,0.0,0.0,0.0,1.0,0.0,0.5060866640692641,1901.6092302126035,0.3504756310957839,0.012645687299684922,0.01875633381928736,0.17045504499827158,0.00021469557987214736,0.37260475835776474,0.06251047026690318,0.012328157074354322,9.221508077861262e-06,0.004198258428245172
909,2498,1.3355172357534932,0.034377638332649,0.1306773137026957,0.0012170129870129871,0.000691904761904762,0.0005251082251082252,0.0,0.0,0.5685270159712589,0.4314729840287412,0.0,0.0,0.5063784753246754,1901.6248955596413,0.3489108274292422,0.017313887154359674,0.025103134938116584,0.004713220736610532,1.6959555051348568e-06,0.25922135203906355,0.29692515206550846,0.016727491963821194,0.03108323771777277,0.0005421463385725245
910,5292,2.170372095341473,0.5915371526974005,0.0684018267557867,0.0012197136197136197,0.0,0.0,0.0007457109557109557,0.00047400599400599405,0.0,0.0,0.6113803336782416,0.3886196663217585,0.5066811082251083,1901.6411415389102,0.3456589365547722,0.012941856881078616,0.019075164145313322,0.21901798806153056,0.0005376600999027661,0.35530533461345354,0.034284905837176305,0.013175633450714236,2.5203560585773666e-06,0.004266171985444767
911,6702,1.4796916868404173,0.0700871714429725,0.021358335888325,0.0012341758241758243,0.0005447552447552448,0.0,0.0006894205794205794,0.0,0.4413919265668888,0.0,0.5586080734331113,0.0,0.5083017428571428,1901.7281353290275,0.36434619027294557,0.017091693113509235,0.025118922519428315,0.060733622922618476,2.7026113105498483e-05,0.3060966937733221,0.21165260733012015,0.0147356316037858,0.00019761235116488862,0.004013797469351932
912,4786,1.0931545233880022,0.1040541728441421,0.1448652884344169,0.0012342091242091243,0.0012342091242091243,0.0,0.0,0.0,1.0,0.0,0.0,0.0,0.5083054744588744,1901.728335626718,0.38190021850282097,0.022718381307491074,0.03317116181496154,0.003527979599273097,1.2430208702606031e-06,0.18265109946033206,0.3187475402556435,0.017570711728472205,0.039711664310135286,0.0004664649271596266
913,3796,1.4040907305795318,0.111726199850014,0.100303300338973,0.0012456876456876458,0.0012456876456876458,0.0,0.0,0.0,1.0,0.0,0.0,0.0,0.5095917575757576,1901.7973754022619,0.38190021850282097,0.022718381307491074,0.03317116181496154,0.0035277138538832723,1.2434936303001415e-06,0.18265131035891133,0.3187478060010333,0.017570711255712166,0.03971145341155602,0.00046630840263084394
914,6982,1.5308745100533772,0.1338560669812225,0.1340575226481594,0.0012575624375624375,0.0,0.0,0.0012575624375624375,0.0,0.0,0.0,1.0,0.0,0.5109224467532467,1901.8687926657508,0.3504756310957839,0.012645687299684922,0.01875633381928736,0.17045933542313105,0.00021507783633441629,0.37260476445831564,0.06250617984204371,0.012327774817892054,9.215407526963482e-06,0.004193573545821616
915,5817,1.256158014498506,0.1279603445139195,0.1104306934090336,0.0012672760572760573,0.0,0.0,0.0012672760572760573,0.0,0.0,0.0,1.0,0.0,0.5120109549783549,1901.9272077235291,0.3504756310957839,0.012645687299684922,0.01875633381928736,0.17046030022122421,0.0002151639494913256,0.3726047658313271,0.06250521504395054,0.012327688704735145,9.214034515481195e-06,0.004192519888548629
916,6685,1.9265871259599117,0.1555868328995386,0.1704106672634497,0.0012755944055944058,0.0,0.0,0.0012755944055944058,0.0,0.0,0.0,1.0,0.0,0.5129431090909091,1901.9772287783778,0.3504756310957839,0.012645687299684922,0.01875633381928736,0.1704611261567102,0.00021523771354610576,0.37260476700706496,0.06250438910846456,0.012327614940680364,9.212858777640776e-06,0.004191617837532191
917,5979,1.734015143113564,0.0520994517862113,0.1404186396149625,0.0012854145854145854,0.0,0.0,0.0012854179154179156,0.0,0.0,0.0,1.0,0.0,0.5140435584415585,1902.0362770307854,0.3504756310957839,0.012645687299684922,0.01875633381928736,0.17046210088018626,0.00021532481934864015,0.3726047683950059,0.06250341438498849,0.01232752783487783,9.211470836711921e-06,0.00419055323237183
918,6476,3.546097246074035,0.2063658571631791,0.3574960854865976,0.0012857875457875456,0.0,0.0,0.0,0.0012857875457875456,0.0,0.0,0.0,1.0,0.5140853523809523,1902.0385195412962,0.33808126467938193,0.013407793819400984,0.019576751193023625,0.28091585742288494,0.004527563108825178,0.32808164667731887,0.004382003310091531,0.01102707972953845,4.005953441188481e-08,0.01540916315869878
919,5000,1.3698133954782332,0.0888349941084126,0.1247629203842817,0.0012900000000000001,0.0,0.00129,0.0,0.0,0.0,1.0,0.0,0.0,0.5145574,1902.063847481791,0.30544261328835104,0.010192697537748036,0.014472362178626647,0.006818206867566276,2.5485125416082733e-06,0.35984170250541414,0.26762778989622904,0.015616174258874753,0.01998590495464847,0.0006420418607215872
920,5115,1.7033537531240812,0.0510961248792566,0.0761179649876575,0.001295890775890776,0.0,0.0,0.001295890775890776,0.0,0.0,0.0,1.0,0.0,0.5152175203463203,1902.0992652761593,0.3504756310957839,0.012645687299684922,0.01875633381928736,0.17046314032354817,0.00021541777274323285,0.3726047698755887,0.06250237494162658,0.012327434881483237,9.209990253888911e-06,0.004189417874449597
921,2966,1.4981385058857253,0.0674650262661995,0.0759372101297612,0.001298837828837829,0.0,0.0012988378288378288,0.0,0.0,0.0,1.0,0.0,0.0,0.5155477670995672,1902.1169836246866,0.30544261328835104,0.010192697537748036,0.014472362178626647,0.0068178457922895355,2.549269354874862e-06,0.3598419642537823,0.2676281509715058,0.015616173502061487,0.019985643206280324,0.0006418786824488043
922,6617,2.7439358420315045,0.2415815598290395,0.0970941185355455,0.0013095637695637696,0.0,0.0,0.0,0.0013095637695637696,0.0,0.0,0.0,1.0,0.516749716017316,1902.1814672556154,0.33808126467938193,0.013407793819400984,0.019576751193023625,0.28092213151968265,0.004535270738956724,0.32808164677007473,0.004375729213293822,0.011019372099406902,3.99667785533353e-08,0.015395181246257716
923,6842,3.106312461752215,0.0488566638995265,0.105175108637942,0.0013143456543456544,0.0,0.0,0.0,0.0013143456543456544,0.0,0.0,0.0,1.0,0.5172855740259741,1902.2102140313596,0.33808126467938193,0.013407793819400984,0.019576751193023625,0.28092339299553365,0.0045368222770320096,0.3280816467887076,0.004374467737442822,0.011017820561331618,3.994814568031302e-08,0.015392368195065842
924,522,1.2901047838162323,0.1670356284464137,0.1201972592914986,0.0013164701964701964,0.0,0.0013164701964701966,0.0,0.0,0.0,1.0,0.0,0.0,0.5175236502164502,1902.2229856124598,0.30544261328835104,0.010192697537748036,0.014472362178626647,0.0068171252858685956,2.550779673489953e-06,0.35984248646766054,0.26762887147792674,0.015616171991742872,0.019985120992402072,0.0006415532507945132
925,5118,1.735859354429652,0.1660712308410709,0.0912999754336682,0.0013178288378288378,0.00042653013653013653,0.0,0.0008912987012987013,0.0,0.3236612557613002,0.0,0.6763387442386998,0.0,0.5176758995670996,1902.2311529169333,0.36064655251772626,0.015905828091150785,0.02342185514995041,0.08905431806387328,4.667408473804467e-05,0.3239018908246638,0.17281738543886482,0.014123904068945455,8.159176008715185e-05,0.0049067154719022454
926,6981,2.744943670749244,0.0462154426227914,0.1907821512740746,0.0013415817515817518,0.0,0.0,0.0,0.0013415817515817518,0.0,0.0,0.0,1.0,0.520337651082251,1902.373927811869,0.33808126467938193,0.013407793819400984,0.019576751193023625,0.28093057558694373,0.004545668145250235,0.3280816468947298,0.00436728514603274,0.011008974693113393,3.984212348928651e-08,0.015376339523393123
927,6061,1.9639932882678204,0.1811455272278588,0.0923031114867058,0.0013445787545787547,0.0,0.0,0.0013445787545787547,0.0,0.0,0.0,1.0,0.0,0.5206734952380953,1902.39194058722,0.3504756310957839,0.012645687299684922,0.01875633381928736,0.17046796579101012,0.00021585016190190065,0.3726047767555194,0.06249754947416464,0.01232700249232457,9.203110323208197e-06,0.004184146257967591
928,6227,1.493208038049094,0.1625657637023223,0.1543010206739206,0.0013462071262071262,0.0,0.0,0.0013462071262071262,0.0,0.0,0.0,1.0,0.0,0.5208559705627706,1902.401727366775,0.3504756310957839,0.012645687299684922,0.01875633381928736,0.17046812702742692,0.0002158646342539312,0.3726047769855894,0.062497388237747836,0.012326988019972538,9.202880253189605e-06,0.004183970089058686
929,4654,1.5069623885735248,0.1259108814030672,0.1069755774558553,0.0013539960039960042,0.0,0.0009000599400599401,0.00045393606393606396,0.0,0.0,0.6647434242077691,0.3352565757922308,0.0,0.5217287922077922,1902.448538220053,0.3205402286360615,0.011015078485788393,0.01590859184166558,0.03598966174648986,1.4999521368553858e-05,0.37668666228537157,0.2245497308278649,0.014572517566977075,0.0007225290884124158,0.002449707930193057
930,5432,1.711603618807389,0.0645881449442726,0.0947746948886707,0.0013556510156510159,0.0,0.0,0.0013556510156510155,0.0,0.0,0.0,1.0,0.0,0.5219142528138528,1902.4584844402973,0.3504756310957839,0.012645687299684922,0.01875633381928736,0.1704690619392612,0.00021594858211811902,0.37260477831985794,0.062496453325913554,0.01232690407210835,9.201545984660608e-06,0.004182948560823241
931,5107,1.0821059167372544,0.0588380695963162,0.0958223147305426,0.0013596003996003995,0.0,0.00044395937395937395,0.0009156410256410257,0.0,0.0,0.3265366603965828,0.6734633396034173,0.0,0.5223568207792207,1902.482218808553,0.33577069985336494,0.011844696214835044,0.017357460026512343,0.10244094981508452,6.159529688133272e-05,0.3749091060981215,0.14406946335029208,0.013485641713225971,6.038763168236816e-05,0.004757611627204228
932,4735,1.395589245747448,0.2270022858028385,0.0586512677150777,0.0013764468864468865,0.0,0.0013764468864468865,0.0,0.0,0.0,1.0,0.0,0.0,0.5242446380952381,1902.583452576088,0.30544261328835104,0.010192697537748036,0.014472362178626647,0.006814673242698619,2.555921022256745e-06,0.35984426281108883,0.2676313235210967,0.015616166850394105,0.019983344648973778,0.0006404474657591974
933,3487,1.4176088500687671,0.1045008707874167,0.0954913622959679,0.001383822843822844,0.0,0.0013838261738261738,0.0,0.0,0.0,1.0,0.0,0.0,0.5250711878787879,1902.6277722815805,0.30544261328835104,0.010192697537748036,0.014472362178626647,0.006814371558115603,2.5565537325748072e-06,0.3598444812698424,0.26763162520567974,0.015616166217683787,0.01998312619022019,0.0006403116001246767
934,1866,1.4249623903024469,0.1326525965454895,0.1206497585306035,0.001384951714951715,0.0,0.0013849517149517152,0.0,0.0,0.0,1.0,0.0,0.0,0.5251976891774892,1902.6345550913404,0.30544261328835104,0.010192697537748036,0.014472362178626647,0.006814325383742655,2.556650575542289e-06,0.3598445147053899,0.26763167138005267,0.015616166120840819,0.019983092754672693,0.0006402908065596957
935,5068,1.7108689962211143,0.0744464903373171,0.1147780841966234,0.0013861605061605063,0.0,0.0,0.0013861605061605063,0.0,0.0,0.0,1.0,0.0,0.5253331463203463,1902.641818039358,0.3504756310957839,0.012645687299684922,0.01875633381928736,0.1704720800188306,0.00021621994953527267,0.37260478262990876,0.06249343524634415,0.012326632704691197,9.197235933844361e-06,0.004179650493735032
936,525,1.5412795247060351,0.0307041348889433,0.0430581849952846,0.0013878088578088577,0.0013878121878121879,0.0,0.0,0.0,1.0,0.0,0.0,0.0,0.5255178606060606,1902.6517219582768,0.38190021850282097,0.022718381307491074,0.03317116181496154,0.003524420715498343,1.2493557686286921e-06,0.1826539209203172,0.31875109913941824,0.01757070539357384,0.03970884285015014,0.0004643745560656831
937,2445,0.9086554594349135,0.228118753250155,0.165809027068701,0.0013896270396270395,0.0,0.0013896270396270395,0.0,0.0,0.0,1.0,0.0,0.0,0.525721606060606,1902.6626461456558,0.30544261328835104,0.010192697537748036,0.014472362178626647,0.006814134139753437,2.5570516823895597e-06,0.35984465317574843,0.26763186262404187,0.015616165719733972,0.01998295428431418,0.0006402047087250562
938,5766,1.2012018411125285,0.2324456614967918,0.0392671336751835,0.001394032634032634,0.0,0.0,0.001394032634032634,0.0,0.0,0.0,1.0,0.0,0.5262152969696969,1902.6891157033665,0.3504756310957839,0.012645687299684922,0.01875633381928736,0.17047285819249663,0.0002162900092580324,0.372604783741886,0.06249265707267812,0.012326562644968437,9.196123956611846e-06,0.0041788000363917055
939,5394,1.5836864255185183,0.1383376423163814,0.1626588427578306,0.0014100632700632702,0.0,0.0,0.0014100632700632702,0.0,0.0,0.0,1.0,0.0,0.5280116900432901,1902.7854234482822,0.3504756310957839,0.012645687299684922,0.01875633381928736,0.1704744421422487,0.00021643272927979816,0.3726047860061514,0.062491073122926066,0.012326419924946671,9.193859691225548e-06,0.004177068838087106
940,4977,1.3495781804303373,0.1819849064204452,0.0682163227198286,0.0014195271395271397,0.000717888777888778,0.0007016383616383617,0.0,0.0,0.505723883608111,0.49427611639188895,0.0,0.0,0.5290722112554113,1902.8422746485114,0.3441090503287886,0.016527234978629568,0.023928791749523864,0.0048997417731217185,1.7834364770374257e-06,0.2703614564356697,0.29373478715943935,0.016604735396403666,0.029832418741946642,0.0005493241699700002
941,4859,1.5094731723364931,0.0837248272455471,0.1957976472381499,0.0014204262404262404,0.0,0.0014204262404262404,0.0,0.0,0.0,1.0,0.0,0.0,0.5291729645021646,1902.847675512571,0.30544261328835104,0.010192697537748036,0.014472362178626647,0.006812874014079856,2.559694952798751e-06,0.359845565384707,0.26763312274971546,0.015616163076463562,0.01998204207535559,0.000639637773211077
942,845,1.3152534359379071,0.0796510706153615,0.1093080154848758,0.0014205927405927408,0.0014205960705960708,0.0,0.0,0.0,1.0,0.0,0.0,0.0,0.5291916225108225,1902.8486756687735,0.38190021850282097,0.022718381307491074,0.03317116181496154,0.003523660332321663,1.2507102959237044e-06,0.18265452294018256,0.31875185952259494,0.017570704039046543,0.03970824083028479,0.000463929544984365
943,6792,1.9196798247434803,0.054371438398832,0.0930231338055079,0.0014333599733599735,0.0,0.0,0.0014333566433566433,0.0,0.0,0.0,1.0,0.0,0.5306223186147186,1902.9253641019404,0.3504756310957839,0.012645687299684922,0.01875633381928736,0.17047674234518526,0.00021664026282905126,0.3726047892963832,0.0624887729199895,0.01232621239139742,9.19056945941632e-06,0.0041745545211376855
944,661,1.219578554613172,0.0958941533492972,0.1397451336613653,0.0014430835830835833,0.0007788511488511489,0.0,0.0006642324342324342,0.0,0.5397131240221711,0.0,0.46028687597782897,0.0,0.5317119463203464,1902.9837658306371,0.3674358933363437,0.018082052449957385,0.026536205669074924,0.03798912600779529,1.534561907079687e-05,0.2909868308369841,0.24317817084094345,0.015241779437937175,0.0005345958018932451,0.0028363880686610443
945,5649,1.7827704849681323,0.1238599662290632,0.1402956880313126,0.0014436130536130537,0.0,0.0007148884448884449,0.0007287246087246087,0.0,0.0,0.49520780038614404,0.504792199613856,0.0,0.5317712787878788,1902.9869458082487,0.32817492940261506,0.011430947635306426,0.01663487764619915,0.06854352015334131,3.351503599746789e-05,0.37601690291898443,0.18496345311372353,0.014032532493236079,0.00016932160059668355,0.0039255833253935
946,6312,1.4482037744563727,0.1112101641256895,0.0178005046994702,0.001447988677988678,0.0,0.0,0.001447988677988678,0.0,0.0,0.0,1.0,0.0,0.5322616112554113,1903.0132251625653,0.3504756310957839,0.012645687299684922,0.01875633381928736,0.17047818568955037,0.00021677065457259705,0.37260479136221175,0.06248732957562439,0.012326081999653873,9.188503630852551e-06,0.004172976653371907
947,5476,1.7041842099725426,0.0732485861856361,0.1238610128927634,0.0014505361305361306,0.0,0.0,0.0008466566766566768,0.0006038761238761239,0.0,0.0,0.5836866814357373,0.4163133185642627,0.5325470787878788,1903.0285244081276,0.34531569128147016,0.012962962394007377,0.019097884498755283,0.2224897322256637,0.0005872721003588887,0.3540723528414711,0.032262435449463056,0.013209428920244994,2.2402885654360105e-06,0.004233737497710943
948,5997,1.8326283545169928,0.1809847278410823,0.1030802068602916,0.0014582683982683985,0.0,0.0,0.0014582683982683983,0.0,0.0,0.0,1.0,0.0,0.5334135567099567,1903.07496041222,0.3504756310957839,0.012645687299684922,0.01875633381928736,0.1704791994688127,0.00021686231670006115,0.3726047928137961,0.062486315796362046,0.012325990337526408,9.187052046499833e-06,0.004171868308813442
949,6520,1.4132783338822092,0.0887144713821903,0.1228408528925212,0.0014584182484182484,0.0006096536796536797,0.0,0.0008487645687645689,0.0,0.41802389699586495,0.0,0.581976103004135,0.0,0.5334303489177489,1903.0758603094298,0.36361185958516073,0.016856314102074946,0.024782076392564176,0.06630404552513067,3.0632510722742466e-05,0.3096432166648847,0.20399518589936652,0.014614504999694185,0.00016216432040128126,0.0042173573496209205
950,3069,1.4320469712396748,0.0744107460520144,0.0933864137759501,0.0014592840492840492,0.0,0.0014592807192807193,0.0,0.0,0.0,1.0,0.0,0.0,0.5335273705627706,1903.0810596966596,0.30544261328835104,0.010192697537748036,0.014472362178626647,0.006811283461217019,2.5630321504704305e-06,0.3598467162834674,0.2676347133025783,0.01561615973926589,0.019980891176595184,0.0006389231913552784
951,3761,1.4468872553072896,0.136338326311069,0.1547800113676905,0.0014595637695637698,0.0014595637695637696,0.0,0.0,0.0,1.0,0.0,0.0,0.0,0.5335587160173161,1903.0827394918103,0.38190021850282097,0.022718381307491074,0.03317116181496154,0.0035227560871088238,1.252321566099829e-06,0.1826552384872235,0.31875276376780776,0.017570702427776367,0.03970752528324384,0.00046340108484510534
952,6607,1.323551630135512,0.1042160290939575,0.0976187452893027,0.0014615517815517816,0.0,0.0,0.0014615517815517818,0.0,0.0,0.0,1.0,0.0,0.5337814926406926,1903.094677939163,0.3504756310957839,0.012645687299684922,0.01875633381928736,0.17047952319191303,0.00021689159998100176,0.37260479327741775,0.06248599207326172,0.012325961054245469,9.186588424858755e-06,0.004171514375188923
953,5656,3.037003937030785,0.5738736939384576,0.4363122370045596,0.0014626440226440226,0.0,0.0,0.0,0.0014626440226440226,0.0,0.0,0.0,1.0,0.5339038891774892,1903.101237013911,0.33808126467938193,0.013407793819400984,0.019576751193023625,0.28096245292487404,0.004585168964187267,0.3280816473634976,0.004335407808102432,0.01096947387417636,3.9373355686933564e-08,0.0153049604289901
954,117,1.4145624753957509,0.0292304385714014,0.1230072900038886,0.001463899433899434,0.0008696270396270397,0.0,0.0005942723942723943,0.0,0.594048347508809,0.0,0.40595165249119103,0.0,0.5340445705627705,1903.108775887182,0.3691433553160804,0.01862935452998405,0.027319438569741325,0.02633026645936607,1.0150129570861428e-05,0.2822261903284674,0.25968970944834896,0.015520232313712355,0.001131302904728515,0.002094989876222364
955,1888,1.5579549333050366,0.0698224326153749,0.1388739638114284,0.0014727905427905428,0.0008324808524808525,0.0,0.0,0.0006403096903096903,0.5652404929919802,0.0,0.0,0.4347595070080198,0.5350409082251082,1903.1621659713105,0.36284951174093544,0.01867051488121399,0.027260862554903224,0.08219123301884437,3.943168686885838e-05,0.2682280436656793,0.2240078979859069,0.01665547753057504,9.702693507279703e-05,0.006127118273930421
956,5537,1.745615902868053,0.1446752880434821,0.1537901992667041,0.0014736563436563437,0.0,0.0,0.0014736563436563437,0.0,0.0,0.0,1.0,0.0,0.5351379298701299,1903.1673648244257,0.3504756310957839,0.012645687299684922,0.01875633381928736,0.17048071629035572,0.00021699958133819834,0.3726047949865537,0.06248479897481904,0.012325853072888271,9.184879288914871e-06,0.004170209877117026
957,6775,1.681015341903105,0.3169202153714318,0.1022126680193472,0.0014745587745587745,0.0,0.0,0.0014745621045621046,0.0,0.0,0.0,1.0,0.0,0.5352390562770563,1903.172783594774,0.3504756310957839,0.012645687299684922,0.01875633381928736,0.17048080521768555,0.00021700763325848682,0.37260479511396943,0.062484710047489206,0.012325845020967983,9.18475187317025e-06,0.004170112643035573
958,5613,1.618388668910226,0.0869769443194292,0.0453972323424414,0.001474988344988345,0.0,0.0,0.0014749883449883452,0.0,0.0,0.0,1.0,0.0,0.535287193939394,1903.1753629971622,0.3504756310957839,0.012645687299684922,0.01875633381928736,0.17048084754748943,0.00021701146616959316,0.3726047951746203,0.06248466771768532,0.012325841188056876,9.184691222297037e-06,0.0041700663590188425
959,6913,1.9164420549661605,0.1462071024856943,0.1447932018710434,0.0014811388611388613,0.0,0.0,0.001481142191142191,0.0,0.0,0.0,1.0,0.0,0.5359764207792208,1903.2122935721245,0.3504756310957839,0.012645687299684922,0.01875633381928736,0.1704814535425987,0.0002170663506177636,0.37260479604301283,0.06248406172257606,0.012325786303608706,9.183822829772481e-06,0.00416940374267627
960,6159,1.9416513620463252,0.1779229406472473,0.0830026428933872,0.0014842823842823845,0.0,0.0,0.0007267965367965367,0.0007574858474858476,0.0,0.0,0.4896619029457294,0.5103380970542706,0.536328683982684,1903.231168128011,0.344150313724644,0.013034619290709471,0.019175024060590188,0.2341381022875586,0.0007868488273697663,0.3498859992677351,0.025534602578040744,0.013293035098155992,1.4548651960932801e-06,0.0042316190974681644
961,174,0.9273269165396189,0.3034013511759434,0.1010685467925855,0.001485950715950716,0.0,0.001485950715950716,0.0,0.0,0.0,1.0,0.0,0.0,0.5365156372294373,1903.241185066433,0.30544261328835104,0.010192697537748036,0.014472362178626647,0.0068101914639109315,2.5653238402671016e-06,0.35984750611428634,0.2676358052998844,0.015616157447576095,0.01998010134577627,0.0006384332353338573
962,5818,1.303841987113074,0.100451971898595,0.1432137768910932,0.0014911621711621713,0.0,0.0,0.0014911621711621711,0.0,0.0,0.0,1.0,0.0,0.5370996329004329,1903.2724747334082,0.3504756310957839,0.012645687299684922,0.01875633381928736,0.17048244081647554,0.00021715581612401387,0.37260479745814434,0.062483074448699216,0.012325696838102456,9.182407698260509e-06,0.004168324173030147
963,5050,2.1690908047432615,0.105188936408024,0.2056851859238969,0.0014914851814851816,0.0,0.0,0.0006487945387945388,0.0008426906426906427,0.0,0.0,0.4349989841323709,0.5650010158676292,0.5371358294372295,1903.2744140545958,0.3434728014794812,0.013076278257523843,0.019219870468883803,0.24082983089871485,0.0009524067755485601,0.34745210270896476,0.021703512718503626,0.013292110392295558,1.0863000838856607e-06,0.004261284301778745
964,6920,2.3088499490880756,0.1971985421780504,0.0846255634564078,0.0014921378621378623,0.0,0.0,0.0014921411921411923,0.0,0.0,0.0,1.0,0.0,0.5372089688311689,1903.2783326693088,0.3504756310957839,0.012645687299684922,0.01875633381928736,0.17048253690015908,0.0002171645263478979,0.3726047975958925,0.06248297836501568,0.012325688127878572,9.182269950114286e-06,0.004168219103626414
965,6040,2.0009564881737494,0.155280062512339,0.1340865363379515,0.0014935031635031637,0.0,0.0,0.0014934998334998335,0.0,0.0,0.0,1.0,0.0,0.5373619645021646,1903.2865297123915,0.3504756310957839,0.012645687299684922,0.01875633381928736,0.17048267134588,0.00021717671514936645,0.37260479778863914,0.06248284391929476,0.012325675939077104,9.182077203462313e-06,0.004168072083610808
966,5221,1.2308261260551492,0.2773428832680144,0.1192527195413467,0.0014972027972027973,0.0,0.0,0.0014972027972027973,0.0,0.0,0.0,1.0,0.0,0.5377765454545455,1903.3087412977552,0.3504756310957839,0.012645687299684922,0.01875633381928736,0.1704830356264428,0.00021720974636933588,0.37260479831094684,0.062482479638731964,0.012325642907857134,9.18155489576522e-06,0.004167673727212717
967,5762,1.961301746973458,0.0401556888177375,0.16285962241479,0.0014987712287712288,0.0,0.0,0.0014987712287712288,0.0,0.0,0.0,1.0,0.0,0.5379523038961039,1903.318157553127,0.3504756310957839,0.012645687299684922,0.01875633381928736,0.1704831900449729,0.00021722375082325958,0.3726047985323669,0.06248232522020186,0.01232562890340321,9.181333475716258e-06,0.004167504861388505
968,5579,2.729546757809147,0.3114124397084766,0.2872810542226513,0.0015000999000999004,0.0,0.0,0.0007015617715617716,0.0007985381285381286,0.0,0.0,0.4676767004084532,0.5323232995915468,0.5381011948051948,1903.3261342983246,0.34387782106865816,0.013051374356900406,0.01919306110271688,0.2368403209641758,0.000848264353653305,0.3489071036450005,0.023982921115783873,0.013297834389070489,1.299004040555829e-06,0.004237873495120725
969,5242,1.5968850902928755,0.1552377685614701,0.0649903796074493,0.0015012321012321012,0.0,0.0,0.0015012321012321014,0.0,0.0,0.0,1.0,0.0,0.5382280692640693,1903.3329314650202,0.3504756310957839,0.012645687299684922,0.01875633381928736,0.1704834323103418,0.00021724572518886179,0.37260479887977727,0.06248208295483296,0.012325606929037608,9.180986065338015e-06,0.0041672399268332105
970,6100,1.2993048923470247,0.0136884982003694,0.1551710008056286,0.0015069996669996673,0.0,0.0,0.001506999666999667,0.0,0.0,0.0,1.0,0.0,0.5388743826839827,1903.367556177898,0.3504756310957839,0.012645687299684922,0.01875633381928736,0.17048400002152153,0.0002172972331125498,0.3726047996939888,0.062481515243653224,0.01232555542111392,9.180171853806485e-06,0.00416661907930671
971,5358,1.7682299238411014,0.0701952994688672,0.0823643739807327,0.0015074991674991678,0.0,0.0,0.0015074991674991676,0.0,0.0,0.0,1.0,0.0,0.5389303567099567,1903.3705547867821,0.3504756310957839,0.012645687299684922,0.01875633381928736,0.17048404918223006,0.0002173016943840958,0.372604799764501,0.06248146608294469,0.012325550959842375,9.1801013415993e-06,0.004166565316302329
972,5437,2.067901491337415,0.1147310886045494,0.1581562946358968,0.0015133133533133535,0.0,0.0,0.0015133133533133535,0.0,0.0,0.0,1.0,0.0,0.5395818943722944,1903.4054578064977,0.3504756310957839,0.012645687299684922,0.01875633381928736,0.17048462134826506,0.00021735362857808188,0.3726048005852667,0.0624808939169097,0.012325499025648388,9.179280575921656e-06,0.004165939574541921
973,6648,1.6157959409154339,0.0364578142387809,0.0468841608330513,0.0015145021645021645,0.0,0.000723050283050283,0.0,0.0007914518814518814,0.0,0.4774177944393751,0.0,0.5225822055606248,0.5397151125541125,1903.412594155943,0.3224989917188003,0.011872849643703998,0.017139825047809643,0.13478980254842407,9.286943910734887e-05,0.35275397321902546,0.1453271852228298,0.015492366299562138,3.213686073716415e-05,0.00688138547110817
974,5477,1.5219552433423291,0.0731875262646569,0.0866508781193598,0.0015177822177822177,0.0,0.0,0.0015177822177822177,0.0,0.0,0.0,1.0,0.0,0.5400826753246752,1903.4322837691573,0.3504756310957839,0.012645687299684922,0.01875633381928736,0.1704850610386308,0.00021739355215974612,0.3726048012160985,0.06248045422654397,0.012325459102066724,9.178649744090439e-06,0.004165458698930813
975,6957,1.3360375223253855,0.1012393792808539,0.1158396802018297,0.0015182650682650685,0.0,0.0,0.0015182650682650685,0.0,0.0,0.0,1.0,0.0,0.5401367835497836,1903.4351822011522,0.3504756310957839,0.012645687299684922,0.01875633381928736,0.1704851085417188,0.0002173978661346956,0.37260480128425644,0.06248040672345595,0.012325454788091774,9.17858158616669e-06,0.004165406745551992
976,5886,1.221524151588391,0.0582387788555886,0.1419726823712069,0.0015186580086580088,0.0,0.0,0.0015186580086580088,0.0,0.0,0.0,1.0,0.0,0.5401808164502164,1903.4375409177358,0.3504756310957839,0.012645687299684922,0.01875633381928736,0.17048514719855878,0.00021740137686345395,0.3726048013397252,0.06248036806661597,0.012325451277363016,9.178526117425978e-06,0.004165364467045851
977,6185,1.8446818256211577,0.0399439787778252,0.0300444905825435,0.0015192241092241094,0.0,0.0,0.0015192241092241091,0.0,0.0,0.0,1.0,0.0,0.5402442536796537,1903.440939057097,0.3504756310957839,0.012645687299684922,0.01875633381928736,0.17048520288994518,0.00021740643476820935,0.3726048014196348,0.06248031237522958,0.012325446219458261,9.178446207791513e-06,0.004165303557935429
978,5501,2.5491403782397657,0.371590130453598,0.1290670698365828,0.0015295571095571097,0.0,0.0,0.0007895138195138196,0.0007400432900432901,0.0,0.0,0.5161715208805946,0.48382847911940535,0.5414021696969697,1903.5029626784824,0.3444788836428875,0.013014416138046127,0.019153275109465313,0.23087252722982637,0.0007231343727496263,0.35106633344323834,0.027412867151786147,0.013276908145694677,1.6547663057586703e-06,0.004221018412997823
979,6740,1.8491705437899857,0.1205355428190051,0.0946639479696702,0.0015295571095571097,0.0,0.0,0.000723036963036963,0.0008065234765234765,0.0,0.0,0.47270898510211684,0.5272910148978832,0.5414021696969697,1903.5029626784824,0.3439401930490631,0.0130475392199263,0.01918893252892461,0.23622596380585226,0.0008347329201359699,0.34913116875192013,0.02433392701302628,0.013296209636943664,1.333074207687801e-06,0.004231747522827067
980,5936,1.3224662346940264,0.0784038216650218,0.1231342159989792,0.0015320945720945721,0.0,0.0,0.0015320912420912422,0.0,0.0,0.0,1.0,0.0,0.5416865177489177,1903.518193044296,0.3504756310957839,0.012645687299684922,0.01875633381928736,0.17048646873276296,0.00021752145118869682,0.3726048032363596,0.06247904653241179,0.012325331203037772,9.176629483020893e-06,0.004163919065247601
981,6492,2.7223834448883992,0.5063535216285872,0.0810671012371516,0.0015325241425241426,0.0,0.0,0.0,0.0015325241425241426,0.0,0.0,0.0,1.0,0.5417346554112554,1903.5207713859645,0.33808126467938193,0.013407793819400984,0.019576751193023625,0.28098081735122643,0.004608105347302898,0.32808164763224074,0.004317043381750041,0.01094653749106073,3.910461254807984e-08,0.015263659082035863
982,6836,2.1178817060420254,0.0999504323910051,0.1551691779643263,0.0015352614052614052,0.0,0.0,0.0015352614052614052,0.0,0.0,0.0,1.0,0.0,0.542041393073593,1903.5372006329326,0.3504756310957839,0.012645687299684922,0.01875633381928736,0.17048678010561372,0.00021754975836974625,0.3726048036833561,0.06247873515956104,0.012325302895856724,9.17618248652552e-06,0.004163578491222841
983,6026,1.439536494353395,0.1128508738205019,0.0173035316891797,0.001536926406926407,0.0006333666333666333,0.0,0.0009035631035631036,0.0,0.41209862633791217,0.0,0.5879013736620878,0.0,0.5422279731601731,1903.5471939348924,0.3634256603994595,0.016796630663823958,0.024696664635201968,0.0677249170989658,3.162274038460686e-05,0.3105411959989175,0.2020451283758742,0.014583715978952283,0.00015446410842018254,0.004263055254275283
984,5406,1.8628632085939607,0.1582847754349797,0.0615666866101205,0.001537076257076257,0.0,0.0,0.001537076257076257,0.0,0.0,0.0,1.0,0.0,0.5422447653679654,1903.5480933262334,0.3504756310957839,0.012645687299684922,0.01875633381928736,0.17048695853089402,0.0002175659819036485,0.37260480393951306,0.06247855673428074,0.012325286672322822,9.175926329541007e-06,0.004163383330094583
985,6644,1.8446561183520849,0.1177905673666434,0.0952392526972161,0.0015374825174825175,0.0,0.0,0.0015374825174825175,0.0,0.0,0.0,1.0,0.0,0.542290290909091,1903.5505316712447,0.3504756310957839,0.012645687299684922,0.01875633381928736,0.1704869984705457,0.00021756961371738643,0.37260480399685525,0.06247851679462907,0.012325283040509083,9.175868987354452e-06,0.0041633396439447745
986,5256,1.7792278328475968,0.2539565241473717,0.0866606449130286,0.0015380719280719281,0.0,0.0,0.0015380719280719281,0.0,0.0,0.0,1.0,0.0,0.5423563402597402,1903.5540692575632,0.3504756310957839,0.012645687299684922,0.01875633381928736,0.17048705641403974,0.0002175748829007675,0.3726048040800497,0.06247845885113501,0.012325277771325702,9.175785792903124e-06,0.004163276264878557
987,5265,1.167865673953563,0.062959300690985,0.0938730256387739,0.001538894438894439,0.0,0.0,0.001538891108891109,0.0,0.0,0.0,1.0,0.0,0.5424485108225108,1903.5590058644016,0.3504756310957839,0.012645687299684922,0.01875633381928736,0.1704871372713175,0.00021758223610152705,0.37260480419614056,0.06247837799385725,0.012325270418124944,9.175669702043976e-06,0.004163187822218251
988,6779,1.4037898103473618,0.0155886621866949,0.0856197720301628,0.0015402997002997006,0.0,0.0,0.0015402997002997004,0.0,0.0,0.0,1.0,0.0,0.5426059844155844,1903.5674400000091,0.3504756310957839,0.012645687299684922,0.01875633381928736,0.17048727541034292,0.00021759479948460663,0.3726048043944845,0.062478239854831835,0.012325257854741863,9.175471358091603e-06,0.0041630367231219045
989,6996,1.463604066628221,0.144303637756253,0.138090554601542,0.0015415551115551117,0.0,0.0,0.0015415551115551115,0.0,0.0,0.0,1.0,0.0,0.5427466658008658,1903.5749746893005,0.3504756310957839,0.012645687299684922,0.01875633381928736,0.17048739881303462,0.00021760602362506357,0.37260480457167644,0.06247811645214013,0.012325246630601406,9.175294166163805e-06,0.004162901741905811
990,5950,1.674370042378762,0.0260254681166071,0.0607645819371684,0.0015417016317016317,0.0,0.0,0.0015417016317016317,0.0,0.0,0.0,1.0,0.0,0.5427630848484848,1903.5758540650759,0.3504756310957839,0.012645687299684922,0.01875633381928736,0.1704874132152406,0.00021760733363289044,0.37260480459235773,0.06247810204993415,0.01232524532059358,9.175273484873792e-06,0.004162885988329479
991,6655,1.8619373987302537,0.0535584335266257,0.1341395317555301,0.001541831501831502,0.0,0.0,0.001541831501831502,0.0,0.0,0.0,1.0,0.0,0.542777638095238,1903.5766335110159,0.3504756310957839,0.012645687299684922,0.01875633381928736,0.17048742598043773,0.00021760849477952727,0.37260480461068646,0.062478089284737026,0.012325244159446943,9.175255156146367e-06,0.004162872025328279
992,6253,1.8843259008793976,0.1197036284283465,0.0215086464506668,0.0015433000333000334,0.0,0.0,0.0015433033633033633,0.0,0.0,0.0,1.0,0.0,0.5429422017316017,1903.585447195512,0.3504756310957839,0.012645687299684922,0.01875633381928736,0.17048757032306472,0.00021762162499646843,0.3726048048179569,0.062477944942110036,0.012325231029230001,9.17504788572332e-06,0.004162714137943446
993,2,1.5217621798340568,0.0486402161790325,0.1075853648632905,0.0015444888444888446,0.0015444921744921746,0.0,0.0,0.0,1.0,0.0,0.0,0.0,0.5430754199134199,1903.5925820151826,0.38190021850282097,0.022718381307491074,0.03317116181496154,0.003520784225386638,1.2558369959156568e-06,0.18265679748452832,0.31875473562952994,0.01757069891234655,0.03970596628593903,0.000462251436527894
994,1399,1.655190852473896,0.1603862066424343,0.0830457715823834,0.0015475457875457877,0.0007347685647685648,0.0008127772227772229,0.0,0.0,0.474796009708905,0.525203990291095,0.0,0.0,0.5434179809523809,1903.61092841587,0.34174437915608014,0.016139842210497624,0.02335047763230478,0.004993164789437315,1.829843777129077e-06,0.27584694061559917,0.2921620986843024,0.016544279676794376,0.02921698739120715,0.0005523739720962872
995,5095,2.046511055305968,0.2113369383624001,0.1044422438008937,0.001548151848151848,0.0,0.0,0.001548148518148518,0.0,0.0,0.0,1.0,0.0,0.5434858961038961,1903.61456567208,0.3504756310957839,0.012645687299684922,0.01875633381928736,0.17048804715367782,0.00021766500948955654,0.37260480550274255,0.06247746811149693,0.012325187644736913,9.174363100050709e-06,0.0041621925532658866
996,1465,1.3932960943340147,0.0526325120007853,0.0816418031504892,0.001548814518814519,0.0007955810855810856,0.0007532334332334332,0.0,0.0,0.5136709889509771,0.48632901104902293,0.0,0.0,0.543560154978355,1903.618542653964,0.3447166669716912,0.016626777907039144,0.02407739308001896,0.0048709433983400025,1.7812601001548098e-06,0.26895561264642154,0.2941436917927252,0.01662026011306818,0.029986872830595646,0.000545954037324492
997,3872,1.3286969741389199,0.1603854521742087,0.0718384215819418,0.001553969363969364,0.0,0.0015539726939726942,0.0,0.0,0.0,1.0,0.0,0.0,0.5441378069264069,1903.6494785329671,0.30544261328835104,0.010192697537748036,0.014472362178626647,0.006807404411322994,2.5711747621568563e-06,0.3598495207659829,0.26763859235247234,0.015616151596654203,0.01997808669407969,0.0006371851336066658
998,6290,1.6113095036618368,0.074476261553322,0.1132662981460679,0.0015544355644355645,0.0,0.0,0.0015544322344322344,0.0,0.0,0.0,1.0,0.0,0.5441900493506493,1903.6522762952598,0.3504756310957839,0.012645687299684922,0.01875633381928736,0.17048866458208403,0.0002177212074191218,0.37260480638959853,0.06247685068309072,0.012325131446807348,9.173476244073164e-06,0.004161517153218219
999,6615,1.6956954936532582,0.3939234264793121,0.0920433845808967,0.0015572993672993672,0.0,0.0,0.0015572960372960375,0.0,0.0,0.0,1.0,0.0,0.5445109670995671,1903.6694623447438,0.3504756310957839,0.012645687299684922,0.01875633381928736,0.17048894592683433,0.00021774682317437418,0.37260480679376967,0.06247656933834042,0.012325105831052096,9.173072072932165e-06,0.004161209384370479
1000,3637,1.4409021282619563,0.0338953673523536,0.1217108473935159,0.0015614452214452214,0.0006389910089910091,0.0009224542124542124,0.0,0.0,0.4092305001898052,0.5907694998101949,0.0,0.0,0.5449755515151515,1903.6943415254636,0.33673139731358326,0.015318589372059304,0.022124481306752923,0.0052056224099788564,1.915928015604901e-06,0.28746661120309674,0.2888136740122359,0.016416128942714183,0.02792157951156332,0.0005629962472306627
1001,5691,1.7566759371507434,0.1294732680947265,0.1225482784212559,0.0015621212121212122,0.0,0.0,0.0015621178821178822,0.0,0.0,0.0,1.0,0.0,0.545051303030303,1903.6983980609048,0.3504756310957839,0.012645687299684922,0.01875633381928736,0.170489419564792,0.00021778995798914637,0.37260480747427205,0.06247609570038276,0.012325062696237324,9.172391570555494e-06,0.0041606912505931515
1002,5764,1.2020953699434647,0.018427371127201,0.0665633529555355,0.001569090909090909,0.0,0.0,0.0008846919746919748,0.0006843989343989344,0.0,0.0,0.5638245493401924,0.4361754506598075,0.5458323272727272,1903.740221196893,0.345069512738467,0.012978099454372852,0.01911417973700591,0.22497071759063905,0.0006255442677407183,0.35318803307758223,0.030820882043038816,0.01323097732734456,2.05376380879585e-06,0.004216794105124433
1003,1673,1.33730687452603,0.1029876352334812,0.1132718558281388,0.0015706260406260408,0.0,0.0015706260406260406,0.0,0.0,0.0,1.0,0.0,0.0,0.5460043541125541,1903.7494327972051,0.30544261328835104,0.010192697537748036,0.014472362178626647,0.006806721536559128,2.572608766059812e-06,0.35985001413125906,0.2676392752272362,0.015616150162650302,0.019977593328803556,0.0006368798438144418
1004,6797,1.6100957091389043,0.1387964945347518,0.1487865766078809,0.0015746520146520148,0.0,0.0,0.0015746520146520148,0.0,0.0,0.0,1.0,0.0,0.5464555047619047,1903.7735902882166,0.3504756310957839,0.012645687299684922,0.01875633381928736,0.1704906500356357,0.00021790208441445995,0.37260480924265316,0.062474865229539045,0.01232495056981201,9.17062318944728e-06,0.004159345116562019
1005,6915,0.8732640449299576,0.0944707472631125,0.0812428412104733,0.001575810855810856,0.0,0.0,0.0015758108558108557,0.0,0.0,0.0,1.0,0.0,0.5465853645021646,1903.7805436803067,0.3504756310957839,0.012645687299684922,0.01875633381928736,0.17049076379961095,0.00021791245595344453,0.37260480940618496,0.062474751465563805,0.012324940198273026,9.170459657648067e-06,0.004159220653984108
1006,6202,1.8980402547813484,0.0942726236878383,0.121105970193817,0.0015825074925074926,0.0,0.0,0.0015825074925074926,0.0,0.0,0.0,1.0,0.0,0.5473357896103896,1903.8207243664324,0.3504756310957839,0.012645687299684922,0.01875633381928736,0.17049142111613938,0.00021797239748570535,0.37260481035118004,0.062474094149035375,0.012324880256740764,9.16951466256588e-06,0.004158501505933332
1007,5194,1.6365671844577114,0.0650495242732688,0.1634658787257004,0.001583023643023643,0.0,0.0,0.0015830203130203133,0.0,0.0,0.0,1.0,0.0,0.5473936294372295,1903.823821256409,0.3504756310957839,0.012645687299684922,0.01875633381928736,0.17049147177282878,0.0002179770180504676,0.3726048104240159,0.062474043492345976,0.012324875636176003,9.169441826717417e-06,0.004158446083007417
1008,5209,1.8091056655541065,0.0902590655892526,0.060066175943247,0.001584032634032634,0.0,0.0,0.001584032634032634,0.0,0.0,0.0,1.0,0.0,0.547506696969697,1903.829875143804,0.3504756310957839,0.012645687299684922,0.01875633381928736,0.1704915707955886,0.00021798605071801438,0.37260481056639483,0.06247394446958615,0.012324866603508455,9.169299447775447e-06,0.004158337742822149
1009,5551,1.5687007317720052,0.2270274388807953,0.070591156968108,0.001585094905094905,0.0,0.0,0.0015850949050949053,0.0,0.0,0.0,1.0,0.0,0.5476257350649351,1903.8362486612214,0.3504756310957839,0.012645687299684922,0.01875633381928736,0.17049167504289076,0.00021799556065536885,0.37260481071629264,0.062473840222284,0.0123248570935711,9.169149549959066e-06,0.004158223685786999
1010,3344,1.2439520579866463,0.2167722080236188,0.1092448136948858,0.001592057942057942,0.0008613020313020313,0.0,0.0007307559107559107,0.0,0.5409991738043693,0.0,0.45900082619563054,0.0,0.548406012987013,1903.8780249700797,0.3674763069201341,0.01809500643589227,0.02655474385547918,0.037708023887830996,1.5303980185214098e-05,0.2907864099697829,0.2435741300728585,0.015248288752476831,0.0005417861253599332,0.002810043539671847
1011,5446,1.495105342977408,0.1440569022540513,0.1148126754408429,0.0015997269397269398,0.0,0.0,0.0015997269397269396,0.0,0.0,0.0,1.0,0.0,0.5492654008658009,1903.9240344421246,0.3504756310957839,0.012645687299684922,0.01875633381928736,0.17049311055749383,0.000218126584545529,0.37260481278094165,0.06247240470768092,0.012324726069680941,9.16708490095175e-06,0.004156653017995726
1012,5698,1.9714753404011012,0.1254518768889024,0.0525770815678115,0.0016014585414585415,0.0,0.0,0.0016014618714618716,0.0,0.0,0.0,1.0,0.0,0.5494594441558441,1903.9344226841167,0.3504756310957839,0.012645687299684922,0.01875633381928736,0.1704932803887492,0.00021814209418049335,0.37260481302526643,0.06247223487642556,0.012324710560045977,9.166840576169122e-06,0.004156467188455859
1013,5266,1.7161792704032603,0.1676092112267225,0.03445362807719,0.0016155144855144856,0.0,0.0,0.0016155144855144856,0.0,0.0,0.0,1.0,0.0,0.5510345532467532,1904.018742480777,0.3504756310957839,0.012645687299684922,0.01875633381928736,0.17049465855651497,0.00021826802082571282,0.3726048150084576,0.06247085670865979,0.012324584633400757,9.164857385002279e-06,0.004154959127662616
1014,5739,1.7862593586044453,0.0601549776255216,0.1084629407870236,0.0016195038295038296,0.0,0.0,0.0016195038295038298,0.0,0.0,0.0,1.0,0.0,0.5514815991341991,1904.0426724970343,0.3504756310957839,0.012645687299684922,0.01875633381928736,0.17049504957488815,0.00021830377098502776,0.37260481557129904,0.06247046569028661,0.012324548883241443,9.164294543562157e-06,0.004154531233447223
1015,3607,1.5474325085620388,0.0708341990229843,0.1605996634567908,0.0016213053613053612,0.0006480586080586081,0.0009732467532467533,0.0,0.0,0.3997140967552446,0.6002859032447553,0.0,0.0,0.5516834787878788,1904.0534787330307,0.3360037958967219,0.015199389912012702,0.021946535985671544,0.005235298453945137,1.932483747178979e-06,0.28915417824684736,0.2883288329304518,0.016397524643479374,0.027732511447122854,0.000563598501407303
1016,6761,1.6660421443210371,0.0493611492682998,0.0548254137942349,0.0016252680652680653,0.0,0.0,0.0016252680652680653,0.0,0.0,0.0,1.0,0.0,0.5521275393939393,1904.0772479673788,0.3504756310957839,0.012645687299684922,0.01875633381928736,0.17049561445791547,0.00021835543432695303,0.3726048163845314,0.06246990080725928,0.012324497219899517,9.163481311191823e-06,0.00415391306061319
1017,4858,1.1404460885446583,0.0942983803672179,0.0386743848983086,0.0016253213453213454,0.0,0.0010149383949383949,0.0006103829503829504,0.0,0.0,0.6244539874283935,0.3755460125716066,0.0,0.55213350995671,1904.0775675491338,0.3223545835599987,0.011113908061722409,0.016081190646246624,0.04346877811292979,1.892316906792388e-05,0.37664090151532004,0.21539938922450833,0.014444668844649617,0.0004776568655567859,0.002831283412979224
1018,5187,1.8571985748594873,0.2126753150682263,0.1558495582015299,0.0016254112554112555,0.0,0.0,0.0016254112554112553,0.0,0.0,0.0,1.0,0.0,0.5521435852813853,1904.0781068430688,0.3504756310957839,0.012645687299684922,0.01875633381928736,0.17049562848856706,0.0002183567178172328,0.3726048164047317,0.0624698867766077,0.012324495936409238,9.163461110905935e-06,0.004153897706070775
1019,5807,1.3840172782176552,0.1004657470330839,0.1007636777135105,0.0016262204462204463,0.0,0.0,0.0016262204462204463,0.0,0.0,0.0,1.0,0.0,0.5522342632034632,1904.0829604728797,0.3504756310957839,0.012645687299684922,0.01875633381928736,0.17049570777718037,0.00021836397113699478,0.3726048165188922,0.06246980748799438,0.012324488683089475,9.16334695039156e-06,0.004153810935816682
1020,6927,1.0433958529382648,0.1323564074810018,0.0760873836475472,0.0016265967365967368,0.0,0.0007134898434898435,0.0009131068931068931,0.0,0.0,0.43863966245416786,0.5613603375458321,0.0,0.5522764303030303,1904.0852175010425,0.33072236336543903,0.011569708698505397,0.016877213944864716,0.07982129860438865,4.188824885426581e-05,0.37566181032394325,0.17133920106377737,0.01385016303532924,0.00011635271489812693,0.004263382003354632
1021,6083,1.8539041219508348,0.139481780219185,0.0287239942730627,0.0016359274059274062,0.0,0.0,0.001635927405927406,0.0,0.0,0.0,1.0,0.0,0.5533220251082251,1904.141181867395,0.3504756310957839,0.012645687299684922,0.01875633381928736,0.1704966587301279,0.00021845099501690377,0.3726048178883109,0.06246885653504686,0.012324401659209566,9.161977531702004e-06,0.0041527702201518135
1022,5701,1.5845793391924932,0.2914205783273293,0.173214447489054,0.0016403263403263404,0.0,0.0,0.0016403263403263406,0.0,0.0,0.0,1.0,0.0,0.5538149696969696,1904.1675649146378,0.3504756310957839,0.012645687299684922,0.01875633381928736,0.1704970895628549,0.00021849044034738042,0.3726048185088714,0.06246842570231986,0.01232436221387909,9.161356971210122e-06,0.004152298700973334
1023,6085,2.37358560826959,0.4099857747189826,0.1746892798219762,0.0016420313020313023,0.0,0.0,0.0008604095904095905,0.0007816217116217116,0.0,0.0,0.523990979553926,0.476009020446074,0.5540060277056278,1904.1777903690968,0.3445758008788627,0.013008456877610531,0.0191468598897165,0.22991645415400574,0.0007087220388211994,0.3514144927724027,0.027959729614942863,0.0132677699107455,1.7138628922719334e-06,0.004206347174591452
1024,6122,1.6232483330346372,0.0456985776739106,0.1385579389971398,0.0016547019647019648,0.0,0.0,0.001654701964701965,0.0,0.0,0.0,1.0,0.0,0.5554259021645022,1904.2537783653474,0.3504756310957839,0.012645687299684922,0.01875633381928736,0.17049849702185013,0.00021861938355951838,0.3726048205367453,0.062467018243324623,0.012324233270666951,9.159329097285784e-06,0.004150758243018138
1025,6336,1.8621104431204505,0.078208755977084,0.0805240973843691,0.0016601065601065603,0.0,0.0,0.0016601065601065603,0.0,0.0,0.0,1.0,0.0,0.5560315411255412,1904.2861884957392,0.3504756310957839,0.012645687299684922,0.01875633381928736,0.17049902596852048,0.0002186678750145493,0.3726048212990977,0.06246648929665427,0.01232418477921192,9.158566744882357e-06,0.0041501792801879045
1026,5322,1.573525787001023,0.1206841618819933,0.1409428106678242,0.001667635697635698,0.0,0.0,0.0007005827505827506,0.0009670529470529471,0.0,0.0,0.4201053932678503,0.5798946067321498,0.5568752562770563,1904.331336934057,0.34328820485705036,0.013087628760223676,0.019232089429586374,0.2426534043629307,0.0010139131160317879,0.34678894980120273,0.020659355796665946,0.013275460422584649,9.934537237854535e-07,0.004252655153355933
1027,5528,1.3818133094487328,0.0275630040181612,0.1257129944252859,0.001667865467865468,0.0,0.0,0.0016678654678654679,0.0,0.0,0.0,1.0,0.0,0.5569010043290044,1904.3327147119437,0.3504756310957839,0.012645687299684922,0.01875633381928736,0.17049978514409722,0.00021873750387346229,0.3726048223935041,0.062465730121077534,0.012324115150353008,9.157472338483519e-06,0.004149348286939469
1028,5782,1.691132091228814,0.0383897363037273,0.0892404061155445,0.001684915084915085,0.0,0.0,0.001684911754911755,0.0,0.0,0.0,1.0,0.0,0.5588115844155844,1904.4349435069662,0.3504756310957839,0.012645687299684922,0.01875633381928736,0.17050145260353708,0.0002188905656208684,0.37260482479821283,0.062464062661637676,0.012323962088605601,9.155067629773583e-06,0.004147522956334804
1029,5280,1.3464417199169638,0.0772221468390761,0.051959046422431,0.0016896503496503497,0.0,0.0,0.0016896470196470198,0.0,0.0,0.0,1.0,0.0,0.5593422181818182,1904.4633337453574,0.3504756310957839,0.012645687299684922,0.01875633381928736,0.1705019155260843,0.00021893309016973348,0.3726048254660475,0.062463599739090464,0.012323919564056736,9.154399795097135e-06,0.0041470161735693845
1030,5606,1.3830454212317156,0.1059308066421869,0.0888497498873136,0.0016922144522144521,0.0,0.0,0.0016922111222111224,0.0,0.0,0.0,1.0,0.0,0.5596295515151515,1904.4787063985607,0.3504756310957839,0.012645687299684922,0.01875633381928736,0.17050216615983363,0.00021895611936990976,0.37260482582766513,0.062463349105341126,0.012323896534856561,9.154038177472401e-06,0.004146741787384611
1031,5262,1.7306996411332995,0.1798448982909887,0.1467153149234556,0.001694831834831835,0.0,0.0,0.001694831834831835,0.0,0.0,0.0,1.0,0.0,0.5599228554112554,1904.49439819271,0.3504756310957839,0.012645687299684922,0.01875633381928736,0.17050242197744406,0.00021897962894810112,0.3726048261967915,0.0624630932877307,0.012323873025278369,9.153669051076285e-06,0.004146461721943218
1032,4188,1.1921552961726305,0.0880669590853412,0.1012712391252705,0.0016995038295038298,0.0010185514485514487,0.0006809523809523809,0.0,0.0,0.5993228322697072,0.4006771677302928,0.0,0.0,0.5604463991341991,1904.5224071153707,0.3512654017940463,0.017699625810745134,0.025678979736718642,0.004606739518443789,1.6867954821258337e-06,0.25377079001685127,0.29850458249043166,0.01678765249702467,0.031684541340256445,0.000529529765603387
1033,4670,1.3323514802410243,0.1813434887018212,0.1191876252638791,0.0017025774225774227,0.0,0.0017025774225774225,0.0,0.0,0.0,1.0,0.0,0.0,0.560790825974026,1904.540833002339,0.30544261328835104,0.010192697537748036,0.014472362178626647,0.006801306774855999,2.5839854777292106e-06,0.359853922572031,0.2676446899889393,0.015616138785938632,0.019973684888031584,0.0006344663472619416
1034,5407,1.3939321615915399,0.0167516991140086,0.1198458963356255,0.0017027072927072928,0.0,0.000734012654012654,0.0009686979686979688,0.0,0.0,0.4310847916389608,0.5689152083610393,0.0,0.5608053792207792,1904.5416115520227,0.33106258199739313,0.011588240719267857,0.01690957879718592,0.08134168102375403,4.320149533499315e-05,0.37561281776283834,0.16950543896533735,0.013825611987468787,0.00011084725141968788,0.004297242609194396
1035,6787,1.6054073165579277,0.0934894139485053,0.1508485032438242,0.001708837828837829,0.0,0.0,0.001708841158841159,0.0,0.0,0.0,1.0,0.0,0.5614923670995671,1904.5783622667113,0.3504756310957839,0.012645687299684922,0.01875633381928736,0.17050379046798186,0.00021910546380081797,0.3726048281719577,0.06246172479719289,0.012323747190425652,9.15169388487902e-06,0.0041449634462202845
1036,6407,1.8870861565272412,0.2237495046750044,0.1600174331496457,0.0017161038961038962,0.0,0.0,0.0017161072261072262,0.0,0.0,0.0,1.0,0.0,0.5623066025974026,1904.6219180608534,0.3504756310957839,0.012645687299684922,0.01875633381928736,0.17050450013516208,0.00021917076579039892,0.37260482919658133,0.062461015130012676,0.01232368188843607,9.150669261270838e-06,0.0041441864278033425
1037,6937,1.369698757453902,0.1175999526144692,0.0265887169815175,0.0017167898767898768,0.0,0.0,0.001716789876789877,0.0,0.0,0.0,1.0,0.0,0.5623834735930736,1904.6260299941184,0.3504756310957839,0.012645687299684922,0.01875633381928736,0.17050456712397039,0.0002191769316153757,0.37260482929331235,0.06246094814120437,0.012323675722611095,9.15057253025875e-06,0.004144113079708078
1038,6347,1.9236192386714817,0.0957102646906488,0.05219930350748,0.0017295837495837497,0.0,0.0,0.0017295837495837497,0.0,0.0,0.0,1.0,0.0,0.563817154978355,1904.7027158479343,0.3504756310957839,0.012645687299684922,0.01875633381928736,0.1705058161844647,0.0002192919507390217,0.37260483109733566,0.06245969908071006,0.012323560703487448,9.148768506939131e-06,0.004142745392043401
1039,424,1.3161882580523905,0.1517973735988719,0.0463809649146266,0.0017296803196803197,0.0,0.00172968031968032,0.0,0.0,0.0,1.0,0.0,0.0,0.5638279766233767,1904.703294657726,0.30544261328835104,0.010192697537748036,0.014472362178626647,0.006800193452390445,2.5863259493929366e-06,0.3598547253914454,0.26764580331140486,0.015616136445466968,0.019972882068617193,0.0006339716904270043
1040,5142,1.5711030681229423,0.1890144838873717,0.0322146736971448,0.0017296903096903097,0.0,0.0,0.0017296903096903097,0.0,0.0,0.0,1.0,0.0,0.5638290961038961,1904.703354534578,0.3504756310957839,0.012645687299684922,0.01875633381928736,0.17050582658527438,0.00021929290891952564,0.37260483111236214,0.06245968867990037,0.012323559745306944,9.148753480459071e-06,0.004142734003000248
1041,6098,1.4754193298258853,0.0939604811449365,0.129578903330291,0.0017394971694971698,0.0,0.0008421212121212121,0.0008973759573759574,0.0,0.0,0.48411760989794606,0.515882390102054,0.0,0.5649280528138528,1904.7621315803951,0.3286743541483579,0.011458151759031905,0.016682387707740113,0.07076590499223982,3.543396170692584e-05,0.3759500215697143,0.1822810418334631,0.013996501582010028,0.00015620244573594233,0.0039746872768491315
1042,1253,1.494783384072904,0.0342245392417949,0.1477827202518097,0.0017415684315684318,0.0,0.0017415684315684318,0.0,0.0,0.0,1.0,0.0,0.0,0.5651601584415584,1904.774545084336,0.30544261328835104,0.010192697537748036,0.014472362178626647,0.006799704996139879,2.5873529442442364e-06,0.3598550775335909,0.2676462917676555,0.015616135418472116,0.019972529926471694,0.0006337548353917422
1043,5178,1.7977890952047915,0.030600687108339,0.1563377276721779,0.0017423709623709625,0.0,0.0,0.0017423709623709625,0.0,0.0,0.0,1.0,0.0,0.5652500900432901,1904.7793547687331,0.3504756310957839,0.012645687299684922,0.01875633381928736,0.1705070639984891,0.00021940695454838766,0.3726048329002971,0.062458451266685644,0.012323445699678082,9.146965545492325e-06,0.004141378968286702
1044,6035,1.7617116414710248,0.1577998523803595,0.1360407747888536,0.001746916416916417,0.0,0.0,0.001746916416916417,0.0,0.0,0.0,1.0,0.0,0.5657594536796537,1904.806595821027,0.3504756310957839,0.012645687299684922,0.01875633381928736,0.1705075074141618,0.0002194478455447518,0.37260483354116686,0.062458007851012964,0.012323404808681718,9.146324675746165e-06,0.004140893379878219
1045,5640,1.5472402853188856,0.1071030580405985,0.0591068623263231,0.001746926406926407,0.0,0.0,0.001746929736929737,0.0,0.0,0.0,1.0,0.0,0.5657605731601731,1904.806655690496,0.3504756310957839,0.012645687299684922,0.01875633381928736,0.1705075083883393,0.0002194479354199563,0.3726048335425725,0.06245800687683545,0.012323404718806514,9.146323270092793e-06,0.004140892313014177
1046,2651,1.5683126672738033,0.1119274217789557,0.1263338959815456,0.0017543756243756244,0.0,0.0017543756243756244,0.0,0.0,0.0,1.0,0.0,0.0,0.5665953324675325,1904.8512971666116,0.30544261328835104,0.010192697537748036,0.014472362178626647,0.006799178694169125,2.5884596074632546e-06,0.3598554569006207,0.2676468180696262,0.015616134311808898,0.019972150559441904,0.0006335212966397386
1047,4662,1.0272831879157158,0.2994732857650572,0.0865055923296485,0.0017595704295704296,0.0017595704295704294,0.0,0.0,0.0,1.0,0.0,0.0,0.0,0.5671774623376623,1904.8824270516245,0.38190021850282097,0.022718381307491074,0.03317116181496154,0.003515782074294544,1.2647657770545957e-06,0.18266074384121342,0.31875973778062205,0.017570689983565414,0.03970201992925393,0.00045935194546864455
1048,4427,1.3753124130485632,0.137705639221691,0.0642331815667171,0.0017628205128205128,0.0,0.0008833799533799534,0.0008794405594405594,0.0,0.0,0.5011173553719008,0.49888264462809917,0.0,0.5675416666666666,1904.9019025964224,0.3279088043077074,0.01141645155742876,0.01660956128023124,0.06740030579794676,3.317079304175361e-05,0.3760533447499119,0.18635179865536977,0.014051053759778375,0.00017550909858393693,0.0038561200564617426
1049,5490,1.3697494248026332,0.0735440840329078,0.1401048430412182,0.00176985014985015,0.0,0.0,0.00176985014985015,0.0,0.0,0.0,1.0,0.0,0.5683294077922079,1904.9440248947185,0.3504756310957839,0.012645687299684922,0.01875633381928736,0.17050974348356315,0.00021965424372477686,0.3726048367743703,0.0624557717816116,0.012323198410501694,9.143091472318954e-06,0.004138444445889844
1050,2856,1.1796323620514455,0.1550237439897812,0.0658982982843714,0.001787708957708958,0.0,0.0017877089577089578,0.0,0.0,0.0,1.0,0.0,0.0,0.5703306658008658,1905.0510271553064,0.30544261328835104,0.010192697537748036,0.014472362178626647,0.00679780848509961,2.5913412399409992e-06,0.3598564442882352,0.26764818827869574,0.01561613143017642,0.0199711631718274,0.0006329138488477826
1051,6977,2.8059279511704736,0.5409098796727578,0.0709377304338278,0.0017908591408591409,0.0,0.0,0.0017908591408591409,0.0,0.0,0.0,1.0,0.0,0.5706836753246753,1905.06990027301,0.3504756310957839,0.012645687299684922,0.01875633381928736,0.17051179020778312,0.00021984344553707214,0.37260483973588315,0.062453725057391635,0.012323009208689398,9.140129959450682e-06,0.004136202596831895
1052,5336,1.4671033991002909,0.1548371310728044,0.0318830517056634,0.0018087345987345988,0.0,0.0,0.0018087345987345988,0.0,0.0,0.0,1.0,0.0,0.5726867991341992,1905.1769861871837,0.3504756310957839,0.012645687299684922,0.01875633381928736,0.17051353039478312,0.00022000452231322318,0.3726048422554148,0.062451984870391636,0.012322848131913247,9.137610427811804e-06,0.004134296293992534
1053,5693,1.3472676227949671,0.1655146408905384,0.1577229241063783,0.0018096869796869798,0.0,0.0006180586080586081,0.0011916283716283717,0.0,0.0,0.3415279078625593,0.6584720921374406,0.0,0.572793522943723,1905.182691199911,0.33509559873927397,0.01180792283828234,0.01729323794750997,0.09943706541525212,5.958334008839287e-05,0.37501241135459823,0.14769519191327812,0.013533764800118904,6.522365159794541e-05,0.004664616406707678
1054,5796,1.80945178555302,0.0337398810668608,0.0753596870612869,0.0018104129204129205,0.0,0.0,0.0018104129204129203,0.0,0.0,0.0,1.0,0.0,0.5728748718614719,1905.187039749932,0.3504756310957839,0.012645687299684922,0.01875633381928736,0.17051369372058287,0.00022001965024188988,0.37260484249196046,0.06245182154459189,0.01232283300398458,9.137373882139865e-06,0.004134117367172729
1055,5559,1.9771143493601997,0.0859463820635268,0.0987521155341652,0.0018126606726606728,0.0,0.0,0.0018126606726606726,0.0,0.0,0.0,1.0,0.0,0.573126754978355,1905.2005041537518,0.3504756310957839,0.012645687299684922,0.01875633381928736,0.17051391244486488,0.0002200399120665666,0.3726048428087586,0.06245160282030987,0.012322812742159904,9.137057083996591e-06,0.004133877747469761
1056,5669,1.6773833280010015,0.1302889317337319,0.0552951582663309,0.0018166799866799867,0.0,0.0,0.0018166799866799867,0.0,0.0,0.0,1.0,0.0,0.5735771593073593,1905.224579962621,0.3504756310957839,0.012645687299684922,0.01875633381928736,0.1705143035098858,0.00022007614664467957,0.3726048433752347,0.06245121175528895,0.01232277650758179,9.136490607908332e-06,0.004133449314918547
1057,6604,1.7756227530688675,0.0411515816301288,0.0493425810225382,0.0018194305694305695,0.0,0.0,0.0018194305694305695,0.0,0.0,0.0,1.0,0.0,0.5738853896103896,1905.2410556348698,0.3504756310957839,0.012645687299684922,0.01875633381928736,0.17051457109844653,0.00022010094600734097,0.37260484376288966,0.06245094416672822,0.012322751708219129,9.136102952944647e-06,0.004133156151685302
1058,5181,1.4604378272616902,0.1024790290841059,0.0231035859549269,0.0018220346320346322,0.0007449084249084249,0.0,0.0010771295371295373,0.0,0.40883254928192586,0.0,0.5911674507180742,0.0,0.5741772008658009,1905.256653369549,0.3633230252755356,0.01676373246903309,0.02464958469621931,0.06853091436629755,3.2500731132384945e-05,0.3110365697008107,0.2009474377516819,0.014566412553239433,0.00014982245605010824,0.004264321302420271
1059,5360,1.5840615656215855,0.0677396568669476,0.0482385079028983,0.0018281851481851484,0.0,0.0,0.0018281818181818184,0.0,0.0,0.0,1.0,0.0,0.5748664277056277,1905.2934923893717,0.3504756310957839,0.012645687299684922,0.01875633381928736,0.17051542259795663,0.00022017989137620674,0.372604844996685,0.06245009266721813,0.012322672762850264,9.134869157600978e-06,0.004132223239215582
1060,5553,1.4414071039248515,0.5318274593273564,0.1356556319085476,0.0018334432234432235,0.0,0.0,0.0018334465534465534,0.0,0.0,0.0,1.0,0.0,0.5754556476190477,1905.3249847757875,0.3504756310957839,0.012645687299684922,0.01875633381928736,0.17051593388223502,0.00022022731669957222,0.3726048457376803,0.06244958138293974,0.012322625337526897,9.13412816228032e-06,0.004131663047623246
1061,6805,1.9398157267403895,0.1944021148513244,0.1427592326694295,0.001833719613719614,0.0,0.0,0.001833719613719614,0.0,0.0,0.0,1.0,0.0,0.5754866199134199,1905.3266401376038,0.3504756310957839,0.012645687299684922,0.01875633381928736,0.17051596075510672,0.00022022980981658573,0.37260484577663133,0.062449554510068034,0.012322622844409884,9.134089211271235e-06,0.004131633603732476
1062,6480,1.509901480013292,0.0808095435192954,0.0383561749185764,0.0018354112554112554,0.0,0.0,0.0018354112554112554,0.0,0.0,0.0,1.0,0.0,0.5756761852813853,1905.336771678332,0.3504756310957839,0.012645687299684922,0.01875633381928736,0.1705161252235039,0.00022024506934633422,0.37260484601502414,0.062449390041670855,0.012322607584880137,9.133850818465739e-06,0.00413145339901988
1063,6470,1.510552312300909,0.0330192816136933,0.1670516779995148,0.0018386713286713287,0.0,0.0,0.0018386713286713287,0.0,0.0,0.0,1.0,0.0,0.5760415090909091,1905.3562964866453,0.3504756310957839,0.012645687299684922,0.01875633381928736,0.17051644215285497,0.00022027447919094432,0.37260484647443454,0.062449073112319786,0.012322578175035525,9.133391408067126e-06,0.004131106141003427
1064,5992,1.7711667381164984,0.2962540475288477,0.2071360747235521,0.0018406660006660008,0.0,0.0,0.0018406626706626707,0.0,0.0,0.0,1.0,0.0,0.5762650320346321,1905.368242493046,0.3504756310957839,0.012645687299684922,0.01875633381928736,0.17051663604618697,0.000220292474998257,0.3726048467555248,0.062448879218987785,0.012322560179228214,9.133110317804949e-06,0.004130893689683668
1065,6226,1.7605769634601396,0.2098562207934167,0.0289413000594028,0.0018471894771894773,0.0,0.0,0.0018471861471861472,0.0,0.0,0.0,1.0,0.0,0.5769960528138528,1905.4073101277856,0.3504756310957839,0.012645687299684922,0.01875633381928736,0.17051727006490164,0.00022035133699023848,0.3726048476747884,0.06244824520027312,0.012322501317236232,9.132191054195271e-06,0.004130198970449639
1066,6695,1.8741066554799444,0.1288598347568463,0.1815653885118902,0.0018706260406260407,0.0,0.0,0.0018706227106227106,0.0,0.0,0.0,1.0,0.0,0.5796223541125541,1905.5476513915332,0.3504756310957839,0.012645687299684922,0.01875633381928736,0.17051954659630042,0.00022056290335170937,0.3726048509771071,0.062445968668874335,0.01232228975087476,9.128888735498997e-06,0.00412770426805209
1067,6532,1.936737506263762,0.1737246333540958,0.0986868776932618,0.0018739826839826842,0.0,0.0,0.001873982683982684,0.0,0.0,0.0,1.0,0.0,0.5799984995670996,1905.5677494918496,0.3504756310957839,0.012645687299684922,0.01875633381928736,0.17051987248417938,0.00022059321670084636,0.3726048514500418,0.062445642780995375,0.012322259437525624,9.128415800807588e-06,0.004127347120954639
1068,4685,1.1518389200262964,0.0308391038643551,0.1007901640294702,0.001876993006993007,0.0,0.0018769930069930073,0.0,0.0,0.0,1.0,0.0,0.0,0.5803358363636364,1905.5857735679335,0.30544261328835104,0.010192697537748036,0.014472362178626647,0.006794135503225443,2.5990691183854104e-06,0.3598590890811051,0.2676518612605699,0.015616123702297976,0.019968518378957523,0.0006312895171036725
1069,5564,1.7802420617445427,0.0172756593755617,0.0179453798133594,0.0018801365301365303,0.0,0.0,0.0007844788544788546,0.0010956576756576757,0.0,0.0,0.41724568503644144,0.5827543149635586,0.5806880995670995,1905.6045947549885,0.34325276058538623,0.013089808162511317,0.01923443558390324,0.24301911143492333,0.0010339503390550976,0.34666162058845446,0.020443303963776527,0.013264036040742192,9.733012475976466e-07,0.004227202219767245
1070,6611,1.5048707527383345,0.0620999931078995,0.1758781047552749,0.0018836696636696636,0.0008874492174492175,0.0,0.0,0.0009962204462204464,0.47112783868926184,0.0,0.0,0.5288721613107381,0.5810840225108225,1905.6257481472574,0.3587255936878433,0.01779427077959215,0.025981456487591578,0.1161762905345547,6.713996661428537e-05,0.2782318789769173,0.18654277482032966,0.016437914672330904,4.268007422597586e-05,0.007418381930667461
1071,6876,3.0879745328570727,0.1127832485135657,0.0954103762064613,0.0019048285048285049,0.0,0.0,0.0,0.0019048285048285049,0.0,0.0,0.0,1.0,0.5834550822510822,1905.7524180596056,0.33808126467938193,0.013407793819400984,0.019576751193023625,0.28107822255155374,0.004731994467698529,0.32808164904163617,0.004219638181422736,0.010822648370665098,3.769521711438628e-08,0.015042361942522064
1072,5422,1.4401285268301347,0.0673142766070538,0.0726401972733542,0.0019114019314019316,0.0009206160506160507,0.0,0.0009907858807858807,0.0,0.4816444074328304,0.0,0.5183555925671697,0.0,0.5841917004329005,1905.7917667515944,0.3656111078762675,0.017497144036326937,0.02569915510751003,0.051322816486245634,2.2412377697271277e-05,0.29996425702994106,0.22465836301737868,0.01494267917505055,0.00028206489358240106,0.0035238446400001067
1073,5274,1.9470171685993745,0.1128914371267146,0.1415550932435853,0.0019166366966366969,0.0,0.0,0.0019166333666333667,0.0,0.0,0.0,1.0,0.0,0.5847783082251082,1905.8231008597595,0.3504756310957839,0.012645687299684922,0.01875633381928736,0.17052401009063337,0.00022097868688592386,0.37260485745902006,0.06244150517454139,0.012321873967340547,9.122406822548168e-06,0.004122812026359002
1074,6167,2.0389981072401704,0.1588130205607194,0.1264257028298712,0.001920779220779221,0.0,0.0,0.001920779220779221,0.0,0.0,0.0,1.0,0.0,0.5852425194805195,1905.8478962301442,0.3504756310957839,0.012645687299684922,0.01875633381928736,0.17052441158033033,0.0002210161499400918,0.372604858042535,0.06244110368484443,0.012321836504286377,9.121823307589594e-06,0.004122371906578048
1075,3318,1.5482388651876355,0.0804799285922351,0.1014407342336926,0.001937965367965368,0.0005113020313020313,0.0014266633366633369,0.0,0.0,0.2638344522321559,0.7361655477678442,0.0,0.0,0.5871683991341992,1905.9507572729262,0.32561476367909314,0.013497404453971396,0.0194057497380779,0.005700129616209576,2.147969090323745e-06,0.31322497924160686,0.281364943172857,0.016131904691304502,0.02505797743778937,0.0005812518061545369
1076,4083,1.0842535148476375,0.1433441805049821,0.1134534718142831,0.00193971694971695,0.001008001998001998,0.0009317149517149518,0.0,0.0,0.51966447895869,0.4803355210413101,0.0,0.0,0.5873646813852814,1905.9612399780037,0.34517491486455776,0.016701850467552872,0.024189464148795563,0.004840162519340964,1.7969370381057626e-06,0.2679021918498929,0.2944611384404445,0.016631951112472676,0.03009652965990467,0.0005388005275166474
1077,196,1.4047881531401767,0.0494407477239231,0.0480742850326523,0.0019415517815517815,0.0,0.0009874259074259075,0.0009541258741258741,0.0,0.0,0.5085756232762997,0.4914243767237002,0.0,0.5875702926406926,1905.9722207695365,0.32757293599635595,0.011398156502617485,0.01657761027204034,0.0659408668046827,3.243005650873385e-05,0.37609821977074326,0.18812061019245402,0.01407473515968453,0.00018443524491285057,0.003787616321587306
1078,6356,1.4952950880736091,0.1113812166445203,0.152681110171406,0.001941991341991342,0.0,0.0,0.001941991341991342,0.0,0.0,0.0,1.0,0.0,0.5876195497835498,1905.9748513551656,0.3504756310957839,0.012645687299684922,0.01875633381928736,0.17052646646816894,0.0002212080560038569,0.37260486103026025,0.06243904879700582,0.012321644598222613,9.118835582355711e-06,0.004120119137225098
1079,5158,1.622441461928806,0.1473831159416712,0.0297137828790986,0.00194997002997003,0.0,0.0,0.00194997002997003,0.0,0.0,0.0,1.0,0.0,0.5885136415584415,1906.0225990311894,0.3504756310957839,0.012645687299684922,0.01875633381928736,0.17052723896844404,0.0002212802710460772,0.3726048621539698,0.06243827629673071,0.012321572383180393,9.117711872785872e-06,0.004119272174488708
1080,1633,1.3310479171864336,0.0734150951254878,0.0995709339240361,0.00196985680985681,0.0,0.0011122444222444222,0.0008576123876123876,0.0,0.0,0.5646321177655913,0.4353678822344087,0.0,0.5907421541125542,1906.141597644888,0.3250485428817975,0.011260650495545185,0.016337465839373365,0.054958189936261795,2.559310919616556e-05,0.3764055959850592,0.20142853744341555,0.01425399460327113,0.000281429706080194,0.003347324598331647
1081,6101,1.3070495446914392,0.1503026961329022,0.0321504468272308,0.0019707026307026307,0.0,0.0,0.0019706993006993008,0.0,0.0,0.0,1.0,0.0,0.5908369367965368,1906.146658496288,0.3504756310957839,0.012645687299684922,0.01875633381928736,0.17052924523229387,0.00022146800308398102,0.3726048650737017,0.06243627003288088,0.012321384651142488,9.114792140885175e-06,0.004117072339137162
1082,5227,1.6603305603573904,0.037290871566066,0.1088412375944681,0.0019796003996004,0.0,0.0,0.0006682350982350982,0.0013113653013653013,0.0,0.0,0.3375605997907394,0.6624394002092606,0.5918340207792208,1906.1998952020026,0.3422651144409288,0.013150536685501198,0.019299810612266467,0.25249760852547476,0.001438690378325478,0.343113463063784,0.015134914282934397,0.013099290759036947,5.712517479605772e-07,0.004383716610156352
1083,6411,1.5267679245947177,0.1055138177492279,0.0628118789366213,0.0020035730935730935,0.0,0.0,0.0020035730935730935,0.0,0.0,0.0,1.0,0.0,0.5945204008658008,1906.3433106008956,0.3504756310957839,0.012645687299684922,0.01875633381928736,0.17053242287682793,0.00022176588362108593,0.37260486970211415,0.06243309238834682,0.012321086770605384,9.11016372845408e-06,0.004113587557241116
1084,4243,1.3963754786587843,0.061138811586674,0.0948222376116791,0.0020035997335997335,0.0005633399933399933,0.0006855444555444556,0.0007547152847152846,0.0,0.2811639390308153,0.3421563918421889,0.37667966912699585,0.0,0.5945233861471861,1906.3434699597801,0.34390275698680833,0.014638459497401637,0.021343475359680057,0.03276482449987222,1.3518151410007133e-05,0.33203481406535085,0.23950425533205927,0.01499576527874031,0.0008021308286774165,0.0023574927506029297
1085,5577,1.4347569031396057,0.2009326210468202,0.0341691046029549,0.002003819513819514,0.0,0.0,0.002003819513819514,0.0,0.0,0.0,1.0,0.0,0.5945480147186147,1906.3447846694185,0.3504756310957839,0.012645687299684922,0.01875633381928736,0.17053244668396944,0.0002217681178615503,0.37260486973680784,0.062433068581205314,0.012321084536364919,9.110129034761716e-06,0.004113561446471792
1086,5561,1.756783306476466,0.0351541271143003,0.0791902925504975,0.0020085447885447886,0.0,0.0,0.0020085447885447886,0.0,0.0,0.0,1.0,0.0,0.595077529004329,1906.3730504261828,0.3504756310957839,0.012645687299684922,0.01875633381928736,0.17053290315991318,0.0002218109641504397,0.3726048704020955,0.062432612105261576,0.01232104169007603,9.109463747103419e-06,0.004113060793663803
1087,5417,1.78304952721423,0.1781092421765999,0.0262449519709697,0.0020807525807525805,0.0,0.0,0.002080749250749251,0.0,0.0,0.0,1.0,0.0,0.6031691341991342,1906.8048656878698,0.3504756310957839,0.012645687299684922,0.01875633381928736,0.17053986863234866,0.00022246646718890594,0.37260488056635094,0.0624256466328261,0.012320386187037563,9.099299491666102e-06,0.004105419489679019
1088,6269,2.002417595054431,0.1377869655899454,0.0296239740829944,0.0020894472194472194,0.0,0.0,0.0020894472194472194,0.0,0.0,0.0,1.0,0.0,0.6041434554112555,1906.8568460898211,0.3504756310957839,0.012645687299684922,0.01875633381928736,0.1705407060876467,0.00022254549362161333,0.3726048817899765,0.062424809177528046,0.012320307160604857,9.09807586607636e-06,0.004104500560697
1089,4451,0.7415907040198852,0.1245825884268318,0.1390186153877509,0.0021067698967698967,0.0,0.0021067665667665668,0.0,0.0,0.0,1.0,0.0,0.0,0.6060846346320347,1906.9603990795506,0.30544261328835104,0.010192697537748036,0.014472362178626647,0.006784663920196597,2.619019889700086e-06,0.3598658959258179,0.2676613328435987,0.015616103751526661,0.019961711534244697,0.0006271274599355392
1090,3165,1.0857514962540125,0.0691314143095773,0.1073557156635017,0.002108038628038628,0.0012420779220779221,0.0,0.0008659573759573759,0.0,0.5892111594315078,0.0,0.41078884056849213,0.0,0.6062268086580087,1906.9679829053998,0.36899134867654093,0.018580631014623185,0.0272497113356243,0.027323430146933458,1.084708463258848e-05,0.2830438547351292,0.2582645364713964,0.015495208645956602,0.0010404318891633069,0.002130025076117259
1091,577,1.3431391528091798,0.1170487993653927,0.1051812179369732,0.0021494871794871797,0.0007986846486846488,0.001350802530802531,0.0,0.0,0.3715698592234439,0.6284301407765561,0.0,0.0,0.6108715333333333,1907.2157032170226,0.3338519548944533,0.014846864092748834,0.021420272527146986,0.005312229055331094,2.0054460926656855e-06,0.29415334101618984,0.28690577687015667,0.016342479456392427,0.02716507664148826,0.0005596373987618586
1092,3239,1.3058751766800525,0.0439827285327548,0.1263482904116431,0.0021514285714285715,0.0,0.0021514285714285715,0.0,0.0,0.0,1.0,0.0,0.0,0.6110890857142857,1907.2273042852835,0.30544261328835104,0.010192697537748036,0.014472362178626647,0.006782819896154756,2.622907934907461e-06,0.35986721893674883,0.2676631768676406,0.015616099863481454,0.019960388523313777,0.0006263215740703876
1093,5543,1.5688950996364275,0.1604683242015316,0.0883326139794419,0.0021673359973359975,0.0,0.0,0.0021673359973359975,0.0,0.0,0.0,1.0,0.0,0.6128716718614718,1907.3223553313533,0.3504756310957839,0.012645687299684922,0.01875633381928736,0.17054819610288433,0.00022325435774755796,0.3726048927489368,0.06241731916229043,0.012319598296478912,9.087116905781567e-06,0.00409627976341298
1094,251,0.9852923803783464,0.1268446194149661,0.1137809192435283,0.00219981351981352,0.0005890775890775891,0.001610735930735931,0.0,0.0,0.2677852389631307,0.7322147610368693,0.0,0.0,0.616511103030303,1907.5163834200948,0.3259168313712566,0.013546890759205284,0.01947962470756629,0.005676207045668798,2.160580886450237e-06,0.31253257855529887,0.28157782998857506,0.016139608882489283,0.025128268109053442,0.000576180759815248
1095,5902,1.9612525923861324,0.1299732058808232,0.0507931863389073,0.00221011988011988,0.0,0.0,0.0013544522144522146,0.0008556676656676657,0.0,0.0,0.6128410619874372,0.3871589380125629,0.6176660337662337,1907.5779465179141,0.3456770413566711,0.012940743650510643,0.01907396573843015,0.21893249105519424,0.0005577633383396465,0.35537040857535324,0.03429395950500119,0.013151130805094027,2.4959754057474193e-06,0.004147460919464718
1096,904,1.281757256740994,0.0322002135169467,0.0848431707715998,0.0022193539793539793,0.001479237429237429,0.0007401165501165502,0.0,0.0,0.666517122999916,0.33348287700008405,0.0,0.0,0.6187008069264069,1907.6331008050772,0.35640291634736293,0.018541280247563907,0.026935432315788453,0.00439630197115317,1.6372259864983302e-06,0.24186279393047033,0.3019288909177944,0.016918948103908607,0.03301179893997175,0.0005106452870664024
1097,6132,1.5461893591557432,0.2415312528102641,0.0415753473560871,0.0022282950382950385,0.0,0.0,0.002228295038295038,0.0,0.0,0.0,1.0,0.0,0.619702741991342,1907.6865013162806,0.3504756310957839,0.012645687299684922,0.01875633381928736,0.17055404291874024,0.0002238103070875833,0.37260490132264684,0.062411472346434516,0.012319042347138886,9.078543195761846e-06,0.004089859850796906
1098,6619,1.8682484892914453,0.1069333129863667,0.0880029422341916,0.00223000999000999,0.0,0.0,0.00223000999000999,0.0,0.0,0.0,1.0,0.0,0.6198949194805194,1907.6967434813655,0.3504756310957839,0.012645687299684922,0.01875633381928736,0.17055420721356465,0.0002238259623010315,0.3726049015638079,0.062411308051610104,0.012319026691925439,9.07830203472626e-06,0.0040896794184369645
1099,1801,1.6026911211407182,0.103394215822908,0.1448066032122605,0.0022445154845154845,0.002244515484515485,0.0,0.0,0.0,1.0,0.0,0.0,0.0,0.6215204051948051,1907.7833692642046,0.38190021850282097,0.022718381307491074,0.03317116181496154,0.0035044610388542032,1.2850320483130716e-06,0.18266963134598485,0.3187710588160624,0.017570669717294155,0.0396931324244825,0.00045287770509483405
1100,5145,0.8316653976292416,0.1154888781293989,0.1002636820789401,0.0022482117882117883,0.0,0.0,0.0022482117882117883,0.0,0.0,0.0,1.0,0.0,0.621934612987013,1907.8054418876568,0.3504756310957839,0.012645687299684922,0.01875633381928736,0.17055595032635168,0.00022399217022312046,0.37260490412326125,0.062409564938823076,0.012318860484003349,9.075742581354795e-06,0.004087764978821018
1101,2384,1.2892200831957499,0.0525678693648247,0.0120087935607219,0.0022574625374625376,0.0007808658008658009,0.0014765967365967365,0.0,0.0,0.3459042123212906,0.6540957876787095,0.0,0.0,0.6229712519480519,1907.8606805392365,0.3318896209960345,0.014525384315906576,0.020940355738186704,0.005396379089321158,2.048994468423965e-06,0.2987022082569432,0.28559405118501147,0.01629230494575322,0.02665764647837482,0.0005621178523238513
1102,3767,1.0628522145737926,0.0911594491003108,0.0832959945477722,0.0022585747585747587,0.000850922410922411,0.0014076490176490176,0.0,0.0,0.37675249060448307,0.623247509395517,0.0,0.0,0.6230958874458874,1907.8673216567709,0.3342482064785569,0.014911780094522875,0.02151718151293002,0.00529097557568146,2.005395974379399e-06,0.2932379815397598,0.2871749131371184,0.016352602387853958,0.027264353877602177,0.0005570139703573451
1103,1980,0.903940058732368,0.0582883330098719,0.05085443042236,0.0022783316683316684,0.0013785447885447887,0.0008997868797868798,0.0,0.0,0.6050676500293051,0.394932349970695,0.0,0.0,0.6253098467532467,1907.9852821471948,0.3517046368023387,0.017771583581316662,0.025786400932952626,0.00457251204076823,1.7123645860113483e-06,0.2527648997889023,0.29881358186179424,0.01679884788967619,0.03178582473766506,0.0005197387703164136
1104,3054,1.1759652540244094,0.411510343462648,0.1250833163394962,0.002303006993006993,0.0017225274725274726,0.0005804795204795204,0.0,0.0,0.747947130754649,0.2520528692453509,0.0,0.0,0.6280749636363636,1908.1325850398762,0.3626288597328855,0.019561246774067415,0.028458075715179405,0.004165969597009763,1.5500361535500314e-06,0.2274155220152489,0.3060539817281529,0.017078086988850872,0.03463670741245162,0.000496017552201633
1105,753,1.4360459090746491,0.0631116924176591,0.0617765230939253,0.002320902430902431,0.0,0.000708028638028638,0.0016128704628704629,0.0,0.0,0.30506653122246996,0.6949334687775299,0.0,0.6300803264069263,1908.2393981271716,0.3367375645627906,0.011897362221886603,0.01744943745101556,0.10692595361970153,6.899486361502796e-05,0.3747618348288908,0.1386938682496952,0.013412202817753413,5.278138465114601e-05,0.004702011016252783
1106,5751,2.5556432777466487,0.2275410214747138,0.0748932852906613,0.002332350982350982,0.0,0.0,0.0023323509823509826,0.0,0.0,0.0,1.0,0.0,0.6313632510822511,1908.3077242852523,0.3504756310957839,0.012645687299684922,0.01875633381928736,0.17056399260776992,0.0002247616639171146,0.3726049159512211,0.06240152265740484,0.012318090990309356,9.063914621521008e-06,0.004078929547789212
1107,2093,1.4519648829732397,0.0677598694100229,0.1628408131280298,0.0023564335664335665,0.0,0.0008612554112554112,0.0014951781551781553,0.0,0.0,0.36549106392119124,0.6345089360788088,0.0,0.6340619454545455,1908.4514333741936,0.3340164655057633,0.01174914146180682,0.017190580466534065,0.09462814461449837,5.606678015101126e-05,0.37517637398331793,0.1534981159655705,0.013610988915690592,7.412230666742348e-05,0.004525885336674751
1108,5865,1.7315246139168399,0.0638209579444514,0.0239790169921517,0.002362067932067932,0.0,0.0,0.002362067932067932,0.0,0.0,0.0,1.0,0.0,0.6346933324675325,1908.4850519967117,0.3504756310957839,0.012645687299684922,0.01875633381928736,0.17056682700822628,0.00022503390580850714,0.3726049201274108,0.06239868825694847,0.012317818748417962,9.05973843179364e-06,0.0040758145530620515
1109,6138,1.6501018787869743,0.1433723080133972,0.0736885889074191,0.0023622644022644025,0.0009335964035964036,0.0,0.0014286713286713287,0.0,0.39521193590540593,0.0,0.6047880640945942,0.0,0.634715348917749,1908.4862242527818,0.3628950031199477,0.016626536198292775,0.024453245897201197,0.07184341269554956,3.5434035503885686e-05,0.3130992884547628,0.1964184823792578,0.014494979793599313,0.00013361742588507974,0.004325408546623555
1110,6750,1.5903349376817215,0.3715780923789665,0.0328528431259465,0.0023722510822510824,0.0,0.0,0.0023722544122544123,0.0,0.0,0.0,1.0,0.0,0.6358344562770564,1908.5458084497873,0.3504756310957839,0.012645687299684922,0.01875633381928736,0.17056779755212262,0.0002251272513319582,0.37260492155831876,0.06239771771305214,0.012317725402894511,9.058307523845954e-06,0.004074747801826373
1111,6129,1.9447728436669225,0.2171900444902292,0.1674292343149744,0.0023803962703962704,0.0,0.0,0.0016614818514818516,0.000718914418914419,0.0,0.0,0.6979854035837741,0.3020145964162259,0.6367472060606061,1908.5944024721105,0.34673235152469944,0.012875854592663143,0.01900411184130918,0.20831924584241723,0.0004479187935155094,0.35916113527393173,0.040451401618730204,0.013004538457663497,3.442055070135286e-06,0.004144004825403669
1112,5435,1.6909834843427272,0.0854042149981148,0.0926153248782454,0.0023884182484182484,0.0,0.0,0.002388421578421579,0.0,0.0,0.0,1.0,0.0,0.637646148917749,1908.642258651677,0.3504756310957839,0.012645687299684922,0.01875633381928736,0.1705693376676825,0.00022527550906486664,0.3726049238299149,0.06239617759749225,0.012317577145161603,9.056035927712536e-06,0.004073054885341265
1113,6963,1.852365524178736,0.0822463842016003,0.0386693070188029,0.0023912520812520814,0.0,0.0,0.0023912520812520814,0.0,0.0,0.0,1.0,0.0,0.6379637082251082,1908.6591636013954,0.3504756310957839,0.012645687299684922,0.01875633381928736,0.17056960752787773,0.0002253015035803876,0.3726049242280663,0.06239590773729703,0.012317551150646082,9.055637776311798e-06,0.0040727582343277335
1114,6562,1.8607923720841737,0.0461579577143233,0.0895586916713631,0.0023977022977022975,0.0,0.0,0.0023977022977022975,0.0,0.0,0.0,1.0,0.0,0.6386865194805195,1908.6976404495088,0.3504756310957839,0.012645687299684922,0.01875633381928736,0.17057022166328176,0.00022536067914896945,0.3726049251342921,0.062395293601893,0.012317491975077501,9.054731550495188e-06,0.004072083110903457
1115,5326,1.6748001028312192,0.1905825185193192,0.1150695206036089,0.002401038961038961,0.0,0.0,0.0019552414252414253,0.0004457975357975358,0.0,0.0,0.8143314027671449,0.18566859723285514,0.639060425974026,1908.7175436240498,0.34817438646966054,0.012787186548142617,0.018908659562214436,0.19377049508859978,0.0003384627830386419,0.36434061439513,0.048911493349486884,0.012763584729836257,5.117073890836821e-06,0.004145622790965531
1116,5788,1.8611116272351869,0.1770230937406644,0.1675155353813332,0.0024062604062604063,0.0,0.0,0.0024062604062604063,0.0,0.0,0.0,1.0,0.0,0.6396455411255411,1908.7486885543433,0.3504756310957839,0.012645687299684922,0.01875633381928736,0.17057103626608888,0.00022543921065708224,0.37260492633662423,0.06239447899908587,0.012317413443569387,9.053529218372436e-06,0.004071187571923929
1117,2535,1.4522808314093028,0.0374024719163652,0.0287663401681537,0.00241021978021978,0.0,0.0016376057276057277,0.0007726173826173826,0.0,0.0,0.6794415507260393,0.32055844927396066,0.0,0.6400892285714286,1908.7723046916121,0.3198783276428283,0.010979024131919425,0.01584562548449047,0.03337430285728529,1.4342486686686934e-05,0.37667818327807107,0.227774775082175,0.014618384129795168,0.0008370349067484684,0.00224695301395883
1118,6627,1.6788987890513238,0.0943166287580363,0.1185939717566647,0.0024125241425241428,0.0,0.0,0.001668001998001998,0.0007445221445221445,0.0,0.0,0.6913928729669928,0.3086071270330071,0.6403474554112554,1908.7860490145633,0.34665064128462364,0.012880878803227618,0.019009520467964072,0.20914629124409673,0.0004561055358937152,0.3588676377141817,0.03996935880679511,0.013016207034285533,3.3591089317885903e-06,0.004139285078802457
1119,1147,1.5339598492123223,0.0856076128945668,0.0392526840752913,0.0024231768231768236,0.000909080919080919,0.0,0.0015140925740925741,0.0,0.37516130051849783,0.0,0.6248386994815022,0.0,0.6415411948051948,1908.8495837640107,0.36226492017566514,0.016424572283378357,0.024164219436894938,0.07667506144992083,3.894813236536161e-05,0.3161306224546436,0.18979611128645452,0.014390629004305128,0.00011491577637218198,0.004471059220336526
1120,6757,1.7512278304856217,0.0272177264822628,0.1214202155755556,0.002438794538794539,0.0,0.0,0.002438791208791209,0.0,0.0,0.0,1.0,0.0,0.643291316017316,1908.942722216433,0.3504756310957839,0.012645687299684922,0.01875633381928736,0.17057413064773402,0.00022573793708348115,0.37260493090682745,0.06239138461744073,0.01231711471714299,9.048959015156566e-06,0.004067785323445983
1121,693,1.3715924888901958,0.1572280925157494,0.1368888869642649,0.00243983682983683,0.0,0.0013036729936729938,0.0011361638361638362,0.0,0.0,0.5343279426436808,0.4656720573563191,0.0,0.6434081151515152,1908.9489376949423,0.326413231339702,0.011334986326863172,0.016467288066189245,0.06090873896641602,2.9762385507648127e-05,0.3762477102660043,0.19422095663778594,0.014156613620276074,0.00022071239125553976,0.0035550020398786852
1122,1810,1.569203022345958,0.0868968811298006,0.0091329736113117,0.002452061272061272,0.0,0.002452061272061272,0.0,0.0,0.0,1.0,0.0,0.0,0.6447779861471862,1909.021832059885,0.30544261328835104,0.010192697537748036,0.014472362178626647,0.00677037975993507,2.649170160811806e-06,0.35987612558023535,0.2676756170038603,0.01561607360125555,0.01995148187982726,0.0006209221610911086
1123,4469,1.32491382336123,0.0417784976812922,0.0468263649335448,0.0024567266067266067,0.0,0.0016996803196803198,0.0007570429570429571,0.0,0.0,0.6918485023463105,0.30815149765368943,0.0,0.6453007835497835,1909.0496497718095,0.3193196051695767,0.010948590006618053,0.015792474455602175,0.0311866770736774,1.3305075209999197e-05,0.3766385121956783,0.23047704719292184,0.014657583713006067,0.0009662051177093955,0.002121268901567941
1124,6580,1.7276052551382215,0.225457276605469,0.1290786339952191,0.0024784049284049285,0.0,0.0,0.0024784049284049285,0.0,0.0,0.0,1.0,0.0,0.6477300562770563,1909.1788975936654,0.3504756310957839,0.012645687299684922,0.01875633381928736,0.1705778929897192,0.0002261020317763019,0.372604936469959,0.06238762227545555,0.012316750622450167,9.043395883590044e-06,0.00406364776050494
1125,66,1.4726579531233477,0.0639205948537489,0.067910754851497,0.0025065934065934066,0.0009914185814185815,0.0008128638028638029,0.0007023110223110223,0.0,0.39552429157865365,0.3242902501560984,0.28018545826524777,0.0,0.6508888571428572,1909.3469294179927,0.34830105015804724,0.015834201797882134,0.023068498215493036,0.015013487218744272,5.873143776439573e-06,0.3117179279585908,0.26672802006445745,0.015523586243648684,0.003807355199359763,0.0012098328573777462
1126,6131,1.4919744525625347,0.047309770094323,0.0407029491048471,0.0025093173493173494,0.0,0.0,0.0025093173493173494,0.0,0.0,0.0,1.0,0.0,0.6511941021645022,1909.36316507007,0.3504756310957839,0.012645687299684922,0.01875633381928736,0.1705808252998996,0.00022638647677256544,0.37260494081064605,0.06238468996527516,0.012316466177453904,9.03905519655801e-06,0.004060422323954205
1127,6184,1.7229651337922143,0.0299908228438516,0.1528485947951309,0.0025166133866133867,0.0,0.0,0.0025166167166167167,0.0,0.0,0.0,1.0,0.0,0.6520116961038962,1909.4066504433908,0.3504756310957839,0.012645687299684922,0.01875633381928736,0.17058151689814768,0.00022645365081601937,0.37260494183504034,0.06238399836702707,0.012316399003410451,9.038030802266395e-06,0.004059661502874068
1128,6453,2.6930132025560414,0.2973088841813208,0.1902799300213745,0.0025178521478521477,0.0,0.0,0.002517852147852148,0.0,0.0,0.0,1.0,0.0,0.6521505116883117,1909.4140334026376,0.3504756310957839,0.012645687299684922,0.01875633381928736,0.17058163430281312,0.00022646505745542827,0.3726049420089668,0.06238388096236164,0.012316387596771042,9.037856875782069e-06,0.0040595323437162545
1129,5401,1.540382143794505,0.0972713388149888,0.0043141936586256,0.0025230169830169832,0.0,0.00038739593739593736,0.002135621045621046,0.0,0.0,0.1535447204690218,0.8464552795309782,0.0,0.6527292831168832,1909.444814872528,0.34356104896466516,0.012269043672374951,0.018098552591224892,0.138252903138879,0.00011863686793748178,0.37369856882158,0.10108172106292188,0.012896499403631929,2.3025476784732657e-05,0.004685253475429585
1130,5074,1.6452589884950652,0.0549799463695139,0.0805503812768213,0.0025368897768897774,0.0,0.0,0.002536886446886447,0.0,0.0,0.0,1.0,0.0,0.6542838683982685,1909.5274885332185,0.3504756310957839,0.012645687299684922,0.01875633381928736,0.1705834379258025,0.0002266404112447572,0.37260494468171274,0.06238207733937226,0.012316212242981713,9.03518412986859e-06,0.004057548021445645
1131,6457,1.9920633264057248,0.4389197412910855,0.0241430127583354,0.0025413686313686314,0.0,0.0,0.0025413686313686314,0.0,0.0,0.0,1.0,0.0,0.6547857688311689,1909.554178104639,0.3504756310957839,0.012645687299684922,0.01875633381928736,0.17058386206566947,0.00022668168011279617,0.37260494531047145,0.06238165319950528,0.012316170974113675,9.034555371156827e-06,0.004057081355193337
1132,6158,1.131558950734368,0.1873951695619143,0.1224337590859976,0.0025477122877122877,0.0,0.0,0.0025477156177156177,0.0,0.0,0.0,1.0,0.0,0.655496638961039,1909.5919785952688,0.3504756310957839,0.012645687299684922,0.01875633381928736,0.17058446267757998,0.00022674014105338578,0.3726049462009931,0.06238105258759477,0.012316112513173084,9.033664849500411e-06,0.004056420501298841
1133,1615,1.5066190983526788,0.0584916149340255,0.1200987458545664,0.0025493606393606396,0.0008955311355311356,0.0009397069597069597,0.0007141225441225442,0.0,0.35127675610294506,0.3686049534139788,0.28011829048307607,0.0,0.6556813532467533,1909.6018004884327,0.34491496479100164,0.015279806399040925,0.022240834670357156,0.016019498397367125,6.3160635246675685e-06,0.31909542660812884,0.26360845651801973,0.015436924222038902,0.003397772330520965,0.0012693287390548313
1134,5899,1.8895005824005016,0.4206454373614564,0.0640133646404821,0.0025745321345321346,0.0,0.0,0.0025745288045288042,0.0,0.0,0.0,1.0,0.0,0.658502070995671,1909.751773313283,0.3504756310957839,0.012645687299684922,0.01875633381928736,0.17058700038429442,0.00022698742652370508,0.37260494996560467,0.06237851488088034,0.012315865227702765,9.029900237933486e-06,0.00405362797989095
1135,6828,1.5851978542654563,0.0784260541969297,0.1282486739517308,0.0026046953046953048,0.0,0.0,0.002604695304695305,0.0,0.0,0.0,1.0,0.0,0.6618821558441559,1909.9314510775366,0.3504756310957839,0.012645687299684922,0.01875633381928736,0.17058985140028157,0.00022726577611987647,0.37260495419884215,0.06237566386489318,0.012315586878106594,9.02566700045071e-06,0.004050490147832653
1136,6427,1.8656938012588504,0.0584208825071245,0.1459691170445082,0.002611821511821512,0.0,0.0,0.002611824841824842,0.0,0.0,0.0,1.0,0.0,0.6626807186147187,1909.9738952130556,0.3504756310957839,0.012645687299684922,0.01875633381928736,0.17059052449837755,0.00022733157446233628,0.3726049551988589,0.0623749907667972,0.012315521079764134,9.024666983714624e-06,0.004049749251360812
1137,6832,1.7241683227139335,0.0413216279268767,0.0235571950040087,0.0026175291375291378,0.0,0.0,0.0026175291375291378,0.0,0.0,0.0,1.0,0.0,0.6633203151515152,1910.0078886236531,0.3504756310957839,0.012645687299684922,0.01875633381928736,0.1705910634767441,0.00022738428477509995,0.37260495599978416,0.06237445178843065,0.01231546836945137,9.023866058444074e-06,0.004049155960830886
1138,6197,1.8194722083335904,0.0703151285497811,0.1053132796537358,0.002672920412920413,0.0,0.0,0.002672917082917083,0.0,0.0,0.0,1.0,0.0,0.6695274614718615,1910.337715024353,0.3504756310957839,0.012645687299684922,0.01875633381928736,0.17059628817691377,0.00022789629587633187,0.3726049637712469,0.06236922708826098,0.012314956358350138,9.01609459569297e-06,0.004043403706634474
1139,4541,1.6095365705816695,0.0861872734384991,0.0498628818854834,0.002694935064935065,0.0,0.0008761305361305362,0.0018188045288045288,0.0,0.0,0.3251026518338937,0.6748973481661062,0.0,0.6719944233766234,1910.4687644870176,0.3358352775865045,0.011848213823157849,0.017363603278527366,0.10287380464490128,6.538943118648397e-05,0.3749005150288497,0.14357712515482177,0.01347743675483505,5.8634297215975906e-05,0.004614809957153243
1140,1124,1.3726455302787737,0.0649401397725037,0.0719016752489411,0.0027007192807192806,0.0,0.0027007226107226105,0.0,0.0,0.0,1.0,0.0,0.0,0.6726426025974026,1910.5031935005961,0.30544261328835104,0.010192697537748036,0.014472362178626647,0.006760055654885214,2.671008775225515e-06,0.35988349291890487,0.26768594110891014,0.015616051762641135,0.019944114541157743,0.0006164897501874655
1141,6105,1.4089316402247556,0.0269398949711276,0.0979700884626339,0.0027257142857142857,0.0,0.0,0.0027257142857142857,0.0,0.0,0.0,1.0,0.0,0.6754435428571428,1910.651953219433,0.3504756310957839,0.012645687299684922,0.01875633381928736,0.17060125782265098,0.00022838508967941158,0.3726049711760583,0.062364257442523774,0.01231446756454706,9.008689784317792e-06,0.0040379304574714725
1142,6022,1.117529114583273,0.3617009324848032,0.021611696276965,0.002732460872460872,0.0,0.0,0.0027324642024642025,0.0,0.0,0.0,1.0,0.0,0.6761995653679653,1910.6921014818297,0.3504756310957839,0.012645687299684922,0.01875633381928736,0.1706018921923082,0.00022844760890530042,0.37260497212217003,0.06236362307286655,0.01231440504532117,9.007743672573287e-06,0.0040372316763649385
1143,4971,1.4686910034278584,0.0363849505186289,0.1217433345298043,0.0027486147186147184,0.0020003996003996006,0.0,0.0007482151182151182,0.0,0.7277846497918002,0.0,0.2722153502081998,0.0,0.6780097653679653,1910.78822350231,0.3733459634366662,0.01997643938061609,0.029247224363928133,0.009153117416585085,3.483794255370675e-06,0.25462010184526734,0.288810848261839,0.016199472167032304,0.008643349333810502,0.0008317512314987008
1144,6705,1.2684583986454088,0.0936150987416229,0.0635200744764252,0.0028244555444555445,0.0,0.0,0.002824455544455545,0.0,0.0,0.0,1.0,0.0,0.6865084883116883,1911.2393585754776,0.3504756310957839,0.012645687299684922,0.01875633381928736,0.17061052634787202,0.00022930136604283914,0.3726049850195412,0.062354988917302734,0.01231355128818363,8.994846301402237e-06,0.004027717968921207
1145,4460,1.562475269475098,0.0732151057230156,0.1002665549818306,0.0028322710622710624,0.0009081751581751582,0.0005365301365301365,0.0013875657675657678,0.0,0.3206526275938208,0.18943460026736236,0.48991277213881684,0.0,0.6873842952380953,1911.2858348020773,0.352021195891718,0.015410841965224052,0.022566953837107974,0.05246025981497285,2.4216947345203484e-05,0.325520965931449,0.21700058152390775,0.014713906734241992,0.0002810773540332101,0.003394305504976436
1146,5114,1.7038174814397995,0.0948663112920496,0.1336773911676389,0.0028902997002997,0.0,0.0006432034632034633,0.0014931601731601732,0.0007539393939393939,0.0,0.2225384177575413,0.5166102507264176,0.26085133151604106,0.6938869844155844,1911.6308298079198,0.3372209675830544,0.01229859933971303,0.018016992512994545,0.15600466447137634,0.00014782766316756362,0.36258601641413934,0.09984281351095592,0.013865153739945167,1.6964764653626396e-05,0.005453782258698525
1147,5076,1.4725417673887973,0.0897729286357019,0.0513845443444661,0.002995977355977356,0.000582017982017982,0.000901941391941392,0.0015120213120213121,0.0,0.19426626638197697,0.30105046943790825,0.5046832641801148,0.0,0.7057292225108225,1912.2587410817525,0.34302315721280974,0.013863998237632054,0.020266956961065785,0.060547660797476324,2.9570496287095424e-05,0.3453862049542751,0.20225549403757503,0.014416259187921387,0.00021069811495749713,0.0036479098556959633
1148,1471,1.3943259786689703,0.0590081465291791,0.0256477192728159,0.0030113586413586415,0.002252683982683983,0.0007586713286713287,0.0,0.0,0.7480631641804248,0.25193683581957516,0.0,0.0,0.7074528493506493,1912.3500932542677,0.3626377313707452,0.019562700172065402,0.028460245400959105,0.004146097175068333,1.5860617786573179e-06,0.2274097718778945,0.30607940397351185,0.017078277603423498,0.03462418636455347,0.000485831857238328
1149,5855,1.8345003727533429,0.0802953251961063,0.113107497922092,0.003022890442890443,0.0,0.0,0.003022890442890443,0.0,0.0,0.0,1.0,0.0,0.708745103030303,1912.4185760401406,0.3504756310957839,0.012645687299684922,0.01875633381928736,0.17062904963832765,0.00023115096060777836,0.37260501281682035,0.06233646562684711,0.012311701693618692,8.96704902225709e-06,0.004007289489342258
1150,2010,1.4424188776195723,0.0338281289664662,0.0359867233012488,0.00307984348984349,0.0005921478521478522,0.0009663103563103564,0.0015213886113886114,0.0,0.1922653582418438,0.31375273279286564,0.49398190896529054,0.0,0.7151272614718616,1912.7567143401993,0.3423882582482082,0.013812685180235627,0.020183698078405782,0.05854175799864192,2.8414200406925033e-05,0.34576162691926837,0.20460959172131638,0.01444642322475607,0.00022754442876077308,0.0035555201109006562
1151,519,1.3493756334397895,0.0817242090995149,0.0582473301451791,0.003114575424575425,0.0015293806193806196,0.0015851914751914753,0.0,0.0,0.49104036539913143,0.5089596346008686,0.0,0.0,0.7190193220779222,1912.9628548270452,0.3429863836904069,0.016343313872916626,0.023654227584577678,0.004891758591891534,1.9047639483577366e-06,0.27300470107978353,0.2930404646674341,0.016575933751618106,0.02950131199742312,0.0005251689963636785
1152,5182,1.6918180651467707,0.066404854230703,0.0679930466420591,0.003122830502830503,0.0,0.0,0.003122830502830503,0.0,0.0,0.0,1.0,0.0,0.7199443861471861,1913.0118426820857,0.3504756310957839,0.012645687299684922,0.01875633381928736,0.17063832682184982,0.00023208665206991526,0.372605026804882,0.06232718844332494,0.012310766002156555,8.953060960603665e-06,0.003997048638234801
1153,6217,1.4358098566289093,0.1517587940505021,0.0251492609973782,0.0031307192807192804,0.0,0.0,0.003130722610722611,0.0,0.0,0.0,1.0,0.0,0.7208284025974026,1913.058654096171,0.3504756310957839,0.012645687299684922,0.01875633381928736,0.1706390576418632,0.0002321606298208273,0.37260502790869376,0.06232645762331154,0.012310692024405642,8.951957148839451e-06,0.003996241632846953
1154,5868,1.5220514148149475,0.1195765003610613,0.0228561024662839,0.003131498501498502,0.0,0.0009416150516150517,0.00218988677988678,0.0,0.0,0.30069120258616105,0.6993087974138389,0.0,0.7209157220779221,1913.0632777895692,0.3369345988151829,0.011908094858236578,0.01746818123481208,0.10790608649781824,7.239501361387411e-05,0.37473220016621495,0.1375322446330297,0.013395344725149262,5.085405594235093e-05,0.004621885214156074
1155,246,1.4507307468046184,0.0283735953028268,0.0861203933112926,0.0031711555111555113,0.0010336230436230436,0.0021375357975357977,0.0,0.0,0.32594489755843487,0.6740551024415651,0.0,0.0,0.7253596865800866,1913.2985579726144,0.3303635795875447,0.01427538025092628,0.02056714051055752,0.005433758533174445,2.1408642833197992e-06,0.3022604282820853,0.2846020272348252,0.016253227904086023,0.02624231683251721,0.0005506136604559453
1156,6657,1.7717978912842847,0.0847287206922112,0.1287385390611958,0.0031711988011988014,0.0,0.0,0.0031711988011988014,0.0,0.0,0.0,1.0,0.0,0.7253645376623377,1913.2988147704937,0.3504756310957839,0.012645687299684922,0.01875633381928736,0.17064280429205061,0.0002325405041229891,0.3726050335718783,0.06232271097312414,0.01231031215010348,8.946293964307017e-06,0.003992103781988221
1157,5650,1.8829936317940257,0.1337721757962062,0.0803592011027067,0.00318011322011322,0.0,0.0,0.0031801132201132202,0.0,0.0,0.0,1.0,0.0,0.7263634874458874,1913.3516936773215,0.3504756310957839,0.012645687299684922,0.01875633381928736,0.1706436286192758,0.0002326242218221102,0.37260503481885066,0.062321886645898966,0.01231022843240436,8.945046991948313e-06,0.003991193243119251
1158,1144,1.212997036190811,0.0804112075340892,0.0262299953980567,0.0031822977022977024,0.0015368231768231769,0.0010945321345321346,0.0,0.000550942390942391,0.48292878938182,0.3439439791386751,0.0,0.17312723147950493,0.7266082805194805,1913.3646511591958,0.348016831368162,0.016798331555032176,0.02438625958835202,0.013030232371459,5.1957928485242335e-06,0.2899742198004358,0.28639277124081786,0.016545704951646735,0.004850453331245841,0.001143780960811247
1159,2928,1.4355363645778154,0.0577828863809796,0.0493045092762858,0.0032294139194139196,0.0013052547452547453,0.0014213186813186814,0.0005028371628371628,0.0,0.40417739061571967,0.4401170560285092,0.15570555335577113,0.0,0.7318881238095238,1913.6440763467187,0.343356939613649,0.01563723984773887,0.02269703239815616,0.007884832210291844,3.1074220806077086e-06,0.3019794566674332,0.27943403506566067,0.015926137494793578,0.013081219280196177,0.0007056276982794207
1160,6565,1.83147871826056,0.1259200440956425,0.0795904876725014,0.0032803296703296705,0.0,0.0,0.0032803310023310026,0.0,0.0,0.0,1.0,0.0,0.7375937428571429,1913.9459284633651,0.3504756310957839,0.012645687299684922,0.01875633381928736,0.17065287686712155,0.0002335669128882997,0.3726050488330343,0.062312638398053205,0.012309285741338171,8.931032808301431e-06,0.003980974275839988
1161,6576,1.3153282911334487,0.2366445638039458,0.0236820212052391,0.003298917748917749,0.0,0.0005944222444222444,0.0027044955044955047,0.0,0.0,0.18018704607511116,0.8198129539248888,0.0,0.739676722943723,1914.0560996518436,0.3423612646412147,0.012203690320429025,0.01798441762388716,0.1327868892073765,0.00011106116343469426,0.37388744671802737,0.107652871488808,0.012986023441318929,2.6335395503618297e-05,0.004640948445454818
1162,1969,1.62546792000724,0.0823246808000713,0.0978358329141696,0.003307079587079587,0.0033070829170829172,0.0,0.0,0.0,1.0,0.0,0.0,0.0,0.7405913385281385,1914.1044700583811,0.38190021850282097,0.022718381307491074,0.03317116181496154,0.0034794542182614713,1.3300878753335086e-06,0.18268905434373583,0.31879606563665513,0.017570624661467135,0.03967370942673151,0.0004389934743586066
1163,5719,1.773898880809832,0.0414073970865247,0.1418822806061173,0.0033387612387612386,0.0,0.0,0.003338771228771229,0.0,0.0,0.0,1.0,0.0,0.7441415844155844,1914.2922016429711,0.3504756310957839,0.012645687299684922,0.01875633381928736,0.1706582531126484,0.00023411785181700899,0.37260505700034846,0.062307262152526355,0.012308734802409462,8.922865494143117e-06,0.003975030756756093
1164,6734,1.68368124612073,0.065128913722722,0.1023130620391409,0.003353046953046953,0.0,0.0,0.0033530569430569434,0.0,0.0,0.0,1.0,0.0,0.7457424415584415,1914.3768385322885,0.3504756310957839,0.012645687299684922,0.01875633381928736,0.170659565743651,0.00023425269457508837,0.372605058996725,0.06230594952152377,0.01230859995965138,8.920869117579056e-06,0.003973579290242224
1165,6054,1.8746651564661267,0.0334289575487309,0.102008386872796,0.00343966033966034,0.0,0.0,0.003439666999667,0.0,0.0,0.0,1.0,0.0,0.7554483376623378,1914.8898004697107,0.3504756310957839,0.012645687299684922,0.01875633381928736,0.17066750913845571,0.00023507146526527677,0.37260507109713176,0.06229800612671904,0.012307781188961192,8.908768710846893e-06,0.003964792923933924
1166,6969,1.790690779381694,0.1351323574614012,0.0975525666045494,0.003547852147852148,0.0,0.0,0.003547862137862138,0.0,0.0,0.0,1.0,0.0,0.7675723116883117,1915.5301102249841,0.3504756310957839,0.012645687299684922,0.01875633381928736,0.1706773954142774,0.00023609718457656977,0.3726050862036748,0.062288119850897355,0.0123067554696499,8.893662167830385e-06,0.003953850715714857
1167,6113,1.4283675919450656,0.1067207936544985,0.0849812344335044,0.0035725274725274727,0.0007710656010656011,0.0,0.0028014518814518815,0.0,0.21583256200673548,0.0,0.7841674379932645,0.0,0.7703374285714286,1915.6760759695333,0.35725808030584927,0.014819702653699616,0.021867523076480135,0.11589833506509242,8.070494152892196e-05,0.3401454311050997,0.1363431873035196,0.013547591702479876,3.944384625037545e-05,0.0049314350220973635
1168,6912,1.6033767949876931,0.1974640156381114,0.1374597164110197,0.0036610389610389612,0.0,0.0,0.003661048951048951,0.0,0.0,0.0,1.0,0.0,0.780256025974026,1916.1994483242045,0.3504756310957839,0.012645687299684922,0.01875633381928736,0.1706876953635242,0.00023717379008783506,0.37260510199751357,0.062277819901650544,0.012305678864138634,8.87786832903803e-06,0.003942442573279248
1169,1776,1.6385062387054987,0.0958673749967501,0.0723233750072343,0.0037854145854145853,0.0015084015984015986,0.001624072594072594,0.0,0.0006529437229437229,0.39847690059739915,0.4290338954274469,0.0,0.17248920397515397,0.7941935584415585,1916.934323408417,0.3415390178385741,0.015738462582504182,0.022803853900478007,0.014604301389898829,6.020529748276376e-06,0.3041813656383556,0.28077248486998896,0.016379966969736762,0.003974526280715374,0.0012288985209542025
1170,5183,1.2922785710171847,0.0289861213394464,0.0625889774763673,0.003793573093573094,0.0005403230103230103,0.0013156743256743258,0.0019375757575757577,0.0,0.14243115843435364,0.34681665364594766,0.5107521879196988,0.0,0.7951078008658009,1916.9825050609095,0.33933327094393756,0.013229615075108805,0.019323701760615097,0.06395308811605452,3.2945606991471026e-05,0.35352908151890416,0.19611907634758888,0.014292970865620376,0.00018624976517922498,0.0036733458031068533
1171,2778,1.3988723345310607,0.0725467640142661,0.1209278616458665,0.0038347652347652346,0.002843849483849484,0.000990919080919081,0.0,0.0,0.7415961187272108,0.2584038812727893,0.0,0.0,0.7997237922077922,1917.225730000203,0.36214327656257933,0.01948169600579389,0.028339319413790382,0.0041408250229105995,1.6361954603833552e-06,0.2285747646183617,0.3057753604258338,0.01706559582975985,0.03447752592551015,0.00047528971830917977
1172,4562,1.132662268749839,0.0493088495201783,0.1530875484974693,0.0038767565767565773,0.001261165501165501,0.0015882317682317682,0.0010273493173493175,0.0,0.3253154347196799,0.4096816061337225,0.2650029591465976,0.0,0.804429341991342,1917.4735996454228,0.3422493353445931,0.014917545344132813,0.02169063547273232,0.01500029769097708,6.218107034826167e-06,0.3228476780086229,0.26401293082568117,0.015432806491383034,0.0038425527148427396,0.0011581190051822565
1173,3948,1.5986001116257023,0.0700698722392137,0.0683458968333601,0.003922344322344323,0.0,0.0014591641691641692,0.0024631934731934734,0.0,0.0,0.3720120147654608,0.6279879852345392,0.0,0.8095379047619048,1917.7426135106148,0.33372280741027194,0.011733145636147732,0.017162644898047072,0.09345944971215986,5.840235269461418e-05,0.37522250841357435,0.15493730304875816,0.01362871094098454,7.502758736177562e-05,0.004341880194496883
1174,5607,2.0225993496008243,0.2291564290291696,0.1634059957088815,0.003934665334665335,0.0,0.0,0.003934652014652014,0.0,0.0,0.0,1.0,0.0,0.8109185974025974,1917.8153047901608,0.3504756310957839,0.012645687299684922,0.01875633381928736,0.17071241569127016,0.0002397914168145406,0.3726051401356169,0.0622530995739046,0.01230306123741193,8.839730225695952e-06,0.0039150283425999355
1175,1936,1.73330206459895,0.2130428874540609,0.0085569730611109,0.003942024642024642,0.0,0.0008565234765234766,0.0030854845154845156,0.0,0.0,0.2172810096427983,0.7827189903572017,0.0,0.8117432813852814,1917.8587200157392,0.3406908115193228,0.012112699207567829,0.017825508135923485,0.1251594736486261,9.987045300040573e-05,0.3741494753068719,0.11681896251703835,0.013111310365819195,3.188884582994156e-05,0.004598910424018499
1176,4455,1.4512695683951122,0.0571453417187911,0.0763916186848886,0.004006493506493507,0.0016255477855477856,0.0,0.002380955710955711,0.0,0.4057272848922788,0.0,0.5942727151077211,0.0,0.8189676623376624,1918.238946809824,0.3632254436233011,0.016732454091022836,0.024604822844161454,0.06946519490385211,3.605954104630123e-05,0.31151197197222885,0.19973582603723555,0.014547237051677653,0.00014098993547406735,0.004085993781380637
1177,173,1.4977797617993687,0.0338671646777246,0.0355292415825846,0.004060672660672661,0.0017821878121878124,0.002278501498501499,0.0,0.0,0.4388880004920352,0.5611119995079649,0.0,0.0,0.8250389783549784,1918.5583499484173,0.3389989387633392,0.015690069842246097,0.022679040962618864,0.005025690518021217,2.0362006418103456e-06,0.28227212408982844,0.29041210999972394,0.016473936648063646,0.02844605297551689,0.0005188955595913924
1178,793,1.2341888230503728,0.0713009586124101,0.1002288562246463,0.0040841824841824845,0.0014376223776223778,0.0026465567765567768,0.0,0.0,0.35199787358772555,0.6480021264122745,0.0,0.0,0.8276734891774893,1918.696908931667,0.3323555277434542,0.014601711589929872,0.021054299889259463,0.005311886043826113,2.165027463648859e-06,0.29766912116375144,0.28597000114275895,0.01630409124680625,0.026731196152750047,0.0005320626300570064
1179,6311,1.6913065590510663,0.0749695323718195,0.0674603082813033,0.00410962370962371,0.0,0.0,0.00410961038961039,0.0,0.0,0.0,1.0,0.0,0.830524432900433,1918.8468244856672,0.3504756310957839,0.012645687299684922,0.01875633381928736,0.17072808976411585,0.00024147627363891853,0.3726051644891374,0.0622374255010589,0.012301376380587552,8.815376705217925e-06,0.003897620705888949
1180,6883,1.7112838058287836,0.1225521626423729,0.0360855864481076,0.00411908091908092,0.0,0.0,0.004119077589077589,0.0,0.0,0.0,1.0,0.0,0.8315842077922079,1918.9025452448057,0.3504756310957839,0.012645687299684922,0.01875633381928736,0.17072893408801643,0.00024156759500435553,0.3726051658048246,0.06223658117715833,0.012301285059222114,8.814061017992092e-06,0.0038966824292484548
1181,6391,1.2790356516023342,0.0829318177897929,0.05721991211588,0.004125308025308025,0.0,0.0,0.0035055444555444557,0.0006197502497502497,0.0,0.0,0.8497682483254307,0.1502317516745693,0.8322820173160173,1918.9392325429053,0.34861360371815137,0.012760179897104477,0.01887958655844801,0.18949978973482853,0.00033469088049030074,0.36591823642017224,0.05132770545921281,0.012660628288775368,5.579042816949986e-06,0.003955876991816876
1182,4105,1.529863290824575,0.0684533448602788,0.1486420494553968,0.004219280719280719,0.0,0.0021633200133200133,0.002055957375957376,0.0,0.0,0.512722870228381,0.48727712977161897,0.0,0.8428125974025973,1919.4926772035772,0.32738617295051115,0.01138798334830381,0.016559843583710813,0.06529254112459103,3.497899598921132e-05,0.37612959790201345,0.18894096567301172,0.014084942613172568,0.0001829738086963073,0.003570502997907732
1183,2172,1.5291591405593403,0.0797423351731802,0.0294571948673473,0.0043004995004995005,0.0016132067932067933,0.0016097469197469197,0.0010775424575424576,0.0,0.3751210858584881,0.37431655695700683,0.25056235718450504,0.0,0.851913974025974,1919.9707065306761,0.34540705227150476,0.015505972531474448,0.022560078234854414,0.012729073472902844,5.308087034344519e-06,0.3137561319461847,0.26926533870748487,0.0155754159179187,0.005195628830640897,0.0010044326877531873
1184,1127,1.6673438983438387,0.0333584294826571,0.1007822026624231,0.004325940725940726,0.0009371095571095572,0.0033888344988344987,0.0,0.0,0.21662544521858146,0.7833745547814186,0.0,0.0,0.8547649177489178,1920.1203883199935,0.3220052760582821,0.012906079361035782,0.018522997974900743,0.005788011175822326,2.4010147577631195e-06,0.3216433728540234,0.27901907732217957,0.016039441503492013,0.024073342735506265,0.0005499936256693205
1185,3751,1.2754437209833005,0.0977539250959178,0.0659258505118254,0.004327605727605727,0.000756906426906427,0.0025886946386946387,0.000981998001998002,0.0,0.17490216054750082,0.5981826408264836,0.22691519862601553,0.0,0.8549514978354978,1920.130183290503,0.3290338898111522,0.01294008735046835,0.018714920910415184,0.01452466046689016,6.1773448234516886e-06,0.34635895924540433,0.25887427152513665,0.015256208240992683,0.004290825104717011,0.0010880496875659285
1186,4318,1.3983928091029896,0.0806038932012898,0.0632186334012364,0.004408791208791209,0.003427852147852148,0.000980932400932401,0.0,0.0,0.7775050265944993,0.22249497340550076,0.0,0.0,0.8640491428571428,1920.607643279836,0.3648887856639792,0.019931479630256384,0.029010772887160422,0.004027681652795805,1.6243024818029557e-06,0.22221315144234124,0.30760600973396396,0.017135746149877222,0.035184748537143956,0.0004617291315024974
1187,5684,1.3999648249737795,0.0465668353066108,0.081251874886209,0.004414385614385614,0.0007704928404928406,0.0,0.0029901498501498504,0.0006537595737595738,0.17454069528418245,0.0,0.6773623405964644,0.14809696411935322,0.8646760519480519,1920.6405342386734,0.3541249323923747,0.014516647977097742,0.021393809242415344,0.14448545517575623,0.00012853920807946782,0.3397734368370736,0.11181855187537221,0.013738133405318868,2.0493886511818715e-05,0.00525364739708567
1188,2992,0.6318897774493877,0.1395748763100595,0.1102490580449051,0.00444005994005994,0.0021836063936063934,0.0022564568764568767,0.0,0.0,0.4917962336999035,0.5082037663000967,0.0,0.0,0.867553116883117,1920.7914632101222,0.3430441755705415,0.016352781640223673,0.023668361414485275,0.0048464620573922465,1.986645076416582e-06,0.272902089224218,0.2931219140222791,0.016577328256626223,0.029484901169157696,0.0005051211624803598
1189,3103,1.3908840404549316,0.0400627035972221,0.0761048448431826,0.00446010656010656,0.002708767898767899,0.0008954978354978355,0.0008558474858474859,0.0,0.607331644979886,0.20077917113393437,0.19188918388617948,0.0,0.8697995411255411,1920.9092897288695,0.36051908546947775,0.018270643869623154,0.026650782742829133,0.007371436597531717,3.0082191602669504e-06,0.26939717173029004,0.2881632873618216,0.016211747935909814,0.013412836073356305,0.0006662399840920985
1190,1410,1.5567977770315047,0.1060071811727092,0.1197857202376546,0.0044912420912420915,0.0026852680652680655,0.0,0.001805967365967366,0.0,0.5978907377227857,0.0,0.40210926227721433,0.0,0.8732885887445888,1921.0922588992012,0.3692641008432115,0.018668057750868026,0.02737482596376806,0.025589554974583865,1.1073916910106344e-05,0.28163135324071803,0.260773584820777,0.015538632299048474,0.0011488161901149763,0.001908141491661075
1191,5497,1.180056753981966,0.4074661734191546,0.0184967507368762,0.004621944721944722,0.0017496336996336997,0.0,0.0028723076923076927,0.0,0.3785495209186948,0.0,0.6214504790813051,0.0,0.8879351255411255,1921.8598893398214,0.3623713936037854,0.016458700790700546,0.02421306005117521,0.07606069075057595,4.193412675881614e-05,0.3156228948494517,0.190713083965292,0.014404682716225019,0.00011355914603528028,0.004231736359820548
1192,894,1.0512631259366247,0.100540487709095,0.1258225300084235,0.00467006327006327,0.0008844622044622045,0.003164845154845155,0.0006207592407592408,0.0,0.18938963406851436,0.6776873706255111,0.13292299530597446,0.0,0.89332729004329,1922.1423122121253,0.3259088147763057,0.01289099094996914,0.018583159341555053,0.008791251231275048,3.7198547949911847e-06,0.3377517569925919,0.26919945156088854,0.015576070937022695,0.011294784355596887,0.0007199636768796536
1193,5313,1.72317791541483,0.067763235033942,0.0189161547355029,0.004698334998334998,0.0,0.0,0.004698318348318348,0.0,0.0,0.0,1.0,0.0,0.8964954199134199,1922.3082020776972,0.3504756310957839,0.012645687299684922,0.01875633381928736,0.17078008248160928,0.00024720974899007273,0.37260524624844277,0.062185432783565475,0.012295642905236397,8.733617399836469e-06,0.0038397309944335767
1194,5285,1.6401203230951487,0.0561725626518386,0.0493369644822241,0.0048255744255744255,0.0,0.002438867798867799,0.002386719946719947,0.0,0.0,0.5054032643169253,0.4945967356830748,0.0,0.9107538701298701,1923.0543847725503,0.3277157968938651,0.011405938266666023,0.016591200567856304,0.06678525858337424,3.691497442724619e-05,0.3760878130679774,0.18714462743664118,0.014060492477641878,0.00017195773155070926,0.0035716004113404143
1195,250,1.321322185389614,0.1630354342156487,0.04853827109347,0.004953446553446554,0.0015983383283383285,0.002602750582750583,0.0007523643023643024,0.0,0.3226715302361915,0.5254416405269973,0.1518868292368113,0.0,0.9250832207792208,1923.803586696551,0.3369532280468345,0.014606955924076605,0.021156611339903146,0.0083131574488968,3.5230055036942173e-06,0.3159842491858193,0.2752657259111362,0.015778267957892115,0.011938281179937615,0.0006972852427424847
1196,2329,1.3206795518055512,0.1233667478514851,0.1276196744154303,0.005003163503163504,0.0,0.0023052314352314356,0.002697945387945388,0.0,0.0,0.4607535405410083,0.5392464594589917,0.0,0.9306545021645022,1924.0946909679458,0.32972650869976294,0.011515463581961656,0.016782478718275665,0.07568758474223791,4.4231497656446296e-05,0.3758109140431772,0.17639020923677207,0.013915839203309554,0.00012677027684665498,0.0038300856330200084
1197,5750,1.5950498860089,0.1562826666329651,0.0456485761449488,0.005090675990675991,0.0008913286713286714,0.0006103996003996004,0.003588937728937729,0.0,0.17509077814416832,0.11990564698602171,0.70500357486981,0.0,0.9404611515151515,1924.6068426151094,0.3505780734218082,0.014115195807064673,0.020766564878621104,0.10165134125207026,6.824932805190888e-05,0.34711463258889225,0.15192527618416546,0.01372396692182151,5.669961750470742e-05,0.004558672126466212
1198,696,1.364665471316582,0.1541122323123126,0.0662773000277982,0.005215984015984016,0.0015727605727605728,0.002544059274059274,0.0010991774891774893,0.0,0.3015263374285926,0.4877416743490019,0.21073198822240555,0.0,0.9545031688311688,1925.3396216541591,0.33798649233544675,0.014486444498249585,0.02101331260860664,0.011117911429609544,4.801176614068537e-06,0.32395546673617653,0.2690086819141808,0.015554688253945447,0.006872201047170623,0.0008686634377828018
1199,5056,1.7017329800225671,0.0190433904103138,0.0611305326101706,0.005297369297369297,0.0,0.0,0.005297365967365968,0.0,0.0,0.0,1.0,0.0,0.9636232034632035,1925.815192399664,0.3504756310957839,0.012645687299684922,0.01875633381928736,0.1708318211383747,0.0002531461347651126,0.3726053291402826,0.06213369412680006,0.012289706519461357,8.650725559999906e-06,0.0037818901682133976
1200,57,1.384658726806599,0.0195828696150872,0.0284797058173561,0.005319147519147519,0.0008015651015651017,0.0032754212454212455,0.0012421744921744923,0.0,0.150693901877116,0.6157778161748502,0.23352828194803374,0.0,0.966063670995671,1925.9424048089097,0.3274807914258046,0.012653084183430714,0.018290585793401946,0.015653544855415764,6.9548597203002305e-06,0.3507428770746141,0.2563132037891522,0.015187805395758251,0.003671152622702123,0.0011293075703822097
1201,15,0.7521247869920817,0.0838157100379993,0.1392946985159059,0.005367032967032967,0.0007454678654678655,0.0038872427572427576,0.0007343156843156843,0.0,0.1388977476208617,0.7242824116874044,0.1368198406917339,0.0,0.9714297142857142,1926.2220459545003,0.32222381276340695,0.012268104469223188,0.017655715648730457,0.009358610169311662,4.086413669351998e-06,0.3468692183668711,0.26605544675116277,0.015465095820639598,0.01009990959698498,0.0007375754561091963
1202,4070,1.3510687335482399,0.0303911236802216,0.0416546613512814,0.005411022311022311,0.0,0.0031895904095904097,0.0015228005328005328,0.0006986213786213787,0.0,0.5894627881744842,0.2814261809915153,0.12911103083400055,0.9763591601731602,1926.4788492036616,0.3223300934345474,0.011298137473615995,0.01633701688436029,0.06550151891308556,3.648904088314025e-05,0.37093353642833893,0.1986718797003951,0.014708329924014333,0.00018299820075934337,0.003715754854674458
1203,6342,1.6688281073073348,0.0745725843892011,0.1172628195273884,0.005683050283050283,0.0,0.0,0.005683050283050283,0.0,0.0,0.0,1.0,0.0,1.0068426147186147,1928.0650912699707,0.3504756310957839,0.012645687299684922,0.01875633381928736,0.17086452144085784,0.0002570233661754597,0.3726053823453039,0.062100993824316914,0.01228582928805101,8.597520538722314e-06,0.00374520622427732
1204,6123,1.5006877921656576,0.1179901452887363,0.025094288534845,0.0057692307692307696,0.0013711255411255412,0.0,0.004398121878121879,0.0,0.23766107457121335,0.0,0.7623389254287867,0.0,1.0165000000000002,1928.566972484973,0.3579440323068973,0.015039574581407153,0.022182177330498494,0.11070425477764514,8.038549436131352e-05,0.3368615376489279,0.14348677214828767,0.013657688967918767,4.357674405625067e-05,0.004670921611627743
1205,4112,1.0385166620348916,0.1761408870342079,0.0299864649049171,0.005771062271062272,0.0035693140193140196,0.0015231068931068933,0.0006786446886446887,0.0,0.6184843954390262,0.26392125794336113,0.11759434661761252,0.0,1.0167052380952382,1928.5776350271044,0.35802607733142255,0.01822809521985264,0.02654104881315259,0.005756447631389322,2.464228071351648e-06,0.26110351742335125,0.2933934926863408,0.01646259710565322,0.020486259560766107,0.000544288048757946
1206,3800,1.588626178084751,0.0517596910218223,0.1353778207758063,0.005964302364302365,0.0018406127206127207,0.0025180253080253085,0.0016056776556776558,0.0,0.30860417490190295,0.42218176255273343,0.26921406254536356,0.0,1.038359722943723,1929.7018345673737,0.34116127113315464,0.014718555181784956,0.021396195221265173,0.015735222851262047,7.094006784030109e-06,0.32588144002360814,0.2623040354814388,0.015386336817461651,0.003409849283240507,0.0011473438054758756
1207,1959,1.6402505533727274,0.1457826149844495,0.146359193794433,0.005985381285381286,0.0007605527805527806,0.0019930502830502834,0.0032317882117882117,0.0,0.12706818076869367,0.3329857968090807,0.5399460224222257,0.0,1.0407218268398268,1929.8243686301614,0.33947334093167736,0.013108795452253501,0.0191614980785184,0.07054323931892693,4.0975159377645657e-05,0.35578011353396005,0.18758314693775252,0.014165137410828957,0.00014375317670473065,0.0037031215366214454
1208,3020,1.3655524134114563,0.0340468909731587,0.0324961479586126,0.0061482850482850486,0.0007171328671328671,0.005431168831168832,0.0,0.0,0.11663917978048403,0.883360820219516,0.0,0.0,1.0589768225108225,1930.770713856051,0.31436056564854686,0.011653683018840587,0.016653374831088363,0.006109081493851052,2.7350075848405223e-06,0.33937876007252643,0.27391571161258443,0.015843811139657833,0.02208227717531963,0.000537731566331634
1209,3887,1.3119825525765247,0.125511052601499,0.0629660486105171,0.0062288711288711295,0.0041829803529803535,0.0007192707292707292,0.0013266167166167166,0.0,0.6715474606381404,0.11547375100840457,0.21297878835345507,0.0,1.0680072987012987,1931.2384431604376,0.3663786014851284,0.01912672345341609,0.027941888680757213,0.007406485514016618,3.2228969062648893e-06,0.2599348348335467,0.2903248433352604,0.016272092758631885,0.01261130704233654,0.00064497379380557
1210,3324,1.7952998838298937,0.0911919590681204,0.0351134653642553,0.006653779553779554,0.0032394305694305697,0.0023964302364302362,0.001017918747918748,0.0,0.48685571008893314,0.3601607503015319,0.15298353960953492,0.0,1.1156225367965367,1933.7001278903222,0.3495557454302214,0.01666616526022276,0.0242313566985603,0.0070967076091348665,3.1703888739789206e-06,0.2873669479041424,0.28428953469803653,0.016095937026217103,0.01469443498459061,0.0006072477965637368
1211,1642,1.51895022110711,0.0333536763876814,0.1061780130164459,0.0066652680652680655,0.0014571894771894772,0.003458085248085248,0.00175,0.0,0.21862406836192572,0.5188211125000125,0.2625548191380618,0.0,1.1169099393939395,1933.7665804451485,0.33398172184322006,0.013575157765797059,0.01968514722791294,0.01717930573909418,8.041717931033218e-06,0.3405896585142025,0.25683247563306266,0.015230120052643185,0.0029183715061363302,0.001200329227386998
1212,6922,1.3777578756304891,0.1272018219723114,0.0222121732583869,0.0066908424908424914,0.0,0.0007305061605061605,0.005960339660339661,0.0,0.0,0.10917994227728502,0.890820057722715,0.0,1.1197758095238095,1933.9144896700086,0.3455589288109964,0.01237787001906988,0.018288610042842497,0.14795203032162227,0.00016597484522244717,0.373384799463112,0.08954232151920588,0.012712701130851243,1.676384707738343e-05,0.004125681960685856
1213,733,1.4666228572360882,0.0410073284167336,0.1110289498856167,0.006997635697635698,0.0015233699633699633,0.002041045621045621,0.0034332201132201133,0.0,0.21769780954511062,0.29167646177054235,0.490625728684347,0.0,1.1541550562770562,1935.6866783965254,0.3441816236432329,0.014123011346881365,0.020644876608441904,0.05709257148989632,3.191271809221363e-05,0.3417825411028796,0.2074144162209851,0.014502923358867426,0.00022612351072320847,0.0032109075997684977
1214,1698,1.145287231136134,0.1485019752327947,0.1019814539042459,0.007406093906093906,0.003253786213786214,0.0026072527472527475,0.0015450482850482851,0.0,0.43933943871715,0.3520418624058474,0.20861869887700266,0.0,1.1999268831168832,1938.0399967621488,0.34842818423042526,0.01620746394718934,0.023581198905239086,0.009240424974601404,4.278693794563593e-06,0.30010471493556834,0.2775653635391223,0.015830891896725433,0.00903747887733436,0.000724270098637958
1215,3413,1.3783809588257248,0.0920714578150911,0.0049746946525292,0.007514319014319015,0.003927039627039627,0.0015862903762903764,0.002000979020979021,0.0,0.5226082151180543,0.21110262715556116,0.2662891577263846,0.0,1.2120545887445888,1938.6623586402577,0.3573917902635046,0.017391927353404245,0.02538528368133701,0.011278759350865322,5.2471706226090225e-06,0.28968141119464613,0.2771175366251762,0.01581517981570697,0.005932864544737071,0.0008604207092020033
1216,2309,1.2580401469077382,0.119081238507018,0.0316375603390385,0.007534798534798536,0.0,0.006622057942057943,0.0009127372627372628,0.0,0.0,0.8788636933149305,0.12113630668506946,0.0,1.214349523809524,1938.7800733814315,0.3108977467444264,0.010489843657845358,0.014991306681119863,0.009974698282952835,4.7804032782009715e-06,0.369907940147104,0.25944650615258125,0.015241342822298807,0.009045835108393296,0.000721830028905468
1217,1788,1.5523859784642555,0.0827784258186538,0.0037360177720466,0.0076544122544122545,0.0028917615717615718,0.0009944555444555444,0.0037681851481851485,0.0,0.3777906454185277,0.1299194254632242,0.49228992911824804,0.0,1.2277534372294372,1939.4672527314135,0.3564968824538825,0.016132365849459332,0.023645549857114784,0.05087399060277016,2.791930791625115e-05,0.31651226569961455,0.22122112926293352,0.01481449635112457,0.0002754006151842181,0.0030061573928534813
1218,3424,1.4765835903833984,0.0561625112417021,0.0576873111347547,0.007762903762903763,0.00211016317016317,0.005133712953712954,0.000519030969030969,0.0,0.2718264105068589,0.6613132029370269,0.0668603865561142,0.0,1.2399109956709957,1940.0900164677169,0.32923673464814424,0.013761517039722598,0.019841617764448524,0.006450002210958708,3.0409132360953333e-06,0.3178889388528137,0.27822392110341954,0.01594096803059542,0.018653259436661185,0.0005421204338303953
1219,2451,1.3184647683011503,0.1033368603432074,0.1246671206520522,0.007806493506493507,0.0029965634365634367,0.002753832833832834,0.002056087246087246,0.0,0.38385573097491904,0.3527622684423878,0.2633820005826931,0.0,1.2447956623376624,1940.3400917442234,0.3466521895489409,0.015646826388051233,0.02277832460254227,0.013464024308440188,6.429641787024395e-06,0.31307754214665806,0.26841639680143914,0.01555192359328175,0.004406342968859389,0.0009731724916660633
1220,304,1.1796823501116,0.1101075223450768,0.0450713597320995,0.007832567432567434,0.002983549783549784,0.0024124575424575422,0.0024365634365634365,0.0,0.38091577771721774,0.30800328724585163,0.31108093503693046,0.0,1.2477175064935067,1940.4896403616706,0.3485754347280878,0.015727006461118978,0.022927691888128005,0.018829589692766373,9.16654520468941e-06,0.31535641901498,0.260931640086754,0.015396728552037945,0.0022463230309220927,0.0013017918644174786
1221,4246,0.9159456490692944,0.1212019383963097,0.0408142924716382,0.007883449883449883,0.0036041691641691643,0.0030896270396270397,0.0011896636696636697,0.0,0.457181138994924,0.39191257255313106,0.15090628845194504,0.0,1.253419393939394,1940.7813978056945,0.3471933539002367,0.01628937549087391,0.023667578954329603,0.007180710998355946,3.366579740894723e-06,0.2924412585686955,0.2828723761036659,0.016044168868919656,0.014307810535181986,0.0005926553807227286
1222,4769,1.674473971891895,0.060570716869242,0.0556040745117985,0.008002863802863802,0.0025524175824175824,0.002217565767565768,0.003232897102897103,0.0,0.3189373622967089,0.2770959507170454,0.4039666869862458,0.0,1.2668009177489177,1941.465685518766,0.3480196392316385,0.015178532227573403,0.0221666898435747,0.0364434346986654,1.916652398465675e-05,0.3261132592059392,0.23650045131412972,0.014979965841583844,0.0005788611129107779,0.0022637081972453066
1223,786,1.3104828880910928,0.0546681008715134,0.0905533685960211,0.008834165834165833,0.0036755444555444557,0.004003226773226774,0.0011553946053946054,0.0,0.416060160578989,0.45315277620716954,0.13078706321384145,0.0,1.3599566233766232,1946.2128405790413,0.3431433129380591,0.015724954865406305,0.022812475827727878,0.006917478090330764,3.3673088260945267e-06,0.298005100733847,0.28200336737527226,0.01602573345351974,0.015364209407010776,0.00056164754768806
1224,5001,0.9433652864200288,0.0839250983156591,0.0830861566471198,0.009236829836829838,0.0017031968031968035,0.0033666400266400267,0.004166986346986347,0.0,0.1843920545616187,0.36448029394862963,0.45112765148975165,0.0,1.4050791515151517,1948.5018845502932,0.33985642776367164,0.013608945613271068,0.01985289032670645,0.05087727240652143,3.014782480366592e-05,0.3472515898214514,0.21367511618761134,0.014561125341802561,0.00028648471416048427,0.0027878665533320746
1225,1955,1.1304138809289284,0.0451118780032577,0.0081543694738506,0.009634665334665334,0.0018484115884115887,0.004608707958707959,0.0031775457875457876,0.0,0.19185010835415742,0.4783464498892265,0.3298034417566162,0.0,1.4496605974025973,1950.7568464941749,0.33496305739882487,0.013404755792263677,0.019472597506427818,0.02798578155279253,1.5274030572190856e-05,0.3462077528235311,0.2419559088345954,0.014963743956404547,0.0010311281045879417,0.0017058140688935852
1226,3988,1.4150340499871683,0.0699035359018764,0.0805025012157628,0.009867565767565768,0.004572893106893107,0.0030463503163503164,0.002248315018315018,0.0,0.4634270102352577,0.3087238179933382,0.22784917177140415,0.0,1.47575941991342,1952.0738883569738,0.35113586849243095,0.0165563494039334,0.024113990379298178,0.009739913635310907,4.943490374195439e-06,0.29740419858722733,0.27742028266144125,0.01581812527819023,0.0078063280717936,0.0007156128331279321
1227,3593,1.6440008103606685,0.0525397484292031,0.0374655282490184,0.010931734931734933,0.001414868464868465,0.007081148851148852,0.002435717615717616,0.0,0.12942762276105763,0.6477607530157183,0.22281162422322406,0.0,1.5950102164502167,1958.063071588696,0.3253722192146108,0.012360421644582738,0.017847022043424646,0.014797677487728172,8.103396838743768e-06,0.35403450644522166,0.25659644729127706,0.015178081929470715,0.0038055205468454645,0.0009432909735448414
1228,1475,1.3988099613423288,0.0215099845423693,0.107671735122346,0.011662903762903763,0.0023371295371295373,0.004023906093906094,0.005301861471861472,0.0,0.20039013604509864,0.3450177137296823,0.4545921502252191,0.0,1.6769449956709956,1962.150944813217,0.34123561959517257,0.013817830902784064,0.02016687706126365,0.051012919063990324,3.3021739648522945e-05,0.34472102606242905,0.21416094106217168,0.01457884304316524,0.00027292146937496486,0.0026539972759793695
1229,2895,1.3574786555201055,0.0831722380687332,0.0173090275975572,0.012543323343323344,0.0007628271728271728,0.00625995337995338,0.004683623043623044,0.000836926406926407,0.0608153634341644,0.4990663068173672,0.37339550521110704,0.06672282453736127,1.775604813852814,1967.0439936645982,0.3290852797820618,0.012084907204973922,0.01754973148194558,0.06188062604171444,4.4017494867472076e-05,0.3639226167017692,0.20070958222169175,0.014540700118656387,0.00018253895231928885,0.0029908891748187116
1230,6243,1.3062065432555328,0.0181345751224184,0.0052331783774689,0.01328984348984349,0.004742437562437562,0.003885567765567766,0.004661848151848152,0.0,0.35684648966422217,0.2923710010391028,0.350782509296675,0.0,1.8592598614718616,1971.1679044588866,0.3485230363049607,0.015522909725596234,0.022647705511654147,0.02560857579440803,1.564317977937732e-05,0.3200004190345608,0.25135459099984736,0.015221122128481288,0.0011059973207120932,0.0015011601496861537
1231,1487,1.519666391801936,0.0115583035042709,0.001537909903085,0.014389743589743589,0.0010648151848151848,0.009033999333999334,0.004290942390942391,0.0,0.07399813572202821,0.6278076405775744,0.29819422370039744,0.0,1.9825146666666664,1977.2023396091138,0.32452891932196626,0.01185104216315848,0.01713349408969651,0.026846595295918638,1.7496259016946644e-05,0.3649423544963496,0.2387694570298935,0.014828555335599906,0.001082086008400207,0.001448296712524555
1232,2012,1.4768524757323316,0.0224083291384292,0.0362688549116507,0.015974025974025974,0.005972617382617383,0.003985451215451216,0.006015944055944056,0.0,0.3738958714995801,0.24949593453903235,0.3766081939613875,0.0,2.1600493506493508,1985.8075334078967,0.35098959972787436,0.01579981503101308,0.023077144987221146,0.029481343752451865,2.0084138169475108e-05,0.3174520270428835,0.24722602500906332,0.015170546116179727,0.0007834141951434948,0.0016022259053027899
1233,2413,1.4496753056054947,0.0610865641111397,0.0151215311042938,0.016415517815517817,0.0032175391275391274,0.009272883782883783,0.0039250849150849155,0.0,0.1960060670520006,0.5648855875463554,0.23910834540164402,0.0,2.2095229264069265,1988.187377127374,0.3311965381590319,0.013234337873856349,0.01916177372468398,0.014711097670030015,9.764260965468167e-06,0.34378885742605275,0.25919144650623016,0.015256337614092752,0.0034498467650566633,0.0008386716306532094
1234,3901,1.3405607855261863,0.0090419521508164,0.0172912116550547,0.016796237096237097,0.006534045954045955,0.006292730602730603,0.0031679886779886783,0.0008014851814851816,0.3890181315541859,0.37465091593552147,0.1886128510517824,0.0477181014585102,2.252186329004329,1990.2332914827916,0.3452372683706635,0.015681499317458606,0.022798118133302438,0.013097454122495336,8.666729791864308e-06,0.31069907956056186,0.2726491728147756,0.015786692291154168,0.004042048659796682,0.000790708647079974
1235,6421,1.4245207957939996,0.0884149918014814,0.0142666657483966,0.018042457542457542,0.00414967032967033,0.006477092907092907,0.007415694305694306,0.0,0.22999473990199606,0.35899172226682535,0.4110135378311785,0.0,2.3918377922077925,1996.8893139782117,0.34153664028142994,0.014081750918782079,0.020533758077461425,0.041596749460952626,3.2340332889841105e-05,0.3402651375303736,0.22680074657413282,0.014771391260482474,0.00038148556349515417,0.0019809887918589286
1236,4755,1.5748360759937967,0.037211316968063,0.013823083940238,0.030791674991674994,0.005155960705960706,0.007961635031635031,0.017674092574092574,0.0,0.16744650873864356,0.258564420081274,0.5739890711800825,0.0,3.8205150995671,2061.44980252842,0.34409363241175606,0.013698068869624203,0.020062363798319,0.07709987898510785,0.00010907794353703129,0.3492449355896187,0.18154566138743428,0.014071190871703335,7.519014289963932e-05,0.002267388428141226
1237,61,1.2898855889563583,0.1622790971461638,0.0091618436255012,0.03511621711621712,0.009791724941724943,0.012314295704295704,0.01301007326007326,0.0,0.2788386706081147,0.3506738459358867,0.3704874834559986,0.0,4.30512329004329,2081.9236498665264,0.34344611972413885,0.01459414455240415,0.021273468483535018,0.0321331080082443,4.190494201238788e-05,0.3327743142392586,0.24028161018713234,0.014981883058362956,0.0004734468049113483,0.0011192489778638626
1238,2768,1.127397126446507,0.0882180137120648,0.0059186698216773,0.12566933066933067,0.05047502164502165,0.056863709623709624,0.01833047952047952,0.0,0.4016498657709015,0.45248720244681917,0.1458629317822792,0.0,14.452505194805195,2369.9222032308153,0.34272044816430314,0.015581437020862114,0.02260760520581645,0.011475634448147594,3.9192057143423904e-05,0.2995788622123274,0.2761306192019534,0.015915390642951572,0.01595081104649476,0.0008854503362274446
1239,2327,0.6503967276993853,0.085967675970859,0.0316821524511862,0.1562181152181152,0.06991528471528471,0.08259264735264736,0.0037101631701631703,0.0,0.4475492074636128,0.5287008987452202,0.02374989379116698,0.0,17.87580199134199,2419.0923620383687,0.3407306832966751,0.015856815628153192,0.022942739007859283,0.009319884924573793,4.005690551522553e-05,0.28063262728299077,0.2855470199620167,0.016379781701015863,0.028550391291200017,0.0009483739383165934
1240,1442,0.57912774338801,0.05631048257468,0.0135564224085797,0.25653379953379957,0.10918614385614386,0.1403477355977356,0.006999953379953381,0.0,0.42562083390719097,0.5470924986672008,0.027286667425608258,0.0,29.11717757575758,2638.2185659864845,0.33921336395836343,0.015590823424916229,0.02254785618232643,0.014925315949368162,0.0001345535520656492,0.2812734728073777,0.27874605821454645,0.016231575197677685,0.03133698071335822,0.0024961411459790694
1241,93,0.8520517971969989,0.0091425579793921,0.033900892400607,0.2922484182484183,0.10426279720279721,0.14989852147852148,0.03741021645021645,0.0006766799866799868,0.35676110856869614,0.5129150965657298,0.12800836588543038,0.002315428980143704,33.11935774891775,2785.8850750468855,0.3385598887828956,0.01498282190308621,0.02170356972525978,0.023580802625920255,0.00027768442802449084,0.2981973072517898,0.2626441858857191,0.01564399006921727,0.024409749328087482,0.004455807927833733
1242,4189,1.0289032737812176,0.0697651600255458,0.0135598343360727,0.30831801531801534,0.11380208125208126,0.13747858141858144,0.05534655344655345,0.0016906660006660006,0.36910632776262464,0.44589882518075274,0.17951133118315946,0.005483515873463325,34.920116796536796,2849.3159654865135,0.34192651071538693,0.015273976165752906,0.02217121889611401,0.02818506403395412,0.0003705687215075758,0.29838979985654995,0.25652840227303864,0.015416599409936298,0.02173785992775984,0.005620742966657599
1243,1123,0.7371503290073849,0.0301487518510729,0.0058669107689493,0.5347918747918748,0.2626689943389944,0.25938034099234103,0.012742147852147853,0.0,0.49116151359664506,0.4850121012554522,0.023826385147902796,0.0,60.298777489177496,3568.182619198428,0.34406862041811714,0.016403277215759727,0.023758564468722366,0.040529958378293165,0.001541694765051641,0.24203269732803198,0.25641972941323643,0.014963093514971182,0.06028236449781646,0.029844689815754444
