16459958.932238189504 0 5.3992979352995966735 0.05228468686485256145 0.023882810361148400224 6.2763124648856374321 5.9774494341352655269 1.8959633153252373194 1.8459771486153997433 1.7956596166115772473 0.000954961 0.000356051
16459958.932238189504 1 8.9945496706969301215 0.053657059908807008819 0.054315284906101650442 1.3058873806713788834 5.9525980319421041287 4.5207729642667455749 4.5737444678600631676 4.6268866472536185341 0.000285285 0.000238018
16459958.932238189504 6992 1.7521969125915535237 0.02907469382942092298 0.16073075245033852099 3.3582031720667067098 3.6217299851309125991 5.3872862759125830223 5.4097863831248691469 5.4320726079508707684 1.98059e-09 4.54062e-06
16459958.932238189504 6819 1.4532000747117050921 0.2248469874222104592 0.15251371750650993819 2.5960014599933849411 0.2755410749565250228 5.2488315650061281303 5.4333086461456625571 5.6022134777527048399 2.46721e-09 4.88561e-06
16459958.932238189504 6751 1.2102800242717783874 0.40710378588222229101 0.13617189347230787555 2.2932278431115733497 4.9727440810376313252 2.1504238155430792645 1.7527564680816543063 1.3523736075687970981 2.66624e-09 5.0136e-06
16459958.932238189504 4781 1.5772454064286678399 0.33564913822429842671 0.038275497096816657461 5.3672289249866302896 3.5237792503881353312 4.4176588335552748887 4.7624569770229818744 5.0976854997756397836 2.90062e-09 5.1564e-06
16459958.932238189504 6207 2.9119975687566066469 0.074350279265596785905 0.21872426843219633374 6.1066059495154032533 0.11046512150756830628 2.356574652892991395 2.3025380752055983891 2.2472205935565536805 2.10618e-09 4.63463e-06
16459958.932238189504 5588 2.785355591133420905 0.2912126875643168411 0.15292123347355782159 4.7096189111215114309 0.67417466078885313063 1.3468363185055833853 1.0677196795332388746 0.8125872574874140053 2.40685e-09 4.84544e-06
16459958.932238189504 6582 1.6508753813741896543 0.3224369793970887077 0.11459682060293345518 2.2384731063724165878 3.4137501119020998708 4.0797748198873957648 4.3738200312443957785 4.6779525654506226573 1.86721e-09 4.45227e-06
16459958.932238189504 5771 3.170985136149579553 0.10891970048034375906 0.33952262308601982577 4.9603261945354617524 5.8270810319779116071 0.61740921974308793363 0.55687995178629567938 0.49931151805144569078 2.44735e-09 4.87246e-06
16459958.932238189504 793 1.7229579394242011681 0.3889875620058166894 0.086963285093433650985 1.5513920014502395883 3.1922364922806512055 3.6951907830097678875 3.9509757483737737438 4.2325489390493089559 1.51413e-08 8.94482e-06
16459958.932238189504 11 1.4821225149575292246 0.13865094109829798064 0.14683472236515385245 3.3381372051373761067 5.6048659403025045123 4.5456946865009237868 4.6844707298939445295 4.8230676402396932545 2.42862e-09 4.86e-06
16459958.932238189504 5990 3.1384110200382884237 0.030369439648376479052 0.19472594826413902602 5.6616821459627333368 5.2307608351853556172 1.2933658004070660574 1.2642739565134215596 1.2353200762305471816 2.30118e-09 4.77347e-06
16459958.932238189504 6883 1.8490549613116218364 0.042985147903273610015 0.045042656593126326192 2.5798796288961982626 3.4308553801978662889 3.9787779930695630348 4.0111842292584594105 4.0440276982321874399 1.23696e-08 8.36184e-06
16459958.932238189504 6035 1.3242096131555665117 0.053358605584316563808 0.15928847832804715612 5.2186775577647939173 0.2778663845811321087 5.8700495588121031076 5.8909749616509801129 5.911370320354803809 1.02512e-08 7.85432e-06
16459958.932238189504 5050 2.1324024621100039489 0.14164944070561014122 0.048776654117004401845 4.0052112286653827056 4.8945776542951966448 2.0996264616973481232 1.9723002685872987882 1.8419156002167724751 4.47893e-09 5.95993e-06
16459958.932238189504 6627 1.6293372028018460185 0.19901736881125520195 0.17754032980467679415 1.4590567227929582828 3.6620388257817415578 4.7526302361088799131 4.9520233203779353559 5.1453537336954928705 7.24481e-09 6.99615e-06
16459958.932238189504 2413 1.5852345476993878748 0.13986558362228515562 0.032347138220391223606 2.5269369856007721786 3.5278954368731394453 3.7273451563990636082 3.8098352260962911053 3.8964969933617168429 5.40947e-08 1.36742e-05
16459958.932238189504 1776 1.956096431921821921 0.11585553001573374587 0.048506939500935888909 2.9178028002431237731 6.2679858362195162158 3.221030347728395693 3.2308223004666758449 3.2411463358879668561 1.13676e-08 8.12967e-06
16459958.932238189504 5560 1.7302275059193459317 0.090374213818556273226 0.24017263427087295891 1.5504332072601949566 1.6128612280946694746 3.8158337585440840201 3.8744268390076177511 3.9348852826250895198 4.37033e-09 5.91137e-06
16459958.932238189504 6484 3.1721428741250372596 0.1168645698372322711 0.29259295852432959384 5.7365742457981534486 5.1195874069426086095 1.9149450578485136543 1.8024457968048994694 1.6887027931577296425 1.88476e-09 4.46618e-06
16459958.932238189504 923 1.8864997602183819492 0.33750793195260891943 0.2247145416906431159 1.9615859296226769715 4.0862783666805686522 1.7229530073182868222 1.3735575771477248619 1.0425934458665047089 2.53731e-09 4.93145e-06
16459958.932238189504 6888 1.802770260794230861 0.16389366608069003139 0.15594384925475338055 1.6998095099021028886 1.8072755040517507474 3.2015249106066199225 3.2122952858492124228 3.223873347633883224 2.28028e-09 4.75897e-06
16459958.932238189504 5448 1.9802581182241134616 0.15436639089960055293 0.24625093343780149469 1.1174925878212103036 5.0508365017660681318 2.7692111442630547025 2.7083222148712491339 2.6435128310266926555 2.56033e-09 4.94632e-06
16459958.932238189504 6528 1.5788810756797790891 0.1447340508377485957 0.091865695085436155365 4.8243335216241156616 6.0930667909077449451 3.7662646660614025329 3.856632480961912357 3.9515269980470479894 2.31313e-09 4.78172e-06
16459958.932238189504 6764 3.3064878860911948166 0.044114591857401762309 0.24290658948513177418 3.1134834219194429394 2.3036829226387007807 5.2926905292591870378 5.3291561114408061428 5.3651427049236719569 2.4069e-09 4.84547e-06
16459958.932238189504 5259 1.580474807382812763 0.12247293192507818782 0.25323227521600838452 6.0713267132156643058 1.6827004840748418513 1.4531073836072827543 1.3320450018973508666 1.2130461333777347033 2.21606e-09 4.71387e-06
16459958.932238189504 6618 1.9940979005089478626 0.26441193722575229152 0.17963967791269236374 2.4439357805797601308 4.7604001726633224933 3.0529705493815866291 3.0254571854278871079 2.9948185626387013869 1.98254e-09 4.54211e-06
16459958.932238189504 2658 1.9043149291394845246 0.34120644128504484804 0.098787307753856981596 4.5790649173866277977 0.13333267054921024708 1.7672397927302510023 1.4137083635714207119 1.0767031844447567668 2.46497e-09 4.88413e-06
16459958.932238189504 6498 3.2373383443764769396 0.10916510920600468182 0.12121136522772714417 3.9921361897574865196 1.2593191535154482086 5.0351879338548197751 5.1371640965342644236 5.2366278590498831491 2.50157e-09 4.90818e-06
16459958.932238189504 1698 1.6383429384713492638 0.1583493354627965588 0.12127385957871064659 0.65056301706220032166 5.7882538277981181452 2.2760458963747924876 2.1482710849236088535 2.0155990641843835043 2.42949e-08 1.04718e-05
16459958.932238189504 6300 3.277691658042231726 0.042844337965501071153 0.26223638279959965436 6.0848796031172840415 4.1610775318060015948 5.6938364432433870022 5.7172430046450255503 5.7402166286370581716 3.26125e-09 5.36181e-06
16459958.932238189504 5204 1.5722799150996922268 0.29744070742798639495 0.071789717232934840974 2.4266764237729989695 1.8317623200514212556 5.3365139600971929212 5.5623369892670799786 5.7586544608109750953 5.21728e-09 6.27092e-06
16459958.932238189504 5974 1.219232753952274928 0.2088347808094024316 0.06057570720856891161 6.0457565707442713077 2.707223223163964132 1.224842380313902801 1.0336414560264408635 0.85421729689353464998 1.10219e-09 3.73481e-06
16459958.932238189504 3800 1.6841064058082888533 0.11432891239239262315 0.12993931482933387955 2.2411317113655688793 6.1060395892851762056 4.8971516887858550504 5.008613208392088012 5.1179625814318727706 1.79108e-08 9.45995e-06
16459958.932238189504 5861 1.6422370086537383393 0.051282868830957867301 0.1030810730506179218 5.0282753747616357742 5.1331531004784904937 1.2033989057933602851 1.1559531259249733459 1.1090200941786318989 1.95257e-09 4.51911e-06
16459958.932238189504 6719 1.1433976878792413423 0.15933411164899596857 0.16947749547927407066 0.79939830015398904983 3.0821127088045101594 4.7542379885628829328 4.9135823540005292287 5.069702504346488503 2.09817e-09 4.62875e-06
16459958.932238189504 6923 1.9921706482594565557 0.18116605018777295899 0.12295923816292955721 2.6721876916785758382 2.9686345620658691757 3.3740565256477350609 3.4202382362555452389 3.4700686332643733145 1.67707e-09 4.2957e-06
16459958.932238189504 5480 1.8559828517874248366 0.1479460908120655005 0.070501383453127161594 1.0449978891165045969 0.39687228317118045107 3.2310716508340311393 3.2454286088768999896 3.260763141930970832 1.6026e-09 4.23115e-06
16459958.932238189504 5093 2.0449328235805279697 0.088274536193747102364 0.17823963469289949568 0.47708546743757213049 3.9381083066663054026 3.3113990918318414458 3.3270267881989932235 3.3433022506959257925 2.98948e-09 5.20853e-06
16459958.932238189504 6676 1.8341500186221806334 0.089172468359508705316 0.25400445510853542075 6.0181304668989357154 4.2388685753402501888 3.3422276276651379234 3.3608491390694954504 3.3802445048546236883 2.23147e-09 4.72477e-06
16459958.932238189504 6526 1.8313065326013142631 0.17108222111888204964 0.13232519418096203023 4.8144085132690133122 6.2020566621590722534 3.5560969449667938491 3.6314180460577469844 3.7119074098320754551 1.74858e-09 4.35591e-06
16459958.932238189504 6951 2.9922234663112354802 0.085118115627174098514 0.065805379393915786057 0.20669373763517495668 6.0111721539858704588 1.5101834668386224791 1.4253374152827025245 1.3411181901590643051 2.54062e-09 4.9336e-06
16459958.932238189504 5721 2.0461256730767840573 0.33090066180625876679 0.093660173612317876302 1.9240328093162852863 0.57752574531243239253 3.2122791822700560438 3.2412445241320044786 3.2741648450048534968 1.97529e-09 4.53656e-06
16459958.932238189504 6083 2.0162843821543035006 0.19585078470931346906 0.13184986868313072761 2.7325899357842651227 2.4614945352034007797 2.4929385772046481762 2.3634270153256715652 2.2259448244382875615 4.91269e-09 6.14644e-06
16459958.932238189504 6982 1.2721027695243447564 0.2505661609698233705 0.067837054832420348727 0.43386743045473319391 0.72857528040666441616 4.3042524179145527086 4.549171882320728777 4.7964079271053829956 3.77646e-09 5.63047e-06
16459958.932238189504 6562 2.1371330479783705592 0.13522866772507752264 0.063511455948954867456 3.0889063572079344944 0.28718461483421287017 3.3810748167498219097 3.415572211318732343 3.452160314745118086 7.2003e-09 6.98179e-06
16459958.932238189504 5146 2.7913698213082915878 0.16017093192362016896 0.16705639028586172223 0.15699969203679223217 5.8351058725689135542 2.5868578300822515637 2.4957617826883327083 2.3993609564820048696 2.55901e-09 4.94547e-06
16459958.932238189504 5492 2.0062287286857762858 0.14459989768228503904 0.099080552786804221288 6.0958248039466873536 3.7785024514305867172 2.1973629252664785838 2.0745246030272808113 1.9478855980333653619 4.51271e-09 5.97488e-06
16459958.932238189504 5047 1.8079956205277625259 0.32877292329155899386 0.17033733671576423152 3.3102735632150048772 3.3115843746230866351 2.0430821964830618853 1.7196820898602773742 1.3945463900997472351 2.89941e-09 5.15569e-06
16459958.932238189504 6657 1.6970880999960078483 0.32081199980763025481 0.051158563075733215486 0.47283378961882321923 6.0589404310407193321 4.5668528978665534623 4.8978165740601893319 5.2131290562143215439 9.52311e-09 7.66378e-06
16459958.932238189504 6413 2.7102209759833302272 0.121418760299424347 0.081734833178884580551 2.4631899461241806293 5.1781291107030282816 4.9855426087423140302 5.100868027461935128 5.2132394192172970548 2.71272e-09 5.04257e-06
16459958.932238189504 5928 1.8082928147499091054 0.18003358118123460874 0.21801851211265796393 1.1821759809108884909 4.0920225644685874755 5.1076325424583686186 5.2691462404595430513 5.4219899173575720752 1.85148e-09 4.43973e-06
16459958.932238189504 5044 1.5554316220704642593 0.1022680634702566177 0.12745548470817349984 0.37464071269668997033 6.1100571422184613013 2.3452951073520083014 2.2693156790100466047 2.1909992860690867822 2.3978e-09 4.83936e-06
16459958.932238189504 6767 1.8456322825504214435 0.1996234273288977068 0.18908802910518623941 1.3812887067264600915 4.5967926553118383382 2.908260477498069374 2.8565744680253644106 2.8004453701622002981 2.88634e-09 5.14793e-06
16459958.932238189504 5099 1.192912849496937655 0.14552595962167258481 0.14813964762426606869 2.6820427528930856909 5.3305170491534834554 2.9501465179692742957 2.9201561336421888448 2.8881940788805233744 1.59506e-09 4.22451e-06
16459958.932238189504 5021 2.7692172773747318892 0.19502798310947025429 0.082797706993340075554 2.0431900104763474069 4.2560280362053362069 2.547733454605248582 2.4278980558239324772 2.3002266614058917149 2.06176e-09 4.60182e-06
16459958.932238189504 57 1.6604764838535583937 0.04146838637440876385 0.043437347230640840912 3.1257331857021970478 2.8852860832636935129 1.5282721903311182743 1.4868659001085986482 1.4455434862339675561 2.40925e-08 1.04427e-05
16459958.932238189504 1124 2.0360803863057306273 0.24774697378330107211 0.011590038399352395326 1.3218631754927763211 5.1533189998988149227 1.9743542469037851372 1.7320617191003342406 1.4875292888073603503 1.32419e-08 8.55396e-06
16459958.932238189504 5020 1.6875869327133370401 0.19101106849798560328 0.15374730167944025694 3.5596253982353718293 5.5151983814345637569 3.6449959516985583896 3.7464872443238781408 3.8551105350936838434 2.26068e-09 4.7453e-06
16459958.932238189504 6161 1.8377272725218696259 0.14049545143298872163 0.10805285507475143048 5.6715378209102320639 1.8216585081281153613 2.4645598718900529889 2.371020539075130884 2.2731590151839071723 2.19638e-09 4.69987e-06
16459958.932238189504 61 1.6782518443534522046 0.048038647854680580074 0.057507321554130755303 1.1220377306777555848 6.1120905815207757783 0.67360402975154387573 0.64417483978550282853 0.61532576551556239508 2.24988e-07 2.19906e-05
16459958.932238189504 6451 1.4863481800680200529 0.18360806457144526749 0.10733993566729908842 0.4182412688748902152 6.2236439664423022222 1.8190128644915271039 1.635841664472255319 1.4526218762841489607 2.57122e-09 4.95332e-06
16459958.932238189504 6876 3.0877019890529355806 0.1387366165915309979 0.11760095777609816392 2.9786459666959710368 1.1537220510295118636 5.3522286341572229418 5.4594913410268146592 5.561276977243991837 5.7202e-09 6.46627e-06
16459958.932238189504 5132 1.7650040985588186793 0.16288696525937607085 0.16323718361151373646 1.2096193588749624137 4.7358575998802319162 4.409556626288779313 4.569656970447364408 4.7308875492475754854 2.32293e-09 4.78846e-06
16459958.932238189504 5470 1.4137008152024215235 0.12622989909462739577 0.051963411924256588947 1.8253241916686744339 0.10519366225271770121 0.88757966079616334998 0.79314044541143358114 0.70319404911280103398 2.3944e-09 4.83707e-06
16459958.932238189504 6757 1.6118553019520476255 0.26694377238212119163 0.068412828082617296865 5.5970959686900503272 2.732335339169847277 3.9691667387433393621 4.1887397950047260409 4.4199131546873244858 7.3237e-09 7.02145e-06
16459958.932238189504 2778 1.4822296469282303377 0.11186663029263206603 0.164712689509176613 0.25031409817244332228 5.9219788569511955245 5.288360755584927908 5.3796203528378088166 5.4674958349828921556 1.15158e-08 8.16485e-06
16459958.932238189504 5605 1.1978224417343814601 0.2824831148219376642 0.20456741438408995726 5.6323163308098083135 3.5649492184467792555 3.5896760794092097413 3.7330148368383095914 3.890511096901525967 2.44051e-09 4.86793e-06
16459958.932238189504 5518 1.4775052161775064086 0.11266229853671652639 0.13096224811360884788 3.1565349909649254023 2.1721380041257689619 5.7710202215394303948 5.8237958869842856302 5.8737504529808743925 1.73658e-09 4.34592e-06
16459958.932238189504 5490 1.4645875609682272867 0.17636369865319975747 0.21256255279926147828 2.104704706796229452 0.71059074233156693801 3.8152280402520837299 3.9342554870880457329 4.0598661178893751256 5.31486e-09 6.30978e-06
16459958.932238189504 6674 1.4045624410970172224 0.17048411882200864564 0.077197063993907244495 1.5929689757545080209 5.62105545582867272 2.0869822287034383024 1.9313218911752425555 1.7717979318220495877 2.73456e-09 5.05606e-06
16459958.932238189504 2768 1.3797176820589445168 0.038908354737148105607 0.048426192263827390339 0.52907355579972636939 0.50414961305107264256 3.9764638643407921315 4.0056938582880636801 4.0352841274719359888 6.11212e-07 3.06841e-05
16459958.932238189504 5194 1.9341650619951928913 0.17315121113038228762 0.062075783019688017539 2.1457289903935139463 0.25909196759388652964 1.4712848634099986445 1.2995937590544259788 1.1327713221863711102 4.75382e-09 6.07945e-06
16459958.932238189504 5920 1.749641992902781551 0.28017947138636883908 0.1597191643791771587 0.13871674087778945728 3.3275117833439122883 1.0020395396733268178 0.77929091750146928241 0.58238774856617314679 2.02047e-09 4.57089e-06
16459958.932238189504 6324 1.7388491065651690004 0.18927990022580143403 0.17165835809863311257 1.3404380481003379533 1.9251187448398292545 0.62889756052437328915 0.52468739398634400839 0.4298690523524019147 3.61321e-09 5.54815e-06
16459958.932238189504 5952 1.5399535185971540141 0.36393898698187543417 0.19620085873085632566 1.4452483332512955361 0.095057982983863850701 6.2537054279329638007 6.2630529604330140714 6.2703794113744617533 3.30338e-09 5.3848e-06
16459958.932238189504 6639 1.3849641263016274628 0.30601836153308836774 0.11279928497100233376 4.2337160896966601342 0.38175953587213745655 5.5392883118922631169 5.7290740568058806659 5.8900971679287597027 2.07227e-09 4.60963e-06
16459958.932238189504 5312 3.0206258692905385566 0.10101238448761515332 0.14515418753538031349 1.652601381096661548 3.9674005404499110838 2.1259644126552399435 2.0376004221755064094 1.9473952401810803448 2.46345e-09 4.88312e-06
16459958.932238189504 5514 2.0147549748244060197 0.12353355970304326361 0.22583564773562866956 1.7954499174767462044 5.0193912750218885321 3.3167790180753504714 3.3397970807147503436 3.364121978898624743 2.23079e-09 4.72428e-06
16459958.932238189504 6734 1.7350672672079252568 0.086879157829144904035 0.027800899722632620853 3.472604157170986916 0.27325990880415385043 3.0499957033924829375 3.0416732645801354273 3.0330067898738750642 1.00692e-08 7.80756e-06
16459958.932238189504 3988 1.7857093428940642443 0.097997517675802156556 0.081306900133721826673 1.2771516918519341122 6.2172657031488665069 3.4067329635900867046 3.4337538852154629865 3.4619793794280160348 5.91828e-08 1.40901e-05
16459958.932238189504 5949 1.3700032185791251038 0.22791271289984321724 0.24488092122219767832 1.341497464203460499 2.1849933858665466779 1.1794908155384709048 0.97571038000333998319 0.78697578909685017567 2.21075e-09 4.7101e-06
16459958.932238189504 6028 1.9246627307416470654 0.26984886916380784738 0.078301577906807515173 0.049782656971426295089 1.660489106712557561 2.9285839337677659344 2.8614621741729782123 2.7868540770599818934 2.1303e-09 4.65226e-06
16459958.932238189504 5572 2.7482216551278169092 0.44134289468710291571 0.9300437186439113324 6.1794649290724743551 1.4381624672568231738 2.0593713362259080668 1.6061512107571915831 1.1650841195474732626 1.63405e-09 4.25865e-06
16459958.932238189504 6521 3.0110091994023311379 0.12100733505257213474 0.15036318691243794055 2.0896366288627721275 3.2019110876272627308 2.4379183933511283655 2.3555663911346109707 2.2699475574640355369 2.953e-09 5.18726e-06
16459958.932238189504 2010 1.982494741509492675 0.012463989138315732103 0.068463845381047383487 0.79608781246447102298 1.880793599225158319 5.2322373140535702873 5.2430216705605081629 5.2537716998069301511 1.54172e-08 8.99881e-06
16459958.932238189504 5455 1.8418024371373922232 0.059282484363412851769 0.10611450782925410663 1.2016996336266112522 1.9594314124604439442 0.3077579585087947267 0.29027879576668363937 0.27331100053949819451 3.36325e-09 5.41714e-06
16459958.932238189504 6780 1.9023134914752990454 0.37896415781791337185 0.1304073472254567434 0.48023746205755646344 0.70836260903072800765 5.3278451493510274872 5.6144851022480795066 5.8494302436186709215 3.2776e-09 5.37076e-06
16459958.932238189504 693 1.361208597167836265 0.4016234596920188471 0.14696499293777443018 5.1951071954786485207 2.9424352763807166689 1.8352679843457688769 1.4134759708302702119 1.0168122979787821425 7.32683e-09 7.02245e-06
16459958.932238189504 5540 1.8225173408989197021 0.12085838572802976021 0.060988906776351860251 1.2239484220968472883 0.94137460725934818395 2.4382188510214777288 2.3560018725838656195 2.2705256289985262796 2.31531e-09 4.78321e-06
16459958.932238189504 733 1.6510010129292600478 0.097809276856761995234 0.059298601071564226161 5.919977705200998308 0.84540171923993967518 0.023321747795190497093 0.021142207573612372545 0.019074457592656388766 2.10139e-08 9.97744e-06
16459958.932238189504 5469 1.4601973892068242922 0.22192743154135910477 0.12061382912445453575 2.1385640907640564023 2.990730855973406932 3.9181809889583445461 4.0889899524260471253 4.2691725687106130138 2.51139e-09 4.9146e-06
16459958.932238189504 93 0.90185799852036396818 0.069022672108502602928 0.073089875596260886481 1.0193769070670992694 4.9260480521894338679 0.81525465948050868104 0.76612710938945904893 0.71827026485361578079 9.26516e-07 3.5248e-05
16459958.932238189504 5525 1.5327816598076684507 0.09171322438449795722 0.086918463558783146117 6.1152014803646750352 2.426170173001976238 5.0867792113036554014 5.1708564416248714579 5.2530986075732313267 2.22151e-09 4.71773e-06
16459958.932238189504 5178 1.9217846520269052935 0.16419360559958809387 0.087947789179670318727 2.4415343804807685402 0.33871805071687488553 4.793263251449097595 4.9565813497164938894 5.1159038079355765305 7.29677e-09 7.01284e-06
16459958.932238189504 5725 2.9552189425556139035 0.22232602557315242486 0.27042847490162197355 4.5274890606173876506 2.2345582290657870494 3.9191874690960601946 4.0904965406625990454 4.2711981154426732488 3.15235e-09 5.30146e-06
16459958.932238189504 5688 1.7993106935864433549 0.17053211806335472067 0.12981785201895421067 1.5163243430638235765 1.8306149477594182429 4.3196272014816177176 4.483364857368901113 4.6494441105743300469 3.26046e-09 5.36138e-06
16459958.932238189504 6053 1.6710678275656263292 0.26488481079742498547 0.14560311788309010517 5.6523075875023911507 0.15700055943356136523 2.2181106466739399785 1.9849851209697779719 1.7424981514434008112 3.14775e-09 5.29888e-06
16459958.932238189504 6403 1.9519889355587856095 0.16602823420058124282 0.066884547250021339493 1.6599552772465275829 4.0968378769884736812 4.6026574923566512254 4.7699842619182879488 4.9357371964386418384 2.19336e-09 4.69772e-06
16459958.932238189504 6765 1.4997596491596918433 0.091919054498125332686 0.18047769103066463314 0.7375973368516152151 5.2805987579867315063 2.1185662743246838069 2.0380406498322387598 1.9559741313247145378 2.03075e-09 4.57863e-06
16459958.932238189504 1475 0.77400494928990748456 0.15481839838659919306 0.011036206539282531619 3.5557632685270372797 3.1804177061140426197 4.0753038252578113187 4.2064006583718214216 4.3418196750648450077 3.50237e-08 1.18296e-05
16459958.932238189504 6874 3.2964856078827571295 0.11981852333537362787 0.26662483236869211067 1.5978527508907589549 4.2937065345714202635 2.1432172446175563607 2.0388266189284145469 1.9318935459285102585 2.61974e-09 4.98428e-06
16459958.932238189504 1959 0.9272853327868283424 0.10155975815123735595 0.17046858368762182745 2.8507118844148133796 3.8529462652531365485 2.0892294422521051622 1.9985595349394220666 1.9061507245257862664 2.04943e-08 9.89451e-06
16459958.932238189504 3953 1.7188299331805203529 0.14733304379184317123 0.14776360053889653345 5.1807322077457769183 0.50887560672056930677 1.880424827291752532 1.736319887900546366 1.5910005591454630114 1.87457e-09 4.45811e-06
16459958.932238189504 6642 1.4724096642535109414 0.37298350572431243632 0.10727224250221130408 5.0227148326313884041 0.044579057361037788265 5.8901788222915927307 6.0157321798476832697 6.1143027585508917809 1.26355e-09 3.90884e-06
16459958.932238189504 1615 1.0751707361154685394 0.1090502340335573056 0.091255504604446521788 5.2063219055995295648 0.77884619792845055652 3.3848055301562904873 3.4126204710903644823 3.4418156043480081507 1.22946e-08 8.34491e-06
16459958.932238189504 5324 1.6335111509118069861 0.046608805656735668999 0.19628186283859852534 4.4127801084464355341 0.66501431734532323592 0.14202487061197252571 0.1355728560336300903 0.12927330621550719991 4.64884e-09 6.03437e-06
16459958.932238189504 5380 3.321741822076066164 0.051092818508098152008 0.20252751817413056079 1.1303042815649155806 3.4037146284419526054 5.9750518718243617045 5.9901884443709043637 6.0049452082288654609 2.14422e-09 4.66237e-06
16459958.932238189504 5451 3.2478438554454562848 0.097800120414223937204 0.058564307342241328502 0.34902486631737256184 5.6711211650664186124 2.6934286789645232041 2.6489928940178004702 2.6027414421521783972 2.58702e-09 4.96345e-06
16459958.932238189504 5538 1.978697404540402438 0.08985478503107875714 0.04089605045865393057 3.5785162554814240465 1.3316293957437785878 4.2599487596305225523 4.3425051485827834696 4.4262829958744944747 2.97954e-09 5.20275e-06
16459958.932238189504 6532 1.8609351252550174749 0.16202190449059306054 0.06572268056196318986 1.3849089600633601727 5.5708604111952544358 2.310132344208398969 2.1827807795678055847 2.0501642991777462299 5.62757e-09 6.43118e-06
16459958.932238189504 5245 1.6289182524409031583 0.20107989532669726107 0.22968841003898579634 1.005463317024122949 2.6601019707944795201 5.2869560907317714182 5.4482176343327157753 5.5972730963555230588 2.53784e-09 4.93179e-06
16459958.932238189504 3751 1.4680566271414579038 0.021790638754462247212 0.1061766540683549559 5.9845144439486555044 3.7722681131583080116 1.2722165105136564733 1.2514548183000804293 1.2307658629965223529 2.30157e-08 1.02847e-05
16459958.932238189504 6233 3.0953138054198578999 0.084913905521657270792 0.2571069725718028165 6.0997932141491642 3.0192832586540152562 3.4658877226901485535 3.4941305529083561687 3.5234496885314499082 2.38928e-09 4.83362e-06
16459958.932238189504 5382 2.1476729970360852739 0.26731022882444316346 0.051855939819392841972 0.40298397571243360638 4.0572394659406549877 0.30712026372784501094 0.23429689226939814928 0.17223837791851806522 2.55203e-09 4.94097e-06
16459958.932238189504 5567 1.8974788930910291285 0.25540171559302182747 0.1207519138799587749 3.7626568655989389711 3.1359142297141366917 4.951027295514886184 5.1946484216549206892 5.4209213919486041178 1.31986e-09 3.96606e-06
16459958.932238189504 117 1.5789162777435865603 0.20112500275745043288 0.12180367676860003046 1.186949001108408952 3.8481517899308124164 5.4318729915472410141 5.5748747521527084459 5.7057169506775728962 1.39228e-08 8.69812e-06
16459958.932238189504 5708 3.1460735048526937696 0.10452137195181646079 0.21825693691414474462 1.1404764782408145507 6.2635227446095935733 2.9853251650517877991 2.9681235435727684191 2.9500831102304219122 1.65544e-09 4.27716e-06
16459958.932238189504 6956 3.4741561404412100167 0.072490851119347082809 0.39168824416065606275 1.8937281544264983335 5.2550386607000021399 6.0453244272646724511 6.0618444579934482874 6.077758951408426924 2.20649e-09 4.70707e-06
16459958.932238189504 5471 2.006292451085389672 0.13703568595720114209 0.059792085482503934402 5.0815858945973122474 2.3410344316662725639 1.8826596663580164037 1.7489875877158362893 1.6141217383687744835 2.7508e-09 5.06605e-06
16459958.932238189504 5235 1.8002588414006683859 0.17609818326896647944 0.10538561955214335863 5.3380107839939459069 3.6884798256300963537 0.052380909959549505628 0.043844862707810759728 0.036126335574088022651 1.69779e-09 4.31332e-06
16459958.932238189504 5270 3.0607207866559367204 0.37767730929434722986 0.34837771295222635937 2.025245715378452882 3.7099788738436032531 4.1148793822422549127 4.475379705104920447 4.8424988687980903279 2.61601e-09 4.98192e-06
16459958.932238189504 1888 1.2787628754184572344 0.06297782042255972712 0.096633966188775580197 5.4836900490124209639 5.4644520594007834902 4.6750153045743649827 4.7380650594477922155 4.8010221215992459065 1.07624e-08 7.98276e-06
16459958.932238189504 6473 1.9594085672572583157 0.15418903827699445563 0.15504507942525547204 1.0336024434859167886 5.5509208070923250489 0.19896497924290501569 0.17047366382274162233 0.14431562208516390822 2.97483e-09 5.20001e-06
16459958.932238189504 5815 1.5061609783803253659 0.095805511823010752748 0.097539768430498080543 0.87391987290724559845 6.1108025142724304857 5.8419752327100704647 5.8812704659866907875 5.9187477918788902187 2.67562e-09 5.01947e-06
16459958.932238189504 6211 1.6493812975049204628 0.1561298890902405867 0.011994553927048054454 5.7967782504612106464 2.0511287439856635828 6.2451786367205039952 6.250713352461182204 6.2557823042329996355 2.33777e-09 4.79863e-06
16459958.932238189504 5003 1.9230723588984142136 0.059123764888869945189 0.05209283589868590747 5.6413736086396610858 6.0266122218537008237 1.3168635821472636227 1.2600236045581969524 1.2037320122695915892 2.56915e-09 4.95199e-06
16459958.932238189504 6536 1.7491211767993712911 0.10145220063668090871 0.13821786555545007014 1.9041990672780668703 5.0245383832185419593 6.062132126889244077 6.0833787060907047461 6.1035149168855244994 2.77887e-09 5.08323e-06
16459958.932238189504 5873 1.6898869605903561464 0.12875002736576507401 0.037691222010265763853 5.8064494220056950269 5.9650179570373911275 3.4433343018188993234 3.4842784384071379122 3.5275407551205382184 3.51811e-09 5.49904e-06
16459958.932238189504 5741 1.7400379619440728973 0.17546834336348590688 0.097006820224919909634 5.6648543802723647644 1.1232464355138733758 2.3315567407367878694 2.1953646278723915053 2.0530219652021322041 4.83963e-09 6.11581e-06
16459958.932238189504 5739 1.9262469260373960012 0.025704834982181533343 0.20280568933888870609 0.843394418796944767 5.2037328989218600839 4.5554897512446457242 4.5809327723910033825 4.6064158278095854726 4.86337e-09 6.1258e-06
16459958.932238189504 3982 1.1504157706680142592 0.033785836685221455611 0.20583438181821769875 1.4490404149923157284 5.7390157412860709485 4.0836005986773944443 4.1112049982369329726 4.1390670462626921733 1.70782e-09 4.32179e-06
16459958.932238189504 6155 2.1327424638738423646 0.29450245282493725529 0.046589798899459002046 0.48116248088898694313 5.882922975126062326 3.6159873985708990141 3.7745151753262575767 3.9487144707074173233 3.03729e-09 5.23615e-06
16459958.932238189504 5782 1.8548973202577236918 0.233476111828840871 0.19842863216812808846 1.1810572629498812258 0.63540535556578592313 1.6935526461090470995 1.4562505763305253481 1.2243044788846948467 5.0598e-09 6.20718e-06
16459958.932238189504 6417 1.522042185428036376 0.15711545031297979857 0.068191473831263324512 3.3231383511002769993 5.5682291656625793053 5.5797561739635046507 5.67613019985798406 5.7657568976683881701 1.63097e-09 4.25597e-06
16459958.932238189504 5737 1.5457553085125250725 0.21434887880773728641 0.11301834854325737423 0.74706421034982783969 0.79452046864399272774 2.2718857749164986792 2.094173503865792707 1.9085181844056309242 3.30498e-09 5.38567e-06
16459958.932238189504 5750 1.9461022686869973164 0.021619009910755136034 0.076505341967649409529 1.79172732838065496 4.162241731180983173 5.8907912790221859112 5.8989775688962264866 5.9070809089254154856 1.52873e-08 8.97346e-06
16459958.932238189504 5661 2.6177834579144207972 0.21423586782041664778 0.14136143277609602986 2.0816297947787671951 1.1979444297818135912 1.9776066725692065251 1.7703703235004131233 1.5603867971341676135 3.01386e-09 5.22265e-06
16459958.932238189504 6303 1.2565136586877505565 0.24038929379485338145 0.138660263361046171 0.15125402993645462035 3.8254136397058435826 0.91276177344888975718 0.73361743947593738291 0.57266217018178022791 1.48051e-09 4.12085e-06
16459958.932238189504 5241 1.6735732746777174373 0.2271057047912271587 0.08506253555977942582 5.5734256100927987987 0.016410249061379240249 4.3060084866656733737 4.526552647152545461 4.749748060973575825 2.63706e-09 4.99525e-06
16459958.932238189504 6290 1.5076217353391279108 0.24179808007010264448 0.014973948790072849971 4.5638080632298265726 2.5516467842509533703 2.1584359283516021399 1.9401275916569309388 1.7146342070973001892 4.66797e-09 6.04263e-06
16459958.932238189504 5215 3.0427160773391994653 0.13309559623473343759 0.22859448452945496655 2.1791721470077516365 3.950358817065529049 3.4708035519988471584 3.5169355817877256953 3.56572731000921328 2.09099e-09 4.62347e-06
16459958.932238189504 6358 1.8519308039773731966 0.12747994350125535501 0.13574304372547646436 5.5134733891743001877 4.2017532987805488176 0.1235459916067544045 0.10871433790430905242 0.09488272339616923845 2.40091e-09 4.84145e-06
16459958.932238189504 3761 1.2391218399298458142 0.15744113519098623666 0.063433008707456162156 4.9117192303866232805 1.8312474848880557765 0.27190483177398805381 0.23237767870887185429 0.19612025381035061433 4.38307e-09 5.91711e-06
16459958.932238189504 2057 1.1395847381472012927 0.31857240043421780618 0.1942052539515115861 0.19510148112794314934 6.2826572230529000862 2.4988849221813214108 2.2742540004135136655 2.0313074622370295153 1.66245e-09 4.28318e-06
16459958.932238189504 5673 2.0679362425603580178 0.1892095056414523635 0.13162330348237155642 6.1225370212135619141 0.99194591783996921563 1.8364238849865419656 1.6480097970939990848 1.4593640372526122118 2.67237e-09 5.01744e-06
16459958.932238189504 3324 1.7775795352295378216 0.062729291638355125227 0.15997046879973153555 6.0191615039930921327 0.61274282278384750722 0.3946063118936971037 0.37114759722601703418 0.34839661594052462323 1.99813e-08 9.81126e-06
16459958.932238189504 5034 2.7519637462423638397 0.079216562146481456219 0.16293735484665347601 4.8687404619937293404 4.2595379211471797731 0.027979359786708690033 0.025844395636232812136 0.023797319365828888821 2.20492e-09 4.70595e-06
16459958.932238189504 6957 1.4214110077676156418 0.21017933903375354832 0.02524584527710930365 4.3493809596421737496 1.4761577943743855457 4.2372706607859473849 4.4352900233705572219 4.637451674836873039 6.68595e-09 6.81142e-06
16459958.932238189504 6308 1.9868252977804286008 0.23929840255650355885 0.11798335590273560658 1.9885593694859755587 2.379774846308950309 3.4161691065335797468 3.4906867805584518294 3.5725380129315187361 2.73381e-09 5.0556e-06
16459958.932238189504 5344 1.7396804829923278035 0.21964974376984400251 0.13534643553614383871 3.1894533595343972365 6.2529541152056919984 4.5213080521045609927 4.7434176234868319355 4.9629616389128798914 2.73146e-09 5.05415e-06
16459958.932238189504 6577 1.5932637641057574296 0.18264870650633749372 0.17647934528021691492 5.1735695873288838342 0.90572664355254384194 3.0753517254435291939 3.0619255606523476665 3.0473898565477148814 1.63583e-09 4.2602e-06
16459958.932238189504 5484 1.0170678775762367341 0.20695843007105188538 0.15370216617144918936 1.7824773067513548508 3.7018472472375298921 2.2588258187474923311 2.0861308065903676479 1.9060504960994180124 3.31273e-09 5.38988e-06
16459958.932238189504 5123 1.1479578567547001899 0.21870482924098558208 0.094446981799434781557 5.8069307979304172207 2.0728983499200523966 3.8461836689737656236 4.0024674169071872143 4.1683360028357467897 2.85229e-09 5.12761e-06
16459958.932238189504 6241 2.0469618376623426315 0.3385026285909283339 0.23366030351292457756 2.4994370029336892003 2.582242622354811612 4.411464478349219398 4.7592004461168890828 5.0973322597694270542 2.40528e-09 4.84439e-06
16459958.932238189504 5511 3.1611941763808775185 0.033393472329580002611 0.21523695459654956785 0.77045206408999256098 3.0523355936322982274 3.5947931240279080711 3.6096410512958216898 3.6247063639729732998 2.90982e-09 5.16185e-06
16459958.932238189504 1788 1.6891553731605559729 0.0054377123894786914132 0.080747156699447694694 0.38356853092204235001 1.5216716522292452751 1.9136217697494466439 1.9084957736157801556 1.9033651866214069681 3.71294e-08 1.20621e-05
16459958.932238189504 5962 2.8804540919370227314 0.14425083131091576139 0.16336773022378722753 3.2683197354934350187 3.6433792122520114454 1.727591316467593785 1.582973401372562483 1.4387332647687303133 2.88829e-09 5.14909e-06
16459958.932238189504 6826 1.579557558394570238 0.32018050483231280667 0.092530287188931678588 3.2310404090537843125 2.1215373552005774016 2.0990866035992241656 1.7918561502406911146 1.4794670406257948159 2.5665e-09 4.95029e-06
16459958.932238189504 6891 1.3730228124584751281 0.17125917199360216059 0.26454819215176278435 0.13175076561011789256 0.21309301364714849925 0.57386546999776755218 0.48658287184924553515 0.40650069550067791102 4.39964e-09 5.92455e-06
16459958.932238189504 1399 1.4778071526916225498 0.29150132781834153795 0.19480908403746777235 1.443622557377444382 5.9034114633383278914 3.824044440093611108 4.0357487388512165438 4.2630267619721466943 4.64728e-09 6.03369e-06
16459958.932238189504 6432 2.0595522417148237615 0.15472956114854177767 0.10831342947630138995 6.0320958260425978636 1.0818082937290076639 1.6922840211949596867 1.536608221701524446 1.3819690777536459692 2.86603e-09 5.13583e-06
16459958.932238189504 5597 1.7614505517531682255 0.33663483059348864312 0.17732842366893195041 2.6136790812643644344 2.3090267725651334452 4.2149494090960306636 4.5441580274249560034 4.8760404212107832933 2.41109e-09 4.84828e-06
16459958.932238189504 6928 3.1855593989988619796 0.036316046079083702525 0.20458475274380724662 1.3030762678288834167 3.0208489938192206736 2.7815032408000961439 2.768481597754341994 2.7552438832801517954 2.08658e-09 4.62021e-06
16459958.932238189504 5187 1.9838529048301263291 0.20819869260522358423 0.11100548532826140513 2.5157431505634386681 2.8376413470397188199 0.51635436320346150829 0.42121203160251452502 0.33608648882902647514 7.38199e-09 7.04003e-06
16459958.932238189504 5640 1.8639748001804787858 0.028478512412886864552 0.12325825135294903034 4.6008272875560285442 4.0981084135162326731 5.6281764978843655811 5.6453339520822369835 5.66229207024303971 5.24602e-09 6.28242e-06
16459958.932238189504 5842 2.0580447931012191276 0.086341190430092931707 0.25894896383464360845 0.67216524057733983977 3.2387582608459237754 1.2205139079377071987 1.1404950255785590851 1.0620246890248783433 2.75394e-09 5.06798e-06
16459958.932238189504 1444 1.4077208270426766479 0.20141757736738735707 0.069484990514303665576 4.8968748537495825346 2.8152065952094331713 2.8613910253151821905 2.7990330937828544755 2.7313771241021220781 4.82654e-09 6.1103e-06
16459958.932238189504 5566 1.3267350157292998603 0.10452790058184938116 0.077049958891230799218 0.55929242480538587934 0.59354064869580436259 3.2832445364528246579 3.2988516098301081669 3.3152218893181091275 1.33774e-09 3.98389e-06
16459958.932238189504 2364 1.5594343997116471012 0.038371138844291559356 0.17060786356450474699 1.5823509222419600562 2.0845626623394739596 5.6783912761251418289 5.6998768023774708524 5.7210111795135523138 5.09377e-09 6.22104e-06
16459958.932238189504 5424 3.0390234705601613108 0.15034852957118144401 0.23888692321405663455 3.6959685310834640148 1.9160029967902516557 1.7699291295987802375 1.6197418314861873334 1.4695733581263523693 1.80053e-09 4.39863e-06
16459958.932238189504 172 1.7041567381435223094 0.12103535274188353954 0.024240427236976426484 6.2651622344893782568 1.2604674387466474617 2.9156899878312874108 2.886769595522374221 2.8562597076875695379 2.7327e-09 5.05492e-06
16459958.932238189504 5929 3.2000640790026024796 0.099013655514788176393 0.22920704353083815041 5.8407285160908593014 2.0523648812796366769 5.301529038624730461 5.3817958612517138306 5.4594413645870076834 3.18574e-09 5.32011e-06
16459958.932238189504 1642 1.5907910541009604444 0.16693126467251104272 0.082917123885226845514 3.546424104301618474 1.6459067133133944427 0.38214314148072742183 0.32400498991140697091 0.27085979999477410862 3.49461e-08 1.18209e-05
16459958.932238189504 6775 1.7583343696404676315 0.29599709843026195122 0.10423102390052231547 0.5266528245672116304 5.7128114752765863926 2.9344601040789419777 2.8613944873673453628 2.7795376465938410604 4.4281e-09 5.93731e-06
16459958.932238189504 5069 2.7298423848001394099 0.063049131665419505532 0.08849439762492120054 4.0387693244345044263 1.6815720265905869102 3.3501248382451618291 3.3636065395677814394 3.3774896131917775399 1.18876e-09 3.83014e-06
16459958.932238189504 6759 1.8429611083231134394 0.39016938756179564418 0.38255176378645694424 1.886132736901683371 1.1431182006750923996 2.7824360373493512988 2.6065599273581345763 2.4076245767813944099 4.8924e-09 6.13796e-06
16459958.932238189504 1810 1.9183140248093737412 0.13951634394305034714 0.064366723172847625789 1.5459144026769233715 4.7559352653653572673 4.1270559091747012204 4.2484771066143158791 4.3732478254368958304 7.36354e-09 7.03416e-06
16459958.932238189504 5072 3.1119925691241379084 0.12231498920461039703 0.28209609598663382135 5.6284660465713773903 0.91332467551600171607 1.3655942216026357716 1.2470182550126651666 1.1310587292530736025 2.73643e-09 5.05722e-06
16459958.932238189504 4722 1.3130992539550070397 0.19730571821245834752 0.085775109943438218596 1.6727787657303316848 1.5563162439159816675 1.4558456321920592025 1.2607540662686431698 1.0728557511054859219 1.70563e-09 4.31995e-06
16459958.932238189504 6175 1.2256321665399383392 0.14983027692853737034 0.099198637566028882717 2.3650416862325087664 2.8237863771795961298 5.3829731659485684503 5.4956260520222244281 5.6018007683246464623 3.23411e-09 5.3469e-06
16459958.932238189504 6799 1.5930015909610746316 0.11640668154046567018 0.11720627653793036504 3.891870447571611269 4.2059940167958655977 4.7506099616641730421 4.8669371260927629663 4.9819563781896096799 2.97873e-09 5.20228e-06
16459958.932238189504 5182 1.9166427338709948192 0.12248423477302092244 0.14758007592026453625 3.4334514402348141893 4.7578482861071869081 0.39247604858124457428 0.34798631167518701002 0.30621851277177952744 9.37786e-09 7.62462e-06
16459958.932238189504 5372 1.9417939712573495381 0.019024191347045835837 0.10959869361686282174 2.4099274840583149171 5.296447062674373818 3.0439104400505887504 3.0420371660343104026 3.0401463304431275425 1.39548e-08 8.70479e-06
16459958.932238189504 5855 1.8430286961988879835 0.099061392123563241086 0.011702250281879765167 2.5343544282040815219 4.6612393748291989226 3.6432004406234099747 3.6931132409362317226 3.7450197226165293785 1.88487e-08 9.62226e-06
16459958.932238189504 6156 1.9860378545042280951 0.14420715945340159547 0.081996259969512513832 3.5407548443584087039 3.1189249277447417263 5.5086839464292465252 5.6049982224163414912 5.6954712443931132526 2.69058e-09 5.02881e-06
16459958.932238189504 6622 2.8875280506826661586 0.34443319502539876398 0.26171996028854643823 2.2562900073381539912 2.6306896705802533809 3.1041180743450080826 3.0879334148266295301 3.0694602597576801095 2.90674e-09 5.16003e-06
16459958.932238189504 6507 1.8515668688991768764 0.38171102726938199723 0.13319872125688508868 6.1548194775335813844 4.4469862295360389481 5.4704355330872642682 5.7226139902578641028 5.9255583541107412771 1.72019e-09 4.33221e-06
16459958.932238189504 6653 1.7239816135059122804 0.052500524810976959 0.18106790102273201404 6.0715820349094622443 0.39615139183163522452 1.6217804898404912795 1.5692537521658107558 1.5167532898182785051 2.19009e-09 4.69538e-06
16459958.932238189504 6463 2.3433116165273522036 0.21158826227290805644 0.21855513433508017007 2.1128921680871148858 3.7009371967538364778 0.45671269150800941627 0.37065673276638694267 0.29401361505572487509 2.40859e-09 4.8466e-06
16459958.932238189504 6633 1.0904320258824240497 0.075093378439974392546 0.19257694733590577374 4.0445987786582655588 5.2052758569654056231 3.7058401996702681203 3.7473690753909325579 3.7901272836216755024 3.02269e-09 5.22775e-06
16459958.932238189504 6942 2.8171286506554311657 0.15955364890070020123 0.17852863321822301512 0.74919336675550618487 5.937410865321025355 2.1335959434447171468 1.991939823373378271 1.8463276419162057973 1.34834e-09 3.99439e-06
16459958.932238189504 193 0.94500993436166702555 0.30926821538269166911 0.18788725296154365485 0.57541956350109124685 2.3181010168042508468 2.1797644426953368679 1.8957099955399150382 1.6026232222785428139 2.99462e-09 5.21152e-06
16459958.932238189504 4502 1.5203787978503513489 0.17067795083342546247 0.12189377279233129525 5.126947744381428862 5.4352859131100466072 3.3286104113156205209 3.3635250273215997474 3.4010938066985665351 4.58456e-09 6.00643e-06
16459958.932238189504 5426 1.9387406684202206364 0.16786760119520366397 0.15985055753949312107 4.4556046084161460286 0.50034192171493130363 3.0684992279751610589 3.0550159726959211781 3.0405007020787437888 2.09851e-09 4.629e-06
16459958.932238189504 196 1.6288007159401181045 0.30972714860437683404 0.28982463744435554842 0.67050014920891309878 0.28176306685247060058 4.2609968713190777834 4.5656112073589341094 4.87200800476552498 5.83048e-09 6.50756e-06
16459958.932238189504 6690 2.8731479338362539977 0.13306691293645508956 0.070262820787489466134 2.8159010634258390127 3.7699229689636992724 1.8410220708876539053 1.7100590456325723832 1.5782804054321670773 2.63564e-09 4.99435e-06
16459958.932238189504 5386 1.9051542873912408194 0.18886095414647094404 0.18002327723089533995 0.47032740265581651773 6.0963378095189524331 0.88013221473707692333 0.74185969991158351444 0.61425389351687764705 2.3788e-09 4.82654e-06
16459958.932238189504 5301 3.0521773026768346249 0.1364942300206276049 0.21450965795821952398 5.1498805029687702017 3.2844720094156114598 4.4892957577171985761 4.6248851890523834385 4.7608571901663294668 2.88595e-09 5.1477e-06
16459958.932238189504 6457 1.8954364556501650529 0.32247969210441657095 0.29296179509520431372 4.5722426978145387366 0.76724377980364644181 3.0928452216795982999 3.0734995310667905244 3.0515578471280764283 1.33039e-08 8.56728e-06
16459958.932238189504 5100 1.5541768167265797018 0.10879645666893768274 0.066447577387918677072 3.9421543805141863182 5.9736303792663596468 3.2668310630517640725 3.2812412507458410538 3.296385188906829633 3.86655e-09 5.6749e-06
16459958.932238189504 6055 3.2331552902767541902 0.048354758766062613806 0.076239204542637065143 1.9697707882010724312 1.808932800941248864 0.90011889288428614808 0.86278135642085695967 0.82604845646367963674 3.0525e-09 5.24488e-06
16459958.932238189504 5142 1.4654078012550471044 0.059233308992787572778 0.096275243076368963169 3.1615243874529488366 5.3286618100660083641 4.3659606625818643266 4.4222760313316831216 4.4790340734189495464 1.02472e-08 7.8533e-06
16459958.932238189504 5984 1.2269159568290999296 0.17431696285427311643 0.19602611238975881092 5.9095774738538340287 3.6490557187565482167 5.0265873544050752031 5.1888773120355198287 5.3437772941563368434 1.83318e-09 4.42505e-06
16459958.932238189504 6291 1.8102883647734870909 0.25904664245732622607 0.1280435464418400171 1.9178613165836488896 5.4762548531594248402 3.7941908314748746811 3.9724697610020345273 4.1637816711906348033 2.82649e-09 5.1121e-06
16459958.932238189504 6390 3.21770574408602128 0.081275322589842630139 0.2866462485804003868 3.5043443074869728981 0.68157960797071659442 4.1368861319516492259 4.2067014381132992185 4.2778044737685529952 2.74624e-09 5.06325e-06
16459958.932238189504 5954 1.3924400062380040133 0.13882597391280135368 0.10894039089900534045 1.7804730262578045696 6.0652774834325819953 3.5153989057317960309 3.5698634446940396003 3.627517647913718335 1.68237e-09 4.30022e-06
16459958.932238189504 6542 2.2009806573695862575 0.32439126324676142987 0.43278341482726490064 1.0940104535710934996 1.0949952609720596808 0.92987057070970524641 0.68804025098630661184 0.48204384727293825286 2.35942e-09 4.8134e-06
16459958.932238189504 2329 1.3078739783575725752 0.24868587822192522729 0.09957249762163841722 4.7189788169075459479 1.8936264871567716206 1.1786069240683698656 0.95680282695398410908 0.75353849382311521854 2.01911e-08 9.84548e-06
16459958.932238189504 6286 1.5779606262437795294 0.33209404800992037288 0.20265787354356998295 5.5852176135908422339 2.933533362496796304 3.3194362746484515903 3.3920970927239557646 3.4744207779908036215 2.66284e-09 5.01147e-06
16459958.932238189504 5405 3.1578377217921627107 0.081012254813240633378 0.15994630721803163032 1.4867686107611994828 4.2386969334216804128 1.4196775674746597851 1.3399859646398633028 1.2611220469992758808 2.93677e-09 5.17774e-06
16459958.932238189504 5098 3.2029784072107894133 0.10243750053946547307 0.13753875582133348598 5.5909689328015144127 0.039634119697946106065 0.80301670661163204734 0.73169827309114432445 0.66325627742505621764 1.90652e-09 4.4833e-06
16459958.932238189504 6419 2.7575342552280792674 0.63422272571882065684 0.47200865449268858409 4.2471333860672100258 2.4517915857662844203 3.3650146464296342153 3.6072191802481192724 3.8919742224672253528 1.9765e-09 4.53749e-06
16459958.932238189504 5368 1.5251685206129168559 0.233635249025998748 0.079462578507984577003 3.2600635653105225487 5.4071249570658812544 2.6420806248315189535 2.5155989964217098098 2.378711449073431794 2.65835e-09 5.00865e-06
16459958.932238189504 6721 2.479161456839290345 0.14498706089532009678 0.33627434422375934719 0.23940454494892632331 4.0240007682445266823 5.3503653357865399443 5.4624642029545915634 5.5685421870859492799 1.66278e-09 4.28346e-06
16459958.932238189504 5510 1.7026148587732194972 0.26497024129561486117 0.14968706038356388577 4.8182275997704362425 5.5399058811829142712 2.803910582466069279 2.7015821525320280472 2.5887183522600087926 3.25682e-09 5.35938e-06
16459958.932238189504 6261 1.8179487011074775271 0.3812790484547504688 0.080136021369633020361 0.763577276351478762 6.2677652877177916224 0.66661886811359494232 0.45540660425615697715 0.28770958814804409309 2.48402e-09 4.89668e-06
16459958.932238189504 5274 2.2067367717643948666 0.36048869387272303166 0.32770481512314647565 0.74036569160092424724 2.6904215799482864568 3.3255842321883131163 3.4091075928194429778 3.5043975830704634511 5.75566e-09 6.4796e-06
16459958.932238189504 6437 2.2979102154369868138 0.37583011336111810108 0.20317214540289049718 4.0773639446754899041 3.0842388689401034618 2.7731419857923222949 2.601791023558363225 2.4086271844388162933 2.58679e-09 4.9633e-06
16459958.932238189504 6695 1.4713680107229116789 0.24701764769333614535 0.11550379089790248355 2.7223997925002536569 0.062259699541904932329 3.9988556483682522469 4.2047921388628948236 4.4206646044092865466 9.88303e-09 7.75914e-06
16459958.932238189504 6034 2.0590200095654194179 0.33320971029676405006 0.34235961200865749898 1.5563331485115063924 2.3211611484527647775 0.08690348006189368979 0.061477924264322532377 0.041005784481262921859 2.45369e-09 4.87667e-06
16459958.932238189504 6113 1.5011594518308493118 0.26393322695291576707 0.13288892085414263922 1.6711116555878020584 3.7654978827155489718 3.2320987186012581915 3.2601337017437854726 3.2913474007083172168 1.07283e-08 7.97432e-06
16459958.932238189504 6263 3.4461106641479837265 0.1067323968020538888 0.27707793202666342047 4.0378531799445216421 2.1356645115585197736 6.2713901679779455733 6.2725885368432514611 6.2737195343724225793 3.1828e-09 5.31847e-06
16459958.932238189504 5748 1.7574313008897488597 0.20398257717867826488 0.11084537865622130781 5.9337796564002642796 5.9161454206606469697 3.6058732626350038508 3.7074667763899138428 3.8168328277219143452 2.75123e-09 5.06632e-06
16459958.932238189504 5053 2.9803200327310745976 0.14379934486482529032 0.28698267676929672954 5.1516456055083086341 1.343193690914938232 1.1377835379520493397 1.010607991804851169 0.88878764989108627326 1.90259e-09 4.48021e-06
16459958.932238189504 5116 2.7280599105412730587 0.069784382893508301038 0.047638443337189077809 0.58690608564947810422 3.2126259079811489983 4.2216733724860224797 4.2843090652373891913 4.3477964195141236559 2.56354e-09 4.94838e-06
16459958.932238189504 6595 3.0377485557247498882 0.099572080461053313893 0.20255063821369870269 1.3847552770339774941 4.7602375281207951474 3.6673221463846985557 3.7196644707697097409 3.7740716578395638869 2.5233e-09 4.92235e-06
16459958.932238189504 6538 1.1974141887597764544 0.35778288973940708395 0.24026297737406959731 1.9773025512748783061 2.2231651590837198107 3.6222109756982163731 3.8261497645513320442 4.0523866076892094412 4.1002e-09 5.78698e-06
16459958.932238189504 5762 2.0555222911611514824 0.10917035577625321119 0.1417127396789669147 0.64315288039294205014 5.2305855601461122006 4.2418041774243553377 4.3418006631518757388 4.443559928156010308 4.50081e-09 5.96963e-06
16459958.932238189504 6628 3.3351026051095429281 0.023365066150068308781 0.16656677547141618412 3.5679593730888483627 0.47621749939769053572 5.393710120202893421 5.4117281264090522086 5.4296086581051623554 2.5094e-09 4.9133e-06
16459958.932238189504 6808 1.7311446581871745565 0.15152847696201066086 0.15261162881484727216 5.9946809218926198071 1.7171780475512947728 4.8374286716107288697 4.9869444204201061055 5.1327975227455988616 2.07842e-09 4.61418e-06
16459958.932238189504 5481 2.2231291195974782759 0.37296415198640542332 0.39105062458362144229 0.49673240716261207739 4.054534670468605384 4.0813598601811307276 4.4304333846816268405 4.7886703612564431864 2.0621e-09 4.60207e-06
16459958.932238189504 4662 1.5026815925871330748 0.14362138089789142081 0.12932857888621612785 3.2982942579169751696 2.0527065609913739408 5.0741765487424270731 5.2056470456744410313 5.3321480181007849808 5.28399e-09 6.29754e-06
16459958.932238189504 3089 1.7088170120365862026 0.044737940572811905893 0.24225488377830195486 0.24296528506188116991 2.04538315127376924 5.9085590364435818245 5.9246034318201168389 5.9403040626907808175 1.46985e-09 4.11094e-06
16459958.932238189504 5878 3.2045698717313029213 0.061679347298424828938 0.053581522640183960882 3.5156915926110885451 3.1024713607683054306 0.34756443735201203449 0.32712969847164435899 0.30731050383709690443 1.44428e-09 4.08696e-06
16459958.932238189504 3948 1.5669860304267055895 0.18652540328768674183 0.042211594822419797046 4.796696368120975329 3.9672356217449498139 3.0504011323850055426 3.0314937283743716989 3.0109989460954795781 1.41396e-08 8.74303e-06
16459958.932238189504 1298 1.4248335678553203376 0.18787756392040369513 0.061289268584070154267 0.63015376734941452863 4.4177002893568833031 2.3142968091591140656 2.1654663927030828319 2.0098411342701205662 2.27299e-09 4.75389e-06
16459958.932238189504 2498 1.7609337773442059749 0.37668227867270170917 0.13604261470756051633 1.687835882158870815 1.5475365472457469629 3.2174017141457302849 3.2541910262103597162 3.2965152714150405266 5.39185e-09 6.3401e-06
16459958.932238189504 6200 2.0962127152919536321 0.12743872474715836618 0.040637889130445761787 3.4842619419644011991 5.3795094663220961451 4.6538066814943492844 4.7818526359358415334 4.9089840256604153623 2.64335e-09 4.99921e-06
16459958.932238189504 5535 2.2906353904096725671 0.2824937465997647279 0.098083652137418181338 5.3214435132724808852 5.1161409109075952628 3.3442753468270902673 3.4118435868646015408 3.4872618662832959302 2.07392e-09 4.61085e-06
16459958.932238189504 5450 2.040624495762794588 0.15837207561311786308 0.11804809973343455276 5.9625039470672760444 6.0213620264305260932 4.9908514069492166954 5.1405251022552809204 5.2846026990969630077 1.88249e-09 4.46438e-06
16459958.932238189504 5733 1.8792922127405824462 0.15810876950468863433 0.061922590751705017253 4.5639005770149276842 2.0235202184056264585 1.9991989799932923244 1.8498000832379113412 1.6978053357573483773 5.33623e-09 6.31822e-06
16459958.932238189504 6450 2.7267549840336640088 0.34800289580876092588 0.20493760225579535361 0.39909355040440780416 5.594363944854777948 2.6680334790180233462 2.4736482434365218985 2.2581044856506999885 1.74846e-09 4.35581e-06
16459958.932238189504 6407 1.7258450911960601104 0.067873016013543299718 0.1950904211438884428 0.82788643675988160542 5.9402053647978556583 5.7391797416594751979 5.7733523032347182635 5.8064764727226325647 5.15346e-09 6.24525e-06
16459958.932238189504 5576 1.6807884182356775948 0.22925332870689033027 0.23921046168984161362 0.17120137804412818849 1.4324671916834188501 2.2740878745697492569 2.0830590541778786218 1.8832332186538693897 5.46785e-09 6.36975e-06
16459958.932238189504 246 1.2861981830366500112 0.18716488168440267859 0.078822461904386589837 3.3454571779900721396 2.5823368407885456399 1.3040269349788680131 1.1267623742953354338 0.95774760358069099819 9.52298e-09 7.66375e-06
16459958.932238189504 5992 1.9414159928290581902 0.21294740507761941717 0.11972576842855324475 4.3090173906849935648 2.5730856440996201506 2.5402686893323944695 2.4067192763257043708 2.2639394855108050386 5.52752e-09 6.39283e-06
16459958.932238189504 6196 3.1265049087773011394 0.31366357207534006912 0.030379227140471792151 4.895846566914071829 5.4095077039972041533 5.3582785493423772394 5.5914925054402360161 5.7915602541927002633 1.25424e-09 3.89922e-06
16459958.932238189504 6421 1.6125658888109608569 0.05008622875423464349 0.055159134323479498685 4.7753982419441287632 1.249294696283442585 2.3336363433391902333 2.2967732632242023882 2.2593162157592274752 7.15956e-08 1.50134e-05
16459958.932238189504 5394 1.6646322123353456401 0.28887875701048904009 0.15979107161081612665 2.8279351609674465706 3.9897367822195133336 3.6616423222565397388 3.8294694679453225028 4.0128780853076735369 4.23442e-09 5.84945e-06
16459958.932238189504 4243 1.8770222580505364629 0.034186005354277286539 0.13688852681756846774 1.2402647631119281257 3.280144276979878537 4.971074118980979506 5.0039853881974831751 5.0367282709330298829 7.70334e-09 7.14074e-06
16459958.932238189504 5711 2.3383536738974739499 0.19424925510814100571 0.87266196443031440744 5.0912179697214021701 4.1066725024536800959 3.9800381947731255927 4.1357884134391973419 4.2986316012486343041 1.73005e-09 4.34047e-06
16459958.932238189504 5322 1.5156714639801427413 0.31663646273557793931 0.13097377409300881013 0.16747975729473485451 0.66183208220241862563 0.074943302386617935418 0.054003705078081137847 0.036912473233557487051 5.00791e-09 6.18589e-06
16459958.932238189504 5046 2.0414751526758601052 0.17181260089970543103 0.22144476495898290924 0.62658378247007640027 3.7327982071175660472 1.2296611971000397379 1.0714576378041029692 0.92062345523612743037 3.3008e-09 5.3834e-06
16459958.932238189504 5351 2.98237802500924154 0.16664100732311587505 0.12352867376604961813 4.9018379615505232039 1.3723070064658677847 4.7556320055958067883 4.9222965520679906604 5.0852798189664776274 2.44807e-09 4.87295e-06
16459958.932238189504 5321 1.9743770111891139063 0.18329985439107063239 0.059321201733997998284 1.696989807087101676 0.94202132711090058592 4.3647794787821547757 4.5437599369901739976 4.7244598263388661863 3.33881e-09 5.40398e-06
16459958.932238189504 6337 1.7644981444313350138 0.15411392925331682258 0.11921441161566317946 2.9888888618544315889 3.3702173956172236657 2.6425834602965796449 2.5630110408313164783 2.4787358485767470029 2.57504e-09 4.95577e-06
16459958.932238189504 6131 1.3859983975659457833 0.37476571845926970328 0.11882181411184593312 4.8775342047037737458 4.797757140838361245 3.3708674478743123615 3.4798053471286478633 3.6041532004746636986 1.45631e-08 8.82947e-06
16459958.932238189504 1239 1.1473229293383986338 0.19881846933806035516 0.19825732758011466172 1.3415826253303313464 2.2193619691726489407 1.8096100718835703702 1.6104005356432313789 1.4117379686502755654 1.31823e-08 8.5411e-06
16459958.932238189504 5775 3.0396718285580299757 0.046836627911618494702 0.095108802423650259938 5.7868298010638898887 5.9971931707626815466 4.4281035928239482757 4.4733748193642899338 4.5188799680918130264 3.02463e-09 5.22886e-06
16459958.932238189504 6935 3.4960883412096541711 0.069152186919737484994 0.44832520512981544059 6.2116433665150241339 4.8307082041681210782 3.9336935763312137482 3.9841945868080905768 4.0358082087530346982 2.603e-09 4.97365e-06
16459958.932238189504 5807 1.8331819200659471569 0.12632228115606142227 0.10695022812571873538 1.8327892353880996801 3.6442173910989281715 5.4235447522470563442 5.5157478642974311356 5.6034525736886404701 4.88354e-09 6.13426e-06
16459958.932238189504 5927 3.4960590919167096047 0.10022631856377715864 0.18796645174684897817 0.036318014732097510244 1.1092694662607089917 1.8834404749462576589 1.7864076840346430064 1.6885020276862583444 2.21586e-09 4.71373e-06
16459958.932238189504 6445 1.7913469163272150997 0.22362722960220596247 0.15916556495839959129 2.1626417640374633322 4.5848720786732313215 3.1973907648725101716 3.2116323134149240559 3.2272822858798035917 2.3322e-09 4.79482e-06
16459958.932238189504 6807 1.8335375484741540664 0.17539300895078893672 0.14804544010883127769 6.267106870263301488 5.8712804781520731012 1.3505882786297798148 1.1817628361340763998 1.019475879746424285 2.57067e-09 4.95297e-06
16459958.932238189504 4541 1.8603761271405507838 0.070256627744102281841 0.12559559216016558114 6.1250489621702977061 2.6345083418404349196 2.8903840693600320044 2.8722822259804114964 2.8535892710153132334 1.52721e-08 8.9705e-06
16459958.932238189504 6123 1.2125582712749249925 0.14555679392750947576 0.019119546784304868731 1.0906701718084228503 5.4143598670449044619 5.2086249656917020801 5.3328181620824803844 5.4512473925238396077 1.87233e-08 9.60087e-06
16459958.932238189504 5407 1.5451544688944123251 0.19171784781073653026 0.17393960783275350113 3.889517691217593498 2.8512786594654015992 2.3963640015724365639 2.2553236585349609733 2.1067963899515818049 5.11323e-09 6.22896e-06
16459958.932238189504 5704 1.7137818803775590748 0.19323668581273409361 0.09411080521182894898 2.4768936114874793297 5.9398192647392704657 0.49289981518911785141 0.4079488211967406408 0.33128655026013437146 1.97064e-09 4.533e-06
16459958.932238189504 1127 1.5429719435169264585 0.049585565323385233372 0.15669438309929803466 1.3570618177904085755 4.93190705653801853 0.6092237286774883076 0.58139977436398737609 0.55416766658425298253 1.29908e-08 8.49954e-06
16459958.932238189504 6005 3.0309444685519006946 0.15776110140565571816 0.37881177137992072534 3.5981370535129815202 5.6747604859989726478 4.3354015136631947058 4.487159564358369046 4.6409360774145760331 3.36675e-09 5.41902e-06
16459958.932238189504 5476 1.9291111278044534849 0.2487830051253539787 0.1577826447521322728 4.9574458127378768779 0.15385390652481428786 4.3548709928343711795 4.6013459422729727777 4.8485967063909445329 4.35596e-09 5.90488e-06
16459958.932238189504 5997 1.8598014496426624742 0.31573395100477213981 0.069281991091307934538 4.9095824721284397896 1.1963327380816155543 2.7816274610196103367 2.6472972842485842371 2.4975094731200115916 4.37918e-09 5.91536e-06
16459958.932238189504 6710 1.9153484460402656619 0.090625748559969174223 0.15264829949315866786 1.1021956306726399255 5.2958528433845204475 1.8442719496027606407 1.7558062816782933346 1.6667271141334289997 2.35382e-09 4.80959e-06
16459958.932238189504 5938 1.4877896326965971419 0.2838838111959346433 0.22547504547564561905 0.42590381254798814759 2.0281902180299811178 4.8290760098770064701 5.1103062783888830722 5.3720102582482320841 1.88863e-09 4.46923e-06
16459958.932238189504 6827 3.110429802499123042 0.1267499563529835005 0.1341160009778119 3.0529775163182217845 0.89892277662868824706 0.3809327266213746177 0.33626443960061414007 0.29444163658719313403 3.04652e-09 5.24145e-06
16459958.932238189504 5420 3.4596969302115847533 0.13635257465395531074 0.3112911056175863278 0.68818574391087472542 5.0608592227032325184 1.5002139163345211692 1.3644286615498593118 1.2309692625657562282 2.55489e-09 4.94281e-06
16459958.932238189504 6167 2.1068741310599530259 0.20798702591432519093 0.28859903283923876716 1.1969298244553014943 2.9885576870244863201 3.3281974585429598967 3.3716988838359762681 3.4191367633485776345 5.7681e-09 6.48427e-06
16459958.932238189504 6036 1.3621443739591880817 0.34529634117496321721 0.14287671774784352352 5.3540838841392872638 0.82128340103826946716 2.4454773351891301303 2.1823935963453644504 1.899688449982796179 2.34807e-09 4.80567e-06
16459958.932238189504 6312 1.54514795082895251 0.30120717376100147877 0.12605200718543163596 1.4921985904837589132 5.7248939889915924084 2.890734622553114086 2.8008071205161058082 2.7001353835394414915 9.91994e-09 7.76879e-06
16459958.932238189504 5195 2.7697022998882876443 0.065143984416799707859 0.071167487108186169853 0.81132101141975143666 2.6932023959755659881 3.2685545401074005412 3.2770878642976750683 3.2858875788198043111 2.26107e-09 4.74557e-06
16459958.932238189504 5651 2.7469919528191528713 0.16756589607333866043 0.17545602552608693947 1.0320602293805933858 0.85459466496734171059 4.3398033598679770506 4.5016106500160715242 4.6654680393124730031 3.34796e-09 5.40892e-06
16459958.932238189504 6056 1.8592236169866915851 0.15145657855897254329 0.22938265302108823418 1.9511969527562169624 5.6201134992476671215 4.417525162565055119 4.5663102637756871616 4.7161537485634630329 3.00235e-09 5.216e-06
16459958.932238189504 6170 1.932783229131422198 0.15622387579250343603 0.16267981960255556428 5.8661520948769290129 0.67565245442883192784 4.6882862446163624526 4.8454036759558931635 5.0002475607932552748 6.44558e-10 3.12323e-06
16459958.932238189504 6886 2.7520068909837185345 0.22046655779589124924 0.42565065996261680636 1.3427345605062572798 6.0124698287888325154 5.2775245092247704548 5.4549330639643409668 5.6173619604703208807 2.88448e-09 5.14682e-06
16459958.932238189504 6185 1.9530216549536796311 0.040504223350452256414 0.12780043211113828461 3.0626303576815860907 2.6615064682251752259 1.2386647806531296823 1.2006144024604843423 1.1628538726802570835 4.56223e-09 5.99666e-06
16459958.932238189504 6037 3.0320612361703767057 0.09385382519446902605 0.33269097427639049425 5.2520069282550831957 0.25267328663547883316 1.0977988094045059153 1.0158669482649240745 0.93609704847974550823 1.83549e-09 4.42691e-06
16459958.932238189504 5776 2.0284564882941387154 0.43522983784603913593 0.17825790860224882683 3.5930796362852288617 4.9719918988944131755 3.7976923168869829439 4.1358179651388695675 4.5006871957595251388 1.75506e-09 4.36128e-06
16459958.932238189504 5846 2.7994866106896010294 0.16378093193623188828 0.09762861111196387276 3.2730014503277033988 3.2034755318360370602 1.629398593490175795 1.4643642823404854347 1.3015101122520151833 2.37403e-09 4.82332e-06
16459958.932238189504 6333 1.7084266579387956675 0.16897859524688632615 0.11742037348729590651 0.5855982247651417838 3.3224070222285604359 1.0649503256351624536 0.92220246859621635149 0.78753768260529233292 1.94245e-09 4.51128e-06
16459958.932238189504 5488 1.7091768102276867491 0.18034524009442071124 0.15229696158874075906 1.5459248766305992984 0.84883771410844699457 1.8206868285615469549 1.6409318451441095021 1.4610299815584113503 3.37985e-09 5.42604e-06
16459958.932238189504 6244 3.2266771336704755946 0.11746748326219430547 0.3571386520798177644 0.48306511471771679256 0.15426165492618434949 2.4361546642105165184 2.3561802334144230642 2.2731169952419922886 3.08558e-09 5.26376e-06
16459958.932238189504 6192 3.2161439144516918986 0.22784303734513169926 0.35056414131522611877 5.8153539248457928323 4.3878195583254067103 3.9363649922211316756 4.1151628108152262797 4.3035659131446664105 2.79503e-09 5.09306e-06
16459958.932238189504 5914 3.1940462357114269842 0.0095507583490751692817 0.15719315342633591315 0.53315828767459105819 2.2343601839826328082 0.80017366755300944892 0.7933438074138914331 0.78653695500562315068 2.63408e-09 4.99337e-06
16459958.932238189504 6739 3.1981705258172810069 0.057960594164283466001 0.18369603762653896606 4.2204802813883315338 1.1141906380979955671 4.9360871216118171745 4.9922746893434712945 5.047979863892871677 1.84353e-09 4.43337e-06
16459958.932238189504 6164 2.0016068969881759543 0.045392093531244223636 0.0032124809733196008944 0.67824419001690339215 4.851805929008568441 1.6323291196691434024 1.5869439767320800971 1.5415578009892405564 5.09634e-09 6.22209e-06
16459958.932238189504 5361 1.8330418274567008563 0.33123444699909698752 0.13341021885239434663 2.143763210378936801 4.7971249167075704634 4.2604737514239836571 4.5887864574132937179 4.9174938930986753505 3.09083e-09 5.26674e-06
16459958.932238189504 5650 2.0815658155979943622 0.026608724050434084257 0.13528958148983910581 1.0458380684282584383 2.0878683012369649852 5.1077034329388828482 5.1321378872214502564 5.1564367424589354627 9.54988e-09 7.67095e-06
16459958.932238189504 6814 1.717284839476831193 0.29722120425668874244 0.21378512832934137844 0.31189208445574334583 5.0312874690810742706 2.5716008546823618808 2.3839680845983011181 2.1797183551213841213 1.89305e-09 4.47271e-06
16459958.932238189504 6631 1.1499158095813564184 0.30214299613312539661 0.2171075808526561346 0.65854503860131075044 3.9457076140185671775 3.4890017257000400797 3.6121030286124167219 3.7490769153488012755 2.32153e-09 4.7875e-06
16459958.932238189504 3400 1.0547934384582549061 0.073442851484444862664 0.19886875272188189734 4.8758503131759249882 2.3132564833506616964 0.19421680399987964472 0.18051778534789847397 0.16733193149339870009 2.20416e-09 4.70541e-06
16459958.932238189504 5798 1.6916382743358813201 0.071003852743134115988 0.13816804631628734623 3.1209485054927266212 4.2541897543251492309 1.1737764507938952541 1.1091242013110889086 1.045553819430403486 2.01067e-09 4.56349e-06
16459958.932238189504 5551 1.600961778763517751 0.29456892950297003386 0.098749579162630815587 3.0443133082481499407 3.9651182132387674528 3.033172495123920509 2.9948384233378022579 2.9517641897578537069 9.09521e-09 7.54723e-06
16459958.932238189504 2928 1.4184335745364025083 0.31902483230998179842 0.1328189055999748347 0.31084062147283070265 1.7163777553988504021 0.1461025489459538973 0.10506804731258434504 0.071610368706765653579 9.69793e-09 7.71039e-06
16459958.932238189504 5185 3.5355534043431262603 0.04974107998242401768 0.23480739512691589654 4.0560503444085656 1.4892282843948276838 5.3689885930607283981 5.4078167408477515465 5.4460069323123141416 2.64564e-09 5.00066e-06
16459958.932238189504 6227 1.4406775023772133704 0.072598520617828857238 0.20410381535750890536 0.20418781871152544283 2.7332024871851543502 1.8268861712800013031 1.7559387696405988066 1.6845809549239771918 6.71025e-09 6.81966e-06
16459958.932238189504 6499 2.0044894017755456872 0.40485124056935178904 0.33163531441228871754 1.7454493769805519143 5.5297026689835515612 1.041938307047485468 0.7149173528951813239 0.44951509456888061322 2.00728e-09 4.56092e-06
16459958.932238189504 4406 1.4656051009044097633 0.13612857770808384217 0.22150454744500494564 3.1610512852764589553 1.5031228873236750498 0.57080861154296536064 0.50096181178214194141 0.43558342335358812836 4.822e-09 6.10838e-06
16459958.932238189504 5453 1.2361393554529258587 0.15252247067849228346 0.11581280139871390211 0.86588291652470195103 0.23812021241077513389 4.5153903638386481134 4.6678403742504626095 4.8202115235637625901 3.03837e-09 5.23677e-06
16459958.932238189504 5134 3.5179223753484230031 0.072318956192566424823 0.31170920723405326491 2.530805612452815101 3.4687765911091723581 5.8401782881686798987 5.8702335411914479124 5.8992562023822898709 2.31886e-09 4.78566e-06
16459958.932238189504 6863 3.1376140598697785933 0.13293123142884522014 0.098719170274928658149 0.017737935372714910831 4.9073399553354857261 3.2715511772037300098 3.2900810833760893992 3.3097473771220018435 2.72515e-09 5.05026e-06
16459958.932238189504 4313 1.7064292624648600416 0.14456415411344525346 0.015771608788518284849 4.6705934386341008135 0.55477569546407012879 0.33597312601418061195 0.29114376874265346373 0.24964691060692772995 1.98502e-09 4.544e-06
16459958.932238189504 5577 1.92792052940905978 0.28223804821380044094 0.18489216755993648222 0.52543407441658129819 5.3173969914467367204 3.4929370882053589753 3.6074695906529847811 3.7342527435261292368 6.01747e-09 6.5764e-06
16459958.932238189504 5417 2.0434664188811511032 0.25195024652383601893 0.082278246561948042981 1.5224850020400937378 0.31112754023105310131 2.7793310847013263931 2.6763260601569203168 2.5632857923431613401 6.2485e-09 6.65951e-06
16459958.932238189504 5880 1.8451566237281347149 0.096922272461119923781 0.049918245415094562867 2.3044799265562443402 3.7229435982495275859 2.6976008342301973641 2.6539622431134466396 2.6085508822833713971 2.24295e-09 4.73286e-06
16459958.932238189504 5030 2.0748335171947931421 0.33808741563648575523 0.24578117279179634291 5.4498568061346830405 5.4839033157342917946 0.75445845685314294471 0.54353342586522468416 0.36868697975096331731 2.14686e-09 4.66428e-06
16459958.932238189504 6137 1.833111165356305694 0.11390062420108114372 0.065166986184496233925 4.556570704438550834 1.9364078514350344662 2.3896528638901188835 2.308244187227138422 2.223936422627483811 2.35406e-09 4.80975e-06
16459958.932238189504 3887 1.524619434081895486 0.46335912343298402138 0.08960685957662574419 5.9567133862200902783 0.65793368741053892546 3.7355248388579784802 4.0774002965517004426 4.4504407224026438783 2.52093e-08 1.06016e-05
16459958.932238189504 3103 1.2496911818394660365 0.18273879655944752498 0.079380433587591364697 0.11938612490505705332 1.5951812016364244062 2.1270202371005888509 1.9628765207776164292 1.7940046396710218612 2.18756e-08 1.0112e-05
16459958.932238189504 5607 1.6683451031841187717 0.037300373191477775858 0.053494448815779457873 1.2857262595309280062 4.0683651975809720369 2.6566443966682893318 2.6389588498436697961 2.6209899451159741623 1.18158e-08 8.23514e-06
16459958.932238189504 5029 2.0879710421472896797 0.25330021445320693996 0.16317904053055315439 2.4162705976875433755 3.568383254930963755 6.2432517099118660653 6.2523600138124599823 6.2601668307579663164 1.87308e-09 4.45693e-06
16459958.932238189504 6282 2.8009580851908379984 0.053940494348732812013 0.028658603564936969976 0.82098652362520585513 0.051485017639323199523 0.84487666279445050588 0.8052215330103537072 0.76633129033735924995 2.68214e-09 5.02355e-06
16459958.932238189504 6604 1.5442859987094412766 0.07386338325442728947 0.092874609986883183144 5.817163203387436532 2.225281776437020298 5.4838570664425576595 5.5355369602771169468 5.5857578710197852701 1.33847e-08 8.58458e-06
16459958.932238189504 5362 1.5719288077648547741 0.19268949349015412897 0.11418934615275759537 4.8889441053030724404 4.9500098124036986391 3.9448742259963807122 4.094708922494419312 4.2517940670687242033 1.49782e-09 4.13686e-06
16459958.932238189504 6068 1.6322518399141698886 0.25823720384329557076 0.090445636616010946507 4.8140541226006750009 0.6318360057947868258 5.178260189778265854 5.3989811558071600928 5.5987045826014929517 2.08722e-09 4.62068e-06
16459958.932238189504 5877 1.5519447631867908655 0.11703864560202864586 0.14858438043017149766 1.2330705963707664363 5.0907786999226889435 3.6842146639612542991 3.7480492524309045876 3.8147565436444192954 2.13222e-09 4.65366e-06
16459958.932238189504 5479 1.4315312644738449332 0.32140487713880933063 0.15305166314890567003 1.7045571712109632845 4.9536743728397620856 2.3582983775612587074 2.0959816975203047207 1.8178922289532377654 2.12255e-09 4.64661e-06
16459958.932238189504 5257 3.1589325046077822989 0.0042041583781477877627 0.18983333341705446728 1.1863889621527363705 2.0416815540309354304 5.2937827473651033472 5.2972921147473739367 5.3007973972586119871 2.20895e-09 4.70882e-06
16459958.932238189504 6565 1.6551401607206610578 0.097492096912876038961 0.10757019429327044358 0.42833932612522945815 5.0842413018484906573 3.7895322816861147786 3.8508854039794773172 3.9143817392683311063 1.41094e-08 8.73682e-06
16459958.932238189504 6327 3.0214548527496205566 0.18975752086262506757 0.20433421663750414576 5.9928464191516352955 0.4283796026602914031 2.2014119342009803582 2.037857500276254008 1.8684238846036846926 2.25041e-09 4.7381e-06
16459958.932238189504 5595 1.5028914818804957054 0.39358235220022963485 0.12488434245935821354 3.540852590291222679 3.0628712526149821649 3.7207831670620934439 3.9901362515360472294 4.2854483354157082431 2.78921e-09 5.08953e-06
16459958.932238189504 5226 1.3395680862402905564 0.29122935721876835879 0.17070536589181001252 4.8505101765117011325 0.96082815552603839659 6.1160256370453565111 6.15920896284567565 6.1952220937777253695 3.2729e-09 5.36819e-06
16459958.932238189504 6709 1.3779087074826887882 0.21212280164985028441 0.098068800341334763648 5.7904391091204372444 4.96676976185553265 0.66405172869101403155 0.54226564948810140887 0.43279375148348664393 2.29225e-09 4.76728e-06
16459958.932238189504 4581 1.6845324509378019062 0.1412948788626872676 0.14589093957296275783 2.2781306116821511409 5.2835135120627034766 5.1505682266424281934 5.2752370186683830156 5.3947355853689433758 2.62777e-09 4.98937e-06
16459958.932238189504 5923 3.010056008270711736 0.092796240073484415056 0.12139373700311985316 2.3651768528666590186 2.6424263510836190072 2.7091742481306342327 2.6684899977887952538 2.6262073603194648896 2.22479e-09 4.72005e-06
16459958.932238189504 3796 1.9083300617641971719 0.19260608759178987626 0.056060277564825573837 4.684073255907302169 4.9773922753518720086 0.29734504326846050715 0.24523761532127139051 0.19847539244489054155 8.15222e-09 7.27683e-06
16459958.932238189504 1253 1.5331581639020466223 0.19299066675739715016 0.11227665876555308067 1.8715896200576156438 0.32292499173640265564 3.8826671348789565386 4.0241347787200183461 4.1731922983362901292 7.26401e-09 7.00233e-06
16459958.932238189504 5026 1.2858288880168142754 0.057241927991626202765 0.073491029973824797961 1.438427144090702825 4.0007227806501131084 2.0359673750882318899 1.9841108797144506593 1.931689032559159136 2.52074e-09 4.92069e-06
16459958.932238189504 5437 1.9133159306611948747 0.23118675900382665289 0.1149232590311405483 2.1723269948497012649 1.3281694197081150843 0.52403430574815357268 0.41766742359546232821 0.32389125506359828233 4.54448e-09 5.98887e-06
16459958.932238189504 5114 1.2366425759190204925 0.37016291502494286236 0.047264531374393160823 1.9915036045618079719 5.0754958691136282667 4.2026710285828814406 4.5681621597740393881 4.9344817949112735889 8.67957e-09 7.43047e-06
16459958.932238189504 1517 1.4029744354822559771 0.29117395055543243698 0.12483422427155217715 2.0849659853864204173 1.5750165413904952949 2.9927573929465993707 2.9410199902024669605 2.8830092449258120091 2.17631e-09 4.68551e-06
16459958.932238189504 5753 1.7751049715364537462 0.21012021731166724559 0.089892567237612713837 5.9519105579728703859 6.1530518243411993495 2.4163533776771402017 2.2635278261785560794 2.101839386218340433 1.44813e-09 4.09059e-06
16459958.932238189504 5766 2.0560114577389776436 0.31802473938726666391 0.17283230823927769881 1.7909340368551969203 0.76140272116050411455 2.1103321463368858169 1.8069177290959794746 1.4977173432441226453 1.13863e-08 8.13412e-06
16459958.932238189504 2957 1.4685349563308125465 0.21937968527990039935 0.24353529198300183367 1.3781791997979451203 3.6929460129232509757 3.3926479343375843811 3.4544495154766399203 3.52196977233990971 2.55608e-09 4.94358e-06
16459958.932238189504 6197 1.7674863824835205239 0.13829015670608457711 0.084869642264028169465 1.3066134520169143673 5.8232549280224645827 4.8169673950781586313 4.9539562158116563495 5.0882310135628134873 8.02678e-09 7.23931e-06
16459958.932238189504 5211 3.216201926464655525 0.076846781053042267917 0.30110696999115238448 0.36174151489341743737 0.18784898348416440017 5.3285671790339375065 5.3899885029064726893 5.4498582839056588512 2.07199e-09 4.60942e-06
16459958.932238189504 6154 3.1845692466064270398 0.07702359095579117132 0.20651407233112720196 3.2034734174127903472 3.60443366569944601 4.6962632879352934623 4.7734011539538929725 4.8502814297818783729 2.04677e-09 4.59064e-06
16459958.932238189504 6209 1.476554146112703414 0.20045599551897613777 0.20338263049619950684 5.28920969989289258 3.2392403321133627081 3.5591407133172503485 3.6495776714599688084 3.7470830142379338845 2.89646e-09 5.15394e-06
16459958.932238189504 6392 2.9756498732810992003 0.26228229142226322512 0.13146716766828384082 1.1381308860046415177 5.3084391469350071802 2.4128568167139814449 2.2160621008678256239 2.0065142985610737725 2.75286e-09 5.06732e-06
16459958.932238189504 6347 1.3298381775305605501 0.20382194643837053816 0.19467695086725630982 5.5206030339190936829 5.6419316457572632473 3.4671648215679993221 3.5401408622585424091 3.6192402348806966828 1.50662e-08 8.92999e-06
16459958.932238189504 6735 2.065970894144541159 0.23132706705559102911 0.20265451908064971431 1.3760087710123944937 1.9296549268550964307 2.2512368038474526166 2.0550691011079460502 1.8503414651283358605 2.32036e-09 4.78669e-06
16459958.932238189504 5485 1.5882790028481656996 0.39359979216976148653 0.20634066276680310126 6.0559114268756060184 1.1710389577188669019 2.4306953429376934039 2.1164339599236754452 1.7799862129706136571 1.60307e-09 4.23156e-06
16459958.932238189504 6816 3.1059200048408057704 0.11223072970327006848 0.14290805067319403698 1.0278397221528949856 0.066534923443803878351 4.4964656252031520722 4.6076654481786949447 4.7192813218908051809 1.76213e-09 4.36713e-06
16459958.932238189504 6572 2.9979855283822529621 0.16741682720949452312 0.1207203526240929331 2.3315163528224212008 4.2333167880729201116 4.6054925223596567818 4.7742566632003144989 4.9413531894191633498 1.66053e-09 4.28153e-06
16459958.932238189504 6740 1.9284345726748297611 0.090821610090268581339 0.052088920250435620518 1.7166699761904158361 4.2577563754434821774 4.2554974533152716276 4.3387971006572696453 4.4233540590513822366 8.24013e-09 7.30289e-06
16459958.932238189504 6480 1.7322330048393541624 0.1365398359407586637 0.080244288319108625362 2.5694040074574640009 0.87557840022788291368 1.0328726865789130684 0.91918629817872299359 0.81062232772340492293 5.51174e-09 6.38675e-06
16459958.932238189504 5642 2.8428872169968202321 0.15557342165883414342 0.050761990978503056249 1.6315046720895001187 5.7612681960603353559 3.2665545224668366409 3.2877051597609994182 3.310355587620360307 2.80041e-09 5.09633e-06
16459958.932238189504 5478 1.9030939070633048349 0.30535922562706802053 0.10432926439899724291 0.72659425072615546615 5.0385197437591946468 4.5500759976198370538 4.8641915147599803504 5.1660391411683619367 2.28234e-09 4.7604e-06
16459958.932238189504 1447 1.1172907749162421798 0.391467679652836964 0.094699943264620084493 4.6065330604206078391 2.892391819787389462 1.9998690885337897516 1.6001387099432953232 1.2088395402302896109 2.94046e-09 5.1799e-06
16459958.932238189504 6815 1.6777512089226651604 0.23376077085415403189 0.20544916393344941907 3.6752602543585273231 3.78400413806486835 0.86462087248013907992 0.69753637346932206853 0.54738447889720254214 3.57143e-09 5.52668e-06
16459958.932238189504 6617 2.7224052462538446129 0.15036707287006445544 0.078721986965881576848 5.6039365363549755727 4.2691176392845804344 0.53996011584755621016 0.46698173921085917026 0.39928749933770796288 3.93262e-09 5.70704e-06
16459958.932238189504 6667 1.7295436854566472729 0.39168297741361468578 0.24218790069290085931 2.4003043698744188639 2.0339414093827317132 0.37434806201845188811 0.24913202437854564675 0.15255754384735620288 1.85586e-09 4.44323e-06
16459958.932238189504 6040 2.0529652747435185312 0.10963952344100602598 0.086073528125125906008 5.8625040460420247967 4.4887110395992202427 3.7225296183231422198 3.7857692223443049073 3.8516121670842222713 4.48499e-09 5.96262e-06
16459958.932238189504 5950 1.6300578233869973399 0.12370047101783117338 0.032863740091681824251 2.1597864202360956831 5.3587122832166809161 3.4795288951199339067 3.5232534369921357786 3.5693271949776943508 6.81029e-09 6.85339e-06
16459958.932238189504 5158 1.8835080676048432391 0.22956440865346303126 0.076840709926164985077 1.8225631659376220206 4.1606263299769388198 4.3487961574789588681 4.5746765813460879002 4.8020676174128160696 5.85576e-09 6.51695e-06
16459958.932238189504 5252 3.1547471059344425193 0.089677319023471008252 0.18294095131145451938 4.4101733865910262011 1.2841069123080841585 1.4144544301384469609 1.3263656943702621938 1.2393540093143282643 2.42859e-09 4.85999e-06
16459958.932238189504 6104 3.340197584475494974 0.11252070675743221229 0.14688725535621141582 0.67361138553908139759 5.2681694059905108674 3.2632279299747999346 3.2777367650262827503 3.2930085169030420822 1.75259e-09 4.35923e-06
16459958.932238189504 6267 1.6433065119019958367 0.03950478991586696409 0.15668026544018495705 0.26372754421354971388 4.9876270530148270055 3.4775505064398766208 3.490826761711284032 3.5043444415527504887 1.78459e-09 4.38561e-06
16459958.932238189504 1284 1.7080167761473172838 0.14708624386457505584 0.19621103694381838989 5.2467359401572721822 2.8795843141324679593 1.6864756282434232304 1.5385791324670086144 1.3915692159077803769 3.64405e-09 5.56389e-06
16459958.932238189504 6952 3.2031457939051879436 0.16171496986124125894 0.10428920688002531192 4.2670373512807717731 1.5289774941482572324 3.3413588002409215783 3.3764589136441482964 3.4140920763937145921 2.57429e-09 4.95529e-06
16459958.932238189504 6978 1.5877008736240250109 0.27058188618439416029 0.051653334636482001185 4.5364535314581599934 5.7614169248922078026 5.1591184234241938 5.3927385252357158407 5.6030761337069403538 2.46129e-09 4.8817e-06
16459958.932238189504 5517 1.8911969131704704505 0.15531198639380458526 0.10488854101925366991 3.6453984023291532424 1.7127566057081238249 5.9181795754438883961 5.9701516947839152749 6.0179794369025216838 2.41819e-09 4.85304e-06
16459958.932238189504 6425 1.0356717474225869413 0.22495857288565929144 0.13690646544677220753 2.320315350004148236 5.1016797618384828183 3.3027617729731808538 3.3439579066770406257 3.3891716280135284478 5.02719e-09 6.19382e-06
16459958.932238189504 6573 1.7378651288673989672 0.17191075845255940346 0.14346328989504231188 3.8421160154001454679 0.77178108950589807691 2.4188766544229780564 2.296513331970376548 2.1679200003813972053 2.46875e-09 4.88663e-06
16459958.932238189504 5342 2.0845650228084440236 0.40061353315965736455 0.40812520297580712203 3.9739030487927378132 3.6383575509337915399 2.9825620789858322546 2.8991724646196441739 2.80300408452338079 2.15151e-09 4.66765e-06
16459958.932238189504 6180 3.0864775434028164369 0.031812588475586107972 0.20756169120106804371 5.4760836802219969854 3.5888247030380520108 2.7056158980112328116 2.6919817445966192082 2.6781555118331281662 1.88472e-09 4.46614e-06
16459958.932238189504 377 1.6240525813062300919 0.20551371165199719404 0.02918868017816577537 5.9625280541725151906 5.4443491596184099279 4.9077883924106133762 5.1068776809322438126 5.2966065411981686495 1.8845e-09 4.46597e-06
16459958.932238189504 1442 0.57597780762080008632 0.063224343412791580987 0.070450305427964349247 1.0587186231188159269 4.8189244160631075076 4.4366498313330353653 4.4980566435504361067 4.5598343267780947485 7.70371e-07 3.31449e-05
16459958.932238189504 6119 3.0860537874233422428 0.15144047150615727593 0.18382151227574716756 1.3314837016815035398 4.0752910177828258753 5.6634470367043157069 5.7467044575938963646 5.8241078645936568137 2.96829e-09 5.19619e-06
16459958.932238189504 6350 1.5451939268711523123 0.15281780197856423276 0.19919869015262256506 5.9066778532908807975 3.4332118933520066051 0.3399352612022489839 0.29215297118121785758 0.24813920814695752948 2.60101e-09 4.97238e-06
16459958.932238189504 5289 1.9644647967476192019 0.10451200227821613731 0.081174683397474328705 0.0046858473300536024331 1.0901395165185512326 5.7747183925351919243 5.8234958929526037252 5.8698647104705905519 2.13423e-09 4.65511e-06
16459958.932238189504 6619 1.8496575127654519832 0.18477350765484171213 0.16091319194896952505 2.0740821575878758409 4.2964935128187287106 3.9805883657722702651 4.1281877166535636547 4.2823170705014259596 6.69672e-09 6.81508e-06
16459958.932238189504 6054 1.9226933125702216909 0.28886164674255482288 0.19403760326632762956 0.89356055120058441865 2.5417994215159835925 2.9731456357823788927 2.9152541560632951878 2.8504304477643236382 1.03293e-08 7.87422e-06
16459958.932238189504 4296 1.6423904304331389259 0.24997877278854691019 0.09915156893530280291 6.0725597214631568121 2.8810844654191694048 4.0310037252275972008 4.2446331291723291557 4.4677597787601879276 2.40121e-09 4.84165e-06
16459958.932238189504 5360 1.5408877766759117023 0.097001925938878047484 0.11391770473086498816 0.52832339216997203923 5.1127851596662896583 2.0317633142501621002 1.9428147650534539626 1.8524482026542874458 1.47972e-08 8.87652e-06
16459958.932238189504 6823 1.8654393436048899435 0.14199670402182165696 0.16991842481753477445 3.1728072314526487574 4.5760567406030654425 5.211743752738909663 5.3327484599032093371 5.4482868518715106276 1.69817e-09 4.31364e-06
16459958.932238189504 6677 2.253485547046931714 0.12141713300768561257 0.11925752304723809261 4.6571653440644622535 4.0448810111730848504 3.1813644812249348703 3.1865242610804487278 3.1919778926010176079 2.33048e-09 4.79364e-06
16459958.932238189504 5841 1.998910827782131916 0.074479007566541285956 0.13283682804557050972 3.0633280850090960357 2.000300807725024832 5.0404104225587786914 5.1101499019678913172 5.1788143797861172501 2.76225e-09 5.07307e-06
16459958.932238189504 6791 3.1037439323971107719 0.26353403152692733702 0.15708622738181768352 0.71387921102550699892 0.91255961120744821802 5.3551007176854144021 5.5532173016462564874 5.7289538619362900818 2.20531e-09 4.70623e-06
16459958.932238189504 6266 2.9655285805344662187 0.18916115475479344799 0.1028245444106699602 3.1660441149826761276 2.8769715366113395305 2.1282080045053599626 1.9580170130502752013 1.7828609436639490937 2.89198e-09 5.15128e-06
16459958.932238189504 6897 2.0640606436208619456 0.38406183977576879851 0.16030845595752463151 0.042304073671670196222 6.1576999282010831394 2.6485758386147355559 2.4202072456422834001 2.1665629760255349368 2.6229e-09 4.98629e-06
16459958.932238189504 6969 1.1755042935245980651 0.20648187532629985741 0.097900518571341299534 4.3998848043975122835 2.5291310268957691854 5.0819314929287333626 5.2689539405100971337 5.4442724881337367648 2.41679e-08 1.04535e-05
16459958.932238189504 6004 1.2499020528879667413 0.30570315055369107204 0.1445403136479320727 0.10994484557686740045 0.50273607262414610197 1.7671068868610222413 1.4528557590869028981 1.1492763070782268109 2.14847e-09 4.66545e-06
16459958.932238189504 6778 2.9853897325135196894 0.079321589612535534086 0.080266427614701749138 2.2750755814136933708 2.2335280206077556819 4.4531148516431713347 4.5306574349661703494 4.6086727741076840559 2.33115e-09 4.7941e-06
16459958.932238189504 5681 1.4027919357457714344 0.45695020005876174629 0.17400796402292853515 5.1773663487002465899 4.4716387001812076818 0.35025653761759417693 0.21521614701598149044 0.11763050483301439042 1.72101e-09 4.33289e-06
16459958.932238189504 5931 2.7296850594834918269 0.46648738476771989259 0.56508186740306498574 0.62019169641335214482 1.4763521187148669345 2.6736685596353675365 2.388991795991215028 2.0701292557908517189 2.66585e-09 5.01336e-06
16459958.932238189504 5323 2.7945628388491106087 0.17762524363934337202 0.098024671032782659252 0.69609152860734546664 5.5116316296071126146 5.4686584719966742085 5.5912072265692165374 5.7045430599945063932 2.25995e-09 4.74478e-06
16459958.932238189504 5788 1.726741575476165691 0.30859254199566737986 0.12869877447859887076 2.3547189430106802988 2.1524114457106295895 5.8069235719103637905 5.9338979414869550411 6.0395070398172485682 1.43499e-08 8.78617e-06
16459958.932238189504 6138 1.657409493896533359 0.17300927191971762764 0.070199387899627513354 5.9523526483625817107 0.75649643716327596987 1.614545350455622641 1.4401652957680182165 1.2686300813338591276 1.20875e-08 8.29778e-06
16459958.932238189504 6726 1.6334157496618926242 0.29632393941161899731 0.099370449287756526524 1.0086346159998293981 5.286662330326915793 3.9125961551459771393 4.1484977616892901864 4.3989453444587374165 2.92983e-09 5.17366e-06
16459958.932238189504 5559 2.3799718702337560039 0.35212700103227456694 0.47844244042685779572 0.83962251868944837163 5.2016154537165970595 4.5594731103741565903 4.9251204955954444031 5.2693097988589272518 5.44342e-09 6.36025e-06
16459958.932238189504 6737 1.716723520214661125 0.23578795169014571398 0.26117633845211540855 0.79573621194017829517 2.5419977556788309059 4.7657089163829127187 5.0019118932256656507 5.2278863953048775315 2.16814e-09 4.67964e-06
16459958.932238189504 5663 3.1717953596444616871 0.12950483160912382163 0.37176076523560508402 5.706066842330303146 0.31267425116960495535 4.4819761693724284868 4.6103237861740824499 4.7391546575670684405 2.69499e-09 5.03156e-06
16459958.932238189504 5227 1.9629928737692761143 0.1448771061332997101 0.13341827866493638499 2.9080701227875467296 2.6342103103754004323 3.4107449008893593323 3.4523921742086858266 3.4966984834445442587 5.94474e-09 6.54979e-06
16459958.932238189504 6118 1.9147119378319048533 0.15736216697912230877 0.23799083045280755577 1.7910936295588293365 4.9304207870387202206 5.0738759470925227646 5.2177078884050516194 5.3554029537625602586 5.68798e-09 6.45411e-06
16459958.932238189504 6356 1.8156685661999543147 0.23519383652579148314 0.14207828592967455816 4.8193013681856147201 1.0175948950080055955 5.8272173534715063781 5.9220229408431910301 6.0051314700298981109 5.8318e-09 6.50805e-06
16459958.932238189504 5831 1.9871125687129793658 0.19774400062998112593 0.17758831743424163818 0.1319475949033438178 5.9238065077304087325 0.63285279932751725696 0.52364239709451398941 0.42476292663443854236 2.32205e-09 4.78785e-06
16459958.932238189504 5138 1.7031292515611711202 0.086307922573271828037 0.10449325449752296102 4.8552722614541945489 1.8685731086303438708 5.9516859311215641881 5.9787213694883369897 6.0045949147940396173 2.37553e-09 4.82433e-06
16459958.932238189504 5736 1.985182667820568847 0.24517275226515203301 0.081805882950754277294 1.5220907303559068069 5.4476859622726596655 6.2763376525732557099 6.2778537816271882122 6.2791609202280165292 1.87923e-09 4.4618e-06
16459958.932238189504 6132 1.9260085962429114304 0.25079756855519813596 0.098951891096497754385 4.0890129338244776136 0.97944579914935792075 2.6125217079671712028 2.4682300347912589089 2.3118281153693125418 6.69157e-09 6.81333e-06
16459958.932238189504 4460 1.7255130363942547955 0.17459211846330394136 0.094664607881345619322 0.0038540585217684466407 5.069533530279628053 3.7788917409949038806 3.891428969348623923 4.0104168127049097947 1.068e-08 7.96233e-06
16459958.932238189504 5256 1.9561828773206382248 0.2786656835655510478 0.087079425472708929523 0.017137166269667613444 5.6599629600180216826 2.502291036067173291 2.3114102636953770542 2.1057398160575862001 4.61883e-09 6.02135e-06
16459958.932238189504 5698 1.9321933115669513992 0.22561522986348642172 0.062565813214745663595 5.8243135531455410003 1.1356362571965175068 4.9638808480276672697 5.1783057950443440731 5.379872713217940472 4.80918e-09 6.10296e-06
16459958.932238189504 6504 1.8601420759017568418 0.1882462052136301689 0.12003763487915068697 1.9414121313642458411 5.6183268266002430735 0.57825491924706795555 0.48216079832602409816 0.39487202819605393689 2.41361e-09 4.84997e-06
16459958.932238189504 5667 1.9603703794408964267 0.16295800378017116783 0.050081671442512083747 1.3950988668753336874 2.5907208240290167112 5.2081512646325016647 5.3468126819778767356 5.4780612434926592158 3.20823e-09 5.3326e-06
16459958.932238189504 5828 1.6682738869874567111 0.29398048316698094373 0.16898556944592282858 3.9531451913590411884 0.11747693386981346297 1.9730628106009846512 1.6812295530297738377 1.3890398678971254132 2.18531e-09 4.69196e-06
16459958.932238189504 5964 2.2245269191354193339 0.23588549278256754071 0.046437707476012446417 2.1339410513507961475 4.2505307579630819959 1.574486235307516635 1.3362539969682605268 1.106826859145436881 2.1711e-09 4.68177e-06
16459958.932238189504 5425 1.9517651416237280504 0.056700453896815862509 0.16409978673311650943 1.8514678316235200217 0.62672975563549215838 1.9105305849727749479 1.856530340903987053 1.8021288057413595851 3.49187e-09 5.48533e-06
16459958.932238189504 6143 1.7451826147943854117 0.16140420409200470497 0.18668497589691493421 0.40491856952912552714 0.87736105993213731047 5.8611484990704720843 5.9230876879754177367 5.9799609760790586321 2.16561e-09 4.67782e-06
16459958.932238189504 6182 2.0326971262732738133 0.19621469015978657002 0.16801572544447798685 1.8773481341421376367 2.9515358035555783189 0.20380054428057950422 0.1672490439929746886 0.13458510368425938286 2.64006e-09 4.99714e-06
16459958.932238189504 421 1.2951886850503580018 0.18635473734467333795 0.25964598197606508778 5.4988925853081402906 3.0140675149537741184 3.5430705092017933389 3.623453168466672647 3.7098152914384958656 2.69558e-09 5.03193e-06
16459958.932238189504 6415 1.6406568855539027663 0.042960770400979113315 0.16452904842226764859 5.155457847363349444 2.9230643716661552922 2.1061758781804518215 2.0688038956880823172 2.0310613105112000909 4.5356e-09 5.98497e-06
16459958.932238189504 6920 2.2629336794591403681 0.24824569618305791785 0.29725764721357578191 6.0969386489996058032 1.6281321744795083095 4.1354879408264100249 4.3615095348872499059 4.5946298168381600746 4.48089e-09 5.96081e-06
16459958.932238189504 6103 3.345685138122195923 0.044107061837043735897 0.09100069786688852469 3.3048354729392332985 2.5980395391481163614 1.1392975002643912497 1.0995855210935354673 1.0602852787232441845 3.07621e-09 5.25842e-06
16459958.932238189504 5534 3.2673360525071823979 0.13973894583887525034 0.10674954277514317469 3.6086586969764864463 3.374584170520940507 0.52102234751989728867 0.45515820073018209424 0.39372834335175854736 2.18919e-09 4.69474e-06
16459958.932238189504 5578 2.8697501465403103538 0.043443397735138646054 0.16102397826154421501 3.3842762128116268272 2.5186279915240188387 1.597110617111033859 1.5536437362478900948 1.5102067291266856319 3.04211e-09 5.23892e-06
16459958.932238189504 2992 1.2312673798502069555 0.26123442853855538548 0.14519945442339873831 0.73646426987595448033 4.0564512758735551401 1.7296864684007184909 1.4631350758708057125 1.203413162468715214 2.07761e-08 9.93967e-06
16459958.932238189504 5643 3.2445800681655483366 0.0025519530246883278049 0.061603181955780142443 1.7543434715469810037 5.8943429706108538824 5.7822897933502108714 5.783513901645804367 5.7847366371295558807 2.47115e-09 4.88821e-06
16459958.932238189504 6683 1.5503255040012087207 0.3736470827077883472 0.15215848800141892894 5.6513218019352349231 1.2570042756059862654 2.8596952450102848253 2.7273681116858918827 2.5769825684976246372 2.07491e-09 4.61158e-06
16459958.932238189504 5234 3.1081173736592164758 0.21449160449284618291 0.12282912811035619216 0.18504018300652055884 0.21680199460771529263 2.5857184038719043251 2.4597415418591914715 2.3245622148603186652 2.35138e-09 4.80793e-06
16459958.932238189504 6292 3.3437498154557396823 0.029149486914966570017 0.29486851873635266941 4.4282199390727710053 3.997292757960718923 4.7839458701956667497 4.8129946182192355764 4.8419967113338397979 1.7586e-09 4.36421e-06
16459958.932238189504 6557 2.0271590294533212706 0.097135698718814292296 0.11313609285136864979 2.8646827128059588752 2.8403239549940466624 1.5651419042199097298 1.4678810856676722807 1.3712593417293776898 1.93092e-09 4.50234e-06
16459958.932238189504 6401 1.5963539252973897309 0.238929801776598838 0.077092458808846575646 5.2026678595999085175 1.1444121104619877638 3.0487077971966467516 3.0231358377780011004 2.9948991188775013761 1.93159e-09 4.50286e-06
16459958.932238189504 5864 1.8605651243549838902 0.04994919049976102865 0.20472549118897889753 0.87511613396461673808 4.8580227407056932876 6.1876728938835512395 6.1923236831525176882 6.1968559054952336851 2.76427e-09 5.07431e-06
16459958.932238189504 6243 0.99584400837198439049 0.13444598239724428468 0.1234495586780710169 3.6367741212083721791 1.3525358780423069049 1.8449395692945560477 1.7126958141666306368 1.5796011282236013251 4.7797e-08 1.31215e-05
16459958.932238189504 753 1.8023227464437923118 0.070844052229063717019 0.085531198278724060446 2.5025241593142624197 1.4907326893257353273 5.6560381068938871962 5.6964967797906682634 5.7357164962671838282 9.5243e-09 7.6641e-06
16459958.932238189504 6135 1.4654510817949357726 0.25049712267455365167 0.16822109404492918694 4.6779795135736570444 1.4989990326989617309 0.22749666538274992966 0.17642921321667351386 0.13246312469027970993 2.38172e-09 4.82852e-06
16459958.932238189504 6402 2.9827439802858668472 0.13522879143288180082 0.1847852662570085569 3.4061523599873142487 5.7172996580050305937 2.8804139739495102646 2.8428748570862061307 2.8030776960863805769 2.16272e-09 4.67574e-06
16459958.932238189504 5191 1.7555722737969512437 0.25088053838370671933 0.14658695419718043018 0.83751064279434273008 0.096933662182223115367 4.4236584756484447212 4.6759214623319147464 4.9266351987131500323 2.79475e-09 5.09289e-06
16459958.932238189504 6242 1.9338622480548117721 0.43508638098181440235 0.22891549340383252065 1.3740159836833267804 1.3630369709283236546 2.9702863488759834176 2.8695758645712259316 2.7526791984626250986 2.33848e-09 4.79912e-06
16459958.932238189504 5118 1.9203505171711257038 0.15847492129719828458 0.1775370060009321127 1.8558403988990803679 0.5713594646156100465 2.2130071638726125371 2.0790925360607062089 1.9406528078981044594 3.95744e-09 5.71902e-06
16459958.932238189504 6395 1.4931563243268815011 0.11543151243490518132 0.11743685950862729761 6.2790310736717787066 3.304245379415023276 5.1453839138411057164 5.2479301569235232705 5.3472004021897907577 2.27089e-09 4.75243e-06
16459958.932238189504 6129 2.2500278809842284566 0.27421446962859330476 0.27765270493999150148 0.27381789906666748058 0.5492537457018765723 2.6086144220536700011 2.4474693823140660776 2.2720511452181693102 7.14833e-09 6.96495e-06
16459958.932238189504 5885 3.4763377234102716962 0.041968121872928962346 0.25171037688226827189 3.6826001303374926721 4.3070696932392769085 1.9795402593264863622 1.9406931737736985433 1.9015635808327024936 2.25928e-09 4.74432e-06
16459958.932238189504 5080 3.2301840245182402711 0.10488073346437926103 0.21416688541425141223 1.534384231493794104 2.9144567585473626359 6.0123533781223326145 6.0391315461304202472 6.0644747414096080718 2.57476e-09 4.95559e-06
16459958.932238189504 4427 1.7973978914078172497 0.38967010851575500929 0.067439912844140803561 3.8019395868250085435 1.2163470594628249533 3.1993222378615344681 3.2286725792540149627 3.2625621551292010025 5.29375e-09 6.30141e-06
16459958.932238189504 5240 1.7546986051199118251 0.24444411203906360464 0.088935871308047392825 5.9764121569893795538 4.1856607783560439984 3.4658667209084486061 3.555434874238712073 3.6537332235408124248 1.54708e-09 4.18172e-06
16459958.932238189504 5494 1.7170805691558654882 0.2732651939564798016 0.15538391059164427532 0.11948155605216748132 2.3442522451655611881 1.5997704555150940031 1.3219927873191092971 1.057142047028154952 2.97785e-09 5.20177e-06
16459958.932238189504 4963 1.7631802304273416215 0.14168892454040521445 0.14949349529144517756 0.92460642895173394962 3.7939032997893407106 5.525631801439350177 5.6186062614094751666 5.7059897632592946337 2.1769e-09 4.68593e-06
16459958.932238189504 5818 1.3305119954195288035 0.22968246890487892253 0.20395360978345392078 0.81011289095030625251 5.2733774728203872684 5.2070748543510498862 5.4006255975231027833 5.57802481993317123 4.47796e-09 5.95951e-06
16459958.932238189504 5310 3.477563012385207486 0.097709768915891351271 0.34060701446138708093 1.1188325881279583829 5.0180788172953745274 1.3821065817765134653 1.2868486822503060196 1.1930515057292518932 2.51895e-09 4.91953e-06
16459958.932238189504 6997 2.8589091002454853907 0.14371381335672189783 0.1975040591060746864 4.8524791896796237722 4.6738409668889273618 0.73965893956202966031 0.6472834319708555828 0.56062090411276399582 2.77488e-09 5.0808e-06
16459958.932238189504 6793 1.3724567285310051989 0.16311971894712251618 0.18689805468541817457 3.0737682892502937726 1.8864820820748389174 2.0341359257329600929 1.8819289854790728356 1.7266410631685253918 2.0508e-09 4.59365e-06
16459958.932238189504 6702 1.4899704653820537992 0.073274545763515941399 0.15209865944817396732 5.6271461108194769096 3.018675114965520212 4.9503660603058037282 5.0210305307629843341 5.0908426415844578727 3.70623e-09 5.59535e-06
16459958.932238189504 6411 1.183271397239776368 0.059457082046228487693 0.11252418312872637662 2.6812753034645901984 0.29467834585786284451 1.9499577034246968754 1.8940735444702681001 1.8376963737964973067 1.36815e-08 8.64758e-06
16459958.932238189504 5401 1.9687340425313299974 0.1747334336908993313 0.047390714495730013045 4.7067222684697878066 5.1262397705292723771 3.5031387043178816576 3.5709883121865853006 3.6437335800498082961 1.17442e-08 8.21848e-06
16459958.932238189504 6159 1.9704984401084217893 0.28114238584998357817 0.1492130378527914969 3.6107232359629248819 0.10673365435982075378 2.935147104355790848 2.8667506123394912443 2.7904499998097613833 4.4573e-09 5.95033e-06
16459958.932238189504 6758 2.6887646434266869733 0.67540060203700680308 0.57878822284335496029 1.1246194760797612044 1.4643081246970670595 1.2471865059016176147 0.61328765219975800438 0.22455470515778630514 3.169e-09 5.31077e-06
16459958.932238189504 5902 1.9000142804309989586 0.29709579014204900993 0.18720057370268491925 0.19327700907691514054 5.5482776873270847062 3.8863938133844042611 4.1173102499999227888 4.3633365712942095982 6.63699e-09 6.79476e-06
16459958.932238189504 6272 1.6996721109710399844 0.088915886706345023671 0.1848013334525774598 0.51358048263113453835 4.4598719112726765701 3.761417521953224874 3.8151048522183104161 3.8705648106965604427 2.92426e-09 5.17038e-06
16459958.932238189504 5691 2.0560652314945384589 0.22976102705049453179 0.1251795645543118396 0.52603275779364988551 2.649711593425010836 2.6750140631744510067 2.5582334618729891673 2.4316740395836315969 4.69105e-09 6.05257e-06
16459958.932238189504 6501 3.0349937256092447413 0.29039514770652552489 0.39044157007336482978 4.0113474328784111123 1.9164601362570776732 3.1582474665559785443 3.1640513537036123459 3.17057270298748195 2.93548e-09 5.17698e-06
16459958.932238189504 6414 1.7344826467748055698 0.25900071333302626675 0.1907341032568511674 0.51104474032151236962 2.6439105202129531413 2.159918365522056849 1.9246274690478777369 1.6816712977426111486 2.40884e-09 4.84677e-06
16459958.932238189504 6692 1.4427694987417796213 0.097441926835566128329 0.0573591269214573235 5.053905424429750326 0.54720693236660611358 1.7045093371609600919 1.6071494667709727011 1.5097719200723083155 8.86651e-09 7.48344e-06
16459958.932238189504 6140 1.7790852360744344729 0.14949307452126359141 0.09882351994787826055 6.0214682940040171744 0.46492896650215070897 1.4447952118488900375 1.29731287525302319 1.153375575583657664 1.67728e-09 4.29587e-06
16459958.932238189504 6655 1.5434826057859818427 0.074306428854970907327 0.049207779749506810885 2.8735922024155056143 1.9757836637214085673 1.844558794986020045 1.7722241377553249464 1.6994200424696881413 4.63012e-09 6.02626e-06
16459958.932238189504 6121 1.6584831838911149315 0.056842643469015845248 0.16818598427163536368 1.6696321153132007709 5.1227118966727056559 2.1201118202865085749 2.0708710579906068894 2.0209889820104574021 1.90564e-09 4.4826e-06
16459958.932238189504 5251 1.552815749814099977 0.25882216629139831454 0.25028068059826863445 0.34657464805304272204 3.482991893921415727 2.9272647904921056394 2.8630157089987582353 2.7918427879647818024 2.36533e-09 4.81741e-06
16459958.932238189504 6394 1.5325803970665889953 0.23673542629887539546 0.13052002461459796812 1.7967721140815897662 1.3151255137318555999 3.9998666219114049625 4.1964355063954288383 4.4023533558847001146 1.34783e-09 3.99388e-06
16459958.932238189504 2182 1.5930411446017724852 0.20370373201620098347 0.090612182822098694124 5.1757217861964655015 0.17187454435927224106 5.8448143432826134003 5.9247035211320024928 5.9961735736276136066 1.98345e-09 4.5428e-06
16459958.932238189504 5176 3.1031731563917661632 0.16902881416526380209 0.096071148323313315665 2.1723701323241493277 2.8479012706265955934 0.38764644865319108913 0.3280079740873193539 0.27355401542922808122 2.68297e-09 5.02406e-06
16459958.932238189504 2302 1.5539323505371360756 0.18656900587626179533 0.1688075141343848562 0.61040928539191685598 2.0275002006858162673 2.9438829900029142017 2.9031589676968017066 2.8590949291607801186 3.55428e-09 5.51782e-06
16459958.932238189504 4971 1.7567254516507435635 0.16776566659024197414 0.025736078498231861056 1.4237663096627444226 3.2792617665780299241 5.9881388238594084328 6.0335884319725661129 6.0750287907120261721 1.60974e-08 9.12926e-06
16459958.932238189504 5853 3.1137912177618631837 0.18872824277339378396 0.1908730784161063454 1.3809955548712258278 4.6870137067495400984 3.2079285258210266107 3.2218772986453609875 3.2370130065452333845 2.34516e-09 4.80368e-06
16459958.932238189504 6126 3.0300128808050001972 0.26948237654778495198 0.17391299472768498302 1.6216839107544998022 5.0085080798433398996 6.2578352884502335129 6.2639548252011962859 6.2691367817819765307 3.04059e-09 5.23805e-06
16459958.932238189504 6186 3.2405206247576590073 0.032549537984113294242 0.22860711590514656844 6.170116098197384602 6.0387208958548601601 0.73014542268073057141 0.70869090249909860724 0.68750634677374555803 3.14704e-09 5.29848e-06
16459958.932238189504 5890 2.0554930594601152904 0.33679172517710248558 0.5961470856048678435 1.0435026346144091747 5.9825510397765970794 0.13160180968815146652 0.092762151067528456072 0.061565411504568012813 4.73576e-09 6.07174e-06
16459958.932238189504 5345 1.4264884345091695117 0.31423540467108163066 0.081319108375848353498 0.58085900791768874107 0.81144815668191827562 1.5412078063268053185 1.2231852283395800995 0.92774450066188152153 2.62039e-09 4.98469e-06
16459958.932238189504 5160 3.028036800963916253 0.14181291609413962385 0.21432095212815019392 0.63350238494456545535 4.8871342292179349442 0.96572539491608333506 0.8531832884978743925 0.74634462662014311451 2.48083e-09 4.89458e-06
16459958.932238189504 6162 2.035018749757568024 0.24053864159617113772 0.11041931338678996621 2.0561379834695414637 1.9621440675542458631 1.4259710259506777064 1.1896914540976084584 0.96641043800418724441 1.62993e-09 4.25507e-06
16459958.932238189504 6691 1.5895880350791011804 0.31965950434524659229 0.17821530509950722632 2.0912856053113673127 0.60164037001314740749 2.6957463354067709993 2.529961881950230751 2.3464123216169014974 1.99622e-09 4.55253e-06
16459958.932238189504 5888 0.98176055470285827909 0.35627557695966000084 0.10345995178520503432 4.5558197953180412654 1.6002330318048305635 3.0635420002159516883 3.0283639001060023155 2.988109404936260205 2.79797e-09 5.09485e-06
16459958.932238189504 5767 1.5463232511650990553 0.17462359925241002778 0.10283247865171321611 5.8706098996054709716 2.6000911013665390925 5.3234681971433914782 5.4604562471980928606 5.5884562058747953017 4.97944e-09 6.17415e-06
16459958.932238189504 5210 2.1261772332229393889 0.45700667071396722241 0.16673900532999944013 0.005196642909685563437 1.6539882220515074174 2.703949699341060775 2.4429163232713921872 2.1489674734252015575 3.1045e-09 5.27449e-06
16459958.932238189504 5231 3.1442041156045639205 0.081136658349343748764 0.21205183075877911958 3.1074220173135036482 3.7341768985686525362 3.3396800963439257082 3.3563369640944351602 3.3736269927802498003 1.89135e-09 4.47137e-06
16459958.932238189504 6089 1.951794723134679499 0.14818904142591832196 0.19325432165495651238 4.9509036867071296584 0.86362207015852099357 2.265052374356810283 2.1449446451684424098 2.0205169500859181397 2.91473e-09 5.16475e-06
16459958.932238189504 6474 1.1343270310924153943 0.20391962083763362501 0.32005145086844932756 5.2720564297972520862 4.4531725633183310009 5.8433268234829194299 5.9235531838977797392 5.9953185986839070409 2.46607e-09 4.88486e-06
16459958.932238189504 1588 1.2085019630129871793 0.21457875968064910044 0.036740380081782937627 0.27934515838455936665 4.8073338411125963177 3.9124346671874157266 4.0761091024574085395 4.2486973400141465618 2.82908e-09 5.11366e-06
16459958.932238189504 5364 2.7046336525434009346 0.19610346311110452011 0.093600691505241348511 0.5394614452998077736 5.840972372814196234 2.7683294542893048806 2.6888263555815887784 2.6030399598977256304 2.91675e-09 5.16594e-06
16459958.932238189504 6586 1.6642314220598481977 0.038582543699030538709 0.10177808920536624004 2.2229277385554651048 4.3218961475115680315 4.599231538999784874 4.6376606278001109018 4.6761354928584477619 2.89513e-09 5.15315e-06
16459958.932238189504 5219 1.4963612933002523597 0.24148825481421606898 0.13748996967435278549 3.0077427354433980966 3.9095162440720478969 1.7481186055182020844 1.5027538745812014653 1.2618244223019694505 4.41937e-09 5.9334e-06
16459958.932238189504 5236 1.8357428388341152647 0.25444341184642232934 0.1031576610310579456 1.1665634096425574473 5.0907821150220504691 2.8177076505100262516 2.7239374413492627447 2.6207305284594841766 5.32813e-09 6.31502e-06
16459958.932238189504 6100 1.1088444319423975681 0.059885513268059346881 0.062323028896318875824 5.7335341107509236735 5.1834463099608951708 2.5579437514000162857 2.5240688555194950027 2.4893940621724852669 4.52552e-09 5.98053e-06
16459958.932238189504 6351 1.9453796276066162019 0.61689115856599574528 0.04240378448225232827 3.354897230337682501 0.88757072647260260023 2.8852623512129356165 2.623967958406312917 2.3187194773981767426 1.91819e-09 4.49243e-06
16459958.932238189504 6895 1.6585321050887675831 0.13818378618086518683 0.0812280854635900329 2.44191481058326465 0.64717896820115428103 1.9171128627874591821 1.7835534969058315369 1.6484854181338390866 2.5437e-09 4.93558e-06
16459958.932238189504 4732 1.6764305223251410037 0.41098038181920865108 0.14075103227968999153 6.1851402896413558707 5.2983595704783521541 3.7407459507088205442 4.0334631026792413522 4.3533076275206905592 1.92787e-09 4.49996e-06
16459958.932238189504 4786 1.3400365772297200273 0.041422729971792124348 0.12376132767274161672 5.1088833669507200952 0.53350088687010666089 2.0716925674731361262 2.0349817211999439159 1.9979420729162253867 8.41208e-09 7.35334e-06
16459958.932238189504 6828 1.3882619058005118973 0.28179642393587511773 0.2489101452182220231 1.3173339655161646622 0.20280547361234144144 4.1577209717392609178 4.4207330174308747672 4.6906289066148252331 7.8219e-09 7.17719e-06
16459958.932238189504 5692 1.2145082349111542275 0.15409217491772256303 0.055472835135801028261 2.1011749382477105108 0.079647816349039543549 0.41878308577842987548 0.35993079375256870067 0.30565807164558450593 2.38697e-09 4.83206e-06
16459958.932238189504 5921 1.635914730607176848 0.12717206031528177634 0.20208738145096968863 5.803184594772834437 1.0195775440220826713 3.243259987947197942 3.2570983248075906502 3.2717547782039098081 2.32801e-09 4.79194e-06
16459958.932238189504 1123 0.74456822521492360689 0.079995838435860847082 0.054903336208259746754 0.67162765707136862225 5.4782518119083123409 5.3484787166030862693 5.4114135679507269217 5.4726479984998279704 2.22968e-06 4.7235e-05
16459958.932238189504 5717 3.1738882171241646901 0.097043806570025870073 0.19940392249806498937 3.8157483058553127719 1.4205752590460811735 1.0012019141882710915 0.92142211048266020601 0.84413037143088998082 2.31886e-09 4.78566e-06
16459958.932238189504 2895 1.6146124110871442614 0.16800649982983734132 0.073527524538349445238 5.5738921508326892962 1.7597736128894754248 2.0560947982948891699 1.9005878704631411491 1.7416352624485336165 8.03321e-08 1.56008e-05
16459958.932238189504 5459 2.9935008994998462128 0.15518129738319796918 0.24559283791338062941 6.0121047124967263997 2.3241463858430124745 1.6493787453570065704 1.4930927957969106767 1.3383797425677343984 2.51526e-09 4.91712e-06
16459958.932238189504 6313 3.2255800173641464568 0.086409424372725626706 0.31508768783175133965 2.4172766838288652913 3.6890200748463501945 0.36374537696700443012 0.33414497633864759241 0.30580600701337845582 2.33149e-09 4.79433e-06
16459958.932238189504 6204 1.8386064634145760088 0.28359404379368591265 0.17296704865264433959 4.9742867753318815716 1.3448686786447405783 4.0439165385759272553 4.2922498050972546224 4.5511802935033607298 2.26769e-09 4.75019e-06
16459958.932238189504 507 1.0883573273227962197 0.20404140250674387969 0.22244748777509001925 5.9107304739959776185 0.55004018206318550099 5.8310362582139827481 5.9134364292023855469 5.9871731749916037302 2.42673e-09 4.85874e-06
16459958.932238189504 5060 1.6738586615041621819 0.12049179597065688696 0.18654197281558751453 2.3371813730140762466 4.5590078668296962761 4.1142869581108492127 4.2176565579101312764 4.3237008798067275706 2.03606e-09 4.58262e-06
16459958.932238189504 5623 1.7637905690785302681 0.35593363797897525913 0.13742137436977641674 0.15071510705609494907 3.9058149764252281244 3.4739919913167818244 3.6190948068807795579 3.7826684383393791578 2.3084e-09 4.77845e-06
16459958.932238189504 3539 1.2706085145668739589 0.39465237919782913956 0.2574078919240307961 0.77602124335601063709 2.0413325922915119826 4.3226972903060545406 4.7297403467193506188 5.1243333184288166748 4.11193e-09 5.79249e-06
16459958.932238189504 6332 1.7987064247829238628 0.23794919091062044503 0.15557572394753915734 5.7719409283809310907 0.30278785710275374354 4.0107867563522319188 4.2101003414375259837 4.4186587698816870429 2.19525e-09 4.69907e-06
16459958.932238189504 6843 1.9920846036750974317 0.16747936965428750211 0.14767852794303482078 2.0518761153142914822 5.0056013068448361736 4.4388545708281670343 4.6046594666251454697 4.7711679225145049443 3.16465e-09 5.30834e-06
16459958.932238189504 6609 2.7433742073878759626 0.31614450398344712267 0.14964341515263587801 5.6750495745852536089 0.082932957395328604777 0.36271609104650437416 0.2628362088248270001 0.18069541796988264348 2.84425e-09 5.12279e-06
16459958.932238189504 6404 3.0587168656996261973 0.14503269150467310022 0.27365661966910476144 0.1520057978026259915 0.96034488631569636663 3.8673337198798520831 3.9695940559552336246 4.0764223944014359446 2.07676e-09 4.61295e-06
16459958.932238189504 6730 1.7399669770810868297 0.15242995197136435803 0.1213275547443364577 3.679031421451871342 1.9786723788350952802 3.4158081702819811376 3.4606282606721485706 3.508438064270088752 2.57888e-09 4.95824e-06
16459958.932238189504 5328 1.6880099323976129888 0.43287703000171706691 0.16428296555553068004 1.8024916715967989056 1.9545637748699540293 4.6155169964414026751 5.0708630715826403801 5.4762235252702406996 2.1043e-09 4.63325e-06
16459958.932238189504 5285 1.5358423560154723653 0.15542902013748022272 0.026022644947469076443 5.0005734468000380133 4.5926213024626463266 3.4637670254487709087 3.5172351136158948037 3.5742573997963225096 1.90393e-08 9.65459e-06
16459958.932238189504 6171 1.6094656494202175256 0.20754092315862715523 0.14744837084396372751 3.0314133436843255787 4.2235045194099338772 3.5169183255716669478 3.6021034962368285726 3.6943358843266564939 2.39216e-09 4.83556e-06
16459958.932238189504 519 1.9041580914160458615 0.16629378275402320608 0.0844495802687851016 1.0312315644074923071 2.304202251524215761 0.15055563206349001359 0.12736009659795125004 0.1062381144577640435 2.06436e-08 9.91849e-06
16459958.932238189504 5290 3.179813321092820555 0.015153319993369218643 0.15939837003979206997 5.4171178914249669134 0.5245684409486689459 0.3813437281481335539 0.37574322540729820918 0.37018250241701361469 2.68653e-09 5.02629e-06
16459958.932238189504 5209 1.6036534914291296072 0.29622731048565292822 0.17146428670173549658 0.37561847465919295797 5.7095507267681000485 1.6173641407409120596 1.3148433841870383887 1.0282664245488604138 4.75685e-09 6.08074e-06
16459958.932238189504 6809 1.8514297905591472482 0.18330330141569675662 0.23483948897335124584 2.4644183625265370097 4.6330721068707694243 3.5455939159051363951 3.6249749122071048824 3.7101699927783036159 1.72631e-09 4.33733e-06
16459958.932238189504 5074 1.8444077458151721949 0.10778343001084268737 0.1682841798836640923 0.78829955230507431363 3.0665040878075808806 1.3202344385681199501 1.2169883820756888237 1.1158810394551825773 7.61828e-09 7.11436e-06
16459958.932238189504 5569 1.8594505653314208349 0.29990488770078932435 0.2383669037132039592 0.58449708587499826784 0.27926212109071768541 3.046095989133282167 3.011550826062956876 2.9726604746826490455 2.77052e-09 5.07813e-06
16459958.932238189504 6268 1.682072997754942012 0.37426145579520758711 0.015173969155442760051 1.7892622662964416946 5.8946508845773673002 1.7319936300359457526 1.3413664371806344189 0.97691205030796079978 2.30383e-09 4.7753e-06
16459958.932238189504 6061 2.0245343430719633382 0.34130669641630401179 0.14380644413541582294 3.405849291633091358 0.94108547157596111887 5.6613662504938568887 5.8402138626930621967 5.9865067867648544819 4.03777e-09 5.75746e-06
16459958.932238189504 6189 1.9766650103855674114 0.29585369549966583635 0.22532778310638176822 0.96893912233964296643 4.9663629593717315558 4.2112257507275066004 4.4955147372082384649 4.7844380047213705964 2.99935e-09 5.21426e-06
16459958.932238189504 5249 2.1080783600134007649 0.36941038428469735733 0.34274476809925741305 1.0137504423834517997 4.2467327192640498268 0.47142850972864314141 0.32312443217256908712 0.20582524178488942335 2.29779e-09 4.77112e-06
16459958.932238189504 6732 1.9922685511341651221 0.28197301732214857806 0.068396799521111800724 3.7019206867734855138 1.8540173538661854913 2.1516912115818316309 1.8919286890795161682 1.624370525396138909 1.92356e-09 4.49661e-06
16459958.932238189504 5002 1.5280362985902269379 0.12212992834178185153 0.13311050759395165466 1.1458414707698507673 0.24500507694743331455 5.1069542749772569579 5.2174062415608100096 5.324290217475649456 2.79003e-09 5.09002e-06
16459958.932238189504 5196 3.5282995851897309691 0.16977950012871378949 0.2141166023938321783 0.4021722787525616738 5.0643014721441028669 2.1344251208349080962 1.9832253935502852649 1.8276819266756143545 3.02458e-09 5.22884e-06
16459958.932238189504 5625 3.0261192702108190566 0.32146586633991652837 0.06468502401393384782 1.1456437754273764984 4.5895604859335179526 3.8342755326426227747 4.0746928428276554257 4.332980856624985222 2.295e-09 4.76918e-06
16459958.932238189504 5412 1.9036753640653809594 0.012627032448499385039 0.029853637352259904114 0.091447598899528581562 6.1374137913858737292 5.5982055254714708781 5.6061555146553967433 5.6140661068011725732 3.18558e-09 5.32002e-06
16459958.932238189504 1960 1.1331478035936732862 0.15530404178620715872 0.052313537947617685941 1.3172640341235877237 4.7754503101026948286 3.798621407668326011 3.90026024167747698 4.0071024420894110207 2.62083e-09 4.98498e-06
16459958.932238189504 4112 1.6253934457159850968 0.12171084488263593515 0.13400237408920354087 4.1054938980868893594 2.4984316669472037553 1.2085106825775957518 1.0968124335931928037 0.9885193613795517642 1.99037e-08 9.79854e-06
16459958.932238189504 5979 1.9993285442800243779 0.53301133222844476744 0.076787146244200216172 5.3402837496797390671 0.36786257268375627261 2.8705380784627023694 2.6571579649989147676 2.4089302338697522465 3.8601e-09 5.67174e-06
16459958.932238189504 6912 1.5812329166521499335 0.036658894662188024061 0.054039712037511386522 1.9558252808572087478 5.0155345896612981704 6.1348247484683238184 6.140148814005309319 6.1453745119754286108 2.09119e-08 9.96126e-06
16459958.932238189504 6996 1.4224966775246417061 0.065077560480031576562 0.033090051699442422917 2.3672383388061430942 4.5243214926157850897 4.2257575555952788804 4.284215590617656666 4.3434183194462976374 9.30536e-09 7.60492e-06
16459958.932238189504 5367 1.4877425885997623833 0.075006348295947586347 0.1928445142536424628 0.85062447593733137019 5.9877984288868688623 2.6202531621199525169 2.581589662987677336 2.5417471359652967777 2.85701e-09 5.13044e-06
16459958.932238189504 5016 1.3213046505749035386 0.12250297136802935916 0.18487355787854170552 1.1809527798596739512 3.4827564661289964754 5.2837190615546330008 5.3837441576128677312 5.47966146067246207 2.58541e-09 4.96242e-06
16459958.932238189504 6362 3.0567404267490858594 0.15656739554197404707 0.19456680049265437371 1.4562730867347215558 4.0417960018620924245 1.9754369655777905823 1.8262630188579462853 1.6747769446481426403 2.92709e-09 5.17204e-06
16459958.932238189504 6813 2.1089330490424083031 0.18284064368585298266 0.12907469172350011233 2.1731486285998733443 5.3119952114337340987 1.8279990106380190618 1.6458919349721519154 1.4635666002762548477 1.73747e-09 4.34666e-06
16459958.932238189504 5654 1.6197960796306656306 0.13199107363976525509 0.110731625371669265 0.45380423858802415582 1.1835023907810156008 0.87572058664151308793 0.77812914596104099108 0.68547825286957841939 2.37573e-09 4.82447e-06
16459958.932238189504 1465 1.3678262540312826623 0.033009623512235936049 0.19203943027552738965 2.056787731507425665 4.6264884460260304877 5.2180167169288500517 5.2466726165554913308 5.2750818090000528571 4.65109e-09 6.03534e-06
16459958.932238189504 6017 1.5839146446833740622 0.24229427064903505395 0.044909551225942680175 0.72809895499584675882 0.041405367414674876247 0.36267382571077511066 0.2844521339011895078 0.21645669462975969388 1.07446e-08 7.97837e-06
16459958.932238189504 5277 2.1160447522855476699 0.17271849729076810265 0.12206205670235441285 2.2212262964428393097 3.4550338256845671836 1.9932487087331240971 1.8290198234564092328 1.6620277807561567585 3.07432e-09 5.25735e-06
16459958.932238189504 6716 2.1011094669407608393 0.1867862554131393682 0.13092261034004012976 5.2681192208078178041 2.4106812842544393938 4.3579255034924466727 4.540124297357255756 4.7241459472263134245 2.33978e-09 4.80001e-06
16459958.932238189504 6906 2.3178067188815636435 0.61508763268091637411 0.24929940968918343214 2.0700062373155740936 5.2214348677920465747 2.3664122111513914426 1.7486844571160060635 1.1433031621296660951 2.85032e-09 5.12643e-06
16459958.932238189504 4750 1.9922735713809520686 0.15154265320997822863 0.016102764735534909335 4.441646990963365127 3.5527007812707647183 1.2615364130596813386 1.1198734528574940672 0.98347819999526864265 3.28876e-09 5.37685e-06
16459958.932238189504 4318 1.6582496102206432109 0.15142534356640763304 0.043704695013032208994 4.0637036082296829065 3.2276965055105719671 4.5165950691087228819 4.6679455227755166646 4.819221341702833783 1.32396e-08 8.55345e-06
16459958.932238189504 6760 1.7916818547427189046 0.22303494854512329049 0.15515584778657570686 2.0879889780391711618 2.6650032153546132641 2.0134785445473033505 1.7998122014223625342 1.5826006325023527221 4.55433e-09 5.99319e-06
16459958.932238189504 6914 1.8789254474485201918 0.2781112200639028198 0.080918224187913181944 0.98657739436950997458 4.1843047649552342904 2.5962348946060789245 2.4291477713732940735 2.2473503808190935516 4.41745e-09 5.93254e-06
16459958.932238189504 5796 1.548432861296577423 0.12125248654864304032 0.10673212363689699167 5.1319085563401873884 6.2380477566724348293 1.4431564780349657173 1.323515794401897816 1.2059516090169037916 7.64873e-09 7.12382e-06
16459958.932238189504 6225 1.5536162182562123224 0.17963455381109244557 0.12535954536545282356 2.0974903376470135363 4.7045268440404974797 0.55763560202648820852 0.46869392088020439546 0.38754914143158802897 2.38341e-09 4.82966e-06
16459958.932238189504 5131 3.5548979716514317317 0.072394037709424582938 0.24250684326254862144 3.6561147827683417866 1.0699285033677752299 0.32111358124516037327 0.29899591300011701955 0.27767146611352755414 2.25296e-09 4.73989e-06
16459958.932238189504 6576 1.1684410015502049163 0.19975386384349363977 0.2741472174696840125 1.8588797397643190834 0.33159721740811087809 3.1548905676084992855 3.157874910811665714 3.1611272108954744375 9.90665e-09 7.76531e-06
16459958.932238189504 6221 2.0437946725149593874 0.26951262931643371612 0.12122652863709473814 1.163540659702834823 0.43426161423897163827 2.5055535074152799346 2.3227002597387573779 2.1258509980611841605 2.14299e-09 4.66148e-06
16459958.932238189504 5048 1.6834861926899236106 0.18747590386589285671 0.10953447334234571453 5.0519632477461877684 3.8887622069038294548 5.9960070399269804753 6.0451186891813373236 6.0893300472250677657 1.54672e-09 4.18139e-06
16459958.932238189504 6746 2.9774830394098272812 0.35319310612746146472 0.22370583702979671137 1.1699405532788635931 3.8040236227068278119 2.2731410801958378265 1.9599193565311654464 1.6331302189243466216 2.1751e-09 4.68464e-06
16459958.932238189504 5957 3.2090715685884796393 0.054016913437069886961 0.081701343044575991392 4.9846223873813286787 0.32293631611855544428 3.8189456089779181269 3.8535499293070256677 3.8888400887592839972 3.45473e-09 5.46581e-06
16459958.932238189504 6153 2.753320385843600171 0.053653859257440553177 0.55597111525420928047 3.379188411679047821 4.5720801088731422013 0.89435281770733332518 0.85318102805339324224 0.81275949681735359942 2.21408e-09 4.71246e-06
16459958.932238189504 5773 1.9569500265797430405 0.078525105831869043693 0.177316667269156375 0.79668972102710677863 0.7070691908099369094 0.71955852228550576388 0.6692258407573142831 0.62051051426586856241 2.82024e-09 5.10833e-06
16459958.932238189504 5291 1.9214919077118923774 0.2188478243404814727 0.10390801711600844426 3.9898502296743671991 2.9289184085510981959 2.6739689543192688426 2.5632655996639512885 2.4436381673144258464 2.6037e-09 4.97409e-06
16459958.932238189504 5693 1.37456501343886206 0.31930575791231624594 0.15953662525161146912 0.42299461379926911464 3.4656258623677458353 3.4172727890598446621 3.5231422624972781321 3.6420386641001636363 5.43449e-09 6.35677e-06
16459958.932238189504 5467 2.8941448124874118442 0.020812499206282780717 0.14307976906892677649 0.79554814870628776102 2.0699843769422066053 4.0550352755341299016 4.0716175549384390209 4.0883015791496708502 2.43648e-09 4.86524e-06
16459958.932238189504 6366 1.702800799007041288 0.13251936303831451935 0.16071939922955355562 4.1360655517082083321 4.3859730747641485493 5.1063275599856323694 5.2260338436622539859 5.3414528252766686478 1.97281e-09 4.53467e-06
16459958.932238189504 6102 1.9440480914129671941 0.075297670543338246496 0.088592347131099383195 3.8556901850302756074 1.3115372248077139528 1.321553342602817871 1.2491836253795924883 1.1777467011849116485 2.19362e-09 4.6979e-06
16459958.932238189504 5989 2.7152634560097634875 0.33588894098068999838 0.048841530339838998276 2.983099353258700237 1.9544673749873802127 3.1389132962260917203 3.1377925520562217621 3.1365161430485515304 1.60714e-09 4.23514e-06
16459958.932238189504 5548 3.2096597815825385069 0.16058952047427471621 0.34830912495204469082 5.8895664913426184484 5.3970495114426615402 3.1462115722369810022 3.1470238079562737887 3.1478959901437373325 2.11518e-09 4.64123e-06
16459958.932238189504 3541 1.9924617604488061851 0.12235938310135023588 0.12191516841831970264 5.7127007226251436123 4.6727896675151274763 3.8832691165365615937 3.970118031744303444 4.0602889905463346309 1.91401e-09 4.48916e-06
16459958.932238189504 6752 1.596323266307408506 0.080362953581162757666 0.12950364901344180169 3.3439483679674308902 5.9590009149337506145 2.3045600554394365389 2.2431446235804237688 2.1802717630335179955 4.12549e-09 5.79885e-06
16459958.932238189504 5713 3.092232475343670739 0.0960196497924230008 0.23142167616014819309 5.5266362772152293203 3.6711467397171917426 5.2963124174734703686 5.3744927376898425919 5.4502234964748668133 1.49134e-09 4.13088e-06
16459958.932238189504 5647 1.8444374406470347427 0.29117871115328064491 0.16406858354703582337 0.37450538289583756857 5.2497189529807224417 5.9666514270626365146 6.0477721824610437551 6.1156880838819835944 2.57441e-09 4.95537e-06
16459958.932238189504 5200 2.0390457585172665489 0.094123546044938527499 0.12847325694001862639 2.3524852429650260355 1.2472664252499028326 1.1245846229400386918 1.0412338268693845933 0.96000255622566799119 2.18438e-09 4.6913e-06
16459958.932238189504 6950 2.144638340571162427 0.24844975800897581286 0.11437168701437334939 0.95780230551033129771 6.0744542248062725065 4.8331593590106134428 5.0787333814885133876 5.3106967673797891294 3.07555e-09 5.25804e-06
16459958.932238189504 5170 1.3595016864858195937 0.27543262946821289727 0.13459007045081011755 3.8094187170396880404 5.4764121360730637633 5.4868971812482927319 5.6691895363653133089 5.827876741678955419 2.19546e-09 4.69921e-06
16459958.932238189504 5780 1.9851152490706445164 0.11533505179877796831 0.13982671097204088517 1.8579172375036694387 2.7401124467627200332 4.1921939307641968853 4.2954891972957813806 4.4009456515268512433 1.95079e-09 4.51773e-06
16459958.932238189504 6270 1.6022508357390392586 0.24525655209623525854 0.13964125554047990274 0.2179714603187040689 5.7903522022855717921 3.5011745646946597077 3.6002969830542737029 3.7088933336503169258 2.07589e-09 4.61231e-06
16459958.932238189504 5423 1.918790275106088572 0.27466662135911074083 0.041297729133878996466 5.0340409027466979097 4.1756638803066508103 2.8523945490066209274 2.7602130246121743262 2.6579817432071246586 2.52578e-09 4.92397e-06
16459958.932238189504 6335 3.1284773544986439475 0.033666434755921195721 0.2364948905469136109 0.41628525281630723853 0.59995645280918497022 5.6402871779483110259 5.6602073953496550018 5.6798502867509759184 2.80706e-09 5.10036e-06
16459958.932238189504 5018 1.3422669308074142158 0.16903085588783547943 0.21027622093261441605 6.1065847266042192487 0.44845538913045007723 3.7427470336557990827 3.8462211414309122048 3.9557110197889513437 1.65949e-09 4.28064e-06
16459958.932238189504 5446 1.7040313992482427619 0.047516256080768336234 0.08994676841887247476 5.1643500979634486825 0.061841576419068275405 4.2772421022800379831 4.320784090003622957 4.3647032566040468993 1.15731e-08 8.17837e-06
16459958.932238189504 5130 2.0433208748159974455 0.34007945192233796083 0.16393532520823986265 2.1397840924575444177 0.664734634993759399 3.0710768824962322299 3.0411494911913692363 3.0070482434121950099 1.98119e-09 4.54108e-06
16459958.932238189504 5316 3.4614519668128171936 0.13488827891869492603 0.22331055609719721589 0.6270810214501785218 4.8686507984528271109 2.2883320672095273096 2.1815779513056168248 2.0710774731795043024 2.96988e-09 5.19713e-06
16459958.932238189504 6073 3.2240992058999680125 0.025161418046788293357 0.21206966053334172506 2.445718460136146799 2.297799231651603602 4.8317754891715338772 4.8567230774681267036 4.8816228646848589534 2.87152e-09 5.1391e-06
16459958.932238189504 6023 1.6742276561569557902 0.20881446654547974884 0.070524656213851497077 4.5676608965723461964 1.0557836366889667978 1.3635345079758547371 1.1619899546214971231 0.97038264361354631404 3.26695e-09 5.36493e-06
16459958.932238189504 5899 1.8110939751178991575 0.33439275977860882794 0.23391446155862483103 2.149714961449096684 3.7842965318311403422 2.7715495916403747323 2.6234955874615453197 2.4578949844320763241 7.73132e-09 7.14937e-06
16459958.932238189504 6108 3.12403635104181987 0.2658756149651996803 0.18484460642896549665 2.5113341630159555784 0.33696638039846626977 2.0656309407029231906 1.8123523672946495466 1.5541959392237973958 3.24647e-09 5.3537e-06
16459958.932238189504 6832 1.8360089317991989954 0.27813826750723158465 0.13553673928348680677 1.4972951502751774555 5.1125208825587904471 2.2976948667169674323 2.0646666376852618185 1.8197645618924087607 7.86044e-09 7.18895e-06
16459958.932238189504 5288 3.1797558307664464117 0.19974065875178068086 0.20464658816833317112 2.5818827920752291938 5.7529924168489312564 2.4564568838683893404 2.3181802589356239608 2.1716765625865175338 2.94866e-09 5.18471e-06
16459958.932238189504 5895 1.2195273202022967052 0.1709428157229316847 0.14948066762555700659 6.1678463760307442598 4.1674210807254965516 1.2887166354665762213 1.1275338491793989171 0.97311142021129182211 3.55807e-09 5.51978e-06
16459958.932238189504 5778 16.827766752562567376 0.35730218431884885888 0.47761038737154237754 4.2466712506487134249 5.1499805787109309563 3.5183116228514399459 3.6820676349834817742 3.8659150904712888952 2.56945e-09 4.95218e-06
16459958.932238189504 6029 1.7942573035906530521 0.11994161063196731587 0.020149622890596907698 4.9546449443226130427 2.1187080824139563617 6.026316206560057509 6.0552138396457575453 6.0823208765678824506 1.02352e-08 7.85023e-06
16459958.932238189504 6295 3.2362599435607513065 0.094918329270713072687 0.24929499540129573809 4.8136687003024407616 1.4246169412615337091 2.7839169573073809794 2.7490613959036624969 2.7127524413836430206 2.30061e-09 4.77307e-06
16459958.932238189504 5806 1.089718351921007633 0.22917396053857941318 0.19318562279943465865 2.8362914432166630441 4.6294845589194846269 1.5165338145359936739 1.287074648589859871 1.067062999245964372 2.32886e-09 4.79253e-06
16459958.932238189504 5668 1.5611839783217262845 0.054550968307698309567 0.059613034331205343175 0.019397652855665192817 1.6322166047766595298 0.77436752439889156019 0.7369285678550430152 0.70026941277281673504 5.17696e-09 6.25473e-06
16459958.932238189504 6343 1.2740369241549418522 0.2122689547264960952 0.19364874250057279026 1.8329215235283009555 1.0501615509854183017 3.6233512577259259224 3.7331867199976596083 3.8515659086871143479 3.59373e-09 5.53816e-06
16459958.932238189504 1147 1.4751066446928562392 0.18739026468106545487 0.13995333899322770499 4.9474415427755120689 1.8400718766716412933 2.8892987763997375339 2.8373593885747143695 2.7812244349807841992 7.2768e-09 7.00643e-06
16459958.932238189504 5076 1.296571814556851443 0.43808080052260284232 0.20411670750608804092 5.0014516169775662391 3.5364067753652594917 5.6617893890030339676 5.8870175525997927579 6.0560666951003803149 1.5547e-08 9.02399e-06
16459958.932238189504 1969 1.5820079980838657185 0.13092019749242514437 0.044424910830900506131 3.8048301016005749986 0.071020889219749222532 2.8323488913010743673 2.7896657064824350591 2.7445365598341253666 2.21709e-08 1.01573e-05
16459958.932238189504 5111 1.8474534076484478984 0.20766232752152080643 0.082503726222300011184 5.5554346182735336868 5.6508608801273600974 2.2761317399047422683 2.1050219242195598035 1.926294602245663512 5.46463e-09 6.3685e-06
16459958.932238189504 6503 1.9941345751667234332 0.19524943901309746441 0.20310077223572137184 1.8522451854276007488 4.422321601266681057 2.3740472277310358251 2.22696813876805777 2.0722654549471246632 2.13987e-09 4.65921e-06
16459958.932238189504 5276 1.8995123905355422167 0.16826821252498083692 0.19062159851132431942 1.4819076843164160628 4.5840703755361866811 2.5350073267062809279 2.4312582436538607844 2.3215326728252740907 1.69322e-09 4.30944e-06
16459958.932238189504 2850 2.025182829855839195 0.34594914480466532059 0.30002963986277686459 1.6675006057640651136 2.4956397852684446548 1.674414247117975485 1.3165496133591965133 0.98172168388037772679 2.86233e-09 5.13362e-06
16459958.932238189504 6960 2.9886572825016495258 0.11222781330349561324 0.093175999348969251734 4.1485132904272976617 4.9693342687006154534 4.0018460157850110903 4.0903800087945345609 4.1815886224133436144 2.28045e-09 4.75909e-06
16459958.932238189504 5258 2.9882821411210094276 0.21721316093005740844 0.31262163136468512636 1.0347888409849763658 3.5322979801593574756 6.1069381680630243636 6.1417162024235336659 6.1723427573437961158 3.58569e-09 5.53402e-06
16459958.932238189504 5027 1.7645828323154486572 0.19026473915465655362 0.12401521112095380273 2.4297882471500491519 2.9505489463888361357 3.418859097718371487 3.4767510656009950054 3.5393327098986544499 1.92434e-09 4.49722e-06
16459958.932238189504 1410 1.7408796641736461464 0.20529510879199402984 0.14850357042570150323 1.0806971575769053207 5.0618229817281248373 3.9719091682137586119 4.1362352689565691222 4.3083884213656657991 1.96181e-08 9.75145e-06
16459958.932238189504 5063 3.4698387664194640934 0.20693525541611898499 0.40234300877186612855 4.2772627138563112936 1.9024255437778521127 0.12330224596017054506 0.099993545024784261099 0.079335820541038507003 2.23728e-09 4.72886e-06
16459958.932238189504 5955 0.71468923944218010202 0.060420229954223303448 0.16972696406991080731 1.7082605908026682329 1.3763834459560160273 3.5078956455251328883 3.530184261649211841 3.5530766048866064821 2.24745e-09 4.73602e-06
16459958.932238189504 6615 1.3776869929450969998 0.27672899210605683695 0.10770559227765702515 3.4956759844126250592 2.4793005839172415072 4.7553815535641863477 5.0338473109095289715 5.2964010449303113859 4.67657e-09 6.04634e-06
16459958.932238189504 4105 1.9303197327986774123 0.13864749598348963255 0.10736055368424245182 0.73386167630972820586 5.5320229600852908192 3.3218016158421010964 3.34860833429479543 3.3771059710330360026 1.26705e-08 8.4291e-06
16459958.932238189504 5278 3.1340346286422922084 0.069972447694645736882 0.29583461456679382984 4.0209182250350590238 1.0747267794915114081 4.3780321177959518053 4.4449553004861597216 4.5124403844152229937 3.13887e-09 5.29389e-06
16459958.932238189504 3487 1.3491702428743668207 0.29119183352964705946 0.081466780588493256654 3.6356571391190422027 4.6707936996787768891 0.06883186100963323284 0.05100770946449331017 0.0361611209181895224 7.96126e-09 7.21956e-06
16459958.932238189504 3069 1.6832411714778425793 0.24394033887118077297 0.11266336457946453387 1.061712138495094937 3.0254564867086086721 2.5654005927943170917 2.4151012417539878818 2.2530636214644452764 4.38223e-09 5.91673e-06
16459958.932238189504 3113 1.6101229648107737713 0.065598192671013050292 0.16579719094500730558 1.1432340377918899232 0.27880302603860407373 4.7739530347895726692 4.8393420900347754454 4.904412366262572931 1.79427e-09 4.39353e-06
16459958.932238189504 5489 3.2293802009355423444 0.13361881167718922536 0.27476980617508917071 1.6616611757166337426 4.7091541283311144639 2.7213837524998076844 2.6630708701639935754 2.6015437498776945446 1.80848e-09 4.40509e-06
16459958.932238189504 6937 1.6348617320549434506 0.27101798784497377337 0.067333384848830460379 1.3275057152838951602 5.7737681720868234692 1.732270357588542975 1.4552723126021360756 1.1860607899962860579 8.944e-09 7.50517e-06
16459958.932238189504 5869 1.5124247579879401826 0.22166453930261034722 0.16854082041959816962 2.7653746211264800259 0.40159607165647809301 1.3749406090373044176 1.1603088948616626652 0.9570588226285819955 2.00715e-09 4.56082e-06
16459958.932238189504 5435 1.7711702369201225427 0.19786092410025021837 0.046509022518238705979 4.6676212882165666329 4.9311356957929497469 3.6449721656244107315 3.7505193199880202393 3.8636932704853510501 7.17242e-09 6.97277e-06
16459958.932238189504 6255 3.2290830689159077949 0.091841259594457755333 0.18126153036782927108 1.3430630745698972639 2.0912901178866181162 2.3869126924007124657 2.3216992495682089448 2.2545565748838285458 2.45838e-09 4.87977e-06
16459958.932238189504 5181 1.3989836124458290278 0.17763768918708347511 0.022819458448726334665 3.5346532369461414191 2.4354952030075658342 4.1868491183436660208 4.3486773833159819702 4.5146945265157141236 5.47157e-09 6.37119e-06
16459958.932238189504 5784 1.401464181979252599 0.31979233566881465345 0.014184954886011067951 3.7850567595941946308 3.8651526771940507565 3.3844454687965357387 3.4783258766658429195 3.5839870388904544463 2.79482e-09 5.09293e-06
16459958.932238189504 2174 1.4211543904733561217 0.13637222600987328192 0.13004221390591239049 6.2472735874370544096 3.0042700819019456659 2.2886930356011050414 2.1807318110575439896 2.0689495463754576932 2.03153e-09 4.57921e-06
16459958.932238189504 5406 1.7851912352548719998 0.049047924363701395079 0.044470057154340977834 5.0521717178432634654 3.2048686865840623206 0.69673616816358518999 0.66582650208514571055 0.63552914255678405464 4.61584e-09 6.02005e-06
16459958.932238189504 6756 3.2149843248502740778 0.016925694372890331268 0.25521267872946962196 2.2338897631931233789 1.60977821451396097 2.1901916852028335825 2.1763414649180283789 2.1624252957381284723 2.22448e-09 4.71983e-06
16459958.932238189504 6230 2.234310564983208458 0.53535563076718761799 0.19376347409910349429 1.5986180751031220382 5.536427485469795684 4.1481121647916268103 4.7131606721487315781 5.248516143511598564 3.21494e-09 5.33631e-06
16459958.932238189504 3770 1.8473774528518542848 0.26237739427823020266 0.22679301605163551536 5.8153608873619866415 0.24704085620443397286 2.0783190203729429157 1.8300117456887297074 1.5764000177528307844 1.55823e-09 4.19174e-06
16459958.932238189504 6237 1.461814862254657621 0.18323693862219000983 0.064782223735670121934 1.1009592216205288384 0.89338328514218934284 1.0573387389473594133 0.90365913996003732755 0.75970889391999563145 1.89473e-09 4.47403e-06
16459958.932238189504 6634 1.8416787669207135281 0.16073621011359254251 0.12082519588919311826 3.8893149393420758386 1.8115826514397408431 3.182586856461310898 3.1898003829787859864 3.1975461097262978249 2.7181e-09 5.0459e-06
16459958.932238189504 6217 1.3612746225969996061 0.10038438393849251351 0.045795068988323667236 5.8134420448780774748 3.7574014702781810549 5.8871388497650967153 5.9242359194782281406 5.9595000274421252584 1.48722e-08 8.8915e-06
16459958.932238189504 6836 2.0048429663946718549 0.068020963191787242597 0.14633321007816810222 1.1259507811935238752 4.9100980955531694505 5.0602691036411950876 5.1235338606747440338 5.1858862194839359105 4.61039e-09 6.01768e-06
16459958.932238189504 5086 1.7862516190708241925 0.12926707412330643021 0.18186490437529667652 5.2114926636009011318 0.93163605638531654662 5.7568181484530498437 5.8185498474276986514 5.8764740274906603901 2.82e-09 5.10818e-06
16459958.932238189504 6641 2.0678410865629537341 0.1155515184289232361 0.13208676099196453579 0.93228663098829100964 5.38313366392901127 3.5300727716010618096 3.5764700706523742113 3.6251518365544037614 2.45986e-09 4.88075e-06
16459958.932238189504 5309 1.4783035317906982886 0.4025572673341392127 0.12895592154589619049 1.9650416917885180634 4.7677655701079251216 2.8702435584411811753 2.7292100248587809475 2.5678677479484020019 2.20889e-09 4.70878e-06
16459958.932238189504 6761 1.5269672179874065332 0.026572037879770096791 0.12897429849061264884 0.5478537271557483157 2.0490810224440552112 2.8917773108324231757 2.8851211987749394439 2.8783806962892146686 4.88068e-09 6.13306e-06
16459958.932238189504 6842 3.1280329813043521447 0.030869002536387385449 0.084714428776853992198 0.66547512094067773347 0.40587650525406537838 2.98772395054830886 2.9829184673563773345 2.9780408813481700214 3.94698e-09 5.71398e-06
16459958.932238189504 5358 1.7413819750036159117 0.24807833237514437252 0.12372040619481629309 0.94510794104011741634 6.114455501094656853 4.8945362407411128203 5.1356781325143279204 5.361861770218916412 6.59336e-09 6.77983e-06
16459958.932238189504 5669 1.6709896969784807652 0.24740356175604835687 0.10741950107300814177 6.1896931229928195961 1.6566429567181866211 0.52114164795700379518 0.40843633639424919979 0.31017388296201114928 5.45549e-09 6.36495e-06
16459958.932238189504 6977 2.771852067147274834 0.22331933671689332965 0.094781703476617254478 0.68567920883060295978 2.6280342516297952038 0.7397080286525921089 0.59923459690061786631 0.47328012523133200506 5.37795e-09 6.33465e-06
16459958.932238189504 6443 3.1942037122215767297 0.2227592754658440366 0.28094233286308095687 5.3907717876806895418 1.6526530427028334191 2.9933418382866663343 2.9558400200482095599 2.9146994398754229039 1.88164e-09 4.46371e-06
16459958.932238189504 5298 1.6565357267904374794 0.15359642104103976568 0.14035280254106397013 4.3629589499722829515 3.4876976995305386531 3.633531835490840578 3.7118068728726001382 3.7947201236682817083 2.48769e-09 4.89909e-06
16459958.932238189504 5399 1.4160148824071447926 0.12423112938225666646 0.050422820362566289631 3.1438422567309940447 5.6035864445359822028 2.9664995340777320365 2.9433540977840322306 2.9188876848699316646 2.19916e-09 4.70186e-06
16459958.932238189504 6367 1.7628036126581831944 0.26737179499628477286 0.14250926112811335145 1.4599702729752532804 1.2500740817811695216 4.3642714459456781739 4.6311401350859373593 4.8976299047342157778 1.45694e-09 4.09887e-06
16459958.932238189504 6202 1.991462558660468618 0.24079181440978514317 0.20853580736585555777 0.67140749689931022992 3.745848415630692152 4.6976796581536905961 4.9412686983448530498 5.1757809471122442346 4.75227e-09 6.07879e-06
16459958.932238189504 6269 2.1879409694266129804 0.21000490039308972179 0.072300987326811838596 2.6246063609624452617 3.4320540146699776152 3.8663168414703013021 4.0189671235257780069 4.1804741988527105434 6.27461e-09 6.66877e-06
16459958.932238189504 4189 1.1283900692031334501 0.045084858522567564099 0.034791924943153321181 0.50900959801432732466 5.0895805592377190152 2.3111405700780665029 2.2773291366241004141 2.2430368112429808214 1.1542e-06 3.79266e-05
16459958.932238189504 4755 1.8114213053383054763 0.040615350564884571127 0.072895344601397946138 0.9409791721258548014 3.0187577916571930459 1.221516565925046649 1.183605990757537807 1.1459972479967328596 2.34181e-07 2.22861e-05
16459958.932238189504 3337 1.4533115399087406239 0.27491392782172080489 0.25168241885732856034 6.1067044352416965936 4.8966667442394333776 4.7947689637479173896 5.0692118494644615723 5.326809311752233711 1.23471e-09 3.87886e-06
16459958.932238189504 6722 1.8403838410033734885 0.14098502127824008578 0.1766107405411441178 3.3642022713237857978 5.8498441024477987327 1.9852534569172166634 1.8519461597794155683 1.7164966277201691991 1.78527e-09 4.38616e-06
16459958.932238189504 5374 1.9040504802187803168 0.21176194135028331145 0.096844129200080383835 6.2527600660292499413 2.0663087659619576719 5.9708876706371700749 6.0305925225430829784 6.083515072934037704 1.21754e-09 3.8608e-06
16459958.932238189504 5438 1.2561062519006900295 0.23508419993742654674 0.13900731921719339246 3.5764625401982832464 5.2260943280433149738 2.9711871200053372455 2.925379868017443652 2.8749467529387455755 2.41055e-09 4.84792e-06
16459958.932238189504 6253 1.9585225509168748825 0.28309552471251320238 0.13196590627034368581 1.7393152657051607068 5.9249255026153910819 2.8318365659036461857 2.7297689596674454826 2.6164511399608834097 1.17298e-08 8.21512e-06
16459958.932238189504 5107 1.7406623379863384038 0.34126922302572121337 0.12253071619742078591 2.6217503864889106779 5.9634903304038147098 2.1219452344366542818 1.7947501933214267122 1.4620034959343430891 4.08288e-09 5.77882e-06
16459958.932238189504 6001 1.7576589868302896491 0.1601249269740175063 0.22876615752315396235 4.1899713714017181587 1.4736467062182405652 5.0766779102789216793 5.2228032060660201097 5.3625189648808904153 1.89847e-09 4.47697e-06
16459958.932238189504 5626 1.4707351794528820133 0.075292280772304931435 0.14953179120160842164 5.6486572670283008435 1.0140707840052507471 2.4265528526689119637 2.3756800267230562262 2.3234877894104517537 5.23731e-09 6.27894e-06
16459958.932238189504 5630 2.1078912534126668099 0.66899539171616373423 0.36511105524982429005 1.7916377565318322151 5.2504882041385965152 6.0340072176594254927 6.171754603118354332 6.2461470545975954494 2.87655e-09 5.1421e-06
16459958.932238189504 5678 1.9087667133504457873 0.28672060291822398792 0.15792443764910876758 2.4460819962256814541 1.6975523915244536965 1.6717474490391033282 1.3781330091382144598 1.0967173791469491118 1.85255e-09 4.44058e-06
16459958.932238189504 6127 2.9873431341073666268 0.34838280452873793269 0.24521140890826326197 5.4224142640957442296 4.6713166398525363121 0.92826132848951181664 0.6697906725372102521 0.45350699858797433039 3.18976e-09 5.32234e-06
16459958.932238189504 5564 1.7172819906469727336 0.13898058964200465937 0.049188060673894334895 1.0716213655076813893 1.8102356231917677842 1.1973234225288325039 1.0706923843766262827 0.94873236889547718498 5.64605e-09 6.43821e-06
16459958.932238189504 6725 1.8948445365396013873 0.1262550655625025442 0.04889981756197824686 5.9021002912625410985 1.896320778986975597 0.53079348825897265662 0.46996866276417598174 0.41279300261570639474 4.94994e-09 6.16193e-06
16459958.932238189504 4858 1.3186251974009466359 0.29885360940407940111 0.10492663366183777041 2.8143165064736876957 3.0118287465142681292 2.5174735761193902661 2.3141272704961983742 2.0941057290775892952 4.88084e-09 6.13312e-06
16459958.932238189504 5740 1.8716854043714359346 0.0066500826670144886493 0.043001426935746309144 3.0236022643266160514 2.5659859587082562982 0.16154135181478770922 0.16047524166038942828 0.15941264250632411481 3.09097e-09 5.26682e-06
16459958.932238189504 5694 3.1238684598000086012 0.16955667700751414495 0.27612470585610571217 2.8445744230336376113 2.3094421709383246011 4.0939145644766021803 4.2400588690514631196 4.3910508860975552281 1.21025e-09 3.85309e-06
16459958.932238189504 5553 1.2824831887191632251 0.16465874761636969947 0.094430959738981135043 1.4986785137855693772 4.9644191319722903444 4.686426518782464079 4.8521380274976131375 5.0151915143125691543 5.50583e-09 6.38446e-06
16459958.932238189504 5820 3.0863797304693880719 0.16173349027223538066 0.08291929607832800031 4.4645343964730734854 0.37824119575620657185 3.3007702270875265427 3.3288293852393766592 3.3589352069437321546 3.12834e-09 5.28796e-06
