11531827.515400409698 0 5.4029077174081887591 0.051438760943801023484 0.03351367516607649949 0.15904685508890445411 0.38712761300524034525 2.5966926800119032315 2.5694139047658888231 2.5415616131270719613 0.000954961 0.000356051
11531827.515400409698 1 9.0307441417996461297 0.054578481055713799763 0.039495980851099642128 1.8060134104153013901 6.2642374428942311226 1.4890986409686806091 1.4347960303740356913 1.3807215158087258189 0.000285285 0.000238018
11531827.515400409698 6992 1.8356611422066753114 0.053289023309836640319 0.22742274817685551036 0.57906899433198488758 5.6768771357202867378 4.8842548582116309674 4.9365457021104468538 4.9885015353700428165 1.98059e-09 4.54062e-06
11531827.515400409698 6819 1.315739872940872468 0.11679290503836750603 0.15037067147264007727 2.531041473650884388 2.2391514584893692508 2.3491029111914438765 2.2621230287225064792 2.1721456764127311523 2.46721e-09 4.88561e-06
11531827.515400409698 6751 1.1154635929928629068 0.042305286819483658989 0.042922988830610922517 5.1417574380623758401 0.3858070379792931659 6.1353586708078147183 6.1414647299775921852 6.1474402100317160347 2.66624e-09 5.0136e-06
11531827.515400409698 6558 1.5204215898543302909 0.20884524707509805053 0.022960783165038963632 0.19252361120855535082 4.9863311160415335621 1.5434575137776007647 1.3337423819917859635 1.1307376919778533431 1.61664e-09 4.24347e-06
11531827.515400409698 4977 0.87961994666808562826 0.063653375065718498238 0.084676196814047727246 0.41096933986324440946 1.8006452429735679832 4.3722878587817923801 4.4329827348350470118 4.494167591041404286 4.26284e-09 5.8625e-06
11531827.515400409698 5588 2.7805009013024557518 0.17601389531853631198 0.14351532796039392914 5.241564131604588006 5.3317517607641473631 4.9016007380026849205 5.0725567564704281409 5.2372771967207434329 2.40685e-09 4.84544e-06
11531827.515400409698 1673 1.3683959955962223809 0.2393988760745333344 0.25505683718078370203 2.9402065250503199856 0.57696080046343689585 5.1458036737227752511 5.354807602929859911 5.5464820791450417659 4.71659e-09 6.06354e-06
11531827.515400409698 5771 3.1889701956980061048 0.13445305396464291015 0.25814316311321605646 2.2115918789351867169 4.6561889135677398954 3.4823104812078700121 3.5305035260696127075 3.5814855488087316004 2.44735e-09 4.87246e-06
11531827.515400409698 6012 1.3870323727244449064 0.11547550135702613905 0.042118082857232994054 5.0579629666715257841 2.7836642732698275715 2.7556413077708952208 2.709560289934581867 2.661208701041007707 2.36071e-09 4.81428e-06
11531827.515400409698 11 1.3179820445335517221 0.11000740047146399803 0.1493252957650347823 5.4338256069275265858 2.6820824951372950196 3.9290370526154192454 4.0103426056199484862 4.0943357063983194521 2.42862e-09 4.86e-06
11531827.515400409698 5225 2.8325403768301917751 0.4518420764689228819 0.73646525060259993012 5.6542448567159357964 1.2674465543346087326 0.70623232097018850961 0.44542165167812475257 0.25075072114894303432 2.91553e-09 5.16523e-06
11531827.515400409698 6883 1.7203787571900415188 0.0071446299044112199575 0.13156934032799344481 3.2394582711294086508 4.4343039602980685032 2.350284190857538924 2.3451895572604879447 2.3400822509462577692 1.23696e-08 8.36184e-06
11531827.515400409698 3514 1.4401842222833831642 0.36045407916402677495 0.16164020881634919014 3.9171624599932544086 0.52225353903748195084 1.9589548670919139095 1.5916767914386684701 1.2313012872922519669 1.82159e-09 4.41571e-06
11531827.515400409698 5050 2.1874739268960197158 0.15100488709462514536 0.22925474476588156292 1.7696629848982221578 5.8063907884481462673 3.3533619371294078881 3.3878413167472074541 3.4246514020897800279 4.47893e-09 5.95993e-06
11531827.515400409698 6627 1.7136637426044447619 0.11647301667816860327 0.042796358547133789285 4.3809640772618267945 2.1906720157261565518 3.8341395631303067937 3.9122357617042733402 3.9933704911060012854 7.24481e-09 6.99615e-06
11531827.515400409698 2413 1.8070788729538129758 0.098763544258967259082 0.028729267412365928902 2.4974685803980207766 5.2706450966286215731 4.0236065974190537986 4.1024830497097468651 4.1834397149326774112 4.92958e-08 1.32572e-05
11531827.515400409698 1776 1.6150631848077046104 0.09706546925412370963 0.14322924226351882449 0.94456239998295277172 5.3882924903007989315 1.5105383904905758108 1.413779046701204134 1.317907667845222397 1.13676e-08 8.12967e-06
11531827.515400409698 5560 1.8166310096458317958 0.18761310060088645657 0.067779228041805708593 6.0398991472309573325 2.5657358488422636889 3.388781765050806527 3.4397669348842554449 3.4948830747138459607 2.32788e-09 4.79186e-06
11531827.515400409698 6484 3.1706177428013080366 0.092663829688994697742 0.25295568333206375211 4.4695888762598983135 3.3856967370844737175 1.5842513536633493487 1.4914048656071821064 1.3990329128110889911 1.88476e-09 4.46618e-06
11531827.515400409698 923 1.5768869053766700894 0.081965413263299646829 0.066749846118372771486 0.24737175546811732141 3.6608317668275547341 3.9097083557271101739 3.968470926339978444 4.0287827987622053527 2.53731e-09 4.93145e-06
11531827.515400409698 6946 1.2958837957060329593 0.32902911188563788158 0.068807366482563012133 0.61167904593173094696 1.6803307390723418724 2.6684643415710218584 2.4873857077495009626 2.2871615821928603651 2.99755e-09 5.21321e-06
11531827.515400409698 5448 1.8734517904069298844 0.095392175373677112749 0.16570232392243011699 2.9346410262457389706 5.3555651359239417886 4.5761479711295187656 4.6714191067417356606 4.7667312339731680026 2.56033e-09 4.94632e-06
11531827.515400409698 6528 1.4742774032913394944 0.0035438954604017102769 0.098574044073166319779 4.2519606952110589049 0.70582021988098930798 2.9544017280121313007 2.9537410581041370072 2.953079240168709152 2.31313e-09 4.78172e-06
11531827.515400409698 6764 3.3011420988492425899 0.025270928896541082487 0.22820214889282433579 2.7414556957420650463 3.1716029226453352763 2.4086687885284296939 2.3915987666044884463 2.3743732349995720909 2.4069e-09 4.84547e-06
11531827.515400409698 5259 1.6783593259548992283 0.099016281768267377927 0.15222895445588702223 1.4655326674522486385 3.8577348875394328331 3.9495680940407451587 4.0238361138970795139 4.1002931559088535707 2.21606e-09 4.71387e-06
11531827.515400409698 3413 1.5865049796621000233 0.18016324594886715116 0.02865694589450844959 6.231549876535337873 2.0295172172325193216 6.0076409787821187791 6.0530824567288705751 6.0941736690678256494 2.25655e-08 1.02172e-05
11531827.515400409698 2658 1.8775066190049340964 0.24757908876476983351 0.093370573315884095034 2.2397959735878316678 3.961719191640802773 5.1761000483593919697 5.3882590842403406128 5.5814111115643614269 2.46497e-09 4.88413e-06
11531827.515400409698 6498 3.2384264316861721689 0.035278391654734994609 0.11225813460603376037 2.5937746821781417772 0.46796425709713895813 4.2921530762834461115 4.3246027843439200922 4.3572617009249254849 2.50157e-09 4.90818e-06
11531827.515400409698 1698 1.5597831070757288696 0.20400687126421304662 0.087169880632525564845 2.5052380264172167124 1.7022974687858580811 3.5531285015902214219 3.6441443031253992757 3.7424069175075667104 2.42949e-08 1.04718e-05
11531827.515400409698 6300 3.2787409267749949571 0.04723604542290847641 0.30290648258915581215 6.269184297037196707 2.1122091736425150366 5.7526883426322346082 5.7761225761206080875 5.7990609505194754547 3.26125e-09 5.36181e-06
11531827.515400409698 6744 1.6193948226611760699 0.10011760184252219141 0.17177969737829593133 4.7467157156095876047 4.9396046651190337329 4.4388619949998595615 4.5367502462308078037 4.6353275517065331002 2.29835e-09 4.77151e-06
11531827.515400409698 6273 1.9026921318173775077 0.058332836361197855368 0.12035920826279947193 2.2108074622430931022 5.879765827440516901 1.5217575100206630623 1.4635449178738508813 1.4055472574001084407 1.74421e-09 4.35227e-06
11531827.515400409698 3800 1.6385057001574223623 0.12870481764920074785 0.07170142369620927103 1.8529665715902166045 2.7634971358837074895 5.1874660666625214134 5.298980439771742823 5.406169959754607568 1.79108e-08 9.45995e-06
11531827.515400409698 5861 1.52005365618010857 0.17167788290305269205 0.12191761239825113505 4.8149084355940559021 2.0707170351051624735 3.2649028331137408543 3.288172963316205788 3.3132475437935653417 1.95257e-09 4.51911e-06
11531827.515400409698 6922 1.01967866527525719 0.13804306162390239665 0.1026410958308041077 4.2905152631021232779 1.8452555830786017133 4.3083771961889141267 4.4393044155381318205 4.5722320930549331663 2.00926e-08 9.82944e-06
11531827.515400409698 6923 2.0217065335174950746 0.1446581454174583059 0.11856313103856504221 6.2404013524881900565 2.8038235285223898074 2.3523459175006817823 2.2436563173703953922 2.1305275071209348603 1.67707e-09 4.2957e-06
11531827.515400409698 5480 1.9925991954609922896 0.11501584141752775603 0.11913355489634429307 3.2469055946698399673 1.9393027223263690217 4.1374633860790988038 4.237363647018100643 4.3396450650646221092 1.6026e-09 4.23115e-06
11531827.515400409698 5093 1.8840502340784419655 0.13179785657774392704 0.020300899475296022012 1.660881818290852685 0.67179598883191726788 1.835315209554139404 1.7054769677015650942 1.574872637808981235 2.98948e-09 5.20853e-06
11531827.515400409698 6676 1.8741020689589802384 0.082698559492926829173 0.2252125391168464108 2.3687955078571136802 4.3889407000408704462 3.696976021914025079 3.7422408485867810768 3.788980199896738732 2.23147e-09 4.72477e-06
11531827.515400409698 897 1.4723807766952932141 0.14504083340731105389 0.13412150163788630342 3.5500240257542974298 5.6021742332792969776 3.5712663497801653278 3.6362964819593006638 3.7051576647348420934 3.39891e-09 5.43622e-06
11531827.515400409698 5996 1.845151787989227854 0.21459048340951739076 0.042474501305077912161 6.0382094438208291365 2.0676616227062476483 2.1328416556109117685 1.9384552888281776362 1.7382055986936919556 2.28464e-09 4.762e-06
11531827.515400409698 5721 1.7545435862813951733 0.21364891617007092384 0.1195295321091224966 2.2591256599777351788 5.1916625705042802608 6.2438786170683089338 6.2515444769968393501 6.2583033781702424037 1.97529e-09 4.53656e-06
11531827.515400409698 6083 1.7821747211782279496 0.15186855384921518763 0.032878152825684563154 1.2475323412582643989 4.7820387400458184146 2.8007216154151621801 2.74570735095858387 2.6871430141858749785 4.91269e-09 6.14644e-06
11531827.515400409698 6982 1.6658104595508795853 0.10742217993332459081 0.11240389960285050719 4.7684778484139584975 5.0853305518671518826 0.098899470340086101383 0.088803290500954673581 0.079276380554033798465 3.77646e-09 5.63047e-06
11531827.515400409698 6562 1.9852307680613756613 0.16118376180082014115 0.11674687066753915154 5.6143654163156924142 2.0176468244604577329 1.6389142834637140389 1.4765052599309840264 1.3160374941335728494 7.2003e-09 6.98179e-06
11531827.515400409698 6915 1.0660604805727396105 0.19449747074360870802 0.11098546260252799278 4.3274514066778220212 3.0360335355819736414 4.0465948827794742115 4.2106293922581432554 4.3811526403518019634 6.99762e-09 6.91566e-06
11531827.515400409698 5492 1.8685275844760833586 0.18869961250484168502 0.061833239179495402826 1.7230710853343216282 0.47600869913537829925 5.9982942123708671289 6.0473194642802310383 6.0914157224281746394 4.51271e-09 5.97488e-06
11531827.515400409698 5781 1.7003568689972119454 0.18832364510566074189 0.14220069923500605613 6.1184940173942088393 1.6849188854906989032 2.8372459243810856933 2.7746457035986442641 2.7070813362139531932 2.03408e-09 4.58113e-06
11531827.515400409698 5427 2.9434861385676525103 0.056399580904650484237 0.10718837522999795364 0.33823546049406644221 5.1934078047635363617 3.0184979694240143822 3.0113678070317617674 3.0040439216561067859 3.52478e-09 5.50251e-06
11531827.515400409698 5568 1.7890459824024096402 0.48859844051895667816 0.1474468363762071188 2.1209959478536428712 5.3899776367009746281 2.2662912093449905093 1.7941690005498052152 1.3177093568398396961 2.09675e-09 4.6277e-06
11531827.515400409698 5928 1.7966764546480371578 0.19509463662743234402 0.1220762417653298848 0.53810183379490150735 0.78646150862989983032 4.5239200353134165766 4.720422157054830592 4.9155104987996498522 1.85148e-09 4.43973e-06
11531827.515400409698 5044 1.8060177205004510625 0.22005404917248011509 0.18169755482204824615 2.2468264478526354111 2.479951038610411107 4.1228431370384290844 4.3196084239965983897 4.5229049943302843673 2.3978e-09 4.83936e-06
11531827.515400409698 6767 1.7096277253344707159 0.22837759357206802169 0.073030766096479182714 4.5492352266210129841 5.9170065982750710276 2.9161024672627884335 2.8577954064915278565 2.793848992332860881 2.88634e-09 5.14793e-06
11531827.515400409698 5537 1.9195623979139344595 0.11476577227577738904 0.11337444971258013593 5.6926674654994258162 6.1706177774506754119 3.2745059282894066754 3.2906884927687070075 3.3077362669266534567 4.42539e-09 5.93609e-06
11531827.515400409698 5021 2.7893042483069061532 0.2104890446663471304 0.15275416442759071067 0.59361831611970949929 5.5304798391232061761 1.3967286720571707725 1.1915891427316527285 0.99605357335076027958 2.06176e-09 4.60182e-06
11531827.515400409698 57 1.5712541442695060478 0.16324835541900636904 0.089463476903223829173 0.85050577075023192641 5.6799947491797810883 2.4642305084243441016 2.3542892335934366699 2.2386354926783074148 2.00445e-08 9.82159e-06
11531827.515400409698 1124 1.5446362096737442648 0.087555294648386905454 0.13289592328105898078 5.4596263870456507306 1.4717869526950535519 3.3906567022877798223 3.4132393759083718976 3.4367320494852746648 8.11026e-09 7.26432e-06
11531827.515400409698 5020 1.8146736311824169796 0.26650658664546489351 0.16102009885645260368 2.1612919070835623359 3.6597108094016728153 3.4555124453210255275 3.5516692776405460741 3.6579200170887826715 2.26068e-09 4.7453e-06
11531827.515400409698 6161 1.7742857146432500226 0.18348757608999138879 0.12666851744325996476 3.3284383723531996147 5.3573205257221960807 2.1540641975277576847 1.9916655262148379446 1.8241901456947609006 2.19638e-09 4.69987e-06
11531827.515400409698 61 1.5563316814068857141 0.063855210231771250551 0.057435781033538323148 1.212327003361998834 5.6397059128471873635 1.2396143451736374441 1.1798069811444678034 1.1207707659377350584 1.38519e-07 1.87077e-05
11531827.515400409698 6451 1.6334107091897700492 0.24727419439821640701 0.087682525038703523768 0.89656238228354834252 2.9895717386378759528 4.9889129280580846171 5.2214809695783461763 5.4373976849275704737 2.57122e-09 4.95332e-06
11531827.515400409698 6876 3.1067608159049320271 0.074172840599777703496 0.17019204136084886692 6.0951280894868755666 0.047759826944877972754 3.3578188363728189714 3.374353611826636179 3.3914626829421781196 5.7202e-09 6.46627e-06
11531827.515400409698 5132 1.6588907880141081641 0.13905530617222996992 0.066324933559925663973 1.4988869378903992846 0.56062199472406959444 3.9362783016682514337 4.0410344362759182957 4.1499119312786492131 2.32293e-09 4.78846e-06
11531827.515400409698 5470 1.5666704305030207944 0.047887094645409022942 0.13015552046550404874 5.5186126786699691849 6.0491348243044091859 2.409082385167150786 2.3764618778131838539 2.343293775664321732 2.3944e-09 4.83707e-06
11531827.515400409698 6757 1.7961742595171708015 0.1391824986793417096 0.03975599612530414384 5.2056510570077216826 1.5867615192667121615 0.34982389800657653911 0.30485089269720694327 0.26307513400669568782 7.3237e-09 7.02145e-06
11531827.515400409698 2778 1.5779843075265285179 0.15745834721241486198 0.11729929237299827061 2.8276421099211863641 4.5013501184080677575 4.2359371029230761252 4.3817867990237662212 4.5307183105540422829 1.15158e-08 8.16485e-06
11531827.515400409698 5605 0.89055882190617341454 0.10264456274181242568 0.27265637854902602388 3.921304148974738446 4.2852793798045869522 2.0925506588913522776 2.0010431049364858502 1.9077532753732175941 2.44051e-09 4.86793e-06
11531827.515400409698 5518 1.4804748966331253701 0.028177377969623010334 0.089202141572083740173 4.8559563205698896837 1.0449142201650107875 2.1803583795501362275 2.1570643130793376585 2.1335922406686478325 1.73658e-09 4.34592e-06
11531827.515400409698 5490 1.1443316675714307884 0.088138389258245380953 0.048489002376102839642 5.4532965288259793724 3.4651277862769154225 3.8623581695188691221 3.9226208918412610593 3.9846712024170272137 5.31486e-09 6.30978e-06
11531827.515400409698 6674 1.4109696042333861321 0.23181520908540229065 0.092362384600490426978 2.6841110539774444277 5.0393041948922752127 2.1479846925675172287 1.9383192297143465588 1.721984584461917267 2.73456e-09 5.05606e-06
11531827.515400409698 2768 1.3411943053661854464 0.038927950748581539864 0.032413082393035329287 0.4311793664099229928 6.0603626938387629153 2.3481961354940574793 2.3200576391165879109 2.2915548977087505378 4.43103e-07 2.75646e-05
11531827.515400409698 6176 1.311456761788789116 0.040821618857960616233 0.090824832693747234447 3.0109778453960092115 1.2327231106378750969 4.6287399442219925305 4.6694996940562116805 4.7102837731713691483 4.04806e-09 5.76235e-06
11531827.515400409698 5920 1.7239796913069083129 0.062099957896008625702 0.10334540686312733426 0.083179107243440866815 4.0531030089791197923 1.6127570650987708145 1.5505907882911278417 1.4885035065458103176 2.02047e-09 4.57089e-06
11531827.515400409698 6324 1.6457071424479798871 0.17728420092381907969 0.051196838751131068523 1.4350290863088448479 5.3409173504019635814 5.2395028156761735971 5.387034827345307697 5.5254810612914431189 3.61321e-09 5.54815e-06
11531827.515400409698 5952 1.5607989892426696876 0.24384435728078432404 0.17228678853408721516 2.3009774996341820774 5.9245364354660425832 2.8613492051137972005 2.783663744122519379 2.6982364941295888805 3.30338e-09 5.3848e-06
11531827.515400409698 2012 1.2651538461440845484 0.088600467418892547844 0.059103813513964285897 1.9169981179360928714 0.250782716236226777 3.6306380384272269879 3.674037097646235317 3.7190143197624774274 9.36497e-08 1.64192e-05
11531827.515400409698 5312 3.0479057365931323531 0.078840130185343804126 0.21256500539248920911 0.27417353387839626944 0.43661641300692805023 5.7595799953592434761 5.7977519891849249589 5.8345381365007087382 2.46345e-09 4.88312e-06
11531827.515400409698 5514 1.9736512939577144365 0.10274474565204498588 0.15773309522350723033 5.7002286927041048159 1.8398243763374024784 3.9115494033912909799 3.9859795375296678266 4.062787813373861745 2.23079e-09 4.72428e-06
11531827.515400409698 6734 1.3619285631258026825 0.14760278932198547808 0.013584220180636392278 6.2203497723277729747 1.4941483883695951818 4.7145156623431461185 4.8626361112442006984 5.0085760248065414046 1.00692e-08 7.80756e-06
11531827.515400409698 3988 1.6576591092931778348 0.14115166374715815145 0.038818597643140974329 3.5375997420560350015 3.4057964148432020579 4.141394416709086812 4.2653509547555898962 4.3926318572632601089 5.91828e-08 1.40901e-05
11531827.515400409698 5949 1.5708018206963261232 0.14656682163569775823 0.11403461614684812231 3.3713361306641842496 4.435204751528164735 1.9745717564923213061 1.8352454540095264335 1.693773788565582139 2.21075e-09 4.7101e-06
11531827.515400409698 6028 1.932841207797191263 0.22096319009306006342 0.15822499670615960965 1.7914258725231146929 5.3329467423016980732 5.1970435786786612908 5.3846478760875795544 5.5575332157584815818 2.1303e-09 4.65226e-06
11531827.515400409698 5572 2.7050528299860041592 0.34688582535812656493 0.52858696325262011229 0.58325376757767655178 1.2464046911558002151 0.7918539160974726876 0.56649857618801169323 0.38033158107502773593 1.63405e-09 4.25865e-06
11531827.515400409698 6521 3.0135874508998536925 0.094263866807387977631 0.13328700412788901941 2.6155695386662962676 2.9548535571841068048 4.1186385300022845257 4.1990255952025714592 4.2811386277028073977 2.953e-09 5.18726e-06
11531827.515400409698 2010 1.6823717964663849056 0.065086851541165488544 0.11004851780225584357 1.6063013184663657018 2.6748833984147117881 6.0638003106481850324 6.0775429569198173851 6.0908334328249020828 1.35956e-08 8.62944e-06
11531827.515400409698 5455 1.9235812763124153779 0.061607225755774694398 0.035469867472063355829 2.6176864297150341798 2.0603307842783840087 0.52410906570476900601 0.49405355229601455314 0.46483949244560673897 3.36325e-09 5.41714e-06
11531827.515400409698 6780 1.9769260899441742918 0.23952571063292837916 0.0895184898842656257 6.0241434923321124373 0.33713779274014210596 1.0209745084417423122 0.82672227488167038256 0.65049953192296394722 3.2776e-09 5.37076e-06
11531827.515400409698 5422 1.4123424682793106477 0.19068136227162935104 0.16815725584402627102 2.8220084684175956724 0.0076549529446256108292 3.3848140977509544314 3.4359243362154594514 3.491241063812427825 5.73994e-09 6.4737e-06
11531827.515400409698 5540 1.8855321689220998493 0.15072886186275560871 0.17894127512709795402 1.0025019855923174017 5.5287193350003818182 3.0861297991965472853 3.0770382265903402086 3.0673147679514642938 2.31531e-09 4.78321e-06
11531827.515400409698 5552 1.5256383850226193921 0.19007586541836710148 0.060658711927630351579 4.6934120389684572672 4.6549838338578615193 0.5043472270666694568 0.41888358721431151466 0.34157197480369927423 2.51442e-09 4.91657e-06
11531827.515400409698 5469 1.568646403158443059 0.1056352871104504626 0.14209088703885291993 1.0019947108801658953 3.7210178095140511445 3.8145025034963415678 3.8833515296546057272 3.954717223544794269 2.51139e-09 4.9146e-06
11531827.515400409698 93 0.89429041555743982173 0.047098602023782423776 0.0094314921468329915993 2.0743397255585112049 4.8646261768541751991 1.3859006478081117297 1.3397870817042349945 1.2939396157062887927 9.20189e-07 3.51676e-05
11531827.515400409698 5794 1.5089764983635765017 0.38369679521346161666 0.19019816713178894219 5.2918009437784681026 6.2113182019327197736 2.9667335138906945069 2.8804117199133765226 2.7813329138467968171 2.17467e-09 4.68434e-06
11531827.515400409698 5178 1.6460302474693162544 0.053127246793702703753 0.085269500924909383266 1.1984329721027771054 3.2480749997052118516 4.0067167367312226389 4.0478885649865521401 4.0897116597268983185 7.29677e-09 7.01284e-06
11531827.515400409698 5725 2.9556275561894205239 0.20660799059676904221 0.25654572869806863133 4.696229636034885857 3.4956226585768304105 4.1989381323217616071 4.3901198308803177639 4.5860914719413905516 3.15235e-09 5.30146e-06
11531827.515400409698 4194 1.31046397285902394 0.44815102223662900416 0.0958820755235319927 2.5092072196636578951 0.39630588096241103901 3.2372039752306114302 3.2962853774030329568 3.3653349181978691185 2.52016e-09 4.92031e-06
11531827.515400409698 6053 1.4789021092404317503 0.25169635820054009345 0.088766135253763853163 2.1091252726623790359 5.4543682072051735688 4.1274070428689713097 4.3558939144851613889 4.5917650581177893443 3.14775e-09 5.29888e-06
11531827.515400409698 6403 1.9591485232045491305 0.12396990659449005912 0.075491794950210563964 1.7904377961341055858 0.24432623291043431557 4.9382445668796428606 5.0577245689718361987 5.1743755284029644415 2.19336e-09 4.69772e-06
11531827.515400409698 6747 1.7032789036610804789 0.43451221651740140617 0.067261766312941964618 0.1179218603087824474 1.1212358966712503427 2.9869084397655947249 2.8959733019328850467 2.7903185565079642316 2.21376e-09 4.71223e-06
11531827.515400409698 6958 1.548873407935471791 0.10794129126624908699 0.16157919010456231468 4.5985845220795118493 3.0136360713161307601 1.9374733115159750163 1.8345033817969436107 1.7302935855229895079 2.00486e-09 4.55909e-06
11531827.515400409698 6874 3.2616158214618691247 0.11854702278121012626 0.31437623555595972658 0.3848339851346470053 5.4143868410367712585 2.2852691100771935773 2.1918205154749750285 2.09540824422739691 2.61974e-09 4.98428e-06
11531827.515400409698 1959 1.5879380665999840438 0.12084601584408420638 0.059538198673482457812 5.1603462857066215719 3.7680786180940737395 2.1041792652592454793 1.9965181884492337883 1.8864587844077951306 1.79741e-08 9.47108e-06
11531827.515400409698 3953 1.5488115606961156967 0.14704340207452559763 0.16988736664072964788 4.1592218209068194668 2.9463306366708956752 2.4740169181753075556 2.3769224443118921464 2.2751244359090296854 1.87457e-09 4.45811e-06
11531827.515400409698 6642 1.0800994217489252591 0.35490805566095118273 0.042323494903840200299 2.4487000781749452827 6.2176335636183139854 1.7046312837091814885 1.3361674668243341824 0.99098364639727720693 1.26355e-09 3.90884e-06
11531827.515400409698 1615 1.3220135599918292346 0.11298390810410607887 0.12945736211001374061 2.7995812456393185386 4.6775667224850678849 1.5237644206664557878 1.4109635941650331414 1.2994197881841325071 1.02567e-08 7.85572e-06
11531827.515400409698 5324 1.6251949907791836125 0.14231305385264209074 0.19421069695327478066 0.57601149424596065352 5.8987461713542232999 0.76195371926386890049 0.66813437873136194423 0.57996822661497027251 2.44962e-09 4.87397e-06
11531827.515400409698 5380 3.321760863103450756 0.027383362339568870919 0.24024146065246804183 5.8769507867424950476 2.5039636633733044491 2.7996336610897145647 2.7903294147515791401 2.7809072328208590541 2.14422e-09 4.66237e-06
11531827.515400409698 5451 3.2541405846814162039 0.10263368149698950949 0.085612685405307822895 0.19593180163555282136 6.2587256949194021161 4.7297942391174068177 4.832501606506792946 4.9343958273988652863 2.58702e-09 4.96345e-06
11531827.515400409698 5538 1.8831641595824522017 0.11897564484818992647 0.13636762172639724233 4.0106074054538298768 1.8916018589139422801 0.48027138909669159217 0.42789224020239635671 0.37852282090101779799 2.97954e-09 5.20275e-06
11531827.515400409698 6532 1.9103972611270716442 0.34504734699878725213 0.058063285979833616224 3.346327265396578543 5.1464270891377346118 3.1332692047626546916 3.1296647394232359751 3.1255491418776562007 5.62757e-09 6.43118e-06
11531827.515400409698 2966 1.2704731080396660658 0.055898812417435488065 0.12972948672760789557 3.5021263196943714924 2.4365735154999463852 1.6654069054035915975 1.6095814964343244657 1.5537247227416730588 3.90041e-09 5.69141e-06
11531827.515400409698 3751 1.4703070957322341705 0.13973630113777543715 0.1387117186614107156 1.9250796663924412133 0.20431298768008959721 4.0764947095499586283 4.1942523045236148604 4.3156473108377229053 2.30157e-08 1.02847e-05
11531827.515400409698 6233 3.098296747977482557 0.18591313126583647319 0.27809313520152495469 0.21641432891086057055 5.6230158925246529478 2.1149785596296157841 1.9467322858694531273 1.7738025099906726822 2.38928e-09 4.83362e-06
11531827.515400409698 5382 2.0245879307745129339 0.1142469193724081622 0.17491911696565989875 0.20703533995607348306 2.3687856335781041217 0.60391079127400693061 0.54177300403932893147 0.48286090558440036835 2.55203e-09 4.94097e-06
11531827.515400409698 5340 2.8366351674356140578 0.37791558478011916256 0.32795247029046858955 1.9445391089128363227 2.9385704499061504613 4.241035071745919538 4.6203006504588293168 4.9966149560197505863 3.20434e-09 5.33044e-06
11531827.515400409698 117 0.74472325335914923983 0.21804891749707658311 0.040931960022306923541 2.4195767214831960246 3.5422255476696506982 3.3578144897742325803 3.4108721744441328205 3.4688812522778409431 6.87268e-09 6.87425e-06
11531827.515400409698 5708 3.1482492196162525921 0.088516451081137287327 0.17975159373654053807 2.6758067142266201976 5.0774927845377444413 2.7147012153840992532 2.6764395321702263431 2.6367346230206321067 1.65544e-09 4.27716e-06
11531827.515400409698 6956 3.4586587586367172342 0.12293492627841533238 0.37195790123658845072 2.7160666300645397442 4.0956092650242466036 1.4776922877628275721 1.3556762079752415762 1.2355748383025557668 2.20649e-09 4.70707e-06
11531827.515400409698 6151 1.6376511287318951116 0.17523635331669629167 0.03044543365633424481 0.18846006857017075231 3.1326722016046373298 1.5774956386736274094 1.4012500196313175671 1.2285263063839630959 2.10594e-09 4.63446e-06
11531827.515400409698 5235 1.8512850299431098389 0.073631610892952004122 0.11804263696602582123 1.073414662720527657 0.86624406845421642043 3.0115795297932357322 3.0016578201106804968 2.9913877871813872034 1.69779e-09 4.31332e-06
11531827.515400409698 5270 3.110351027914929567 0.25298153689632285612 0.26750865674752927204 2.5821752014288312793 4.5537755163562874117 0.14995016451061241036 0.11586942049567265645 0.086622143377293112088 2.61601e-09 4.98192e-06
11531827.515400409698 1888 1.306014549795356805 0.055073117443533485538 0.053769756015920405767 4.4706636479593937494 3.1300208328171268413 1.7619118057890228446 1.7075290067275084027 1.6529699064075289439 1.07624e-08 7.98276e-06
11531827.515400409698 6473 1.8967741057547267136 0.17731221137191380266 0.060877381534383566419 4.2898937704524566783 2.778449910734049233 1.7944850075547313928 1.6171512343500882292 1.4400294911094715378 2.97483e-09 5.20001e-06
11531827.515400409698 5815 1.6151453720101671685 0.21083123411334883657 0.093356999860390643686 1.110708016825739497 0.60438235295001208058 3.8210258011616482499 3.966865984920752819 4.1217706976357453286 2.67562e-09 5.01947e-06
11531827.515400409698 6211 1.6424932443119373282 0.1709901112565622161 0.058469796352149022711 4.9945381972223623634 3.8881716746171397503 3.4306380841966102047 3.4841437284061469448 3.5415777750570192062 2.33777e-09 4.79863e-06
11531827.515400409698 5003 1.7680507279797743614 0.19092119206665347786 0.16275873045412472817 1.613144136543920526 4.6806497639031867664 6.2415273168750253774 6.2488475162104908378 6.2554020399624805648 2.56915e-09 4.95199e-06
11531827.515400409698 6536 1.9921238042005267044 0.033267182267004452578 0.1218956981721009275 4.4920389061651437856 4.2132961462634579419 4.4193359378434990958 4.4513447632369702589 4.4834848867487933077 2.77887e-09 5.08323e-06
11531827.515400409698 5873 1.5657608182691959975 0.13966482604890839703 0.11569771985234633682 1.3073253802961981584 5.1613861997749133081 5.81631787732121186 5.8757465920070428567 5.9310900384674649644 3.51811e-09 5.49904e-06
11531827.515400409698 6368 1.4924058631733312374 0.15738797137186677499 0.04977706155225257445 3.778813141262000741 2.7320826976698491251 3.6508234985748106993 3.7337193980350340539 3.8215618683258032462 3.51985e-09 5.49995e-06
11531827.515400409698 5898 3.1636204259285638507 0.36620733963939472444 0.3512748008143166123 2.755357650710063222 2.1326652650134310107 2.0127532217936625614 1.6437850156122988388 1.2785527000963050615 2.49608e-09 4.9046e-06
11531827.515400409698 5792 3.0998366421186225317 0.18750541385281893625 0.32101629132539971634 1.1109705561762621695 4.5123970104564454786 3.5505849076978774903 3.6329238561473289337 3.7213889168878071523 2.20777e-09 4.70798e-06
11531827.515400409698 6955 1.4556080357672551706 0.10237775720867417495 0.069136891712203635274 5.5335077714117879566 4.154227386774335784 2.9494134955716702073 2.9287686330350219954 2.9071442962403812871 1.85814e-09 4.44505e-06
11531827.515400409698 5782 1.8636968508833602343 0.13298414662164206868 0.095805725602661082063 0.94586359575615963635 2.8004317171762909133 6.1066729770159380308 6.1286808006560686835 6.149145801074522133 5.0598e-09 6.20718e-06
11531827.515400409698 6853 2.5580173642285899405 0.64126275664895704409 0.32543597826383569016 4.8831933690215798549 1.6161629658530336506 2.9419674661173642605 2.719558302560563412 2.4568860788647457483 2.62932e-09 4.99035e-06
11531827.515400409698 5737 1.7286015469621538454 0.29862615676085535465 0.15713526195734481283 2.43774371597550088 4.1382002936384578717 3.376723598602576093 3.4602959116586604615 3.5538660528951582229 3.30498e-09 5.38567e-06
11531827.515400409698 5750 1.6024611877453698305 0.20141372949533581371 0.0088008335085793566732 3.1399761583442069579 4.5631695075482019419 2.9078297375931314583 2.8555247909319314559 2.7986894462782467841 1.52873e-08 8.97346e-06
11531827.515400409698 6880 1.061252934517306068 0.071056145103264828355 0.32237982308588064573 0.11880540195581434926 3.5530821973025150662 0.3924536139919133082 0.36611075490179806335 0.34067360308451760664 1.78966e-09 4.38976e-06
11531827.515400409698 6303 1.2599319901673446953 0.19908410153786726404 0.13943483443282667089 0.0085290165539018084756 1.0634047659859169332 4.7691925124756426868 4.9681663464821461673 5.1607736282815235285 1.48051e-09 4.12085e-06
11531827.515400409698 5241 1.7513991293968635965 0.15929108537542305268 0.088519572880614280641 4.4918891579135049597 1.32536022874466064 4.1115758301505938022 4.2498713877485254642 4.3924260739425982081 2.63706e-09 4.99525e-06
11531827.515400409698 6290 1.549000281786514055 0.14225875979833657592 0.067352982990413576281 4.7239392346828577018 2.3721211607008512168 6.0964313845611401987 6.1212357443074578711 6.144173911529374088 4.66797e-09 6.04263e-06
11531827.515400409698 5215 3.0265687717807030488 0.16783790675235202294 0.24338511018231945293 1.7396345689252203925 4.8458262756918664138 1.3302830936684939545 1.1696977576164875323 1.0151807032185853341 2.09099e-09 4.62347e-06
11531827.515400409698 6358 1.8243457260797077968 0.12277162783545911284 0.15201909816474995507 5.5600164940611307429 1.8665409332437041812 2.2542486379600483737 2.1549034100004558212 2.052486726108804227 2.40091e-09 4.84145e-06
11531827.515400409698 3761 1.5178827171496602766 0.10464052639280761736 0.13272855273061381909 3.249756896880994006 1.733797518022682338 2.9774789546536313267 2.9594006853878651597 2.9404413188154499004 4.38307e-09 5.91711e-06
11531827.515400409698 2057 1.2975373790127240348 0.17537237351482024006 0.20136924689098478769 0.71852404584047147029 2.1354558726583601214 4.2693977509874381226 4.4349868327432622195 4.6036547424585858579 1.66245e-09 4.28318e-06
11531827.515400409698 5673 2.0046054554969741091 0.053664989614336508494 0.078653601305689824219 3.0139624055209686126 0.71285961973606004616 2.8817176195690294982 2.8675505243977181813 2.8530274401509290172 2.67237e-09 5.01744e-06
11531827.515400409698 3324 1.8280174071635233446 0.083790109661818823472 0.13076437657799364067 2.0019294635157036666 3.0991121261144796151 1.5926739332546091532 1.5087285383007138506 1.4250997737752317818 1.99813e-08 9.81126e-06
11531827.515400409698 5034 2.7599196599541895303 0.19132627172628072221 0.14936991564703905322 5.1585658752932896931 0.56994402201590621537 1.846824037668315821 1.6565785954690062098 1.4659558387007705083 2.20492e-09 4.70595e-06
11531827.515400409698 6957 1.0838426883948710788 0.10478198972435262548 0.12059887247465352067 1.3463975168638224744 4.5101700047702006913 1.8832058224442485006 1.781666902851089862 1.6792059322830905632 6.68595e-09 6.81142e-06
11531827.515400409698 6308 1.8992844901910501676 0.27871317884829227562 0.18111954424040629941 3.0805412386324664276 4.2236752103333543573 4.3188728111573206903 4.5948625222785448585 4.8716530572127583198 2.73381e-09 5.0556e-06
11531827.515400409698 5344 1.9041499461054445241 0.15787105744977986133 0.12685985888527931409 1.3637705634755377115 2.365290247555884573 2.4480918669871396531 2.340036931443653323 2.2266161903153798285 2.73146e-09 5.05415e-06
11531827.515400409698 6577 1.6857444426883012589 0.21564795692669694316 0.17613024450229133877 1.9223705918527649317 1.7034557493315476417 3.3395677114694848342 3.3876193411076429562 3.4401408807600888373 1.63583e-09 4.2602e-06
11531827.515400409698 5452 1.3898687202587094447 0.063558671658607804322 0.104758614434120087 2.0897574521298198924 2.5384159104333932078 4.5060390989555285657 4.5687003847386096211 4.6316040552364574623 1.87068e-09 4.45502e-06
11531827.515400409698 5123 1.5695870294961118407 0.32973735955276128884 0.13742677989140628103 3.8553697767515040518 2.0618488190611601318 2.5606785585213751588 2.344604809925450617 2.1087587620456886839 2.85229e-09 5.12761e-06
11531827.515400409698 6241 1.9038806304096937971 0.047121637918255056265 0.089237805144285448078 1.1543886430057752612 4.0293380525865929442 1.7400841169362695204 1.6934334139667168717 1.6466656834593862424 2.40528e-09 4.84439e-06
11531827.515400409698 6183 1.7290010883163580147 0.041809830366502064025 0.13028708039462555401 5.902437378119516076 4.128443346639476097 4.3784798221638991933 4.4182651954631362301 4.4582795664510994627 3.31464e-09 5.39091e-06
11531827.515400409698 1788 1.6359626502414879035 0.089172153548403132461 0.087769464073544398164 1.3001632955283828341 5.8385759202015661273 4.6201809025148126153 4.7094596079501673813 4.7986313788957826176 3.37316e-08 1.16823e-05
11531827.515400409698 6090 1.9498217276545850574 0.029188150898367973274 0.065267079948299291936 4.0715549742903291985 3.8844374514536985643 4.8406265076670322856 4.8695251953587357363 4.8983537332818256615 3.39778e-09 5.43562e-06
11531827.515400409698 6826 1.8309522414678545132 0.18533380764882972924 0.1289200267592647553 4.905420376528782711 4.4175672647976504948 2.4197706983753968224 2.2871142486748334832 2.1473302027876597364 2.5665e-09 4.95029e-06
11531827.515400409698 6891 1.5738840438730246074 0.23028011035000450768 0.11370419071239991349 4.3159188452449770423 1.2002401354162799407 2.8851490688687042585 2.8184352976235582666 2.7453070709875047051 2.97992e-09 5.20297e-06
11531827.515400409698 1399 1.4280431615731425943 0.24892235660931114061 0.17822784791244319913 1.1071728035552290681 5.9025744280921195184 3.474712199060095319 3.5685640761071288907 3.6716468121156782267 4.64728e-09 6.03369e-06
11531827.515400409698 6645 1.8111046196093742999 0.24520568741261294932 0.037019431315883331857 2.9511354959450053492 2.0710799763383502814 4.5984721829380124092 4.848111747346361966 5.0910624729813802603 2.03845e-09 4.58441e-06
11531827.515400409698 5597 1.8543656050320094231 0.28193976978571821945 0.12435188981832138999 2.5824497353658855126 4.9515549314946909476 3.616688585079940399 3.7673535101968584904 3.9324896172175916043 2.41109e-09 4.84828e-06
11531827.515400409698 6672 2.7113895512740517901 0.45668731552535751783 0.15663678392430521735 2.4860387233406737728 4.3671888403636227594 3.383261808451240249 3.5341231417025826822 3.7088186749511264928 3.02735e-09 5.23043e-06
11531827.515400409698 5187 1.911595557417635094 0.20926579173330145389 0.16972666905565036988 1.2807738263258625633 0.71702746820271345829 1.0440268198634148344 0.87077821394190235704 0.71072534993809710624 7.38199e-09 7.04003e-06
11531827.515400409698 5640 1.6334382901746644645 0.14569571038301565302 0.097732242226327634138 0.69892312457562344452 0.57453038640620235356 5.7792993281643161296 5.8457362249391273679 5.9074573183468190862 5.24602e-09 6.28242e-06
11531827.515400409698 5842 1.9237459003580670291 0.13150610126984096926 0.19564777824136680984 3.298480348887216973 5.155423497184029813 2.4383454061210252384 2.3484596059024576142 2.2547542807329157277 2.75394e-09 5.06798e-06
11531827.515400409698 1444 1.555188038973143394 0.17140207891363540282 0.10454440415483895466 2.9351626125141776491 3.7902065354363876359 1.1560159318402019046 1.0035882166952012629 0.85902696882796536482 4.82654e-09 6.1103e-06
11531827.515400409698 5566 1.5577327383370331848 0.10299518142276052612 0.14210236465814915507 0.48477467999428880407 0.72450809799140369893 1.7413862216673190453 1.6388054838125107882 1.5360483995935410029 1.33774e-09 3.98389e-06
11531827.515400409698 5503 2.13752315749324584 0.40178181950250302368 0.47733944274648698602 2.8114927086591912087 1.1668595846513982739 5.2954201217037040195 5.6067928150035468704 5.8583017407554534017 2.63499e-09 4.99394e-06
11531827.515400409698 5424 3.0329768906823595387 0.12161415145228759993 0.21888042020209649841 2.3388368313792975428 3.80325095892703402 2.7304744080931135919 2.6788126151346163262 2.6245195036457360516 1.80053e-09 4.39863e-06
11531827.515400409698 172 1.5369809504069247286 0.045637323931999131121 0.097711704339679530951 3.8928272007928979015 5.3055913152856781778 4.5105094559359457662 4.5554414186188862956 4.6005178138566806822 2.7327e-09 5.05492e-06
11531827.515400409698 5929 3.1867697714137852572 0.16804086786064581505 0.17947222972710627498 3.0200779811625144688 3.6997154350739065443 0.31407895665640100935 0.26569667840146632409 0.22157224456392238254 3.18574e-09 5.32011e-06
11531827.515400409698 1642 1.7266994187642366043 0.01706622942317825159 0.070856961394995240933 4.8681226389475504845 5.0610324291200345925 2.3617695033639805047 2.3496953293831119858 2.3375495086675970313 3.49461e-08 1.18209e-05
11531827.515400409698 5862 1.6796952172477739307 0.26603582886503773786 0.097999501124627852455 3.6765582302433719164 3.4163169595992224359 3.5218722859246365253 3.6367731824350415515 3.7631908818397623584 2.59002e-09 4.96537e-06
11531827.515400409698 5069 2.741891981804553069 0.013892438085953860358 0.14523773070691459175 4.9190481319641250479 3.6016339257962917131 3.834125808251887868 3.8430440232424372127 3.8520091897058761354 1.18876e-09 3.83014e-06
11531827.515400409698 6398 2.4351736067839100386 0.48370443589840805831 0.18984816564322162802 4.0896778514177150043 1.8668604138379865098 1.4252725159729127125 0.94282278936173635753 0.55139961721918751003 2.41801e-09 4.85292e-06
11531827.515400409698 1810 1.6634261926041913338 0.14116394522204189776 0.068128423625791967311 0.49735373877845040491 5.4930738806385086548 0.91396021408428507193 0.8063744688963409013 0.7044847864315788577 7.36354e-09 7.03416e-06
11531827.515400409698 5072 3.1117915807419489482 0.051471836532711340295 0.24005638807849855043 1.6678777944740705852 1.1533316500872063948 1.0186589850990674933 0.97539771803446784215 0.93278289729166308231 2.73643e-09 5.05722e-06
11531827.515400409698 4722 1.3679935335743453884 0.14045871961343150969 0.091836297483584461432 1.7898106794007158094 4.7434967725657388726 0.22532474910782301913 0.19581887409333931238 0.16848984567876801322 1.70563e-09 4.31995e-06
11531827.515400409698 6175 1.5484217030012255023 0.12764867804472776469 0.10257286841970694735 6.1467419064109591886 5.6483671232992120892 1.72527557060918868 1.5975416374019910659 1.4699386109284917623 3.23411e-09 5.3469e-06
11531827.515400409698 6799 1.846030195746789726 0.23128614201353725477 0.14794196932151532087 0.52544414242877357513 2.5845621508303548985 2.5998479711396189629 2.4656526034232468803 2.3209528360126383539 2.97873e-09 5.20228e-06
11531827.515400409698 5182 1.814446163620171415 0.11501604635173647007 0.11847381756953244414 2.1621940247591417972 4.9573676590923749785 4.3607301127358439885 4.4711514715563787092 4.5828370065421202284 9.37786e-09 7.62462e-06
11531827.515400409698 5372 1.6851084005489038731 0.31123845975170588707 0.063696047581433906659 0.18389925310691543348 3.9867779902120887847 5.9453982736435282419 6.0372634132059594947 6.1130345984135985304 3.11368e-09 5.27969e-06
11531827.515400409698 5855 1.7671692163532941588 0.077591104855623774239 0.044550463515941163273 1.7182500578959238879 5.4750936438985284838 1.8045366939345626189 1.7282920606624649906 1.6516612883010688417 1.62587e-08 9.15964e-06
11531827.515400409698 6156 1.8399519917429585369 0.10572268758139247158 0.14002684624106009892 2.1648171088393457495 5.2652607041200294447 4.8578328732410884783 4.9618396112638150086 5.0642899904743243766 2.69058e-09 5.02881e-06
11531827.515400409698 5095 2.0470713453714748375 0.16094720317266361653 0.069930154798435728569 5.3179386907220989045 2.3763150712852123547 5.7242302702693947936 5.8045767370709944188 5.8787000923455359214 4.6491e-09 6.03448e-06
11531827.515400409698 6507 1.8380276177081129596 0.3174717168369704523 0.072935882775975777181 4.9922011974198072792 1.5379008374747527021 4.4858827570495680703 4.812585568520538537 5.1284650123066928273 1.72019e-09 4.33221e-06
11531827.515400409698 6653 1.7972577222381078688 0.077346790998196024436 0.10832748536096380165 2.323147888068314959 3.1033012875248155993 3.5388287628952523889 3.5699043633084031057 3.6020292400071958205 2.19009e-09 4.69538e-06
11531827.515400409698 6463 2.3402129429119673532 0.22001020550222558092 0.15800708774957963887 1.9310872450720071303 1.8129415060675193594 3.6783809595235528178 3.8041738371087689963 3.9395139779453534068 2.40859e-09 4.8466e-06
11531827.515400409698 6633 1.1048002098951361649 0.13231264382145629943 0.0057340083933480603604 6.0660379381492690598 3.5424904243128376713 4.1667614641494452599 4.2842837632293377936 4.4046557198210161133 3.02269e-09 5.22775e-06
11531827.515400409698 6942 2.8430024943563818596 0.20077688297830076358 0.19992523383188073871 0.77575341461439906166 4.6911829270364524547 1.5938380364728721439 1.3912703223433249278 1.1937202367883033016 1.34834e-09 3.99439e-06
11531827.515400409698 193 0.89860746755400877639 0.088041105961488674847 0.31946659754964157329 4.2493492349870018998 1.4080998124105963409 2.9748497977953309857 2.9595436302167370535 2.9436042180711594618 2.99462e-09 5.21152e-06
11531827.515400409698 4502 1.5527128886998020629 0.18128391706512256287 0.062589741279998917234 6.1337501462664114626 1.8592749047716436994 2.2351975387831628517 2.0829827682666164357 1.9249621005354728975 4.58456e-09 6.00643e-06
11531827.515400409698 3593 1.6000491513958583489 0.11514890612501728351 0.061862848961210560594 0.36435205569940515291 2.6590248903122857271 3.0745518275678387354 3.0663388645395750487 3.0576816496101693055 4.05946e-08 1.24262e-05
11531827.515400409698 196 1.590068847214867187 0.18445564111827436604 0.058804498545138500498 0.0013183914105419111511 2.7122498088826865192 2.5780608498742205725 2.4702980924001529672 2.355566651988642235 5.83048e-09 6.50756e-06
11531827.515400409698 6147 1.7197262881356900621 0.20119161419807918278 0.15000844600907714543 0.26034775173836732787 5.5303225545660392726 4.658721362068702021 4.8621072177128734637 5.0610481304501515609 3.37103e-09 5.42131e-06
11531827.515400409698 5386 1.9541832894291397693 0.22462522143230956306 0.088441335708487694989 5.4270991896330835758 1.5862677369763489299 4.0013425323593834193 4.1870303118567946399 4.3813635006272999561 2.3788e-09 4.82654e-06
11531827.515400409698 5301 3.0431414910825975717 0.1903518927414153683 0.16825419021334661607 4.3160714729967253334 3.3261803274478598524 1.824868275507441906 1.6349005164364616149 1.4449396007811770026 2.88595e-09 5.1477e-06
11531827.515400409698 6457 1.9940558038187181644 0.47332710660521942758 0.42471636012420843631 1.4836400212391906983 1.0734191158651473774 1.866448648821534384 1.3581245402908965758 0.89546127366352457067 7.63173e-09 7.11854e-06
11531827.515400409698 5100 1.8217138471927398768 0.10792210595469346746 0.11539423413768366833 1.1038678014014322581 3.7173430738448947075 6.1393210217668592321 6.1540498189080077296 6.1679476907149490827 3.86655e-09 5.6749e-06
11531827.515400409698 6055 3.2531832242317810788 0.04266521302634287971 0.052259779080549177699 3.4741112994284732984 4.8745052433034317119 4.9345922730394349287 4.9760266466191582779 5.0172177088269132028 3.0525e-09 5.24488e-06
11531827.515400409698 5142 1.4422740361453840752 0.11561792917782548473 0.041027092082876658041 3.6338078973367871072 1.9110031432418692621 0.58457758530881132053 0.52353224800212394552 0.46572994482052959553 1.02472e-08 7.8533e-06
11531827.515400409698 5984 1.5194898360312734109 0.2463174668652868271 0.20195570475482504946 1.3230077483250202164 3.5533848044363938179 5.3887324998483459026 5.5691751396958784071 5.7304809803510012856 1.83318e-09 4.42505e-06
11531827.515400409698 6291 1.7811854262361230816 0.31829368927433943082 0.16073765231504780204 1.353447415093816053 4.9884747961732527344 1.9961532031868631787 1.6796294657497017333 1.3632189555869502762 2.82649e-09 5.1121e-06
11531827.515400409698 6390 3.2092850144213627139 0.11493058628162404478 0.34715561184862403499 6.046858341446498919 1.7290718917491771922 1.7238656396378619906 1.6090169211626699219 1.494170270757593677 2.74624e-09 5.06325e-06
11531827.515400409698 5954 1.4297743221482048792 0.24373991135179051692 0.15195859442368586656 3.4595725986241192551 4.4544152849664682137 3.157491820179223474 3.1619817348994017081 3.1669510234526532244 1.68237e-09 4.30022e-06
11531827.515400409698 6542 2.0119608783838347499 0.11676073672365901157 0.032172613229402541313 1.0842965110120341699 4.4634304246515243975 1.7319183072595911721 1.615309565680358439 1.4986644863795457461 2.35942e-09 4.8134e-06
11531827.515400409698 2329 1.1568689414964368201 0.26550145091378946072 0.082302969723896959864 2.4994992411717600334 1.8044530509936134166 1.8559110242480310049 1.5878355996805060268 1.322372690257746175 2.01911e-08 9.84548e-06
11531827.515400409698 6286 1.5574476464883166837 0.24879643071616136529 0.038319999379875333001 4.5495560190586239457 3.4079537403110355953 2.2443595771497344415 2.030701332999231834 1.807756178564820404 2.66284e-09 5.01147e-06
11531827.515400409698 5405 3.1642588706898497897 0.057429438291974548025 0.14189157612717279155 4.9019092072509256042 1.4558647830903286291 2.9644007508521559302 2.9539746790729655146 2.9432629860554020418 2.93677e-09 5.17774e-06
11531827.515400409698 5098 3.1836894325509561554 0.11275240607839266682 0.1398312103093398151 5.4349717792463225763 1.055393995376723959 2.0684646599362634944 1.9664031859380084466 1.8623594521000610413 1.90652e-09 4.4833e-06
11531827.515400409698 6419 2.7063788247727540437 0.51257610000147679763 0.4215199519348408197 6.1438386595404095303 5.2567664445174280274 1.7669307781243639432 1.2100705044723611969 0.73048334675363735258 1.9765e-09 4.53749e-06
11531827.515400409698 5368 1.6291343540473059992 0.088917512812545215772 0.069541673705183104648 6.0697710963456117383 0.70492237806264346212 4.4684310475684352326 4.5557717281913721052 4.6436009410859773183 2.65835e-09 5.00865e-06
11531827.515400409698 6721 2.4521586951736216164 0.27007906508696050141 0.49415120933071654541 2.4346642633817374701 2.1317557586513475876 3.6008952967620473373 3.7398343112327996351 3.8919402421783138024 1.66278e-09 4.28346e-06
11531827.515400409698 5510 1.6861362188003541362 0.27916167369018751732 0.13172175760381082954 3.5420657047947772256 3.0899674043056086781 1.1434703230486862324 0.89991643780238583794 0.68125608794900138765 3.25682e-09 5.35938e-06
11531827.515400409698 6261 1.7070544474814277613 0.18892174447276774418 0.17653032963819359491 1.6566815215412415974 6.0847788958082906774 4.4127036506294787799 4.5995732124190427115 4.7872939903983269261 2.48402e-09 4.89668e-06
11531827.515400409698 5274 2.037531796017522101 0.2258392978043971544 0.1874359075254366791 4.1959428061524164377 6.1720381277666751529 2.8818812758251226569 2.8158469289326166773 2.7435748794318692845 5.75566e-09 6.4796e-06
11531827.515400409698 4188 1.3901273003377363491 0.056613151583604581774 0.085219197617060912786 5.6219764047048537137 2.9889016470350080468 0.025627769516179618042 0.024215880195998115698 0.022845076884097849368 5.10361e-09 6.22505e-06
11531827.515400409698 6695 1.7617991274079973785 0.12772805986879215423 0.079301412245765354192 5.6623120143554395156 2.8139089946469479919 3.9770152537229823686 4.0763192670434680309 4.1790684067979650962 5.61749e-09 6.42733e-06
11531827.515400409698 6034 1.9876926111251336238 0.11041369150891436335 0.15396001203987783046 2.8064032216864447378 2.6387583691795861718 2.898467552535421099 2.8702928239294722701 2.840703726854809652 2.45369e-09 4.87667e-06
11531827.515400409698 6113 1.4892653884914131002 0.15935789813811421234 0.1234735063681650924 5.0991889837304560373 0.30283681581145716066 3.0206903758337437793 2.9996746888650402951 2.9771347800855068044 1.07283e-08 7.97432e-06
11531827.515400409698 5971 0.90772243644679739827 0.13282672235307632636 0.075542719779805048153 2.9318740250262456115 5.6699456647660992914 4.2108135802014068361 4.3315275160400741328 4.454836507228590925 5.17058e-09 6.25216e-06
11531827.515400409698 5748 1.9132620910084410237 0.017423621668536028867 0.085437807176078364724 4.9073662257043189072 1.3295233425288568441 5.686046041272555307 5.6957735615670452844 5.7054298803767711235 2.75123e-09 5.06632e-06
11531827.515400409698 5053 2.9602853572798006887 0.17390224584225533189 0.20889364865459653098 2.9830270203736448664 3.6033906616409581147 0.27302373328985657386 0.22945544973159182067 0.18990185702226564102 1.90259e-09 4.48021e-06
11531827.515400409698 5116 2.7164409772668958176 0.059667050514897894409 0.15602492024301178875 5.5013654584386015856 4.4057897459395674034 5.3848924535289999227 5.4307483280331849684 5.4756708471182067299 2.56354e-09 4.94838e-06
11531827.515400409698 6595 3.0365829734130875828 0.087512318393494117896 0.28553993817279754719 6.0616130323541952407 1.0571995749834193212 0.58174005730231181932 0.53527222508819005675 0.49063436114774999774 2.5233e-09 4.92235e-06
11531827.515400409698 5266 1.7036573433667012711 0.19385782990315103547 0.050062025386681592576 0.45200047215897459774 4.5132787554709059563 1.7500578187359070448 1.5546838369873239305 1.3608511704810135612 4.85139e-09 6.12076e-06
11531827.515400409698 5762 2.0495563879179057309 0.084285690802798865495 0.039777945218328933374 2.6875024128103706111 1.6515847386649471495 3.3176579742061305112 3.3330886090807849698 3.3491305122489389845 4.50081e-09 5.96963e-06
11531827.515400409698 6628 3.3430774185613341132 0.047474258295425134091 0.17714230774483560871 4.3555912582835842883 3.6617883160349591343 5.4585038301637922586 5.4928285483358143537 5.5265639618558326518 2.5094e-09 4.9133e-06
11531827.515400409698 6808 1.6680036099587152165 0.24478686650073042119 0.18977729597445122667 3.3135854368130330805 5.5797806759783084019 3.4151872401618419417 3.4914408993559682415 3.5753428829119275889 2.07842e-09 4.61418e-06
11531827.515400409698 5481 2.0373292603881201224 0.14679102063296231573 0.11002538807268290311 4.2951225776131369827 1.0851378863795062557 6.074063207301754197 6.1026383046344037098 6.1289972322957009254 2.0621e-09 4.60207e-06
11531827.515400409698 4662 1.5094824936803827864 0.31641852593869207455 0.13625833966610975678 6.2127006905558959104 4.4034560320652413878 3.8980119532831585261 4.1494186553890592961 4.4170054430299448001 5.28399e-09 6.29754e-06
11531827.515400409698 3089 1.3781994312255860802 0.10810195482866380434 0.18023492041124219987 3.7964584750645764544 2.584948987518885577 5.7724352761227546438 5.8230302151351462925 5.8710368957583707328 1.46985e-09 4.11094e-06
11531827.515400409698 5878 3.1968738661435511794 0.058897479113414620555 0.1019844604745994282 0.79629804175385898724 0.16123151694775483822 4.6637298245707174971 4.7226761545511140028 4.7815705172511036025 1.44428e-09 4.08696e-06
11531827.515400409698 3948 1.6623963859862160852 0.17112325857068380608 0.11196942852776471666 5.1951134918384340722 3.0103795707627916123 0.0034362076593939614583 0.0028908343066983703713 0.0023961460091608943052 1.17788e-08 8.22655e-06
11531827.515400409698 3872 1.4863717595697296669 0.19152578439797496301 0.1404146024891153588 1.3115855382733441203 4.622778532308081445 4.5613144204587001695 4.7546444384856894061 4.9459992614065493299 6.86931e-09 6.87313e-06
11531827.515400409698 2498 1.384227230341987358 0.1785641886728069061 0.13792422875087589906 3.9951307149625949755 3.8576584203296944153 5.4847639970209574045 5.6059295498583923134 5.7178280148514293302 3.65469e-09 5.5693e-06
11531827.515400409698 6200 1.7885969775295842421 0.18105354406090254371 0.12384466790300731331 0.43377240618224294222 5.0554198252375046607 2.6961408337139611824 2.6104723885621772261 2.5187688415741900094 2.64335e-09 4.99921e-06
11531827.515400409698 6297 2.6935645552046230122 0.058787192225288512071 0.11433645045281722041 1.9894674790602948633 2.0838697006939299605 1.8627985246771672223 1.8059851149509573709 1.7488163126112634682 3.1612e-09 5.30641e-06
11531827.515400409698 5450 1.691286915526678758 0.17801088508326004534 0.17644785474834009942 6.1258899803227020442 0.77479270779120057444 1.1103792051469412172 0.95609110121797913351 0.81066626856308399152 1.88249e-09 4.46438e-06
11531827.515400409698 1273 0.97401440951495077414 0.34963794267796088899 0.067074185664834015674 0.11052950671288129525 5.853200714111606473 1.6510977183849153693 1.2899205990862552262 0.95398389835453223373 3.64337e-09 5.56354e-06
11531827.515400409698 6450 2.7448787002715051564 0.029776697066605385678 0.16661227412404100434 0.50767227820184446241 2.3197272860384772208 4.1935963648054723762 4.2196516557023224792 4.2458861555576170588 1.74846e-09 4.35581e-06
11531827.515400409698 6407 1.9521325431798779437 0.22344592050685316287 0.13357072222811650075 2.1327194003745808537 6.264257298506326066 4.7201141368063339598 4.9452606776111700526 5.1626752785175877847 5.15346e-09 6.24525e-06
11531827.515400409698 5576 1.7685254905223051214 0.19705509784098851345 0.17908067208712913354 0.35896584142550364005 4.5059253955187488216 4.5379071789399256787 4.7366794928047282198 4.9336764593935269474 3.16141e-09 5.30653e-06
11531827.515400409698 246 1.3922643662595610703 0.1229776971997137841 0.081565777827170421466 3.9882179900328837974 4.0272040137407394411 5.2708067895474188802 5.3720986931050900282 5.469272002020057144 9.52298e-09 7.66375e-06
11531827.515400409698 5992 1.826239554443569002 0.33089742870213467718 0.17289788655996252142 0.19230644772290517164 5.9062225935650314312 0.19070889220492429073 0.13542523936564021536 0.090750225222529762314 5.52752e-09 6.39283e-06
11531827.515400409698 6196 3.1269999022918302245 0.22571040606361983394 0.047391963430705452698 0.72080358387262843944 1.5352282000829426956 0.82325365731490762755 0.66796937628529196029 0.52816591698052839376 1.25424e-09 3.89922e-06
11531827.515400409698 6421 1.7483405103193554453 0.064324176148157094501 0.029186986636617531093 0.79217364958759561855 0.71640990119338021636 0.20071091845903321627 0.18826635089036228288 0.17622768500689875437 6.6141e-08 1.4622e-05
11531827.515400409698 5394 1.6674636089258187965 0.16199357108355760815 0.08411881182257521794 4.6545308039198065586 1.5306298716610327038 2.0715004885971439741 1.9228946006878526731 1.7708391485824912515 4.23442e-09 5.84945e-06
11531827.515400409698 4243 1.572972111433610598 0.10230682086669323771 0.14985462730897977646 6.0634599463477298897 1.6276122946240718647 1.1919172766508561168 1.0984583710212914021 1.0073534283972451764 7.70334e-09 7.14074e-06
11531827.515400409698 5711 2.3853410008104756201 0.31722196394882623549 0.90173455155851078846 2.3505315499820507164 3.9097189373913905364 0.63011358796209249178 0.46095071287551953043 0.31985044838872611628 1.73005e-09 4.34047e-06
11531827.515400409698 5322 1.6646003986053694579 0.22394436750121418656 0.10034479093770055924 2.6265253183329733133 5.8886151640508517247 0.11496971103137253178 0.091584939099259382589 0.071103668021495577967 5.00791e-09 6.18589e-06
11531827.515400409698 5046 2.0151773488706075099 0.0079510865093869245723 0.11035184161812881809 4.3728376195660212389 1.1777382498581081549 2.2167683100891384385 2.2104039377394779642 2.2040245422691491228 3.3008e-09 5.3834e-06
11531827.515400409698 5351 2.9939461232182975614 0.14561659565159110197 0.045513851774704412734 3.738122271908346228 3.4120101776956031081 1.7356439579830400533 1.5897354344884870869 1.44414495365009099 2.44807e-09 4.87295e-06
11531827.515400409698 6058 1.6192311411198334614 0.097447964217378016394 0.16531372955691897575 2.3046776037511569335 5.556038168867576843 3.3809869648961536903 3.4053008732417167082 3.430701889810174432 3.78849e-09 5.63645e-06
11531827.515400409698 6337 1.8888099914731300011 0.20309562356971502806 0.082417696422288855285 4.0983749327546785679 4.8013421653143941725 2.1653281989641310901 1.9854284111175315441 1.7995421767637052035 2.57504e-09 4.95577e-06
11531827.515400409698 6131 1.4857562188805479853 0.1432047582603881708 0.051739885264392188047 4.5698335359841131265 3.1558283215074052208 4.3250389727032754195 4.4618321101729758738 4.6005652281956734839 1.45631e-08 8.82947e-06
11531827.515400409698 1239 1.6574156817159271249 0.24789010992106624842 0.11702553400644995218 4.9897927441641112267 2.2138513630919125497 4.894518234720168337 5.135478575183139327 5.3615109175867523561 4.29264e-09 5.87614e-06
11531827.515400409698 5775 3.052795407066845268 0.094720613885709056823 0.080917932494890959516 0.54039680898445585644 6.1743193004252345801 1.1625630136129092573 1.0770939343409080546 0.99368444190677662764 3.02463e-09 5.22886e-06
11531827.515400409698 261 1.1782307854365821065 0.18173606007704876109 0.070897374407054042367 2.4499662690287755673 6.0161419079567766133 5.9985927396502782827 6.0458784091987878284 6.0886019863251679141 2.34124e-09 4.801e-06
11531827.515400409698 5313 1.3502260247786439518 0.081591743974974650921 0.062560996344290673021 1.3980606535562389858 0.017201883051868153279 4.6957301652865446329 4.777456959969625494 4.8588760416013423438 1.41091e-08 8.73674e-06
11531827.515400409698 5927 3.4726867869678605949 0.080123639618327968659 0.16080004044914289474 4.4945751911944924473 4.0552466927179064982 3.5447980291887439819 3.5774904803883673665 3.611320639548314837 2.21586e-09 4.71373e-06
11531827.515400409698 6445 1.778399794876856399 0.049753243627362706003 0.13098750767139130669 1.1806884730779640957 5.1702610217577245066 6.0881495385545694177 6.0975677085390582732 6.1067498466974239335 2.3322e-09 4.79482e-06
11531827.515400409698 6807 1.6618672925682085317 0.13879806140099082423 0.1669799825454116593 4.6358819526997523397 0.87211971955430656056 5.8956364571636159511 5.9451392434580112578 5.9911708396667755494 2.57067e-09 4.95297e-06
11531827.515400409698 266 1.2777543368280428471 0.2015203035658028885 0.17128250164810135403 3.3069945547616117487 0.94986526279622940372 4.5141222079412193224 4.7171270154543352149 4.9186450570621085276 4.96117e-09 6.16659e-06
11531827.515400409698 6123 1.535367734319188715 0.15857258864641782248 0.046560797230270366265 2.5357263500136877354 3.0768673563755446487 3.3798671475743775616 3.4206929923249433934 3.4643782994670040409 1.87233e-08 9.60087e-06
11531827.515400409698 5407 1.5273888428710791221 0.15230275929554662473 0.20099838461594449202 0.10902336605378529222 1.3390556624835940891 3.9890082220207294661 4.1098259508696450837 4.2353060178934809343 5.11323e-09 6.22896e-06
11531827.515400409698 6026 1.6670009231935383198 0.18530907223770548553 0.077984740521986659068 5.0811888795879589509 6.2038522548186856298 0.6366627151423189801 0.53339119143571045445 0.43916961273998494919 1.19536e-08 8.26704e-06
11531827.515400409698 5968 1.3515232911104557711 0.14261332786729147282 0.081600280506034350569 2.303891382517447628 2.3266517503633128428 2.7721270084300986269 2.7166689744626819625 2.6578764518866537792 1.90606e-09 4.48293e-06
11531827.515400409698 6005 3.0197126254767345799 0.22467287564562360425 0.33260033146170209228 3.6569121683861252059 2.0789947651234692572 4.8138648270703399135 5.0367684204572613638 5.2497243122537176063 3.36675e-09 5.41902e-06
11531827.515400409698 5476 1.8030258157058438595 0.20639824362370695621 0.079296994304577220203 2.9711873798734997898 0.15577336381490791695 3.3607060805423216721 3.4111888826191223423 3.4661614598135117582 4.35596e-09 5.90488e-06
11531827.515400409698 5997 1.8213534370240405114 0.2597462751126775049 0.09827462498181890882 4.0046897922802644487 4.5392952650290467886 2.0636700599078570129 1.8165808014859177177 1.5646407468475518332 4.37918e-09 5.91536e-06
11531827.515400409698 6710 1.9250706894509841405 0.16635354752072384343 0.1776606069277714417 1.5493945886861852923 4.150063751672128376 0.64165567138491219623 0.54776461360143979817 0.46113097937450542307 2.35382e-09 4.80959e-06
11531827.515400409698 6685 2.0878773011689681915 0.47648512158177813713 0.54198318440812764951 5.5954047806823972167 5.9040630773281144172 2.4357034420855820933 2.0335771006275371597 1.6072112974707375432 5.95104e-09 6.55211e-06
11531827.515400409698 6827 3.1303446951693829625 0.069055677019782713 0.13760069542738875836 1.6313447065731510044 4.2159964844547594964 4.959666434169720084 5.0261147093325915236 5.0917998061743734439 3.04652e-09 5.24145e-06
11531827.515400409698 5420 3.4999120756523418585 0.03602587867669818783 0.32029322617389949235 0.98389182673426822667 1.3866868950078983236 1.571948932178798497 1.5359145318758296028 1.4999105680338498114 2.55489e-09 4.94281e-06
11531827.515400409698 6524 3.2409404274355884112 0.57012863351859832672 0.29488253573025241527 3.6874072216716515804 2.0016937104751684195 5.2143506160424601958 5.6825422011242974207 6.0047635882411398711 3.2456e-09 5.35322e-06
11531827.515400409698 6036 1.613253458348299807 0.11540295753199550366 0.19007331430335991374 1.3122372061140588073 5.3369632159660636006 4.7674000520484893784 4.8825204911675621489 4.9962573195484596411 2.34807e-09 4.80567e-06
11531827.515400409698 6312 1.5387851537839951632 0.093829477982499034927 0.14528654803198781664 6.2271181907326340621 4.3911231421703931233 3.1896541773934443675 3.1943946171427661795 3.1993466959656431392 4.34831e-09 5.90143e-06
11531827.515400409698 5195 2.7805294507529274561 0.089314873281374149161 0.06560683256216182091 4.4075865649371666066 3.7481408162239500115 6.1939005784190239723 6.2015398759638067361 6.2088239284551498542 2.26107e-09 4.74557e-06
11531827.515400409698 6686 3.3717323213391470205 0.35054271230193873032 0.48048721232931657088 1.7304783884159387064 3.831295211038605153 2.0950907957622808553 1.7538132487599382703 1.4091249159516572309 2.71129e-09 5.04168e-06
11531827.515400409698 6056 1.7184377170600004803 0.116873847581772633 0.030135977355052866872 1.1128899624653623146 4.9307180300164219489 1.795799517877734619 1.6800937641260307309 1.5639173052727424196 3.00235e-09 5.216e-06
11531827.515400409698 6170 1.9172088282803763093 0.13379235899750413497 0.11166588844213047593 3.2210663699938972826 1.8906970577117130361 4.0042047722120406306 4.1108494866085445452 4.2211566538596043685 6.44558e-10 3.12323e-06
11531827.515400409698 6886 2.7836910352801957913 0.20021408599562839914 0.30501678575471019572 4.1830797308202001261 0.93894376788818401103 2.55560474745099242 2.4336089285824957784 2.3034090315355149059 2.88448e-09 5.14682e-06
11531827.515400409698 6185 1.6587944580807254535 0.029082461267069002753 0.069768020848011563784 0.71162724888664496969 2.4164991777483231239 1.6570122771677315843 1.6279974025209733579 1.5989625066519714824 4.56223e-09 5.99666e-06
11531827.515400409698 6037 3.0200703513438575953 0.091745333653526509043 0.22577812090635104858 3.3180165506873273706 3.1113121132125693968 2.1273418060152806675 2.0473773643720907245 1.9658553470874475799 1.83549e-09 4.42691e-06
11531827.515400409698 6149 2.0670285976417863694 0.24555427508933785896 0.081359916627001718781 2.2392545237564882576 2.0790345279069404327 6.1752527918555077946 6.199152051094156235 6.2197624992937541322 2.75102e-09 5.06619e-06
11531827.515400409698 5846 2.7948131996398744015 0.14186160703827432883 0.11146865891295865136 1.0804007375604778307 4.0692806295855756815 1.2844141645932671825 1.150539041251016581 1.0210216639211278089 2.37403e-09 4.82332e-06
11531827.515400409698 6333 1.742832554118517896 0.23028403562600749388 0.14310137367262065755 3.1195688587095582456 1.7108705714709719903 4.1129878897660905324 4.3185742010024918969 4.5312304539393890579 1.94245e-09 4.51128e-06
11531827.515400409698 5488 1.6474913874764685051 0.13336468477957294509 0.061667800466517583291 0.21938700064271673962 3.0020693125775497201 4.0472406986666298323 4.1570809249605904512 4.2704059751052243499 3.37985e-09 5.42604e-06
11531827.515400409698 6244 3.2401379698255494688 0.1170018394694961883 0.37597824392724654707 5.4994226011168336754 0.58025383485875758893 4.2231058176985882824 4.3295752687867370412 4.4381081989323432069 3.08558e-09 5.26376e-06
11531827.515400409698 6192 3.2013113386872276145 0.1998940447393164066 0.38592088389856987751 5.3582742334588999711 6.0037457230590129953 1.4829656198603282657 1.2842347335970296651 1.0924920823196182518 2.79503e-09 5.09306e-06
11531827.515400409698 5172 1.4227138802985204169 0.19174583980525053417 0.16114326286376387531 1.5105138138756077915 0.44757214127761885125 5.0092973187530063228 5.1887915252688898704 5.3591865443233137611 2.19922e-09 4.7019e-06
11531827.515400409698 5144 2.3228912365753355829 0.40024426025646570038 0.29812607590264700308 1.7513614015073124541 3.6736954722410630758 2.1084164117801926785 1.7119484927089547721 1.3156848368560956075 2.44844e-09 4.87319e-06
11531827.515400409698 6164 1.9692253625489988256 0.062536660339159888533 0.11732853823303653062 2.0357022655160235125 1.9782131107976133055 0.38562646149273904772 0.3627454857362099605 0.34055482748367083001 5.09634e-09 6.22209e-06
11531827.515400409698 5361 1.7719575028809366746 0.23481704232085270911 0.14927662939416400101 0.13622776862083230132 2.3176454164241198086 6.1545798494197176964 6.1818948901457835277 6.2056389562796976378 3.09083e-09 5.26674e-06
11531827.515400409698 5650 1.9633313654660327074 0.086168406882149897741 0.10420352597240341297 0.96804303459838969559 1.90446736032787034 1.4806670966573207693 1.3950735818102255603 1.3102321299679806632 9.54988e-09 7.67095e-06
11531827.515400409698 5562 1.8791799345163167079 0.38925936314161252438 0.222037419285687182 0.84428907689317733709 4.4006288509525521846 4.5669265975719959272 4.9742912328151343004 5.3502765394304550028 2.04245e-09 4.58741e-06
11531827.515400409698 6631 1.0291577407364635999 0.09998457956867218277 0.09626244690096721901 0.82273711864369480917 3.7996338399718503354 5.5513952092929486071 5.6159429430087755009 5.6778156138952455834 2.32153e-09 4.7875e-06
11531827.515400409698 3400 1.6327218387805375599 0.21731042075084672227 0.050587798881135452589 5.9730171142466801371 2.0253103233507263603 3.7086753049171141683 3.8387159139019413345 3.9782324142954519353 2.20416e-09 4.70541e-06
11531827.515400409698 5798 1.6832164002318552587 0.1114133929503794973 0.13089095866175196048 0.31406780113937765586 1.6774031760173531147 2.5319613156576932234 2.4649233525332645556 2.3951563214752127351 2.01067e-09 4.56349e-06
11531827.515400409698 5551 1.6795034656824152641 0.22098932596432810382 0.088280180278098030477 5.3261073154983211708 0.11885658457183187475 0.62876960303680584641 0.50823349470803236283 0.40069240308168774245 9.09521e-09 7.54723e-06
11531827.515400409698 2928 1.3135077037049593951 0.12768225944708011532 0.020935388215589371963 4.9604430618020636246 5.8176694777191562125 4.990869209736210621 5.1118545245487068129 5.2294842306676132537 9.69793e-09 7.71039e-06
11531827.515400409698 6787 1.7165873071524417881 0.02669931534569797496 0.13437609435347189213 2.3606222110954870885 3.0432407726780170698 4.5164690765529886818 4.5427290266631548121 4.5690449996403952326 5.13164e-09 6.23642e-06
11531827.515400409698 6227 1.5108760208905873679 0.089769446948915268547 0.093152868071901748226 4.054847663133834601 4.865036532743129527 0.86069217135249576067 0.79445001634185985484 0.73040145928970579003 6.71025e-09 6.81966e-06
11531827.515400409698 6979 3.1027290773061646512 0.29946439983431166754 0.38215841125115601606 5.5158039212581000399 1.5364518282013606143 2.6125227752678092941 2.4347077718297231996 2.2402151595445185528 2.0418e-09 4.58692e-06
11531827.515400409698 4406 1.415551948099656121 0.21318848306416396388 0.12182984279301632691 3.2301368271846739866 5.77309821280335278 2.980854118026119437 2.9422301432911459607 2.9000093350261866298 4.822e-09 6.10838e-06
11531827.515400409698 5453 1.690534847226877968 0.30350113484050111889 0.054984242420166938581 2.4700924148848923956 5.4880886864732039143 4.8237147610545338949 5.1250777372859142034 5.4030986605823123625 3.03837e-09 5.23677e-06
11531827.515400409698 5134 3.5332698874636219166 0.055347843077988630178 0.34121742755738931896 1.3639716695716506134 2.3741578208093248037 2.5137727621150505186 2.4804946195508441598 2.4465119338638969815 2.31886e-09 4.78566e-06
11531827.515400409698 6550 1.7896841367261113742 0.080126299903096151467 0.10052580691175470873 2.2638522008161277022 1.9806903874625088058 4.1672119327240997322 4.2372627030098719558 4.3085138103422924161 2.018e-09 4.56903e-06
11531827.515400409698 4313 1.5899536961790881051 0.034252306252053318913 0.057507294499669778243 1.5727977543064615151 5.427456294910755652 1.6891679305161579894 1.6550796613209888264 1.6209489417869029637 1.98502e-09 4.544e-06
11531827.515400409698 5577 1.773336098439862063 0.20610830999233070715 0.084841596645642322616 2.6304316666905469546 1.9399169381649996602 4.7214976275824867002 4.9288899023300949409 5.1301866294981781635 6.01747e-09 6.5764e-06
11531827.515400409698 5417 1.8094915638167741179 0.15302667723714005743 0.10208789103265245024 2.0188804280319896378 1.2296828093723508601 6.2802715362120675735 6.2806880073861073299 6.2810701604783512053 6.2485e-09 6.65951e-06
11531827.515400409698 5880 1.7538024790299280298 0.2060674826665472581 0.081606371574008310099 3.6337134432048388 1.5217842377796992892 4.2022808761951413459 4.3932225522963248565 4.5888830711422494701 2.24295e-09 4.73286e-06
11531827.515400409698 5030 1.8966936086159811303 0.21980586807770688407 0.090136965381470521286 3.1531387053523083353 5.5364242997929675738 5.7855105608621073543 5.8822050183418781444 5.9679998779546270526 2.14686e-09 4.66428e-06
11531827.515400409698 6137 1.7125970697488319683 0.297027890453368415 0.13453939306006584831 1.7031722738680821205 1.0759459287017305584 4.1359195554464847078 4.4119343067602958541 4.6956559492442195847 2.35406e-09 4.80975e-06
11531827.515400409698 3887 0.90537117406472156222 0.22277178112137424604 0.029632014877654187096 4.0383433793162968328 5.0000523565474708221 3.4028955061407697436 3.4682833516452156175 3.5397731597591839403 2.30943e-08 1.02964e-05
11531827.515400409698 3103 1.4214998191267080863 0.11901150283245984229 0.067576719876646859642 2.1271684263659769165 5.7378177001623669184 3.8821227237812010458 3.9663694685635375592 4.0537710783050684427 2.18756e-08 1.0112e-05
11531827.515400409698 5607 1.9181661383947781196 0.11377886869719447405 0.093718160015257484519 1.2350380333271500088 2.1273199008412375655 2.2195187139507415175 2.1253789406908496495 2.0286532141264861373 1.18158e-08 8.23514e-06
11531827.515400409698 5029 1.9451337522386802359 0.23487278918865794886 0.11911784512496265132 1.4958804829888154853 0.90094537238527727663 4.9872275809254773549 5.2084073901872640633 5.414974362277017228 1.87308e-09 4.45693e-06
11531827.515400409698 6282 2.8005041977842521916 0.10697592943468990645 0.079246200094442137418 5.8165637358559498793 0.93966026610933017782 3.0438811424159104568 3.0328248115907787685 3.0212121993015794708 2.68214e-09 5.02355e-06
11531827.515400409698 6604 1.8509826758009386705 0.12654481904926609404 0.094702581834588989151 0.40538803360717023949 1.3255064040113702095 2.8857524841854544917 2.8514978824098817789 2.8153006179608874859 7.5209e-09 7.08391e-06
11531827.515400409698 5362 1.6701922595636959912 0.23135480551602213839 0.15085922544725155481 0.18300558536691230449 1.2142614799647519774 3.0173675143061240433 2.984483123324328524 2.9482844263140655094 1.49782e-09 4.13686e-06
11531827.515400409698 6068 1.6845358593307582229 0.14248518147998692762 0.10668264210089506427 4.3672866376072541073 2.86592062877396625 0.46043960126329780413 0.40065685458727168244 0.3450843194059322605 2.08722e-09 4.62068e-06
11531827.515400409698 5877 1.5696563557239866515 0.16273314604210217804 0.025451253103746372675 1.4704611279882890962 6.005193049771173186 2.7626555241681667319 2.6970827338663112549 2.6271049624569511316 2.13222e-09 4.65366e-06
11531827.515400409698 5479 1.5775477496156868895 0.20908368894236448177 0.09740459250276102543 0.63504249827590431021 3.3777868357888438666 5.3863377189843202331 5.5410009328006211149 5.682320471340365664 2.12255e-09 4.64661e-06
11531827.515400409698 5257 3.1646275785731776686 0.13400543619347232704 0.17414419059195909711 3.8163435432044399143 1.8019940187317580182 6.118882169691306494 6.1395283632120909445 6.1587130287564795239 2.20895e-09 4.70882e-06
11531827.515400409698 6565 1.8289083561181085358 0.048945986322292960036 0.070253624303757256087 1.0634093668055546456 1.1048467093728311372 2.5899732754814497326 2.563761725084012344 2.5370270210182086501 1.21046e-08 8.30169e-06
11531827.515400409698 3239 1.0960289573665806806 0.072097874190099928149 0.087315814041025105463 2.8808001299193644051 1.7607974495874429977 3.7148247594055168186 3.7551970265479779343 3.7967122838482745273 6.46074e-09 6.73407e-06
11531827.515400409698 5595 1.5531098039291799662 0.15832497633750353128 0.064342876137285218152 0.46348608361707688275 2.6976657226475384554 2.7472731907583982647 2.6812262996817448624 2.6108862571598177027 2.78921e-09 5.08953e-06
11531827.515400409698 5226 1.2363251175546403626 0.16140778108355002818 0.22263679450573684027 4.7371934176591725674 5.9132577359239419934 1.4322474434727323622 1.2734512371256767604 1.1191264005545713545 3.2729e-09 5.36819e-06
11531827.515400409698 6709 1.5182432170719066811 0.1827059817790912255 0.11278825068908712725 3.631451593947454981 1.0542594053368135043 2.4926267345452659541 2.3725920655739081155 2.2455351462926085304 2.29225e-09 4.76728e-06
11531827.515400409698 4581 1.3344921546151493619 0.1636611852216628693 0.11118103144764455992 0.31364634342298175484 4.8078691005565072913 2.519711058013226701 2.4169221332428474369 2.3084329679813317959 2.62777e-09 4.98937e-06
11531827.515400409698 5923 2.9965921747149604215 0.070443208107849611399 0.15919858293593713849 5.1660444323314536064 1.8250928519101667913 4.57390934572211183 4.6440778820331223287 4.7143567957345320352 2.22479e-09 4.72005e-06
11531827.515400409698 3796 1.9140505565283645328 0.089520374083112738695 0.082107028690810046623 4.6565333922246248122 5.2425927834944783257 3.9690877648894717922 4.0371695428396314753 4.1070464439068850027 8.15222e-09 7.27683e-06
11531827.515400409698 1253 0.91601520136871528166 0.053733699430637542338 0.18435619623494162167 1.6818027690769281612 5.6034314048035405165 5.6113002992194296326 5.6440789417756684898 5.6761299340462949559 5.22993e-09 6.27599e-06
11531827.515400409698 6311 1.7899339957115651956 0.12076866828396096154 0.037645237190757234458 0.97422896738968833841 4.2435713026795900404 2.8671789861301508751 2.8323011837939522373 2.7955411572790631602 1.23412e-08 8.35543e-06
11531827.515400409698 5437 2.0147402210566469627 0.16551644756852657014 0.071506095949796275035 0.29685804500629736635 4.5848074399515343913 4.8201130616017033859 4.9839737655065237121 5.1434235344609753326 4.54448e-09 5.98887e-06
11531827.515400409698 5114 1.9158786737773605413 0.19953782496709818184 0.086809298584213073768 1.5581589265817930023 4.1080394283301471248 3.0732894817217819572 3.057995151486965657 3.0413337101105462068 8.67957e-09 7.43047e-06
11531827.515400409698 1517 1.1438820156778328752 0.26790068034689457077 0.2089597040980175624 6.2563653965456209605 5.7850293434011614835 3.192171083513434926 3.2081437512330417405 3.2259596775035617178 2.17631e-09 4.68551e-06
11531827.515400409698 5753 1.8979591385527596614 0.21178224793345376553 0.16723848708582633726 2.8163279112006254223 1.9599764721013597235 5.9580855719323144726 6.020181103338012818 6.0752408070048691258 1.44813e-09 4.09059e-06
11531827.515400409698 5766 1.5842106908981599123 0.29936358186066641673 0.089932325120677281127 5.9383820280896166821 0.77646116377091434213 2.6838754103196662548 2.5272317130548112019 2.3546676363484850825 9.36827e-09 7.62202e-06
11531827.515400409698 2957 1.469972842504106092 0.28723773336407687484 0.07022430051401003237 5.8489229851030515306 0.15878952350541294947 1.4782288517055486299 1.1919453925110672365 0.92507561949260475043 2.55608e-09 4.94358e-06
11531827.515400409698 6197 1.79728345727526162 0.18442950432312910092 0.042311902676851476102 4.9856021374660848267 5.1442029925493928388 5.1413226428980616234 5.3038364660308623399 5.4569377574894906147 8.02678e-09 7.23931e-06
11531827.515400409698 845 1.5816784854515852921 0.15855584148659160326 0.1389959439830816823 0.65193312523012325599 3.9095150422466193874 0.42036188073480629246 0.35968436193310449056 0.3038760653588192806 4.26604e-09 5.86397e-06
11531827.515400409698 6154 3.1853580644530206101 0.12187699578409184886 0.24269868929029073112 1.1102831100560852651 5.0746891441159238667 1.6454621530264859075 1.5230638770695148487 1.4013256963927873677 2.04677e-09 4.59064e-06
11531827.515400409698 6209 1.1854479440288345771 0.084510873056488175492 0.063097306226129315498 5.7431545086682218582 0.00079882604803798362356 2.5275026793694523874 2.4769814719785063772 2.424859127484244592 2.89646e-09 5.15394e-06
11531827.515400409698 6392 2.96815912281868588 0.23786544901081199677 0.117582694932728965 4.4476975015154813775 2.9883395283312998991 3.9060347215187598557 4.0884936703527934299 4.2815474037637155647 2.75286e-09 5.06732e-06
11531827.515400409698 6347 1.6521951639133389822 0.21528937053140814739 0.13843816743296286087 2.266455714664715515 2.0822151939675057619 2.5020688570318787569 2.3598463528342370488 2.2081707253209899022 1.27077e-08 8.43734e-06
11531827.515400409698 6735 2.0436926347799806436 0.094619432005433559696 0.10544813396033106412 2.098310544293414015 3.5844722051307651434 3.663007406401951549 3.7122594676214619724 3.7633722527428914439 2.32036e-09 4.78669e-06
11531827.515400409698 5485 1.6110082375333498739 0.27828596103879948975 0.17242187867008496038 5.7463003722615404456 3.2626743896819361268 3.5314455820504511152 3.6554876240958762423 3.7922854469091329399 1.60307e-09 4.23156e-06
11531827.515400409698 6816 3.0958558354239240629 0.043503466699482469526 0.13105886598871366311 2.2436515234129061902 5.8963346505048663815 1.1937011478352257399 1.1535622351828551668 1.1137907884500810596 1.76213e-09 4.36713e-06
11531827.515400409698 6572 2.9996948029564145521 0.19909162449616854551 0.10974870566432923247 3.1326584908130925555 3.7884441083951525542 0.66056887401545028027 0.54637875570219829324 0.44293142273141716814 1.66053e-09 4.28153e-06
11531827.515400409698 6740 1.7351454380623567708 0.20092572603943989473 0.094086479037181411367 0.13029973701149455412 1.5553368631905895025 4.0487075331734185824 4.2188663512783062259 4.3958155194493819806 8.24013e-09 7.30289e-06
11531827.515400409698 6480 1.7820235458772830661 0.22413280559911569201 0.08429508088622407469 6.0058127519653439208 6.1780963435846141252 2.7477191749158915712 2.65047111869310692 2.5447666899278980068 5.51174e-09 6.38675e-06
11531827.515400409698 5642 2.8311606508259283821 0.17129947735773692896 0.033140297396356897808 4.0706155023374757107 3.9510965508306501448 5.9051759181390712783 5.9641226150794421912 6.0178552692850981742 2.80041e-09 5.09633e-06
11531827.515400409698 5478 1.9284934740895842697 0.15901226403832410816 0.15953589179956245703 2.9345998717141528189 1.7148052030938789603 1.0687724039459862713 0.93389414895449951448 0.80605752544467224041 2.28234e-09 4.7604e-06
11531827.515400409698 1447 1.3023271505182063557 0.26301609561332206511 0.035328578626674454755 3.2251697870688240677 5.4644139696511579984 5.4454101969160753072 5.6275135253022483539 5.7878722981258112767 2.94046e-09 5.1799e-06
11531827.515400409698 6815 1.7411922354974727067 0.25533610114643340294 0.10963813420192534964 5.2767464700894288754 5.6602801553289348035 3.6432336501377022842 3.7838893668183666286 3.9368448959167681167 3.57143e-09 5.52668e-06
11531827.515400409698 6044 1.0103012845900756211 0.27130685541689963935 0.09384318915465034161 5.5519469506810930071 3.8115188024548238843 3.4582758186441715509 3.5573213368751268604 3.6668904155077783891 2.72625e-09 5.05094e-06
11531827.515400409698 6667 1.7273915493053000336 0.33422501578926733234 0.25483264587855086747 2.5156522706531458944 3.2675571946609753837 6.2823740424976879382 6.2826122317637036474 6.2828037678931414334 1.85586e-09 4.44323e-06
11531827.515400409698 6040 1.8977772393497338577 0.083863295668663545568 0.12911155352648789885 3.6958589038407119176 1.1563229592371373489 0.24894584761727481248 0.22905730489545450546 0.21001534256608722639 4.48499e-09 5.96262e-06
11531827.515400409698 5950 1.7414991455600199455 0.13728242625713202307 0.070493615283832175566 1.7044046927362723753 4.2516964701996862175 2.6396563881605996649 2.5690510910092445584 2.4946755844069330443 6.81029e-09 6.85339e-06
11531827.515400409698 5158 1.7174369936849682716 0.13488911657244834208 0.04508309214759659983 5.7565543483740793107 0.94150146434247339311 5.2376881662807468487 5.3509527222612378594 5.4592622968265418493 5.85576e-09 6.51695e-06
11531827.515400409698 5252 3.1587299466765679234 0.097075231838433639897 0.1833985051326084692 4.637039938262975447 3.9070463788591283105 5.9924991308719075533 6.0191440816645336298 6.0444791486178175433 2.42859e-09 4.85999e-06
11531827.515400409698 6104 3.3351825373283405796 0.060076091523827888918 0.15755157247562404099 0.96472778302024453367 4.4941356628623863045 4.9700229876618244873 5.0277107723733163169 5.0848249103226290657 1.75259e-09 4.35923e-06
11531827.515400409698 6267 1.8673535443452766724 0.12562771389729432414 0.038702355751790797067 3.9273084969046268 5.3211275807264115656 2.0507171503486354425 1.9356102111591180215 1.8182500346473249309 1.78459e-09 4.38561e-06
11531827.515400409698 1284 1.6239838714237351258 0.039424557385540820453 0.21237468746745252757 1.6376742279728750962 1.1679229177305459064 0.81584463784063676606 0.7875052605619635715 0.7595692102873787821 3.64405e-09 5.56389e-06
11531827.515400409698 6952 3.19794666000335015 0.16402788840695434192 0.073123472836691100207 3.1841510724541879362 3.5551878748533582986 3.2909299940176182098 3.3176840461423569018 3.3464189038416018995 2.57429e-09 4.95529e-06
11531827.515400409698 6649 1.6878951213700872369 0.21413303494938154548 0.22370215642306853776 2.473090357122250893 5.5961774760176670185 1.9054855092818148155 1.6941021960510884714 1.4815949750379640015 1.58536e-09 4.21592e-06
11531827.515400409698 5517 1.8858290563649073857 0.19153479403653894675 0.073179053255713319426 0.051534839016441333359 3.4298749944455342309 2.8957396808024644663 2.8438315505965090502 2.7876389639740648541 2.41819e-09 4.85304e-06
11531827.515400409698 6425 1.5266304174528788629 0.11894596252487189825 0.061677707456964867005 1.477675441004067336 1.5364515831529912404 5.6860989507700621104 5.750034223816312462 5.81048846215633219 5.02719e-09 6.19382e-06
11531827.515400409698 6573 1.811456077179125268 0.17434506363665888684 0.19166886679717867747 5.76912352769529857 4.5171665904274931336 4.0494642649933947354 4.195596409957538242 4.3471734764616769553 2.46875e-09 4.88663e-06
11531827.515400409698 5342 2.0428251535803072514 0.29764016225304779084 0.11013937449641741928 6.1399298796080294949 2.3290439458048894927 2.7068401062852069927 2.5582922203274143236 2.3943574847743946954 2.15151e-09 4.66765e-06
11531827.515400409698 6180 3.067857605661893583 0.085167882059408561712 0.21729620241499186806 0.31641174919849096581 1.5929023923837257737 0.59381323362965832136 0.54771143867080140932 0.50336155802777859947 1.88472e-09 4.46614e-06
11531827.515400409698 377 1.1656163600126867586 0.10530414219000507059 0.12208298836404402055 0.32444569136500844841 4.140300516232748862 4.8967061439010226565 4.99942986172294912 5.1004255739668726832 1.8845e-09 4.46597e-06
11531827.515400409698 1442 0.57540763677921857866 0.060632270187799937322 0.011266428956958765908 4.9667779257518755998 2.5108482642028997489 5.503864804755717266 5.5456088674243657621 5.5863838393339975141 7.70371e-07 3.31449e-05
11531827.515400409698 6119 3.0942516565715094679 0.11537188386896898851 0.14322469086437603081 3.0874777303852640742 4.5154216115302130419 2.6838333446736832855 2.6298866597178101046 2.5733930362997532448 2.96829e-09 5.19619e-06
11531827.515400409698 6350 1.4847695933888138686 0.29758464480101948224 0.1796037778094240478 0.41212821120661552454 1.1144118175211195076 4.5893584556394317886 4.8948927275890135036 5.1875351951469257372 2.60101e-09 4.97238e-06
11531827.515400409698 5289 2.0758716159682082392 0.058308839063543747849 0.070920509038009713065 1.9797126881442941304 1.2256978444853303678 4.0346597735772844473 4.0809599424835099057 4.1280259495275544168 2.13423e-09 4.65511e-06
11531827.515400409698 6619 1.7921779626807747832 0.075578519264590582338 0.076208155726412027398 3.4572873690039505057 0.022013560728314302689 4.7767510203571994509 4.8520620570994292819 4.9269045597298726236 6.69672e-09 6.81508e-06
11531827.515400409698 6346 1.40661656444652583 0.15244717341733751703 0.060475208319741180496 4.5612334695506246973 3.018057696799021361 2.3680946739305843707 2.2548656964453406282 2.1367179942478307098 2.4605e-09 4.88118e-06
11531827.515400409698 4296 1.5621407148438546386 0.14473495842225353458 0.018850558865716331852 3.4856118793778692044 2.8311926694470201937 1.5796181117608854017 1.4342856945433084537 1.290897222200396266 2.40121e-09 4.84165e-06
11531827.515400409698 5360 1.5263255383851055402 0.16799961886937653244 0.04340093752588484316 5.2278704108390350314 4.0916196608706378868 2.6811629048779010986 2.5998602509961479257 2.5132361000041369969 8.05688e-09 7.24835e-06
11531827.515400409698 6823 1.8061600206721439843 0.16334623881691587299 0.20423587409242238699 3.292370966157923462 3.3721381092563382786 3.2285380314695579784 3.2440920613164374586 3.2608056522822015388 1.69817e-09 4.31364e-06
11531827.515400409698 6677 2.2833042534395464607 0.15384600019994751352 0.22804761701012210562 3.8194632392645466723 2.2247804099890227114 2.2267190037456745522 2.098170197379808144 1.9652269932627284277 2.33048e-09 4.79364e-06
11531827.515400409698 5841 2.0539590495784714186 0.048850126672345318968 0.091859305482352882066 6.1684721196739014104 3.9654169927300384479 2.1455991245675627432 2.104028299956076431 2.0619601000271448044 2.76225e-09 5.07307e-06
11531827.515400409698 6791 3.1476200758321026818 0.26196300902742891692 0.1991153755070201592 0.798855232618521649 0.3043448284679004523 4.4731172422196472382 4.7390126684247624311 5.0008828405259029282 2.20531e-09 4.70623e-06
11531827.515400409698 6266 2.9638840266887322983 0.20434415298784872062 0.16012172384143641413 5.7810112681618166519 0.85171344744200738752 3.0921086146374929804 3.0807185881244611991 3.0682870099487562499 2.89198e-09 5.15128e-06
11531827.515400409698 6897 1.9475303615266006396 0.42537049481526639783 0.24470626668636849543 1.8849611271345558805 0.41610800305319822767 2.813340814015700353 2.6312864111272178391 2.4235165344230717999 2.6229e-09 4.98629e-06
11531827.515400409698 6969 1.5816828435472751746 0.08579195234796020697 0.098360475724505708195 0.88479761531922040962 0.61765574199142958545 2.3786566305547425237 2.3173759307221390991 2.2544032599815793105 2.41679e-08 1.04535e-05
11531827.515400409698 6004 1.3017647285701017257 0.23058733220438790146 0.049898693406379632242 1.5596741001950817918 5.7169194693903859772 2.9215166120683426776 2.8639382991970929737 2.8007341742628506509 2.14847e-09 4.66545e-06
11531827.515400409698 6778 2.9705476595495929892 0.1113441005159665903 0.095039486509395948444 1.8568936150282104869 4.0144668591542123082 5.0694703791938362514 5.1720227627062396181 5.2718110178745760663 2.33115e-09 4.7941e-06
11531827.515400409698 5681 1.6935240210771478342 0.42914173154189583226 0.36689606248025280477 2.6468333830911880966 0.01975983588140009517 1.2881922469876283532 0.88624079522295162725 0.55378462122656080258 1.72101e-09 4.33289e-06
11531827.515400409698 5931 2.7360255678563722981 0.23375475346585941616 0.54166985313790971812 3.0391732707983005746 4.9003450042383045471 4.4199422708201439036 4.6538732798491473375 4.8872279491640941984 2.66585e-09 5.01336e-06
11531827.515400409698 6985 2.8266697010897097186 0.38148728709265466996 0.22651034891511853675 1.0200498748577220276 4.9142036220292428794 1.3743129742033881602 1.0042327957470094102 0.68235273354359438081 3.31546e-09 5.39136e-06
11531827.515400409698 5788 1.3803417322616278184 0.13016977096231577282 0.19332995312522446851 2.1628218896695159401 3.2819212460243076812 3.1534880426495011108 3.1551517801188193602 3.1569167144318885931 1.43499e-08 8.78617e-06
11531827.515400409698 6138 1.6286103468181620801 0.17179005779696804312 0.16508731283580391214 1.2283630371064460096 1.6133087223149003009 2.0219479950546364044 1.8604331586289686307 1.6957985585452599597 9.57307e-09 7.67716e-06
11531827.515400409698 6726 1.4956903706099902163 0.19766466444420791038 0.10557093755706474514 4.0320906022986706674 5.9924898196300908637 3.8575489676726562038 3.9990114001996905913 4.1484767090896301767 2.92983e-09 5.17366e-06
11531827.515400409698 5559 2.1176007985031666259 0.11522690619563119574 0.093527373239232186597 3.5194893413170542651 1.8258267031478960796 3.7567158872604409225 3.8267079228594953477 3.8996191620534026434 5.44342e-09 6.36025e-06
11531827.515400409698 6737 1.7446078019096502576 0.30020586250507902415 0.19714939244276283303 1.2941744986488417091 5.4230424783997879246 4.3047176443528014644 4.6028976093349527332 4.9013057808372622048 2.16814e-09 4.67964e-06
11531827.515400409698 5663 3.1740704247091922063 0.081815802358634809321 0.39059331316359435782 5.8634067569212104942 0.33219194484967179415 6.0916588059360448071 6.1066556494991832693 6.1210236684543479768 2.69499e-09 5.03156e-06
11531827.515400409698 5227 1.8305918354283905458 0.14891635139960379686 0.13181838947432189535 5.1160351212560275513 3.069218353933259813 0.42987896988772483775 0.37146230083709835812 0.3174088836723852336 5.94474e-09 6.54979e-06
11531827.515400409698 6118 1.9537128813880297873 0.17283449578739640273 0.11189074258390184491 1.297087326912946148 3.6630341521147591344 4.4572663684133448925 4.6291362245422256194 4.8013721064093406454 5.68798e-09 6.45411e-06
11531827.515400409698 6356 1.6279970468250339888 0.097770936030604035927 0.05495507524539834654 5.8018113378119622325 1.5909705534113731673 2.9618166580598770388 2.9434051560032692407 2.9241547790360606918 5.8318e-09 6.50805e-06
11531827.515400409698 5831 1.9442435069509489409 0.13483138402970187841 0.12000823780285911624 0.5722827274881242543 6.2696089263692265092 5.4332498068491403842 5.5305740477765956697 5.6227376443782457471 2.32205e-09 4.78785e-06
11531827.515400409698 5138 1.6317045176417279695 0.06822110125489079524 0.18151235822289080168 0.8409058474030093322 3.4289313320951437802 2.2369585518876715646 2.1821167094532722963 2.1262510704944577178 2.37553e-09 4.82433e-06
11531827.515400409698 5736 1.9120495252317857293 0.061270745565325621107 0.093110731557969617089 5.6716311615413097513 4.0513969215421443693 4.4168577856797597292 4.4760388243749957837 4.5356061868851762497 1.87923e-09 4.4618e-06
11531827.515400409698 6132 1.8235708295112764699 0.31566435915240625976 0.14959214681987079154 6.2205661590652638893 1.7097592339151905794 3.0290545084764857187 2.985703579795703444 2.9366940196252473427 6.69157e-09 6.81333e-06
11531827.515400409698 6509 1.1817171329461668705 0.38272752475629817637 0.072570442801006967981 3.2661751641002574331 1.0479453524438910872 2.954071578982286006 2.861944513786748967 2.7563050290553272603 2.65616e-09 5.00727e-06
11531827.515400409698 5256 1.9153292567648645406 0.23608069051280064499 0.10431822186226547 2.6708731470539421871 2.6681558120817898683 3.6459078188242206586 3.7749897746082936578 3.9147227058347269235 4.61883e-09 6.02135e-06
11531827.515400409698 5698 1.9441789918274319238 0.1665580755406264879 0.099098296535938892871 1.4829673466135999682 1.9950499669118424428 0.39056017280318966467 0.33131737809325562116 0.27713786121212102831 4.80918e-09 6.10296e-06
11531827.515400409698 6504 1.4515573365459062405 0.13581342535128301807 0.14048994753829296966 4.5939496877544243603 1.6307635323922613502 0.0042924980293466852982 0.0037442127914042774156 0.0032356996151135224843 2.41361e-09 4.84997e-06
11531827.515400409698 6076 1.7271565061701519284 0.066706465629222722047 0.077291686795089686868 0.68722823445267899878 2.0631685444592275935 0.96937145112475486819 0.91534278441726368847 0.86245979513039905395 2.07184e-09 4.6093e-06
11531827.515400409698 5828 1.7220449468920275837 0.28095190981293138854 0.049603082510553474227 2.3122701507863863135 1.309211641745895438 4.4645469615723145651 4.7506758808258080506 5.0314218939520083396 2.18531e-09 4.69196e-06
11531827.515400409698 5964 2.1825796655946816394 0.2270117582534141587 0.15370947207898494336 2.3609378336605373327 3.8619759343605366553 3.8920004164279151659 4.062845050266897573 4.2436280711963316747 2.1711e-09 4.68177e-06
11531827.515400409698 5425 1.9659017228386581611 0.10950867052186188944 0.1203010737091126936 2.3609733516669697551 4.17357942000643245 3.1597893977584012859 3.1619041183949012641 3.1641282469652489695 3.49187e-09 5.48533e-06
11531827.515400409698 6143 1.7759910853550269216 0.18467725893876599241 0.069580100446195725095 4.5215492312458316349 2.6373122936148702955 4.7241665299699819869 4.9096948398522712864 5.0907890392641590438 2.16561e-09 4.67782e-06
11531827.515400409698 6182 2.0335106638307212101 0.043674422292158718295 0.15156247482891749279 6.1945420781617785977 0.51177248606694136779 0.028736580343379832664 0.027507932668421615496 0.026306691107902246268 2.64006e-09 4.99714e-06
11531827.515400409698 421 1.455135262975086663 0.34706750680658021713 0.19294642353482049923 2.4468686498325200596 5.0606442958066573112 2.4846098639446663192 2.2310613708767976782 1.9569371458328248536 2.69558e-09 5.03193e-06
11531827.515400409698 6415 1.5947230978500375187 0.14279030558211586177 0.20033589083144395793 0.44035678663601940386 6.2599002662872953451 3.7606624989731902708 3.8490593799672327968 3.9418603050570903967 2.43409e-09 4.86365e-06
11531827.515400409698 6920 2.303272994271375218 0.16646826222023519692 0.30318755275111419767 4.8403420133075290011 5.3343686618804699862 1.2926925600017722395 1.135446462303586701 0.98450593504526362487 4.48089e-09 5.96081e-06
11531827.515400409698 5689 1.8057587392008576099 0.11034105730347630592 0.195935678431770538 3.3988912535086304167 0.25358498558443859361 2.5658310438049634072 2.5026569017705475595 2.4368559529742679359 3.02594e-09 5.22962e-06
11531827.515400409698 6098 0.8366036895231753201 0.19773067786625181386 0.052102115800036520599 5.4735999797740122474 1.6212239931077117028 1.8969217422265065576 1.7021125396230210036 1.5060842420720188528 9.90655e-09 7.76529e-06
11531827.515400409698 5578 2.8784830246333608095 0.084437048360704466954 0.24232505652965471987 0.37475197394204856627 0.301729909488579362 1.8308917539533311469 1.7482968498429642956 1.6651864679938119806 3.04211e-09 5.23892e-06
11531827.515400409698 2992 1.1106002210683318943 0.11004131553934044796 0.099343467800188586803 5.9785868104930628419 1.3457880521884000302 3.3519010892409388802 3.3762568488405078071 3.40184325910100549 2.07761e-08 9.93967e-06
11531827.515400409698 5643 3.2638648491842530142 0.025623098809778019347 0.10492945983735352256 6.2206009070395325011 0.34228264198467206469 0.27164732752304021624 0.2648549121188574218 0.25814757296144408283 2.47115e-09 4.88821e-06
11531827.515400409698 6683 1.4508999335489631832 0.1375338484449235843 0.1494661696338455692 4.0122987894506980666 1.4591167252870818061 2.8187675386511998887 2.7718615060059144106 2.7221616198103024686 2.07491e-09 4.61158e-06
11531827.515400409698 5234 3.1291068828415600223 0.19414954395457328928 0.11230090190524341653 1.0093455046555059873 0.64640298901936410481 2.3632217431266093755 2.2155400044597355347 2.0603652356716639638 2.35138e-09 4.80793e-06
11531827.515400409698 6292 3.3286127728851311325 0.0086871493992161444297 0.25712375600414688614 1.850549448578592715 0.83465778295713732859 5.8592132062985449181 5.8627729319276378206 5.8663184786194246811 1.7586e-09 4.36421e-06
11531827.515400409698 6557 1.9731018339674610829 0.023406973508702792752 0.081437438295892311535 1.9441058185817987614 1.3248285519694755763 5.9848234782449845071 5.9916288485998823177 5.9983570273623811886 1.93092e-09 4.50234e-06
11531827.515400409698 6401 1.5639032062516593502 0.22079427067883664049 0.10426785732266626028 0.021791772497652895507 3.4087977556448754157 0.92243024969508846667 0.75589572054436715565 0.60444393922410011299 1.93159e-09 4.50286e-06
11531827.515400409698 5864 1.9932269146686338868 0.16510474209015502112 0.17616588015125500544 1.4420499547157066278 5.332625565677622248 5.106301268323468534 5.2547952301971943001 5.3962023334306641331 2.76427e-09 5.07431e-06
11531827.515400409698 6243 1.2196873925729585508 0.20705608329535374335 0.14423265380872773989 1.4138979330766643372 2.3638840945310537478 3.422517760528559716 3.4870177171444538544 3.5571262161181267381 4.28475e-08 1.2652e-05
11531827.515400409698 1707 1.1457271933236730099 0.190209553698405337 0.17881823305732919005 3.1957051266185527716 0.81234353330956410311 2.5094495308958539859 2.3866584288307128858 2.2563190887557365016 4.20296e-09 5.83493e-06
11531827.515400409698 6135 1.480089393600423131 0.29859380335254775973 0.1160149192940271301 1.2032416868259994125 0.8976979164573476444 5.2376915718711849479 5.4820207352269259005 5.6964609420502911874 2.38172e-09 4.82852e-06
11531827.515400409698 6402 2.9699493255333266895 0.25030388862324626231 0.17518823113004253211 2.9407264223701456984 3.0685641096612665812 1.8306664003899124626 1.577904670486486749 1.3276071055828935208 2.16272e-09 4.67574e-06
11531827.515400409698 6658 2.6885757957874116819 0.65468176059506288933 0.63530757142762839251 6.0191376691405800159 1.7636193593727735873 5.2450018778817106835 5.7725547737734279607 6.0925157175051403158 2.90725e-09 5.16033e-06
11531827.515400409698 5886 0.94365705505731234393 0.077762157230865602831 0.10668183846687018246 4.1285127682061517618 0.39993247640137696841 3.5865323067794760981 3.6212697601508536671 3.6571564316754279211 7.52132e-09 7.08405e-06
11531827.515400409698 5118 1.7975435771308769795 0.19003530315967703812 0.13435117453961775702 0.81692315241478508092 6.1591788237429101471 2.1277160822600906798 1.9566403482759266996 1.7805762272672538415 3.95744e-09 5.71902e-06
11531827.515400409698 6395 1.5381448870515797012 0.15145201258139967537 0.14263276891345394448 0.55032267542100499202 4.2379257314957037295 4.8568826237743794039 5.0057151550939238405 5.1506982659360138754 2.27089e-09 4.75243e-06
11531827.515400409698 6129 2.0867957154009095788 0.22860293112447549468 0.13595312543855514464 1.1774861013723088021 0.33184634298995052681 3.9806465148891154726 4.1669309722265914786 4.362361277467145193 7.14833e-09 6.96495e-06
11531827.515400409698 6850 1.5861851129674156002 0.36795978708287996328 0.1618175162211619722 6.0251334768553794774 0.83061757323180662738 4.2783181459516024248 4.6501092449032199738 5.0173556477634679851 4.53979e-09 5.98681e-06
11531827.515400409698 6099 3.1492371121522615418 0.29925653265840107542 0.23533602384193227919 1.2705472379244877601 5.7708070384765477456 2.3787763678201274686 2.1419231732634278487 1.8901609391645153302 2.8329e-09 5.11596e-06
11531827.515400409698 4427 1.5404750187136420081 0.24406167223795222077 0.16584812262588827236 1.582218784316265392 2.5899154532241430715 4.6790329891992152866 4.9264612956202888938 5.1649519899996665373 5.29375e-09 6.30141e-06
11531827.515400409698 5240 1.6777946006431989634 0.1175346211935174856 0.15482616209027402765 4.6873340361540902776 3.1565468099181335226 0.19779470662408116244 0.17588569584138155633 0.15531945992342052754 1.54708e-09 4.18172e-06
11531827.515400409698 5494 1.6196515175514900609 0.071503134758546957328 0.15660310760874585068 2.6846934657625274312 5.6070806353998161597 2.5539903775270489383 2.5130875071238438778 2.4710482245439351345 2.97785e-09 5.20177e-06
11531827.515400409698 5346 2.7458437314289931841 0.21656716086525379383 0.2054475160842536563 0.13597051006273175311 5.5639368821570647228 5.4562132127676044036 5.6060738150704576555 5.7417627523972694092 2.35234e-09 4.80858e-06
11531827.515400409698 5239 1.204547428001229159 0.19088788039155152321 0.16126380067266377072 0.46664013247003727214 2.3704185004166138384 2.8041253431293764464 2.7339870486350088541 2.6583167567828862587 2.41405e-09 4.85026e-06
11531827.515400409698 4859 1.5765582429339419779 0.045376833775128862236 0.17833933307907115506 3.9484817411496697659 0.89057115827784183448 5.4296706687181224282 5.4633778546168816348 5.4965489760844077338 4.26554e-09 5.86374e-06
11531827.515400409698 6997 2.8562958728668830233 0.16506379173765159396 0.12337121728492148054 2.3943083774188287371 5.2804746884491233772 1.0244476697247331121 0.88852610121206920812 0.76041295934590136252 2.77488e-09 5.0808e-06
11531827.515400409698 6793 1.3985138197956525907 0.059392288030075977845 0.17078275117019495188 0.30595401552458784122 0.066241024092196496009 2.6477648301814986631 2.6188328016562385514 2.5891798183179419723 2.0508e-09 4.59365e-06
11531827.515400409698 6702 1.7804656053668237448 0.19515157933555854486 0.11204820817062763338 0.18785505804369179161 4.400224339595877332 5.2268391859242679942 5.3900850171393663857 5.5421118774717559319 3.70623e-09 5.59535e-06
11531827.515400409698 6411 1.6914732482776027034 0.1575348510254612755 0.026569543004579664058 0.62286894455604335796 5.1689394840236371209 1.5577091148923287722 1.3996919996191925506 1.2444575775164832265 1.36815e-08 8.64758e-06
11531827.515400409698 5401 1.813108485600589681 0.026392874382497957114 0.13895787471473175501 2.1106557524756461852 4.2434415453867089241 0.40738273405308300656 0.39704917547610374395 0.38684308364046415818 1.17442e-08 8.21848e-06
11531827.515400409698 6117 2.0478772993932996549 0.20051566781931459693 0.21137024009901428379 2.9259819461899017057 2.9608063760546365906 2.4236736141522654542 2.2796616810227270378 2.1274500394517947832 2.17631e-09 4.68551e-06
11531827.515400409698 6758 2.7040240440087108809 0.16020422927769023547 0.65962420990021308764 3.5210256731837104027 5.4446475462031163062 3.2778854602163147725 3.3016948369756722315 3.3272344484614513327 3.169e-09 5.31077e-06
11531827.515400409698 5902 1.9302862826063929003 0.17359143580895011749 0.076535560651144071698 2.1663823308248439936 2.9987806483659040779 5.7443133776555699299 5.8277602851031797826 5.9041134461198589989 6.63699e-09 6.79476e-06
11531827.515400409698 6272 1.8771433207062691029 0.0076180042081206520571 0.15905042752498571579 1.2720576695932515054 2.3484352754162154397 1.4245020963056163055 1.4169695758560283405 1.4094415252165539698 2.92426e-09 5.17038e-06
11531827.515400409698 5691 1.877385778355702417 0.1504825237710771535 0.037944359543128240719 0.67324715919054234359 0.68604130743523727975 3.6799854291009514995 3.7629325429490276811 3.8505322040287306429 4.69105e-09 6.05257e-06
11531827.515400409698 6501 3.0396739145094548995 0.30491576027858952047 0.3463211628729704894 2.9972471798071547155 2.1212421094013911294 4.1788687410240044073 4.4689640401247903156 4.7648903234015680397 2.93548e-09 5.17698e-06
11531827.515400409698 6414 1.8217983120617338155 0.27752386190091371532 0.038369103865691464583 1.2968637482956844043 6.1359635820973110754 5.1188826575092107873 5.3638853776389119332 5.5845660551382003689 2.40884e-09 4.84677e-06
11531827.515400409698 6692 1.5814081999120230826 0.1174204147400069731 0.07288330249152537299 1.9746920236611154031 3.4264310767697518934 4.6086068842015990299 4.7263841929019356769 4.8437931084977199347 8.86651e-09 7.48344e-06
11531827.515400409698 6140 1.7194587891827253223 0.039798492593998889555 0.1284286285888476542 2.0641648852346388132 3.5585461876996222763 2.8630009311604220912 2.8518383985317963258 2.8404673032540044275 1.67728e-09 4.29587e-06
11531827.515400409698 6655 1.6545744814390650479 0.071169880113152464429 0.12863058312943975725 0.94836607960605323608 0.24185368307379800923 3.6328613259620592402 3.6675648599093761959 3.7032959858230989347 4.63012e-09 6.02626e-06
11531827.515400409698 6121 1.5403185060247781557 0.035637756299959501283 0.17013324212946279168 0.24688311426866399456 0.71574781523447850162 4.1463986619895294439 4.1767766024698413929 4.2074235138285693836 1.90564e-09 4.4826e-06
11531827.515400409698 5251 1.4994080489671897105 0.28746281213363661378 0.12408301441300152723 1.6222038059022898526 0.08641774168205638984 1.6727201892881886636 1.3782987750296684659 1.0961455482208439793 2.36533e-09 4.81741e-06
11531827.515400409698 6394 1.4065320379849703958 0.1931684123454012747 0.11232592138795158276 1.3612697682930137155 5.3576834738634140365 2.8158968339853323037 2.7471780691023410803 2.6729496708892765966 1.34783e-09 3.99388e-06
11531827.515400409698 2182 1.7714898381365324909 0.30919842905110728193 0.1378875707406779505 2.0838541834581305601 1.3952664132603485037 4.3029685723685311416 4.6108601478149964237 4.9184663205759058258 1.98345e-09 4.5428e-06
11531827.515400409698 5176 3.0847300736806304577 0.14067401680140206865 0.081198887103705943979 2.0543835185276182465 3.278357556721843924 3.1342257844361709473 3.1331050689961847944 3.1319111007139790459 2.68297e-09 5.02406e-06
11531827.515400409698 6907 1.7464384465694158255 0.37250617138407021711 0.18691914063458564543 2.1175844230058675777 2.1816780374089441707 3.4234320727029299292 3.5552002768053161397 3.7049162262622856723 5.67218e-09 6.44812e-06
11531827.515400409698 4971 1.6299871990888166184 0.067371657787439240272 0.066881939209224597342 2.650246174156376977 4.5812417578105186777 3.3452269819813968965 3.3593326884214298467 3.3738865546837333298 1.60974e-08 9.12926e-06
11531827.515400409698 6105 1.5489301951165603821 0.16788839057185514503 0.084423193835601664792 2.4173576767511462116 4.7642989169699472285 3.4390253920118025732 3.4929243273900474342 3.5507028552801691568 1.02968e-08 7.86594e-06
11531827.515400409698 6126 3.0348532735926241344 0.27722561319966704252 0.19834620829605226211 1.4867077521663540907 5.7696687820088019549 3.009120477314067621 2.9656905504378192617 2.9171770684843174593 3.04059e-09 5.23805e-06
11531827.515400409698 6186 3.2570490578976287743 0.03697880610858483158 0.16566920820429517636 2.7086509383668024853 3.0867811065050680952 1.8180261469440921474 1.7820002677426673987 1.745843159084816465 3.14704e-09 5.29848e-06
11531827.515400409698 5890 2.0785392936454623047 0.40014026822896703317 0.40135654906194229152 5.0514393919402866828 3.1536981164094135544 2.2483229515150284783 1.8782581288586426282 1.4968825183053233729 4.73576e-09 6.07174e-06
11531827.515400409698 5345 1.2978612753076657071 0.19632130439737593974 0.07121280608202611162 4.6723286700644042213 3.2764271301408234294 4.6435332892607164013 4.842017740093148781 5.0366918990880886753 2.62039e-09 4.98469e-06
11531827.515400409698 5160 3.0180970137939322484 0.091130830526791370416 0.25456461505415461932 5.7269214696745356363 0.03152367062215350596 4.8335039004430839782 4.9235974212994113586 5.0127031688643448604 2.48083e-09 4.89458e-06
11531827.515400409698 6162 1.9380752870567841128 0.10246654664902535292 0.031145593959355798858 0.39625656913769935485 5.2521185722783059191 1.943073375837695238 1.8456287943378382188 1.747007747809849354 1.62993e-09 4.25507e-06
11531827.515400409698 6691 1.4140726297208530138 0.27789915821046734523 0.17534995642155590256 1.1329124385219433435 6.108044163855091746 3.9703868065824083899 4.2004612580720008808 4.4427342489895345068 1.99622e-09 4.55253e-06
11531827.515400409698 5888 1.0029810707653381563 0.1352989147040560558 0.054748443471850136155 1.6996554993142671819 2.1531824362471949641 0.28793618144949462145 0.25170269344459994532 0.21800604404473652997 2.79797e-09 5.09485e-06
11531827.515400409698 5767 1.4589708604493751842 0.28056520526205669386 0.097549823621376902105 1.2351795622517782736 4.0587942311277647178 1.9956484760865049743 1.7201839813719357331 1.4427435990534389632 2.8735e-09 5.14028e-06
11531827.515400409698 5210 2.1118825631977591328 0.20887252858200963668 0.15654147931134193561 2.9183841177032787684 0.57822111445444568378 3.7216411313749029333 3.8484379625047426821 3.9840877477095371084 3.1045e-09 5.27449e-06
11531827.515400409698 5710 2.0109395254317625756 0.18497219883961713016 0.093678630571956258977 2.8712419826372510556 5.4767776814244619743 5.1642376577390010084 5.325176519386204177 5.4764926465368883868 2.11851e-09 4.64366e-06
11531827.515400409698 5724 1.9117803926722061192 0.20487380001842331323 0.081841326737566652549 3.3281881327254883018 5.410316603890721332 2.8974387332534004003 2.8418064413543815405 2.7813039382884805484 1.39525e-09 4.04018e-06
11531827.515400409698 6474 1.0888176156729123534 0.14782123856421791608 0.31518288349080281208 2.6946305568943973441 3.1673905401252153702 3.0754552182197989474 3.064845155654000397 3.053511379430442485 2.46607e-09 4.88486e-06
11531827.515400409698 1588 1.7077834572052295048 0.080320930981726643139 0.055595662161959942538 5.7283671323418241528 1.0498237498142848345 5.6315021472375983436 5.6787766544052153961 5.7244210790496579122 2.82908e-09 5.11366e-06
11531827.515400409698 5364 2.6876175672385911319 0.17475363416725550603 0.15636751882809879488 5.9475255070662704782 5.6012689264671173817 1.5955858974294081509 1.419601913022647377 1.2468418889851184961 2.91675e-09 5.16594e-06
11531827.515400409698 6586 1.6673592540934540907 0.22679155431850214764 0.071494811179682524194 4.2811731839198561289 6.1143895692470913161 3.5204664281551081295 3.6155429883293148663 3.7190517277431682786 2.89513e-09 5.15315e-06
11531827.515400409698 5219 1.5403210016963193585 0.14491082174183059217 0.10984729697954211114 2.8597242432121441347 4.4013520818951583635 1.886245026226379462 1.7447879505247683163 1.6020650496465460577 4.41937e-09 5.9334e-06
11531827.515400409698 1801 1.5510954399901870637 0.067497919566199812702 0.08404399877047133427 5.5754521645195733726 0.26321015723151564014 2.0578049983560862124 1.9971456790413468774 1.9356900694389553852 6.74028e-09 6.82982e-06
11531827.515400409698 6100 1.160692401863507861 0.061745874816654680584 0.043284671092599057152 6.0193868695063921237 3.9359393821167318883 3.3441731940778978149 3.3569961773981815689 3.3701938422013157926 4.52552e-09 5.98053e-06
11531827.515400409698 6351 1.3455067896186816423 0.22134764795483777289 0.085089644289465998783 3.4634711762741003938 1.8358476877033809149 5.3273508449620674554 5.4988783161305452296 5.6552238594616035527 1.91819e-09 4.49243e-06
11531827.515400409698 6895 1.8470286276767917677 0.229299457460700018 0.14686011480496841131 5.416330268910412471 2.555038415117338868 5.1077012945167385993 5.3122711195575993415 5.5015353866669878258 2.5437e-09 4.93558e-06
11531827.515400409698 4732 1.3217246245873690569 0.28987015598774268366 0.14848866367942761824 3.7681221391560772993 2.8776059401238014424 3.2527507327101461421 3.2912784861987818275 3.3345060936751869107 1.92787e-09 4.49996e-06
11531827.515400409698 5872 1.8831322989359640108 0.11819509578622103274 0.17691394379627967126 2.06185667378768267 3.4373003787740117332 4.6435554213146303937 4.7622305060398470999 4.8802788234057521422 2.5416e-09 4.93423e-06
11531827.515400409698 6828 1.3291616989358185918 0.19872948002913096155 0.079295228975417478279 4.8677360829522520191 5.5812165531831219312 5.2543127317267055432 5.4174558426966017421 5.5688018992665444529 7.8219e-09 7.17719e-06
11531827.515400409698 5692 1.5323901194629572231 0.17740777255949399804 0.15467420193186470767 3.2458912825341159625 3.3493312978354299325 5.4638111830357232179 5.5868100717888449225 5.7006067064850736159 2.38697e-09 4.83206e-06
11531827.515400409698 5921 1.7894716348159731556 0.19453668011462210696 0.12880874738972677984 1.3514366961785915233 4.9243368570467360712 5.8375953972831728933 5.9153173215988656963 5.9852779401880296106 2.32801e-09 4.79194e-06
11531827.515400409698 1123 0.73074950689739825993 0.058171509318723335635 0.0097847216272702597362 3.3455314197927816799 3.695627241205294844 4.3132513317021130561 4.367496293911861116 4.4222421842807015935 2.17704e-06 4.68604e-05
11531827.515400409698 5717 3.1786608383258649901 0.056583796705411137928 0.22030621867565650107 1.2154581368089472093 4.1759571998720526054 4.616726357433004857 4.6732344258353855082 4.7297748543625415252 2.31886e-09 4.78566e-06
11531827.515400409698 2895 1.6580686236111907839 0.051890068608736669709 0.052024680594940621303 1.1279400140102620043 6.261600894556296204 0.60315559731518930686 0.57432000954590922692 0.54613000215912621549 6.05854e-08 1.42006e-05
11531827.515400409698 6644 1.449979342392665238 0.10619508695821436306 0.089013657253066855168 0.61467810045113435713 4.251940411813269094 2.5861666525987971887 2.5273664956172385843 2.4661634744995586388 4.61706e-09 6.02059e-06
11531827.515400409698 6313 3.2273849076697751492 0.036412797296974448724 0.40058515627242763379 0.25413153399737481442 0.3209710561572985954 5.193412984932999521 5.2254318523074410052 5.2571566843332915298 2.33149e-09 4.79433e-06
11531827.515400409698 6204 1.6397966127272978198 0.23095791330168799482 0.22449753107284209364 0.53196755315712684897 0.5220756555183375669 5.3912823580924120748 5.5606103726679245725 5.7133470752082766708 2.26769e-09 4.75019e-06
11531827.515400409698 507 1.6481168900692657608 0.31028148249801640324 0.056652315239387442125 0.86027292385655640405 4.9626626510636411282 2.5145717314744699955 2.3011283101728157163 2.0699831977376601522 2.42673e-09 4.85874e-06
11531827.515400409698 5371 1.5691516966597993665 0.030271820950515795912 0.12133002274480700344 3.2177736091278257291 0.21938390674048602325 1.507483480448152724 1.4772965973918683602 1.4471570012187362497 2.54912e-09 4.93909e-06
11531827.515400409698 5623 1.4348799375400700384 0.18904217764911351862 0.084723133271431910751 0.68044508257811642249 1.408254921966198836 2.1551821050024044801 1.9876327088821550415 1.8147773873348280738 2.3084e-09 4.77845e-06
11531827.515400409698 5151 1.5139982302022620964 0.15299993330308478412 0.071112951605189281268 6.2454931034667504619 4.0709642890703596763 4.5020610381348502571 4.6547357318213098409 4.8074814575344193557 2.88747e-09 5.1486e-06
11531827.515400409698 6332 1.9202191692904946319 0.27909528286976065248 0.17244238054895244527 1.4883916337786731177 1.5494909054810952487 3.6914156647811466883 3.8603643902311524094 4.0441376821316747936 2.19525e-09 4.69907e-06
11531827.515400409698 6843 1.8714835780812826282 0.18292233543881913915 0.16702048850801573532 0.83614072457621535506 0.82637122173698396299 1.2769406594844707747 1.1053864423223014324 0.94192014921701128216 3.16465e-09 5.30834e-06
11531827.515400409698 6609 2.7435476440648538521 0.22625703389125736975 0.078345215579609550627 2.0538630792150081028 5.8277905308825843633 3.9910586397693998961 4.1767535481778779172 4.3713220369372338681 2.84425e-09 5.12279e-06
11531827.515400409698 6404 3.0399401768219842523 0.21200817613524733374 0.27015211044505510474 1.4024382480739898682 4.0750269019657325842 5.6248214454379308336 5.745619504625272711 5.854177578491533751 2.07676e-09 4.61295e-06
11531827.515400409698 6730 1.7596986124876319302 0.11135977800917699898 0.041606811457046567748 0.085402107477081726228 1.7666813507434888653 2.0003841050203745588 1.8965016682743534027 1.7909966006414765882 2.57888e-09 4.95824e-06
11531827.515400409698 5327 2.8319095884545895103 0.50710110605431957254 0.1349337151611917085 4.6980236185062036469 1.3889186846164298661 2.1540918167287177454 1.631436227502051084 1.1252671912525062936 2.89309e-09 5.15194e-06
11531827.515400409698 5285 1.4211947137753653259 0.096938477971428266278 0.022062582555375229165 4.8359087253142112317 1.5970405712242952134 2.7271878717661053315 2.6862487811465416421 2.6436180327832934367 1.90393e-08 9.65459e-06
11531827.515400409698 6171 1.781084681509155665 0.20316246444052499243 0.033631909439645342463 0.0028479404061266719826 3.6296982612810588797 0.40936295957498058939 0.33471470392096586144 0.26797589125007015287 2.39216e-09 4.83556e-06
11531827.515400409698 519 1.8127563319144541776 0.20066244464697197136 0.040847110010854913165 3.8668472259208490627 2.6103793461773769913 4.4353265670079267124 4.6352116948286958831 4.8352768298340977893 1.36877e-08 8.64889e-06
11531827.515400409698 3991 0.84936901064371250758 0.24816174214783209839 0.27052661132431160551 2.6329222770961342448 4.3320396401949636811 3.4338122003108648705 3.5163612994103785603 3.6072027024246708926 2.18079e-09 4.68872e-06
11531827.515400409698 6124 1.7101394688932920474 0.028949747083218686783 0.078514633507257805545 0.67828979577981851623 6.1055349612786269375 2.2752284479912092685 2.2529568074098413888 2.2304856544592137624 2.21026e-09 4.70975e-06
11531827.515400409698 6809 1.7999680653944234443 0.085280437813965201399 0.15573777204542593733 2.3143789035096644646 2.4037335573070177652 0.20751710439975468159 0.19062132342174673005 0.17446332408859960283 1.72631e-09 4.33733e-06
11531827.515400409698 6763 1.4187705782726531822 0.56849221025393892326 0.15437760914970752313 2.9082180521748592916 6.1992671791058260311 3.3782437721342901682 3.5873645870556645221 3.8324725659057525817 2.58565e-09 4.96257e-06
11531827.515400409698 5569 1.5271966827637952768 0.14279259837627086838 0.092793770334478581363 2.9448517820459048089 3.5075725556810111172 5.2730337477519633183 5.3899879190076136481 5.5012348117568148353 2.77052e-09 5.07813e-06
11531827.515400409698 6268 1.7766230216029870181 0.078704386362160108637 0.15438021567641935228 0.6638883107739973477 1.5245686180475161997 5.5914459069536182056 5.6402367129076020902 5.6874245492657031775 2.30383e-09 4.7753e-06
11531827.515400409698 6061 2.0764839397379124541 0.32839447308107100332 0.20056513656896457487 3.1577682417897339207 4.9871910840396811437 3.004025374338795018 2.9484164098442517954 2.8853722168973674478 4.03777e-09 5.75746e-06
11531827.515400409698 6189 2.0751387386569426496 0.17651917369595943041 0.10151171006587164647 1.7924871437353777637 5.5872557611597466476 1.422964274175057664 1.2496995394409413649 1.0822022899109375871 2.99935e-09 5.21426e-06
11531827.515400409698 5249 1.9839829272627320655 0.20378143290229239204 0.15643023130582711655 1.1777591315240161229 3.9227179571435355498 3.2991005929516430406 3.3350573511613710309 3.3742363903012662085 2.29779e-09 4.77112e-06
11531827.515400409698 6732 2.0989352256308402289 0.20340894797744171751 0.084590000966913547753 4.7650424806628821628 2.9185719033867054684 4.484725882382358364 4.6890215681292897187 4.8923749843340278431 1.92356e-09 4.49661e-06
11531827.515400409698 5002 1.9447575725105434863 0.14279843044716261646 0.073135214046104166097 0.20758375383730556796 0.64928315468093122931 2.8149130288878745354 2.7655039573709787604 2.7130561855860686471 2.79003e-09 5.09002e-06
11531827.515400409698 5196 3.5423056903741554358 0.093787740428115953795 0.18208989394594152222 4.3799334567635650473 0.86539294518338694129 4.0943968452519809986 4.17311061034689601 4.2535879453156670849 3.02458e-09 5.22884e-06
11531827.515400409698 5625 3.0399786076925470191 0.23520632295234644715 0.093954853685705219668 5.9452447658622142868 4.8743528655997518939 4.8420788301179529256 5.0739895436084880842 5.2939854941914719078 2.295e-09 4.76918e-06
11531827.515400409698 5412 1.746505190031557575 0.14841447362478621397 0.10460149065201443386 2.5522097302180339895 5.6023876177043563374 5.7482338470485476734 5.8196967613645975703 5.8860486159067670897 3.18558e-09 5.32002e-06
11531827.515400409698 1960 1.5245780666635917466 0.13169837729024957973 0.15417605884934457161 0.33151406606265548804 5.7100147690715647997 4.6663993071354390452 4.7987433741082252681 4.9299510137138371491 2.62083e-09 4.98498e-06
11531827.515400409698 4112 1.323497551550095741 0.19672659803944345103 0.14193250671607413049 5.3141813795820738164 2.9933549847323583926 1.8902775049816229469 1.6962001914208721942 1.5010184412039457857 1.73305e-08 9.35665e-06
11531827.515400409698 5115 1.2021672057537398093 0.14293210172474127284 0.047003304464292940124 1.09085927463511978 4.3150233333128804603 3.639305565761279837 3.7124843348897642592 3.7897223472761369933 1.07577e-08 7.98161e-06
11531827.515400409698 6912 1.7063674919474918212 0.16731814404370465299 0.1365942495967600312 6.2548147112754648447 1.511318119570634444 3.9654625898834647835 4.0964286606526867374 4.2329969098217112844 2.09119e-08 9.96126e-06
11531827.515400409698 1487 1.5852630194442745015 0.13378416690322780802 0.11436517528527280485 0.22318337590280160065 0.91837022338739116023 1.2617372977377805388 1.1364446163934218692 1.0150832394960633831 4.32124e-08 1.26878e-05
11531827.515400409698 5367 1.6843675216474132128 0.20471571415983957909 0.13451056953463497168 0.63542901097773640817 3.057496746270822463 3.9103018709366872407 4.0653894398935896959 4.2287312995247035019 2.85701e-09 5.13044e-06
11531827.515400409698 5016 1.8331038894035951436 0.28812854716491864693 0.045014783521348952777 0.96167737901929273292 1.3814952245597269531 4.3809315500599206317 4.6712259403743061625 4.9591104200952340619 2.58541e-09 4.96242e-06
11531827.515400409698 6362 3.0488783640652212803 0.059329668296745075029 0.15221071995162607782 2.6808669887085825323 5.6429503726529341989 4.4647752235619853067 4.5227518144965026536 4.5810178617297196979 2.92709e-09 5.17204e-06
11531827.515400409698 6813 1.7042689482315145355 0.091765293851581372642 0.1059089117581676065 2.8899003633385560441 4.4429010294196444875 5.1274330298563546293 5.2100060941941652715 5.2906423213161737351 1.73747e-09 4.34666e-06
11531827.515400409698 5654 1.852700775127505084 0.21836603558301970196 0.13596500087880072916 3.8246973828966392972 3.6249734328811178408 5.396637476986337667 5.5563905787176013362 5.7014899457313044095 2.37573e-09 4.82447e-06
11531827.515400409698 2102 0.68639075182978515066 0.10436254609300456286 0.024607183144455757606 5.1925346921880839446 1.204617455161596018 0.03427412939218928839 0.030866312982218348238 0.027645537448932482744 2.21357e-09 4.7121e-06
11531827.515400409698 6017 1.4854551456914810714 0.16320055353508886031 0.12204544307157268179 2.5708156805938608969 0.70102238910174263786 4.3991862816268794134 4.5592119752622437545 4.7205016662321446219 5.44323e-09 6.36017e-06
11531827.515400409698 6976 1.8578172296194843671 0.17365985281938930984 0.060211512956982057854 2.7863014975258657557 4.2201908755578498855 4.7877882756089666927 4.9607057115856454388 5.1290389819137676142 2.49674e-09 4.90502e-06
11531827.515400409698 6716 2.0363529058525746684 0.018961817610207439 0.18519907100869331673 0.78311290430792745987 2.8508662052858970704 2.9978451591159980261 2.9951028464305355925 2.9923350573839959665 2.33978e-09 4.80001e-06
11531827.515400409698 6906 1.7669818800720944463 0.45271483739589457596 0.072355031478127676547 2.3240763299639675132 3.8337626409350145096 4.5173310301398892364 5.0001368283627893874 5.4342385001424906577 2.85032e-09 5.12643e-06
11531827.515400409698 3519 1.0048261542529852708 0.34174758720550024726 0.24295852915863416777 4.8387462991261225298 3.8987208349739521651 3.0958840565390040034 3.0763459482312636162 3.0540638615902606645 2.06062e-09 4.60097e-06
11531827.515400409698 4318 1.8817730052571377541 0.27459634132761917558 0.062260034133036060155 1.3676324154553674006 2.7117746518815635248 5.9294543161566748424 6.0151284107120410738 6.0878575110067210119 1.32396e-08 8.55345e-06
11531827.515400409698 6760 1.8427829646939553054 0.016868343810182279824 0.091305457731937017529 3.476330308507544764 1.701745148415798381 5.7425524998514898556 5.7511725018274946208 5.759729289363884952 4.55433e-09 5.99319e-06
11531827.515400409698 5747 1.1853596690023135984 0.28485738517057124231 0.14654062056912914302 1.4507784875868676711 2.0147586274063074008 0.87645886251033811032 0.67266217602689237776 0.49517595535274050444 2.03788e-09 4.58398e-06
11531827.515400409698 5262 1.4917765714436754809 0.14461095050255443062 0.16945552508547703785 2.3226589562771300379 2.0166512713706659099 2.7909126080747741483 2.7373248363496078817 2.6804427402345383236 5.08958e-09 6.21934e-06
11531827.515400409698 6225 1.7187202659316498377 0.13126293542549868909 0.094644271740213795074 5.7170370390113749437 3.0845660696169110437 4.2684274801675279321 4.3907964463382205267 4.515329958539019195 2.38341e-09 4.82966e-06
11531827.515400409698 5131 3.5470431707970648816 0.094151650030823194615 0.28118815711485056763 1.0355907630626195459 0.32269423529050011989 4.3971593410163958282 4.4881398829223488889 4.5799341039995233871 2.25296e-09 4.73989e-06
11531827.515400409698 6576 1.2205933490151636978 0.28587178813373315123 0.15482054441488304897 2.3737295706036189991 2.4780556673866191986 0.43633062636999514483 0.3274668576420602939 0.23551747444573470358 9.90665e-09 7.76531e-06
11531827.515400409698 6342 1.2938654685742239092 0.17586073390359885371 0.08197322205359977576 3.9455974937302018546 1.3869584461087520744 2.0920485069689673807 1.9315940062709160419 1.7670559735634263632 1.70662e-08 9.30885e-06
11531827.515400409698 5048 1.7239440354071056127 0.25019471483819771818 0.12442851527612333595 2.5200449832756328661 3.1356865242990314968 4.6162985328070123003 4.8711003048735586063 5.1181505157549036511 1.54672e-09 4.18139e-06
11531827.515400409698 6746 3.0215338793548829344 0.26497783868264473961 0.19590475282265673584 4.5330808140026732644 5.5109421077930447197 0.74197522454238085121 0.57652734779804237775 0.43208371627522823566 2.1751e-09 4.68464e-06
11531827.515400409698 5957 3.2105528483336147616 0.022518741085157886056 0.042858992268303877649 4.4376211656745647716 3.0718418182020883478 4.2265972473328972114 4.2466178186018801455 4.2667377619023465485 3.45473e-09 5.46581e-06
11531827.515400409698 6153 2.749834703533274638 0.61459703772183071901 0.64194498117877552001 1.2000574781934587598 4.7389185167405658561 3.13140895067668934 3.1207492660932119044 3.1079399094260780068 2.21408e-09 4.71246e-06
11531827.515400409698 5773 1.9250933576133359981 0.16000005054303245711 0.1009126914016418991 2.3955602460858695935 1.924843933235580673 1.572129584578689121 1.4114218444663255703 1.2534495151101772148 2.82024e-09 5.10833e-06
11531827.515400409698 5291 1.9710525325253416273 0.081911733351827054062 0.18383519944707232829 2.9473531810088795524 2.2242042859212114436 1.2599074529977456471 1.1827975652829008091 1.1069744903952274395 2.6037e-09 4.97409e-06
11531827.515400409698 5693 1.4044419039128057669 0.18696697021569355646 0.10936868930722361271 1.6682757977276181371 4.455202955535313869 6.0463228116210148144 6.0868627646916646512 6.1233332602943884027 5.43449e-09 6.35677e-06
11531827.515400409698 5467 2.8950038368942156985 0.047437634423910884918 0.17190935865190978826 0.85483198421614792206 0.60610125662159686222 2.1873681182786617327 2.1481098219347658507 2.1083603148563114793 2.43648e-09 4.86524e-06
11531827.515400409698 6366 1.7945044336304039057 0.019817370037637570962 0.12333090281388899012 6.1787416581023295592 4.5604544032696052724 3.0944590527795914348 3.0935159070871178777 3.0925635193977143444 1.97281e-09 4.53467e-06
11531827.515400409698 6102 1.8587048571673916442 0.10001751225982170868 0.15186503485166857885 2.7193166158159840506 1.9391891354278527615 2.90530157847332271 2.8806273250010305809 2.8548214750208447121 2.19362e-09 4.6979e-06
11531827.515400409698 4788 1.4442603072698299016 0.24629286079068923865 0.035643993155763081804 4.1184316143342520888 2.1182665950856733872 4.6486753481036009461 4.8990019715763057917 5.1410187617116980263 2.35845e-09 4.81274e-06
11531827.515400409698 5768 0.82958708478047182844 0.15732062491098908197 0.028586640184268239523 2.5566350798076311612 3.3124205723488766573 5.4666189833705347567 5.5759518264119209974 5.6781682683558623026 2.35407e-09 4.80976e-06
11531827.515400409698 3541 1.7031697623029027344 0.049635579937022264452 0.12929844548753216538 0.084426621509974583701 3.2331231777153495166 0.5915445193543407143 0.56440952433352986617 0.53785860814114472284 1.91401e-09 4.48916e-06
11531827.515400409698 6752 1.7869282529895289535 0.14696772741845609556 0.11859227810307414186 3.7228558660658395141 0.6400949085825967666 4.4563495369067629426 4.6017713847313927999 4.7478408615369298573 2.54013e-09 4.93327e-06
11531827.515400409698 884 0.88756702935218356743 0.020097882459628738788 0.068806543337314104991 3.2046160806807639787 2.8920447506572126706 2.9421308549437910074 2.938108604938671764 2.9340471702303410062 2.12252e-09 4.64659e-06
11531827.515400409698 5647 1.7988291675399241676 0.24775146418831578421 0.16320969832957879508 2.9568966793547009075 3.3766435614888887784 6.0307455538429985964 6.0867634372243326624 6.135114925347347814 2.57441e-09 4.95537e-06
11531827.515400409698 5528 1.4587628579922402583 0.20880342792433073673 0.068680272432917466308 3.4375255284617556306 5.2178580884709617749 3.9585362074223779949 4.1240712907737249182 4.2977697415049664897 5.0086e-09 6.18618e-06
11531827.515400409698 6950 1.8032388243579968723 0.14153364240150057007 0.054348715893866944571 3.087090990089578213 3.1905723600160738052 2.281599950150419609 2.1686719870099442353 2.0516897263947435626 3.07555e-09 5.25804e-06
11531827.515400409698 5170 1.5969680931111815969 0.20380827173215121384 0.09779800827117560158 6.0271061668259005017 6.2386966075794116904 4.5245327218652633405 4.7301197110730432982 4.9338959471434424842 2.19546e-09 4.69921e-06
11531827.515400409698 5780 2.0900869294945709775 0.30739092685275209993 0.14786220603326472034 3.807351720481878754 4.4451680278931178236 3.1942077799215491396 3.2138663665814721782 3.2360633141681400815 1.95079e-09 4.51773e-06
11531827.515400409698 5516 2.6377400758196554165 0.22884268124446935366 0.12198117158897331391 5.9694977896964571684 4.737954408498304737 2.1918607519310788767 1.9902871586424444317 1.7812859524091544383 1.64805e-09 4.27078e-06
11531827.515400409698 5423 1.9079167107549628302 0.12757076862758412461 0.0097537062963329382304 0.042907309537350210582 0.085960384737402861788 4.645006331246328557 4.7731874386466719429 4.9005225002492949216 2.52578e-09 4.92397e-06
11531827.515400409698 6335 3.1366862329314986191 0.0034218228159226915346 0.20851421722598406649 4.3956527598001695623 1.6644059425566404276 3.422717501170338128 3.4236684055241761726 3.42462086978332092 2.80706e-09 5.10036e-06
11531827.515400409698 6792 1.9760214589033398003 0.25458067728958594378 0.15634555887325990442 2.4227669223457679593 0.70154488426177508131 2.6977666388090790761 2.5720741542449654382 2.4347974785762209748 4.30438e-09 5.88148e-06
11531827.515400409698 2451 1.118904913332495088 0.13673323156571118298 0.090975883679650454416 1.6312545981829176256 1.8458163711207242752 3.0307660693403413177 3.0144591413211272446 2.9971225552339069154 2.57625e-08 1.06786e-05
11531827.515400409698 5190 2.7720405861428996097 0.31336916288369615069 0.20441706327258554743 3.6948384913405858399 3.0133863555178761473 3.5901507836101225202 3.7528102317119689246 3.9326418328605239338 2.78537e-09 5.08719e-06
11531827.515400409698 5316 3.4773779961006239247 0.096575917521779408581 0.1780014379154779558 3.5984062061659565224 3.9464514023725958403 1.8287623442493898818 1.7340639206033552355 1.6387723249973600304 2.96988e-09 5.19713e-06
11531827.515400409698 6073 3.2420808633817497224 0.074515405300625323082 0.26563872431391760687 0.80997903742974408647 5.0967085965014007343 5.4284651757365391944 5.483397388824966967 5.5368404571813449877 2.87152e-09 5.1391e-06
11531827.515400409698 4994 1.1444045614025706303 0.4299242368897551736 0.12543226836672791147 5.7092284064427882839 1.7394551777902704792 4.3210275614094184604 4.7704078939346015176 5.1996087295201274259 2.5994e-09 4.97135e-06
11531827.515400409698 5899 1.8449240578990255823 0.27717536213773441567 0.14668910804460905117 4.6657076649632367449 4.3556584212181643778 2.4222216022372702326 2.2145234452311846063 1.9928207477667514436 7.73132e-09 7.14937e-06
11531827.515400409698 6108 3.14458244909859852 0.21425150284359720243 0.18053258170297645235 2.3775983492402650299 6.2076396909863111873 3.3504419974722656761 3.4007054493404544893 3.4556016261937583245 3.24647e-09 5.3537e-06
11531827.515400409698 6832 1.611908497829124709 0.14438468824074021657 0.057180471325541305794 5.9779674791623698127 0.024921997293823116432 5.962418087677566092 6.0052263506906093937 6.044844573290091283 7.86044e-09 7.18895e-06
11531827.515400409698 5288 3.1551209907714063974 0.28834675245512181307 0.19289282894460982321 2.3910291668817889033 5.6280620235508136417 2.9437635891814117883 2.8761133751235781197 2.8004593226646146142 2.94866e-09 5.18471e-06
11531827.515400409698 5895 1.4162399629866675443 0.24678859456708035491 0.026662430599958628769 2.7324796277209437712 3.0635732953915977284 4.0617015014389590277 4.2767011887320238728 4.5004347891582217045 3.55807e-09 5.51978e-06
11531827.515400409698 5778 17.50227498336614218 0.39242206308011012839 0.54363358199123956727 1.4417866849420741815 0.38690025369145558676 2.6251766432332570567 2.3808992649928040208 2.1103541266166114809 2.56945e-09 4.95218e-06
11531827.515400409698 6029 1.9073735323929075225 0.024410209428620606442 0.12168199327800854892 5.2306499620518795979 6.0204253641638842964 0.035771042061726411598 0.034908442557250882188 0.034056493219024326635 8.02494e-09 7.23876e-06
11531827.515400409698 6295 3.2459539694618153582 0.052551171365333423924 0.26339420286467424281 4.9907106988583613827 3.1475947321893826825 3.8466177150631946091 3.8813900896614614844 3.9168168475511628834 2.30061e-09 4.77307e-06
11531827.515400409698 6085 2.2730225589169288369 0.4696202767538609768 0.16474170379202315861 3.1428086361267459914 2.7631544430243932808 2.210990143628956961 1.7492762436615685306 1.2871160278352351547 4.93102e-09 6.15407e-06
11531827.515400409698 5668 1.6367962729791845078 0.11337207422957190639 0.099891185243783625625 2.1817195327050438181 2.6397716751848490091 1.3400648671859876071 1.2308704416789004732 1.1239855879072229161 5.17696e-09 6.25473e-06
11531827.515400409698 6343 1.2829899752387943224 0.10835444438932981259 0.096955326757176440999 4.199368769487163533 1.3336699401354841221 2.7263022767038829208 2.6801712002372215515 2.6319294877012957556 3.59373e-09 5.53816e-06
11531827.515400409698 1147 1.3933366759325023221 0.058868336897840815858 0.044158917340142621322 3.5253967043630538569 2.4235468680548351017 1.6892818604843435892 1.6305879312772011414 1.5718247912443936709 7.2768e-09 7.00643e-06
11531827.515400409698 5076 1.3585679246748876281 0.080357636046528665985 0.077150249060626174824 1.7058963622177980568 1.1042921133660765776 0.12042030240611358016 0.11112287221324462783 0.10221166704172723882 1.5547e-08 9.02399e-06
11531827.515400409698 1969 1.7689755656263566053 0.033841162480003267321 0.051467803666764455617 5.9669077578940887818 2.1793789759058648237 6.1247294757704802137 6.1299831051668034476 6.135147388579706984 2.21709e-08 1.01573e-05
11531827.515400409698 5111 1.7797555824265507418 0.050237203497468810309 0.082797932559253994977 4.0196145460392767035 4.9122584395524926393 4.3496294663252026425 4.397041026947034581 4.4448009595715403108 4.25901e-09 5.86075e-06
11531827.515400409698 6078 1.4706799268104921996 0.23798297375297669531 0.088176834550814112146 0.85830615701470946988 0.82719937996261694302 2.0205298010871404202 1.792042733832120982 1.5598606692151164577 7.75695e-09 7.15727e-06
11531827.515400409698 5276 1.7746650636939660384 0.19932303984712948508 0.088479989473791056942 2.3591190044009753279 0.096561643081964798618 5.2212915986027903514 5.3885087199440233618 5.5439820343825347848 1.69322e-09 4.30944e-06
11531827.515400409698 2850 1.7674358369044989026 0.28615694643902112038 0.084006388533831452547 5.0684047128901141832 3.9728618060703060344 3.0259748079384714003 2.9865385275873062021 2.9423462870001078073 2.86233e-09 5.13362e-06
11531827.515400409698 6960 2.9901517542062387989 0.14251128584063660343 0.038754515518312694644 2.2770586863199060446 5.8054505029453835618 2.4350036092714866243 2.3367258190510349358 2.2340124717293701195 2.28045e-09 4.75909e-06
11531827.515400409698 5258 2.9886552733954077077 0.14156746126242175654 0.24017357701265476533 2.5460458051034113858 3.9044532155521225469 2.9313510600109338178 2.8994391768621121663 2.8654921734955483004 3.58569e-09 5.53402e-06
11531827.515400409698 6045 1.9256172273085419011 0.19980485698734390398 0.11372690187819733953 1.9457056294975374477 4.1566459614791853028 5.1721351977204328421 5.3448337487059740525 5.505993303835619912 2.95219e-09 5.18678e-06
11531827.515400409698 1410 1.5143949648465582225 0.10985249155942872212 0.06303982851906492213 5.6368344517652788639 3.2576554690557260052 2.3916973213700263301 2.3134838926607117493 2.2325606482163280475 1.96181e-08 9.75145e-06
11531827.515400409698 5063 3.5031947992274226067 0.098449355452121092847 0.38469784180350530267 3.488712239275099769 2.6870890460181637849 0.43029028397301988251 0.39089568930909923683 0.35338484140134551748 2.23728e-09 4.72886e-06
11531827.515400409698 5955 1.3491542382587426996 0.092516525511811137372 0.063305474381648296767 6.0505169297531358197 1.3765932554023259105 5.3014123765728191628 5.3765327649341445593 5.4493844248397582675 2.24745e-09 4.73602e-06
11531827.515400409698 5999 1.4659798810044530892 0.18264006295436516214 0.15162792879944864133 5.6328726210847772649 0.53266617105852054337 3.3325255518794225651 3.3709501108991033469 3.4124736678796820932 2.29222e-09 4.76726e-06
11531827.515400409698 4105 1.7543758266458753248 0.040942917963886472921 0.069048336445261940253 2.5679851443770247421 2.4322801645071865373 3.4910314868214054052 3.5053299142123526266 3.5198961538369699653 1.26705e-08 8.4291e-06
11531827.515400409698 5278 3.1486038816277166497 0.079283798036798303066 0.24215292098763258055 2.9993867885788261241 3.0457429917167266886 4.2274926659674232354 4.2990416406789719872 4.3716482687544724328 3.13887e-09 5.29389e-06
11531827.515400409698 3487 1.2764164770874657506 0.19559436873465807505 0.055982368042345631576 0.73458911864076181786 4.9211140727366275982 5.8208919722454499635 5.9017807243491819946 5.9745857384006546553 7.96126e-09 7.21956e-06
11531827.515400409698 3069 1.4373225018209343506 0.19685664694266361008 0.034571605580822457882 2.384828877742843023 4.5177104261471132673 4.1234566361842288629 4.2979836532875062005 4.4781775514023056672 4.38223e-09 5.91673e-06
11531827.515400409698 3113 1.7851999509009928158 0.088414175599462782595 0.15100785716516490487 3.2153731292396585673 3.9746641845129331294 1.669298530252504964 1.580812397511366596 1.4924026568038160079 1.79427e-09 4.39353e-06
11531827.515400409698 5489 3.2213015227243806393 0.02754623424677320187 0.32594133025683363902 0.53404920263343536035 2.5696246548755885541 3.5032173460075979321 3.5130920504577565211 3.5230916903136919593 1.80848e-09 4.40509e-06
11531827.515400409698 6937 1.5581948064561721434 0.069551090071674259718 0.043203412671213796414 5.2471676370907420761 5.0426585835206410025 3.2874503097457403733 3.2979321780640287187 3.3087615210714456104 5.15552e-09 6.24608e-06
11531827.515400409698 5757 1.8127292821278055968 0.19932371130975271023 0.1993390903510629808 6.1092159947228754646 2.4759269882248111649 4.3179411129161140437 4.5107052508123839374 4.705988806702682048 2.94097e-09 5.18021e-06
11531827.515400409698 5435 1.8550065642830786405 0.10969003052345235871 0.12381642206903346881 3.4202801587078410783 2.4029190295314490911 5.0819819644106916101 5.1824909554945230994 5.2802820419031366583 7.17242e-09 6.97277e-06
11531827.515400409698 6255 3.2388738200056392813 0.15661020419763424516 0.21496491138936477117 5.8490020612799105137 1.1939957907060383402 5.0915909175492899408 5.2335910039845625619 5.3694067074887268376 2.45838e-09 4.87977e-06
11531827.515400409698 5436 0.9694651746413697202 0.29475432342784557704 0.039509433220387864261 4.6616966093579836894 2.5859151662932662319 2.9969854994974070017 2.9459414626082907063 2.8886396471941311326 2.73828e-09 5.05836e-06
11531827.515400409698 5784 1.3960835036076948423 0.21545708122132262163 0.094888864424897592653 4.7500362679249796827 4.6878087642204793184 4.086421157234461532 4.2745981111349564685 4.4697355235176354782 2.79482e-09 5.09293e-06
11531827.515400409698 5004 1.8169044864465158096 0.43629475732780148567 0.27036009241613145893 1.4653849812852397516 5.4260966163318711253 3.3895950881312302272 3.534374468319721796 3.7013705913496797173 2.5143e-09 4.9165e-06
11531827.515400409698 5406 1.8568942463762632133 0.18203749761636875415 0.12881245666377480474 2.2378937381487360447 4.8431260477095339212 4.2736456934979702993 4.4461436056277108264 4.6217671171177308054 4.61584e-09 6.02005e-06
11531827.515400409698 6756 3.2293375726408455328 0.045195965246269530213 0.31356649896714205994 5.5160265242217310089 1.4339058476028445632 2.3073353560314773247 2.2733238490680531818 2.238829769930236413 2.22448e-09 4.71983e-06
11531827.515400409698 6230 2.0724503712524731114 0.16302573687354399157 0.14402031524879449487 0.54746982260938137355 4.3983893335230650479 3.5499146061483872749 3.6203619319253665942 3.6954657992760435725 3.21494e-09 5.33631e-06
11531827.515400409698 3770 1.6920164684092602325 0.19542363309077878664 0.047114332108993475789 2.7150298950893394512 2.0148450801073432004 3.7447163832705063768 3.8663918886874291125 3.9959548567314762124 1.55823e-09 4.19174e-06
11531827.515400409698 5300 1.6529199929235547373 0.2148040617296284871 0.072490707971397033704 3.890759620790614548 4.3792270956689822725 2.0810452987309044914 1.8814243133621451065 1.6769003853630319867 2.06634e-09 4.60522e-06
11531827.515400409698 6634 1.917004350728750417 0.1896810903919814717 0.13493805152475338294 0.62972051572499221361 4.6505659739127445107 0.0079972778556912857417 0.0066001777380083302693 0.0053482579173556579408 2.7181e-09 5.0459e-06
11531827.515400409698 6217 1.4556964684524653642 0.091016419419935726265 0.074368730811325833852 3.6507903813451094699 6.1670169257663971507 0.3953491252315513016 0.36164481339040926988 0.32944200900064918303 1.48722e-08 8.8915e-06
11531827.515400409698 6836 2.1128337708102975512 0.13627716386921068237 0.099118998785447318123 2.4778809241446335676 4.6536872423201973703 1.9681035628454517372 1.8385986845912993815 1.7071791544571790489 4.61039e-09 6.01768e-06
11531827.515400409698 5086 1.9977638258843410934 0.1201904637451338409 0.1235004038093503731 3.1544430420066644771 4.2855849086296915473 3.527630495582993575 3.5757280348363305045 3.6262832865199530197 2.82e-09 5.10818e-06
11531827.515400409698 5068 1.819639658542651528 0.15779856869080549631 0.077166575629156047844 5.6608017990028782762 2.9136421939506602641 1.307514357240615821 1.1575783786499111994 1.0130611833248752696 4.16264e-09 5.81621e-06
11531827.515400409698 6279 2.0275075619563374119 0.068815143451927754392 0.043727147098448826412 3.7383351662240369429 0.45280757844502095288 5.2656008315595981273 5.3231630207397904186 5.3795366855888353541 1.20562e-09 3.84817e-06
11531827.515400409698 6761 1.6964179552040592469 0.23348946225215630457 0.13166995757766569719 5.4300553267100752919 3.9967829415277851268 4.7944769489362997206 5.0271179032792030483 5.249138439760825392 4.88068e-09 6.13306e-06
11531827.515400409698 6842 3.1138125468156272468 0.10208812721260279721 0.095076181033830253764 0.1769845168627587062 6.269869629795146615 4.1771367600581408297 4.2674751070727587887 4.3596247239696088727 3.94698e-09 5.71398e-06
11531827.515400409698 5358 1.6976139782476269424 0.16021315584423079237 0.10890143194527403259 1.0362375682131190757 5.3649066802658262887 3.2283738837089810403 3.2435705942374397637 3.2598804984566824849 4.52702e-09 5.98119e-06
11531827.515400409698 5669 1.3113496312209209638 0.07899934939267878875 0.10119639986363163087 5.2309498589191010254 5.4294606839802757037 2.8069173022342650548 2.7799211903986527084 2.7519682140619661226 5.45549e-09 6.36495e-06
11531827.515400409698 6977 2.7997405177288832157 0.22906129886211296087 0.12117505813415808957 0.06988212249159540812 2.7106461800485770475 4.9699009799121522946 5.1870902381933632341 5.3908240707820347382 5.37795e-09 6.33465e-06
11531827.515400409698 6443 3.1919793758200096789 0.22957757134644421471 0.30379282196610551958 0.39646306274096126954 5.6511302533129699199 3.0392022491648469362 3.0123080195878064735 2.9827097817442793648 1.88164e-09 4.46371e-06
11531827.515400409698 5298 1.8594908543512813637 0.17511745576365961297 0.10708012102079796091 0.70275765318440430729 2.0039390381896300397 2.4825626227384094413 2.3665204271418076587 2.2439788925126720187 2.48769e-09 4.89909e-06
11531827.515400409698 5399 1.4556154025584067124 0.092170698960994140725 0.04899008218212786564 3.8019808485193866687 4.4833234601643257022 6.2010926891480497858 6.208333532572486213 6.2152262323573452818 2.19916e-09 4.70186e-06
11531827.515400409698 6367 1.5317727905157740853 0.22758094473081175169 0.12084912598904648529 4.5208876921047842501 5.8881909846333355674 1.0005920006411492817 0.81835003355381563672 0.65221157596083034758 1.45694e-09 4.09887e-06
11531827.515400409698 6202 1.8887359611932283965 0.12442855349420721411 0.090367503750081693004 3.0879857819156315557 5.4077021919566039543 4.7698219443177602983 4.8939248946193592005 5.0163087831707402486 4.75227e-09 6.07879e-06
11531827.515400409698 6269 2.0755682850287859864 0.14075233459201064168 0.056593966299257440766 2.6786913591639280874 0.061593318467171039032 3.9116298179894575249 4.0152810907072318258 4.1231962060926683478 6.27461e-09 6.66877e-06
11531827.515400409698 4189 1.077741815655293367 0.030421727340917806975 0.028906126944921960858 2.1787351512683383881 5.2325399233601110893 4.9442563784211497335 4.9737655238353042364 5.0031539826861575193 1.09034e-06 3.72138e-05
11531827.515400409698 4755 1.4369032850075376118 0.059056408604119321748 0.033560916421582182023 1.3534259899109191139 0.31129856453704290997 3.9893345133686195503 4.0345292339605745013 4.080529257651824615 1.97823e-07 2.10673e-05
11531827.515400409698 3337 1.4526239872640640538 0.064474718466246430659 0.1473170031655091361 1.5551131938899485085 4.692836177060201841 5.4699692013833960402 5.5158336393974103373 5.5605940220809317864 1.23471e-09 3.87886e-06
11531827.515400409698 6722 1.6036435321316311331 0.16341073980840259416 0.13135526530243837873 5.7126053319526173269 2.0794093101657238343 6.2734780712158189075 6.2749536712749556244 6.2762987937969656471 1.78527e-09 4.38616e-06
11531827.515400409698 5374 2.0245479685963561067 0.30499330862932400033 0.13564690414996552481 1.3013207893949199079 5.8995513083434953927 1.165740466916695528 0.89687018095931148043 0.65855525686439375654 1.21754e-09 3.8608e-06
11531827.515400409698 5438 1.0754743051697264189 0.21154091423715362663 0.17907735087904755322 4.5139972030425532523 3.8332323172899420705 4.8203450861182739473 5.0298675879898766539 5.230836860461798743 2.41055e-09 4.84792e-06
11531827.515400409698 6253 2.0144202485966555827 0.19994717123716113094 0.07541272204086983677 2.1561704410128852416 4.3543691699767883563 1.5604616335696348539 1.3593767700525059006 1.1638816207841546913 7.30442e-09 7.01529e-06
11531827.515400409698 5177 1.7033820261364922555 0.28296556226898961217 0.14359341419988211341 0.39795519239259780075 2.4450203810247370662 2.9405111815371416384 2.8733295997095651408 2.7983275918466876675 2.10151e-09 4.63121e-06
11531827.515400409698 6001 1.7929743378166402845 0.11552023168602523762 0.19194470985913128502 1.0292363736017333675 5.9930907921469946942 0.66382020709150735271 0.59554973332374350203 0.53074705009241807119 1.89847e-09 4.47697e-06
11531827.515400409698 5626 1.5316375008073148667 0.019971372370047840716 0.0491824712014379134 3.9654264412517044036 2.5681739526071312163 2.1192696617999446929 2.102137170377357922 2.0849192819921515962 5.23731e-09 6.27894e-06
11531827.515400409698 5630 1.8776423772003858481 0.090687877799685789881 0.2035441907000230255 0.91347490570604905624 3.4733767688078689417 3.6991674503397806717 3.7491700474315456937 3.8009419518723244202 2.87655e-09 5.1421e-06
11531827.515400409698 5678 1.943528655397633198 0.18964071812845406662 0.053987876083451097342 0.046521127604407942757 1.7056235477779850829 2.1586046186775411648 1.9908191929411154231 1.8176621188234241 1.85255e-09 4.44058e-06
11531827.515400409698 6069 1.5457768926523391961 0.20039720157382479027 0.21218927102296442078 1.5407847783636068328 0.40121051275190999785 2.4022332134577433216 2.2550572674232625126 2.0997721976242122999 2.30644e-09 4.7771e-06
11531827.515400409698 5564 1.6229408764216337602 0.16832433282487099802 0.080393871091820182095 1.1506964767426999252 5.9845675230445554149 6.129298734000994564 6.1532752241276558181 6.1750807971094694437 5.64605e-09 6.43821e-06
11531827.515400409698 5077 3.0952031873023302389 0.061106022467791724917 0.28434982654125529056 4.0154323596140439889 2.8543874092420318256 1.5599163336846677552 1.4987961593596474952 1.4378484560268309789 2.69841e-09 5.03369e-06
11531827.515400409698 6591 1.7760568530474947213 0.017022515163229619273 0.077033286585066973462 4.4083800264326047369 4.3360827310332208384 1.1700983818767998201 1.1544752917842340256 1.1389067906007801501 2.63066e-09 4.9912e-06
11531827.515400409698 6465 1.9532734136110538881 0.014764800821768786498 0.15955319844003029717 0.11298933969951135969 4.0847694405480030611 0.3084543333444021429 0.30400301761197656703 0.29958329175522685484 2.98606e-09 5.20654e-06
11531827.515400409698 5694 3.1464958111118686013 0.069389804817396927294 0.28034751480871256124 1.8396796855963901685 5.1674642622271971248 4.6055500271348606134 4.6748565039420926226 4.7441974402459647919 1.21025e-09 3.85309e-06
11531827.515400409698 5553 1.0795103276134889736 0.20663298599297810765 0.22784876431969844357 0.80841742088242674047 0.86563151605791133214 4.0071481381904305863 4.1773448422562937665 4.3551000677554876361 5.50583e-09 6.38446e-06
11531827.515400409698 5820 3.0750925907308386265 0.080050602640557660949 0.036662716946629814174 1.4207223893220004562 2.1176988849955429295 5.28766199881483967 5.3534761299986275418 5.417632368742480331 3.12834e-09 5.28796e-06
11531827.515400409698 5026 1.5156346891473460037 0.10715357347750505135 0.12168136189356536236 1.8723818405451759794 3.7910704159455574924 5.7113802678586598205 5.7670055465840697195 5.8198923975116629848 2.52074e-09 4.92069e-06
11531827.515400409698 5667 1.783273735975798191 0.017952776101488199939 0.17677331808557847359 1.8231909461336615053 5.9153047930662081555 1.5630225369223909038 1.5450705914856099898 1.5271237557509020899 3.20823e-09 5.3326e-06
11531827.515400409698 6492 2.6704017525454917248 0.45920716021363677806 0.095087355389662342464 5.7094191913705190089 0.7515615918180553745 4.3992664756923502978 4.8893951642412405434 5.34142733406174397 4.60217e-09 6.01411e-06
11531827.515400409698 5363 1.7875552869132693701 0.17807479402342288322 0.089279282215228003561 1.4664120017591311118 4.132640256224745734 4.3410189329947321824 4.5134941863105444426 4.6880583336668326666 1.92803e-09 4.50009e-06
11531827.515400409698 6622 2.8990270124136463537 0.23110358007008413583 0.2803233857203984436 0.72645226864069456507 4.7510101347141295847 1.8871881429372774353 1.6571403958032173698 1.4268977537129412525 2.90674e-09 5.16003e-06
11531827.515400409698 6538 1.4401258649984252092 0.32219168844446743893 0.15576694873654672868 0.5469241073080728377 4.1640817779613961136 2.733146722673084561 2.5784345066215501596 2.4064294771570962084 4.1002e-09 5.78698e-06
11531827.515400409698 5688 1.9018603492122430065 0.15861871222928533576 0.19399014107789319672 6.1736080577173204631 1.060079879677785053 3.5216607490460751784 3.5855994661506835897 3.6537359115599392645 3.26046e-09 5.36138e-06
11531827.515400409698 6373 1.4837125897687808429 0.095030507878061915017 0.12615422141703630521 3.5711571102229497932 0.024586337521402393258 3.5709785252901480312 3.6124193469322070094 3.6555273885031667191 6.95589e-09 6.90188e-06
11531827.515400409698 5080 3.2311897543763388185 0.14501327236948285959 0.24055618874877807145 5.1243066717103280538 1.8867158030222830334 5.9362121183766367594 5.982597781638556711 6.0255335201715585214 2.57476e-09 4.95559e-06
11531827.515400409698 2445 1.2583346798259005261 0.21136997635702908793 0.18073644264253990732 3.0680525420163280437 1.3016697445530147625 3.2398487789403427328 3.2633161126154317522 3.2889813090504542714 4.17305e-09 5.82105e-06
11531827.515400409698 5806 1.4021944179384042695 0.34175147259143562328 0.022546980812105033715 1.7787257666551472557 1.3690792760784982196 2.815844527246725626 2.6806969478532427509 2.5287027999279008128 2.32886e-09 4.79253e-06
11531827.515400409698 5776 1.8633299590141834123 0.24436783974196815694 0.10020504059618864923 5.32804889785556135 4.9954419779768652887 1.9336610213347520393 1.6921834055226976368 1.4496137146210359425 1.75506e-09 4.36128e-06
11531827.515400409698 5107 1.1942595227581080941 0.25783763817112820282 0.14248482203188858608 4.5859970956746840542 2.5420369713227346509 5.4644619393548836683 5.6397939309553901666 5.7944738783775520119 4.08288e-09 5.77882e-06
11531827.515400409698 5018 1.727419667983939755 0.18440695351279412506 0.12018892760764503247 3.7048308185446177099 3.7388448888379763879 3.8289876228437424999 3.9559803133713011825 4.0901005007299042759 1.65949e-09 4.28064e-06
11531827.515400409698 5713 3.0804033724609101164 0.11856741797422383489 0.21898957517780132109 0.68845569760712910234 2.1511918728250192245 2.3893791823655883277 2.3044394929032114838 2.2163747353213172353 1.49134e-09 4.13088e-06
11531827.515400409698 5209 1.6423747096810485946 0.077925881216267978147 0.040740629587988970439 0.70935545636584618201 2.7370739620003989856 5.7654310663687118321 5.8027865188632858917 5.8387986293755851364 4.75685e-09 6.08074e-06
11531827.515400409698 6615 1.4239448329604946775 0.10006960496527324278 0.037145883536308425821 4.2401432452180420896 4.7025881767670432154 4.9458886007184785782 5.042293023493219728 5.1369662182351527591 4.67657e-09 6.04634e-06
11531827.515400409698 6617 2.7405201721863976516 0.17651321304793424205 0.0047350045097714413278 6.2440364748728773847 4.7880512402835364583 2.3466494468450438404 2.2114223625286535402 2.0699078831057771133 3.93262e-09 5.70704e-06
11531827.515400409698 5885 3.484795658299910226 0.07406768860037736546 0.24091884732432172767 2.7100610394090236532 3.0913551195858897103 3.9515866696220394161 4.0067021249911540792 4.0630799509997714836 2.25928e-09 4.74432e-06
11531827.515400409698 3982 1.3483941423056124975 0.04282959269103486788 0.13446697964034770578 5.1948184990777486192 4.6134445559062511322 5.518513874525987184 5.5477246940237714412 5.5764603004598018998 1.70782e-09 4.32179e-06
11531827.515400409698 1298 1.4657948632555113377 0.066053731782563115948 0.081737664701958409608 4.4596096485851184354 3.4472304994496147934 6.1321013776111001903 6.1417388877509253575 6.1510508281663724972 2.27299e-09 4.75389e-06
11531827.515400409698 5047 1.8382927820486785198 0.19528023572888925097 0.1054487852157953709 0.42776043197491109282 1.5487858455650482803 5.645419402029793865 5.7540960035772563685 5.8526631902214338865 2.89941e-09 5.15569e-06
11531827.515400409698 4963 1.5153304236772746627 0.13310844829982190762 0.044427526385333523939 5.1699053837296933267 2.8879397132868152021 0.09106138312315589789 0.079662032379189104403 0.069069554541288533112 2.1769e-09 4.68593e-06
11531827.515400409698 5188 3.2287663558446255685 0.41104934467055948 0.31352460813357418967 1.625343087699212985 4.7664738165301354655 2.8688822026780336216 2.7230579336285121173 2.5559984020116410797 2.40354e-09 4.84322e-06
11531827.515400409698 4858 1.2217504712988351834 0.10286905656989681068 0.075374093026372351867 6.1263671332362594768 1.0236017642913468606 1.5708324946918230669 1.467780949430636861 1.3654572421803137239 4.88084e-09 6.13312e-06
11531827.515400409698 1267 1.4861523425185563241 0.20001985475081196508 0.17832230317149810883 2.4088869142232063325 2.6689792183807830028 0.28563205838008171034 0.23374133610096672897 0.18741299082795870312 2.48068e-09 4.89449e-06
11531827.515400409698 693 1.3000633095086158164 0.33149638940849485147 0.27635967181122400582 1.8433345354916661485 5.9987255799016150348 3.4113666560719875243 3.5200661828855031033 3.6425549137425554669 7.32683e-09 7.02245e-06
11531827.515400409698 5830 1.9029453488875736067 0.16691074968289590363 0.10909174931527969299 1.9376931619212143243 2.4140148937225314185 2.4350793012498708201 2.3186373928999706173 2.1962653120354729275 2.51554e-09 4.91731e-06
11531827.515400409698 6023 1.6520311709040251813 0.19443228358602043793 0.043018178936224400755 4.8997030491318893652 5.3413240335284779547 4.1548651447191984332 4.3301181643687023382 4.5105163159611540991 3.26695e-09 5.36493e-06
11531827.515400409698 5740 1.9104734668864440383 0.32787731552118287714 0.097467126499650183491 5.7182717562245448661 1.9861129999149349512 3.3462650905766135878 3.4283037299125562747 3.521027137436557819 3.09097e-09 5.26682e-06
11531827.515400409698 6155 2.0674419042667224744 0.082546410022700703046 0.079507072738219025654 0.1791566063405358733 2.2686916412183122382 3.250107380214492192 3.2594463655460681473 3.2691522615775707727 3.03729e-09 5.23615e-06
11531827.515400409698 5191 1.8841675077464334898 0.088737569864941967523 0.11774305169151624839 5.5060415750114950484 4.3311237282804428972 3.9745655807758657474 4.0423574493669232055 4.1119101416600738474 2.79475e-09 5.09289e-06
11531827.515400409698 6978 1.8651731451383670723 0.23403744914277072042 0.10349682795603415419 4.3286839268277272907 0.14720544844448332777 2.2319994415289738932 2.0306440356600146124 1.8209183741506544951 2.46129e-09 4.8817e-06
11531827.515400409698 5211 3.2292263550181776743 0.015713928344015293953 0.30994694481497514493 0.4740811328622986931 1.6823956822710084413 5.3464282068527912983 5.3590299511612586869 5.3715714281776634209 2.07199e-09 4.60942e-06
11531827.515400409698 5231 3.15317891802589223 0.02724407934936024997 0.18132699248448025386 3.506723232864139117 0.032011456761046629127 4.2788890297632367066 4.3037587072705258961 4.3287596711803262295 1.89135e-09 4.47137e-06
11531827.515400409698 5962 2.8820592254336503402 0.072613154046525144047 0.12602903864803774447 3.1442448189755065613 0.016303859527153883452 4.2940468930980335571 4.3614562537405223708 4.429643815718653066 2.88829e-09 5.14909e-06
11531827.515400409698 5989 2.6992557056982189323 0.33527574009951233158 0.063329632707195840369 2.796432948451358147 3.8969518182139051277 3.3072326202308883758 3.3758172689177481374 3.4536310274829369327 1.60714e-09 4.23514e-06
11531827.515400409698 5869 1.5842242733436009416 0.19788993901082321814 0.15613051154543139409 4.2521346043818954996 3.5026669302428441455 0.80050096665425563014 0.66658909704725854972 0.5442319983635584002 2.00715e-09 4.56082e-06
11531827.515400409698 5060 1.8559561053066420122 0.026646928582902726368 0.18687436061789802766 0.77587662843740512475 1.9630845509549248451 0.43227751825377658257 0.42124567313179783756 0.41034980940545118244 2.03606e-09 4.58262e-06
11531827.515400409698 6888 1.6314073871440979424 0.19411138555505305647 0.094471394698154395608 5.1866706308497079192 0.61451137278740108894 1.8687595683552460368 1.676465768856361338 1.4834371021387924294 2.28028e-09 4.75897e-06
11531827.515400409698 5027 1.8525316420192248223 0.11871174912609371022 0.17002172107591831396 2.209561341025143566 4.1424299031135811688 3.0701246946994342757 3.0610804509262572459 3.0515330290678615022 1.92434e-09 4.49722e-06
11531827.515400409698 6690 2.8310711004690629622 0.15727950632546308651 0.18786066988221752916 6.1560510994659249917 6.1452370188163722986 1.5592244179995111697 1.4014435616936098405 1.2464140863624384448 2.63564e-09 4.99435e-06
11531827.515400409698 6526 1.6770275863388128812 0.18596007788943474948 0.17143026448634027248 3.747544282307983643 4.2462710052663963367 2.9593858773564032383 2.921943487032832909 2.8814251603626646059 1.74858e-09 4.35591e-06
11531827.515400409698 5245 1.5266588998386949605 0.2119186324811460076 0.038790212202293353205 2.5481514716980822044 4.9437138446766066835 3.2343609424021719789 3.2565888291270947974 3.2809049852914990986 2.53784e-09 4.93179e-06
11531827.515400409698 6159 2.0379665744895603119 0.20991864756403866288 0.11382246961344112679 1.3234524512216740977 3.0731459759974679713 0.54584344757533598269 0.44489059685850512738 0.35455019047264779708 4.4573e-09 5.95033e-06
11531827.515400409698 6127 3.0182385160185649653 0.40557279353742214933 0.26774849128099587059 3.5869162851905276312 2.6847167842498520507 5.3526434095914199318 5.6520502519519473239 5.891363156687882352 3.18976e-09 5.32234e-06
11531827.515400409698 4750 1.7612156956369910965 0.21160876105401937863 0.11368351922128125397 1.4490900914502666819 2.5471060584481386435 4.4044688946130383655 4.6144960355025190779 4.8250916795943874504 3.28876e-09 5.37685e-06
11531827.515400409698 1127 1.5738597832461573844 0.097311656419100792115 0.061901939245825432501 0.17337440392145894719 0.46601298137732227733 3.1739642620302950249 3.1772831165479407112 3.1807554773197086462 1.29908e-08 8.49954e-06
11531827.515400409698 6775 1.4557227567217378983 0.17924964072142979266 0.045252751577038015374 6.1831571135223661884 4.3053555594937833462 5.9807555789453523687 6.0302951786214515906 6.0751440129658478284 4.4281e-09 5.93731e-06
11531827.515400409698 6840 2.6811020786893320356 0.19853106906773437812 0.36940991358181751725 1.5422852036404144371 0.078744951388378128798 0.1276638233468538608 0.10444361850120272017 0.083745993110238572954 3.2421e-09 5.3513e-06
11531827.515400409698 6263 3.4552968764653391176 0.10779534681588280598 0.25010544075647034301 2.5580267588106351262 4.8611427641436222302 0.40424541403171637688 0.36374168984086441281 0.32539095180343513558 3.1828e-09 5.31847e-06
11531827.515400409698 6103 3.3477413646327947028 0.0088818295257180913949 0.12241630434067900246 5.1725327621793741883 3.2131260643558241519 3.7163065163781494604 3.7211527817892808834 3.7260169685533135464 3.07621e-09 5.25842e-06
11531827.515400409698 6054 1.8524363289559766521 0.022233689804771826493 0.031472614612169713677 1.9770184623110380606 6.054665317165120797 0.53037128438236846861 0.5192298721841601683 0.50819725608330224009 1.03293e-08 7.87422e-06
11531827.515400409698 4670 1.0963558059026072833 0.20425185878133142459 0.17715910590730521434 2.6368098528898582522 2.1040435425108028333 5.6908381998086614573 5.7968988601493514068 5.8923551617661731328 5.11284e-09 6.2288e-06
11531827.515400409698 6657 1.7972724528289436563 0.14238021772440370705 0.079554400795808957736 1.2663950491887168148 6.2782639186094861827 5.5434095802261262875 5.634975845826274643 5.7209393285809211349 9.52311e-09 7.66378e-06
11531827.515400409698 5408 1.9244669045691547016 0.18102197071563946862 0.14439035496577118378 3.4155925937982893892 2.3910069157272331175 1.6646349744530086756 1.4818514255341739272 1.3015450329717830336 3.0092e-09 5.21996e-06
11531827.515400409698 6810 1.8785705656205116121 0.15776631859164233496 0.1258496034549812792 4.9233162368571523615 0.61800461022026020874 0.86239681652820154856 0.74787965263457945042 0.64058502053502786033 2.57322e-09 4.95461e-06
11531827.515400409698 6641 2.0168379988926639079 0.1077353576189543638 0.10310103869524177289 3.1427827002282664459 3.8873682904187467635 1.7679686483134198216 1.6609811740679476522 1.553683641932638082 2.45986e-09 4.88075e-06
11531827.515400409698 6221 2.0353362897363984629 0.058199193715718550157 0.12327880572132073056 0.4355846902298037282 4.8499812705616980324 3.8728756151721364098 3.9126321744815997228 3.9531900952659300152 2.14299e-09 4.66148e-06
11531827.515400409698 6725 1.6657929743231989494 0.12608734274556823718 0.106482140795816832 3.7762106266404682486 4.229375358037550825 4.9470849237949181543 5.0682723784341359163 5.1864589700565488783 4.94994e-09 6.16193e-06
11531827.515400409698 5707 0.97302800833167701899 0.073117034521982857131 0.1420410364270479342 4.5811136314933875724 1.7637577315676966627 2.9211136054011865859 2.9045089191773656445 2.8873359987723090647 2.27392e-09 4.75454e-06
11531827.515400409698 4769 1.3375963396508339098 0.11355015040500475443 0.076205713530121108046 1.207561188191312862 1.8691019849395240637 0.88341108578597360435 0.79848486087711401105 0.71714892671351526676 3.36602e-08 1.16741e-05
11531827.515400409698 6914 1.8050820273249406078 0.23344674465933146212 0.11448928726178816961 4.7668946749760943149 2.6969302555419667478 5.7991238980487569421 5.89875789432069908 5.9863070540033689326 4.41745e-09 5.93254e-06
11531827.515400409698 6913 1.9778317619839356212 0.031450980510143569657 0.036429366722909979626 4.2377757397828688113 4.5085385732051257435 0.48966234302067807027 0.4750692386468665096 0.46068355954800055407 4.44786e-09 5.94612e-06
11531827.515400409698 5534 3.2737232990422140411 0.13908611977133947257 0.15959432780950208453 0.5318654296997342712 5.1925809171806456277 3.2602185146985371844 3.2779923622713451614 3.2969048967076073353 2.18919e-09 4.69474e-06
11531827.515400409698 2174 1.2842109806664652183 0.087628443720769791381 0.15889399894066738583 3.1198044330334746554 1.0582401206367757496 4.8619355161287138856 4.948135349670482519 5.0333400154909497815 2.03153e-09 4.57921e-06
11531827.515400409698 733 1.705389960471695332 0.071018019570843582411 0.042786990916098874282 3.5240435544483403874 0.016121603825249922193 0.92949992712680418183 0.87372093843387976797 0.81926978940279004959 2.10139e-08 9.97744e-06
11531827.515400409698 5309 0.99464214232233838509 0.30172926837018260171 0.15368009677671046198 0.49398498751841674048 1.6842531917731355939 3.5746634273826942696 3.7251643486980596798 3.8914195967742517546 2.20889e-09 4.70878e-06
11531827.515400409698 5934 2.0399600490498688288 0.33328228233152457083 0.23853237615868599919 1.9801673612579391293 2.3517047282068221925 2.3009904658799822386 2.0143247506594152973 1.713289815662034421 2.95537e-09 5.18865e-06
11531827.515400409698 1475 0.98846652372789101104 0.13344579958429408917 0.071287578264011483564 5.3307647632857149134 3.8390710026133860744 5.2650579809654391994 5.375158357930165387 5.4803525143884135318 3.50237e-08 1.18296e-05
11531827.515400409698 5323 2.7953079998493257641 0.15131166495940753802 0.13429237324065190773 5.6069505503400653978 1.7113258135206252941 1.8360038642831426614 1.686427465828936656 1.5361262351484010757 2.25995e-09 4.74478e-06
11531827.515400409698 5796 1.6637061192658884057 0.18270391438885438817 0.11019214424390889884 1.3824250438455474299 3.2569776790721811643 4.2777339951395472184 4.4511648250553443873 4.6276704264915986542 7.64873e-09 7.12382e-06
11531827.515400409698 6237 1.7621587370323010813 0.051319372225246386032 0.11483857706729096171 1.0134917065069029007 5.2781138924415689218 0.7457776828707900485 0.71158069598483164597 0.67806751931528785882 1.89473e-09 4.47403e-06
11531827.515400409698 5200 2.0830799700348046066 0.098300240927996732077 0.10559602641247756161 0.35241101030390503679 1.6885460215624827907 2.5010592489291689766 2.439767355785020353 2.3763034739861135236 2.18438e-09 4.6913e-06
11531827.515400409698 5979 1.5558188647302955143 0.2763858864808933502 0.24883345483857235991 1.3272710479889548996 2.8170371267623499634 2.3865984111360600828 2.1721641030017466711 1.9442666548156268824 3.8601e-09 5.67174e-06
11531827.515400409698 3020 1.5373985058103027956 0.14696440883872360916 0.080999822683316916039 5.8751763461183070802 3.0867044884365202329 4.7591792823220897546 4.9060115011777316596 5.0502296813552796095 1.84633e-08 9.55624e-06
11531827.515400409698 6021 0.98586838684972333269 0.25323432689297631359 0.087442518907191180144 5.5489107894940810084 0.85250224258305096203 5.3231044593382161878 5.5188763766690493995 5.6941242317531823858 2.07244e-09 4.60975e-06
11531827.515400409698 6618 1.9580218200268204587 0.094183381096466511906 0.16746217514856667763 4.3667289328325260556 1.1724308119131461314 3.3704048224697911174 3.3928457932480506898 3.4162614721223802938 1.98254e-09 4.54211e-06
11531827.515400409698 5741 1.5842974306054291578 0.17861086529588834915 0.11454285373242528712 2.0225193474986875586 3.9939979534080194412 4.1602399614165461728 4.3207939096400451717 4.4858841925076093915 4.83963e-09 6.11581e-06
11531827.515400409698 6184 1.6244039402089052171 0.079746758099012340915 0.054776500515615764164 3.434769981493949409 4.4209330911967041899 4.024377990501269764 4.0876658487148169741 4.1523504445228125448 1.8099e-08 9.49296e-06
11531827.515400409698 5807 1.689417892606392968 0.14088038724632775955 0.10725313124643567897 1.7457749990781756821 3.0863403589111966241 3.5711084484980895049 3.6341044831534370374 3.7007184599817821713 4.88354e-09 6.13426e-06
11531827.515400409698 6935 3.4962806274466391443 0.04039126397639054844 0.4603665150527772032 0.54048507876922391446 0.050655936202762680276 4.6236625889928664179 4.6639781162857172347 4.7043220587844372105 2.603e-09 4.97365e-06
11531827.515400409698 4786 1.2229500355109133025 0.25747619353187262137 0.093339444082097822175 0.70735574633013786894 3.9698735057652188019 4.7037773206272692761 4.9644678507456969641 5.2138067686264690792 5.42602e-09 6.35347e-06
11531827.515400409698 5525 1.7814952441021465468 0.13370878034577249327 0.16208933139916409383 2.3336937108108117833 3.2631913206798670579 1.293755096073451627 1.1670646340179744449 1.0441058531369011853 2.22151e-09 4.71773e-06
11531827.515400409698 6499 1.8940905061236952278 0.29027768373631840371 0.19146221651991307544 0.82375690945613411209 3.153926439190265274 3.5115407633026016754 3.6358596139583232443 3.7735634201771022234 2.00728e-09 4.56092e-06
11531827.515400409698 6270 1.7309650210860438868 0.093423915037818799911 0.08043710433909137536 4.1559154389019212772 4.5284518702090554854 0.35773233139675053582 0.32632795691874144639 0.29637933804579874586 2.07589e-09 4.61231e-06
11531827.515400409698 753 1.7655908262771820016 0.1228469056054194708 0.019785023874775146957 2.6413097979483781685 6.2167473775674935155 4.7287396548805755714 4.8517575450645216151 4.9734133161709301874 9.5243e-09 7.6641e-06
11531827.515400409698 5204 1.2322571162406428247 0.10783687985006706889 0.061498877567620104101 0.41660090704925578642 4.0414103038796600487 5.1692731066644270754 5.2639999267157797647 5.355842590993651342 5.21728e-09 6.27092e-06
11531827.515400409698 6739 3.1855985090845084784 0.017002788437044055042 0.18782143036759460508 5.3628035245684282373 1.8425104972224144451 4.1064118869532713063 4.120456049046330449 4.1345660463060696088 1.84353e-09 4.43337e-06
11531827.515400409698 6996 1.7216289132015798469 0.19989236830596374128 0.11826297259637225112 1.8751324695032407508 5.6216819933566792855 1.2473622010540839078 1.0623843294515111779 0.88777462100936144207 9.30536e-09 7.60492e-06
11531827.515400409698 6207 2.9106209919909789008 0.10469794489441189289 0.15825943754814583708 1.7090169440882496676 4.5690691892162860199 0.23047459451574406342 0.20765859066534780863 0.18607308239239481185 2.10618e-09 4.63463e-06
11531827.515400409698 3539 1.0215840871195265294 0.093425442266726568818 0.17730746565331195752 4.9397245033536210101 1.4196114723681498848 2.8241395750122197938 2.7935551100358861909 2.7616920200501797744 4.11193e-09 5.79249e-06
11531827.515400409698 6242 1.255576257721593203 0.11608807520022342008 0.10438915350105840152 2.6324956091504079225 5.6576365290993679835 1.6915815529106581483 1.5752624869141718111 1.4591755694924239961 2.33848e-09 4.79912e-06
11531827.515400409698 5277 1.9921315851676890674 0.32356282600158486895 0.09559467607485672147 2.4153714334145619524 3.950094765812794062 3.7107615289729780628 3.9183928667306950899 4.145210747815018415 3.07432e-09 5.25735e-06
11531827.515400409698 6413 2.7245229084344106951 0.24696362200622101746 0.20974190363287656402 6.1597600615577894345 5.770189400227421217 3.9396337284061733186 4.135842314074667847 4.3428843080880712435 2.71272e-09 5.04257e-06
11531827.515400409698 5651 2.7506699181436533586 0.26214523559327845836 0.23619036907506718581 0.29038966459478449122 0.67055687879163994314 3.0448131159096774034 3.0150863434379870931 2.9820117022019458908 3.34796e-09 5.40892e-06
11531827.515400409698 5426 1.8287541334725527786 0.053220830412166554579 0.12739283599962797355 2.4697983825971356886 3.6811606142737582914 3.4673207965264083441 3.484804125076750303 3.5027136262187998916 2.09851e-09 4.629e-06
11531827.515400409698 4460 1.5905822113594330069 0.11949488460836926729 0.092661226029734519716 0.55478703250791516766 1.1313102920834281484 3.2383647425557162691 3.2506872669057846892 3.2636976717418173521 8.50531e-09 7.3804e-06
11531827.515400409698 4541 1.7805999686548950045 0.097665260038079015903 0.10889426608679085573 4.2121407174405209872 1.908527294076779901 4.8651314728422434541 4.9611019243581910843 5.055762028434285682 1.04208e-08 7.89738e-06
11531827.515400409698 2302 1.3405496642569281196 0.059550892633595975401 0.090659239231496019373 0.60755398693084339268 2.4802943020072860669 0.5589757387065292793 0.52814816621109750283 0.49813840499574341125 3.55428e-09 5.51782e-06
11531827.515400409698 5194 1.7328102686372459651 0.088408333184278362071 0.11164782078002960519 4.7674362231812787982 3.2948531456960306052 3.7188327938665777239 3.7690257817915897576 3.8209275484652045485 4.75382e-09 6.07945e-06
11531827.515400409698 5446 1.6160946188043145977 0.11546548935287101467 0.10398808578973715855 5.8298423014934810382 5.5152113154947732809 1.7027119112417212765 1.5871126801486288294 1.4716625602615922563 1.15731e-08 8.17837e-06
11531827.515400409698 6035 1.3824138845116287211 0.14934048099904270734 0.14230567801825513841 2.662727721219904975 3.9677075036343549819 1.6852235280586325139 1.5350158916181892987 1.3857709962152446881 1.02512e-08 7.85432e-06
11531827.515400409698 5242 1.3292925330681435447 0.14190984206363133069 0.17244447864473710919 1.1796027633728294326 1.2458868955294393199 5.5684478579562100009 5.6570953421486800394 5.7402517915494293277 6.62026e-09 6.78904e-06
11531827.515400409698 5853 3.1185342329377867543 0.16245264492850744475 0.18114799078523127762 3.6625824451849293695 3.0086334698382626307 5.1068306742030085132 5.2529512385599668178 5.3922412990535679711 2.34516e-09 4.80368e-06
11531827.515400409698 6435 1.8463336433577615114 0.4998280041146200281 0.43691613086955838341 5.388432744622876136 5.1366945060884887653 2.894132783831108835 2.7173569782797799554 2.5116156099828028658 2.19619e-09 4.69973e-06
11531827.515400409698 2364 1.556053893100945773 0.079570506373121116517 0.15148698027188042814 5.9803476777642341489 5.3993538032832049112 2.3939756848956439406 2.3381737927284760303 2.2809042068552782823 5.09377e-09 6.22104e-06
11531827.515400409698 1936 1.7269513245321974626 0.031990336439726659024 0.071393038008169526498 2.6636377792882832694 6.1954283457226502208 6.0612913740344183111 6.0682252842066581877 6.0750490907769467697 1.41895e-08 8.75332e-06
11531827.515400409698 5146 2.7893873836808533717 0.14272768285772310937 0.068835358005173069573 3.7911875461309301194 2.7222081693178545869 0.35866383172974153348 0.31148356660057280321 0.26774164942843931003 2.55901e-09 4.94547e-06
11531827.515400409698 5990 3.1431108624453978351 0.1005051010320889282 0.13820170238121878836 4.4811029321270803294 2.0528154300429051204 1.0991231805595738091 1.0114300218689280531 0.92624274740654977123 2.30118e-09 4.77347e-06
11531827.515400409698 4781 1.5129341972624028578 0.2222312840299356107 0.098252239639923438785 1.7654463541783103064 0.2653012885417500577 1.0875945188099638283 0.89877817898721634737 0.72486734773884820004 2.90062e-09 5.1564e-06
11531827.515400409698 6437 2.0420369625095826649 0.30611297643411466973 0.029663773600188930724 3.7187231316302247208 6.2204769714889955878 3.3421724002961181732 3.4159747961076742939 3.4989167938533012325 2.58679e-09 4.9633e-06
11531827.515400409698 6260 1.7219727216139109061 0.22352473324771296448 0.035748550228761485914 1.9172595888658925389 3.274676510547009034 1.1421608529323028502 0.94613486059492757363 0.76482028131493307033 2.41332e-09 4.84978e-06
11531827.515400409698 6759 1.5738980124089296808 0.20711710945794878369 0.10821325916743015916 1.4644009893440790293 4.3448649470722564558 5.0499286448965268193 5.240303124367990506 5.4192232406555076452 4.8924e-09 6.13796e-06
11531827.515400409698 5535 2.2300869024564518028 0.25627471008117314044 0.29414708267439165779 3.6224331541877732299 2.4619411437001028631 3.2413855295566675885 3.2712172733809894432 3.3043438346545315198 2.07392e-09 4.61085e-06
11531827.515400409698 6894 1.3353943141916952975 0.22543533596776033079 0.097489560298641683711 3.6649549927689624162 2.6761935006002159909 3.1636041198380069339 3.1692783292113606564 3.1755188615008060893 1.64258e-09 4.26605e-06
11531827.515400409698 5310 3.488414074591263514 0.11195288304665687584 0.32069605287130686921 2.0007088174476832521 4.2463031510305011551 4.5303320675689775499 4.6418007924888398108 4.7534748779453890322 2.51895e-09 4.91953e-06
11531827.515400409698 5704 1.8935575529844803633 0.11926436923832678394 0.084365185881816767699 6.2266222864434714879 4.7548735100551944299 3.0523964072614311327 3.0410588295985552243 3.0290889137168903744 1.97064e-09 4.533e-06
11531827.515400409698 6765 1.8359606288780061512 0.30349906199006593255 0.049102551329704292871 4.7568155103414415663 1.7562757719966552994 5.0211804015269212442 5.3020906095086761667 5.5543306963873639859 2.03075e-09 4.57863e-06
11531827.515400409698 5471 1.9424487136548749255 0.070859333272993429986 0.035685907078551702687 5.0342354922751075819 1.601727031431095849 0.76947722654296324407 0.72134993062903118854 0.67455450088139590203 2.7508e-09 5.06605e-06
11531827.515400409698 6432 1.7916899632988567692 0.10401354945790397544 0.10059565874234135952 0.11386363641068546204 5.2280076164671065442 5.4600837310313083961 5.5339075405237689864 5.6047522229448079045 2.86603e-09 5.13583e-06
11531827.515400409698 6327 3.0333421000740150575 0.094756280742186116406 0.21920575827882091136 0.70858902027507442156 3.2371349516084126918 4.6679471703278965222 4.7629523906034281211 4.8575875674276280947 2.25041e-09 4.7381e-06
11531827.515400409698 5661 2.6332255661701351457 0.18726657142437341808 0.15975304249382449306 0.13139752938400348081 1.8962138658263205659 4.2806549986784263595 4.4588457783694543934 4.6401253886934243909 3.01386e-09 5.22265e-06
11531827.515400409698 5236 1.9151718276149281017 0.15578851232827983786 0.068131607108476335832 5.4162526948921012604 1.200822801778226756 6.0103748881780285629 6.0496393296670945006 6.0856932597697808163 5.32813e-09 6.31502e-06
11531827.515400409698 6863 3.1241103834662156125 0.10398415338310494638 0.04437428838850499685 4.4312248259836213293 3.9596009614164331403 1.0414057882440348468 0.95377625660273634978 0.86896612761671931935 2.72515e-09 5.05026e-06
11531827.515400409698 5484 1.3754968504048186162 0.23541313399864094436 0.13869388842677846108 3.8749609233214390436 3.9403814695157599601 3.4738198414718426399 3.5615442504516452438 3.6575260121086587972 3.31273e-09 5.38988e-06
11531827.515400409698 793 1.4613417545139337772 0.16801895646854542177 0.15382779740481272723 1.2009724140949671334 2.1271274930338770481 3.7493577219077871554 3.8531089479826765576 3.9628224569793628618 1.51413e-08 8.94482e-06
11531827.515400409698 5606 1.1796136846416507282 0.14722987199020015625 0.0968217597391466539 1.3324792464050878582 3.3858284329411900693 5.8261679475316743293 5.8874046603207252915 5.9441659876087120651 5.08172e-09 6.21613e-06
11531827.515400409698 6951 2.9962121362451350493 0.060924681509478814667 0.092303503484747487229 0.51672432151439962045 5.189022855190184913 3.7407774767402552918 3.7760537382714334242 3.812166451049929794 2.54062e-09 4.9336e-06
11531827.515400409698 5181 1.4970042828166723048 0.12237724369950185588 0.1360687853406952752 2.4190897690881034698 5.2274487594056635587 0.67558651756520371467 0.60231473447879702032 0.53298173673397752914 5.47157e-09 6.37119e-06
11531827.515400409698 5290 3.1768483347228637648 0.054863198582512803791 0.1931813296792197765 1.0322042758686160724 4.8134628079287065106 2.4726951503884433414 2.437901772781797316 2.4024032953735248164 2.68653e-09 5.02629e-06
11531827.515400409698 5908 1.0225692638862815542 0.1704033857684774389 0.11502305084020116033 5.6969061115770101011 1.0681363536277654891 3.358931228733283092 3.3993267891900318389 3.4427609397429117521 1.41972e-09 4.06366e-06
11531827.515400409698 5511 3.1657158827707201354 0.047262833584324349945 0.16428209076193853178 3.8354800770976753554 2.4240537584342618516 4.1911031542838061981 4.2325941006461178517 4.2745204699377588042 2.90982e-09 5.16185e-06
11531827.515400409698 3318 1.6691208462549351754 0.020743701310574375052 0.05966061897037041456 4.4548824737296257581 5.136849911757149556 3.3364443700882278065 3.3405025125522014307 3.3446014845709499674 1.35718e-08 8.6244e-06
11531827.515400409698 6089 1.9717357258173295875 0.11252069322996792466 0.14624176245878620084 3.2113912938233020178 5.5311866351102212391 4.4548788847326257212 4.5655149298680388625 4.6768241558122536361 2.91473e-09 5.16475e-06
11531827.515400409698 5321 1.6057655851894505616 0.15690541675883656891 0.038479899782815400744 2.0629804599492258532 1.3808104613330840493 2.9209390413928884023 2.8835040536752005735 2.8434566251267243686 3.33881e-09 5.40398e-06
11531827.515400409698 6639 1.791081533018588301 0.060656131301922114329 0.089301371604464357956 6.0791271963058557404 2.0628173802322753438 4.9468817486831104802 5.0055018561301842794 5.0635709488730258343 2.07227e-09 4.60963e-06
11531827.515400409698 6707 1.6503433385311669923 0.076497270051617674569 0.13725420153314765725 1.7498733738572831431 5.9154783871837182119 6.0086341635217799251 6.0286649141030732579 6.0479254947974725454 9.44992e-09 7.6441e-06
11531827.515400409698 6167 2.0706772776657222934 0.17355622707409310013 0.21836588334520243282 2.5742353644062685447 5.9849866842800638622 3.412431291467682648 3.4635131674877652763 3.5184244484747573267 5.7681e-09 6.48427e-06
11531827.515400409698 5328 1.9189865124717986333 0.4663942455223107908 0.23430713971549277375 3.1830160776588236615 3.7393113356906177991 4.2368329495191492384 4.7232750543246320163 5.1896416647203498229 2.1043e-09 4.63325e-06
11531827.515400409698 5733 1.8313063400831131045 0.058773766828529458439 0.11376347157520703968 3.2138373987767607787 4.468542238812865719 4.2798869344284451444 4.3339484288970480108 4.3885634778599165173 5.33623e-09 6.31822e-06
11531827.515400409698 5660 1.8309827904974624868 0.17213938108005200078 0.12442559767814453942 0.13455518523719073309 2.019801575019819051 2.1862269367392479502 2.0374259171419448755 1.8836900203544824084 2.91299e-09 5.16373e-06
11531827.515400409698 5459 2.9753902435733166065 0.26490159740058438764 0.24584004567491382631 0.0040359755940920704828 1.1516658273873505713 2.9238157940139672952 2.8567285356228442339 2.7822840217150970332 2.51526e-09 4.91712e-06
11531827.515400409698 5938 1.3748079184506221129 0.060259168331717703759 0.26006312853059715406 1.7709633694947646276 5.1578363514136489343 2.7070884221917719259 2.6809860244296914722 2.6542013304748843794 1.88863e-09 4.46923e-06
11531827.515400409698 5974 1.2327538548465712953 0.43515039185045001346 0.012835953724121381553 1.8195661293409166603 5.5130713680182212855 2.4084990561890875505 2.0433144049193709968 1.655845591250215465 1.10219e-09 3.73481e-06
11531827.515400409698 5130 1.9011122434732510289 0.33361936484579296502 0.17398285539013488843 2.0379986122185620445 5.1130633468935133834 4.077130581715918467 4.3825573069384979874 4.6981935455159309356 1.98119e-09 4.54108e-06
11531827.515400409698 5567 1.9178088470159666556 0.28078564832753488689 0.065418353515974123069 5.0219649216966635308 3.1567400198426853741 3.3396178323459193571 3.4051815729461383242 3.4783394830670175679 1.31986e-09 3.96606e-06
11531827.515400409698 5099 1.2854410984142234931 0.23142875896980152906 0.17067926778761796647 3.8604495857458553942 5.1990509822283570429 0.62287549103324946209 0.4980765051738327287 0.3875145104193460921 1.59506e-09 4.22451e-06
11531827.515400409698 5186 1.333951487780593359 0.17664451234614789166 0.11770295185788763603 4.7600431030715597558 1.66908965571125667 6.1730046546286745368 6.1909901128882021126 6.207252826438252491 1.92365e-09 4.49668e-06
11531827.515400409698 6503 1.8751343146917653915 0.14182859493841920573 0.13735414880349133826 4.128433778888476624 1.3739278639539278526 2.649224040885156839 2.577353998411894942 2.5015079465897507305 2.13987e-09 4.65921e-06
11531827.515400409698 5303 1.2612810296787297926 0.38254022141911003807 0.13922980544109597734 1.5474345724442395422 3.8388890370473900404 1.6739063398313782649 1.2754475866684378271 0.90947109231480727232 1.73716e-09 4.3464e-06
11531827.515400409698 6928 3.1915443042751800995 0.11086027033664552777 0.16019793446179853014 3.057513881218550722 4.1411134627607744108 3.5917576494579290802 3.6426826002685470662 3.6959378533593745253 2.08658e-09 4.62021e-06
11531827.515400409698 6704 1.0822791288751072436 0.04657489052364489901 0.14917007462101400384 4.6889077952600466404 1.0578971895443285423 2.8353736423969362335 2.8210068195270108227 2.8063300188817690284 2.12708e-09 4.64991e-06
11531827.515400409698 6110 1.8072194821480536131 0.32457464865160767786 0.042979955622035825868 0.24682622112453014851 0.75462902281618871037 5.6469260880075218267 5.8212598059238107595 5.9659138442349135545 2.11495e-09 4.64106e-06
11531827.515400409698 5818 1.4828654034520012406 0.17102443335232053734 0.085044803590016745942 0.98449723639847708245 3.358618037940781953 5.9076272890662346882 5.96611758723880925 6.0194398908874831022 4.47796e-09 5.95951e-06
11531827.515400409698 6417 1.7620029518860547135 0.14930548251346567601 0.15262455998107513078 0.72065822685857772179 5.0890490834182360302 3.9698215354698787039 4.0862241040042226459 4.2072035001962637679 1.63097e-09 4.25597e-06
11531827.515400409698 6814 1.8921838548532774471 0.21575513609381244406 0.056068353152701158604 1.8444614746162395491 4.1583891879232997013 3.3012217935797512069 3.3401122494036519228 3.3826630930753345261 1.89305e-09 4.47271e-06
11531827.515400409698 5074 1.8780880701893334361 0.090766717419554776569 0.099563774733384846627 6.2682855550670915079 5.4792776626670800511 4.5058884881047864823 4.5956880509536262025 4.6858373887154209925 7.61828e-09 7.11436e-06
11531827.515400409698 5804 1.9088087669189257589 0.12300179294434357424 0.050839604817886178967 4.9275106530887740064 4.3025718496871414587 3.3434568904280861368 3.3698043645695894277 3.3976317936478541704 2.60554e-09 4.97527e-06
11531827.515400409698 5185 3.5220115697969340829 0.086988193632553834078 0.23495074485348507731 4.4762972352903664941 2.3309007974714397449 2.1528691242072164336 2.0783154089842912349 2.002291820702228442 2.64564e-09 5.00066e-06
11531827.515400409698 1465 1.5386050498292167532 0.23076041140278627517 0.084141890320406434456 4.1118071174443535654 0.26591324162862178815 2.1755611293561205599 1.9701500392082742508 1.7575475927849086855 4.65109e-09 6.03534e-06
11531827.515400409698 6582 1.6776912714288767514 0.070841743363483158924 0.089445506620706868861 2.518455902861477913 1.9478532376382089453 4.7320506494570082623 4.8028887367253441099 4.8734405738037454014 1.86721e-09 4.45227e-06
11531827.515400409698 5739 1.8388318815601312206 0.14769747485626430472 0.031057036511587705896 3.9766382784272091833 6.0948613013723944576 5.7657789681424125305 5.834756376351734275 5.8987906657893507401 4.86337e-09 6.1258e-06
11531827.515400409698 6719 1.2767527150035034023 0.19790248888788622428 0.17440052953581250406 3.3167447418540283444 1.9534625824730342813 2.357476685084259671 2.20586479689401882 2.0465471425965815477 2.09817e-09 4.62875e-06
11531827.515400409698 5548 3.204823524305882021 0.061263121521400516756 0.33962464599711361668 0.91297555055558332615 3.7833325676718194686 5.6621844094050102214 5.6969922641762948956 5.7308826335815661324 2.11518e-09 4.64123e-06
11531827.515400409698 5914 3.2012174978664202918 0.019563059970508174523 0.11634376384541203486 3.9113153538118701213 5.3380886423414359854 5.513980865995603331 5.5274943414768280547 5.5409105259380737607 2.63408e-09 4.99337e-06
