17445585.21560575068 0 5.3979712782957447459 0.05500133284149996693 0.022003370896984720401 6.2729973927638411624 0.76292056359286675171 0.82392260864956334832 0.78427768295537103604 0.74542946945214794141 0.000954961 0.000356051
17445585.21560575068 1 9.0052459289241308937 0.054319885396569532465 0.056013539716637750221 1.2216519390983242577 0.81258273450736728805 1.934212446455259693 1.8829183506740290177 1.8312229802708350768 0.000285285 0.000238018
17445585.21560575068 6992 1.7883237730726078141 0.036354761234570466544 0.21949674184078940553 1.8414786066809665233 5.4113472972304155206 2.7130318559548332047 2.6976653479306431649 2.682051363069087202 1.98059e-09 4.54062e-06
17445585.21560575068 6819 1.5341833435908136529 0.32984989088289745629 0.048215783749203350306 3.6474711045557914879 5.9086522158495826673 3.7114831195311830392 3.9242823589563546882 4.156888880555989374 2.46721e-09 4.88561e-06
17445585.21560575068 6751 1.1976776061339065027 0.39990984503179199949 0.19993821919717041924 1.1419428352098606183 5.721849748738310204 0.62359417787785098586 0.41594578872969989458 0.25436011366695288061 2.66624e-09 5.0136e-06
17445585.21560575068 4781 1.4756888332522206664 0.36050749108924612374 0.063628913915654131128 3.096377198802611197 4.1003070014105684749 5.0255350255016182359 5.3580602953316383008 5.6459961840599071081 2.90062e-09 5.1564e-06
17445585.21560575068 6207 2.9060980886194931472 0.052874665219711618203 0.20733723860127292737 6.203962699043838569 1.0090374629656362337 1.5718994263100796172 1.518998581888912458 1.4661948323434652597 2.10618e-09 4.63463e-06
17445585.21560575068 5588 2.7749479280725135588 0.14570465154874642777 0.15831398066059734764 4.8512029315024847165 5.4459113915889627577 2.492494033150868038 2.3985302685186531413 2.299954337075657218 2.40685e-09 4.84544e-06
17445585.21560575068 6582 1.8411352854025464509 0.40910695032019522843 0.22727302631114337794 1.4299815905228117074 5.7014561934863898784 2.8854900964700638255 2.7490499288772021202 2.5925505763901317557 1.86721e-09 4.45227e-06
17445585.21560575068 5771 3.1709319645315465763 0.067732941334762805652 0.28138902813057575791 2.1304632509162515497 5.8261605585885511971 0.91569862301976079344 0.86302590300846115934 0.81156151313464630626 2.44735e-09 4.87246e-06
17445585.21560575068 793 1.622087820452895901 0.38708542812922508425 0.094479244214057248041 1.5471643634385336963 5.6136609886721196006 1.6408694831514807344 1.2388304109560512867 0.87287850228472085856 1.51413e-08 8.94482e-06
17445585.21560575068 11 1.4744947386745270723 0.2630193429538947858 0.16885334034730786756 2.7546804074679505092 2.3192992668098897369 1.9381923339080344704 1.6771971112048194019 1.4156652018532442927 2.42862e-09 4.86e-06
17445585.21560575068 5990 3.1259024242570032648 0.068585511102185053867 0.16615053308023480794 4.0630261035607668774 3.3996455961148179803 5.2531656964589874548 5.3109954528018699094 5.3676554289585860502 2.30118e-09 4.77347e-06
17445585.21560575068 6883 1.9838867404067408451 0.068285978707827904577 0.088442944256211492027 0.3921107437395388029 0.44719047644826503962 2.0294586508933702973 1.9672368748493125334 1.9042470697782878375 1.23696e-08 8.36184e-06
17445585.21560575068 6035 1.5013811491602986337 0.08714923686014452997 0.091859574395783835654 4.3016597849780353613 5.0412265506319933195 4.2539513144777982845 4.3337511362017346883 4.414727507674330198 1.02512e-08 7.85432e-06
17445585.21560575068 4858 1.2754659438812268046 0.31992645111353157361 0.12629944319182831447 1.4423091861832144644 4.0661282845817705578 4.1225371725055284244 4.4208069642887926065 4.7272294144533253402 4.88084e-09 6.13312e-06
17445585.21560575068 6627 1.7260009418780286605 0.2174808810941732673 0.1635243712558301088 1.3006793187487908359 4.410552821702478532 3.6352555296578836774 3.7506235204784723614 3.8750384264605077789 7.24481e-09 6.99615e-06
17445585.21560575068 2413 1.561028499615820575 0.16764595696142395309 0.056372063729447412228 4.946501543907745102 3.6734669765176839462 3.1979808000862717243 3.2083721318625637586 3.219559122346720148 5.40947e-08 1.36742e-05
17445585.21560575068 1776 1.7718193976703486836 0.12387377548799168026 0.090137299780534196891 5.4664499131047170621 0.0051383135572685111059 3.8069063121546937722 3.88757423001752489 3.9716464978783458939 1.13676e-08 8.12967e-06
17445585.21560575068 5560 1.7722520444746565627 0.16335532371864142087 0.21520419010443569974 2.4980540560621986579 5.6399193500304320992 4.8749651291792748253 5.0347836475189584604 5.1897228093864731235 4.37033e-09 5.91137e-06
17445585.21560575068 6484 3.1763788843080855706 0.065455528308204655175 0.29083672818374911584 5.3068343768162646867 5.3716803551523364391 5.7339750587225744027 5.767247480566182638 5.7995400188684902432 1.88476e-09 4.46618e-06
17445585.21560575068 923 1.8332033950889188301 0.26501812312862738086 0.2176064428764062364 0.28631089464407699641 0.51178684063140000848 0.2332585448225827085 0.17813627041301230425 0.13117621315923469472 2.53731e-09 4.93145e-06
17445585.21560575068 6888 1.910863227164172784 0.24816866551627977944 0.048439208890448622047 4.8809676299911926023 1.8481676952553103277 6.2683779013769749255 6.271693040184554313 6.2745449979701106713 2.28028e-09 4.75897e-06
17445585.21560575068 5448 1.9401715124023179992 0.19897588782083355796 0.20563189813655863292 6.2757953259571337412 5.4127033567936084779 5.4204418687374271713 5.5635056893682826029 5.6946594067964495522 2.56033e-09 4.94632e-06
17445585.21560575068 6528 1.5601846776984922283 0.056354192292036676959 0.18900466542703336925 1.2616378259476450641 4.6038654970550147993 5.9731569260010575206 5.9899130640099098599 6.0062042886988589174 2.31313e-09 4.78172e-06
17445585.21560575068 6764 3.3053129361416244691 0.033996158674104021147 0.2608995268894586661 3.7989421582244080611 2.4358289039841189982 3.1888675010166789292 3.1905022950939216919 3.1921643721850800901 2.4069e-09 4.84547e-06
17445585.21560575068 5259 1.6338998545925642603 0.089790830819990744005 0.16084341977257302081 4.6831939733768512824 1.150313744595519605 2.5268159685101410084 2.4729551468716923779 2.4172922431687218214 2.21606e-09 4.71387e-06
17445585.21560575068 6618 1.9409238308807033047 0.31985957938730807948 0.05328147150508831531 2.9240192817472396847 2.4256941338520481288 4.0661882175903070191 4.3552012761492155946 4.6548725409734670322 1.98254e-09 4.54211e-06
17445585.21560575068 2658 1.8214589966088206019 0.30707567399595769864 0.19830506462126015754 2.5338354972706378376 2.3656978018377587958 4.6494427080854565659 4.964016332804582099 5.2614217410381494133 2.46497e-09 4.88413e-06
17445585.21560575068 6498 3.2478620632840780047 0.084553957836645585178 0.11075119600882858684 2.2109728242227819628 3.9447615461262528491 1.7827530114126741712 1.6992470959819210297 1.6153897328059405591 2.50157e-09 4.90818e-06
17445585.21560575068 1698 1.3824532200931585191 0.11762531350787866491 0.096479823938445036235 1.2501230487286218995 4.8726524225606562268 0.30264460693149508597 0.26934403186261951513 0.23804403282050634605 2.42949e-08 1.04718e-05
17445585.21560575068 6300 3.2763838573822510192 0.056822184545113139931 0.26638084332330852488 5.3227397712865753832 3.279676226730260602 2.3616609096072074259 2.3208500244827519055 2.2792759444357075793 3.26125e-09 5.36181e-06
17445585.21560575068 5204 1.7410349557121063135 0.42008456000290650412 0.10803186973692024964 0.18386520990755422789 1.8680589361491406475 4.4254409022393161877 4.8685757930910416036 5.2835469219855939471 5.21728e-09 6.27092e-06
17445585.21560575068 4755 1.676114335240592057 0.035601759187041906451 0.034315798938484950997 1.2062461407258469048 0.83541107244262824416 4.4092488821042685743 4.4434164241767764025 4.4777381021460191945 2.34181e-07 2.22861e-05
17445585.21560575068 3800 1.6735850093384045945 0.13491332943589323667 0.082884934291714493226 4.0312418420110436301 5.0137106116990173277 1.5640688836189251543 1.4288074214772161774 1.2952517923546549294 1.79108e-08 9.45995e-06
17445585.21560575068 5861 1.6550054426166884713 0.074284289436186284883 0.090693438693357178448 0.19498632774823554392 5.6062384135064116109 2.7037978495903702836 2.671165512918132201 2.6374948907629445216 1.95257e-09 4.51911e-06
17445585.21560575068 6719 1.3594457634673497992 0.19512444681172627647 0.059929693455708817063 5.5004063463874279805 4.7720643845728485388 2.5873020109451152493 2.4742443469273918133 2.3534807825754668897 2.09817e-09 4.62875e-06
17445585.21560575068 6923 2.0577830557823197921 0.19890588430090291872 0.097853827600164616785 5.7280888852344373774 6.1478651785908331462 5.3599429789413894909 5.5107415691279575398 5.6495555081887092186 1.67707e-09 4.2957e-06
17445585.21560575068 5480 2.0670086690905149496 0.26441942180066196899 0.1345440341982079846 1.1789498588652373989 0.27706243143311876098 3.5960870957419630578 3.7303305373117465749 3.8771657719878800386 1.6026e-09 4.23115e-06
17445585.21560575068 5093 2.03342117733799288 0.18203743909064148965 0.19196166660808311466 0.85681569462393014636 0.044656643670727670659 0.86898792656341794505 0.73683423085299526445 0.61451477152739453214 2.98948e-09 5.20853e-06
17445585.21560575068 6676 1.7969123824312740467 0.15791660239334426308 0.19545900803637658583 4.4627032338381091847 3.6740838040269170328 2.9823828289273963676 2.9550459102737556272 2.9257576450019744385 2.23147e-09 4.72477e-06
17445585.21560575068 6526 1.7604870120116593579 0.18225679161808874817 0.20703272574677220041 0.42997692230837286642 2.866565765378915831 3.0210469041295646697 2.9967270611910259426 2.970416574404197263 1.74858e-09 4.35591e-06
17445585.21560575068 6951 2.9938817073217514064 0.071646970111892804844 0.072838121999196786538 6.2420020629276429247 1.2941798197067937437 5.9574224342455455172 5.9796257519230016086 6.001042385440057636 2.54062e-09 4.9336e-06
17445585.21560575068 5721 2.0404342211634425297 0.28599847786336207722 0.14122965364906472918 2.8357542894586957871 1.8196337842760776926 2.3857472386334204195 2.1625018574465708632 1.9251258148547354399 1.97529e-09 4.53656e-06
17445585.21560575068 6083 2.0370569647967760041 0.20529358845577158621 0.047815669479683291232 3.9733723876039617195 1.1535047952129633408 3.8845777882895164979 4.0362731455139915226 4.196404029727982099 4.91269e-09 6.14644e-06
17445585.21560575068 6982 1.0663107023074964719 0.071949264298055481959 0.11652566791229777843 2.4812689733133863612 1.774618079162692208 1.6151015283070759843 1.5430457881559034305 1.4711242258706425101 3.77646e-09 5.63047e-06
17445585.21560575068 6562 2.1087236162091662628 0.16510137513821029898 0.12310249881299926977 0.82873649319983921924 5.0923993951432136029 1.2685087744226022366 1.1139452832265082094 0.96577571024302288905 7.2003e-09 6.98179e-06
17445585.21560575068 5146 2.7906785402844849209 0.072994038161392674202 0.077679194970946469079 2.0362714032357729366 5.2515989097431345911 4.398728667120333391 4.4690180527800578147 4.5398610427186065763 2.55901e-09 4.94547e-06
17445585.21560575068 5492 1.9177700764895853069 0.21886024791916869336 0.10073054958646046608 5.8957417599785930662 2.1898072620316120229 4.2665205143941449251 4.475669051399554732 4.6884258187703693466 4.51271e-09 5.97488e-06
17445585.21560575068 5047 1.7680385852473676778 0.29779422133692623476 0.20898283079363505488 0.2694522550209038636 2.2146493764642531943 3.345113102316349174 3.4174691701755381956 3.4985854614671474394 2.89941e-09 5.15569e-06
17445585.21560575068 6657 1.9665397626355105576 0.26713044420695031267 0.03789046166756604439 0.25198939541584147728 2.9094289937170345617 2.4740067685733855285 2.2859768383107201828 2.0843000626057439639 9.52311e-09 7.66378e-06
17445585.21560575068 6413 2.7114414719265749198 0.19745853441408842133 0.12162699247908773104 4.1354517818805458518 3.3288534763414632245 5.7744008629624543616 5.863701412038399674 5.9441241305094507652 2.71272e-09 5.04257e-06
17445585.21560575068 5928 1.8100213711186099452 0.16172492111764313893 0.13115550610341397686 3.6173315304809947612 0.48643311094418262286 4.1717915957925164605 4.3172196044297894701 4.4664806080658214782 1.85148e-09 4.43973e-06
17445585.21560575068 5044 1.328197017776128197 0.22262883817618636662 0.030982932546773790661 4.2594366926120965644 4.1821779726977981184 5.8944655936003957919 5.9718045483434032406 6.0400120775482406543 2.3978e-09 4.83936e-06
17445585.21560575068 6767 1.8208199290429953887 0.15622817165401003958 0.08551555044801162353 3.331291112875200966 2.2143139108429794604 3.0282514942769305222 3.0089677905952791903 2.9883087384771274131 2.88634e-09 5.14793e-06
17445585.21560575068 5099 1.3294893625572894447 0.20864943724487672316 0.18076132768395036798 1.2842840986665022829 5.45689880390415194 4.6288486953211123165 4.8401611607403092208 5.0471097366627004632 1.59506e-09 4.22451e-06
17445585.21560575068 5021 2.7744220326640243179 0.11666002799079405738 0.15714923407539493905 4.7436530608626368277 6.0401593955319521356 4.4737215574406166141 4.5889313546963022006 4.7047034577915862741 2.06176e-09 4.60182e-06
17445585.21560575068 57 1.7681398270920494209 0.14377955105881115583 0.12656692024737464797 0.88330307204527491738 5.8488559207120109917 4.8571700976632339319 4.9984770141452647962 5.1364126706401949107 2.40925e-08 1.04427e-05
17445585.21560575068 1124 2.0261970942142486507 0.2442220826205299955 0.086423931833652947732 6.0939541658029883209 1.2891336073985939503 4.5702533618815071037 4.8188298897124264286 5.0616698005778246738 1.32419e-08 8.55396e-06
17445585.21560575068 5020 1.8201922445617002566 0.21484839950073642001 0.25314328064100272142 0.55404141316967525643 5.2884120300072341436 5.8190426517656073102 5.9076785543346872487 5.9864729199338340138 2.26068e-09 4.7453e-06
17445585.21560575068 6161 1.9622200293790317271 0.15326590078199633926 0.19314922592243280453 1.9739281961449741676 3.9555984539606603434 4.6086191364881923249 4.7628941119214296407 4.9159645813489225574 2.19638e-09 4.69987e-06
17445585.21560575068 61 1.8001381997197143381 0.056142034874428189961 0.028034947234019426399 1.3606410739005760924 5.530494810947959472 2.7215662863399643356 2.6980522558119424126 2.6739594646668214395 2.27817e-07 2.20824e-05
17445585.21560575068 6451 1.4075480087939671314 0.0881187399774307073 0.075707719528866707082 5.5562828245195134969 0.30900915576742554736 1.9929815133411212802 1.9110055949207989112 1.8279373931555003008 2.57122e-09 4.95332e-06
17445585.21560575068 6876 3.0963905671128455488 0.13926127365800261559 0.11742568184544077692 2.6191630464311947968 0.054059217316112184726 1.6465022494583581025 1.50644696543958867 1.3674739216490747751 5.7202e-09 6.46627e-06
17445585.21560575068 5132 1.8132980294290155232 0.23085567993396144404 0.068088332192144718213 4.0355422615773672845 4.1167163391500878333 3.8643219654704208388 4.0335932224619313047 4.2132749792556696278 2.32293e-09 4.78846e-06
17445585.21560575068 5470 1.5307589007663389147 0.024880850552843399026 0.12194245007964606142 1.5736874193973207081 3.165936199674441287 4.1130141278958802786 4.133705640831151662 4.1545354780342256262 2.3944e-09 4.83707e-06
17445585.21560575068 6757 1.4420056512216015143 0.20289118265743932845 0.074980695030939001344 1.8514930833238676389 3.1170252133910714143 2.8672596570026236407 2.805656504455471989 2.7387727901146128318 7.3237e-09 7.02145e-06
17445585.21560575068 2778 1.7292489951219660593 0.21010538225521091515 0.11151369637502678289 0.95182606629560440048 1.2589551292603606836 3.7953508444427677126 3.9362414962846545841 4.0861764055932141559 1.15158e-08 8.16485e-06
17445585.21560575068 5605 1.213738665206006706 0.27431149733947524094 0.19002738839234781243 1.2881678242293936876 4.6283439298673627604 2.6613266434429130314 2.514085228417770157 2.3530290314684667585 2.44051e-09 4.86793e-06
17445585.21560575068 5518 1.4380225380785418565 0.16973119969073516278 0.21829528069665127266 0.18464082965712760864 0.97172686701893051797 3.2904396303380538669 3.318134044345675715 3.3479432184349486867 1.73658e-09 4.34592e-06
17445585.21560575068 5490 1.53908519981248193 0.35042507774898695727 0.18924748518158479582 2.2227683162878051348 5.205858788540819404 0.57469545942091537771 0.40432662947539343978 0.2664694828661110515 5.31486e-09 6.30978e-06
17445585.21560575068 5374 1.9146507280714291088 0.17380341930960491181 0.088950681208512932807 0.47496940400404819016 0.70926681409360170516 3.5795025487911633633 3.6601219095847215002 3.7462594509762476847 1.21754e-09 3.8608e-06
17445585.21560575068 2768 1.394168292881816873 0.043135508464532595907 0.032631386592934137625 1.2166221889145771851 0.087042572544667046186 3.5096510117165355958 3.5254972914989175514 3.5416534258114586997 6.13832e-07 3.07279e-05
17445585.21560575068 5194 1.8764383893295624173 0.21597594213770524019 0.051777724341823795629 1.1602743999801194974 1.028744276458717577 0.20317310607072927575 0.16334237493610453962 0.12822101638666560941 4.75382e-09 6.07945e-06
17445585.21560575068 5920 1.7857887249976487354 0.33027325710945282244 0.17791390113857608046 0.14160342078796986365 0.078041010091489920741 5.5984122899261485884 5.7877763450836230419 5.9447854393636152537 2.02047e-09 4.57089e-06
17445585.21560575068 6324 1.6550698021695877671 0.19442823427587840879 0.15985470194081613515 0.54391144811163705253 0.57399494478333668024 4.2946925871453434098 4.4810161817679023954 4.6702633916930986757 3.61321e-09 5.54815e-06
17445585.21560575068 5952 1.5328999169571693173 0.35914451793757523612 0.18952115246232584256 0.27494666035437276275 0.38234762158858703884 4.278412943573487226 4.6400785749311825867 4.9982845554447443703 3.30338e-09 5.3848e-06
17445585.21560575068 6639 1.441928515439513836 0.32156808336650771762 0.16229437497065202223 0.30246448636401862542 1.6335003508315419918 2.9572259543514483049 2.8849587959478517618 2.8033364249679992852 2.07227e-09 4.60963e-06
17445585.21560575068 5312 3.0163683587690477417 0.010465192897904845859 0.17941701346980498677 5.2715730139349394889 6.0812771233587028519 4.7594556670841194901 4.7699068885159086051 4.7803547751359332096 2.46345e-09 4.88312e-06
17445585.21560575068 5514 1.9555900435819069116 0.090043839299901992645 0.16568504346966361762 5.0216751571453119851 4.3623332696079470949 5.1596479355988158488 5.2394007201799963624 5.317226860397254562 2.23079e-09 4.72428e-06
17445585.21560575068 6734 1.6284840359873022919 0.13382445494245781559 0.028598679011162340263 1.9553065181520825622 6.1337803060002027422 2.7105724102049393309 2.650773204929420146 2.5876952144953055956 1.00692e-08 7.80756e-06
17445585.21560575068 3988 2.0339827953942748451 0.072033635622738817483 0.068380189600307395015 1.8392915656660437929 2.7149176976293882824 0.20384129159492911376 0.18973867612095549062 0.17615296911525249457 5.91828e-08 1.40901e-05
17445585.21560575068 5949 1.4102302377647566445 0.28597353832026728426 0.21002599119114226389 3.1072356205293849563 3.7670426959657588029 1.8111468117797773214 1.5193419794694602576 1.2337469222346597597 2.21075e-09 4.7101e-06
17445585.21560575068 6028 1.8554037078947867023 0.26351603016446900618 0.1358798100442185075 1.0349688989341925272 0.99401658341620224846 5.7318317677569305957 5.8577798635720119691 5.966530326387220029 2.1303e-09 4.65226e-06
17445585.21560575068 5572 2.6805024108910240344 0.60932232583182244223 0.70136488756656778509 5.2381590355421652205 4.0977391153766209442 2.536204939656659274 2.0117492468274482675 1.4607114249089787616 1.63405e-09 4.25865e-06
17445585.21560575068 6521 3.0060169371821245932 0.12299215247220357528 0.20242077204895786435 5.4856766868785680202 1.0734891348040682679 5.8619738869682720406 5.9097517013248435092 5.9546210266865209348 2.953e-09 5.18726e-06
17445585.21560575068 2010 1.9808446248543667423 0.11047214014646886127 0.076950785796803256034 1.9010373049195647965 1.0692051876172725677 4.5541136426031130213 4.66439194871000673 4.7747368651173189846 1.54172e-08 8.99881e-06
17445585.21560575068 5455 2.0007731202645535618 0.19006590046697169338 0.060566225908564849667 1.5319422568266567453 1.1847152431309793119 2.5445734165841957797 2.4275831106214003086 2.3031148049476417583 3.36325e-09 5.41714e-06
17445585.21560575068 6780 1.9045586318001783699 0.38815095005289351748 0.10740463129719003688 3.7871323006032517888 4.0863930464758189132 4.2481153394913313548 4.6401611467826775481 5.0273000723438636683 3.2776e-09 5.37076e-06
17445585.21560575068 693 1.2946005671810072446 0.38986810843229535717 0.15421719454164761753 2.131985923474441158 0.55690312234177596906 3.530093044111651146 3.7188601205126219362 3.9316252729088336793 7.32683e-09 7.02245e-06
17445585.21560575068 5540 1.7773220328381431621 0.019820525497071719151 0.094428808517916323906 6.00449180665351534 1.2182660813101759967 2.8720798883229612386 2.866751024128624703 2.8613718422489933246 2.31531e-09 4.78321e-06
17445585.21560575068 733 1.9002821947965498062 0.10455793860574850995 0.083207457397205919492 1.9180393697833644229 5.7249000584717641971 1.4640374005456715523 1.3604608310559744844 1.2582072529859216203 2.54928e-08 1.06412e-05
17445585.21560575068 5469 1.4101632643105217468 0.25766109460038361112 0.11779672409397889954 1.4146111615147280993 5.5516226355055495745 3.2148792650638520207 3.2369535880687871909 3.2614871678073362737 2.51139e-09 4.9146e-06
17445585.21560575068 93 0.92823656895387041121 0.054347841796441136164 0.041181258936635621593 0.039318159679021545683 1.0468623213357715063 4.0914122287202410178 4.1363501660002004456 4.1819277284310061304 9.26516e-07 3.5248e-05
17445585.21560575068 5525 1.4291440727097637353 0.2307374010832272393 0.094718479635879093692 4.5797218210484187395 2.3197679863344049522 1.6427895595997308309 1.4085995229825880593 1.1808905709023893582 2.22151e-09 4.71773e-06
17445585.21560575068 5178 2.0130297166745099169 0.2350470721790199613 0.085183154922879505966 1.0170765596980686496 3.4727657093233346153 3.7663979537374436823 3.920457299254650696 4.0855712455574293429 7.29677e-09 7.01284e-06
17445585.21560575068 5725 2.953675554191478092 0.29586165075536674518 0.23300702533719522269 1.3265325082932191147 4.7579914267305536413 4.6385573135140383272 4.941438796359865826 5.2295733029479123388 3.15235e-09 5.30146e-06
17445585.21560575068 5688 1.7361993550345329318 0.17180187133440896763 0.064672663743458036478 2.7150722517916374699 6.0991158652895540726 1.8778992115794364004 1.7088798425478470833 1.5387132484717778169 3.26046e-09 5.36138e-06
17445585.21560575068 6053 1.748816069838961651 0.25587102518172477605 0.1434858674186906824 0.51529949191885637827 4.7754958830250666679 3.3807129077555284624 3.4512288411107210351 3.529195850146044755 3.14775e-09 5.29888e-06
17445585.21560575068 6403 1.9688919791672265802 0.18325728366470370179 0.043565302875704231544 5.8791281075326011774 3.6951546619973107966 1.060206431865740262 0.90622946727464193106 0.76197226851397981129 2.19336e-09 4.69772e-06
17445585.21560575068 6765 1.4748742815188096156 0.03369097993219529602 0.1335461992063461667 4.3031327943544681602 5.3857382931112445235 0.39220386636034176853 0.37952031197473345969 0.36703864761789178894 2.03075e-09 4.57863e-06
17445585.21560575068 1475 0.87465083157494116772 0.054468224002405050965 0.24150767381654536514 4.9857722539380020521 1.695062931182586885 4.0535702875621701935 4.0973954824501142014 4.1418838858474815723 3.50237e-08 1.18296e-05
17445585.21560575068 6874 3.282533996417726474 0.061644801865893647519 0.30605994281998621931 6.1240615764392360987 4.3294501560576437171 3.3386926723490604196 3.3511526504169264484 3.3639765903758811483 2.61974e-09 4.98428e-06
17445585.21560575068 1959 0.88728058072449400573 0.046825373436301477581 0.24837898400838723245 0.50166903021782249805 5.0313074186466968385 3.5334045701143468321 3.551690692085599288 3.5703599328505921662 2.04943e-08 9.89451e-06
17445585.21560575068 3953 1.6733646973068638797 0.069303379081635085868 0.24705803481996174709 0.93429122476012005372 0.6365202985255380419 1.4186287865408573339 1.3504290057816332737 1.2828015748499090876 1.87457e-09 4.45811e-06
17445585.21560575068 6642 1.5888009031077718891 0.39651809436198764969 0.10981999648436607808 0.48224169709280817475 2.2435680069229255729 3.3007212938662719992 3.3829947599798444458 3.4777880852106646259 1.26355e-09 3.90884e-06
17445585.21560575068 4189 1.1261722292973492809 0.031640331366529217405 0.051247119754545635006 0.73103786545866877855 6.1758298469988650581 1.077961741703961307 1.0502887402432898867 1.0228386373666378262 1.16561e-06 3.80512e-05
17445585.21560575068 5324 1.7154514499772111069 0.13204044225234470855 0.30739707638110219667 1.351670941389097047 5.3188234466901542774 3.8941659101949692712 3.9893537975286168518 4.0883578421077011456 4.64884e-09 6.03437e-06
17445585.21560575068 5380 3.3147359250342933734 0.082132770564478554953 0.22790341395803834224 0.00464626040757467728 0.96195119100034298665 1.5840080603971478101 1.5017451783985464875 1.4198081370787445366 2.14422e-09 4.66237e-06
17445585.21560575068 5451 3.2663745135834845179 0.030648963269908666152 0.014839358841075409381 2.2935396302388428857 3.3170822089505445085 2.3572678522409695745 2.3353772979840656809 2.313258784435533677 2.58702e-09 4.96345e-06
17445585.21560575068 5538 2.0201357506275194886 0.17119945524852339669 0.09185045203556581328 0.99688251695255758467 3.4553195837590999773 3.6415210525672443431 3.7309079530994315732 3.8260592316661941048 2.97954e-09 5.20275e-06
17445585.21560575068 6532 1.8189593644289658858 0.1065936146123790812 0.072416572458865777207 0.46334477136680285447 0.6850923028597267761 4.7507181664677107236 4.8572186697439141412 4.9626963025208903346 5.62757e-09 6.43118e-06
17445585.21560575068 5245 1.6808229139442945055 0.23106655541777390561 0.21975574222440510952 2.3878112501887356345 2.0502411322019420403 3.8445317164322401204 4.0104331873600891356 4.1868711653946224516 2.53784e-09 4.93179e-06
17445585.21560575068 3751 1.6369555030384286276 0.17211442829172091118 0.087474654481889679847 6.0984228975748981938 0.36798706830447369676 3.0309738900112739302 3.0100263335950612209 2.9874471432570195439 2.30157e-08 1.02847e-05
17445585.21560575068 6233 3.1077137997965134097 0.19751774248133696643 0.22534819224488678024 1.0153274875980513592 5.3539836334021728703 1.4280129289114673607 1.2339349253009346263 1.047518331269944758 2.38928e-09 4.83362e-06
17445585.21560575068 5382 2.1228260278087085489 0.38628820937104940691 0.074179596697472011124 4.6898254260863785348 0.9123032184261633537 5.9434847708848028702 6.0559468071403479428 6.1429728581169609214 2.55203e-09 4.94097e-06
17445585.21560575068 5567 1.890596665345248395 0.23895497728175094099 0.045133257971947754461 5.9268792568120893804 6.0688152645866590973 2.6252223259826985569 2.4916006932390377671 2.3469899187777234495 1.31986e-09 3.96606e-06
17445585.21560575068 117 1.5782696419002038013 0.21596553966478584941 0.12467413995440607133 5.850464903553898921 2.1096375262585955745 3.4648241565162845035 3.5422261008257289738 3.626453030095526664 1.39228e-08 8.69812e-06
17445585.21560575068 5708 3.1438547873741766736 0.085611450147230344632 0.19202263106667349923 2.758938473375578404 0.20148973644194831389 1.8446052648464568158 1.7611112175475653885 1.6770455064024962777 1.65544e-09 4.27716e-06
17445585.21560575068 6956 3.4848743479596633321 0.091168294527600196586 0.40319748882480305197 1.3545161565547927385 5.6451590861132716626 1.5373277467002233188 1.4462228044218776724 1.3557609959847936043 2.20649e-09 4.70707e-06
17445585.21560575068 5471 1.9338060211683387735 0.11256777196311669453 0.075141627934035018499 0.03042345800957412319 0.50657810956855409135 4.5856285303116219865 4.6983350415268185785 4.810891696862626965 2.7508e-09 5.06605e-06
17445585.21560575068 5235 1.6568285732366392349 0.16037761072936523865 0.10050906174853665997 1.150374350326897499 0.19529147744589392399 2.2257333279745741272 2.0912951011595071193 1.9521560984438781627 1.69779e-09 4.31332e-06
17445585.21560575068 6722 1.7697254003593609895 0.18269067508529310273 0.22560832487634832622 5.9072166846929974326 2.140760216550233519 2.1000020636284846276 1.9335916379773943063 1.7627925816617671106 1.78527e-09 4.38616e-06
17445585.21560575068 1888 1.1256427335896226349 0.17614726962247778674 0.038171864465781052411 0.89388719584519915617 1.8425294693054532491 3.0946009262967475451 3.0854499527480991894 3.0755657636943851685 1.07624e-08 7.98276e-06
17445585.21560575068 6473 2.1671983049383878317 0.12931234308623165696 0.044515121562217173368 1.6236728987578685768 2.0282054754320988366 3.7966141961260198023 3.8799663664855494893 3.9670047018194845023 2.97483e-09 5.20001e-06
17445585.21560575068 5815 1.5284404914383225016 0.046903773496214461181 0.13556553514383132275 2.5388732552318287183 4.3651231289866245788 5.1538802484078232169 5.1958826603391763399 5.2374101452788135447 2.67562e-09 5.01947e-06
17445585.21560575068 6211 1.7427853931832708589 0.32017900736735854794 0.11277546260670148759 1.0562389495217034963 0.46679891952662522225 2.8615274892990423261 2.7536784208529874185 2.6325680075668533853 2.33777e-09 4.79863e-06
17445585.21560575068 5003 1.6423167402553964234 0.15846910776056288839 0.046530409702779801373 2.2281616672207253949 4.9355523236765721506 3.1872786616374360058 3.1951923049430610568 3.2036821274058544518 2.56915e-09 4.95199e-06
17445585.21560575068 6536 1.7914156509309049348 0.1699011174658972001 0.049176411820222143412 2.151015805179308682 0.54989640754114377241 5.2172332509968679659 5.3608273997301800762 5.4962433263288543728 2.77887e-09 5.08323e-06
17445585.21560575068 5873 1.542527960434580292 0.086660006420753207812 0.048274197402815355318 5.2673626058202733802 2.7888483944415893845 5.4776254953402032655 5.5383973080239661257 5.5971368431200145821 3.51811e-09 5.49904e-06
17445585.21560575068 5741 1.5963969870895442504 0.26880885016009786748 0.10597551365617256802 5.6220853285079721573 1.8384534732981299143 2.8428913217832136873 2.750236047307970555 2.647700846210890635 4.83963e-09 6.11581e-06
17445585.21560575068 5739 1.9442665236304483845 0.031611674661653918483 0.15119965242794811133 5.105789556325914802 2.2957211307419824742 0.95249067530582487429 0.92696045609199406723 0.90167746721032959734 4.86337e-09 6.1258e-06
17445585.21560575068 3982 1.057753047817171721 0.043208671356703323707 0.19287146561696358327 5.4704646801733858297 1.8546130422993625242 2.4496332757515535405 2.4215862474486984368 2.3930949037599589246 1.70782e-09 4.32179e-06
17445585.21560575068 6155 2.1528342707653567167 0.37060438234443132677 0.36937368619120086732 1.2057750197566343697 1.7481080622962288373 3.4544036102561017643 3.5988667444507491666 3.7624900256888844652 3.03729e-09 5.23615e-06
17445585.21560575068 5782 1.8404460587715931741 0.22394160575016414105 0.16669037675505701812 5.307462060831348083 0.90869674902014330176 3.29192284371958932 3.3301782528921122228 3.3721605317645932942 5.0598e-09 6.20718e-06
17445585.21560575068 6417 1.568333975548749093 0.262133951369251883 0.10629459589977642564 4.4245375160883995136 3.6246324705213450734 0.62619688944936102715 0.48532061449394320318 0.36303722978069091765 1.63097e-09 4.25597e-06
17445585.21560575068 5737 1.6163533513577448275 0.26709028844813620385 0.11983083214417304674 1.6006313439915729191 0.16053256142984714816 5.5790052007914949783 5.7382416272769667387 5.8766932010910259976 3.30498e-09 5.38567e-06
17445585.21560575068 5750 1.8960515180684247571 0.20674522276409368349 0.11017247813192268535 0.45859573772714873341 5.3037807052655736584 5.4542305039296001823 5.5979035331588908875 5.7287507647851194648 1.52873e-08 8.97346e-06
17445585.21560575068 5661 2.6316521181816576735 0.28171871384857422038 0.078800151546582458684 3.6711179865586784921 3.4473814101563124979 2.927364292502833365 2.8562733391718766462 2.7769796995069628842 3.01386e-09 5.22265e-06
17445585.21560575068 6303 1.1991747771247804888 0.33059284346442663338 0.056264926596482897625 3.6066725224840436859 5.5998035694502874549 2.2782631287906660589 1.9896346911353077758 1.6876176341127795411 1.48051e-09 4.12085e-06
17445585.21560575068 5241 1.3036793761393763447 0.066713372528980172116 0.047383413324445032566 0.22230817544831427135 3.3407433683389231582 2.0027497369758817669 1.9412558634755077147 1.8790682546478434389 2.63706e-09 4.99525e-06
17445585.21560575068 6290 1.327462355238608005 0.11423752017195001884 0.086205616097655660135 4.146978102262238508 5.0495518426666574641 4.424982074485609651 4.5365925147507226711 4.6490693554760182948 4.66797e-09 6.04263e-06
17445585.21560575068 5215 3.0391813414898916079 0.12495310157457549527 0.26877620414041353269 0.55102472505908317579 0.66265796597895509912 5.8495037534701630477 5.8993684009045423977 5.9461586373028474384 2.09099e-09 4.62347e-06
17445585.21560575068 6358 1.8326499774153106603 0.15021504443575720011 0.14286000850241936666 0.13089471670180927165 3.7006380148752224812 0.70144328180536275053 0.60933701005722762378 0.52336534760703212754 2.40091e-09 4.84145e-06
17445585.21560575068 3761 1.3823867738987460907 0.16996229211339275444 0.12692228932554164289 2.0153243706772983046 0.071097878392568675254 3.5058769819510064991 3.5721539356305060942 3.6430929539690160013 4.38307e-09 5.91711e-06
17445585.21560575068 2057 1.1067499169250478719 0.31913300086999102367 0.17215533972403027074 5.2852994504421868527 2.3746025800243071302 4.0681524467651337673 4.3567469049753571042 4.6559095571750290787 1.66245e-09 4.28318e-06
17445585.21560575068 5673 2.030130619985370366 0.18077423939463291291 0.078610597827331235576 5.5934975512966387257 0.38527000222316498679 2.8971289280914342967 2.848741416266928006 2.7965549231708184408 2.67237e-09 5.01744e-06
17445585.21560575068 3324 1.826857336850484792 0.075986023269575347916 0.1102782468246949199 1.8332535879280580371 4.0353560397127914428 3.7254557377895309855 3.7687722824841278779 3.813365704558379754 1.99813e-08 9.81126e-06
17445585.21560575068 5034 2.7452400835104024956 0.21010236606833612716 0.12879082099135402695 4.4684062019197785531 1.964085121469690165 3.1801884151903170306 3.1893606019632509962 3.1993929446615596568 2.20492e-09 4.70595e-06
17445585.21560575068 6957 1.5672623777265664025 0.1985135168094953606 0.093626573550447469985 0.20870512891448630977 4.0591505493936761439 5.1776892298923540281 5.3487492794698949794 5.5084065650812270576 6.68595e-09 6.81142e-06
17445585.21560575068 6308 1.8722027562613607898 0.30620580076009973336 0.14078295580936334153 0.7155368249826488114 4.3229692084046424938 0.98902905591345380287 0.74886418269047783092 0.54039705181546848767 2.73381e-09 5.0556e-06
17445585.21560575068 5344 1.6354958203913296799 0.27451401632504890404 0.175275913936120048 1.3032173093980454759 5.7116275251452934825 2.3010382673978444501 2.0720523849246861303 1.831309169790765301 2.73146e-09 5.05415e-06
17445585.21560575068 6577 1.5785602310661475123 0.12320384247791488219 0.16270456626280443979 5.5125571157088666396 1.4726430058156390057 0.088467280605878051425 0.078174449673014942408 0.068552864058540649572 1.63583e-09 4.2602e-06
17445585.21560575068 5484 1.1028413739117659542 0.030173577223342535475 0.16754082649931362203 4.4758308995587103851 1.4728603945056415458 3.349512128011252976 3.3558354605454887576 3.3622505926080834548 3.31273e-09 5.38988e-06
17445585.21560575068 5123 1.0452217090104114483 0.16123333021220478956 0.23078700223352616172 6.0155865191243433898 5.3053815435972779824 2.6459171692418004262 2.5628396661691605907 2.4746481896349306062 2.85229e-09 5.12761e-06
17445585.21560575068 6241 2.0914147464987071778 0.39800938990891260305 0.36497137574201549137 1.8869783630404615149 0.54145880748732677645 3.4144675232489123395 3.5540800420009261984 3.7136377589471054605 2.40528e-09 4.84439e-06
17445585.21560575068 5511 3.1671673763226979581 0.077222865949756178128 0.21998404255810460883 5.9681116296953247158 0.99740332277231402713 5.9098855370909380014 5.9371081313910707422 5.9633029140004705226 2.90982e-09 5.16185e-06
17445585.21560575068 1788 1.7116770455003260665 0.10582049738534277106 0.036696060218978886203 6.2451849849453804353 2.1241405924692720042 0.056954327239338721489 0.051217600669699596405 0.045800097987691239243 3.71294e-08 1.20621e-05
17445585.21560575068 5962 2.8839613118902356348 0.21557166510034395102 0.21334382328357237579 6.1339869623925071807 1.1587111188013958785 1.1302812144380853798 0.94229428411352533779 0.76791639925067611827 2.88829e-09 5.14909e-06
17445585.21560575068 6826 1.7694205161961025219 0.39209755569471232972 0.15410950835678044468 1.9213421601112148362 0.35315976618910160933 0.86236894703060107403 0.59026885966852105092 0.37203347326882452162 2.5665e-09 4.95029e-06
17445585.21560575068 6891 1.3673143111828529594 0.1073708253376810251 0.22783456767512769159 5.0011454990314483382 5.2415651609766378272 5.9281059811890655098 5.9637403728984850204 5.9974590665316451776 4.39964e-09 5.92455e-06
17445585.21560575068 1399 1.3817176022461643559 0.28974645442098545534 0.17759672834282089204 4.5774654639876093398 2.1389988673793718377 6.1835166800851091295 6.2091950491785397048 6.2306139084744112111 4.64728e-09 6.03369e-06
17445585.21560575068 6432 2.0142392390643575339 0.14443757768127754582 0.1659300078284658142 2.0103218509001306025 3.2389542859945463782 0.13336046013423566436 0.11535044824987411571 0.098726431995925512108 2.86603e-09 5.13583e-06
17445585.21560575068 5597 1.7555989098630051526 0.35530852832117310047 0.14648940420580686128 4.2805946909608589834 4.000251482810467607 1.0271006940826474807 0.74198938912684420099 0.50188763378689915662 2.41109e-09 4.84828e-06
17445585.21560575068 6928 3.1826695720902726805 0.076074100112666548368 0.22081979359686124131 0.44322327623919804962 6.0103372904521306097 4.4203272996619187296 4.4940611875761167227 4.5683293653767718112 2.08658e-09 4.62021e-06
17445585.21560575068 5187 1.9542494178909401992 0.2435479569794275212 0.081839269030678174488 6.2737721764251084267 6.2232099724758365156 4.6405199765924844968 4.8880893365716859833 5.1278877168096475003 7.38199e-09 7.04003e-06
17445585.21560575068 5640 1.7604927551026867683 0.14635316868777817345 0.21841316922250336718 1.9474924443602106283 2.2912529445838272224 4.3340946330930867347 4.4744249561841265006 4.6166538805947965329 5.24602e-09 6.28242e-06
17445585.21560575068 5842 2.1039763455271467407 0.16961623371853884468 0.20795648526131221834 2.1896779975817848296 0.86609131969960795328 3.4652911426650430116 3.5244076095890819467 3.5877648950616971568 2.75394e-09 5.06798e-06
17445585.21560575068 1444 1.1758594287415866653 0.18166659814345711976 0.028338317809256864666 3.4988411320485117706 3.0981077302345800817 0.51120731915409978185 0.42826229191315529077 0.35281785107102003884 4.82654e-09 6.1103e-06
17445585.21560575068 5566 1.0211939036550312654 0.083144337405563137344 0.14827834367690831407 5.2092041109575752955 1.5872804057537304168 3.7115998189719885403 3.7581701215521494674 3.8062480218548562227 1.33774e-09 3.98389e-06
17445585.21560575068 5553 1.3314033155997562208 0.14033907653127730697 0.050111239962779045853 4.1234829926060783123 1.9576260188360032899 2.9348791381578069881 2.9037886299273201196 2.8707290912298994989 5.50583e-09 6.38446e-06
17445585.21560575068 5424 3.0379667316675416089 0.061508761726281502291 0.28507692818992580452 4.643058118338665885 0.97979510741285680275 3.6354024200396946043 3.665395001974850242 3.6961602261464401309 1.80053e-09 4.39863e-06
17445585.21560575068 172 1.8048513798439038691 0.1862228740855603748 0.12716881599269799774 1.5444360831274304147 6.0311539844777621866 1.7830093522521854865 1.5961961271090672199 1.4100333206242190442 2.7327e-09 5.05492e-06
17445585.21560575068 5929 3.2100792205764649978 0.095601083167748887592 0.23744116158502770464 6.0632362572458733396 2.9547350195646666648 1.7861880356784869406 1.6916836244666819677 1.5967802356437579281 3.18574e-09 5.32011e-06
17445585.21560575068 1642 1.6361544736366506747 0.22028154462107446543 0.098374184558137026113 1.2610964593101328113 1.5434959663387237683 0.95072987459867441817 0.78068296430000960751 0.62565657069431812598 3.49461e-08 1.18209e-05
17445585.21560575068 6775 1.6942431959631862881 0.22179601210339622286 0.096742247078299523078 1.4308966181003821561 5.9609380400044651438 0.58028995734174104726 0.46784325693811429359 0.36782160613461217791 4.4281e-09 5.93731e-06
17445585.21560575068 5069 2.7274800252481785634 0.11167552052322488043 0.16067786910044826176 4.9404576471057142228 0.99434295899573521549 3.4252057489063654216 3.4583320409938180795 3.4931155935910074284 1.18876e-09 3.83014e-06
17445585.21560575068 6759 1.7250631554629289877 0.38044164529138918551 0.39533458893428574665 2.0817298665496597465 2.6158051419212453581 0.69476347357378243075 0.47592667275879779742 0.30162264058707888292 4.8924e-09 6.13796e-06
17445585.21560575068 1810 1.9449040180984207282 0.2451795959875751052 0.14075022547377241677 1.526957376027907376 5.8531070341750552899 1.5319291976785309739 1.2855889578217789548 1.0503138013846866627 7.36354e-09 7.03416e-06
17445585.21560575068 5072 3.1084720581771208003 0.11529173799172584558 0.24881105183622573285 4.2289653067311165913 1.6349120606587668192 2.6070955179747250519 2.5451018130514801996 2.480337512966785507 2.73643e-09 5.05722e-06
17445585.21560575068 4722 1.2100300844629814367 0.19191203687114996579 0.093038681523092275905 0.39540120028978420486 5.8765634553286760777 4.1238995202987647204 4.2937712052413514741 4.4691119610079104163 1.70563e-09 4.31995e-06
17445585.21560575068 6175 1.2319166580895350993 0.075361360982609176817 0.2023586302426878536 6.1099235305879302516 3.4510740306852807358 1.32808951052633617 1.2555229910249185998 1.1838760664649807808 3.23411e-09 5.3469e-06
17445585.21560575068 6799 1.4721719822339900396 0.21999323011200472289 0.1955358728466581042 0.38543153614473241175 1.8926219894148974543 3.5184766656075314728 3.6098476787954116851 3.7091371864871218733 2.97873e-09 5.20228e-06
17445585.21560575068 5182 1.8712230534907901003 0.10310740280174764127 0.20986112270501922072 1.1297979864737741629 1.6566800563314478811 5.8516784045226435396 5.8929722525142675948 5.9321928096350591275 9.37786e-09 7.62462e-06
17445585.21560575068 5372 1.9695464883930486888 0.067219403677327191349 0.15610578917875070348 1.8253756629498718578 1.0079064901041927538 6.2818278493913295435 6.2819162264860883838 6.2820015333106251632 1.39548e-08 8.70479e-06
17445585.21560575068 5855 1.8675870822944411476 0.11658353659523575108 0.082738927826829400392 3.3401732341678775917 0.96926079861981173647 3.4649539158180364673 3.5043032100736404288 3.5456681840633819114 1.88487e-08 9.62226e-06
17445585.21560575068 6156 2.0912284146608635105 0.22012106599548666996 0.17676704583205701815 1.1575622034710777442 1.3928124019577587944 1.0818858017086976364 0.89546623295562288725 0.72366160142282831558 2.69058e-09 5.02881e-06
17445585.21560575068 6622 2.8667078123586087202 0.39276422504367503041 0.26171817991283835569 2.5744509116077409772 3.8299696345723468482 2.6646905518005241653 2.4361240055321138342 2.1814593401676187767 2.90674e-09 5.16003e-06
17445585.21560575068 6507 1.9193508682043061153 0.46278940420802489042 0.23409106196848483705 1.0357665698028384327 5.1738871383998539244 4.4398801353993206931 4.9354259474644974759 5.3867521477902489124 1.72019e-09 4.33221e-06
17445585.21560575068 6653 1.8966062224505564338 0.07760053473645857347 0.113227025295381728 4.4251824685615943622 0.068164409449712914935 4.8220889223213170283 4.8989743233341069839 4.9752279764120599381 2.19009e-09 4.69538e-06
17445585.21560575068 6463 2.3369959673948201839 0.24775004309108783485 0.20272777741415251573 1.3857253588714912862 1.2937795302208983106 3.5183171961643999737 3.6230751453851302024 3.7378066122497579649 2.40859e-09 4.8466e-06
17445585.21560575068 6633 1.0888600454725774203 0.098271546849583862882 0.29822852545645922584 1.4474003204999195127 5.5137487983958894944 2.0381184342905647178 1.9482357127814389219 1.8568813650714179886 3.02269e-09 5.22775e-06
17445585.21560575068 6942 2.820224908839881639 0.22940187732877612148 0.17740616374904655261 3.8280699955369388299 2.4863976563265124398 3.2598758509639171876 3.2908910102787207741 3.325013239082658778 1.34834e-09 3.99439e-06
17445585.21560575068 5630 2.0407137553550120934 0.60487488560489144351 0.50324137369119847918 5.0616894464984856228 5.0844611054289163832 1.9067758903943590187 1.2199120499595033085 0.65189271796255643387 2.87655e-09 5.1421e-06
17445585.21560575068 4502 1.5077568533283749463 0.090680604420177737812 0.14462293177237509068 0.33484850061780602193 4.3171270147527263106 0.77764801866817523379 0.71591356353258095435 0.65639925092918383065 4.58456e-09 6.00643e-06
17445585.21560575068 5426 1.9197493053162644205 0.1690055234225336378 0.18804423630577682403 6.0857715016212701187 4.2075705040499240539 4.2948858387579269547 4.4557085401180875905 4.6191771124011902216 2.09851e-09 4.629e-06
17445585.21560575068 196 1.6354528302793474026 0.27191126329009562834 0.17608148065528833603 4.6587645500524637043 5.6993484148764785857 3.3732111102349073839 3.4467117095668919902 3.5283956841808450378 5.83048e-09 6.50756e-06
17445585.21560575068 6690 2.8747104427772853796 0.10785759012934222068 0.10397702400998250216 0.82209831068097882767 0.97515882082273286358 4.4755161531361391525 4.5819199662688738783 4.6888608730587684192 2.63564e-09 4.99435e-06
17445585.21560575068 5386 1.7730712844080407375 0.17388564658670394025 0.095348227172798810658 2.6700040791819170671 4.3003733299309692129 3.612148265472553188 3.6982655878336716526 3.7901405713718192558 2.3788e-09 4.82654e-06
17445585.21560575068 5301 3.0586134717435808916 0.21211865768561685708 0.17816246191478138372 3.7648230484351650205 4.7950703871384865451 3.2349235638455375863 3.257309895700664093 3.2818009384563868736 2.88595e-09 5.1477e-06
17445585.21560575068 6457 1.8193217603457541021 0.2626755350099419517 0.35021137071294050624 5.7108721547385865591 3.5805289501636692329 1.9119709576639258852 1.6497269647656862546 1.3878692453196974643 1.33039e-08 8.56728e-06
17445585.21560575068 5100 1.5981197606246086984 0.19716451738381796099 0.13009345353105822296 0.60555293890329586759 3.9817079662458669809 3.1483604196756305171 3.1498569933701441315 3.1514864093862864358 3.86655e-09 5.6749e-06
17445585.21560575068 6055 3.2301067030248376 0.087340443238663106884 0.10509920514256207436 4.6222635863334371464 1.1106092677195604779 4.0807211195587722585 4.1531849094416299906 4.2272214492932569385 3.0525e-09 5.24488e-06
17445585.21560575068 5142 1.36964664598474406 0.19929799899664285556 0.080465261297782822436 0.59940051677498973337 5.6125934810858169044 5.33826540538593175 5.4920341899869882241 5.6337675548500474321 1.02472e-08 7.8533e-06
17445585.21560575068 5984 1.0664789125537326164 0.23221480168670002864 0.13143665371692933586 0.8776826526302862197 1.1093504944573755466 1.5781473356467339286 1.3435983898685568416 1.1173511883207201123 1.83318e-09 4.42505e-06
17445585.21560575068 6291 1.8297573824233397399 0.25306921812619104228 0.1678419956690436754 0.69920567423613366742 0.47122113918742847272 2.538364860191320016 2.3754927585411920177 2.2000322713675228847 2.82649e-09 5.1121e-06
17445585.21560575068 6390 3.2058337019168026139 0.043478375237091505812 0.30335328581033832451 3.975059836287839321 0.066452157638277734031 5.5086445085240640651 5.5385992153112999503 5.5680630968809348147 2.74624e-09 5.06325e-06
17445585.21560575068 5954 1.3997422279593096928 0.20276342387145468438 0.11681939425705635538 0.9095486059021811176 0.16998703475294871246 4.2147540188195780075 4.403489864566669354 4.5966562577360630115 1.68237e-09 4.30022e-06
17445585.21560575068 6542 2.1934239606420731228 0.2471954668183472259 0.38441635469071105957 3.2801535042369689421 0.61501587186163164667 2.522066582433007742 2.3600268239766308831 2.1859043824307882176 2.35942e-09 4.8134e-06
17445585.21560575068 2329 1.5247708581907368774 0.34551091748063900155 0.12905807399941607305 5.0295872780770354282 2.2907947811388442716 6.1866307751279432381 6.2158173242124048485 6.2390760953870065819 2.01911e-08 9.84548e-06
17445585.21560575068 6286 1.6319355548653673438 0.32520576164435738287 0.18715085070483297724 5.0080141014267596233 0.44460615678825021746 5.9404372549067918641 6.037427997807353286 6.1165476162599494714 2.66284e-09 5.01147e-06
17445585.21560575068 5405 3.1643968511206774785 0.076955460150419721654 0.18805642496697633215 0.55628275665480453327 0.6645150998536584197 0.36565312150078899123 0.33905494265490893069 0.31345986549825027856 2.93677e-09 5.17774e-06
17445585.21560575068 5098 3.2156604868559415245 0.083648422928305404822 0.09598457811524578609 1.7345289177362646083 6.1006878262339574448 2.7004535581068025429 2.6632709118559225736 2.6247683860110759824 1.90652e-09 4.4833e-06
17445585.21560575068 6419 2.5482752751833128713 0.47614714879591846231 0.53290914915713605282 0.013889354573409925034 3.5763679498782616761 2.6330407800871551416 2.3188140923714244401 1.9697798538294843951 1.9765e-09 4.53749e-06
17445585.21560575068 5368 1.645867313356205619 0.26060918804160715379 0.070040918551196734709 5.6639776227542748543 1.9801127537309066717 3.1069926224231227962 3.0964175495266870186 3.0846485063147355277 2.65835e-09 5.00865e-06
17445585.21560575068 6721 2.4747897924981532292 0.17863987575889334058 0.29027774286517998847 3.9777701168917656283 1.4581889870848823154 1.6190419101546793534 1.4388676428148068354 1.2617801428674180197 1.66278e-09 4.28346e-06
17445585.21560575068 5510 1.7541712332326191426 0.29906857155801253034 0.11824901090169313844 3.4951066544351365728 4.560142053333482437 2.3796734531075505181 2.1431891088252812416 1.8917898710902316672 3.25682e-09 5.35938e-06
17445585.21560575068 6261 1.8368872978342745128 0.32323807525867936929 0.1114241385934895967 2.8423097782624471286 1.5344403795878693852 4.4908571448253411518 4.8240486183570716605 5.1452737404388049214 2.48402e-09 4.89668e-06
17445585.21560575068 5274 2.2196803178489332709 0.41736424801498855919 0.30664289661334970249 4.0288735268394280098 4.277245967411351657 3.4032069379377043461 3.5463584749618060066 3.7107179830451064717 5.75566e-09 6.4796e-06
17445585.21560575068 6437 2.278777354194736926 0.37039767143812551975 0.052755890536727662044 4.0364480487688840782 6.2488429677893346792 5.5487588223411510313 5.7730857211192221357 5.9539376281592071294 2.58679e-09 4.9633e-06
17445585.21560575068 6695 1.4424808171999277118 0.14103079705720217296 0.09776864191605648402 2.7959300677470042551 2.3224694997637582716 0.45003577556019669359 0.39209425937607933488 0.33820292536254448201 9.88303e-09 7.75914e-06
17445585.21560575068 6725 1.741205247898357733 0.053698055965590817118 0.078484838769357245791 2.6224181028470190391 6.0159790976935196838 2.91842570605107543 2.9062128645950706662 2.8936898164399607047 4.94994e-09 6.16193e-06
17445585.21560575068 6113 1.2486183612680916699 0.12634447218951369574 0.20106509888565465838 5.9127692761572907543 0.54232943002596711857 0.74822101143431329895 0.66579879782639361796 0.58775739372801893978 1.07283e-08 7.97432e-06
17445585.21560575068 6263 3.4218050664608683498 0.043546353427806008818 0.28760799753376148358 1.6104076763949639606 0.7164868675488319516 5.309917077595701862 5.3454953607516255687 5.3806021480506220911 3.1828e-09 5.31847e-06
17445585.21560575068 5748 1.8244809790183065257 0.29801842192798416731 0.0695215204666142228 1.2331776800183742449 1.1890575683984849764 1.2822237339261850497 1.0038551835080644636 0.75246243180363303615 2.75123e-09 5.06632e-06
17445585.21560575068 5053 2.9819817623604580881 0.070221089251351967442 0.26242993019418686673 4.0892715466243068079 0.96615286571875691468 4.7554323645157507983 4.825540288155284685 4.8953123288463169516 1.90259e-09 4.48021e-06
17445585.21560575068 5116 2.7190829316624141043 0.18956588196553383896 0.054412708908525120322 2.6339092672429074149 3.7730785296134867757 5.9411478037712539546 5.9999904896755884565 6.0529598660508234786 2.56354e-09 4.94838e-06
17445585.21560575068 6595 3.0433538129182617915 0.071645631539572207647 0.19840353770494900676 1.9014696901686722885 4.0820248271032655296 5.9740937624336476475 5.9951941373161377058 6.0155434096302800029 2.5233e-09 4.92235e-06
17445585.21560575068 6538 1.1683244837311035358 0.38235232505054322916 0.24323861045011202497 3.5870646925470173194 3.4495922731930241945 2.0634713347420050589 1.6816645395119353967 1.3016597000424408037 4.1002e-09 5.78698e-06
17445585.21560575068 5762 1.9612733345342625579 0.10546753980113238169 0.16304001431248998921 1.3782803801738912064 1.759921444308234717 5.0914790731299000015 5.1877722026731021288 5.2815452268169673644 4.50081e-09 5.96963e-06
17445585.21560575068 6628 3.3397820044833403941 0.036635261250074893646 0.21378849730748583635 5.5941275599777693373 3.0102546390621229833 0.19070249002224584634 0.18387878865249221438 0.17718023853026204639 2.5094e-09 4.9133e-06
17445585.21560575068 6808 1.6020400119811830653 0.15333696341158709053 0.161589145290473718 0.31035995558441287212 5.4143353444376858263 2.2791551279340476199 2.155981418439750108 2.0281582132064683854 2.07842e-09 4.61418e-06
17445585.21560575068 5481 2.2199770010607795534 0.34762605061750756485 0.52027386969830113905 0.049773796760069176359 5.53386497123768617 0.51976280633197935455 0.36586462291181537365 0.24149903049145446388 2.0621e-09 4.60207e-06
17445585.21560575068 4662 1.5283842353127690128 0.14200649734751197295 0.14997246830873575685 3.5039925219146406121 1.3750923938688124348 4.1775298137728906767 4.3047894067660532613 4.435162023522332575 5.28399e-09 6.29754e-06
17445585.21560575068 3089 1.7558533048066435889 0.088144574431981009832 0.20056151029782778861 5.8584256569803487835 3.645757816882166491 4.3023724109896015477 4.3847733158928301478 4.4682296814636641713 1.46985e-09 4.11094e-06
17445585.21560575068 5878 3.220033832397434459 0.050444991798103251679 0.085682574712436371245 5.3718023724149732701 2.4752489722192843047 0.39852683584977954823 0.3793844927198722905 0.36070225057454607942 1.44428e-09 4.08696e-06
17445585.21560575068 3948 1.6254523528203304039 0.19324448336511307334 0.11138364688864962893 0.61146140536005832988 2.1427154496851685828 0.3635073917974288582 0.29996139013667733053 0.24286086842126436425 1.41396e-08 8.74303e-06
17445585.21560575068 1298 1.5077668002769748501 0.22561915818344580043 0.13734894758842414175 0.73601887278817379467 2.7726552710980070238 3.7878616190365383964 3.9390371682215126192 4.1004842198073836457 2.27299e-09 4.75389e-06
17445585.21560575068 2498 1.9583062566172362295 0.49427793942579545394 0.35181071831058763344 1.1756360165251449335 5.0201643554003911873 3.1906437940046195045 3.2258754131930076348 3.2674852179604298996 5.39185e-09 6.3401e-06
17445585.21560575068 6200 2.0898795705167731995 0.63347090714543652368 0.11015629139085686417 3.3561131269956407941 6.1419145149646041659 3.4658353161840618206 3.8065181925846225397 4.1973700820888684149 2.64335e-09 4.99921e-06
17445585.21560575068 5535 2.2854623880110067624 0.36589104408384048872 0.020235323925986724303 0.17216783161691542881 1.8008975922960643867 1.1153890944203572744 0.80372527038641783381 0.54030328350976541962 2.07392e-09 4.61085e-06
17445585.21560575068 5450 2.0217385396181950519 0.17614046881559097812 0.050907057246713113829 5.6063802398950919326 1.5779587203048777155 5.7201905670341153254 5.8082684003611912971 5.8888111928243338511 1.88249e-09 4.46438e-06
17445585.21560575068 5733 1.8204540892487948156 0.063279226127668439239 0.039149095052521495908 4.9690207265883170606 3.0597302913381163592 4.2760926884728203135 4.3342640016493829691 4.3930730874691326093 5.33623e-09 6.31822e-06
17445585.21560575068 6450 2.7013460100914725714 0.34900489727688965846 0.17943593078224895354 5.1289184785885533202 1.6280281550721740214 2.3149701096063539651 2.015307695455710757 1.7002187824891374923 1.74846e-09 4.35581e-06
17445585.21560575068 6407 1.8602269738419909828 0.10771894004580322146 0.11331542114266138221 1.8854622114885244422 1.2539853307131862969 2.7339568850867479455 2.6889010992379143161 2.6417861751056053166 5.15346e-09 6.24525e-06
17445585.21560575068 5576 1.6645452223827621463 0.24584581317510326159 0.18374481817241150594 0.23481924930774272786 4.4394660133273360358 3.3749161533518168277 3.4406017313054291229 3.5130213677561523689 5.46785e-09 6.36975e-06
17445585.21560575068 246 1.1146290644189758012 0.021463582294290038666 0.18834315514583557793 1.9374534702282795173 5.7459227997238455643 2.7898377809219030432 2.7823664977356830086 2.7748209777498722417 9.52298e-09 7.66375e-06
17445585.21560575068 5992 1.9619334902469325321 0.11756937610760932744 0.14502873636348495578 5.8825150729412643003 5.7262703650502935204 3.9325243291727010053 4.0199823670470227199 4.1104769130500500296 5.52752e-09 6.39283e-06
17445585.21560575068 6196 2.9211923291315171625 0.53034256453937156373 0.062591734694566719677 0.60302100271481151594 3.69208471243920755 3.6935375985039256008 4.0867354637615100899 4.5166208449717739626 1.25424e-09 3.89922e-06
17445585.21560575068 6421 1.4497672510235974919 0.14543319363488460549 0.033048643589470447224 1.2078831695978735628 0.62499680581949423885 4.4002002686539700704 4.5422998744892311151 4.6856344217433081312 7.66894e-08 1.53613e-05
17445585.21560575068 5394 1.6657319529820335813 0.21914096358198156822 0.15345388481808036607 2.6709010479882073774 0.80701746292558906859 5.5079866906986252317 5.6515964049632652078 5.7809833417957054991 4.23442e-09 5.84945e-06
17445585.21560575068 4243 1.9108000272246448148 0.11264328891786817843 0.093841540836864911768 5.911030271822870219 1.612243760328357034 3.843428926485344288 3.9196389527533255226 3.9987020568133626597 7.70334e-09 7.14074e-06
17445585.21560575068 5711 2.3357129869036694636 0.55052827185314601177 0.73228796784169702949 2.7412198698818510678 5.4171094813269791146 2.9581032902140731444 2.8031026242322223396 2.6202924552502437905 1.73005e-09 4.34047e-06
17445585.21560575068 5322 1.4541234651340366746 0.31896563645871073289 0.073348250076052140534 0.58687202691698736601 5.8216531378322438073 3.7737302496089490944 3.9957940999921661707 4.2363090696124396928 5.00791e-09 6.18589e-06
17445585.21560575068 5046 2.0716341566354175008 0.2212565196746287266 0.20486947262794732993 1.8865587677047435111 5.1848785050490775461 4.0616429646300922229 4.2522870246017738793 4.4505344658687597814 3.3008e-09 5.3834e-06
17445585.21560575068 5351 2.9817094306306950457 0.13107217192766137948 0.08761749441551741624 3.0265393022470199469 2.3737407842032425265 1.2362845503789861024 1.1147213021480137929 0.9970462690434247488 2.44807e-09 4.87295e-06
17445585.21560575068 5321 2.0654044467467360668 0.17333811510083091401 0.023607023133016321464 2.757094439446512002 5.7057127040255322115 2.597551424206463011 2.4999246989690826481 2.3961762089057723202 3.33881e-09 5.40398e-06
17445585.21560575068 6337 1.7930118926388540768 0.10495071947651180011 0.19281112115106180394 0.73432236776885395635 2.7125320383403761504 1.7333978853790588115 1.6287480860080727485 1.5239735507988547702 2.57504e-09 4.95577e-06
17445585.21560575068 6131 1.3467412216418346294 0.32505177643154103961 0.22556525018479026135 5.4167182622317024965 2.9458413984852400702 0.29839323698365188831 0.21374167122150214415 0.1447923702964273307 1.45631e-08 8.82947e-06
17445585.21560575068 1239 1.3921531845881680578 0.23304206609029409769 0.21457363701744039397 0.40868041504937741015 2.2854041680437262585 1.5444335844890253462 1.3100331530232214305 1.0848694236357863119 1.31823e-08 8.5411e-06
17445585.21560575068 5775 3.0476681628031725424 0.11382754196744487851 0.090351722331411560285 5.2610930570278515717 1.5929858831397523122 2.4438198022392207953 2.3671260432543035357 2.2875224693194180503 3.02463e-09 5.22886e-06
17445585.21560575068 6935 3.4964499265258255356 0.036978678632701371398 0.40544983586413124721 1.7434636151845819274 4.9858016324571554634 0.10292952023333165612 0.099197407035187895596 0.095535230946849333811 2.603e-09 4.97365e-06
17445585.21560575068 5807 1.7908661193983199666 0.28006283774526374852 0.1575181035047434619 1.3546361550166183818 0.71234723458180304601 0.83434717744306308163 0.64176190620032991241 0.4741141263099156733 4.88354e-09 6.13426e-06
17445585.21560575068 5927 3.474634608329533858 0.15081180740164631948 0.18566689358969629131 5.4553687903635337264 1.6533136084788986331 3.2830180401374908783 3.3061324287626230323 3.3308351523760979518 2.21586e-09 4.71373e-06
17445585.21560575068 6445 1.6671531444677651912 0.18698073335419196361 0.16786393422257248065 5.8671905705009734788 2.0633879878139458341 3.836906505486810115 3.9670092354987152028 4.1044083612835677854 2.3322e-09 4.79482e-06
17445585.21560575068 6807 1.8326841065166943334 0.17551908762933346453 0.12442216999318170267 0.11641299985856484733 4.0511659742833572295 3.4038854333759140935 3.4540262514060593446 3.5079764884859980789 2.57067e-09 4.95297e-06
17445585.21560575068 4541 1.8645470117349505212 0.1385666273280955485 0.10306071033346338173 5.9273465619794434289 5.120315255997371473 0.17747595970535240406 0.15447151836942932257 0.13315194367056226721 1.52721e-08 8.9705e-06
17445585.21560575068 6123 1.4618968332780384323 0.18051207609993402681 0.093321172659858883658 1.0714502582023175403 5.8315291931654167357 0.049749836057629684416 0.041452918125157757478 0.033972308620820700076 1.87233e-08 9.60087e-06
17445585.21560575068 5407 1.5265637923200316983 0.1573536027606775578 0.15857527858491238248 3.5360100116608732534 5.6735473508261842213 4.8633284427147573936 5.0177190153439061859 5.167794666756622135 5.11323e-09 6.22896e-06
17445585.21560575068 5704 1.9002756998610565997 0.22924868846778490017 0.10340075640059855078 6.1110890096778298641 5.4234270982343009138 5.4376581845846043706 5.5987361126618928608 5.7436777617804954943 1.97064e-09 4.533e-06
17445585.21560575068 1127 1.6209812258292013443 0.16509474736785695326 0.17366118640842329035 6.0141788421297475153 1.1409815280929289649 5.4224154404135864738 5.541857736143816382 5.6533408842707055797 1.29908e-08 8.49954e-06
17445585.21560575068 6005 3.03167551249348044 0.1886630566667151232 0.36068120965027827829 3.0432875002875747761 3.7266726206243721009 0.7088595813432800874 0.59341257728957907958 0.48791343606489945284 3.36675e-09 5.41902e-06
17445585.21560575068 5476 1.9943850280763886218 0.31178916991822769322 0.22538658051654289483 1.8038548264904892271 4.309052708055794767 4.6939558082220766977 5.0118996447712023112 5.3098082674282442994 4.35596e-09 5.90488e-06
17445585.21560575068 5997 1.8026840438260491872 0.27839552280183621491 0.14420180648391350831 1.0383176518702941227 2.2489378950066933882 1.1402070950190963394 0.89775831356142343775 0.68007208816761166581 4.37918e-09 5.91536e-06
17445585.21560575068 6710 1.9761577993877208481 0.1544076318268914616 0.21560348594069117523 0.59619119734217829176 1.2175002859309211889 2.0137600487017479622 1.8688345144038678303 1.7212340348133707835 2.35382e-09 4.80959e-06
17445585.21560575068 5938 1.3894957769687761306 0.1496914006563449806 0.19875853702839973991 1.896925543869371511 2.1767082817324072685 1.7916428564669184542 1.6425738320453462382 1.4932678716796758955 1.88863e-09 4.46923e-06
17445585.21560575068 6827 3.1067983346781282705 0.1330359834918760642 0.15901862440164518664 4.2558855704633637984 0.9901855193702544522 1.1073935356853219503 0.99145329806777471315 0.88012579305916860406 3.04652e-09 5.24145e-06
17445585.21560575068 5420 3.4765382366455628294 0.084159030395921888279 0.27647104542333372779 2.9869922163376849689 4.6930192730576330007 5.6074771339226376909 5.6585176903535572279 5.7077362217035370051 2.55489e-09 4.94281e-06
17445585.21560575068 6167 2.1210946510109334184 0.2658749309145017059 0.26379095867858326496 1.9696499548144599245 1.5047267786476474782 4.8438312428102934248 5.1060508991507873588 5.3515892274324787792 5.7681e-09 6.48427e-06
17445585.21560575068 6036 1.417628113121200073 0.29943566122732667711 0.18068261630838955423 3.8621755581896524134 2.9703451914006935297 1.3086738530972639172 1.0258798694165323084 0.76981129600130071555 2.34807e-09 4.80567e-06
17445585.21560575068 6312 1.4124434671693009147 0.31772151608737897455 0.081238649859189146496 5.9051443525449354155 2.3535514469298215445 1.4650459371475621495 1.1488461863807046814 0.85899138444550571236 9.91994e-09 7.76879e-06
17445585.21560575068 5195 2.7675953782166118344 0.1682803800757997903 0.12763498215706453598 6.0197383423094983357 0.40526558543450835748 3.9087769139309251898 4.0339006586696637413 4.1649106977633092441 2.26107e-09 4.74557e-06
17445585.21560575068 5651 2.7861252636084867795 0.26115557438589120931 0.17664764756985609773 4.0270840261160385509 0.74168516909190584929 2.4932093805365944661 2.3141797853650620809 2.1219215144012837371 3.34796e-09 5.40892e-06
17445585.21560575068 6056 1.8519490030893677179 0.066844320831010814454 0.25686232302421813101 1.6773584659583420375 5.4843431693229636181 3.1033814900629308475 3.1007366234312327968 3.0980063895493588078 3.00235e-09 5.216e-06
17445585.21560575068 6170 1.9479930486265240042 0.29628619884567075626 0.19327045623724917189 0.86418925443313843182 0.90968619262050010033 6.098436258905614693 6.1468857413459554451 6.1871444992530513218 6.44558e-10 3.12323e-06
17445585.21560575068 6886 2.7551780918841832779 0.15149123563877447962 0.75759014779133238005 1.7793089780393680499 1.0976394674526925854 4.3459802963299019041 4.491968391151103468 4.6397943839036468461 2.88448e-09 5.14682e-06
17445585.21560575068 6185 1.9060785635010568662 0.0034032765538815068496 0.15188249874969433906 1.1118179855987753157 4.9183847814732226666 3.3412049768475409195 3.341880939736786349 3.3425580279446029941 4.56223e-09 5.99666e-06
17445585.21560575068 6037 3.0287240705740643421 0.16507061355495122879 0.31942168353051747509 5.4971713743471584124 1.386501633172012582 0.0034173581353165363023 0.0028929395832806409881 0.00241540093738648598 1.83549e-09 4.42691e-06
17445585.21560575068 5776 2.0524801032486412744 0.40850225874632467571 0.5552146792858735358 1.2961490383621105948 0.34874928723415454801 2.4791621018807323829 2.1658510690902015305 1.8275630715374047153 1.75506e-09 4.36128e-06
17445585.21560575068 5846 2.7956923760255811828 0.19924742620952662353 0.14242052300878807469 0.44645839932993364174 0.47139896225153582465 3.4645652262406887445 3.5351538596070062326 3.6115612205810689872 2.37403e-09 4.82332e-06
17445585.21560575068 6333 1.5759305738776938632 0.096314321189642795873 0.084001349601102018316 5.3049274645459369992 1.3715073726011730582 1.5563479880419170964 1.4599613002662397143 1.3642379556950741115 1.94245e-09 4.51128e-06
17445585.21560575068 5488 1.7256836254817939924 0.14593404046773517102 0.13829530517499241671 5.9294170546228359697 4.7153349856336035373 2.9068340241870016527 2.8700879838278816614 2.8309512044364879557 3.37985e-09 5.42604e-06
17445585.21560575068 6244 3.2263548349650696956 0.027877717584662582012 0.36256468798936553055 5.6563672286367729924 3.526847223729272951 0.29371151719915578049 0.28574550548234178837 0.27788753499848595219 3.08558e-09 5.26376e-06
17445585.21560575068 6192 3.2068369560519092154 0.1373874155850937917 0.36549943498333020697 0.5005958247210816614 3.3215348730161866619 1.4246873358710527846 1.2896804014566440877 1.1576859299734576503 2.79503e-09 5.09306e-06
17445585.21560575068 5914 3.2015092898896533313 0.018564923174987840726 0.1492350619587037297 4.7723654069389773724 5.1009837340538393136 0.47704731918396087176 0.46859212802079114324 0.46020764020226079261 2.63408e-09 4.99337e-06
17445585.21560575068 6739 3.1959285955875622598 0.051971596333539177293 0.20786601345867758428 5.2866976484793424262 1.1913425953554164227 0.27533073390779405631 0.26153730062630792252 0.24809921911404458905 1.84353e-09 4.43337e-06
17445585.21560575068 6164 2.0105483450802137391 0.12166068880794396467 0.045990468289629923837 2.459082195804179527 0.57994117800137090502 3.7910107913017574433 3.8685916560311075507 3.949451044513056619 5.09634e-09 6.22209e-06
17445585.21560575068 5361 1.8613622361738599853 0.2903331745878715564 0.096570752949875660054 3.8558584926784078561 1.3582511350702937136 3.2683969588860817268 3.3123905776991109384 3.3617381348785353445 3.09083e-09 5.26674e-06
17445585.21560575068 5650 2.049532933406681412 0.12351568306574539635 0.059292509366784373892 0.94049304747022433038 5.505985307642582427 3.8631573578619575748 3.9490059425274641747 4.0382461742324498033 1.14639e-08 8.15256e-06
17445585.21560575068 6814 1.7736215531529642142 0.27698466051147241362 0.21569506299858265397 0.32077233393286619378 4.3033804115547225067 3.4355508391390729983 3.5301325886787835451 3.6350647880221758079 1.89305e-09 4.47271e-06
17445585.21560575068 6631 1.0680919714989964842 0.27219071311696307891 0.24191883860637308779 1.5328546158587716963 4.0610062444105547996 2.173288006060134947 1.9264670479231509326 1.6713118963913018433 2.32153e-09 4.7875e-06
17445585.21560575068 3400 0.9498402886902611586 0.11093873912453379449 0.22765199662039101169 5.1745032538547004464 1.8959438458149915352 6.214102806666364387 6.2213803474595028575 6.2282325474181261526 2.20416e-09 4.70541e-06
17445585.21560575068 5798 1.703453200584690963 0.049146667831246548808 0.10087951982675265328 4.7874587858330528434 1.6834149304166763361 0.43771655793542879609 0.41732684919370272025 0.39740681149790652027 2.01067e-09 4.56349e-06
17445585.21560575068 5551 1.5422973149497605228 0.24691021462490406191 0.093914038534731542063 4.5043535536121952489 1.3053066794103362902 3.1373578665840455848 3.13614354629961678 3.1347981127073833996 9.09521e-09 7.54723e-06
17445585.21560575068 2928 1.4079341372037998958 0.32233815824104494752 0.10185537083752492504 2.0474179657600855009 1.335478365025004166 1.3892938926032081248 1.075608837291999631 0.79199005758675933286 9.69793e-09 7.71039e-06
17445585.21560575068 5185 3.5240631705249199079 0.079160108645853849429 0.22238929625657469225 3.1276689604222132068 4.133038733964253808 4.6025005816707649231 4.6816096945718843614 4.7607323094420941345 2.64564e-09 5.00066e-06
17445585.21560575068 6227 1.4506617272665471852 0.12845053148898039064 0.20865194907583220485 2.2125666191802824123 3.7237809513921473759 4.3569113126719845042 4.480451141839074225 4.6054621256348955427 6.71025e-09 6.81966e-06
17445585.21560575068 6499 2.0253811542178135063 0.35236094332601775037 0.45157156411813337282 1.2936863540760477065 3.5988104167397207966 3.7847657135192021016 4.0389339543166702384 4.3143644505260381194 2.00728e-09 4.56092e-06
17445585.21560575068 4406 1.5187858511464571443 0.1550015309286130738 0.22280140171718090802 3.3288672652388888729 6.2772379939209255184 6.111271766986281051 6.1360443186162685336 6.1587691888187539035 4.822e-09 6.10838e-06
17445585.21560575068 5453 1.0293315564675491469 0.16925736979023150997 0.1405554160666404595 5.6916740073773191 1.1447435477035228235 5.2307302786434730635 5.3725834017259792574 5.5062752304705577799 3.03837e-09 5.23677e-06
17445585.21560575068 5134 3.527178100958958229 0.056954611305451187386 0.31676407923684130052 3.465482491134876053 3.4507130673924653053 0.61089570074685162204 0.57894852988856648768 0.54778614928942603868 2.31886e-09 4.78566e-06
17445585.21560575068 6863 3.1249493083777712954 0.10208091329797136515 0.077082547856944627629 0.77169003641668232341 1.660739625473472314 3.2278426524651462337 3.2371328337301421563 3.2468708321623194202 2.72515e-09 5.05026e-06
17445585.21560575068 4313 1.568349038873287471 0.20529166837257262213 0.072836268143556787136 6.1041663824398915139 3.4923206987428190295 4.1548323519146528326 4.3405990285363422743 4.5318648782392489949 1.98502e-09 4.544e-06
17445585.21560575068 5577 1.9756034503648483014 0.28946455914621604943 0.036819507712287494194 4.81125070968495816 2.984716947595506209 5.475532772428959305 5.6688649109957207628 5.8357132400714277765 6.01747e-09 6.5764e-06
17445585.21560575068 5417 2.0258433939747431118 0.17631179230464796848 0.1948445825095963535 0.97896803556334610619 3.2899526817957136515 2.8154664631856283208 2.7533222255899776343 2.6865726702376488966 6.2485e-09 6.65951e-06
17445585.21560575068 5880 1.844214237433986936 0.13465182768998346097 0.16863580093159011297 0.86106749208625710246 1.7676493305046452331 2.015843401239449495 1.890255864102622585 1.7624167064605431587 2.24295e-09 4.73286e-06
17445585.21560575068 5030 1.995240329310685512 0.26973514966990796982 0.38779067807684480806 0.37500090748544101515 3.2813798308898118883 3.8404331011823704678 4.0373867749699483554 4.2479705095438964335 2.14686e-09 4.66428e-06
17445585.21560575068 6137 1.9494581681481006896 0.128783429686960188 0.022336520959809230691 1.8578449745351504063 0.57172010178144927472 5.9557270363967056426 5.9949170546807879489 6.0315291999280198354 2.35406e-09 4.80975e-06
17445585.21560575068 3887 1.5546555460293460804 0.4789958074339473737 0.20533055999821220317 6.126925483668951955 2.3879714748216058773 2.4516851903885559238 2.0528269080560033188 1.6284100792949405268 2.52093e-08 1.06016e-05
17445585.21560575068 3103 1.1912157900498161478 0.257107567766863776 0.16117491596419980526 0.93187580646516043892 5.7615815378365065058 3.1778898703024816008 3.1888058690368077386 3.2009402347599347216 2.18756e-08 1.0112e-05
17445585.21560575068 5607 1.4260144535283074685 0.13824163111023052286 0.11176888777109451889 0.90538191391956901466 3.1655647206055466114 3.3382947721005602482 3.3674247764133422578 3.3983794876157329412 1.18158e-08 8.23514e-06
17445585.21560575068 5029 2.0543662949077394764 0.22251803220740076772 0.14004608930316836402 2.2271766699510679999 3.8557717305226804072 0.81444365363118320644 0.66259814685490925346 0.52571233064501787791 1.87308e-09 4.45693e-06
17445585.21560575068 6282 2.8033661491685419875 0.10630209029100534668 0.11713309072051117377 4.5952484603375509664 0.85142010113341326516 0.27012190918899575687 0.24306628009141872937 0.21748150377853484039 2.68214e-09 5.02355e-06
17445585.21560575068 6604 1.6416946149092375151 0.24861119971818410046 0.088738647995724548312 0.033982089852744132297 1.2677023518929806389 2.8347176670928764253 2.7480308835141147306 2.6526933835771711045 1.33847e-08 8.58458e-06
17445585.21560575068 5362 1.5860287111673871951 0.24286082539114320356 0.021142103122417370276 3.6783701546676077498 4.2267426493092825623 5.8327082115224984094 5.9292573446414733596 6.0134292573810679272 1.49782e-09 4.13686e-06
17445585.21560575068 6068 1.5543997076409485913 0.18008655119021718671 0.189823867833939397 0.13178464238540871234 4.5280875391924633178 5.587979148409017327 5.6965964670723963081 5.7962785727715555595 2.08722e-09 4.62068e-06
17445585.21560575068 5877 1.3955049343664209793 0.07963268097868062001 0.22058591226170071176 6.2626146993102276284 3.1256145649627962158 3.9526730375433207776 4.0121167120718652654 4.0730091761363578229 2.13222e-09 4.65366e-06
17445585.21560575068 5479 1.470676311108294998 0.33241727659014425056 0.17976076379838115682 5.7313662680009356265 4.2345842769734751698 1.1301902389787563674 0.84374018235144476741 0.59537982031855651854 2.12255e-09 4.64661e-06
17445585.21560575068 5257 3.1596406969728034753 0.074033754423746253592 0.17764250238143569627 1.5168890545849162965 5.4162978026434291934 4.7170244806747980704 4.7911125181613449797 4.8649169828138507654 2.20895e-09 4.70882e-06
17445585.21560575068 6565 1.6855525173685628193 0.14690382239930485642 0.10817496190236634834 0.42327633026730465682 3.615957824357785455 5.4496513233305092783 5.5537329064054192784 5.6516386450220883475 1.41094e-08 8.73682e-06
17445585.21560575068 6327 3.0368689021084835922 0.10019803362116028178 0.14401635761498898791 2.7469778380749523272 0.44372210204122652932 0.38131349165718386729 0.34560057877961658512 0.3116573119356537136 2.25041e-09 4.7381e-06
17445585.21560575068 5595 1.4623189433688155159 0.4091597500199572468 0.091533028895326634666 6.085998355153399153 1.0912886774303296455 4.3752996599284728063 4.8032047492585858706 5.2106783852970863791 2.78921e-09 5.08953e-06
17445585.21560575068 5226 1.1853174129269166137 0.16564913755268212414 0.21466375175418275778 5.7612290488723454374 5.0448045316973919583 0.26019571305385419402 0.22048855769817227168 0.1842600346016292634 3.2729e-09 5.36819e-06
17445585.21560575068 6709 1.1970167930573363257 0.19374607386475425908 0.089797403949338480689 1.2615445536974037033 1.427973198522378917 2.5254309675369492894 2.4027423141620931624 2.2722662530563315642 2.29225e-09 4.76728e-06
17445585.21560575068 4581 1.7508734586161900371 0.22132733637307758223 0.2183302169935631698 0.31527486468991400281 1.342627840272398787 0.46262752680071506095 0.37178649081223835715 0.29138259684258838167 2.62777e-09 4.98937e-06
17445585.21560575068 5923 3.0042719883767583511 0.083490748444545404006 0.12849835113231256045 2.5776186260913855897 3.7683103297986533242 4.5169375025098563725 4.5996064886467680211 4.6825668031176617134 2.22479e-09 4.72005e-06
17445585.21560575068 3796 1.6709037480509119078 0.18590982197378869145 0.16765885767419516639 0.014209109405958986194 3.6394734770260912526 6.1990678202874622826 6.2134782106646779809 6.2264269521267019414 8.15222e-09 7.27683e-06
17445585.21560575068 1253 1.4992032711282321511 0.25807167302002131937 0.096325168884528342139 6.1494153507158735295 5.4269090979054004364 4.6425399325024763186 4.9053163653020881441 5.1586000772953291005 7.26401e-09 7.00233e-06
17445585.21560575068 5026 0.97672697027199839592 0.097013827243711353576 0.089171501746745748807 1.2116874886426343139 1.2204139191228779993 2.6385535889264217779 2.5895975050043653631 2.5387247054191175444 2.52074e-09 4.92069e-06
17445585.21560575068 5437 1.9320136384326618284 0.045700290545159810707 0.071133768651979234487 0.88551691364870743772 4.6169127581677162908 5.3429838162081635389 5.3794189451584033534 5.4153239522535994155 4.54448e-09 5.98887e-06
17445585.21560575068 6001 1.8033303446029345096 0.14082779308890031045 0.3460725804103931269 1.4245045501011066591 5.7655128473297558855 5.2772709979269123437 5.3923266363828652459 5.5018360067748721676 1.89847e-09 4.47697e-06
17445585.21560575068 1517 1.5068213938478145497 0.3258963351076082926 0.11283939477991504485 5.1909022475633976867 3.8624941040876179521 4.061432446063067303 4.3559244954805809158 4.6613338276412301653 2.17631e-09 4.68551e-06
17445585.21560575068 5753 1.7470976173424594968 0.23863799891773618267 0.11616311232040896217 6.0025253764930512901 2.8251965073070741674 4.8351997885474329308 5.0709025729445347253 5.2943678277242103292 1.44813e-09 4.09059e-06
17445585.21560575068 5766 2.1387952704191035558 0.55380782762061342428 0.61519092418933207789 0.82947992327279063129 5.5242428539865802151 1.9657754752278493449 1.3543189393671550835 0.81343691372651760751 1.13863e-08 8.13412e-06
17445585.21560575068 2957 1.4260002248171503858 0.22194096214022124292 0.22716707433394006665 0.49059867156777914321 4.5982571510054599528 2.2484612981779195096 2.0606609139256053531 1.8648209681215752731 2.55608e-09 4.94358e-06
17445585.21560575068 6197 1.7911901359387201182 0.072704702136790352873 0.1105956369644162246 5.3057809336728825045 5.2645356139456573885 2.1288362388478918596 2.0658865511436070861 2.0019118045471326894 8.02678e-09 7.23931e-06
17445585.21560575068 5211 3.2208413397734223516 0.031313522011452432636 0.30026662860240344033 5.0740559617581437735 5.6891323655153733796 2.854744105760925077 2.8457472895503901356 2.8366178762891220977 2.07199e-09 4.60942e-06
17445585.21560575068 6154 3.1712945825302254477 0.091476288607607508796 0.21797533625613216279 1.7552952076455092811 4.0075439484165666926 2.8734327385810694011 2.8480227715581940551 2.8215521669321375064 2.04677e-09 4.59064e-06
17445585.21560575068 6209 1.4018155757133712314 0.1923461563839692634 0.25764292263147980933 1.472838061382956143 1.7122316132108823528 5.6533708687649815161 5.7593111003686097149 5.8555300553229034932 2.89646e-09 5.15394e-06
17445585.21560575068 6392 2.9831518427675516314 0.23935793559286783205 0.15302760568541318165 4.6828906453847318758 3.0278770331814386374 2.1522135401953823575 1.9355809613298515792 1.7119726309208986859 2.75286e-09 5.06732e-06
17445585.21560575068 6347 1.3294890952393838557 0.21050827169829494645 0.10624177541384975665 4.4133480073711446323 1.4764327755723372082 3.4860281774860988335 3.5658772096739195234 3.652536913936846652 1.50662e-08 8.92999e-06
17445585.21560575068 6735 2.0327649501255473652 0.21996552372200345316 0.17904865965180227771 1.5914936178617522522 2.5050489075210102818 2.5784103542273086873 2.4473501659320602286 2.3066154659209257005 2.32036e-09 4.78669e-06
17445585.21560575068 5485 1.4777139787240454183 0.32289388640903449179 0.23128356356921034309 5.7122962948804891781 2.2206129894483872533 1.8668850576635922511 1.5364409222423500712 1.2137375719211358494 1.60307e-09 4.23156e-06
17445585.21560575068 6816 3.1210813529502781094 0.10887566432142246897 0.16517163077534191551 1.0659302902666853985 0.40095784955774960157 3.5610876764047598719 3.6078906158682739758 3.6568392168514853857 1.76213e-09 4.36713e-06
17445585.21560575068 6572 3.0087966671138026697 0.10165643013565379971 0.14369720676025007911 1.2118616536259187999 1.6568648908640162265 4.9594913999392540305 5.0570219838756296227 5.1527009657242697216 1.66053e-09 4.28153e-06
17445585.21560575068 6740 1.9860561576041482201 0.14330834395259015035 0.090165821257571485137 0.087846224473316247838 4.6919104727360885221 2.1995663667532174834 2.0780603881430712576 1.9527978804799344115 8.24013e-09 7.30289e-06
17445585.21560575068 6480 1.8428173246888615022 0.23507566827447579083 0.069165238519699717701 3.8061959635639879274 5.3378384705466341842 3.2418928973809872929 3.2689769853758092744 3.2988410230008993196 5.51174e-09 6.38675e-06
17445585.21560575068 5642 2.8413032921414211884 0.15911852630606834746 0.065110284061034709446 1.2751342748550427153 3.6589715913611429166 2.3905600824895816281 2.2746189084735228825 2.1533110762346896472 2.80041e-09 5.09633e-06
17445585.21560575068 5478 1.8512009480528490712 0.28265799698394372674 0.092217311206683000302 0.20455490702908021849 0.11263199048190496165 4.2619562705341955677 4.5373725968913198869 4.8157126216359635862 2.28234e-09 4.7604e-06
17445585.21560575068 1447 1.040308336193442873 0.26026462101164776763 0.19866370025728302684 2.119472980632743031 5.8471874405000558994 3.0159951020358399809 2.9778081085574288345 2.9353711128923714035 2.94046e-09 5.1799e-06
17445585.21560575068 6815 1.6794548316195885285 0.16306741267413316088 0.26258533210050055695 0.26624559299819200442 5.3282679732877236134 3.7990189007236900842 3.9062061275489452505 4.0190908670641682932 3.57143e-09 5.52668e-06
17445585.21560575068 6617 2.7298019620624121018 0.11780255507644550594 0.047909287033529056321 6.1465729679086438253 3.0345352445415669784 5.6353411214196755807 5.7034423849077029445 5.767975670991273951 3.93262e-09 5.70704e-06
17445585.21560575068 6667 1.5749764743256526867 0.39616298425691504059 0.26709815467574948844 0.066531048050601615529 1.7738313293216110278 3.5957382068755046056 3.8173305010410722993 4.0651198262498429159 1.85586e-09 4.44323e-06
17445585.21560575068 6040 2.0304083550992633178 0.028896284581727642998 0.13618772173982160445 0.37098421798405506467 0.70254974985372065088 3.3450186113862239168 3.3509414359921660953 3.3569467469461629072 4.48499e-09 5.96262e-06
17445585.21560575068 5950 1.6081224098145316947 0.074233168584880646068 0.085844465610980538739 5.3534267428265742694 0.33908263398678317735 0.74834159686496559694 0.69911283468095419824 0.65134090359466312314 6.81029e-09 6.85339e-06
17445585.21560575068 5158 1.8041811895183688108 0.11737055015473414621 0.090460133934187197946 5.2528630056182699093 2.9741212800260847793 1.1461439811429232627 1.0414649489612541888 0.94015715854345049962 5.85576e-09 6.51695e-06
17445585.21560575068 5252 3.1486192795258589605 0.13376898589748972834 0.21158101106064108876 4.9421111359771874305 2.0953091333361308912 3.4444474770706965394 3.4872632741777489507 3.5325879127665413826 2.42859e-09 4.85999e-06
17445585.21560575068 6104 3.3731063270545194044 0.042730005462392452176 0.12861378063454392828 4.2214668180134200526 1.3717066158602893022 0.64843692006539843664 0.62305255560870875797 0.59811887704230204399 1.75259e-09 4.35923e-06
17445585.21560575068 6267 1.6241508592211699735 0.18460772108917533618 0.13081664678945137403 3.6286080692243629642 4.3485446598331218837 2.3781605555529710117 2.2403494367420151434 2.0955986887712367839 1.78459e-09 4.38561e-06
17445585.21560575068 1284 1.8687435242119281309 0.22084132051438337685 0.21137728342998438058 1.3497642354397649811 3.2740262779661026826 3.4299175302745301686 3.5011009342904646502 3.5787960008979244897 3.64405e-09 5.56389e-06
17445585.21560575068 6952 3.2080194190418018785 0.15746848886520495303 0.12432935711632989162 4.7660392533982012253 2.0112669194200658573 1.1985102753897411976 1.0552878399995491154 0.91828361544827952212 2.57429e-09 4.95529e-06
17445585.21560575068 6978 1.5228670511717603553 0.29403487726591243101 0.17697975476417096563 0.77803247641903727772 3.5051085084680888571 1.7447081930882475387 1.4429638388039924823 1.1513281250572027226 2.46129e-09 4.8817e-06
17445585.21560575068 5517 1.8801183780477579432 0.14240140023307426564 0.17072809962305313114 2.7210560775351275709 1.6968947273927428299 3.2011240195229477834 3.2102948461787743639 3.2200704402459638942 2.41819e-09 4.85304e-06
17445585.21560575068 6425 1.0672103568343678237 0.2523553726401788766 0.16821947357419708702 4.7198804403140890429 3.6544726994376421914 4.6016985050760252918 4.858871886004170193 5.1085246712345186992 5.02719e-09 6.19382e-06
17445585.21560575068 6573 1.7435667441270885636 0.16739500069293447582 0.24408412515808236565 0.73219932869717629931 2.4232898867505463514 1.2595948597807371527 1.103464163341789428 0.95401836938260820009 2.46875e-09 4.88663e-06
17445585.21560575068 5342 2.1438362525431373662 0.25690535138511050306 0.27977609229615757469 5.0114718663603401438 3.4679133107845316886 1.6155649419283388823 1.3544943327232195074 1.1035754440125422615 2.15151e-09 4.66765e-06
17445585.21560575068 6180 3.0824843407896693748 0.016797274672574163956 0.14658150789775592493 1.2934810172301154374 5.0059559488436207175 5.9400995585864384552 5.9457061086586637799 5.951267846510810422 1.88472e-09 4.46614e-06
17445585.21560575068 5820 3.0838328920895454743 0.18004172748097760359 0.092428395648955524733 0.18759715370537741186 0.40141775745629032501 1.3988846273708763768 1.2232230302565221258 1.0539474276615559134 3.12834e-09 5.28796e-06
17445585.21560575068 5678 1.8677930101998352352 0.19422902552829876544 0.061336066603272960951 2.68693031597733345 0.52053346688373502982 1.7109330456429807654 1.5146951674242337127 1.3207717141369785807 1.85255e-09 4.44058e-06
17445585.21560575068 6119 3.090832905166217337 0.067299547882389967879 0.17546118777225713781 3.5356354737869901683 0.99454536407547589061 1.5371739298985378497 1.4699375968106067614 1.4029800606223066239 2.96829e-09 5.19619e-06
17445585.21560575068 6350 1.4334125149189194115 0.16842505946245936443 0.15308284491132187477 3.3431828430022680898 5.9429196944026587701 1.4462979729275804441 1.2801121337018555035 1.1187528415417000716 2.60101e-09 4.97238e-06
17445585.21560575068 5289 1.9808574697777538987 0.11164999950762302672 0.050651195582465571854 1.8873534747436111481 3.6618482845806918924 5.79416922122846767 5.844293153826637166 5.8917373560228449847 2.13423e-09 4.65511e-06
17445585.21560575068 6619 1.8920847195121892614 0.12091555505955479954 0.17084973585371135418 1.2208337355656520007 2.6061127507816221893 3.9450358657284434472 4.0361638035614113562 4.1304707729469836153 6.69672e-09 6.81508e-06
17445585.21560575068 6054 1.9986735533464470294 0.26087068307101085596 0.17383238915842605388 5.774566540953508742 6.1068916171584941566 2.8771963027152902548 2.7976704029211298952 2.7097094422818033266 1.03293e-08 7.87422e-06
17445585.21560575068 4296 1.5577532082889875564 0.22276172496319868177 0.097568335634503886022 0.010912602761657064221 4.015404199112392547 2.5908346001312505535 2.4604032670641755587 2.3201263297808849551 2.40121e-09 4.84165e-06
17445585.21560575068 5360 1.5361856837816634247 0.12630453791219189985 0.083706955035026911482 5.3702789846425567077 4.1282681717976998925 3.9928287210623407688 4.0922810117632320015 4.1950696300155581042 1.47972e-08 8.87652e-06
17445585.21560575068 6823 1.8117644195751692049 0.071647410094908423051 0.15282178790446390715 4.7887609258240333432 5.8552662703633826524 0.16969795450595590025 0.15799609064186773133 0.14672311765479373324 1.69817e-09 4.31364e-06
17445585.21560575068 6677 2.2512194714976945242 0.13076868255574233824 0.21930938181508655149 1.780745004551021804 5.4854857428093328764 5.8037660585543191516 5.8609942067629061668 5.9145780007227557462 2.33048e-09 4.79364e-06
17445585.21560575068 5841 1.960885726748921698 0.10913935218555291529 0.088487109984096312676 3.3934218643110205527 4.4150521858473323888 3.1704201993973040175 3.1737580176851021285 3.177267919381936867 2.76225e-09 5.07307e-06
17445585.21560575068 6791 3.119813915069764132 0.32792729621024985232 0.17573046850694179488 0.73478068016651698624 6.2782908085955169142 3.6496185945514345583 3.8414324295927064767 4.0526488050257150064 2.20531e-09 4.70623e-06
17445585.21560575068 6266 2.9691596970210669681 0.18893121707273657917 0.15589784011736770863 5.4547236350867747134 2.0184015585863988029 5.5052270420236482096 5.6303573713707955051 5.7451208537144760058 2.89198e-09 5.15128e-06
17445585.21560575068 6897 2.0014198596398862229 0.34577540613615204146 0.087750633612469194911 1.3124247278162253227 1.147325891464693326 4.6887767124752448566 5.0432072825476446098 5.3702336610172709541 2.6229e-09 4.98629e-06
17445585.21560575068 6969 1.5442511133577749849 0.29486811638433435556 0.12559763964598261166 0.39644483283467540913 3.5118287066030089427 2.3478435896547598105 2.1085537614430522879 1.8553034763137794538 2.41679e-08 1.04535e-05
17445585.21560575068 6004 1.2697918154509311162 0.34116977888352539861 0.015123143959903051492 4.4840938438151596301 2.9941986548374299737 2.8123701655519770526 2.6761653599586785468 2.5230467648972645378 2.14847e-09 4.66545e-06
17445585.21560575068 6778 2.9860354370525938883 0.049989186464224073803 0.10903441206799775742 3.9598545645398197657 4.9041057515229251607 4.6372365232330174933 4.6871992340081396478 4.7371725616586131125 2.33115e-09 4.7941e-06
17445585.21560575068 5681 1.3512684998050024099 0.51057477375972326605 0.26025192242249584051 1.4654439618390524558 5.6002526841971613791 3.2879324314683682218 3.3977357980672526772 3.5270906433079476372 1.72101e-09 4.33289e-06
17445585.21560575068 5931 2.7236317728885159895 0.25906883289786858393 0.46453912744700864845 2.0853219123377311206 4.3957052978125599196 1.3535724834157729646 1.1046005416767650242 0.87317831457131067641 2.66585e-09 5.01336e-06
17445585.21560575068 5323 2.7949100066393137709 0.091972980001821080798 0.11322532364485972389 6.0559311349046538453 4.9503247086968391599 1.2783127004962295814 1.1912710076766304113 1.1058427697662429612 2.25995e-09 4.74478e-06
17445585.21560575068 5788 1.6172811662299999558 0.21674484975444627266 0.17516886016413515947 0.74269508881898538277 5.149175250917717328 2.4967669801401424223 2.3525072867831142709 2.1986814695881471415 1.43499e-08 8.78617e-06
17445585.21560575068 6138 1.5726848097209882305 0.14017565380722377122 0.02732997994780037021 5.6858685442866541138 4.4360641908246849496 6.0314446731339188545 6.0642905189195683846 6.0947297906427539971 1.20875e-08 8.29778e-06
17445585.21560575068 6726 1.5497739511769113019 0.24165876779945832942 0.038330928189259323713 1.4880520180465901525 5.0206906537108277888 1.8019918091712179287 1.5575447615754578479 1.3159072115863086339 2.92983e-09 5.17366e-06
17445585.21560575068 5559 2.3478975052927837375 0.29380241515220800741 0.34202538159010381635 0.62649922225682064258 5.1846738962847398469 4.2991806657531590474 4.5899239457494385164 4.8815259350783817283 5.44342e-09 6.36025e-06
17445585.21560575068 6737 1.6808268032227129396 0.30106154692612807633 0.22790526210475353652 2.1974881426690853203 6.1662403550523210427 4.8279229413385795766 5.1264976053981712312 5.4021120305362257952 2.16814e-09 4.67964e-06
17445585.21560575068 5663 3.1719369851651300074 0.059049125411704241062 0.30373539624968393102 2.7816865953690550484 3.0350214268262258877 3.3188673575245140057 3.3296017587599431309 3.3406382443039119856 2.69499e-09 5.03156e-06
17445585.21560575068 5227 1.8716628130608565783 0.026471291584927052198 0.08332173920261755351 2.5806687860933061884 1.5284891997972114286 3.6451025576354330049 3.658026949775364578 3.6710980129467536415 5.94474e-09 6.54979e-06
17445585.21560575068 6118 1.8758115734424791743 0.082451508312225280095 0.22633820561029255325 5.4320188137791660665 3.4068914415043476396 5.3735387720446645687 5.4370941315622403067 5.4988251564981167618 5.68798e-09 6.45411e-06
17445585.21560575068 6356 1.8392525227871399096 0.20230533363885941367 0.15954656054782292984 0.026791947250138919978 4.450225609517719505 3.2913751379721585266 3.3253053630121853779 3.3622627151764707953 5.8318e-09 6.50805e-06
17445585.21560575068 5831 1.9928303521979175983 0.25647359986363127415 0.10976570037217650566 3.7783631759999058985 4.748127243594698399 4.0356048174640797299 4.2561383237121930279 4.4863774209735032272 2.32205e-09 4.78785e-06
17445585.21560575068 5138 1.6615956480083111657 0.079193487202126267022 0.046946139068739692335 5.0839829865342398563 5.7047728965094526288 5.1787034470022348387 5.2482835714883302458 5.3163750968241902939 2.37553e-09 4.82433e-06
17445585.21560575068 5736 1.9593871887781455499 0.22802135805786452605 0.12426592524773155679 1.6299536588423146899 3.6646253370455190712 0.35183130323898664793 0.28002434729709690941 0.21700402152814368684 1.87923e-09 4.4618e-06
17445585.21560575068 6132 1.9473130936180691464 0.29586596910902285273 0.12218119671446332763 0.076496328655437692556 1.9316068767643086446 0.85801827961231480479 0.65042149011190109054 0.47126816829888501514 6.69157e-09 6.81333e-06
17445585.21560575068 4460 1.6743012990835026699 0.15467448165279237826 0.12123909773750844721 6.233500362850337595 4.9377392490842151318 1.1265058733063224583 0.99075791015196890132 0.86138173984885491041 1.068e-08 7.96233e-06
17445585.21560575068 5256 2.0073159405568743452 0.31964873323285258877 0.059936897219698997974 6.1635417660166327281 1.0354335522444422235 4.0792378119706382833 4.3702619057288432103 4.6713848153142372155 4.61883e-09 6.02135e-06
17445585.21560575068 5698 2.0027399741891085405 0.29498143847325974942 0.19857348459991910894 1.1068565755076993362 4.6841632528327039608 1.0899248815832747184 0.84118210537746074262 0.62129361650758208047 4.80918e-09 6.10296e-06
17445585.21560575068 6504 1.917391679059661902 0.15627798932722430925 0.098246567493486133826 2.6309837342865018961 5.2979964225277251799 4.4654187763645190046 4.6205676852670514165 4.7761873357321018574 2.41361e-09 4.84997e-06
17445585.21560575068 5667 1.8919282287036718326 0.22527389204140008117 0.075261666388806741645 2.3209352467707122791 3.2334615495114449324 6.2486766798866248962 6.2557442374420517694 6.2619252182296829545 3.20823e-09 5.3326e-06
17445585.21560575068 5828 1.7598376428117077364 0.31585576952562299802 0.17347306085811267651 3.005382476908801781 0.8225606587331476538 6.2273249460415920353 6.2429017656547918236 6.2556221136576732889 2.18531e-09 4.69196e-06
17445585.21560575068 5964 2.2814020235464584907 0.27749294273546004641 0.28087518019645146827 1.9321774548240022717 1.2505191311023440282 3.1932746083496001965 3.2103031224212990047 3.2293547934550783651 2.1711e-09 4.68177e-06
17445585.21560575068 5425 2.0406022372745002968 0.11573735018685116227 0.023232137471297185233 4.4851870905995099292 2.0325188336545263468 3.2424774681074848282 3.2548900160511782254 3.2679747174118256581 3.49187e-09 5.48533e-06
17445585.21560575068 6143 1.7017864595529730298 0.15430947308388581751 0.22774224539306306414 0.37233204772837158458 4.0596556892060799981 0.11565378037553585011 0.0990224861987801519 0.08376733768574123884 2.16561e-09 4.67782e-06
17445585.21560575068 6182 2.0664725811807538314 0.21304611459581193622 0.041784242158340978435 2.1818693164354616698 3.8306425397568086844 3.0455550754812010794 3.0224068140585318432 2.9970748082153697567 2.64006e-09 4.99714e-06
17445585.21560575068 421 1.4566649465772534278 0.23107211778323721862 0.2273411848896053078 5.2361905057802591301 0.17187297429876705057 4.0674551970509753573 4.2681485201891167236 4.4767921670115828903 2.69558e-09 5.03193e-06
17445585.21560575068 6415 1.6506319660600659027 0.12824179629677440184 0.17959827605561032304 2.0617269037709329282 0.11513342296300237144 2.9721978559189539126 2.9490183587707603508 2.9244746442314708545 4.5356e-09 5.98497e-06
17445585.21560575068 6920 2.27062121017317331 0.21209570198711599764 0.35138715182258023484 1.1316477114262155634 1.8699948441239158115 1.9870081166296444941 1.782606628348221145 1.5752508544599426177 4.48089e-09 5.96081e-06
17445585.21560575068 6103 3.3371607703493073593 0.02918912234632393965 0.090045439660939294302 2.1956358685572499034 1.0080011672457547256 1.1670043438101755928 1.1403116490651870052 1.1137856373090364581 3.07621e-09 5.25842e-06
17445585.21560575068 5534 3.2666263611447310389 0.096059333726351517346 0.13959060342594900583 0.46382686749146334604 4.2977542344149739506 2.2166250512247773763 2.137481171977330785 2.0564373232889558984 2.18919e-09 4.69474e-06
17445585.21560575068 5578 2.8653878379897097517 0.095787078581704834801 0.23495112184501579233 5.4312632153977702387 1.8794451119572848086 3.1851105089408493498 3.1894976374378045669 3.1940845610080312866 3.04211e-09 5.23892e-06
17445585.21560575068 2992 0.96101080698955099191 0.126268872074160321 0.096446328865207694991 3.5463553113150023677 3.8446662579750197075 5.7647164771253827098 5.8242445123222399417 5.8801814654076336453 2.07761e-08 9.93967e-06
17445585.21560575068 5643 3.2563410132923009677 0.047909157972224510058 0.1118960526198415073 0.031441549116118322482 0.9874730140920940924 2.7734985146389785626 2.7558549686147184588 2.7378294967169516383 2.47115e-09 4.88821e-06
17445585.21560575068 6683 1.5353824166737564116 0.33422872501622069574 0.1769154952911470291 1.5394830083232695639 2.4960547123801952729 0.91347759764048974684 0.66820967569448874723 0.46112767486367656211 2.07491e-09 4.61158e-06
17445585.21560575068 5234 3.1151882563713284569 0.22582769106666258918 0.062422782696070697184 2.6952858761366860207 4.5169251594763748514 5.5544965951975111551 5.6946323808477830042 5.8200024320709129455 2.35138e-09 4.80793e-06
17445585.21560575068 6292 3.3517945272443121496 0.017883803674555380503 0.27124830391759785497 1.2769988358253669958 4.7403543684679263492 5.4668226165844489017 5.4797753506951272229 5.492646818780284157 1.7586e-09 4.36421e-06
17445585.21560575068 6557 2.0134951078289589077 0.10569694344434601985 0.11562025909081596886 5.3665157861525303318 1.9339657128555332033 1.2590432300751808192 1.1598537192205398139 1.0629566082805279592 1.93092e-09 4.50234e-06
17445585.21560575068 6401 1.4777085049089384583 0.12768846513961826239 0.092803173735188301818 0.46507036968677190059 3.1899491661431311762 1.2766935417988678481 1.1563695604245600723 1.039490269619317786 1.93159e-09 4.50286e-06
17445585.21560575068 5864 1.8379425231897048576 0.087832873208870398951 0.13105345996468772962 5.0752665218404757752 4.5464610784008669953 0.40623162429703657539 0.37281132804322048013 0.34081951466295545838 2.76427e-09 5.07431e-06
17445585.21560575068 6243 0.86802602867277034449 0.21680671550340613329 0.17531219008930495895 5.8220874958043768999 0.92343530323601452636 1.4170415128706710384 1.2045992958530391537 1.0021677734284333283 4.7797e-08 1.31215e-05
17445585.21560575068 753 1.9060522544641156362 0.24820003460950604279 0.11745897354913142907 1.8943484780705193149 4.010798859444423492 2.0748122541708964306 1.8407808265210516829 1.6015718305553563461 9.5243e-09 7.6641e-06
17445585.21560575068 6135 1.5328486792158411145 0.27287031079354184815 0.19656424337843636518 1.657094699641654012 5.270369534969107761 4.5932843654341741768 4.8722785532946470965 5.1416683679106647276 2.38172e-09 4.82852e-06
17445585.21560575068 6402 2.9851754348719796717 0.25175975617641749293 0.18788737781685024841 3.1495301425262081096 3.6709743991011598574 4.2627008876621017563 4.505513046388941234 4.7519046258261363747 2.16272e-09 4.67574e-06
17445585.21560575068 5191 1.6810578503571738107 0.22585661081845129217 0.037439202305296723217 5.3741532748689966326 1.6328609196858154817 4.1036332797794372595 4.3038112077091064123 4.5110768399928158345 2.79475e-09 5.09289e-06
17445585.21560575068 6242 1.8073373030183645938 0.431208286267204699 0.28797695012602120279 2.4521415450030712435 5.3631302703297292211 2.3381686332488533786 1.9556548801487876332 1.555988813812981153 2.33848e-09 4.79912e-06
17445585.21560575068 5118 1.9042377135756549666 0.34691999282060181908 0.05733180252113850156 0.78129122362547331893 6.1384798845005548174 5.4702557167104606251 5.7007807567210786459 5.891598432598297741 3.95744e-09 5.71902e-06
17445585.21560575068 6395 1.6834966253313123907 0.15202634539007109371 0.097850355670060146229 0.95174151197008705072 0.66435689544628528935 1.9534919576276945641 1.8077281211966618191 1.6599489780494309787 2.27089e-09 4.75243e-06
17445585.21560575068 6129 2.1904022403782956729 0.2083957605891957332 0.07371870972225395835 2.1562735699213120277 2.8540124828067794382 2.2210022616096130044 2.042338463728848641 1.8566851793068863685 7.14833e-09 6.96495e-06
17445585.21560575068 5885 3.4846423643891411004 0.023285288508446702616 0.24776562245664085493 2.5853753083880186558 2.1065691557955501523 5.0054434207234379528 5.0276633267412105255 5.0498009147237228333 2.25928e-09 4.74432e-06
17445585.21560575068 5080 3.2240468554026153747 0.14956506905808783503 0.20043124820384247697 2.7217791415217007511 4.9963735047447821458 0.19465813963811079423 0.16756483364093410771 0.14262010415927903195 2.57476e-09 4.95559e-06
17445585.21560575068 4427 2.2012755052696224567 0.39248685442284375613 0.084527739501133583588 0.26250818715768575728 6.2679041916740896312 3.107964221136314098 3.0906863616023128039 3.0707149396238833106 5.29375e-09 6.30141e-06
17445585.21560575068 5240 1.6422874131151761201 0.2346367824507419042 0.15842765940341591024 1.4734734540982181716 5.4371623266418680487 0.13644474902766232094 0.10749222902140559421 0.08231914110104826543 1.54708e-09 4.18172e-06
17445585.21560575068 5494 1.7657432670953809861 0.31238848710057248725 0.052888681869683602799 5.9267553121843130626 2.9601605501411554222 4.0798260067799905215 4.3633593000715960031 4.656912320552541118 2.97785e-09 5.20177e-06
17445585.21560575068 4963 1.6699257384990355835 0.15963009826123406021 0.16507304245819615085 1.4765089095308836509 6.1929822686203470639 5.9839527706496387083 6.0279299504277421562 6.0682353529752406374 2.1769e-09 4.68593e-06
17445585.21560575068 5818 1.4403021746998927455 0.23628817506445326524 0.18409796800469205302 0.72821125332233049843 1.0441271765919029058 4.3513298582719137642 4.5844091727147127102 4.8187649254452766812 4.47796e-09 5.95951e-06
17445585.21560575068 5310 3.4842536916050734774 0.015305417788521201439 0.32502766169346281044 3.6924676172363448678 1.315775407874309133 5.9476925918544942817 5.9526957918507372725 5.9576624931603632263 2.51895e-09 4.91953e-06
17445585.21560575068 6997 2.8424831850364795649 0.11627898458686462824 0.21122193619577078749 5.4244667001821742502 4.3583121857526974097 2.6214460912134063264 2.5603848818971743917 2.4965437899720805959 2.77488e-09 5.0808e-06
17445585.21560575068 6793 1.4006430013686341773 0.16052775950249253967 0.22487896471079160676 4.9690450040725524516 5.3374892403429612386 2.6646233904910130441 2.5847529531034036943 2.4999130738787793682 2.0508e-09 4.59365e-06
17445585.21560575068 6702 1.385139913162951153 0.029712154038102830955 0.2215033660646482383 0.58174896105374229727 0.62937696051945024589 3.2906347227193295524 3.2951134874590488621 3.2996570254193051674 3.70623e-09 5.59535e-06
17445585.21560575068 6411 1.0132054749914047864 0.23426132702221197368 0.04547783084977590623 2.9809484084980555352 4.6192499553574908333 2.7821727074844790906 2.6882286066846794448 2.5856239695302631887 1.36815e-08 8.64758e-06
17445585.21560575068 5401 2.0074440249713307871 0.10807559303599520439 0.10357833277015529583 1.0636195735276297025 3.3891582622475913134 6.0552113560612905729 6.0784791449110837647 6.1004486937577935279 1.17442e-08 8.21848e-06
17445585.21560575068 6159 2.0379520932955883517 0.26829497159429782638 0.19986342408395116332 0.39537668871200404297 1.3691988327405983927 2.9956493099939351943 2.9496980941479900018 2.8985291400091992564 4.4573e-09 5.95033e-06
17445585.21560575068 5740 1.6763745811102113148 0.22900953282698863211 0.043467720200740640746 1.2881943320446465062 0.13425897450458473825 4.6631643664701343255 4.8952605333371339569 5.1204514568541377173 3.09097e-09 5.26682e-06
17445585.21560575068 5902 1.7816353522892454109 0.1264700609628542638 0.087915805434342741975 6.2307468938339418685 5.6009915947753752263 2.1446614182116041647 2.0343278714181476374 1.9212030463071749775 6.63699e-09 6.79476e-06
17445585.21560575068 6272 1.7166299982183808037 0.076101982971750137263 0.020532152056731749201 4.778712666216415883 3.07629055680988861 5.129644238614469387 5.1982315681876265501 5.2655271677113626438 2.92426e-09 5.17038e-06
17445585.21560575068 5691 2.0065923017431268605 0.26946517081138005034 0.10802870553452892377 3.4126164066701729638 3.9911242299252287502 1.2841730651128306917 1.0320133338161794345 0.80072228241248799563 4.69105e-09 6.05257e-06
17445585.21560575068 6501 3.035883023999723207 0.23812244890434350331 0.39389886958681002982 1.1444489586682591309 5.003283198806494525 3.1012466497537469756 3.0901642649208156399 3.077923408664174687 2.93548e-09 5.17698e-06
17445585.21560575068 6414 1.6408248462480814478 0.22106090720817964113 0.022638063468588636579 5.8906882551992012509 5.3400577994689619743 3.3861447672211029136 3.4469215706196458804 3.5133740036444729427 2.40884e-09 4.84677e-06
17445585.21560575068 6692 1.4900181549052646801 0.083989215328047914233 0.077330033675063913901 5.3971457184937356999 0.15235374194176332097 0.47061342870601918786 0.43384547300183401441 0.39853950483728184384 8.86651e-09 7.48344e-06
17445585.21560575068 6140 1.7760003763023601842 0.11092542615854529553 0.22820474717742408877 1.2012415059893966074 1.3075604061575714088 1.0339355442031352705 0.94103246392997652592 0.85138623889230502506 1.67728e-09 4.29587e-06
17445585.21560575068 6655 1.5377353763503225359 0.18495052328738698089 0.036221815649318853114 4.7781077982654531766 3.0696156130819791663 1.2154448893845450907 1.0464418576511598236 0.88633993472762928612 4.63012e-09 6.02626e-06
17445585.21560575068 6121 1.5656955974034456602 0.014968298058465759684 0.2030833236632545169 1.4402827853850928008 0.91012011122432634469 0.35417588138932337705 0.34902052484742474014 0.34390170293642696731 1.90564e-09 4.4826e-06
17445585.21560575068 5251 1.3733782427089575862 0.30139267388205936982 0.27332730159553569882 1.4187777890848720652 0.83241183212474312292 2.882248551866580133 2.7893161339423970801 2.685324986876666209 2.36533e-09 4.81741e-06
17445585.21560575068 6394 1.4080700280351903242 0.23338160050154208025 0.16301771289013849975 5.8688122094538348605 4.4556228920265628091 4.3008788594628315494 4.5275715084657770504 4.7569785758898186501 1.34783e-09 3.99388e-06
17445585.21560575068 2182 1.3962826977909250648 0.19645928807332108113 0.094516254941578475846 0.20044622113058616075 0.57378720943112382358 5.1101852321331131535 5.2858650005275844563 5.4508947554367326305 1.98345e-09 4.5428e-06
17445585.21560575068 5176 3.114571992547914725 0.1557521708460128107 0.1037265746295080171 3.9341037662735414138 2.0490664869052679364 2.116917702808049917 1.9775484147935638024 1.8345039652495491733 2.68297e-09 5.02406e-06
17445585.21560575068 2302 1.5061276999139121546 0.22706419876116215595 0.12215863421582062731 1.8626098553658565482 2.3379202609600877594 2.749354598282974127 2.6510279513699326337 2.5440525422547808354 3.55428e-09 5.51782e-06
17445585.21560575068 4971 1.6164633517603272939 0.058812823122283634791 0.13788141345572474394 1.3805869884749357723 0.3874513783301730685 2.8865498752573102159 2.8712642810923125758 2.8555584402927238763 1.60974e-08 9.12926e-06
17445585.21560575068 5853 3.1064188987145575638 0.18300747249087062629 0.22335216234738428098 5.1364560811313895172 1.8632740255704649535 2.9394789986274707516 2.8987523983130807359 2.8547463278243019325 2.34516e-09 4.80368e-06
17445585.21560575068 6126 3.0214295880951227424 0.2530248219248203978 0.20066055839308838404 0.70011555408892023333 1.0256545420261466983 4.7626197857321059814 5.0164846434264092068 5.2579002130378160729 3.04059e-09 5.23805e-06
17445585.21560575068 6186 3.2373807476967288999 0.035822954265277144603 0.20244392073012579258 4.4983949147122777035 2.6174758466042842286 0.18243894932886992044 0.17605014703902410744 0.16977603784337480519 3.14704e-09 5.29848e-06
17445585.21560575068 5890 2.0166356154221301011 0.47720196199689823846 0.47686129601219290342 0.84721790297003063408 1.2923990361374098068 4.6819437482403065687 5.1829056562480992909 5.6082520727752758205 4.73576e-09 6.07174e-06
17445585.21560575068 5345 1.264488030673551755 0.24842279831350971842 0.22070809971292548735 0.18078733275017228044 5.0128922872833738822 1.0070354896052111648 0.80784932194219216672 0.62828867461509996239 2.62039e-09 4.98469e-06
17445585.21560575068 5160 3.0311593787926267574 0.13131784267214907658 0.22502178529363847659 0.33531926711572729305 0.11454248194210737977 1.9157726943241779605 1.7889932506813268631 1.6607890397600519883 2.48083e-09 4.89458e-06
17445585.21560575068 6162 2.0038026170474676491 0.2723888289865196155 0.020078827808466190308 0.24395345563195708349 1.9850380916996905878 4.7804007435441455698 5.0531053527212845822 5.3098360522553917917 1.62993e-09 4.25507e-06
17445585.21560575068 6691 1.5621756553589858374 0.28834376501107522595 0.2284666676220430126 6.2098791508743609313 3.4847720200082381581 2.6043778852313130834 2.4322012679563540516 2.244382184105602196 1.99622e-09 4.55253e-06
17445585.21560575068 5888 1.0048458541076497053 0.2716223604759308019 0.19138898313510763205 1.9794596888258702005 3.5690631821839193805 3.8738564658774459204 4.0794387783089645083 4.2984440572336710673 2.79797e-09 5.09485e-06
17445585.21560575068 5767 1.4627752116819030537 0.13704786717389125239 0.1535213635128752363 0.76449835366788121416 4.1515058971901197538 4.4508277988742781517 4.5860464881719940067 4.7220020013840953155 4.97944e-09 6.17415e-06
17445585.21560575068 5626 1.5199875645985687633 0.034589580605830165527 0.19606480892127978177 0.62845368105290011496 0.42291648497914907656 0.32221322613555941627 0.31143357734518128943 0.30083451469784172616 5.23731e-09 6.27894e-06
17445585.21560575068 5231 3.1394089717223043756 0.12337807247318621773 0.2509075787856928641 4.4008090002394970597 1.9574502361636079151 5.0739098731472918047 5.1871511906457206109 5.2968838268154110338 1.89135e-09 4.47137e-06
17445585.21560575068 6089 1.958332966067597436 0.098456758405909478027 0.188417804934338462 2.9867790570927623683 1.807906737126549368 4.516482167363811584 4.6141520222155207875 4.7121340840895591384 2.91473e-09 5.16475e-06
17445585.21560575068 6474 1.2076733132957768735 0.25698159304413475956 0.36918685326771899513 1.2145642830702074733 1.1226177069086527016 0.42174836825272943308 0.32622564272641579874 0.24387074467703326319 2.46607e-09 4.88486e-06
17445585.21560575068 6127 3.0172459247996510356 0.32831272987492154947 0.32176696452576153407 5.4088811120865392112 0.06999991415536738204 3.1365804125048608597 3.1345441378839229429 3.1322300396124140853 3.18976e-09 5.32234e-06
17445585.21560575068 5364 2.7051725843284253337 0.087820321554754221527 0.15659549345976350732 5.0737369188500593964 4.814836161913073731 3.6130502716889427717 3.6546384956409561084 3.6977436268729011459 2.91675e-09 5.16594e-06
17445585.21560575068 6586 1.5246508740913833346 0.10069957790365333117 0.1418499428131703155 0.99176415343972812444 3.9944796660693167034 4.9281161582901003015 5.0256008049204936583 5.1214012340360888231 2.89513e-09 5.15315e-06
17445585.21560575068 5219 1.4363602790849319124 0.20265680870696034521 0.12751968877513616962 5.8729643882681417111 1.2768201484033971926 4.817883402227248979 5.0186768327620194796 5.2119018777505248252 4.41937e-09 5.9334e-06
17445585.21560575068 5236 1.9161235524304576217 0.29547701545738602746 0.11599033634271292692 1.2708901776742858036 6.2037094553884832848 3.9016235172415436594 4.1343928611476794543 4.3818723373985841718 5.32813e-09 6.31502e-06
17445585.21560575068 6100 1.3929113517781697151 0.19952327096164029774 0.062991543126250493234 3.6976463624872915048 4.0135828758766836089 2.3296478189985636575 2.1728234277163021027 2.0083784761629051019 4.52552e-09 5.98053e-06
17445585.21560575068 6253 1.968627856064504078 0.25420234101740279975 0.076382675227075091939 1.7816311607911192727 0.25413499434149927625 3.2271512545556233498 3.2524990343766813083 3.2806339355262958968 1.17298e-08 8.21512e-06
17445585.21560575068 6895 1.6841009753823952266 0.069019713598487617001 0.08176849908494106256 0.75469587066925503116 4.2843427244865086578 2.6489009454714165237 2.6151926656596571341 2.5805155080996602379 2.5437e-09 4.93558e-06
17445585.21560575068 4732 1.6347930533320480517 0.42342216857641268302 0.10961314695017800036 3.5577488050436354428 5.076809898111328323 2.9311491922622616713 2.812710128312400748 2.675950844865800704 1.92787e-09 4.49996e-06
17445585.21560575068 4786 1.3833736548045800774 0.056475716555351149206 0.12041070273197292118 5.436378622439312025 0.54538404945220397835 3.3288695952917617404 3.3396933073275358872 3.3508081512228948817 8.41208e-09 7.35334e-06
17445585.21560575068 6828 1.4442331075993917189 0.33057857854061056813 0.13886655070042597249 4.6367067083920225912 5.5836718806402894089 3.2622331073838557458 3.3114734857963337156 3.3673627194265707274 7.8219e-09 7.17719e-06
17445585.21560575068 5692 1.2743047115131889147 0.1254684718033399482 0.073802012018593349252 2.2150094627200322961 2.0785520755165993734 4.1339821076438649783 4.2431108151887517721 4.3550155134534094259 2.38697e-09 4.83206e-06
17445585.21560575068 5921 1.8419086156698669665 0.12137495779015192165 0.12634743054936803386 1.5535970125537348352 1.7020444391068889622 2.1125227438348268549 2.0048598345217474304 1.8947406693568238367 2.32801e-09 4.79194e-06
17445585.21560575068 1123 0.74146298250732456392 0.055233126826959869082 0.050366871282674363641 0.47521936809689668824 0.92850475706766366635 5.9340896249027803577 5.9525173319171429398 5.9704501412353874201 2.22968e-06 4.7235e-05
17445585.21560575068 5717 3.1765126321709109547 0.034113256626328546106 0.23435728795905935717 5.578380503189487527 2.4830360363955388259 5.6501864434314166274 5.6700979652569385436 5.6897265714084008792 2.31886e-09 4.78566e-06
17445585.21560575068 2895 1.6332268460981984592 0.024323671247574361887 0.12164597435141319415 0.46138175892770838527 4.4305458373947237405 5.9835821200090419936 5.9906795817424258743 5.9976933712330113835 8.21263e-08 1.57161e-05
17445585.21560575068 5459 2.991614607721148289 0.18168476821434800805 0.22110026403829327601 1.0307920580987330883 3.7551764634587994074 5.1724156880112497348 5.3298372417392316791 5.4779754536832241385 2.51526e-09 4.91712e-06
17445585.21560575068 6313 3.2187530772032988402 0.11533532270033207412 0.37853703483085404669 6.1152998383071039967 0.48376690119168541671 3.6533316952015306711 3.7129928237660521084 3.7753673570063037701 2.33149e-09 4.79433e-06
17445585.21560575068 6204 1.8293872059349778336 0.23673885969004937468 0.20610160137173064165 2.0876058825251986306 1.5521079887316415746 4.06883076744619121 4.2751263406513348997 4.4895914405014432091 2.26769e-09 4.75019e-06
17445585.21560575068 507 1.0124681813241012129 0.10050436854267051634 0.18384880970410791279 4.0748771559154342015 1.1141552870690050181 1.7374762542009674071 1.6373594031786067315 1.5370776019367657916 2.42673e-09 4.85874e-06
17445585.21560575068 5060 1.6167458257250080234 0.0063698563627939460557 0.18143557540722246579 5.8358228042749926701 3.0649297639500847623 2.2580797768017086824 2.2531460445654638569 2.2482024430744922405 2.03606e-09 4.58262e-06
17445585.21560575068 5623 1.6578997620126956214 0.35419419769701543377 0.10003778339147163801 5.7880841580090605092 5.66703363475484867 3.6477059674922664989 3.8582070958418173134 4.0908544599378311446 2.3084e-09 4.77845e-06
17445585.21560575068 3539 1.2571802327515291253 0.41975523630617050941 0.22386571417952808027 4.2004398423227673476 2.4578694018144742195 0.99396394505790219842 0.66754490298999147324 0.40769132746027120229 4.11193e-09 5.79249e-06
17445585.21560575068 6332 1.8832167179997632012 0.28395659404593015518 0.098364807208532897831 5.9860727961547421927 0.14950172237917791485 3.9788077362086196054 4.2161845122046557321 4.4658947799560424485 2.19525e-09 4.69907e-06
17445585.21560575068 6843 1.9723154479011146822 0.081772132181516146709 0.16024188182286286386 0.015083298019561802022 1.988203860948359214 4.2659147997005693043 4.3410895109506304479 4.4172894161384199663 3.16465e-09 5.30834e-06
17445585.21560575068 6609 2.7351995097294929948 0.22742026461274886251 0.15113120962383561063 5.3385913208786526241 2.7394002619506458984 3.3579668090487611032 3.4136986527076857989 3.474820246818577818 2.84425e-09 5.12279e-06
17445585.21560575068 6404 3.059108170224387635 0.18954136836979090797 0.27333931310800152481 5.7740653243506727677 1.8432301516774030059 3.5564266736031271421 3.6408622698192645295 3.7316117274890623356 2.07676e-09 4.61295e-06
17445585.21560575068 6730 1.8407363233695064331 0.15754632555465569732 0.19072640655038944346 1.8416856453608914101 3.062065653869893378 3.0933470255190611553 3.0850439517145993307 3.0761396589158160886 2.57888e-09 4.95824e-06
17445585.21560575068 5328 1.8316534638010537606 0.44427950321842024639 0.276939156328315228 1.9726958464311066255 1.1958461057241520642 2.8979787594373300763 2.7519110547673553135 2.5831319799457181929 2.1043e-09 4.63325e-06
17445585.21560575068 5285 1.2784518576384016342 0.096746048599019099368 0.037405534650113599071 3.0142324117784866644 4.5621412778055985271 3.0114305050089562599 2.9982083448217888844 2.9843839627657300362 1.90393e-08 9.65459e-06
17445585.21560575068 6171 1.642859847495566239 0.1639883311638787311 0.22503951677070666015 1.2024020782284328135 0.92678764760383891552 4.9287627725249008037 5.0868803432616340743 5.2395032665684579953 2.39216e-09 4.83556e-06
17445585.21560575068 519 1.9695812483514227864 0.2028959282783503737 0.054952579910543794539 0.1825816307923784354 5.7301584164047554282 3.8215009693142181213 3.9613445653692362924 4.1096567322857167071 2.30973e-08 1.02968e-05
17445585.21560575068 5290 3.1762214003443243193 0.035146842418374013572 0.10871455605758283125 1.7510292958087656512 4.5653528313807978378 6.0383641882289822433 6.0467428648122609758 6.0549758558475792469 2.68653e-09 5.02629e-06
17445585.21560575068 5209 1.557367580985576927 0.23841666434117145257 0.10338032508106555218 0.69080776071683780426 5.121657484111978853 1.4133950301101088076 1.1799917078457475839 0.95955097962892843544 4.75685e-09 6.08074e-06
17445585.21560575068 6809 1.851484636029544939 0.15417720570271736813 0.29036433439505243692 1.2064630766330721734 1.8772689042630101852 1.9126314480836570375 1.7628813031520664811 1.6115396730252100621 1.72631e-09 4.33733e-06
17445585.21560575068 5074 1.5538368014660515204 0.068066964181680733592 0.056976329729656147172 1.5516961427868261048 1.0005477284707728902 3.4350792312826459174 3.4554572531547544934 3.4764720255832197715 7.61828e-09 7.11436e-06
17445585.21560575068 5569 1.8325940522243431285 0.22530930569674184616 0.17192654852571603863 3.5570140393340849982 1.5023718346686303349 2.0300703442277296951 1.8154048563480933431 1.5968025120401414529 2.77052e-09 5.07813e-06
17445585.21560575068 6268 1.8160920913917764086 0.3783543409257525969 0.14971044197359326122 2.8947006432426700684 0.99876672250921205709 0.49693541355416531724 0.33752700466074830876 0.21223320650000815357 2.30383e-09 4.7753e-06
17445585.21560575068 6061 2.0232211496689420649 0.39694007507276235502 0.15012537469803918788 5.7909284079506182508 0.82485793100642590403 1.7147349202114818834 1.2986461666587458819 0.91631541005557481938 4.03777e-09 5.75746e-06
17445585.21560575068 6189 2.0208582235100842617 0.2968407000707140031 0.072442746955076534054 3.2660393010387207546 2.0742698808161250668 1.2680738564144975467 0.99250891861886247902 0.74393452703327611619 2.99935e-09 5.21426e-06
17445585.21560575068 5438 1.2987644083914318127 0.34695459461808458856 0.19385439995765674226 0.32776402114382102715 2.8342370417537816607 3.7639547022349391092 4.0070281634041844399 4.2711916479213583031 2.41055e-09 4.84792e-06
17445585.21560575068 6732 1.9346991414879974869 0.31141383881164153014 0.17378639472747534067 6.074887567927500065 5.7373636266070580092 3.4782822323231838979 3.6023481874745773013 3.7408105587722935148 1.92356e-09 4.49661e-06
17445585.21560575068 5002 1.63199802466050925 0.17806067943432724032 0.22999392133286145068 1.0841439160351831195 5.2424204532397240541 4.0624112982585298681 4.213226888801226977 4.3695613107587449875 2.79003e-09 5.09002e-06
17445585.21560575068 5196 3.5222831504328260266 0.15265320258550493793 0.22286627301406269908 5.6563280810713534308 0.6745249593130118182 0.38124657752519486298 0.32792625665969193927 0.27875963928183677965 3.02458e-09 5.22884e-06
17445585.21560575068 5625 3.0308316126166361393 0.2285890344667003693 0.079940198534760836813 0.71588772949210288665 3.6349131875481490717 4.1222434306271775739 4.3272566470703157648 4.5391012434422757238 2.295e-09 4.76918e-06
17445585.21560575068 5412 1.7242023232667940125 0.20794856874044517769 0.0095805177300726084705 3.8926650958024664462 2.2380644234667337322 3.2256189763075271415 3.2453284906702797308 3.2668615410067647353 5.07008e-09 6.21139e-06
17445585.21560575068 5564 1.6685619773252897691 0.10844648397521826355 0.15632521120347506183 0.75736821689591460327 0.043521839544327034499 5.8708643498427459662 5.9123767329826923955 5.9516743953167310366 5.64605e-09 6.43821e-06
17445585.21560575068 4112 1.6178513907415381645 0.17542276864281733384 0.18062572565961598769 1.5235574576495298782 0.4669527483677197166 5.7475799119230570611 5.8313850745897539696 5.9079721718539275344 1.99037e-08 9.79854e-06
17445585.21560575068 5979 2.3579434035202928577 0.51504144930818229753 0.034346243977294702021 5.50408313158757867 5.8559783091886048467 3.5616777264829702077 3.8623028687739280329 4.2021882234153418167 3.8601e-09 5.67174e-06
17445585.21560575068 6912 1.6890394152766274871 0.029580407188569787791 0.047148177306286377652 1.2038812045436033671 3.060001273237384023 2.2662698249042283472 2.2433381139887065281 2.220199114931955986 2.09119e-08 9.96126e-06
17445585.21560575068 6996 1.5719881649242983812 0.2214938551203192163 0.069039200125536104302 2.1373350108449580276 1.4113127583540554522 4.4277655753171192288 4.6491117107813311193 4.8701622817200185267 9.30536e-09 7.60492e-06
17445585.21560575068 5367 1.452560187300565131 0.043827369186381977262 0.24951582937174540677 1.8106678462332155277 0.13883489435684978619 0.43883423286518041806 0.4205667838539674519 0.40267303709140211954 2.85701e-09 5.13044e-06
17445585.21560575068 5016 1.3603608641861764106 0.11979172210982520774 0.21191475802314743704 5.0271443740960073399 5.6568828419060670498 0.63026393759062293576 0.56271589546262934523 0.49880877356973879477 2.58541e-09 4.96242e-06
17445585.21560575068 6362 3.0469240238493418005 0.17563600531749759548 0.22413552239172937486 5.0726144781586786081 1.6024607499848744219 1.6752007088573541704 1.4979791419398313934 1.3228085720295186256 2.92709e-09 5.17204e-06
17445585.21560575068 6813 2.0358648884296939308 0.060267099354931248645 0.072692826233772808719 5.7509300476132931834 0.81501264913301496584 0.52823241569613643698 0.49860376633257624812 0.46978405380252219459 1.73747e-09 4.34666e-06
17445585.21560575068 5654 1.4210331629328731839 0.20838844167710371402 0.081553845056265159008 1.2691391137186045501 0.4204368725357876535 2.1589703706516445436 1.973328732470305269 1.7815963879121876623 2.37573e-09 4.82447e-06
17445585.21560575068 1465 1.280376138292178112 0.14618939141135225968 0.081298928733222017295 4.2313963533348477597 5.8607567800734425845 3.6487178389317227456 3.7249640394353935591 3.8054911288368571398 4.65109e-09 6.03534e-06
17445585.21560575068 6017 1.6962729798956281968 0.051257365039458040179 0.072865624449402158214 4.7623141043074763701 6.2831447581820167869 3.0868543931122327528 3.0839744659136867355 3.0810227432833130479 1.07446e-08 7.97837e-06
17445585.21560575068 5277 2.0502139086103081667 0.252022645523521438 0.088358205325237207384 2.8696477693007538257 5.4814675663174634579 2.5875348113447556031 2.4365735915531452349 2.273250732643187888 3.07432e-09 5.25735e-06
17445585.21560575068 6716 2.1787298620148307648 0.29237276335183898235 0.18068797794942764723 5.2678031332586536806 4.2862431658766153575 4.8821660388321763691 5.167562542441521245 5.4301672970705965326 2.33978e-09 4.80001e-06
17445585.21560575068 6906 2.3117278396378524441 0.62808366863245168599 0.30161817640470317547 1.7362507239799438441 3.9481354024876345044 3.2047999430476092897 3.2736903828246797232 3.3564177224489011309 2.85032e-09 5.12643e-06
17445585.21560575068 4750 1.9850218237341756833 0.20943792880522144051 0.072874910885259366888 5.984243239938811243 2.0490220826734164561 0.45170944123179995744 0.36735523074649195641 0.29213593802537185518 3.28876e-09 5.37685e-06
17445585.21560575068 4318 1.6709367773173107175 0.15923377940705174538 0.022569036266656052059 2.7519353087421025705 2.4430561294690971152 2.6596081057167588746 2.5796884872630378993 2.494848960707151786 1.32396e-08 8.55345e-06
17445585.21560575068 6760 1.913400690012882599 0.28187931050390768739 0.15605591478807243067 2.6114281707494386708 5.8498451218613229941 1.1487179045092743568 0.90211894677444082191 0.68094451385209442407 4.55433e-09 5.99319e-06
17445585.21560575068 6914 1.7887354727812920796 0.2203365368013257275 0.020371544392134108281 2.0025257939555589637 1.6689178112120290898 3.8955792410463279118 4.0614212828288884793 4.2366985105785648358 4.41745e-09 5.93254e-06
17445585.21560575068 5796 1.4813574505356272848 0.063285277555609018019 0.12033936846462021941 2.1788958774594053835 2.1860554061717869523 3.3426726726944782087 3.3557302549272853831 3.3691786805526535709 7.64873e-09 7.12382e-06
17445585.21560575068 6225 1.574121652124100823 0.06197479129151885896 0.075588732627473342873 5.4582289828474044313 1.1207182987844699351 4.7989162266780374111 4.8605338417221011227 4.9218297986313848114 2.38341e-09 4.82966e-06
17445585.21560575068 5131 3.5449136905113611817 0.095943310425802855179 0.25093098993735235558 4.1928324990820087237 4.3685259482108111939 1.6141817462773471181 1.5179805984493595084 1.4221710739074575613 2.25296e-09 4.73989e-06
17445585.21560575068 6576 1.0122135083089101038 0.16300439040931122281 0.23639056238396172205 5.6460421494553232336 4.7112175778301743634 2.8701904268843692059 2.8224306644726384619 2.7712846170445688543 9.90665e-09 7.76531e-06
17445585.21560575068 6221 2.0203939018836236663 0.20136125694165712963 0.069120520686503289509 3.8446728496692537114 4.369097787414196965 4.3777572081412046145 4.5759078479293222586 4.7753966260648965658 2.14299e-09 4.66148e-06
17445585.21560575068 5048 1.72605657716961991 0.21492522736318411813 0.12963452182492682385 2.6872379135931536709 4.7166874612981484205 4.0411142296677660113 4.2232431957514373622 4.4129651201520356807 1.54672e-09 4.18139e-06
17445585.21560575068 6746 2.971094031078756359 0.25686251985312258395 0.22228720413220820484 4.8001311438664027165 5.7737370434522938822 3.8558069657422975318 4.0451007320328331573 4.2468669456015701869 2.1751e-09 4.68464e-06
17445585.21560575068 5957 3.2094466062279214391 0.057220210312554482812 0.062477894194309345488 4.1132884446692532521 3.2171944714055404901 1.78311772870352514 1.7268116175495391573 1.6702863878391427388 3.45473e-09 5.46581e-06
17445585.21560575068 6153 2.7581177060439774351 0.078864049826531903986 0.5435423379831521018 3.4514868266573373035 4.669303842508945479 5.3133952397796448963 5.3770965191052804144 5.4391701932746965298 2.21408e-09 4.71246e-06
17445585.21560575068 5773 1.9732442757003181288 0.16252276231270570972 0.1731083274288224283 5.5331680397060871712 2.3621750386266819888 4.1121224783396304048 4.2534365128711826287 4.3991409412524076217 2.82024e-09 5.10833e-06
17445585.21560575068 5291 2.0134886072351023678 0.35227459803265243066 0.19369525156293909696 0.5012623735989374385 1.577224998648101284 4.2430310528257706437 4.5931057873257810087 4.9428771894651797325 2.6037e-09 4.97409e-06
17445585.21560575068 5693 1.3679023193216859333 0.37344274976773000896 0.19987636321195154099 0.2993346466930087435 2.876947057953116893 0.013012009597685125079 0.008788662892670481841 0.0055066427064963188731 5.43449e-09 6.35677e-06
17445585.21560575068 5467 2.8929608415042702418 0.13651818004588703315 0.12329408403858946319 1.9633642827783759355 4.1016908930990876314 3.5404497794444389491 3.5972962611947578715 3.6573771242859858255 2.43648e-09 4.86524e-06
17445585.21560575068 6366 1.6771784676615855147 0.12165805330469967038 0.16644439960259382882 5.4910011754252057159 0.90235445850739959273 3.500520183864586965 3.5460072214010587288 3.5938773077349059903 1.97281e-09 4.53467e-06
17445585.21560575068 6102 2.0169896368312341117 0.055022045873918346004 0.14978817161130325575 1.7428865613630537545 1.62927265584457448 6.1752668080487236324 6.1810396487493948214 6.1866501435609322357 2.19362e-09 4.6979e-06
17445585.21560575068 5989 2.7182949146663415441 0.2996671073565133625 0.049647693466646325433 2.6523174979394310569 5.1209407562866591235 4.5228798444383135902 4.8306126859897666748 5.1281880311121375016 1.60714e-09 4.23514e-06
17445585.21560575068 5548 3.2060969699908081765 0.071016854267619555774 0.35146127113073893922 5.2209257530862007712 3.1732268022237581917 1.3722907218135571572 1.3030934439650712076 1.2346061343138450273 2.11518e-09 4.64123e-06
17445585.21560575068 3337 1.3874519176651161079 0.21746559820755462233 0.17270544905233098376 4.099585741892282087 0.42179096686070594036 3.7670052109160754306 3.908245471414974137 4.0591075254557500429 1.23471e-09 3.87886e-06
17445585.21560575068 6752 1.6373010713961873019 0.1099891716130695779 0.17916629228728381262 1.3742866525423651503 2.1254724224870509275 5.5294479286988309497 5.6019989437951513978 5.6712607821582627921 4.12549e-09 5.79885e-06
17445585.21560575068 5713 3.0844488142588240009 0.10714428659822486378 0.17983372223741087015 2.9805914653540037662 0.72008574079525322631 1.3765299573793798871 1.2722744701408039703 1.1698689324927857847 1.49134e-09 4.13088e-06
17445585.21560575068 5647 1.8592822942759281712 0.29155457566157827465 0.040582341779775543689 5.415679971925905889 4.6657507384464818045 1.9909041152671473895 1.7031836392343875364 1.4141802852903677667 2.57441e-09 4.95537e-06
17445585.21560575068 5200 1.9767264571995166733 0.1310631843317926204 0.16795572182055476529 0.70445669078955552855 0.022133640699414425246 1.4553303812956408514 1.3257416258549097332 1.1985940779491537356 2.18438e-09 4.6913e-06
17445585.21560575068 6950 2.2865644073060451547 0.65399830299047290172 0.20284251498739380715 5.4289911206503429497 3.5259819735451776168 2.9826256208492041289 2.7967526543120171389 2.5756710784699947681 3.07555e-09 5.25804e-06
17445585.21560575068 5170 1.3160855928005836812 0.32322020694879816105 0.14133447052835862445 3.5858324150598197555 4.2425035766566203677 4.1187921305588890419 4.4200038953609377401 4.729506355603890988 2.19546e-09 4.69921e-06
17445585.21560575068 5780 1.9799767290838219402 0.18452771387102936962 0.11887481872726513021 5.6760045912476284613 2.3910934306701552288 4.2668429254116322369 4.4413713416473914464 4.6191636022627955427 1.95079e-09 4.51773e-06
17445585.21560575068 6270 1.5812690981009998037 0.16915750785966773839 0.070669636597647064735 2.3947204393501428932 1.8832932148332477418 5.9706600448306241802 6.0191092892045308105 6.0632623468924302657 2.07589e-09 4.61231e-06
17445585.21560575068 5423 1.9935441492884731218 0.24304840315591641486 0.11446177926832916405 3.5781005801257519394 2.8468761709830139317 2.7073641779127086693 2.5906044527890230711 2.463361458635876744 2.52578e-09 4.92397e-06
17445585.21560575068 6335 3.1319497181912097084 0.09999045580600596228 0.24579004469790238785 6.1711030285281598395 0.52910653454342437829 5.5560470232967800186 5.6202540175942674594 5.6817911348687255568 2.80706e-09 5.10036e-06
17445585.21560575068 5018 1.2190286688968992035 0.17509467898627312232 0.22207501022737374807 5.9660242297010892543 1.8369118748562451859 4.4015192006417667159 4.5737515970452164993 4.7471662812208776927 1.65949e-09 4.28064e-06
17445585.21560575068 5446 1.7428205382552328651 0.062418295979909929616 0.027609733095513396689 0.51069834942709180226 1.7003852086752513362 3.6271993699143214585 3.6571875603531345256 3.6879630575360362599 1.15731e-08 8.17837e-06
17445585.21560575068 5130 2.1525745413282870722 0.38384279607310345384 0.30825658486033841177 2.8213058268179009858 3.9341743452124506852 4.2603291611288014451 4.6486974100159788037 5.0317619178037320538 1.98119e-09 4.54108e-06
17445585.21560575068 5316 3.4653745236850874711 0.054661600427002174363 0.22759412160343794884 0.35138777455406378092 4.5058246169584101892 4.2949096761693610347 4.3454639686817220223 4.3964870141687688587 2.96988e-09 5.19713e-06
17445585.21560575068 6073 3.222190248480140351 0.03707051700876975997 0.26798788338264234454 6.2277454019520348538 0.94981850559848957083 2.7943004330582192907 2.7814552583543963316 2.7683915037063888676 2.87152e-09 5.1391e-06
17445585.21560575068 6023 1.7515717212583812312 0.26729469061376565087 0.14634267916772053519 6.2261826103168491642 2.0896239824291784615 2.7915311107852534001 2.6845750291573922119 2.5666248929309412041 3.26695e-09 5.36493e-06
17445585.21560575068 5899 1.787040526469574786 0.32468494688379556656 0.22709394215318251531 5.7947637624769896547 2.2488527420984145699 2.5042719532452411002 2.2759325115666984019 2.0286773618358227012 7.73132e-09 7.14937e-06
17445585.21560575068 6108 3.1818029664242635235 0.24373225894320110774 0.21026351600786113982 0.25130129179799121086 3.4602970662070311469 4.0631184524630050703 4.2753670465241926379 4.4961924033533531286 3.24647e-09 5.3537e-06
17445585.21560575068 6832 1.9157702796792841493 0.080292703270400708759 0.069932826472508591298 0.080815408625584478353 6.2224419846667364808 4.7910809731847159298 4.8709594951919754635 4.9502448476244422793 7.86044e-09 7.18895e-06
17445585.21560575068 5288 3.1697819436211767119 0.25759429896699836959 0.18547767707330656273 2.8267771058746675727 4.7761653518862949852 2.2107243951240707069 1.9836947690022423973 1.7477482760758324964 2.94866e-09 5.18471e-06
17445585.21560575068 5895 1.2448814303353648025 0.1623031042083631359 0.18889248054091617446 5.950384177099134142 0.17296635828523740375 2.4043727624990771652 2.2876016623691803886 2.1652399884527571139 3.55807e-09 5.51978e-06
17445585.21560575068 5778 16.452730295048304754 0.31675677053632395053 0.4691602935739785929 4.4369905462296310716 1.453420534193547109 1.4062030538818219849 1.0962953414768756844 0.81453359620296716948 2.56945e-09 4.95218e-06
17445585.21560575068 6029 1.8562588090966865018 0.076024082811503829182 0.085989740531042579974 5.4114395831658876901 2.6375409920583892109 3.7781553517857617841 3.8248328531008572995 3.8728275567266314816 1.02352e-08 7.85023e-06
17445585.21560575068 6295 3.2485072586494587732 0.026616155386635920177 0.26268467090588343282 6.0989993513489730859 1.6992500467305937661 1.5859445648162469045 1.5593229527264849121 1.5327085491735219502 2.30061e-09 4.77307e-06
17445585.21560575068 5806 1.1242228920679950832 0.24136141311509271001 0.20444313654784940226 3.6093260233167407947 4.3997854337375459366 1.0371526302662930075 0.83925203019504135415 0.65964446252062503007 2.32886e-09 4.79253e-06
17445585.21560575068 5668 1.6520232149765341489 0.046653415396115630043 0.12384212971614318166 5.3396522337869249952 2.7957581959721640175 4.8353489672314431402 4.8815349214097309982 4.9275225412094814104 5.17696e-09 6.25473e-06
17445585.21560575068 6343 1.2760411432081921745 0.24407326533617232367 0.24507160172487771344 5.5895632562139727639 4.1229345565512183214 3.2944083300708277839 3.3373899941147358028 3.3848741311641301621 3.59373e-09 5.53816e-06
17445585.21560575068 1147 1.5010009186315333984 0.24338838988726646528 0.13617798240796433196 2.5776924524639559522 4.2098264908492017966 3.2876652003111024314 3.3286350041901031638 3.3738939633981965827 7.2768e-09 7.00643e-06
17445585.21560575068 5076 1.3660248876270202345 0.50267233789948329026 0.12687279296060591238 1.1964719440914217685 4.3030764328398181107 2.4400477702790710488 2.0086081416031182911 1.5533470890924603314 1.5547e-08 9.02399e-06
17445585.21560575068 1969 1.7502308179594949777 0.045860543079796055321 0.052780531547146618265 5.6289731697203615468 6.2086110822201128201 5.1705215525098822127 5.2112555941344060884 5.2515269006062830215 2.21709e-08 1.01573e-05
17445585.21560575068 5111 1.9648803456404257961 0.21781869544561119345 0.17755911039025065734 0.54597288540655819489 2.2441521434721689587 1.8755956537668025952 1.6589483549101167181 1.4419754221530447502 5.46463e-09 6.3685e-06
17445585.21560575068 6503 2.0294883508888883483 0.22015899102089139805 0.22176298986219852849 1.6318804578145325035 2.1400966230423237313 5.2223897440222319943 5.4063606370637700138 5.5755994583080870086 2.13987e-09 4.65921e-06
17445585.21560575068 5276 1.8884886134380252098 0.10349176677090715648 0.090467218256735787429 4.2429846108434770002 0.30793294351892758209 1.5896338001796361805 1.4858735303544663431 1.3827547245284690369 1.69322e-09 4.30944e-06
17445585.21560575068 2850 1.7062240522800737885 0.24490828214964494025 0.31027496900460921347 2.0047798689529230387 5.8387610264983162978 3.8623670877781890454 4.0429189344648914783 4.2349639230672480039 2.86233e-09 5.13362e-06
17445585.21560575068 6960 2.9821109997458830065 0.1009216455240709992 0.10710672092226217189 0.70863568420051670227 3.1991770467388978005 5.1710346963604729709 5.2597123294311689534 5.3458913932263802948 2.28045e-09 4.75909e-06
17445585.21560575068 5258 2.9946105771744013779 0.22242490815486937183 0.30446841273771785286 3.9681087811043314062 3.3721672701761993274 3.2222553214704712232 3.2426988771156315394 3.2651491244400978609 3.58569e-09 5.53402e-06
17445585.21560575068 5027 1.67903989867582637 0.18805781626387341188 0.16949831087272196339 5.5861649341984440653 3.4217123717070623279 0.9028343658929067761 0.76236364420816216114 0.63248475298031858749 1.92434e-09 4.49722e-06
17445585.21560575068 1410 1.8169616782120310283 0.1812589803299744784 0.050177283451897300437 0.8358201367550852634 2.2130728301177082784 5.8474603936781974767 5.9186706668514670326 5.9832887440957742697 1.96181e-08 9.75145e-06
17445585.21560575068 5063 3.496583801353119636 0.16757855793186324234 0.3767346184141546761 2.9963628500589654102 4.4054702830591914164 1.59553689550756439 1.4268647535377361191 1.261019004709474034 2.23728e-09 4.72886e-06
17445585.21560575068 5694 3.125350378746738933 0.14398679975666922592 0.28773658108629890373 2.9257717674716832157 3.6298049364199664879 4.254154283271144088 4.3880557240156488064 4.5245355434398888406 1.21025e-09 3.85309e-06
17445585.21560575068 6615 1.6915629798534346229 0.3746112817865889788 0.16674965335758704099 6.1374336147712318379 0.7285469436880671612 1.2985592708421656027 0.94639542914455454525 0.64246823631967298063 4.67657e-09 6.04634e-06
17445585.21560575068 4105 1.9468693392136198206 0.16648908927920277878 0.054424808050480423527 0.6778512710374862138 6.021258804448689439 6.2229598754168344854 6.2322718374625960536 6.240744713022092327 1.26705e-08 8.4291e-06
17445585.21560575068 5278 3.1384869340177456998 0.079257189983566678215 0.28282190064848022892 1.3641728721345662834 5.4334806072915480257 1.4195722529269734213 1.3416021319232205311 1.2644175345509907071 3.13887e-09 5.29389e-06
17445585.21560575068 3487 1.4836623377640922872 0.30352333815735677014 0.1262450062655486871 0.0047640432506658803372 6.0660415349261489482 0.0044518945298494235277 0.0032541613266133030159 0.0022664491610997318863 7.96126e-09 7.21956e-06
17445585.21560575068 3069 1.7047430956740883268 0.30054954412978229783 0.10870982778393385726 0.039187615449496664144 5.8001009836949579679 3.4248178003894098609 3.525609350691258026 3.6382095256224209479 4.38223e-09 5.91673e-06
17445585.21560575068 5107 1.6192455578200790622 0.27024101548813700413 0.12836483333287299069 5.7977864415545319332 4.5310263341486418653 5.8950563724126769927 5.9874242245484445846 6.0661908251056999575 4.08288e-09 5.77882e-06
17445585.21560575068 5489 3.2368800821194914086 0.11611132705235120699 0.29994313642218689564 0.69715199683575401757 5.1576195729498532927 4.270232782285566131 4.3781209612749467652 4.4878056087391211548 1.80848e-09 4.40509e-06
17445585.21560575068 6937 1.5485850105965421886 0.20360153112170173428 0.11566170785275238508 1.1300825560218845656 4.7971314863947398521 1.655313915376206424 1.4492282823410873593 1.2471293913292269551 8.944e-09 7.50517e-06
17445585.21560575068 5869 1.5895227642060147932 0.35721667446113403166 0.17197506062983372588 6.2773060820986126274 0.72390918545496507619 3.1052029004712928817 3.0887215779043089015 3.0698439458753190578 2.00715e-09 4.56082e-06
17445585.21560575068 5435 1.8045583159120419658 0.18422945861462547423 0.1119866398392931478 1.4056629623175209698 0.87870534004917055793 0.77254185147137677259 0.65108805241743261671 0.53943537851672695993 7.17242e-09 6.97277e-06
17445585.21560575068 6255 3.2377114808424636294 0.14259076167105141919 0.16300661383025777385 3.5365267117061645052 4.191916077496024684 1.6188432078613790299 1.4754374394619353961 1.333494498191183153 2.45838e-09 4.87977e-06
17445585.21560575068 5181 1.1408282564479961252 0.13954305038348127632 0.14054773642265550038 0.19268312739725731997 1.7880049052274842314 0.77338367794405116218 0.68017259594082257745 0.59241017311647814481 5.47157e-09 6.37119e-06
17445585.21560575068 5784 1.3874758824055930528 0.31017995123051278483 0.089501517389732096475 3.0349360397320497285 3.0502437856045463427 2.130043626604368967 1.8377320602400348815 1.5385375331886734784 2.79482e-09 5.09293e-06
17445585.21560575068 2174 1.4103364628536643188 0.1177134642807722148 0.084344264030865020998 4.1974273351368847074 5.1456560838067018082 6.2356199294056997573 6.2409235275883370164 6.2458968273285089268 2.03153e-09 4.57921e-06
17445585.21560575068 5406 1.7396077507890226332 0.11754132117211581188 0.088041926753744087497 1.5485084469348078251 5.4843042775782144815 3.9051066420378330868 3.9902428379349226262 4.0784445365682167051 4.61584e-09 6.02005e-06
17445585.21560575068 6756 3.2052567024860607603 0.015228218354182613756 0.30771076184536205744 4.807486133756643909 0.15863703859323188827 1.804608898395490213 1.789768268865815859 1.7749036807783158398 2.22448e-09 4.71983e-06
17445585.21560575068 6230 2.2745805023718483895 0.52326502521359163911 0.19776668498800564766 2.8428279866577916835 3.783922635266133927 3.3873214317528246298 3.5760923760296843277 3.7963642743423902104 3.21494e-09 5.33631e-06
17445585.21560575068 3770 1.9115374617159597292 0.24170434267755494528 0.1646334395615214885 4.1646845374578056465 2.7682904231515883531 3.3360058210316583249 3.3898758726138216169 3.4492723425149813821 1.55823e-09 4.19174e-06
17445585.21560575068 6237 1.4969119957813814548 0.09710170162151535167 0.14253588767246230806 0.92187143971853624524 5.0975677081940364843 5.9467665622407448467 5.9774830239949583444 6.006707040679588161 1.89473e-09 4.47403e-06
17445585.21560575068 6634 1.8426904648156270383 0.19766075044686573503 0.21520773656465000401 0.23483642393844775254 1.1191103722576236645 1.9432776259340907021 1.7509230747871378231 1.5564602789566641672 2.7181e-09 5.0459e-06
17445585.21560575068 6217 1.1198014804703029235 0.094847559165575787143 0.026902033065560760489 5.0930972231740341272 5.2096716925177570801 2.3639088027378361012 2.2948997689559491597 2.2238500636864784177 1.48722e-08 8.8915e-06
17445585.21560575068 6836 1.9539908905173322129 0.10822754786559005136 0.0073830010384931176945 5.2450557095378123051 5.4670563967625289692 0.1343044089334543556 0.12051199128036726993 0.10750082126035445662 4.61039e-09 6.01768e-06
17445585.21560575068 5086 1.8135352562605138171 0.15051952149167224793 0.20682142604133835206 1.6697830520198817528 4.9277446081184024251 2.7982798839368507871 2.7434266482789246844 2.6850659449012383995 2.82e-09 5.10818e-06
17445585.21560575068 6641 2.000822922777748758 0.2358114451742610862 0.10742962042694756408 2.3085295773949701115 4.7433304974280900979 2.5971678820489625394 2.4593891851593472353 2.3107089245628502638 2.45986e-09 4.88075e-06
17445585.21560575068 5309 1.4506145447528628889 0.31216549129693837994 0.17358141543431043763 0.14536278944065036955 6.218823101373591733 5.2011663761020603403 5.4625814233621436955 5.6909484855559755445 2.20889e-09 4.70878e-06
17445585.21560575068 6761 1.5426627084024469028 0.12527086113995228311 0.075029754227981540482 3.118399397198034606 3.3551633218388796642 4.6496610314472555103 4.7755102806432390139 4.9005316663767679586 4.88068e-09 6.13306e-06
17445585.21560575068 6842 3.1233279375274074496 0.02757889998328550904 0.11370154751383636238 5.4398536881783465802 5.9859801612813701155 2.1129614999720667257 2.0891648642917481915 2.0652090411975820849 3.94698e-09 5.71398e-06
17445585.21560575068 5358 1.8384352578656446564 0.29048978345937359613 0.054504675612327337098 1.1023529264504587921 2.5053215362270493394 0.074255924222519448241 0.055071003346235998521 0.039081524559530178564 6.59336e-09 6.77983e-06
17445585.21560575068 5669 1.700206795189580955 0.23118311900411475657 0.13670059711639573341 0.70927185883452326109 3.3842179263618321627 2.0627857475130677578 1.8449856161724660364 1.6224383362645347084 5.45549e-09 6.36495e-06
17445585.21560575068 6977 2.808609493697213022 0.39115336985211285326 0.05812688475845220748 2.8683630032974858359 4.4234518034916536777 0.02332483666228389943 0.015431073182686806666 0.009395396447397312209 5.37795e-09 6.33465e-06
17445585.21560575068 6443 3.2106175659623286123 0.24030863046062364563 0.26213352221876318193 4.6505895369295817687 1.3326041884474615351 1.756081069348123247 1.5120825415880185805 1.2721880011498956087 1.88164e-09 4.46371e-06
17445585.21560575068 5298 1.6213495750233799519 0.099280613589131622154 0.21003768646311152257 2.1597402247528574293 4.1681301111114157365 1.3046594131313120624 1.2099482345903678215 1.1170615182699761281 2.48769e-09 4.89909e-06
17445585.21560575068 5399 1.3069413587314113734 0.20821147257529568075 0.11946069824300471762 0.063332370343420665848 1.3163469491022159463 5.2167747850057546444 5.3917087110734120969 5.5536972965765718513 2.19916e-09 4.70186e-06
17445585.21560575068 6367 1.8437813714099624551 0.23875262302724242769 0.063778860382503119175 3.9135711320557207138 2.6633759719694847234 2.0598224371699647151 1.8340224469699313303 1.6034935200913973397 1.45694e-09 4.09887e-06
17445585.21560575068 6202 1.9952598076583587527 0.24085805450242236958 0.15407135140154487596 6.1290969532658738927 1.1368348082224268847 2.3386730572506566617 2.147086654813517459 1.9451296138996378993 4.75227e-09 6.07879e-06
17445585.21560575068 6269 2.2318056842342186563 0.19055954156501128671 0.15297795509406841852 2.1567783551703501033 1.7888863687158835791 3.479581330375503434 3.5496872144567088725 3.6253128813597843561 6.27461e-09 6.66877e-06
