10841889.117043120787 0 5.396852067683856724 0.045641523731543579001 0.034841235511445481365 0.2033977959550811454 3.4974828564150572952 2.8003401545881758672 2.7847217145036449182 2.7687771204249997936 0.000954961 0.000356051
10841889.117043120787 1 9.0410725723942739762 0.07493291875658178447 0.036076333479166729223 1.9195636480508087018 0.62982465699739997866 5.3446528078667974171 5.4038552972926030549 5.4615770103910747935 0.000285285 0.000238018
10841889.117043120787 6992 1.8599180796893777234 0.064311733844895566103 0.23291465529027829962 0.19503574298298700929 0.7447275807915791912 3.7789782045983284497 3.8183018644406385711 3.8585758527237645765 1.98059e-09 4.54062e-06
10841889.117043120787 6819 1.3159465457666015276 0.14738967507290223757 0.19677677824342929003 0.61692696365489330113 1.1822218105384294518 0.48138658739617462556 0.4170203538175671909 0.35732193976351728226 2.46721e-09 4.88561e-06
10841889.117043120787 6751 1.2799807360023376379 0.12620172041038399402 0.17070708429616510138 0.055859666547863180697 1.7157162782321579986 4.1966593239611409416 4.3103195844603297004 4.4264571166765254162 2.66624e-09 5.0136e-06
10841889.117043120787 6558 1.307202595765801556 0.11942703083444386469 0.083468754587198018546 1.1186598250338442018 0.30282073125177083606 4.1067290706445938042 4.2086580339722399202 4.3132507642491475508 1.61664e-09 4.24347e-06
10841889.117043120787 4977 1.2429995699668765496 0.10767709647946634155 0.099185726608892216261 0.51326637446745149163 5.3071398845027610847 4.6851200750089638802 4.7931250058958987381 4.900451356837617567 4.26284e-09 5.8625e-06
10841889.117043120787 5588 2.7851911570062353185 0.26586217200160866536 0.14424242115049659696 5.117358934204485621 6.0083004225791372122 1.6707636440954682922 1.3993704268418016845 1.1374051221962568903 2.40685e-09 4.84544e-06
10841889.117043120787 1673 1.2806670791617140726 0.17667498222329242052 0.20847665634319384464 4.094614264553019467 0.1070308580705321283 2.0584248373168678725 1.8946231518773670732 1.7271309085248738313 4.71659e-09 6.06354e-06
10841889.117043120787 5771 3.1918770672560832224 0.063865332708289881958 0.33746276351800885696 0.4654429215964258626 2.6427728517240551831 2.9750677069946838138 2.9641259931967609553 2.9528514250512225559 2.44735e-09 4.87246e-06
10841889.117043120787 6012 1.4621494556164440493 0.035205471026948383095 0.10085214310721772601 6.2404611500958120374 1.775218326640873201 0.65445073568707712308 0.63330982915616607087 0.61247466955700802238 2.36071e-09 4.81428e-06
10841889.117043120787 11 1.3499846245001494438 0.14040243162799007082 0.17583111089198633081 0.47435927652358483853 3.1537413240695801875 4.1851641562747108338 4.3114245997124154286 4.4406910150355312084 2.42862e-09 4.86e-06
10841889.117043120787 5225 2.8343994895755644237 0.21795418626055823585 0.38654562269068698521 5.5424173537996406225 5.1668562861042737211 4.7857266921940837534 5.0031155896634942337 5.2119235131120635884 2.91553e-09 5.16523e-06
10841889.117043120787 6883 1.7833185219223959272 0.071665451271081620499 0.06910715854390370172 3.7329393410003728349 5.4772524898660215342 2.9403048953028885215 2.9254358378857716616 2.9100652134306952412 1.23696e-08 8.36184e-06
10841889.117043120787 3514 1.4207739965738652721 0.34151690256909950083 0.13130199798489061713 2.3833139973282779778 0.061767987485487250987 2.3307284525754066173 2.0422866936581787201 1.7380319040612350889 1.82159e-09 4.41571e-06
10841889.117043120787 5050 2.1811911504705490117 0.096998561278547168474 0.20178818059313446964 0.86896012706972425299 3.2999147422215502345 4.9289669121525090389 5.022872544654510385 5.1152332112039458067 4.47893e-09 5.95993e-06
10841889.117043120787 6627 1.742707406505006329 0.18106578312963733657 0.086372618608944490282 0.39312466400537893207 3.5432145040529419155 2.5368961165257220003 2.4247897056754306178 2.3058335159299363504 7.24481e-09 6.99615e-06
10841889.117043120787 2413 1.8044001119302439662 0.066063599888489643597 0.068071415527835660297 0.82955626978181651321 1.2936826303448478725 4.8888531003015121001 4.9535635182970638724 5.0177151130200776663 4.92958e-08 1.32572e-05
10841889.117043120787 1776 1.6310496664464628758 0.060943516684896413549 0.0049507555446208582201 2.4580168399633879339 1.798785547142156549 5.5173795868590138625 5.5587444857422507738 5.5991327777456856296 1.13676e-08 8.12967e-06
10841889.117043120787 5560 1.7726889014256002053 0.18566782836195575013 0.085892297557233959759 5.5415245952454643685 3.1017244149409441967 1.8763030057774925385 1.6930173860883741543 1.5087345841465900076 2.32788e-09 4.79186e-06
10841889.117043120787 2535 1.108430732497224902 0.24827117281304070251 0.084706098252344860788 0.93589164243204403526 3.885464221979657129 2.8369328761459060573 2.7509813183341993437 2.6564511324193693653 7.23789e-09 6.99392e-06
10841889.117043120787 923 1.551155252014133179 0.079906530372410605745 0.069964654149772376179 1.9188922152483578465 0.53439995343618251766 6.2787388650637963039 6.279081039862021818 6.2794089967023483112 2.53731e-09 4.93145e-06
10841889.117043120787 6946 1.132235572471268048 0.25979549302684007417 0.093412249627433455168 5.9954900873839944708 3.1855035915659146717 2.3421217065304547056 2.1341179170320505598 1.9144644498748599748 2.99755e-09 5.21321e-06
10841889.117043120787 5448 1.889381690320313556 0.049029069526337717977 0.1846025206267419283 0.83514845389628644678 1.6320537859098556144 2.6283767445684866892 2.6037651872174811807 2.578648998168444173 2.56033e-09 4.94632e-06
10841889.117043120787 5845 1.6580556273694107006 0.13938155567716103977 0.13024631071903522428 1.2213264400688548239 5.3176977692345124282 2.6396753871852096651 2.5679120477400969591 2.492265901316086385 1.71925e-09 4.33141e-06
10841889.117043120787 6764 3.3017289079078850911 0.016259822237244838522 0.31843809385000970691 0.18937132486894661665 2.1531219999137833909 2.7540668804945207526 2.747875319033316277 2.7416376613648276717 2.4069e-09 4.84547e-06
10841889.117043120787 5259 1.6491839214351671217 0.131428125132253798 0.10405224790311047578 3.400324304730335534 0.92857024827293166425 2.7848629337558765684 2.7357378904114817431 2.683849510507652969 2.21606e-09 4.71387e-06
10841889.117043120787 3413 1.6391326346217289789 0.17051650229087633726 0.083674859686390101743 0.45573545787483615843 3.7196492609706788279 0.53700594512719168616 0.45521695237515247268 0.38024814726742695026 2.25655e-08 1.02172e-05
10841889.117043120787 2658 1.8841534201415228722 0.250262661189354918 0.091725528215559792855 0.88292869090387660069 3.8455397022653419192 1.6820824527634465895 1.4271167844054368778 1.1794328698966405344 2.46497e-09 4.88413e-06
10841889.117043120787 6498 3.2434718075636217449 0.05579739059754303121 0.19281916807782159551 6.0627435135547909084 2.0228721363587491844 2.1675877307613919953 2.1206716372179359453 2.0730993573168183808 2.50157e-09 4.90818e-06
10841889.117043120787 1698 1.5134478194751916913 0.22521659165225493826 0.075136951493472103891 0.39641947261726984131 4.3521007016287747149 3.3328851471943505835 3.3817232221418365157 3.4352863603990329011 2.42949e-08 1.04718e-05
10841889.117043120787 6300 3.2785236947579106115 0.069987936220480523319 0.30281894804052994497 0.4942756463628030783 2.6874146310771069857 3.0049673587399778896 2.9950801435258433969 2.9848626815984706795 3.26125e-09 5.36181e-06
10841889.117043120787 6744 1.5003015862872592923 0.081054578102099136827 0.17565543431467242619 2.7838770758447797249 5.2191743461920081515 1.4929750053136716659 1.4123309553892899881 1.3322919412979228326 2.29835e-09 4.77151e-06
10841889.117043120787 6273 1.8940012718357130961 0.15863013105497056343 0.067806199304721759269 5.9288271352454460228 3.1464447504136296985 0.91855928794731778186 0.79769825016533313367 0.68415864701777007184 1.74421e-09 4.35227e-06
10841889.117043120787 3800 1.6220065507349286094 0.18047563231724653154 0.08250196894145905846 0.16761326468913206877 3.4077072765674363275 1.3344935400536948045 1.1617017268930456275 0.99611870051183337704 1.79108e-08 9.45995e-06
10841889.117043120787 5861 1.5272722264291738181 0.19869849235078132499 0.1329925521080926043 3.4841513219626309983 5.3797916472273152877 3.2713813373801561291 3.3002250950258114059 3.3316130918943924755 1.95257e-09 4.51911e-06
10841889.117043120787 6922 1.1060484147269999955 0.17873955231366800422 0.10371227945983535479 5.3048630242511212174 3.0211897482183442953 3.391162290273136648 3.4399144068045610645 3.4924489105848435244 2.00926e-08 9.82944e-06
10841889.117043120787 6923 2.0473429609839608467 0.20731854293300477909 0.16243021632360471473 0.95925914287445124273 2.309667061345805017 3.3114497282447095117 3.3509560312662451942 3.3940445411599524661 1.67707e-09 4.2957e-06
10841889.117043120787 5480 1.9952724029722508359 0.17070012878898549458 0.13333486644926426101 2.1601936141232980226 0.71069346962591084527 4.075043119335648889 4.2204408566841138395 4.3708983993077437091 1.6026e-09 4.23115e-06
10841889.117043120787 5093 1.9426957312134209843 0.13286539652396969768 0.063712059873460416548 0.48859791340816810523 3.3724899453272820793 0.38347208537053567579 0.33645861917429686905 0.29259359285519459526 2.98948e-09 5.20853e-06
10841889.117043120787 6676 1.8706708867058225998 0.058127578479124197841 0.24101510705598425122 6.2562269977895903494 4.4276622471184374774 1.6082879027809964256 1.5501049866295886215 1.4919898508318933938 2.23147e-09 4.72477e-06
10841889.117043120787 897 1.4623417492049521904 0.11849304492183272697 0.20102333322515883451 1.1167547044291097347 5.2153205182764184045 6.2128247055332739279 6.2207164257923652784 6.2281137404039750294 3.39891e-09 5.43622e-06
10841889.117043120787 5996 1.8553844114407758159 0.13406285447828386603 0.088885243178862941016 3.9799548819115009302 0.83382516445302989894 1.6962805582579358887 1.5617365109696006442 1.4276791584108461386 2.28464e-09 4.762e-06
10841889.117043120787 5721 1.7431984163997515935 0.17338573301879550703 0.12766614004207602062 2.997748028075399418 2.4764453638319543494 0.41121208198143543999 0.34657714424280144927 0.2876813973494184995 1.97529e-09 4.53656e-06
10841889.117043120787 6083 1.7170100420005589559 0.13425780532462269767 0.076644317564868447157 0.059972564033663924854 1.1230953932494125436 1.9895571835187717546 1.8630375078017185064 1.734472153032434294 4.91269e-09 6.14644e-06
10841889.117043120787 6982 1.6023690497942200128 0.18280427143814406699 0.15185754374043514137 5.6743060023021936189 3.4767737083427308065 2.112242928169922429 1.9467540293744043378 1.7767174635900047086 3.77646e-09 5.63047e-06
10841889.117043120787 6562 1.9702542348454008536 0.13608101715745654636 0.13705023328653279102 5.3255041597679877441 3.6770510246642764685 0.5972048082092579202 0.5244696856394159834 0.45632656646197850003 7.2003e-09 6.98179e-06
10841889.117043120787 6915 1.069897712687813085 0.13706333846114238106 0.17397153308744978117 0.46212712011779472077 4.9606836157140641319 4.321977824023645276 4.4525695325628724675 4.5850325290564537539 6.99762e-09 6.91566e-06
10841889.117043120787 5492 1.8311144409191546512 0.023057822582021908486 0.052132781874535377709 4.604536269250449898 0.13920291116120955821 0.95137505961427515366 0.93272394602640140704 0.91420285535608114547 4.51271e-09 5.97488e-06
10841889.117043120787 5781 1.6885747450007608794 0.06689255190043166821 0.12838772384957186645 5.1853249978222573091 0.31245893535014396258 2.8755565689660675943 2.8573629191067446698 2.838605031869844364 2.03408e-09 4.58113e-06
10841889.117043120787 5427 2.9408696242011469479 0.033968721928093713325 0.034162032834040526041 4.1496293818107385931 4.7266577938303546702 3.2795980906447752545 3.2843524375366386359 3.2891853497448617638 3.52478e-09 5.50251e-06
10841889.117043120787 5568 1.6505178519290411021 0.44569173029267727948 0.088338636821428923041 2.5425337259051974392 1.292702516696893511 1.7300585409679987148 1.2567197405688497192 0.8328303305713011806 2.09675e-09 4.6277e-06
10841889.117043120787 5928 1.8392583035650413859 0.21720786236462497065 0.13482817292932414155 1.3378678154926286759 0.33174624660901591566 0.2265407004179550432 0.18194896340091123998 0.14264591585351471537 1.85148e-09 4.43973e-06
10841889.117043120787 5044 1.8032888277359715445 0.23018872472879661761 0.19381095825843380753 2.0329555450849938758 5.8350232934869490364 1.7594406663919142098 1.5261956481936911345 1.2962358335837578238 2.3978e-09 4.83936e-06
10841889.117043120787 6767 1.6834189162120654082 0.30960606921740235764 0.074017200792844101143 2.8044938275178399323 0.27368392070991476306 5.9342738238529939565 6.0286330959589875533 6.1065956425553125086 2.88634e-09 5.14793e-06
10841889.117043120787 5537 1.9025145721490941408 0.063400387616126471779 0.14631277191615785216 0.53993853751700848775 4.6646980315422661434 2.0081967498827224539 1.9499405289299893695 1.8910427272604191096 4.42539e-09 5.93609e-06
10841889.117043120787 5021 2.7872385299951880633 0.13367535428521243324 0.060410856205669778707 2.4302892571979346492 0.57019821626572209095 5.5064713833474403515 5.5962307599553122728 5.6810057234188464648 2.06176e-09 4.60182e-06
10841889.117043120787 57 1.6008293187686417625 0.1379948097951332886 0.086427003409139654955 6.1869392209823139694 3.3721899818886535982 5.3703958680483996346 5.4755447466748279339 5.575267845471278072 2.00445e-08 9.82159e-06
10841889.117043120787 1124 1.5148308645500279113 0.036838859185503620985 0.079833563529916828916 3.4561215868356094383 0.18533825456722483049 3.7379401988332201512 3.758956455096233551 3.7802820138362678293 8.11026e-09 7.26432e-06
10841889.117043120787 5020 1.8612750550612109368 0.23323569393868545663 0.13408664960290542223 3.2172278196459660471 1.7115188051814698156 1.6275314648654062299 1.3909310741414231405 1.1614579832881100074 2.26068e-09 4.7453e-06
10841889.117043120787 6161 1.7905773521361774137 0.1755765047673272794 0.075203069814799003434 3.1399825831111396468 4.5853173014892822934 5.9375239646668429572 5.9928569470801624774 6.0431186815680471014 2.19638e-09 4.69987e-06
10841889.117043120787 61 1.5097529174796975315 0.092756348636644198047 0.052079030976470409853 1.0232682498349805478 1.9073529986844719453 0.45118886475487518517 0.41228861261520605153 0.3751204743375469719 1.38519e-07 1.87077e-05
10841889.117043120787 6451 1.74817571094302604 0.27630986547332092584 0.053171888486941501495 6.0156058829583738401 6.0612570647115688871 2.5016124234441332597 2.3124544573626932831 2.1087175198933172382 2.57122e-09 4.95332e-06
10841889.117043120787 6876 3.0961151606881109899 0.091779085168137999884 0.15628710499370876419 5.3257953613113038216 5.8425078580413654095 3.4736197037159324275 3.5049593185163878672 3.5375797238227999486 5.7202e-09 6.46627e-06
10841889.117043120787 5132 1.5340266750845596988 0.14712412304520847139 0.092758341160482052357 0.21914396903552607609 3.9451610068074165483 1.8490848312727865554 1.7041512930396105485 1.5583334268287085678 2.32293e-09 4.78846e-06
10841889.117043120787 5470 1.5793644705507940973 0.13528652614064287651 0.12345311129053916643 3.120778069172259972 5.8967095025693145871 5.6382133086545298539 5.7156726667525763474 5.7883940815448040595 2.3944e-09 4.83707e-06
10841889.117043120787 6757 1.7930905279102713479 0.10027838686610374141 0.11581820624462685343 0.77678198470797188424 1.1355312176067933194 1.4005514090241355518 1.302388560133369122 1.2057007037641760405 7.3237e-09 7.02145e-06
10841889.117043120787 2778 1.5574046650744606257 0.08659540851297399533 0.11495145703713921526 1.0090818611935246096 3.207843912133475861 0.94261316828897134812 0.87418899757374157744 0.80776829292302487762 1.15158e-08 8.16485e-06
10841889.117043120787 5605 0.92797309889253676296 0.14062536207695391921 0.18576597304682196388 3.3403174096106638125 6.2077879289113804262 2.9003759736979985995 2.864131736913567039 2.8256124026615592193 2.44051e-09 4.86793e-06
10841889.117043120787 5518 1.5296454369486962577 0.12591643591456402884 0.031567696408934732555 4.4171646995264159941 3.836987211693154709 2.8925883916492969306 2.8594036337498724976 2.8243410998737661366 1.73658e-09 4.34592e-06
10841889.117043120787 5874 2.711537022088554405 0.12831652377120905673 0.55635818858147367827 5.3153352132105275984 5.6063440110461648658 3.8460036617895276834 3.9336958514122133401 4.0250356625179666281 2.14922e-09 4.66599e-06
10841889.117043120787 6674 1.3554308522019478112 0.092887908937411528543 0.16458808512895076182 1.4134569350107217822 4.0042269234659251254 4.8979886975173378971 4.9886378454695599061 5.0780039392214693095 2.73456e-09 5.05606e-06
10841889.117043120787 2768 1.3195592503395356943 0.048557670462073258821 0.056967111909596121477 0.94034863901642651296 2.4119331439997631072 1.2565775511964436539 1.2107224956242101932 1.1652787891250804275 4.30741e-07 2.73058e-05
10841889.117043120787 6176 1.3479189445801371683 0.12598600671419621366 0.19339440173026914427 1.1489106742168773145 2.0978977531097773301 4.4798539443892710921 4.6045978779124396851 4.7298526822418667237 4.04806e-09 5.76235e-06
10841889.117043120787 5920 1.7173024045232261336 0.21657761439090267297 0.091025865556893570396 3.7309361192822922959 5.3429384805069313202 1.4619971335529553524 1.2475028416997462344 1.0421451927346019328 2.02047e-09 4.57089e-06
10841889.117043120787 6324 1.5650754486557756362 0.20495330326681224231 0.03548644920828348398 1.0871495121000585016 0.99347332025157586433 3.3928664375049222279 3.4501001091282543776 3.5123314941596492922 3.61321e-09 5.54815e-06
10841889.117043120787 5952 1.5681497714287579992 0.24823763569240775428 0.11093150657991261709 3.825666438284101023 0.52217449459319775773 5.6793406690739018927 5.8088873888508167909 5.9222609870351936578 3.30338e-09 5.3848e-06
10841889.117043120787 2012 1.2638050394492335027 0.071300338153276091036 0.039529554884999706932 0.356009997695478142 2.2068129332974293355 0.22425477608754459946 0.20891304477111466431 0.19412558985124281352 8.89641e-08 1.61407e-05
10841889.117043120787 5312 3.0426842715622344215 0.055854768320085193545 0.14656179011789707833 4.2997685028419496689 6.0245561571358479114 1.5850240834103335175 1.5291236685326383693 1.4733173921813851326 2.46345e-09 4.88312e-06
10841889.117043120787 5514 1.9966557354653884371 0.062812701848708796248 0.11191454360748859242 4.7765189583809419815 0.70908620450848636185 0.6639159530486665739 0.62611276105379676249 0.58930456056568158996 2.23079e-09 4.72428e-06
10841889.117043120787 6734 1.5093839642158159986 0.15913441051469701115 0.081016248402135782047 2.0796223087543586061 0.91944944740149170403 4.8809608016157008947 5.0364384972647719962 5.1872905657733063833 1.00692e-08 7.80756e-06
10841889.117043120787 3988 1.5881809853702311131 0.063177047859974036492 0.052228061939498318655 5.7164318426391034222 5.6069906217608629362 5.0125984125002371883 5.0724326642316617253 5.1315588903845066326 5.58031e-08 1.38167e-05
10841889.117043120787 3637 1.5686105939614485294 0.078476336739730728764 0.16247774196747208353 0.93455664883598421611 4.5348062110666038649 4.740354427234731105 4.8187947462858709002 4.8968272401549564066 4.68902e-09 6.0517e-06
10841889.117043120787 6028 1.877725412620811607 0.25673801760921521886 0.078043055650384746125 5.6391787432957132253 3.9281931080084708796 0.71300751517081706332 0.55787247035286424701 0.42195987298764364715 2.1303e-09 4.65226e-06
10841889.117043120787 5572 2.709350070020386525 0.31133836698645966923 0.57864705576333952397 2.7298497043910101567 4.460812504307760662 4.9255470731624448888 5.2251387438835834587 5.4964386350591301067 1.63405e-09 4.25865e-06
10841889.117043120787 6521 3.010362720746468046 0.060451552942443663452 0.14998257072863463435 4.4438313831366000883 1.0745614151332150144 6.1995091982375898354 6.2044182658427047272 6.2091749336594723729 2.953e-09 5.18726e-06
10841889.117043120787 2010 1.6839348490115564339 0.09576020727328539428 0.09047615163856627396 1.7119034276428657382 3.6822974655516973463 1.7373647174779967006 1.6420255004967327928 1.5465081147958625873 1.35956e-08 8.62944e-06
10841889.117043120787 5455 1.9131019295704845273 0.15777972044090260439 0.068855835027770415091 2.8296032724113477919 5.6150079333456082153 2.4663940777120409997 2.3606943554132424623 2.2496304099681547761 3.36325e-09 5.41714e-06
10841889.117043120787 6780 1.9612724536584251744 0.22806117065969452873 0.080088209815030744765 5.3670617750057640905 4.4095248723796274248 2.1990323851122393073 1.9990973449937539108 1.7916363256292331396 3.2776e-09 5.37076e-06
10841889.117043120787 5422 1.4002003912929747997 0.16329184998726756217 0.098878734572683063542 0.89616123647294476662 0.035239443180652418874 5.3658136840811021528 5.4899727024750495374 5.6063362349945542462 5.73994e-09 6.4737e-06
10841889.117043120787 5540 1.9065941565721880036 0.12121956262500671597 0.14696797332364638922 4.4566664890851219738 1.8690763343413818731 5.5829330025081489453 5.6578171207935525899 5.7287785459177413827 2.31531e-09 4.78321e-06
10841889.117043120787 5552 1.5751098801916514347 0.22994214092419074102 0.078102290678875904706 1.6287717447254537184 4.4565897407038814748 4.3908867450049671177 4.6194629765869885674 4.8484130286927831222 2.51442e-09 4.91657e-06
10841889.117043120787 5469 1.5049346108517471787 0.17048663387033657912 0.092602245914993899789 1.9443158950201557822 4.4651439932344851869 2.8061634702515712014 2.7446605842149556231 2.6787520263678219479 2.51139e-09 4.9146e-06
10841889.117043120787 93 0.88451597007305871045 0.069928192848615400301 0.044349962576571082262 0.82420472819762613526 2.8216170997687011202 3.4224330288093058883 3.4425130511635400055 3.4632397235216689779 9.20189e-07 3.51676e-05
10841889.117043120787 5794 1.4850383888729628001 0.46381470248726264227 0.13174182202865364344 3.4580167625312583368 5.9192683396281582375 3.1220862329520175926 3.1093642076005725272 3.0944187680627570636 2.17467e-09 4.68434e-06
10841889.117043120787 5178 1.7660221254518453371 0.050589802920564169719 0.10615899964339876871 1.1158146750518433965 2.7066335795293863242 1.5828849722614473094 1.5322617790231751744 1.481709532141814778 7.29677e-09 7.01284e-06
10841889.117043120787 5725 2.9473020163713190556 0.23872218575471670921 0.28920732563922801894 5.5620241338433258349 0.46865770119830724161 5.4860832257719369665 5.6454958331021192208 5.7876168390362323635 3.15235e-09 5.30146e-06
10841889.117043120787 4194 1.1424138085853061675 0.29617030665564092473 0.040602441574679348779 4.5892050780557376299 5.7451523339209167318 1.0871913423323700254 0.83791587730714767179 0.61778716972381553241 2.52016e-09 4.92031e-06
10841889.117043120787 6053 1.4536902051872095942 0.13108641411219065787 0.14793781784239290467 0.62469348682429015618 1.004731974850950893 4.0889411631573420181 4.1999853369590924856 4.3142361372367670214 3.14775e-09 5.29888e-06
10841889.117043120787 6403 1.9167454028093360296 0.093590429075874698173 0.024886669443871078933 3.3973245712886197545 3.9153898984609156741 0.82005345471782808975 0.75362185361085876067 0.68957938736646773314 2.19336e-09 4.69772e-06
10841889.117043120787 6747 1.4392375726013901804 0.34991034297099354866 0.060148816999823967455 1.4122792214918984399 1.5809297457577551338 3.40292636294908446 3.5159017187100789492 3.643839269991683949 2.21376e-09 4.71223e-06
10841889.117043120787 6958 1.5758340227702298808 0.025714796393623451376 0.14605138038681178547 2.059569894241259469 0.040065579466199228997 0.51094857578113461738 0.49851150534249999424 0.48621677952233666176 2.00486e-09 4.55909e-06
10841889.117043120787 6874 3.2613816674769084969 0.09268055995667676128 0.27290928172186135203 1.4685216625973327442 3.5459358399574929521 4.2666452100548353243 4.3521104738240437015 4.4388408191870620811 2.61974e-09 4.98428e-06
10841889.117043120787 1959 1.5195930635001682063 0.084933508271949398338 0.049037388019185675081 3.2453936263520573036 1.4349566869243770562 1.7588433321143730481 1.6746357676421335103 1.5901597513428009645 1.79741e-08 9.47108e-06
10841889.117043120787 3953 1.6024471853262487464 0.13112270769366698997 0.23003741911019531807 0.5989389760501765414 3.6487005070812972285 6.0972251923203311108 6.1200927729864371685 6.1413832291917413997 1.87457e-09 4.45811e-06
10841889.117043120787 6642 1.1042506222424113282 0.26397480816998875053 0.087661892127227900029 4.5316499476522160705 4.3175358277278874652 1.0897506934538108148 0.86638743970710652142 0.66524009306346010284 1.26355e-09 3.90884e-06
10841889.117043120787 1615 1.3983951823678570925 0.13356879634063023587 0.034027503731369597439 2.5401105078829413486 1.3349780707047631534 1.5124819551742212376 1.3792591458973617602 1.248132953558152014 1.02567e-08 7.85572e-06
10841889.117043120787 5324 1.6730969565628612816 0.079468978556232014454 0.14345713978960422663 2.2966751804360132638 2.9435605601164311906 3.2722326706140818509 3.2830272241131916999 3.2942294498889275189 2.44962e-09 4.87397e-06
10841889.117043120787 5380 3.305015944149647833 0.06741451048421898129 0.1525213163944730832 3.1155294063978575814 1.1099076824348375059 4.7751927413708621373 4.8423833117655892266 4.9092290209834255066 2.14422e-09 4.66237e-06
10841889.117043120787 5451 3.2602411670517787989 0.078111459760211068848 0.039602234623535140234 1.324291330004197409 3.326027599590860806 1.6715368999242052883 1.5934348896053447397 1.5153434452286151934 2.58702e-09 4.96345e-06
10841889.117043120787 6391 0.74108446003588990258 0.13115914580286708313 0.1247305233659988799 2.2233843495393488254 4.0322373711515417938 0.41227740633460746578 0.3625085629339929727 0.31599679142815811916 1.23883e-08 8.36605e-06
10841889.117043120787 6532 2.0017153098116664545 0.36915358176132062606 0.19760482727435757511 3.1879733843301312213 1.1754770479163416663 2.3368247862925044522 2.0215106754761382746 1.6892221895720083147 5.62757e-09 6.43118e-06
10841889.117043120787 2966 1.2535179915224052838 0.096726726503881421682 0.15544633204327445997 2.9886888843299463936 0.15541481638047663361 5.2189322726370637184 5.3017160643400291775 5.3821264309120344649 3.90041e-09 5.69141e-06
10841889.117043120787 3751 1.4647485600640550718 0.1336657331305008134 0.028378693828280333183 6.0565294049377751406 1.5412103426461891686 2.9465640071920682352 2.9187107885331045054 2.8891651654794356929 2.30157e-08 1.02847e-05
10841889.117043120787 6233 3.1044992911241529043 0.17114874316769798646 0.2498587759933421637 5.2048676455027438337 4.2052566010394727414 5.3777445274522079899 5.5063556441942216324 5.6263346875205186848 2.38928e-09 4.83362e-06
10841889.117043120787 5382 2.0151987924787864159 0.081587535576876937804 0.148722331509169442 3.9487869445040564287 3.4156516372190504072 0.35558176990289225294 0.32818214523403443916 0.30188462833124185547 2.55203e-09 4.94097e-06
10841889.117043120787 5340 2.8663867520039914005 0.49423352392560088164 0.21935726765265894933 2.9827640468422358389 1.9528710542821992036 3.2325819138887683657 3.2977779065683598958 3.3746564423454641357 3.20434e-09 5.33044e-06
10841889.117043120787 117 0.99906823331633154428 0.039943576461869127747 0.031359309814143400408 4.0595903973063816039 1.1240600609236970353 3.489173553590482868 3.5030450986128749413 3.5171704733726412151 6.87268e-09 6.87425e-06
10841889.117043120787 5708 3.1564342912541025754 0.067041699110245545068 0.21156028230913823118 4.502517184240196535 1.1466486869711634 4.5995948889055435771 4.6665134670398558114 4.7334846317912626645 1.65544e-09 4.27716e-06
10841889.117043120787 6956 3.4718681866035550065 0.061982200193945236055 0.37877845467220150333 2.502502854998605919 2.5005700236728420904 2.2143323613005989614 2.163769613905796696 2.1123688421509303481 2.20649e-09 4.70707e-06
10841889.117043120787 6151 1.6934277910560096014 0.10873618447593481895 0.09675544374403675929 1.1164753249206298413 4.2648476489589874916 3.8658479993825531906 3.9411497768751631021 4.0191187823487330988 2.10594e-09 4.63446e-06
10841889.117043120787 5235 1.9369683453585369026 0.1932659559226443946 0.029325012382843480135 0.30917646533589954183 2.6409299333167863821 0.66417304911881391849 0.55260366254827353316 0.45115736871779615891 1.69779e-09 4.31332e-06
10841889.117043120787 5270 3.09884571068831427 0.25069458032087293953 0.34094808403846438294 5.467328567484506685 4.7339641303946518036 3.8965978165249608445 4.0884460112475533577 4.2919050025845422169 2.61601e-09 4.98192e-06
10841889.117043120787 1888 1.3811278334599237372 0.1659336806384156815 0.024233999177518669027 2.7032345256674314982 0.26296305942299841307 5.7052114626106185113 5.7904766381006931297 5.8689656097888516229 8.5818e-09 7.40246e-06
10841889.117043120787 6473 1.9063073028388997088 0.22388714981173293839 0.089327481039640541094 2.4480876836584251066 0.96113406196662543035 1.19557005650191428 0.99368781858502275295 0.80606059025458332012 2.97483e-09 5.20001e-06
10841889.117043120787 5815 1.6305690046947580729 0.087373210993250932654 0.1111219736684115611 1.7574119385738624644 4.1961288856868712571 2.3502820976716845003 2.2860622105967203233 2.2201025225724837497 2.67562e-09 5.01947e-06
10841889.117043120787 6211 1.5637852444988940004 0.21408940826389960543 0.10390447835380275943 5.6299361552363702543 3.3254365743458413895 3.9950513706578805184 4.1703335116350359613 4.3537332202991745334 2.33777e-09 4.79863e-06
10841889.117043120787 5003 1.7113570225066299102 0.13106177129696047756 0.13964469019955222384 6.0791999409105734742 0.82029560848871130307 5.6959962337784881825 5.7651063742968968739 5.830009747077187221 2.56915e-09 4.95199e-06
10841889.117043120787 6536 1.9903109753815555472 0.041945238326045228283 0.17501015380212614492 0.89529879838986525797 1.1977096945402727624 5.9732284447708918762 5.9857771941680724126 5.9980689565263141105 2.77887e-09 5.08323e-06
10841889.117043120787 5873 1.5946191926764243796 0.1062404475281841093 0.031951642567064501843 0.67870100548369349802 1.6800382210502013969 0.013702701633393460368 0.0123166638330638855 0.011008169039125902111 3.51811e-09 5.49904e-06
10841889.117043120787 6368 1.4424593778289871437 0.04568716502568882093 0.051912777339402332855 5.9073070158551965747 0.47069588046182431196 2.9929198435749477802 2.9859923057555781689 2.9789120185866999613 3.51985e-09 5.49995e-06
10841889.117043120787 5898 3.1576458918922956087 0.28681557190739281893 0.43911064809569244627 4.4717758019805433634 2.4907614878252455348 4.2230142705873410236 4.4989556271550270594 4.779263191740455774 2.49608e-09 4.9046e-06
10841889.117043120787 5792 3.0894110647159740424 0.27666040016415899272 0.34346630939623840062 0.97301578598680416032 4.0204456266791126495 3.0918360546261562938 3.0755006765300847427 3.0572289527612639404 2.20777e-09 4.70798e-06
10841889.117043120787 6955 1.3365404365851443202 0.054258283974673103545 0.048877983251298572076 3.544285720100964987 3.328497513405742847 6.1622922040393675047 6.1686686397742542809 6.174868545875327186 1.85814e-09 4.44505e-06
10841889.117043120787 5782 1.8487966997510583145 0.11937245523177959783 0.087919587346880559431 1.6732443950070656769 4.4279700675923931996 0.74450431231888869466 0.66679074075432109847 0.59296277989030599098 5.0598e-09 6.20718e-06
10841889.117043120787 6853 2.4550089994343187172 0.71790759835945772149 0.35450702626238494997 5.9835144046043149402 1.7973725914310021423 4.1826432031614455553 5.0525308403633131249 5.7293076082135554472 2.62932e-09 4.99035e-06
10841889.117043120787 5737 1.8136713973171525449 0.27006165540188126206 0.11738593691515453177 0.70932076584650982642 6.1574064065900113718 3.4281494652191950578 3.5176934251111382501 3.6168861484108631998 3.30498e-09 5.38567e-06
10841889.117043120787 5750 1.6646941705975462078 0.15846339773142620322 0.040065608742448521884 6.234859967869065045 5.6827205889740923794 0.80611863234741087947 0.697171434947755575 0.59542973991814385215 1.52873e-08 8.97346e-06
10841889.117043120787 6880 1.0093198513554819673 0.03241156410157750023 0.35781793172110759604 2.6554192608940350162 4.1295798625112194458 2.846786856439872615 2.8372187347406523372 2.8275051208686639015 1.78966e-09 4.38976e-06
10841889.117043120787 6303 1.2315818081190572642 0.19833911163158199353 0.12961502507584302113 2.9952670029290429099 6.2166546381869371984 5.3123642681063731885 5.4685371825554538461 5.6128257551580169604 1.48051e-09 4.12085e-06
10841889.117043120787 5241 1.7881510659443315969 0.11644607331223824631 0.14979881428089264483 6.1703953297287243984 6.0342413128200114159 0.66253641835636023494 0.59385560700210238139 0.52869696532651699883 2.63706e-09 4.99525e-06
10841889.117043120787 6290 1.6441246197097723059 0.12533233700720908255 0.034654488582623675652 0.6922419312041742101 0.10417674036398782977 5.5454584021242725456 5.6262825868476049607 5.7028189201392187613 4.66797e-09 6.04263e-06
10841889.117043120787 5215 3.0273224574045025648 0.076999164648131931954 0.28356980262875647325 1.1431209334422283153 3.1694080724385611525 1.3395943185654186625 1.2652242254916901132 1.1917920472719139013 2.09099e-09 4.62347e-06
10841889.117043120787 6358 1.779521784095384529 0.088554176310777527048 0.11862839096887652091 3.1376796409812461874 1.2039442006137084373 0.22149685060495200029 0.20281327974189614083 0.18497618903417156755 2.40091e-09 4.84145e-06
10841889.117043120787 3761 1.4662745188930050855 0.06549419928084151965 0.19066220687832216574 1.1600335232756526782 5.3618619022211770897 5.4391945289179082224 5.487137261135904609 5.5339392288529110076 4.38307e-09 5.91711e-06
10841889.117043120787 2057 1.305638688204212805 0.25122457757449517812 0.17971223278240222587 5.1495692536229356051 6.2705388308115521667 0.62069918540658508554 0.48637707947535607778 0.3689481336688363311 1.66245e-09 4.28318e-06
10841889.117043120787 5673 2.000471737230475 0.14034965140998809097 0.090843275468283371521 3.0385253269993515168 1.0276430890375547467 2.0135180972293444945 1.8822870992265392509 1.7486913903989420582 2.67237e-09 5.01744e-06
10841889.117043120787 3324 1.8295101132185505044 0.16678444661630298373 0.094295874548438046725 2.4324169191141700175 1.05343939335785719 2.2865961120059155043 2.1526669153000779211 2.0133291743825418862 1.99813e-08 9.81126e-06
10841889.117043120787 5034 2.7617446445634876717 0.095761850848632715238 0.17115662776984638671 0.42649181983371697857 0.90827336995481677828 3.4336129956076013592 3.4625742541784649831 3.4927869437353340487 2.20492e-09 4.70595e-06
10841889.117043120787 6957 1.0862611789374556626 0.085097178372970094795 0.063563570773625205357 2.4899656511725565267 5.2873694070640757658 2.140065168087794234 2.0666023914559366048 1.991752145755540937 6.68595e-09 6.81142e-06
10841889.117043120787 6308 1.937482316141340366 0.23920448956263606899 0.20554511164925132194 1.3650964370954761229 6.1334318765325566147 2.372495740854204449 2.1880784825128860582 1.9930180783166064895 2.73381e-09 5.0556e-06
10841889.117043120787 5344 1.890400372411954244 0.12448174705254154426 0.087032577996513552088 2.8640165449138583753 4.4140375084080716306 5.1485867203863993069 5.2588280554328816763 5.3651828156717638052 2.73146e-09 5.05415e-06
10841889.117043120787 6577 1.6733185702368540415 0.25933173164050349335 0.15117839548396905247 3.8519421509349833777 0.8815856632092859968 0.3922138370234141691 0.3023818146773658011 0.22515417332979725806 1.63583e-09 4.2602e-06
10841889.117043120787 5452 1.3431565177991635629 0.11458915234833666474 0.02133773608892479412 1.0029184403129232095 1.7685309790497449889 4.2703951568964644281 4.376833636609699596 4.4850318750955100455 1.87068e-09 4.45502e-06
10841889.117043120787 5123 1.6360883198397220273 0.39134061156683636051 0.14581865140106126111 3.2156089573204371668 1.1290637248280270821 0.3168059470795112631 0.21052773477902803068 0.12874693454880553611 2.85229e-09 5.12761e-06
10841889.117043120787 6241 1.8402497546269607209 0.087340922550936922475 0.10269180356815463262 0.25054001434840533769 0.6221547236847020379 2.4904877032539523007 2.435553514397774677 2.3788845490639607405 2.40528e-09 4.84439e-06
10841889.117043120787 6183 1.759907506589964088 0.046411465521106524956 0.086786402669254289477 2.68825736818637262 0.07728666296954449233 1.7053910392208404545 1.6592389103927298599 1.6130088439259844257 3.31464e-09 5.39091e-06
10841889.117043120787 1788 1.5950123874621700004 0.050430584570364124508 0.077172967269125175571 5.6242488121000171475 3.7070506692274407534 2.3570513892899018771 2.3207552595218019498 2.2838543504663539885 3.37316e-08 1.16823e-05
10841889.117043120787 6090 1.9300245112837579597 0.016191322263425698968 0.10552990515246904457 1.6405379031298559234 2.4081755871297585436 5.2387518517127169559 5.2526954929934692728 5.2665803784323061976 3.39778e-09 5.43562e-06
10841889.117043120787 6826 1.8170777096114705262 0.21656681508722289142 0.14470500676576394938 1.2883775030452262467 2.5233226889522986092 5.0803344880957261864 5.2764466895177379868 5.4594657332840155206 2.5665e-09 4.95029e-06
10841889.117043120787 6891 1.5314138894888957854 0.19887954548464131799 0.09376121819571839322 2.4868020702240625219 4.9187615152456061196 4.7571144186624758632 4.9562417136939771467 5.149237400515880303 2.97992e-09 5.20297e-06
10841889.117043120787 1399 1.3521910191958554925 0.12341510291409828193 0.1034095304268072002 4.7275595903201939052 1.4217504348274039305 0.75233782321890874112 0.67138611309438278596 0.59461305101426786823 4.64728e-09 6.03369e-06
10841889.117043120787 6645 1.8452760318721550536 0.2368653396145350698 0.016621020906714776416 1.5857031920166810846 3.9472776531583635418 4.6625792052890178141 4.902847088344629789 5.135429337532626981 2.03845e-09 4.58441e-06
10841889.117043120787 5597 1.7870009850167145604 0.14604442033673675772 0.091384898641667877683 2.5788280916935355513 3.9443793501670207924 4.4677644183758120633 4.6125500189284496244 4.7578671715550928667 2.41109e-09 4.84828e-06
10841889.117043120787 6672 2.7308669486042704833 0.20371223769061458375 0.13704034699347450443 3.0797292968627050236 4.6298349573249097944 0.94301590246489030989 0.78621919301608522712 0.64205467061511167781 3.02735e-09 5.23043e-06
10841889.117043120787 5187 1.8832159947859452576 0.15605235543808904097 0.16731947316868781006 2.2073290080301077865 0.26432080503867277921 4.3074933933306587264 4.456143203410393383 4.6071001846788401934 7.38199e-09 7.04003e-06
10841889.117043120787 5640 1.6033227464397612483 0.060227322506243456679 0.038059375475287288149 5.6458518660507150955 6.25830274387531027 5.4056868079038062902 5.4511682178437919077 5.4956937445833329292 5.24602e-09 6.28242e-06
10841889.117043120787 5842 1.9266312432109446995 0.092620235263106365231 0.19836886242373713563 5.5794237014471042002 2.1745865941627720019 2.9911171622265753101 2.9765338004439110264 2.9613153339726308033 2.75394e-09 5.06798e-06
10841889.117043120787 1444 1.5004774016022941474 0.084854551050616747188 0.069542838985932955986 3.499463990397914781 1.7351775181194779574 3.0512770895292335993 3.0432711343522091951 3.0349415416604941242 4.82654e-09 6.1103e-06
10841889.117043120787 5566 1.5961687495325946884 0.13052116357723220208 0.049883279739954752841 6.2801146928203790409 1.9129158665451926336 1.0267078886229241697 0.91834063637110985301 0.81462913986935447941 1.33774e-09 3.98389e-06
10841889.117043120787 5503 2.1057550408083147708 0.50077657682310683374 0.48137202803771605986 3.0276939387691905736 5.834913937124289518 4.6662022396256217505 5.1964370389861871402 5.6396835770016382483 2.63499e-09 4.99394e-06
10841889.117043120787 5424 3.0357907483873685095 0.028999333105376827457 0.19970479105595984048 2.8366687522344249395 2.3776504762293635409 5.1128730222571565633 5.1394315897004698712 5.1658266267556962603 1.80053e-09 4.39863e-06
10841889.117043120787 172 1.5060531774047214437 0.050472866812401859238 0.16396853666064239996 6.1446135142678208751 5.3746583140399826206 1.5512045864063217504 1.5007449035896263112 1.4503958264168574921 2.7327e-09 5.05492e-06
10841889.117043120787 5929 3.1818270243406310271 0.083471160173535022264 0.21521774446853619844 1.1499536653515134432 1.6188591801628888778 0.95861588788595564203 0.89181432114413916601 0.82685602729467699845 3.18574e-09 5.32011e-06
10841889.117043120787 1642 1.6961933130794435431 0.080906439302079746767 0.14866299127873411345 0.50840488569290354093 2.8087357473586700429 1.7433305174671389626 1.6629784430594027889 1.5824155133606145895 3.02571e-08 1.12666e-05
10841889.117043120787 5862 1.6550261364751321924 0.25106117814517275866 0.12229346651774894439 2.1691336987781268952 1.5735687857893447816 1.5774078878168042994 1.3234250544391659155 1.0800063214364352682 2.59002e-09 4.96537e-06
10841889.117043120787 5069 2.7429402990979232513 0.021613712781500791366 0.047548031512193257575 4.2110498397939863935 5.2321573599211141925 1.5148151308327586495 1.4932466358095572989 1.471697882406434843 1.18876e-09 3.83014e-06
10841889.117043120787 6398 2.4092341941134045591 0.51422937304151583593 0.20775711578242025968 3.2724512480172993634 0.59891385051959289409 1.2663114136400517307 0.78795341130828033815 0.42341039596500085196 2.41801e-09 4.85292e-06
10841889.117043120787 1810 1.6196099982134659623 0.16747411720840937877 0.059350866491622737697 1.8875533599398222062 1.126355668289598766 4.370914282387066585 4.5340966768611723481 4.6989159920617797894 7.36354e-09 7.03416e-06
10841889.117043120787 5072 3.1111253113209857979 0.12115000119251312372 0.23299178903368616966 4.0536158639621753252 5.9324987201469019382 1.8636848731824087189 1.7453236749543419304 1.6260140971775220997 2.73643e-09 5.05722e-06
10841889.117043120787 4722 1.4487386668404844681 0.23639233846341609069 0.15291419859270949377 1.3115605637523046756 1.4787258755946854905 4.3017952685532900858 4.5316880181891656676 4.7642314067001478861 1.70563e-09 4.31995e-06
10841889.117043120787 6175 1.5867760519428015797 0.14755861922165675049 0.11785197714336519137 0.55984754755661281234 1.7903550056686590164 1.7525867543823550054 1.6049459723405754552 1.4574733860622468562 3.23411e-09 5.3469e-06
10841889.117043120787 6799 1.8363957502376453412 0.31147630111308211021 0.123919918836759263 5.7288312481278209631 2.5904713786885968929 3.0325334323499917311 2.9912111605576954254 2.9445472354493222866 2.97873e-09 5.20228e-06
10841889.117043120787 5182 1.8314278665706416049 0.071551796780674414844 0.11046190171253017498 2.0315686010907691994 5.8649416127457101311 2.456228819764512572 2.4095966313300047901 2.3617745808024754872 9.37786e-09 7.62462e-06
10841889.117043120787 5372 1.7495492698749486316 0.32979654250202988797 0.061694704836990466035 0.094876156864341879005 0.78870393879041367224 2.4733327765397619125 2.2319884639260068049 1.9716929971332037841 3.11368e-09 5.27969e-06
10841889.117043120787 5855 1.8177411077664806793 0.094043890461053311625 0.062953422034249958972 1.2624012739427512564 0.88985201518307044388 3.8048780761575717868 3.8651302094949140375 3.9273910357033932073 1.62587e-08 9.15964e-06
10841889.117043120787 6156 1.8305546636507079583 0.092799740062331298462 0.1009390608714104548 4.0933114054413204386 4.7908784530735175622 2.3919965224768189316 2.3264221197573276001 2.2588785201455698903 2.69058e-09 5.02881e-06
10841889.117043120787 5095 2.0518630369213903819 0.16517206355559679865 0.11954602879319874142 1.0272653794982014031 2.4479970238749722 3.4338481990566434021 3.4858995522927984645 3.5416524467206098592 4.6491e-09 6.03448e-06
10841889.117043120787 6507 1.8463147422446093415 0.26565052414826034743 0.17830670331103959381 1.5904452008583127576 4.5790585027790804418 4.5329649072938655863 4.8040440275559177508 5.0685795143898397797 1.72019e-09 4.33221e-06
10841889.117043120787 6653 1.7546239491909605412 0.097504499987880327572 0.10442183145753837492 0.33273029594871011971 5.0729900199422433005 3.0445289833073969632 3.0345729567262997861 3.0241579621547725054 2.19009e-09 4.69538e-06
10841889.117043120787 6463 2.3568694451184390992 0.20378936212643669612 0.19856803399501909979 2.6944913350058627977 2.4150283458646351065 3.5121445090431713254 3.5945973340429735465 3.6837896453176948164 2.40859e-09 4.8466e-06
10841889.117043120787 6633 1.2258515459759551369 0.060698732405922085908 0.044572472830041877379 3.8190579251977361253 2.4591047035802264809 2.0990827579305824102 2.0458072476254236527 1.991828609849074061 3.02269e-09 5.22775e-06
10841889.117043120787 6942 2.8418576355913227616 0.1431598113466471256 0.12625439196679888454 3.5610365732561244378 5.5447100635818866721 4.9849703283167965395 5.1207159924512071214 5.2521061214257809269 1.34834e-09 3.99439e-06
10841889.117043120787 193 0.91801485102347057943 0.11512517685398152012 0.2366558082823631004 3.2043169300726006554 5.0637267230830920184 2.8585600910589188395 2.8244113319570254284 2.7885049721828187863 2.99462e-09 5.21152e-06
10841889.117043120787 4502 1.651478518928076733 0.13625639160365346503 0.071447853606035643947 1.2712181976314049781 4.4551438152563047623 5.4712415338828623845 5.5660368751233741946 5.6555897764402658368 4.58456e-09 6.00643e-06
10841889.117043120787 3593 1.6901550517661994011 0.11224352072945273373 0.080025413858564639624 1.7924594543712981665 1.5320828851844014995 3.5641730541125546949 3.6128416169069987873 3.6638001155985082669 4.05946e-08 1.24262e-05
10841889.117043120787 196 1.6083040197650313452 0.23368978872770687638 0.069166127111863859311 4.6733872113175811691 4.2458989033747567277 0.57592433466546111287 0.45866773045160591504 0.3552006581215946257 5.83048e-09 6.50756e-06
10841889.117043120787 6147 1.6916562074412899719 0.12469077020551286306 0.16856556369104369608 6.2354506657053061502 5.6630622121652915979 2.4311771671552717677 2.345527633366025988 2.2564224845936124986 3.37103e-09 5.42131e-06
10841889.117043120787 5386 1.9332729633578427109 0.14854937067199144862 0.092899769264630449594 2.9720223608293667716 1.8668863400281439091 2.2181251139091102687 2.0935078760144105736 1.9647944994785904171 2.3788e-09 4.82654e-06
10841889.117043120787 5301 3.0333531397656314788 0.13749395481288848031 0.21396878523149090445 0.93894538045343223231 6.2308200908928697004 5.1231699562606234366 5.2462715914126203387 5.3646315826308867969 2.88595e-09 5.1477e-06
10841889.117043120787 6457 1.9840195282069441607 0.48754182340496599046 0.19008795270883141471 0.64515127728778554062 2.3576298057133255881 3.1099693388160005725 3.0877230323210036467 3.0614720396918086998 7.63173e-09 7.11854e-06
10841889.117043120787 5100 1.7006717156049473427 0.16864144515317783246 0.1134909702082966404 0.28639304039467372576 5.0848059864742332081 4.6153437038132523185 4.7853940922854070195 4.9535863289411787846 2.27428e-09 4.75479e-06
10841889.117043120787 6055 3.2394658080615146289 0.061961883236083967197 0.073431334250139701503 1.7278270780254227912 4.3436981243979158052 1.6606557241257842161 1.5987319034515510285 1.5367941960598210382 3.0525e-09 5.24488e-06
10841889.117043120787 5142 1.5458016941410415157 0.092894485453465944214 0.10982136400465070114 1.2281139847403910181 3.8798077775742636497 2.7451248573102637884 2.707566329871248012 2.6685016716460032704 1.02472e-08 7.8533e-06
10841889.117043120787 5984 1.5277482407973286271 0.32045086328667404807 0.16865648257121546028 2.5327382136200848883 0.074626161738778257204 6.1968979358059268492 6.221265821648138683 6.2410952974608164823 1.83318e-09 4.42505e-06
10841889.117043120787 6291 1.8269246948948776321 0.20694141526741038906 0.14250146900727481136 2.1309699300326259142 3.6875559924098739728 4.863496219603417714 5.0664127363327580156 5.2605207573310268643 2.82649e-09 5.1121e-06
10841889.117043120787 6390 3.2020696493632065938 0.062647300123525845317 0.29704877972809734521 4.5764895834859569135 2.3403748094574496896 5.1221207574086529135 5.1789142494344755363 5.2348668436063352516 2.74624e-09 5.06325e-06
10841889.117043120787 5954 1.4178946669085106258 0.1804946636799415749 0.1944632168075366152 0.78523921529197293623 1.0153304579092925497 1.0064522828186295289 0.86008088881505939671 0.72328482516374981159 1.68237e-09 4.30022e-06
10841889.117043120787 6542 2.0061064013616465296 0.098579365392779880195 0.043127919734766782811 0.81611670208185960185 5.9998353601076317432 4.2608953668627558287 4.3517099475930702823 4.4439464605246419282 2.35942e-09 4.8134e-06
10841889.117043120787 2329 0.96456818615102957182 0.082684430102668987628 0.092006583066448571762 2.4009306771887852783 1.9472371291326349141 3.2023020387208886994 3.207543953088888955 3.2129931464188268286 2.01911e-08 9.84548e-06
10841889.117043120787 6286 1.5702198388271957352 0.22489244565600322034 0.067625399360148816252 3.6545229358034325706 1.079901140154382988 5.4526187596599182683 5.6084981721687769962 5.7489779198339752142 2.66284e-09 5.01147e-06
10841889.117043120787 5405 3.1490774998485475678 0.046939438701392680042 0.094838770890522422485 3.5352997377366386367 0.9897423209046529724 3.4046248209899907522 3.4171194127950581532 3.429889468542449471 2.93677e-09 5.17774e-06
10841889.117043120787 5098 3.1852867102895565665 0.032359889205261019307 0.082128885953345026616 4.1799513654698969845 2.4217065227218252943 2.6851784995474754503 2.6707026710920591661 2.6560216499515694188 1.90652e-09 4.4833e-06
10841889.117043120787 6419 2.7084706324823275558 0.48085733657498208604 0.52151616843345105501 5.445558628625916775 3.6253121106420005404 4.1622930681579317636 4.6563746718856720008 5.1364778360303278149 1.9765e-09 4.53749e-06
10841889.117043120787 5368 1.6147648651496968597 0.12924485448369829599 0.13923823332290033439 0.024873162934736219726 0.56290646829223889291 3.5340346399635667041 3.5868258590092025884 3.642487528824443821 2.65835e-09 5.00865e-06
10841889.117043120787 6721 2.4469893147637602482 0.29490989135075196259 0.50091211615687525338 2.9019643570395441401 0.84045309187733063805 4.4315644521439887527 4.7317330713396410502 5.026587787676395358 1.66278e-09 4.28346e-06
10841889.117043120787 5510 1.7416467651560212371 0.28232918173300131093 0.17674148596529631883 0.73627566619952911076 3.9991093319196133749 3.0483008452331183946 3.0169596407378178604 2.9818631304186866693 3.25682e-09 5.35938e-06
10841889.117043120787 6261 1.6731229870880892641 0.063476479427958865109 0.19195554284175733728 1.7917916465267635928 2.7345046297745185804 1.2537536404098788001 1.1939897646901245221 1.1349665151422678733 2.48402e-09 4.89668e-06
10841889.117043120787 5274 2.0124522301584559791 0.30184946922192673613 0.20447036232969273417 0.88669296994503266074 2.1452516880695400303 4.5799194528083297939 4.8901400592100934261 5.1872335362410995074 5.75566e-09 6.4796e-06
10841889.117043120787 4188 1.4470991391119825131 0.036780160436299107196 0.078552539179963215554 1.9403287830870576958 0.29130625636251938904 4.3111619550473481155 4.3452743860233962181 4.3796037692586278212 5.10361e-09 6.22505e-06
10841889.117043120787 6695 1.7640225419467860934 0.031097351813988146491 0.046593404322737883017 0.4197070154245959861 2.7106544919224568879 3.5491911988610556072 3.5616997905885958708 3.5743831028978108044 5.61749e-09 6.42733e-06
10841889.117043120787 6034 2.018919986755292495 0.15502143985202687659 0.13285257193851246482 3.8723476550978470634 0.40091458017055209284 0.53206026448087218039 0.45795439197767451311 0.38941721099636955605 2.45369e-09 4.87667e-06
10841889.117043120787 6113 1.4846229767060146187 0.13788532308650869318 0.13246573019359028645 5.7728634995344414449 1.7034416054558070286 1.8532586805683279874 1.717789923439981159 1.5813915722127123153 1.07283e-08 7.97432e-06
10841889.117043120787 5971 1.1226380138598306413 0.27870444480377426499 0.076588422433321867722 0.69555410478926926743 0.20711208553504029117 4.2510982996346022844 4.5212619605295181202 4.7948914102622763878 5.17058e-09 6.25216e-06
10841889.117043120787 5748 1.9351107736052490793 0.010826098307597214337 0.12232466128185558174 1.0916176384560887236 0.42667975206577840597 0.71263642785022596193 0.70558668718161121625 0.6985661730431088623 2.75123e-09 5.06632e-06
10841889.117043120787 5053 2.9597929996713849832 0.12770354214605672549 0.31386470805633087666 0.085175708763412516511 3.9342842337366454863 4.2304447094598653933 4.3474137929533256397 4.4667058370685488455 1.90259e-09 4.48021e-06
10841889.117043120787 5116 2.71531518030972574 0.17113195530412050882 0.088181984464296758741 1.5278856884974103547 3.8002025180212211097 2.5026462232936563801 2.3923022801868283338 2.2757409918767081969 2.56354e-09 4.94838e-06
10841889.117043120787 6595 3.0344754524989636657 0.035697339824952337151 0.19541281591747808322 3.9712786864475142501 5.7138675572521675505 4.2718009744541447503 4.3043444965934067881 4.3371110332634597029 2.5233e-09 4.92235e-06
10841889.117043120787 5266 1.6043985223716230593 0.07142992719654439604 0.049093065696596105418 5.3459754053729362511 1.29138854465798536 4.5731883917319144928 4.6443410196823036173 4.7156056316547401153 4.85139e-09 6.12076e-06
10841889.117043120787 5762 2.0150123444694747477 0.11644007857232835379 0.043541198342688221257 0.8739107533559589136 1.898825452527107549 0.67496244029918195384 0.60516739312685663421 0.53892466159672647308 4.50081e-09 5.96963e-06
10841889.117043120787 6628 3.3282602097406472907 0.048626919835864028385 0.18346220319062231385 4.6396518198999032734 2.2957266592383249737 0.42237848353720147676 0.40286659914062949994 0.3838020723337314255 2.5094e-09 4.9133e-06
10841889.117043120787 6808 1.6484606056733124291 0.26003332464195644258 0.17765086643517041809 4.4394083005687940968 4.1228221761788574895 1.2280583495117218806 0.99059247717613785333 0.77311336738410640912 2.07842e-09 4.61418e-06
10841889.117043120787 5481 2.031905113460527712 0.10469875965450577138 0.13108140924119893178 5.8295665718341433958 6.081992078420721981 3.1270012200878887221 3.125384501688513339 3.1236876025875179863 2.0621e-09 4.60207e-06
10841889.117043120787 4662 1.3910194638820536639 0.31721919162985900975 0.11844241552325171507 6.2811299254931451941 0.46397702808004365194 2.5435156486508589957 2.3324511312206226421 2.102881191960593199 5.28399e-09 6.29754e-06
10841889.117043120787 3089 1.3755037238853811132 0.071947795839129177753 0.16350801542306697689 4.8215182540326457783 2.2888692249648254773 1.7445635538464054903 1.6731929603514883453 1.6016220239146794491 1.46985e-09 4.11094e-06
10841889.117043120787 5878 3.2052659458418291116 0.04516896789635813092 0.12591473608336148371 6.2282044702418080107 4.5074675233814076591 5.1620316757808613062 5.2023304383190263067 5.2421857472840232006 1.44428e-09 4.08696e-06
10841889.117043120787 3948 1.6339136110592209494 0.079779234782882138544 0.11482254008665487843 1.8524543433930522607 3.9771082210341242025 0.68943367144004985558 0.6401351495944538339 0.59248270640016187372 1.17788e-08 8.22655e-06
10841889.117043120787 3872 1.4919554341187639679 0.29441471767462273901 0.015143011018544483282 0.25085631481085507444 1.8078403348184939325 2.3228040633138240523 2.0789255880706694057 1.8217083351706582217 4.66657e-09 6.04203e-06
10841889.117043120787 2498 1.4283036713184231736 0.082259893531434827296 0.16873095679511240785 5.9740962987393606554 5.7636454553244238497 1.0420950396783281722 0.97242279854860225186 0.9044553231403335003 3.65469e-09 5.5693e-06
10841889.117043120787 6200 1.7929026264629914778 0.24472066630300140511 0.10761209637470801892 4.7926263155366060076 4.8657068297383343491 2.5645651408534977378 2.4135307040127269573 2.2506876509167006439 2.64335e-09 4.99921e-06
10841889.117043120787 6297 2.7067815932518688449 0.35307861074122670608 0.18349635745802242437 1.8862549733018036946 2.7540513758444511438 4.4706791694449954377 4.8369239201235103565 5.1872681281087613669 3.1612e-09 5.30641e-06
10841889.117043120787 5450 1.7401851338651681544 0.11311779414347750139 0.1329351890275852488 5.6655934564108410001 0.46089767862175645696 3.9848750583489813692 4.072893329405163243 4.1636586911946178446 1.88249e-09 4.46438e-06
10841889.117043120787 1273 1.0710689377383793008 0.38364191439091727132 0.054394695829878499105 1.9251308291250408544 1.5507563970989366453 1.6044181614026506999 1.2083106923790829512 0.84959847853067649304 3.64337e-09 5.56354e-06
10841889.117043120787 6450 2.7440133287419352648 0.13423030529219784346 0.17678045470824060859 5.4079510905902026252 4.3256921767083005292 4.691141984598540482 4.8259408840448223543 4.959306733680782564 1.74846e-09 4.35581e-06
10841889.117043120787 6407 1.956012224408302691 0.19540651846537487879 0.08485309566342520704 0.47130797429810783461 2.7906740787758459454 4.5785745970621825052 4.7760825526447163725 4.9710928355602757023 5.15346e-09 6.24525e-06
10841889.117043120787 5576 1.7783849749266660289 0.2599036847417333651 0.18319334499837666708 6.1495114114948856709 3.7992785548727359135 2.3471943852562002775 2.1400054417030744958 1.9210814210171027749 3.16141e-09 5.30653e-06
10841889.117043120787 246 1.3259063151963281779 0.045927303727118402865 0.097052957271202860978 2.352968655550851107 5.8137655083189594407 1.0164879157514357111 0.97788858720423643689 0.93980018251586849853 9.52298e-09 7.66375e-06
10841889.117043120787 5992 1.8587227419586724864 0.28131761819618367193 0.14143654589051821158 4.871977998435301771 0.21649831049738055277 0.46891999853331206571 0.35402268911337436696 0.25649723373701416307 5.52752e-09 6.39283e-06
10841889.117043120787 6196 3.1255295642154785618 0.26863946946306443975 0.065013718707773698879 6.1482182827191884655 4.852071217954667226 3.6573784558725970228 3.8102964890407404752 3.9768447676311859951 1.25424e-09 3.89922e-06
10841889.117043120787 6421 1.6454300884890284973 0.056295695003582196803 0.063240178286436785071 0.44245343786917601392 3.2479809074859971041 6.1206272919602975335 6.1294989076033763453 6.138116771609472444 6.6141e-08 1.4622e-05
10841889.117043120787 5394 1.6180101681191128016 0.18990781250345772913 0.17679502087937135069 6.1522102385909294142 4.7256714828918289228 1.7172490367485859775 1.5255493069028316366 1.3358358596852246691 4.23442e-09 5.84945e-06
10841889.117043120787 4243 1.5517141708249746479 0.041857921510935744425 0.1423564968102160877 0.54653318378844539804 2.1340187121105689272 2.2824474740600302347 2.250298330992592355 2.2177376499644076979 7.70334e-09 7.14074e-06
10841889.117043120787 5711 2.3119941917115647279 0.24907101784813751033 0.86901340834900686616 1.8251955634796073191 2.6745415356841304444 2.2969785466137855323 2.0911370768726684766 1.8750306537286058894 1.73005e-09 4.34047e-06
10841889.117043120787 5322 1.7202143113941685826 0.17337806566530958308 0.09214798101419291454 5.4837051187964096499 1.1595366874081203257 1.4266182912995466481 1.2562859201869793768 1.0914124042320685337 5.00791e-09 6.18589e-06
10841889.117043120787 5046 1.9977596243553814581 0.089502114328890117201 0.092579488565863260474 4.3328180814260637277 5.5296559207333872976 5.4843159384858060079 5.5466100570243721535 5.6067335401836801978 3.3008e-09 5.3834e-06
10841889.117043120787 5351 2.9905924501011753591 0.11788997929816404098 0.049487967094562067272 4.8584538932756231588 0.10744199052068319211 2.4957562451071226839 2.4210584848865863705 2.3432763070854254472 2.44807e-09 4.87295e-06
10841889.117043120787 6058 1.659762184496758719 0.12813426435192845632 0.19400991439379647319 0.45980039562823571409 3.1297388482249477448 4.5635775148463659789 4.6918691672299317474 4.8199764562467066753 3.78849e-09 5.63645e-06
10841889.117043120787 6337 1.8357081272617474799 0.14554953251837859929 0.090541700050494347551 5.0729819885815556901 5.4164668724695701485 5.4947166522755086504 5.5933334785095327746 5.6859645338974349471 2.57504e-09 4.95577e-06
10841889.117043120787 6131 1.5478913185622020787 0.015076340681604334312 0.11223284513979539523 0.95972193885171253047 1.4970154969676734424 1.6295291252852737163 1.614471546319014239 1.5994095825986998083 1.45631e-08 8.82947e-06
10841889.117043120787 6660 1.9789967346844941076 0.17867847484690668747 0.074595143365813590397 3.5084998961374669335 2.202446711866015594 5.5727887491486747251 5.6826379116654468504 5.783608076783202101 1.90857e-09 4.4849e-06
10841889.117043120787 5775 3.062244751250252417 0.046015848501269385196 0.03635010547508561729 4.6451533637085899997 4.6922642708740109896 5.0478399542536260824 5.0909803297011038126 5.1337376216345180779 3.02463e-09 5.22886e-06
10841889.117043120787 261 1.234137342366193657 0.12589116547094855725 0.14388909659108004013 0.12118094463592603283 5.6439839171558174868 2.9905830863387654617 2.9703024088070488773 2.9488437745314173277 2.34124e-09 4.801e-06
10841889.117043120787 5313 1.5229774676725069682 0.0991959892126883791 0.10053557917291053303 0.73613078165410694709 3.5850971670931786051 3.633665796259993197 3.6827904735537004832 3.7338925772574502737 1.41091e-08 8.73674e-06
10841889.117043120787 5927 3.482135790401572617 0.071434164157744173274 0.21421525267266644521 6.1644493105707756087 4.9358143881002645159 2.1099131039324747761 2.0474049312632174313 1.9839316836178582104 2.21586e-09 4.71373e-06
10841889.117043120787 6245 1.9850457732941642064 0.041246279802477560372 0.095018047560947685448 0.33690887791245316407 4.5755061204364180227 0.098445773870810840411 0.09447168333831948428 0.090580871403024176836 2.49438e-09 4.90348e-06
10841889.117043120787 5868 1.450297395623840746 0.16872791928457644972 0.10385175471506045974 1.423785169772850745 2.4763405299065306409 2.4022459964054232451 2.2802155042849139299 2.1521948241271271485 9.40389e-09 7.63167e-06
10841889.117043120787 266 1.3390541912527003099 0.16826525798503766396 0.15977688739490739089 2.7640798770267922535 3.3913289531038195435 2.1040872986968448544 1.951871962051657361 1.7956771916026292857 4.96117e-09 6.16659e-06
10841889.117043120787 6123 1.4147106510962319526 0.1589428070117391012 0.031637551336115267431 3.1763201895941932662 5.1093713807440561681 4.0449044057839005362 4.176885376200036859 4.3135780597337385345 1.87233e-08 9.60087e-06
10841889.117043120787 5407 1.5780324367673219665 0.074133155298383199283 0.16330316644654560565 4.7988978431141031677 2.5622866009287488254 3.1108551103670865068 3.1084857570153827666 3.106031886635074013 5.11323e-09 6.22896e-06
10841889.117043120787 6026 1.6806751598225826427 0.12604618363906194833 0.041752833645941130059 6.1649803727634528983 0.78907311720410977518 4.4034456752992321427 4.5262155274790174531 4.650083597940521507 1.19536e-08 8.26704e-06
10841889.117043120787 5968 1.4581728137047464955 0.21089407968117368508 0.14648837413798754259 0.67572872405010175889 4.2370071980799526301 3.5673242614830176223 3.6648101146274894013 3.7701875036532652707 1.90606e-09 4.48293e-06
10841889.117043120787 6005 3.0178884787242243881 0.28170054415647183266 0.32923887836155957265 3.9770176164718633594 5.0460969410832570148 0.18883794461951722288 0.14155199667420609311 0.10180975210378388762 3.36675e-09 5.41902e-06
10841889.117043120787 5476 1.6741809634523614481 0.17574432530597058899 0.023800931264791679032 0.72720089543103805241 3.9328580205326577612 0.99672648940063446332 0.85505906702432088462 0.72244069870031102365 4.35596e-09 5.90488e-06
10841889.117043120787 5997 1.8084549177687578858 0.17104658174866271825 0.15011283015711596178 0.91092799595602047535 5.1842334292957943376 4.1825258473781783408 4.3376710238223772365 4.4968488354374756 4.37918e-09 5.91536e-06
10841889.117043120787 6710 1.915241694097825409 0.18779236312357774907 0.1649851527050616995 5.7815667851669410027 4.2504464052486490289 6.0991386465202506173 6.1308576920877939642 6.1593531557979517288 2.35382e-09 4.80959e-06
10841889.117043120787 6685 2.199645536596650075 0.44271092071076484364 0.45886299605148656022 0.56566842514986015455 6.2288552868560183029 2.8322762700714347872 2.6500461623723210458 2.4410911035875999531 5.95104e-09 6.55211e-06
10841889.117043120787 6827 3.1351769225025876153 0.050260660002880659658 0.19557027297537693533 6.2583794664014975595 5.6440927334944790417 5.8406367495097599729 5.8616948658186336374 5.8822575525337548186 3.04652e-09 5.24145e-06
10841889.117043120787 5420 3.4940697226712118528 0.10024400986180179163 0.2978250573686636038 4.7475158794090894787 5.3038155374142048615 2.7928698548973507343 2.7568320802055743535 2.7192067716436953972 2.55489e-09 4.94281e-06
10841889.117043120787 6524 3.2380510122237091686 0.5192000023401168729 0.31467566823312109747 2.536760799418756207 2.1373077596662120037 3.2033094546999332231 3.2512231184461901634 3.3080293055620688669 3.2456e-09 5.35322e-06
10841889.117043120787 6036 1.5931582525456569055 0.12600426029699840491 0.11855986250608303856 2.812394639329883983 0.31478023170827262867 2.9046294393853244742 2.8729883367251041193 2.8395485627241310311 2.34807e-09 4.80567e-06
10841889.117043120787 6312 1.4457865185025313703 0.092548348444029385207 0.11571593671221938604 2.2806193582909557449 3.3686695601685427981 5.191426296549368935 5.2719678816549535583 5.3504006373214600956 4.34831e-09 5.90143e-06
10841889.117043120787 5195 2.781071024961181859 0.14908592230994649475 0.13964907741982868217 0.39248042746212369325 3.3609874993231465545 2.0630258778364956029 1.9262618892042033814 1.7864961385971849239 2.26107e-09 4.74557e-06
10841889.117043120787 6686 3.4277018917092574313 0.35881395445274560929 0.44639102706177502533 3.2496345559871628872 2.5248924379478556723 2.7849288979103152819 2.6283727817994004816 2.4522005709154859332 2.71129e-09 5.04168e-06
10841889.117043120787 6056 1.7991999616496681114 0.15087458542114354221 0.045024351244639271297 4.2568122480198979929 5.7142348824023363463 0.040137071522558381842 0.034477271468145602451 0.029276557904489183132 3.00235e-09 5.216e-06
10841889.117043120787 6170 1.8985996104391886785 0.043550326165062755446 0.15662664090245692616 5.9757295074863616691 0.35171900197274214017 3.0528331398189241241 3.0488852114280335925 3.0448535530088323142 6.44558e-10 3.12323e-06
10841889.117043120787 6886 2.7840170047457259983 0.13029708511362325662 0.51575606120699868384 5.064740145668565674 6.2559432386152948879 3.9884371509945002465 4.0908242105239009945 4.1967516069594568151 2.88448e-09 5.14682e-06
10841889.117043120787 6185 1.8361269652923599693 0.097120125868425125071 0.059466632344644873576 0.68161820805578376969 0.89989935398181664095 0.0084164709245601043719 0.0076351641161558269841 0.0068936432208014739725 4.56223e-09 5.99666e-06
10841889.117043120787 6037 3.0210513377524339518 0.079570909811790532795 0.28114343915975603672 1.2943816715039462295 3.2328969438901982159 4.2433458424247696428 4.3157083320039273389 4.389100444007542734 1.83549e-09 4.42691e-06
10841889.117043120787 6149 2.0530301901336280856 0.21045133800558385451 0.10316101947960294727 2.669115338251694336 2.8911613669479696576 3.5958181624642469032 3.6989855812464931262 3.8103091913835882565 2.75102e-09 5.06619e-06
10841889.117043120787 5846 2.7942328149065347453 0.18592672409243810039 0.14034654086808967532 5.3988579884870322445 5.4652696625913792516 6.0585173293926564142 6.0967980029583213053 6.1312520819106586245 2.37403e-09 4.82332e-06
10841889.117043120787 6333 1.7015199613603015916 0.20986028087275043763 0.17638521597667963792 1.2471435921396494262 5.9756043379762635581 1.5959283080169859304 1.3840016224460498506 1.1777919580802793664 1.94245e-09 4.51128e-06
10841889.117043120787 5488 1.6082048092587397647 0.055640538569793146495 0.063223091167604925089 4.8225179436095615415 3.3053431217532320829 1.707588011393923022 1.6522284127387807384 1.5967722535892043823 3.37985e-09 5.42604e-06
10841889.117043120787 6244 3.2379120634269447088 0.11645350524539076209 0.38575334448291986877 6.0000856242590501211 3.8302834154407152667 1.7651198031963024615 1.6492894899716437074 1.5331945458825404494 3.08558e-09 5.26376e-06
10841889.117043120787 6192 3.2059131552616286776 0.21199647771458920986 0.33092535418736679365 2.4191999414598894802 2.9085829626674430948 3.9257784702045457337 4.0892962020680378998 4.2614537831678926949 2.79503e-09 5.09306e-06
10841889.117043120787 5172 1.554972882188676353 0.23130286379794914864 0.17570515866842745245 1.3369155428033070443 1.166730098104958202 4.9222482561124367706 5.1451901976221030566 5.3551656511679874839 2.19922e-09 4.7019e-06
10841889.117043120787 5144 2.3181210058046222144 0.47861135892766482058 0.25890137191111473047 4.4342621253428964323 5.1741122655026714483 2.8083166968793658036 2.5895572251596061797 2.3385631873824581639 2.44844e-09 4.87319e-06
10841889.117043120787 6164 1.9733719228661634748 0.053889686231582946407 0.047772999913440861164 1.745440925388878961 2.2278019036472533898 1.5648174782644870273 1.510911323868333378 1.4571182387244008272 5.09634e-09 6.22209e-06
10841889.117043120787 5361 1.7486744168483097095 0.15788848613878761484 0.10754673980147697043 5.8481181435209155239 1.6634826117222398789 4.9791042592047132231 5.1289469985914397654 5.2733339717954432757 3.09083e-09 5.26674e-06
10841889.117043120787 5650 1.939781076941571758 0.071532920829622592684 0.09651393160139137839 0.071090342303235715127 2.2591481013657386256 5.0664008162792910639 5.1327358234845466001 5.1980416216114830874 9.54988e-09 7.67095e-06
10841889.117043120787 5562 1.8118117626413565713 0.36692820249729118931 0.21760363981860214588 2.9918782918078963284 2.4490033410446949702 2.9601427146566625659 2.875808023208024089 2.7794283027980206668 2.04245e-09 4.58741e-06
10841889.117043120787 6631 0.78530923801043606147 0.0061147212379346971636 0.15445737115680993612 6.1435612892246567185 1.4664606303108769225 5.9488879857041494503 5.9508884995314046407 5.9528832136200175995 2.32153e-09 4.7875e-06
10841889.117043120787 3400 1.6235382394495208036 0.16810476754864250859 0.084229440719591971987 5.7021008002605357845 4.1493668269713746 4.2402812746064437732 4.3967875451587712377 4.5565895967918566001 2.20416e-09 4.70541e-06
10841889.117043120787 5798 1.6184182050356350491 0.029035276875969476262 0.085562020722215303969 0.78682742752345025128 5.0852241206425548015 1.0775590777468948556 1.0521553100026579397 1.0269383569942518442 2.01067e-09 4.56349e-06
10841889.117043120787 5551 1.6855272892356640835 0.13578298080378181645 0.046481492858837895887 4.7100996825828183034 1.2333855590095177401 5.6412591405000247491 5.7186664026406397454 5.7913115773048957635 9.09521e-09 7.54723e-06
10841889.117043120787 2928 1.18382605610448155 0.075770989574016220369 0.121909830032115446 1.9478861240538811739 5.2649684828829386163 3.1370455579989964257 3.1366869186695449656 3.1363152077710010346 9.69793e-09 7.71039e-06
10841889.117043120787 6787 1.7137467363831582201 0.11692974284721657785 0.16927700774840148679 1.7098072024983645978 1.5346534444882304893 0.14709387218123312624 0.13084078414678335101 0.11558521945400988817 5.13164e-09 6.23642e-06
10841889.117043120787 6227 1.4706716782011035605 0.017082808117376058199 0.07699905519423812239 5.846331611688214025 5.1975453767736539135 2.9044062253738669455 2.9003584031682638766 2.8962772977704327459 6.71025e-09 6.81966e-06
10841889.117043120787 6979 3.0879507292146999298 0.27101403910968618893 0.32037159468686415842 2.3578415289575382907 5.0916634742065713937 3.5475532470228601234 3.6723031639923569003 3.8094759027583053879 2.0418e-09 4.58692e-06
10841889.117043120787 4406 1.4896866672741997384 0.2282059427440071564 0.050391702826234230361 2.4632373709398844852 4.1297394178237656348 3.1931656215373762642 3.2066430727766692677 3.2214774977266285028 4.822e-09 6.10838e-06
10841889.117043120787 5453 1.6113296430562147332 0.29659451779916279346 0.089500210607212998815 0.78108495634030616905 2.3175394961277371308 1.8255723692154772753 1.5226114072276970557 1.2263611373847467245 3.03837e-09 5.23677e-06
10841889.117043120787 5134 3.5392709261734882631 0.090787141540860274991 0.35579740876306026331 0.99103495283589715381 1.6401215817580951928 2.1675047956796582582 2.0903155994132633921 2.0115071000510238441 2.31886e-09 4.78566e-06
10841889.117043120787 6550 1.7877065320416876126 0.20879974209379206784 0.078024522105504548475 5.2576912866909015776 3.0346593556981384943 4.7959844816600174511 5.0037845056090750617 5.2037820626012667447 2.018e-09 4.56903e-06
10841889.117043120787 4313 1.5747194909667432405 0.10032035675617324844 0.14998011105312034075 0.91679579211149775375 4.3098172604489306536 5.3581852224180739341 5.4361068471741340602 5.5112818096491880127 1.98502e-09 4.544e-06
10841889.117043120787 5577 1.7780316279599897022 0.16502489987608762179 0.050632441441406349225 2.8295408087124456209 2.5598255969741630089 4.0391913782913242414 4.1759871836777371357 4.3178348464235822846 6.01747e-09 6.5764e-06
10841889.117043120787 5417 1.826166423208334777 0.17630445326760124658 0.090735466795132405093 2.6024061525251145355 4.9201777637167447566 1.7740226030176045047 1.5972670339416148444 1.4210243451859547736 6.2485e-09 6.65951e-06
10841889.117043120787 5880 1.7187108464459117663 0.27734150141713737048 0.095009819096830913643 3.0138594964547715804 5.8862406306998797945 3.0976450456398350042 3.0831717112870862252 3.0669783744310969986 2.24295e-09 4.73286e-06
10841889.117043120787 5030 1.8460625507327999006 0.17595735987884045248 0.13960301228190563627 0.17537716492704208404 2.1379771516127505926 2.9325023674419861131 2.8922009938836339416 2.848772168715404618 2.14686e-09 4.66428e-06
10841889.117043120787 6137 1.6619109372920508605 0.23010819382888794693 0.11665367608207054262 2.180364535824013128 4.2595596042348642385 1.8868740158479113678 1.657858465064409037 1.4286218093940468155 2.35406e-09 4.80975e-06
10841889.117043120787 3887 1.447271854624467835 0.10787190993975924458 0.1104792552409021994 1.5893770106117213192 5.3871349341781344933 3.9175086591865935226 3.9962823488254133331 4.077657385103220733 2.30943e-08 1.02964e-05
10841889.117043120787 3103 1.4849345207995157114 0.10811492202806938234 0.090862072126719359288 4.6260193959448852041 3.4213331536173301473 3.1175990606413055417 3.114848541217427158 3.1119574482635301571 2.18756e-08 1.0112e-05
10841889.117043120787 5607 1.908427503399539038 0.15920048215296117577 0.13497537209446347495 2.5603547525603138624 1.4320768788656523807 0.75410791379480757168 0.65055806882077094055 0.55414138831584058842 1.18158e-08 8.23514e-06
10841889.117043120787 5029 1.9661745970752624313 0.21684036773676601539 0.066972440508313149654 5.2331079812843031007 4.0931967090297538547 3.2365657565926206907 3.2599272394459966051 3.2855271106585113294 1.87308e-09 4.45693e-06
10841889.117043120787 3807 1.5467772416540468416 0.031602909201523449179 0.074153202650318092437 1.2573471697785423284 1.6542690178843426629 5.2497174235848600432 5.2766540504537022827 5.3033579356230688973 2.20274e-09 4.7044e-06
10841889.117043120787 6604 1.8075365870860320427 0.15554095005760357195 0.13246442458170074041 0.0088025845064058048928 2.7817079527064887401 0.83884653059988745216 0.72833314449026542725 0.62480094901566651799 7.5209e-09 7.08391e-06
10841889.117043120787 5362 1.6241678435132009817 0.22461969769777287431 0.10401487355310276572 2.4835721840439313191 0.39802756296910890565 4.7192823157638423837 4.9456537153756867653 5.1641900201062744813 1.49782e-09 4.13686e-06
10841889.117043120787 6068 1.7114434412486605463 0.07669104241682149492 0.10870891039305434489 0.46898341650895108979 3.7621970318770761033 3.4539050637279675726 3.4783977964999390764 3.5037421482509638615 2.08722e-09 4.62068e-06
10841889.117043120787 5877 1.624921060190647637 0.024858293736440661981 0.11063610295572641473 4.7543183351293993866 3.0056666667119764647 4.259726384783390607 4.2822058255158799156 4.3047992647603008365 2.13222e-09 4.65366e-06
10841889.117043120787 5479 1.5880535911819251282 0.23707584661763445033 0.091784567590490306888 3.7720602164009533475 0.83558615889270371202 0.91870073962571052739 0.74101466497271495371 0.58097972927970142898 2.12255e-09 4.64661e-06
10841889.117043120787 5257 3.1577033033644084092 0.063057993595752329097 0.23930397493890226412 5.9203960347529065444 3.6288199688285183164 6.2180286966049207464 6.2220130387368088876 6.22586803393662791 2.20895e-09 4.70882e-06
10841889.117043120787 6565 1.8183144243781719229 0.076914251775065833883 0.040801434860644435199 1.6021001167409847366 0.47663056395959901845 3.2232464495005377358 3.22977988836789498 3.2365539552673290302 9.85083e-09 7.7507e-06
10841889.117043120787 3239 1.3485483799513631187 0.052909685811528273103 0.10000941697218901361 1.902374338279456234 2.0449834238468196368 2.9775595182366902947 2.9686815718474242054 2.9595784209341693405 6.46074e-09 6.73407e-06
10841889.117043120787 5595 1.4277513931327305841 0.11169504852510518667 0.082436257788584210715 1.6709580063714197795 6.051045003417745427 3.3924011708205368265 3.4218031022634787242 3.4526932497973650271 2.78921e-09 5.08953e-06
10841889.117043120787 5226 1.004339590893860823 0.14997019166378766641 0.23562456371322679227 1.4761846081063687564 1.3138724412159115129 4.5386087296034567373 4.6888395043127673034 4.8387681128271422537 3.2729e-09 5.36819e-06
10841889.117043120787 6709 1.5016776307646100275 0.23388665926639209958 0.16824163254896237762 1.41902127372544129 2.4897925079218490296 2.7321467424728203 2.626300391788525701 2.5110435764479710485 2.29225e-09 4.76728e-06
10841889.117043120787 4581 1.3767664481026704593 0.17030482541582264711 0.047367979876199353684 4.4077559712513831869 3.340169318384524022 3.9072015160541408996 4.0337548180175275547 4.1663253433201745679 2.62777e-09 4.98937e-06
10841889.117043120787 5923 2.9950915171416405691 0.095279643309750763902 0.19317164992585672545 5.7983874020431684926 4.0329920234117198063 5.9017575057489937151 5.9357940122564176733 5.9682315949545010625 2.22479e-09 4.72005e-06
10841889.117043120787 3796 1.8945201708002818997 0.076003980757219966047 0.12480934209263326584 5.1236193018960891621 5.4299331351890245401 1.0294938933138919612 0.96553758221265983952 0.90303533576177541509 6.24365e-09 6.65778e-06
10841889.117043120787 1253 1.2023423137147599693 0.12299000938214736667 0.042663787499962836647 1.5604312945477489816 4.9269385234541607232 1.8417852062783131029 1.720980486816690247 1.5993749094769100783 5.22993e-09 6.27599e-06
10841889.117043120787 6311 1.7951238078750453298 0.080343276954307943361 0.047498437015722615173 6.0259588344704297924 4.826405086870943606 4.1804266277558177478 4.2511950088084144994 4.3231441646066732787 1.23412e-08 8.35543e-06
10841889.117043120787 5437 2.040115210826558112 0.1465017255353055492 0.13075869528035435896 0.50242921879575119792 4.9807883058762874029 3.9239182012044042658 4.0333654525661772894 4.1473710951665845315 4.54448e-09 5.98887e-06
10841889.117043120787 5114 1.9318785507445703775 0.16200101799237137667 0.05903611587624166962 1.0026118596786848247 3.8611577225907978139 0.42274309474313365165 0.36048896875020425279 0.30334605556992250142 8.67957e-09 7.43047e-06
10841889.117043120787 1517 1.1641034626379769268 0.26561679880485983274 0.20911340135330852563 6.2789252783380922196 0.076850639988878879927 3.0443912715763183918 3.0140618376300065684 2.9802792585288222504 2.17631e-09 4.68551e-06
10841889.117043120787 5753 1.8676050258773413404 0.22752189152651311477 0.18632952394342944258 1.677938999793385122 2.9473329434567654417 2.6219662512376813446 2.4949309016302727571 2.3578431571225868524 1.44813e-09 4.09059e-06
10841889.117043120787 5766 1.6384972441510574637 0.28179040669740584857 0.10781268517647660254 2.5331723886445178806 3.4789196437739478007 4.1177297890184458851 4.3754161053932758563 4.6413585778135768578 9.36827e-09 7.62202e-06
10841889.117043120787 2957 1.4551188108936938814 0.24292703439458471215 0.12779324651985510264 1.2166293788016535604 3.0198877613068422221 1.4946105058576080182 1.2521857918443448643 1.0214848910522345005 2.55608e-09 4.94358e-06
10841889.117043120787 6197 1.7144954530132672232 0.17436490895347847574 0.11673136943392324605 0.4880055656906701067 3.5655827502155066355 2.7438397966076455425 2.6698138734568916952 2.590569996615874615 8.02678e-09 7.23931e-06
10841889.117043120787 6991 1.4422399510536607625 0.22049667385632054639 0.14064781138253781845 1.1253932552171546089 4.5880829532916242997 2.6283373468810564688 2.5070627576267816572 2.3763525539693453048 2.18061e-09 4.6886e-06
10841889.117043120787 6154 3.1839274688247560796 0.063674510185090071879 0.23044090424281357676 4.8436822099061576097 5.8329986742150703449 4.9278858782764558555 4.9897096421607338712 5.0509513045527496544 2.04677e-09 4.59064e-06
10841889.117043120787 6209 1.441351529044341051 0.27253371700062350991 0.13621042789969925457 0.98538723781649961708 3.1222785918029667407 1.6430500383813066989 1.3649827875633095964 1.0982008808498537888 2.89646e-09 5.15394e-06
10841889.117043120787 6392 2.9730001284037625986 0.24703715526018066306 0.087793480067129239797 3.4056956029471301406 0.28511107679672953452 4.4610746259598901275 4.7106415459980572891 4.9576783240910300421 2.75286e-09 5.06732e-06
10841889.117043120787 6347 1.5974521571957351895 0.21357494710582269892 0.085224547316331403235 0.18225823539141502994 1.7977577453257922446 1.6206182385619249953 1.4044965468011592069 1.1938680732003912333 1.27077e-08 8.43734e-06
10841889.117043120787 6735 2.045111889795983906 0.097889518129480726505 0.056213869648550116032 4.702794860549767364 2.1639759219781184996 0.99185432917078375503 0.91190925472137407404 0.83451054837076121817 2.32036e-09 4.78669e-06
10841889.117043120787 5485 1.6038816270877909176 0.26927162850066682642 0.17245025441384723153 1.3596350823955767328 4.2641720772888938029 4.5024055301161540754 4.7768787598093869207 5.0455906411970907754 1.60307e-09 4.23156e-06
10841889.117043120787 6816 3.0915400325751845045 0.079439053088895150712 0.21581990366051048702 0.3765785153961194176 5.1028233266180018646 4.0204505240190950843 4.0832911333261154851 4.1475222690810049642 1.76213e-09 4.36713e-06
10841889.117043120787 6572 2.998435962990813497 0.18648165525656978936 0.1584516528093342369 4.6927430851530127498 6.1779613051660433598 5.5433952139733291276 5.6618431523706522768 5.770399156617938452 1.66053e-09 4.28153e-06
10841889.117043120787 6740 1.7950497397983820047 0.09665549682189984726 0.093903738285914445383 0.82153875439773471623 4.6023464878056330463 4.6486118482533340668 4.7455206949953945283 4.8421231467923986358 8.24013e-09 7.30289e-06
10841889.117043120787 6480 1.5691713915159619663 0.08097328811213271027 0.013585457387970038476 1.694350476177381104 5.9596403513888107639 2.4977944426991798288 2.4474899167145443002 2.3956916253214917134 5.51174e-09 6.38675e-06
10841889.117043120787 5642 2.8307956119481425539 0.16137461746954201436 0.12759533125928135266 0.040487050871479343672 0.13632166748250665322 4.6367057959347839358 4.7993214859757760138 4.9600867123542071724 2.80041e-09 5.09633e-06
10841889.117043120787 5478 1.8919145137001729395 0.19770754344363963839 0.1425077172225421851 3.2720977404942988009 5.8798188547436316398 1.9546327914388981206 1.7628826894119311586 1.5688113692721261661 2.28234e-09 4.7604e-06
10841889.117043120787 1447 1.2266401510425206656 0.080446275625836755063 0.077545265125985446408 4.363248711642534694 5.7210422071386606291 3.8947258717294421793 3.9514882178931376444 4.0097486304415763669 2.94046e-09 5.1799e-06
10841889.117043120787 6815 1.6768718275390730454 0.27086512725432781989 0.11275025647206018964 5.3892557891182688579 2.4844988926145181729 4.2326890195417412599 4.4927418490167223553 4.7570992777045333355 3.57143e-09 5.52668e-06
10841889.117043120787 6044 0.89930999542147860293 0.16523733678301227856 0.16227094818471926585 1.0841441969491494302 0.97488593611529372751 5.2699062681348802784 5.4049345289546213422 5.5321050138198666346 2.72625e-09 5.05094e-06
10841889.117043120787 6667 1.7081747822781518931 0.37288966167436099486 0.2473409673632940009 0.85183556731952303487 2.5566227484378631907 3.8359282554537141863 4.1246510768380559853 4.4349687697889068616 1.85586e-09 4.44323e-06
10841889.117043120787 6040 1.90002255342387949 0.10990029829142139439 0.16749784992393909611 0.16418198322843313708 2.429114691820311478 1.5315903602361375935 1.4217888073236955027 1.3131063246375047626 4.48499e-09 5.96262e-06
10841889.117043120787 5950 1.7942922411675379379 0.17470504545584045197 0.020371207895425229306 2.6379225749441732596 5.4997512386085283254 5.8598621708682125941 5.9267874817867483017 5.9877421929197902628 6.81029e-09 6.85339e-06
10841889.117043120787 5158 1.6995070471243176602 0.139513566735277178 0.08043856288427607415 5.8574088556388144156 5.2704014520370856545 1.1911138413164739092 1.064366710685274775 0.94236461878391053482 5.85576e-09 6.51695e-06
10841889.117043120787 5252 3.1714480959576816232 0.11961891366549422255 0.2100123486906139425 0.89135354904176766766 1.848435875995986466 4.1540252575880831643 4.2590898562412320416 4.3666281208028898675 2.42859e-09 4.85999e-06
10841889.117043120787 6104 3.3210783449189800187 0.07322139233706084771 0.17209916120904952819 5.6444674176585900582 0.90775100400562269698 5.2658628507250373474 5.327037964515107582 5.3868580787497934992 1.75259e-09 4.35923e-06
10841889.117043120787 6866 2.9198667856636792983 0.77732508877136774483 0.13053544995899069026 4.0558811256230979936 1.407923465355077397 3.3564441354267460227 3.7330660500346324326 4.1664906448132024153 2.29084e-09 4.7663e-06
10841889.117043120787 1284 1.5661913708398211842 0.069425497199490093791 0.17645484197222097156 2.1386811299284360643 0.42108971735480776877 4.0475850854631367781 4.1034756444640514417 4.1604233004036039745 3.64405e-09 5.56389e-06
10841889.117043120787 6952 3.1985119073984584759 0.11761485554516122598 0.12739583701297144125 0.96020463762411922826 1.426641531258104445 6.084074811474465605 6.1061422796409274838 6.1268565605149989395 2.57429e-09 4.95529e-06
10841889.117043120787 6649 1.7072133200292274324 0.19659250804363187504 0.25376136906267682258 1.0239866535100505818 2.8317253376299889034 0.28299361005113549128 0.23239281324455310362 0.18711624726999859236 1.58536e-09 4.21592e-06
10841889.117043120787 5517 1.8959969864270136419 0.17371141332846101735 0.095248933866046353591 4.489382062780925331 2.9428850792622784915 1.76072957833021837 1.5863902845794983776 1.4126999916571991722 2.41819e-09 4.85304e-06
10841889.117043120787 6425 1.4094650454143979879 0.12929922063593227155 0.047237179050711813888 5.2288318987794548676 1.8617050438927416067 1.23595359732390353 1.1160263169124944316 0.99986880058381144565 2.58684e-09 4.96333e-06
10841889.117043120787 6573 1.7908329653345484989 0.20075110082473532347 0.23616902407349785187 1.9058425548328630228 2.6686334425433013706 2.4489565565915705214 2.3087127691554556463 2.1601826762780742541 2.46875e-09 4.88663e-06
10841889.117043120787 5342 2.003131200374235199 0.25386747673355819499 0.18705411466216176342 1.6261343798275147421 2.3323055225439173199 4.0543167462774647447 4.2751104527249719212 4.5050909023255050201 2.15151e-09 4.66765e-06
10841889.117043120787 6180 3.0750543515941224371 0.11816027569936982111 0.15978988273229002837 4.3924610075159353784 0.26405584863062547818 1.9313760078751713856 1.8181763227492873103 1.703613165485410974 1.88472e-09 4.46614e-06
10841889.117043120787 377 1.1595613939638969025 0.16062344902647632261 0.17044118748465222901 0.64986475420086986521 2.4470938321346888955 4.4903727863641718088 4.6505920370488942339 4.8109088842570981726 1.8845e-09 4.46597e-06
10841889.117043120787 1442 0.57537830805357703667 0.0570613661171969766 0.076729519575516338947 0.24329608232781868571 2.4243898472128835309 4.9758548098893973233 5.0305714440035256274 5.0847686482901908178 7.70371e-07 3.31449e-05
10841889.117043120787 6119 3.1004404997312629 0.12151895096254537731 0.23139087471757976977 6.1680225562785873095 4.9559581528218448199 0.99905103834427588794 0.89983679265831406635 0.80466005786417738044 2.96829e-09 5.19619e-06
10841889.117043120787 6350 1.480021910634257587 0.22381496161787653443 0.15193462731786314124 2.7019503827614830271 3.0066692939690997655 1.4891984372943514181 1.2662585463755799964 1.0527422842768690003 2.60101e-09 4.97238e-06
10841889.117043120787 5289 2.0585335649656206769 0.049593491620964096078 0.030254584555459387851 5.2772645280074392815 0.023800723230368959343 2.5550694947878849206 2.5270264404713929096 2.4984306267744704755 2.13423e-09 4.65511e-06
10841889.117043120787 6619 1.7983987036486308586 0.10885828938360804508 0.033460747717994218653 3.6406666326710785953 1.6746326210893094366 5.5756849765254568041 5.6437935804831926845 5.7087501313892996535 6.69672e-09 6.81508e-06
10841889.117043120787 6346 1.4099559327512061202 0.14068569723067769761 0.11822681387143778309 5.8115376489774641655 4.1540146084098541479 1.9573657048770465305 1.8230267870731124979 1.6867926403211743747 2.4605e-09 4.88118e-06
10841889.117043120787 4296 1.5843909069087727115 0.12743308469615688416 0.17378434191031497114 1.8844087214468514535 0.96684440191116771679 2.5080496737742699054 2.4282243118983575236 2.3448340777150673553 2.40121e-09 4.84165e-06
10841889.117043120787 5360 1.4537831964029195309 0.099858667393867797668 0.055225854743389597712 1.8749540706980845073 2.2149446918742929924 2.8991550525979241648 2.8738958724873211459 2.8474821609271030454 8.05688e-09 7.24835e-06
10841889.117043120787 6823 1.8134474226441075206 0.089927382280919496149 0.25841378269215564689 1.3028477622628247268 4.1682036115129861287 5.3441824742345218624 5.4149840973996017368 5.4836137793025665488 1.69817e-09 4.31364e-06
10841889.117043120787 6677 2.2805023372868253873 0.16870311769143087055 0.26912188154486410552 2.9407748473667481015 5.6562041249542529542 4.6685291916018325509 4.8385109103608501258 5.0058740472750224981 2.33048e-09 4.79364e-06
10841889.117043120787 1988 1.2032016398993796713 0.17575068516642691763 0.15299298094376001522 3.7164899095536982898 4.5102461114611394066 2.86199197723438159 2.8085736755254440133 2.7511211933479318148 2.81385e-09 5.10447e-06
10841889.117043120787 6791 3.1403439075665007252 0.26872227495651862528 0.11227077353332558241 2.9330846566644481754 1.8215950803989033879 1.0534643390408984231 0.83153184289753767633 0.63295567279180442455 2.20531e-09 4.70623e-06
10841889.117043120787 6266 2.9553307101968413484 0.17009322824127245943 0.16184270675497125502 0.18110631540098223735 4.9319767995072743005 3.0206662030751001424 2.998076678375996007 2.9737492951424520093 2.89198e-09 5.15128e-06
10841889.117043120787 6065 1.9816613592237570796 0.21418798922622347969 0.022586376406839820535 4.3203563546107996984 3.4339372621379387063 0.71087336404098810938 0.58039020135924401789 0.46294015665344590005 1.59227e-09 4.22204e-06
10841889.117043120787 6969 1.5760963077467002869 0.044568823305386411071 0.019227910578606965258 4.5321320166123904016 5.5175052302719524988 6.2426059139753240501 6.2443754711036394411 6.2461047456473979267 2.41679e-08 1.04535e-05
10841889.117043120787 6004 1.1365675441663738443 0.066815866067977972009 0.17368718549131148543 5.665925319665134019 4.5846880197609687357 1.6593954179867000942 1.5925942704554565399 1.5257942775499533372 2.14847e-09 4.66545e-06
10841889.117043120787 6778 2.9716194372404158841 0.093359576227890317401 0.15019843447013669913 5.6308257977014646301 4.1878455245244738947 3.7875429884537799019 3.8460334385484240549 3.9064938305211511782 2.33115e-09 4.7941e-06
10841889.117043120787 5681 1.746581621753516389 0.47127794350622798092 0.20019290356972466172 4.3926308912961564701 1.108276586517012996 3.7635261931333148233 4.125858914736584282 4.5183703889341897408 1.72101e-09 4.33289e-06
10841889.117043120787 5931 2.7315308257815886783 0.18624267228793026097 0.42810495352529315261 4.9101491384007953656 3.9384062469842313625 3.1286831677925590611 3.1260062650394089268 3.1231035319172892883 2.66585e-09 5.01336e-06
10841889.117043120787 6985 2.8328669623742412931 0.073469116589609501089 0.15099929158878225288 3.4690377830111280844 4.7348985173200421883 3.686946700435596469 3.7263422194750162042 3.7668964793910517663 3.31546e-09 5.39136e-06
10841889.117043120787 5788 1.4101976919888348228 0.12472741096157501095 0.13066369131901478529 5.3334096540249351648 1.8128305062196194974 1.1969004957460418481 1.0830642244956361075 0.97288028908668178207 1.43499e-08 8.78617e-06
10841889.117043120787 6138 1.5918318311086068206 0.19871596149395232001 0.12201916921895906987 4.0090863714620583735 5.5523667563518337431 3.7609519324955216213 3.8876702031031902251 4.0225513466820599362 9.57307e-09 7.67716e-06
10841889.117043120787 6726 1.5123644199357328954 0.23805529310875667148 0.10052480252276657646 2.6600568247421541024 0.95231272120568211115 1.8511981750359050025 1.6122231170673670952 1.3743720674879891241 2.92983e-09 5.17366e-06
10841889.117043120787 5559 2.116935679114103408 0.1298207121127791519 0.11713136079663677425 1.7998769005775743235 5.6217584571906868973 1.9665931579125692785 1.8433549907021873349 1.718326575615736207 5.44342e-09 6.36025e-06
10841889.117043120787 6737 1.8268274306125535933 0.24783963486930038478 0.13581672137216616036 3.8775040302421412974 1.6768872881468459557 1.6327597541744827137 1.3808424464517823349 1.1374607169292025866 2.16814e-09 4.67964e-06
10841889.117043120787 5663 3.1777434455930881896 0.068564033635681018164 0.38749182185825237212 0.16442670403780743071 4.6208445166841842777 4.243964088792525402 4.3061585259567243256 4.3691426045735912709 2.69499e-09 5.03156e-06
10841889.117043120787 5227 1.8063796582874616092 0.13598663874682573316 0.16602437821931517736 5.6165798184075770294 4.8743400439892905496 5.3264180320570364557 5.4337514105135547027 5.5358646840515897125 5.94474e-09 6.54979e-06
10841889.117043120787 6118 1.8724226064055773389 0.26387919618665178767 0.065514207529023010812 1.0872622446845936484 2.3047817710544173941 4.0536476570603543479 4.2840840549394334502 4.5241273258359839815 5.68798e-09 6.45411e-06
10841889.117043120787 6356 1.5928973946986402233 0.12350063605346153772 0.13450914198682012435 0.54933545137988626372 3.1361872737064948602 1.5194126715230746871 1.3961503553602057082 1.2745283966011289323 5.8318e-09 6.50805e-06
10841889.117043120787 6884 1.50501001939720358 0.17516207449529430651 0.068028236450784970724 0.30524520537207372461 6.1823709381985167965 4.5388158952233048637 4.7149249326666708981 4.8900864439238889148 2.95837e-09 5.1904e-06
10841889.117043120787 5138 1.6308698943563491035 0.17846415298218215595 0.16912090711310043267 2.0176023785388665921 2.0911100912788094242 2.7230638690542172675 2.6434405580445350381 2.5581698446030642913 2.37553e-09 4.82433e-06
10841889.117043120787 5736 1.9492927197825229424 0.079527595639394862981 0.14097923315558710811 2.1869016240062566503 3.5127052867991577223 6.1395505393186624588 6.1505197996527867232 6.1610394471382576853 1.87923e-09 4.4618e-06
10841889.117043120787 6132 1.7889446190170257278 0.28634178854670000458 0.13575019285899461718 5.2883208818251183914 5.8689503250433956438 2.8874872612178452691 2.8018984725563189642 2.7064897424470881759 6.69157e-09 6.81333e-06
10841889.117043120787 6509 1.1470106915210085408 0.34853930006658828678 0.064563088152644373952 5.2203998087692653485 0.062488317909201153422 2.2086112290981869677 1.8876327239338912545 1.5564416782608152534 2.65616e-09 5.00727e-06
10841889.117043120787 5256 1.86489353132754343 0.24934174781412954403 0.11439346973774403016 1.1453839673015258072 0.78383757666312192658 6.2686991395038926811 6.2719564115636634583 6.2747561851853399517 4.61883e-09 6.02135e-06
10841889.117043120787 5698 1.8746598060224235471 0.24535604236777130982 0.065974272557691171492 0.12557039055033072938 3.6491983579192588394 4.7133024419247178116 4.9611613650886754456 5.1989642219015914648 4.80918e-09 6.10296e-06
10841889.117043120787 6504 1.5129358299084949557 0.22005022045390099095 0.1007642437631403598 4.1908066304292077575 5.4940009639049360857 4.1855425065057492162 4.3888357537706923495 4.5974679427926785635 2.41361e-09 4.84997e-06
10841889.117043120787 6076 1.7445895229252386116 0.019445793818222999183 0.12861966902589236361 1.6616244142550919971 4.9080226350788045409 4.779367957847247439 4.7987587561799625036 4.8181320648098360238 2.07184e-09 4.6093e-06
10841889.117043120787 5828 1.6979162926595345873 0.24782204566436225046 0.086410043911896952662 6.1937821301165332244 0.31838696506673652697 5.416783182905123617 5.5936954441416757433 5.7513458668814108066 2.18531e-09 4.69196e-06
10841889.117043120787 5964 2.1216645329032099987 0.27782558883280644713 0.15425214266362793913 2.4331594449416291681 0.063153736099082730115 1.5620487611801534555 1.2808734906588470359 1.0146426922204576648 2.1711e-09 4.68177e-06
10841889.117043120787 5425 1.9516992243382023098 0.09006909997551060254 0.038797297961436438829 5.935149161938450213 6.227622759032051647 5.969453843979430907 5.9961587559886337928 6.0216574691551922882 3.49187e-09 5.48533e-06
10841889.117043120787 6143 1.7643360445522815461 0.043529080298938198357 0.04627427684993854623 4.5366188004976937265 2.8218041126901560744 3.1989996851774256115 3.201553896957396006 3.2041623910037242418 2.16561e-09 4.67782e-06
10841889.117043120787 6182 2.0215111602984050521 0.083710863199347756991 0.098779270176283573424 5.6261622065307275165 3.6390894397676554206 0.91607016523657092133 0.8512315292880034967 0.78827320654480259599 2.64006e-09 4.99714e-06
10841889.117043120787 421 1.5047349969413006399 0.37861638656019175331 0.16400514518290124077 2.768642969031447354 0.20573244519040509437 1.2620937291616254328 0.91216457703046271988 0.61274323275120590182 2.69558e-09 5.03193e-06
10841889.117043120787 6415 1.6233672137064718566 0.19331762882910105694 0.12736949254344681615 1.9285274330390582698 1.0805448538173583195 1.1328633210661753772 0.96355066349826645755 0.80479382357640394385 2.43409e-09 4.86365e-06
10841889.117043120787 6920 2.3056773778481121084 0.25834022979323428837 0.37605381290251438386 1.4710111280510533849 2.0150507649540640998 2.5999924109060330579 2.4476226982641899887 2.2823898449963291313 4.48089e-09 5.96081e-06
10841889.117043120787 5689 1.8247437678474962564 0.1901204964576073686 0.21092776816161035169 3.2920776362189094755 6.1269426918699725348 1.4159703863097330423 1.229699330714002059 1.0505320060469918175 3.02594e-09 5.22962e-06
10841889.117043120787 6098 0.88930592170623701254 0.17095513520131283558 0.14207249839872229669 1.2748773537125499544 2.9972182059395988674 5.9802560298849360976 6.0277221726363574561 6.0709214309083554539 9.90655e-09 7.76529e-06
10841889.117043120787 5578 2.8778105010102281724 0.033741696407641366684 0.14644571614704157692 3.9033837650820948362 0.32991161117428252636 1.3535350336122828896 1.3206995771783507365 1.288007636201688566 3.04211e-09 5.23892e-06
10841889.117043120787 2992 1.1551253996113943767 0.072257358577804256528 0.090719152491806759331 5.2201761624789320138 6.1988149023948606597 1.2364121484725749678 1.1688951717886331139 1.1023953528631962318 2.07761e-08 9.93967e-06
10841889.117043120787 5643 3.2550266274633927743 0.026546739842452239666 0.042658917514121687253 4.6013293733502598215 5.0893686767887640343 6.0925468095630197496 6.0975131800736868115 6.1024138980584927694 2.47115e-09 4.88821e-06
10841889.117043120787 6683 1.4367137389338549003 0.16804358904411828557 0.1615130366386342553 5.8037493984374171063 3.1664846875657697289 0.88603658495981130194 0.76176306641861446511 0.645779665631203037 2.07491e-09 4.61158e-06
10841889.117043120787 5234 3.1315133275933497714 0.22223146598734139223 0.12787452946745450633 6.0485104469545953876 4.238307853952894888 6.2335986633377649113 6.2436262867430807333 6.2524152530966317087 2.35138e-09 4.80793e-06
10841889.117043120787 6292 3.327518468165800769 0.037690707269407146274 0.23423494957961124574 2.5503224865794669185 0.49736116345792119597 0.70036077569882504434 0.67640716393138256013 0.65281295906786696026 1.7586e-09 4.36421e-06
10841889.117043120787 6557 1.9960688366055130416 0.13257386516129798792 0.047999375358687583482 4.5338587384092541299 3.8676017264957547326 0.3189903249370488747 0.27971803366686270875 0.24311642419920934111 1.93092e-09 4.50234e-06
10841889.117043120787 6401 1.4501523805436213888 0.15246021578279222997 0.05091231577826863669 5.1138235909242890642 1.5717579902680589576 4.1604251634202453758 4.2962687748201640048 4.4357186594744240082 1.93159e-09 4.50286e-06
10841889.117043120787 5864 1.9410100459492805047 0.16990736262403871581 0.17926904973144305866 0.94212841801194469049 1.8526446036901143 3.9830907969328541718 4.1182199206395848634 4.2590075335855024363 2.76427e-09 5.07431e-06
10841889.117043120787 6243 1.2976555224306378644 0.20089788075089951014 0.12207492912873117719 5.5492940536466797141 6.006350272256240963 5.3516147150974680002 5.504907584384779895 5.6459487424608703066 4.28475e-08 1.2652e-05
10841889.117043120787 1707 1.2086408519956794994 0.17319409667679974696 0.1517881577303956675 0.94786675281701293638 5.5033053435541292586 5.5358757559956659478 5.647236278840018997 5.7501034028234823126 4.20296e-09 5.83493e-06
10841889.117043120787 6135 1.4631446038650648411 0.11735733230609672606 0.10099059856418263204 1.5989547012028377804 5.8805664927608036763 3.1362615176124677419 3.1355944242182594017 3.1348904922417730745 2.38172e-09 4.82852e-06
10841889.117043120787 6402 2.972845250428997943 0.24601702333746464091 0.21248550132160404225 4.565259402874281669 6.190671692071869181 4.4700983916421312969 4.7188611356716121392 4.9648730063488510922 2.16272e-09 4.67574e-06
10841889.117043120787 5641 1.9341836048720411068 0.24023917811796610677 0.044846293228619528437 3.5784607160623886912 5.5528563877787000536 3.171602750377284341 3.1799334439587441103 3.1891421473811676357 1.66045e-09 4.28147e-06
10841889.117043120787 5886 1.0610349382702957133 0.20629683049882693857 0.1436953372592741085 6.026177561362356272 4.5650632316643733333 1.5127811856307782357 1.3065771857626806707 1.1074395317638723313 7.52132e-09 7.08405e-06
10841889.117043120787 5118 1.7767996520875490862 0.20192117520418506604 0.091779130274494996611 4.0859528535422811046 4.4191152423054234077 1.1917339227953560599 1.0095945420552401295 0.83864481857073192028 3.95744e-09 5.71902e-06
10841889.117043120787 6395 1.6010175795738956772 0.17737034490369010808 0.10387308946890268235 3.5142593410351463667 4.9245323648930314775 1.162698900979374228 1.0045466245743996936 0.85486045049480552382 2.27089e-09 4.75243e-06
10841889.117043120787 6129 2.0270245790070178238 0.13833006740987510708 0.14033894753303888248 1.125755228207981018 3.5990692491337918923 5.9064917134675329891 5.9545089208304426975 5.9991605594191126372 7.14833e-09 6.96495e-06
10841889.117043120787 6850 1.659447511617787141 0.39914217589454814572 0.12962586644570306404 4.2720543090173546119 4.8659842013796090754 3.4958931836024991213 3.6749564852407972104 3.8778934646454592539 4.53979e-09 5.98681e-06
10841889.117043120787 6099 3.1350380386902907404 0.22240345244444165163 0.26008449748948514468 0.63486345452735737371 5.7384220725830896725 1.7687266333928162165 1.5438518493198771786 1.3215291249855645184 2.8329e-09 5.11596e-06
10841889.117043120787 4427 1.6103413345969999071 0.30917695556003460533 0.12092798630875299659 3.273327411115903196 0.021402782737666544571 2.2578402571998386072 1.9870906998885806694 1.7043194116150617301 5.29375e-09 6.30141e-06
10841889.117043120787 5240 1.7243939653020374791 0.093516732331294247227 0.16824534475587418769 6.197489291600762229 4.7635405349614234893 3.2443162684538062734 3.2543966220676607826 3.2649233224939244735 1.54708e-09 4.18172e-06
10841889.117043120787 5494 1.6847005921661450945 0.093007911695443909461 0.16162077513039854737 1.8277754381673250172 2.5478644408317543402 3.0921430088710142314 3.0873107671252770778 3.0822646011819672118 2.97785e-09 5.20177e-06
10841889.117043120787 5346 2.7460430138512306186 0.18061832352645884603 0.14707379020791833124 1.6952894820603818804 1.6436640877467258992 2.9650962128942230933 2.9299749153357681486 2.8920375131417328518 2.35234e-09 4.80858e-06
10841889.117043120787 5239 0.9855807165299305117 0.097955591239421227479 0.055010588482340749827 5.3824835716824512843 2.3955335650515614532 3.342326096756970788 3.3628931453446377908 3.3843942589916085062 2.41405e-09 4.85026e-06
10841889.117043120787 4859 1.5605342697011743702 0.10823420023030283499 0.25484681116918295185 0.42827540823926180114 2.7469122858520704789 1.5488203691230599812 1.4405287654445360079 1.3332116148534993716 4.26554e-09 5.86374e-06
10841889.117043120787 6997 2.8492212009275488249 0.20885369456395921905 0.18973770931973157894 4.9606940889154369501 4.7478997267935172388 2.2490550899556742692 2.073400068912900629 1.8903750417392499727 2.77488e-09 5.0808e-06
10841889.117043120787 6793 1.3349149745867086025 0.02345223314401171516 0.029636017638903975474 5.9725199534596864481 5.3567461119501542655 0.90021473010136243698 0.88197177385980574105 0.86386679767372775984 2.0508e-09 4.59365e-06
10841889.117043120787 6702 1.7722986463456065209 0.2336360907205907167 0.098636468985570144308 0.64348070355471065351 0.89760146297752718691 2.9651670512543715219 2.918105151298178157 2.8663239794694321816 3.70623e-09 5.59535e-06
10841889.117043120787 6411 1.6885573440092345177 0.21241570027410872079 0.082061450854073791916 0.9851253915473641154 2.3779936693725245433 1.8010735201631935531 1.5874354876988163721 1.3750491916296394557 1.36815e-08 8.64758e-06
10841889.117043120787 5401 1.7837915349299495738 0.14984027553899689766 0.12001829458160968855 2.6716649070131195387 6.1567871143666543787 0.72535261659752769958 0.63079015323918918856 0.54241690009004361883 1.17442e-08 8.21848e-06
10841889.117043120787 6117 2.0463338309759464551 0.19633586664403820943 0.15307912179946556175 3.7719284009105038535 1.9961861099177649059 2.418587444771710171 2.2771095661295976953 2.1277451174005928003 2.17631e-09 4.68551e-06
10841889.117043120787 6758 2.6984965445359625491 0.64801665065489055806 0.66343415036935571294 4.8654758274726663814 1.5643239199909995119 2.9967592696024336618 2.8301923272573774604 2.6316452649148440734 3.169e-09 5.31077e-06
10841889.117043120787 5902 1.9238432295510776715 0.21184979263446468423 0.068619135459289645751 4.4426612933503264458 5.5000636303614074407 3.9029395501340191643 4.0628600850234271036 4.2315706536214374722 6.63699e-09 6.79476e-06
10841889.117043120787 6272 1.8724086192140045881 0.022105560365957996338 0.18796612811561289047 1.7252905638256512688 3.9336933295002327604 4.6986706164165648048 4.720779249761082319 4.7428840320532357211 2.92426e-09 5.17038e-06
10841889.117043120787 5691 1.8383275290888214659 0.21938793527830047214 0.069451020926278819734 1.9311493201712384149 0.63742239860641991545 0.72678085930427882566 0.59072565776684671235 0.46853450760836978795 4.69105e-09 6.05257e-06
10841889.117043120787 6501 3.0380106801442972042 0.20048370790724406865 0.47744866263229968073 0.66619657166399548487 5.9499156488120199526 3.0017708798236153456 2.9703999841243144964 2.9362460396916190142 2.93548e-09 5.17698e-06
10841889.117043120787 6414 1.7895152376934282401 0.25325633301604061343 0.097810177830741459881 1.0397188712225133855 1.0522288787412967803 1.4439393179693837954 1.1939577203196345412 0.95847172104717270891 2.40884e-09 4.84677e-06
10841889.117043120787 6692 1.6536088953731009621 0.20401181072773022507 0.090408784640003833633 2.0990712785904674931 5.3670313072653996755 1.9504605099373837351 1.7520096752335114765 1.551338406249436197 5.44616e-09 6.36131e-06
10841889.117043120787 6140 1.8192745422698670676 0.18525234857407943401 0.1346364333698455984 1.8140313332553439363 0.82609175794486189304 3.5706551436491613671 3.6555639611626573604 3.7466413007812162661 1.67728e-09 4.29587e-06
10841889.117043120787 6655 1.678835231475977352 0.037789145116461246576 0.16906508365619329903 5.9767897913708623037 3.3396787851912916878 6.2030968104532178131 6.2060652030859273509 6.2089766179421248538 4.63012e-09 6.02626e-06
10841889.117043120787 6121 1.4354136874917420297 0.067284229794666181035 0.15189205968714519779 5.8629304009183824675 3.2916424470279723735 3.2633798720098190493 3.271846251021421903 3.2805855033095721041 1.90564e-09 4.4826e-06
10841889.117043120787 5251 1.6247585689681991461 0.29530051232493970126 0.11272400449009707668 1.5073011301666499051 1.4131369819705661417 3.2703584892568691167 3.3159668411245095676 3.3671990731356200577 2.36533e-09 4.81741e-06
10841889.117043120787 6394 1.3477723522978568571 0.2099704660926478561 0.10229695072169246728 2.1471990278879875547 0.42764669599564830715 3.4970102617015279556 3.5790211546799031161 3.6679670569776887668 1.34783e-09 3.99388e-06
10841889.117043120787 2182 1.7895299568836646742 0.31655981669860233652 0.13492373771102986191 1.1770735560420959587 4.03684082929134469 1.096521762441972081 0.82904057735386715855 0.59564623492085722045 1.98345e-09 4.5428e-06
10841889.117043120787 5176 3.102644978176006596 0.10303133956362257873 0.052319749980800800415 2.6870408702738650675 3.1069072444022274304 4.4513898278381365259 4.5524595189781944526 4.6541760260597531129 2.68297e-09 5.02406e-06
10841889.117043120787 6907 1.8321615584030757073 0.53682497220232106017 0.14309007734157921932 0.34913977591136619028 1.8240934568206776945 3.1187185647435522462 3.0999307075063429195 3.0775720038347031959 3.58406e-09 5.53319e-06
10841889.117043120787 4971 1.6445592013029446399 0.068536857105635576315 0.16645670779136742534 0.90789585199237421431 3.3019313425038889775 5.4264159927598507593 5.4771219899726553137 5.5265759402759808694 1.60974e-08 9.12926e-06
10841889.117043120787 6105 1.474651706379599414 0.21426288269846410772 0.15118004895245601427 1.3008894761825391395 0.029751957219524793191 5.1754661287940075809 5.3599335716528386797 5.5308226570454142035 1.02968e-08 7.86594e-06
10841889.117043120787 6126 3.0326332777452558176 0.21031345840963006077 0.22620643241867538498 0.98504804888649299954 0.78897080846502565254 3.7476890425168951637 3.8802617069909799419 4.0218666949543733224 3.04059e-09 5.23805e-06
10841889.117043120787 6186 3.2615416153036540514 0.052128333088167770615 0.17966972538315001406 4.013064607447629939 0.41439020747908955622 4.2311709134685644429 4.2779670547829269367 4.3252533693202872556 3.14704e-09 5.29848e-06
10841889.117043120787 5890 2.0239019311764785414 0.35895158860572212722 0.50558955491455770392 1.8111069401770760745 5.5432875394059886176 3.2370862712845545062 3.2805117359486031248 3.3302167285029460331 4.73576e-09 6.07174e-06
10841889.117043120787 5345 1.390647347302118586 0.17750942857914639439 0.087825536866471529129 1.5705650442231025021 2.8375443803881088556 6.0638650870418713268 6.0996640541171851524 6.1320582501323617208 2.62039e-09 4.98469e-06
10841889.117043120787 5160 3.0205739740434958129 0.062812340918298500969 0.16322580027567620831 2.5937033860590958945 0.37305476723623781643 1.5958382442410028457 1.5329547531822407258 1.4701873800528375558 2.48083e-09 4.89458e-06
10841889.117043120787 6162 1.8616570708228599162 0.18800646603998638628 0.032486560593334108671 1.6501441179598550502 2.0966867753985476419 4.9944802165575001851 5.1715295631178808122 5.3400648957024126062 1.62993e-09 4.25507e-06
10841889.117043120787 6691 1.4275036860706253883 0.25072253479222761374 0.14298177541069681529 4.1024691681178744318 4.645408419920009635 1.9226561525514789253 1.6737834333523409214 1.4243893485116820852 1.99622e-09 4.55253e-06
10841889.117043120787 5888 1.3986023642081888418 0.16856996752993630428 0.099921036294234669151 1.5024121683068054622 1.0390759185610245474 3.3618511191932700655 3.4022910675333832842 3.4457408918935095166 2.79797e-09 5.09485e-06
10841889.117043120787 5767 1.4479744105531220377 0.23982870090236232952 0.092764985490476181695 1.2661869960850828942 5.3988943304228982356 2.9000077205682881498 2.8340033037798040283 2.7613922844349572117 2.8735e-09 5.14028e-06
10841889.117043120787 5210 2.0312897229932604937 0.20028440869166611038 0.1372684671744997531 1.7830560739660881175 5.0498994569641375563 4.24090934712380907 4.4292912573513074648 4.6216032961525082001 3.1045e-09 5.27449e-06
10841889.117043120787 5710 1.9974048754140809603 0.14893250904860813599 0.12354210332966274188 2.5829066587521576359 3.3623739834003063542 4.5765745875835035505 4.7262032359255385927 4.8751215345325240591 2.11851e-09 4.64366e-06
10841889.117043120787 5724 1.875025977726772819 0.1388553204584456191 0.11213150114300024507 1.1711574130421709139 5.5008550215586833332 4.2212313092014817073 4.3482831913626309728 4.4780355146518848741 1.39525e-09 4.04018e-06
10841889.117043120787 6474 1.0450650165453310159 0.14006766510745316534 0.25256674668131717798 3.3811238056194463653 4.4717230558375433702 5.0206579858723525689 5.151791491817309776 5.278553568539162022 2.46607e-09 4.88486e-06
10841889.117043120787 1588 1.7463718952258180384 0.17847293609502912215 0.073767711288716439344 0.5643574392014774066 0.96217116767245836062 3.4074803686907957356 3.4592383915572582076 3.5149810118139215298 2.82908e-09 5.11366e-06
10841889.117043120787 5364 2.6905628558299579112 0.20308655743508002844 0.12315961031646655011 1.3578193578468669145 4.3987541153994085263 1.1681144002916141744 0.98709963515349352647 0.81763790301443206587 2.91675e-09 5.16594e-06
10841889.117043120787 6586 1.5106945277593519794 0.26737986203070168711 0.0081914187135561072201 0.054615775067901578543 2.7658403540035148005 4.1224557640220691468 4.3660979245145119521 4.6176055932337272125 2.89513e-09 5.15315e-06
10841889.117043120787 5219 1.6200414670426974695 0.049541984899957217103 0.084741580206948705078 4.7312977578440751358 5.4139025813160674971 5.1109673247830107456 5.1562109213291433818 5.2009531372277404415 2.30015e-09 4.77275e-06
10841889.117043120787 1801 1.3979591949805587614 0.16045156338860924738 0.014091637159155080347 6.2294075469096688025 2.7892796769884431463 2.5706474347766978816 2.4770758992464982917 2.3781288238320295036 6.74028e-09 6.82982e-06
10841889.117043120787 6100 1.1933928771794488632 0.031542023585828443677 0.091513348222686766165 1.7154367813598376813 0.44179138149833124816 3.6781524893015613564 3.6945015287382543256 3.7110662924464707935 4.52552e-09 5.98053e-06
10841889.117043120787 6351 1.2926102340331946383 0.18179049613941491992 0.12223979636294536599 1.1338424840191274612 5.6165166845111036409 3.093516610060099481 3.0838190383940484729 3.073322185881184776 1.91819e-09 4.49243e-06
10841889.117043120787 6895 1.8694696197775686475 0.15222817197919502608 0.15602159817625829707 0.10646618093799357918 6.2708501527795181829 4.4214009766114799049 4.5710984667963279193 4.7218096986527342551 2.5437e-09 4.93558e-06
10841889.117043120787 4732 1.251993884346807917 0.28560962982994680948 0.15984042436430306866 5.3200301022097526982 2.9408831789660552225 4.6247880910234702156 4.9170121311256416163 5.1966632669340944162 1.92787e-09 4.49996e-06
10841889.117043120787 5872 1.8944434139809309681 0.20397789114906639263 0.21528664216922011043 1.5441539407582265397 1.4027747241175727577 0.75845671594357499945 0.62673065713260533993 0.50709764536830492787 2.5416e-09 4.93423e-06
10841889.117043120787 6828 1.3052291074489021927 0.1950802051691816752 0.030599580590806342573 1.3254076259341245336 3.6504863173726387338 4.4706518657165110753 4.6658922165602865206 4.8607615829870498558 7.8219e-09 7.17719e-06
10841889.117043120787 5692 1.6777179290652430854 0.11469520845068362225 0.16667280714526494512 1.2879534343734171387 4.4317149886103868184 4.8920876507302617497 5.0040400018915480729 5.1138916840395571839 2.38697e-09 4.83206e-06
10841889.117043120787 5921 1.7569751866847829191 0.19512440563815311445 0.058127747377192458267 4.9901418764288667518 4.738205357634173609 2.5034257191566466894 2.3761453010454127721 2.2409514753092141248 2.32801e-09 4.79194e-06
10841889.117043120787 1123 0.72885221967789637354 0.054037635146917277484 0.057637083042480087569 6.268202555717651947 2.8649029939303489734 5.506562551200283373 5.5437424153538108484 5.5801571023986804576 2.17704e-06 4.68604e-05
10841889.117043120787 5717 3.1802192443100500974 0.063043108235245060023 0.19337921114685194257 4.4684885968959244806 1.8651479703048747805 2.5244235525204818948 2.4869421672204987672 2.4485563518117041681 2.31886e-09 4.78566e-06
10841889.117043120787 2895 1.6378669180295930552 0.066116840372304433449 0.048202086298405839859 0.14520648368980776377 2.0412470329961860394 6.0353706256847017286 6.0511009036117959781 6.0663082093360758407 5.82425e-08 1.40151e-05
10841889.117043120787 6644 1.5477749399593365709 0.13629233564418424818 0.026535572483684662093 6.2730649452495166329 5.4950786364636634573 5.3662024431067187891 5.4704546219544480934 5.5694256559108366034 4.61706e-09 6.02059e-06
10841889.117043120787 6313 3.2286340148413050777 0.04897438974658989419 0.34270108282623812368 4.6113285475388723356 0.81490200838155490981 4.2405776468714844185 4.2847120023625944185 4.329275351897785562 2.33149e-09 4.79433e-06
10841889.117043120787 6204 1.6287723779170943939 0.13237142125097040024 0.18909806581415875004 0.68463986141545685182 5.9065799567222585509 6.0130140175989659213 6.0463599681386925866 6.0774166551453010499 2.26769e-09 4.75019e-06
10841889.117043120787 507 1.6367162522234310895 0.30534446316475888361 0.090127830588496826714 5.2790232762685622703 1.9866761807648987137 1.2734321126467749163 0.98937792049221895407 0.73420628908591467621 2.42673e-09 4.85874e-06
10841889.117043120787 5371 1.520322217037821888 0.086653705990786353275 0.08302769835663664777 5.4488418794892270469 3.2419716373877967008 4.1719201560365464232 4.2480268365429978417 4.3255045574334927139 2.54912e-09 4.93909e-06
10841889.117043120787 5623 1.5333063625175373801 0.16020287187806203644 0.0038114715873205306206 1.9218910537794569038 4.8971870984484660028 3.7011435880975200874 3.7929453030762605437 3.8900703245805434705 2.3084e-09 4.77845e-06
10841889.117043120787 5151 1.4880881054838612787 0.13623745153754784898 0.11125626539445690466 3.2007794194521568265 3.1912092502018540863 6.0623556977128618684 6.0904582584369091336 6.1165526571367774267 2.88747e-09 5.1486e-06
10841889.117043120787 6332 1.9208610852553953396 0.2746831167961857334 0.16644574270819295636 1.8932247321690491848 0.11300319979977850593 2.5428209810756778886 2.3647896325317598887 2.1722359289211219391 2.19525e-09 4.69907e-06
10841889.117043120787 6843 1.8901368687932833534 0.16949734350075335021 0.16648526722027265357 1.6138505779945879759 0.414663294220344536 1.57857812977737888 1.4081509840109223131 1.2408906023165682253 3.16465e-09 5.30834e-06
10841889.117043120787 6609 2.7528228541993344791 0.16879165527950104608 0.093234685323181160088 4.3465488680966872792 3.2660823250294166442 6.0407384737412552767 6.0784387186082344812 6.112757277291669844 2.84425e-09 5.12279e-06
10841889.117043120787 6404 3.0384297744778758776 0.20538847649783273375 0.31153819040276992114 0.26329390681177716749 3.8549863609018784061 5.324710656195686731 5.4846873029711407099 5.6318088825898993122 2.07676e-09 4.61295e-06
10841889.117043120787 6730 1.7184801954248061229 0.030204242866260600647 0.15708760828798051801 0.72115845259503674747 3.0610805319450458128 4.8278680116699703717 4.8578235495759560791 4.8877089268689140056 2.57888e-09 4.95824e-06
10841889.117043120787 5327 2.7422677681380069892 0.32678188442523870005 0.24643289155370362575 0.692668517259417027 6.2788475969894204098 0.24441983948617795885 0.17453391456935407611 0.11778851744798402024 2.89309e-09 5.15194e-06
10841889.117043120787 5285 1.5282295865895954012 0.09437352688439853976 0.025342752315951563163 2.445941251650357362 3.2048025635362527019 0.90725673998843925361 0.83488201807090089979 0.76493072542012396919 1.90393e-08 9.65459e-06
10841889.117043120787 6171 1.7268065129814147429 0.20622160765101379964 0.07281932484355514712 6.1729856396319142675 1.6941733744305134124 2.9321628072728187497 2.8839121732502754902 2.8313590089661988536 2.39216e-09 4.83556e-06
10841889.117043120787 519 1.7393154066227316523 0.11759351555305376513 0.11457548875006347278 0.54338659037702485843 5.1286238341696908094 3.5468640685581527272 3.5960462307814520244 3.6476664230407713774 1.36877e-08 8.64889e-06
10841889.117043120787 3991 0.89937027124980706283 0.27547276552698074514 0.2129943940602085084 4.2246268605211989566 0.59408470000398327926 1.4825527598190793022 1.2078995327923220948 0.95036763840429538952 2.18079e-09 4.68872e-06
10841889.117043120787 6124 1.7845565924811395142 0.10961223460558953968 0.090982991639634275272 0.79403444033538184144 3.5629533512974513876 1.135132225656055871 1.0377953792440728353 0.94338788423825159501 2.21026e-09 4.70975e-06
10841889.117043120787 522 1.5598281824632713732 0.23133937173599480874 0.036164311623932431095 5.8847442990241356497 0.3040460901387377346 2.6377379635501267963 2.5117197846905714442 2.3754511720636370953 6.55005e-09 6.76496e-06
10841889.117043120787 6763 1.488977225909033919 0.58179311397820698826 0.20915241525182326487 2.9123576682826533002 3.3990863124087384861 2.6123867930172512963 2.1716265449318119529 1.6917248638026147756 2.58565e-09 4.96257e-06
10841889.117043120787 5569 1.6005086211065155943 0.16254894988592105687 0.1246549564737433613 1.5079851999000744023 2.5993921409120441801 3.0973727375569826137 3.0894952170074438946 3.0810306636132822611 2.77052e-09 5.07813e-06
10841889.117043120787 6268 1.817008493980246886 0.045560115632132372476 0.15735911965393281631 2.3633002629989272592 4.7406525857705981153 1.9030825754981384179 1.8596763175193959938 1.8160040516336113381 2.30383e-09 4.7753e-06
10841889.117043120787 6061 2.05838010217517553 0.24597703448944968629 0.15885291845536397837 3.0052561077228356901 2.336331599902605749 3.8587798699149802317 4.039544291734143755 4.2319111198294461218 4.03777e-09 5.75746e-06
10841889.117043120787 6189 2.047121512637446461 0.07171546091705059689 0.070429070078294117585 1.3203303080486490373 3.7321950804195371809 4.1655138506866764558 4.2279954670583217435 4.2914606046119541105 2.99935e-09 5.21426e-06
10841889.117043120787 5249 1.9832158785302580473 0.26421404956947108777 0.16297851502865084994 2.3101286896916994884 5.4555661038300753418 4.0721515096892133556 4.3056518152019851442 4.5483103671141362767 2.29779e-09 4.77112e-06
10841889.117043120787 6732 2.0999723125541067681 0.15244223808212073457 0.14801520735199755197 1.0696078277702090187 2.8054697820584428847 1.4196217270380417919 1.2700420942025598681 1.1244424810971356266 1.92356e-09 4.49661e-06
10841889.117043120787 5002 1.9629957211406103834 0.15007437555361285986 0.055199723343630921479 6.2814520057165648126 4.0128921355976849838 4.7593621229998568367 4.9093107407547389442 5.0564847016901701693 2.79003e-09 5.09002e-06
10841889.117043120787 5196 3.5500809183490620313 0.12109016358005512959 0.20009859520431200197 1.6041306734236415732 2.6683752095732753418 5.0736265582532737994 5.1848146760671554034 5.2926414831077410739 3.02458e-09 5.22884e-06
10841889.117043120787 5625 3.0327177675351975061 0.23224483160832493089 0.026383492740711188274 3.3581212705749807768 3.3608786879807275305 1.5693986829885397949 1.3350521328160589452 1.1092310093818809058 2.295e-09 4.76918e-06
10841889.117043120787 5412 1.7654390599274729645 0.18265497643955858065 0.091889538233881240537 3.359241631819950058 0.24638828534732443165 5.8518991518166290078 5.9229285847822596978 5.987317110161971101 3.18558e-09 5.32002e-06
10841889.117043120787 1960 1.5566760871737723715 0.16356655251504154114 0.10258543248278446935 5.8318452942390450744 4.8508598452760578468 4.0915815288841805852 4.2320368873774425467 4.3770929858444684868 2.62083e-09 4.98498e-06
10841889.117043120787 4112 1.2981862206562762019 0.18531689771338463735 0.10326196923490639501 2.8223104125274902643 4.855676582468883673 4.1223026694907050071 4.2857825975630694515 4.4544905077480683175 1.73305e-08 9.35665e-06
10841889.117043120787 5115 1.282139455965906949 0.15741009116493576148 0.074098036394224409129 2.1730737744490848939 6.198220954258632176 2.9559448979699096682 2.9242421697895251143 2.8902977533846581082 1.07577e-08 7.98161e-06
10841889.117043120787 6912 1.6867110158442182311 0.12354533423950196658 0.062195645411278963066 1.5565685928086885337 3.0791153852839587834 2.469013904103112278 2.3878542808573541834 2.3033036449347683572 2.09119e-08 9.96126e-06
10841889.117043120787 1487 1.601696303508705288 0.11785461113844405978 0.060232732544032725752 1.297659417027719142 1.6944340721086981194 3.8899070845101371141 3.9739718511619641639 4.0611294543874896235 4.32124e-08 1.26878e-05
10841889.117043120787 5367 1.678632978708817669 0.20621877756091541722 0.052189819722421648684 5.4804995864547034756 1.2435974444135684536 1.9884310066367096859 1.7901303391160847678 1.5888520332491262721 2.85701e-09 5.13044e-06
10841889.117043120787 5016 1.8370936235412607118 0.29704867459137973551 0.027198439183203394764 3.1654398153448832787 0.052309502323910676835 3.1456305660059067364 3.1470775939038846403 3.1487068799849744494 2.58541e-09 4.96242e-06
10841889.117043120787 6362 3.0526902784860814322 0.13234122823045446626 0.23745907665782534091 0.16421577477290291713 4.449101043169827463 4.7355514524972841528 4.8680432189105404817 4.9987844837662143149 2.92709e-09 5.17204e-06
10841889.117043120787 6813 1.6833843769590288719 0.037452144947115316442 0.16231224123845977569 0.4541853752769203223 2.2069293285535445115 1.5186679904502180527 1.4812944288725553577 1.4439921906990795808 1.73747e-09 4.34666e-06
10841889.117043120787 5654 1.8662359447560892267 0.17879609307502733473 0.12792665970183145219 5.9358491395382753097 4.2546081815106147062 5.2320970598163265564 5.3815648991053715022 5.5218006006713364897 2.37573e-09 4.82447e-06
10841889.117043120787 2102 1.1856996436914446491 0.035809768893651498789 0.026984836065362120122 4.6903860651964581763 0.53471232018051528811 1.97779666197594306 1.9446696953267561536 1.9113336765327308964 2.21357e-09 4.7121e-06
10841889.117043120787 6017 1.5554023117309003776 0.082469785701329789696 0.069646422234733731949 2.2862201906842765098 5.4286590541653714226 4.3194023578053757362 4.3969030954165564395 4.4753026451728725732 5.44323e-09 6.36017e-06
10841889.117043120787 6976 1.8692416622471932364 0.22784744174847806897 0.074907328991262123186 5.6152197059784798583 3.6913918533292933155 5.1016787729790520345 5.305611784687055632 5.4945299699580303354 2.49674e-09 4.90502e-06
10841889.117043120787 6716 2.0369931306595616682 0.07664801375802730854 0.1495848672213042907 3.3939512678467802509 0.57180966397740418117 2.5946621431835517058 2.5533940761235327521 2.5108649104310671873 2.33978e-09 4.80001e-06
10841889.117043120787 6906 1.7172953063198967971 0.41038147737261970738 0.071528476041530689167 4.0455471598892867036 3.6478461551789678197 4.6648495386502411009 5.0914810672078898435 5.4727258767823405705 2.85032e-09 5.12643e-06
10841889.117043120787 3519 0.9469987501427412635 0.32262447904332752779 0.30467854469987493138 1.8725861543268529363 3.0695673729042964872 1.78489320930898554 1.4522526957702950323 1.1318924185310546005 2.06062e-09 4.60097e-06
10841889.117043120787 4318 1.7819916309781225205 0.26157896462027369067 0.09069256021144012081 4.880098699013700525 2.3956442265292201554 4.4655002517753246138 4.7307547601058796971 4.9922896104298857267 1.32396e-08 8.55345e-06
10841889.117043120787 6760 1.7926849760155545432 0.043470269387496679458 0.11646311161442524096 1.5330796418635168621 0.98699861360138385624 2.216500766021016311 2.1813087637341457281 2.1456912093378370798 4.55433e-09 5.99319e-06
10841889.117043120787 5747 1.0442431579299575883 0.29644916533178522489 0.11424064238189253484 2.8407406289372061359 0.53602426459807328563 5.8613893155878598051 5.9703493265958131886 6.0615839897630543476 2.03788e-09 4.58398e-06
10841889.117043120787 6583 1.7903896572323991787 0.077935534048883883806 0.083363153756903049518 2.7300594492653784684 4.7746801323333718514 1.1370569042806060178 1.0674015580851894391 0.99913392942192102986 1.35064e-09 3.99665e-06
10841889.117043120787 6225 1.7491904510639468828 0.16819452177267849025 0.070105484780547483448 1.9339839421948410436 0.3010944642378407532 5.1031570899237976846 5.2546027815680176332 5.398672891557796838 2.38341e-09 4.82966e-06
10841889.117043120787 5131 3.5422168312687434266 0.089576233565795249092 0.23421287713503499694 4.3025705130375433427 6.0924498873821795186 2.7348207793176091407 2.6977865009710835231 2.659324258302615096 2.25296e-09 4.73989e-06
10841889.117043120787 6576 1.2975704147519842024 0.30973973884658018152 0.13840125217174578665 1.7829456022170420137 5.8127724848815160996 3.262645692549020815 3.3081588349811692495 3.3595127665369690639 9.90665e-09 7.76531e-06
10841889.117043120787 6342 1.3635645410812071709 0.18737940001356387376 0.12372588669925416172 0.085244941247584055111 1.4408111549165960596 4.1392991425011071982 4.3063398548743405669 4.47848315785741935 1.70662e-08 9.30885e-06
10841889.117043120787 5048 1.6062531794005907582 0.1621430651650254684 0.047036836402014572944 5.3831997729267255792 2.3397912437383605599 2.4993580897449048095 2.3948489550696852035 2.2847128644597725078 1.54672e-09 4.18139e-06
10841889.117043120787 6746 3.0198536691876927129 0.35037126503646787157 0.2354730296203964568 5.9759206355102971742 5.3601205702592222835 2.8173951803167653907 2.6784968210587689619 2.5219789682914273143 2.1751e-09 4.68464e-06
10841889.117043120787 5957 3.2106213812416428688 0.01770846946297652616 0.10683082315501901682 0.32743957773445120374 1.8854958447832896873 4.5561417260452419242 4.5736595373147981292 4.59119787255781997 3.45473e-09 5.46581e-06
10841889.117043120787 6153 2.7520060381761566326 0.20551113173676532897 0.57835065714045141849 2.7508907423792980929 4.2636655128807863235 4.1766041287615376376 4.3646681450517537115 4.5578798040170767081 2.21408e-09 4.71246e-06
10841889.117043120787 5773 1.9386563680786206287 0.23524371195363649734 0.088794578251442463079 1.5620188817196083431 1.3341992659943568977 2.4738093392348399213 2.3111518981077945334 2.1374882256014897663 2.82024e-09 5.10833e-06
10841889.117043120787 5291 1.9874788501404487828 0.13983076155520290929 0.20568072466069411974 2.515643008373271261 0.21897215128639480053 1.1513859738378680042 1.0267754267772575272 0.9071314080682236769 2.6037e-09 4.97409e-06
10841889.117043120787 5693 1.4512799594183960483 0.19366564933634417001 0.068147000961007023201 3.3726190384774454856 4.5927711143886176259 4.9370036761409537007 5.1230088559245787749 5.3005757689830952373 5.43449e-09 6.35677e-06
10841889.117043120787 5467 2.8903826532391159176 0.073209321926371639933 0.18823399468220594621 0.45232869903714489901 3.7616244882297680263 1.1387172756626551262 1.0731766108563771667 1.0088460244428398838 2.43648e-09 4.86524e-06
10841889.117043120787 6018 1.43720293403793975 0.064612992696122500957 0.1902857957978641712 0.12558866237413232603 1.1891749253773453709 1.5798153611869261148 1.5151411028989545393 1.4506281538749752347 3.42036e-09 5.44763e-06
10841889.117043120787 6102 1.9071832719903891729 0.19334014778489566622 0.10581971040213826452 4.9873222758573856339 5.3810590933050708173 2.6811498137618587911 2.5861845476086382511 2.4842382006344423395 2.19362e-09 4.6979e-06
10841889.117043120787 4788 1.5849165671587361892 0.38245193120087089822 0.082004787644219520604 0.74459055073054292162 2.974872638643895506 4.2229254856089202264 4.6052570056760515627 4.9855162850902630112 2.35845e-09 4.81274e-06
10841889.117043120787 5768 0.95867060056560415848 0.066994194164382264711 0.084073639205574632327 0.13466907068098338263 2.6501046175848537167 3.1930039067807567399 3.1965699413154755604 3.200251245291656943 2.35407e-09 4.80976e-06
10841889.117043120787 3541 1.7632905748869058815 0.13978817275399063602 0.14141472035082411352 1.1145608513913354276 2.8886691584365373764 3.9553137369887791941 4.0624922633704834141 4.1737840998590405306 1.91401e-09 4.48916e-06
10841889.117043120787 5735 0.95455792113847914848 0.15947790598093281034 0.13379423888286842703 0.66778345106011316457 0.93304671119122417622 3.8470334456895263209 3.9577587875957331853 4.0739424159844634943 1.71969e-09 4.33178e-06
10841889.117043120787 884 1.1198819929874814783 0.12895072208489166687 0.01878270678390611334 0.41474938208286943331 4.176025304143914596 4.5451843309784303315 4.6740817943928298916 4.8029379142912036471 2.12252e-09 4.64659e-06
10841889.117043120787 5647 1.8100727286096456314 0.24891287237875506233 0.15177448309938149085 5.9700299538073728911 2.1496162678479713293 3.6300905862125949497 3.7634922977895994833 3.9085040064530711668 2.57441e-09 4.95537e-06
10841889.117043120787 5528 1.4032730140968523447 0.17619561662971283678 0.093553393344867535886 4.0262817489205886545 2.9187254757336980049 1.7849326940963159416 1.6085255925540025146 1.4324553680580418558 5.0086e-09 6.18618e-06
10841889.117043120787 6950 1.8304067810905029212 0.16329464144824787364 0.091479495326117640785 1.3488156034239207059 1.4866227945131456067 2.7135422152901322868 2.6398186188010903663 2.56127689347906351 3.07555e-09 5.25804e-06
10841889.117043120787 5170 1.5965405041844542566 0.18906048947042275454 0.055274231219730150799 0.51679452541000581167 0.16972960856918731243 4.4241376514730763603 4.6115946915553420737 4.7996956148809140075 2.19546e-09 4.69921e-06
10841889.117043120787 5780 2.0788519557253990477 0.25231789130489690187 0.21102336033527013814 2.7819021259379304034 2.8202878461665323861 0.85461907362328204396 0.67665374685073931271 0.51865542384272411702 1.95079e-09 4.51773e-06
10841889.117043120787 5516 2.6402332991360966119 0.32502154790638082549 0.12105445004728672409 0.073231839194704037577 4.0411242818141568378 3.3377081989216743629 3.4155266263583707875 3.5034517192161636068 1.64805e-09 4.27078e-06
10841889.117043120787 5423 1.9181910086729412335 0.051850405690698792016 0.018520982760102586845 5.3745340112039992064 4.8785762299530102126 0.055474459958193396425 0.052670265132433224942 0.049940553034325887993 2.52578e-09 4.92397e-06
10841889.117043120787 6335 3.1553187702859455399 0.060878458149473867189 0.18419470605964446963 2.4152012036128680528 2.461048438730404353 4.7209928705859995901 4.7818907891228192852 4.8426222697119909455 2.80706e-09 5.10036e-06
10841889.117043120787 6792 1.926876642251490912 0.30174709904849017494 0.12876233385626292827 3.106671580580099068 5.9613313146493078776 4.1852742304106023141 4.4727854692172126505 4.7659123008745822858 4.30438e-09 5.88148e-06
10841889.117043120787 2451 1.0434682368874601543 0.05658248421045908999 0.047021374028753511187 4.3071356062085826011 1.1165789887097885558 0.031010034858068823149 0.029302606024039751231 0.027644829044815896757 2.57625e-08 1.06786e-05
10841889.117043120787 5190 2.7691464966511825097 0.12784862831513088555 0.17048098365089056627 4.4047012962730214269 0.42892300994483667509 0.633967278176060689 0.56169531312126308453 0.49360034701492799813 2.78537e-09 5.08719e-06
10841889.117043120787 5316 3.4768390634516448401 0.035024420997757987895 0.22894354319301002398 5.3314240533304069203 2.2867772645763753125 3.1344359522377716054 3.1341807476868668303 3.133921152351012207 2.96988e-09 5.19713e-06
10841889.117043120787 6073 3.2374270147404500264 0.063531001528863900729 0.26465886470910593431 0.73996754227031646955 2.8080991331106148756 3.7129103944766188583 3.7482403681168512399 3.7844604436673545678 2.87152e-09 5.1391e-06
10841889.117043120787 4994 0.97116796122562421001 0.19881678252455678435 0.26037990085912809946 1.7422387553621188072 3.1322997576666300468 2.0917907168286076214 1.9089613170198598269 1.7214045170073213331 2.5994e-09 4.97135e-06
10841889.117043120787 5899 1.8998759032692777993 0.23047665033987024819 0.19550708397419283568 1.5644974629045553804 4.7662088843228298529 1.8697287575919838698 1.639536008931408384 1.409603661884193393 7.73132e-09 7.14937e-06
10841889.117043120787 6108 3.1281436146939740617 0.18882493670206876302 0.17108908980219375562 3.9558935969586945802 3.2860389081777108267 3.1522202753263486308 3.1544584253528924478 3.1568877368705088315 3.24647e-09 5.3537e-06
10841889.117043120787 6379 1.7474662664873956697 0.1534663520347164245 0.030581612154843857559 5.0859169654486127143 0.90088865713718702111 0.58742075730770793029 0.50706919584303788984 0.43254327868677472368 2.25373e-09 4.74043e-06
10841889.117043120787 5288 3.1755000938201951577 0.26909169355279161095 0.25702235749557988953 0.84721404426800739351 2.5460178540321591889 3.2269901705668981862 3.2540702791371622915 3.2842732956119253807 2.94866e-09 5.18471e-06
10841889.117043120787 5895 1.349863677365282566 0.18157640688275694663 0.11113209391044105712 1.8110320522082210548 5.5411492807387627835 1.5968056758857307464 1.4138446322557187695 1.2345000996598909371 3.55807e-09 5.51978e-06
10841889.117043120787 5778 17.562630607221663581 0.35833436054308875907 0.59001736115423464302 5.7972218327406448424 5.6060439253400629056 4.5329695282319768523 4.905756233408521183 5.2574122209652163207 2.56945e-09 4.95218e-06
10841889.117043120787 6029 1.9183106951204857982 0.068159225175302387556 0.12505183243295456275 0.2911165665415555992 2.1807579493181274977 5.2877003312396917423 5.3438957683752628114 5.3989097287126739388 5.53056e-09 6.39401e-06
10841889.117043120787 6295 3.2430685306094471088 0.090405132558345577265 0.20558015701959134192 3.0294063210363564309 1.4895601003169109955 4.7917655514713644038 4.8816871040285185757 4.9707997387460896022 2.30061e-09 4.77307e-06
10841889.117043120787 6085 2.2783013722384763966 0.47713642262387667703 0.2186211399993870097 1.5803682916603105646 6.0989370859319684826 4.117503282702543288 4.5984695424825465793 5.0725132599813127499 4.93102e-09 6.15407e-06
10841889.117043120787 5668 1.6339155801714746463 0.16137605946492511455 0.10169259104064629073 6.2074288265538717368 3.8653101539066296866 4.0441240971125864689 4.1781788699266488862 4.3170705771456452382 5.17696e-09 6.25473e-06
10841889.117043120787 6343 1.4294574073427985805 0.052205211230718022442 0.18494666678731455645 1.1103187935898786165 4.9049210569151320271 0.24451337934785546957 0.23217944455334268983 0.22016707596643311784 3.59373e-09 5.53816e-06
10841889.117043120787 1147 1.5564866505988115275 0.22846729795544101771 0.041672318231759299112 3.2956282586555127878 5.7403400044846009109 2.6240489219221876382 2.4968593129312521839 2.3595538185383082563 7.2768e-09 7.00643e-06
10841889.117043120787 5076 1.2376930945788986449 0.10536776255440948036 0.033243662540342840128 4.177527539276417734 1.777242760090965934 2.9756627238739050689 2.9572517872901395997 2.9379380231692486802 8.99692e-09 7.51995e-06
10841889.117043120787 1969 1.7618769639019804529 0.039202481630435118132 0.092045950152196784333 1.2262834268017119843 1.0338597987699229552 4.8725876678485979809 4.9111775568671642844 4.9496080056540261438 2.21709e-08 1.01573e-05
10841889.117043120787 5111 1.7832098925858150817 0.098914400363538629302 0.14184014552138193843 2.1945117787844470314 3.2995520659418864362 5.3459508349288924478 5.4235466083684613636 5.4984848294162755877 2.90837e-09 5.16099e-06
10841889.117043120787 6078 1.5100101295341195051 0.18527344469045117781 0.027298476038369410418 3.5547221049007973193 3.1333685176919119364 5.9356149425045661161 5.9941149686047934253 6.0469292500623881281 7.75695e-09 7.15727e-06
10841889.117043120787 5276 1.7191008928567774738 0.17546912327139535526 0.13676886756654629829 0.16776634926598951725 4.4550832453568709468 1.2129823875885867857 1.0526613400032318602 0.90022352917478387635 1.69322e-09 4.30944e-06
10841889.117043120787 2850 1.8285376186186177438 0.2455967981096507935 0.11468284022426283864 0.45802073162447870525 5.4109167364547987589 2.023554401235450495 1.7874299353883180697 1.5475735781853519057 2.86233e-09 5.13362e-06
10841889.117043120787 6637 1.923766412816699356 0.27495341891039182247 0.11409775555539855563 2.5185607509860519215 5.4052838765642814423 2.1216440032357115619 1.8652564709460373038 1.6021373330010861835 2.31786e-09 4.78497e-06
10841889.117043120787 5258 2.9826244120505354118 0.1834138848896090801 0.31561448990724721986 5.0324535874955591552 5.4773285470503401129 3.8630708777893221217 3.9941811633523376379 4.1322892984054799825 3.58569e-09 5.53402e-06
10841889.117043120787 2923 1.2738818673942453596 0.15962785933159509555 0.097245500113878072246 0.80253781920644806647 2.3444794713531704744 3.0544068574147091866 3.039200943536262578 3.0228849186605963872 4.68558e-09 6.05022e-06
10841889.117043120787 1410 1.5859152511592884416 0.059595889062626250521 0.061813432799142163654 4.0028300564157142105 0.46104982439163794128 5.1747694089468465606 5.2274416674015657946 5.2793059893349072453 1.64182e-08 9.1895e-06
10841889.117043120787 5063 3.4802861691883273387 0.12473239265408364584 0.40305450432834477592 4.6607738928605835227 4.7505099742882972436 3.9169942757502331787 4.0086880541088296681 4.1037906102264054553 2.23728e-09 4.72886e-06
10841889.117043120787 5955 1.4859705392019839643 0.15077269216293626153 0.037202198508894022966 5.0190773552948595437 5.3013571577622000675 4.1907857651689237599 4.3272103780606574475 4.4669361574294441652 2.24745e-09 4.73602e-06
10841889.117043120787 5999 1.3583549843862814388 0.13667388210588812814 0.20279743048507628544 1.1325922716715337568 0.91428574338812951261 2.4995897500087909116 2.4126337233841543828 2.3215961395501523157 2.29222e-09 4.76726e-06
10841889.117043120787 4105 1.7012136026800950273 0.058937223544228471706 0.093817914295878462871 6.1421934889740787966 3.2552848565371510503 4.7370807046368277327 4.7959912635281636284 4.8547226408099799499 1.26705e-08 8.4291e-06
10841889.117043120787 5278 3.1515253038851755996 0.045791505835401133395 0.27962864338822296384 4.6323778723074537922 0.16117057612347687745 1.74613354872352744 1.700847211881024279 1.6554424017587330287 3.13887e-09 5.29389e-06
10841889.117043120787 5449 0.7856525498682028763 0.2714672001285187708 0.069903230261619958563 0.73665901861691251984 5.6308062050313409941 3.5201719618386917432 3.6373739639066862139 3.7665160783430868818 2.58219e-09 4.96036e-06
10841889.117043120787 3069 1.6757568913757909801 0.28996524747382673715 0.058641234435347376619 0.63077671821933656293 3.4295519102071514439 4.8417605839642785526 5.1281301600719091383 5.3933953654254525034 4.38223e-09 5.91673e-06
10841889.117043120787 3113 1.8025478099573113422 0.11846743136080141456 0.13665819483681618252 3.2778766177403242388 5.1199628069793021723 3.4203712941046267026 3.4550660019243371046 3.4915971611511342765 1.79427e-09 4.39353e-06
10841889.117043120787 5202 1.9060203105169026827 0.091050776057611249037 0.095931638944391231516 0.020966211542656210121 4.4810200780598190562 2.8299066110443185096 2.8006584972165335934 2.7702140653093527689 2.34286e-09 4.80211e-06
10841889.117043120787 6937 1.6082971138024531044 0.10482222499700856455 0.033757844493940432351 5.5876106575987707359 3.1780594367187195992 5.2465519079504741029 5.3346065166187779383 5.419783797745584053 5.15552e-09 6.24608e-06
10841889.117043120787 6916 1.5873376765955988787 0.14038928045396475985 0.043338058963692513426 2.7818745562301492313 6.2656530616454073623 2.4893592070957351048 2.3987000738983703663 2.3037377929909523822 2.44035e-09 4.86782e-06
10841889.117043120787 5435 1.78862546734950012 0.13252378845302500987 0.074191334213509832485 4.0238760201642227443 1.0400428075414538398 6.0830413509132048588 6.107883436663955834 6.1309962996156377457 7.17242e-09 6.97277e-06
10841889.117043120787 6255 3.2159558544848119155 0.097739925714102185439 0.22543164955772379554 0.28277666315539118358 5.3234627037228570146 0.3721837272845623934 0.33811344561999218117 0.30569233602991568999 2.45838e-09 4.87977e-06
10841889.117043120787 5436 1.0851622581656492628 0.14685935524866405855 0.040562927223471663407 3.2928618259151032355 6.1168430314765469547 2.3397551586837819215 2.2280152616412380873 2.1117475483367851297 2.73828e-09 5.05836e-06
10841889.117043120787 5784 1.3875116787111481109 0.17108915104428409903 0.047639618003772275789 1.02513865937423998 4.5355395941995952924 3.8709175018880044306 3.9935056765441236948 4.1222573787414020785 2.79482e-09 5.09293e-06
10841889.117043120787 5004 1.8268816956644080562 0.38936782750591919511 0.17036737748212629762 5.4921202404083508952 5.6443625789052385144 3.788259067444301742 4.0775992849277358232 4.3911168682666730234 2.5143e-09 4.9165e-06
10841889.117043120787 5406 1.82401145200221948 0.08155212527659382038 0.16126282740951453087 0.2746429776329855077 5.7092357000457534255 2.8619038999322961025 2.8384329866951927279 2.814086637725556006 4.61584e-09 6.02005e-06
10841889.117043120787 6756 3.2254118162710128104 0.07234470549041650822 0.26088262914800941505 4.3274955146364426639 0.56197798738563675691 3.3623884384989595198 3.3788339967214429116 3.3958366040187191182 2.22448e-09 4.71983e-06
10841889.117043120787 6230 2.0704411520773158273 0.23439552377334574307 0.068446881191465774874 5.8227712171774488326 4.0478821902379333864 3.5141550719516851942 3.6113751232842958849 3.7174841794445727672 3.21494e-09 5.33631e-06
10841889.117043120787 3770 1.6113843347872915945 0.093346795619467140548 0.038128567616377548322 2.1003030247086389437 3.8292801766225990079 1.289499675265446843 1.2008357265171902828 1.1138046264411001207 1.55823e-09 4.19174e-06
10841889.117043120787 5300 1.6504968507859953952 0.15441942729909255427 0.08800726152781319922 2.6203152837596919156 4.9027466419055176772 4.4932529101102307578 4.6471886479501787193 4.8012799665806360494 2.06634e-09 4.60522e-06
10841889.117043120787 3174 1.7036332846353381409 0.1428008921165642986 0.055831991991662048569 2.6000828928290204978 4.3052212889631915615 1.0227223939700027522 0.90476292218329157357 0.79248162332716542977 3.19992e-09 5.32799e-06
10841889.117043120787 6217 1.5466169629216077741 0.12724116545129432465 0.08392937626489604952 2.1866748176841426243 0.94823409923731938331 3.6388961393153693713 3.7034481254225175562 3.7712367903476788911 1.48722e-08 8.8915e-06
10841889.117043120787 6836 2.1155993418144216633 0.11165731784223083267 0.08907029177677665277 4.825454899371496964 3.0382705868012278572 4.6243246426311603869 4.7363331492027178626 4.8479584607076349201 4.61039e-09 6.01768e-06
10841889.117043120787 5086 2.0022090870636142235 0.0955052321549103439 0.12083643776080797705 3.3768207391030657938 1.4640171321264301429 2.7424062364131125413 2.7034898153532411769 2.6629743719027114679 2.82e-09 5.10818e-06
10841889.117043120787 5068 1.8026882961323817955 0.0484024857706210343 0.11258223976556409884 4.9345501212882112441 2.2432027709464943399 0.92684311091466486943 0.88867120465277282815 0.85109951553629825671 4.16264e-09 5.81621e-06
10841889.117043120787 6279 2.0237017067933114056 0.026648139970444465613 0.066047248805457592358 5.6304566099859689743 5.8491257735690318498 0.82396150465096529292 0.80457857274680211201 0.78537756239682798842 1.20562e-09 3.84817e-06
10841889.117043120787 6761 1.7611530540508930631 0.22989218481293893781 0.17635241623225164642 1.3964484082666639431 5.5234704199149167181 4.6619327086010180494 4.8949640671575691542 5.1210353092901055305 4.88068e-09 6.13306e-06
10841889.117043120787 6842 3.125366848412010512 0.043061819895229822008 0.067748585515865711315 0.90752629515592486698 4.6882174609191009651 4.7101611381711476767 4.7532382373385217988 4.7962641344226071283 3.94698e-09 5.71398e-06
10841889.117043120787 5358 1.6837249300887218162 0.11799050740954933336 0.082600122923038254985 1.9160914505504564875 3.1535537730428866432 2.2521727621719929147 2.1567179806445126999 2.0584079600666402854 4.52702e-09 5.98119e-06
10841889.117043120787 5669 1.3771340032793539798 0.058718655743725450824 0.11673820482986976832 1.2642140408561104437 5.69940136010137266 3.5966424895278916729 3.623170721681768125 3.6503679310799932445 5.45549e-09 6.36495e-06
10841889.117043120787 6977 2.8180273409860814304 0.30705155179935195164 0.030528102543806452662 3.319263274876348202 1.8608168415307893007 0.92373855037604990503 0.69543470041856747521 0.49870085973789174405 5.37795e-09 6.33465e-06
10841889.117043120787 6443 3.1949490600695318321 0.20574283486799863074 0.29720257656197585083 0.67337524906948331704 2.406449025560449595 3.3609498574102656399 3.4113051453029643589 3.4661262152502385625 1.88164e-09 4.46371e-06
10841889.117043120787 5298 1.868291082448449103 0.17513658793450276319 0.11166598223105438092 2.8321353619350304598 0.97864291745844811388 2.3247152254677754257 2.1879852108927630994 2.0451598179742678241 2.48769e-09 4.89909e-06
10841889.117043120787 5399 1.453343869898218621 0.1008474045512003231 0.12729810905554192479 6.0782904352583244645 0.26366770719349819085 1.6248878836886209154 1.5237402707494724918 1.4230044974102853406 2.19916e-09 4.70186e-06
10841889.117043120787 6367 1.4645240458729475996 0.24773711944709717048 0.19471362291013064039 1.3760211842806704396 1.0664179946304799262 2.8637371967779357007 2.7852462344647230807 2.6988225172976836319 1.45694e-09 4.09887e-06
10841889.117043120787 6202 1.8947631696329674256 0.19850926159128914894 0.12272536618849909373 0.4350154834622378397 3.8075155782236063118 3.171400065469887064 3.1780411640887549218 3.1852749290769293289 4.75227e-09 6.07879e-06
10841889.117043120787 6269 2.0641412019550862134 0.19611970946643145219 0.010608857485352774647 5.711843017795882993 3.3406724767488720218 0.2867611534084215652 0.23561527780290511536 0.18983283632233216576 6.27461e-09 6.66877e-06
10841889.117043120787 4189 1.0764901087290255077 0.038907032908675386051 0.049115518309730203661 0.60931151637997249537 2.712173738680022872 2.0454412900901015604 2.0105150100788815593 1.9753091467446697305 1.08752e-06 3.71817e-05
10841889.117043120787 4755 1.410291586300616018 0.03456813344225261736 0.037793351513910826422 0.35323513994315869358 3.4904401889110090451 3.5928100818749912904 3.6081264281157912066 3.623674939274557083 1.90585e-07 2.08072e-05
10841889.117043120787 3337 1.452216808446199936 0.052354550072809487304 0.16814115595529005587 6.0211192560694808407 4.2600344012421089701 5.6342114904682567555 5.6652248945899836841 5.6955577584747834052 1.23471e-09 3.87886e-06
10841889.117043120787 6722 1.4775760333808742875 0.12780929900859180903 0.08788748642954881396 1.0426795813308114003 2.8783179863227039696 3.7530425567769958306 3.830760605607619329 3.9120339315315084683 1.78527e-09 4.38616e-06
10841889.117043120787 5374 1.9259033143178738712 0.27434694683248872504 0.072096907805922039181 1.9761751027287972615 1.5777223972084897241 4.4953094490745204581 4.7751015695983989318 5.0489092079380331057 1.21754e-09 3.8608e-06
10841889.117043120787 5438 1.0426688943622073324 0.22894835170206484509 0.18379797923688179218 1.5128537216555824063 2.542061015056237494 4.1739469690934019042 4.3849606318865514965 4.6017455392093706834 2.41055e-09 4.84792e-06
10841889.117043120787 6253 2.0323294748599738391 0.15764278976193679682 0.054026965572594239096 1.0424022315718657339 3.4702669080213945918 3.2047264228348257831 3.2155952371923470778 3.2272505659474313155 7.30442e-09 7.01529e-06
10841889.117043120787 5177 1.742034628204393254 0.27153212578041807657 0.15862729310663811755 5.8657282851580330174 5.986981020398104647 1.2685028963084916676 1.016120440637324096 0.78529880464342705082 2.10151e-09 4.63121e-06
10841889.117043120787 6001 1.8294960568796276856 0.14078736605278011074 0.15695822005822215872 2.1472036318644804886 1.0336757812373693621 5.2759370652071178043 5.391066382330356177 5.500655786001174441 1.89847e-09 4.47697e-06
10841889.117043120787 5626 1.7337665027118072114 0.1047682827653945159 0.038821331616962509448 5.0596496694996773158 0.11609250681633136171 1.1397172416117864469 1.0463887819799531087 0.95569918394486608193 5.23731e-09 6.27894e-06
10841889.117043120787 5630 1.8834371655674353452 0.14154373451373075676 0.13701243701321075275 2.9757910758431069809 1.2837566354727141249 1.8294010821872010997 1.6895520139377349089 1.5490051964807782792 2.87655e-09 5.1421e-06
10841889.117043120787 6027 1.7058338319420196516 0.10419922478550025513 0.1612294771744123556 0.34721075244492027867 6.0536119187428694133 2.4439883523945242771 2.3740989501335132417 2.3017499109025667536 2.32786e-09 4.79184e-06
10841889.117043120787 6069 1.5489086363311359573 0.20344330536378657515 0.17845277287896688101 6.2493898068407753854 1.076753403874640469 5.5517119423624183838 5.6791095794843844402 5.794665706003988781 2.30644e-09 4.7771e-06
10841889.117043120787 5564 1.6524586339641949007 0.081585836169303330156 0.064425403889772470123 6.2131333631345917468 1.8939215442638643871 4.4569026846695898314 4.5367546336998110235 4.6170853448697553034 5.64605e-09 6.43821e-06
10841889.117043120787 5077 3.1012502561829276004 0.049843873916762544696 0.35150678753695302481 0.64878913912816860154 2.1123955303735124645 4.4149299540055828572 4.462956392720441201 4.5112577306157817247 2.69841e-09 5.03369e-06
10841889.117043120787 6591 1.7806586884656634417 0.17006916382494258189 0.16190947634723990012 1.2698895069940980829 1.1923804546668874682 3.6263816645477353617 3.7127123874448826335 3.8046474262341836159 2.63066e-09 4.9912e-06
10841889.117043120787 6465 1.9568598086962689653 0.076730417399396330658 0.12442836615419974877 6.2048473786475222269 5.1430618929175704324 0.52226859677596759735 0.48517491567998410895 0.44939068067679521779 2.98606e-09 5.20654e-06
10841889.117043120787 5694 3.1462664932221637848 0.14383533419829214184 0.2573749018671533384 2.9632385755805126237 1.6172543069994740339 4.0059167418852510423 4.1211855851911440851 4.2406078280040402362 1.21025e-09 3.85309e-06
10841889.117043120787 5553 0.99374460095250916059 0.18976080515503968016 0.31707624305911469298 0.52475458137765096378 0.67232910536908518928 2.7164432834356690982 2.6299634847340884747 2.5370568893108682573 5.50583e-09 6.38446e-06
10841889.117043120787 5820 3.0756716872345513103 0.11511695911245005408 0.091326993582026450014 6.0039033532741417076 2.6818670512376416859 1.6927600409404055526 1.5774339452240102588 1.4623195220124993732 3.12834e-09 5.28796e-06
10841889.117043120787 5026 1.6157917927779257283 0.12001556991071629654 0.14316610093800316572 0.40525147108113612759 1.8637328176186553907 3.2338482741763816541 3.2456525544310297349 3.25811883583569184 2.52074e-09 4.92069e-06
10841889.117043120787 5667 1.7844086176615994166 0.1334841558467959044 0.18056432327431731766 0.65111308031739523194 2.0799615509113045242 0.81742327390637603557 0.72398103563594318199 0.63556481439241907516 3.20823e-09 5.3326e-06
10841889.117043120787 6492 2.656295738659425254 0.38421426427374655299 0.11542655112854800781 0.45471707543597161827 2.5875514744226548736 4.9299166754792960177 5.2996534532521710759 5.6194962709895381892 4.60217e-09 6.01411e-06
10841889.117043120787 5363 1.8319802914445488806 0.18213211680632049316 0.069906701797898554429 6.1988851424789066513 4.5973435812618532736 3.2524931934543732659 3.2748610233233170774 3.299061689075044157 1.92803e-09 4.50009e-06
10841889.117043120787 6622 2.902423402908862915 0.16281822422619215973 0.31565321045142175072 5.9528530027231125743 4.3278262915712968351 4.7686338446474216823 4.9311771475969985445 5.0901139791938527779 2.90674e-09 5.16003e-06
10841889.117043120787 6538 1.5067716486395856812 0.39082057206303533192 0.15532837737407978462 4.0256244048107525657 5.6201444438409913218 3.8148958393438920922 4.1144488725345338409 4.4374608894669949066 2.46314e-09 4.88292e-06
10841889.117043120787 5688 1.8817789977879559871 0.15671678242306719131 0.18512910662131532025 0.45578984268116184975 2.1582254518206180904 3.0929416252313632896 3.0846173061745978394 3.0756931431345657657 3.26046e-09 5.36138e-06
10841889.117043120787 6373 1.4875362072252242829 0.13517435640533514984 0.12182997764765274296 5.316822630446310427 2.934760893413571381 3.3744454234300600426 3.4079948286447949712 3.443581132349524232 6.95589e-09 6.90188e-06
10841889.117043120787 5080 3.2352238880401573695 0.12477177301145452037 0.19515510877499342435 3.9943483023628378881 6.0965400410870609349 0.72946850329912960031 0.64975165992213534949 0.57426614872292902625 2.57476e-09 4.95559e-06
10841889.117043120787 2445 1.2316551227050389627 0.22764319257701354227 0.24443912531120387532 0.70998758528470895524 0.88216109792156371938 3.7311078119256633201 3.872712445625542621 4.0247106378197239351 4.17305e-09 5.82105e-06
10841889.117043120787 5806 1.3292378274701368568 0.25225467234811566053 0.025577384411437691092 2.4997089969930641473 3.1006050490067371683 2.7141492946079450732 2.5939662946794319609 2.4626268292941522198 2.32886e-09 4.79253e-06
10841889.117043120787 5776 1.9261478807995098261 0.27653355015139091666 0.14262602319711861765 4.0865996842081457885 2.7082040322271176969 3.3140411336063406722 3.3702297776535599105 3.4329061968679104311 1.75506e-09 4.36128e-06
10841889.117043120787 5107 1.3411820510371716964 0.30558198963864907638 0.14317117477232024769 6.1514483509416830742 0.78868765160626741473 4.5241486649129747377 4.8383575870204751368 5.1415182797455312169 4.08288e-09 5.77882e-06
10841889.117043120787 5018 1.7039160807195234959 0.1071204351356105644 0.12639970099072153631 3.3509366555645185848 4.1356869491233556602 0.11672194047541886719 0.10484479725613037038 0.093634341683190319694 1.65949e-09 4.28064e-06
10841889.117043120787 5713 3.0778756320461160279 0.15954607673541984503 0.14648228727602671806 2.7671265218736498248 0.29926696988976253522 4.6177830820915595211 4.7785142803273608081 4.9377116721231306684 1.49134e-09 4.13088e-06
10841889.117043120787 5209 1.7062921896225604623 0.079647932547260921754 0.098180599127168768914 0.78194761875457408085 6.0544273060897415561 1.961500679994004237 1.8866349568307843043 1.8109267118417471387 4.75685e-09 6.08074e-06
10841889.117043120787 6615 1.4026010826613404259 0.035831128973143659688 0.06022593580689906273 2.2015529421294632861 5.592686157366195232 0.76802037591289296081 0.74343817413298673991 0.71918684534149102117 4.67657e-09 6.04634e-06
10841889.117043120787 6617 2.7537749496672749849 0.16123593277517894728 0.090158119743739745244 0.13790964922485987598 0.37371959114081937381 1.1049979908237579362 0.96531771237829644416 0.83274472592421855399 3.93262e-09 5.70704e-06
10841889.117043120787 5885 3.4806684018197056041 0.073747646283997048133 0.23382941981272439835 3.2337052439433255913 0.030579430598115114187 3.2925618344119129688 3.3040889998153599727 3.316020053970825554 2.25928e-09 4.74432e-06
10841889.117043120787 3982 1.3398795887104730795 0.024551020747040533387 0.19415856567783476572 0.93158750000773871136 3.594233110977964607 3.2937402774476929324 3.2975075360949297476 3.3013199155490164927 1.70782e-09 4.32179e-06
10841889.117043120787 1298 1.4600492369369806323 0.096719381506012072625 0.10476602262312796621 4.6901731957416563645 4.842869950606822016 2.8627634403028974219 2.8347783954802654449 2.8055668979292818221 2.27299e-09 4.75389e-06
10841889.117043120787 5047 1.8248132758140767073 0.1346762519586315876 0.082906637376803579698 5.0169782842555505908 1.9451173308474702939 0.82996596534652689048 0.73456374350955011554 0.64429517244019463007 2.89941e-09 5.15569e-06
10841889.117043120787 4963 1.5551116319428854862 0.1128416404568543252 0.13221925148172733455 2.0737939916192220657 5.666140496965561546 5.2814706473493107097 5.3739441234220048926 5.4629804422754357773 2.1769e-09 4.68593e-06
10841889.117043120787 5188 3.2028482992154310161 0.23746601966027819364 0.42330634294105973225 0.97014618945469954792 3.385565324333895898 4.9761777204608934611 5.2007253292628981001 5.4104350369237206309 2.40354e-09 4.84322e-06
10841889.117043120787 4858 1.1900352027684106826 0.12862680934492196072 0.10444754769930648941 0.072334853854018860142 5.4505568388531777657 3.4443029302887424592 3.4853313912983727718 3.5286798435752326775 4.88084e-09 6.13312e-06
10841889.117043120787 1267 1.4849635446871980449 0.29357125843350478922 0.17025335169855584927 1.3891514465785974597 1.9120108664403996368 1.8230770447102444543 1.523344460493948116 1.2301036542565697562 2.48068e-09 4.89449e-06
10841889.117043120787 693 1.2429386748227422288 0.29870526146163167702 0.25840250960498639676 5.8806023645307190506 6.103612169311610991 1.7242634198023247816 1.4173773960749487255 1.1221806126884144028 7.32683e-09 7.02245e-06
10841889.117043120787 5830 1.9228673768816877399 0.2865568830399756739 0.069556350510370928975 1.5272393623113107441 1.9826787734779591776 4.2189656037543805667 4.4941948103720239516 4.773957413525470983 2.51554e-09 4.91731e-06
10841889.117043120787 6023 1.6214350254834812848 0.20754344258949480873 0.10017296108675040334 1.2158082097655882325 1.962410188219975371 2.0834861292550188594 1.8913093671349048286 1.6943353010320023611 3.26695e-09 5.36493e-06
10841889.117043120787 696 0.94569702691654256022 0.061718175813255955753 0.075292428939435412927 5.0514111291236059031 5.4760740106918879277 0.17363996406613035894 0.16328204583931349436 0.15324929545434842759 2.31909e-08 1.03107e-05
10841889.117043120787 6155 2.0850093545525427707 0.075911944478593076924 0.074106881126519363878 0.35187598358464078352 0.030049745129398806875 5.4635329920271731297 5.5176796313238538616 5.5702791463727887589 3.03729e-09 5.23615e-06
10841889.117043120787 5191 1.8762713260659811265 0.077999670200988691082 0.11451869824780255835 4.2778232797255331121 4.9823604530861596018 2.0455050848297946509 1.9747907970107230202 1.9030702461163633288 2.79475e-09 5.09289e-06
10841889.117043120787 6978 1.7946654857058346177 0.26734550492376041309 0.18261500732691585136 1.619974804861298523 0.66984942032543748347 0.96949924837604695149 0.76176694122351062965 0.57724477653379224762 2.46129e-09 4.8817e-06
10841889.117043120787 5211 3.2269600745648503448 0.042314404499429858486 0.32361685806649748143 6.1488949816215185962 2.4582733169529995543 0.94861152705606188729 0.91463360527400627831 0.88110624768839440613 2.07199e-09 4.60942e-06
10841889.117043120787 5231 3.1672350615440247878 0.10629150015436764076 0.19121375801268991612 3.8876396201820346832 0.82349869148896825966 1.6689194126173163557 1.5623828237367134442 1.4560950855901562129 1.89135e-09 4.47137e-06
10841889.117043120787 6057 1.4378043329444742948 0.12033458876302452478 0.2131666410624745156 1.6589950327121858464 1.303062105887823785 3.6510908597275260057 3.7132549128606662237 3.7783596269047650118 2.11922e-09 4.64417e-06
10841889.117043120787 5989 2.6993435077173852932 0.22205186144991251318 0.15055916344543229801 6.2441815115266781078 2.3303710106760631149 0.47159072398504492396 0.37880319087582420279 0.29668646517792329753 1.60714e-09 4.23514e-06
10841889.117043120787 5869 1.5996921401657484552 0.22896221913765626987 0.17474524359509047144 1.408759238718286122 1.8872814584633299528 0.21211451935481853703 0.16824626464514255697 0.12990570878786072972 2.00715e-09 4.56082e-06
10841889.117043120787 5060 1.8613132441034119235 0.052766242045964854845 0.10295549508343403156 4.3000299576753757691 0.41172865977137068638 3.3676374128614110504 3.3797842639265569531 3.3922342308480897266 2.03606e-09 4.58262e-06
10841889.117043120787 6888 1.6995563398062807359 0.13171124317164276118 0.13867101560227473867 0.67608334158364591371 6.1023483299704377458 3.5453446580135241639 3.6006684603609828699 3.6590323190178146717 2.28028e-09 4.75897e-06
10841889.117043120787 5027 1.8259875407230792277 0.11271774053832619988 0.18489809460836928445 6.017097240005035097 1.9907626737574084519 4.0442255438596639294 4.1361446752736794608 4.230660186581001625 1.92434e-09 4.49722e-06
10841889.117043120787 6690 2.8273200114560674834 0.085800958232499377476 0.20207258896353974542 6.0508599653281835984 0.61849536354185308262 5.9584647415488189992 5.9848146725310726879 6.0100369987408015504 2.63564e-09 4.99435e-06
10841889.117043120787 6526 1.6295058665812869325 0.089945704809576795813 0.17788547856690503646 2.9781532087242883478 3.6753189301395359223 3.5946859312959831279 3.63579976837067953 3.6784640552331602237 1.74858e-09 4.35591e-06
10841889.117043120787 5245 1.589446344232436914 0.24697873625945157561 0.049302069751437874179 0.4921010350136643674 2.0620386569885384986 2.2341779597183708539 2.0207866285886106894 1.7983942993400059418 2.53784e-09 4.93179e-06
10841889.117043120787 6159 2.0269321170685947742 0.18764411202028258296 0.052332198737243693087 1.2243711276815576472 5.7737401176283551507 4.482079375285292322 4.6699228672631658554 4.8573978087560449879 4.4573e-09 5.95033e-06
10841889.117043120787 6127 3.0085837919597939738 0.30934311619019000394 0.19948040173800773989 2.6797073581882533411 4.8306656106251306682 2.5388865030555711755 2.332841529771104927 2.1090548276838338992 3.18976e-09 5.32234e-06
10841889.117043120787 4750 1.6492524562166448465 0.1348977135970965413 0.052522431873319973261 5.7087771832414455631 1.5801211813615934076 4.8671542263526745842 4.9994740698611330743 5.1288508690515746125 3.28876e-09 5.37685e-06
10841889.117043120787 1127 1.3111640626181706448 0.046322446487342579247 0.079196447633604671879 2.167330251819904241 1.3606662661719859386 4.8328282920068534878 4.8787040713638223366 4.9243873373723756615 1.29908e-08 8.49954e-06
10841889.117043120787 6775 1.6672045900789556061 0.10732731247126711671 0.056369246367530864705 4.2270484593370021287 1.8946769857505405543 3.948031488348649809 4.0286897881199195126 4.1118943616952865483 4.4281e-09 5.93731e-06
10841889.117043120787 6840 2.6797893239148145028 0.21317858113924789687 0.38236877661922874516 2.5879746662841167648 2.2519754210375912962 5.1850262788443375328 5.3675482528036972951 5.536588399678517014 3.2421e-09 5.3513e-06
10841889.117043120787 6263 3.4687621728769810758 0.10573099586479699219 0.2695772280727097292 1.8767373382358754075 1.6527637983355871754 2.6986763635484050106 2.6509582189045124423 2.6011392987181860548 3.1828e-09 5.31847e-06
10841889.117043120787 6103 3.3415828210256726116 0.060807463064630397354 0.15122189692815898865 6.1233024060568439495 3.9847085300522864237 3.5313517954290762901 3.5551466616543341281 3.5795831293258424388 3.07621e-09 5.25842e-06
10841889.117043120787 6054 1.8127847775124585894 0.11889033672293125576 0.034565059568577610749 2.218147913967402296 2.1689504381729274307 4.376044374106835555 4.4908083359340364993 4.6067919569267674618 1.03293e-08 7.87422e-06
10841889.117043120787 4670 1.0790733137376615769 0.23438196852034026696 0.11771590072348397937 4.1873478782861601744 4.4365851736565975472 4.5976643415466833531 4.8359176338239775461 5.0685136194597291137 5.11284e-09 6.2288e-06
10841889.117043120787 6657 1.794807476644451949 0.011132975616438195443 0.077781910244750729344 5.0047399409913957413 0.62533250034233878178 3.1394589914055508473 3.1394351037039984753 3.1394110837723641083 9.52311e-09 7.66378e-06
10841889.117043120787 5408 1.9250401931590990223 0.10959695726535442772 0.1410424915795948364 1.2341779279351310361 5.0286195273910312409 4.3707288502862313706 4.4761484814521512732 4.5827013560122642488 3.0092e-09 5.21996e-06
10841889.117043120787 6810 1.8005621301713270466 0.19643570084564268563 0.14320602768025100793 1.755786587024612766 1.2198281163140194394 0.50603060367580310341 0.41761297497348298657 0.3379426369942539754 2.57322e-09 4.95461e-06
10841889.117043120787 6641 1.9949630308018069247 0.06724197577324173003 0.079442454973276982466 1.451368852148419375 1.4441039562246238415 5.1282869588925121818 5.1890216642113786705 5.2487691753267791128 2.45986e-09 4.88075e-06
10841889.117043120787 6221 2.0270279741936363394 0.13486072788920172583 0.14856397050550185224 1.950367204997385695 1.1619224768790996638 1.3256787783781645018 1.1965541347476591483 1.0710278030713176189 2.14299e-09 4.66148e-06
10841889.117043120787 6725 1.6559843890041971992 0.10969107164248692587 0.14629396500158278749 5.7614155373173714381 2.0796514171100253243 3.5854219658594423947 3.635125585501008505 3.6870906520464754585 4.94994e-09 6.16193e-06
10841889.117043120787 5707 1.0260384614676079096 0.17832631205657323292 0.068345390187541738003 2.0003924889871766979 0.87741613033439247449 0.038318624341802477729 0.03199947811591110497 0.026294102997690686763 2.27392e-09 4.75454e-06
10841889.117043120787 4769 1.530776089292827935 0.13796741163293491095 0.053495406967050372626 1.550211882386330231 5.696306478299725029 3.1188013106527527896 3.1154067859088852011 3.1117944023916450647 3.36602e-08 1.16741e-05
10841889.117043120787 6914 1.8014847638461086721 0.25374576325146130928 0.153540758486071377 2.0373250682729411309 0.50479649025478623425 3.2898625644097090337 3.333536750342346977 3.3819432328185641268 4.41745e-09 5.93254e-06
10841889.117043120787 6913 1.9566223066830783495 0.024509408345650268712 0.11318070501153207341 1.8925294211354222185 3.7257023468728585058 1.9277383330605633027 1.9046725478527701814 1.8815165692050814794 4.44786e-09 5.94612e-06
10841889.117043120787 5534 3.2649097775956215095 0.14133056685256098484 0.095857777440816360759 2.6373082422021805193 0.072149469804458993272 2.1176727189551236563 1.9918593115237885893 1.8628732656626940667 2.18919e-09 4.69474e-06
10841889.117043120787 2174 1.3150315598387316562 0.21525405669024133548 0.20538225415957478415 0.60153785131067427638 2.2255170676679911779 1.8686780132152542855 1.6544118692059046616 1.439909854911479492 2.03153e-09 4.57921e-06
10841889.117043120787 733 1.7462205224013653826 0.12077897871943350794 0.084301832529549203255 2.2218716854966236163 4.752250399826029259 1.4469276699168449607 1.3276694710656646858 1.210442606246813213 2.10139e-08 9.97744e-06
10841889.117043120787 5309 1.3461426143064181282 0.27564293018135666014 0.15444628774525101522 0.57534153755392480889 5.9092290427566851463 0.16834902709040464042 0.12698886233864561945 0.092079283355063240579 2.20889e-09 4.70878e-06
10841889.117043120787 5934 2.0081835158772687322 0.33788324679036307874 0.16168385275269894774 1.9137690025859126486 2.6513971514247502981 4.3096065201060689276 4.6499936107070594105 4.9872193503414017357 2.95537e-09 5.18865e-06
10841889.117043120787 1475 1.0122953567248378359 0.12276531786077818365 0.12612704148484094047 0.040563680985295988424 4.3540487293175846872 0.32854377400967987866 0.29097689128742909581 0.25575697162286997743 3.50237e-08 1.18296e-05
10841889.117043120787 5323 2.7883840786257678701 0.14112576507704360784 0.039635365629494594131 2.9235498994202657741 2.3716093950394534495 2.6325014029873288202 2.5588430406954363328 2.4811784541146457705 2.25995e-09 4.74478e-06
10841889.117043120787 5796 1.6490028083144556703 0.21374263508666790923 0.14741651613841524893 1.229212262523196042 2.6939221142188318758 6.2629701039597946988 6.2669147517035614925 6.2703923096643734425 7.64873e-09 7.12382e-06
10841889.117043120787 6237 1.7846152244269948284 0.12687429879877396011 0.13654114300736991394 5.1347424135564505576 3.7990501636787152862 2.6152115632073487106 2.5475061048488187865 2.47648795632454366 1.89473e-09 4.47403e-06
10841889.117043120787 5200 2.0649033910242859946 0.092458744300701278807 0.099777535477205039904 5.9986077103191970394 1.3098242739791436939 2.3391998628049024411 2.2703880864944459006 2.1996474279184092815 2.18438e-09 4.6913e-06
10841889.117043120787 5979 1.7975586119200550606 0.3924777728792203102 0.26750000419029712484 1.5692206733021714093 6.1680368663701949927 0.45539818004517995664 0.30375169869538870548 0.18636071251341126964 3.8601e-09 5.67174e-06
10841889.117043120787 3020 1.4607159709253962898 0.14959897796884105703 0.062051061186064015995 2.3898798714653084474 1.6424633042615222056 0.88544879712335011757 0.77438187681641368343 0.66977115000843623349 1.84633e-08 9.55624e-06
10841889.117043120787 6021 0.93038311324503153443 0.20090744283459610608 0.17204333852637046509 1.6303018898403163206 2.0296989185029601366 4.1755319738353779968 4.3589867988450867742 4.5474782979214420919 2.07244e-09 4.60975e-06
10841889.117043120787 6618 1.9520274038532399175 0.023142333875366755819 0.21937196173301143354 1.8228738393429833042 5.0418409838959101776 5.3046934352639469878 5.3237723447140634647 5.3427225547203320843 1.98254e-09 4.54211e-06
10841889.117043120787 5741 1.6303461745584819642 0.18499097101490546979 0.063339077374967009404 1.6992072700489402326 0.48684014848304346668 4.1285369988414810649 4.2923014664019172315 4.4612080740915063259 4.83963e-09 6.11581e-06
10841889.117043120787 6184 1.6856845233492157021 0.057197020284332683593 0.057727549909787005677 4.3667875193444860571 6.0828773490122145517 5.222382220446644574 5.2716432894358478123 5.3201263995131018447 1.8099e-08 9.49296e-06
10841889.117043120787 5807 1.6858229144890131135 0.12555958217721546744 0.066693581717826286304 0.345524982522254831 1.0780203088343807138 3.2445952766700418834 3.2584234251373240809 3.2730592996792591265 4.88354e-09 6.13426e-06
10841889.117043120787 6935 3.4951116225410614469 0.014864973175673737785 0.44622905233221832333 5.2059758126809132506 4.8806692090189782718 1.3555798064060149422 1.3410802337195655287 1.3266057473326402505 2.603e-09 4.97365e-06
10841889.117043120787 4786 1.1018454431842099606 0.36463611426881942235 0.087427067832790569812 1.8087540617463095938 1.2483978093995315994 2.4854683270634581049 2.2161987579150674854 1.9249063679880753508 3.70633e-09 5.59541e-06
10841889.117043120787 5525 1.7990878837589869832 0.10173139579434940794 0.15422375096672860662 5.2458380152295847054 6.0150637729918043917 3.8384464954486015031 3.9065463371349324895 3.9769956935259331843 2.22151e-09 4.71773e-06
10841889.117043120787 6499 1.8081305571405665855 0.25444326253491700296 0.031536387352608996615 0.57065289782767858462 5.2375367823030316572 0.0070822606986104784388 0.0054599351380961343161 0.0040706983307519321175 2.00728e-09 4.56092e-06
10841889.117043120787 6270 1.7502210244032454511 0.016876192149619360233 0.113881344493849887 1.8099056714458201522 3.0045095621722484047 2.3641896834133797611 2.3522798671567874962 2.3402999745474462046 2.07589e-09 4.61231e-06
10841889.117043120787 753 1.7029228468029269372 0.17536585902228388201 0.037404524305269748474 0.578710596371624586 1.6530194269937723561 1.3212987559864100007 1.1540836069565238997 0.99372478176352796453 9.5243e-09 7.6641e-06
10841889.117043120787 5204 1.1696664658202235998 0.20010605619239002495 0.12032140383709177822 5.3239808018299683567 4.4551239603996179994 3.0073558592271307788 2.9772919198254514939 2.944562068639353658 5.21728e-09 6.27092e-06
10841889.117043120787 6739 3.1927715433822734248 0.059162179602645761922 0.19984900766156921126 0.58581214246773938292 2.989822642644727857 2.8906697102202540961 2.8755331428028023666 2.8599775334875476851 1.84353e-09 4.43337e-06
10841889.117043120787 6996 1.7283169947030132541 0.17241545344451872368 0.10752023561730714163 1.851584697224369469 1.6196061015741407552 2.5751961417811801702 2.4746931013934023724 2.3680450385105880073 9.30536e-09 7.60492e-06
10841889.117043120787 6207 2.9130408972537140677 0.047501490866630233234 0.19567712622791863519 4.9309947362504491508 5.0403776791773005073 0.30962648969527123421 0.29546524263963963586 0.28163352274136171927 2.10618e-09 4.63463e-06
10841889.117043120787 3539 0.91486939479199280711 0.14551484782222268155 0.10849580944509729097 6.050675963974152971 5.6225241910291607894 0.26144073030642311917 0.22612711930316009568 0.19350197311516004195 4.11193e-09 5.79249e-06
10841889.117043120787 6242 1.3263057146407226661 0.0679451630423143077 0.055297159142466072168 5.4069020573538857377 4.2638948210164127062 0.52183096742357459874 0.48889739806561355318 0.45698676604760612996 2.33848e-09 4.79912e-06
10841889.117043120787 5277 1.9917595639787692985 0.32939924464304681795 0.12383104075806335154 3.4198009604657997329 6.2611739085302904329 3.0928364454133059347 3.0729583659642960569 3.0503680291357735399 3.07432e-09 5.25735e-06
10841889.117043120787 6413 2.7307913219318211695 0.26741708053073387497 0.19297363455761729067 5.9528822705343467092 4.9187621123191220818 3.0856812091196963443 3.0680651989818863434 3.0484204137924546529 2.71272e-09 5.04257e-06
10841889.117043120787 5651 2.7600702632826386029 0.28352285408533506317 0.19695774350915826179 1.5310929417347751702 3.7261889975639017614 4.0513223799816202586 4.3007864885650386455 4.5606297626199703288 3.34796e-09 5.40892e-06
10841889.117043120787 5618 1.7284027114505127187 0.077236697039630930472 0.14865668541312807016 1.7143860633149814454 5.0769066239658764417 1.9974558200650467388 1.9259230846257719971 1.8535057704538413503 2.08811e-09 4.62134e-06
10841889.117043120787 4460 1.5740910284189753021 0.034322144378300084577 0.071852742999779117827 1.7712637470805405737 2.5579460061784757841 3.9161155641189231424 3.9404237613733035239 3.9650169927840583917 8.50531e-09 7.3804e-06
10841889.117043120787 4541 1.8161173084869868255 0.029581291616972774094 0.10968841979341646675 5.3071271163781235103 4.3301325317583687635 3.5883822191003145186 3.6013389643070832236 3.6144647979123853965 8.09289e-09 7.25913e-06
10841889.117043120787 2302 1.3177375881957054116 0.10281366248494830384 0.061134204939610761742 0.027528883867478360498 5.2658711283725505581 6.1528197657336543003 6.1655689574862977409 6.1776336638089492936 3.55428e-09 5.51782e-06
10841889.117043120787 5194 1.7246516883090454719 0.065778594465912235134 0.093770521630111236533 5.3943781974860733897 5.4400737932054834545 1.9994031980585202923 1.9386974200925697343 1.8773204470793449783 4.75382e-09 6.07945e-06
10841889.117043120787 5446 1.5475626296781319624 0.035959024557426437496 0.075647416367200612242 2.8053763497809089955 3.2632215921153693294 2.0741322191551012644 2.0423496334919533091 2.0103150423301707761 1.15731e-08 8.17837e-06
10841889.117043120787 6035 1.4511723602933259691 0.17748795382615864535 0.1671197565100847604 5.9076980032376491536 1.9985615950907307248 4.428032305779286304 4.6037230808232134649 4.7801641518887088012 1.02512e-08 7.85432e-06
10841889.117043120787 5242 1.377229145706962754 0.10064202311190253991 0.18922034042608870674 1.63649187977113586 2.4275252526580270995 1.4667339635404155196 1.36698754090261132 1.2684285276935243214 6.62026e-09 6.78904e-06
10841889.117043120787 5853 3.1240263580924501063 0.084039408545486499191 0.26214595161859766126 0.36357855351958451307 0.89157792458213680487 6.065260412937159451 6.0827432853310865468 6.0994757435377824351 2.34516e-09 4.80368e-06
10841889.117043120787 6435 1.8746309296794023691 0.37400245344314470008 0.50705620024470987595 5.1231713709376238697 5.5964683917805668756 5.3467501332889630916 5.6252783837967026415 5.8539666704470372238 2.19619e-09 4.69973e-06
10841889.117043120787 2364 1.5320037694784467419 0.1181006420765235293 0.21754639583595003494 1.2555453650085124373 2.6450633030009482738 3.1968139388262044598 3.2037665226729745704 3.2111045667541451287 5.09377e-09 6.22104e-06
10841889.117043120787 1936 1.7690311052332137187 0.23210549716606665438 0.10583916595539810679 6.1370771708175606562 2.5955022369569604734 0.43271259037072745679 0.34361723517619102708 0.2654220378538665881 1.41895e-08 8.75332e-06
10841889.117043120787 5146 2.7952838824665575679 0.1226407431436074974 0.1564808282689049701 5.2561685414208820788 4.5230324125694298942 2.8604156261798521221 2.8241124694118653338 2.7858272590168002836 2.55901e-09 4.94547e-06
10841889.117043120787 5990 3.1391900921488198328 0.043484239649035708042 0.15470674111513560423 1.3195333331647511876 1.1995259352885372373 5.6459234446777966099 5.6713625292454867832 5.6963381607819263408 2.30118e-09 4.77347e-06
10841889.117043120787 4781 1.4002147373918172324 0.21771584890304271354 0.12902784359795313462 5.5422784051282150131 3.3640736736788121597 2.1705966500433979682 1.9772435032625423901 1.777264698904039486 2.90062e-09 5.1564e-06
10841889.117043120787 6437 2.0258554574486784539 0.30391663171848987135 0.13409357401073537797 6.1402385553808995766 0.80686867861687761039 3.4468290814752751139 3.5565708244130305182 3.6791008788591130774 2.58679e-09 4.9633e-06
10841889.117043120787 6260 1.6360110890066015266 0.2446103257096564898 0.11855377677912402878 2.3161117105191628696 1.2705594225222376359 2.306017672414292452 2.1057281518481629767 1.895289060472445275 2.41332e-09 4.84978e-06
10841889.117043120787 6759 1.4375332521583239487 0.15602094717336442709 0.096338873712220565726 1.3908095133840658875 0.77502435321539453472 3.0582769929454984847 3.0441047267149903277 3.0289186492073474355 2.57453e-09 4.95545e-06
10841889.117043120787 5535 2.2483116222733974254 0.28043513078682719142 0.13603549695039476863 0.27638363633750701043 3.2186001128555852269 3.183013863669371446 3.1968408631715874435 3.2123265212658158596 2.07392e-09 4.61085e-06
10841889.117043120787 6894 1.3153766118676182284 0.19547891875630168945 0.12111333173084613823 4.5016835862814366109 0.32499713143377401137 1.3210855215845203059 1.1349178418159533432 0.95771630171482335925 1.64258e-09 4.26605e-06
10841889.117043120787 5536 2.7410963824221696861 0.24691528669157686293 0.21438160950206944233 4.839707150509865663 4.4796010638666023951 3.9720335119784184741 4.1736028646159830657 4.3855381937222679412 2.74594e-09 5.06307e-06
10841889.117043120787 5704 1.9036602583899551178 0.10088907177495377854 0.064807076301113458738 4.0029903479672332978 0.054351115516319332965 2.5829096365287678161 2.5269069873060572284 2.4687240826183631803 1.97064e-09 4.533e-06
10841889.117043120787 6765 1.8909252216972414207 0.26107832653034118708 0.086314536888353138311 4.639806620771238066 1.1494571463253089316 2.0804900331413986869 1.8337604769072335387 1.5816570550429764896 2.03075e-09 4.57863e-06
10841889.117043120787 5471 1.9357731507246977998 0.032454042158785771643 0.093596752261326895961 2.5688066920702157248 3.3361168560717513465 3.5950611182685783263 3.6094928525194398539 3.62413005302692115 2.7508e-09 5.06605e-06
10841889.117043120787 6432 1.751224147415365362 0.18318159165831096602 0.11831701246754604273 1.7299855306956259948 0.91105961488147757521 3.4567793265706168171 3.5195421943212772398 3.5871390413228212424 2.86603e-09 5.13583e-06
10841889.117043120787 6327 3.0390131982823085366 0.11514118781785757928 0.16205416263053912251 1.7957117749843578558 5.171121477487658602 2.836423352103750517 2.7996935361449373225 2.7610893566084619977 2.25041e-09 4.7381e-06
10841889.117043120787 5661 2.6302333042838386135 0.1391242380845328086 0.070493493319930003449 0.50839549543108042418 0.18245812054733204222 0.085541784325489228502 0.074375119289758873098 0.064037274544814393185 3.01386e-09 5.22265e-06
10841889.117043120787 5236 1.8560832510552374153 0.14145555830296915878 0.11027349898710557541 1.2036276679867865536 1.8213880456741402547 3.3708259507653943743 3.4055306670729423857 3.4424341880039168728 5.32813e-09 6.31502e-06
10841889.117043120787 6863 3.1250715182205519582 0.094358389911218989998 0.061723199516792899566 1.1468633338277691713 4.8944624363250976984 0.014257306411184054659 0.012969915604666162889 0.011746129562217235559 2.72515e-09 5.05026e-06
10841889.117043120787 5484 1.3655952418741137411 0.22726965184342007298 0.1050000363259304681 3.8376802969243466457 4.4250595976796791575 3.3650935170505378302 3.4225742008313924103 3.4855958108824691699 3.31273e-09 5.38988e-06
10841889.117043120787 793 1.4247519213870147858 0.11916875701954313116 0.10435909882666517812 4.6246262671666036326 0.44739971609963308241 0.73906870845560068695 0.66195754660390249136 0.58870902543477698909 1.51413e-08 8.94482e-06
10841889.117043120787 5606 1.279821322246151416 0.11833370460595883655 0.14984530346944829882 0.31521119787321072447 1.2094389752441507824 0.47161498055755612935 0.42038496751137133245 0.37209157065506154316 5.08172e-09 6.21613e-06
10841889.117043120787 6951 2.98740990144109686 0.081861511123547753277 0.06319180474321151042 1.0228030799397767048 2.838991175186118987 3.5627900637918981097 3.5976153308395417696 3.6336655616353157328 2.54062e-09 4.9336e-06
10841889.117043120787 5181 1.5111561444035277457 0.12621956924448238246 0.12833082091474581898 5.7064176770330776733 3.0251866486194964878 3.6100680360989141349 3.6706986232950358229 3.7344094356694972348 5.47157e-09 6.37119e-06
10841889.117043120787 5290 3.1754013573290209571 0.039982128950962717018 0.18141864011058786432 4.9585285276056794146 0.004010007793420034862 0.71098519984462804633 0.68527425598247182492 0.6599701512370090839 2.68653e-09 5.02629e-06
10841889.117043120787 5908 1.0882433159762163744 0.048540320530991588888 0.10229584777718130073 3.5805220880381214421 4.7676146747173602236 1.8071960351130174072 1.7597167447315649191 1.7120400753542055483 1.41972e-09 4.06366e-06
10841889.117043120787 5511 3.1816476906654203027 0.041322971200967811845 0.22910713922762865336 0.41367873453703774 3.9813375544406288675 1.8014879049636773889 1.7610568471458436512 1.7204795489516229168 2.90982e-09 5.16185e-06
10841889.117043120787 3318 1.6385140032723051196 0.21099679922986594449 0.0092572751324342481688 1.7957198353533447843 0.85033243798318347562 2.6846176070614560238 2.5805817909832695634 2.4683225507167603219 1.35718e-08 8.6244e-06
10841889.117043120787 6089 1.9891478538668514453 0.086548468429035130267 0.11668658614226991299 2.8651776322171462752 5.6781903703112899251 0.6907867107726254341 0.63733842807246643414 0.58583702687105443374 2.91473e-09 5.16475e-06
10841889.117043120787 5321 1.7041189590052192582 0.23638786813843695733 0.066071923802191886987 1.8014262625903354476 2.1208733818457057296 5.81299080198370266 5.9110592289255894372 5.9970091046675157997 3.33881e-09 5.40398e-06
10841889.117043120787 6639 1.7336144460126141631 0.097173725057005527761 0.032201316938441533477 4.6726338861708063277 4.7317294427748075591 3.1728666595243697479 3.1760682270879656564 3.1794176833883938116 2.07227e-09 4.60963e-06
10841889.117043120787 6707 1.7040240723591817407 0.19056249450857298822 0.030546656305436958867 3.10769505765079046 6.0990570299636104323 0.92303896619366598841 0.77833578583368900894 0.64454274770646624582 9.44992e-09 7.6441e-06
10841889.117043120787 6167 2.07515116197969407 0.21320972502327242837 0.19795436936526975003 2.5399021367254479564 1.6682439211125905665 5.4813354973222621069 5.6252770370667617428 5.7556469082757955036 5.7681e-09 6.48427e-06
10841889.117043120787 5328 1.9570775312417791891 0.44394197076836799942 0.34163395553870917754 1.934007672568675229 5.2313730839040299969 4.6206936399934885884 5.0885001055095715472 5.5014105649221507477 2.1043e-09 4.63325e-06
10841889.117043120787 5733 1.8299188858353205855 0.061003726347690842569 0.074395019770046658114 3.6499518713030303374 4.5209933793328005436 6.0995369051753485223 6.1103625948048518879 6.1208530209166633895 5.33623e-09 6.31822e-06
10841889.117043120787 5660 1.8147842526686754905 0.18683775918940329075 0.11107345012888962532 5.623174751229456092 3.2234070147752622582 2.6341881723955542505 2.5344558937765198081 2.4278615393916695986 2.91299e-09 5.16373e-06
10841889.117043120787 5634 1.2129820494356726712 0.26793315935805733785 0.08584476610092085791 0.95756902892313899844 4.1967300444512822821 2.9847610065778127364 2.9355026214095727433 2.8806743211685348349 1.63706e-09 4.26126e-06
10841889.117043120787 5938 1.3245840361726088918 0.078361997202997746292 0.19016907498160001699 5.3259667746739065564 5.7337580746852339075 2.1594515917930898752 2.0927493564904913192 2.024821486186010322 1.88863e-09 4.46923e-06
10841889.117043120787 5974 1.2137755446124238734 0.3905029661675664121 0.14402203436515292889 0.75893935616469676564 3.8298041610121402734 4.4875593838703800031 4.8969770691689147313 5.2808461462988898205 1.10219e-09 3.73481e-06
10841889.117043120787 5130 1.8802751634277663495 0.26984658607516126549 0.11384799326185296442 0.25652380357691101365 2.1520358802223582551 5.3613645557633784478 5.5629264227066759219 5.7409116398502515466 1.98119e-09 4.54108e-06
10841889.117043120787 5567 1.8878355058797915422 0.22674516024536531256 0.13668146752709944836 2.2667098843576689582 5.7932091027187997412 1.3548208166695663301 1.1366814392553588053 0.93096855180416626663 1.31986e-09 3.96606e-06
10841889.117043120787 5099 1.1984300850930278415 0.20851702412635164663 0.14051713951165548111 5.119653158218885558 6.1440844544967321283 0.35019033078714562057 0.28439875697296390644 0.22589296471923853149 1.59506e-09 4.22451e-06
10841889.117043120787 5186 1.3590752536645456239 0.13935617368217304013 0.24569609676122555753 0.48713350063460342243 1.5128393401480444425 2.5942621345096648078 2.5167885195221755268 2.4352737392384478099 1.92365e-09 4.49668e-06
10841889.117043120787 6503 1.8825509212660405112 0.13277586049466374996 0.13578228496739092046 5.7843678563090090705 0.50990811622604581554 6.0217086987502055351 6.0540955816236206033 6.0842478012319016756 2.13987e-09 4.65921e-06
10841889.117043120787 5303 1.2835864680506503532 0.4007437742950096804 0.10604696099071860005 0.77403078943623693231 4.5906369618871654126 1.2803359331972343771 0.90664199385920996033 0.59108098536278474988 1.73716e-09 4.3464e-06
10841889.117043120787 6928 3.1985974660384806079 0.077714658628090321768 0.2351798579814367296 0.92507412913023534529 1.9640096534650561821 1.4198792871117795755 1.3434164697879242834 1.2677021564865571523 2.08658e-09 4.62021e-06
10841889.117043120787 6704 1.1009439501483562207 0.046072668217908070709 0.11210725464172541233 4.2364209098401222064 3.9510897981074282193 5.3997621575242611414 5.4348741933502786594 5.4694362825812747886 2.12708e-09 4.64991e-06
10841889.117043120787 6110 1.4894102274362224225 0.20738281094821764405 0.10001088667880840555 1.9235839083520369641 2.6493737801621510819 1.4950034529296944985 1.288328758761741577 1.0891644069277286455 2.11495e-09 4.64106e-06
10841889.117043120787 5818 1.4856016694704430314 0.18395262631746042703 0.1002819672340757029 5.6373219743354345823 5.1826090807095122059 3.0841935009711574089 3.0724635033467144751 3.0597571405275285628 4.47796e-09 5.95951e-06
10841889.117043120787 6417 1.6784027303957684829 0.058561196257602844695 0.11611233124448343268 1.2500661196322218061 4.7367321104570390133 3.8072429109886418708 3.8442894104075833184 3.8821362194304205318 1.63097e-09 4.25597e-06
10841889.117043120787 6814 1.8537925776718291448 0.23697369921084390776 0.051330802286423629632 0.99616496959294142943 2.2500720660291597675 4.2253963434017833833 4.4495651384681931262 4.6784012014243137045 1.89305e-09 4.47271e-06
10841889.117043120787 5074 1.8534812043059878395 0.093127245353595344834 0.099243288334400825423 5.029184595530347579 4.0545919806653518691 3.2453746612697118579 3.25551377564675537 3.2661000031649818354 7.61828e-09 7.11436e-06
10841889.117043120787 5804 1.97041836031833828 0.17206538441312452248 0.028377002196631431752 4.83968944183105787 6.124474863909948219 2.2051697058389261308 2.0582428536730623669 1.9062176301171880333 2.60554e-09 4.97527e-06
10841889.117043120787 5185 3.5210639201163123069 0.02036975320794120678 0.21328037910845609737 3.8002022753703830205 4.1577340104576379076 1.5182751925876274424 1.4979429901815413118 1.4776272704074502329 2.64564e-09 5.00066e-06
10841889.117043120787 1465 1.5738899422856413857 0.30352277449022418976 0.1676482807303282252 1.0982015857907934109 2.5966311227126386285 3.6893905993257289921 3.8755148210033385503 4.0788104893289531816 4.65109e-09 6.03534e-06
10841889.117043120787 6582 1.6894210871592472145 0.1726483858570689589 0.045093094373263871433 5.5118664483387638242 5.573093811269298925 1.5150230373236936998 1.342605494792552312 1.1744326297120990521 1.86721e-09 4.45227e-06
10841889.117043120787 5739 1.8321844127341457842 0.22671252017283069491 0.075700844209509676741 0.66774641800177503281 1.42494180129717396 2.992250408997394473 2.953699271962548778 2.911351692626564347 4.86337e-09 6.1258e-06
10841889.117043120787 6719 1.2310936522416477956 0.11883147510619025689 0.15439850304228944222 3.8787096274014043473 4.5512576427213007335 4.7200728715538646796 4.8391278814198948055 4.9570062532585064119 2.09817e-09 4.62875e-06
10841889.117043120787 5548 3.2052475971185914183 0.079193774177915760015 0.33440353781368126196 5.2202569257894486654 1.4296480727947296074 2.0202035100815329827 1.9475406194378761526 1.8739009168667173366 2.11518e-09 4.64123e-06
10841889.117043120787 5914 3.2056049996726452278 0.035287321029503458669 0.13354007080731475354 1.8190535483705649877 0.13045792156856164667 4.6592102200845717519 4.6944880722254538341 4.7297697396270192982 2.63408e-09 4.99337e-06
10841889.117043120787 5262 1.5430310739726063041 0.19836297623749737928 0.15320333230597912855 2.5197254560601751727 2.2286770791414327597 3.6021815909719849813 3.6999351523343819714 3.8050241165126497123 5.08958e-09 6.21934e-06
10841889.117043120787 5490 1.0802470404957074113 0.085318471820845454001 0.16510040726092017893 0.30275446383818921392 4.4091499865555485727 3.1423413401913276033 3.1424081906480636484 3.1424777710158755539 5.31486e-09 6.30978e-06
10841889.117043120787 5459 2.9754109452911245981 0.22815115168948932323 0.18029105296624436949 2.98729348390334426 0.23218596952316869486 2.5821119628588276029 2.4462845235859869142 2.3001258606279679775 2.51526e-09 4.91712e-06
10841889.117043120787 6658 2.6937619666136791707 0.19475813694763405293 0.65007067744221003203 4.4964159424897269801 5.0710213267140629156 0.66314137875112566523 0.55091299301496632346 0.44896385476194727859 2.90725e-09 5.16033e-06
10841889.117043120787 6282 2.7969931786132939955 0.091241302240816377078 0.0485693774172743023 6.0698840565967282501 4.3070491993590849233 4.4982108502679212236 4.5883692634494419593 4.6789097783839546096 2.68214e-09 5.02355e-06
10841889.117043120787 5678 1.9705969802061233942 0.18550775056025975429 0.11929804531415219571 1.0100996364404501993 0.92666286726407032237 4.0260193788004166038 4.1795974159645723489 4.3393923975768453616 1.85255e-09 4.44058e-06
10841889.117043120787 5740 1.9191152226894496735 0.33277741780087022327 0.15450581670397511846 0.67338698286407272509 1.0400102172775858023 4.4038406265052740807 4.7447676985077311684 5.0773706927224706575 3.09097e-09 5.26682e-06
10841889.117043120787 5841 2.0698747356067426217 0.060918488725709263321 0.16139132399047445565 1.8769173653532804646 1.7468514769437770706 5.6743569359609091762 5.7083748786270405162 5.7414947802632223528 2.76225e-09 5.07307e-06
10841889.117043120787 6045 1.9423851999398780155 0.2222429105289729645 0.038602792674253913474 5.1881665378169374847 4.1958304099427339295 1.1200300337374531345 0.92751683198659584662 0.7496929566474223039 2.95219e-09 5.18678e-06
10841889.117043120787 6634 1.8622635852081015351 0.19447662739300042301 0.054214155816332057491 4.6721100942446014415 4.4505456190116241544 0.34610905713878553636 0.28514936533206086677 0.23044293673273175127 2.7181e-09 5.0459e-06
10841889.117043120787 5426 1.6930945668466326204 0.14698986923060591847 0.02648053119438347619 2.4854278200491295436 0.87927471701742487831 1.8965291959551828782 1.7533618843199261228 1.6088148184488608727 2.09851e-09 4.629e-06
10841889.117043120787 6484 3.1704533749824181932 0.090708828302725710846 0.24777801984902961263 1.8117464088798007626 4.3001814908943449822 5.2978491063105224157 5.3717176803800352758 5.4434142683426589571 1.88476e-09 4.46618e-06
10841889.117043120787 845 1.5511585560084775182 0.18254566038737982114 0.098062010317619810462 6.203715739952439634 2.2515331009323880096 0.24491676987360128104 0.20394397337514005852 0.16697242902166253842 4.26604e-09 5.86397e-06
10841889.117043120787 1239 1.6642644228129104267 0.28137471427963617332 0.18087528571971889235 0.18979188988466419441 3.0042090990301986153 2.9616975878056708282 2.9018789392919401848 2.8350736781668359754 4.29264e-09 5.87614e-06
10841889.117043120787 5831 1.8897001748278952071 0.048605792899780383975 0.09926258855276832993 4.1158392757874846524 6.2403454231226733739 3.637744041919216631 3.6614010745532654667 3.6855442461832828016 2.32205e-09 4.78785e-06
10841889.117043120787 6809 1.7232842333986062577 0.083723892197521188052 0.10608307570988313728 0.073187535910809967121 4.877869287047280622 0.18537630010727912389 0.17052969344971663501 0.15632138197330611162 1.72631e-09 4.33733e-06
10841889.117043120787 6960 2.9914914475069522837 0.18648144514337050559 0.11842034453667724114 5.7188828877392383632 4.9762996716461627145 3.4508009614215513494 3.5136642273188427588 3.5814588181406605827 2.28045e-09 4.75909e-06
10841889.117043120787 6832 1.6135714849820141925 0.18335973719139292415 0.10044283388474696539 2.0887394820694220599 0.45663389093411715924 4.3677613876049132813 4.5469468157327037616 4.7278028916596959164 7.86044e-09 7.18895e-06
10841889.117043120787 5310 3.4979462501983205058 0.10317941785586751124 0.38041876834894766679 0.48682375587183523979 3.7061459742738875889 2.6486555433549066052 2.5973726083272175025 2.5439513644103626255 2.51895e-09 4.91953e-06
10841889.117043120787 6897 1.9774840819357846211 0.37640371733566385659 0.24230954178134439525 2.1971600270738589344 3.4607634316922326612 0.83590929800044044828 0.58096382140798963345 0.37438221336270838258 2.6229e-09 4.98629e-06
10841889.117043120787 6528 1.5273292065760153413 0.09291520984288434426 0.1749112831612839869 2.1119539235856730208 1.0674724131332495869 2.5601171932776134454 2.5069143121897270454 2.4518231629788092008 2.31313e-09 4.78172e-06
10841889.117043120787 6807 1.6382090003630027653 0.19358088192679032136 0.19586276468545690821 1.8117743606677647605 1.6169904743507184097 5.4538693566682061586 5.5888645719556819813 5.7127299280865360132 2.57067e-09 4.95297e-06
10841889.117043120787 5962 2.8931564025766687287 0.17599757210108116223 0.20199889031682660701 5.3343743108144741072 5.7713848849189020029 5.2617387745547556932 5.4060748076839768572 5.5413983931922681236 2.88829e-09 5.14909e-06
10841889.117043120787 5949 1.5731657647675003631 0.029698959044705180998 0.12423255465758778482 0.29383998966330021618 2.140886495767562181 5.5156436328032878436 5.5360513566697990839 5.5562329548325664064 2.21075e-09 4.7101e-06
10841889.117043120787 6445 1.7579565396081007211 0.1171599293434072292 0.13357923258228837637 0.52697462841888753626 1.9214419258447321681 4.6552458767419659935 4.7728782823621296316 4.8898239355601376133 2.3322e-09 4.79482e-06
10841889.117043120787 6752 1.733688657717561199 0.16720835677850182099 0.15772898678846805631 0.97082032244007376853 3.7992944941835031791 1.9825451706014847186 1.8231821507488548129 1.6612710546402646994 2.54013e-09 4.93327e-06
10841889.117043120787 5538 1.896030613134104037 0.10768907148783450622 0.17216706627735836599 1.9277035443747640997 3.3693003205957809953 4.5493138566596238448 4.6567232748733031755 4.7642455429511780807 2.97954e-09 5.20275e-06
10841889.117043120787 6366 1.7480443292625498231 0.043921863808450138655 0.17916841470334954334 2.1199563290175698071 2.6769523789764906319 0.35950822444881513906 0.34436028263412477024 0.32953249921512622889 1.97281e-09 4.53467e-06
10841889.117043120787 5757 1.8308865289987545921 0.19470209614486830296 0.21201897417170367799 1.350744779356717773 2.9138991850276814155 3.5800323946931316144 3.6715759095563718084 3.7700014979103224633 2.94097e-09 5.18021e-06
10841889.117043120787 6267 1.8482328131859702136 0.090128140100738995955 0.11920171578871206763 0.14065536344358431364 3.2291868544420414544 4.9856321431265637756 5.0714938505959565873 5.1558728770541275566 1.78459e-09 4.38561e-06
10841889.117043120787 3487 0.97853606412384563917 0.085252934649417286272 0.16231043108511958306 6.0848797148131898993 1.9440592048240905587 4.3277506591452130635 4.4081644886482358459 4.4895025697958033106 7.96126e-09 7.21956e-06
10841889.117043120787 5489 3.2147937127616428299 0.075969536834583795137 0.31132476209037690529 0.93367890293459243622 1.3267280424017822149 2.8654750495268013211 2.8439469835435433609 2.8216673813392008086 1.80848e-09 4.40509e-06
