24640657.084188908339 0 5.3986102187960547383 0.051698073103304820197 0.014394435701242151715 0.11914585191966513278 5.9604453659974581115 0.73498004400213434728 0.70094597195093388819 0.66760376921748509904 0.000954961 0.000356051
24640657.084188908339 1 9.0174600387092027631 0.051605292679579632675 0.061616629370515339781 0.88242948337567606032 4.0396669738437580577 0.30326963143758456365 0.28821900016371865272 0.2735504465054169887 0.000285285 0.000238018
24640657.084188908339 6992 1.9351464659098296384 0.071860803400893652482 0.14503609981231505022 4.3288222445298671914 0.98610331099524517473 2.8492047873272672298 2.8277256936230008577 2.8055394623188267822 1.98059e-09 4.54062e-06
24640657.084188908339 6819 1.9739273613523979911 0.17561145333428224147 0.18548615615625854702 6.1821799193981963327 2.2881782178630638569 4.6755558931344936013 4.8525373675688427966 5.0264269995814272463 2.46721e-09 4.88561e-06
24640657.084188908339 6751 1.3554516331186863276 0.41877782318083711655 0.26741612715343182627 1.3790125186381205769 5.1898418582890775141 5.5032991991276789534 5.7687339216074011716 5.9747966148714155565 2.66624e-09 5.0136e-06
24640657.084188908339 4781 1.6316371339741184698 0.31140747982839250829 0.27210486970019126529 5.6732399869902527811 3.2412024546119271307 0.78645465494687349928 0.58400949962815007499 0.41230772377196800438 2.90062e-09 5.1564e-06
24640657.084188908339 6207 2.9122131628637260015 0.078978470360122829397 0.14927210769933338397 1.6267287312037299607 5.1905029771398654148 5.5058793822063520906 5.5598242219174638379 5.612100689524394781 2.10618e-09 4.63463e-06
24640657.084188908339 5588 2.7756012528152931296 0.29531920257517196848 0.15286010966489699259 4.6279480928526099959 1.7819591819949966993 4.0003440319199299324 4.252695074081000115 4.5173567015613365072 2.40685e-09 4.84544e-06
24640657.084188908339 6582 1.7302976653792858652 0.32452218447989117367 0.22262058400126441549 0.083935482523907853358 4.0692164491848608066 3.0318032662841316593 2.9880015558207513315 2.9383535769947179972 1.86721e-09 4.45227e-06
24640657.084188908339 5771 3.1070606122044504005 0.31677004898922989096 0.33308814479935966446 0.3297873462238180009 5.3958953268387404023 5.0230838697452311337 5.3158907368244587843 5.5767044077923113576 2.44735e-09 4.87246e-06
24640657.084188908339 3539 1.6071605463587619322 0.61730683293590471461 0.23568682261664047894 1.6562835031863107904 1.3222038044082251584 3.290728620099898194 3.4463675479839013249 3.631608026392278088 4.11193e-09 5.79249e-06
24640657.084188908339 6443 3.2045158663289146084 0.15607497443040835305 0.28328874678853621649 5.1103594318394414131 3.1096464931710392499 1.6749669243766309723 1.5178195134673526656 1.3619635033626942278 1.88164e-09 4.46371e-06
24640657.084188908339 5990 3.1237723285564484854 0.029564678773488430041 0.17424713802615326985 3.776615545279283559 4.4606438148499574226 1.0964681905906632498 1.0703396560649161007 1.0444006851098854849 2.30118e-09 4.77347e-06
24640657.084188908339 6883 2.1704663621514819205 0.2000492524879118883 0.062577405589325549307 0.68144846185749863299 4.3411199488995899642 1.0958332766813136949 0.92446962238342689222 0.76477001379266185133 1.23696e-08 8.36184e-06
24640657.084188908339 6035 1.2046331519275397248 0.2227221845454825655 0.052418187104052250957 3.5242138376215157436 0.10770516975735082432 1.5069617870505755963 1.2843973654563358711 1.0707472378373110722 1.02512e-08 7.85432e-06
24640657.084188908339 6367 2.0623731764774180242 0.59408503422480796186 0.23773261929790132085 2.9616592731904929359 4.2172342995585401226 3.5790958241344803525 3.9715276971815276497 4.4098956369122062071 1.45694e-09 4.09887e-06
24640657.084188908339 5467 2.9531892155882446538 0.19894047710197629297 0.1560111850421438684 6.1504177965258817196 0.64862814556207426531 5.89479955602048733 5.9643953259066728734 6.0267468002323489884 2.43648e-09 4.86524e-06
24640657.084188908339 2413 2.0008229447297933845 0.1779079486911585295 0.057485467018821595486 0.61138249845248426873 2.1931340692746164045 0.36688031064985404672 0.30753674442146355927 0.25368189616786013252 5.65036e-08 1.38742e-05
24640657.084188908339 5694 3.1298134323788988631 0.075627515192277477984 0.30742966685357575596 0.11674931812228020456 5.6571121527462571166 0.093925860281580328404 0.08708084174477302708 0.08050345422453468458 1.21025e-09 3.85309e-06
24640657.084188908339 5560 1.596041190543449062 0.15815324712713091371 0.055188265060703720066 4.3442181576817073818 3.0236789269691657367 0.12770757108302716043 0.10892092031190292456 0.091728764150154823431 4.37033e-09 5.91137e-06
24640657.084188908339 6484 3.1605636871352400519 0.074540344611807543562 0.22406136719259520107 2.4213484603817603258 1.6590475826132049519 5.0719949350741000416 5.1409314635227927326 5.208731302192323831 1.88476e-09 4.46618e-06
24640657.084188908339 923 1.7850871970027819557 0.089801137148314363889 0.088832241595008284984 0.24591598577897316735 4.3075881747708892888 4.1663447825732635721 4.2450419079862360405 4.3252133660182536801 2.53731e-09 4.93145e-06
24640657.084188908339 6888 1.6628493990988808537 0.45064439664842748101 0.23757423064132471291 1.6623574741771363072 1.1749436192323783335 3.6627836514343536933 3.9593886776071212097 4.2881970606783008648 2.28028e-09 4.75897e-06
24640657.084188908339 5448 1.9283520488213656829 0.086298497830698761568 0.093262130004981666498 2.5484890958264840854 2.4846664543692580374 0.6754086170483351026 0.62312873381907274428 0.57276676678181848157 2.56033e-09 4.94632e-06
24640657.084188908339 6528 1.8219265002862579106 0.24597220606893860362 0.23353780921635314272 2.3190369294713808479 4.1916776700005691225 3.4215115191830434149 3.4999034276128613286 3.586164106869910384 2.31313e-09 4.78172e-06
24640657.084188908339 6764 3.2841222683369717394 0.032733237664920006305 0.26696711044908882915 2.8539510089853683539 3.7525905105380990001 2.3960021861228231188 2.3735203520366243701 2.3507789341615423773 2.4069e-09 4.84547e-06
24640657.084188908339 5259 1.4984103562078030514 0.20161034074882230871 0.12234520012763115682 5.9356588175715732092 1.6435204078045573262 4.7566031117045000087 4.9585051087269258474 5.1540401228163377212 2.21606e-09 4.71387e-06
24640657.084188908339 6618 2.3412269895727502167 0.63718287058386635646 0.41339323287754520253 3.9824835358800316776 4.4212078874676992157 3.2116114878773323049 3.290117008765889306 3.3844066261081269253 1.98254e-09 4.54211e-06
24640657.084188908339 5328 1.9592064899815835322 0.410891973676989819 0.44560706575028402598 5.5528496739232027224 2.2084794833486798282 1.9114733664405669789 1.4816953640377701351 1.0724333434872372894 2.1043e-09 4.63325e-06
24640657.084188908339 6498 3.2184300713305642461 0.071854081409785358625 0.14003082700974095465 0.47686662347674196871 0.39815103109578259266 3.3231604772824074878 3.3366284210958161438 3.3505538587976095855 2.50157e-09 4.90818e-06
24640657.084188908339 5668 1.3149171510220152292 0.28029231502421603217 0.17618749755323032113 5.8709201638947154933 2.0611686439888585731 4.8299512712825176664 5.1075199599569014453 5.366214674225906478 5.17696e-09 6.25473e-06
24640657.084188908339 6300 3.2563068794333642764 0.082113078104287681724 0.25378401434624164867 4.8365176299790810788 2.5189275855919706082 5.693314799174613583 5.7375485311684419898 5.7801621402777083603 3.26125e-09 5.36181e-06
24640657.084188908339 5204 1.7259990460436478443 0.62281337325094843216 0.40462350323137385999 0.063851698760570368973 5.662494930547889993 3.2413861330419200257 3.3480226787193876348 3.4756788880061098013 5.21728e-09 6.27092e-06
24640657.084188908339 4755 1.8460431907075287583 0.081066735038552481529 0.048851030729083887161 0.56602662304761719447 4.7691185212902791335 2.13701906400654984 2.0669942449808367257 1.9957042368601711768 2.39615e-07 2.24572e-05
24640657.084188908339 3800 1.7423284291780434252 0.27068176396718129917 0.064178547656913068065 4.3425158800428507178 5.6235891078957571665 3.3077846464829621098 3.360585855708691394 3.4193906517854508742 1.79108e-08 9.45995e-06
24640657.084188908339 5861 1.0347680974876702908 0.14706427105030994706 0.13044822171045272752 4.9842504158934026748 2.751012944257841486 1.3861807535098291666 1.2430167030903174208 1.1037822061320536893 1.95257e-09 4.51911e-06
24640657.084188908339 6719 1.5160466072596212594 0.18710940968506711846 0.0900852516743239351 4.1317179771495755602 0.10785217656692661081 5.5315722543484229234 5.6520110184711054302 5.7624230104852811607 2.09817e-09 4.62875e-06
24640657.084188908339 6923 2.2849079389762740888 0.34527168428316090676 0.20325801334903889628 5.048148112567770518 2.714814355038309035 2.8930991927038745004 2.7873050222870690007 2.6675225660976713549 1.67707e-09 4.2957e-06
24640657.084188908339 5480 1.4754565132072219313 0.51479003368842779498 0.10364449479569262658 2.2761358525459427504 5.4916976668949386564 2.4584279615330579816 2.0198496386017441573 1.556096673636138128 1.6026e-09 4.23115e-06
24640657.084188908339 5093 2.0895977465303068321 0.10579617428809300061 0.13373678606812761105 4.2522311773810788083 4.5815031501065854869 2.2686209915026549488 2.1845083458769907203 2.0980182932694413367 2.98948e-09 5.20853e-06
24640657.084188908339 6676 1.9947752179133853012 0.15787868940574334431 0.30643900916548932889 0.77484240395686521108 5.4154145095207750771 1.1671243907269841511 1.0256763006066977884 0.89067974943930328102 2.23147e-09 4.72477e-06
24640657.084188908339 6526 1.2885669333248519486 0.22794503630387194515 0.13313024455463734474 4.4275554866652093722 4.917674595433768836 3.2441260753299778763 3.2708354670429091726 3.3002137774103075252 1.74858e-09 4.35591e-06
24640657.084188908339 6951 2.9955553378532839837 0.049403522190363126365 0.063054974220892581749 1.8128444242337913295 3.9314218461801071491 2.3577521749417922337 2.3222336890479207128 2.286134122787480738 2.54062e-09 4.9336e-06
24640657.084188908339 6202 2.1272979846781261415 0.67962307737007043862 0.24523693019907658042 2.1739669969290438267 4.1907419593290118343 2.8640815704091600047 2.5226205165773438743 2.1283043636628704576 4.75227e-09 6.07879e-06
24640657.084188908339 6083 1.9831128907814175033 0.14013437512523038708 0.14590039322385681131 4.7786778804986242974 2.4095330476933631836 6.1325921419479776375 6.1523442070878031629 6.1706272726803002016 4.91269e-09 6.14644e-06
24640657.084188908339 5773 2.0474856059005746012 0.12032993134284233894 0.22958106342070896955 2.2097066089189154603 3.4891840145550121477 4.2106736297231623922 4.3196177082646025625 4.4307847444469690146 2.82024e-09 5.10833e-06
24640657.084188908339 5027 1.4672067573578806421 0.3928522102150255324 0.074358412476815488601 2.8116948482148647059 1.1517351220095923825 2.1898442605502932423 1.815988285503956412 1.4348859917108343076 1.92434e-09 4.49722e-06
24640657.084188908339 5146 2.7824130886135076679 0.03593675404924717709 0.16347775605564809909 4.1345873396196353156 1.0933608184144119058 3.7821075567179431864 3.8039038665174169651 3.8260028518960935706 2.55901e-09 4.94547e-06
24640657.084188908339 5492 1.9415967990627869266 0.015448261402345881896 0.040260045905929492394 5.5697216222297658561 6.1975351883320222157 6.1478846228847796596 6.1499527063777250646 6.1520048346294649022 4.51271e-09 5.97488e-06
24640657.084188908339 5047 1.7036627064429807898 0.18872501358043713982 0.35337464851519395648 5.8346750181359157139 0.87777627611273978392 6.0947964097543652073 6.127407257656910744 6.1566877122098313535 5.4862e-09 6.37687e-06
24640657.084188908339 6657 2.3103255393471848755 0.21181375497128393515 0.041693339924285144349 2.0259833902552779605 3.1672818235040844925 4.7018831586470817285 4.9155405465713863933 5.1229984770961038976 9.52311e-09 7.66378e-06
24640657.084188908339 6413 2.7184853924310194984 0.23600083528842957792 0.1441231135114626194 3.5453626092323244912 3.6832734937250357632 2.1050768211514858663 1.8865583592923780287 1.6622254023135614176 2.71272e-09 5.04257e-06
24640657.084188908339 5928 1.6687469532710605957 0.28808345730113316119 0.16396109261132105206 2.742842513249774683 4.4826999218789476132 1.8614028328344189855 1.5691067553802671153 1.2810237092679823689 1.85148e-09 4.43973e-06
24640657.084188908339 5018 1.5372160545668791531 0.1377863848660655921 0.2845184985886107798 5.5955302746362489685 2.5011178750784091029 1.2824248931754036462 1.1524408191280073321 1.0265373712498850889 1.65949e-09 4.28064e-06
24640657.084188908339 6615 1.8294699153176281481 0.36455741805797198252 0.25185271525795227543 5.9845405751898992364 5.9137455977500854587 2.9020267869031752817 2.792433875284219269 2.6677160609569967598 4.67657e-09 6.04634e-06
24640657.084188908339 5423 2.2465413913330931628 0.5047102799935637707 0.60063258017400511513 1.3717016269427593222 2.4549259798668141563 2.6964624701155868181 2.3901405919968556901 2.0455746323265429076 2.52578e-09 4.92397e-06
24640657.084188908339 5021 2.755126965435580555 0.62750181224663592605 0.24490208495198959038 0.034607076169619124806 0.2954306370114114233 6.0996034609759588463 6.1951670637033364741 6.2503273834607391279 2.06176e-09 4.60182e-06
24640657.084188908339 57 1.6886218889836306367 0.11178401796841425098 0.0175757082456494719 5.389511442640151806 2.6024750307335673405 3.6257134905639003541 3.6806161396669088148 3.7379946728871362716 2.40925e-08 1.04427e-05
24640657.084188908339 1124 2.0565263291371498333 0.26855569290141534378 0.1406894339365413471 2.6013454303069867279 5.2044150213771098734 3.2340797028568530891 3.2633283619653843388 3.2959404903058024949 1.32419e-08 8.55396e-06
24640657.084188908339 5020 1.6785127360645990535 0.25762359702474774137 0.080317932642696404644 2.5955482925648767356 0.5691153538467995654 2.3787502641854176844 2.1794008286851713763 1.9680344102709530496 4.40916e-09 5.92883e-06
24640657.084188908339 6161 1.866183546105502522 0.30731417945782540935 0.05102729382205602876 2.0881144633583357262 0.24803156597268569139 4.3654747308262633609 4.6758841435291893518 4.9829935818088531008 2.19638e-09 4.69987e-06
24640657.084188908339 61 1.7681806311622780825 0.033174296687564032438 0.06415789834690657778 1.0333540878456364265 6.1919888954983166585 6.1628653429114930162 6.1667837964775769066 6.1706366204366513983 2.32681e-07 2.22384e-05
24640657.084188908339 6451 1.5651523255714410165 0.17874007005543152138 0.15947538962536123019 2.5292974470191422753 5.3750253124366924595 4.8919263784599964495 5.0659730276653611725 5.2336558294998107854 2.57122e-09 4.95332e-06
24640657.084188908339 6876 3.0504013951549220351 0.20045765691900868655 0.12448945113602691293 2.2274335002464278332 4.7912603114986840325 5.912127363752420095 5.9792018295832489727 6.0392034997004602204 5.7202e-09 6.46627e-06
24640657.084188908339 5132 1.5661605994383427376 0.11038315112546170926 0.20123180653814182195 3.5840040952077982794 5.1343515658118779044 2.9078222801061417435 2.8807157396590561405 2.8522448459812110855 4.5221e-09 5.97902e-06
24640657.084188908339 5470 1.6965272953238188514 0.15501500100973406027 0.23073077942540196061 1.9857759629007316615 2.5441254649957407707 2.6951245495628941562 2.6227217385003638306 2.5458498026322495811 2.3944e-09 4.83707e-06
24640657.084188908339 6270 1.8722887771266967238 0.37743246477406527939 0.042316780978644906452 5.7476263907731341973 1.2195877573760396384 2.5022285235427390582 2.2264945814558632087 1.9273331604741583689 2.07589e-09 4.61231e-06
24640657.084188908339 2778 2.0133518422733107656 0.23365991587268777896 0.047917230105072615431 2.6874957845881821683 2.1678775682948270287 3.4354215056281161011 3.5127814619214046132 3.5975354125223262258 1.15158e-08 8.16485e-06
24640657.084188908339 5605 1.6650426271126781419 0.39366676169594427837 0.26602396692293212022 3.1489642871240874911 2.7972308564558026056 3.4047329056087169974 3.5375963659923588267 3.689447185168247767 2.44051e-09 4.86793e-06
24640657.084188908339 5518 1.8392800937164437425 0.40465096143983780852 0.12980440118875616329 2.5199024830702039246 1.1615576306845241117 3.9097136610477654095 4.2526699690798324127 4.6153089373305222765 1.73658e-09 4.34592e-06
24640657.084188908339 5490 1.6341761111484720548 0.38551250631813605008 0.19754362020138774292 1.9949133365687448105 1.6777917850758192753 2.875350171401432231 2.7447221420594969388 2.5957084546695670113 5.31486e-09 6.30978e-06
24640657.084188908339 5374 1.9474177482381509474 0.61094844242282331237 0.39150262085766907028 5.4061701294594426415 0.94409249067115896814 4.1798552841538363367 4.8626039603830681912 5.4666724689439503138 1.21754e-09 3.8608e-06
24640657.084188908339 2768 1.4140370138727771376 0.07613503996778379912 0.065718206524846820016 1.2073365196627099394 3.7232755819315572765 4.5001057172136551543 4.5752080753875139507 4.6506278606278712573 6.30548e-07 3.10044e-05
24640657.084188908339 5194 1.921420215640122553 0.16785969076508705511 0.14357683628462644676 2.9251493131306611772 1.8302533470311534991 3.967951440497786475 4.0996524067430826221 4.2369746020760628014 4.75382e-09 6.07945e-06
24640657.084188908339 4105 1.0966299021267609248 0.1288974971808198311 0.12682687920952659399 0.62039881337843594267 4.2227172162597526039 2.1950483513691345649 2.0860019319010163485 1.9738364337035940732 1.26705e-08 8.4291e-06
24640657.084188908339 6324 1.083658992070125171 0.12437283864492063024 0.16667602052080573993 1.4220676425857246006 4.2997604689922779286 3.5162830164332339322 3.5647879960512951492 3.6158649357229393217 3.61321e-09 5.54815e-06
24640657.084188908339 5952 1.9495077855699698421 0.43711621942231720928 0.49157817525907515632 0.75527114570569298113 0.45333405379491198417 4.2678303309289571388 4.7210795168882260242 5.1581792297203712394 3.30338e-09 5.3848e-06
24640657.084188908339 6639 1.3678975178881691566 0.24772921378622375643 0.23918681502415209406 5.857668723194440652 0.56087486921754781122 0.78778194047187177773 0.62432011829502975786 0.47951105209898564619 2.07227e-09 4.60963e-06
24640657.084188908339 5312 2.99636472215645977 0.021140988589605891335 0.172997179956274727 4.2680110136122078046 4.652543453139091234 1.2176407610755164423 1.197875165807876563 1.1781872601028822167 2.46345e-09 4.88312e-06
24640657.084188908339 5514 1.9942617342079669296 0.16787516212261363591 0.10631474470510079988 5.8812095128291730362 0.21700605521368496187 5.7379501316349923457 5.8196794109578968701 5.8947341865793472238 2.23079e-09 4.72428e-06
24640657.084188908339 6734 1.9429904930539936281 0.22620166405050706748 0.15672769756649607142 0.4227019204286114884 3.2807715911542141285 3.4983552463976801405 3.5879589914135374684 3.6856081572384864486 1.24231e-08 8.37387e-06
24640657.084188908339 6073 3.2395586927756170326 0.026520900509156855596 0.23323657248474860548 4.7208063068540280227 3.7652623127201696462 5.8313820986995237305 5.8428261788147768385 5.8541310934857175852 2.87152e-09 5.1391e-06
24640657.084188908339 5949 1.0392100600606952732 0.20766399506269006547 0.18838076641040241155 1.3976833752595156923 6.1359284587995617244 5.3612920123226714963 5.518269013083645369 5.6620714728553576123 2.21075e-09 4.7101e-06
24640657.084188908339 6028 1.6253348569643533139 0.18088942420834591696 0.19527515115251675715 1.1912467871589871304 1.8467601641612920726 4.958627490213440403 5.1312429763610643008 5.2964955292921098717 2.1303e-09 4.65226e-06
24640657.084188908339 5806 1.4154322358095954293 0.52941649343094832059 0.12689691494859470233 3.0299648083308188262 0.12780069402716445759 3.6481866702410203906 4.0148424546534702273 4.4205980845505994381 2.32886e-09 4.79253e-06
24640657.084188908339 6521 3.0216997955385278551 0.098383361258603016508 0.1537723560449857918 1.7094550238237999906 3.9854100339031952593 0.77618584344892649352 0.70946783733519358517 0.64537795379675855223 2.953e-09 5.18726e-06
24640657.084188908339 2010 1.8427130144355676755 0.24707166104144770435 0.2242236222564428505 0.48069951818074457828 0.052331497104480241556 6.1739181985743680769 6.1982493141185557306 6.2192093683782054825 1.54172e-08 8.99881e-06
24640657.084188908339 5455 2.1554083942610757774 0.088377142818759718557 0.05261757313833569788 3.7753282163324008991 1.8031472589254391448 1.7103770325005283048 1.6222015169667420853 1.5339411164531280285 6.22928e-09 6.65267e-06
24640657.084188908339 6780 1.6438501522097976881 0.2732671318111919434 0.031712338377752224972 4.2008580679260392188 3.0118380401625688414 2.0148141777195762714 1.7488278189694603793 1.4798798907492431987 3.2776e-09 5.37076e-06
24640657.084188908339 5170 1.2500264553644195864 0.34296810023881302287 0.12775284895903751825 1.1514484791263761565 2.5755394193169340866 1.9264271562413248784 1.5767170757724451313 1.2337549869354837995 2.19546e-09 4.69921e-06
24640657.084188908339 5540 1.7688955145660447688 0.23226045204683926082 0.23372156874054184073 1.229460598403040672 2.1146749718377297889 0.96614520937607928364 0.78506527694999650446 0.62088701632498333183 2.31531e-09 4.78321e-06
24640657.084188908339 733 2.0808453386354792691 0.074803056037257259492 0.15706843976951997965 2.2541543684030007633 5.7023927486239944784 1.7472281741365547347 1.6730291017587541891 1.5986166089545479352 4.51209e-08 1.28719e-05
24640657.084188908339 5469 1.2720483385549226085 0.33778981652833850458 0.072781578928376625126 4.6621457335761746776 0.378035768904394609 3.0046680558037341946 2.9472861484418331202 2.8820636176795026984 2.51139e-09 4.9146e-06
24640657.084188908339 93 0.95346430677418769761 0.065669362475683834557 0.038827336491877813274 0.95124734976645097806 5.7301639775601262983 2.6640972898708716876 2.6329799358410386212 2.6010011868051727824 9.6366e-07 3.57129e-05
24640657.084188908339 5525 1.7593762816038835961 0.41169172218707894562 0.10388577546951444086 0.38041192395053263775 0.98881368244366329989 4.6757632347595006195 5.1030665371041479261 5.4837378019625262482 2.22151e-09 4.71773e-06
24640657.084188908339 5178 1.7905702359026891557 0.31333427086913218096 0.22380798851214292466 0.34117681554498652252 4.1056672526521467148 2.211459964052188365 1.9282943076413590067 1.6347705051073462279 9.33283e-09 7.61239e-06
24640657.084188908339 3770 1.6514649226709701146 0.29622645795498619981 0.10820951298254827266 5.8891720859404124155 3.120119699532237334 2.991027963492798758 2.9375792786644474575 2.8775634739546478436 1.55823e-09 4.19174e-06
24640657.084188908339 5688 1.4458719784323204038 0.19223455723121044003 0.28061214244268822826 6.0494651337390044077 4.7456209528489736726 4.5553187103383319112 4.7493168945903549982 4.9414203943850507628 3.26046e-09 5.36138e-06
24640657.084188908339 6053 1.1156870197348058849 0.098018219171918094523 0.20931190382642328451 6.0945628137414828984 1.55937209164148749 4.9941166649393293753 5.0871590217296391856 5.1783739751770543336 5.31336e-09 6.30918e-06
24640657.084188908339 5181 1.3972364334955125198 0.22956451615535491961 0.110638004994145972 4.2845411246408939832 4.6792417340018657157 1.7165124577465089573 1.483412596040634357 1.2547239900346380814 5.47157e-09 6.37119e-06
24640657.084188908339 5623 1.4521512592697238819 0.18841638787596698412 0.12878659723205235221 2.1361128734074319446 5.8874318963664125093 3.5826566242943260754 3.6713935123820156115 3.7666119028071611829 2.3084e-09 4.77845e-06
24640657.084188908339 5316 3.4992305464997492948 0.091608078639622683714 0.20825316847349414906 4.2143201924945046244 0.72699538690581622102 1.7196189782008761693 1.6282740876338424041 1.5368172898222178802 2.96988e-09 5.19713e-06
24640657.084188908339 6874 3.2702088312219181887 0.10565121893825162036 0.28605367770302125852 6.0841963815947472938 6.1316306452236712943 3.4054861617020453224 3.4346090839330085664 3.4651255294692044906 2.61974e-09 4.98428e-06
24640657.084188908339 1959 1.7434370315838050303 0.34842214066116028448 0.074632156867662780009 1.1564313625427147247 0.54739696855208430648 1.8198676937842546142 1.4590700395873654749 1.1128202732925414065 2.04943e-08 9.89451e-06
24640657.084188908339 3953 1.4950592951375256678 0.14424994806215707399 0.41462478628454663143 3.6130479121509360141 1.995768428794407523 3.5262147962361423126 3.584526735501441852 3.646351144341119177 1.87457e-09 4.45811e-06
24640657.084188908339 6642 1.623964797152357864 0.32091920139076351992 0.13853251404149630188 4.4363498135359122898 3.4724758202115477701 3.6471949112799739723 3.83321190961479763 4.0378894240697098539 1.26355e-09 3.90884e-06
24640657.084188908339 4189 1.160890632530673372 0.023483214100676889219 0.037546874888225639788 1.0204591026247891161 1.0588481882300759818 3.0343510506090920487 3.0318074538153774178 3.0292345202456805175 1.29246e-06 3.93842e-05
24640657.084188908339 5324 1.8239154611056689337 0.018750200889445716584 0.31065730496140642192 5.9823324581064660777 1.6035239238603613554 1.4771022844042338562 1.4584495854156009909 1.4398175906683980951 4.64884e-09 6.03437e-06
24640657.084188908339 5380 3.3569794791891678365 0.029338069345941249211 0.22063999414355514594 4.480044946719957899 2.3442931730707563531 6.2459464683736083401 6.2470231797867858958 6.2480838755741068269 2.14422e-09 4.66237e-06
24640657.084188908339 5451 3.2558096073173654617 0.091406889336736601992 0.042315258219882030677 1.9997888007839772495 4.0631476785378062289 0.3039107185620910645 0.27764870374647976359 0.25259451772774543787 2.58702e-09 4.96345e-06
24640657.084188908339 5538 1.9742695158066247973 0.032618744229355789432 0.16926376815261406916 0.76175797495845853913 3.4246377291561507228 2.2475095027962397332 2.2218108696227201193 2.1958636566754052843 2.97954e-09 5.20275e-06
24640657.084188908339 6532 1.8191314756546135278 0.034970264191600319847 0.11731185581126575557 3.6533914855208822203 0.22570882479568324386 4.2111181200052572038 4.2420530221010785965 4.2732260781675632799 5.62757e-09 6.43118e-06
24640657.084188908339 5245 1.9487603694100295026 0.51858635905741334859 0.18100469624908752109 5.4805767762476351734 5.1805060802649576246 4.1911885514001543385 4.7402508363739297437 5.2586359235599227091 2.53784e-09 4.93179e-06
24640657.084188908339 3751 1.5920023592919494426 0.066898355568795100923 0.019707544915792539475 5.0788190682134635168 3.4490348971103239606 0.96638455301570036493 0.9123187008441107082 0.85940713844200666838 2.30157e-08 1.02847e-05
24640657.084188908339 6233 3.0921071427784325714 0.08303800623984343432 0.20702883094364338268 2.2945109239747192298 0.43239240847103888044 3.4298294938951014998 3.4544556702616660004 3.4800134341071449207 2.38928e-09 4.83362e-06
24640657.084188908339 5382 1.9410927548314769187 0.37978756079221931419 0.32212697541971246906 3.3419533685150497604 4.2807970739793823611 0.11450761089598132658 0.076817424880087345485 0.047671806515831707807 2.55203e-09 4.94097e-06
24640657.084188908339 5567 2.0586052926250992812 0.26584023786205518425 0.11010225827728377379 5.0216093294811283698 3.1558373908556460741 0.94278398030321164391 0.74055527937983645081 0.56119343872452343014 1.31986e-09 3.96606e-06
24640657.084188908339 117 1.3380475723882188088 0.11431104365361177688 0.18226355919689851692 1.5476005452513803551 1.825288254045910552 1.0751754727796147826 0.97704550759746788824 0.88229902433907747561 1.39228e-08 8.69812e-06
24640657.084188908339 5708 3.1519648957723194194 0.14913519308413622499 0.21148782321677389584 3.7277782519415350038 0.43573875628495800649 2.8689241031223278178 2.8253989492291582408 2.7790251789934781179 1.65544e-09 4.27716e-06
24640657.084188908339 6956 3.4960261723074212981 0.059382758542458086159 0.40822645905844673342 3.7150406134626332566 0.0359364934315547363 0.25572676281674822096 0.24111313802159697883 0.22693350249795482543 2.20649e-09 4.70707e-06
24640657.084188908339 2850 1.7566905156979264468 0.30001621081411433689 0.41324329891933525571 1.3739991630036978432 4.1060872317475549664 2.428319032015564094 2.2019619000517960394 1.9597467319439623168 2.86233e-09 5.13362e-06
24640657.084188908339 5235 1.7813856735016040389 0.28536240990568756404 0.14262501281601822067 2.3485311194684128644 1.6240647331929889408 2.7061258802933481071 2.5647178949406685966 2.4090792056321332915 1.69779e-09 4.31332e-06
24640657.084188908339 6722 1.7724163327709205884 0.24838349986094465649 0.31540361386141740896 0.6249709478364871007 0.49961812740493732887 1.7892778886914491032 1.5373540457723755548 1.2891094273014287452 1.78527e-09 4.38616e-06
24640657.084188908339 5002 1.291658452628092757 0.28428293070584365054 0.24158007350378435385 1.1434814975310927387 0.12966085089727433233 4.1198649161013696229 4.3804085299608317428 4.649169253748495656 2.79003e-09 5.09002e-06
24640657.084188908339 6473 2.0513043994123436597 0.15380860443339383625 0.19375183607281068476 3.6695424472476858568 1.584798289775575908 4.2222049535564831757 4.3636378912709528066 4.508187252929493738 5.43469e-09 6.35685e-06
24640657.084188908339 5815 1.4853103112845122968 0.24543537510012639058 0.19490367552458973122 5.2793272279751004561 3.712274543378883962 3.0577470305732430411 3.0339145494813299919 3.0075375742754157926 2.67562e-09 5.01947e-06
24640657.084188908339 6211 1.6555885132870269416 0.11435157182191105218 0.071430006918280955497 5.6287714889939923779 0.74140790602540207477 4.2021749246736419536 4.3050856604725051824 4.4100824056381568994 2.33777e-09 4.79863e-06
24640657.084188908339 2174 1.2148517870996553558 0.12322808569910410903 0.27068905345493476933 5.2598714716586121298 5.5244879847960861596 5.7121297866811948651 5.7756633477486367667 5.8355538060091260988 2.03153e-09 4.57921e-06
24640657.084188908339 6536 1.8878636839043463347 0.25146989937511249336 0.12056710476896320694 1.9144542266619311022 1.6449328720102620593 3.3277636238752932307 3.3818508888445042437 3.4416890195272209496 2.77887e-09 5.08323e-06
24640657.084188908339 5873 1.7365610513789411229 0.095017140183354442673 0.124475548964832608 5.7155657037243221552 1.362464622306031492 1.1882920483967636116 1.1015389045147574443 1.0167927042773567958 6.23622e-09 6.65514e-06
24640657.084188908339 5741 1.8313784679300029179 0.28707318806363352204 0.17092116086378339457 3.2262362737736620666 0.99923121377642598606 3.472767937357559731 3.5833539425631757425 3.7060870123141378407 4.83963e-09 6.11581e-06
24640657.084188908339 5780 1.7537250160322062076 0.12398376234729069356 0.12356760580502205993 5.8698694949532548293 4.4400390670603053778 2.0625561934341787307 1.9496394246344994627 1.8344469624712753664 1.95079e-09 4.51773e-06
24640657.084188908339 3982 1.5432564274628481904 0.26088783343347426991 0.149231492053966186 1.3519521034793950953 3.3402357294885720584 3.2565588794758575375 3.2916358129574456726 3.3306335368535333608 1.70782e-09 4.32179e-06
24640657.084188908339 6155 2.212065553639416926 0.36958768760659693742 0.3534202457100812933 1.9843832728983223923 2.0917254560998124191 4.6395548393510548379 5.0223498985909351688 5.3743250665589696879 3.03729e-09 5.23615e-06
24640657.084188908339 5782 1.9949819032056026469 0.2568262829643470635 0.1122797154429215627 3.6691468572159333661 0.62036357725227742055 2.7347235708540722499 2.6174013315074931008 2.4888564195222002695 5.0598e-09 6.20718e-06
24640657.084188908339 6417 1.9223190093394066924 0.27771156925159362627 0.1117020408725096503 3.4047405998352680001 3.7729357603031243862 5.6794310092040358739 5.8232184161856332949 5.9464997025874195558 1.63097e-09 4.25597e-06
24640657.084188908339 6237 1.1032712645366731241 0.25897501271300199521 0.14906178575325040869 4.4782107344966766149 3.2724711953651008933 0.66523212003225629108 0.5181459675052018099 0.38988333013601467192 1.89473e-09 4.47403e-06
24640657.084188908339 5750 1.5352628933830618774 0.23835057341306389866 0.1303537853215202269 6.237906054221930674 1.8118721614742983039 5.6592462155756546593 5.7877320139094194928 5.9010511429484937551 1.52873e-08 8.97346e-06
24640657.084188908339 5661 2.6984645954741162122 0.16888229862982520602 0.078362278587826156295 2.5836105375876918799 1.4671924307367580909 2.1189733469294607104 1.9673515562893855169 1.8115750334977882563 3.01386e-09 5.22265e-06
24640657.084188908339 6303 1.3802156002116729994 0.52721145673971814283 0.34243186526356367283 1.7880141764044397146 5.4905708274220712539 1.4707456247095591628 0.93262892800237073843 0.50917857412656930549 1.48051e-09 4.12085e-06
24640657.084188908339 6335 3.1129239166861011334 0.11253945305175515335 0.24636870416232756198 5.8038004965839604665 1.088728153435792656 1.953548389795510376 1.8466659913114709113 1.7383818036472129531 2.80706e-09 5.10036e-06
24640657.084188908339 6290 1.3670801088480335483 0.14078396457161773681 0.14912013785368705143 1.9766451853110518222 3.3624016234176994367 4.0982083710431549406 4.2186081970398046082 4.3425751259682563443 4.66797e-09 6.04263e-06
24640657.084188908339 5215 3.0486887411621821364 0.081784668136639038227 0.27617614529041967231 5.7833215601879794932 1.6225248590167733465 5.5536749028604592837 5.6066459141351216999 5.6578511632381180974 2.09099e-09 4.62347e-06
24640657.084188908339 6358 1.7851826633566101332 0.22091184417688158881 0.16211630823890968434 0.58364718845105156841 5.6894437131819088904 6.0475451847788939119 6.094635032949246245 6.1360416577541041505 2.40091e-09 4.84145e-06
24640657.084188908339 3761 1.4255675272694960931 0.071278530132494896665 0.17960138921598123307 0.11818951778688943643 3.0454653462290144361 1.5071364838203755721 1.4361029614293110424 1.3654700326866895388 4.38307e-09 5.91711e-06
24640657.084188908339 5048 1.9649978602823723328 0.28643404610996714421 0.16762070893669048233 0.25039928532501898317 4.9916198592605747208 3.4363372089923935881 3.5350774449689050805 3.6448988978116099169 1.54672e-09 4.18139e-06
24640657.084188908339 5673 1.8773868978168877231 0.33904049087911897198 0.13321292667256859343 4.8162286655621269205 0.38896518204201069313 0.16811036285955394121 0.11825052274545463926 0.078252177149093216091 2.67237e-09 5.01744e-06
24640657.084188908339 3324 1.6222940331215167653 0.069347089826004001956 0.10291888596043824444 0.09152732840708513451 1.3120698389832798902 2.460999133595811017 2.416105660787993159 2.3700938751595796994 1.99813e-08 9.81126e-06
24640657.084188908339 5034 2.7859648253894424563 0.12506021805761100008 0.15104779523170400179 4.9791549062652826763 5.9503492075364707858 2.9138962943123618565 2.8837108288516910548 2.851816347090118331 2.20492e-09 4.70595e-06
24640657.084188908339 6957 1.4648228075742277809 0.21191787204810716427 0.20930295031088955171 2.2722319004039501777 4.8541085726969512848 2.7312543437459644302 2.6364963705398145599 2.5339510706339072321 6.68595e-09 6.81142e-06
24640657.084188908339 4112 1.8740037525296098231 0.13390513745570400972 0.11530497665474195856 5.9771028875652945089 0.22147347601038089304 2.2973217372751704168 2.1921715909060233152 2.0832961878119742316 1.99037e-08 9.79854e-06
24640657.084188908339 5344 1.7796035252559005979 0.12940823238195939271 0.10543861168185937605 3.6101858418138839113 0.93026636317524469266 4.4012574160516146904 4.5273162840299141507 4.6545145959537537195 5.14004e-09 6.23982e-06
24640657.084188908339 6577 1.9716048191339117235 0.36531844120302109369 0.26027719581533270699 5.5500283583954033162 0.062892076966593574161 0.21219285347530053576 0.14496529944323446881 0.092192094009789796183 1.63583e-09 4.2602e-06
24640657.084188908339 5446 1.5157191902015123564 0.2838586770258803571 0.12337188697917796099 0.48825564827727302442 2.8454658301468951365 3.6655476133214754952 3.8309715658643277436 4.0115221618947387583 1.5065e-08 8.92976e-06
24640657.084188908339 5123 1.5235993947682184846 0.4983023392644336802 0.16904798395464729066 2.9778979298783050389 2.5970823379575791456 0.88877502591542423271 0.53771499983779635912 0.28249710552632723015 2.85229e-09 5.12761e-06
24640657.084188908339 5200 2.0652215003997436149 0.31919322921661080761 0.096622795268628408616 0.92437783585560684418 4.1792529395023905181 3.7099896271775540946 3.9139822621476452191 4.1367308661223027855 2.18438e-09 4.6913e-06
24640657.084188908339 5511 3.1563732452872019785 0.084726313141516851335 0.18541984962208932219 6.2827559233154142149 1.3510450034605534508 1.8291258005820445476 1.7462114059401658839 1.6627852870901265181 2.90982e-09 5.16185e-06
24640657.084188908339 5957 3.1959676084477117719 0.066763711685389789952 0.0781818962074639634 1.579119230590280587 4.7887934345271663261 1.2846942016492841621 1.2211932710526529622 1.1584681797315063978 3.45473e-09 5.46581e-06
24640657.084188908339 5962 2.9063346085929313567 0.079494323956050119695 0.18284445311974836801 3.100417454067392331 0.85727461290704065622 5.5076629592576438199 5.5618502710746131612 5.6143473505465149032 2.88829e-09 5.14909e-06
24640657.084188908339 6826 2.2129868593979140634 0.32324647063579181605 0.0523314462493992133 5.9093436562714076743 3.4810199187967807433 5.6931108076584573396 5.8551659297700417994 5.9893357349688027824 2.5665e-09 4.95029e-06
24640657.084188908339 6891 1.6092342636396184119 0.17736081381746321428 0.12429641211213300622 2.2354206247555654663 1.3093625024942032731 4.3776795807316091214 4.5512079596384351632 4.7262699000610490785 4.39964e-09 5.92455e-06
24640657.084188908339 1399 1.4220759369861928345 0.17643259853768314405 0.12954199949631919897 2.4394836155081551787 2.2167146998924791568 6.2573976874781900293 6.2616086319537309635 6.265415165458461999 4.64728e-09 6.03369e-06
24640657.084188908339 6752 1.8268368515142521247 0.16288383739743442225 0.051819179765330472542 6.0166251053142829619 3.3880548775038716869 4.9614805822593579521 5.1169361630564935695 5.2666721346124045766 4.12549e-09 5.79885e-06
24640657.084188908339 5597 1.7491551197623103064 0.46735994006333292372 0.38847002106034611568 2.9664750171468110551 3.1115688052098535721 1.4110475456565931829 0.94827908947743477786 0.56858966937983645984 2.41109e-09 4.84828e-06
24640657.084188908339 6928 3.1814892881202614383 0.073126522574059826809 0.22287591731276215623 3.9774824434976276955 4.9748040942188662683 1.5489392444710499142 1.4758233107190015243 1.4030263363281567646 2.08658e-09 4.62021e-06
24640657.084188908339 5187 0.96210800525657091953 0.11027655854641621458 0.046613562997975338531 0.21434967921110489875 1.4435538002776633348 4.7903707780432949193 4.9000652690113284393 5.0084054193864524507 7.38199e-09 7.04003e-06
24640657.084188908339 5640 1.6825045701116347896 0.25348551158885629375 0.17174634973350830225 2.7194672451344925612 4.434058388021959729 1.1553938342640106551 0.93220090978502800905 0.72866883056068587621 5.24602e-09 6.28242e-06
24640657.084188908339 5842 2.0550481546358225771 0.3372716859146209778 0.73201055787564583976 4.6664493214009796773 3.3384752094625964602 3.8704926624967406212 4.1348147811576785315 4.4173774867353428064 2.75394e-09 5.06798e-06
24640657.084188908339 1444 1.7811790175300696859 0.13892774094443205435 0.22933044876672939449 1.4369042409183296893 1.4663220555016336366 1.3940306853035524526 1.2584757871560408038 1.126268938843443479 1.28603e-08 8.47099e-06
24640657.084188908339 3487 1.6429102115542104645 0.37224985417188494186 0.08450001795147968342 1.0610949793206014835 2.9995621429301895233 3.5330781859757127705 3.7119335470387224696 3.9129183219723548959 7.96126e-09 7.21956e-06
24640657.084188908339 6404 3.0956542369269475223 0.10069479798424728345 0.25171280289959291343 3.7769826910287607191 5.4600752909628491594 5.1902563216841040017 5.2778092264988121229 5.3628322405134678519 2.07676e-09 4.61295e-06
24640657.084188908339 5424 3.0556799167910928539 0.10988906088845214193 0.2779773234703217244 3.7632026381388401504 3.3210549689986645916 0.26950004187486908958 0.24163539189851818145 0.21533994773858608496 1.80053e-09 4.39863e-06
24640657.084188908339 172 1.8220004892199512803 0.17943542467097753357 0.13423814777111797714 4.3081576476657872377 3.0119831917710833125 2.3630658074447001837 2.2274939193940030968 2.0853787875147293818 2.7327e-09 5.05492e-06
24640657.084188908339 5929 3.2111243721312123789 0.12111546932102387752 0.21390358714656462769 5.7281503802285431703 4.972236740829057311 1.4642248762264111761 1.3442721309470500035 1.2262508085609549191 3.18574e-09 5.32011e-06
24640657.084188908339 1642 1.6130618841758483928 0.07527060692256742902 0.052243077714136818002 3.2063851877451354788 2.4754108894532516061 5.3096558806288030041 5.3706711365931845137 5.4302135214826492415 6.44407e-08 1.44956e-05
24640657.084188908339 6775 1.941082477129297823 0.2880377180668059478 0.1825186701489945329 0.22142643854030250039 0.41969708658153703773 1.4921899043220174796 1.2041833414906162325 0.9352866537327620966 6.39874e-09 6.71246e-06
24640657.084188908339 6061 1.9774550304359312936 0.23020920703923561379 0.1111550583491875549 0.12939781768431624087 5.5298358352420970974 3.5079287865682085013 3.6016604970878769443 3.7038754332489980392 4.03777e-09 5.75746e-06
24640657.084188908339 6759 1.0633141571343820431 0.44871979182676124953 0.5476336195755661107 0.8969813777620314621 5.1081041544833984958 3.6431044233612679406 3.9287367158774162412 4.2465830008300855525 4.8924e-09 6.13796e-06
24640657.084188908339 1810 2.0671801376639540315 0.61821862540605976299 0.39890322029086705546 5.3409537687220929314 1.5737077887240764618 5.4797623480988644218 5.876214855840165896 6.1209237413545212192 7.36354e-09 7.03416e-06
24640657.084188908339 5072 3.1071707292032031411 0.11044634476025873282 0.22979370076032687442 3.2726889131230412211 3.6882978041321088369 2.2933972730414042829 2.2071920742462705078 2.1183663760823030486 2.73643e-09 5.05722e-06
24640657.084188908339 4722 1.0327092527250838483 0.11057600763119093679 0.10911343485577496004 3.9670789890267537103 3.1581114992780507933 0.5489943103390720891 0.49374356318688816803 0.44133875672668526624 1.70563e-09 4.31995e-06
24640657.084188908339 3337 1.5405429826492655909 0.54271092541300758327 0.25612508283862495118 3.027039113656218916 0.53175328607268224079 2.9309379961758139643 2.758011774314031328 2.5549057271603072827 1.23471e-09 3.87886e-06
24640657.084188908339 6756 3.2002753423767518193 0.072634581821864996343 0.311337645028849197 5.7312620891949919155 0.21586647818353113526 1.0522533553922073235 0.99022198754801304954 0.92948874463608066598 2.22448e-09 4.71983e-06
24640657.084188908339 5182 1.9044920912906400101 0.17700590983586800276 0.13743662673272652452 1.5641870905079158227 0.36588041745054611376 2.190854542184454079 2.0380128035151234833 1.8799774220323828278 9.37786e-09 7.62462e-06
24640657.084188908339 5372 1.9246813720141398019 0.24834785447042259654 0.1322654353040487174 3.0187105883349931723 1.9862425657251607802 0.90950066188634892672 0.72522638357642232876 0.56049604134683495005 1.39548e-08 8.70479e-06
24640657.084188908339 5855 2.0080557016497104783 0.23857894661037354345 0.13308335627101416931 5.8062231614038726235 3.5290875893855098155 2.2913191816883911045 2.0942625209402367936 1.8876312786118014664 1.88487e-08 9.62226e-06
24640657.084188908339 6156 2.0155290833265375738 0.17773931957588234853 0.029390421835686509483 3.5466428015997495393 1.0173343844888469434 3.773418019504664489 3.8873587823951263331 4.0079610931137761298 2.69058e-09 5.02881e-06
24640657.084188908339 1410 1.9534681879281312611 0.058713627842768845166 0.16521190972146521103 1.7187878371661848842 4.118341179594839474 2.2595584006331321802 2.2133352568307009811 2.1663304805009713228 1.96181e-08 9.75145e-06
24640657.084188908339 6507 1.792179568182760141 0.48548048089969847441 0.42452600077808488876 2.0972721696619380793 2.6007520665150751782 4.4103569160901399115 4.9339519706212833228 5.4075649620808086127 1.72019e-09 4.33221e-06
24640657.084188908339 6653 2.0061274802962771879 0.30318675694978974855 0.24457261112507680534 2.7836527290340993268 5.4198775515724886276 3.1257709669678988007 3.1199560032930535591 3.1133965692802569869 2.19009e-09 4.69538e-06
24640657.084188908339 6914 1.9482680981499591599 0.13950484847024813284 0.15020433476041725185 2.1032495349872717405 1.3334649714002939636 0.74613665157926156724 0.65569463064332533797 0.57063713342851363208 4.41745e-09 5.93254e-06
24640657.084188908339 6633 1.1527359707809887723 0.2236847522957630674 0.21406825789403682858 3.1254410532394167888 3.6706871382784225233 1.4173511648096448479 1.1981504646034064621 0.9898178010960345663 3.02269e-09 5.22775e-06
24640657.084188908339 6942 2.8234494735906441321 0.14294633375633195027 0.16508474171894216287 2.6460471518719947959 2.5344714187785140069 3.7752902699735368941 3.8655366567083802032 3.9602163975404702789 1.34834e-09 3.99439e-06
24640657.084188908339 6832 1.7690676676977248327 0.23267535322844293266 0.18643040461563314958 2.0566978893366516523 3.1758518859751254659 2.2120461735657062086 2.0093425547649719221 1.7986852874752654596 7.86044e-09 7.18895e-06
24640657.084188908339 4502 1.2783401322884007101 0.25183449197606777581 0.086580706099764190298 5.9751848113999193046 0.60932786081600553985 2.5499311544200011781 2.3905436420842387513 2.2186902901527041365 4.58456e-09 6.00643e-06
24640657.084188908339 5426 1.8278894885707857032 0.17921475704348607816 0.032091853659519227471 5.6634515005020729106 3.4813381115734065574 1.1449528683432843579 0.98666247618671631958 0.83716330721005005611 2.09851e-09 4.629e-06
24640657.084188908339 196 0.882293959196836175 0.1407081024843750694 0.17641061030073082461 5.6128834095052422271 0.63851894981780832339 2.3941002924868435286 2.2927976098244529091 2.1871983445304579163 5.83048e-09 6.50756e-06
24640657.084188908339 6690 2.8628789761504105371 0.051229784755569732213 0.068266726154346507593 2.3840130078370145306 0.48281172402068073257 3.0017844668340694092 2.9944547348776873186 2.9869440600556544929 2.63564e-09 4.99435e-06
24640657.084188908339 5386 1.8258410252045085276 0.47571249988421565602 0.1137776824938594028 5.8027870995125256925 5.4891143969971718519 2.6839621073961907882 2.3966171167613654625 2.0741060065937428902 2.3788e-09 4.82654e-06
24640657.084188908339 5291 2.2338230410025254891 0.27678190204888925008 0.35360415803928174627 4.449932937051638504 2.0273132699570761694 3.6551869807285917169 3.8129947837333606486 3.9851764861601242096 2.6037e-09 4.97409e-06
24640657.084188908339 6457 1.9203347955981748818 0.29255280296768054749 0.44335100208832128876 6.2121985631175720144 3.1931282112052250532 2.1728035589111511783 1.9050906151535540456 1.6287329237261913839 1.33039e-08 8.56728e-06
24640657.084188908339 5100 1.5346039517282363818 0.23912622102660652246 0.15223693810239974367 5.6161481836854498795 3.0897541560549242057 1.1659388740235041571 0.95387900387766200172 0.75883194012218369018 3.86655e-09 5.6749e-06
24640657.084188908339 6055 3.2365479326794970305 0.11870015594479192689 0.10111716974554106618 5.1533515023874834071 0.75106869295461842206 2.2044904766379134209 2.1050699289301029182 2.0029119751259005788 3.0525e-09 5.24488e-06
24640657.084188908339 5142 1.6778746230337464596 0.27389957663485531292 0.097487851648431725349 5.9317735799788708917 1.9902150808410801197 2.8634224460119774847 2.7749116711702894733 2.6767134592568768703 1.02472e-08 7.8533e-06
24640657.084188908339 5984 1.6657911660625255301 0.45524429000465266304 0.29419174969455785806 0.16968078223757951384 4.2745196517217944887 3.5786784462496812331 3.8379945998518341099 4.1300163213454501587 1.83318e-09 4.42505e-06
24640657.084188908339 6291 1.8149942228824795798 0.25592656082765963266 0.17743338532162117316 0.39356270265018572507 5.7355891263834681837 1.5106612736039812805 1.254300598056035998 1.0110854196294367657 4.97801e-09 6.17355e-06
24640657.084188908339 6390 3.2341696918118221227 0.12491146621389130622 0.30498527560728622143 6.1745780999966255465 0.64461055473654160775 3.8666478096912895168 3.953851589670720923 4.0445176853032283049 2.74624e-09 5.06325e-06
24640657.084188908339 5954 1.7697238693245520569 0.25654104468069754974 0.07106962091716149954 2.8344324925771440249 3.8317210074228769123 6.2591602354656465934 6.2647048214635931984 6.2694455547154923636 1.68237e-09 4.30022e-06
24640657.084188908339 6542 2.3430464129280985652 0.47891261983647398504 0.14654495930802660664 4.0354726490441628073 6.0154383147252747932 2.8852904587346088761 2.7140609887064273131 2.5154914113929933706 2.35942e-09 4.8134e-06
24640657.084188908339 6732 1.6816648731620977841 0.07211917623696431634 0.056257480008405365279 4.3136435894705282834 5.0046264698870119858 2.8934833819283034551 2.8751071885459698052 2.8561151378992404304 3.70815e-09 5.59632e-06
24640657.084188908339 6286 1.4209498898742607409 0.13488782789366918213 0.12009361164711550296 1.3576077059148017323 4.0100375554940237421 5.138316880375470852 5.2582129769766634553 5.3735015799780398993 2.66284e-09 5.01147e-06
24640657.084188908339 5405 3.1987050220017922975 0.031324900366286857756 0.16820790613883787601 1.9415966252808645187 3.1804180240073876007 3.3092358970526190021 3.3145460361653169556 3.3199368139462190896 2.93677e-09 5.17774e-06
24640657.084188908339 5098 3.1784163027262888335 0.03466555249086077789 0.10365175237014212506 3.3888344703860195928 0.84659311083955746113 2.8618175015643085857 2.8520799037936814813 2.8421833986037658981 1.90652e-09 4.4833e-06
24640657.084188908339 5298 0.97270138073060063988 0.12321162853234712831 0.061433826061532921525 0.61118365990166478863 5.6952933528362041926 2.0027433139559565056 1.8875627164774912981 1.7704811573333505414 2.48769e-09 4.89909e-06
24640657.084188908339 5368 1.8752893934032415224 0.48450217032084091917 0.26791129396201956991 0.098062509319637516936 0.76185708301749321958 4.9525804478260369024 5.4169960065380973191 5.7861218113035048916 2.65835e-09 5.00865e-06
24640657.084188908339 5796 1.5995365186940002644 0.20530102165299099481 0.21774295714101915555 1.5035067396414465435 1.5410899331883143315 4.0534719252137385581 4.2282253340608413339 4.4099299913755229952 7.64873e-09 7.12382e-06
24640657.084188908339 5895 2.0978943343220599616 0.21437212985376394303 0.21179725700525717236 0.49754226640206739019 0.31270657203456170281 2.0891034317916159502 1.8906540168174896799 1.687154803996891328 5.57854e-09 6.41245e-06
24640657.084188908339 6730 1.9403308793546159006 0.21474315528677970222 0.073872116766164494517 5.057222220660761991 1.6434858683182382855 1.7926282151186561098 1.5763317210587086681 1.3615918556919797133 2.57888e-09 4.95824e-06
24640657.084188908339 5564 1.8407489381654638105 0.13080164370302282961 0.13789221244222038543 5.0171062023109573857 0.30385497540200850919 3.9532146275175059635 4.0529376949566238153 4.1563139668843840369 5.64605e-09 6.43821e-06
24640657.084188908339 5131 3.5231211115424123648 0.049711712624537898741 0.25319282932998798952 1.4167422898586787827 1.935072118073442704 4.407909934761732984 4.4557117954665708126 4.503794896345432619 2.25296e-09 4.73989e-06
24640657.084188908339 6295 3.2616868343938234531 0.023172383433480849696 0.25801498813529233356 5.364786407502441179 1.798483441870473154 3.6408087672706375137 3.652017663169707884 3.6633384877071866192 2.30061e-09 4.77307e-06
24640657.084188908339 6725 1.3630010975608028989 0.030861357284936920264 0.25664394175431853862 3.2197856301117226963 0.49545373143765203405 2.9270771629172598338 2.9204054264578349631 2.9136348125078788129 4.94994e-09 6.16193e-06
24640657.084188908339 5278 3.1505588712588115108 0.083495530845893159433 0.30878796635590194386 5.6079108960220125368 0.95987305936511824189 3.173271000069583625 3.1760357475378051539 3.1789110233695181407 3.13887e-09 5.29389e-06
24640657.084188908339 5669 1.6631452923093035245 0.24816538762735596002 0.14845445004876151041 2.1361019115991917161 6.2818415816639951998 4.7094621920176278351 4.9603386563645743834 5.2009145615287009079 5.45549e-09 6.36495e-06
24640657.084188908339 5748 1.7645688576237763545 0.12510603098637809727 0.34726978078171172326 0.94573249449824992041 0.93497882427248679704 6.2200253714754927259 6.2274853619565817553 6.2344501583641767084 2.75123e-09 5.06632e-06
24640657.084188908339 5053 2.9684460993189181188 0.01200834571560935489 0.2427844026428016555 2.0888403585722525868 5.9865223220842720409 4.0410042454389545341 4.0504418320047399504 4.059913977941593366 1.90259e-09 4.48021e-06
24640657.084188908339 5116 2.6940773419268877475 0.18675606886162351983 0.073850920430240871162 0.19830790948910062554 5.5887450967685650127 0.52962073819480959269 0.44164679525036187879 0.36182186769442392649 2.56354e-09 4.94838e-06
24640657.084188908339 6595 3.0484118122032319853 0.11493492057683404872 0.25211453237726461074 4.6877708060517697675 1.3343535416017113793 0.33258533048372640462 0.29688534163249286069 0.26326190858362052971 2.5233e-09 4.92235e-06
24640657.084188908339 5290 3.1897866614749328384 0.045039596575564902481 0.12576003292190801597 0.16837240451822721443 0.37965343119953781637 3.4908413996659608536 3.5065946061217725394 3.5226715404909283436 2.68653e-09 5.02629e-06
24640657.084188908339 5762 1.981933658990149727 0.20574772766130119961 0.039752156136589014701 6.0610156793046474633 2.5010470304997638458 1.6866079553350961096 1.4782729826736862311 1.2734052857775082224 4.50081e-09 5.96963e-06
24640657.084188908339 6628 3.3230733885698882091 0.08935851940395318771 0.18511845738554633112 1.161911431328256139 4.9654755761250637391 5.5904803660449937652 5.6457426026058215029 5.6989236369242606273 2.5094e-09 4.9133e-06
24640657.084188908339 6808 1.9671932907827081038 0.24346932557548969789 0.11579196634355752582 1.6812892098798180029 4.3456275919547806552 4.9586162890297362793 5.1902964567640772486 5.4064872999049473634 2.07842e-09 4.61418e-06
24640657.084188908339 5481 2.3112868864514983791 0.40647925331842077457 0.76195019237287575642 0.78668286536642262341 5.4579787612176406952 3.3661940116261659384 3.4853762134141734741 3.6223807226639812562 2.0621e-09 4.60207e-06
24640657.084188908339 4662 1.6517087898959534886 0.26368354460618859125 0.13639205348655109029 1.8691993669337438888 4.0010982164673478678 5.872925387354524851 5.9681841634435714994 6.0498779554995172347 5.28399e-09 6.29754e-06
24640657.084188908339 3089 1.6892517620201350503 0.43468177429036086723 0.05727009372373673135 1.8667778295085106777 2.94748208707594328 4.0333211722544390909 4.4431382693492302849 4.862158670011883288 1.46985e-09 4.11094e-06
24640657.084188908339 5878 3.26406764790451831 0.075887359842736729076 0.067486824256738353611 0.48938407402736705532 5.3160318993515076613 4.8570884330080543734 4.9318465021607575949 5.0059137560815543111 1.44428e-09 4.08696e-06
24640657.084188908339 5489 3.210844759310082619 0.019303806470629424064 0.29170061025450849668 0.73004464517087475084 3.9633815757647372635 5.0780228916215515156 5.09598985016725603 5.1138907135379820801 1.80848e-09 4.40509e-06
24640657.084188908339 1298 1.9493944871343806824 0.38166293465265310747 0.40775950725835641286 2.4086883739768909507 0.40904150713224335378 4.989637595910160428 5.3476470449113255867 5.6548546367351555375 2.27299e-09 4.75389e-06
24640657.084188908339 2498 2.0016610757450714608 0.43553147740379305475 0.35721378633710104689 1.3116486988607132247 2.7455235592843640902 2.6613476914952487462 2.3970760252353864317 2.1019527488062679232 5.39185e-09 6.3401e-06
24640657.084188908339 5358 1.7859890311812567365 0.40698058987332796921 0.087206321799362399028 5.2265689816079348162 5.2462829176708618562 2.7737820366678187511 2.5835232950936313223 2.368006942238078949 6.59336e-09 6.77983e-06
24640657.084188908339 5535 2.3219787209576243647 0.28601734703731407361 0.37280292959932903596 5.2807384012874267754 2.1952411672668805664 4.3283085146520443587 4.6128894349995510638 4.897492141030179269 2.07392e-09 4.61085e-06
24640657.084188908339 5713 3.0852155173980539971 0.14452851944600139666 0.19199576612634552952 3.1115932680246558562 4.8718946627786925418 3.6869536462922951614 3.7672677079191663196 3.8519100525300862259 1.49134e-09 4.13088e-06
24640657.084188908339 5569 1.9954095317445188495 0.13879902030692603532 0.25000381527790715985 1.8252596133051948168 0.74872661864494483019 3.1147423475305262563 3.110717287518690366 3.1064324978053918791 2.77052e-09 5.07813e-06
24640657.084188908339 6450 2.7363972002201393252 0.091138142993128432034 0.16461464368321945817 4.1248919008031261768 5.5638513205909303494 4.2583332258973047857 4.3420361906344702163 4.4269951414098978049 1.74846e-09 4.35581e-06
24640657.084188908339 6407 1.8318579869357443091 0.37320175943685163222 0.30814229532615128315 1.1228456849862187283 1.0040214350274936361 2.8777062069995587024 2.7536602287315012916 2.6124872268635606076 5.15346e-09 6.24525e-06
24640657.084188908339 5576 1.6698878801421068729 0.33533047542937055585 0.061076938509579771497 3.3437938894371557197 0.32466084459254052064 0.39557909162251814195 0.28092348367040981261 0.18795544003838204894 5.46785e-09 6.36975e-06
24640657.084188908339 5647 1.6971292190134212863 0.14491383194748949648 0.043982456121692818651 5.791073813119828273 0.5766519692441699485 2.277656042275487458 2.1615081420024746528 2.0411507642536688145 2.57441e-09 4.95537e-06
24640657.084188908339 5992 1.9539019674443325325 0.33603479393581309198 0.084844165526088144436 0.19329455745425080937 3.9304677430984402697 3.2764974306927441283 3.3326654185285495835 3.3964825409171712778 8.41385e-09 7.35386e-06
24640657.084188908339 6761 1.7157204501807741259 0.29037367258504015455 0.059421504327129233414 5.9935895276777912954 0.060363895600664720098 4.5957641076133368685 4.8934752295299333014 5.1791008981444806025 4.88068e-09 6.13306e-06
24640657.084188908339 6421 1.4637348402789525093 0.26240097989991911787 0.081258039905543130721 4.9385521302562818136 1.3217280347753368464 2.7607180133400532895 2.6475067214958309947 2.5230690652942535657 7.66894e-08 1.53613e-05
24640657.084188908339 5394 1.9270764559364752522 0.31920775051037503234 0.1516510663181521168 4.2678079528280115085 0.075942518592757551898 2.0501114698906302003 1.73804474599925185 1.423291043534884448 4.23442e-09 5.84945e-06
24640657.084188908339 4243 2.1367515696906069778 0.4915572094049364682 0.42375537611459740406 3.4138678774471005184 3.7568865629586656318 4.1327006313584160324 4.6353966838712059584 5.1254976830490148743 7.70334e-09 7.14074e-06
24640657.084188908339 6189 1.4683104462063287787 0.18501626245705182772 0.14891906821460396126 2.9118950173158313355 3.411789785465352054 6.0833219397173632359 6.117266105885485139 6.1478232027988939379 2.99935e-09 5.21426e-06
24640657.084188908339 6576 1.1685819301783750834 0.32422933262448971892 0.22329062810567443242 5.5441054080042233565 6.2692725731711300696 3.7199322194561905697 3.9308366450263885206 4.1609814199968484516 9.90665e-09 7.76531e-06
24640657.084188908339 5046 2.1430912747410193475 0.082820916359766988402 0.47540970323833819933 0.97068006387358496401 1.2016846243604948352 1.7691051956504972864 1.6871434705372370111 1.6048824813252973165 3.3008e-09 5.3834e-06
24640657.084188908339 5351 2.9528985344634470778 0.07159013844426523332 0.062748841126733720386 1.9502969757005237383 2.3581939198578356631 3.0472267133812453999 3.0402225056838632078 3.032977825262470617 2.44807e-09 4.87295e-06
24640657.084188908339 5321 2.1888643201542463679 0.34329275012923571309 0.15603837693820704624 0.84004235664501203384 2.3985028154921175236 1.5502416653793489321 1.2011381306740036568 0.88103449935884559086 3.33881e-09 5.40398e-06
24640657.084188908339 6337 1.9258034618093937684 0.2006879194514686604 0.048468059338345602372 2.0219984193630109459 5.1298347583958108231 2.7934823526974681407 2.7170718741326158607 2.6344117018291162147 2.57504e-09 4.95577e-06
24640657.084188908339 6131 1.9979014358426296916 0.43817822453097471369 0.26870127518023190216 0.064785852993775788766 6.2554732514848128133 5.4543499764285066078 5.7465614251453036587 5.9705744956976882776 1.45631e-08 8.82947e-06
24640657.084188908339 1239 1.8212913525907519219 0.44776833974990154497 0.11799620366608230826 0.25179563268577215274 5.2455800296303021213 2.3061827269956416409 1.8953675568415251362 1.470978299449545057 1.31823e-08 8.5411e-06
24640657.084188908339 5775 3.0238943852686634983 0.18764622296449501304 0.049424933763102148199 3.4318761440775156224 2.5629997225618641465 1.70352867158749266 1.514054247531470887 1.3267100223793617531 3.02463e-09 5.22886e-06
24640657.084188908339 6935 3.5038977689171253438 0.072113599669352532184 0.43320958745205040419 4.4035665766669520593 2.0251874699150849146 1.663164181505450312 1.5910554237109428843 1.5189566223641353115 2.603e-09 4.97365e-06
24640657.084188908339 5807 1.7671170035713787971 0.31269999040122908873 0.084319614018328173377 4.4165550173941738876 6.1884541651665996298 4.1276281953176656714 4.4189741476173773904 4.7183099068245866192 4.88354e-09 6.13426e-06
24640657.084188908339 5927 3.4741668565979528793 0.10926289541212426404 0.18069767015013477041 6.2245798971334105332 1.9827338714195303915 0.066282973116853730056 0.059400599633031861413 0.052914134206609328426 2.21586e-09 4.71373e-06
24640657.084188908339 6445 1.4285411557353160372 0.055698548882365590817 0.22279787472205922483 5.674807974479117334 5.2076436635885272608 2.9214564045104731704 2.9089443290502683404 2.8961027330881838893 2.3322e-09 4.79482e-06
24640657.084188908339 6807 1.6664331875032194485 0.32086433859085133902 0.18955661023958117473 0.042998197120955636286 3.5543872536407312701 2.1981705345530593299 1.9048996069302084333 1.6017775441678969717 2.57067e-09 4.95297e-06
24640657.084188908339 4541 2.2036334538165003316 0.28418830537249767376 0.23124050886976527108 2.0080561250385708938 2.6483717851481851646 2.8600075691227804242 2.7663861934217939265 2.6622412300954976239 1.52721e-08 8.9705e-06
24640657.084188908339 6123 1.894629141631485103 0.3084719679941787529 0.099728409660757896815 0.27354661099324323326 2.6106084878554312034 1.1010472584469632729 0.83944439321853114855 0.60985729586077097597 1.87233e-08 9.60087e-06
24640657.084188908339 5407 1.1978278221028968442 0.21761907483091758042 0.1183186572967267064 5.5395201496817358944 1.5957910171906963814 3.2445393156375761379 3.2699573925114706618 3.2978153559484137958 5.11323e-09 6.22896e-06
24640657.084188908339 4750 1.9543275312619414752 0.16835224071472332241 0.16901960224442200142 4.1369016181215485517 5.4047495830850635912 5.7029667384707760647 5.7897128266726172185 5.8694590824385608485 3.28876e-09 5.37685e-06
24640657.084188908339 1127 1.4041038227067019761 0.25683611014708279674 0.14056169537062296326 2.2543158237545868339 0.034731022666008526389 1.9950277557966245023 1.7447548320085008999 1.4917950625851281732 1.29908e-08 8.49954e-06
24640657.084188908339 6005 3.0522141922089933708 0.11041217684590826087 0.38736684001624505091 5.6387761119197836734 4.8095052274216243404 2.3752596066452564827 2.2953052715210753298 2.2126258767425723839 3.36675e-09 5.41902e-06
24640657.084188908339 5209 1.9085913863061505502 0.35084625809589992107 0.097357611563226517659 3.6535543607318468062 2.9521490182390843771 4.5342500612312974795 4.8986228764565424854 5.2434024875402283072 4.75685e-09 6.08074e-06
24640657.084188908339 6996 1.3378438108571766296 0.14038426204560011668 0.11458309880570770323 4.0432911863168374822 4.6458294463925877693 1.984043446580284531 1.8512652276603460688 1.7163663754698572639 9.30536e-09 7.60492e-06
24640657.084188908339 5406 2.1510707912845852263 0.1169019276577207278 0.17446519833856427573 6.062258354305283703 5.46445548409327575 1.2412289623227319435 1.1324129654464141215 1.0265653926898663517 4.61584e-09 6.02005e-06
24640657.084188908339 5938 1.660335968844304011 0.18717224884175628907 0.26162710001055700104 2.3475125358663677666 1.7236132788222096046 3.244641133409912559 3.2660791916201588059 3.2893194827877936248 1.88863e-09 4.46923e-06
24640657.084188908339 6827 3.1083802098603152686 0.11019043601392193577 0.15115734853031362328 2.1553108822599407191 1.3477834183414896252 2.6614787055272488558 2.6078101463979099783 2.5517459918268969865 3.04652e-09 5.24145e-06
24640657.084188908339 5420 3.4567907177108581074 0.056907002863312440566 0.2918291692099450052 2.353208525617661806 5.9068548255035437933 5.384371898644499943 5.4281594163077091508 5.4711007524322852191 2.55489e-09 4.94281e-06
24640657.084188908339 6167 2.0557924272424425993 0.10280308192785851673 0.28786734036584860075 6.1814579902791511046 5.8451993835722273474 0.84315809488395199178 0.76877160475064376666 0.69729747053446544669 5.7681e-09 6.48427e-06
24640657.084188908339 6036 1.840416499649597748 0.4137179477609016498 0.19539688171452190835 3.3761635184489025008 0.51173258071916294387 3.6901650176099529688 3.9654675605117764015 4.2690471205164834956 2.34807e-09 4.80567e-06
24640657.084188908339 5989 2.550421680630197141 0.17937519497819365277 0.047165795810811490807 2.707889428492908479 5.678402381903451257 4.3708320179190511823 4.5460992026989748283 4.7230000399043809978 1.60714e-09 4.23514e-06
24640657.084188908339 5195 2.7736177979865614951 0.054486363096510351256 0.15382045107146222196 4.9670904175199357411 3.7109345546415815065 4.0950501472888127807 4.1402178125193351832 4.1860259887199564588 2.26107e-09 4.74557e-06
24640657.084188908339 5651 2.7486615645760390514 0.20231610954105738731 0.17261075837171044323 5.0977554087030929608 1.2959894104703109097 4.1703054688496861147 4.3546527037221753886 4.5441605599993577513 3.34796e-09 5.40892e-06
24640657.084188908339 6056 1.9150618481239065627 0.21761261743547316572 0.18759021063850161992 3.2483649614481997503 0.91756931515174033898 3.7688532311166840216 3.9105423429622638842 4.0618659845330142844 3.00235e-09 5.216e-06
24640657.084188908339 6170 2.1111658009755847054 0.094147331977373627243 0.061859297582406047589 1.3955532793118494705 0.79905071841928376752 1.3387396661574846313 1.2479600102408920925 1.1586763867894407376 6.44558e-10 3.12323e-06
24640657.084188908339 6886 2.7612066423614494148 0.43681354659811649777 0.72785564030661353829 5.93135087192999233 4.557616327017556479 1.5510737192912411597 1.101077450889443643 0.711572746380225718 2.88448e-09 5.14682e-06
24640657.084188908339 6185 1.9461306574485828236 0.31852857935973605263 0.1336139974551341647 0.50756351080880834914 4.4591681876808388907 3.6781519649374141423 3.8720603183848458784 4.0845883372166209568 4.56223e-09 5.99666e-06
24640657.084188908339 6037 2.9978599176221738531 0.33484118614192504015 0.32518992896633630574 1.4100161782222009332 5.7038880546739187949 5.3167965635364478061 5.5737675326369711115 5.7918804437374120653 1.83549e-09 4.42691e-06
24640657.084188908339 5776 2.0566795025961948085 0.16821980914099324278 0.16145592133155525771 1.0823634304323825894 0.29986111733991777095 4.2013383809315030248 4.3552012242005178067 4.5128036386507126565 1.75506e-09 4.36128e-06
24640657.084188908339 5846 2.7942507279985324686 0.18716617265710872031 0.13401997138875607063 4.0355088017921580956 2.8624756247081810656 2.3595055814355707646 2.2171088096875704032 2.0676921793550726569 2.37403e-09 4.82332e-06
24640657.084188908339 6333 1.6116223279503887333 0.18671795919664943564 0.15868142360182202477 1.1609430719770308382 3.2442794364810878527 3.2821732029949433063 3.3112804576371543952 3.3428123867586645446 1.94245e-09 4.51128e-06
24640657.084188908339 1147 1.0777702444343149057 0.14641113937207997364 0.15235158175397017777 5.2490584294610203031 2.7426814655125757447 3.5987255797358730369 3.6682647157958929718 3.7418596188820205661 7.2768e-09 7.00643e-06
24640657.084188908339 6244 3.2154169739259432781 0.080050897196101117315 0.31426227060697287108 2.6745827687951271301 3.1765121238534392845 3.1831767832736619361 3.1866491001172194686 3.1902546888562532956 3.08558e-09 5.26376e-06
24640657.084188908339 6192 3.1906306594053019943 0.30590646408673027867 0.3027675191903236307 2.2652871368458216139 4.3798758637768262503 0.90018333340081768679 0.67735607788161777965 0.48563379409768592243 2.79503e-09 5.09306e-06
24640657.084188908339 5914 3.2008399648684990879 0.10858067786893195461 0.11117570137917361095 1.8791009083929386403 4.5855685210941476981 5.5379614435094284275 5.608940788777014852 5.6767285017278021897 2.63408e-09 4.99337e-06
24640657.084188908339 6739 3.1851234946304725071 0.086713160675669462285 0.22354395208478780588 0.18310885375540011943 1.9389327027005847093 1.3939236438759481373 1.3091018302632255743 1.2253409952716642906 1.84353e-09 4.43337e-06
24640657.084188908339 6164 1.9575087232960859396 0.17733310189951703717 0.22852959229848379685 6.2145608732911323813 2.4325498937514380415 1.5511618870319918706 1.3732306974493071472 1.1993472017379918082 5.09634e-09 6.22209e-06
24640657.084188908339 5361 1.7520806499887444652 0.46087418950429043241 0.14420756961446759559 0.83521196511752970881 4.9209809023908350767 0.88604107974269930015 0.56126449823182555932 0.31596092688442967145 3.09083e-09 5.26674e-06
24640657.084188908339 5650 1.9483043891236131451 0.13237101728330907813 0.23578785579257038885 5.2850100068092213945 1.3386076892987983644 0.7513431274921089642 0.66484336028924473361 0.58317893253967600931 1.14639e-08 8.15256e-06
24640657.084188908339 6814 1.7042325543083067796 0.24502887326773026277 0.19297708514991479545 0.54521411759241078521 3.5203102219264876815 3.1576759698135390408 3.1622461728814146298 3.1673065216608580208 1.89305e-09 4.47271e-06
24640657.084188908339 3069 2.1269532998545579439 0.28167882223979107126 0.24420524199545401434 5.9895207324207122568 4.4972743143335538463 4.8139759407984676898 5.0940384811187477965 5.3554509455705021637 4.38223e-09 5.91673e-06
24640657.084188908339 3400 1.17996605551039635 0.27025089511371241935 0.30622377628088581769 0.99275905258251195828 1.8736689954369871725 3.1070949047932545639 3.0960816064117304691 3.0837864506015075783 2.20416e-09 4.70541e-06
24640657.084188908339 5798 1.3942106067406776493 0.20524994584741934611 0.20728958585749870935 0.56202122338434923332 3.8234820985434421203 0.39113739366537975117 0.31899804438801065976 0.25462851876330511169 2.01067e-09 4.56349e-06
24640657.084188908339 5551 1.8698337238452411579 0.35474311689246579293 0.092310561194447610101 5.1620543828175593504 4.6468896208939511894 0.75192236192458428157 0.53194000580978506587 0.35201208347870382998 2.00606e-08 9.82423e-06
24640657.084188908339 2928 1.9280712649210969278 0.35997080395578057166 0.12418700614054258013 2.2355515200760613936 2.5535995667324833391 1.5293639145970039372 1.1641901802355079099 0.83356838625874851711 9.69793e-09 7.71039e-06
24640657.084188908339 5185 3.5333959408164141713 0.01267589225481161562 0.24150840790124106228 1.4461812531461424314 3.609334691715843757 2.8421920256022703555 2.8384303749864860933 2.8346461171021650749 2.64564e-09 5.00066e-06
24640657.084188908339 6221 1.9672396579587494436 0.32470021710457547259 0.24812944454047006215 1.5150887940099433404 0.40439123311215741108 3.6497064562182299774 3.8392254045944849139 4.0478145488618251235 2.14299e-09 4.66148e-06
24640657.084188908339 519 1.6933413609531018373 0.12682986144312941024 0.11830499860202159379 2.8747887712741180266 3.182127839168187311 1.9801253765464159606 1.8604072469833614623 1.7388592073559157036 3.92741e-08 1.229e-05
24640657.084188908339 4406 1.808555637539241534 0.099051835143035352194 0.28784890339298940809 5.9205616316236042707 1.591639717228930051 0.31489130038475426909 0.28552645981383306673 0.25762725886601622882 4.822e-09 6.10838e-06
24640657.084188908339 5453 1.1435110197528768339 0.2265269655246528735 0.13638284019311427975 4.7556994657895179657 3.7537089277741135795 1.674202342198491511 1.4442011033636661388 1.2194869151651217543 3.03837e-09 5.23677e-06
24640657.084188908339 5134 3.5267258089927011611 0.048888970912315844741 0.34013884083602996533 0.63330975598311078922 5.8126072285529151173 4.6572079802581436425 4.7061079736114237448 4.7549959801663881365 2.31886e-09 4.78566e-06
24640657.084188908339 6863 3.0974399162489358872 0.15092145378226204389 0.086333212550593035894 5.3619106394043773989 1.6937151275697410746 0.22375306556047605544 0.19239543797164895822 0.16353764399946471575 2.72515e-09 5.05026e-06
24640657.084188908339 4313 1.635913588298930188 0.3623292800479258613 0.13877739642657957453 1.5568681985619985397 3.0029540070902616122 4.1376324651848976899 4.4846532956106370804 4.8376272740435055653 1.98502e-09 4.544e-06
24640657.084188908339 5577 1.996052005515962513 0.24928877269856564158 0.17609723422694492645 0.28005300018002676765 6.039460128926549487 4.9855046759619243701 5.2202631452801968592 5.438086768649497138 6.01747e-09 6.5764e-06
24640657.084188908339 5417 1.926127341074395094 0.22269631518255159075 0.11963139991869811696 3.8565411630408381605 1.1814508653610475974 1.177622175693144646 0.97858929629779334292 0.79381576947101106789 6.2485e-09 6.65951e-06
24640657.084188908339 5880 1.5752117614477969543 0.25937032987186603439 0.075685456883211696399 5.2024592143066250571 1.7658263134862199895 2.9073624296088445007 2.8371272714463549036 2.7593724069016527523 2.24295e-09 4.73286e-06
24640657.084188908339 5030 1.9525853260962218183 0.46198546186819439141 0.21401678659773226698 0.90522469514925785194 3.6593865594699623855 3.1991727464409365211 3.2364652911528799528 3.2802293493805545488 2.14686e-09 4.66428e-06
24640657.084188908339 6137 1.8818421317307862939 0.13850664744071292112 0.11646982136060209101 3.3760738210233962597 3.6650236850616679796 5.4063265366188648642 5.5086685560186223753 5.6055360539916030405 2.35406e-09 4.80975e-06
24640657.084188908339 3887 1.8474326415500317289 0.48541819143155606753 0.25659487942315561959 2.160601456353077765 0.073785366480797476285 4.2460838858062128764 4.7582364833063222065 5.2431445911491900702 3.51292e-08 1.18415e-05
24640657.084188908339 5625 3.0359702925468514678 0.22651254888883093352 0.055412701562593286164 1.8958634423295639415 1.962843662681922563 5.274273249271311137 5.4567866090505328103 5.6233857188995362009 2.295e-09 4.76918e-06
24640657.084188908339 5607 1.6787049457374734196 0.19294920302106793875 0.14017987380298332911 6.1832418020354662502 0.42198210189243101631 2.7963591716229037054 2.7238242333314430788 2.6455405337028614632 1.18158e-08 8.23514e-06
24640657.084188908339 5029 1.6230731415296233422 0.29957711130570285896 0.030148586040079843745 5.6775277940592596693 5.2993410963204805597 2.3897966002140327291 2.1550668457372035292 1.9051851785022162478 1.87308e-09 4.45693e-06
24640657.084188908339 6282 2.8095403035657691149 0.048871174579291500051 0.023018909039011943574 1.2883755665537601764 0.031658886678573895657 5.5056709023886334364 5.5393843309585655277 5.5724745113996556611 2.68214e-09 5.02355e-06
24640657.084188908339 6604 1.5888268437822159473 0.085469575582036924621 0.16910037422708440458 3.5395346565544572037 6.2145134050142356585 4.3746978911957903335 4.4566047704992994838 4.5392936092359708056 1.33847e-08 8.58458e-06
24640657.084188908339 5362 1.2506242235864826196 0.30105725619423834294 0.20811686280574104302 6.233857471658919458 4.8394082122943808955 2.4027679901960836695 2.169592933043880123 1.9209152727839478025 1.49782e-09 4.13686e-06
24640657.084188908339 6068 1.1257947281496700764 0.2388097825218887249 0.11609823204421686194 3.982867919222048414 5.2759305703901135942 4.7846905206229362051 5.0231395737621751252 5.2505114009469338043 2.08722e-09 4.62068e-06
24640657.084188908339 5877 1.3642183265496468092 0.26866762323287829428 0.285578335302298425 0.96414149776825330829 3.1310284514790409638 5.6922927759596877451 5.8289977604351088658 5.9468709445256493495 2.13222e-09 4.65366e-06
24640657.084188908339 5479 1.2982846943381163296 0.12504720294479249043 0.37049154375346926571 0.70441255955127157762 1.7725460520068354597 3.6309428921904163268 3.6933940441413755096 3.758946552675832109 2.12255e-09 4.64661e-06
24640657.084188908339 5257 3.1725427989990198085 0.16736694477793498392 0.19610493542268980782 3.2767619312433358125 3.0650373413339377926 5.0984806360342869169 5.2495375487822295568 5.3933344102661058272 2.20895e-09 4.70882e-06
24640657.084188908339 6565 1.5575628868222450851 0.20589090442533422576 0.20279897275053224148 5.750431972204558484 4.7367151518220129702 3.4522692896541320451 3.5228599010355559074 3.5994712928427046172 1.41094e-08 8.73682e-06
24640657.084188908339 6327 3.0200622535706376226 0.21702461406539400035 0.1644951840368951701 3.122370283622593945 3.4004293849331430621 0.23855190786111857282 0.19166433982331246288 0.15032266537072969115 2.25041e-09 4.7381e-06
24640657.084188908339 5595 1.6156672524899355903 0.61523921079204768603 0.3197316433353961096 0.27969620222204977233 2.421632817131474269 2.6706600543251859392 2.2278339825611888081 1.7406844834282488854 2.78921e-09 5.08953e-06
24640657.084188908339 5226 1.2495272655046061328 0.44152128440964000244 0.20142768756618267822 0.46756919618911491066 4.4552688748472961677 5.4991532965692462298 5.7794687190106381891 5.9925839048794706798 3.2729e-09 5.36819e-06
24640657.084188908339 6709 1.3970324455982290335 0.065177013998942268103 0.015286392729302425084 2.281322092434210802 4.6622049661966951106 4.4243310521500145427 4.4874533534216780595 4.550988458527054803 7.37402e-09 7.0375e-06
24640657.084188908339 4581 1.6229984744533940688 0.16915818700722132228 0.26990921045234833597 1.9729396648297077288 0.88261960827282792685 6.1791706809185136251 6.1954791207229957806 6.2102963265667856518 2.62777e-09 4.98937e-06
24640657.084188908339 5923 3.0411758540772848569 0.070128497598082636943 0.16703285605258894053 0.69601063618635050645 6.0113681883756990842 4.6752133036396816834 4.7454425195058629328 4.8155327116217971906 2.22479e-09 4.72005e-06
24640657.084188908339 3796 1.3798769408506939005 0.19725543686545621291 0.075636398772345986297 0.17862726853789276382 5.3942319113750496484 2.1574402205222344975 1.9823028158624564909 1.8015144045468274303 1.48625e-08 8.88956e-06
24640657.084188908339 1253 1.5846534883211376155 0.37581464079629040009 0.12698646343381086998 0.35388201214114689552 5.6058075987007036645 2.4852951158981295698 2.2055812535586873935 1.9029755849742713281 1.21449e-08 8.31089e-06
24640657.084188908339 6842 3.1256280435263033013 0.090976983882409837023 0.10762218383409676015 1.5897785317338148925 3.6756281034666278273 4.2273358281714612517 4.3096905845781829925 4.3933900317759393417 3.94698e-09 5.71398e-06
24640657.084188908339 5437 1.9680051318362505874 0.21566230847511791424 0.14469839109996968096 0.45257321303565367643 0.75292968655948377954 5.094891588136650995 5.2888180304034122514 5.4696323892009601764 4.54448e-09 5.98887e-06
24640657.084188908339 6001 1.8406257867421740304 0.099448610137613441262 0.3638113494267963266 1.0189744373281548473 5.3812491042214798398 2.9340443333123213954 2.9124482718468982512 2.8898590815963096645 1.89847e-09 4.47697e-06
24640657.084188908339 1517 1.9588468597908805791 0.44918934868895077361 0.23105311929676880522 6.1760080728523991667 3.7765366777664390874 3.6343526811018151967 3.9162331437955097968 4.2304227612358307198 2.17631e-09 4.68551e-06
24640657.084188908339 5753 1.9592351283868583156 0.26838551412774425131 0.20220652462405669381 2.1241161191319597457 1.3103783416786554117 4.1915757468604279978 4.4446762762482379117 4.7035014873185163609 1.44813e-09 4.09059e-06
24640657.084188908339 6366 1.8821282915425801008 0.47999717195731828046 0.2876324419993927517 2.4766220469475332955 2.2269730637382094685 3.181919016518678589 3.209608175494989446 3.242230267839168345 1.97281e-09 4.53467e-06
24640657.084188908339 5869 1.8563304395379844891 0.60395846800075259075 0.26313639160628959912 5.074183157424025481 4.7269719779199013132 2.0911693180690833493 1.4176281455390287167 0.82074041904606176434 2.00715e-09 4.56082e-06
24640657.084188908339 6197 1.9995463987274708639 0.20744478203551561246 0.26201579872401042914 1.7035783859861828304 1.8796561474507884615 3.3881104228487708419 3.4450678342772591556 3.5070602973815061532 8.02678e-09 7.23931e-06
24640657.084188908339 5211 3.2037826021750079875 0.063485038752676206664 0.2467908676393105738 2.2037399958358885321 4.6649812103220469339 1.1878528902852443228 1.1296147950003878613 1.0722085902296305537 2.07199e-09 4.60942e-06
24640657.084188908339 6154 3.1554752537577885896 0.048203919316926011063 0.22003776976203220928 2.6875207307482416041 1.2153682913117411779 0.57128582691197093979 0.54572606574794357837 0.52070635974673507018 2.04677e-09 4.59064e-06
24640657.084188908339 6204 1.5513644207526298135 0.10574821048667687462 0.28710834392628498124 2.400118358670267682 4.7300033974356194832 5.534913849934499197 5.6043376607059638417 5.6707365991489675494 2.26769e-09 4.75019e-06
24640657.084188908339 6392 2.9776271443582094101 0.1698816162506173455 0.15900265171158162181 3.1268976001757464722 5.5998467814645760399 3.2101025324800946947 3.2229102713149977433 3.2367094199651069708 2.75286e-09 5.06732e-06
24640657.084188908339 5076 1.7177468946691381024 0.32792370520654745558 0.21269848620214826251 2.6210782550377240696 6.0580384088904057904 2.2746915709965618291 1.9880824609550900028 1.6882971728251909838 1.5547e-08 9.02399e-06
24640657.084188908339 6735 1.9949632798258420951 0.53400768773936746481 0.57714734830660308074 4.1891914754578207791 6.2167404375473944711 4.0842259725422307426 4.6341206906848233515 5.1664935676722434366 2.32036e-09 4.78669e-06
24640657.084188908339 5485 1.8258363586600552253 0.71234181024247156255 0.40697537253271348634 5.5724290879163156376 1.2093709814229434141 3.2393088007556416485 3.3790694619874690474 3.5466485855738798527 1.60307e-09 4.23156e-06
24640657.084188908339 6816 3.1098791833366616899 0.085108387907279980933 0.16346997497171567026 0.37151549566911040712 5.4416579617376115152 4.5379111559465732384 4.6224553563969061898 4.7072197954865719893 1.76213e-09 4.36713e-06
24640657.084188908339 6572 3.0025772111244171114 0.14477769322173034139 0.18438527737526572148 5.4486438195073789714 6.1944457518953042197 1.0429588844018180538 0.92181731508012942911 0.80647274276982217067 1.66053e-09 4.28153e-06
24640657.084188908339 6740 1.94882986851919493 0.32788307450069958948 0.12629642731763679464 4.8465696932248691908 5.3333976927851320937 1.0456305411470161459 0.77821359078638030482 0.54803694607066388844 1.33102e-08 8.56864e-06
24640657.084188908339 6480 1.6873223263329975019 0.11211108316502060855 0.15275648290956822528 0.71519054612986110442 5.6341966782607180164 1.8983353323901925869 1.7899929285181865879 1.680564387817153893 9.59462e-09 7.68292e-06
24640657.084188908339 5642 2.8373060786169106429 0.23365032654271605805 0.088906907459020259599 0.57647615775215554912 5.3559258364919486439 2.596490445573564454 2.4600067755570971251 2.3128011425270806889 2.80041e-09 5.09633e-06
24640657.084188908339 5478 2.045756777160804063 0.29214753065881304828 0.12124399780862041287 3.4700982223964533802 5.0530815913415043639 4.5522827775071021961 4.8520506667223637365 5.141353600371758148 2.28234e-09 4.7604e-06
24640657.084188908339 5258 2.952150844481650882 0.2099053535305133722 0.29964094213835545943 1.9807828645302241188 0.16444065426196166624 1.2547378840981624482 1.0600427373686194255 0.87692626603506140803 3.58569e-09 5.53402e-06
24640657.084188908339 6815 1.619424681973351321 0.19698611043004954357 0.229266175248146159 3.2690249386351801775 3.6856356860042329693 2.5696047921963991456 2.4522271322166022678 2.326934566787073777 3.57143e-09 5.52668e-06
24640657.084188908339 6617 2.7406201049131899694 0.15409332213494164598 0.02920854604593485504 6.0533943589295482468 2.5090415076340222278 0.4727876789499851351 0.40677745162791423272 0.34581015179728852305 3.93262e-09 5.70704e-06
24640657.084188908339 6667 1.898016218888676887 0.31554706586655723033 0.35739713370537901094 0.80348278406130158036 6.1168451698554164864 2.2887973211703083187 2.0175241193999307043 1.7329430829112857371 1.85586e-09 4.44323e-06
24640657.084188908339 6040 2.2220697217386340405 0.39447072797764143326 0.22117315403672913043 5.6025859828323731904 4.0281552060373257973 2.5876092251422750934 2.3269777229131389795 2.0400154799784053772 4.48499e-09 5.96262e-06
24640657.084188908339 5950 1.7507121612068361483 0.084850594142819146803 0.21415445242181324614 0.27545363637519959532 3.8807463206477752493 5.7265040771698600963 5.7698466577183937787 5.8115157924881044593 6.81029e-09 6.85339e-06
24640657.084188908339 5158 1.8104070777233669531 0.11787501594489316337 0.10025228691917706381 1.4767812790971441839 0.21329572125082768563 5.034901463178846015 5.1449147137857247358 5.2519346132637458879 5.85576e-09 6.51695e-06
24640657.084188908339 5252 3.1445398110497406741 0.071239202810558899248 0.1964418853110916352 3.6284972283648624369 0.36967354579275257809 5.4514470057711559292 5.5029189353679610619 5.5530334891446937462 2.42859e-09 4.85999e-06
24640657.084188908339 6104 3.3325501158361165999 0.10569817417953215888 0.13842939315737304296 1.0385637406119252457 4.7535027900068484996 2.9535285658833183575 2.9326243849049595802 2.9106972221508415899 1.75259e-09 4.35923e-06
24640657.084188908339 5196 3.553516981356207971 0.13202032874568650489 0.20386660372420620235 0.19809830158981561743 4.9498078456166050287 4.6554869077041125536 4.7881789752617347489 4.9198203149481010144 3.02458e-09 5.22884e-06
24640657.084188908339 1284 1.9502020608052519357 0.12952604634590730859 0.10170728185195689053 6.2103079244144057114 4.4768866294960627528 1.6702652763074412601 1.5401767153917718112 1.4107113835610383124 3.64405e-09 5.56389e-06
24640657.084188908339 6952 3.2205476587213750506 0.081777011218665568437 0.10811407173007060722 2.6284414632799157907 0.91670044258781702151 0.41748625899333302591 0.38547435267906132728 0.35472630082481726443 2.57429e-09 4.95529e-06
24640657.084188908339 6978 1.4589836213813229815 0.25135437017923095704 0.28350818192612448065 2.0394308399382632402 0.11238027862991664674 6.0318079380896474362 6.0883388463512835287 6.1370050498152384222 2.46129e-09 4.8817e-06
24640657.084188908339 5517 2.0453165377479831655 0.43473088503333368049 0.098955677457872190383 5.415879485403082505 5.9159024879238160111 2.6437546985462874183 2.3720345255229151604 2.0695409739919998771 2.41819e-09 4.85304e-06
24640657.084188908339 6425 1.5967910160481422199 0.32298402356517158518 0.1197375841724192258 2.2748018188948977425 3.3996309933483135346 2.4113841019590354087 2.1601148849842934929 1.8916119312490384807 5.02719e-09 6.19382e-06
24640657.084188908339 6573 1.7941507667006595383 0.11888140691593013232 0.26026057955588072224 5.6055634415151818217 0.084697578991274904969 3.8909970439067205206 3.9759277182353742752 4.0640010154574826018 2.46875e-09 4.88663e-06
24640657.084188908339 6836 1.7588457147359168875 0.26438449718043360859 0.18457300691473069176 1.1620961690951281398 2.0401262996104216896 2.9096703261781291516 2.8385058867434205254 2.7595956552487743707 4.61039e-09 6.01768e-06
24640657.084188908339 6180 3.1088683523294795563 0.056038904342147463633 0.13081648693492942126 2.6880980275741768182 3.4159179625563118599 0.26129190793198564524 0.24718641392422313618 0.23347499048638728492 1.88472e-09 4.46614e-06
24640657.084188908339 6809 1.846098110597546027 0.22394662504173967754 0.36054717934789315414 0.97894503198224080975 5.3533537588753485892 3.1003119334908979532 3.089754786886132365 3.078151070067341788 1.72631e-09 4.33733e-06
24640657.084188908339 5678 1.6762430930679252938 0.018400824374953293761 0.14729694743618110264 0.99012013269673404547 4.1061565636568584381 3.7378477069098927643 3.7482607077494658476 3.7587516297812997301 1.85255e-09 4.44058e-06
24640657.084188908339 6119 3.1021718402098166223 0.067716368925933814737 0.18671191138176729263 2.6501553453800950066 5.5489956196168552793 3.3155510354287618391 3.3276901353663679295 3.3402193685232095532 2.96829e-09 5.19619e-06
24640657.084188908339 5063 3.4852153191774850605 0.13033789097299486315 0.42692208342862231207 5.0012012641405405589 0.79067610875288008021 5.1057767766851149815 5.2235793359579822948 5.337255193934852926 2.23728e-09 4.72886e-06
24640657.084188908339 5289 1.7389018036936769729 0.1459713522856860568 0.11617990537862081524 5.9856459115644398139 5.0541394030186426178 5.6129132729095640997 5.6990682056593335858 5.7795660177767107513 2.13423e-09 4.65511e-06
24640657.084188908339 6619 2.0196867393655248968 0.32478961076798223973 0.13975155893581525657 1.2050809375424609282 2.6269836043629908318 2.9493838857072258719 2.873152134450948747 2.7870087931201239506 6.69672e-09 6.81508e-06
24640657.084188908339 6054 1.7041703936912331319 0.040026388375646176909 0.047014295153816200445 5.8806792762078679004 0.72943449642043434178 4.3791370121777841717 4.4172213048482680264 4.4555166871722562405 1.3494e-08 8.60789e-06
24640657.084188908339 6960 2.976126901598925123 0.10625494479251823554 0.10464866929058144751 3.3402448899392807036 0.28571022313997085362 5.4676708005289915704 5.5424838220241285924 5.614185271905259178 2.28045e-09 4.75909e-06
24640657.084188908339 5360 1.6259516884663038905 0.094633085853910003937 0.087148782243628306055 6.1203395334525643179 5.8459047897052016651 6.0870911603054231875 6.1047490979245404574 6.1215456028298067537 2.24154e-08 1.01945e-05
24640657.084188908339 6823 1.9050105695776118342 0.11092866011573547513 0.090503146960952157718 3.132872215526647075 3.7020728740963315673 2.247582855091612597 2.1577650572442430565 2.0654032658501835229 1.69817e-09 4.31364e-06
24640657.084188908339 6677 2.3068494307678855115 0.13449794843016574242 0.2860881949510500899 0.82270383823764492437 1.5312019132870602345 3.9459370653831817854 4.0479644690592966327 4.1538509063549104994 2.33048e-09 4.79364e-06
24640657.084188908339 6017 2.0476581795882644599 0.15728371033509216947 0.1186708668606022421 0.85287508203864970113 4.2760400033890775262 0.19807847226467936719 0.16917793058556598873 0.14269574624312336697 1.07446e-08 7.97837e-06
24640657.084188908339 6791 3.1339813185430380749 0.26501645725885336624 0.11477415590647846444 4.8670327441197382967 5.2517541656381308002 4.7872725940124585264 5.0521092229298645293 5.3019794395180550595 2.20531e-09 4.70623e-06
24640657.084188908339 6266 2.9680496103756746074 0.16313544145828828835 0.11236814243379267264 3.144494755474725789 4.5924284204572769497 4.3043723549975707598 4.4598890281025855842 4.6178515909677537721 2.89198e-09 5.15128e-06
24640657.084188908339 6897 2.0019412146198498625 0.22076452938412954863 0.25249744131978829609 0.95529976134722727199 6.0960402473192356609 3.4454093993476111457 3.5202267167055572017 3.60183268406591095 2.6229e-09 4.98629e-06
24640657.084188908339 6969 1.4211985282774368677 0.21431912953973961122 0.12445368187386075809 5.7477102917068112475 4.7724220980369400635 0.37503944200906841333 0.30291965274090393301 0.23898650028189954986 2.41679e-08 1.04535e-05
24640657.084188908339 6230 1.8218040266220623113 0.12567393927907444251 0.29833387238514641471 6.1614845788451617636 2.505443591016335958 1.6442742419336338067 1.5180230524981301876 1.3925240747291542931 6.03494e-09 6.58276e-06
24640657.084188908339 6778 2.9547211387185381426 0.051683757006447693383 0.15292569631792604645 5.7991678136043622871 2.621838154992144343 5.1072963574860157365 5.1545549877293952434 5.2012681603736634628 2.33115e-09 4.7941e-06
24640657.084188908339 1465 1.529408009538073987 0.34158893644931537237 0.1021948772288831242 5.9933443449291372573 3.2777985062070298383 3.7132007976305532182 3.935921679104920301 4.1796090303154862511 4.65109e-09 6.03534e-06
24640657.084188908339 5931 2.7120922753468397204 0.29821649922008863776 0.57662229486751981344 1.4068796470597677573 4.8210787631433760225 3.4879207838340566816 3.6087165577378215175 3.7430094653273608962 2.66585e-09 5.01336e-06
24640657.084188908339 5323 2.791229921874133435 0.098529458686591950278 0.11093794822702021663 6.1278534173456566947 4.9903524145909177179 2.7680506613702693386 2.7302754575562846462 2.6908817040118715447 2.25995e-09 4.74478e-06
24640657.084188908339 5788 1.654120511769968882 0.17120067021968776722 0.15658152985070902807 0.49106188429186342637 2.8058699865751797198 3.5664518602081112242 3.6435680937275884972 3.7259427024199962553 1.43499e-08 8.78617e-06
24640657.084188908339 6138 1.9719350012400587158 0.18541358072510122357 0.14658344445826565483 5.2682777449496711597 5.2042548643728832047 5.3558302267732598168 5.4972793182281032287 5.6284530811612398793 1.20875e-08 8.29778e-06
24640657.084188908339 6726 1.7427523535486342254 0.17411446265427008018 0.02529524906654189928 5.4499247079889601153 1.1884346404404553255 4.3201805985557095724 4.4875457617171043978 4.6572776021165687155 2.92983e-09 5.17366e-06
24640657.084188908339 5559 2.3424436701557258544 0.47539654894128208218 0.5131423241903850796 5.5960740879519761393 5.1912646325876892206 0.61011340443029271619 0.37120727368142075742 0.19876157657009357882 5.44342e-09 6.36025e-06
24640657.084188908339 6737 1.656797370854324436 0.35602697901750945952 0.15876049278482726179 3.721578351379426941 0.67650023894185995488 2.8324262807036770795 2.6968299180358887845 2.5436515494501716894 2.16814e-09 4.67964e-06
24640657.084188908339 5663 3.1611983161110499552 0.2072402843974419373 0.34139627563775371 4.6207058622304835183 1.8834749621516773121 2.2563012503513300011 2.0830311723002505886 1.9023899031170554697 2.69499e-09 5.03156e-06
24640657.084188908339 5227 1.4913211812088802422 0.034814494909840294767 0.14037178513744991148 0.21538357583828690589 1.3114302546901153157 5.3539664060422715863 5.381577095131739874 5.408882993934976291 5.94474e-09 6.54979e-06
24640657.084188908339 6118 2.0390482152729911824 0.084420842579238736247 0.17435876597098762253 5.9855788682318804561 2.6494084148346757068 1.0603983717499676498 0.98813025009639710028 0.91763896430760316658 5.68798e-09 6.45411e-06
24640657.084188908339 6356 2.1170968572979460554 0.28693485125302264915 0.35676496599303697543 1.2007648805520452218 3.0079038540839850846 0.32291092257731340842 0.24129676816538536688 0.17273023467193074354 5.8318e-09 6.50805e-06
24640657.084188908339 5831 2.0929382015694693031 0.2609569853357094904 0.071387129732734616594 2.7516256689795226542 1.4340759328760648295 2.6768084479866609549 2.5419513307428851512 2.3946811934125333821 2.32205e-09 4.78785e-06
24640657.084188908339 5138 1.7844947058760403102 0.37779273990548151163 0.21956142522998678412 0.7207444605402281157 4.5946430495362955426 0.42495902734476204143 0.287947175515372078 0.18065988656482001584 2.37553e-09 4.82433e-06
24640657.084188908339 5736 2.2130213331598480586 0.39992498333387843656 0.19912438152552186521 3.828191795596727065 5.5524617408071241798 0.53027736605155062488 0.35187374914329128117 0.21403666287069295082 1.87923e-09 4.4618e-06
24640657.084188908339 6132 2.18258375315053188 0.36705833210652272225 0.24385828005622139925 4.9352729288705949884 0.88022220892035452078 1.4451362095152964216 1.0806752156427967826 0.75682851218055424702 6.69157e-09 6.81333e-06
24640657.084188908339 4460 1.9881074347388085766 0.28099003755047596842 0.12840383349051504025 1.4919364870241076382 0.37724686382739108792 2.1865987213544779699 1.9327420103390655637 1.6699574189198373997 1.068e-08 7.96233e-06
24640657.084188908339 5256 1.9404866085417527 0.30344975313951416673 0.20134524743553319781 5.807270984678394754 1.7169877407657505586 2.4217417258307301076 2.190782066219934876 1.9438083351323003356 4.61883e-09 6.02135e-06
24640657.084188908339 6023 1.8859798661803339748 0.16319458348454590757 0.19323794783074096926 1.3126358342547941316 2.6799536020324250529 1.3627770627654907099 1.2050327728167191665 1.0526333578171449545 3.26695e-09 5.36493e-06
24640657.084188908339 6504 1.7984883339110393496 0.26858439309771658943 0.24461648139617314657 1.5965665541729099353 0.79638071494828766017 3.7120172114562364207 3.8786042353514327274 4.0591139108186204965 2.41361e-09 4.84997e-06
24640657.084188908339 5667 1.923691760769718373 0.047003770612938068629 0.20320488630171654187 2.2605212558200085127 5.398751974295871392 4.1637089212012945438 4.2043280114777932255 4.2453947103120546203 3.20823e-09 5.3326e-06
24640657.084188908339 6362 3.0333535840768766079 0.14668116786230819826 0.20763925210182720971 2.7819238097973766344 3.9927182363950652899 2.2870129373980256915 2.170243788372299143 2.0491368524133539708 2.92709e-09 5.17204e-06
24640657.084188908339 5964 2.2518337237600172251 0.35528505738162002858 0.36701326696739494659 5.4895970630053660955 5.5020390219202317539 1.7961380796064914112 1.4270875658006203501 1.075464909299441274 2.1711e-09 4.68177e-06
24640657.084188908339 6746 3.0127064236879110837 0.36795537103990150207 0.16880241483774943712 3.3539447063553211592 1.8570721652985657801 1.7305117037499553323 1.3470299658419320199 0.98824823808780037915 2.1751e-09 4.68464e-06
24640657.084188908339 6269 1.8840069911261967395 0.044410226266662120032 0.10246270759628350877 1.4894582202937949322 6.1233900117387838336 1.7507621128596664306 1.7068800693551244851 1.6628804206007283817 6.27461e-09 6.66877e-06
24640657.084188908339 6182 2.0640986186723750961 0.30710464575093865403 0.19722988644290034843 5.9510289815204338026 2.6530901262811674712 2.3238214859029002746 2.0679204302793152692 1.7979884344017096343 2.64006e-09 4.99714e-06
24640657.084188908339 5435 1.7364433829883552107 0.28365782543509504565 0.067939775491370216209 1.7618342628611121103 2.8766199589535137449 4.0140988999291096206 4.2574817856660853721 4.5122921233159614118 7.17242e-09 6.97277e-06
24640657.084188908339 6415 1.7567355969157274487 0.37582981313286450975 0.14535454838372566244 0.66572759623297883547 3.3576960011076391055 0.208266716120300871 0.140555223483934566 0.087904140962776461388 4.5356e-09 5.98497e-06
24640657.084188908339 6920 2.2622781247005381289 0.11759903300880931998 0.20487382382327740116 4.1577598945896889759 3.306138540367238754 4.2054768107235940278 4.3115882157513167883 4.4198673920717910235 4.48089e-09 5.96081e-06
24640657.084188908339 6103 3.3304327016552983665 0.0795986229878558188 0.13002903731984918889 5.7206886791518245516 5.700422771219346707 2.9176609508434649953 2.8992413883108558714 2.8801388458693510941 3.07621e-09 5.25842e-06
24640657.084188908339 5534 3.2550094642260836153 0.12309486414625013528 0.12502307807620027802 5.28000834482672321 5.4851320949402548877 3.9896308886549860517 4.0861759281329490534 4.1859138827125850213 2.18919e-09 4.69474e-06
24640657.084188908339 5578 2.8729270898424945635 0.040135665578083581928 0.1873731210040135986 2.9937918489305381797 3.7633907515878632921 4.640405138780948846 4.6805055328174116624 4.7206208000832985405 3.04211e-09 5.23892e-06
24640657.084188908339 2992 1.5594090282787800295 0.14217279099391769148 0.17370666389192623846 1.0060478191571911033 4.9602395857501146992 3.5297699354649103576 3.5876714433689533834 3.6490092434863261595 2.07761e-08 9.93967e-06
24640657.084188908339 5643 3.2729857189621616165 0.038164812758684087124 0.087054382217521528164 3.4924671874384594084 3.4307569674580675745 0.28812785452667544206 0.27747416639452593401 0.26701978214805877077 2.47115e-09 4.88821e-06
24640657.084188908339 6683 1.5471774432682989797 0.38040433434881515407 0.20733238542219029066 0.065134487053799761114 0.7079165570603583868 2.9348916968247760195 2.834402377872434986 2.7193750909864493615 2.07491e-09 4.61158e-06
24640657.084188908339 5234 3.1132933186094655653 0.17472323859013719205 0.091312034172418968248 4.2708989906419567717 0.47749659757044998765 5.5647435694096287762 5.673329168400318423 5.7734018226869885382 2.35138e-09 4.80793e-06
24640657.084188908339 6292 3.3476345307361192738 0.033473792545381235441 0.27125975479294078818 2.2970068836209431851 2.8055016755931245775 4.0346582132483703731 4.06101671188834068 4.0876368314715048058 1.7586e-09 4.36421e-06
24640657.084188908339 6557 1.9713261328558344676 0.082912768329033506576 0.11032572340468695116 5.8635956575120156131 0.14960186110327522435 2.6794166384356716826 2.6409573316282912714 2.6011606132358209287 1.93092e-09 4.50234e-06
24640657.084188908339 6401 1.6177824892367222986 0.33611571366991849219 0.14205434140680217592 1.3942328338228138218 0.73640816944739051486 3.0042960480990594796 2.9471252042864972687 2.8821728425452168842 1.93159e-09 4.50286e-06
24640657.084188908339 5864 2.1669317851386442619 0.31638749182739195343 0.13297374949470189276 6.0309776527852188011 0.73864865371946886174 3.4519191836666349715 3.5690822268954054408 3.7002525575914586575 2.76427e-09 5.07431e-06
24640657.084188908339 6243 1.0636882010849226798 0.082847532078240276876 0.097259707780315243775 0.25223772727746957001 1.873911454550814204 5.1776050683749206272 5.2503878178543903488 5.3215319623212424816 6.87089e-08 1.48088e-05
24640657.084188908339 753 1.4822778896635635526 0.04469993108415854649 0.16062263689779690545 1.0121700171277947522 3.9454930689959164525 1.8725980963353250353 1.8296180509748738441 1.7864069754047922078 1.27811e-08 8.45356e-06
24640657.084188908339 6135 1.4524249858453417428 0.36031615308357106686 0.18244990357833817951 1.3530421200274806992 1.5651348879188164975 1.6417777152705130828 1.2692642037375390096 0.92520458056824317339 2.38172e-09 4.82852e-06
24640657.084188908339 6402 2.961249652005834232 0.11220364341762430194 0.22557031330029256311 5.8298921262934015886 3.5311216283081421352 6.0403190811216980194 6.065984394693599846 6.0901639600001926667 2.16272e-09 4.67574e-06
24640657.084188908339 5191 1.3220658641857754301 0.13250392805762026271 0.23934070784186672887 2.5109876202039638216 5.904225642557309861 3.6525133484439740172 3.7215750800320979153 3.7941884565574039989 2.79475e-09 5.09289e-06
24640657.084188908339 6242 1.8479251660772475496 0.25077569647495340233 0.35537875046940065049 6.2780422756012157492 3.4021036736106471388 4.7913388964334018283 5.0415511850133167826 5.2788636103621895401 2.33848e-09 4.79912e-06
24640657.084188908339 5118 1.7768863879893195268 0.4050186522247509191 0.2486953088722531624 5.0406816553829720817 3.0452789527557517779 3.8882436199128296295 4.2252474602547369642 4.5831521260553182984 3.95744e-09 5.71902e-06
24640657.084188908339 6395 1.7660668719203846955 0.10812311863065884876 0.23630729630969277144 1.4056607539650021188 0.51121092642212817569 3.8600543634318316144 3.9344364220453087455 4.0114581386593020085 2.27089e-09 4.75243e-06
24640657.084188908339 6129 1.7867861730920036045 0.24427728676626250803 0.45353701525862044619 5.3856340922683028083 2.7478960197760815554 3.2354599538263668634 3.2619813590536517189 3.2913185991136844066 7.14833e-09 6.96495e-06
24640657.084188908339 5885 3.4912267235036829049 0.0051874254575523283395 0.27710158205694263023 4.7127046186725980448 0.19131965603806153076 5.538914485286131395 5.542421960190674568 5.5459227016417402822 2.25928e-09 4.74432e-06
24640657.084188908339 5080 3.2319615995161599109 0.11442577270501504139 0.23327970062978950483 4.0310353080006198212 3.8894432691158478121 3.2813741666638573946 3.2983328423309803412 3.316194612904288519 2.57476e-09 4.95559e-06
24640657.084188908339 5548 3.2146848518585837695 0.17113845256329116018 0.32112238414510013707 4.8501630908116899477 1.4166041023385125275 3.5178931031198272805 3.5867459472587075453 3.6604375214079327705 2.11518e-09 4.64123e-06
24640657.084188908339 5240 2.0515465773607632904 0.13138488363168776552 0.14708434521253396787 0.81230913961122785949 2.4083648713737511038 5.2046848455365415376 5.3173358095779157395 5.4254041250904183613 1.54708e-09 4.18172e-06
24640657.084188908339 5494 0.95380035261213158559 0.35305504318401359498 0.33001726436364092754 1.6910819457677219724 3.3774933959377970716 2.332954525955402314 2.033315886107108561 1.7173559476065218821 2.97785e-09 5.20177e-06
24640657.084188908339 4963 1.9433020476896532003 0.20349906548754423397 0.2381780267091172798 5.8800213274299792943 4.6495941972256460417 1.8008535704991108783 1.5965272607653380188 1.3930955579896628915 2.1769e-09 4.68593e-06
24640657.084188908339 5818 2.0389178736696016436 0.39954668620829680847 0.31847717703074207574 4.4783756038244435516 2.7878386389079548024 4.1091461333106700238 4.4937064609677443983 4.8837375894765617801 4.47796e-09 5.95951e-06
24640657.084188908339 5310 3.4822778301340502338 0.025555659939825191296 0.32991308824563264634 2.8200747235205723129 1.4487680043035930932 4.8847816735929914245 4.9099062333361169763 4.9349650095311963227 2.51895e-09 4.91953e-06
24640657.084188908339 6997 2.8582787076393989523 0.24253501249887471358 0.15591669411577607773 2.0743794540541578009 4.1078917211454584191 3.1193558647560033492 3.1131130691147670397 3.1062067064363616531 2.77488e-09 5.0808e-06
24640657.084188908339 6793 1.2051281939635740681 0.12399333307742277377 0.24836988137790563802 3.1692531960028729188 1.6018334382451306919 3.6666700640480351936 3.7325937565175628663 3.8016819242972585968 2.0508e-09 4.59365e-06
24640657.084188908339 6702 1.7489611177791446472 0.53815099803912591625 0.34306476243652600511 1.7163042833354742456 3.241887829084536321 4.4361285463905417714 5.0286853549992462931 5.5401408033469836667 3.70623e-09 5.59535e-06
24640657.084188908339 6411 1.5341547444325480676 0.33268080369425601095 0.20788451645014996427 1.1424114405003193973 5.9674890465649896854 4.0005365270396735511 4.2904143618312113873 4.5939130672470200878 1.36815e-08 8.64758e-06
24640657.084188908339 5401 2.0533866409122110142 0.16450726930760065092 0.12307601850339790206 2.2806274052767214755 0.42812033258372950151 0.50240869925206654845 0.42808059772873052751 0.35978945756517288768 1.17442e-08 8.21848e-06
24640657.084188908339 5016 1.5163858042618361122 0.33338970474820439627 0.28411112384024761468 1.7932878345768912265 1.5875474363768293795 5.5358968122487182129 5.7423425717986074091 5.9139911385912249386 2.58541e-09 4.96242e-06
24640657.084188908339 5740 1.3944132974298966143 0.36222659292502673578 0.26631901767353927113 0.52023210238081818435 5.9616032480815563943 2.9625772726520485101 2.8807541827937410694 2.7873392946384618618 3.09097e-09 5.26682e-06
24640657.084188908339 6332 1.9927276618755618287 0.27491408636332143045 0.16735275267859822668 5.849723363328381609 1.1258627526498130589 2.2739190724046491887 2.0398522690894962395 1.7946301572172860261 2.19525e-09 4.69907e-06
24640657.084188908339 6272 1.7862740317036307491 0.42307256324837166916 0.16070429664454652374 5.1551068703461355724 5.0813725385913839361 1.5910435080290776799 1.1523875994649099841 0.76581069617247132797 2.92426e-09 5.17038e-06
24640657.084188908339 5691 2.0320339302792733704 0.3541170173766546303 0.079905164027408312477 2.9716620569324372347 1.3287553612397535741 2.0812844000755914564 1.7341455282890949618 1.38474246046208882 4.69105e-09 6.05257e-06
24640657.084188908339 6501 3.0519748441161040908 0.32329744154519507449 0.37190481584158524564 4.324214966626911405 4.4649371785743303676 4.8881942998063614425 5.2034202134816407437 5.4885191132845507767 2.93548e-09 5.17698e-06
24640657.084188908339 6225 1.7682760052400385842 0.2487347135011664101 0.14863390030945092257 2.5996738196134741017 1.9211882761308411993 3.5412192202954182463 3.6523778361633065792 3.7739748752461621528 2.38341e-09 4.82966e-06
24640657.084188908339 6692 1.7115172816246106979 0.099553567616999086298 0.080732487561669077913 0.70409302128251749497 4.6058312670127072863 5.0981533919043453551 5.1888541549945648157 5.2773196141617626509 1.32225e-08 8.54977e-06
24640657.084188908339 6140 1.9352619168713947051 0.19481019419732123477 0.045428250811095215178 1.0108558101085618475 1.7593278307255857396 2.3776316807933239872 2.2314200419429233158 2.0775960292591544309 1.67728e-09 4.29587e-06
24640657.084188908339 6655 1.7386235626270456489 0.24558692816287952532 0.19273321437049564797 0.17416413963425830813 2.6251157498725015138 5.6169199542256844637 5.7570742134842696203 5.8804016206485751894 4.63012e-09 6.02626e-06
24640657.084188908339 6121 1.8737800106221182972 0.45042092563837232699 0.35012983090594884672 0.51182521894834276388 6.1918082407317918126 5.0239668688871121915 5.4400683355631116456 5.7764066320369149565 1.90564e-09 4.4826e-06
24640657.084188908339 5251 1.8793804993330183173 0.53338868887261592366 0.09211344175276733881 0.071833065018374997468 3.9483821293173479994 2.7043557060049208118 2.3758479479437486503 2.0061701029947425212 2.36533e-09 4.81741e-06
24640657.084188908339 6255 3.252839107751819725 0.12550611752062734716 0.17523858268755679313 3.6004374312660361035 3.580988369216230538 5.6148757376171154476 5.6892422646522682328 5.7594796452599466008 2.45838e-09 4.87977e-06
24640657.084188908339 2182 1.524548040327458498 0.10484522201514691331 0.083117179986969033645 4.7690088552735652172 1.432119169924682911 4.7993871699261356767 4.9035539927972173757 5.0064893066269862132 1.98345e-09 4.5428e-06
24640657.084188908339 5176 3.105434504138531171 0.11759090214747978942 0.1094489413998253613 6.0945529398004465449 4.7857744256407910299 6.0567311802344825367 6.0817832924787218474 6.1053065531689352241 2.68297e-09 5.02406e-06
24640657.084188908339 5288 3.1391870516307545103 0.26926383686783500471 0.26053333529980082783 0.018003105972293400455 0.27526851075394115353 4.1354776662871444159 4.382733391327450434 4.6374984183883558586 2.94866e-09 5.18471e-06
24640657.084188908339 4971 1.758145640568331558 0.11138444285824927737 0.13971227168080571635 2.5430704471674476785 5.5371714767902675547 3.2418599697425021233 3.2537024199208146591 3.2661635622707021476 1.60974e-08 9.12926e-06
24640657.084188908339 5853 3.1207098394030179378 0.094304622877234983713 0.20309842600286706626 0.071092965918700165573 4.0400646408341351901 3.780143492291414109 3.8386828842002662654 3.8992254570584510276 2.34516e-09 4.80368e-06
24640657.084188908339 6126 3.028460089096507879 0.24294170368464829135 0.18015748217331772896 3.2697502469564674321 4.6055833150503397988 4.1866852114009978081 4.4131186324643509877 4.6452620297128106586 3.04059e-09 5.23805e-06
24640657.084188908339 6186 3.2392163749427478336 0.047253441333336129726 0.21701548459579256267 0.0075980336749860285725 6.2459129777164585917 1.8535567578050309301 1.8078609471358841887 1.7619291119487443531 3.14704e-09 5.29848e-06
24640657.084188908339 5890 2.0596116208240693446 0.32428996395155113008 0.42060739637783306488 4.3156198888547931958 5.3554687378361203187 4.5662616438078567072 4.9010435264416125634 5.2195797585693197718 4.73576e-09 6.07174e-06
24640657.084188908339 5367 1.0971510249751832422 0.23878056350759324644 0.33976834264483568582 3.1410725890663075965 2.8979203876756320923 3.3917012500622640836 3.4596174396677796814 3.534281974089948708 2.85701e-09 5.13044e-06
24640657.084188908339 5160 3.0284661114629090051 0.083685557115185105204 0.20557949632028721387 5.730811822417884116 2.1711867700884877053 2.231059096722501689 2.1631244947724854732 2.0936953475368951239 2.48083e-09 4.89458e-06
24640657.084188908339 6162 2.1208673725469706639 0.09656282032499895196 0.25817221974918180827 2.3024280950772966214 4.9308194075902624931 4.8993172414698742401 4.9935027329727823542 5.0862751777867813985 1.62993e-09 4.25507e-06
24640657.084188908339 6691 1.518808582193744483 0.43508261529372604937 0.26286053720842300629 6.1736845535500624038 1.1105073454842606662 2.9416725162300538798 2.8245676410482314367 2.68893446042192652 1.99622e-09 4.55253e-06
24640657.084188908339 5888 1.5459722433040139489 0.12012144399091473357 0.295682542980578833 1.6341210864345994125 1.3244800923787203306 4.0297143607619965167 4.1268750672272291879 4.2269876652663924688 2.79797e-09 5.09485e-06
24640657.084188908339 5767 1.8998277401543590681 0.41572749641855472058 0.22774766747735283867 1.6313198399796067228 4.4213801701556754153 5.3360715080121794429 5.6471218300051706507 5.8940778291069086947 4.97944e-09 6.17415e-06
24640657.084188908339 5626 1.6961545057866962427 0.27479173068530343693 0.14084189203959859849 1.362349598939797124 3.4320587742112831364 4.8286510685193970716 5.1008018911392927208 5.355124739653639665 7.93289e-09 7.21097e-06
24640657.084188908339 5231 3.1549178143910467931 0.067132233833274421175 0.23854564404695247082 1.1107241508071663549 4.0286601974494402612 1.2749213491048136948 1.2112789513188433332 1.1484387006593408387 1.89135e-09 4.47137e-06
24640657.084188908339 6089 2.012006723442738565 0.30604564489622204659 0.17782374686590743385 5.9252377231948401004 5.7126790916967848943 4.408226240699037568 4.7196013044412676862 5.0256389894892254944 2.91473e-09 5.16475e-06
24640657.084188908339 6474 1.2000287090250427724 0.32689769277869706876 0.20810833475019452354 5.9626168184717407428 0.97719020778618603806 3.5255636028985679609 3.6744477399900614678 3.8405100243017966655 2.46607e-09 4.88486e-06
24640657.084188908339 6268 2.0221509856644321879 0.41661852064395232809 0.51779949367600142107 4.8483897137128604271 3.1677918795666797358 3.7791320807685209182 4.0915990823065246929 4.4304846045086039297 2.30383e-09 4.7753e-06
24640657.084188908339 5364 2.6614446753175871052 0.25883213368769303342 0.14259517578267630333 4.9598891301555605438 1.2374337214701225385 4.8395648366954482356 5.0950679961595009004 5.3351781810434690811 2.91675e-09 5.16594e-06
24640657.084188908339 6586 1.9934074931035661304 0.25926723084155406385 0.1886467439857467121 6.0197434958688242901 3.3268632398831767816 4.8291960739464974139 5.0857926873243126664 5.3271941022220525852 2.89513e-09 5.15315e-06
24640657.084188908339 6153 2.7586641137539329449 0.52852571735291964394 0.55414734250014230366 5.0913374187163187301 4.7579757327289851077 4.0488922941628056051 4.582520129559918054 5.106595071911209871 2.21408e-09 4.71246e-06
24640657.084188908339 6171 1.6205476039500896768 0.22842642430537585252 0.23728306067770929544 4.1258725591169422842 1.4542238392448676443 2.3900377942260742081 2.2178108891989727347 2.0355524160608280404 2.39216e-09 4.83556e-06
24640657.084188908339 6100 1.5242617698864184828 0.29558488735490867638 0.1001887626532247666 1.2284336055361473328 4.8077383367076551579 4.9364151777994553782 5.2197114292500703669 5.4780669558235164374 4.52552e-09 5.98053e-06
24640657.084188908339 6253 2.1092420801091087412 0.2874015756056647608 0.16138414416371105187 4.7794873189413458192 6.143819635820325864 3.9155995957882838709 4.1438983039001922037 4.3860957776192455171 1.17298e-08 8.21512e-06
24640657.084188908339 6895 1.7434381862424417342 0.40656390776067158344 0.11332722438961924383 3.053076309200770222 0.39826985508644324741 2.1499533227731952856 1.7528397724532032154 1.3529940073115429566 2.5437e-09 4.93558e-06
24640657.084188908339 4732 1.4183709413514318243 0.16686293727935311293 0.13493051950544301953 3.6846629954013927488 1.0235356521937033492 6.1021428644461526147 6.1300879286712248728 6.155534528112661441 1.92787e-09 4.49996e-06
24640657.084188908339 4786 1.5369893391990507858 0.25921163159031612722 0.11748458602329520106 0.058726342248400578705 0.9539771868069573113 4.382874665107729939 4.642065518544791658 4.9006364630249468206 8.41208e-09 7.35334e-06
24640657.084188908339 6029 1.8699481011034064792 0.18061342357074222642 0.063258150025432224872 5.0862322823931664928 1.5805024832446792349 1.6953067710879889951 1.5130451384377805457 1.3327328220885243937 1.2969e-08 8.49478e-06
24640657.084188908339 5692 1.4893254423091519811 0.27044083636584137498 0.16267608635139738094 2.9789022972186236515 4.3636944633684029426 0.46549788809089215347 0.35547286673763417442 0.26135033961004416891 2.38697e-09 4.83206e-06
24640657.084188908339 5921 1.7287295461652600892 0.2250724880313119125 0.11097786014631280671 4.152340069670590772 0.51674646336775698074 3.659893001547107616 3.7850946406981607062 3.9201382916645446386 2.32801e-09 4.79194e-06
24640657.084188908339 1123 0.73916481389496624388 0.06882726672439239135 0.048620436964776463096 0.76777244042490677689 5.3369570656671667663 4.0647304682857257063 4.120837159500434943 4.1779690428342464159 2.24683e-06 4.73559e-05
24640657.084188908339 5717 3.1709567828128792932 0.14700528608565693878 0.21733020208466444223 3.5888683024106580177 2.1139242091442889127 2.6883042422112879422 2.6189965121302569706 2.5456215516765006157 2.31886e-09 4.78566e-06
24640657.084188908339 2895 1.6373331720269979073 0.085999889317489822127 0.057224928651821868608 0.90614036590932789395 4.2244154842835177632 6.0366069939323416804 6.0567933880693596294 6.0760971795148961405 8.56806e-08 1.59396e-05
24640657.084188908339 5459 2.9639252122644013099 0.23133474659637134896 0.20030365481548498274 2.9544158130210003144 2.4162491847139468959 4.2417546972094850588 4.4616216089270821499 4.6857207334154695744 2.51526e-09 4.91712e-06
24640657.084188908339 6313 3.237060440687396845 0.075241978050860525151 0.35964910177141751202 5.5572157931768639827 1.8402180455621146571 1.1672980846178171443 1.0990369944404039249 1.0320136877728853797 2.33149e-09 4.79433e-06
