26119096.509240251034 0 5.398448728706913613 0.035476448861712077398 0.013978894001427970978 0.15496560972078957108 3.6583000230040241263 3.6762578608263729585 3.6946205265381939498 3.7132551047769193353 0.000954961 0.000356051
26119096.509240251034 1 9.0143927118395303921 0.079185968051594265993 0.061693355185641986227 0.85287922588126641177 3.774908494365697198 4.5563059849283318314 4.6350975256554871606 4.7140470841760135912 0.000285285 0.000238018
26119096.509240251034 6992 2.1405373739601434302 0.28424239672856216332 0.060862912498199243927 1.4963760286508891451 2.3623187554834808033 5.5580692306826886551 5.7312634852884825065 5.880298784153625391 1.98059e-09 4.54062e-06
26119096.509240251034 6819 2.0084185474242719494 0.20643835100651994341 0.17785752973787660736 2.9592967957142222168 4.8220896556184902337 3.2583095149443161986 3.2854194111135179845 3.3150085090122369813 2.46721e-09 4.88561e-06
26119096.509240251034 6751 1.2708318123974218228 0.36582605471718671053 0.21195183537032299959 6.2042086143139512089 4.8353291754452447648 3.4186039813047863767 3.545172353528266207 3.6888369871265109801 2.66624e-09 5.0136e-06
26119096.509240251034 4781 1.6046241083988110887 0.35526925830960837116 0.16457728760689327441 3.1473138741478567937 4.7488719744948859613 5.5954469520049645581 5.7989013696292932565 5.9643057684027880327 2.90062e-09 5.1564e-06
26119096.509240251034 6207 2.9189950530280670549 0.035595026288234112022 0.17410944299335986973 3.020888456320283133 4.4100574096908147226 1.9828023543509831761 1.9499442872938113069 1.9168772077650106933 2.10618e-09 4.63463e-06
26119096.509240251034 5588 2.7893245137507372 0.22391682300996584853 0.13490340709572443134 2.911187012374731875 4.6148592242263175578 3.5293272931156183247 3.6250619134990853532 3.7291504562008781498 2.40685e-09 4.84544e-06
26119096.509240251034 6582 1.705386553822092921 0.2735877282592169002 0.19099100884220701624 2.7905700182919197516 2.568488296900089729 4.3081323260241628503 4.5777950670153462198 4.8489084418217487382 1.86721e-09 4.45227e-06
26119096.509240251034 6171 1.5565182698059638611 0.072246651504738745864 0.29215228567023832085 2.6246200753402288974 2.9287909076713716239 3.531871450212789032 3.5603439435058636953 3.5897208734788712547 2.39216e-09 4.83556e-06
26119096.509240251034 5921 1.6916169350545291472 0.18391602242202487183 0.19166311416001460821 2.8539806845662818446 2.9749722711669739361 3.6663085018419323546 3.7672616610076383736 3.8749701819499078326 2.32801e-09 4.79194e-06
26119096.509240251034 6443 3.1963097718918880297 0.21893359321574129561 0.26672330380492531576 5.3990077572526011807 4.9914640787838546743 3.2090306879578340826 3.2258210867042165226 3.2442397238924045588 1.88164e-09 4.46371e-06
26119096.509240251034 5990 3.1240291330331619868 0.066404389290298321269 0.17857048409890960428 3.4284022181650830596 6.2052784834422736182 3.8344647514550906919 3.8780349613905995554 3.9226358948475659183 2.30118e-09 4.77347e-06
26119096.509240251034 6883 2.1922947326697612702 0.17538131331121700751 0.09407191170571556349 0.31135150151455132095 2.0071925029294082066 2.2995103613584881863 2.1596316907326329471 2.0137866822629630903 1.23696e-08 8.36184e-06
26119096.509240251034 6035 1.5332691932722426476 0.25752692706310920112 0.12747219618892288717 2.3016180918978674796 0.83886070160320558298 2.5391122714304747987 2.3730975728838448191 2.1941024384411162984 1.02512e-08 7.85432e-06
26119096.509240251034 6367 1.7767502491322531011 0.56121962046310547301 0.22762105136535426553 1.262197215530105554 2.2210212807982054883 2.6543696777732237457 2.2647829530720620106 1.8333721640985067847 1.45694e-09 4.09887e-06
26119096.509240251034 5467 2.9613158815650137967 0.16823752594642260583 0.15432829475946407971 4.8081228929411574669 4.3196323720445386485 5.1895579251126608966 5.3341858412133902334 5.4709348716404528901 2.43648e-09 4.86524e-06
26119096.509240251034 2413 2.1544772145114254869 0.30350432261797588573 0.40315563933893355797 4.1667476660043263337 6.1916990633766282315 0.88072019775565679733 0.66344531415549712339 0.47653673597819129482 5.65036e-08 1.38742e-05
26119096.509240251034 5694 3.1342378150387255609 0.13161180793271487488 0.29415560732328266402 2.1800743798624941938 0.84521971428562003847 6.0023894381316056368 6.036830300658705184 6.068926557032521707 1.21025e-09 3.85309e-06
26119096.509240251034 6253 2.188266621135726453 0.16645305090286904859 0.22079357619848266614 5.6140253511137885312 2.9462730790646483037 2.7041548720258976601 2.6273507217779368261 2.5454766329661828728 1.17298e-08 8.21512e-06
26119096.509240251034 6484 3.155501842628382736 0.12092611279323273177 0.23524063660292476863 1.3976810840576381345 0.85749534634021218338 3.6689725515881557172 3.733413439308581605 3.8008748604617932365 1.88476e-09 4.46618e-06
26119096.509240251034 923 1.8916896536090479497 0.1590754614577684356 0.11806416439742271896 6.1190964896120547678 5.3725170773355408471 2.4986291197845735823 2.3961606242289805735 2.2882614365773776832 2.53731e-09 4.93145e-06
26119096.509240251034 6888 1.9642840525250775396 0.41229789134576022569 0.53738906069517322628 0.74230563437112451197 5.9950760043366493335 5.5504093163875323214 5.7978856884822942419 5.9902116891861316716 2.28028e-09 4.75897e-06
26119096.509240251034 5448 1.9111869555183647051 0.086431606063018681652 0.19308667139172969174 2.5574800929767169677 1.9273778392524982817 1.6932243257022392413 1.6068756815267259963 1.5205003242297476795 2.56033e-09 4.94632e-06
26119096.509240251034 6528 1.7671505235230562381 0.18892894663483578155 0.24204394789172484215 2.4850377871676374575 5.2743879746521082907 4.13315712471595198 4.3010926701649427883 4.4742655719806343484 2.31313e-09 4.78172e-06
26119096.509240251034 6764 3.2876786665530617348 0.027139754634309749132 0.28955014248516780517 5.565521797953644878 4.5315198015264730458 4.0133079510542426505 4.0342677683398591171 4.0554029259311299427 2.4069e-09 4.84547e-06
26119096.509240251034 5259 1.4835149462503458562 0.16910138048354234064 0.14781080060113221952 1.1204073315362699237 2.8012627191165315743 3.2000941359333991976 3.2109781243334127865 3.2227018908953026788 2.21606e-09 4.71387e-06
26119096.509240251034 6618 2.3848451237784247247 0.58744905622836063319 0.69241675200905017373 0.53051667699851567939 2.7851951918888002702 3.647101444327162767 4.0794817775354950129 4.5531486089877217793 1.98254e-09 4.54211e-06
26119096.509240251034 5328 1.7597574256665662329 0.44132653941655880514 0.68939457667618209147 1.7326362403598296602 6.2596716824530860279 3.0252312293536820498 2.9550237287360725524 2.8731627487528577092 2.1043e-09 4.63325e-06
26119096.509240251034 6498 3.2221450811602161401 0.067001889095337913149 0.12644695688977966586 3.3115947193333217236 0.88543645343483445842 3.1155973454658139055 3.1137933658333829534 3.111931000932550706 2.50157e-09 4.90818e-06
26119096.509240251034 5668 1.5237889114759350928 0.31313386402597714886 0.18818819611936105085 5.9625795097131115696 6.2541827840301191799 1.8348553476353408609 1.5139930002195411962 1.2013641820394393989 5.17696e-09 6.25473e-06
26119096.509240251034 6300 3.2502705247610061967 0.10019199502195436091 0.25905788695192999427 5.6390869221919341925 4.0872621709679277657 2.4862075706498831806 2.4224730895977168998 2.3564743681914035456 3.26125e-09 5.36181e-06
26119096.509240251034 5204 1.4054400954707166882 0.52816676032896636706 0.16581187587358642288 2.0166938445223747678 4.4533077881429132816 2.4379592195287309586 1.9739612197729834442 1.4881408021121238505 5.21728e-09 6.27092e-06
26119096.509240251034 4755 1.881645028449768331 0.056666436810662683399 0.079004384025113422174 1.7443213402973312132 1.5529660908776119488 2.0438035888632390957 1.9926688773994007953 1.9409707391255974773 2.39615e-07 2.24572e-05
26119096.509240251034 3800 1.7833786957844115495 0.28365419854290668811 0.10398579867212127958 5.3540511883948402883 3.6488423280642319213 3.1580645228822650239 3.1636421042578515284 3.1698960167339365057 1.79108e-08 9.45995e-06
26119096.509240251034 5861 1.2233812398762859974 0.09821257328012006349 0.18433842004714925955 5.3246482727804540502 1.1949098294319484559 2.8823686444544915908 2.8558735829360668568 2.8281926202787812663 1.95257e-09 4.51911e-06
26119096.509240251034 6719 1.5509564284617733954 0.094712411328376669428 0.27966322995337827839 0.78310585381904584956 2.8836045065846405144 0.14315794738365297811 0.1302227868658796528 0.11792390230126843786 2.09817e-09 4.62875e-06
26119096.509240251034 6923 2.2630122998854060867 0.29822396771450204733 0.59145288551387065201 1.005870360999501445 0.79327097896761100682 0.044482278941099878677 0.032707276615066095682 0.022954921816326787076 1.67707e-09 4.2957e-06
26119096.509240251034 5480 1.4461725196220189815 0.27041480372307835633 0.23250747650604761119 2.5508224456714509998 0.51449963770241158301 3.8860010142658105714 4.0930033887380528057 4.3131846664572286443 1.6026e-09 4.23115e-06
26119096.509240251034 5093 2.1116937596079012884 0.098469505834136120126 0.29561721070221275154 1.1534252448730921703 1.022388727242431461 4.2764920822531600209 4.3678121047697242574 4.460493422158323007 2.98948e-09 5.20853e-06
26119096.509240251034 6676 2.0097439832181236419 0.12369879677111225713 0.32093084597519228041 1.3184155782293038861 0.49205915460853061338 4.9272409645249730659 5.0468338368676821659 5.1636788145961496355 2.23147e-09 4.72477e-06
26119096.509240251034 6526 1.4018728190033555858 0.27864753071156100894 0.13315421592602685874 3.5345459424394345405 5.7463474008986592523 3.2072478589603794497 3.2289803655998485787 3.2532997552086522219 1.74858e-09 4.35591e-06
26119096.509240251034 6951 3.0207293277474791537 0.050386634763573634466 0.07608005440710080558 0.6071732249100072476 2.9746483442540072595 3.5704332113923720193 3.5918892360533560826 3.6138191406857127497 2.54062e-09 4.9336e-06
26119096.509240251034 6202 2.1106174936114787677 0.4897436837485256711 0.4961489236448859419 5.9691485698355419842 1.6178138693513688384 4.0424595569812780127 4.522740915572923015 5.0037038086997389641 4.75227e-09 6.07879e-06
26119096.509240251034 6083 1.9902978530243824462 0.22374956324369454919 0.17137873087788502158 0.57314819461100174891 1.9814655180636238097 2.3942918917279705227 2.2266961242928600129 2.0493747101671071498 4.91269e-09 6.14644e-06
26119096.509240251034 5773 2.0425785596643106778 0.10450683988007011815 0.18364871113540695569 5.029623941571985668 2.8559900110621856406 5.2639807677188121815 5.3507929423344426922 5.4347169388093456988 2.82024e-09 5.10833e-06
26119096.509240251034 5027 1.4527422280225088524 0.3888833434772419051 0.069961043007156720197 1.4641345436868367091 1.7743444970818900153 2.8393459263039546592 2.690261485731504365 2.5206446509771818221 1.92434e-09 4.49722e-06
26119096.509240251034 5146 2.783148062976902537 0.093306371638515947509 0.10550986402871308234 0.37849731181424239868 2.4648173857076409732 3.6379511846681467091 3.6843843026517122397 3.732579694135728765 2.55901e-09 4.94547e-06
26119096.509240251034 5492 1.7951367459726326192 0.17122390059235412241 0.14539591882581434645 0.78290458973027787781 5.5189677952371276604 4.4279684019103031645 4.5972368675530317361 4.7673268067656593416 4.51271e-09 5.97488e-06
26119096.509240251034 5047 1.7027944695025836186 0.090188603709026649025 0.32611521798286624563 5.087638087201328041 2.3218087695424358685 5.7889309844899363711 5.8301556587254941277 5.8696304504491747522 5.4862e-09 6.37687e-06
26119096.509240251034 6657 2.3217551375348741693 0.17853580506174687725 0.2652410344900000827 0.62873639876511555613 0.63659628877943541525 0.73827098065217078293 0.62482260849550330661 0.52038748127319012227 9.52311e-09 7.66378e-06
26119096.509240251034 6413 2.7698637936054861797 0.18698730563470966626 0.12317212895045083487 2.481867643138689683 2.0933466838081469241 2.8836944450598407386 2.8307627806823369987 2.7735729288248989199 2.71272e-09 5.04257e-06
26119096.509240251034 5928 1.4603163290450498213 0.13595228840719739138 0.16736411355192812311 4.7673919327445561933 4.9264144975878050303 6.0235494721650715277 6.0564409606005664699 6.0870039052117492773 1.85148e-09 4.43973e-06
26119096.509240251034 5018 1.5298594354888361835 0.28667591135831160809 0.26374456958609376889 0.57794524394472701623 3.8610975841865791125 2.9395320126518944548 2.8709527784033523901 2.7943105253174458369 1.65949e-09 4.28064e-06
26119096.509240251034 6615 1.7340372104269154985 0.35166772521252753769 0.18193660483349438639 2.8292163165344588194 6.2494273778732756242 5.5600884699624240071 5.7708718662993412352 5.9432576203681311 4.67657e-09 6.04634e-06
26119096.509240251034 5423 2.2133591481370515908 0.5240280738610051392 0.70445796317958053745 3.0332208012547661191 0.6900538605325784447 3.5963329049401209225 3.9266496816690015237 4.2970670590913009335 2.52578e-09 4.92397e-06
26119096.509240251034 5626 1.2232366694653447059 0.29609725047945595344 0.054731328598539151498 5.3572242169981176829 4.5093947790828101674 3.3258849174427176365 3.3910753226710812491 3.464182526708735832 7.93289e-09 7.21097e-06
26119096.509240251034 57 1.7043512155132933827 0.23429898449201777555 0.081981422788723737338 1.6897679545925252675 1.4007803073435702856 2.1299962726508172572 1.9158564256247347934 1.6953681653263292795 2.40925e-08 1.04427e-05
26119096.509240251034 1124 2.0352009751220845324 0.21854532263326131858 0.2000829774601192157 6.1717963942078961637 2.1054960433807270448 2.5519203590459347275 2.4166556324744528084 2.2717407856473781358 1.32419e-08 8.55396e-06
26119096.509240251034 5020 1.7319531551336826425 0.25705877912303631838 0.19963611350241827758 1.6510666051025173484 1.8186854394876921237 1.6525526635063667591 1.3906694087162827511 1.1377695931497595616 4.40916e-09 5.92883e-06
26119096.509240251034 6161 2.0364284677431956361 0.35078604443733468754 0.095274848344812909651 2.0622806356406826467 0.079308333671523068009 3.8939972592385485584 4.1774107544509213596 4.4791848781817256153 2.19638e-09 4.69987e-06
26119096.509240251034 61 1.6470527506068717294 0.11759541004227340444 0.028604117160822548072 6.0134700467770905163 5.2605066045866903934 2.7579341351187136588 2.7112150004382136181 2.662152543567749774 2.32681e-07 2.22384e-05
26119096.509240251034 6451 1.619733331401075338 0.24546212249156798557 0.14097340165606075946 4.399757664486136477 1.8027076632106173726 5.4827376129296014895 5.6469768721626918406 5.7928181818911816947 2.57122e-09 4.95332e-06
26119096.509240251034 6876 3.048532590069027659 0.14157433293391183393 0.15341249467622666836 5.5918742791996685071 1.2870889680933479404 2.9180630033235224197 2.884172842196944142 2.8481299664387500492 5.7202e-09 6.46627e-06
26119096.509240251034 5132 1.3483768921153300724 0.17004343537438040834 0.27401847354560454617 1.6496998434227543306 4.6234828716058693487 1.2787608249475530542 1.1190106197414095845 0.96602782144804610898 4.5221e-09 5.97902e-06
26119096.509240251034 5470 1.7112927502919892397 0.12423856126259470722 0.27895266297636561736 1.5760086997117890295 5.8127663994274030301 6.2763103260348822587 6.2771174470677708612 6.2778713046519474261 2.3944e-09 4.83707e-06
26119096.509240251034 6270 1.8768121819681617968 0.34674086925417252347 0.24160489600948820144 5.4621947391262555271 0.52913807389166078732 2.5593075928209807479 2.3289687037843478379 2.0772022778383707475 2.07589e-09 4.61231e-06
26119096.509240251034 2778 2.0423881299484469842 0.33802093200344429658 0.18397244350550451264 0.35920399805062658283 4.4102975190370878877 5.3334975647884963479 5.5892596801760978664 5.805444311598280116 1.15158e-08 8.16485e-06
26119096.509240251034 5605 1.72206190848318208 0.35312325697560192905 0.31569532064347582967 2.2891997718539243145 5.6879849393417565295 2.4727351616690795844 2.2102042404235553441 1.9268407623423078334 2.44051e-09 4.86793e-06
26119096.509240251034 5518 2.084676646419403756 0.53261370888929804313 0.43751555917067674883 0.79783992069086795418 4.8297122028662471394 3.820932219435793975 4.280056784695340788 4.7636652677507376197 1.73658e-09 4.34592e-06
26119096.509240251034 5490 1.4259152084446164999 0.2129547963338987715 0.27659836282553323938 5.5245475716082790285 1.0475226958529537669 0.55426603613115510427 0.45048973055693580791 0.35776783688710717124 5.31486e-09 6.30978e-06
26119096.509240251034 5374 1.8584403166497422966 0.47967187321713500303 0.3624292421936288755 2.9343853756511650843 0.0022022700028643121817 1.185620571223297226 0.76009155343955936424 0.429603483133462416 1.21754e-09 3.8608e-06
26119096.509240251034 2768 1.4110079777589390471 0.016088449083469038431 0.033290869871929890111 0.20692724619690985866 4.148454083351971633 2.9900056356390360968 2.987556532445715618 2.9850881186370865628 6.30548e-07 3.10044e-05
26119096.509240251034 5194 1.8757009588444681913 0.12418022428703814897 0.14015513080773039922 1.8779723561022034772 5.9724205493879614082 4.2729988738861628406 4.3887634835516369236 4.5064973536979975322 4.75382e-09 6.07945e-06
26119096.509240251034 4105 1.294363796198731098 0.28092921767705791858 0.0563308240421459272 3.3762004400812881677 1.9224035921923068315 1.5244502303940541399 1.2418414987350663292 0.97597556315891786927 1.26705e-08 8.4291e-06
26119096.509240251034 5888 1.6619484901784622455 0.26598808107512988963 0.35424296365147134313 0.42882139639917055129 4.4313763341719845101 1.0328538848340291789 0.81618849173650398487 0.62240547307775473396 2.79797e-09 5.09485e-06
26119096.509240251034 5952 1.8771186957345542545 0.39539238336052590084 0.44913714948893690426 2.4147070607711764723 3.3504700534829501279 2.4131406548865479422 2.0916708155165699701 1.7487136572637103082 3.30338e-09 5.3848e-06
26119096.509240251034 6639 1.5216724093280968866 0.1496458167009462048 0.32103760650904944463 0.50412736499269128476 0.1636004117038251382 0.43078877464140108433 0.37198344451779552511 0.31759258652357713615 2.07227e-09 4.60963e-06
26119096.509240251034 5312 2.990527345890838351 0.01563134531785202383 0.16156790775072349398 6.0364347927875847688 1.2566471695117924501 2.9967139242094091856 2.9944394606950592852 2.9921475507931201143 2.46345e-09 4.88312e-06
26119096.509240251034 5514 2.1258998690126968967 0.36168697163881857737 0.22061558452104165773 1.0280352900476881217 2.917347049958947558 1.4973231220934213326 1.1331145089934482328 0.80552136781059102688 2.23079e-09 4.72428e-06
26119096.509240251034 6734 1.9648997609163072475 0.16529150342758322512 0.16143080768811618464 1.8483940164394532246 0.28332621436150678962 2.5717753019317162178 2.4752959874577742383 2.3731327832790327648 1.24231e-08 8.37387e-06
26119096.509240251034 6073 3.2356883080704479383 0.069341875949899961507 0.23344810060109688621 5.690696115188727866 5.2726065425182344626 0.64232918894586710223 0.6018692867622057463 0.56260900700453286838 2.87152e-09 5.1391e-06
26119096.509240251034 5364 2.6377122892749533811 0.088512246338804043133 0.052658625459266403257 5.0608815920388137144 2.4033679649663004518 2.4574252006262966574 2.3993945720683669265 2.3395683043014621205 2.91675e-09 5.16594e-06
26119096.509240251034 6028 1.5866977223646010486 0.23818561470323804108 0.12081771700100166211 0.81300908734677823642 4.3150139924220134446 5.5311123506135784211 5.6825289606853210955 5.8171476729300852782 2.1303e-09 4.65226e-06
26119096.509240251034 5806 1.5938804882830588383 0.64728240158373095969 0.29736086560043384353 1.7908318724907332786 0.41500112276140593837 1.9832829455624254589 1.2315945927483851197 0.62119396923785408227 2.32886e-09 4.79253e-06
26119096.509240251034 6521 3.0034644604089622 0.067035928345311857068 0.17862155270793783624 6.0642247998266798348 4.6803593623458636941 6.1357534701764766538 6.1452952411426693402 6.1545095651399588377 2.953e-09 5.18726e-06
26119096.509240251034 2010 1.8201117985488439732 0.19800470480215040525 0.14868860728896840517 4.7771166125397801494 1.5429100560334190195 0.89287885980166414868 0.74656831838739334817 0.61209860528439319349 1.54172e-08 8.99881e-06
26119096.509240251034 5455 2.1665762265799912711 0.13964219930834229078 0.19391849075993913831 1.1603935344373821348 5.7337975836762433701 3.8246004895058578477 3.9181959100986771816 4.0160656223039321588 6.22928e-09 6.65267e-06
26119096.509240251034 6780 1.9209050510409555468 0.42256549375342022934 0.22034209776023641614 2.6500533683543014973 0.080494817586094405404 3.3539749884511977918 3.4731327932035180872 3.6106777265325140647 3.2776e-09 5.37076e-06
26119096.509240251034 5170 1.2746999662979425771 0.48593076869271528695 0.017735474304377774057 3.4569542573589520096 0.99821464674119986249 2.9478884502413014168 2.8141882329365519588 2.6579195007269658113 2.19546e-09 4.69921e-06
26119096.509240251034 5540 1.869649878667480003 0.17832822287027183528 0.10260082843569767741 5.098036170765311681 1.2044447711370305232 5.7100379223850641353 5.8006157240885638515 5.88337015847303757 2.31531e-09 4.78321e-06
26119096.509240251034 733 2.068516752348822596 0.13601116869116655628 0.11868325919074153296 0.89710332903582301611 4.2555831543954072416 3.9432567768540907061 4.0462461673875029788 4.1531796563342497919 4.51209e-08 1.28719e-05
26119096.509240251034 5469 0.99854300441857335446 0.21947592292073692111 0.13761409334399793414 0.13893652515270477066 4.9466029174396863866 1.6716672020967755508 1.449035241220216097 1.2311842581241101424 2.51139e-09 4.9146e-06
26119096.509240251034 93 0.95736478868635110917 0.070600868589444892853 0.023640557000204148741 0.74050974477069364532 2.5560805778165240909 5.26110782093774354 5.3203102265137429683 5.3782620384970769578 9.6366e-07 3.57129e-05
26119096.509240251034 5525 1.4639635026720221322 0.33524385493735636699 0.10012539815849992586 3.280639628395189078 2.3653842895874341856 4.990520861465653546 5.3048514597958700278 5.5829590788340599516 2.22151e-09 4.71773e-06
26119096.509240251034 5178 1.8857821644741585843 0.21932985165477469902 0.23474601235624117934 0.69623928362647446999 1.3456726864375592179 5.638662059622817857 5.7610366924950859868 5.8704260519695434795 9.33283e-09 7.61239e-06
26119096.509240251034 3770 1.5760618158111783238 0.419755345185743034 0.1109930560047866499 5.6618728521750911753 3.948416591120530672 4.8162024240973924094 5.2377961787756079914 5.6009348292963725413 1.55823e-09 4.19174e-06
26119096.509240251034 5688 1.2465511735203884669 0.045204673811389858851 0.36000116711740337561 5.5944982287832329959 3.7015419990547044904 2.913099998913118327 2.9026248357679125256 2.8919248938962183182 3.26046e-09 5.36138e-06
26119096.509240251034 6053 0.98640593636439077851 0.078209164376143613939 0.21051724220404521848 1.6212075475027944993 2.4880636063878811548 1.4509045762286880699 1.3735389227463650208 1.2968464091844840169 5.31336e-09 6.30918e-06
26119096.509240251034 5181 1.3234091605889597432 0.2750847862187462689 0.15512475044273169034 5.3861405813284966015 3.9419660481843297184 4.4076546486689380799 4.6851856680162677904 4.9601686763619383669 5.47157e-09 6.37119e-06
26119096.509240251034 5623 1.3598209828128500209 0.22562352773422500452 0.089001541706521650199 2.1203024489178043943 0.91700846596042084879 2.9878001822480904082 2.9483335031845445684 2.9050006126546286112 2.3084e-09 4.77845e-06
26119096.509240251034 5316 3.4776731939529996751 0.099023298455253497274 0.19694602537894387306 2.9975739821641194105 6.252453108244711899 1.1568603584510988025 1.067814472729064379 0.98105530034154075913 2.96988e-09 5.19713e-06
26119096.509240251034 6874 3.2588979503247994529 0.11047586195139544318 0.27690756524177101427 4.944442322348781893 4.4392835944935651327 1.0999142749715093981 1.0036553343251390924 0.91047553527999558476 2.61974e-09 4.98428e-06
26119096.509240251034 1959 1.5827620340693127066 0.27581765866294793987 0.0240664673350788616 0.93737289551704394697 5.8399683160137483284 3.6626486236665587448 3.8217793315433277179 3.9952515846903877694 2.04943e-08 9.89451e-06
26119096.509240251034 3953 1.4564536399023852997 0.089400754739911672542 0.50401686717669347271 0.56055228980790905435 5.6828820876791592553 5.4205504930429526667 5.4866416529034403027 5.5505581638893053409 1.87457e-09 4.45811e-06
26119096.509240251034 6642 1.6725841493996029818 0.3405856254497626745 0.23042031092275735982 1.6109385899743682291 3.4352386861997801226 0.096716606172969080135 0.067858615990603166068 0.044764680141857929319 1.26355e-09 3.90884e-06
26119096.509240251034 4189 1.1462913494507069867 0.018085828152365972243 0.040385765259366934732 1.3014929690051624256 1.936842472392621417 4.5063594229024701576 4.5240965510419322015 4.5418627174845704886 1.29246e-06 3.93842e-05
26119096.509240251034 5324 1.8095010305801648709 0.026571963946761058967 0.28316944484339673371 0.58075455470936121483 4.5450539098879598754 2.1015775960144496004 2.0785033777253789644 2.0552831593815681366 4.64884e-09 6.03437e-06
26119096.509240251034 5380 3.3721319608007926938 0.023270694833068161084 0.22432405430816948488 5.2262094982158338041 6.1725861839896651873 5.6921689821843139967 5.7050130010814612547 5.7177303014108948886 2.14422e-09 4.66237e-06
26119096.509240251034 5451 3.265726350229800623 0.07945967040019684402 0.060854537401630819093 0.40077415517357267705 3.6780343685851635271 5.5682376265906974311 5.6188792560544822408 5.6678671682178700664 2.58702e-09 4.96345e-06
26119096.509240251034 5538 1.7907064218425052804 0.06911601098175751412 0.03416785529780317493 5.6326008258032738141 5.3615159190384087395 2.7275281281151593227 2.6987783954193904634 2.6691632919704653126 2.97954e-09 5.20275e-06
26119096.509240251034 6532 1.8650882918310014436 0.11138429756942686 0.089571315445442570291 0.23038006565542612503 5.4976063647262103373 5.0299557090981732443 5.1341864561965291358 5.2358084242202025393 5.62757e-09 6.43118e-06
26119096.509240251034 5245 1.9893509144725762816 0.63865473849086185076 0.41524518422382322713 1.2937749709392929454 2.4877680549488809802 1.9085852182969362811 1.1704443643742021841 0.5822919669641806184 2.53784e-09 4.93179e-06
26119096.509240251034 3751 1.7741944648156058317 0.11062852655723481865 0.040115622002718710759 4.4711373349557677059 4.3072090487603116316 3.3936170990375065237 3.4228581036643008773 3.4535654401937532221 2.30157e-08 1.02847e-05
26119096.509240251034 6233 3.1079496064707483605 0.12852993052638314597 0.21318307857521032189 2.9642194605387932604 4.0689311362204083622 2.7361110480478654239 2.6820036835339533532 2.6249904071470693268 2.38928e-09 4.83362e-06
26119096.509240251034 5382 2.0025480264602624203 0.41453742645253155441 0.38001290510186597205 5.995530090743597107 5.0927901040600200844 4.3520526663541030388 4.7850056670759872901 5.1984506078346468527 2.55203e-09 4.94097e-06
26119096.509240251034 5567 1.9624088824610612658 0.21886659342756673019 0.25759552412652281239 0.31163532374858926577 0.88247077628590830933 2.4279454637626014524 2.269992243144081101 2.1024805192614097749 1.31986e-09 3.96606e-06
26119096.509240251034 117 1.5870537039118004508 0.25696182528828942493 0.095683465202460085686 2.917893554167252379 0.97074140441358691689 3.0590610850731301262 3.0342912946938422891 3.0067718206283888804 1.39228e-08 8.69812e-06
26119096.509240251034 5708 3.1394193703761605896 0.21947208955879826675 0.19471966116742428499 4.2093791729448959416 5.1488864315084184042 3.3355691121257970977 3.3836276182525160117 3.4362304190223822431 1.65544e-09 4.27716e-06
26119096.509240251034 6956 3.4835282031992136353 0.12956724029152363875 0.41708425377421681768 5.7968469879669504152 2.1935336986957851835 1.1790904960545953717 1.0618788084122243731 0.94873130845383746301 2.20649e-09 4.70707e-06
26119096.509240251034 2850 1.7658140649342599637 0.19299222330770907097 0.33979910911436567167 2.8495778130711810761 4.7809413720814148974 2.3058422175239714491 2.1515282459853901642 1.9901749136604642842 2.86233e-09 5.13362e-06
26119096.509240251034 5235 1.6918564683809167448 0.22785020160834015823 0.13706755262657094319 0.79469566645159717133 5.6140195584805656637 2.7561911709812703108 2.6590725544642546119 2.553347093864307471 1.69779e-09 4.31332e-06
26119096.509240251034 6722 1.8026677120100762508 0.23140757060307776127 0.18211894300560660387 3.9199498389746532112 4.2075002406282422385 3.506613909232210613 3.6005910007447914367 3.7031162060953310977 1.78527e-09 4.38616e-06
26119096.509240251034 5002 1.2242857129126645255 0.2193359329257766055 0.2229765190995010582 2.278922904381065706 2.3574807733462721515 6.0545880369923281705 6.0999870029140659256 6.139944588760145372 2.79003e-09 5.09002e-06
26119096.509240251034 6473 2.0668210738217731581 0.15337833368683931323 0.27452361370494721138 2.043920689059747442 1.9048065670243266023 5.4143124658811512262 5.5264216432622559338 5.6317269169397352613 5.43469e-09 6.35685e-06
26119096.509240251034 5815 1.5733875591135078054 0.36018400400591976673 0.23269404371017055055 0.88047417896273350024 3.4172917720348396919 3.2922433740844230243 3.3607829358256906538 3.4391011115825937949 2.67562e-09 5.01947e-06
26119096.509240251034 6211 1.6847876855308661082 0.032320688513976875145 0.13699945913216673987 0.7680803577812137517 5.7039891399958841944 0.26622210516160421667 0.25784733653500080397 0.24960557242324657445 2.33777e-09 4.79863e-06
26119096.509240251034 2174 1.1087364292455756942 0.060859865196630336115 0.33428683283139776217 0.72184669442101834225 0.57197054935263946795 0.96845406374617792888 0.9191198849978040597 0.87073214635842943743 2.03153e-09 4.57921e-06
26119096.509240251034 6474 1.1427791701645939604 0.2696714011972699554 0.19024172223266655468 1.6320976054782048159 5.0725657011812632646 3.6044140284053503009 3.7440540010357263867 3.896869286874702798 2.46607e-09 4.88486e-06
26119096.509240251034 5873 1.7552843734392189479 0.18483602901123055706 0.10937393390305046037 4.4054470424449405641 4.5706685936559221517 0.062721149309606136213 0.052029755884894064721 0.042417120840367666945 6.23622e-09 6.65514e-06
26119096.509240251034 5741 1.9999027612386395258 0.31864354456134807991 0.25630461638786222744 0.60143940813330709627 3.5156049230943136052 3.8520588676748523937 4.0944474770724994528 4.3541651600823767509 4.83963e-09 6.11581e-06
26119096.509240251034 5780 1.7029190738443957809 0.15659681033468070277 0.18770733295999339485 0.26356118763194102961 4.3420656539326820678 2.8885227275514351319 2.845819918299687501 2.8001752181373644746 1.95079e-09 4.51773e-06
26119096.509240251034 3982 1.401597734489245406 0.14436289670238747207 0.060231553676743661285 3.6843479631353464043 0.65327584230844049085 4.0043719626780127641 4.1199461415523543906 4.2397065835931302402 1.70782e-09 4.32179e-06
26119096.509240251034 6155 2.1982862382019363601 0.27332236999403181077 0.14344977613159703989 1.4795854317774732589 1.6119495481190651009 1.5654024792331528992 1.2887664537995602299 1.0262423695602747031 3.03729e-09 5.23615e-06
26119096.509240251034 5782 1.9072958819671290698 0.087943878032665151467 0.15477063703724108779 5.4867015547118587193 0.53832102291981764886 5.1883053467832791483 5.2650407032067061408 5.3398928602223412199 5.0598e-09 6.20718e-06
26119096.509240251034 6417 2.1000959984698703842 0.28548272456946005571 0.27438454121192723534 0.33876508022249024465 0.71613465439002010893 4.9334686551598361248 5.2073852404788425474 5.4586016124780840642 1.63097e-09 4.25597e-06
26119096.509240251034 6237 1.0229866586735134604 0.14635515139688215491 0.34292373601819625684 1.2982281756743005996 5.0124153838236527037 4.00379072026542282 4.1210000193763214327 4.2424992530379261879 1.89473e-09 4.47403e-06
26119096.509240251034 5750 1.5501074554425444685 0.265760193615710405 0.059948316136784030039 5.5562724465353525716 1.8829528767730243644 1.3226633897053019506 1.0701143650491917736 0.83697479797691587411 1.52873e-08 8.97346e-06
26119096.509240251034 5661 2.7080612834122375077 0.27964156763024566876 0.083973909356635123569 1.8057483375107885593 0.76071734271197943844 2.8885462594541215786 2.8057111698300922775 2.7135408828570595219 3.01386e-09 5.22265e-06
26119096.509240251034 6303 1.3500726466665800007 0.51343999643350213269 0.33283695207236391189 4.7819336379310977136 3.9018171706333140136 3.014500430594119873 2.9180784356643747479 2.8042704634298059041 1.48051e-09 4.12085e-06
26119096.509240251034 6335 3.1019375574339638213 0.085968952193573353049 0.24101685646219023207 3.8538092707898434774 5.3150351221244633848 0.88168921922028387073 0.81700840713451594599 0.75432830370841563727 2.80706e-09 5.10036e-06
26119096.509240251034 6290 1.6144029552023422269 0.074661200899192106673 0.086005281683178017027 5.6898910624224425803 2.3664324081000054356 6.1524335080709384727 6.1618329562223621565 6.1708710472250736245 4.66797e-09 6.04263e-06
26119096.509240251034 5215 3.0475035270879282656 0.020072402732522330593 0.27602712118960953669 3.7666591460275657965 0.6745186108862776253 1.7744251914471047549 1.7547261718008164699 1.7349923395375710378 2.09099e-09 4.62347e-06
26119096.509240251034 6358 1.8767755448632903459 0.10874475667481990626 0.18557302770061320785 0.92967563990238166749 5.8764024160795749196 3.6641089973303904159 3.7212251658260737663 3.7807864644334117088 2.40091e-09 4.84145e-06
26119096.509240251034 3761 1.2738087464005800609 0.30265906387597907301 0.071051526829060046575 1.7343623629814464149 0.60572069155854024736 5.0867877060836867997 5.3580980199688319487 5.5998237310557303914 4.38307e-09 5.91711e-06
26119096.509240251034 5048 1.9801678511405835792 0.2604989653437197461 0.14751095109470915845 0.44136930271270802262 4.5404275274618850489 2.1364170135324922484 1.8966690410824131874 1.6498796933763311134 1.54672e-09 4.18139e-06
26119096.509240251034 5673 1.8396760054109242422 0.31549877365893896908 0.22970915283779796967 1.3668154479320235861 1.2932275664179375685 2.8077161877534697609 2.6826210997510799849 2.5428468357499554031 2.67237e-09 5.01744e-06
26119096.509240251034 3324 1.6612730123711221264 0.11897774943259604996 0.14842259216957554013 5.7667970631356251232 5.4272158019536087536 4.6482186017039950343 4.7676902778942897854 4.8864861428178434366 1.99813e-08 9.81126e-06
26119096.509240251034 5034 2.796810499405224526 0.14115757257679317771 0.13489486100492545373 5.9940879935396420564 5.6061958622127487928 1.0840228836495862108 0.96280905373219638488 0.84694700531038824565 2.20492e-09 4.70595e-06
26119096.509240251034 6957 1.4269941695051093777 0.17337668255355839775 0.30195121193209445432 6.1317971789144136707 1.1267300868703677974 1.6188274022162585375 1.4440407730868256575 1.2720550456795429728 6.68595e-09 6.81142e-06
26119096.509240251034 4112 1.8839897781220245054 0.12585983797375158155 0.049380866298533748759 3.6219941698623339121 5.629722998053845906 0.41693651955257365893 0.36856880923712598275 0.32322393571637531018 1.99037e-08 9.79854e-06
26119096.509240251034 5344 1.760189937991066822 0.11566390042763452506 0.048812803613375345402 5.6808355008944921849 5.7041706226516124545 6.0056974718086593157 6.0358064848655379464 6.0641283431688535188 5.14004e-09 6.23982e-06
26119096.509240251034 6577 1.8197603684560150761 0.29836616907814028643 0.23505224053757961533 5.5611241530889410356 1.4224024502118963742 3.0055507403271910505 2.9567731084420216803 2.9019426096943710114 1.63583e-09 4.2602e-06
26119096.509240251034 5446 1.4610616106169622697 0.31300875972241343215 0.070473228689244243883 4.9808288629415464754 1.2180162428975094269 1.818526340399870378 1.4972885807649245482 1.1851250943297555462 1.5065e-08 8.92976e-06
26119096.509240251034 5123 1.6269623111069655419 0.4852515051442707894 0.13509987613096166581 2.3659571889643076226 2.1578599588138946963 3.0404771139422237525 2.9701082946389334438 2.8873024915088354447 2.85229e-09 5.12761e-06
26119096.509240251034 5200 2.206554448436226501 0.40695539048363421619 0.54632394185327526337 0.16163413923670766348 5.3346045822328873598 3.2090334159194320307 3.2454155752577293903 3.2875910079280030729 2.18438e-09 4.6913e-06
26119096.509240251034 5511 3.1605959749103984535 0.069996488036695156398 0.15795911508589613459 3.3677571727823827352 2.9013430857551303355 1.54114387541659692 1.4711934860401627567 1.4015439190375154066 2.90982e-09 5.16185e-06
26119096.509240251034 5957 3.191479775673976782 0.022595444716069203184 0.074528629286726447156 3.0662075575704834662 5.6198175781193029366 3.9666887641281531884 3.983417652660402819 4.0002706910172314281 3.45473e-09 5.46581e-06
26119096.509240251034 5962 2.9022044573511829313 0.16711522612806006816 0.20150170781857890123 4.5058416307890940544 5.3053513179736500049 4.0828293116412286423 4.2257105577456783863 4.3734222369603825697 2.88829e-09 5.14909e-06
26119096.509240251034 6826 2.1265700961967413107 0.6531375917617368021 0.22270429906981065171 3.1214304239283814368 2.9158210656961607299 0.011590968955995074874 0.0053094275800294648063 0.0018416571295830270506 2.5665e-09 4.95029e-06
26119096.509240251034 6891 1.5677239636795297084 0.12718626661836018865 0.21169404703888872188 5.0928525768461438972 0.34413041089327361943 4.8284032837107577762 4.9541530232038448744 5.0776403502160043502 4.39964e-09 5.92455e-06
26119096.509240251034 1399 1.7056982391065778071 0.28296294510792707744 0.1387521588142837381 1.3619048112378437931 5.9385607455718201209 3.1625552487455133033 3.1696320559406769846 3.1775651282060017877 4.64728e-09 6.03369e-06
26119096.509240251034 6752 1.9014113845705085115 0.25111490162595156983 0.055134810110701329422 2.2079729039813438263 0.69343963366370864332 0.7379255537478530691 0.58136736723220261425 0.44346330592113103464 4.12549e-09 5.79885e-06
26119096.509240251034 5597 1.7144089315986505984 0.56121483303134345189 0.31155679182882822786 5.4841382157715266032 4.6006622341807528187 2.4641981473912801803 1.968615389736283694 1.4512268894831121813 2.41109e-09 4.84828e-06
26119096.509240251034 6928 3.1957721586181833118 0.10400679312845206859 0.21361858803492006498 0.96645995384207339374 4.3933550743804365979 1.7505141244511184251 1.6470312207031723162 1.5433265124390642686 2.08658e-09 4.62021e-06
26119096.509240251034 1123 0.74155202906598549628 0.063704282379866472574 0.05390603155332605867 1.1242692182774298715 2.8452407856670407504 5.2619437831991557886 5.3154197683934851781 5.367887922271594725 2.24683e-06 4.73559e-05
26119096.509240251034 5640 1.6776610834126666205 0.25822223255862614133 0.13437086778075366111 4.4774062566531860341 2.6798701413247161263 1.453826069341594085 1.198282613831445742 0.95777044887624052105 5.24602e-09 6.28242e-06
26119096.509240251034 5842 2.0538706578682872639 0.38642973890099480139 0.73693930950862807094 4.5034822350629060139 0.35737911132191879648 3.215012066111583966 3.251894352562367807 3.2944318315835867672 2.75394e-09 5.06798e-06
26119096.509240251034 1444 1.716351060039438714 0.069670518110528018019 0.14383463696936438225 0.55649607601551187575 1.4080832891514740712 2.9100387648948382591 2.8934684712422420461 2.8763583658469138449 1.72307e-08 9.33865e-06
26119096.509240251034 3487 1.4951450086032733733 0.34722891275782252762 0.15553120589389998751 0.092712341238817594369 3.0486247779448132356 2.2222807841428555697 1.9052480793817974103 1.5772589767405373884 7.96126e-09 7.21956e-06
26119096.509240251034 6404 3.1101353869354841919 0.15594504845170067964 0.26329136199937036578 0.27074112740469452598 0.65807106597031139739 3.6912718571774427723 3.7790611899066481882 3.8718739211594654925 2.07676e-09 4.61295e-06
26119096.509240251034 5424 3.0664414014615428705 0.18047042303655183582 0.28655361356713698884 2.6710912345235890974 2.8103068773373207634 1.4438240916925650925 1.2658517549826382442 1.0937075883278275512 1.80053e-09 4.39863e-06
26119096.509240251034 172 1.8342179364844835021 0.17927997322425351379 0.15512359433482200699 5.0307308490474262896 1.7609326081283189769 4.9898609346986741997 5.1590875477989683873 5.3207762476950639652 2.7327e-09 5.05492e-06
26119096.509240251034 5929 3.2247734902825091474 0.10768753872386027659 0.20518842492528413524 3.6244888237208656712 3.4688791602333317599 0.088876116611434699544 0.079779348534712662966 0.071197217459840228537 3.18574e-09 5.32011e-06
26119096.509240251034 1642 1.6268567486618719098 0.12297000113604229787 0.11552721658548367745 0.0076253211913243712852 5.7633370221069357697 4.8289614246426388888 4.9505383027034604027 5.0700376258423691667 6.44407e-08 1.44956e-05
26119096.509240251034 6775 1.6883582870593296654 0.097928389671792667737 0.048288700453042808503 4.7023981453810694831 2.6892170420017795784 3.4257785421590729591 3.4546602712947107605 3.4848201188469234424 6.39874e-09 6.71246e-06
26119096.509240251034 6061 1.6672955387220314005 0.16147441096484194123 0.12722841472391968609 6.0214333575205349902 5.5622245400352969824 1.9830554663532482529 1.8294227651118624145 1.6733186406557580828 4.03777e-09 5.75746e-06
26119096.509240251034 6895 1.592390539927420523 0.44653147842625279251 0.10523125497299298803 1.8546246753315864808 0.96765144063595198709 2.9396391794652423357 2.8168729476895624231 2.6744101371621482599 2.5437e-09 4.93558e-06
26119096.509240251034 1810 1.9699475547631557504 0.42827922189834000122 0.42067497665357211911 3.7070096802407324077 3.4900148055312816275 1.697582069431991636 1.2460015454306616611 0.84011437390741128262 7.36354e-09 7.03416e-06
26119096.509240251034 5072 3.1088976971776771663 0.069878150250892986928 0.24874196953033064772 4.7626161066644741027 3.2072297744213900117 3.9330559892295546831 3.9840703261798608992 4.0362200114615349733 2.73643e-09 5.05722e-06
26119096.509240251034 4722 1.3526998247470156667 0.11277113160977926543 0.13403085472040005 3.853732508111671784 1.6002468117109673873 0.05277360574883870753 0.047125080300358425378 0.041812698443115040026 1.70563e-09 4.31995e-06
26119096.509240251034 4786 1.3733134154414041728 0.2528130937489287966 0.076000234648227249501 3.5003717868282109293 3.996717497434662647 2.1757783960125318679 1.9487185738649814848 1.7137456629347664894 8.41208e-09 7.35334e-06
26119096.509240251034 6756 3.2082462932203590356 0.063521440940232931638 0.28768275638397794447 2.39426966901852456 5.8393665082464876193 3.3225001465399577327 3.334309827303137741 3.3464758646946046738 2.22448e-09 4.71983e-06
26119096.509240251034 5182 1.9844413759800656472 0.16573284726567638625 0.081421724562733374664 3.8929968067047258096 5.3347757986212149817 3.246721649716344249 3.2658181394980956291 3.2863534709600599193 9.37786e-09 7.62462e-06
26119096.509240251034 5372 1.9546995627186884992 0.24427071531951352612 0.13356048492274719131 5.2336001933690630139 5.2831996917295596106 5.1676859932136025577 5.378147187521252981 5.5702535741165188909 1.39548e-08 8.70479e-06
26119096.509240251034 5855 1.9828178281421722229 0.19039227111773465717 0.18554098365143328886 5.4566499677778823596 1.0952254647663992593 3.1628576395621834649 3.1673775345113428514 3.1722862325754013213 1.88487e-08 9.62226e-06
26119096.509240251034 6156 2.0360495615441656092 0.24699909803872252545 0.19619492733291157838 1.3588071417124041318 2.5500622448219276706 5.803989915563448676 5.9079843980090087641 5.9984995563709171407 2.69058e-09 5.02881e-06
26119096.509240251034 1410 2.0357726207223763026 0.090061062581459530585 0.213124560498824972 0.69915514104658404992 4.5245252652380569813 4.2829212710131017161 4.3664927857606006256 4.4512197103480861671 1.96181e-08 9.75145e-06
26119096.509240251034 6507 1.7855046729528170069 0.48259738851978689622 0.36618232762154434567 2.8129969995996764176 0.73640887980306113381 4.6596849484536422281 5.1692493983251761591 5.602352511061352125 1.72019e-09 4.33221e-06
26119096.509240251034 6653 1.958590162074887786 0.29893219450836427953 0.14973708064440721666 4.6143035098301288244 1.5805510101984920901 5.5921588737596454877 5.7661355027172831456 5.9139029904021862549 2.19009e-09 4.69538e-06
26119096.509240251034 6914 1.9819284895321371831 0.070270524779237508728 0.083123515239817313827 0.081047284216641105048 5.1081204533130630807 3.03781533839805995 3.0302626977249396134 3.0224556339120369763 4.41745e-09 5.93254e-06
26119096.509240251034 6633 1.2515185218424533797 0.13203219320915893231 0.25579386324613639925 1.3683870732304372897 4.8128093570959542546 4.1259988811842678302 4.2405396083638633442 4.3581445393555728884 3.02269e-09 5.22775e-06
26119096.509240251034 6942 2.8146037796598859515 0.12395303067099502914 0.17179228425763196086 2.8739359814033798024 3.5499738202396118325 2.1855710631958089607 2.0802355110887442713 1.9720222658315182951 1.34834e-09 3.99439e-06
26119096.509240251034 6832 1.7755254742677886171 0.24462640761975118497 0.18349218606566641832 1.6378474856778277857 1.0249580328821326081 0.036087534539503099418 0.028114938185327769532 0.021238187894410041207 7.86044e-09 7.18895e-06
26119096.509240251034 4502 1.1116824532861100394 0.22441738155530455145 0.19315277992323340306 5.4933255436249197601 5.090913336559203195 4.8359244988957037492 5.0574821239792093763 5.2686687426438059134 4.58456e-09 6.00643e-06
26119096.509240251034 5426 1.8622112779936859095 0.27918780237249185561 0.057325694093512277738 5.8350484188630149518 5.2556427999392276718 2.12776032934175241 1.8677485739339714232 1.6007800613518115007 2.09851e-09 4.629e-06
26119096.509240251034 6089 1.9175591043358224397 0.34820445467282751251 0.095926352095533615194 5.478851745773148707 3.7406560475697689938 3.0062596285820690767 2.9472715789585790525 2.8800331482654080162 2.91473e-09 5.16475e-06
26119096.509240251034 6690 2.8820199668670292148 0.091998581516058983154 0.10348836993734689127 5.3552151052249961083 5.9629842687983751759 3.919777993586778031 3.9866690290113164785 4.0554859738073920639 2.63564e-09 4.99435e-06
26119096.509240251034 5386 1.9107378759713318228 0.50603206218813756578 0.34886411511562970267 0.97753855767633912599 3.8543690805246701991 2.4330074420802199064 1.9946434569620277166 1.5333884111653681703 2.3788e-09 4.82654e-06
26119096.509240251034 5291 2.2014142353618226799 0.22686308315569517213 0.38665792024933520743 4.7042449713346261575 4.5880436606404666477 3.6351949992131915579 3.7562187781727653935 3.8870400807219054329 2.6037e-09 4.97409e-06
26119096.509240251034 6457 1.9282217230486735637 0.39588467640820679261 0.28576635591993965191 2.7839931544456972823 1.3896776741475849182 5.0499267742368152412 5.4105096691145799781 5.7137777278129675551 1.33039e-08 8.56728e-06
26119096.509240251034 5100 1.3478814281443625145 0.40123727328517844182 0.1200151525468756003 0.95823957881410881665 0.28420396200055680902 3.6140290005650976823 3.8472477008490448824 4.107463145698600826 3.86655e-09 5.6749e-06
26119096.509240251034 6055 3.2437763273087334426 0.091907205682247750111 0.073666829430871536011 3.0354809199541357145 0.011087516185094429752 4.3121401519908539868 4.3984590941820957966 4.4858745533129535943 3.0525e-09 5.24488e-06
26119096.509240251034 5142 1.6351580212042746698 0.25094146014962998015 0.15370497201663443909 2.3175504771067552134 4.394833211208483803 4.7507342130298786387 5.0029825410060935198 5.2434030236607860331 1.02472e-08 7.8533e-06
26119096.509240251034 5984 1.5835736577304191375 0.51669217090723973396 0.33164065257818514665 0.24719730641278325756 3.6854290111061045465 3.4355006704227912806 3.6544792164940789192 3.90801719272494541 1.83318e-09 4.42505e-06
26119096.509240251034 6291 1.8012663851979813234 0.13341519036893334516 0.13748187699314498578 5.6490665785196396698 1.8679676829125284598 3.5232886853489500112 3.5765058292369147352 3.6327178730475573332 4.97801e-09 6.17355e-06
26119096.509240251034 6390 3.2344073314380752393 0.064108838707607057605 0.29043893730162517741 0.93369753606766836551 0.015689208585700623044 4.9491297523469448549 5.0110288528055679791 5.0723000772789230695 2.74624e-09 5.06325e-06
26119096.509240251034 5954 1.7533881680422067628 0.21248720194153150609 0.12448136239095403122 6.1631051671911762924 2.1309314656233566687 3.7623032355442029839 3.8990784805143703373 4.0450777796371610862 1.68237e-09 4.30022e-06
26119096.509240251034 6542 2.3407878765183229852 0.44383626855090141383 0.14207800198887204912 0.77564670186814776986 5.9884965513469792242 4.0129964061907532624 4.4287136176857035963 4.8548111896126249221 2.35942e-09 4.8134e-06
26119096.509240251034 6732 1.3426210595006111692 0.15694755472126079021 0.15432097261804572641 5.5195854248429334632 4.312558095752656584 4.3423776981781703199 4.4936547524409427012 4.6468627015215142606 3.70815e-09 5.59632e-06
26119096.509240251034 6286 1.8398461481472150325 0.15759277183170897207 0.050730392322399078808 4.7755929162652890341 1.7242349208279617034 3.8279048191908038312 3.9348623013916217417 4.0471709159271052059 2.66284e-09 5.01147e-06
26119096.509240251034 5405 3.189689977106352714 0.043482874476136496034 0.1822925864356564063 5.2685729268938814585 5.555980804388840788 4.9934832611115336221 5.0350226430482392104 5.0762619605575665105 2.93677e-09 5.17774e-06
26119096.509240251034 5098 3.1857852339649439521 0.052358861783832623404 0.1041934445989481095 3.6700151935393328095 3.7850181385184216154 5.0891567546160416668 5.1374020494024996708 5.1851027183544742272 1.90652e-09 4.4833e-06
26119096.509240251034 6153 2.7473179840327479617 0.32733461749387154915 0.5471441258857915324 2.7269223249880267801 5.2182666530315513498 3.196545948138399762 3.2187679110731250987 3.2440049749648105504 2.21408e-09 4.71246e-06
26119096.509240251034 5368 1.6444511714501595101 0.52388526995019468746 0.21904624241557676956 2.1559815133165689538 2.1547698640349342014 4.4128506238228499825 4.9864513224809803305 5.4907848759693509422 2.65835e-09 5.00865e-06
26119096.509240251034 5796 1.5762520626611709051 0.19133316589030216481 0.18003639201633830913 3.9270196140159043807 2.33284636208210161 1.4265693642576020572 1.2386284994039560292 1.0577540536545004812 7.64873e-09 7.12382e-06
26119096.509240251034 5895 2.137451751681589851 0.2836034991281939921 0.19071736416544671222 1.7695792293356065183 3.8597432561386080252 5.8563328953401967425 5.9621508878799360787 6.0516414897849530874 5.57854e-09 6.41245e-06
26119096.509240251034 6730 1.904597023113956622 0.22029234270024689035 0.11622657085113465014 2.4966777680177107968 0.13457583326658664746 0.12657744348479874064 0.10122775233671676975 0.078966118504055354821 2.57888e-09 4.95824e-06
26119096.509240251034 5564 1.7685708814909006925 0.13946237018055210322 0.074230963274316788536 4.3589759492268340679 5.1559022143447856834 2.2425921846355856282 2.1280214757930533409 2.0096561627206415146 5.64605e-09 6.43821e-06
26119096.509240251034 5131 3.5267284046370637185 0.056749643359955775912 0.26592985175543720766 0.26836380222123390471 1.3049233009055567489 1.324698048584769916 1.2700059740338298653 1.2158042406611648811 2.25296e-09 4.73989e-06
26119096.509240251034 6295 3.2568015633752578353 0.043225797977933876071 0.2555576613807035713 0.016368171531426532056 3.6618686377317133385 1.0683995234429988219 1.0308923538964551714 0.99381507778244426721 2.30061e-09 4.77307e-06
26119096.509240251034 6725 1.493612560996855132 0.10015636021416597645 0.24916668848489342825 4.9968646777207279541 0.88703846701659450069 1.7770802908343918958 1.6778606323176152859 1.5782777584138314442 4.94994e-09 6.16193e-06
26119096.509240251034 5278 3.1480596617170291118 0.063328652373424360045 0.30902608791402852439 4.3035999695020992206 4.6810205670236726405 1.6425326771977850626 1.5791806684422275975 1.5158542419687550673 3.13887e-09 5.29389e-06
26119096.509240251034 5669 1.9457928997240718783 0.36935157863683992785 0.21275354017071215762 1.307365979750353846 2.4948183083059300991 5.3842675076718551352 5.6504459370989872369 5.8688642207003889339 5.45549e-09 6.36495e-06
26119096.509240251034 5748 1.803222306708876399 0.098229096985518002394 0.29943350364907150851 2.4116391931632374934 6.1858935018544496387 2.904498318005598545 2.880209165511404823 2.8548250680323001838 2.75123e-09 5.06632e-06
26119096.509240251034 5053 2.9713101359852598371 0.21082890309695567765 0.24595048650982589966 2.8280377181679043908 5.0600290477398761624 4.0461618846739142441 4.2251355641351713288 4.4114286511625886433 1.90259e-09 4.48021e-06
26119096.509240251034 5116 2.7093726623409133403 0.11433779322147347157 0.084775361793460207727 0.27910962303716996269 5.0459037299437330404 3.3012105511488170073 3.3205371535887913126 3.3408882548147054159 2.56354e-09 4.94838e-06
26119096.509240251034 6595 3.0507479670776804781 0.033686913665357420822 0.25187775080664021043 4.9125223639418269528 1.303120374645154067 2.6025058434271124419 2.5849543429745374112 2.5671563676681921073 2.5233e-09 4.92235e-06
26119096.509240251034 5290 3.1918360821270495009 0.0078091290681493921028 0.10377397641823084273 1.6000221157284248985 3.2971919565082310477 6.1760039023131332314 6.1768360761230916012 6.1776650063749434239 2.68653e-09 5.02629e-06
26119096.509240251034 5762 1.9367798124216735189 0.23284722944175900716 0.090566331391580795485 0.60628551217660708872 0.47893264920955680441 3.333903843960207336 3.3849302451556302351 3.4410332077581831101 4.50081e-09 5.96963e-06
26119096.509240251034 6628 3.3316492757695064242 0.061130052544733574915 0.17342603393761762964 2.2748195579920871268 4.5437057291859810348 0.61514805004684647294 0.58070227030198018348 0.54716563732269507536 2.5094e-09 4.9133e-06
26119096.509240251034 6808 1.957290268278205847 0.35984224805664727365 0.23671735079740835461 6.1570556531883022799 2.0304788481337872064 0.68264407426892748099 0.47813112641013044701 0.3125602634124822754 2.07842e-09 4.61418e-06
26119096.509240251034 5481 2.3294827021854818128 0.59837879323038289936 0.55901759134784867467 4.3641326244472082863 5.2571576081501687483 3.1154409299761351981 3.0894301872750045135 3.0582314263592902392 2.0621e-09 4.60207e-06
26119096.509240251034 4662 1.7368893136906713437 0.31734542426684492211 0.022189180489327955947 0.46251440885872563413 5.028190141999218099 3.6577323945265001193 3.8444959967807159629 4.0496393664614034336 5.28399e-09 6.29754e-06
26119096.509240251034 3089 1.2870063520400831791 0.13781617910067966992 0.11402030526068496208 3.3056255825033424856 3.9254965421142071769 3.6587366925541506824 3.7315516849883620942 3.8082225436982262146 1.46985e-09 4.11094e-06
26119096.509240251034 5878 3.2515691368904127145 0.066704930274945672952 0.060272688988755020179 3.3322818329493233414 0.37038184518134853462 4.7457681408974670134 4.8124112752838978935 4.8787828102653234552 1.44428e-09 4.08696e-06
26119096.509240251034 5489 3.2080109385063475536 0.082635958209081594728 0.3068383942619638538 5.9988783754081298483 2.9123629655237208702 4.2056608285279608594 4.2794863197549606326 4.3544992668105937383 1.80848e-09 4.40509e-06
26119096.509240251034 1298 1.9537999536770427333 0.54268820839870879347 0.34181980083536495085 1.1322812449849168903 2.1889442545820312347 2.6330525041902941297 2.2508744755657992265 1.8289215985897029348 2.27299e-09 4.75389e-06
26119096.509240251034 2498 1.8424132051842072588 0.50117394504149748169 0.09686792566041946273 5.339412821255466568 5.0426292458301089638 2.9308380959468700588 2.7786604132754537666 2.6007351481875691235 5.39185e-09 6.3401e-06
26119096.509240251034 5358 1.9671843837098879071 0.43335505585750822011 0.32433065653874743051 5.1583698015470256237 5.7312865612178267583 3.6682419772291781079 3.9516986169404848539 4.2656037856826110044 6.59336e-09 6.77983e-06
26119096.509240251034 5535 2.2862380966521578252 0.30285434251289566898 0.58596013271510216658 1.4599844701679534076 3.7740708525117030447 3.4076368888529358081 3.5034495250917059295 3.6106634345970189948 2.07392e-09 4.61085e-06
26119096.509240251034 5713 3.088822129968714858 0.16263868894070848681 0.22520052219345096378 5.6047750851295461416 3.2650440072190032303 5.6134813850669473823 5.7089143499999766007 5.7972634003521923418 1.49134e-09 4.13088e-06
26119096.509240251034 5569 1.9922553472777217998 0.2012255788474422713 0.24209771240523558777 2.3172536235490701628 1.2204206902262348944 3.0160893457113862048 2.9877882945740714682 2.9569608010806018861 2.77052e-09 5.07813e-06
26119096.509240251034 6450 2.7193279806405890042 0.17029586570814572721 0.12064177296607665746 1.785869063968568371 5.3582542929065919424 0.3185731058220375167 0.26889940280904095493 0.22365680619472549928 1.74846e-09 4.35581e-06
26119096.509240251034 6407 1.8921837455709114018 0.42265941890940122994 0.25662551665242422372 4.4129512380748208145 5.4293161323221292847 0.19110960962338130464 0.12196462966206089718 0.070542838126776752361 5.15346e-09 6.24525e-06
26119096.509240251034 5576 1.9521118318134713654 0.49682005104472504176 0.27957035926951911975 1.5622548840701624417 1.3385738393930739498 2.6414558587657390731 2.3117017672437416564 1.9451192528782392799 5.46785e-09 6.36975e-06
26119096.509240251034 5647 1.7315151148430656391 0.29100631380945951587 0.090693238412695831308 0.95187454117282843669 2.6128787031345606096 1.4088567164431498036 1.124119182665736405 0.86166423851045137461 2.57441e-09 4.95537e-06
26119096.509240251034 5992 1.8683184667956380665 0.14596245748641226148 0.06471002779172077557 0.55012338733368282284 4.908126654395623234 5.9678851227740121743 6.0104181984469802202 6.0497400861597929733 8.41385e-09 7.35386e-06
26119096.509240251034 6761 1.5533959971547899315 0.20488106770633546239 0.074675074208889483107 1.5777712120068938528 0.4375974141122327965 5.1995496278370527676 5.3736367397101023613 5.5353343270443939872 4.88068e-09 6.13306e-06
26119096.509240251034 6421 1.4979562755023332343 0.3199145628039351541 0.10109432546117751162 5.1200037085347691601 4.9109289446046568983 4.4963107731190659067 4.8259167063184893465 5.143771865892723838 7.66894e-08 1.53613e-05
26119096.509240251034 5394 1.9296241144719334937 0.35207396181785827194 0.24303324512423241099 0.13060114301382699797 1.7752625114124243044 4.560743582863809209 4.9263175325788504111 5.2703657656468578807 4.23442e-09 5.84945e-06
26119096.509240251034 2895 1.7354795097622581768 0.041235883551957182303 0.11143234912452826268 1.2738014584773564852 3.5612600629507151773 4.1120882913305223383 4.1465271200177600264 4.1813354358116781029 1.04557e-07 1.70334e-05
26119096.509240251034 6189 1.4790037040973851301 0.17022716813799101954 0.18999754826735501534 1.2880766951760838079 2.1627261762147420576 3.893131808748158118 4.0178737411802956103 4.1486701767093085991 2.99935e-09 5.21426e-06
26119096.509240251034 6576 1.1496310454281970515 0.23419037133117287519 0.25084231017339392311 0.28503666117350207054 5.770428987645670027 4.6821106308370890048 4.9192334924201652768 5.1484318236613519915 9.90665e-09 7.76531e-06
26119096.509240251034 5046 2.0773491895197571111 0.43519699904804909352 0.48774326644198895409 1.7584247582495580176 2.1044260397701628484 2.7607841352862698692 2.5454221919057413714 2.3010687877428743775 3.3008e-09 5.3834e-06
26119096.509240251034 5351 2.962457849514910091 0.13677936254509889813 0.10503215828910135443 4.6281982617426864479 4.2593855846155301847 0.86353422928557865834 0.76361912778753104902 0.66903069981641227759 2.44807e-09 4.87295e-06
26119096.509240251034 5321 2.1721008971655839659 0.28244289916228909609 0.45574872111282432874 2.2998836806034237412 4.111269767482692572 0.222265184591180609 0.1665589966331821048 0.11973280147024575881 3.33881e-09 5.40398e-06
26119096.509240251034 6337 1.9744404781868889476 0.24104436829610895177 0.13072876649854064945 1.1013960983517350201 4.4207241497553528831 0.81035120187237930089 0.64723967337743859574 0.50189313684055225639 2.57504e-09 4.95577e-06
26119096.509240251034 6131 1.8969963120322923533 0.46568085189875585428 0.12772151889227903454 5.1718673871511153806 4.2564158887278447096 2.3685163725969160531 1.9553214499524769199 1.5236461634108910967 1.45631e-08 8.82947e-06
26119096.509240251034 1239 1.7557895173724293869 0.40149057283239258931 0.12835127307264268537 3.3107987488608809912 4.3216033303604746152 0.60318805108743722698 0.40111546302864914404 0.24435527183467425916 1.31823e-08 8.5411e-06
26119096.509240251034 5775 3.0317578450727493689 0.11535855627230247322 0.0951285709828192938 0.0077035811170647824908 5.5303989995541202873 1.2153686076877514566 1.1091002961986959896 1.005819981542990682 3.02463e-09 5.22886e-06
26119096.509240251034 6935 3.5005664808167531454 0.020950919320139673591 0.42037984920047077875 1.0056374078688588014 0.8132375095055638381 1.9458939385972748859 1.9263230624112246403 1.9066823450648118232 2.603e-09 4.97365e-06
26119096.509240251034 5807 1.6628572457171841847 0.25612412697378689197 0.13865105991238166339 2.78016358884022452 5.050249408544574159 6.1039247486104413198 6.1450855617668462827 6.1803439167794307352 4.88354e-09 6.13426e-06
26119096.509240251034 5927 3.4825456291500169748 0.10445640274180488516 0.17143489453827445712 1.4500092861219708862 5.8436629335795942097 3.332579482507142643 3.3535396310671363729 3.3755134672408648733 2.21586e-09 4.71373e-06
26119096.509240251034 6445 1.3715438106378226024 0.16313951212568972293 0.18659558345012167146 5.124242867741218177 5.7057170487738417819 3.0351779048787839166 3.0161828245129957971 2.995777113387071644 2.3322e-09 4.79482e-06
26119096.509240251034 6807 1.6003821341198256611 0.27484131165569902766 0.16685260037272980904 2.1496992683664322143 0.50311959573996334338 2.8145542913088328341 2.7108509988533149304 2.5960924310710562501 2.57067e-09 4.95297e-06
26119096.509240251034 6268 1.9828580576064009922 0.61249208566120549868 0.23226431788551790691 1.0353853509172470382 4.5952294663438575384 5.3534674381023670264 5.8010417123704707265 6.0850417185561589406 2.30383e-09 4.7753e-06
26119096.509240251034 6123 1.6666056527101817952 0.40829682085521357138 0.12525718803665220058 1.6886072204355904169 1.9088932141378407437 3.1192415690513088933 3.1071125311022087523 3.0930371960727294223 1.87233e-08 9.60087e-06
26119096.509240251034 5407 1.5933304145401416818 0.32329855426482828618 0.10737827048623264925 0.48395704866666322541 5.6267939682343142138 2.499611300198660846 2.2711565240415829692 2.0239591866453232605 5.11323e-09 6.22896e-06
26119096.509240251034 4750 1.9841928756007198853 0.20580238973355344245 0.19092125650436939099 2.9515401156749772049 1.4094039860464517844 3.5046144666064931172 3.5863966733751952987 3.6749495269463814395 3.28876e-09 5.37685e-06
26119096.509240251034 1127 1.5566061220995082159 0.27887954915939550116 0.10554444301573062681 1.2146959145078195519 5.5543410542088373916 3.2853678256380733913 3.3328058072837873915 3.3858068872910735969 1.29908e-08 8.49954e-06
26119096.509240251034 6005 3.0498177566148911843 0.11335207163266028396 0.38538721198831310533 2.9816604714716099522 0.12904767657340121545 5.7008735242576813462 5.7605607145774060385 5.8171410920877173467 3.36675e-09 5.41902e-06
26119096.509240251034 5209 1.8919414537923540109 0.36797496717360883567 0.1780391600643419503 0.23524822200346379164 3.3559157691044387839 4.8326463357447630997 5.1986381290341556749 5.5239618152615506119 4.75685e-09 6.08074e-06
26119096.509240251034 6996 1.3645493331805291781 0.23642608257756903001 0.19620383924299827916 0.39022319910840086443 1.6735150495562320927 2.3911365228561280993 2.2123369773222480994 2.0229183728291784128 9.30536e-09 7.60492e-06
26119096.509240251034 5406 2.1179169595290945338 0.25414228724838866524 0.28246811017183759418 1.2724254562995209739 1.9586660253670660214 4.1495214335446437559 4.3831557007859789366 4.6236481368816200188 4.61584e-09 6.02005e-06
26119096.509240251034 5938 1.6882368253296167193 0.18205776261688377815 0.28517176221534717984 2.0711078156356661495 2.1248193385300195857 5.5324274981093299886 5.6496605950733957968 5.7574368164432057071 1.88863e-09 4.46923e-06
26119096.509240251034 6827 3.1107985888066704838 0.14683707885439209462 0.16233739362156648922 0.8066258762698663709 3.2180120405305912001 5.2120790444819480314 5.3370749033143010109 5.4561813365767743988 3.04652e-09 5.24145e-06
26119096.509240251034 5420 3.4729605499738034347 0.063201921759367507558 0.29656453636436669319 3.938213878121194611 0.055343093546128117877 5.9539517048476033878 5.9738113214549226626 5.9930539303835947962 2.55489e-09 4.94281e-06
26119096.509240251034 6167 2.0669385669487629897 0.12804690968489304548 0.17663629638302938418 3.4042543496998196595 0.46615285972874770382 4.1364354568442331939 4.2480653792463725082 4.3625552805978715654 5.7681e-09 6.48427e-06
26119096.509240251034 6036 1.7036038206293500075 0.40673846243271744028 0.24725986601440574919 2.7428611360258701168 1.2061428257522162077 2.1047391382949527383 1.7000246581136453372 1.2966777302175858111 2.34807e-09 4.80567e-06
26119096.509240251034 6586 2.0518300329012264527 0.22880373311068868958 0.23707644855965986919 1.5944316942442375851 0.25756993145561768443 2.7435899739877451786 2.64304880730648728 2.5336469576904590006 2.89513e-09 5.15315e-06
26119096.509240251034 5195 2.7680282368680817484 0.064560354799131539072 0.14644160545555165442 4.6207049757348466201 1.8790161914936149845 5.9875265457842088423 6.0057920027686275688 6.023471825814939784 2.26107e-09 4.74557e-06
26119096.509240251034 5651 2.7512357926525652374 0.10698632250559424184 0.17828065114153324178 2.5162568403247402848 3.5583559150973154139 0.2054366812504014872 0.18464212759767811844 0.16499999982203888971 3.34796e-09 5.40892e-06
26119096.509240251034 6056 1.7151467079231017543 0.040934046917425685741 0.21479959817377186626 4.4181335595775177438 4.8768655030501282255 5.0948353003603230604 5.1325353887772262595 5.1699093701548903823 5.38932e-09 6.33911e-06
26119096.509240251034 6170 2.1387579722142833205 0.052558150549208856872 0.11396077367200771469 4.1522845249701951786 5.3933305521238938951 2.2610678370938983583 2.2198288459094754899 2.1779574002349999517 6.44558e-10 3.12323e-06
26119096.509240251034 6886 2.7750542700301368271 0.28482868669227479064 0.77127665654414501173 5.4403538689363770686 4.6519880163431102105 2.5911347670174174063 2.4179062760091940554 2.2293064982208474767 2.88448e-09 5.14682e-06
26119096.509240251034 6185 2.0492754747398751469 0.31384927830693121198 0.10542828543257702634 1.712246519988764204 2.8559947747325233891 2.6031406661545131165 2.4121268721764561604 2.202955287374152249 4.56223e-09 5.99666e-06
26119096.509240251034 6037 3.0256452377371321205 0.23903355569492829025 0.33359938170069780572 0.54017851479100598144 6.0805732000139602889 0.7190905754456659027 0.57294334401058466533 0.44336141007496826516 1.83549e-09 4.42691e-06
26119096.509240251034 5776 2.0850532682509919091 0.1108493004623898881 0.094429662607791231554 3.143638620668563366 5.741446232464293864 3.5045607152648625693 3.5461977919113860658 3.5898342632222859372 1.75506e-09 4.36128e-06
26119096.509240251034 5846 2.7992342868734505501 0.098312535310296253477 0.12161650227679474123 6.2140305649011375877 0.040108402443381097058 0.19480214770938736324 0.17660555896490273686 0.15933313296003673298 2.37403e-09 4.82332e-06
26119096.509240251034 6333 1.5374795318306155867 0.1654660681894827845 0.17393912922348575556 2.2618485397952441396 3.3940827125766808159 4.7705094134892185309 4.9356650388050731237 5.0970237892271521574 1.94245e-09 4.51128e-06
26119096.509240251034 1147 1.0869900711718942787 0.20308793781051603933 0.25593382182925483725 2.1345500088697133556 1.1427345302292621909 6.2756630278179406091 6.2770631191554535633 6.2783064539291855155 7.2768e-09 7.00643e-06
26119096.509240251034 6244 3.2232978244809236124 0.030468472538628273844 0.33007424093626164252 5.9690312771344160581 1.6943044240054168093 3.2095356143047757413 3.2116365596041456243 3.2137689457985132435 3.08558e-09 5.26376e-06
26119096.509240251034 6192 3.2030523730262570048 0.16433229323350204143 0.3530320570452467055 4.2090900499460399686 2.9492805815640688039 2.7553605361717674604 2.6878855100725718152 2.615858563362226441 2.79503e-09 5.09306e-06
26119096.509240251034 5914 3.201972734263683229 0.045790714885094729869 0.13454782398753126205 4.3936384895824485142 2.4054307359657860488 2.1158418960211835547 2.0761998633633416134 2.0361339416970336558 2.63408e-09 4.99337e-06
26119096.509240251034 6739 3.1805238240128308469 0.1084962538536765192 0.2186343767785911274 0.08533054641233682458 3.319287083381811776 1.7993217270495414084 1.6921134838732831973 1.5844146671885770417 1.84353e-09 4.43337e-06
26119096.509240251034 6164 1.9737435379693935023 0.25110622075541344511 0.1136756903937870683 2.0364115845272219296 1.0858314105355728607 4.2544535842868747011 4.4958597628973357985 4.7411024016348362053 5.09634e-09 6.22209e-06
26119096.509240251034 5361 1.8449240025829340972 0.43085083054083989085 0.15338679629572651852 1.0623914167828518718 4.3183278763446502069 3.2481996005278195305 3.310383311239923021 3.3827620785165475326 3.09083e-09 5.26674e-06
26119096.509240251034 5650 1.9658155626396716098 0.21446296195387745676 0.19859865760678585556 4.8906219565154582796 4.7906555652235685017 3.2805015387399887317 3.3141598805341088152 3.3509857464900068003 1.14639e-08 8.15256e-06
26119096.509240251034 6814 1.3851619855181709351 0.1549523226762682393 0.044971585667984946555 4.6498869068133306115 4.6267313225706745428 2.2569001419407883624 2.1301860863269670432 1.998851735424892917 1.89305e-09 4.47271e-06
26119096.509240251034 3069 2.4096690620612513101 0.53660175612551119784 0.11863401724320445096 4.3023021968458348141 5.9991983310637113647 2.0376572105925343514 1.4564824914464726824 0.92338298174395994078 4.38223e-09 5.91673e-06
26119096.509240251034 3400 1.255390718027351582 0.35676361006824930389 0.26830529566264682551 0.41963814178850139536 2.4204642768028574729 3.538759607557413478 3.7102774290925197853 3.9024033001633497975 2.20416e-09 4.70541e-06
26119096.509240251034 5798 1.6668582068838517785 0.070092342665255949474 0.20057671377102770371 0.094089885313595841843 1.0859982419734193204 4.0931884585405917676 4.1515094513584029912 4.2108627772595088601 2.01067e-09 4.56349e-06
26119096.509240251034 5551 1.9988720346526027694 0.37971143403053292387 0.3952669396439855154 1.3060227095934331398 2.776310420015399405 3.240717533945593587 3.2892806945202410773 3.3451558915449401965 2.00606e-08 9.82423e-06
26119096.509240251034 2928 1.8210683486308645307 0.30647414760823521451 0.099056776264155932399 2.2348739697164194951 4.1861941779355280602 2.9519959411969809437 2.882051601327666468 2.803398994791233001 9.69793e-09 7.71039e-06
26119096.509240251034 5185 3.5353509536159428706 0.050167608957569241601 0.2360109522766239698 2.4590446829080270241 1.1906472179940332801 2.6138207354868621124 2.587981014670888591 2.5616047509102970459 2.64564e-09 5.00066e-06
26119096.509240251034 6221 2.2212860259754751979 0.41452436638155104598 0.11340375931717933122 5.402617645348026798 3.3571486785961837107 2.115042818202811592 1.7026436748412046018 1.2917170804567401632 2.14299e-09 4.66148e-06
26119096.509240251034 519 2.0693390616849511865 0.099193810969072940265 0.066462914269380696242 1.7691962488796582065 0.34295907765103134102 5.9283690132245148163 5.9613740178536449577 5.992747570411366631 3.92741e-08 1.229e-05
26119096.509240251034 4406 1.9227609171181374581 0.27081276980704865887 0.13256090567919129319 3.2723555994423145776 0.7431782859728799373 1.1212332754940366186 0.88781186752761409586 0.67774439206876124775 4.822e-09 6.10838e-06
26119096.509240251034 5453 1.1195189925461912495 0.24548241707586945792 0.098141314077937399918 3.9801731488600373687 0.90916076883215601878 3.179839424413708926 3.1907280482670428157 3.20278507083070485 3.03837e-09 5.23677e-06
26119096.509240251034 5134 3.5241719183355062484 0.012604688286298534536 0.32547042650683827292 2.5612788887141895167 4.370097082466557481 4.963733740632461533 4.9759236012783780723 4.9880931159904644545 2.31886e-09 4.78566e-06
26119096.509240251034 6863 3.0935639799772034486 0.11902663925641761289 0.093200843894524681987 5.5683926941207726458 2.669583150689592177 3.1218015926886533151 3.1192875589939488279 3.1166328786835588716 2.72515e-09 5.05026e-06
26119096.509240251034 4313 1.9140335049306955728 0.38659876860711261948 0.039833590998796353233 3.6957046671606996746 2.574245978992269368 2.5874066510092506022 2.3334350564335699652 2.0539181111746755981 1.98502e-09 4.544e-06
26119096.509240251034 5577 2.0699285976705263934 0.37194700491296750489 0.25666858951478555007 1.2146143054450759813 3.3186847125049130369 2.7375185578960792299 2.5536581297017364456 2.347360122767968349 6.01747e-09 6.5764e-06
26119096.509240251034 5417 1.9076675938084257655 0.15256363647586665411 0.16247798698865567602 2.8365809529445584758 0.17717002821110833244 0.20152712445608705893 0.17295908689118649759 0.14670318482926311687 6.2485e-09 6.65951e-06
26119096.509240251034 5880 1.3809473507091929445 0.118131053422671356 0.14924930431166047451 3.29847366192026481 1.5508236416895229137 0.18331324861360231981 0.16289444176285677868 0.14373653733107838448 2.24295e-09 4.73286e-06
26119096.509240251034 5030 1.6668085521350655132 0.34701420364984858491 0.25633524198805135441 1.609720971126972433 5.0933935137355597078 3.2731176757163167323 3.3302088929977791132 3.3952740061550166217 2.14686e-09 4.66428e-06
26119096.509240251034 6137 1.9340472012661109602 0.2257286701951801422 0.087615347072191582245 3.5604424265726901666 6.1279940931980725338 0.29255182507468230346 0.23312673740226960706 0.18097871868582901533 2.35406e-09 4.80975e-06
26119096.509240251034 3887 1.7802620877066717142 0.49301846830199946847 0.45012139055167593726 0.28076140162549989565 3.2331522184003427256 2.2368988166292318454 1.7514095317628846082 1.2664106369540610864 3.51292e-08 1.18415e-05
26119096.509240251034 5625 3.0304721299381940369 0.27520424381045299755 0.058556974627554471413 4.4564462732686989099 4.208922086658914985 2.4841492326653416001 2.2918315913726661215 2.0851194397963284111 2.295e-09 4.76918e-06
26119096.509240251034 5607 1.8314308890398895979 0.19466834074997199644 0.068768032526834138585 0.51277491878510939038 5.138520315017206741 4.1331177552211846304 4.3065176139322804971 4.4853708482490342035 1.18158e-08 8.23514e-06
26119096.509240251034 6029 1.859901708415138577 0.19382854239820412889 0.14682892495043706194 1.0942990798836809141 4.1561328495688130147 2.2323671240203539767 2.0684602677303556284 1.8981431018062200344 1.2969e-08 8.49478e-06
26119096.509240251034 6282 2.8078968380536544203 0.10095405260799977798 0.045590338950402396756 2.1281811948638993393 1.72211662673156507 4.0517161672550834339 4.1341461249940847367 4.2186875033875281815 2.68214e-09 5.02355e-06
26119096.509240251034 6604 1.4905251185573531458 0.067110399647747717711 0.13790623205143001662 4.3538115184180510298 3.937741120061326594 3.2240741628768674332 3.2298012153088264675 3.2357132534907639965 1.33847e-08 8.58458e-06
26119096.509240251034 5362 1.3929516251834528351 0.32614389741285337854 0.22124491522880718186 0.33562359909971939409 2.2944544172111105418 4.3944609588897414199 4.7274720537872614301 5.0535788531813379265 1.49782e-09 4.13686e-06
26119096.509240251034 6068 1.0860763186078665754 0.2395154708157954393 0.17340989924111555043 4.4294635611452255475 1.6828858680937930359 4.8233479767037525932 5.0605797560701253346 5.2857222757226294263 2.08722e-09 4.62068e-06
26119096.509240251034 5877 1.341717681318258748 0.348646411107779719 0.25109520786953060112 1.308350995146458029 2.9755034497938823712 3.4563724776560484919 3.5906175386822152262 3.7419605137732778743 2.13222e-09 4.65366e-06
26119096.509240251034 5479 1.3658813105113292163 0.13217391019867694157 0.29037719938262140928 4.5336925371166323373 3.3163588088297202283 2.6630742961280393644 2.5981401528297549675 2.5297937955688944989 2.12255e-09 4.64661e-06
26119096.509240251034 5257 3.1756518116160461496 0.12355238749308958268 0.19814331160398740428 0.32913072397703224681 1.1525589975181613767 4.4470364107802300424 4.5685518986620490267 4.6908283939627528625 2.20895e-09 4.70882e-06
26119096.509240251034 6565 1.2804380738695133601 0.23615520238580439694 0.029966095427534644724 2.5779528902692812053 3.7225125482576029157 3.4322292297685979001 3.5097321328077994984 3.5947197125473984158 1.41094e-08 8.73682e-06
26119096.509240251034 6327 3.0114665637983204505 0.17551039000364490605 0.17424369975289313861 1.4990165681611273829 0.47013556785401661164 0.060775162809946305098 0.050903237314295482485 0.041973048008116048413 2.25041e-09 4.7381e-06
26119096.509240251034 6313 3.2341044729769148347 0.080373754376265094113 0.33306979256669916323 2.283345272185706154 6.1399106069197797453 2.5882523525646252693 2.5444517334802725372 2.4992591412255102945 2.33149e-09 4.79433e-06
26119096.509240251034 5226 1.4430145964977263429 0.54793554134742039619 0.24886825916969718131 5.4332313964996377109 2.9628725306758818547 1.1365650394760975495 0.66456665616212962089 0.32664490702275650325 3.2729e-09 5.36819e-06
26119096.509240251034 6709 1.3383970639759805721 0.22989865692800104391 0.02043732594352341489 0.98949759787833646563 4.9771135328956317423 4.9660995269827896692 5.1843798555599729383 5.3891425156646750594 7.37402e-09 7.0375e-06
26119096.509240251034 4581 1.6317939671750669728 0.19968597266878695962 0.27477616896033779659 6.1321526193195081689 2.8422037103382762346 2.9277373762924994161 2.8802552959924772047 2.8286618859737968634 2.62777e-09 4.98937e-06
26119096.509240251034 5923 3.0348232882062933236 0.042982094479684901378 0.18014011238778931956 4.1329865063646176182 0.20733591146562460605 2.1523725229660066738 2.1160146970333433281 2.0792644017826602543 2.22479e-09 4.72005e-06
26119096.509240251034 3796 1.2833253640793613748 0.17423000020473108918 0.10275969355677541661 4.5455180038410247789 6.2671542821567829407 5.5390594973735227668 5.6506497380910625239 5.7536530631344584563 1.48625e-08 8.88956e-06
26119096.509240251034 1253 1.4393793940780434948 0.40167303907882190295 0.17418018142173088969 1.0319103713576229797 1.0199583072528672911 2.6118005313489462971 2.3545110597067822056 2.0700075950636116495 1.21449e-08 8.31089e-06
26119096.509240251034 6842 3.143387855416267751 0.049178454182332673184 0.11495825888836419537 1.0053952834044239673 5.5022767693402085953 2.7233513848176760241 2.7029062920660913427 2.6820177150646511421 3.94698e-09 5.71398e-06
26119096.509240251034 5437 2.0238219769710856788 0.091747738108771709209 0.1222639973491145976 2.1766133467806212387 0.80831153434590463647 2.4191445326930525184 2.3561999076058155467 2.2913248112886521746 4.54448e-09 5.98887e-06
26119096.509240251034 6001 1.8848926825033947008 0.077997592949105215565 0.30881130771623671594 4.3630676601098725698 4.5448199781472506942 0.68850912475083969611 0.64033737825684278189 0.59373646705896931941 1.89847e-09 4.47697e-06
26119096.509240251034 1517 2.2207533872957760934 0.42448250543557830561 0.12475907046868049688 3.1373311697262691311 1.1334726088508020325 2.2543165177588804227 1.8575860481313515304 1.4504407145670645818 2.17631e-09 4.68551e-06
26119096.509240251034 5753 1.9616001668312463835 0.35822314070426658494 0.039739906543857075882 4.4206100294625931824 6.000174501712644215 3.18061062467448874 3.1983466863369351962 3.2186663817363161399 1.44813e-09 4.09059e-06
26119096.509240251034 6366 2.1764575647088424404 0.32719767006878230919 0.58514211459502785129 0.31895623680674972666 3.1359892967732996283 3.4785875602782310168 3.6106422731057605802 3.7585482995006125329 1.97281e-09 4.53467e-06
26119096.509240251034 5717 3.1759425234043940911 0.10738799697116203913 0.20199444948522946031 2.7107556766928753156 1.0850817217556292249 3.7815754975851669784 3.8487697369731064256 3.9185386859987914043 2.31886e-09 4.78566e-06
26119096.509240251034 6197 1.9790976742108923325 0.20357326905763911684 0.24287004452543448085 0.11764982427628548067 2.0471478964492217933 3.8474147300778636094 3.991944161008351255 4.1449319863656537422 8.02678e-09 7.23931e-06
26119096.509240251034 5211 3.20093262503399556 0.048535646839283394516 0.26923024654988692017 4.0293631217219765261 1.0583275677757020272 0.51631228334118106638 0.49283413332363801285 0.46987072270726770729 2.07199e-09 4.60942e-06
26119096.509240251034 6154 3.1523099260301479241 0.075666785531651126195 0.22427064785425943061 2.4402988426173264358 2.3833670653527603278 2.4813359366619418545 2.433436899784551688 2.3842206454692758122 2.04677e-09 4.59064e-06
26119096.509240251034 6204 1.6157263947419095995 0.25709272776669256366 0.30245511669052793646 5.9855864562260423511 4.4287131354669462269 3.8342571291287659285 4.0193900271899902776 4.2171801021230646001 2.26769e-09 4.75019e-06
26119096.509240251034 6392 2.9764622120362900226 0.20142351892581342176 0.16951423366639956081 5.2248600738584958236 1.7084383017148037087 5.553553672257915963 5.6794809289227812243 5.7938282443649598008 2.75286e-09 5.06732e-06
26119096.509240251034 5076 1.6855478202875868732 0.35544212790097051702 0.22271452697374743979 5.6959367050436950919 2.1902315004189438774 2.8085945658412114767 2.6635062455931013403 2.4999740813820676699 1.5547e-08 9.02399e-06
26119096.509240251034 6735 2.0317073388377719922 0.69174515680104597948 0.34404201339108420044 4.3860955072298750679 0.94121109670372327116 2.9732855513532689962 2.7513972169370233267 2.4882786864903372326 2.32036e-09 4.78669e-06
26119096.509240251034 5459 2.9661826869296143983 0.16435533269573177062 0.20836246893384999246 0.32218068184375581176 0.060232847290705021637 2.0143829789487317505 1.8597239978552844164 1.7021812003786829237 2.51526e-09 4.91712e-06
26119096.509240251034 6816 3.1073103843773153265 0.099087162194984923502 0.15412591398263991715 2.9942709588788907205 0.85187456661898930399 3.5828120112883445891 3.6272180821586852417 3.673468161474246152 1.76213e-09 4.36713e-06
26119096.509240251034 6572 2.9987301835991537757 0.14024417891095652955 0.17175459968348977258 5.8423862014937810727 1.8400003796173758364 0.69086153357012625165 0.60573171356621535733 0.52588176055888213867 1.66053e-09 4.28153e-06
26119096.509240251034 6740 2.0462721440272781948 0.38500398812782116176 0.27554287482659234332 5.9443798803954503995 2.0571984390734274761 5.2725225830764257395 5.5767803096129506812 5.8266876503186413316 1.33102e-08 8.56864e-06
26119096.509240251034 6480 1.7783600053677401931 0.10759849615209102214 0.041282348070729044109 5.569392572850778933 0.27300380560119336115 1.8413052214494778358 1.7358941568836545599 1.6297587547603502589 9.59462e-09 7.68292e-06
26119096.509240251034 5642 2.8362572998649975275 0.18861373515370005727 0.096180994291363203219 0.37243632794787739915 3.7968951098403942446 0.29243523400242182886 0.24216093515191561281 0.19693115998956833845 2.80041e-09 5.09633e-06
26119096.509240251034 5478 2.0927582171333249939 0.18196399502700866257 0.12405599475246351093 5.5363927542854174391 2.6320311311557409439 3.2591380641505418581 3.2828137015197413895 3.3084255180385349071 2.28234e-09 4.7604e-06
26119096.509240251034 5258 2.993726716523965603 0.49289922392825008535 0.26216151522524416828 3.0880762674270245682 1.3933290705283409849 3.6110708806147564509 3.9203542903697212729 4.2665659713263268671 3.58569e-09 5.53402e-06
26119096.509240251034 6815 1.5756396136125438989 0.21977035993659402302 0.2914541903284997848 0.24856663043012688918 0.060517092535668656761 0.025997983809020967089 0.020793168257208234639 0.016223775468989825449 3.57143e-09 5.52668e-06
26119096.509240251034 6617 2.7459508372195666759 0.15378407387581122245 0.034941846529089902462 5.3532298145907102338 0.96586993272459820137 5.5636722686232982227 5.6599454149957937332 5.7497044092798654802 3.93262e-09 5.70704e-06
26119096.509240251034 6667 1.9107411227841553103 0.35482229271908394264 0.34584647384054728603 2.2198581934120000803 6.272659768379527101 6.0984838389156275085 6.155536810597189934 6.2007064425203086699 1.85586e-09 4.44323e-06
26119096.509240251034 6040 2.2106448879188929091 0.41129924599849737588 0.51226543267007029758 0.19916973933082970927 2.0231330030472380876 1.7543666715069923256 1.320875501690766507 0.92235449784690071162 4.48499e-09 5.96262e-06
26119096.509240251034 5950 1.7926269451527210297 0.065230276499972511539 0.17412294318409901606 0.50763854918950790385 3.412254223402952924 5.7395965247719926694 5.7724492302018015621 5.8043350627618544024 6.81029e-09 6.85339e-06
26119096.509240251034 5158 2.0655692534067293664 0.10777129364863566319 0.065736945352588865843 4.9918842226408353113 5.4267968628013623089 5.1956178487644546493 5.2889157710453158501 5.3792670208560160461 5.85576e-09 6.51695e-06
26119096.509240251034 5252 3.1382984034249390426 0.095666141759170778003 0.19835233846796618273 5.2448538581993329188 0.011069315764760449122 1.306278955578694001 1.2149372241312521581 1.1252648027328864266 2.42859e-09 4.85999e-06
26119096.509240251034 6104 3.349565925954218315 0.069692467699304885831 0.15555447376812181481 5.0536792465522921702 5.0191963129657377607 3.3546854849836944545 3.3699629181706112213 3.3857406240099816586 1.75259e-09 4.35923e-06
26119096.509240251034 5196 3.5618643493689421398 0.077848508533480409444 0.20258389379646643547 1.1287764295187476815 0.28934661197519612186 6.0988506821025048055 6.1126137453984563663 6.1258281906128733141 3.02458e-09 5.22884e-06
26119096.509240251034 1284 2.0408517634807323837 0.23128855752138782753 0.15178367694726357939 0.87935104236189487459 4.0182437472688832258 4.8716072852640746049 5.0979137350838268361 5.3122259966570659628 3.64405e-09 5.56389e-06
26119096.509240251034 6952 3.2268739140126578846 0.098570169565604770501 0.10837401834910123655 2.0802511155232950024 5.1437392749749735188 5.3432457827856651988 5.4207395062588368262 5.4955972441928357952 2.57429e-09 4.95529e-06
26119096.509240251034 6978 1.3404421915484951988 0.13714444496647809624 0.25829522125090259577 5.5942797885805113367 4.1634966957075025817 2.0544192137458296976 1.9285555023010765296 1.8000945144808451204 2.46129e-09 4.8817e-06
26119096.509240251034 5517 2.0578741610770006076 0.53845979917732800235 0.468856048575137907 0.54304249951301886146 5.4444624720387535532 3.3132041585962590524 3.4531368442861936074 3.6181903109541027064 2.41819e-09 4.85304e-06
26119096.509240251034 6425 1.6864928728851376061 0.34339381792573298036 0.13716201620275106365 4.8419644417932357072 0.43269777884874532914 3.8020818640482865192 4.0533547369134144134 4.3248363897764203756 5.02719e-09 6.19382e-06
26119096.509240251034 6573 1.7633830927978162428 0.078608232790967971781 0.19005596325294416005 2.2720092696051388259 2.4901678513785965308 0.7941278069518615812 0.73949476257638735444 0.68651951709994196715 2.46875e-09 4.88663e-06
26119096.509240251034 6836 1.7427178668366929415 0.17972999816015680641 0.20330830344767050755 5.7069328354787813851 3.2628860587893981915 3.6974361862694862246 3.8009309204921857273 3.9110324306754855606 4.61039e-09 6.01768e-06
26119096.509240251034 6180 3.0625294825621169892 0.092551778678499355135 0.14323510861747465461 1.5600830220397303716 1.15431387991386325 6.0379434733953525338 6.059492230574296201 6.0800231943947480318 1.88472e-09 4.46614e-06
26119096.509240251034 6809 1.8646377562628440039 0.18053591246063363518 0.29037028553819160814 2.9045707228065071881 2.002060106078869417 1.4267067332359266718 1.2493519833687229958 1.0780631048212310219 1.72631e-09 4.33733e-06
26119096.509240251034 5678 1.7386142915403846043 0.17503179428526291495 0.22877173846771511889 2.4188843783618136918 3.3225036029593040254 2.3706949001072135097 2.2396749307635990256 2.1023594173685249409 1.85255e-09 4.44058e-06
26119096.509240251034 6119 3.1148351780638909858 0.079595096578143953447 0.19011152721234833574 1.2657106876687989061 5.5670519916066938393 3.3768772683347179075 3.3962107778102619271 3.4162588614574702639 2.96829e-09 5.19619e-06
26119096.509240251034 5063 3.4986817660354754267 0.097153794683565136703 0.42046081665151996409 0.58715791758121360644 2.8223930523840805584 3.2474332469449422867 3.2582445893733535947 3.2695520820415087115 2.23728e-09 4.72886e-06
26119096.509240251034 5289 1.7764356600315314161 0.18830500982241213381 0.11819259369258884595 1.3682789494248754902 4.2846109466604662686 4.2950322830074965097 4.4751952865956052818 4.6582279850315710945 2.13423e-09 4.65511e-06
26119096.509240251034 6619 2.1298308809662795937 0.14765038710832639746 0.25597745363305662858 1.7443979406647061037 4.7606973783932877708 1.8322609074304014865 1.6862967084559967734 1.5396300800253803764 6.69672e-09 6.81508e-06
26119096.509240251034 6054 1.8278863075523119619 0.070553722159395856894 0.075087172764508394729 5.3308077172275485367 5.4245895853639671813 3.900989784991477638 3.9508937905350167696 4.0019609367547666068 1.3494e-08 8.60789e-06
26119096.509240251034 6960 2.9848187670671104677 0.14672914075003143375 0.10904398359456227152 3.394009342349476821 1.930044507451966096 4.5504580917646153537 4.6975422355134437424 4.8442552051139662339 2.28045e-09 4.75909e-06
26119096.509240251034 5360 1.6704837783440660282 0.17049254367153554579 0.11855795794303801427 1.5613489475244348714 4.6916525158648951788 2.2685570576180507096 2.1294871094000131784 1.9849179871869071512 2.24154e-08 1.01945e-05
26119096.509240251034 6823 1.8828617496607760184 0.018663430155575911479 0.076156159778390977722 6.1432990963980866894 0.11551649476031580766 3.475137401757846245 3.4813025841182141384 3.4875214931256439677 1.69817e-09 4.31364e-06
26119096.509240251034 6677 2.2974962771507132508 0.10033921960464071976 0.019992834581152883755 6.0791428355880068324 2.3158291037590839068 2.5018282622299610196 2.4392688976027678827 2.3744504387355185315 2.33048e-09 4.79364e-06
26119096.509240251034 6017 1.9355799035758702864 0.10400496647179491294 0.10899575969207687953 3.098612395183630408 4.3287101239930905194 2.3360170204742320976 2.2580226001432985861 2.1776258639066283784 1.07446e-08 7.97837e-06
26119096.509240251034 6791 3.125041714668277848 0.28854462550592030468 0.12406451046784838788 5.9261013187224858001 5.742991551138922901 1.3921119653438067676 1.1112592190376309187 0.85264881844791307053 2.20531e-09 4.70623e-06
26119096.509240251034 6266 2.9601119718445914053 0.16181158940971970828 0.12979104308586886241 2.0057993149421728951 6.1216653379092171861 4.9183526568750997043 5.0748624450283497112 5.2261599419171789194 2.89198e-09 5.15128e-06
26119096.509240251034 6897 2.0208506994680122126 0.33225365801473921712 0.30090233174440511599 0.83951145640666047232 1.7179035237613489162 4.8712991011160298171 5.1971482627304537161 5.4911220292374443019 2.6229e-09 4.98629e-06
26119096.509240251034 6969 1.3346829490211546965 0.11515018577694409452 0.14677003491902962384 0.26665293320171551406 3.3064285578094376739 0.6584842673303390459 0.59090130329117829255 0.52675001479796401682 2.41679e-08 1.04535e-05
26119096.509240251034 6230 1.8600982076774972285 0.18390790671728468597 0.29817420365025648632 6.2574011327449126085 2.481675703183927606 1.372173388142257755 1.1940707296103330037 1.0230595123454155893 6.03494e-09 6.58276e-06
26119096.509240251034 6778 13.210350748762035522 0.4357190143630228496 0.43409136073727272453 1.2836961115361607 1.2173233289884513031 3.7099470423863438739 4.0135869096769214437 4.3471792106977842352 2.33115e-09 4.7941e-06
26119096.509240251034 1465 1.6520102452630158751 0.51951127267494023876 0.11316600489930261908 3.2559024603412605181 1.4056606332583576613 5.7380353314229193273 5.9713591648643040699 6.1307437808735647522 7.44584e-09 7.06027e-06
26119096.509240251034 5931 2.6933102362908867278 0.47094738496058397015 0.53119328143528377062 5.9506565112046381216 1.6553826322907752022 5.3270331798938030943 5.6805924206214886141 5.94751625005566531 2.66585e-09 5.01336e-06
26119096.509240251034 5323 2.8006008152071117934 0.15830770355618078993 0.10258805941010376572 2.0546268059222341229 5.476683643964551429 4.6983399086777977161 4.857478128579900023 5.0141224963719563945 2.25995e-09 4.74478e-06
26119096.509240251034 5788 1.5146191568239977254 0.22127118443071094878 0.06991104611075754649 2.1242391130633144769 0.53724572718308205577 1.9199819677264386986 1.701932495753481156 1.4825611529115565457 1.43499e-08 8.78617e-06
26119096.509240251034 6138 1.9541698151678672524 0.13380784602214793044 0.21566440854154436679 1.3561072795749318232 2.9866075641843825572 1.9351245322013763683 1.806630489154905872 1.6765264745311410088 1.20875e-08 8.29778e-06
26119096.509240251034 6726 1.8310311450897016616 0.10970563973470870422 0.18160136917960320591 0.84416981935737134268 0.65758823906766727951 1.0021619849425480453 0.91216888972099763322 0.82541004640069215448 2.92983e-09 5.17366e-06
26119096.509240251034 5559 2.3513563447612115809 0.39029595249163251403 0.53863175254764683597 4.1288442504836595504 6.0000247425662900369 3.4125747954421643549 3.5476418443694148763 3.7018020547937924292 5.44342e-09 6.36025e-06
26119096.509240251034 6737 1.5348101683982553478 0.36628081457473093963 0.21230014962170196124 1.7102871653231785931 2.2977814366563098503 4.1788845997910701868 4.5366443675514753764 4.8972832205684246887 2.16814e-09 4.67964e-06
26119096.509240251034 5663 3.1547670823482758529 0.16136740500377061425 0.32126115956312772948 3.1998673424086905293 4.8749421800206089728 3.8755705829657749462 3.9912251802549314483 4.1124182056533289398 2.69499e-09 5.03156e-06
26119096.509240251034 5227 1.5896423089177902366 0.11097772361974188315 0.1560141068934437214 1.969237450872858064 2.8947269803791702003 4.0423247982722116944 4.1326392167369911945 4.2254831535978008006 5.94474e-09 6.54979e-06
26119096.509240251034 6118 1.9677054129410778138 0.03319859004799110419 0.12946002005984702521 0.51392297487513494136 2.2108651758149333588 4.0847848976073901639 4.1119274513609838095 4.139318775658763272 5.68798e-09 6.45411e-06
26119096.509240251034 6356 2.2166209595289498857 0.4664293845043607778 0.45058776486259571881 0.86785113482205988866 2.6677690401934790465 3.8895452532625429676 4.2951845035497555614 4.7216060357497946498 5.8318e-09 6.50805e-06
26119096.509240251034 5831 2.0966214865840018255 0.24314162315664039626 0.27685230457993398323 1.0320002346843213381 5.5994945912461595583 3.8465895629993287486 4.0226933905321917706 4.2102625029403668577 2.32205e-09 4.78785e-06
26119096.509240251034 5138 1.7599410052213564359 0.31795116612642082554 0.25462205974677787346 1.6470141176923118742 4.3024295575616591236 3.9008573145184106679 4.1543681807959949026 4.4240876731808169708 2.37553e-09 4.82433e-06
26119096.509240251034 5736 2.3109518973275595677 0.39066242954499563744 0.10333095922078303075 3.7424847669991407884 3.3083202446347756975 5.569107652464030167 5.7990289244095700738 5.9808673880797016409 1.87923e-09 4.4618e-06
26119096.509240251034 6132 2.1709472167750329952 0.32266148840457181679 0.21858557354000271444 3.3675021468407311254 3.7113733651502536226 2.7082872868482077422 2.5448027107537622982 2.3634701182004063114 6.69157e-09 6.81333e-06
26119096.509240251034 4460 1.9324698190124012243 0.20386408257986587955 0.15127800251763823258 2.1078764755530325914 4.9814684567224087886 4.1838251254438505455 4.3709374198812653844 4.5630323465723350296 1.068e-08 7.96233e-06
26119096.509240251034 5256 2.0252673743512965565 0.38253991003549536742 0.3210889620394315469 5.9042369084531340917 3.7325452161349437219 3.182706020553624171 3.2031020777385172948 3.2266170529752979945 4.61883e-09 6.02135e-06
26119096.509240251034 6023 1.8323464966755362848 0.099062964158582775265 0.071849868115092224707 2.1587985954055430859 4.7275495847268649285 1.4170083227804810555 1.3196908191441043545 1.2237346356978793249 3.26695e-09 5.36493e-06
26119096.509240251034 6504 1.8534984296780963042 0.27609668415315152812 0.19370323748094264715 5.7935762615917862917 0.94887260251469607297 1.8945449168448440513 1.6168852737264187702 1.3410817787184514671 2.41361e-09 4.84997e-06
26119096.509240251034 5667 1.975540654908912952 0.087610244264089698341 0.21005308671351355376 4.1199733591725902215 5.3680578128684217631 0.32998091647354454992 0.30267392347746374659 0.27655961873370477067 3.20823e-09 5.3326e-06
26119096.509240251034 6362 3.0310710610069562243 0.11420542952640323764 0.21285169912242876689 2.4764745834208081732 5.8473168126556283042 1.1884815908684474017 1.0844920126525867676 0.98352686230445329763 2.92709e-09 5.17204e-06
26119096.509240251034 5964 2.2598954400579440716 0.37470145782373037724 0.50956336336658847319 0.97798642182873818385 4.2372658577975315097 0.67218393799127817978 0.46278137765150262339 0.29550016581442639652 2.1711e-09 4.68177e-06
26119096.509240251034 5767 1.8656386956149411116 0.34833321076524015325 0.098853299845979417104 3.1344796356215414157 3.0295205907793625322 1.6811596039292431293 1.3204941070614875098 0.98301579266866168094 4.97944e-09 6.17415e-06
26119096.509240251034 6269 1.884702226555089899 0.10841099756645727892 0.093980578494718358673 2.4159711927924272246 0.76178597168525130634 1.1340858372837978596 1.0378480907455078786 0.9444723009876959674 6.27461e-09 6.66877e-06
26119096.509240251034 6182 2.0859705184619534712 0.30053934105171536961 0.33347909122861002507 5.2527742873603520124 2.4506372776770941613 0.098793337288643409688 0.07247876935295717582 0.050715114159947963235 2.64006e-09 4.99714e-06
26119096.509240251034 5435 1.7382446636476587276 0.25599095269041372003 0.086755558890772827008 3.5398234164015360825 1.8285002767823830272 4.9365673879117144551 5.1820039414508718423 5.410281979423653631 7.17242e-09 6.97277e-06
26119096.509240251034 6415 1.6192858728975965121 0.29355904210163286105 0.14507880377285961582 1.6615154732169743479 6.0154983908469787934 2.6735698258998548127 2.5175295017455141533 2.3459920133855938218 4.5356e-09 5.98497e-06
26119096.509240251034 6920 2.270025017365622233 0.11129777776958917068 0.271729601839642676 5.7017688882674022466 0.4901523967174514218 2.9401765359200400241 2.9165500681469747057 2.8917142056603126754 4.48089e-09 5.96081e-06
26119096.509240251034 6103 3.325671306529979443 0.051584773271547992857 0.12940021715926278145 5.4151248079265750235 6.2490483600696569155 2.9739355528026258924 2.9650968569121296525 2.9560395563582702039 3.07621e-09 5.25842e-06
26119096.509240251034 5534 3.2716489928414906885 0.13258556090470127731 0.12567677550603909009 5.4133674425703901534 5.2173335997410781317 2.5844105957135163898 2.5098052670508281814 2.4315018160516381762 2.18919e-09 4.69474e-06
26119096.509240251034 5578 2.8784460348110374461 0.066995150143953755006 0.21246833669281989243 3.7227710084511911326 5.5747683377474492872 2.4204032190676234571 2.374981660435764752 2.3285072425965713805 3.04211e-09 5.23892e-06
26119096.509240251034 2992 1.3168354914013888912 0.10772875808615103854 0.1712167656940709326 1.4433993085451604088 3.3167976986757694569 1.0052857291945012097 0.91668762386472080195 0.83119509895906840136 2.26492e-08 1.02298e-05
26119096.509240251034 5643 3.2794175581852851309 0.043941993923907442243 0.084564595552749768914 2.4231989130586955028 0.27741235664965996355 4.6150410040518989874 4.6588827418720777374 4.7027618496482794797 2.47115e-09 4.88821e-06
26119096.509240251034 6683 1.5914891040602572314 0.32831409297269814607 0.071037440132830184658 5.0763394714331013802 1.2315397469340403358 3.369434010556571657 3.4606567354331456698 3.5636416488440803008 2.07491e-09 4.61158e-06
26119096.509240251034 5234 3.1077771602286721198 0.1519822792455046423 0.096229279019833538489 4.9789332738210232421 2.6754221129850246363 2.8621231973505794066 2.8166186828281625232 2.7680931546770795038 2.35138e-09 4.80793e-06
26119096.509240251034 6292 3.3552599029734979652 0.027059413891391135426 0.29596127552629364343 5.1558131901792689789 1.6102542337450158616 0.85814779311526645511 0.83785029636902619288 0.8177395626382614191 1.7586e-09 4.36421e-06
26119096.509240251034 6557 1.9486092552862896987 0.1399521316593937692 0.062671635878768630623 2.9917421989261034909 3.6705602164159376599 2.6236104911834559061 2.5494760841058643486 2.4713662076430265024 1.93092e-09 4.50234e-06
26119096.509240251034 6401 1.0794533537689507963 0.17192055211105475299 0.077242420650559417972 2.2077773312230659641 3.8930729444531868566 4.2070166011120333494 4.3648784000754616841 4.5265221291672270709 1.93159e-09 4.50286e-06
26119096.509240251034 5864 2.0738059822924688191 0.4349584992971438635 0.46074305430559464591 5.8452639958504990503 5.5793167345311802663 3.9198480345161317295 4.2991621906034138689 4.6975101555645046858 2.76427e-09 5.07431e-06
26119096.509240251034 6243 1.4279654746379935037 0.20216094459475089651 0.051721785242351242529 5.6002198771770030916 4.4176715681922944512 1.832256882125510522 1.6302681609557496678 1.4284646224272321557 6.87089e-08 1.48088e-05
26119096.509240251034 753 1.3315375861602152252 0.071560969082314920819 0.12096299342499945706 0.88328676520735682764 1.27685899196389685 3.1640407017337190965 3.1657087783661124192 3.1674343843491281625 1.27811e-08 8.45356e-06
26119096.509240251034 6135 1.4577616761320122407 0.52384046262109296155 0.10638823557998002001 1.1588879344121221227 3.1715514775583795171 3.1738905831634514065 3.1993603630763507439 3.2296045988055133158 2.38172e-09 4.82852e-06
26119096.509240251034 6402 2.9635627687161076871 0.15202995921405221269 0.22768874537125108337 4.2645997613287267569 2.8007268734429602297 1.4412650202000913957 1.2913914887238453488 1.1452572901792930082 2.16272e-09 4.67574e-06
26119096.509240251034 4732 1.3867165520265958278 0.21385391643241849491 0.19065757653281617534 4.2257543440210332264 5.9494461119452646258 4.5330161710553342758 4.7492446394777196872 4.9629533292277638878 1.92787e-09 4.49996e-06
26119096.509240251034 6242 1.8901713749612094606 0.31144771247694996719 0.34719012338806365392 1.7618572004492816241 0.76874468188238687105 3.1858969125386700227 3.2027274201196029857 3.221755845142530994 2.33848e-09 4.79912e-06
26119096.509240251034 5118 1.5579880073542275998 0.3679675642584994133 0.22007952839616426455 4.0623293563078366475 5.4245163998723571197 4.5307109061413957107 4.9143856294418357678 5.2748716593753322002 3.95744e-09 5.71902e-06
26119096.509240251034 6395 1.7719412152101765567 0.09461107578890151637 0.17092077183419279729 4.6539960405409512845 3.8421274191350494043 0.60663606404028835861 0.55461491189876377383 0.50479120801483801095 2.27089e-09 4.75243e-06
26119096.509240251034 6129 1.7157470987337157808 0.38229673126896790425 0.51418928816440723217 2.1244123087454909182 0.2975782755376649158 2.8639190256799151868 2.7294576796244407468 2.5763224362330143791 7.14833e-09 6.96495e-06
26119096.509240251034 5885 3.4782102708676401193 0.048271104611739813761 0.28903573825206840819 5.8863743846814990945 2.6577350899982459254 1.6596536470459295476 1.6114509561500156565 1.5632197372582448125 2.25928e-09 4.74432e-06
26119096.509240251034 5080 3.2291066183092280717 0.10843385510921121906 0.25149116222572942547 4.757331887391151426 3.4774427453972229785 1.0265391324451971222 0.93610791284829486525 0.84879084801991577791 2.57476e-09 4.95559e-06
26119096.509240251034 5548 3.2123903209703597028 0.092009430611890125062 0.33195796649918568599 5.2988711173501199525 3.5172347159358219315 1.2796377729304095894 1.1925222875461705119 1.1070176065944725696 2.11518e-09 4.64123e-06
26119096.509240251034 5240 2.0091762520964118188 0.024388840088299338499 0.18569280320716571864 1.5105602778429663147 2.4527632111651618274 0.10735507773472142967 0.10477276423811913986 0.10222215051774072303 1.54708e-09 4.18172e-06
26119096.509240251034 5494 1.2879905067563790499 0.37388959788571973775 0.36824976717518970171 0.0016967224683361826695 3.2750196630663217512 3.8967277697867799269 4.2039273387107769508 4.5305178334288109809 2.97785e-09 5.20177e-06
26119096.509240251034 4963 1.9604913925363427474 0.16311895278686680544 0.12993671873492920743 3.773212929861543774 2.5291767936789932847 0.023995887226258727498 0.020354594608060015692 0.017034603712913574253 2.1769e-09 4.68593e-06
26119096.509240251034 5818 2.0748479823313461523 0.48575213964227487162 0.20912146302744069604 5.2209581445310933034 5.1274756879296479184 6.1256717712153649913 6.1903916305097039796 6.2354016981019242394 4.47796e-09 5.95951e-06
26119096.509240251034 5310 3.4599898761630090149 0.069970237676229299351 0.33675099615969539268 1.8384566203514192129 3.5963140741018793101 1.1608347521269599678 1.0974896455872653611 1.0352115253892202329 2.51895e-09 4.91953e-06
26119096.509240251034 6997 2.8783170968051492444 0.15991554025399776218 0.17988707939583631346 5.2155007191369389119 1.1428553188222592141 2.2863694416493975936 2.1583013580325673964 2.0251994649258686643 2.77488e-09 5.0808e-06
26119096.509240251034 6793 1.2531917116636484 0.1970076937254678362 0.27696672248253295656 0.11964731697909450348 5.2131681469963240261 2.1967175693390910141 2.0259158950479840833 1.8489619147033058422 2.0508e-09 4.59365e-06
26119096.509240251034 6702 1.8185225971723963934 0.47107373072354946641 0.24636570066962262815 2.9913094930708807873 4.5799929340796659005 2.8260755794561358556 2.62294150207472887 2.3894259530388652912 3.70623e-09 5.59535e-06
26119096.509240251034 6411 1.5342825002926099298 0.4522052315896311625 0.038909151517963959377 2.9021122762876552237 5.5796889023682512132 1.1741070121506342883 0.77581540674259663604 0.45913681274153489431 1.36815e-08 8.64758e-06
26119096.509240251034 5401 2.0699291937573947031 0.13192132366959674616 0.1406995104397291696 0.88219765644988812348 3.8339167267442944009 2.5827323290600028294 2.5083312012522789303 2.4302632009640952049 1.17442e-08 8.21848e-06
26119096.509240251034 5016 1.49948594769458321 0.40699615660969468145 0.29112861336423739855 5.2637197264051636125 3.5849605773910071527 2.8114895070676704236 2.6392870219181667757 2.4433396809314720244 2.58541e-09 4.96242e-06
26119096.509240251034 5740 1.4511304470996384541 0.39964353918154071899 0.2420455872717857948 2.0833133642297139154 0.3906682268764889443 2.002852956998460332 1.5937319900130941797 1.1941935613959937523 3.09097e-09 5.26682e-06
26119096.509240251034 6332 1.9972587063545508279 0.14067746273575501559 0.022224943054380299351 1.1858908009317286059 4.5250701852969994476 3.5049527605140697872 3.5587438824531583137 3.6157404285231837804 2.19525e-09 4.69907e-06
26119096.509240251034 6272 1.7366188968448272867 0.39164675511705571154 0.2490678834820990728 0.76558606848504406894 3.2836348996718363047 2.1635560870602970063 1.7862380457294508851 1.4036453570727214224 2.92426e-09 5.17038e-06
26119096.509240251034 5691 2.0772028638548087898 0.4283922019977557949 0.29220670314225327679 5.9301749712074034449 1.7037029306299267262 3.6409442220486276653 3.9079385215902600059 4.2050316222969597035 4.69105e-09 6.05257e-06
26119096.509240251034 6501 3.0501019389223826828 0.27954550190554866562 0.43520711270473455556 2.0171566171387582678 3.6988203612247936292 4.0623860908382649626 4.3096355599327980102 4.5668133044002194865 2.93548e-09 5.17698e-06
26119096.509240251034 6225 1.7403218746416084795 0.27294470130984888057 0.22413457315629076172 0.76498326704296137901 2.2665562660610363288 4.0512530848408152551 4.2902223661014620149 4.539203433797663223 2.38341e-09 4.82966e-06
26119096.509240251034 6692 1.7530013441788856454 0.21506169271726263692 0.081055388974966544047 3.8455574875926172851 5.690952878977206808 4.2664552008289167162 4.4717255314582589065 4.6805891585654268994 1.32225e-08 8.54977e-06
26119096.509240251034 6140 1.9823195399024844399 0.087086910035820294662 0.17080280069266334797 1.2650821376573522237 4.5240359637922811231 3.7695316650306720518 3.8226540856369637389 3.8774855726529868782 1.67728e-09 4.29587e-06
26119096.509240251034 6655 1.615891540388390446 0.18107102429994451076 0.18094909263551506307 1.8457415662488927399 5.5314694759153519854 6.1563708724474901501 6.1775443775195002516 6.1966373296586105823 4.63012e-09 6.02626e-06
26119096.509240251034 6121 1.7846350011209082265 0.47562508016510651743 0.082374519137242474542 2.7372132923655660974 1.3957978174797471826 1.7959862581843533125 1.2845884050789895259 0.82831111753063457748 1.90564e-09 4.4826e-06
26119096.509240251034 5251 2.274856425876627064 0.48415195268634847459 0.077400694058250868457 2.9705237404670761237 5.069436791219099625 5.345991346487752871 5.7031496744913825481 5.968490963788390502 2.36533e-09 4.81741e-06
26119096.509240251034 6255 3.2530498205284850144 0.11933604344790268992 0.18504996596734912817 0.81116340964356281606 3.0233122466642825543 5.2178717944814687613 5.3196174750567895018 5.4176201210781549378 2.45838e-09 4.87977e-06
26119096.509240251034 2182 1.4780267804723765668 0.071309238475468605944 0.15531998946179206844 3.7234299570652411582 2.298575209310972145 2.2482102436501762988 2.1913175086851373052 2.1333020578306571835 1.98345e-09 4.5428e-06
26119096.509240251034 5176 3.0989644134794209762 0.16063311430111404388 0.1038495558886580461 3.2893416629828138298 0.0013307354986128202938 2.6882651599542159992 2.6119421410101932857 2.5307851883319019137 2.68297e-09 5.02406e-06
26119096.509240251034 5288 3.141863256351799194 0.20249519993563686038 0.23012462844389250383 6.0000225796496691189 5.106181036325802225 6.188319080144870199 6.2059090129498599708 6.2215415221716874328 2.94866e-09 5.18471e-06
26119096.509240251034 5231 3.1637201764462159481 0.05796147508766558154 0.23911884827740184645 2.2743810680312064321 2.8780419391054441469 6.0110902638300958145 6.0262565013062037167 6.040985171316742175 1.89135e-09 4.47137e-06
26119096.509240251034 5853 3.1167091794879810962 0.15548486091531951714 0.2032736148291560685 4.2690329251090446405 5.871478236919876359 1.685081326909117605 1.5285871293725430409 1.3732407550795178164 2.34516e-09 4.80368e-06
26119096.509240251034 6126 3.025162112421530658 0.26573282723661989513 0.18924149923080896274 4.4775386851742382532 4.5304862724517525052 1.5865258326866624738 1.3170280845581354701 1.0598058116904354176 3.04059e-09 5.23805e-06
26119096.509240251034 6186 3.2281179125685359743 0.029209782847118767601 0.21898078096888537458 5.0105513700076995676 4.3220261145645340051 3.6021884337192764391 3.6153464171563931551 3.6286727912242087157 3.14704e-09 5.29848e-06
26119096.509240251034 5890 1.9823443111611556144 0.5465767548122545394 0.45433956120644414245 5.6694789881820346622 4.2160478300013419783 4.3249132483744583411 4.9266647122093418787 5.4607416166704938476 4.73576e-09 6.07174e-06
26119096.509240251034 5367 1.1145602661199731642 0.065756714440135047295 0.34700793464946189104 3.9433270534601718715 5.4173924008482643444 0.27968712350522806354 0.26207269461777249475 0.24503624582753971706 2.85701e-09 5.13044e-06
26119096.509240251034 5160 3.0243710475846885544 0.10581286381247867467 0.17374137800070241222 2.4694738640426310283 1.3604333587180539311 1.3199001200906670395 1.2185349269538592321 1.119219514474760091 2.48083e-09 4.89458e-06
26119096.509240251034 6162 2.1266093814257769345 0.074393716155265410261 0.29417918890675082144 1.5394503114419388901 3.0695112188107809281 4.1925274832648957712 4.2583775724714820754 4.3252348360484216272 1.62993e-09 4.25507e-06
26119096.509240251034 6691 1.4778286717923525551 0.41657196888117320466 0.2255516062952982459 3.5034975325709467597 5.0000145650499421279 5.485123701937227203 5.754643442772367834 5.9647101534608308882 1.99622e-09 4.55253e-06
