23753593.429158110172 0 5.3972532822563428212 0.044271325271649474009 0.014775894556082441733 0.10377235667434717148 1.0860119327486972285 1.9819508506702303574 1.9409923353323708106 1.8997201068870415153 0.000954961 0.000356051
23753593.429158110172 1 9.0193857549097593562 0.074024962821528247914 0.061448158587882030501 0.9006943876123497672 1.4386249010760780997 2.7914807916511978902 2.7651395400950908865 2.7379261667990211215 0.000285285 0.000238018
23753593.429158110172 6992 1.904395257051941126 0.081203984886834779111 0.20203035047198689145 2.3476996502226050723 1.936320264647675371 6.071775795598993497 6.088190584168246211 6.1039247785534929136 1.98059e-09 4.54062e-06
23753593.429158110172 6819 1.9549126546898210055 0.17253316527924200674 0.079316185049268503326 4.0182028218109628881 2.8726523388009210791 4.5333850950596090712 4.7066978231080671691 4.8792281942831143837 2.46721e-09 4.88561e-06
23753593.429158110172 6751 1.4013181754207642005 0.33317218451870272977 0.32359749372392143663 0.80217900371641992496 2.8496393501619410316 5.3188259365469940931 5.5741514170306825093 5.7910800949262393189 2.66624e-09 5.0136e-06
23753593.429158110172 4781 1.6638231215417551567 0.31801547478448000117 0.22456806046585023329 3.4502041475111457913 2.5195491829960952046 3.5048041854867206801 3.6414734771192658336 3.7939049559740118944 2.90062e-09 5.1564e-06
23753593.429158110172 6207 2.9027523074450445328 0.056413953922627602111 0.15001119871467713529 1.6369642371562003191 5.6054139907713906865 2.5731908165343688744 2.5420616520494725421 2.5102297778522215665 2.10618e-09 4.63463e-06
23753593.429158110172 5588 2.7575261501002334974 0.14966725666466484945 0.12478535841029902986 2.3640569353519662599 0.75737935545879897514 5.0969514385196319495 5.2324345619470582491 5.3623152879656768022 2.40685e-09 4.84544e-06
23753593.429158110172 6582 1.7545699880234921775 0.34427551222376645557 0.16415662000780650853 5.2320716441750736436 2.6157506684155675813 0.84910033500732706724 0.61162156828112590468 0.41394000769241423576 1.86721e-09 4.45227e-06
23753593.429158110172 5771 3.1161725592239326588 0.38620423848513835141 0.27914066901842210511 4.327190150416703851 1.5390485708714436441 3.0314288538344724699 2.9762484009424094999 2.9126823121672487105 2.44735e-09 4.87246e-06
23753593.429158110172 5074 1.4373253417419113998 0.26740349934655738284 0.11380564949021067245 0.66420553322984821065 0.46677174213261191094 0.82003897748979348581 0.63832483093653724637 0.47899219965985745384 7.61828e-09 7.11436e-06
23753593.429158110172 6443 3.2042626733509131931 0.20947198208523415408 0.26550066869235489087 0.61870767462223308364 5.585914015002878763 2.3713228544278592835 2.2120286518511584894 2.0441663497443500752 1.88164e-09 4.46371e-06
23753593.429158110172 5990 3.1203029799439181424 0.1125546442310586398 0.2036758016707094221 5.1984452937937000172 1.3500387581938815273 2.329881079453767434 2.2447061285061433722 2.1567573084069824318 2.30118e-09 4.77347e-06
23753593.429158110172 6883 2.1354367466779593521 0.16359902547842314346 0.056776980613383896956 1.4151844331917697861 1.9053948686555324254 2.713440044336191459 2.6395497571962152072 2.5608230681534616124 1.23696e-08 8.36184e-06
23753593.429158110172 6035 1.5472824474871178513 0.29323409193173971543 0.069483601746220424733 0.85038211106203798195 2.6826230813337508252 3.2874366743915826028 3.3385864374085092443 3.3959788430174042695 1.02512e-08 7.85432e-06
23753593.429158110172 6367 2.0432162364252541842 0.64061221481299068792 0.31684723112870888384 4.6593480467927879118 2.328598796135821658 2.7299240529595323324 2.3023780643397446788 1.8256865628366019116 1.45694e-09 4.09887e-06
23753593.429158110172 5467 2.9396393236807747407 0.070424773299795281889 0.12019840548848194361 3.61423928396805616 0.27196428304334774317 3.8823851532931090702 3.9312334120248753067 3.9812420700313415622 2.43648e-09 4.86524e-06
23753593.429158110172 2413 1.7263433369655782901 0.098145727864456758227 0.076386655029545905138 6.1484210415217210866 4.7311300059548671015 0.63161479220695426751 0.57575726061278376111 0.52231984419151111787 5.65036e-08 1.38742e-05
23753593.429158110172 5694 3.1327231144780616212 0.029249551544672153236 0.29507352658196212003 0.89164348445794505693 0.91579570346327199282 5.927536277207924087 5.9375852347022224365 5.9474938516796083121 1.21025e-09 3.85309e-06
23753593.429158110172 5560 1.633600324397483039 0.19950812578535501163 0.13378986472143711284 0.35977465791503160375 0.55580993239761744551 4.2228589309334019219 4.4090306038212938589 4.5994289163318429203 4.37033e-09 5.91137e-06
23753593.429158110172 6484 3.1702440582453954576 0.11840876771720994232 0.23967880971023219905 4.2151829796522708449 1.9408543807768745548 2.4258479266864938495 2.3442616935437134984 2.2595409307036535829 1.88476e-09 4.46618e-06
23753593.429158110172 923 1.820924033934665065 0.13059166286913195809 0.069166720333620645977 2.8655805788399240086 2.2045231473558550839 3.5041556694827686869 3.5537002651787510388 3.6060076294808380837 2.53731e-09 4.93145e-06
23753593.429158110172 6888 1.716594691946854212 0.49122635003125175723 0.30985146684157627295 0.71082560196304211964 0.41932628263088173037 3.2039533795114820691 3.2482888992352036972 3.3006015193096240878 2.28028e-09 4.75897e-06
23753593.429158110172 5448 1.9009171212898077208 0.070028958324383203116 0.13715027171708102371 0.62454752698983861947 2.1322278303021944268 1.4960493113423329881 1.4263408769481096261 1.3570413092635962293 2.56033e-09 4.94632e-06
23753593.429158110172 6528 1.8123501204066261305 0.24164811171776118259 0.2437798666393610203 2.1422528770722082392 1.0340111845634025745 1.8739078341389558968 1.6320967282721470237 1.3909024996900463123 2.31313e-09 4.78172e-06
23753593.429158110172 6764 3.2874013646019770718 0.013816256304353624618 0.29037798832879879729 5.033873125683102856 1.9390045746663049364 2.5810752181339418065 2.5736866071002757472 2.5662552854313886996 2.4069e-09 4.84547e-06
23753593.429158110172 5259 1.5503631968770978933 0.27914648604957609246 0.072846158546559236502 1.7937269583584816157 3.5080581149684562092 2.2377904184251145026 1.993624814344410634 1.7390622166671170223 2.21606e-09 4.71387e-06
23753593.429158110172 6618 2.2210583866205122483 0.44763538514538786517 0.73186674859578315644 5.1269963121038628628 3.0070230147543086652 4.4356163432017901016 4.9124055480824635467 5.3511165546734105192 1.98254e-09 4.54211e-06
23753593.429158110172 2658 2.1476389883626563204 0.43708558245634282491 0.35917017143175283822 5.3676950974302553021 2.9349594697942227306 4.278513471695537973 4.7328438764102953584 5.1698380231452611966 2.46497e-09 4.88413e-06
23753593.429158110172 6498 3.2108897666617095545 0.059959227323705142909 0.12572813144838537736 1.7636574468074075472 0.71720482504680471703 1.5765126416968711087 1.5165081229078500868 1.4566372300755672242 2.50157e-09 4.90818e-06
23753593.429158110172 5668 1.4356084000266049472 0.28145954519492044632 0.1073659087699072312 4.0506137209441011038 2.7713197323749456658 4.0806711490750906535 4.3326434705067455866 4.5940515565516006902 5.17696e-09 6.25473e-06
23753593.429158110172 6300 3.2581071772698853017 0.046583269414186251334 0.25074423041047105842 5.897133515430091677 3.7928478798641909187 2.5195945304284967925 2.4919150627275823418 2.4637354590888480566 3.26125e-09 5.36181e-06
23753593.429158110172 5204 1.9061798796833384628 0.57949729172667518995 0.22580245261764639308 0.22387505346943403772 0.30089186595939027002 5.6266887669250840176 5.9352901773787918316 6.1328522733567663039 5.21728e-09 6.27092e-06
23753593.429158110172 4755 1.6598117306048871811 0.08151503820001491929 0.043475907793304430227 0.33695330159175723717 0.96472977351927924339 6.2690033062007319842 6.2701158258697153869 6.2711811548089615442 2.39615e-07 2.24572e-05
23753593.429158110172 3800 1.6644484497516480737 0.24246289362166911774 0.11357940369981654738 5.5287778313170568012 4.7734255736402433357 3.8870089025250940118 4.0700424062902325062 4.2641805509681853792 1.79108e-08 9.45995e-06
23753593.429158110172 5861 1.1609707880638451272 0.13599963391707561855 0.19496207799236417446 5.5062628610017698705 2.3662562968760418869 3.8257558838926972733 3.9168765732723964668 4.0120652854495935102 1.95257e-09 4.51911e-06
23753593.429158110172 6719 1.3051456915084367338 0.24864116346541592639 0.090625988610747804097 5.352960085670217083 2.1112700333365022054 2.6718558870787330051 2.5431783308407425181 2.4031105463242532494 2.09817e-09 4.62875e-06
23753593.429158110172 6923 2.3408747641218599078 0.3283366824844691223 0.46807541023204435326 1.0436220937330364933 4.8850929814009331764 3.2235892648360526813 3.2568414828025646912 3.2945981887423245738 1.67707e-09 4.2957e-06
23753593.429158110172 5480 1.444696492418531486 0.3080031130840991116 0.15668795450923070356 0.50388045436200457061 3.5509320341868200188 5.6862010978964745433 5.8428475562909785168 5.9741323498322520535 1.6026e-09 4.23115e-06
23753593.429158110172 5093 2.0763598173155455306 0.051711453842218695065 0.16027792009565841602 3.2056053155469497185 0.60368104793271282205 5.45925763882522741 5.4965696974156470489 5.5331797065423096171 2.98948e-09 5.20853e-06
23753593.429158110172 6676 1.9664243909761487394 0.16615413431142328493 0.28681406951566362773 0.85008974586068009049 1.3841563033619819212 4.2634356399964596918 4.4195335081694420154 4.5786133712388110695 2.23147e-09 4.72477e-06
23753593.429158110172 6526 1.3022091367264436723 0.19458769675470594107 0.21304012745464240286 5.6571362405029574916 6.0748729469040689821 2.3848948155875575594 2.2398963499542574596 2.0872656092958439267 1.74858e-09 4.35591e-06
23753593.429158110172 6951 3.0056513079712519065 0.058808079956976358482 0.075442418669321137381 6.0612138802613229061 0.98552683489578052356 2.0747993707871965618 2.0225279269279510252 1.9696187345472959684 2.54062e-09 4.9336e-06
23753593.429158110172 6202 2.1198586008126887315 0.33131184699322130394 0.40142661570121296322 4.5052283658150900081 0.39023746314250112865 1.0942926459207740209 0.81513008369058914671 0.57399641381466981471 4.75227e-09 6.07879e-06
23753593.429158110172 6083 1.9923858025401619543 0.15206871439601074569 0.21819710095228075919 6.1276816811909560201 1.8977109215431309241 4.3352560436966358637 4.481325925693268708 4.6293531847320465999 4.91269e-09 6.14644e-06
23753593.429158110172 5773 2.0348931863281887189 0.17143760985282430198 0.22488804519372820878 0.35724789849796717567 3.1878842227675185939 3.4430675487182753614 3.4989465881440846573 3.5589148740967293527 2.82024e-09 5.10833e-06
23753593.429158110172 5027 1.5268842286352188875 0.27375424815663140787 0.14153156671699762548 0.21777551133902725566 3.8265041223407636473 3.8503782097449952282 4.0528673113183266707 4.2692113006206708903 1.92434e-09 4.49722e-06
23753593.429158110172 5146 2.7724217535453723471 0.068704912701285661414 0.1286728539202844912 3.4094687905476863676 2.2827048445180047054 0.31856915908020960737 0.2977069685404096222 0.27755383791061039034 2.55901e-09 4.94547e-06
23753593.429158110172 5492 2.0249781072468140408 0.2139163932719938821 0.095536339847004672632 1.1993167673099873749 2.1177524643996905596 5.8787257557869248004 5.9561478089319415119 6.0248660882970179742 4.51271e-09 5.97488e-06
23753593.429158110172 5047 1.6724618422342252266 0.19153430866479859151 0.33631134207626084409 4.3562387976781016263 3.9039708622205813171 1.0464340305786852259 0.88714711838914284137 0.73865574994167459977 5.4862e-09 6.37687e-06
23753593.429158110172 6657 2.2661140805850088498 0.13566712681139680985 0.16056214698924850537 0.19455271366142881662 0.52407784012831670761 2.2033108406053476536 2.0888914785216456949 1.9710287511024677798 9.52311e-09 7.66378e-06
23753593.429158110172 6413 2.7179719710703409419 0.14092044780324750053 0.12306917099139466631 3.2634443624357931668 1.4579560414047678663 0.87929317238546711444 0.77500763154529972443 0.67640256055768199772 2.71272e-09 5.04257e-06
23753593.429158110172 5928 1.7669529692945014077 0.40325171554523037143 0.19143624051722787915 1.4106708127381117901 5.5197898512514314007 3.5118069003916398962 3.7008296438063470468 3.9147706393724317486 1.85148e-09 4.43973e-06
23753593.429158110172 5018 1.5706542471923006232 0.14635812098430589501 0.25279656436599434732 3.8273223521338035624 1.066741750331342109 2.1691044302395749988 2.0424286394777002585 1.9120487494172051512 1.65949e-09 4.28064e-06
23753593.429158110172 6615 1.7805897637387819721 0.3360505066542953112 0.24593440586677856041 1.8311528503650067456 2.6620161767814658482 3.2781031361048689199 3.3349360013721320861 3.3995050868162253188 4.67657e-09 6.04634e-06
23753593.429158110172 5423 2.2513726834972671575 0.58014829055834371552 0.56852743805996697191 1.5997243763668795857 5.4577633806872469791 3.3574523495194563694 3.5559608327731737631 3.7895352993171314004 2.52578e-09 4.92397e-06
23753593.429158110172 5021 2.7914497666266830933 0.23253964624823966756 0.16403854460195627096 3.9407439713966367911 1.0665711528206855974 4.3984269593048574976 4.6301037490936174379 4.8618565928243997476 2.06176e-09 4.60182e-06
23753593.429158110172 57 1.8243582795390620443 0.13255683827639269667 0.023416319776488801752 0.024483842396426844928 2.4188463078068416223 2.3346738247109817266 2.2339661405354074297 2.1295054134639346266 2.40925e-08 1.04427e-05
23753593.429158110172 1124 1.9145673852671276638 0.039407973491721169645 0.04486172002957627275 6.0427204327038905873 4.1428216493420002564 3.2135512297343695742 3.216442467218892709 3.2193893932011303782 1.32419e-08 8.55396e-06
23753593.429158110172 5020 1.7565336022836957053 0.27318705937617548951 0.12784926132292737111 0.64073991043182842997 5.1032574491121458493 4.315561205800184652 4.5853642342269012033 4.8563502798052704534 4.40916e-09 5.92883e-06
23753593.429158110172 6161 1.9801953882077529823 0.40849477042528009596 0.23013721045721152736 0.85414765703486439374 2.0134455784476132933 2.6035361355756432289 2.3370794656140967405 2.0427617846874692731 2.19638e-09 4.69987e-06
23753593.429158110172 61 1.8994992405977539907 0.092142085754946742582 0.030214742794996161945 1.5201541425517057782 2.1364537464267172595 4.601726912144207482 4.6939055970834182574 4.7860319437846117197 2.32681e-07 2.22384e-05
23753593.429158110172 6451 1.5730116696523059883 0.16955424822021361586 0.18485363498276277672 1.6649617676094903285 1.6583286304436830605 5.7494519393072334168 5.830347224987927568 5.9045304846786805797 2.57122e-09 4.95332e-06
23753593.429158110172 6876 3.0487793413333039716 0.18502131901316748452 0.16287439780767259956 4.7495271399774328103 2.9418591811865058006 4.1372552832136069156 4.3018638458590858775 4.4715119974820378701 5.7202e-09 6.46627e-06
23753593.429158110172 5132 1.4800538399246900845 0.072329172046801434859 0.25683732968597000612 0.59317988953592271084 6.0043985342674091044 6.1854694942405945568 6.1922893974648625104 6.1988547740388684204 4.5221e-09 5.97902e-06
23753593.429158110172 5470 1.685701475279149264 0.13358695553913721432 0.23379507875298449759 0.40714721088229588464 4.9771350556100619755 5.8372023363104270643 5.8917665676348986992 5.9427300228486439337 2.3944e-09 4.83707e-06
23753593.429158110172 6270 1.8661701791521487781 0.27143883418810499375 0.04854798359008882791 4.48289281935790207 0.61684234798095194385 5.4675334688741346056 5.6510100081283223261 5.811403504097404138 2.07589e-09 4.61231e-06
23753593.429158110172 2778 2.0452044656721715121 0.19415582924479979354 0.057210755735182347581 0.81267714717721817319 1.4696821950845264659 3.7522188379289822535 3.8742748090902723312 4.004139024017362658 1.15158e-08 8.16485e-06
23753593.429158110172 5605 1.6805486002046008398 0.35698163038083280396 0.28538938254293783059 1.7584198530186576637 4.162366097625979755 5.8316179023879888277 5.969542417541994439 6.0796804787407081605 2.44051e-09 4.86793e-06
23753593.429158110172 5518 1.8274389247100042422 0.35811738241883678269 0.22490784636923522033 0.91041366487176977884 0.36749611520259806152 5.2147025557877046964 5.5105926241311617986 5.7605564841523149155 1.73658e-09 4.34592e-06
23753593.429158110172 5490 1.6101238057400675263 0.36520973708091619692 0.22730355345920488785 0.03797124655280862543 2.960270749165339943 1.4978960870061379662 1.1299608645892658121 0.79966682503846631125 5.31486e-09 6.30978e-06
23753593.429158110172 5374 1.922236262012652297 0.56086463102252337443 0.5270750970607278596 6.2474468905829878551 2.0812417785092267586 4.2009735407563582044 4.8110353954285205447 5.3691733195172623994 1.21754e-09 3.8608e-06
23753593.429158110172 2768 1.4819419242602283049 0.049737236509434103182 0.0058367176139836321122 6.2076521881555075666 1.5765192920096768869 1.404774724321893542 1.3559017505519161961 1.3073085261548225144 6.30548e-07 3.10044e-05
23753593.429158110172 5194 1.8866832819646437436 0.088696087162009829008 0.19041100278240211119 5.6736087255666172169 0.62349622331327025915 3.949885859751368411 4.0161601072434143234 4.0842136142981271263 4.75382e-09 6.07945e-06
23753593.429158110172 4105 1.1468237902533477968 0.16839777628869775916 0.037878985716753695023 5.0636160794034754673 3.1690496969711698938 4.4979604579134644382 4.666331601352899483 4.8345507996132228712 1.26705e-08 8.4291e-06
23753593.429158110172 6324 1.3089628738202305769 0.13898040490191831964 0.044238872051533803531 5.9775415399005566996 2.4897479954643162436 2.034378835632588256 1.9056127831321767463 1.7743498715530687804 3.61321e-09 5.54815e-06
23753593.429158110172 5952 1.8615715328627673308 0.61792150019268710093 0.38851110893222484677 0.98766097126930740835 1.1014015157125465194 3.4485840971971724045 3.758034944995004345 4.1152775767446376776 3.30338e-09 5.3848e-06
23753593.429158110172 6639 1.5030425778061484721 0.32456516394792955804 0.22836569849321222692 5.2956133685859843041 2.0439212802321962137 2.9021178411870836023 2.8077609762425828066 2.701412146865106223 2.07227e-09 4.60963e-06
23753593.429158110172 5312 2.9994161765505604755 0.050832097512932959693 0.15977396992878747928 4.4989940331838100818 2.6297782597433454477 4.7140198948071416751 4.7648717327368785845 4.8156338393540920606 2.46345e-09 4.88312e-06
23753593.429158110172 5514 2.0115641246445457035 0.15294782882405022484 0.088416479711474135761 0.91441376439988253377 0.8399611930370327606 2.323154095428692667 2.2047353824248832055 2.0815052293157281227 2.23079e-09 4.72428e-06
23753593.429158110172 6734 1.8209237337291730441 0.3038119056789219119 0.060809366401479263142 5.1577929708180469959 3.4713876759327222388 4.6757030949917579576 4.9859320868916432445 5.2784482024394598909 1.24231e-08 8.37387e-06
23753593.429158110172 6073 3.2317041106788457761 0.058371110402974692166 0.22311244928796789 4.2149363095340355301 4.6410619246321411779 1.8125027507358582035 1.7553962142299122107 1.6980168423439983005 2.87152e-09 5.1391e-06
23753593.429158110172 5949 1.1988207993692170383 0.056943070530653318306 0.24157830771362551192 0.89724841844229807908 2.3811664127025982118 5.2980128013767551209 5.3447609221004341862 5.390692786922238966 2.21075e-09 4.7101e-06
23753593.429158110172 6028 1.6237211405786222684 0.14173724270345380849 0.15633084576716993475 0.092422751161204019787 3.2921042950265611005 1.7290147558131168104 1.5869803352674627384 1.4452616542191329962 2.1303e-09 4.65226e-06
23753593.429158110172 5806 1.252561814113490879 0.42456697170891527504 0.097305026167543551274 5.1962788095046308356 4.7574350308176684976 2.7961402628666065517 2.6057792462108850806 2.3890205614388286826 2.32886e-09 4.79253e-06
23753593.429158110172 6521 3.0215438650757073802 0.10361692691278848177 0.15388237209571301034 1.9417630812454265143 4.9617732501246267773 5.5547928677177216272 5.6213481490441870037 5.6850277092476950713 2.953e-09 5.18726e-06
23753593.429158110172 2010 1.7513009108774160172 0.30198515551506061039 0.053107273193578642678 3.0916022240963831891 5.3443621303260071542 3.427719922444061762 3.530097055423250918 3.6444904511007232273 1.54172e-08 8.99881e-06
23753593.429158110172 5455 2.1573300950509159968 0.10138043041736395644 0.094112086881894652102 2.1648159645053257627 3.7566414185211791654 6.2366960040934884546 6.2411913604550450785 6.2454474736548677427 6.22928e-09 6.65267e-06
23753593.429158110172 6780 1.5445286075842734608 0.21708330728389077513 0.10210296620499165199 1.3180915367201853083 3.4184761808689660967 5.5117329826062508857 5.6534849658069150635 5.7813258896834316403 3.2776e-09 5.37076e-06
23753593.429158110172 5170 1.3013698336686199131 0.36887683046751246208 0.18330086542983275999 1.67753909798703571 5.7322801687437721085 3.6768705698232082568 3.9092358659892849637 4.1653991878752023581 2.19546e-09 4.69921e-06
23753593.429158110172 5540 1.7641770803049374727 0.28625381643383313035 0.19474747777712900221 3.6803863227853637063 4.4431220354116875981 0.074077490250512426084 0.055192900279159025356 0.039401742103465711708 2.31531e-09 4.78321e-06
23753593.429158110172 733 2.2182666080768407291 0.1845766145292161986 0.1707988297510361908 1.4358163310668650148 1.2389863106689877892 2.781825871947963158 2.7100564692447695059 2.6328542272099775268 2.82876e-08 1.10166e-05
23753593.429158110172 5469 1.0750543637567335775 0.30098653723993235021 0.16423610253214207533 1.2655755295885322553 5.6920503822793619975 5.4227854009057061546 5.6342618631835117426 5.8161567641966476216 2.51139e-09 4.9146e-06
23753593.429158110172 93 0.94721651772334214403 0.079953627241644273371 0.049924274156228534705 0.38242067115643335606 1.1449180660490771988 0.55631418872770910244 0.51542253635000689904 0.47601319077076081898 9.6366e-07 3.57129e-05
23753593.429158110172 5525 1.7129508696532920187 0.462265941514372114 0.16980186101894123585 0.24598700511726251383 0.24232656419109818713 3.9642047198563665766 4.3886944100509239775 4.8269533807027702466 2.22151e-09 4.71773e-06
23753593.429158110172 5178 1.7767528757957080643 0.18837859757758035339 0.11899268659935341441 3.0060214562504383728 1.8591141290758199656 3.2491601485686962825 3.2716957269887685378 3.2961352778250181395 9.33283e-09 7.61239e-06
23753593.429158110172 3770 1.7317852601035437221 0.30935060509795264672 0.045647701930312215013 4.0654704037030207076 2.5074866325807696477 1.8999165265060828922 1.5861966517888466122 1.2768827303089040903 1.55823e-09 4.19174e-06
23753593.429158110172 5688 1.4143618896950691521 0.081430626880425890923 0.30014820184805529601 6.1294751265105613669 5.2520909994597557713 5.1527357772631257049 5.2252282418448672274 5.2961832199400404875 3.26046e-09 5.36138e-06
23753593.429158110172 6053 1.2086385093994704842 0.070606103767114958281 0.070334147515398307005 4.9836188562695902249 3.8264300225090210894 5.3626512822790974866 5.4177258964417402964 5.4714849020013014425 5.31336e-09 6.30918e-06
23753593.429158110172 6403 2.1589001158591578644 0.34456253779945850146 0.19335227489508483023 2.3872020421046067362 0.18132981856616178784 2.9344584115043144124 2.8460259041322526485 2.7456610147065978467 2.19336e-09 4.69772e-06
23753593.429158110172 4318 1.7353734794774045014 0.12238813476199982 0.17450066793825463884 0.12582503876441156199 5.7882754329330072807 2.7028915437800300481 2.6476507597453764475 2.5896265101476458881 1.68333e-08 9.2663e-06
23753593.429158110172 5316 3.4767126500219016627 0.067619226318072545023 0.20738889516859237983 1.6417567916642332726 3.336196301404175113 6.1570855037270719734 6.1653227858743013812 6.1732741190750841653 2.96988e-09 5.19713e-06
23753593.429158110172 6874 3.2718760430713080822 0.08565261772925683581 0.28103179656540522302 4.4407851108057254663 3.9991714610426161158 4.879949206111391824 4.9639072141422033724 5.0468648311942798657 2.61974e-09 4.98428e-06
23753593.429158110172 1959 1.596152343692391451 0.33765322159405697366 0.101389404329226121 2.3587889829983081924 2.013050568159350906 0.36665802360559357487 0.25947165849574921337 0.17283999435807406719 2.04943e-08 9.89451e-06
23753593.429158110172 3953 1.5098796530950922001 0.11796823851747072209 0.38276768614772604948 3.5013379575405498834 3.7655482979905112728 1.6316848897353233294 1.5132342728044980706 1.3954614177240527439 1.87457e-09 4.45811e-06
23753593.429158110172 6642 1.6529797967404000758 0.34481451334402424269 0.12445033516912912264 4.2727319874349207751 1.3067957157520730949 3.1002865853555023889 3.0824231480003532191 3.0620325466065043685 1.26355e-09 3.90884e-06
23753593.429158110172 4189 1.156385466815159857 0.061556831090417998831 0.017455323609969368437 0.75884699917337083974 0.60275984339046062566 5.5405745528996348526 5.581309340281747744 5.6210535926967599707 1.29246e-06 3.93842e-05
23753593.429158110172 5324 1.765377375543031091 0.020657857651102579793 0.31174875608407054406 2.3706787870429253395 1.3986340046749465849 5.1217148513637322793 5.1405900084306637154 5.1593827552350344234 4.64884e-09 6.03437e-06
23753593.429158110172 5380 3.3504216582984120976 0.03346727999868309017 0.2101977496542449253 3.9236141198138585473 4.3717350704333615141 1.1232197461029160834 1.0932598765435272981 1.0635365863128818376 2.14422e-09 4.66237e-06
23753593.429158110172 5451 3.2480404729110929907 0.035910905412559111782 0.034629210397630401375 3.0198546921044102653 2.2145269231271718091 3.5065115284427830211 3.5195498970547847151 3.5328018349319521008 2.58702e-09 4.96345e-06
23753593.429158110172 5538 2.0251443019101760257 0.27438811821242381495 0.18730600007141326446 0.30934277718203534446 2.9084253878446406638 2.7001680710463431545 2.5635568475205197103 2.4136366933295350101 2.97954e-09 5.20275e-06
23753593.429158110172 6532 1.8365283082720935681 0.072460401235106303153 0.22869472052927475314 1.00072514151982217 5.9944017242613112373 5.9151019325568858775 5.9403534191632383354 5.9647113835269216509 5.62757e-09 6.43118e-06
23753593.429158110172 5245 1.8907569474392043052 0.48008194288998795596 0.096278458877236933189 4.7335407280647290307 3.0331801362531831678 2.4718605689607189291 2.0798195518520445901 1.6606019509489384767 2.53784e-09 4.93179e-06
23753593.429158110172 3751 1.4923160035233238307 0.060996925551343311733 0.063788263105924683516 5.0515028109439832349 1.6999696541558084739 3.7443503311385444299 3.7798518409662884565 3.816193701780053793 2.30157e-08 1.02847e-05
23753593.429158110172 6233 3.0856279759662892381 0.13897173082057015514 0.20895872190317224537 1.1111668735937270114 1.2157446389580575108 2.1778507919683667282 2.0585359991491318787 1.9357691542117614336 2.38928e-09 4.83362e-06
23753593.429158110172 5382 1.9230819609422511451 0.44873524676616866058 0.28796595800908769691 3.9517006847694711169 4.322720351565688901 2.5899274969437864335 2.2812086064335868052 1.9410255239102212066 2.55203e-09 4.94097e-06
23753593.429158110172 5567 2.0750028318164965846 0.33951321068739864772 0.29534621485635770277 1.5889619897450402153 0.83668882399079547163 3.0517560019194003296 3.0137443129279075649 2.9704562628664499258 1.31986e-09 3.96606e-06
23753593.429158110172 117 1.5489228940820569669 0.20573550669611417874 0.14254605563864813922 4.9690132134948932219 5.7770634459918435155 1.4803755361339179242 1.2759070533182574891 1.0790522578031369605 1.39228e-08 8.69812e-06
23753593.429158110172 5708 3.1517650459777621919 0.18250157568756389392 0.22578986494407027319 4.6314037344347855907 3.7419002353759744928 3.4695115451176774535 3.5344224530382777338 3.6042848220882466315 1.65544e-09 4.27716e-06
23753593.429158110172 6956 3.4842385988657103013 0.056543905707816546902 0.41437854174124510998 4.1152913551100258616 5.8243828224254041714 3.8030665015489200087 3.8386182271535496113 3.874916014859515645 2.20649e-09 4.70707e-06
23753593.429158110172 5471 2.5621421479735770887 0.28539288066780627018 0.43155215033708016481 5.6626157915130175269 3.9943511558480855328 2.9965995317523512753 2.9474031754663880811 2.8923305371897094496 2.7508e-09 5.06605e-06
23753593.429158110172 5235 1.7160497003228820656 0.30826461283002520863 0.19831098076047701251 0.20141062453427802104 1.9275029718098621867 3.5921382781638970805 3.7521925233238548891 3.9289388255055341936 1.69779e-09 4.31332e-06
23753593.429158110172 6722 1.7783541732598073803 0.27852401212046978829 0.32124850415450856289 0.43104122593829469201 3.6374923978622732967 5.0896285662640678993 5.3393516844461306192 5.5649041019257445839 1.78527e-09 4.38616e-06
23753593.429158110172 5002 1.332597477347622128 0.38352279756600504701 0.1535423686486680761 4.2871256896333216346 3.4078060948401955876 3.8285295143644235694 4.1253116726224412503 4.4446186401714058434 2.79003e-09 5.09002e-06
23753593.429158110172 6473 2.0527700450477106564 0.13368889127658944993 0.17420781545420593872 2.6001536962295075384 5.8215678699489483705 5.8064129584056534128 5.8645552503587818904 5.9189010133778046097 5.43469e-09 6.35685e-06
23753593.429158110172 5815 1.4270046353966072683 0.20784328844188393326 0.27684076848887495537 1.5928186448055090541 0.30584864717863463612 2.367449945051057103 2.2089414694961302388 2.0420013058750967616 2.67562e-09 5.01947e-06
23753593.429158110172 6211 1.7482711629034031198 0.15019172927052540367 0.0099400873715432009475 3.0806579653715897571 2.0389916442394007134 0.57187655718904684132 0.49504695831763489977 0.42369492703354566521 2.33777e-09 4.79863e-06
23753593.429158110172 2174 1.0529996539963109026 0.18212528707972538977 0.27956957902510848335 4.9480603457066019146 3.3065085219012755324 2.6782696426870598039 2.5889002437627079978 2.4932879872416084943 2.03153e-09 4.57921e-06
23753593.429158110172 6536 1.8585573091677025648 0.28374841558786129125 0.1599073218249952022 1.8307234411496091653 4.8991389802793463559 0.67553935917584062576 0.51313903653972448016 0.37384284933667222273 2.77887e-09 5.08323e-06
23753593.429158110172 5873 1.6870104935064667018 0.082313334143906846663 0.070094743864025338409 0.45073450992407665394 3.8022302373179250878 5.0192965052526785641 5.0968910147115025211 5.1731942681991442967 3.51811e-09 5.49904e-06
23753593.429158110172 5741 1.8503434085946359744 0.25237356905435881504 0.14415628976510624915 4.4605060025469729368 4.9656783740079761813 3.0219932314046480393 2.9869231055283465004 2.9480440485337884304 4.83963e-09 6.11581e-06
23753593.429158110172 5780 1.7747032709542653883 0.047570896237326319722 0.069992601383189717579 2.9453633921495390169 5.9072354211346196351 4.5305638935176864024 4.5775707684694832977 4.6247099960118216444 1.95079e-09 4.51773e-06
23753593.429158110172 3982 1.5876525463065815913 0.16700642834742848719 0.058676467241842368561 5.800284514918115697 5.5903544395846065385 2.6561799761728552838 2.5714532014579556396 2.4813115738828050993 1.70782e-09 4.32179e-06
23753593.429158110172 6155 2.1995696290059538747 0.33392348682786920921 0.31504815366299149249 2.017024756711324418 1.2026006171372138898 3.1677723743154704295 3.1786388428536569428 3.1910066061320718767 3.03729e-09 5.23615e-06
23753593.429158110172 5782 1.9947424576108541139 0.27900413167840459883 0.22177136410977379977 1.0419542330756954573 2.3956588274163568286 2.9194977832608706159 2.8467192893963200184 2.7656354762688795113 5.0598e-09 6.20718e-06
23753593.429158110172 6417 1.7592633737856855358 0.24482881714975360254 0.12059483430485172517 4.0243747942529957129 4.075284789909094485 3.4019998209225774666 3.4747171602118793743 3.5547755364381465881 1.63097e-09 4.25597e-06
23753593.429158110172 6237 1.1779549692256521265 0.16840641224409982901 0.18196337060919479112 3.6980529094045500038 0.80687917101207418114 3.5719265406089597548 3.6485585726037066401 3.7303244371735391205 1.89473e-09 4.47403e-06
23753593.429158110172 5750 1.6138446673822812727 0.30606936704243703495 0.14463235346695743622 1.7819618413099145293 6.1556160681560170289 2.7935237284791609724 2.6682351402168920096 2.5287051004266709597 1.52873e-08 8.97346e-06
23753593.429158110172 5661 2.746852045846763346 0.25268425462752874822 0.11890876866925292887 5.7059247508476955701 5.9233781761767065888 2.7024470815327763518 2.5790356041620863259 2.4442662214101180673 3.01386e-09 5.22265e-06
23753593.429158110172 6303 1.4432406159683466296 0.46872988134173854124 0.33084785555171608573 2.4942736257776418896 2.4861296477367020863 3.4719529722396220706 3.6823578191745793831 3.9236562733004851644 1.48051e-09 4.12085e-06
23753593.429158110172 6335 3.1243230169424687226 0.10899417393053012493 0.24612587360874171871 5.4879936090658096859 1.336578719429155182 0.65065938660865307863 0.58722427801024634775 0.52683579192939844482 2.80706e-09 5.10036e-06
23753593.429158110172 6290 1.4291426322019089579 0.15831291729252552902 0.1139879081431833252 4.5651383564401095683 4.3585495315655213844 0.030448049101169799568 0.025955597090357544754 0.021846952158744329525 4.66797e-09 6.04263e-06
23753593.429158110172 5215 3.050440327022251541 0.087397786152672782278 0.25570925149850087799 0.66295582597756952392 0.53702493060252320944 6.2506989647175013047 6.2534238977551099836 6.2560245950876600673 2.09099e-09 4.62347e-06
23753593.429158110172 6358 1.936719812907748306 0.29323072036723707434 0.14073840765098696859 2.2401788689844823743 1.4833370293831373843 2.1183067731336437944 1.8424085065545299233 1.5599277343430715259 2.40091e-09 4.84145e-06
23753593.429158110172 3761 1.5506155834573145391 0.042554536248275640076 0.11896293961500069292 5.8764548440798343165 3.5087753262118446251 5.3933604728074637791 5.4259983692662610011 5.4581697782368037153 4.38307e-09 5.91711e-06
23753593.429158110172 5048 1.840397364020713411 0.15491870757628417588 0.13481428604819181705 0.34470108479160244119 4.6076247071310172387 2.6638632594808862031 2.5869148167331967869 2.5053238636995103228 1.54672e-09 4.18139e-06
23753593.429158110172 5673 1.9440932746118853025 0.21467681893960241513 0.18166285843258572763 1.2037337745539016254 4.5279366754326062505 4.8364818104820406219 5.0483652507946192856 5.251039250927719948 2.67237e-09 5.01744e-06
23753593.429158110172 3324 1.6651528105579906924 0.14618469921501159314 0.066958041855627384309 0.60885214918525398797 5.6592389187314324772 3.8231991529340558778 3.9213243710417611254 4.0241051765237454418 1.99813e-08 9.81126e-06
23753593.429158110172 5034 2.7738615938333635036 0.12433070423444690655 0.13703403393537549881 3.6872455155223016199 0.90168974490937936483 0.45089299161932250293 0.39940648733880423915 0.3510578059134028539 2.20492e-09 4.70595e-06
23753593.429158110172 6957 1.5515837492860256042 0.29018203775756107321 0.1832263815696162923 6.1502550806969216168 0.41116550310124161394 1.122300891389579558 0.87251926771142873651 0.65025404555769128478 6.68595e-09 6.81142e-06
23753593.429158110172 4112 1.7857914505640974934 0.13066913638668811726 0.10858272066377855358 2.0770775033937249887 5.5442882123664878335 1.1519081642823685296 1.0352713596718792211 0.92289578987810572119 1.99037e-08 9.79854e-06
23753593.429158110172 5344 1.783031724863391565 0.13256178538832083524 0.16628985027969364618 1.3325652432771641909 4.8430505336326667987 3.6077225938616921397 3.6713267200917925059 3.7383107037967611141 5.14004e-09 6.23982e-06
23753593.429158110172 6577 2.0468884663672723967 0.29122390008861948063 0.10607520278174419059 4.3553468213227946038 0.94101678269903044072 3.0398138422389657798 3.0043162219572985272 2.9644634894742991627 1.63583e-09 4.2602e-06
23753593.429158110172 5446 1.5765145482719935544 0.13269097714941902044 0.11972181434558031021 1.5989059722859504387 1.0019501544798412596 5.8841121002108316418 5.9328943965915730274 5.9784301007229654346 1.5065e-08 8.92976e-06
23753593.429158110172 5123 1.4199228884613543933 0.35311026811642443057 0.18975537172206591308 1.3767863005404827881 0.11274243381799121944 3.0198195592001728649 2.9657118765024592655 2.9039262680295725438 2.85229e-09 5.12761e-06
23753593.429158110172 5200 2.0901246281246410597 0.36441075448366389011 0.1886767023039888358 0.8922827487959239523 1.8014781152294510047 2.73506814968206724 2.5550451857003984024 2.3533478914147902827 2.18438e-09 4.6913e-06
23753593.429158110172 5511 3.1533725942491428462 0.15391584087425191907 0.18381696442927103474 4.7892554987339259753 1.7177837096552193152 0.11653514986308641244 0.099817739815305006612 0.084479708382608015294 2.90982e-09 5.16185e-06
23753593.429158110172 5957 3.2036091117277867291 0.034040841530081744626 0.070480709575019173663 2.1178338004017711604 4.1803498250574069317 0.94731224095778265859 0.91994200312685547871 0.8928602505516062271 3.45473e-09 5.46581e-06
23753593.429158110172 5962 2.8935814530869228278 0.19402005649895970318 0.18504145285420250944 2.3948336565052978919 3.7173772239881732737 2.1928283820127365544 2.0244010893127302175 1.8500016393178611018 2.88829e-09 5.14909e-06
23753593.429158110172 6826 1.4788946068165342851 0.22590910824670984436 0.067401546897573064165 2.8894514078552231418 1.2599913222183782846 0.96076271752661523973 0.7851702209111560693 0.62546477464497673981 2.5665e-09 4.95029e-06
23753593.429158110172 6891 1.5321578064862291235 0.11747951669252600093 0.16983300630111236584 1.987669219528329867 0.76347985237982396445 2.0973764403882912966 1.9924439102162689874 1.885253733382197483 4.39964e-09 5.92455e-06
23753593.429158110172 1399 1.5737704229623972196 0.28688905351352295137 0.10273231245913595766 0.80087083510321410706 5.4069262891227918288 0.48251333669195634046 0.36230335794865203836 0.26062155694989130872 4.64728e-09 6.03369e-06
23753593.429158110172 6752 1.8406117383683340272 0.12204170952548953899 0.019894066582343047228 0.15814624443847585811 6.0391996807301060457 2.4824748832892380435 2.4036771891796711031 2.3215739849989431853 4.12549e-09 5.79885e-06
23753593.429158110172 5597 1.8285837887087998954 0.41650688490140036491 0.36147698919365828241 1.8770063528391287555 0.12970255271270569875 0.31885172944228051817 0.20566674529909556579 0.1206077513660673145 2.41109e-09 4.84828e-06
23753593.429158110172 6928 3.1844760418102904254 0.060165829151736377467 0.20317366795937094603 0.93203921096906872101 5.3658700643184493728 4.0903606803967402783 4.140165370268864109 4.19074672047510699 2.08658e-09 4.62021e-06
23753593.429158110172 5187 1.6720436790517250181 0.072556382452148890372 0.028040288659630253215 0.85960059329209104195 4.6590579677244852164 1.7563266207690400034 1.6844705285768941661 1.6123824219581548434 7.38199e-09 7.04003e-06
23753593.429158110172 5640 1.6828782997107325503 0.20039775249087596332 0.19390954462601350805 2.1794229547723502627 2.6124298774815661872 2.3847279915015024976 2.2349538772890613636 2.0771534031241145613 5.24602e-09 6.28242e-06
23753593.429158110172 5842 2.0621582304395955632 0.63646746745664595224 0.55977740424857969082 2.6012417211931557759 5.1850133635521533648 2.8159661957736061844 2.470873484562112754 2.0752774314267279365 2.75394e-09 5.06798e-06
23753593.429158110172 1444 1.8529604678527735739 0.087029117077135703662 0.1986468686780248627 1.4708400502660752274 5.9477090166627561985 0.7354079815820909749 0.67875721848310177631 0.62411805986571688987 1.28603e-08 8.47099e-06
23753593.429158110172 3487 1.6757003833527748249 0.36996896566399528616 0.13569231197577552583 6.0551417257236064273 0.93532205640422061421 3.6944023729381538779 3.9339463547292132795 4.1973671975981243776 7.96126e-09 7.21956e-06
23753593.429158110172 5130 2.1234797484958702896 0.19695981421938221767 0.14425848488275772041 3.0550425733953177065 0.21052319449558720699 1.3657268068076928724 1.1754286179952595504 0.99366326773583957266 1.98119e-09 4.54108e-06
23753593.429158110172 5424 3.0519813882444699615 0.002429796515274750511 0.25224967190304398157 0.97824031987777138042 5.7869117371917679904 1.0686542589604379749 1.06652565444214531 1.0643983017557996362 1.80053e-09 4.39863e-06
23753593.429158110172 172 1.7593073575332125458 0.27068351185563288563 0.21240633083906568235 1.4397456211281334237 5.1363068688700366238 2.7348479687879438949 2.610058047964248118 2.4728602655426947798 2.7327e-09 5.05492e-06
23753593.429158110172 5929 3.2074963149308324262 0.10815506951036218952 0.21753013979485849583 4.2519592867238893419 0.62369464231861670989 1.5425476728812368421 1.4343891435674802626 1.3272387311522417797 3.18574e-09 5.32011e-06
23753593.429158110172 1642 1.6842193450483340378 0.096515568402259721559 0.1132436935192430022 1.8837116759263416998 5.3302729607759227193 3.6357445080886994226 3.6836591369923086248 3.7334522265158898158 6.44407e-08 1.44956e-05
23753593.429158110172 6775 1.8900900540914331582 0.27547563141764103145 0.048311906978054139361 1.2946981502930239305 4.5323809583752341368 4.9426023155390188535 5.2060732436713346161 5.4486551466040236136 6.39874e-09 6.71246e-06
23753593.429158110172 6061 1.9197774747996889655 0.13080050906975190794 0.09124609338864266006 4.1958927366022535921 1.4068412660253275526 3.6126467888744548951 3.6759486168312172083 3.74256360118944853 4.03777e-09 5.75746e-06
23753593.429158110172 6759 1.1740108394907233791 0.35291628957833487412 0.56785840722786407042 3.3910006547489999207 3.5375119229339500038 5.8459149124801284003 5.9782488319555255885 6.0842058006958934513 4.8924e-09 6.13796e-06
23753593.429158110172 1810 2.0329080347174661725 0.57128392970563857123 0.52091781789469482344 3.9541205254387641332 5.3050916972792290238 5.1455099491173612591 5.6385728399753638485 5.9818509069736247596 7.36354e-09 7.03416e-06
23753593.429158110172 5072 3.1044757792272483776 0.041524356892847336109 0.24721852356618709279 4.300208857208924762 5.8186563449395869441 3.9942339629352030528 4.0259469769271358786 4.0580663130398484384 2.73643e-09 5.05722e-06
23753593.429158110172 4722 1.1190353674225383962 0.14608866842428397392 0.20179793487101302385 4.9944320592517952306 1.8455726436577448712 1.1082857102141001615 0.98118263780167014332 0.85976023090925712822 1.70563e-09 4.31995e-06
23753593.429158110172 3337 1.5145323326231208139 0.46655664762585336014 0.22592698595727861433 2.8018405634100660428 5.5359994870927788924 4.7529419873996179291 5.2333164362376383139 5.6379880639986028612 1.23471e-09 3.87886e-06
23753593.429158110172 6756 3.2029680352331637572 0.061150503391378091544 0.30800912612863140527 4.1514538904151097043 3.7712681986065126338 4.2215005258327691351 4.276257026760126756 4.3316833810038062325 2.22448e-09 4.71983e-06
23753593.429158110172 5182 1.8830877018498914932 0.092670525356029417874 0.17152500303873466359 5.7146824766858816957 1.0126801563130447548 2.6436087831467367515 2.5973703605198390498 2.5493899277008744697 9.37786e-09 7.62462e-06
23753593.429158110172 5372 1.8728899900762827624 0.11321432376364015671 0.12526643608652429651 3.8681730813218364595 2.8356397323429995971 5.2626022383078954192 5.3565577325276700904 5.4470838192817341294 1.39548e-08 8.70479e-06
23753593.429158110172 5855 1.9519011055958022105 0.16410756839911569416 0.15853917827104818672 1.1057414893305679282 2.1294527578041910765 1.9263695411324091022 1.7672274889711541146 1.6062758151906182391 1.88487e-08 9.62226e-06
23753593.429158110172 6156 2.0517176079727792448 0.040307376737246936038 0.18006972317499092551 0.82455606806120174124 5.576094538090085706 4.4114953022311773623 4.4502340636647481631 4.4891642883943374542 2.69058e-09 5.02881e-06
23753593.429158110172 1410 2.0743962486532154799 0.02376890374826004862 0.067497184552369540733 5.0872937019358772659 1.6039206284451321682 1.2484230107621916428 1.2259608836761572981 1.2035912293250985439 1.96181e-08 9.75145e-06
23753593.429158110172 6507 1.7686939176229818926 0.39472390910394361541 0.42473923512995837015 2.8710470959393292745 3.3810735583377651281 3.3178755954805567718 3.4082904517385053111 3.5123189204416895848 1.72019e-09 4.33221e-06
23753593.429158110172 6653 2.0300194743385095997 0.35930952974091889818 0.38148539432384581671 1.0871784366786312326 4.2053922814575219746 4.8051415836444792973 5.165065212634257108 5.4881850183982781033 2.19009e-09 4.69538e-06
23753593.429158110172 6914 1.8838772776039440782 0.19522574818481669423 0.20754283628185049571 5.7751470855564708273 3.1604106259021977898 1.6065261700093087516 1.409473821285006645 1.2167829387039705846 4.41745e-09 5.93254e-06
23753593.429158110172 6633 1.1930673463441430204 0.28802448163977911744 0.22676411465655568755 2.3909032387928661478 6.1803403282802040763 2.6274906785833049838 2.4619051775178371066 2.2808673944120183563 3.02269e-09 5.22775e-06
23753593.429158110172 6942 2.8184616343176753794 0.1135961734080230684 0.16539944939453951611 1.4202643919029207531 3.3502772894822347993 3.8141194145942791671 3.8883936828983785006 3.9655589529179753328 1.34834e-09 3.99439e-06
23753593.429158110172 6832 1.6877635828826118569 0.20716113026584964674 0.11807517645518361693 4.3375583390965211095 1.8923103711301394458 4.3145098604175187162 4.5150727094471445611 4.7182141312229886054 7.86044e-09 7.18895e-06
23753593.429158110172 4502 1.1859525279333971159 0.14476924343687333496 0.044324843584138927388 5.3315454586304706908 4.9233624053558244782 4.3983735242287895773 4.5397396104622576019 4.6823565814019527664 4.58456e-09 6.00643e-06
23753593.429158110172 5426 1.8776449121055682756 0.22453752894987283328 0.13179667784548265708 5.4038367916146272663 2.2968311804619205851 1.3579526847066509809 1.1417055138858975827 0.93752357215452153394 2.09851e-09 4.629e-06
23753593.429158110172 196 0.9310012613087633726 0.099467465111461095262 0.082021780851526532308 1.3764912246397842388 6.2667435442208967444 4.146268519042909162 4.2326850957293391531 4.3209258295678694139 5.83048e-09 6.50756e-06
23753593.429158110172 6690 2.8635497952533821575 0.074161547939127561713 0.10761180185421678757 5.6627804555907941264 3.8467451146912972071 1.8104974401596500844 1.737747405073078788 1.6646169986370098481 2.63564e-09 4.99435e-06
23753593.429158110172 5386 1.7894031385334003836 0.53085253515383334921 0.23926303058845935223 6.2358998693163920635 1.908561342960343854 3.355018571357283097 3.5238692463700389546 3.7218951304253242718 2.3788e-09 4.82654e-06
23753593.429158110172 5291 2.2512756882650828416 0.22579895838702260247 0.36023493498965752924 4.9360228557669412197 5.6550379733408959737 3.031443498858594765 3.0030740398831339277 2.971896607175169791 2.6037e-09 4.97409e-06
23753593.429158110172 6457 1.9245637152096810585 0.33358981671700299598 0.37792621375680462981 5.1620018249950607725 3.135943892082333484 2.2341124973651820262 1.9337928309584582198 1.6219407166839423518 1.33039e-08 8.56728e-06
23753593.429158110172 5100 1.4122922357673952654 0.15841787801012927051 0.1375211309079221178 5.9091038505811095405 3.628325006548530407 0.63643785500810268196 0.54745336602930394498 0.46499456846132775079 3.86655e-09 5.6749e-06
23753593.429158110172 6055 3.2378379254530389453 0.11354531979882127868 0.099072029381961704275 0.54730580550228768999 0.43163799704083549713 4.3343744159730661636 4.442413832130766238 4.5518462594002579991 3.0525e-09 5.24488e-06
23753593.429158110172 5142 1.5611760450741170025 0.18123981597895719164 0.11128108425826872818 0.97050866773058563908 6.0250752701520617904 1.5045239590158503429 1.3237626676243869905 1.148024922314861751 1.02472e-08 7.8533e-06
23753593.429158110172 5984 1.6233881210316558619 0.4318648615266855173 0.24825769270525765986 3.2893533852029248621 2.5599071166069991001 3.0418380011675609786 2.9834270648933856052 2.9154053439917819723 1.83318e-09 4.42505e-06
23753593.429158110172 6291 1.6425076461121181914 0.16064973709492802456 0.063716986362064714777 2.6671980414736089493 0.97425962048169134633 3.0905301110823582 3.081552016060814303 3.071912297531952607 4.97801e-09 6.17355e-06
23753593.429158110172 6390 3.232678826906398406 0.055033181372088929573 0.29393186397605081117 3.3119354373616922693 0.23018600504765418524 1.4949450421806786959 1.4401565548417303297 1.3855923247185031322 2.74624e-09 5.06325e-06
23753593.429158110172 5954 1.8826559923525165718 0.40440567698568691268 0.053752936217549771025 5.8869664417904354892 3.4126847912101454519 2.4090896827646539613 2.0770376567575978832 1.7233552753288976511 1.68237e-09 4.30022e-06
23753593.429158110172 6542 2.2315459761672493677 0.42374481609993691622 0.15346984385498738113 3.5656894652583779326 0.56238180853327190967 3.8650348340375826339 4.2146725856629689844 4.587006600679117696 2.35942e-09 4.8134e-06
23753593.429158110172 6732 1.7502322526436218109 0.065656731580598703957 0.14295915636767894674 2.8383509712094991961 4.8775261184918514701 4.4493999429947281854 4.5133927529549504598 4.5777537819562459376 3.70815e-09 5.59632e-06
23753593.429158110172 6286 1.3939272613560846903 0.39356002251317867557 0.16277893369387144706 5.5151506492063049336 1.5638424894068641002 2.5633518563006174595 2.294370954567520382 1.999419805804922623 2.66284e-09 5.01147e-06
23753593.429158110172 5405 3.1961055228428150166 0.055235104376098256851 0.18975541310537349937 0.36778462700746683556 6.2587416539565774443 4.6914353251534457456 4.7467184267524400454 4.8019209867389349711 2.93677e-09 5.17774e-06
23753593.429158110172 5098 3.1774304430276449907 0.035411548762061789697 0.12226398059907678251 5.1496502063938800475 5.5916022188411078631 5.908163795236362148 5.9209283101614600398 5.9334776549073247054 1.90652e-09 4.4833e-06
23753593.429158110172 5298 1.3641321958983976259 0.19140514926262930384 0.040091548642843782835 0.24045229513424029588 0.32125126360517902713 0.63734034401062333863 0.53076272104433086518 0.43387510445816479532 2.48769e-09 4.89909e-06
23753593.429158110172 5368 1.767950997745399544 0.44346311828947854172 0.32211592054409393659 2.0632112543291309947 2.7378343165417948768 3.781223450626965743 4.1215593235691478924 4.4898460438672751494 2.65835e-09 5.00865e-06
23753593.429158110172 5796 1.6421247634696176654 0.23245689192071464224 0.2142867257686847382 1.549934559603877382 0.211229150745020966 3.8583482426705937307 4.0278700334049393206 4.207959805387860186 7.64873e-09 7.12382e-06
23753593.429158110172 5895 1.9594032656933764169 0.29245743659591139085 0.19652860269755872968 0.29833259477415630112 3.9855931740260754914 2.6065834081403229661 2.4320874408681163459 2.2415635686020118911 5.57854e-09 6.41245e-06
23753593.429158110172 6261 2.1007622913518426699 0.61327726498022416823 0.14714772648836837998 3.598256089791549428 0.65546886853879970936 0.78511227186369958453 0.40001685320994478934 0.16118591753831301716 2.48402e-09 4.89668e-06
23753593.429158110172 5564 1.7876728500465073335 0.1351226455078396449 0.18063841075327888297 0.75842311280468022172 0.15160214041013506114 1.8303867479918525252 1.6970613750730698666 1.5630144201663700443 5.64605e-09 6.43821e-06
23753593.429158110172 5131 3.5376484024229073455 0.086546317253772001021 0.26451470681878092028 0.21633749694592299684 1.5359094601941820635 2.6282323818149588845 2.5839848704590595574 2.5381882062591936133 2.25296e-09 4.73989e-06
23753593.429158110172 6295 3.2672386389256957706 0.015582798219393415029 0.25124794946121492556 6.2281079793191489458 1.5045057445579723687 4.8290260814288306079 4.8444896133885588796 4.8599366448024605702 2.30061e-09 4.77307e-06
23753593.429158110172 6725 1.4888931346441562908 0.07512818250168777634 0.2441022785625702185 3.8187112930757765028 3.3893061308111445129 0.63753905867994653534 0.59407876342789422974 0.55202609413130432348 4.94994e-09 6.16193e-06
23753593.429158110172 5278 3.1477035302064595435 0.042753314080545848364 0.31008234801721362706 5.8601845950116198125 0.81094575592230433436 4.5794694345433759608 4.6219791131803731332 4.6645578146495880745 3.13887e-09 5.29389e-06
23753593.429158110172 5669 1.721646045378005363 0.25147749433850768996 0.17890533438095007623 1.7686379997707437628 3.8655503263836767935 0.25392409541371036008 0.19680323854433282027 0.14763051578653579865 5.45549e-09 6.36495e-06
23753593.429158110172 5748 1.7491332171101061643 0.11498915903052926712 0.29357033234187895898 3.816604529364195475 2.6931149326698236024 2.9566919943344309729 2.9342069492656732699 2.9105304136800920212 2.75123e-09 5.06632e-06
23753593.429158110172 5053 2.9818602578678348181 0.028177411462828105132 0.24385032777258122683 0.82536099082161107354 1.641931283667523056 3.5476199915231476645 3.5588971037517969087 3.5703173437505881793 1.90259e-09 4.48021e-06
23753593.429158110172 5116 2.6876343222255707488 0.19390354594315134529 0.083648552349535471029 3.5073007382158154499 3.3474262293135503832 4.5063705225135199939 4.7012877838733304614 4.8951793819358107029 2.56354e-09 4.94838e-06
23753593.429158110172 6595 3.0487733476514309316 0.10436907263251833655 0.25189967426454723531 6.1444963283817362054 0.41433257622758878913 4.3648058735248893569 4.4649042222176156258 4.5660933400550396399 2.5233e-09 4.92235e-06
23753593.429158110172 6538 1.0536797605371959197 0.41764439873113456958 0.045897740257753623372 1.0803023993998395191 4.8553841957329861856 2.108277346918506101 1.6910710553978769433 1.2764438409115750339 4.1002e-09 5.78698e-06
23753593.429158110172 5762 1.9183130936781624953 0.099273991276377981929 0.16108634429945276056 1.3793747394455211364 4.9951638755401353009 5.2278515412004749052 5.3123169187648979772 5.3942553185513020253 4.50081e-09 5.96963e-06
23753593.429158110172 6628 3.3205575559182252121 0.090687189239008203501 0.19993077057856964429 5.7862006956430240834 1.4551475113099725522 4.6689523260820564587 4.7598578558241371184 4.8504428917912489894 2.5094e-09 4.9133e-06
23753593.429158110172 6808 1.8281023073112230293 0.24980459785293876451 0.23026838513139843978 1.0140020821551074537 2.1786977650099661474 3.7619074602577255995 3.9260778722822879949 4.1025550626006106469 2.07842e-09 4.61418e-06
23753593.429158110172 5481 2.3247335727605884514 0.46290825003003865934 0.49268199293166808905 5.9768238034419809424 0.94515291253092204027 2.6206982776548533032 2.3128682308201571338 1.9716724863882824081 2.0621e-09 4.60207e-06
23753593.429158110172 4662 1.6296326091997557217 0.25260591614458155485 0.13313224870380424569 0.36265441526421055007 0.73263480787587542675 4.5309044386396575277 4.7880220919937679369 5.03990585314060624 5.28399e-09 6.29754e-06
23753593.429158110172 3089 1.8545519079260184281 0.44343015220615655814 0.14087291704186200025 3.1909363892701829712 2.4429658305954653486 1.633693920840920244 1.1685507979183737959 0.7605133681098217302 1.46985e-09 4.11094e-06
23753593.429158110172 5878 3.2419239318560162388 0.04398689539452891456 0.072077507609257074339 0.25260339549816590576 4.7188413290577848613 3.3995161928319004296 3.410985407788921453 3.4226923502842718783 1.44428e-09 4.08696e-06
23753593.429158110172 5489 3.2145137257776261741 0.087212082935057624877 0.28244507439382149361 2.0065921123630503509 5.0441202600549468471 1.958902490933476459 1.8767090965281281179 1.7935460563466580908 1.80848e-09 4.40509e-06
23753593.429158110172 1298 1.8319179953608668576 0.44682390533785165676 0.23364652399655250203 5.9102695049801274862 2.0346875961356181151 1.7174612048968052047 1.2432822749350473934 0.82020930607158959447 2.27299e-09 4.75389e-06
23753593.429158110172 2498 1.9965549800598754171 0.46643969463021822675 0.30273453743539135985 2.2108426896142816531 5.1168582871562735548 3.6353309477084492229 3.9330874284430379362 4.2649147582329103301 5.39185e-09 6.3401e-06
23753593.429158110172 5358 1.7971599300940266364 0.26542908845292395581 0.11275264471272458677 1.8157302214611859004 4.0091970463342461173 3.3571203618794984713 3.4236889636720788666 3.4975763820686154304 6.59336e-09 6.77983e-06
23753593.429158110172 5535 2.2957165890933342034 0.2724942465122275892 0.17115702143574884619 1.2556965810148232876 2.3786683947854707633 2.3518917745582221812 2.1341389113202153816 1.9037518800992119239 2.07392e-09 4.61085e-06
23753593.429158110172 5450 2.2022975192347655771 0.56427040658579041832 0.24678045704956177997 4.9108164454121929765 3.6932200896476539143 0.99119012492908897816 0.55586254925323519416 0.2581104937514334674 1.88249e-09 4.46438e-06
23753593.429158110172 5569 1.9695986340184781227 0.14006113759325131141 0.16299330882234758233 4.7051638236241739577 1.1498695025607230669 2.0110706876991684133 1.879989679073930775 1.7465703337827551689 2.77052e-09 5.07813e-06
23753593.429158110172 6450 2.7251014696042386021 0.25263616385931780828 0.15540682977596334546 4.0960772277299328792 2.264377309866013821 4.8570013698200993346 5.1052230070127198047 5.3386153394175623887 1.74846e-09 4.35581e-06
23753593.429158110172 6407 1.9294180932216902224 0.46749420552088033487 0.29546872618637043395 1.4610395933313928829 1.1034560362861016714 2.7996985504363087749 2.5833913648919373252 2.3357777425427466156 5.15346e-09 6.24525e-06
23753593.429158110172 5576 1.6081365324999827848 0.23442504308677719616 0.085648096747818619479 1.1387818745380899887 4.3403844243666860336 0.58505289082442502036 0.46574318034749373485 0.36046595317292851046 5.46785e-09 6.36975e-06
23753593.429158110172 5647 1.8386633698813774629 0.084446548209981223132 0.034778105111413215589 1.5947748599153566129 3.3554652605883461547 6.2635430436836241341 6.2651372073669051588 6.2666612243573558416 2.57441e-09 4.95537e-06
23753593.429158110172 5992 1.9429771245626634713 0.31259609976884172866 0.1680780275479186181 0.6815471619550714788 0.49484807404130870534 0.99986729709661748 0.7528620542546139438 0.53913069212702602329 8.41385e-09 7.35386e-06
23753593.429158110172 6761 1.8018138492622002289 0.37633585479322217981 0.12874685514556075128 1.0750244348799193883 0.25415076467473196598 6.0629477221617218419 6.1346037070593224527 6.1903147771953443979 4.88068e-09 6.13306e-06
23753593.429158110172 6421 1.3165651920798839836 0.45734888506185833457 0.075943120776519074111 2.4289819795070761721 4.6150346600907603545 3.845234127527264345 4.2247624761647450953 4.6288061599400291968 7.66894e-08 1.53613e-05
23753593.429158110172 5394 1.9480684855451275705 0.27971867512592085703 0.20463265926222187763 5.7719444692066366187 5.5843673967075559972 1.6132633035372871966 1.3283110900466519322 1.0567758005721674675 4.23442e-09 5.84945e-06
23753593.429158110172 4243 2.0823402210314596594 0.27588098369072577842 0.11232791701373633086 1.4524618996897591394 1.8938884333688428274 1.5137433726201585671 1.2368783462281238705 0.97623551311678102849 7.70334e-09 7.14074e-06
23753593.429158110172 6189 1.5777073691655656429 0.17662836246417945585 0.15465011817509266567 2.5366547241072665564 3.1932522143176478302 0.094241997831321325241 0.078853190061876368699 0.064939909084721580967 2.99935e-09 5.21426e-06
23753593.429158110172 6576 1.2005045519228341178 0.37494881413704128637 0.18999174749966657449 5.738333924126179042 2.1395407195349047669 1.281787717587504094 0.9319914985372109717 0.63097924002055161274 9.90665e-09 7.76531e-06
23753593.429158110172 5046 2.1656544720487880262 0.25355438847120126411 0.4424813543248671821 0.64165790078141426989 1.2707408299232445525 1.8711993649610323409 1.6165984109874518282 1.3633099331426392631 3.3008e-09 5.3834e-06
23753593.429158110172 5351 2.9554056415848002359 0.13815558312188958023 0.095758056964820537083 3.5974340853239090698 2.2894567653276638453 2.1215496531736595109 1.998950724627303277 1.8732659515606888689 2.44807e-09 4.87295e-06
23753593.429158110172 5321 2.2538683251051159218 0.30393237448676257983 0.1266816250113536324 0.79001944476965757502 3.2686728261988080568 1.0700557313489411637 0.81731910895347603674 0.59565689910176633504 3.33881e-09 5.40398e-06
23753593.429158110172 6337 1.8989431640476091001 0.12179192960575530025 0.13500972852592621476 0.63739074277400442625 6.1973400953598218877 3.6045979553420508523 3.6623408898921079313 3.7229359473334993069 2.57504e-09 4.95577e-06
23753593.429158110172 6131 2.0110286062855804445 0.42671754896264468826 0.071180615911714914534 3.7118452130949113332 4.590111839603076227 2.1696814869248424174 1.7521890197195664207 1.3324724525401645536 1.45631e-08 8.82947e-06
23753593.429158110172 1239 1.7655914677448751871 0.37636850420730022515 0.14024395355267213481 0.060787822604371766211 3.4594480287481834679 3.7566640531127948321 4.0233373892416643969 4.3138371804263595521 1.31823e-08 8.5411e-06
23753593.429158110172 5775 3.032908041060418558 0.095616874381461131049 0.02996082766484520557 4.2605440557540195101 4.9091565600444706519 5.1241042132789953456 5.2102263712051550826 5.294237013023460392 3.02463e-09 5.22886e-06
23753593.429158110172 6935 3.4950654471379549726 0.071645936396964038373 0.43695350495554263759 4.700607076337163015 1.345688886659735406 4.1107809928329732685 4.1711310042105811391 4.2325359587298390096 2.603e-09 4.97365e-06
23753593.429158110172 5807 1.8541223136641904468 0.24779628134964429287 0.14760667490816134495 0.64364364982444810526 4.8983851030137826044 1.584957344753189501 1.3341348895080347159 1.0932456457144932305 4.88354e-09 6.13426e-06
23753593.429158110172 5927 3.5064492093893857572 0.12897271819265510029 0.15432494092382065265 2.788508986017391944 5.0782773328549213332 3.8857560261239512123 3.9778060725093951078 4.0735180661249312806 2.21586e-09 4.71373e-06
23753593.429158110172 6445 1.4389151336936700787 0.10757689503061076963 0.22192888000592503328 1.6504554205818298129 5.0472865383073513001 3.2120779851185377041 3.2201084346043908901 3.228546242832296187 2.3322e-09 4.79482e-06
23753593.429158110172 6807 1.8141424744891878618 0.40553292284135439294 0.13951293639517742262 0.0044247946181460925952 1.0634188750627384668 2.918119706257401802 2.7998968200103360182 2.6640086717846336306 2.57067e-09 4.95297e-06
23753593.429158110172 4541 2.1085749049345690054 0.28626526096156590384 0.12373069085035609538 1.3096149048891259081 0.48925576301896750442 4.3647059387270479291 4.6520117632028599175 4.9377554057656780628 1.52721e-08 8.9705e-06
23753593.429158110172 6123 1.7837644502859126838 0.34780621001166822648 0.056437519133323350851 5.9184963213651498037 4.7319874417095029173 3.6006347018401347881 3.7896535092237138009 3.999603788049807207 1.87233e-08 9.60087e-06
23753593.429158110172 5407 1.0683293236058932774 0.094396254999311632328 0.024018597729533047724 0.079675924354052005127 0.66161446265225554164 0.25999139432275109041 0.23673469027881841042 0.2145959700563044581 5.11323e-09 6.22896e-06
23753593.429158110172 4750 2.0096123143565174374 0.2718980260977651997 0.24141152921921221752 2.4058648466519145792 0.79105229963308087981 3.1815624744907009536 3.1944151680747059352 3.2087708274195869684 3.28876e-09 5.37685e-06
23753593.429158110172 1127 1.203876555224748568 0.1693644704570662074 0.10026828918371284705 3.2351290038278701644 3.4256192145555699469 4.3294991893941858763 4.4925892175885602242 4.6578789698373448402 1.29908e-08 8.49954e-06
23753593.429158110172 6005 3.0444314755795351957 0.090488868114492068684 0.55036433488559477478 4.1384312980218727063 4.9893518322350267624 2.6286386580162033333 2.5823178490980778221 2.5343070226017414548 3.36675e-09 5.41902e-06
23753593.429158110172 5476 1.8253431373119290981 0.19924174737416236458 0.095250979630813525922 1.9283187043835501306 5.7608964775827571358 2.4460625394813080291 2.306526556709037834 2.1588205058006364467 4.35596e-09 5.90488e-06
23753593.429158110172 6996 1.3793832327277326666 0.13011590683932997004 0.15414374732412361446 2.0298419906300328996 0.50063646657459393019 3.324726016554175434 3.3501551236700892744 3.37709610832512519 9.30536e-09 7.60492e-06
23753593.429158110172 5406 2.1671114830341600133 0.06208806187769065621 0.1593554178018800338 1.3218607885519955136 4.7967366276238099232 0.59720303144108943805 0.56313402430530257181 0.52998900146295047087 4.61584e-09 6.02005e-06
23753593.429158110172 5938 1.594540630158463701 0.13090484081603129263 0.26294369090935620914 4.4012511345790565898 3.8674080766968517153 1.2569021173553374116 1.1344960962731915899 1.015854244850196153 1.88863e-09 4.46923e-06
23753593.429158110172 6827 3.1023874710921295339 0.14196459120546525701 0.17847357937298347075 5.3944223473139487623 6.0127020113367359855 1.7851829257913094384 1.6438492385046461486 1.5022632920585738958 3.04652e-09 5.24145e-06
23753593.429158110172 5420 3.4715471414070826484 0.073364535433274091769 0.30260225612816660234 4.453338660445382402 3.0353485235163208955 4.8304200206007319451 4.9030263082146054998 4.9750617475618863494 2.55489e-09 4.94281e-06
23753593.429158110172 6167 2.0938808502743064821 0.12587857008323702357 0.18510295022542844201 3.7129431194340334343 6.2165167642967809059 3.3542707111522811481 3.382701324183806868 3.4127585303445155951 5.7681e-09 6.48427e-06
23753593.429158110172 6036 1.790418171329920316 0.42267227547041419378 0.30812708852802456194 6.1965224689988271933 0.45750026375669083922 2.22741182676384053 1.8266394098424849624 1.4177249952159018953 2.34807e-09 4.80567e-06
23753593.429158110172 5989 2.6428583248425572272 0.30274381801332822528 0.074371776242279905023 4.4188800083101575922 2.5102701390938841897 6.236618655197060157 6.2491148339318058902 6.2594274636689348768 1.60714e-09 4.23514e-06
23753593.429158110172 5195 2.7730395502169109534 0.10951583159642462595 0.097838219601353776378 1.1333961876039007066 4.284049103180898932 0.79706092533619710139 0.72142769278973617464 0.64909715717588589712 2.26107e-09 4.74557e-06
23753593.429158110172 5651 2.753477617008124767 0.16513789479949675387 0.13935105909219239195 2.1322778434099758371 3.7664891021002153693 3.3532814347700625746 3.3913051032742633772 3.4321148613361720514 3.34796e-09 5.40892e-06
23753593.429158110172 6056 1.8947336794539098026 0.17924975176556542933 0.27681086209696553757 0.86661727558026224738 1.029451138830176804 3.3249764096279594838 3.3611400855161059908 3.4001785198274352418 3.00235e-09 5.216e-06
23753593.429158110172 6170 2.1273069163202591447 0.24547773199624825513 0.12070256939890879055 2.752009091923955264 1.4749837866132360364 3.0829382542039325266 3.0662481524455995618 3.0477702493129790184 6.44558e-10 3.12323e-06
23753593.429158110172 6886 2.7769149130540662362 0.43842161727657558146 0.71178959315189793688 3.1746067369479376019 4.5747906065150711896 3.6180212480110047757 3.8829173165241246402 4.1789683273954620901 2.88448e-09 5.14682e-06
23753593.429158110172 6185 1.8731615111429955611 0.37077421522869485893 0.094528316962992797734 6.1800601147676923475 2.0377567600429880024 5.597518485031348412 5.8086458167390286889 5.9780632602624264038 4.56223e-09 5.99666e-06
23753593.429158110172 6037 3.0212362248304356349 0.28669543517160445134 0.28268245877704112345 2.607604428843568023 4.1655125643931558699 2.2878983319767214333 2.0448816652976202768 1.7898056806126352303 1.83549e-09 4.42691e-06
23753593.429158110172 5776 2.0611979145374004219 0.15963658815785894407 0.19127506677647027056 0.78670728827908886771 2.8494278262248204925 5.1132837417636345378 5.256469978348667027 5.3930555790588377008 1.75506e-09 4.36128e-06
23753593.429158110172 5846 2.7948360820662618842 0.16623239096187125696 0.12681451413232108782 4.3317106548923467457 1.5739405348708266352 6.1131649637557634591 6.1393289947505875759 6.1631601783452811816 2.37403e-09 4.82332e-06
23753593.429158110172 6333 1.6388144091379390765 0.16193555020863742433 0.16763578483895180682 0.81725939754959731065 4.7859008205943620595 5.1953075746196173412 5.3341889017538282047 5.4658151889885564501 1.94245e-09 4.51128e-06
23753593.429158110172 5488 2.1028222124572026885 0.46354011873419775913 0.4022932148530779517 1.7512972160596651516 3.9544260212762738504 1.0307525851759054003 0.66074431690527946071 0.37626757358484902438 3.37985e-09 5.42604e-06
23753593.429158110172 6244 3.2177955475638491123 0.10681858380531089603 0.33789163937561911277 5.4700935310078540041 1.4472944221755548178 0.073462011700093268751 0.065998205623197428449 0.058953487552142587458 3.08558e-09 5.26376e-06
23753593.429158110172 6192 3.1944259826167717975 0.22100397485355097182 0.32803519951154780365 1.9764359546859977534 5.5954652481107940432 2.6686375030234978922 2.5555505859879970032 2.4333203890815466863 2.79503e-09 5.09306e-06
23753593.429158110172 5914 3.2104891253022205255 0.081594978296125608708 0.11069619171306624428 1.8360032951819151847 0.072717347891201877808 1.4005606232020584301 1.3206072679471285714 1.2415526978556459259 2.63408e-09 4.99337e-06
23753593.429158110172 6739 3.1869394604838130469 0.079251445335338135956 0.1921484290701236386 1.5092852764366582186 5.6951748403414939048 2.2619190462721339152 2.199190361893678336 2.1350781131791642942 1.84353e-09 4.43337e-06
23753593.429158110172 6164 1.976242340630919081 0.22529874267954846934 0.1982533782121022603 2.3089992957532987639 1.8346964492341886199 3.2073623959635275682 3.2242895083974798531 3.2428997769825018693 5.09634e-09 6.22209e-06
23753593.429158110172 5361 1.633136759757813472 0.42466059747570589211 0.10362476550179702817 1.3510676119662803352 5.3084291889485006877 3.368225616165134273 3.495999267907425434 3.6433708989003963374 3.09083e-09 5.26674e-06
23753593.429158110172 5650 2.0165125698901031903 0.18507986964016034936 0.23375372568627969527 4.9902726175067737557 4.1327375751907657886 5.5519914316738381288 5.6684257402648086099 5.7751727994047428183 1.14639e-08 8.15256e-06
23753593.429158110172 6814 1.8127788172638201747 0.1348659779102407974 0.068226148686522714026 5.0885287403765815384 2.4124337989203294974 0.89527981387067934183 0.79393306681787101375 0.69775797448904197662 1.89305e-09 4.47271e-06
23753593.429158110172 3069 2.1558963965465527401 0.48153566923428453572 0.30016203845246774984 4.4794015734293566311 4.8358091242725596004 1.951104282054770378 1.4360459952368826997 0.95887549342128930441 4.38223e-09 5.91673e-06
23753593.429158110172 3400 1.2360623951727554015 0.16676728912761479284 0.27605900515359127478 4.7151050060348627113 6.2225639733087323435 2.5991538817296602204 2.5058068598939122751 2.4067787840387042664 2.20416e-09 4.70541e-06
23753593.429158110172 5798 1.5376080443662274444 0.20438731602746390559 0.1948906189608101136 1.5250062988502715022 3.9859513757208180351 5.1115776959072078967 5.2940507909242153772 5.4648267729453205988 2.01067e-09 4.56349e-06
23753593.429158110172 5551 1.3970488026649370283 0.25767787638459943578 0.088472896208168977372 2.9366449096966666943 0.58225279109179528536 1.0905050780209806227 0.87219851133004400179 0.67488303102388547128 2.00606e-08 9.82423e-06
23753593.429158110172 2928 1.8432085253055181528 0.29846749589197202335 0.15408114101286274344 0.14811068485029743602 0.84068734466577665909 2.437639620508530669 2.2148368941847991209 1.9761595387238932719 9.69793e-09 7.71039e-06
23753593.429158110172 5185 3.5380506522546837367 0.010206142100052982905 0.25746643638305471979 5.7865320251764655879 1.1443552526595370811 0.17635636567031259814 0.17457466826921475 0.17280197073081274284 2.64564e-09 5.00066e-06
23753593.429158110172 6221 1.9878910388489499095 0.34601132935021799986 0.13509047637217500015 0.046134267881357160501 4.5439050883275724502 2.5265775207532366053 2.2865717569149963673 2.0254769264123662076 2.14299e-09 4.66148e-06
23753593.429158110172 6634 1.9326460330551611388 0.38402491371038660617 0.055827631094036080095 3.3483718048658102084 4.3459087215863325682 2.9071120678416297878 2.7920975472488560598 2.6605983997189213142 2.7181e-09 5.0459e-06
23753593.429158110172 4406 1.7848500322858331657 0.13482557685374502165 0.28982532062093069314 1.8221517663665183218 4.5593232050212062489 4.2716262438374519306 4.3976030137529589226 4.5258036215014865178 4.822e-09 6.10838e-06
23753593.429158110172 5453 1.1001161867856696919 0.12644789698590636062 0.26169740171442879006 0.093149426494374798491 3.3556576062435050645 4.178892233167402992 4.2917336212179808541 4.4071579820748869594 3.03837e-09 5.23677e-06
23753593.429158110172 5134 3.5243900373039220852 0.084263807988277747429 0.34654980533187967895 5.1877371824654012755 1.8385008775293034677 3.3826093687457743364 3.4036184932096547051 3.4254460024703621279 2.31886e-09 4.78566e-06
23753593.429158110172 6863 3.1019394463936937889 0.098338469712650936061 0.081459138940445541266 4.7585424064635137853 4.7097390417264604068 0.61386247998399967596 0.55929179624033087403 0.50711477745765765057 2.72515e-09 5.05026e-06
23753593.429158110172 4313 1.6242879410555832731 0.30632324347431560962 0.11807188162781694085 0.82404009621080931414 2.5883774582530079122 1.1281604452607978395 0.86395307462310499957 0.63102004991763116504 1.98502e-09 4.544e-06
23753593.429158110172 5577 1.9426474742389003847 0.13968830960928108054 0.013719204041345774495 1.1511798686904370914 4.5226178853239629163 0.28911314760072587271 0.2516186350259305704 0.21684016418248489022 6.01747e-09 6.5764e-06
23753593.429158110172 5417 1.987910782990055969 0.22590967953972668214 0.18050124784600268812 2.4431511511634709244 5.7059262623337776432 3.2088764956301405462 3.2262468749325758921 3.2453482493771397266 6.2485e-09 6.65951e-06
23753593.429158110172 5880 1.6655633924457111661 0.27787653228109077119 0.067299460446670192337 5.7355300578983001714 3.7047701259634431281 1.6486818281762027905 1.3648526512125460641 1.092848081530945592 2.24295e-09 4.73286e-06
23753593.429158110172 5030 1.909420615520471598 0.40668569744172466951 0.37142460466417159815 0.91517108886389320066 6.225958627524400768 0.70193814254773589933 0.46689008352756805609 0.28383621616038595681 2.14686e-09 4.66428e-06
23753593.429158110172 6137 1.9054549739146477982 0.19322820371656679317 0.13867411589564634933 5.781570227431230613 3.6423440372043014435 5.0484626153156737516 5.226406601623736492 5.3946651144827875157 2.35406e-09 4.80975e-06
23753593.429158110172 3887 1.8053178292809004546 0.50284197878213354738 0.40167171548117863722 0.22065902855184679754 0.50332280044708055389 2.7969445383979651965 2.5538922651390190133 2.2750921772929717513 3.51292e-08 1.18415e-05
23753593.429158110172 5625 3.0278376413016920843 0.23714729153312874566 0.055966393002541213464 2.5884079847524854578 2.5472190810020474139 2.1192767642974534859 1.9011191514692518112 1.6767925914770915874 2.295e-09 4.76918e-06
23753593.429158110172 5607 1.6542630584458739573 0.16222436808462945002 0.15596180305608242644 0.89371403886702960317 1.7346710412230550435 3.5004735233954793472 3.562558985611384621 3.6288507747296030459 1.18158e-08 8.23514e-06
23753593.429158110172 5029 1.8645938920644535841 0.31102620848529649589 0.1094307569699335958 4.98634171465063325 1.0408335207434264991 3.709196352035168065 3.9066532618793221587 4.1220640169930335972 1.87308e-09 4.45693e-06
23753593.429158110172 6282 2.8053843528386761541 0.060370792215019043747 0.031592342520996193056 1.2459158044322089509 0.60841799737332313835 6.1773265332557869556 6.1835249599338197868 6.1895315793733312049 2.68214e-09 5.02355e-06
23753593.429158110172 6604 1.5770145808026851952 0.095329325379479148972 0.22290389993024387061 6.2213227912777764317 3.6682526152902354966 3.4898186518531386646 3.5239518180237827671 3.5595201719539604213 1.33847e-08 8.58458e-06
23753593.429158110172 5362 1.1703038642111815992 0.35833471147209239316 0.1587287646973142563 4.6603121724368419265 3.071109999594074047 2.1491545737774631064 1.8071806352550825459 1.4588108239961434798 1.49782e-09 4.13686e-06
23753593.429158110172 6068 1.2393465355243820092 0.29880126682837043761 0.093382434389478144454 4.3888996821217576283 4.6691719169961416469 3.6233818077765507226 3.7869133110054700175 3.9666287208317823065 2.08722e-09 4.62068e-06
23753593.429158110172 5877 1.3354488529878607572 0.22240158969717330195 0.24910135443666850397 5.3563143172467944098 2.9433658338028627632 2.8905217250346817437 2.8277370820933085405 2.7590754507263137718 2.13222e-09 4.65366e-06
23753593.429158110172 5479 1.3247479859310526962 0.11567363907007435775 0.35798718375961291471 5.0443025751001817625 3.3783351801457417452 3.670654931089792683 3.7323047647141045502 3.7967294991965450102 2.12255e-09 4.64661e-06
23753593.429158110172 5257 3.1696449994650839344 0.16437953740662203383 0.21467743255083263088 5.1914423974670382833 2.4476576651479637903 3.9822702920918282565 4.1126063927616742788 4.2482948554143113995 2.20895e-09 4.70882e-06
23753593.429158110172 6565 1.4839357014381602262 0.17979972781938574622 0.15530829072643739797 3.784517383558076542 3.7610487346350729432 5.2017293541699114456 5.3548937680065709088 5.4988409618178639704 1.41094e-08 8.73682e-06
23753593.429158110172 6327 3.0249909784078812258 0.13887182887240082096 0.15007450491639540147 2.1762234309356651707 2.0011969683704382561 2.742648906516910845 2.6847336912966017763 2.6234729688259990077 2.25041e-09 4.7381e-06
23753593.429158110172 5595 1.4979407699624613937 0.58014405045052219734 0.17778504392159341641 0.58281827222050619497 6.0362139214189332037 5.4925718734273267785 5.859460239661457237 6.0979916490582768418 2.78921e-09 5.08953e-06
23753593.429158110172 5226 1.2114322005819055939 0.41985169836909624896 0.23258420090557616056 1.5021994721148559382 5.6745772799507863127 3.8385858936578700629 4.1753010282802964781 4.5360385442872050987 3.2729e-09 5.36819e-06
23753593.429158110172 6709 1.2386334975726962515 0.2646264482807110241 0.034910708537827829512 1.5424138217372174164 5.7848405313611594991 5.4005663191945680879 5.5916880456358946105 5.7604380096861742544 4.47756e-09 5.95933e-06
23753593.429158110172 4581 1.59379228022877939 0.1902491469402042279 0.25891462174578683264 1.9468945538107338411 3.8924781118238200861 5.8047430121989087581 5.8861536199999573427 5.9597196611805758337 2.62777e-09 4.98937e-06
23753593.429158110172 5923 3.0352795585697309733 0.030218646946318018787 0.18758365310227420597 4.6210605920826433035 2.9898987087725878986 2.2738870062610065936 2.2506030432071613134 2.227102175548584917 2.22479e-09 4.72005e-06
23753593.429158110172 3796 1.1605993877323983465 0.050272671235881388752 0.089088866958479798197 0.021655694218755919267 1.2482131336414326039 1.9138697302913219023 1.8661015866403407593 1.8180050511026770721 1.48625e-08 8.88956e-06
23753593.429158110172 1253 1.4118502421028973348 0.2828128138217708698 0.088344844253384471888 1.2938249507725092524 5.9948103798216809679 5.4643731695804769188 5.6557141903212446721 5.8217534431745106005 1.21449e-08 8.31089e-06
23753593.429158110172 6842 3.1244951419166300255 0.09356830485972569833 0.12328746719538427601 5.1284321677568165398 2.6765325888133757459 2.9605522514221371821 2.9428520487328420074 2.92437840145891359 3.94698e-09 5.71398e-06
23753593.429158110172 5437 1.8829649889662720685 0.062119511117301962067 0.086483689207759076312 1.7794930438445135668 6.0542591935940057724 3.2106511700084321426 3.2150791141483439084 3.2196399496147969366 4.54448e-09 5.98887e-06
23753593.429158110172 6001 1.8395880025051938311 0.095471673329015849241 0.28979124657980337432 2.3422267434242098894 2.8936922610677142664 1.4996136810757736413 1.4045611119078575957 1.3104055427137624168 1.89847e-09 4.47697e-06
23753593.429158110172 1517 1.6781855399023049014 0.39222508911556214217 0.17159032998669532244 1.516965887902811394 6.0436587899464919715 2.6792004528845301259 2.4570635986291184949 2.2090564457642778429 2.17631e-09 4.68551e-06
23753593.429158110172 5753 1.9402287390171661929 0.27728280231691748714 0.21770066079725611252 2.6271461766214159184 0.596301539567649308 2.3985767849402357399 2.1858042447087369098 1.9593282812143357763 1.44813e-09 4.09059e-06
23753593.429158110172 6366 1.8872599164054451037 0.37954622488930728208 0.25655200257689442234 3.8116091282841439991 2.0907941462850923031 3.5048153387126887992 3.6761339047205807695 3.8694923392946440899 1.97281e-09 4.53467e-06
23753593.429158110172 5869 1.8064430412961667294 0.59575488922891561838 0.14315428682879849376 2.9396274345376709469 4.7254570700131601768 3.5341337563101187236 3.8940423866644509054 4.3011986473947292353 2.00715e-09 4.56082e-06
23753593.429158110172 6197 1.8198621738266802517 0.16339691384419868792 0.20768885129129222022 5.1567339665232783119 1.9766101022291120426 4.0364470399550818058 4.1715345223738733438 4.3116096412254982795 8.02678e-09 7.23931e-06
23753593.429158110172 5211 3.2015164827434334782 0.077274918617614693495 0.26459985095121635323 0.53039022704330851532 5.704306528695650691 5.0235745614932687531 5.0963534019924825458 5.1680016908773236395 2.07199e-09 4.60942e-06
23753593.429158110172 6154 3.1527407416475532465 0.11097792694631217203 0.24783775676774053021 5.84655094150264798 2.1610796775158087613 3.0056731071342950301 2.9897087773253772092 2.972917751661304564 2.04677e-09 4.59064e-06
23753593.429158110172 6209 1.2911072644305698898 0.24094097029749775296 0.17173140909543868626 1.6300084640137566527 5.5829799662188390741 5.4848478203698673994 5.6458697348435142871 5.789239279726395182 2.89646e-09 5.15394e-06
23753593.429158110172 6392 2.9841919987931970759 0.19117810787548153439 0.14309060674902157606 2.7084968594707614642 1.9181497401333627018 1.3268695028666468438 1.1443956708049427551 0.97033558954780296801 2.75286e-09 5.06732e-06
23753593.429158110172 5076 1.7934941033744578043 0.37875701987086873856 0.16097075551413048133 3.2875845715466751606 1.2165893886845349225 0.13005231509133710621 0.087365774707837740021 0.05431745346187934198 1.5547e-08 9.02399e-06
23753593.429158110172 6735 1.9060404273075963744 0.53532616460591619933 0.41197350775598745587 3.5235662187895830932 2.7536611324948179202 2.7950984073936089302 2.5256299394486338983 2.2163481524505219689 2.32036e-09 4.78669e-06
23753593.429158110172 5485 1.684960143040636682 0.51164939120730723587 0.099822117715698308049 5.501658370549394661 1.3274172939293329421 5.6986023980915687659 5.9443996255228350734 6.1144422291196960373 1.60307e-09 4.23156e-06
23753593.429158110172 6816 3.1051205832700219389 0.10019936545080805612 0.1753156613586445145 4.5753708383718603159 2.4269210072459475036 3.3176085566780004754 3.3361131220276170062 3.3554812655236831986 1.76213e-09 4.36713e-06
23753593.429158110172 6572 3.0166133676257436136 0.1753762508692255917 0.17780714847694101266 5.4109331425981039843 1.8452745167643791468 2.4873606593479751226 2.3718192488797251727 2.2497621931278630747 1.66053e-09 4.28153e-06
23753593.429158110172 6740 1.8721204215102900115 0.28392897741281358792 0.22739963383219241599 1.4896054461619412379 5.8747997296392551192 4.6117861265125688064 4.9024123814434119595 5.1812305848353945592 1.33102e-08 8.56864e-06
23753593.429158110172 6480 1.7575660292969250698 0.055774497417409349409 0.10868570543248208538 0.59022374386511444744 6.1936538943804766433 0.3374742321436673409 0.31946734710835217319 0.3019507580836494065 9.59462e-09 7.68292e-06
23753593.429158110172 5642 2.8363374365369637964 0.15420895338708834332 0.10673679435771375734 4.7110893537244136198 0.091981840471101181111 2.1385019315270246132 2.002218717575693141 1.8621396411093305012 2.80041e-09 5.09633e-06
23753593.429158110172 5478 2.0528355018666668563 0.33154654892138790689 0.38605666533990368183 1.0791647008289784182 2.7798460622252290086 3.3921297878263922954 3.4933824461621023616 3.6076262718154095133 2.28234e-09 4.7604e-06
23753593.429158110172 5258 2.9500687559817060368 0.30774181549822637871 0.31775692612342998356 3.2190367704234512658 2.8338692548057591303 0.37337563517749228215 0.27314538477137451089 0.19012847791683601395 3.58569e-09 5.53402e-06
23753593.429158110172 6815 1.5368338003503700939 0.17338842664579195985 0.25066781444369395926 1.2901122142226710832 1.2026916121614219524 0.8864830131222142251 0.75836711217928343132 0.63912148424731651808 3.57143e-09 5.52668e-06
23753593.429158110172 6617 2.7446618870742298668 0.19258651878419427717 0.029285875770723498318 5.0188835309520758443 0.39079658311266474158 3.6566572066458764567 3.7611740395840032036 3.8730079542361903755 3.93262e-09 5.70704e-06
23753593.429158110172 6667 1.8582131957882275231 0.3293679566870233999 0.27541279381493938283 2.9880506243654321175 5.9008514162114185098 2.7396066661096267758 2.5828811322799665184 2.4082851259482143114 1.85586e-09 4.44323e-06
23753593.429158110172 6040 2.1708253198125357919 0.53065778015940012757 0.19487851414752935253 6.2548066854811406046 2.3309783177809109134 2.7920071538240027742 2.5241592282293137117 2.2169378943822981576 4.48499e-09 5.96262e-06
23753593.429158110172 5950 1.7467536148071844959 0.097624178142946119174 0.13469820031821594375 3.2380058801619617803 2.0727277057065109922 4.8879306561913100637 4.9833957386289293723 5.0774568172093186291 6.81029e-09 6.85339e-06
23753593.429158110172 5158 1.8732595863235632638 0.21385409000351882081 0.067692294533312380445 2.1826863047582194532 4.590182122215301419 2.650169285254012852 2.5374300468468398151 2.415945286882051235 5.85576e-09 6.51695e-06
23753593.429158110172 5252 3.1384452757031628956 0.1000331584235682747 0.18034504089244859926 1.7270306556770631534 0.44811650086385790281 1.2418861220755643693 1.1485577216028917125 1.0573100915061104388 2.42859e-09 4.85999e-06
23753593.429158110172 6104 3.3286777576185198058 0.10290513293732396483 0.12671341163413946118 2.9156301878205206357 4.9768853135698432055 3.66173591613545657 3.7154066984738429724 3.7712676348154032802 1.75259e-09 4.35923e-06
23753593.429158110172 5196 3.5557460869612684817 0.09535193543955464146 0.18829018411706011094 2.5832250247701251666 3.4194237593050638147 6.0564345800911514317 6.0769632431228144398 6.0964878375187456783 3.02458e-09 5.22884e-06
23753593.429158110172 1284 1.8492545404872295922 0.19025960603484232125 0.16377855998876639232 1.7019586048381099008 4.1782945368316468659 3.5893058788168890061 3.6802421567638541333 3.7778409948956110931 3.64405e-09 5.56389e-06
23753593.429158110172 6952 3.2278313696977023461 0.11148275108817982948 0.13026276944855905149 5.4034909170344986862 0.61073293031244335616 3.1967596444666397382 3.2032905127104509546 3.2101643967931527968 2.57429e-09 4.95529e-06
23753593.429158110172 6978 1.4861813643234218496 0.2540981853373668331 0.2368509294284428246 2.2437228799642818799 4.0131797055871549773 3.7542958835673596596 3.920034831612427606 4.0984552312640740723 2.46129e-09 4.8817e-06
23753593.429158110172 5517 2.0168728106044500059 0.41306883582899844853 0.22837288059325228096 1.7101523001885459152 5.5535745649653334155 1.8164476193598086962 1.3808038565471574266 0.97516792297066534623 2.41819e-09 4.85304e-06
23753593.429158110172 6425 1.5097610024876697565 0.28436993276108230022 0.1000034168289175851 3.9418172743979176254 6.2131017388634832699 2.5033027658651603176 2.3080851775505579759 2.0975678402747677254 5.02719e-09 6.19382e-06
23753593.429158110172 6573 1.8361518799795086831 0.030395178385948264793 0.26311937366857740539 1.9875404889871490788 5.2164476996635871231 2.0952949390120223505 2.0687792429292910512 2.0420756252965315269 2.46875e-09 4.88663e-06
23753593.429158110172 6836 1.7165628259219860574 0.23256388835068672605 0.11592852736266336111 4.7003062083832762852 5.6004591251643960348 1.9924100724963762499 1.7673109730834954956 1.5392232287376015343 4.61039e-09 6.01768e-06
23753593.429158110172 6180 3.1053477032780461009 0.028922214234737446403 0.15639296389053328196 6.0757650247152295009 5.5396405369655070672 2.1736792208260062864 2.1496549947983809581 2.1254445684119138704 1.88472e-09 4.46614e-06
23753593.429158110172 6102 2.3632086477258709145 0.70476609267855760965 0.28232079469465171107 4.539056824654551292 5.7056374140724566146 3.9417970189753801513 4.7285086983282180739 5.4331832279087786119 2.19362e-09 4.6979e-06
23753593.429158110172 5678 1.7697280719900512214 0.15511338793316434281 0.092126068683284795258 0.8232655177550558534 2.9578410815184641436 2.0206231690621621055 1.8754099100607757311 1.7274374896297504112 1.85255e-09 4.44058e-06
23753593.429158110172 6119 3.1012910667006101662 0.058612528829514447259 0.19189974331632950189 0.94188998849066651875 3.7533128026621387363 0.26633441115721079306 0.25131967208562111527 0.23674376832482135757 2.96829e-09 5.19619e-06
23753593.429158110172 5063 3.4949304596366150832 0.11545697600301332852 0.4052512240800537624 1.0251727752471067046 1.5600565768275238554 4.5292184134511934701 4.6442124846914545344 4.7594012406023553652 2.23728e-09 4.72886e-06
23753593.429158110172 5289 1.7618357211552166941 0.02759740121379510025 0.13674775883902476337 5.2551975226544627162 5.6104093097195608664 1.1304422344168945092 1.105620157584087826 1.08095518575479832 2.13423e-09 4.65511e-06
23753593.429158110172 6619 2.0407326755026033993 0.16423510098949184455 0.059736048536053333591 3.0992339928274259542 0.80594307101447559827 1.3516055014836942938 1.1933853966683192205 1.0407088564503161887 6.69672e-09 6.81508e-06
23753593.429158110172 6054 1.829348358277778086 0.14966444652080659883 0.14218932368514414222 1.5984421534250443653 0.73093330025734193356 2.3659988415021784292 2.2547502574232791694 2.1387482718942423254 1.3494e-08 8.60789e-06
23753593.429158110172 6960 2.9871895145047635545 0.19473854968367204643 0.093395977745824421135 1.9026279784860271604 5.321510862370199213 2.5661431436042843046 2.4496530658117130486 2.3254036622054776728 2.28045e-09 4.75909e-06
23753593.429158110172 5360 1.7344794988058793717 0.11884134497638525196 0.023713176209886079743 1.7705526674715010849 5.9158470656375605756 2.1298062454668555965 2.0254892011779390693 1.9187226174519773636 1.47972e-08 8.87652e-06
23753593.429158110172 6823 1.87356764657970154 0.093326839497770416876 0.14463332146099627806 3.8886160732576451338 0.87534671034084110541 0.7475412257237602498 0.68608315231878203022 0.62695953053067265959 1.69817e-09 4.31364e-06
23753593.429158110172 6677 2.2671700586420420187 0.1236557733643170176 0.24968206195216419152 0.41592463901759119116 3.3276574210633094175 3.0353646423001556798 3.0213376427033367122 3.0065032308125343441 2.33048e-09 4.79364e-06
23753593.429158110172 6017 2.0231010114297642843 0.2323599734695797614 0.082703256120139775898 1.4337246314105958067 1.4433986193194991987 3.3442942624118709993 3.3978941893147447395 3.4567985214312089148 1.07446e-08 7.97837e-06
23753593.429158110172 6791 3.1492947320188924287 0.27153476171835772002 0.11499340217854958635 1.476421136567421355 0.46447059585344668831 4.1367370905671423387 4.3864750430647116985 4.6437158082925780178 2.20531e-09 4.70623e-06
23753593.429158110172 6266 2.9667319357947707914 0.1189910359781121002 0.13367943034709614536 0.39303161502437911068 3.1520872843643292782 3.2819679050503323126 3.2997252300892445653 3.318463267142820694 2.89198e-09 5.15128e-06
23753593.429158110172 6897 1.9571665857388091947 0.2468160874300139862 0.112492937009394528 4.4885520317985125871 3.9866964006111267338 3.1620260457274027566 3.1678820882954537019 3.1743699963139433429 2.6229e-09 4.98629e-06
23753593.429158110172 6969 1.2843623734247155976 0.37172809342564311352 0.15405678684695284231 1.2733280933525472634 1.494338371812565347 3.5985524265276094269 3.8035244332461837224 4.0320040569340491743 2.41679e-08 1.04535e-05
23753593.429158110172 6230 1.8457231228430950321 0.20775854945887822778 0.29282478740237877224 1.5518902897443733746 1.7236582485538591847 3.6131685286116939082 3.7183449049089700722 3.8316365624778017107 6.03494e-09 6.58276e-06
23753593.429158110172 6778 2.9552948127172595782 0.10848263791789876376 0.13530464414183362987 4.5756820161308500161 2.6468985416676225064 2.3661322015176162736 2.286927579326851756 2.2050935832380793578 2.33115e-09 4.7941e-06
23753593.429158110172 1465 1.6939342428437438315 0.42874229984286926776 0.15544196094271894859 6.0650489644876310891 1.4634005582230626974 2.3626665749775841441 1.9901383577906137656 1.5985435614338656674 4.65109e-09 6.03534e-06
23753593.429158110172 5931 2.7112786055056838919 0.43975145791415160001 0.60666096398150182178 0.44790421704225080735 1.6827555394598388006 5.9371263041689577022 6.0659904925039809243 6.1607530596013457824 2.66585e-09 5.01336e-06
23753593.429158110172 5323 2.7881478285392953254 0.16007011109058560949 0.089092900490113355327 2.1178753250417616805 5.0369770036320637985 3.0957315868250416813 3.0876992333446144912 3.0790766830277278565 2.25995e-09 4.74478e-06
23753593.429158110172 5788 1.5401288029486563946 0.23476074514275060978 0.043828386437704730527 2.5227588574692405565 5.7066981986128695326 2.5882124659178895598 2.4492050327822667555 2.2993392173862239325 1.43499e-08 8.78617e-06
23753593.429158110172 6138 1.939244287021019808 0.19509332791391414963 0.16794712249526080883 5.1985607904978277105 2.1200502526490501154 5.044486159535886749 5.2244279739872157009 5.3945000565928333813 1.20875e-08 8.29778e-06
23753593.429158110172 6726 1.7273485892757645122 0.22626185606455367916 0.085443250365294515225 6.2679194260860171539 2.8678705658680563317 1.1748846494536175911 0.97302403129235526258 0.78599792182717775901 2.92983e-09 5.17366e-06
23753593.429158110172 5559 2.3646885250772609055 0.50030773118105098529 0.51728027690266742411 2.4392005883472234196 5.3309654950511839999 3.6511411102038193732 3.9894109579787642161 4.364561074728531942 5.44342e-09 6.36025e-06
23753593.429158110172 6737 1.6639990561906530253 0.26670032613535638033 0.16632810912621601163 2.4484586346921317634 1.9956071234889267707 2.6404390034047482416 2.4925678944038653917 2.3313716183856327824 2.16814e-09 4.67964e-06
23753593.429158110172 5663 3.1633377068066446114 0.13534293644348838193 0.35020635764025564995 5.4516554017449667668 1.2277323225888927549 3.6723091280702284678 3.7453836863020111281 3.8222269775617605525 2.69499e-09 5.03156e-06
23753593.429158110172 5227 1.5929646127647445475 0.069605361158623216267 0.075447876022623552861 6.2725372287648655245 3.4399833269150787984 3.0859497829441977501 3.0819343429985801563 3.077784267531646023 5.94474e-09 6.54979e-06
23753593.429158110172 6118 2.0060957419971190419 0.23176551973080378177 0.10218006316411529233 2.8794372171971600594 0.022707312795360062863 3.9252805213433230591 4.105704727116051167 4.2961100656612973836 5.68798e-09 6.45411e-06
23753593.429158110172 6356 2.0931896679119490479 0.26167714104520672924 0.19324507818218972233 1.4035479317368837471 2.3988725023036852058 4.9124684978928652157 5.1653864231259456474 5.4006706179880143992 5.8318e-09 6.50805e-06
23753593.429158110172 5831 2.0383008570492409106 0.21898640870214727827 0.20164191994065175373 1.7932250279039234631 5.5880059779496491501 5.5191284643725797565 5.6608945108829304971 5.7885412645793588027 2.32205e-09 4.78785e-06
23753593.429158110172 5138 1.7918451841724392093 0.32563374754212065509 0.14894148576401222694 3.2245815638095041145 5.1943850524344821196 4.7610969433293384157 5.0897627583564410969 5.3924834668223606826 2.37553e-09 4.82433e-06
23753593.429158110172 5736 2.030414303794844777 0.43598987619222523415 0.32556612932464201737 3.4021823132829722702 3.6896593747440049604 1.3400066022445269454 0.92171671167897717414 0.57438953366622402807 1.87923e-09 4.4618e-06
23753593.429158110172 6132 2.1737471260313663279 0.3778046372521092211 0.26753190104962160101 2.3636359955234280683 6.085113598091570708 2.2257207837325929667 1.8759395200515538438 1.5155879674205892105 6.69157e-09 6.81333e-06
23753593.429158110172 4460 1.7933186148416477845 0.19588365275130756316 0.062929314606076008909 4.026695745214516009 5.807765231234149006 1.5696246923125620754 1.3724890430189178314 1.1804444230107240532 1.068e-08 7.96233e-06
23753593.429158110172 5256 1.9646656455052233792 0.29609894669685166146 0.24218874270614632049 0.58259927624553831116 3.8591884327730920923 2.6856686134099927443 2.5316262563463074464 2.3620089601947515945 4.61883e-09 6.02135e-06
23753593.429158110172 6023 1.9098333064949215565 0.094821382996907954688 0.16024591194056714283 0.71291673875286654116 4.6984990461608209245 2.1803969903424822441 2.1003433003251914535 2.0185090330438311135 3.26695e-09 5.36493e-06
23753593.429158110172 6504 1.8344749375360964727 0.25919302726927495595 0.20861843721515171968 0.15017770232635802019 1.3451407600723057634 2.2044258140348529373 1.9749333848593417784 1.7366204112798024894 2.41361e-09 4.84997e-06
23753593.429158110172 5667 1.8427990045960576104 0.063040175541080642474 0.18608763183642629269 5.0672048662853237389 2.7969606400885900221 4.9721015532643688672 5.0325796405304963343 5.0924158259747791533 3.20823e-09 5.3326e-06
23753593.429158110172 6362 3.0514515489663827097 0.11051555224523834653 0.20432087403890308863 2.7933690435315563505 3.6600283051030344517 3.3387143157566021578 3.3616718976464761148 3.3857982114995563983 2.92709e-09 5.17204e-06
23753593.429158110172 5964 2.2956269470845040992 0.34749735684584842632 0.32376393683425147563 1.278862546005179901 5.6085336201437625547 3.3057725722343649366 3.3769666068010026905 3.458005299219198303 2.1711e-09 4.68177e-06
23753593.429158110172 6746 3.0279228276007552623 0.38269823914263750853 0.23252425407143550995 3.8236227275152194771 2.9279129614227477063 2.3977864409981042293 2.0847960469930009175 1.7515481763253337721 2.1751e-09 4.68464e-06
23753593.429158110172 6269 1.9202813006799119844 0.086583579224764714577 0.15772315035857131793 2.0406062855456936767 3.3235971686121734692 5.6580388131740910751 5.7070696346366833751 5.7542378330706904777 6.27461e-09 6.66877e-06
23753593.429158110172 6182 1.9980766421244886555 0.32316548798763350403 0.23263524712844577125 1.8804480088915165314 3.6718826379282241135 3.607066762810776428 3.7816405079445649662 3.9746458682668124318 2.64006e-09 4.99714e-06
23753593.429158110172 5435 1.7823174650124402607 0.38925126845363400285 0.14052959499627082351 0.16750940250870255399 0.69763550346611846731 2.7964140465164515348 2.6273996117199347466 2.4359532265582766186 7.17242e-09 6.97277e-06
23753593.429158110172 6415 1.5703528956993895171 0.29219847277348454107 0.077363765775214629605 5.0599928463199281836 1.2664277677626774032 1.9553725488361959339 1.6641145697407748738 1.3731874491281390593 4.5356e-09 5.98497e-06
23753593.429158110172 6920 2.2735291167587798888 0.14918872821267709083 0.2770866950153314523 5.8736253595547101014 4.3422105131401593781 3.5591069628003828562 3.6243972054005131334 3.6936603072359299738 4.48089e-09 5.96081e-06
23753593.429158110172 6103 3.3507784096959079001 0.0427520969356895153 0.12924526993491075588 5.7821044976716677866 1.5674539949764476621 0.68775965622840951053 0.66105083798270558582 0.63480333055565474343 3.07621e-09 5.25842e-06
23753593.429158110172 5534 3.2732981944793433371 0.098566006705243874864 0.11726588086914209452 0.94920543288041758778 4.2010009538407997454 6.075952486293692445 6.0953440606848809935 6.1137501340018651774 2.18919e-09 4.69474e-06
23753593.429158110172 5578 2.8783911984440613274 0.088109921819691183753 0.19567920099985730564 0.14224493310234634369 0.84577246016349971747 0.59551624068215192054 0.54775077563378726797 0.50186591355052267982 3.04211e-09 5.23892e-06
23753593.429158110172 2992 1.4385928819218614105 0.12874374388075596198 0.15210635001178585135 6.1052224380611734844 3.1768670235138332103 4.1485113750599493798 4.2615683710976037801 4.3774493098192444052 2.07761e-08 9.93967e-06
23753593.429158110172 5643 3.2672510427090291074 0.019723945621066343858 0.090504500847930130503 0.90296570601802517153 4.5558632320636860413 2.5067197671976435558 2.494927337363123776 2.4830431007935480636 2.47115e-09 4.88821e-06
23753593.429158110172 6683 1.593609595784508004 0.36774243562987402045 0.13411133640046141169 3.6097626352330962618 1.7624656042524193822 2.4073969482050197044 2.1121616847906787839 1.7970042468842404304 2.07491e-09 4.61158e-06
23753593.429158110172 5234 3.1062152581120492378 0.19591624987399380853 0.094275007437072941285 4.6578021152736406307 3.5188613712653955545 3.714189143845442409 3.8309651942504103772 3.9555783384816969317 2.35138e-09 4.80793e-06
23753593.429158110172 6292 3.3488789437973296437 0.022914977550642871146 0.29631154241503626645 5.4214927945991115976 1.7788855379842125615 4.7861896998036375095 4.8090250156006684179 4.8318330803648894545 1.7586e-09 4.36421e-06
23753593.429158110172 6557 1.9603540786227529047 0.048559632086084686398 0.11405118774522063352 2.2284835005365852822 4.9479399719282000092 5.187536044978437566 5.2302605856689936559 5.2724528248437110278 1.93092e-09 4.50234e-06
23753593.429158110172 6401 1.663532847349399546 0.4138980741466263269 0.091793969230189551012 5.9342104032099891597 1.04618242008583473 3.7791304023335849926 4.0889253877057516462 4.4249531374962804975 1.93159e-09 4.50286e-06
23753593.429158110172 5864 2.1606521891683168057 0.29338434756669734549 0.12304889653147094153 2.1147665502947226024 2.252949805995904331 3.3813590552671599632 3.4646998152894608047 3.5578535895410485779 2.76427e-09 5.07431e-06
23753593.429158110172 6243 1.3301117841771159522 0.02708910849006085364 0.12034514119689891654 0.08477351885235322182 3.9472194745608302213 3.8818654414561120092 3.9003242070966361865 3.918961553706123091 6.87089e-08 1.48088e-05
23753593.429158110172 753 1.4957553346599128385 0.14159412602047055652 0.19768787416814220803 4.6677493363074455957 2.8222522566401178068 6.077993520006524264 6.1051000046865233628 6.1301827645790858412 1.27811e-08 8.45356e-06
23753593.429158110172 6135 1.8417560037289042452 0.41444728655223983527 0.10081526322201565804 3.1140646593167664591 5.6372027869580190185 0.40110339400439615209 0.26011500459326636348 0.15352260676523962757 2.38172e-09 4.82852e-06
23753593.429158110172 6402 2.955337828568247005 0.14524967476389502585 0.21473146473611104401 3.5101290551613320012 6.1213236053679604964 0.61200068973765653357 0.5328810062263086289 0.45909170332067789078 2.16272e-09 4.67574e-06
23753593.429158110172 5191 1.4414465086562093799 0.17175582823153881518 0.26077021641496228588 0.47775363314411561921 1.5505275697634606225 2.5571706487598628854 2.4543662302880715487 2.3454050840086204666 2.79475e-09 5.09289e-06
23753593.429158110172 6242 1.8606315777403927836 0.30468627568867479027 0.33362637957018637103 0.29015355515217206017 5.6048463111849926577 1.1758526550393930687 0.90574452705778385475 0.66599152168179509559 2.33848e-09 4.79912e-06
23753593.429158110172 5118 1.815655759577639472 0.49904647792054329658 0.23700063704018523025 0.55449202003802311456 4.7212976031411972855 1.3333435786775935661 0.85378674883428140596 0.47761838762885044929 3.95744e-09 5.71902e-06
23753593.429158110172 6395 1.8445528606373873259 0.10216133228270980748 0.085088696629118013015 4.6798991725592307134 0.91512102766955438771 3.7739014068543750291 3.8370257723429399555 3.9024823807140913701 2.27089e-09 4.75243e-06
23753593.429158110172 6129 1.9035048579111559786 0.50263403968572251124 0.36039210916068314949 5.5393506399614533819 1.2602557671057976751 2.2814162844049192813 1.7953587643016222231 1.3053450426790043082 7.14833e-09 6.96495e-06
23753593.429158110172 5885 3.4752108193317883256 0.089692109308268944123 0.28214250164923027064 5.1820512169616073095 2.232115059017393488 1.0055008781941237039 0.93142693456848868472 0.85945151078579118398 2.25928e-09 4.74432e-06
23753593.429158110172 5080 3.2415816068172551567 0.088253361139553648806 0.2123067234466016473 2.4154905094324190529 1.5685353843657976469 5.9372062257357196557 5.9659935984098968476 5.9935197859366544648 2.57476e-09 4.95559e-06
23753593.429158110172 5548 3.208535433274506854 0.15720984124842210528 0.29575280548127447222 2.1357114814091553434 4.6877423542197540485 3.4850373061305082167 3.5425768774650201465 3.6039397590356894163 2.11518e-09 4.64123e-06
23753593.429158110172 5240 2.0001838858088043516 0.082789039278023737745 0.08814615348208452994 0.26561453013825681024 6.0802509887514766262 1.8035094331463639161 1.722079421233982055 1.6402359552436100998 1.54708e-09 4.18172e-06
23753593.429158110172 5494 1.0696350437742356831 0.12624125096991184458 0.37475365268499227778 2.2850579218527058423 4.6628814594142466987 1.3038578450553122146 1.1837533842167171638 1.0668502928319045786 2.97785e-09 5.20177e-06
23753593.429158110172 4963 1.9095253305097543706 0.15497539428609369283 0.22596348793375453656 5.6501697520303837408 3.1724591613893120545 1.8203749239082029909 1.6666257414789111824 1.5123613937632480742 2.1769e-09 4.68593e-06
23753593.429158110172 5818 1.7732019259939579836 0.32736638199021511619 0.077351083930283157097 3.2944823921409351897 0.82930841411302080868 1.9553556278931807366 1.6252976746000036279 1.2984173763152933034 4.47796e-09 5.95951e-06
23753593.429158110172 5310 3.478942549445283916 0.021925031233225845961 0.33011794027760016368 2.1215458087650715946 2.8140071289968902057 3.2884727008591152497 3.2917170542412654832 3.2949961867992416664 2.51895e-09 4.91953e-06
23753593.429158110172 6997 2.8494583526736110279 0.24228818742680396925 0.15423213434122193255 2.3492086321328988774 4.717042772682428442 1.5785117066121072682 1.3335652084496880665 1.098062926579339571 2.77488e-09 5.0808e-06
23753593.429158110172 6793 1.2395721137857300675 0.1494641531181172267 0.28473287020096477162 0.59565416927765968413 0.06953426404070259248 1.256189655357984547 1.1167336092306650031 0.98241428002590491797 2.0508e-09 4.59365e-06
23753593.429158110172 6702 1.7020576205409609916 0.50070007479583700238 0.12031686397470302274 4.8843672322258528951 3.3694453714163716818 2.8173578504942025091 2.5890042659773211398 2.3261907324985369172 3.70623e-09 5.59535e-06
23753593.429158110172 6411 1.5499008827503910624 0.28969132401113611985 0.17131011939301571401 4.4970155053530191935 0.32632086659220121971 3.7034197904463126427 3.8832280544514254927 4.0789130088925116269 1.36815e-08 8.64758e-06
23753593.429158110172 5401 2.0215963646615828786 0.24559029619551903112 0.046325314508304217542 2.8823004750166685284 5.2108963268204666619 3.3618225752714501198 3.4238362411693481491 3.4922358802472563966 1.17442e-08 8.21848e-06
23753593.429158110172 5016 1.6396405335002410819 0.36508978835264055407 0.21480065660176375641 2.2090432835090489938 5.0274257513145172993 2.8808089874528883811 2.7616593792608306046 2.6262627269588416645 2.58541e-09 4.96242e-06
23753593.429158110172 5740 1.2994254989957445545 0.3178454888613292395 0.18023784172356707711 4.6603541999378137461 1.9588548592281915806 3.9579173692767968262 4.2240041879300758154 4.5046909537274091306 3.09097e-09 5.26682e-06
23753593.429158110172 5902 1.0634798068404920368 0.072148727893244099518 0.050939889356091228034 5.1223435752513530872 3.0176230555317502535 0.99558431489961685124 0.93615269545737844759 0.87805254887189176927 9.06561e-09 7.53904e-06
23753593.429158110172 6272 1.8300618294568864464 0.48202294180664589929 0.1947394252262465153 6.0657011994676057753 1.9813573735630649608 2.0033663921893887228 1.491989634455890279 1.0114627186301556883 2.92426e-09 5.17038e-06
23753593.429158110172 5691 1.9478035386032905851 0.14002591981658776832 0.10558366262059275253 0.74668403813065087338 4.9067306567077784152 2.0473303436748802042 1.9182978638406462668 1.7866417836929215923 4.69105e-09 6.05257e-06
23753593.429158110172 6501 3.0381096199727464224 0.33375166274157574975 0.36273440684401292433 2.7485608064857243171 4.4156206329947069733 0.25557136203825608911 0.18112406041644832366 0.12100358455096441035 2.93548e-09 5.17698e-06
23753593.429158110172 6225 1.7568980005737655503 0.16580365411321490443 0.23528935977616230457 1.5751462810216974031 3.1765207096991407987 3.6257816119435828384 3.7096505195330098381 3.7988522135251101552 2.38341e-09 4.82966e-06
23753593.429158110172 6692 1.6219093346618209672 0.21249279563008968696 0.05745944580982022265 3.2814294059898503342 3.6217117157602727318 2.8273124280555825827 2.7533344147000420321 2.6728895575277848984 8.86651e-09 7.48344e-06
23753593.429158110172 6140 1.9782123844431931392 0.31695414314720338211 0.2119884294459452867 1.14074165402996619 2.6368950138092244195 3.0266948092108760804 2.9822141489293669814 2.9319120624865546709 1.67728e-09 4.29587e-06
23753593.429158110172 6655 1.7250197643072475717 0.27384899608788715319 0.1514607703252239812 1.6860006005728418454 4.8299552672960164301 1.6247958000788811361 1.3457265342956257204 1.0787844114765150483 4.63012e-09 6.02626e-06
23753593.429158110172 6121 1.9059533712964074059 0.50750200653326926759 0.26747720138652186783 0.29394847776699528641 5.0430665287354186077 2.8324215400326475667 2.6092686920279093421 2.3516925929892700253 1.90564e-09 4.4826e-06
23753593.429158110172 5251 1.7381800724177607353 0.53795906385648328829 0.11064008284256819648 0.042120363948498419637 5.1039634736248835623 2.9641566969752273231 2.8198227419546975092 2.6496952699942877274 2.36533e-09 4.81741e-06
23753593.429158110172 6255 3.2422285014262457459 0.14745060347573141213 0.16656208541396375078 2.2819303059280473533 5.2731054008491300422 4.5325923056357746432 4.6801546479795739231 4.8275286536521715419 2.45838e-09 4.87977e-06
23753593.429158110172 2182 1.541085704376385479 0.13114770901929725944 0.21159073456095722765 3.6115356578623791783 2.2854020838275141969 5.0639121383582743618 5.1846850236013963809 5.3014754804592980619 1.98345e-09 4.5428e-06
23753593.429158110172 5176 3.1189862130736747403 0.17097977097964472959 0.12804157288103693024 5.0015862837142703867 1.8818186678313362226 2.2839443344411760606 2.1461124480845059637 2.0026569420361068907 2.68297e-09 5.02406e-06
23753593.429158110172 5288 3.1373401462525296601 0.27341831639688257694 0.21782368478978339499 3.1901798474344551515 3.8587378054957395257 0.95883241833768362294 0.74837887467864960822 0.56233091497119480628 2.94866e-09 5.18471e-06
23753593.429158110172 4971 1.5500075304096763151 0.06634762753941918223 0.18080867175223933052 5.9505002757478999698 2.1618870765404358814 2.1504969617116929115 2.0939130098762919197 2.0364382927766544462 1.60974e-08 9.12926e-06
23753593.429158110172 5853 3.121853826301977719 0.099662377043758826334 0.19628332665153971903 0.4075837139628561423 4.0698650611420461587 5.1992651660387769752 5.2854962918937333782 5.3692346251517193423 2.34516e-09 4.80368e-06
23753593.429158110172 6126 3.0434889150785320311 0.22963015363894026533 0.19503544809357237222 1.8156600434142109446 0.47175536333449641369 1.0928585837233826261 0.89732312507852396433 0.71783038865474690926 3.04059e-09 5.23805e-06
23753593.429158110172 6186 3.2425023323844803791 0.021041213293933675593 0.20161377800328023069 3.4066772214239464667 3.7472702837658906638 4.4820609216445088663 4.5025973473175247008 4.5231772179048492788 3.14704e-09 5.29848e-06
23753593.429158110172 5890 2.0871799410985754086 0.28444790580555484594 0.55607350573923775006 0.91393077204309802752 3.8148662150310772567 2.2972609304427948906 2.0581108501382678888 1.806774520851927246 4.73576e-09 6.07174e-06
23753593.429158110172 5367 1.2016959810151264243 0.28720464583095667299 0.26566545750702552642 3.8149530983348807212 4.5322161821777182666 4.2996270086352259554 4.5832584324513305774 4.8680718783403413852 2.85701e-09 5.13044e-06
23753593.429158110172 5160 3.0263916579092353665 0.043184489706963119504 0.18850378114605087498 1.1820714123942517304 2.2845806020281380633 3.5795668075660387331 3.5982552171312227607 3.6172976390494557819 2.48083e-09 4.89458e-06
23753593.429158110172 6162 2.0898033340669326385 0.19916522250177243203 0.21744067076248640991 5.6126549068925930541 3.6621540957800760019 6.1469336878946378988 6.1717823442033283854 6.1939240749443493783 1.62993e-09 4.25507e-06
23753593.429158110172 6691 1.5078628378325873438 0.5003913882157356996 0.37943357243610659202 1.2575924105244040696 6.2613452806952398788 2.6117085239232920024 2.2625662006138842486 1.8772056768460276821 1.99622e-09 4.55253e-06
23753593.429158110172 5888 1.5167531038477042316 0.14639640850059079669 0.30808574725579174203 6.0510938376081258028 0.36368899754351918796 0.7722220987570146411 0.67474427875171361091 0.58329078596229733122 2.79797e-09 5.09485e-06
23753593.429158110172 5767 1.8565283023561554021 0.30984202198322713384 0.14135601879817272231 0.36708111772170998188 2.1290083082589763563 3.3235297181741585426 3.3916191056154452177 3.4682831897276069633 4.97944e-09 6.17415e-06
23753593.429158110172 5626 1.8074920511050118765 0.26300556251235973626 0.1090379687563432648 5.4704994765024226311 1.2183043626358178724 2.2016007779879385176 1.9679413599951203206 1.7254057794143102811 7.93289e-09 7.21097e-06
23753593.429158110172 5231 3.1554147956332165847 0.1085400252879939742 0.23543498453807562565 3.2501120501439002553 4.276439079914172936 3.1800210037858218648 3.1844439032525664324 3.1890935556981152565 1.89135e-09 4.47137e-06
23753593.429158110172 6089 2.0112605001380763348 0.17664703699847342233 0.12446482320287462209 1.5882234937073358427 2.5020343205977102485 6.1351203609773525827 6.1592599109796948298 6.1810949760460758284 2.91473e-09 5.16475e-06
23753593.429158110172 6474 1.3096862072098180985 0.28348560188422938788 0.25581930387814277861 4.4562007241095749066 4.920841918927272296 4.682382695392462324 4.9709174598324761263 5.2449820501991677446 2.46607e-09 4.88486e-06
23753593.429158110172 6268 2.0529762990769770958 0.50845896136594759263 0.48253208073719094928 1.7805126234968919885 2.0192136572633607727 4.4145527904973693722 4.9678728759556838313 5.4598278299092264376 2.30383e-09 4.7753e-06
23753593.429158110172 5364 2.6695193041222067265 0.3077967313586282283 0.15186145419037852533 4.2989145122709233604 1.9528218535070629436 2.8479353605491617429 2.7404922882685691654 2.6203187149142381784 2.91675e-09 5.16594e-06
23753593.429158110172 6586 1.9746358569724413723 0.26176799980347614794 0.17873162569888298434 1.8856247403359274184 2.3708571235385083043 0.33648644973806218772 0.25838867299144013812 0.19150091566757243555 2.89513e-09 5.15315e-06
23753593.429158110172 6153 2.7301600695637522342 0.34613085518078734459 0.49470620117148950134 2.1215651178926271392 4.328726391099009696 3.2119438382586555925 3.2424900939660195043 3.2773545858284016674 2.21408e-09 4.71246e-06
23753593.429158110172 5236 2.5448926411819612348 0.65136852914662368708 0.39468681749076872656 6.1546984075431270256 3.1367649600154665634 5.0880564520907771708 5.677045353522004234 6.048129562153576444 5.32813e-09 6.31502e-06
23753593.429158110172 6100 1.6519108106464386321 0.28068051614750305633 0.15474522960325035048 1.4419308304653521979 2.7568513082181160812 3.4686089921327800667 3.5749550940966901003 3.6928197990322986222 4.52552e-09 5.98053e-06
23753593.429158110172 6253 1.9862259226732839057 0.32146493351484772827 0.074565336837330936648 1.9385056487137044545 0.21593806632032938597 2.0501239861437481338 1.7355779488156672929 1.4184675147022602903 1.17298e-08 8.21512e-06
23753593.429158110172 6895 1.5277529426903058152 0.32853549641056212227 0.045575096234252279737 0.77272708258949829307 4.3823600592574871726 3.0622483989794910819 3.0300431101850691107 2.9934710819437899687 2.5437e-09 4.93558e-06
23753593.429158110172 4732 1.4081524205538176187 0.18147252865717342085 0.14522998538676643032 3.4996628763857322575 5.5063158031268102377 5.0549305501252543849 5.2217641272147510279 5.380198605183242222 1.92787e-09 4.49996e-06
23753593.429158110172 4786 1.3852335779934172866 0.25830785754484519856 0.10233372283225324051 6.2352359820683380676 0.21718945331131850329 3.447266210126803454 3.5376073711518749576 3.6372482249399293863 8.41208e-09 7.35334e-06
23753593.429158110172 6029 1.8925593042436301694 0.23298526615122683303 0.14724888036956673698 0.54619282526990398097 2.659427928002563668 4.9961681532666668559 5.2148201804684806149 5.4190118203934609653 1.2969e-08 8.49478e-06
23753593.429158110172 5692 1.4709839235791719592 0.28873625406026193208 0.10799907117626679487 5.2681516204695117978 2.9580684366378773298 4.4562760601135851246 4.7506070698442313116 5.039132482255012313 2.38697e-09 4.83206e-06
23753593.429158110172 5921 1.749541640153412736 0.17425979594126672634 0.056287575219628419032 0.97926109922368331784 1.1270226692054827744 4.2351883500475722144 4.3973721591149068644 4.5630568339066748251 2.32801e-09 4.79194e-06
23753593.429158110172 1123 0.73954905957447769627 0.12145987645101799512 0.051080858339754030284 0.1879199050418881578 1.3018865147482598932 3.7643206393412840249 3.8390949393620443786 3.9171092644780949321 2.24683e-06 4.73559e-05
23753593.429158110172 5717 3.1762192069582892984 0.073817352850470599468 0.21463775967958573232 1.7442050487788089974 3.1611687498548528552 6.104430263673820356 6.1171118488410058944 6.1293146777589484486 2.31886e-09 4.78566e-06
23753593.429158110172 2895 1.5057392473949104961 0.08167049175569945918 0.093178582252883931925 0.81641497690276898513 5.4766483195463724343 5.1076656955360917323 5.1819597885200412435 5.2547904770545637021 8.56806e-08 1.59396e-05
23753593.429158110172 5459 2.9734805839723335019 0.22238228629969908345 0.23271837096214076368 4.8300005367729275108 3.0298143495910356826 2.5113827361417602191 2.3656451729680689766 2.2098902516503229343 2.51526e-09 4.91712e-06
23753593.429158110172 6313 3.2422473421894100198 0.058513400024276851497 0.34391899166285977429 0.19381496293840319578 1.3848085231734488243 1.5920281816659698215 1.5334581385507419782 1.4749855217325804624 2.33149e-09 4.79433e-06
23753593.429158110172 6204 1.6071352892727470696 0.13126462554992693321 0.30453250975982198989 0.76217963043498759834 1.6442415980246218865 4.5316850984833321192 4.6627403864024490332 4.7938432626545877113 2.26769e-09 4.75019e-06
23753593.429158110172 5181 1.4367663440092766081 0.25341471937189197217 0.16418680968087279171 6.2261596246847288327 4.9533109996314985679 3.1242151858153888178 3.119076886037325913 3.1133715412134890244 5.47157e-09 6.37119e-06
23753593.429158110172 1147 1.1151446628792045512 0.069918823179745251406 0.14265114709513795899 1.1047182191158904097 1.5637708686285458626 3.1204744033651761193 3.1189425344223482561 3.1173590001529269955 7.2768e-09 7.00643e-06
23753593.429158110172 5623 1.4479077427686346535 0.14640795602702136313 0.18889363454132301889 1.0721319769964805513 5.7690647274194004623 4.4383298605945391557 4.5826663964197935641 4.727844206175850772 2.3084e-09 4.77845e-06
23753593.429158110172 3539 1.461074155295261523 0.42656311116047324061 0.22464290533245634407 4.6444117762666667915 5.0287317291359734384 5.3595327129580985215 5.671838048029883339 5.9166729965605755481 4.11193e-09 5.79249e-06
23753593.429158110172 6332 1.9453079103417376672 0.20106280864803924291 0.14279357242974907716 2.840827888370167198 2.8768882226000349611 3.5232198980089854956 3.6066994216951551167 3.696879756854292598 2.19525e-09 4.69907e-06
23753593.429158110172 5713 3.0832280629369352987 0.10578080085943669664 0.21639972012167302262 4.234510833241339256 6.2048562266489435402 2.3823834582633982571 2.3064793735194961677 2.2280563927119003687 1.49134e-09 4.13088e-06
23753593.429158110172 6609 2.6391915747680791959 0.296378137157890853 0.1332079991524259821 5.7014798599097353815 1.0146393218873044351 0.35876850509029334368 0.26561214140626832059 0.18781288273708279801 2.84425e-09 5.12279e-06
23753593.429158110172 6404 3.0918139423309849434 0.19296064244355667916 0.27187311646697159828 5.9946909657993341369 0.60825568946763375333 2.3453552565806541352 2.1962323997318868862 2.0397976830307897878 2.07676e-09 4.61295e-06
23753593.429158110172 6730 2.0046520968060836942 0.22191701774856262275 0.13146641993455993047 1.0412220857775309479 4.4155175382056031097 3.6281105327343801115 3.7446321111314881946 3.8704920002088547548 2.57888e-09 4.95824e-06
23753593.429158110172 5328 1.9914845539121583951 0.43311103923476046429 0.29644504375653923933 4.5932944201971039888 5.9662485853376132638 3.1111007908389800569 3.0931170225999622403 3.0721299134934829667 2.1043e-09 4.63325e-06
23753593.429158110172 2850 1.7336206477873781218 0.24436552870092706491 0.43842573834138443001 0.61838150421882409624 0.10289866605291157764 4.5505341583265543903 4.7991255024074099822 5.0425723989120321278 2.86233e-09 5.13362e-06
23753593.429158110172 6171 1.6820194917696948966 0.19348287189002486008 0.30444585399737827958 0.41256151598438001171 6.1889652053521988506 1.00469321871669659 0.84836141887427152231 0.70321096286998674429 2.39216e-09 4.83556e-06
23753593.429158110172 519 1.7974203977901299645 0.25402955226018769652 0.12515667391679122233 0.88781188419787149257 0.25107521370960256268 3.2864522858961926488 3.3291890769408905015 3.3765650878124344736 3.92741e-08 1.229e-05
23753593.429158110172 5290 3.1807273815347505419 0.063202593665134379486 0.12585822519752795645 4.9331334167071716479 2.3944022880730990721 3.3740035220344526401 3.3890376917030544668 3.4045177525557326348 2.68653e-09 5.02629e-06
23753593.429158110172 5209 1.922463331594548519 0.2881019123270667226 0.25272561935039050685 0.77847153756707443417 0.15150324696155378912 2.7389647960012752925 2.6057656820956767163 2.4586745931224744943 4.75685e-09 6.08074e-06
23753593.429158110172 6809 1.8506678739942490353 0.14823458066620048834 0.34975132388912505421 5.9123013175308543055 0.4266064726417763131 3.9164747921475773218 4.0265150138158265491 4.1412286885934603831 1.72631e-09 4.33733e-06
