21683778.234086241573 0 5.3996704016647889546 0.045917707991945173884 0.016215276707287517438 0.044055680746984737794 2.9996525034915921815 2.8070006332042902741 2.7915797539782674086 2.7758341161759552129 0.000954961 0.000356051
21683778.234086241573 1 8.982061901592908626 0.06491206264846623164 0.060803374713258327711 0.97277902724844644844 0.84297657760879896038 0.96105340122412608039 0.90876758084769060364 0.85756840250868526798 0.000285285 0.000238018
21683778.234086241573 6992 1.8326123265316920374 0.14841667491861884609 0.17363800315789812423 4.5426167451872485614 3.5744705714527578166 1.5171151310009156621 1.3689529408975655844 1.2235493191077353448 1.98059e-09 4.54062e-06
21683778.234086241573 6819 1.7413267438842687795 0.32804093690926050542 0.1126173539836484716 5.8290527241231799849 5.7941298512928325337 3.3425972835309361031 3.4232503487386920504 3.5144288039490665376 2.46721e-09 4.88561e-06
21683778.234086241573 6751 1.4524508943069718292 0.37496152347917749426 0.042792254299020157648 1.5226321584045585666 1.4803987449296585055 2.8137778350131648075 2.6604849846278861847 2.4869672692759294819 2.66624e-09 5.0136e-06
21683778.234086241573 4781 1.5769760892020896481 0.36136157622435433057 0.25074711718349101952 1.8445815816566897283 1.2219095207215611154 2.3382710878576662417 2.0313883022361198805 1.7076843842066615764 2.90062e-09 5.1564e-06
21683778.234086241573 6207 2.9014219595428132337 0.041437393284358706169 0.16979442144212900101 0.56749389594553323324 3.513055689730165021 4.6556836501053258104 4.6971149648465875259 4.7385475246451749243 2.10618e-09 4.63463e-06
21683778.234086241573 5588 2.7795140806429134983 0.27386055562556954612 0.12197263562542082216 2.6630519645132384454 0.89335119653141570328 4.0035712562852641128 4.2356563631672807801 4.478981191539681106 2.40685e-09 4.84544e-06
21683778.234086241573 6582 1.6239623798384288378 0.21322105983705411103 0.091730967074686781126 2.1983642301481021164 4.4940938643684038567 6.2798018423025876444 6.2804606101943534213 6.2810415722544377104 1.86721e-09 4.45227e-06
21683778.234086241573 5771 3.1451446027453404675 0.1672400665599018954 0.28861946076356004287 3.1561672725145064611 1.4130633564581784878 5.0589214004094626986 5.212627298394249209 5.3593751521513581793 2.44735e-09 4.87246e-06
21683778.234086241573 793 1.1241284878443484896 0.14335964493765027128 0.095532791692331184286 1.4864256236551827151 4.9960317459946601559 4.2416514688825071033 4.3742259645911811816 4.5094665342445345857 1.51413e-08 8.94482e-06
21683778.234086241573 6443 3.2122720624522149713 0.19480543331317362599 0.26073317402953000155 2.0655959513962258711 0.38291018199958853918 3.1891722829348152501 3.199546143834767431 3.2108294800894614518 1.88164e-09 4.46371e-06
21683778.234086241573 5990 3.1145494384452794279 0.090934889575137109463 0.21110281495928329143 4.521835149774742213 3.8488195816487933421 0.6320692687871770632 0.58015252747395207322 0.5303064300823155941 2.30118e-09 4.77347e-06
21683778.234086241573 6883 2.1275480277597864642 0.19138978323009439575 0.0958725579348890522 0.4466031023855207005 0.75511836856042102717 2.9295261342066165611 2.8846344710294795632 2.8359947126301796594 1.23696e-08 8.36184e-06
21683778.234086241573 6035 1.4291673384082843601 0.060971587444057208371 0.14918955302404712793 5.5690739737819798805 1.5697407774546219272 1.1107831568151811386 1.0568428923249102436 1.0037483635472335131 1.02512e-08 7.85432e-06
21683778.234086241573 6367 2.1821423103050787695 0.2691478508500701472 0.90930007464675444151 1.3875269190598535918 2.9108021028492228055 2.7351946166510239244 2.611340462601072776 2.4752186901457542412 1.45694e-09 4.09887e-06
21683778.234086241573 6627 1.0999230365825438671 0.091341728802336236148 0.10320370603955288102 1.6494628830355033688 1.0323193961003378494 0.68511535743418472411 0.62919360261217893715 0.57543963687053689693 8.59264e-09 7.40558e-06
21683778.234086241573 2413 1.7354053454146265434 0.16423056047542677893 0.066846623361428589294 5.8862333775567350358 0.34883224534473783462 0.73688845722290341467 0.63227957150799407593 0.53522174381842335666 5.65036e-08 1.38742e-05
21683778.234086241573 5694 3.1378933226905165732 0.15266527811710794982 0.31172046003281778104 6.2608252046503922728 4.6746916202776098714 1.6044657047708956732 1.4508922294796700037 1.299323070959353732 1.21025e-09 3.85309e-06
21683778.234086241573 5560 1.6844973833212388836 0.15382573874816860005 0.20852748419097733024 0.14268458224722627148 4.4026262062184944313 2.3380343145017050688 2.2204563422525729344 2.0979665206487498885 4.37033e-09 5.91137e-06
21683778.234086241573 6484 3.1801984322814460526 0.11478171641030643357 0.23356820166485087187 2.0071193354299872169 2.265381331088640593 1.7425407895119076063 1.6280702153696180456 1.5134767066380829803 1.88476e-09 4.46618e-06
21683778.234086241573 923 1.9863043296036440033 0.29550524519696469428 0.24491238805662834954 0.32728928859764466752 6.2432378322600703413 2.5030601822823896896 2.2987444480424548132 2.0781376170392800162 2.53731e-09 4.93145e-06
21683778.234086241573 6888 1.8252569781386280834 0.29453503966549327009 0.059063879435457641853 2.0542455596298201392 5.2848868347557891312 2.3210171243822328435 2.0766732049046470188 1.8190287090412573523 2.28028e-09 4.75897e-06
21683778.234086241573 5448 1.8812168465647176596 0.18633884948629891865 0.15025137813949046572 2.06297904712697866 5.0183368589036794205 3.5891989218687392338 3.6780342972446420369 3.7732684887405807395 2.56033e-09 4.94632e-06
21683778.234086241573 6528 1.7449574884555962839 0.26351689318665655337 0.12322129625260480612 5.0738348138149094169 4.8800512788043075574 2.9238898540454605346 2.8572427714678898525 2.7833174554488651076 2.31313e-09 4.78172e-06
21683778.234086241573 6764 3.287445755252918822 0.037950602003718733601 0.27681475400595734193 0.41640782802016557129 3.6230265267252499406 2.9279883678259102098 2.9197884936775073683 2.9114397429432963271 2.4069e-09 4.84547e-06
21683778.234086241573 5259 0.89353993605664860933 0.13272170801798574558 0.14268194355688224029 6.1781715044210683274 2.6462919212823492465 4.0651908984300373362 4.1758837315291721382 4.2899580684158964416 2.21606e-09 4.71387e-06
21683778.234086241573 6618 1.9733938972645936882 0.41215597760061095656 0.46929776105722226243 1.1919591720906332899 2.9579961598259192357 4.7164274423085394972 5.1408845283836210882 5.5157782600920173266 1.98254e-09 4.54211e-06
21683778.234086241573 2658 1.9633962751683922132 0.50985582825644115701 0.15276184627711891784 3.6724676363068020635 0.48572274250647623495 3.7963672355084723264 4.2166154063241707561 4.6650850896699465054 2.46497e-09 4.88413e-06
21683778.234086241573 6498 3.2136589872292105063 0.098397882821124077468 0.12524558681628605861 3.0826397082623531176 0.090112872571179336578 6.1512272538919789966 6.1636004009535172443 6.175339277062996679 2.50157e-09 4.90818e-06
21683778.234086241573 5668 1.4896816360141502678 0.19081372430236753779 0.027291004052551633835 1.7708068487867369978 2.9375930433289498822 1.0636092156743395254 0.90313653838784002659 0.75329571906464232178 5.17696e-09 6.25473e-06
21683778.234086241573 6300 3.2528816673656280045 0.096242589579760964846 0.22309236104046700766 3.477556402993278617 0.59320308139105948353 4.3544832368517560894 4.4463252029916988661 4.5391813374594862651 3.26125e-09 5.36181e-06
21683778.234086241573 5204 1.7445908102307170484 0.51081618248860138909 0.28657252201941518788 4.9459770133384530766 5.5972878560795811254 3.2502053193476956316 3.3320779706870835568 3.4287935856132314427 5.21728e-09 6.27092e-06
21683778.234086241573 4755 1.6679930906671327495 0.057448267059348093189 0.067565493364274462063 0.23843370971641611455 1.8146093056441523483 0.36544443838679652181 0.34543542271236354901 0.32598307119665431708 2.39615e-07 2.24572e-05
21683778.234086241573 3800 1.3038300345427407123 0.20858945257370270498 0.028285784846908450935 1.5637351421347185365 2.0958449391661191363 3.2583978425264681356 3.2858509219291298642 3.3158374166845581144 1.79108e-08 9.45995e-06
21683778.234086241573 5861 1.3349887195847467414 0.16344846311734639865 0.15163972631702299365 0.47885543987482742656 5.9877053523423775516 2.2165669650837087623 2.0785207362829862809 1.9356907838004211442 1.95257e-09 4.51911e-06
21683778.234086241573 6719 1.5022577095614408904 0.20490350843238847034 0.13325333776713052525 2.3015114886657102033 2.7233395619605667015 1.3903575940837997749 1.1909991958967451886 1.0006971391846617436 2.09817e-09 4.62875e-06
21683778.234086241573 6923 2.3925423058703696455 0.20584755270491444934 0.29873143085593756307 2.9086215060945845856 6.1172741103246330852 3.8489542416940256686 3.9955156619354381675 4.1506966672277263442 1.67707e-09 4.2957e-06
21683778.234086241573 5480 1.5783284922739400091 0.34894595836081060414 0.070365153695393381494 2.1337208038602697435 0.11659588318773454751 5.7568598433411279913 5.9131351452687210823 6.0393357078427518658 1.6026e-09 4.23115e-06
21683778.234086241573 5093 2.09035832541915223 0.11287323356759683401 0.20458875403340331944 5.9157435822857999952 2.4636973640815464925 0.052366643900450919602 0.046756809071926537513 0.041481139608466624513 2.98948e-09 5.20853e-06
21683778.234086241573 6676 2.0123118040807490559 0.1654217189716312153 0.16752257582578999884 3.8990680917239255443 6.1868933071943823521 4.0520269241137256699 4.1904392444982381249 4.3338348541105338185 2.23147e-09 4.72477e-06
21683778.234086241573 6526 1.4559263381898832623 0.28626488419712853295 0.10969202969066772779 0.21761715082707555613 2.6225094487044606772 1.0212055180070012117 0.7905950676484674311 0.58712600847348950239 1.74858e-09 4.35591e-06
21683778.234086241573 6951 2.9893461017283606829 0.072768659522736978129 0.05026981078351139276 3.5565053863412576796 0.24912113856033366033 0.040065551558844399171 0.037249463280619884986 0.034539496561182575496 2.54062e-09 4.9336e-06
21683778.234086241573 6202 2.1010150942704202137 0.36071294378661911129 0.33135668218947783581 0.58081346531174349312 4.0710672102503817626 1.1905862061582748179 0.86921336180744079858 0.59369307610093846606 4.75227e-09 6.07879e-06
21683778.234086241573 6083 1.8999704972118758306 0.12022000665709398071 0.13850394576499100441 4.2611414730422954023 0.6162816727525560756 0.9776995452618737481 0.88098772419836079983 0.78825387824810910775 4.91269e-09 6.14644e-06
21683778.234086241573 5773 1.9964155777750920429 0.23590242846465006576 0.23289477420116277973 0.69958679381840194189 1.9378209175522731478 3.6969302512091277713 3.8371315986586425062 3.988297706210490734 2.82024e-09 5.10833e-06
21683778.234086241573 5027 1.5227112049581894571 0.13941793784258038613 0.2073819949960944431 1.1197527377962932515 3.953574777820438424 3.4466253348325546213 3.4917064744953707489 3.5395274859930170308 1.92434e-09 4.49722e-06
21683778.234086241573 5146 2.7820104541332550951 0.068994815124280392538 0.076723744397126689143 0.96191729733273179104 2.3800517603312028037 5.794070746907143743 5.82556339028746617 5.8560464012041304471 2.55901e-09 4.94547e-06
21683778.234086241573 5492 1.9278747350685980777 0.17980352246524808346 0.17436704973061797896 1.8551451353807042466 2.1682598308795117958 2.2003654799562659683 2.0458868351065246927 1.885996314505628435 4.51271e-09 5.97488e-06
21683778.234086241573 5047 1.5361099487198262015 0.22070986805406780928 0.21080031305513696749 6.1128877061569877327 5.6795874422085717015 4.0082135352687950913 4.1912939815432581625 4.3827100388547490795 2.89941e-09 5.15569e-06
21683778.234086241573 6657 2.2719604315615744561 0.084676838577344273884 0.089939194103562852822 0.80792526747317250368 3.1864966609821108179 5.5297084553908844029 5.5859904362311469939 5.6403588664074177927 9.52311e-09 7.66378e-06
21683778.234086241573 6413 2.7283796458310138888 0.19576291252656602415 0.10304543391866163859 0.90810442897522525296 3.346636059671531882 5.6249955873795229877 5.7370246457735873946 5.8387059099585254529 2.71272e-09 5.04257e-06
21683778.234086241573 5928 1.896825606219237903 0.27065413506614693917 0.15006844384949921678 0.51350725582735978758 2.7196539973171209859 4.1269005460642755878 4.374454478141886149 4.629800813420867911 1.85148e-09 4.43973e-06
21683778.234086241573 5018 1.5503127771235976073 0.15026287001416749334 0.18846377726564039756 5.7141785500936261855 3.1938266422851806503 1.4475724484732399588 1.2992501019458984057 1.1544932665454761267 1.65949e-09 4.28064e-06
21683778.234086241573 6615 1.5097096513226819781 0.35648691748748134733 0.23094770631572356101 5.3900329918997691436 4.1983515558850870164 1.9614101781497248478 1.5988807235276172314 1.2425343833584563402 4.67657e-09 6.04634e-06
21683778.234086241573 5423 2.2222281341724068326 0.39000215351487294013 0.41835524163525539265 0.36370970550954712097 5.5569919186471148365 1.9458100273952705361 1.5431232708246589436 1.1532704392200106014 2.52578e-09 4.92397e-06
21683778.234086241573 5021 2.7446954640164755723 0.31849814943169141301 0.20078402479128198976 0.63122928374655196126 3.3866865167183330954 4.502496004258615514 4.8306359578266135912 5.1469100246329801962 2.06176e-09 4.60182e-06
21683778.234086241573 57 1.7578007179075305633 0.020128891931735760912 0.11272239558386512592 1.3305500836763357597 5.1887118064172508269 0.52099136059175721325 0.51105818594832819191 0.50121313485285245992 2.40925e-08 1.04427e-05
21683778.234086241573 1124 1.9724870894998545179 0.039662116600201066663 0.11314093598527227846 1.8012474730992988903 4.6717991212191485317 1.4114838086073138168 1.372436406251718477 1.3335520204048809667 1.32419e-08 8.55396e-06
21683778.234086241573 5020 1.4930481491556022444 0.28022834110376798611 0.16808305346323210161 2.716604077426087116 6.06625108698465354 2.9426214734814934992 2.8769092184899367481 2.8036004362294382197 4.40916e-09 5.92883e-06
21683778.234086241573 6161 1.952520926488834796 0.25962719133264922089 0.096548137073533768504 3.6554426432299145233 5.2521495034647642797 4.3400285458827783103 4.597077948224056243 4.8549809674136605864 2.19638e-09 4.69987e-06
21683778.234086241573 61 1.8609571848065034061 0.055653255695576768491 0.030630311408890009001 1.4687635389121669327 2.7160106802742753906 2.2171712737488831202 2.1719596061356458705 2.1260635783078956074 2.32681e-07 2.22384e-05
21683778.234086241573 6451 1.4787642779709424534 0.18612298293807838512 0.062762746800915661383 0.65633192069687762427 0.45135917932092156635 5.8265913900545864834 5.902904415213640732 5.9719897876950165383 2.57122e-09 4.95332e-06
21683778.234086241573 6876 3.0569386982302044764 0.12549302245870957995 0.13316077162172357262 1.7451928324157526262 3.8083696103210731287 2.9557602666350502041 2.9309465305318074257 2.904706970509291164 5.7202e-09 6.46627e-06
21683778.234086241573 5132 1.5046034325153450073 0.10316197130047533026 0.1385051628209663932 2.8067223337615856416 0.48054207291522677004 3.1344932919373391655 3.133718905533572574 3.1329066425554605857 4.5221e-09 5.97902e-06
21683778.234086241573 5470 1.571508563597201702 0.19957268672871142368 0.13186117673490241331 3.7805732489003607277 0.60530887701222280128 6.0832225933211301339 6.1196626527224049497 6.1521520626164161172 2.3944e-09 4.83707e-06
21683778.234086241573 6270 1.7845021269909935313 0.18193834057151098138 0.1341577700842391252 2.106298819296474889 5.8012564417987562138 0.22318774932118648491 0.18591760341122945399 0.15228659196374555451 2.07589e-09 4.61231e-06
21683778.234086241573 2778 1.5417250640692270469 0.11503730843303359987 0.029142664422636629235 2.2602443935475635683 0.77007025293978603742 1.3236236812917347994 1.2133810439522894065 1.1056136073027094113 1.15158e-08 8.16485e-06
21683778.234086241573 5605 1.9767744806738321017 0.48329968788558325121 0.31260227985229066539 2.0074063068892340489 5.3952454536957556996 3.5081864672941769356 3.7502560320726723297 4.0265929661693258268 2.44051e-09 4.86793e-06
21683778.234086241573 5518 1.8966962248257424051 0.28094107894285258453 0.18477335337468350773 1.6098587104723356411 4.0036525662454423014 2.7947532038180180614 2.6822224490629080762 2.5576577570469090084 1.73658e-09 4.34592e-06
21683778.234086241573 5490 1.6021959240538830027 0.24175051595034877105 0.14146222300461824828 6.0272361060596768567 3.8484180149715112584 3.7517835218482691317 3.9078004229240419498 4.0754321058791909138 5.31486e-09 6.30978e-06
21683778.234086241573 5374 2.1211992110932844646 0.3241393340316131022 0.18893769349271977154 0.52798647577781865348 2.7300877066327760012 3.4689699837576251085 3.595980249270359419 3.7382489355969288347 1.21754e-09 3.8608e-06
21683778.234086241573 2768 1.4794202376988700998 0.013858334279481670376 0.01941569684632615464 1.5886067480746228764 2.802514166439108223 1.2142945905425119868 1.2013385114298351652 1.188415292218418573 6.26169e-07 3.09324e-05
21683778.234086241573 5194 1.8453568725842526277 0.20233358248862154394 0.10742415463082995164 0.18166552007135208791 3.4288199347418037988 0.11520789628768561552 0.093873293852686806593 0.074907457780221398114 4.75382e-09 6.07945e-06
21683778.234086241573 4105 1.842890777561609017 0.29257140325634922728 0.1290539843376319884 0.39138277242554986302 5.4574554999531361688 4.9794253524453369053 5.2552239820666422077 5.5057375615213377529 1.26705e-08 8.4291e-06
21683778.234086241573 6324 1.6313118162586182081 0.20921845909331329705 0.18757538679387850133 0.11156553212006607712 0.86598550831024589947 4.0273042868011241779 4.2024311270998140344 4.3850296926933216568 3.61321e-09 5.54815e-06
21683778.234086241573 5952 1.9069614701876198559 0.54699517798173913352 0.13527717221119428537 2.6627695931381563099 5.1419509861839012288 3.0694105702371765609 3.0083424628173269788 2.9356707524510454732 3.30338e-09 5.3848e-06
21683778.234086241573 6639 1.6299591631539143144 0.37861223257405662856 0.18499586662281825022 0.48055355844582003932 4.1018828063963752584 3.3715821525356499677 3.4823436138671013396 3.6088739173261168425 2.07227e-09 4.60963e-06
21683778.234086241573 5312 3.0020835664387046648 0.057624019595708758645 0.16074213582177543369 0.17653722940335053737 2.8228284518151882665 0.11439484228154842005 0.10799520608361312668 0.1017841778269913261 2.46345e-09 4.88312e-06
21683778.234086241573 5514 1.9850815594617829962 0.10194898007720080979 0.087712673135968935445 4.1203409654262879158 1.5575988540136338489 4.4075660891759040894 4.5065073172585456973 4.6063032497075173666 2.23079e-09 4.72428e-06
21683778.234086241573 6734 1.7696830613571810087 0.12574760601494780476 0.086748484524201904811 3.5526074832896887834 4.4048481091138462773 4.1222040968080460033 4.2308083715533673086 4.34225393814791083 1.24231e-08 8.37387e-06
21683778.234086241573 6073 3.2348212264226927637 0.083573032655436016447 0.21583111813593960915 2.8652340489550267577 0.39558829637539394408 1.5947425632826683906 1.5110120743327806192 1.4275883487620730783 2.87152e-09 5.1391e-06
21683778.234086241573 5949 1.3957509518636701529 0.17302779551855873574 0.11954590375836000871 3.472541187449525335 4.747660112555237788 1.2927592898313422509 1.1293937921143053504 0.9729501261916375654 2.21075e-09 4.7101e-06
21683778.234086241573 6028 1.8073885186564115912 0.1509068563136318486 0.071839682819075018072 2.7168430954909079666 4.2591454107220823033 3.9581378957274995223 4.0746806209575234803 4.1959285769096235086 2.1303e-09 4.65226e-06
21683778.234086241573 5806 1.0150130664451502138 0.24988394512097522604 0.28741887506539465225 1.2659905061735328147 3.5851630710258270973 4.737249558610764133 4.9889468141563426684 5.2293354204915125649 2.32886e-09 4.79253e-06
21683778.234086241573 6521 3.0175298130646770467 0.015835320459448905955 0.1739926133892882032 0.65476985458869552126 5.3286815360607056036 1.300497305015148708 1.2852684842148307531 1.2700742865996779152 2.953e-09 5.18726e-06
21683778.234086241573 2010 1.8384911848554117419 0.094773434481214988145 0.14145193492933055834 1.6989881662536387985 3.0588165800261220006 5.48876905653012237 5.5543319916699793737 5.6174524937992433848 1.54172e-08 8.99881e-06
21683778.234086241573 5455 2.0976090239680269534 0.039115128680842915776 0.1333132385443013268 1.0494655680509803464 3.0478080828974500882 1.1952830531864560015 1.1591428424260554753 1.1232953730110213364 6.22928e-09 6.65267e-06
21683778.234086241573 6780 1.9023014209347388626 0.3816055736806343579 0.1012401774521414638 1.1274176016148416135 0.7461007832155435171 4.1963416226678571519 4.5741634079313993055 4.9521292453323635385 3.2776e-09 5.37076e-06
21683778.234086241573 5170 1.4335725082222707805 0.22931922038291666088 0.11514570339144422628 4.6886983163227844429 3.8691962687839382973 1.6750499797438311855 1.442125095513040467 1.2147015947286770032 2.19546e-09 4.69921e-06
21683778.234086241573 5540 1.7747311062662149972 0.20951679256601452028 0.20396587713065456038 4.6532824465596362984 1.0049417826493651784 3.5087140434789541033 3.5930538691467832635 3.6844620264986391867 2.31531e-09 4.78321e-06
21683778.234086241573 733 2.1470145775623361573 0.098137944014265815484 0.10607986907729041737 0.86274607034669703598 2.6422976417581129915 2.2185335588839594223 2.1377284701741694484 2.054943959757227212 2.82876e-08 1.10166e-05
21683778.234086241573 5469 1.2057920826126560243 0.28416491224134865501 0.21264028107600585482 0.64932585419204846833 4.1842200481094797837 2.7706896342903948316 2.6492315481413841738 2.514904561916070147 2.51139e-09 4.9146e-06
21683778.234086241573 93 0.93283693198007944236 0.092705632186843439646 0.050617629470614669551 0.39590679203529055563 2.2562382708120689578 4.104934704599408235 4.1832575782898873129 4.2632853305637743446 9.39844e-07 3.54162e-05
21683778.234086241573 5525 1.8420109314422159486 0.41737998850341484491 0.19883273867384276823 0.65924255665738551446 3.7384905687398162222 2.5408312712514953269 2.2414665413057628385 1.9144888478464763271 2.22151e-09 4.71773e-06
21683778.234086241573 5178 1.9140391360168864665 0.13225540367792620877 0.13832051106442375121 1.1172660739442501487 4.2921637903355565058 2.1970423198291699762 2.08516900813754269 1.9700272516971772951 9.33283e-09 7.61239e-06
21683778.234086241573 6217 0.97051488655884643464 0.1183075440749680185 0.15515011708943415858 5.8840988671634404383 0.13519309258992237566 1.7688189824715498943 1.6511751037085353744 1.5332495315163769956 1.48722e-08 8.8915e-06
21683778.234086241573 5688 1.5572765327528153012 0.09880718111124238423 0.16424743828663851408 5.395147443036933943 3.8710992586492509737 3.0544664016103793003 3.0454002655515832743 3.03591041754770119 3.26046e-09 5.36138e-06
21683778.234086241573 6053 1.3703915613351689284 0.20494563708850568884 0.091604298073011292125 6.0027519438797911633 3.2864740564307863835 1.439425272562465663 1.2375038064488317335 1.0438362664248306277 5.31336e-09 6.30918e-06
21683778.234086241573 6403 1.9521775342018143906 0.21651900582918723326 0.065068508084597201369 4.3354691551123973881 2.882417947098762756 3.0798131536441886169 3.0646241061655832283 3.047975402422222313 2.19336e-09 4.69772e-06
21683778.234086241573 6765 0.8583120358934924754 0.33813908308628615185 0.093293421610149432355 1.3425124862617998645 5.1884032376953062027 3.2527868974932823143 3.2995330597279206586 3.3527171243701805459 2.03075e-09 4.57863e-06
21683778.234086241573 1475 0.65000877895813247154 0.085745063028894397128 0.13850930409214029515 0.50730367557520616995 5.7003420128371891096 3.1662039966507617983 3.1684128205405857059 3.170712241752626781 5.93186e-08 1.41009e-05
21683778.234086241573 6874 3.2727743445650920862 0.079857818710792005668 0.25790209394472607407 2.8089645120181883087 4.912118408135115466 4.9359274990606376576 5.0131990587495858236 5.0894710043512985109 2.61974e-09 4.98428e-06
21683778.234086241573 1959 1.4455571805612110747 0.37708012488179559751 0.12299894293120541833 1.8918232008254896037 0.78092416448433676912 2.4278068845361659989 2.1291905072753127826 1.8093862110033731572 2.04943e-08 9.89451e-06
21683778.234086241573 3953 1.5837701015113139213 0.062657580026174719556 0.26673323673273274803 4.0898216793345500975 3.6508302015260150064 3.4692190937246647486 3.4900187673904108365 3.5114112505435088885 1.87457e-09 4.45811e-06
21683778.234086241573 6642 1.6656438716615982187 0.36351826670830922339 0.1000384894581677897 4.4399926063516339525 2.6699423939660578142 0.16067282295463411468 0.10990139164844392461 0.07003060348759873599 1.26355e-09 3.90884e-06
21683778.234086241573 4189 1.1503074690914125711 0.0140534883471857934 0.044084301180310446477 1.0595573120643502207 1.2114589292721200664 3.6453894568938696175 3.6522161560641852596 3.6590843953037457403 1.28745e-06 3.93333e-05
21683778.234086241573 5324 1.7294791608559629825 0.075736583703792187405 0.30190809743551605404 1.5529426212821164643 1.4554443994754400205 0.90430774810942216035 0.84607548296975543245 0.78937267582310222114 4.64884e-09 6.03437e-06
21683778.234086241573 5380 3.3306687523210953827 0.031440561303182006092 0.20130851306604186091 1.5898758090218090278 3.06220859053394312 2.0570511039797048092 2.0290439844835046479 2.0008471751163683372 2.14422e-09 4.66237e-06
21683778.234086241573 5451 3.2531392219874599725 0.058164530137088422956 0.055315558420106547555 4.9151266678630660678 5.3315545177122940501 0.10717609988155664402 0.10112407268302270325 0.095252258068035181027 2.58702e-09 4.96345e-06
21683778.234086241573 5538 1.9679817338023699591 0.22362066512950959374 0.14680757838246000224 5.4192567995068765541 0.17187263227900140272 2.6949565087462095114 2.586107707012224477 2.4681801429265690651 2.97954e-09 5.20275e-06
21683778.234086241573 6532 1.8596960336293177907 0.11488325987206948753 0.10835814623793710298 2.7640382358101822646 2.525869369280736354 0.22599241518021601083 0.20153934223106415025 0.1785422694480651995 5.62757e-09 6.43118e-06
21683778.234086241573 5245 1.8327197169228606199 0.34767993814885223003 0.091264794296714205069 3.6315173048248774457 2.1403173790250096253 2.4052180283060833332 2.1290089556759252964 1.8341057251195262978 2.53784e-09 4.93179e-06
21683778.234086241573 3751 1.7433677733679668886 0.064310893645483743764 0.098854686436016220297 2.4821389943437139891 1.6726993125835643017 1.6217541115558553599 1.557376807055930179 1.4930717039892769105 2.30157e-08 1.02847e-05
21683778.234086241573 6233 3.0969174924277611538 0.17515074433933580655 0.21475380993740786351 1.5134338280139196797 2.477374720847727918 4.5832206301498210621 4.7598176799827358607 4.9347714620645968253 2.38928e-09 4.83362e-06
21683778.234086241573 5382 1.9341445349271344512 0.38810603781414865221 0.37996927410911568446 4.7861234547048630006 3.3717372885056544618 1.0062042228052927584 0.70063648057195770935 0.45042282433377062167 2.55203e-09 4.94097e-06
21683778.234086241573 5567 2.0248254946954071798 0.37440583653923653618 0.23132554184251943874 0.16961195591428404605 2.7607521878836869256 3.2874560752358670257 3.3573369800314356581 3.437487744187324612 1.31986e-09 3.96606e-06
21683778.234086241573 117 1.5243857130516125231 0.17360006418629125857 0.062451738581299424957 6.1731354131663911389 3.1486809159548405646 0.70298906567619967589 0.59707125554458762018 0.49946933128734927188 1.39228e-08 8.69812e-06
21683778.234086241573 5708 3.1476361748756462866 0.19919561852328049323 0.22934667591863946989 4.968278084982041598 3.8853463710828108901 2.8782000580894413488 2.8201931514330653705 2.7572683094574239604 1.65544e-09 4.27716e-06
21683778.234086241573 6956 3.4875374928912439287 0.11651726683910786087 0.41646108263800046823 4.9878572760048776047 4.759606859051044303 3.9574728174141546866 4.0461209148339705166 4.1377190627412883117 2.20649e-09 4.70707e-06
21683778.234086241573 5471 2.2975185687918391331 0.25100913681456954452 0.28061991790208373754 1.265308625024209821 0.20395546203684736253 3.6233121947621640402 3.7563619392785079221 3.9011364955873304439 2.7508e-09 5.06605e-06
21683778.234086241573 5235 1.8544583368621236907 0.30154654652954726579 0.1135518579182160509 3.8370852058187221445 3.204588222754028326 3.2219361771773242786 3.2512178684188626221 3.2842088014765731252 1.69779e-09 4.31332e-06
21683778.234086241573 6722 1.7618797695071712894 0.25173841349257980449 0.22124977302312195948 3.5221460608984420659 0.41573928271208732133 2.8130489533340465869 2.7191877088689082598 2.6159862371735846942 1.78527e-09 4.38616e-06
21683778.234086241573 1888 1.2091458586545553722 0.2715418016754037045 0.18516784760467050464 0.12520513347785358627 0.001628023017302099567 1.6335850797255186961 1.3567521441341590105 1.0914069619257547039 1.07624e-08 7.98276e-06
21683778.234086241573 6473 2.0736471849094906261 0.18578279178755785495 0.060735263543888085014 6.1091192903624493837 0.65463653472120819643 1.8351371067545569904 1.650221254002007143 1.4650241427923815785 5.43469e-09 6.35685e-06
21683778.234086241573 5815 1.4301077323108291051 0.10730635563057926152 0.29561283116063186149 0.37809743698593228922 4.238682699209711302 2.6338370281525289585 2.5789438291316484353 2.5217035541665295817 2.67562e-09 5.01947e-06
21683778.234086241573 6211 1.6868836166694343159 0.3373680080452666763 0.11744787302921724792 1.7199384685808130069 0.8746102560453626884 2.8008999830132252917 2.6622430926912916682 2.5066482448333871069 2.33777e-09 4.79863e-06
21683778.234086241573 2174 1.0113732537594379846 0.24034227643636552063 0.14946861542834416481 4.9838050189548788182 1.2314188137528006006 0.68770747218279881796 0.54644651570956115361 0.42155156955532741003 2.03153e-09 4.57921e-06
21683778.234086241573 6536 1.73601647434299311 0.25968291584320940535 0.13129135169511449432 5.1851965499576344598 0.74767439284946302092 2.873067321581937783 2.7927796231671906391 2.7040245315756301636 2.77887e-09 5.08323e-06
21683778.234086241573 5873 1.8274514551922484973 0.14999693853332093929 0.10141759800033699201 3.9893552408108061691 6.2605578644209511907 1.1252966034193188083 0.99364552110833548326 0.86794498478186410395 3.51811e-09 5.49904e-06
21683778.234086241573 5741 1.8300509622753680095 0.19683035563807876889 0.14362569528788071693 3.3640948241997565837 4.1304773857749932375 0.6784753607951454768 0.56281176794785980899 0.45778970766345106203 4.83963e-09 6.11581e-06
21683778.234086241573 5780 1.78195299233889215 0.13976510103904599136 0.14594766295170169546 5.7989723244304443028 3.1340295406108475973 5.5880671702833435432 5.6733696967428155489 5.7534154504904879701 1.95079e-09 4.51773e-06
21683778.234086241573 3982 1.3958908953137378894 0.13795730293073940609 0.10262194194575727235 5.9285417455156865785 2.9564784295612120957 3.1348956736335233941 3.1338982125747860685 3.1328367187190568899 1.70782e-09 4.32179e-06
21683778.234086241573 6155 2.2060244790647542956 0.30250127131304094252 0.29356196638747417138 2.6525192042438350271 1.9275138453922189274 4.8714271464918370569 5.1677654687623277852 5.4394405029233077187 3.03729e-09 5.23615e-06
21683778.234086241573 5782 1.8636128357871770689 0.13079949358816764238 0.17077574181458449187 0.42136060085817073073 5.9897655780777769863 2.0339448574275893478 1.9130148452335837828 1.7898000874319903719 5.0598e-09 6.20718e-06
21683778.234086241573 6417 1.5972853449026904737 0.0866939680844171362 0.1297937156045355922 4.4362580110626268493 3.8145323512318149994 2.8653151457881165243 2.8405906645844729574 2.8148878714503577925 1.63097e-09 4.25597e-06
21683778.234086241573 6237 1.1914931148661107585 0.090563949099855559077 0.23493918785627460055 4.5465723558014587979 0.25911524027110571788 2.9419532432043946635 2.9231188854530012478 2.9034900620345380773 1.89473e-09 4.47403e-06
21683778.234086241573 5750 1.8226415372555333505 0.30369514612245207541 0.13796919928643955333 1.0043514581429846544 0.22788794235701845259 0.03535235347359341751 0.025837535788213496224 0.017991674603949181499 1.52873e-08 8.97346e-06
21683778.234086241573 5661 2.7257466306719346782 0.18380087333048683584 0.088557563119171942012 1.4792332267202015217 6.0048192273110281292 4.540823364698426623 4.7258886756780782434 4.9096728011643948619 3.01386e-09 5.22265e-06
21683778.234086241573 6303 1.404544307088998023 0.51233678426382367466 0.23655754461987413273 0.80048719562025361096 1.3009034364246707671 3.2562853642733751158 3.3431058019489361399 3.4456510795523911383 1.48051e-09 4.12085e-06
21683778.234086241573 6335 3.1290896134359815761 0.094864456132854546588 0.22356585068096065938 3.3606506367512833933 0.29113266325718478722 0.47195877003326436316 0.43049477990416462614 0.39090589864689773147 2.80706e-09 5.10036e-06
21683778.234086241573 6290 1.3888953003715265311 0.16266653216401677495 0.15453026091199376091 1.5373485044105408281 5.1981467038778106371 4.9586482622397101139 5.1140435247200777269 5.2637643098395203722 4.66797e-09 6.04263e-06
21683778.234086241573 5215 3.0484285954756575876 0.093646043752944413407 0.27873196361232710494 5.4135811464223966283 4.5719102191093234921 4.5864257865602393593 4.6800182487972890044 4.7736152326631327014 2.09099e-09 4.62347e-06
21683778.234086241573 6358 1.7433537179061895372 0.13827328608398098408 0.12568820568263200377 4.9220770574333743141 1.7802970214470954513 0.1417758817477104416 0.12340720522060806552 0.10638656449413060046 2.40091e-09 4.84145e-06
21683778.234086241573 3761 1.5617253633411294356 0.19383093153555702726 0.10528749655714202127 0.8816654178238926276 0.62850784794456493465 4.8064046503667254839 4.9988575681247775506 5.184789446014536729 4.38307e-09 5.91711e-06
21683778.234086241573 5048 1.6856695888157728902 0.21807778896067317453 0.1210174222994139237 5.1940548380785163118 3.7121095036962836744 1.8424603935559029644 1.6242024975852318303 1.4064356375260398391 1.54672e-09 4.18139e-06
21683778.234086241573 5673 2.0397118297348670879 0.063989286222328772835 0.061808725997848874834 2.8585324290359110933 1.7622472059782159359 1.092208195709534424 1.0361911892819668513 0.98113033588940234964 2.67237e-09 5.01744e-06
21683778.234086241573 3324 1.5413602125721401759 0.14832786219158844432 0.056065509334749054349 1.1653613044038280133 4.9612217847872095433 0.063438663753424731628 0.054638015722773568272 0.046537707386016598232 1.99813e-08 9.81126e-06
21683778.234086241573 5034 2.7561566601029245938 0.21631014769651540908 0.14154876528277324232 5.8424162961872863065 4.3584333013197333884 4.1115085891830354115 4.3033859122636144434 4.5018543130041130951 2.20492e-09 4.70595e-06
21683778.234086241573 6957 1.6415418362981413214 0.26406817870432847117 0.12054204196031841068 6.0356534126666439022 4.3945608440767376379 1.1045592323227877429 0.87905845646124991521 0.67568935060855728203 6.68595e-09 6.81142e-06
21683778.234086241573 6308 2.0354501031593486005 0.30178744447918476324 0.34961837382047128431 0.8456933152085858163 3.3690742430062319279 4.4050257737929534585 4.7115536865098492925 5.0133410257080974759 2.73381e-09 5.0556e-06
21683778.234086241573 5344 1.6751427538205436729 0.29840559564277147064 0.18368419661991192138 1.4128920342949398137 0.34504216915695429257 4.0043977560107713032 4.2605340159118121335 4.5289912404453875894 2.73146e-09 5.05415e-06
21683778.234086241573 6577 1.8794482063575017605 0.17401292041724530923 0.070925822704381358275 3.5901877927249454814 0.59889089487511093512 3.0059043419386610729 2.9799291490426806917 2.9519199871749952635 1.63583e-09 4.2602e-06
21683778.234086241573 5446 1.6276978921715234971 0.1899450017796247836 0.099901005245523838427 0.80460030272434879262 0.80191404186394865672 0.63465144499015180291 0.52924020586246622866 0.4333412217111046183 1.5065e-08 8.92976e-06
21683778.234086241573 5123 1.5116119222588635385 0.29613696072603246101 0.072444504898543204963 6.1210911417065743123 5.5196514479009595178 3.9925920557851624082 4.2443078166023964215 4.5085910008714682462 2.85229e-09 5.12761e-06
21683778.234086241573 5200 1.9850567421216309683 0.3175036385956577778 0.18323261556961206731 0.0015931697055228662228 3.3070297543811535412 4.5220918622710826185 4.8493708296706987682 5.16390029981861165 2.18438e-09 4.6913e-06
21683778.234086241573 5511 3.1647683747030295187 0.14733295771972887422 0.19924580070332528758 5.0773533659152656483 3.9719929447589801264 1.9944124024084739499 1.8553491250482916364 1.7139408247135965446 2.90982e-09 5.16185e-06
21683778.234086241573 5957 3.1979403943422983758 0.02213334990380957587 0.06842513166623470644 4.1063322214060189452 0.062513077379203585426 3.4126429185299915758 3.4186335713760680477 3.4246872772049377076 3.45473e-09 5.46581e-06
21683778.234086241573 5962 2.8809836537960116232 0.11727238437844986207 0.17900752226377861231 1.1495619153099494447 4.7643549610736872779 3.4686249976767902226 3.5086526261768167245 3.5507384957197434261 2.88829e-09 5.14909e-06
21683778.234086241573 6826 1.9163474207444475272 0.31264296251549550387 0.1740542793429882551 1.536501935378985495 5.3029812316872808609 3.0379174636535482001 2.9984386017619297782 2.9538352034437034277 2.5665e-09 4.95029e-06
21683778.234086241573 6891 1.5170462135581390672 0.055246339604561496561 0.21001959902670108704 0.84578939212933990088 5.3337673016846771645 2.89140544956571377 2.8773403237733412574 2.8629106635904539857 4.39964e-09 5.92455e-06
21683778.234086241573 1399 1.5440238345740304737 0.31460644191372033607 0.079062399003990826984 2.6641986446315932824 3.5501157916980075058 4.1393286754240881109 4.4344143658330210656 4.7369440711133545818 4.64728e-09 6.03369e-06
21683778.234086241573 6752 1.8071305601656166839 0.24933963584631457788 0.12398821207044724568 6.155830377886234217 1.1013477788498948762 3.9077765671820197113 4.1004857023504293068 4.3045842091421686604 4.12549e-09 5.79885e-06
21683778.234086241573 5597 1.9483322159741116586 0.3835019169868053579 0.29562259481916863813 0.84992925038811484306 6.1409984975930722584 2.276845289488474311 1.931809408075408907 1.573028231351120354 2.41109e-09 4.84828e-06
21683778.234086241573 6928 3.201711444096071002 0.055162715478691552728 0.2044800656011040163 0.85539670581976989805 1.9496823163720644612 2.6980974897687812764 2.6738046788265776854 2.6489310928917917387 2.08658e-09 4.62021e-06
21683778.234086241573 5187 1.8816771132543408385 0.12340206439481124501 0.046180415785534667528 1.8165838122336672722 5.9106358402455319023 4.0775904657487656024 4.1810448067570789021 4.2874330295345863817 7.38199e-09 7.04003e-06
21683778.234086241573 5640 1.6088974500497876807 0.19693999285555519041 0.1379275885789812417 5.0317043846904772053 4.4060908178425268744 2.5849069956703396578 2.4702549501947901334 2.3477515881289146016 5.24602e-09 6.28242e-06
21683778.234086241573 5842 2.156284215399635773 0.47602325885628482549 0.42014562944436628644 3.8977974623699020995 1.7202875172960203631 5.059071618736942888 5.4909043916745208236 5.8298124043823040807 2.75394e-09 5.06798e-06
21683778.234086241573 1444 1.8200625721447203365 0.21097726338732372686 0.086190233931937421108 1.4662924081134853793 2.255591272398289604 3.202073700691683289 3.2165081682551508457 3.2322988584087393171 7.39569e-09 7.04438e-06
21683778.234086241573 3487 1.57647607259316902 0.2919004847785632295 0.15026639953898382474 4.2180180882012674459 3.4854510775877418638 2.3789255057454945508 2.148870233759400783 1.9043987197212177698 7.96126e-09 7.21956e-06
21683778.234086241573 5130 2.1942328884247777054 0.35135699395736802453 0.28742814110752795687 2.2432458803578096962 1.0891953740855966348 2.464244562079858536 2.2008610758971967059 1.9169683632095664283 1.98119e-09 4.54108e-06
21683778.234086241573 5424 3.0440324954963231541 0.097093270387958494072 0.25819405391573502229 3.4230853748223215582 1.0042409055632548487 4.982925851270951334 5.0754391411507606691 5.166203675925364891 1.80053e-09 4.39863e-06
21683778.234086241573 172 1.8388296483361252776 0.28822510128027106768 0.044617375020535920971 5.5528194353478923517 3.4280688506026408824 3.7710532186518976872 3.9672013141218300802 4.1790354239231604083 2.7327e-09 5.05492e-06
21683778.234086241573 5929 3.2201464928786731612 0.081294902221930739894 0.22246707338804422305 6.2114917391266351032 5.8833893175309297519 3.2079967280935268725 3.2136288060383009224 3.21947991450698634 3.18574e-09 5.32011e-06
21683778.234086241573 1642 1.6206381561350946541 0.061976671615987799502 0.032802284178309368268 4.2488307860635181612 4.1471136760989253389 3.8779647347613397379 3.9206021523605065759 3.9641454070657742292 6.44407e-08 1.44956e-05
21683778.234086241573 6775 1.6406323426964823931 0.19461181636992808119 0.1676350658822002293 1.2180278982262253695 5.0326234878825815144 5.6972000953607331297 5.7975572998620679144 5.8883950604911872162 4.4281e-09 5.93731e-06
21683778.234086241573 5069 2.7370516761283991691 0.2381485566144379562 0.21866932083228218797 5.1345303089616161074 0.62614860255237159148 3.9201844415405018296 4.10530894152526038 4.30090446436568552 1.18876e-09 3.83014e-06
21683778.234086241573 6759 1.428242505746251334 0.50895067567341023551 0.54396537976544112603 0.94864156678968303282 5.7150533741201732241 3.9731875686841648943 4.458974598567953862 4.9516704299481695273 4.8924e-09 6.13796e-06
21683778.234086241573 1810 2.1100915991929478643 0.28147386518740408201 0.22981264714432345087 0.059589513823928255687 4.1581615550979469376 4.4015926713420130412 4.6857500061648176271 4.9671240054123577679 7.36354e-09 7.03416e-06
21683778.234086241573 5072 3.1194013645982967553 0.11318189131377626166 0.22235669690499842988 2.5576770817561014226 1.6120673700598278089 1.5177862266180048856 1.4048592503327976821 1.293232024880207609 2.73643e-09 5.05722e-06
21683778.234086241573 4722 1.1424885218638252127 0.23618758580566362459 0.19269480707522759766 2.6435926448625504115 1.4567543503160134133 4.8479834385839444266 5.0805249174690905178 5.3008878876322347296 1.70563e-09 4.31995e-06
21683778.234086241573 3337 1.3571105838949319988 0.20548137685027409449 0.20441044642020295141 4.6915878489589886158 0.63094490552564830299 3.1095186656596918162 3.1020867574382187115 3.0939711429157461531 1.23471e-09 3.87886e-06
21683778.234086241573 6756 3.2090135850707022236 0.066607625307249992974 0.29082432972495692036 0.75259404008409369613 1.9380619281013600208 1.7463775810153772117 1.6803604974570893749 1.6141522615849002165 2.22448e-09 4.71983e-06
21683778.234086241573 5182 1.8398530714142173892 0.18378016364219573742 0.21044212621443905697 5.6568306820454514749 5.5197505065869592045 3.3990015829981916617 3.4508234308095460108 3.5067525109764510205 9.37786e-09 7.62462e-06
21683778.234086241573 5372 1.9350734656143562251 0.1756341637105247877 0.19385616436448269151 0.27680295987976588634 1.0119689024419280532 2.7772872119328728679 2.7085598136250701451 2.6348592172668108269 1.39548e-08 8.70479e-06
21683778.234086241573 5855 2.0481089150436138091 0.1034377442210862863 0.054955372423437578999 1.4528102705401382266 2.446662707339744447 3.0786645055126062864 3.0717861985914671763 3.0645714392036040863 1.88487e-08 9.62226e-06
21683778.234086241573 6156 2.1161563457461500803 0.098819819632491409656 0.051777795635807581653 2.7526419152348018393 4.5566196458296914784 5.6501583548196485651 5.7064970576144178338 5.7603786414507869296 2.69058e-09 5.02881e-06
21683778.234086241573 1410 1.9887716691220214127 0.17327454683353094023 0.093742042654241172772 6.1281503247293693803 3.4497151161061254676 3.2420868135509222085 3.2612686167716340435 3.2819559505951207967 1.96181e-08 9.75145e-06
21683778.234086241573 6507 1.8143777273091543645 0.41407492205349433201 0.33541859146340746722 5.1577566018891545241 1.0010352746229207455 5.4256711328827611496 5.7108434805259342681 5.9351073499640651931 1.72019e-09 4.33221e-06
21683778.234086241573 6653 1.9672486641899848969 0.40327070793510283453 0.12631669066358414133 1.0518759405619741987 0.59531541642718832641 4.1650506506706319598 4.5635795464181052594 4.96239342468500233 2.19009e-09 4.69538e-06
21683778.234086241573 6463 2.3731416746904612225 0.32294771980771208586 0.40381388429920267447 2.2433679968299422569 5.4515449094971799582 3.376010300886544524 3.4678566237598085209 3.571363413095900885 2.40859e-09 4.8466e-06
21683778.234086241573 6633 1.0740435290132599455 0.086904845524042206861 0.24080867826344826144 5.0414705996835067481 0.69225455039445826788 0.47115091837790928908 0.4331094459338453162 0.39663590267473625151 3.02269e-09 5.22775e-06
21683778.234086241573 6942 2.8120574882588820209 0.17922181282282417802 0.15782282957746371355 2.2744141911542654633 2.262916016524295415 3.6752776874845558552 3.7748633331549368286 3.8809240063293910517 1.34834e-09 3.99439e-06
21683778.234086241573 6832 1.6559314716967727943 0.099399530313949810423 0.078846443557781031863 4.8301822960037723576 0.10216181837568155677 3.7898420510363819425 3.8524755486464878906 3.9173340474156632673 7.86044e-09 7.18895e-06
21683778.234086241573 4502 1.4126560738504467807 0.032262353139840146965 0.10972547561223391921 0.95252211612154735754 1.180005112294795433 2.3018744280353473641 2.277589863784829749 2.2530560200971727625 4.58456e-09 6.00643e-06
21683778.234086241573 5426 1.909010650056659042 0.25625591089436250414 0.13586371606904709686 1.8942211537191409043 1.3951342685614098738 3.0799908215736082617 3.0615491058907164934 3.0410593695488246091 2.09851e-09 4.629e-06
21683778.234086241573 196 1.5778434656444029205 0.065197828071438382325 0.11895154745669243856 3.482006999268382863 5.9192405569531354459 3.9236959687697643417 3.9707760523956219245 4.0188516282137154434 5.83048e-09 6.50756e-06
21683778.234086241573 6690 2.8748903187347818466 0.11646986162184019831 0.10349687611663384301 6.1382861787001834486 2.4585855595886649816 5.1005044566179993382 5.2062407993932939831 5.3087940909495765496 2.63564e-09 4.99435e-06
21683778.234086241573 5386 1.788371400490751828 0.40802694245598097877 0.12285412196564322873 1.7339613922163394921 3.9060613521122360403 3.0086805225928627827 2.9370231595367517485 2.8541342613072417933 2.3788e-09 4.82654e-06
21683778.234086241573 5291 2.2078677161580295696 0.21944391971568330546 0.35230614050583386465 4.0997633150782757383 1.4921099912872113347 2.3805466576465099671 2.2143162603101855801 2.0387636031512150758 2.6037e-09 4.97409e-06
21683778.234086241573 6457 1.9020713561103232969 0.32971638129244357218 0.2919946687986527678 4.7334264290553056398 1.8068511335598242962 0.62943341850621825628 0.45427525536692553443 0.30959201819481158013 1.33039e-08 8.56728e-06
21683778.234086241573 5100 1.6056381658071356977 0.045370669104086595869 0.095625282907750616679 0.11780540139968501134 3.6209512135488317597 2.3801197328207477355 2.3482779046440853676 2.3159430256575959106 3.86655e-09 5.6749e-06
21683778.234086241573 6055 3.2328248904423904087 0.049919710762907978929 0.090049307955048243923 3.94780646125926582 2.004154233925427242 6.1732474707629023669 6.1785951367777522947 6.1838067339920748111 3.0525e-09 5.24488e-06
21683778.234086241573 5142 1.5015140819461414434 0.1619467700807481203 0.074414218939746729076 4.2197010718945371366 3.9786801616027918094 2.2618886947362799589 2.1295808958378743547 1.9922662124512062753 1.02472e-08 7.8533e-06
21683778.234086241573 5984 1.5654717116487570916 0.41840919873974385945 0.20424115246024579506 1.8127042474718793041 5.5553167357710471208 1.0211188036054816841 0.68871638712788185721 0.4227978113336451349 1.83318e-09 4.42505e-06
21683778.234086241573 6291 1.6319388300641344269 0.22651641721497764448 0.19986805577665864297 5.3276170158533329158 5.7020141188202773108 1.3295355424200907546 1.1134746497255307851 0.91023544040302906133 4.97801e-09 6.17355e-06
21683778.234086241573 6390 3.2190825975911190326 0.10203284762720039869 0.28929630425816243999 3.462814918017377952 1.3024074811208512514 2.0347507138081710742 1.9411902763939752337 1.8460768052038325493 2.74624e-09 5.06325e-06
21683778.234086241573 5954 1.5601328285691822284 0.34444440683516863722 0.11192263865626052299 2.4280636981788954465 0.37038858669779395338 4.0813245747199644597 4.399097017616387717 4.7267753069919518083 1.68237e-09 4.30022e-06
21683778.234086241573 6542 2.3601643469530144692 0.32859622273011679372 0.17152192318702519369 6.2245276738040100639 0.098651610702244790785 5.734487978072336567 5.8882526555019669701 6.0146787462460462592 2.35942e-09 4.8134e-06
21683778.234086241573 2329 1.3062050886042040343 0.1905488795225716292 0.15870091117728954422 3.8120614101729199952 3.5760692002100662457 2.5768518935205149134 2.4649456768757098679 2.3456273460378556095 4.66149e-08 1.30124e-05
21683778.234086241573 6286 1.5950740728581829231 0.30445836117753216632 0.068723238062890296129 2.794295257576290048 6.0190206568948196875 3.6345357127162913891 3.805199881162643738 3.9927348262089465969 2.66284e-09 5.01147e-06
21683778.234086241573 5405 3.2018273840007700493 0.067701954897531571587 0.18889301010453085627 4.218817755023915872 5.0926101060000537046 2.319163178181288032 2.2683326674458572647 2.2164440614316798239 2.93677e-09 5.17774e-06
21683778.234086241573 5098 3.1929647991071168356 0.045581001194975954982 0.096886176526047113056 2.2840704220644534317 5.4044667866667150946 6.0717251004465753184 6.0810881569712220696 6.0902373687598281293 1.90652e-09 4.4833e-06
21683778.234086241573 5298 1.6725591099661520911 0.051409180342628743587 0.15440422650617099953 1.0700774910574986087 4.0113025765926746402 2.1790545239056946514 2.1362147294405033904 2.092806642219632085 2.48769e-09 4.89909e-06
21683778.234086241573 5368 1.8341424869438405221 0.42817445002381659958 0.17882407838622702001 2.1713702936158689738 1.7495718472153052314 3.7037360206010685459 3.9977151588583015318 4.321118339303396283 2.65835e-09 5.00865e-06
21683778.234086241573 6721 2.6058351621224820072 0.60344228225818585809 0.41386179349935964256 1.5413662341079787943 0.4573794065515319196 3.0813087976161814829 3.0204841168396816542 2.9475806264108479482 1.66278e-09 4.28346e-06
21683778.234086241573 5895 1.8028012501487564734 0.2381280869777479825 0.11404364096091511305 2.4841818050963468956 2.3950000764843322187 2.601297235277503006 2.462878268956584904 2.313383159705749037 5.57854e-09 6.41245e-06
21683778.234086241573 6261 2.1052074298986052092 0.3413268887696766507 0.076031707555932567799 3.7564295830424736522 2.6434261431200560821 0.084159423467164734545 0.058993052357665304308 0.038868814740787377415 2.48402e-09 4.89668e-06
21683778.234086241573 5274 2.4971102147704091756 0.30611423086618555489 0.17258645345748832578 6.110755935877031142 2.5952138443749297458 3.6336486131532086397 3.8051690270533211624 3.9937164852608022514 5.75566e-09 6.4796e-06
21683778.234086241573 6437 2.3258545359411852971 0.36222210767866397374 0.50119111971063690092 6.1947632937258170216 2.1771223557578758268 4.3967786780269708657 4.7708126134231347848 5.1324167067770831707 2.58679e-09 4.9633e-06
21683778.234086241573 6295 3.2658966188895188765 0.051255313567351246107 0.22852766588714937268 1.9512485860244923597 1.6229848179353285609 2.6102935075929605269 2.5837217725030026116 2.5565881788188762336 2.30061e-09 4.77307e-06
21683778.234086241573 6725 1.5790875136406212764 0.22375977566772178862 0.17615466057449305493 0.69746351752085711251 2.2248687839443306302 3.2179794959370626728 3.237476822043695357 3.2588989817428313245 4.94994e-09 6.16193e-06
21683778.234086241573 5278 3.1384807698504388895 0.10689797826103131229 0.27926033578038833571 2.6347542864990365352 0.95499386695639632006 3.3888402655319991297 3.4165138293990162666 3.4455335383365928159 3.13887e-09 5.29389e-06
21683778.234086241573 5899 1.7769479660452256464 0.38706063191854755967 0.095596941254376621711 0.67326476522917289014 0.33533546768156718976 3.0508480060661820055 3.0052021377512700973 2.9525742605490887804 7.73132e-09 7.14937e-06
21683778.234086241573 5748 1.6588196300287247897 0.13168371820363700131 0.28856490607821055905 0.8077612776458192867 0.55051486252025561008 4.5911898962993298312 4.7233447581478573696 4.8550205734936646707 2.75123e-09 5.06632e-06
21683778.234086241573 5053 2.9705065933194525485 0.12254366684613268723 0.26325018071067812775 3.5215802168603951294 5.2138042836646061318 1.5954073789460763155 1.4724063301714054308 1.3504553325639090389 1.90259e-09 4.48021e-06
21683778.234086241573 5116 2.7179857638906192996 0.15240979445838426232 0.10136133601049186759 4.3543702752658042243 6.1702592089046026658 2.6444993580238334019 2.5661508838689077727 2.4832086404464681628 2.56354e-09 4.94838e-06
21683778.234086241573 6595 3.0354020500190297405 0.062852452462682464884 0.20864871191664052796 1.619341525128431325 0.94006086018974521767 1.6854540475655568343 1.6227473008025952161 1.5599796456239607423 2.5233e-09 4.92235e-06
21683778.234086241573 6538 1.132257411576852224 0.36296085146147477607 0.18642909133650933939 0.32457030467851066824 2.6509112971283772531 3.5168577507495646373 3.6833773214609499824 3.870543854576675713 4.1002e-09 5.78698e-06
21683778.234086241573 5762 1.9708275942081681098 0.051773718048073555376 0.15168042640412537914 1.2265648751461286636 5.0411712503467711599 1.0890634366596603222 1.0437033987069206376 0.99895676978940117774 4.50081e-09 5.96963e-06
21683778.234086241573 6628 3.3274936049397827453 0.078747679614913634882 0.19512358248171884911 0.63536708053644763705 2.9958405604089382024 0.25625971579510808951 0.23700412583765065322 0.21851483547422650977 2.5094e-09 4.9133e-06
21683778.234086241573 6808 1.7759903529857630211 0.3767718424858050863 0.05919422148998208788 1.2646319976831175147 4.690921814993721739 2.8953536875714482868 2.7778119175748416936 2.6437526959057544573 2.07842e-09 4.61418e-06
21683778.234086241573 5481 2.2650620959862282078 0.41250259847071280017 0.55095184848240519315 2.0956014160246581035 0.49567545234623261452 2.8982480647122947914 2.7668446761036484816 2.6158530464226594781 2.0621e-09 4.60207e-06
21683778.234086241573 4662 1.7252047299149659842 0.27116494716546390986 0.093269355449578247863 4.3551161955123198766 0.12957182327493541041 2.6332658517062301762 2.4806003001504715044 2.3141320031059606777 5.28399e-09 6.29754e-06
21683778.234086241573 3089 1.8312666385133764546 0.2344956066291550012 0.091014994718046304811 3.2357461921810637406 0.12702789622044344253 4.5840453849888307403 4.8224103405773668385 5.0554881288119135618 1.46985e-09 4.11094e-06
21683778.234086241573 5878 3.2445228214696784086 0.041422914327941283419 0.081239630715626426349 6.024728752431244061 1.9907819401663884307 1.8834630818045190459 1.8437838436305953316 1.8038948309238227452 1.44428e-09 4.08696e-06
21683778.234086241573 5489 3.2237681965274824769 0.093625725366249468173 0.28056896962171706811 2.6331872246501339951 1.5170059153311536981 1.2522929590778757447 1.1645270337127102689 1.0785222989914746705 1.80848e-09 4.40509e-06
21683778.234086241573 1298 1.6026194624194387561 0.2657465435055853531 0.25859848292390613667 1.7940973088211165098 3.6177590674311668195 2.1287784065039101478 1.8827446796405409302 1.6298237550441068144 2.27299e-09 4.75389e-06
21683778.234086241573 2498 1.98803089333187466 0.43262264454469351316 0.33837099032324252645 5.832590757492983613 1.6808625600731499361 1.7261644769367101571 1.2683919519834832013 0.85540034425323041578 5.39185e-09 6.3401e-06
21683778.234086241573 5358 1.59763747942378731 0.23644396336327055952 0.17018405961941412974 0.43521649147355262466 3.5136739320531460429 1.9349225012782180766 1.7018653708170436989 1.4674494482047171218 6.59336e-09 6.77983e-06
21683778.234086241573 5535 2.2315915855646450972 0.25987155495392333382 0.073969309144286177204 3.3940311644429157489 0.69851868542693362762 5.0903394751096779913 5.3235966060429218416 5.5364198740855599112 2.07392e-09 4.61085e-06
21683778.234086241573 5450 2.1112761159832449387 0.20351635215594895967 0.2284961213599740748 0.77745718262509544427 3.454138250135240007 2.9506173505831894133 2.9072006394533058682 2.8599336272929365421 1.88249e-09 4.46438e-06
21683778.234086241573 5733 2.1164094481127992964 0.39655865794897915411 0.63021690031510346763 1.425732233998622922 5.992600048973500293 2.113954863649053717 1.7226720643536586053 1.3306781804497278543 5.33623e-09 6.31822e-06
21683778.234086241573 6450 2.7398846386702029321 0.32872298156667745239 0.18862524489191154209 6.00396059572130536 3.759201898845713874 5.1910389324403256595 5.4676995411410072023 5.7070291625991931284 1.74846e-09 4.35581e-06
21683778.234086241573 6407 2.0517074355385833684 0.3306906343660308556 0.40161238400196175302 1.4731244834844297031 0.093241823027434347915 3.2261500762271091425 3.2607501643965850491 3.3000612564015292527 5.15346e-09 6.24525e-06
21683778.234086241573 5576 1.4246649781963440784 0.14766727757957284761 0.13999586960261192758 5.7863596912814019291 3.6281826261713683301 2.1429468409108340943 2.0130677905278240303 1.8796087890590726932 5.46785e-09 6.36975e-06
21683778.234086241573 5647 1.8108000068459324527 0.13780869760433278604 0.16865948667164593067 1.9365957612579436375 2.2823538586425025088 3.212999570897613566 3.2236115884230516215 3.2349018426140432325 2.57441e-09 4.95537e-06
21683778.234086241573 5992 1.8788970768407617928 0.085106292299128749601 0.13651632220337911461 0.57078116237531950627 3.4950716714479694858 5.7740957711562002075 5.8141537725702647776 5.852623741802039703 8.41385e-09 7.35386e-06
21683778.234086241573 6761 1.7055070144699056023 0.22276559901562439925 0.15597030680627124721 0.95190042106942129863 0.74550487459885883545 1.6772702851993701589 1.4511939662986819144 1.2300197691544960676 4.88068e-09 6.13306e-06
21683778.234086241573 6421 0.89958033807420478833 0.042296134760779813266 0.032489469109595985052 4.7977878768639694584 5.4514992512215867393 2.6858309944234997069 2.6668460568159018109 2.6475119402626283716 7.66894e-08 1.53613e-05
21683778.234086241573 5394 1.9203572850390320248 0.26580003961466958096 0.22613642643183406999 0.48746596246831108701 5.7245545098508356929 0.49190319716374497627 0.37781366402710919727 0.27976289696524814232 4.23442e-09 5.84945e-06
21683778.234086241573 4243 2.109818509198879255 0.27768484926774411603 0.19425637612707249979 1.8026579010968033501 5.7944572402839131797 2.7853503404640007624 2.6715674639679787283 2.5458015677961975953 7.70334e-09 7.14074e-06
21683778.234086241573 6937 1.2991435486663600596 0.25971489437368189268 0.19263557321808125189 3.667354650291243523 1.2644550960640128512 3.1611938352268031949 3.1671613816071650938 3.1738012375697390866 8.944e-09 7.50517e-06
21683778.234086241573 5322 1.4669181482537054784 0.36690574817733734303 0.239446864113752933 1.328601165454760924 1.5203581486583814808 4.8831915631762869978 5.2421910251607499731 5.5587966100442258721 5.00791e-09 6.18589e-06
21683778.234086241573 5046 2.1745441099416931152 0.16108137324722002215 0.33260180751073203931 4.1114818521888043534 0.67454655964069543117 3.2582884043601820778 3.2788189758749970437 3.3008542700707628192 3.3008e-09 5.3834e-06
21683778.234086241573 5351 2.9592458867454629612 0.12894990499892761138 0.13223901706464941119 5.7062952997688913825 5.487559503014358242 4.1512427466136951892 4.2646656692772140218 4.3809056332147937596 2.44807e-09 4.87295e-06
21683778.234086241573 5321 2.124121139125319857 0.42285338958920670738 0.64699553078147153951 6.1201247282757842427 3.5109751116476330957 3.4496998564646146335 3.6198942065565904436 3.8145217803328788087 3.33881e-09 5.40398e-06
21683778.234086241573 6337 1.8726534853748912912 0.14402729645595591101 0.099367157616022633304 6.0084354873786978146 0.62872672553060870992 3.0242796523937158781 3.0060216015310583515 2.9865554273274321773 2.57504e-09 4.95577e-06
21683778.234086241573 6131 1.645832383142322497 0.36688668278787861521 0.057151868204910506732 2.1283075395038397737 3.4040624849434171217 2.0465623996369219917 1.6805567436608701559 1.315877849013451284 1.45631e-08 8.82947e-06
21683778.234086241573 1239 1.7211901096223234386 0.3694379319986140775 0.14610441257116452141 0.53029862459263987784 3.6528986612624003705 3.5089339034430193642 3.676018009635130035 3.8641899668363421938 1.31823e-08 8.5411e-06
21683778.234086241573 5775 3.0411947142466799754 0.056532882537917168719 0.059131068747373886907 0.7238900868694930768 0.31993917172690566897 3.0894314490853198585 3.0863958488347948972 3.0832769986117494199 3.02463e-09 5.22886e-06
21683778.234086241573 6935 3.5025324140182201305 0.083011249540198173147 0.43185726360977588767 0.2375368299684621487 4.3450327249079911951 4.8206230209350175997 4.9028751510850998585 4.9843849181636556978 2.603e-09 4.97365e-06
21683778.234086241573 5807 1.8750839225178757008 0.27670443126702792824 0.17549668347985786232 1.468414608473245675 1.1881469775184445581 3.756755723222125809 3.9403146777475277496 4.138563754342794887 4.88354e-09 6.13426e-06
21683778.234086241573 5927 3.4968300817296991134 0.13131282277212028009 0.17779823862881588559 4.8887087507600686109 3.6825225465606905573 3.1518225822676688708 3.1532669606005021556 3.15479991198658416 2.21586e-09 4.71373e-06
21683778.234086241573 6445 1.0815434645533239522 0.17268544509700359257 0.081936182103705401669 0.35883118739508151895 3.3132854032464367222 1.3760216640960920564 1.2085384925851820892 1.0470604948495945141 2.3322e-09 4.79482e-06
21683778.234086241573 6807 1.5166150431285239097 0.22592001719238696822 0.15122684301581418298 0.071274326168434529172 4.2163146912427542645 4.7596479476577560064 4.9860694921066865959 5.2035813678186082498 2.57067e-09 4.95297e-06
21683778.234086241573 4541 2.0513471322740128855 0.29585214088702632695 0.12898601756060723567 1.8609679253058595272 5.2122927378194932047 2.0980445217267535973 1.8168327069513738881 1.5298900280081459968 1.52721e-08 8.9705e-06
21683778.234086241573 6123 1.3595773323185833537 0.20826611561551092167 0.17069258919284344134 0.43680180279314245739 6.157524627982781773 3.9925381777182162857 4.1622716853672532267 4.3398108863166298121 1.87233e-08 9.60087e-06
21683778.234086241573 5407 1.4176967284298198635 0.11770036979124638699 0.091260180476217353518 4.2057706565980907953 0.60873369081245509715 3.0192779670684264381 3.0039703052612294343 2.9878231876525438437 5.11323e-09 6.22896e-06
21683778.234086241573 5704 1.7825444607183782431 0.16029222906936757553 0.21558709273997392342 1.9333247823208929983 0.94844467479321170611 2.9130209418807480048 2.873352592700216146 2.8308695663920286911 1.97064e-09 4.533e-06
21683778.234086241573 1127 1.4833648932235670159 0.12272625158349455277 0.13140180762344527698 5.0109587696273774071 3.7558584341596561451 0.62364583255169436793 0.55515468910370702194 0.49046877898481971991 1.29908e-08 8.49954e-06
21683778.234086241573 6005 3.0443646678621183455 0.18758533194283222301 0.36026126155991050615 1.1036281541545265306 2.1879527883831908497 2.2711476924705826796 2.1173371127592273133 1.9570778041958012405 3.36675e-09 5.41902e-06
21683778.234086241573 5476 1.800097865456529389 0.16580470974642649851 0.11956750886454416138 5.1270950982971186249 5.2383268181657918205 6.1739091092575630881 6.1907219961312947021 6.2060310128232369919 4.35596e-09 5.90488e-06
21683778.234086241573 5997 1.736596831301330246 0.28364363071892839674 0.052768978321099162254 0.62973747977879823701 3.9741370328104088649 3.0039161850580056168 2.9575258216926836319 2.9056107523769720835 4.37918e-09 5.91536e-06
21683778.234086241573 5406 2.0530741256684170715 0.27702899279522213982 0.16842830054921098526 1.3561267631665421263 2.9621279435585838868 2.1522712919661723951 1.8976705557183886075 1.6353100806051514837 4.61584e-09 6.02005e-06
21683778.234086241573 5938 1.4215250337638480893 0.15708899182817170903 0.29806401518876657342 0.15023627294871297333 3.5405550078015708415 1.2904304984234065135 1.1420558747477396189 0.99918499228791490818 1.88863e-09 4.46923e-06
21683778.234086241573 6827 3.1105378937103638215 0.15837000612576199177 0.17049755608753194847 0.028431486367857673747 4.8584014154352388459 6.0725723202201891127 6.1034800989982231911 6.1317870805012404389 3.04652e-09 5.24145e-06
21683778.234086241573 5420 3.4670038392313058395 0.078113633350706784819 0.31489790419591423554 0.19147914670108676094 3.3724318558773784815 5.7366660845837120775 5.7760052443179841219 5.8139461471632296607 2.55489e-09 4.94281e-06
21683778.234086241573 6167 2.0577693673030190702 0.10868951506205876134 0.14755397422353597192 4.5968437731240854305 2.3054934552962462746 3.6809593854097291121 3.7396774225529108016 3.8008762202895831628 5.7681e-09 6.48427e-06
21683778.234086241573 6036 1.7614960187728809782 0.36158165587776119887 0.19266062798679681189 5.8063523580604661234 5.6657693779615527774 1.1799906860449207446 0.85975428711240853286 0.58579029258234016631 2.34807e-09 4.80567e-06
21683778.234086241573 5989 2.7014623436068170292 0.25304858752394693289 0.073538249786606169067 0.87902253618966641469 1.2164691584843347893 3.3774154220198928655 3.4460798982590263861 3.5219448885434041507 1.60714e-09 4.23514e-06
21683778.234086241573 5195 2.775795546300630523 0.068228814142276605903 0.086223155359990283353 3.2816814395075444288 1.7567992183106893034 5.3985791537203366985 5.450296080536748633 5.5007770898284249483 2.26107e-09 4.74557e-06
21683778.234086241573 5651 2.7526999152829909612 0.1378722437246278909 0.19455632401490688399 4.8687965450038861448 6.2534376609107482636 4.6368611859867172598 4.7755032703742728017 4.9131010041555205348 3.34796e-09 5.40892e-06
21683778.234086241573 6056 1.9021406702822138968 0.062784363054718031472 0.22487377796382143624 2.3319114441343535837 0.45564139497123251621 5.5276265904786274774 5.569750204672724081 5.6108384874806116471 3.00235e-09 5.216e-06
21683778.234086241573 6170 2.0952774840596681827 0.31255398895063385423 0.20124691353278828521 5.9279894804429842381 2.7987636401428201971 3.0520926875968528158 3.017998234297388116 2.9794665795434709388 6.44558e-10 3.12323e-06
21683778.234086241573 6886 2.7730320504681951199 0.099549591865791500767 0.57327779644637477663 4.5980808333220757333 4.9427372206593114257 6.1102173584764756242 6.1265881025217634459 6.1421136536209912649 2.88448e-09 5.14682e-06
21683778.234086241573 6185 1.8879604657352915265 0.2304824672168798716 0.14581586087491249515 0.31890690735124388455 1.7641251500295820343 5.5144895786824390527 5.66404622690636117 5.7978030992563631685 4.56223e-09 5.99666e-06
21683778.234086241573 6037 3.0256678029570887034 0.21602837258344725901 0.28901574715938965765 2.920924902308241311 0.74122838817714931103 4.6328272203149865049 4.8517758750826089909 5.0657090672703626311 1.83549e-09 4.42691e-06
21683778.234086241573 5776 2.0414846586300168241 0.084407920937125846539 0.12761084775201206321 5.2934790813446612745 5.6625600907073572188 0.49693595656045663755 0.45807329851656292119 0.42074635526817816267 1.75506e-09 4.36128e-06
21683778.234086241573 5846 2.8001536867371767947 0.18115758751777863433 0.13340744026851864001 3.7833091197038171138 5.1600991098609156893 3.1950139869178548757 3.2057465137648528675 3.2173605018276170142 2.37403e-09 4.82332e-06
21683778.234086241573 6333 1.3850277917001172501 0.18397917599665197796 0.085429215984843737131 3.8533698966445775191 5.6732066398309974886 4.4452959957506488209 4.6282600739346015928 4.8115885616329139296 1.94245e-09 4.51128e-06
21683778.234086241573 5488 1.7741080322087805499 0.33457907841131712123 0.13392592202795691736 5.8867847378525191004 2.4416500965828560332 4.0240309695812994661 4.320588622327791839 4.6298143306889159021 3.37985e-09 5.42604e-06
21683778.234086241573 6244 3.2177531075307110875 0.062066760607382122361 0.32231540297364846825 0.64607097956795123128 2.0549883616147011089 1.9405223667852264935 1.8819529553420595303 1.8228666347803936798 3.08558e-09 5.26376e-06
21683778.234086241573 6192 3.2028787764298649599 0.25756310750321420588 0.35056473835671692063 0.40825036038303841313 3.8935409417539532662 1.6470544253916774569 1.3847151098616026221 1.1315983683660197912 2.79503e-09 5.09306e-06
21683778.234086241573 5914 3.2184955361065377133 0.042640806994157905152 0.10930276300848865145 1.7135184630243973647 6.1606231332565917214 0.76953555994743438884 0.74030247832662232632 0.71154077423549888515 2.63408e-09 4.99337e-06
21683778.234086241573 6739 3.1822793243830194143 0.087828301480751658215 0.20127901693002955841 4.0785256508602341086 5.1304371034755114067 5.4057572228588419705 5.4715616055605007517 5.5352727612439931448 1.84353e-09 4.43337e-06
21683778.234086241573 6164 1.9240589544670683164 0.19776620722060386792 0.15707434487920518551 6.2364756833774723788 5.2949697870565195501 3.4419452143501310104 3.5072480994480788041 3.5779616782458236734 5.09634e-09 6.22209e-06
21683778.234086241573 5361 1.9000717700604925486 0.51514783236107486442 0.22119942947213214191 1.0020166166446728973 1.8490022033722228745 3.0919149625721167318 3.0538128561171560271 3.0086513330297712798 3.09083e-09 5.26674e-06
21683778.234086241573 5650 2.033931611410495055 0.11898906525711526461 0.25754278366585087179 1.5259314939379624576 3.8385515117976378718 5.1359330739759601059 5.2420875570946945388 5.3447702907453491505 1.14639e-08 8.15256e-06
21683778.234086241573 6814 1.7667404426214563529 0.18275101474723801087 0.16330562508057122617 0.66983722309392279559 1.0153229773937570979 0.3728591034705992513 0.31104735888300488744 0.25511533186375334736 1.89305e-09 4.47271e-06
21683778.234086241573 3069 1.9887163643119689649 0.25641283621141125471 0.15148252396760872318 0.80281676583188354979 2.0417152987817379639 0.63510574439934308622 0.49532328372399186955 0.37344613288649963767 4.38223e-09 5.91673e-06
21683778.234086241573 3400 1.15711512337136746 0.14714278996965249324 0.29506279309544708456 3.1755371286744016324 1.4308646308721784113 2.9219367895862520257 2.8871948398694748938 2.8501644955094422862 2.20416e-09 4.70541e-06
21683778.234086241573 5798 1.5220667022735170359 0.21046398280982589468 0.054008937040417877296 5.9810406363478660907 2.8407111409158289916 3.035808849245862362 3.0106764231260956244 2.9832019102779581132 2.01067e-09 4.56349e-06
21683778.234086241573 5551 1.3875860830361808063 0.14115615306220452574 0.068421076584434456502 5.9994235728094702509 4.5909369413240339597 1.8451469637798096901 1.7061347316724393419 1.5662693488048238244 1.23293e-08 8.35276e-06
21683778.234086241573 2928 1.8180797846739311652 0.25341836321722321923 0.10013963230694410134 4.0044919822952813604 3.5719528447031234641 6.0849897420917473667 6.1300203981103997819 6.168683614016393868 9.69793e-09 7.71039e-06
21683778.234086241573 5185 3.5322819209146567587 0.06127849869271182609 0.24006852312172191621 1.5012447039541998439 1.592934243836010566 4.1801601543483499768 4.2338347931522264389 4.2882293659026373689 2.64564e-09 5.00066e-06
21683778.234086241573 6221 1.9111376950120373408 0.4024360201646980939 0.10774505531434179495 0.94133145393397632539 1.3218224762157313457 4.013429601902888777 4.3811780634255441669 4.7617413884238235511 2.14299e-09 4.66148e-06
21683778.234086241573 6499 2.1677754108148303835 0.62601325900494153576 0.087708219709658252761 0.1529311518513937207 4.1305236900383768273 2.9946943523547626675 2.8371123644152431709 2.6494352106835536986 2.00728e-09 4.56092e-06
21683778.234086241573 4406 1.6911299547307447888 0.15111078242567371754 0.28601865123415576297 0.24627796651313499376 5.3307358941316396184 4.6135978742400798325 4.765688512682130451 4.9165847051279527591 4.822e-09 6.10838e-06
21683778.234086241573 5453 1.0934404240009232279 0.11102134900001593698 0.24759146764412273689 4.1218498967827610358 1.182315471224201664 5.0192060077000064666 5.1235201800432594865 5.2252900455798991786 3.03837e-09 5.23677e-06
21683778.234086241573 5134 3.5218092622186358831 0.032864826323864081148 0.33280329292656835038 1.2745813138356383298 1.4571683092112730495 0.5696766351352272606 0.55218838857473773185 0.53494909033126691877 2.31886e-09 4.78566e-06
21683778.234086241573 6863 3.1013382165434313364 0.12331690770522572842 0.056932493249103904853 2.5659023009395474091 5.6826895475231733457 6.1648443735918441178 6.1786130699752881412 6.191485104893976299 2.72515e-09 5.05026e-06
21683778.234086241573 4313 1.3866803598898602701 0.13075537863700478769 0.048187894177325600598 5.8916843554294633378 2.8846450082006507287 2.7849706610861617584 2.7361297686372401117 2.6845540735619533024 1.98502e-09 4.544e-06
21683778.234086241573 5577 1.9523542305763550431 0.038985296055118905112 0.1334065971377816906 2.9350753121833785819 5.3841573347634099633 0.9240660434283841651 0.89330557315409775399 0.86293025513887455791 6.01747e-09 6.5764e-06
21683778.234086241573 5417 1.919284191627359748 0.2435783455544313636 0.20100239834401076311 0.82845460747797738943 1.27771013654408927 3.4885220758067552183 3.583600653712399442 3.6877925933364634759 6.2485e-09 6.65951e-06
21683778.234086241573 5880 1.6146332492091488575 0.22741918685917988929 0.0949827082269543016 0.79784984891258692308 4.050992310260044249 1.351634029525375702 1.1330787100465369299 0.92710027142634365838 2.24295e-09 4.73286e-06
21683778.234086241573 5030 1.9571171789417363129 0.37202295244080890724 0.07555022446874534725 5.8154745692629354892 0.57511901915928231865 1.9911820012027532378 1.6133590288155450487 1.2416730008465708401 2.14686e-09 4.66428e-06
21683778.234086241573 6137 1.9749077923920965727 0.13615975086610013212 0.074731106403311112207 0.70828217572326834794 2.1996277957750542953 5.2449787107941556741 5.3587499613493063677 5.4674436772184629163 2.35406e-09 4.80975e-06
21683778.234086241573 3887 1.5678415752567522734 0.43343162347774077947 0.18405213943057738279 0.045649840657033514957 0.55643781669917735666 1.6155852840344995247 1.163259190103640428 0.76532572034096535418 3.51292e-08 1.18415e-05
21683778.234086241573 6503 2.1142070509294854652 0.54955793157592014442 0.38705778490389530777 1.7496681787237930994 0.32857461272244581352 2.3890003760465101657 1.8767169558355978332 1.3526749496896139924 2.13987e-09 4.65921e-06
21683778.234086241573 5607 1.5747419534630897608 0.11047255701088272428 0.16277324315003663391 0.10313674194298805276 1.8270110116184192783 0.026110054879195498251 0.02336890989085178838 0.020787521627537441926 1.18158e-08 8.23514e-06
21683778.234086241573 5029 2.0312528721058522585 0.34933422885708825811 0.21491189850797537408 0.36307232112025633608 1.2745293552753118593 1.3821433976846773106 1.0427336745981925503 0.74098406200558852852 1.87308e-09 4.45693e-06
21683778.234086241573 6282 2.8102417405985806731 0.09340300991131991748 0.056567237977768733415 5.8944814208566151947 3.4082288860358156413 2.4648329852233672455 2.4040079897369155404 2.3411942510516348115 2.68214e-09 5.02355e-06
21683778.234086241573 6604 1.4609117607521935334 0.081398433881877896301 0.12342311147807184801 3.6679986313424155497 4.7162076122236005205 2.0654287208632453599 1.9922838433656639978 1.9180092880948700351 1.33847e-08 8.58458e-06
21683778.234086241573 5362 1.542669500710664332 0.30584339705454577363 0.055878240896351280553 1.5118409159263532793 6.0338178491934435499 4.2349043741320979706 4.5325828310720961412 4.8334955368882663862 1.49782e-09 4.13686e-06
21683778.234086241573 6068 1.3502605942292966734 0.15276420782812066834 0.074122751601049835513 4.0355008407165273709 0.90256632457016350291 4.4207853797470288981 4.5710055300825995772 4.7222454562945497258 2.08722e-09 4.62068e-06
21683778.234086241573 5877 1.4266170535555258159 0.12196434992327008506 0.25573482214166598503 0.99793513132968503232 4.8727054047114295443 0.97003945270548630475 0.87250782005471561042 0.77909000182855070449 2.13222e-09 4.65366e-06
21683778.234086241573 5479 1.4584755728774780881 0.10674615869635332988 0.30964876314135397761 5.4025066216218249338 2.56323482611757969 3.2222039331022598319 3.2313099544125409857 3.2408740889889968706 2.12255e-09 4.64661e-06
21683778.234086241573 5257 3.1736779702369504186 0.1113378540887707685 0.21574613007161902445 5.534888730530705736 3.0224825666202779217 3.4972392547703239352 3.5382700286910115928 3.5812860608567604892 2.20895e-09 4.70882e-06
21683778.234086241573 6565 1.5378943531336231043 0.21101124682138377997 0.17020345730931996098 5.9636768482532271918 3.6182795178821094417 2.8618687763575061389 2.7962373003189071596 2.7248034371234344242 1.41094e-08 8.73682e-06
21683778.234086241573 6327 3.0335801215185100865 0.12052713142131461777 0.17070286435537096459 3.1177291910755338122 2.4798608956724992325 3.2688635119833264753 3.2851972923232533041 3.3024461194826795207 2.25041e-09 4.7381e-06
21683778.234086241573 5595 1.2085377171105726735 0.49281684206787723657 0.17646496091385885374 1.4395934291925471804 1.0942245169655413495 1.97841058838020456 1.4507065338037918867 0.96143901652155450144 2.78921e-09 5.08953e-06
21683778.234086241573 5226 1.175436122473227929 0.29543708790778266948 0.27951400055828556912 5.910690966804899027 3.3110103155788599416 4.3159141617839757998 4.6097925923984313101 4.9036761555513956878 3.2729e-09 5.36819e-06
21683778.234086241573 6709 1.2505401000005325063 0.16011910976491533498 0.0548613642649404612 4.5257399101951181208 2.6181968278101281911 3.0130450449736128071 2.9905920238235879083 2.9665057142423765235 4.47756e-09 5.95933e-06
21683778.234086241573 4581 1.6898748203910862742 0.24750440365207343474 0.23817667438652351253 0.87846249342373727842 6.2574689916882624274 3.0557487734206327801 3.0311077050582695414 3.0038177939089401036 2.62777e-09 4.98937e-06
21683778.234086241573 5923 3.0285293125442427353 0.051339089752969739588 0.14625615393682880883 2.5839306178016392401 0.69614719281749926072 2.862039451893192421 2.8475057262093601551 2.8326242645256027863 2.22479e-09 4.72005e-06
21683778.234086241573 3796 1.6134342984199496751 0.089606402192488013303 0.028060892561798358308 1.2140691036301929362 4.5996117515809613607 2.0977708253380860093 2.0184140194159496673 1.9376355711693111772 1.48625e-08 8.88956e-06
21683778.234086241573 1253 1.6939927244487411606 0.32281053580172314188 0.095532626638908990646 2.6034041524344462282 5.2784057605902656718 5.4004812541762197142 5.6312540248507421126 5.827110517221766095 1.21449e-08 8.31089e-06
21683778.234086241573 6842 3.1379211793551622378 0.08838186666033058525 0.12312595122754886601 6.0794118825530540917 2.7707655580751184843 3.2285589676653860813 3.2366054693241825824 3.244990250524689035 3.94698e-09 5.71398e-06
21683778.234086241573 5437 2.0284595743990205818 0.081683849365009261745 0.12803766877696826088 1.8663987655919782593 3.4409863831002636125 2.624183088403105657 2.5822263011988226822 2.5388808294181322012 4.54448e-09 5.98887e-06
21683778.234086241573 6001 1.784110224084030305 0.15568312584678539734 0.29481923194302267488 4.989154268452753449 2.0083729206638829545 1.9194823740511639532 1.7685102989190306655 1.6158601636761098508 1.89847e-09 4.47697e-06
21683778.234086241573 1517 1.5053917627971580284 0.47757253422969464518 0.22151750479025925089 2.9262446655382996497 0.47856538355065991741 3.7574103970003096542 4.1238452090462924815 4.5210661580088631339 2.17631e-09 4.68551e-06
21683778.234086241573 5753 2.072768515633665487 0.26949840727742141455 0.13925384568359386317 5.4620312979134633125 4.4148668225562008871 1.3763279874083873544 1.1153791900851139918 0.87334869806478332421 1.44813e-09 4.09059e-06
21683778.234086241573 6366 1.7727578715532763542 0.39942557714168747118 0.14018369461021903954 2.5768119150728421296 4.0621190295441333973 1.2098714972426298786 0.85059540352315143874 0.55035789051107619763 1.97281e-09 4.53467e-06
21683778.234086241573 5869 1.6056359180836961009 0.40905058101037794493 0.18895894091925805047 0.55830082113099721575 5.0635037404611864531 3.5411247278101982694 3.7476131492868143269 3.9806088264690369094 2.00715e-09 4.56082e-06
21683778.234086241573 6197 1.8994304922481586306 0.064683966917566074195 0.10673662736795661021 0.81483863231853526088 3.790455726330132169 3.9126644570804645085 3.958854702567245365 4.0060271156937803383 8.02678e-09 7.23931e-06
21683778.234086241573 5211 3.2033161983589018007 0.027745008817864083572 0.26551243439288035875 4.2097251788967477992 1.5612561254676173839 0.13246152274304182073 0.12884613775829789617 0.1252811834967213489 2.07199e-09 4.60942e-06
21683778.234086241573 6154 3.1667876443232723105 0.1110338156467959303 0.22755130501587847447 3.3004677090398093497 5.2554026422495603299 6.1967147219579432615 6.2058279799232405338 6.2144086951016728193 2.04677e-09 4.59064e-06
21683778.234086241573 6209 1.3656277896525628179 0.092799766922539828062 0.19779796026840704148 1.1428170319885504469 6.1444742571531598685 2.4464424412453764646 2.3846893091875287496 2.3209661611897005606 2.89646e-09 5.15394e-06
21683778.234086241573 6392 2.9825476816319476114 0.23715107084811432037 0.14456622380963893293 3.281546323386794306 5.3809340706128114817 0.85581034960425494962 0.68782146990082271287 0.53726481052021957119 2.75286e-09 5.06732e-06
21683778.234086241573 5076 1.587634582458616439 0.53838447240328446419 0.094105384773893685502 5.0491004232431651033 3.1163664288493087007 1.6807816259138639303 1.0978164779463002176 0.61853865296445598165 1.5547e-08 9.02399e-06
21683778.234086241573 6735 1.9849796213837769265 0.4993599628424956749 0.17146191525525081301 4.7162613093468905845 1.4374663559487346198 2.7381106249378439621 2.4612270253565600164 2.1470910159327374345 2.32036e-09 4.78669e-06
21683778.234086241573 5485 1.6510465948831605232 0.48937152546412993059 0.14007799165756362747 4.5460507376945411551 5.0093473086403745853 5.2063703014985245332 5.6103359957177048045 5.9153205593218780578 1.60307e-09 4.23156e-06
21683778.234086241573 6816 3.1159831766859533708 0.11183799286995202427 0.1641597684270287294 4.0071263798835961012 5.5251524173828796549 3.4114469705684333789 3.4430625965155514656 3.4762700005057465269 1.76213e-09 4.36713e-06
21683778.234086241573 6572 3.0018660830448706811 0.10323855796452519051 0.17642145795403671449 4.5258281426591651098 1.553739799005249278 5.5800117170674052858 5.6443843425804907099 5.7059386056987628777 1.66053e-09 4.28153e-06
21683778.234086241573 6740 1.9914081832031926833 0.23157958043451981611 0.21738946954916846255 1.6598491858042880853 2.8924085160473538281 6.1519099222095618984 6.1794358047027255765 6.2034189911900492476 1.33102e-08 8.56864e-06
21683778.234086241573 6480 1.7556260974160700084 0.079810255902574248066 0.13202894206341597716 6.2340210253341439284 0.44184564760428957086 0.57810192008427752075 0.5358422132987168407 0.49509385901131430785 9.59462e-09 7.68292e-06
21683778.234086241573 5642 2.8432740276927384038 0.14094211094545322505 0.090796884484698039963 4.4973180097499545482 1.5390661810973351731 0.94110306412921451713 0.8313151937524771995 0.72718457941829783842 2.80041e-09 5.09633e-06
21683778.234086241573 5478 2.039659717962906349 0.3647686143541228887 0.15707868754308243475 1.1919831740895945327 6.1293775095999798452 3.0750446972426024317 3.0440904721524448817 3.0085810617369941333 2.28234e-09 4.7604e-06
21683778.234086241573 5258 2.9610509030251539464 0.15969585839669656058 0.32247517687478771675 4.713892097862044217 3.2612643716247671222 2.6917243058508297793 2.6164156736039587692 2.5363495772113884286 3.58569e-09 5.53402e-06
21683778.234086241573 6815 1.6962267939252237969 0.17158695530745149416 0.24428846858223349225 1.0411967931190309056 5.1865544235489400293 4.4298819384883705297 4.5995886282958586833 4.770085111298697278 3.57143e-09 5.52668e-06
21683778.234086241573 6617 2.7222441685753455687 0.14792599940658127111 0.050808144619545067555 4.976519233121929453 2.4675189983154997009 4.0853729020746420986 4.2111530182848397885 4.3408825428654669309 3.93262e-09 5.70704e-06
21683778.234086241573 6667 1.8342661845488124062 0.34208044565611112064 0.34175586062956753164 1.3757773341013648238 5.9588100654821003488 2.6724712880324239528 2.48379943912943979 2.2746610270764962003 1.85586e-09 4.44323e-06
21683778.234086241573 6040 2.1132102393275986607 0.12784293407594643499 0.026256171563818771209 0.16412679782460296019 0.76276250498255049326 1.5118170756530451282 1.3843266376737908274 1.258699880682835559 4.48499e-09 5.96262e-06
21683778.234086241573 5950 1.6823042232131761864 0.094110539015277619446 0.14397663097870949667 1.6284797400414485757 5.1515793558959757092 1.0074397792910281257 0.92969360872894035719 0.85426996587997672261 6.81029e-09 6.85339e-06
21683778.234086241573 5158 1.9014299574737312248 0.046124561668948495241 0.064747325215301229639 2.1206153261874804983 5.563233516254202371 5.3697820276384025107 5.4058012978539053961 5.4412742896867118958 5.85576e-09 6.51695e-06
21683778.234086241573 5252 3.1396154915488612147 0.058856006705119298661 0.19798802862310133088 0.32449791124675930742 5.4647577315006090615 5.9423171240292225193 5.9614776003221985334 5.9800871113993467887 2.42859e-09 4.85999e-06
21683778.234086241573 6104 3.3430469171035448461 0.080906888640632265708 0.12281012768973215143 2.2584428511085707925 4.8336082368261301667 4.518237186976851838 4.5983379935514632209 4.678719248994168467 1.75259e-09 4.35923e-06
21683778.234086241573 6267 1.6133231104737584261 0.18229005851119020609 0.14367945861224848403 0.34478982479517877868 0.043359991235566108791 0.32529304932362396174 0.27126342063019587281 0.2224190051636128207 1.78459e-09 4.38561e-06
21683778.234086241573 1284 1.9078895018120871629 0.3091039376915707404 0.16611503786789760806 0.11921252790902640839 5.3261625254743876212 5.0450098659508633148 5.327872737002619985 5.5802543228752723437 3.64405e-09 5.56389e-06
21683778.234086241573 6952 3.2226413284634416456 0.08996068276370088046 0.129053774800749671 0.32913032487592974729 4.9404977047397284906 4.8240521057205425492 4.9131275282499249357 5.0012817630579871064 2.57429e-09 4.95529e-06
21683778.234086241573 6978 1.4955487569336711751 0.30425652636104305593 0.26213391526089968586 5.1197553379684803687 0.66834455869815279083 3.5401050107058442684 3.6810835671664823288 3.8373799248424718122 2.46129e-09 4.8817e-06
21683778.234086241573 5517 2.0788475265256241009 0.32443066605589460094 0.035070237756120149764 0.02546324055958219465 1.4002759874289962827 0.27904472250441103576 0.19992867974575617707 0.13549693384348837633 2.41819e-09 4.85304e-06
21683778.234086241573 6425 1.3432750042089904863 0.286251705502037046 0.1295898096014601597 3.3527271023350646573 2.1845168960567842298 2.0907864478544242459 1.8188767557049865253 1.5413884899290832831 5.02719e-09 6.19382e-06
21683778.234086241573 6573 1.7893507760435916065 0.083622363389828063829 0.24137130094687497817 4.1552552960067785648 2.9471660211582482169 5.8111177152333493012 5.8478359122497289846 5.8831017400479890256 2.46875e-09 4.88663e-06
21683778.234086241573 6836 1.674584370920565668 0.29498716451490930579 0.11707995494047065965 3.6218223378789100586 4.6221606892151898549 1.4713721818975811217 1.177719719798218545 0.90522975315503062532 4.61039e-09 6.01768e-06
21683778.234086241573 6180 3.0957967790169860223 0.046341872852100833569 0.17504911682690235675 5.3110496517593146493 3.9532066838585535606 1.8652985987191301742 1.820634880876703221 1.775731814206406467 1.88472e-09 4.46614e-06
21683778.234086241573 6102 2.2323289278787972201 0.51529822122354140834 0.38289562488422101971 4.3277412659336569334 2.6866131713428922367 3.8668615313443548409 4.3233771521528359116 4.8001745059016478478 2.19362e-09 4.6979e-06
21683778.234086241573 5678 1.7983574732569163057 0.076329633793924406282 0.082080090459194704477 6.0379910929595297375 3.9093363570379637828 0.65832816391896376018 0.61294202981373102634 0.56903139239130051674 1.85255e-09 4.44058e-06
21683778.234086241573 6119 3.1013212085530010853 0.050761225031763772264 0.17157591339439887124 2.8921924200748487799 3.9921257279608823865 1.7518001015645976448 1.7016169855994609517 1.6512895063814527763 2.96829e-09 5.19619e-06
21683778.234086241573 5063 3.500898250763045283 0.040989195669769294683 0.42358409875137681411 0.31424092465920949735 5.9275294146324206679 3.609078256472845414 3.627901501700801834 3.647058452587675248 2.23728e-09 4.72886e-06
21683778.234086241573 5289 1.9080511461744309454 0.11326945424447136535 0.15629049335644545904 0.075751550992196534096 0.69049065076555093956 3.8800889491964500877 3.9598980776830008388 4.0425834998899370376 2.13423e-09 4.65511e-06
21683778.234086241573 6619 1.9656862545754929528 0.12597144875072471826 0.10867683786055187811 0.42384901794693707888 5.7489067963128785976 5.3121429576483008006 5.4128617108748677822 5.5091716149943330549 6.69672e-09 6.81508e-06
21683778.234086241573 6054 1.7428951232750717892 0.12747488205584919796 0.11858484211009660825 5.6025314607738883055 0.63009228015481466567 4.0534086718163999663 4.1586353974433665215 4.2670599960178092758 1.3494e-08 8.60789e-06
21683778.234086241573 6960 2.9787205980808177941 0.20109802585579414358 0.11325926392159541001 5.2422216807812844763 4.6215769947372660198 4.5674402397402609211 4.7707733872258666352 4.9715287650934039121 2.28045e-09 4.75909e-06
21683778.234086241573 5360 1.245332578332791984 0.10678476893670582615 0.14921002421634033119 2.3947096038290704989 3.8411346022737240524 2.1285899287458991402 2.0351490734595403254 1.939671570552657931 1.47972e-08 8.87652e-06
21683778.234086241573 6823 1.8664676843085830082 0.1897742369015352204 0.20041837015100735786 2.6516315896376534411 4.7637507014178090969 3.8153559964010645977 3.9443338186860810168 4.0808314400907308439 1.69817e-09 4.31364e-06
21683778.234086241573 6677 2.3092289831621735097 0.10163033412591782056 0.25264651703897494928 2.0018000639995103818 4.9188032122067006924 2.1742917292015011554 2.0879522254233755518 1.9996122074335276331 2.33048e-09 4.79364e-06
21683778.234086241573 5841 2.1274674163566915652 0.55925594295343783457 0.19210646961378344266 1.764822055608227469 3.7343043403868048102 4.3631548932459729429 4.9841722071194070054 5.5228999457580520982 2.76225e-09 5.07307e-06
21683778.234086241573 6791 3.1509174198821252588 0.28484374341196588842 0.13676673214505238874 0.73320141997179177906 3.0662899935646503735 3.2535111118434301147 3.2914803232612994677 3.3340152027510479016 2.20531e-09 4.70623e-06
21683778.234086241573 6266 2.9675535649239761504 0.20070924733275238849 0.13076988762307256708 3.7647419516931499572 5.4675364946137747779 2.2065011944929602272 2.0333227920658827337 1.8537024628585871966 2.89198e-09 5.15128e-06
21683778.234086241573 6897 2.1652854583380833908 0.22691473129234851491 0.12098541068751270111 4.6126507963928933265 3.2031137323452401056 2.7967013256319592784 2.7095941646853805018 2.6145880239827796743 2.6229e-09 4.98629e-06
21683778.234086241573 6969 1.3817489098284103655 0.35414584633652179679 0.14957323436737585132 2.8410773998762071102 4.8066088484864550878 4.9470781988895531356 5.2852602995866808655 5.5828660712951680978 2.41679e-08 1.04535e-05
21683778.234086241573 6230 1.7344935251877007243 0.21930317553427403077 0.28888644908083066509 4.897719469959334937 4.4074684175437051081 1.7633864611092699981 1.5416683390976992918 1.3224581897425307098 6.03494e-09 6.58276e-06
21683778.234086241573 6778 2.9675589035397713644 0.09423862780801865735 0.12482880616711988786 5.1876528820443805756 3.5609921371260999656 4.3107400769928094775 4.3992496939472367501 4.4889056115344025955 2.33115e-09 4.7941e-06
21683778.234086241573 5681 0.96530217477574764562 0.34326914617896031601 0.29384417154988146104 4.9300851636478784101 4.1353991159159573243 3.1449669909598618744 3.1464185264992385882 3.1480750933424368476 1.72101e-09 4.33289e-06
21683778.234086241573 5931 2.7250065833121448478 0.083894640319276111984 0.42080188323723904942 2.6224116468574276695 3.6400649080391431767 1.0757478073438686561 1.003273916108026631 0.9325309874996452475 2.66585e-09 5.01336e-06
21683778.234086241573 5323 2.8001898693716826827 0.083382169522506710546 0.1415956066504477362 5.3191187202131953171 0.56093849859407884928 1.2804800457540654879 1.2014344616721033265 1.1236757594989850162 2.25995e-09 4.74478e-06
21683778.234086241573 5788 1.8404832855591393148 0.17741097176400416613 0.13336451248266270597 0.248645310068226294 4.5649486467131783485 4.0000760321659871721 4.1435773335178902599 4.2930534671035704974 1.43499e-08 8.78617e-06
21683778.234086241573 6138 1.9229974485354850433 0.28819020743201023693 0.16002637364100677497 3.6916387391277014629 5.9127407904718136678 4.9238355601290955121 5.2012923379693507542 5.4557206119461048033 1.20875e-08 8.29778e-06
21683778.234086241573 6726 1.6947308047815963228 0.34177950611927476743 0.14527928502096212893 1.9176072262264607371 1.9921999183272625089 2.2643550355433275101 1.9613193446385914775 1.645272387445469997 2.92983e-09 5.17366e-06
21683778.234086241573 5559 2.3702133536608362974 0.58893433573591058572 0.53606409055014714315 2.1064054317512765913 1.7174747486805530539 0.62804353731615136791 0.32741700123993766613 0.13801670596602624852 5.44342e-09 6.36025e-06
21683778.234086241573 6737 1.7523281290021719414 0.32780675810107873236 0.14678434101095863551 5.7963944146454711159 4.0311392708220825654 6.0768121578192264565 6.1360916307989752383 6.1841362403901953826 2.16814e-09 4.67964e-06
21683778.234086241573 5663 3.1751513800303770019 0.12421944966232194296 0.31406493665935514281 2.5120386129249907547 1.1203995805342128467 1.6297011879275375978 1.5049186313603650778 1.3809686324068994878 2.69499e-09 5.03156e-06
21683778.234086241573 5227 1.6414634798168410423 0.089512529777713109591 0.16071046182897982812 1.7685181551499535857 2.3887711187871549789 2.1340805792107158112 2.0564234938036247691 1.9772601892639094512 5.94474e-09 6.54979e-06
21683778.234086241573 6118 1.9176552832515549873 0.10864499520010999223 0.091340173015551251456 4.8352120037341457248 4.6609238159169450455 1.4462240423657843902 1.3389310143601611536 1.2331934187625246402 5.68798e-09 6.45411e-06
21683778.234086241573 6356 1.9122904378520269031 0.080733091919189536867 0.033930672181010500255 1.0616995083083320406 1.9812490985981627833 4.0528097179568920438 4.118313449693312478 4.1852142437164125965 5.8318e-09 6.50805e-06
21683778.234086241573 5831 1.9537172655959496037 0.12959460827126134674 0.25715132249988043034 0.62194720377991341564 3.2021690644999125652 3.0275590441943256437 3.0117272710913796097 2.9949446838058633169 2.32205e-09 4.78785e-06
21683778.234086241573 5138 1.7730731602768505795 0.2613569461554887674 0.13258366582179614834 2.9246210399243164346 2.5487721390839124247 2.1873163581983479098 1.9533017884982886159 1.7108324829573975379 2.37553e-09 4.82433e-06
21683778.234086241573 5736 1.9683558301789334521 0.43928337498680630757 0.1204391868606855126 0.44042033381239342749 6.1569712136763810051 3.0598877588830144525 3.0108035658556508984 2.9535137517409584262 1.87923e-09 4.4618e-06
21683778.234086241573 6132 1.9929143054294999882 0.26500821409240099547 0.14025323468576897379 2.5019940277730410294 0.097161299893288519125 3.4347345636191821683 3.5242103400336781682 3.6231511961556384094 6.69157e-09 6.81333e-06
21683778.234086241573 4460 1.7635058995804311355 0.26520714405633905031 0.10078095231327187375 4.9982777015628236938 3.119627998277285208 3.1629705013260478452 3.16964378585610973 3.1770821709403671562 1.068e-08 7.96233e-06
21683778.234086241573 5256 2.0898330238578930462 0.3833577556590629376 0.19729067836056574103 2.9627414804447687047 3.8042300839178673222 1.6047714751789452503 1.2089528218610900989 0.85041908545107136597 4.61883e-09 6.02135e-06
21683778.234086241573 6023 1.7017000996139126645 0.028762895813494136765 0.032956481385783109594 3.8800783297577230435 4.4671120083334185935 2.6581566103948293112 2.6446118523626571672 2.6308984583391761269 3.26695e-09 5.36493e-06
21683778.234086241573 6504 1.7184393365716694735 0.10348526583294287429 0.21111464044212924218 2.4180365607403921935 2.3138156709032573488 1.7992466102633810632 1.6970660971262279126 1.5944047231185414226 2.41361e-09 4.84997e-06
21683778.234086241573 5667 1.8819080533908225661 0.21416165811979054334 0.18776986547713669928 1.2071875065137978034 2.6441809224274921419 4.2530354608754183943 4.4563463176013602407 4.6635262548760687551 3.20823e-09 5.3326e-06
21683778.234086241573 5778 23.109289033800280322 0.5764165173695423583 0.48851281840754062769 4.6773676914852604369 1.3434724992183633141 1.5427809676264276906 0.93374970945651636356 0.47039383124657091484 2.56945e-09 4.95218e-06
21683778.234086241573 5964 2.318348677751068454 0.34106856739138752266 0.32014903545952294595 1.6330234448978646622 6.001784727219153126 2.5399468666571491937 2.308245054240183336 2.0557907235806820445 2.1711e-09 4.68177e-06
21683778.234086241573 6746 3.0092370266428845049 0.40729658877870655864 0.18173026885318990797 0.80121097627284365572 1.8645613865345600502 2.8642922659502327853 2.7179914820747463899 2.550573851771166467 2.1751e-09 4.68464e-06
21683778.234086241573 6269 1.9691114247560694839 0.2118357872160675226 0.14001189557974025313 0.37135498233273184221 4.1544609648515500311 2.2971668028715104271 2.1251375221942563343 1.9450246930911534449 6.27461e-09 6.66877e-06
21683778.234086241573 6182 1.9982635733088029983 0.3958666177265845465 0.24699738196279999447 1.6786519318604615769 5.6155621189365723112 4.4725430883574812668 4.8880375271683558225 5.2778131093528459772 2.64006e-09 4.99714e-06
21683778.234086241573 5435 1.6273406570495412282 0.18648652349921063243 0.14846567244611186265 0.25411573059504344307 4.3327337575936466507 3.9937258443929568585 4.1443973042560511288 4.3016022793581605299 7.17242e-09 6.97277e-06
21683778.234086241573 6415 1.5548331313239451834 0.098209571606407239375 0.093239880902265023788 5.2121020515200973122 2.65545958347811073 0.2012600163453645008 0.18248600632477715577 0.16466343813284892161 4.5356e-09 5.98497e-06
21683778.234086241573 6920 2.2788374865070517572 0.10638979208714734181 0.32274360185351419483 1.7035272653396651421 3.0503265421608349861 5.7978562415223713344 5.8453766025860307565 5.8904811790086428758 4.48089e-09 5.96081e-06
21683778.234086241573 6103 3.3392824444063315958 0.03622950074844874524 0.11428565577168901812 4.4293488002734875408 1.4908655925317850777 1.0764378006418851008 1.044810052801262712 1.0134777231059839409 3.07621e-09 5.25842e-06
21683778.234086241573 5534 3.281313503075500293 0.12523606665872064059 0.10430053685966698962 2.028280352047835855 6.147793688269246104 5.9056676112386838895 5.9494479651672067533 5.9904723501544019371 2.18919e-09 4.69474e-06
21683778.234086241573 5578 2.8774405470909085736 0.06571136304718859511 0.21020054575035265754 6.0472934381455667463 3.184343661796937841 0.31872827415633381287 0.29873976218315295705 0.27939985526767163737 3.04211e-09 5.23892e-06
21683778.234086241573 2992 1.4828573519386327728 0.20354751904293680309 0.071951161821866713164 4.4986370105984523349 0.62694767649609317584 1.8774848616046093674 1.6757847973478701142 1.4733580575467641882 2.07761e-08 9.93967e-06
21683778.234086241573 5643 3.2773346241815648483 0.037775128619468426039 0.07476458559280901861 2.6270514423606439181 1.1469946703010440725 1.385992381833095477 1.3489799650831573175 1.3121303476724102133 2.47115e-09 4.88821e-06
21683778.234086241573 6683 1.3847102956824139941 0.34631914511497924325 0.12379797067623543594 1.5540355968393755326 4.5251076848130518115 3.396667653022991118 3.5055834183669740689 3.6288752373963171216 2.07491e-09 4.61158e-06
21683778.234086241573 5234 3.1102300795912167786 0.21641090813443547569 0.083944776210461813371 4.4401801528661239971 4.5944526341292712956 5.9639143872449444927 6.026160819284101855 6.0811733189488457185 2.35138e-09 4.80793e-06
21683778.234086241573 6292 3.3449765844812078264 0.046701640078594015837 0.28227017599539994119 4.1662307761284091967 4.7867291592028076153 0.46859392990754406005 0.44792210796621045876 0.42769592819256574412 1.7586e-09 4.36421e-06
21683778.234086241573 6557 1.922886694941980501 0.15240358746526555533 0.13140968711796502388 5.8114396681121345267 0.9521309728836601094 3.7629580516093477094 3.8580601510843122171 3.9581473677684981816 1.93092e-09 4.50234e-06
21683778.234086241573 6401 1.6963050629201823494 0.22967979589494325054 0.055105966236437452233 3.3736872903288031011 3.8131050576330878243 4.0898378344278043528 4.2920347748148355294 4.5017196702165778177 1.93159e-09 4.50286e-06
21683778.234086241573 5864 2.0115740543325668632 0.25312747997610413053 0.17103109256526202731 2.2069937659349569969 1.7584408773917099555 1.1148557935624401338 0.89707494394942910443 0.69925447242630756062 2.76427e-09 5.07431e-06
21683778.234086241573 6243 1.2037574866017353159 0.23002237212458520599 0.2730420116816928422 6.2419886990936204185 1.3134323493795407867 2.9800243121596579066 2.937648651378817366 2.8910614933989418063 4.7797e-08 1.31215e-05
21683778.234086241573 753 1.6187570876160508604 0.23285242637303821267 0.12180216715979078068 4.8070692274632529362 4.171730492823080283 5.853318096912176749 5.9421180145487468849 6.0200055438175139599 1.27811e-08 8.45356e-06
21683778.234086241573 6135 1.7326710394211106703 0.16948265568635698108 0.12730536436882552986 5.27859765648136392 2.4610170193228890767 3.2542283052144655997 3.2751941253858380954 3.2977699568435556721 2.38172e-09 4.82852e-06
21683778.234086241573 6402 2.9697420387371478157 0.19329378948613651357 0.19889440918810039061 3.5189431785748972459 4.6292387923439566322 4.4990445283735711612 4.693165174767213621 4.8864232490388381791 2.16272e-09 4.67574e-06
21683778.234086241573 5191 1.4688632941623622763 0.19993125954671614464 0.25030519306465870422 6.1984175904862448547 2.5292347454291248532 2.4440303555061939633 2.3036422278117547613 2.1550386123128135729 2.79475e-09 5.09289e-06
21683778.234086241573 6242 1.8406307361021734259 0.3824473900749468247 0.22487998829618208174 3.9697789958731415361 4.4331138815016499777 1.9926731352148241427 1.6028460418443570834 1.2205950569213772638 2.33848e-09 4.79912e-06
21683778.234086241573 5118 1.8740819515101492243 0.50342257054409100814 0.15826380441162440915 3.0921400641699934297 5.7968959040518752701 2.5619710089676082099 2.1843225855956882597 1.7727127901442147895 3.95744e-09 5.71902e-06
21683778.234086241573 6395 1.8686139449413472491 0.21545678141853594201 0.075926854003180749286 3.3919049431664958227 0.56774988684355454094 1.6597397660553501186 1.4413336494582433822 1.2276799383820589107 2.27089e-09 4.75243e-06
21683778.234086241573 6129 1.9331847125390646536 0.43831691004353956487 0.48254351897703257057 6.0858244912407268856 3.603014416886467064 3.4787815158942807514 3.6734408290480717874 3.8957232106617603051 7.14833e-09 6.96495e-06
21683778.234086241573 5885 3.4902573570535468939 0.045424881774311268168 0.25892321652168354129 3.3147553923577546264 5.7577177041134603996 2.9425368612107103417 2.9333450428501066654 2.923953644334695845 2.25928e-09 4.74432e-06
21683778.234086241573 5080 3.2474875694148730432 0.13603169844967338831 0.21489971829489856736 2.7362388554559009535 0.74162990150417218427 2.7135004656600720807 2.6530227038325424616 2.5891743724534235227 2.57476e-09 4.95559e-06
21683778.234086241573 5276 2.1412796765033239588 0.42625501660472325804 0.21603036141089265731 0.74230086039145071197 2.1866368652715464371 4.4146600139432488064 4.864878152493130159 5.2861869220353963073 1.69322e-09 4.30944e-06
21683778.234086241573 5240 1.8299281056771874443 0.15747242772171979319 0.11753628047586045513 1.4751383691098700623 2.835142397920212165 1.6375001443350243324 1.4788855544455936641 1.3220777898846793885 1.54708e-09 4.18172e-06
21683778.234086241573 5494 1.0716810857358205489 0.10121585302330288192 0.27969368333357819134 3.4492269255913723391 1.3467946132881991606 2.244589694882382247 2.1627430338915361041 2.0787484475906681247 2.97785e-09 5.20177e-06
21683778.234086241573 4963 1.8999074309022800922 0.032632779108641568611 0.15713682971461853666 5.3000175125120279063 6.1014162187819254157 3.9933596033262093172 4.0181861449929865415 4.0432665226142523451 2.1769e-09 4.68593e-06
21683778.234086241573 5818 1.4802870123203526465 0.30798397686974743337 0.068355664656771161769 3.9961853418942174798 3.0503068710375420558 5.0948675508911520637 5.3696815692880282 5.6134968669827998156 4.47796e-09 5.95951e-06
21683778.234086241573 5310 3.4754135147312341658 0.089629543859925983607 0.35082509814893308997 4.9408910068255194048 4.7147541038793168156 6.2806498835190431862 6.2808678046345969292 6.2810755211446638313 2.51895e-09 4.91953e-06
21683778.234086241573 6997 2.8298482825012429842 0.20375752243126829533 0.20162553038035674335 4.4735110569606417741 6.178282895880397696 2.0346804701519980441 1.8422272280433358294 1.6459296264082610151 2.77488e-09 5.0808e-06
21683778.234086241573 6793 1.3560982777526551235 0.21769162368761574289 0.27031665260278819884 1.5514367091709830859 5.5279805617505255455 5.9100217125692138254 5.9828415297190158384 6.0472452945059895768 2.0508e-09 4.59365e-06
21683778.234086241573 6702 1.5323954320358528225 0.38550004607174803706 0.13163102016287678286 3.3654508325832797055 0.18847250512121735411 1.9887302795820909207 1.5949506447558863265 1.2095630495700702145 3.70623e-09 5.59535e-06
21683778.234086241573 6411 1.3233139165956351313 0.14548953830415820021 0.20749892342235007336 5.3658581513048373424 2.0056486349179869499 3.3322450627003998846 3.3621048558474591061 3.3939277027319878499 1.36815e-08 8.64758e-06
21683778.234086241573 5401 1.9875209532073381258 0.27153530602722097953 0.13341405980413542642 0.46782120099316287787 1.2222642720566962993 2.845358114739763522 2.7523192128010331992 2.649267134435346005 1.17442e-08 8.21848e-06
21683778.234086241573 6159 2.2243597141626163527 0.64771219363166221417 0.38363118434023169012 1.2761704689397448398 6.0322899511797967165 2.7309916549289758869 2.2953130530722045677 1.8102933309911053428 4.4573e-09 5.95033e-06
21683778.234086241573 5740 1.5360501344040453642 0.25070716195307984897 0.061985750376855872079 5.2933998716348131808 3.4045826822069087392 3.1805402358498517934 3.1919074593259950667 3.204516419806608063 3.09097e-09 5.26682e-06
21683778.234086241573 5902 1.4052433534833987938 0.13621490524821810997 0.2121939116979740525 5.5141596323754100695 4.208760204508125824 4.4079557794364747636 4.5410527222628864763 4.6752731437730297159 9.06561e-09 7.53904e-06
21683778.234086241573 6272 1.8311345262195981576 0.24353723692862658257 0.096430781652484906519 3.0847422910722643863 5.1453665363547926859 6.2144459532951614733 6.22956407318894545 6.242616583414128506 2.92426e-09 5.17038e-06
21683778.234086241573 5691 1.9363150296627305025 0.2530643541030115351 0.14782990574551346796 2.0709996142465079139 1.2166256805922548434 4.3469133150031833424 4.5974325387299250778 4.8488266128133625799 4.69105e-09 6.05257e-06
21683778.234086241573 6501 3.0461121463172236012 0.24789605601547506919 0.45441739510307427308 4.0348116516605383453 3.4842667366461275158 6.2540815564536424986 6.2605903840471945898 6.2661910997932181999 2.93548e-09 5.17698e-06
21683778.234086241573 5111 2.0125007242337096258 0.17536640537623260361 0.10217428351054830271 4.9258827570625296488 2.3927167325731071301 4.0965881786287452471 4.2483278319339099482 4.4051478675347635061 5.46463e-09 6.3685e-06
21683778.234086241573 6692 1.6210015151717402926 0.17224833184837956557 0.090217095669884186937 3.3004953350957002556 4.1896415789421679321 4.7708730230619842416 4.9428223976070633228 5.110517774419928827 8.86651e-09 7.48344e-06
21683778.234086241573 6140 1.8587407770498478587 0.17789867821050472929 0.07595080015766060566 3.2327793137563496373 4.1839915364458661884 3.5917212339024242596 3.6765452162224283583 3.767238003286581538 1.67728e-09 4.29587e-06
21683778.234086241573 6655 1.6100548346169754055 0.28726319664769084383 0.065741318137772994379 1.566284314253173493 1.6685714800305899708 5.9860897449055476827 6.0613898800901404584 6.1245824468983212086 4.63012e-09 6.02626e-06
21683778.234086241573 6121 1.8985604630976311569 0.35046163601327862125 0.1885565383670748385 4.9289398120398910663 3.7994030875664193125 2.1369410520030251988 1.8018066019423448765 1.4606547766776434294 1.90564e-09 4.4826e-06
21683778.234086241573 5251 1.7239887982914059439 0.48471113761147549548 0.23567867160481589806 4.0438098715350605517 2.8994090587553036364 3.6313258925951115152 3.9439089796474862126 4.2924007598317990286 2.36533e-09 4.81741e-06
21683778.234086241573 6255 3.2415759435186717319 0.09424501571000960809 0.19298808501710654206 0.34321373241807834331 1.1341730148843836012 0.22655668918301882786 0.20627397497153096562 0.18697124865721279074 2.45838e-09 4.87977e-06
21683778.234086241573 2182 1.5576386103678170336 0.20873378708477222099 0.29340170984958396927 5.4851169951965372817 3.8666271941954986069 3.3544391406503373254 3.4041412151527148389 3.4583165288615846933 1.98345e-09 4.5428e-06
21683778.234086241573 5176 3.1117610904432186913 0.087849784392838206615 0.1004826017897299667 2.3697961832914464786 3.2341304871451495018 3.5753803898237150882 3.6139101771489063886 3.6538775505729970128 2.68297e-09 5.02406e-06
21683778.234086241573 5288 3.1523194618732830463 0.24100115336716174119 0.23450849728713865638 5.9399038920877273995 5.1299691951193846506 2.6647777149034284072 2.5389957393310207401 2.4024001674443637988 2.94866e-09 5.18471e-06
21683778.234086241573 4971 1.5608526426524564901 0.028438624699084209813 0.056793613807481518885 3.3577414370160600932 1.8712151281017259663 1.7077295357818718102 1.679498481858020309 1.6512277094291900603 1.60974e-08 9.12926e-06
21683778.234086241573 5853 3.115555256328079281 0.14365333295092133636 0.19981573132276894689 2.7262038191665447506 5.861372796818837827 3.8367962531092500988 3.9346432038398524433 4.0369957840092629553 2.34516e-09 4.80368e-06
21683778.234086241573 6126 3.0473897379669563357 0.27807180089367528053 0.19169192983179844658 3.7871296840756754065 5.5015698505995613843 4.4177675856657776521 4.6990018826208874714 4.9770487666530822679 3.04059e-09 5.23805e-06
21683778.234086241573 6186 3.2432165559555397039 0.035760690858082568033 0.2069791421018992994 4.014014042921331793 0.21346904850194964309 1.0943283575951670006 1.0628017678005927671 1.0315568739501328466 3.14704e-09 5.29848e-06
21683778.234086241573 5890 2.0141467562834574068 0.21567474787878959663 0.46179085011858045373 4.9438609428892572595 0.84755764266654287642 3.3553348155066449188 3.4071424687276437027 3.4637441174258580823 4.73576e-09 6.07174e-06
21683778.234086241573 5345 1.8726299749383674698 0.4283630315917621445 0.030851220325315713983 3.7938270804749181231 1.6081832331179302109 3.6725922307808760436 3.9535057118277983079 4.2643280260383384928 2.62039e-09 4.98469e-06
21683778.234086241573 5160 3.033542132098877353 0.075471814005233714417 0.21399285390513106409 6.2013033170206064426 2.2037456239628010479 1.7668107100693510869 1.6921634427850851257 1.6172467958474818772 2.48083e-09 4.89458e-06
21683778.234086241573 6162 2.0688657584278771218 0.21494069945529448162 0.27494904689066057557 0.33519670608586565885 5.964102762221726195 2.8093183878733993808 2.7302904002581853682 2.644356396452864022 1.62993e-09 4.25507e-06
21683778.234086241573 6691 1.5906606463685837305 0.35283565958836338172 0.25853557280187577927 1.7395651321469625117 2.7410416399631292173 0.061537641751748688168 0.04256935881028308527 0.027553907017776137212 1.99622e-09 4.55253e-06
21683778.234086241573 5888 1.5334066320790820104 0.33461225884810813502 0.054513114409934712579 3.6083931605087218308 4.4869027450633165444 4.0695639202970461668 4.3747065757920964302 4.6904216143840775644 2.79797e-09 5.09485e-06
21683778.234086241573 5767 1.6669583462725694467 0.13475083136774840264 0.10586031863177751411 6.2340875071156505172 4.5458232841494687904 2.738180728821766774 2.6815283455081657671 2.6216982043307601735 4.97944e-09 6.17415e-06
21683778.234086241573 5626 1.7072043100079039579 0.093641512514000171952 0.10803924651455718009 1.3866983358218090139 0.85473338216023719838 0.23278382340959871688 0.21208041933233010012 0.19236942765735889904 7.93289e-09 7.21097e-06
21683778.234086241573 5231 3.1427268885275001509 0.11338728025438037095 0.25327653516161652281 0.30066599277593175632 3.7573272719687533794 4.5285612168692921387 4.6414536009509514969 4.7545557281565580254 1.89135e-09 4.47137e-06
21683778.234086241573 6089 2.1091660063582882145 0.19839628031372114059 0.21146080649229601067 1.9110932095914334727 1.2882750586139999349 3.5932270502972696313 3.6892749797219801522 3.7925818975308689396 2.91473e-09 5.16475e-06
21683778.234086241573 6474 1.3594561075378457371 0.33336271315966709006 0.31054201480393972545 1.2286939661192608497 4.4795670159635667673 1.6118145224813873462 1.2698669507332775996 0.95148508213498472763 2.46607e-09 4.88486e-06
21683778.234086241573 6127 2.8240248758094566028 0.10885766615153091852 0.23433180271482592638 6.1860450043198831338 3.9303925925862150947 5.5304967715424915298 5.6022433682892103235 5.6707720091820483788 3.18976e-09 5.32234e-06
21683778.234086241573 5364 2.6588710149897947232 0.10954563955506559092 0.15341038103614340615 4.5993639434810393851 1.5817396535288954507 3.1926229364060270122 3.1985528586907103765 3.2047892272308895478 2.91675e-09 5.16594e-06
21683778.234086241573 6586 1.8757485323892533202 0.28699036747646045065 0.097484083376798549847 1.5842802642547300085 3.2383736542358017019 2.552188587436274414 2.367152184140230986 2.1664551636185445105 2.89513e-09 5.15315e-06
21683778.234086241573 6153 2.7589475570009116545 0.35434599628536816995 0.78042835232077367724 1.6992827870451276961 4.6226619696190009989 4.6163140594514224802 4.9831988908118383108 5.3246305884172775436 2.21408e-09 4.71246e-06
21683778.234086241573 5236 2.2675497728850282364 0.59322833171639821614 0.220257736580108332 4.9192697613132807533 2.1795013511729788291 3.6935930734507342876 4.1633802693847368204 4.6694290926466228697 5.32813e-09 6.31502e-06
21683778.234086241573 6100 1.3520438530787228792 0.26192545687244978003 0.20495349987773403555 0.85042696035341003302 4.3954622250135040318 3.8467424412256732147 4.0384545676139387282 4.2431158879490435964 4.52552e-09 5.98053e-06
21683778.234086241573 6253 2.0201467798707994916 0.13561606564402309272 0.1038344887627380142 0.72179863362106544411 5.3801227090417249599 3.6641621701985607196 3.73639798169441395 3.8123901086508253933 1.17298e-08 8.21512e-06
21683778.234086241573 6895 1.6608961139709865762 0.2844511065825239271 0.11132250850503605522 3.5180394455685934929 3.946389263388176083 2.4159039866733884594 2.2004911020467745608 1.9705956434236235886 2.5437e-09 4.93558e-06
21683778.234086241573 4732 1.3390516836810655299 0.29160436171120490689 0.15724328049257821349 3.2299921307210976984 0.077172627288432785186 4.638694989335281349 4.937033385588744494 5.2213107155748588184 1.92787e-09 4.49996e-06
21683778.234086241573 4786 1.5859932630764532746 0.078822427459614416434 0.087209805981612362191 3.3422192714717833262 6.1413983299115200154 6.1861683607447730537 6.1935262728584916658 6.2005839509023497058 8.41208e-09 7.35334e-06
21683778.234086241573 6029 1.902602109709546907 0.25328191466910005003 0.066200679319695573954 0.64116248199054348689 5.8558271728563022762 2.698669436521667464 2.5739547712491877007 2.4377798075003447309 1.02352e-08 7.85023e-06
21683778.234086241573 5692 1.4380647623841325 0.18188956003327561017 0.21630766619303898324 3.6343919705977536516 1.2982977713932744024 3.5691686510267661703 3.6521041187446838805 3.7409796433524369341 2.38697e-09 4.83206e-06
21683778.234086241573 5921 1.6543598565664512368 0.048763196342050368903 0.13316807297440130808 2.7648647414862899119 0.28545631178810959572 3.0586239300493640592 3.0544795927599963647 3.0502370521096269229 2.32801e-09 4.79194e-06
21683778.234086241573 1123 0.74193860353654750295 0.044532769843046264568 0.056118497357310365148 0.64723336720352786511 1.4848839634699146917 1.9237870758695037043 1.8816610773002102608 1.8392627892015147584 2.23345e-06 4.72617e-05
21683778.234086241573 5717 3.1700265684603197158 0.17044768007674573895 0.19129064486587266103 2.4464464261462435246 1.0533329886893758598 3.6158446289592123257 3.7006904304519898652 3.7910995562936573577 2.31886e-09 4.78566e-06
21683778.234086241573 2895 1.481980908543554909 0.16065725517083537244 0.064766421505373206191 6.1493182258844614196 5.9615242718173186987 2.4643977239145957725 2.3563612444323909223 2.2427783550212425645 8.56806e-08 1.59396e-05
21683778.234086241573 5459 3.0059105965539534289 0.23893273788704980087 0.21084786441875819074 2.9909470525809509489 5.808371986790907826 3.0656136736290169331 3.0446812885997633913 3.021562218850272874 2.51526e-09 4.91712e-06
21683778.234086241573 6313 3.2294882734477012853 0.080697024824710972268 0.34127895807449104559 0.8357390497916235006 3.5947277400209474152 0.49866387422821178976 0.46133661938384079582 0.42541471070134084798 2.33149e-09 4.79433e-06
21683778.234086241573 6204 1.6559008335810547763 0.12606090656189958277 0.21256316382213572003 1.1363825013232848882 0.68073226015084364882 0.65316815493699631467 0.57996668388994687682 0.51088580266390093421 2.26769e-09 4.75019e-06
21683778.234086241573 5181 1.3237579791290221554 0.21664125187954350049 0.21954206607423765174 6.1825428426674298166 1.1000674252070947734 2.5638908585008932661 2.4322448786126038556 2.2911379801271039014 5.47157e-09 6.37119e-06
21683778.234086241573 1147 1.1887315198810306516 0.13821486406994074048 0.27215222713116637987 0.9997329769553439105 0.93728348277336837047 0.5496213553305947519 0.4811570494964641509 0.41719049676910929803 7.2768e-09 7.00643e-06
21683778.234086241573 5623 1.3865931710571990365 0.01565047799770445669 0.15557732694626291714 2.0502328442971666789 4.8427604817378213653 1.0958071185288793536 1.0819381917302794971 1.0681208593150601782 2.3084e-09 4.77845e-06
21683778.234086241573 3539 1.3202241595898236426 0.47498868940485639012 0.28913253596803739631 2.4764493313039315225 0.12068383009457822608 3.7822757638599444618 4.1566064561197837435 4.5601035691411127004 4.11193e-09 5.79249e-06
21683778.234086241573 6332 2.0172000446745115276 0.36848348986584344988 0.049581698810557184309 3.6788363092400695464 4.7354380955753416771 2.5626050673814684266 2.3151405703438650008 2.0441090509598205394 2.19525e-09 4.69907e-06
21683778.234086241573 5713 3.0922963700103092144 0.18336830225908021252 0.2063476096468684351 4.4034777970377820822 5.4732455352845050811 0.25154908375452927904 0.20930753432617008047 0.17120679225977225579 1.49134e-09 4.13088e-06
21683778.234086241573 6609 2.7242909982719369921 0.20799137686173257977 0.086493860116753168432 2.5144750613167285991 5.4846826714667233915 3.0839354558125093853 3.070396369937795189 3.0556006639551620552 2.84425e-09 5.12279e-06
21683778.234086241573 6404 3.0769286066697918436 0.092609960940059743439 0.22994560635641492219 3.4140453451939505314 3.7036155585552572589 3.6419817076004425971 3.6883901223451687201 3.7365430713134446528 2.07676e-09 4.61295e-06
21683778.234086241573 6730 1.8018192671666390936 0.13967960544776669707 0.16235187790761232418 3.1893323477302408797 5.4415979038218473818 3.1619018447927498272 3.1649675158530410357 3.1682322100761992623 2.57888e-09 4.95824e-06
21683778.234086241573 5328 1.8730958830522348446 0.35852613452699072516 0.19780532819325813421 0.36883042752272116038 4.112036379925541496 5.1228222130708642723 5.4368432019653392118 5.7053295260200300731 2.1043e-09 4.63325e-06
21683778.234086241573 2850 1.6750099142064178714 0.31053461055258352319 0.33936457725795160512 3.6580362442046094884 4.3143452584285428841 5.6336018554130857794 5.8041074874194578115 5.9472518351752858834 2.86233e-09 5.13362e-06
21683778.234086241573 6171 1.6789606095327840318 0.13012676747568163726 0.28791725269595302983 2.6718660035216230675 5.003139877287587467 1.1752952353002270591 1.0577977563295763996 0.94442132896830077726 2.39216e-09 4.83556e-06
21683778.234086241573 519 1.7837680822613282139 0.096346177302098309769 0.062873483508916847007 2.6889973883853031111 0.3615649165575922086 5.0961197142186263065 5.1840206784199454049 5.2698485631848308586 3.92741e-08 1.229e-05
21683778.234086241573 5290 3.1795414384077904657 0.046118632201550678607 0.11603329998947309321 1.0698918815169027319 1.4052786576032256782 1.8110925051751869397 1.7660353134019901589 1.7207928736933715275 2.68653e-09 5.02629e-06
21683778.234086241573 5209 1.9245449184230702944 0.38656198722462942197 0.21935992874174517486 0.76445588633812788792 1.1454287273289398552 0.55482390143768112178 0.3743707100795726217 0.23301005626669510362 4.75685e-09 6.08074e-06
21683778.234086241573 6809 1.8248360436311363841 0.1928189775100778991 0.28868230282752321836 2.2583004861735807012 4.5044245601081094321 4.0318031860891068163 4.1926036744501740117 4.3599562468745096666 1.72631e-09 4.33733e-06
21683778.234086241573 5074 1.5917828535930864664 0.011658752041413127792 0.0095367768671356517585 1.9667556212195678178 0.36999116942496851346 3.8455143179113000507 3.8530939078007238052 3.8607067409592588092 7.61828e-09 7.11436e-06
21683778.234086241573 5569 1.9119233901739822734 0.3893694647154479771 0.19312344562462480102 5.3405022131393948825 3.946584559261726799 4.1003542109266266635 4.471543470163624967 4.8496744268352021123 2.77052e-09 5.07813e-06
21683778.234086241573 6268 1.9926161585788018105 0.39422187877015379964 0.72356543903511572058 0.45057552339584766576 0.2551835747190110415 2.980291669513182029 2.8975719560139472364 2.8023255253245098473 2.30383e-09 4.7753e-06
21683778.234086241573 6061 1.938548604767651673 0.21856199034604853471 0.091574569955075485472 5.3511056801340215472 2.6259499329041497973 1.4991844455398648517 1.2811162164442413403 1.0716605459360677433 4.03777e-09 5.75746e-06
21683778.234086241573 6189 1.7502806846196228285 0.20642519906416781361 0.19941595363866099211 5.4110032219600192605 0.10029545241222474761 3.8536226399224240424 4.0013864500237366073 4.1577964772027939944 2.99935e-09 5.21426e-06
21683778.234086241573 5438 1.0126264167735061772 0.39233645771564890081 0.22039806966811545386 1.100926607243074562 1.6651363330603174973 4.1299401089977427759 4.5098637602281765879 4.8941815550911176302 2.41055e-09 4.84792e-06
21683778.234086241573 6732 1.9831436944820544088 0.24470613961695336647 0.068939906136229148204 5.8182659400709475506 6.2607093754605145364 5.5422375163212267424 5.6955755927745927991 5.8312341306632138327 1.92356e-09 4.49661e-06
21683778.234086241573 5002 1.3038865312269112273 0.2755987901149909991 0.061982334841397174197 0.78042604224736700225 3.3742337019881261106 5.1280909308435669303 5.3702002924227523195 5.5882905057828340389 2.79003e-09 5.09002e-06
21683778.234086241573 5196 3.5412745027128957886 0.087407580453720809532 0.20434874650569945231 5.3862907214692778979 1.1897986354063811998 2.2677862521090736969 2.1987209706412640386 2.1279865214218904867 3.02458e-09 5.22884e-06
21683778.234086241573 5625 3.028678659095497494 0.24697358131525859459 0.079503261614157660908 5.7854295015073766706 1.6055239350727994463 1.6972510169195533791 1.4457294889994913856 1.2006849363255456264 2.295e-09 4.76918e-06
21683778.234086241573 3770 1.7364300537302295169 0.31880670433070190661 0.19000759362327251933 0.37382752001801522468 5.9508054990978491716 5.0180472629147487851 5.3134019266434018292 5.5763419767554562867 1.55823e-09 4.19174e-06
21683778.234086241573 5564 1.7051355984992240256 0.10034429724902846348 0.11643529445456819726 1.0299381947852033203 6.142957543834448586 5.1891700810093173146 5.2764770950081087975 5.3612757012234464327 5.64605e-09 6.43821e-06
21683778.234086241573 4112 1.7533231689645649709 0.18443020497829956672 0.11202886574548806542 5.0978169255825029893 2.1830769092767559059 5.5495815179901173408 5.665954763030579322 5.7726990805998834588 1.99037e-08 9.79854e-06
21683778.234086241573 5669 1.6464745007489463013 0.25142044752945680308 0.15332344593560440216 2.6323201590898079871 2.1976168224945737961 3.9906844855786638426 4.1994240485759881665 4.4184849902995084747 5.45549e-09 6.36495e-06
21683778.234086241573 6912 1.536783528575184965 0.071717523872509111871 0.096963619462053743381 0.28862971718829477652 1.7523487600614535697 1.431571960295536794 1.3608389138778969052 1.2906963217801288302 2.09119e-08 9.96126e-06
21683778.234086241573 6996 1.3577456732914259252 0.10926934553754089063 0.12867080266798414101 4.0749695342806031562 5.9128197114253966404 5.3498246406909384376 5.4350665475488559863 5.5170226531574071416 9.30536e-09 7.60492e-06
21683778.234086241573 5367 1.2444496761428360809 0.22317024703785404149 0.31915447083974485265 0.9596877358616120457 5.8759299642255200524 2.6515701640838731379 2.5335501771181117014 2.4060615215075071838 2.85701e-09 5.13044e-06
21683778.234086241573 5016 1.4711937472601510635 0.12505635123467853664 0.25668097996094180191 3.9316592954020745943 3.1483280058949851821 3.4309500420208234317 3.4690624777016743074 3.5092866455071414222 2.58541e-09 4.96242e-06
21683778.234086241573 6362 3.0498796346655909772 0.056456271470926404354 0.22501957392725088769 4.6235976845163380133 1.4805072952623365978 3.3105473592589453879 3.3203202564893374849 3.330356916314108684 2.92709e-09 5.17204e-06
21683778.234086241573 6813 2.0809538859398695188 0.26457591996054635741 0.21018769406322213023 0.56797065523246637042 5.3541147383142124738 4.4001400601922897593 4.6659778209902968982 4.9302688443960613895 1.73747e-09 4.34666e-06
21683778.234086241573 5654 0.95783338246427629503 0.12395988782678982187 0.1189363854269624432 5.7685095199224667439 3.4434503812728274319 4.1291244611557917921 4.2365725561824518763 4.3467628610533930456 2.37573e-09 4.82447e-06
21683778.234086241573 1465 1.4819927405148802801 0.35467876056017760833 0.13803371305371675559 6.0087020386477449918 5.7224312264954528828 0.23478578952096790244 0.16243763977596642478 0.10507748841753192237 4.65109e-09 6.03534e-06
21683778.234086241573 6017 2.0206813023161234177 0.24339251755169324931 0.12214061522179876784 2.386006826754096366 0.61981552322550037548 4.1694244492425998061 4.3944660428172088729 4.6256613689278420765 1.07446e-08 7.97837e-06
21683778.234086241573 5467 2.913815127785713166 0.092972264642752419639 0.17214384187369938251 5.4157863748147834215 5.4623166839651231541 4.4817253212400833817 4.5733440058286074503 4.66541897765186242 2.43648e-09 4.86524e-06
21683778.234086241573 5548 3.2160689695924982168 0.14749896993238093001 0.30172067915301764573 1.3928110175725145758 1.7168029462971403643 2.151528485992165951 2.0224530791116777095 1.8897445334703673048 2.11518e-09 4.64123e-06
21683778.234086241573 6634 1.8689020015755049009 0.27488420671828461828 0.23991318210482051598 6.154648775916457204 0.35492401969068843037 2.227418928647563412 1.985831889865404376 1.7342848076848103034 2.7181e-09 5.0459e-06
21683778.234086241573 4750 2.0588985335817620026 0.30888872157261343387 0.17642723877406288335 1.1314088089231175704 3.4314965331057005749 3.5424265083502461948 3.6868018501999109127 3.8469906049317259544 3.28876e-09 5.37685e-06
21683778.234086241573 4318 1.646754284024309678 0.081023409374220839441 0.12362568491424605344 5.2426950098736506689 1.2611312526836286896 3.7916086120211183186 3.8423533374817990804 3.8945971754481965021 1.68333e-08 9.2663e-06
21683778.234086241573 5316 3.4826553172324983265 0.05614994289722371329 0.21387481703269917155 4.8204881785096729274 1.9644096199321547935 2.7983526750579033049 2.7789277090911843615 2.7590075571053906955 2.96988e-09 5.19713e-06
21683778.234086241573 6914 1.8343395271686560033 0.15160902628652872526 0.09204726530445159205 2.0452637018623693876 0.045435658224894925894 5.9931600891004421783 6.0337939863543441632 6.0712132403173715289 4.41745e-09 5.93254e-06
21683778.234086241573 5796 1.5451200184718560937 0.13350120609909718605 0.062208357036729715339 0.38085212413522306907 6.0548154893592363024 2.0295744363839629543 1.9058186256983131734 1.7797396890642489531 7.64873e-09 7.12382e-06
21683778.234086241573 6225 1.5399478099280956567 0.19784834583159796595 0.15464044101009422061 1.1765185661001853479 1.9208388998203771436 4.1622256100605747875 4.3414696118905435895 4.525863180812694786 2.38341e-09 4.82966e-06
21683778.234086241573 5131 3.5483868840947860868 0.049031105535577615417 0.23736376137887979509 3.0827613564488238751 4.9302099713651390545 1.8549576103026228502 1.8075472465334052607 1.7598838557714684416 2.25296e-09 4.73989e-06
21683778.234086241573 6576 1.2380365795639842741 0.33536852048228282808 0.14819413155975827423 1.2895941322593083012 0.64242986263488832677 1.970085940784729317 1.632235774413845153 1.297500030348654132 9.90665e-09 7.76531e-06
