14784394.250513350591 0 5.3987522556278086938 0.038078286222566690156 0.026871304374542114707 0.027662317518704588465 1.7480671535188228027 2.1704823463315587873 2.1386978153421849491 2.1065966188920453028 0.000954961 0.000356051
14784394.250513350591 1 9.0060798841085212274 0.078759748020392136847 0.05067140809014800823 1.436824625826659263 5.6858827844654769024 1.1383670240846184285 1.0679395361748114102 0.99892950743041541983 0.000285285 0.000238018
14784394.250513350591 6992 1.7069358703114374531 0.14514549094483047975 0.20128894762943158603 2.358368100972476622 3.874430100273224209 4.8949846253464563972 5.0363648267493843491 5.1739594501952286265 1.98059e-09 4.54062e-06
14784394.250513350591 6819 1.4018821947659634297 0.17820731153901270272 0.11720440418937112803 3.8826727113789072376 0.092773494362261482715 2.5677248632965614661 2.4623389943809894653 2.3503869310597775844 2.46721e-09 4.88561e-06
14784394.250513350591 6751 1.0200661601482974294 0.22111940474434890747 0.23313352858458355477 0.60395104406382238427 3.2120452637042520294 6.1656231336746154525 6.1892551379172378034 6.2099943929632033246 2.66624e-09 5.0136e-06
14784394.250513350591 4781 1.6696479921528606383 0.35319529723340153948 0.11790286023792512227 6.0927191415862802515 3.2488100288477319566 2.0793589098178069108 1.733008579226853918 1.3844498829973246323 2.90062e-09 5.1564e-06
14784394.250513350591 6207 2.9149025015899088231 0.060000604151935088559 0.14047024228649135358 2.8898733347302760777 5.4113899940538727762 3.3633584785810710649 3.3769660526752991458 3.3909585598814619978 2.10618e-09 4.63463e-06
14784394.250513350591 5588 2.7798391684437375737 0.25099689291440557826 0.096456177601682485667 2.3047953979559858695 0.24354081728349274982 1.9185186285382374027 1.6691101973139710335 1.419325347600121745 2.40685e-09 4.84544e-06
14784394.250513350591 6582 1.584956136807357252 0.23482179704504133055 0.014231409988801596578 0.74965964257368822299 2.1929447316319459205 2.5722959268213676509 2.4298537474796146896 2.2764795373442514581 1.86721e-09 4.45227e-06
14784394.250513350591 5771 3.1817895688310051661 0.11337160516566437141 0.35020028902481026289 5.5896908669017832949 3.047148327327517503 4.1754662031305453951 4.2760431857104990172 4.3787921083453280602 2.44735e-09 4.87246e-06
14784394.250513350591 793 1.3878854378569962513 0.39471180313891834901 0.12558070574930815799 1.3977304512469523878 0.087960889384228246879 3.5673938911576330568 3.7757460986845141626 4.0096111702391663556 1.51413e-08 8.94482e-06
14784394.250513350591 11 1.5205933201123742471 0.17405811270957780024 0.097839417280954535383 2.9642264053646361077 6.1796868405247868949 3.3928309159784437732 3.4404739776979602617 3.491725617014131533 2.42862e-09 4.86e-06
14784394.250513350591 5225 2.8250390004250323095 0.67670591692318848853 0.50754441028053998153 3.5877436714219261837 1.5133451931541341828 2.5306666034449754044 1.8960230969333031759 1.2547912597510397781 2.91553e-09 5.16523e-06
14784394.250513350591 6883 1.8861881509068778584 0.17639881188337130924 0.092454616149556217986 0.0022074220568039566205 0.019783577920328639793 2.580607558949225222 2.4784077481186863601 2.3698113848338318022 1.23696e-08 8.36184e-06
14784394.250513350591 6035 1.359225094867797079 0.062827953371630801405 0.1190454661063332642 5.3593893689478768749 3.3667325753276107214 3.9326120359436393947 3.9783344232344144409 4.0249819434199531898 1.02512e-08 7.85432e-06
14784394.250513350591 5050 2.178891207666667551 0.071384963322809552588 0.1086217510761458005 3.4636290731439598467 0.077143700741449466873 4.9554939131353057391 5.0242494910067376779 5.092191154732345737 4.47893e-09 5.95993e-06
14784394.250513350591 6627 1.6649495877022468804 0.032731490493407892906 0.15040737024332617722 0.06060610066834899029 3.8013389735220171062 3.8481166324039390858 3.8696385659372474208 3.8914184999072261029 7.24481e-09 6.99615e-06
14784394.250513350591 2413 1.8032247659703120046 0.10409203382759141254 0.07113496897792465079 1.7350815623970046175 4.2550005571189384312 2.1371585356717006654 2.0466048513488361849 1.9540750835844560296 5.18101e-08 1.34789e-05
14784394.250513350591 1776 1.9034744074031595407 0.15542377492327122401 0.02763779356256476985 0.95593141718471896784 0.27221195338054821056 3.8503448977910181839 3.9584440120205877101 4.071747032994259996 1.13676e-08 8.12967e-06
14784394.250513350591 5560 1.7012254595266849133 0.048928952939338112016 0.12739539975919833559 5.0242166823526996922 4.4254398773220327001 0.46535817247270094832 0.44385964354721318958 0.42284816633158345267 4.37033e-09 5.91137e-06
14784394.250513350591 6484 3.1758911402987983763 0.12076961547661203833 0.28951077232328747968 5.4326067042341543711 4.4024583770679646122 6.2221821037256734854 6.2291503472127747187 6.2356729533762367268 1.88476e-09 4.46618e-06
14784394.250513350591 923 1.903024884981330711 0.31333196681989344823 0.15949571926472594363 0.49097399416809844874 4.9037976851992421956 0.35110486028856763285 0.25512452080932940257 0.17605021672355669615 2.53731e-09 4.93145e-06
14784394.250513350591 6946 1.0371157627685880787 0.31803709332893570494 0.046021883306531424784 3.8097768198557555586 4.6559904242641998451 4.3522206819179345416 4.6736428106562506457 4.9914412047652243487 2.99755e-09 5.21321e-06
14784394.250513350591 5448 2.0123944077935398411 0.067651918718160578003 0.20339866123145688981 0.57400578177424044224 5.4945187435038098656 1.399320497058631263 1.3329920661564411688 1.2672440371022208883 2.56033e-09 4.94632e-06
14784394.250513350591 6528 1.5727369930547898669 0.09629469598202179681 0.12321100673688922811 1.5879067600155749584 3.1910371342677503748 4.0329950380452253 4.110391691525361324 4.1897583784579568444 2.31313e-09 4.78172e-06
14784394.250513350591 6764 3.2999244975331576413 0.022538161339203364314 0.3074699489829768595 5.8452060287225933166 3.4007693466187358666 1.672885206612653386 1.6504367006500317849 1.6279699766894497603 2.4069e-09 4.84547e-06
14784394.250513350591 5259 1.6612132628783871091 0.11855500488614259536 0.20147588948592945468 4.0529570644235812793 2.4406036561842476829 2.5183826842482099906 2.4454517355635716491 2.3694269979581856767 2.21606e-09 4.71387e-06
14784394.250513350591 6618 2.025521234606243226 0.19957528083792533402 0.15696254285778746262 4.5153967107236194778 3.1349361720962449773 5.0173400820849405335 5.2034534167387249681 5.3794451675517729328 1.98254e-09 4.54211e-06
14784394.250513350591 2658 1.8020373044093263015 0.24606184449545734361 0.11490327111753245726 1.6398167464855955 2.6496527323473451077 5.9471406162928657224 6.0208191239349648782 6.084639319845609684 2.46497e-09 4.88413e-06
14784394.250513350591 6498 3.267777974003376773 0.078113699012394663401 0.16853804139811676133 6.2456352153190124454 1.2016241834238190478 2.490308299738229536 2.4413696678743885826 2.3910341204021703376 2.50157e-09 4.90818e-06
14784394.250513350591 1698 1.5845008287500397248 0.13244057113974469497 0.085571935575418173192 4.7538550167713662375 2.193899697140385463 0.13983244110540957172 0.12243773532459867326 0.10626249635477100219 2.42949e-08 1.04718e-05
14784394.250513350591 6300 3.2757857557642480195 0.079545075283929775334 0.21482324467076949204 2.3731287653883197386 5.2371730728809264832 1.819098935487744706 1.7411470371479049746 1.6627533472143125604 3.26125e-09 5.36181e-06
14784394.250513350591 5204 1.6037052106177089872 0.33519429781830145654 0.085355738216974716415 1.1657127723574980394 2.0283043475678277368 2.8600607434061426915 2.7452271754634067769 2.6158193292288944853 5.21728e-09 6.27092e-06
14784394.250513350591 5974 1.2510112599707834402 0.21951582641156081044 0.15259876022757878911 1.5927664222752753176 0.73783084601630155586 2.2129069887566004127 2.0228285108596315567 1.8253605656937974544 1.10219e-09 3.73481e-06
14784394.250513350591 3800 1.6555503184509978709 0.15317241826882982414 0.076717515717797057917 0.77883870721989212349 0.44393941563185901344 5.5861097579930723001 5.6794419020226083461 5.7664021842798893758 1.79108e-08 9.45995e-06
14784394.250513350591 5861 1.7956330549959520493 0.21216861140963122478 0.081689951599925716974 1.9352100102195899378 0.73879871792715279266 3.9564666583958012502 4.1246368761364049504 4.3012013074250701195 1.95257e-09 4.51911e-06
14784394.250513350591 6719 1.3505131566980927982 0.28913626970426925533 0.055165454961085193253 1.873886893319838709 5.9258581190851131737 1.4072166251691484717 1.124461739854629716 0.86365059543995426061 2.09817e-09 4.62875e-06
14784394.250513350591 6923 1.9859124525198765809 0.22525971146177056759 0.12242862870545481724 2.8982495918048747363 1.5069423652248004064 2.5891105786974741854 2.456666980748030138 2.3141642071495280852 1.67707e-09 4.2957e-06
14784394.250513350591 5480 1.9112978656137584732 0.12089688676889058516 0.11025563460866411036 2.493372239845375482 5.6266529875021644713 2.7862798720943464659 2.7415285415017702775 2.6944419372633019449 1.6026e-09 4.23115e-06
14784394.250513350591 5093 1.9942542946024375272 0.14149808010281350601 0.099970743859075283932 2.9452617164182122167 4.8644974679848402843 4.208632046447405628 4.3374277637798375196 4.4690948157240191208 2.98948e-09 5.20853e-06
14784394.250513350591 6676 1.8935214155204265207 0.1435654803761549636 0.1953445877302747713 3.7217134264258482368 5.2367988594313796824 1.4726192778374740389 1.3302508503554484331 1.1908188830035995043 2.23147e-09 4.72477e-06
14784394.250513350591 897 1.4671662967926757393 0.104807734227929647 0.069868411347896008934 6.267809655210591302 4.4302272887416673797 5.1283166089172205204 5.2223852378795596607 5.3138558037694840763 3.39891e-09 5.43622e-06
14784394.250513350591 5996 1.5622342552404349103 0.13597816624757666504 0.051716513310117347146 5.731931594733611135 3.3669343731808982767 2.5888102847146856611 2.512690388893785709 2.4327002259751902002 2.28464e-09 4.762e-06
14784394.250513350591 5721 1.7522435344891671427 0.28740271785652837799 0.095173941500291833751 0.51178536782776462566 5.5010786663918720407 2.2597190947067939959 2.0110458603117526977 1.7510483283472855209 1.97529e-09 4.53656e-06
14784394.250513350591 6083 1.8816239870366284759 0.16152854872877725478 0.093916166839151465906 5.7905990648484033656 3.3635899079295095149 2.9368921316295941715 2.9009859647214235601 2.8624950227541070547 4.91269e-09 6.14644e-06
14784394.250513350591 6982 1.5813398359997534737 0.16231969770644866236 0.058802165113784388151 3.9067195924155226905 4.5595849872524691904 1.4622159018893492455 1.3015471069487007938 1.1450756448834336076 3.77646e-09 5.63047e-06
14784394.250513350591 6562 2.0628052711973450251 0.15953590994979863216 0.037752486066733551007 3.2918264331314768256 5.0033389867504478588 3.6653701797644111515 3.7516235786564062771 3.8430205540039903411 7.2003e-09 6.98179e-06
14784394.250513350591 5146 2.7910981109822308177 0.1112016744077021918 0.13015005403714072219 4.4120594682737621639 5.1159544665175094025 3.1969345587649589113 3.203468507551082034 3.2103448163592185338 2.55901e-09 4.94547e-06
14784394.250513350591 5492 1.9689140757583529773 0.21473928558863916716 0.046091845173570865357 3.2321975836811414062 1.1959291994444090079 5.8433623921113841959 5.9275435549856974049 6.0023140628218980552 4.51271e-09 5.97488e-06
14784394.250513350591 5781 1.824905229622611591 0.1910345329244312329 0.15631420692947220474 6.0544043632893220774 0.17231025032919286555 3.9485667863092732688 4.0974865279989991507 4.2535292127910739879 2.03408e-09 4.58113e-06
14784394.250513350591 5427 2.9365130699797235003 0.048183570613098698765 0.041118743928187276304 2.731782538304665664 5.191683756435756969 3.0206217743956722543 3.0146611750751919345 3.0085615731151107433 3.52478e-09 5.50251e-06
14784394.250513350591 6413 2.7148295029471287698 0.12459438800749814136 0.090519680793402071406 2.1958163817241183047 2.8846048847996761388 4.1284423340774356603 4.236418803430379576 4.3471643512709254864 2.71272e-09 5.04257e-06
14784394.250513350591 5928 1.7588566749378526932 0.19392097500933713761 0.11515567514772992452 5.4802611337410160885 2.635188244439124361 2.912425008620200817 2.86327378411269029 2.8099960131668932917 1.85148e-09 4.43973e-06
14784394.250513350591 5044 1.7346969750342262628 0.20697495041431385188 0.078067674636039932623 3.0383000670601472137 2.7458067002453994121 2.1187642049946719958 1.9304230295323450139 1.7366886265276109125 2.3978e-09 4.83936e-06
14784394.250513350591 6767 1.8474530045563914982 0.26165757627991598211 0.15499774339929020539 2.7295451147512319601 6.0941635669971709888 3.0266810604285137032 2.9914972012729523776 2.9523708865339637342 2.88634e-09 5.14793e-06
14784394.250513350591 5099 1.4911006715799344224 0.23094989181518299493 0.15157579554044714465 1.6898616468229468168 4.0131899289221593108 2.708099674802056267 2.5981841893423007761 2.478770053799032258 1.59506e-09 4.22451e-06
14784394.250513350591 5021 2.7812646258797948384 0.19295504877970862112 0.11644962675377378003 4.4197378364379442672 4.7894516202835122343 0.38104829990497174341 0.31463933319687970025 0.25492485304365963827 2.06176e-09 4.60182e-06
14784394.250513350591 57 1.7543794859404830966 0.15410930688645821385 0.016091849020178988772 1.9955847633729109081 5.9311391530390089599 3.9393228971272664651 4.0565096636504573979 4.1786431352272765949 2.40925e-08 1.04427e-05
14784394.250513350591 1124 1.8182853212040752666 0.075900851244045081101 0.14757665691040858236 1.2359827223158221798 5.3282599840960482851 3.6412195128015012457 3.6788882929246318199 3.7177354537667537393 1.32419e-08 8.55396e-06
14784394.250513350591 5020 1.8321147813857037168 0.34463210206507238764 0.2052802394136050701 1.8448618507359648699 5.4059252819337180185 1.9634532396221013872 1.6145969060258771322 1.2702953378603094592 2.26068e-09 4.7453e-06
14784394.250513350591 6161 1.6628153960326175209 0.092640306141144962426 0.046019235671489355788 1.7341034529220260563 0.15866905851264484495 3.1115832617694918483 3.1086620716189572455 3.1056119237687229706 2.19638e-09 4.69987e-06
14784394.250513350591 61 1.6309715822078167946 0.02995704142705103365 0.015783151669313971038 6.2544967722843631819 2.0021797998766226456 5.5823920491542544653 5.6014940831904755925 5.6203702298988247321 2.21617e-07 2.18802e-05
14784394.250513350591 6451 1.5745131748916665337 0.068831235411292185367 0.11756056891872861125 5.9543175239606185301 2.7473104825412812957 3.4581727753629225575 3.4803520118657775839 3.5032258163238387816 2.57122e-09 4.95332e-06
14784394.250513350591 6876 3.0903572478383010136 0.11339659124601904339 0.1429301408011310337 0.9910756219542756762 6.2114474555945724532 1.7116494966363895447 1.598227701070555673 1.4848737714994602044 5.7202e-09 6.46627e-06
14784394.250513350591 5132 1.6911580287218250795 0.057253682917958820253 0.15846204212193873428 6.1335343136035120892 4.3309560318961324299 4.8353364633247064575 4.8919903352225899695 4.948323091728132006 2.32293e-09 4.78846e-06
14784394.250513350591 5470 1.5800269761150584902 0.19127770078223554906 0.060677870018137278207 5.0276201720026847397 2.4924422694741807938 1.8581997251135964344 1.668421563600542834 1.4780546430448990858 2.3944e-09 4.83707e-06
14784394.250513350591 6757 1.8968057770097057624 0.2554992465603340146 0.069756889605097321949 3.3058154986875414316 5.4116840917724253757 2.1291650390484280209 1.8936227413623054616 1.6513219388991806635 7.3237e-09 7.02145e-06
14784394.250513350591 2778 1.5046534609233233049 0.098397116501462850158 0.0838441980537188436 0.99721646136843533625 0.47904132902648310921 0.56569694447977747487 0.51495152462112236957 0.46649166691129151374 1.15158e-08 8.16485e-06
14784394.250513350591 5605 1.1740097543953715853 0.14847175818065250219 0.18751128638593247966 3.9135820965548520078 1.5903100447609539447 4.1532831569779151693 4.2848763695991394229 4.4199856482543973257 2.44051e-09 4.86793e-06
14784394.250513350591 5518 1.4393751581250735505 0.099073970836400848672 0.14951772488245665405 1.5612452706408987968 4.4995382645018064949 4.3715899069949291089 4.4667043297791426681 4.5628032114440095768 1.73658e-09 4.34592e-06
14784394.250513350591 5490 1.5391479469644893108 0.25313690438374580882 0.20162992517257069536 0.067177041210857879605 4.1554529756768232573 3.5816452900981454732 3.7055459371603585161 3.8408555808231685802 5.31486e-09 6.30978e-06
14784394.250513350591 6674 1.3961119754283721761 0.075880914637128579758 0.12971462675316899893 2.0547643274986331363 6.0452007131286409347 1.8982161139439150954 1.8254047123480492409 1.7519700463007721325 2.73456e-09 5.05606e-06
14784394.250513350591 2768 1.3504915301797366656 0.052647369385795762808 0.020771374809664535505 0.79754850892789952432 0.60699814991321143776 5.6418650604270963456 5.6727294226445641456 5.7029090567624862729 4.81065e-07 2.83303e-05
14784394.250513350591 5194 1.8829857951787656312 0.22095741950626321404 0.020278893682818578681 0.5100679848994671417 2.325102280033443769 0.84074821889253203988 0.68592627401984873625 0.54597403988312276368 4.75382e-09 6.07945e-06
14784394.250513350591 5920 1.659191280848932859 0.24751431414791758012 0.14587163639898015344 5.0949231008163184953 5.9671982062910924327 4.0019621282251343075 4.2088449338041238335 4.4256372633006835215 2.02047e-09 4.57089e-06
14784394.250513350591 6324 1.6599557490242844437 0.15818304222073817367 0.15732531275046632291 1.4437446881257365305 3.3320942834228217677 0.14254198002663001632 0.12158046542247072375 0.10239584306899597588 3.61321e-09 5.54815e-06
14784394.250513350591 5952 1.6555284530111704644 0.29405907507815992608 0.10304971750766783734 5.7335364939384776406 0.40929588290047957955 3.2462049354594797457 3.283121865983966714 3.3246010161808432493 3.30338e-09 5.3848e-06
14784394.250513350591 2012 1.3923916527897470807 0.080216483133250485182 0.093492507741091510076 1.3524458084637720479 4.6033531208870623885 5.322858875449627547 5.3871884645241268075 5.4498240805141957566 9.36497e-08 1.64192e-05
14784394.250513350591 5312 3.0330650052855356869 0.021691138390920041562 0.18439810432002140539 4.7499870481010111334 3.8177114694666141048 3.9949875250706106122 4.0114511146779534556 4.028028299553241709 2.46345e-09 4.88312e-06
14784394.250513350591 5514 1.9724299638438580473 0.19698454635959938841 0.22762738839190993501 0.54974519889443818066 0.71292675009819750365 5.0003966788939155919 5.1853663376898353476 5.360725119645767478 2.23079e-09 4.72428e-06
14784394.250513350591 6734 1.6406134072406146629 0.11665335540295329597 0.1197932991727890667 0.43422441425185431818 0.22878671551143878182 0.27668680629201397592 0.24641804580014178838 0.21796258521873962399 1.00692e-08 7.80756e-06
14784394.250513350591 3988 1.7404187094584273598 0.14037035028038782891 0.012356228882163962021 5.1550520054869277686 2.4216776295894453241 4.2363368818534210547 4.3657277661170716954 4.4977478123340333127 5.91828e-08 1.40901e-05
14784394.250513350591 5949 1.4853644090390385468 0.15473742395248682446 0.19190876990240576805 3.5793397812561349447 5.8385647817133730086 2.2926465471050794243 2.1696191160685627253 2.0418060431798354948 2.21075e-09 4.7101e-06
14784394.250513350591 6028 2.0304458164134744358 0.24160199378384547564 0.076685453204963643925 4.583213707063548803 2.0463406541273538863 4.6687645237221824246 4.9138486640876566369 5.1505643878812428227 2.1303e-09 4.65226e-06
14784394.250513350591 5572 2.7041130525427496956 0.26454045414022908655 0.66347077559612610553 6.0746437115744997826 0.88902822620975119339 2.4070968567184118925 2.2072058763713799934 1.9944532414120936803 1.63405e-09 4.25865e-06
14784394.250513350591 6521 3.0117625690590719145 0.071255873620586274164 0.16467449946215426126 0.97349370971383220041 0.40058202759925459757 0.45723610694687449874 0.4267180475510960469 0.39722628319784430984 2.953e-09 5.18726e-06
14784394.250513350591 2010 1.8448498046745978041 0.17892231942714131865 0.087274172779495465258 0.54614699291693191707 5.0811593979913833863 1.6776424834521590501 1.4970441673236636326 1.3186082406983359316 1.54172e-08 8.99881e-06
14784394.250513350591 5455 1.8356557384655136644 0.13928372803190139373 0.1073062797281144759 5.2767594549684035954 3.0584983747749627803 4.2297792353468688376 4.3577461128741319385 4.4883622931827575897 3.36325e-09 5.41714e-06
14784394.250513350591 6780 1.9308658374220184495 0.32147936113990072116 0.22807706943469485683 2.1621137340684413175 2.7842959882583016018 1.8495769812905911156 1.5199856111153653426 1.1989211469684231126 3.2776e-09 5.37076e-06
14784394.250513350591 5934 2.1221019013394033514 0.41084969756610462133 0.37915810044302827864 1.8363342625999254931 1.5555059501999017879 4.4957565287581466862 4.9289618639850933945 5.330213954509863683 2.95537e-09 5.18865e-06
14784394.250513350591 5540 1.8294665590129011168 0.11689026510282321536 0.086902537234114216047 2.0927788835260443534 0.3463342581524205821 0.98548705182296014726 0.89085798533649040998 0.79996277238830326706 2.31531e-09 4.78321e-06
14784394.250513350591 733 1.5823334708634382295 0.081192954871905004266 0.020627259055825176298 5.8962151785479921529 3.9783958063812985273 3.2434728061179023406 3.2520927581178895593 3.2610463411793291222 2.10139e-08 9.97744e-06
14784394.250513350591 5469 1.7203079670793468559 0.224186951611552443 0.013755413101812725973 0.14317877753591667922 2.7070208202582115575 2.9020449397571459471 2.8415072884330481173 2.7752372314084752247 2.51139e-09 4.9146e-06
14784394.250513350591 93 0.9007951369196376401 0.020580268653219678521 0.021018030812201528301 1.6496787198526707829 0.78844085213297676606 2.9520045314310783269 2.9480860800752988204 2.9441284697817309279 9.2225e-07 3.51938e-05
14784394.250513350591 5525 1.4495346134523783288 0.18459546666318021879 0.026571401931885698516 3.3867903163830885838 3.0347746326209223966 3.4285120603823262542 3.4863554011220547757 3.5487437577394622679 2.22151e-09 4.71773e-06
14784394.250513350591 5178 1.9179677430246471204 0.28894062814494098079 0.085819630151483458635 1.3269287918355641143 5.3729369621206082286 4.7408464593387940056 5.0326413570951844534 5.3068910875321915199 7.29677e-09 7.01284e-06
14784394.250513350591 5725 2.9580385117876919487 0.25133139894238387679 0.23834627677613878793 2.6412913733601652844 0.41952036515358021029 3.3398244871479865203 3.3973125292174044532 3.4608847809586600341 3.15235e-09 5.30146e-06
14784394.250513350591 4194 0.93821001724905772612 0.19722330190961201435 0.21727395094467952252 5.5466790812037221059 0.58994754694020279384 0.28497337148478435465 0.23387364105055591379 0.18816764615655792725 2.52016e-09 4.92031e-06
14784394.250513350591 6053 1.5660832579096251038 0.21555291180575142373 0.15553473102902895531 0.44197550921921713307 2.5222935818577734146 3.8572822208524999432 4.0129165125075001441 4.1778537047974309004 3.14775e-09 5.29888e-06
14784394.250513350591 6403 1.8883404372026042495 0.11080464634845615945 0.089173414633550565633 3.7403168019945880474 0.74090330460152531433 2.3390685566071551804 2.2559787361168583963 2.1701822963664629818 2.19336e-09 4.69772e-06
14784394.250513350591 6765 1.5165883343122203986 0.15721617128020495824 0.073697188238168773178 2.9237255446185641539 3.1447041003268196846 4.1712460604905565731 4.3123673535745297158 4.4571717124781509156 2.03075e-09 4.57863e-06
14784394.250513350591 1475 1.1070458413719601598 0.32648615669671987582 0.048178493956966848832 5.4562558343358009694 1.9185219021620205648 2.4308615008911962363 2.1812522929699751373 1.9137338704509525567 3.50237e-08 1.18296e-05
14784394.250513350591 6874 3.2887453358191680586 0.10493570469123277011 0.25922491005507819484 1.7348211468207153096 0.75832706211701528254 4.3567417868546698401 4.4571394415790246413 4.5586752630746891768 2.61974e-09 4.98428e-06
14784394.250513350591 1959 1.0066877008181749353 0.054948226747109633894 0.10064732948291735259 0.3600221941299291406 1.678765337828564741 3.2748733188794862947 3.2823853894659018593 3.2900961670015997917 1.79741e-08 9.47108e-06
14784394.250513350591 3953 1.5865557392045879226 0.14483302909671899594 0.18234715004871843158 0.68983211220504536687 1.9072843874496114847 5.8496490918650820845 5.9070072164338078835 5.9602143086600829491 1.87457e-09 4.45811e-06
14784394.250513350591 6642 1.2533100343304650615 0.18484305966335073945 0.021665576903105759204 5.599897178343263171 4.6995700597604219695 1.677909162236262075 1.491206260617143009 1.3069483434182316284 1.26355e-09 3.90884e-06
14784394.250513350591 1615 1.2656440133520996394 0.14056465150157862465 0.055966459613154939667 2.5803523433923261088 5.8314029014538624196 0.41047572504375279268 0.35754540334776446775 0.30835115939676843722 1.22946e-08 8.34491e-06
14784394.250513350591 5324 1.634255812718140799 0.10537897746886450145 0.16220117552066687372 2.9904615745214995215 4.0930943348888924049 3.70678188647179363 3.7660037864517867945 3.827610404425471291 4.64884e-09 6.03437e-06
14784394.250513350591 5380 3.3115767917810203791 0.060211730161599065492 0.19479552066767236163 1.3026409539034604634 1.5355387940814413383 1.2674254164055891447 1.2104396339973464425 1.1540952364011964892 2.14422e-09 4.66237e-06
14784394.250513350591 5451 3.2552333553331527227 0.074258242560088005835 0.061831430591752632731 5.2386477573328678048 2.7736947521446033704 1.7076138129673779087 1.6336061410705038366 1.5594943274468291428 2.58702e-09 4.96345e-06
14784394.250513350591 5538 1.8521579781046690893 0.12757671946422707854 0.14640461297411830333 2.1990880327612196687 3.0478818546087524943 4.2138174160655719191 4.3297479950231672063 4.4480985961004799734 2.97954e-09 5.20275e-06
14784394.250513350591 6532 1.9192303863590134405 0.18887066539837094048 0.033753710001042588895 3.6031505509700667567 2.9101081442665774901 6.2202138874797956447 6.231165728712347196 6.2409862705883050182 5.62757e-09 6.43118e-06
14784394.250513350591 6913 2.0045765701740898557 0.09014056689408160572 0.048711645571537558197 2.6737788176306720445 5.7255793204190332801 1.4653748117052054489 1.3760361569298555917 1.2875997774626499748 4.44786e-09 5.94612e-06
14784394.250513350591 3751 1.3739441843150406175 0.22245255546681397263 0.10539555405963819956 1.152651977695922314 1.046229744037320275 2.2808657691112088628 2.0970182065843894215 1.9046610629732705355 2.30157e-08 1.02847e-05
14784394.250513350591 6233 3.1091012035755354326 0.18222166734021305601 0.22060457742476696774 1.2965708101073047942 1.4723627077352727799 5.3757753085623081191 5.5125949016086899235 5.6395230395674582624 2.38928e-09 4.83362e-06
14784394.250513350591 5382 2.0798366269338797174 0.19073367178544092804 0.11703350918902319378 5.2218842169414507737 0.46550413181306565802 5.1773916940782829244 5.3419611934869672965 5.4961273032513027204 2.55203e-09 4.94097e-06
14784394.250513350591 5567 1.9122277108417435887 0.1894162501149136979 0.13661025023569220438 5.7972944202060254781 2.4816305893765449042 4.3654888365038875264 4.5507543293879839652 4.7377016399918572276 1.31986e-09 3.96606e-06
14784394.250513350591 117 1.5346121764447704372 0.093722015738174624389 0.051456960196982662326 5.9440369935558505787 5.8407552175344417122 4.4944730826433634263 4.5870549283788202288 4.6800417852539233365 1.39228e-08 8.69812e-06
14784394.250513350591 5708 3.145874608356839186 0.13608007533111302068 0.2583297179021898371 6.2201907079315121862 2.412378540750302669 1.6265943905843889272 1.4897826306415991038 1.3541488727892936339 1.65544e-09 4.27716e-06
14784394.250513350591 6956 3.4700752536342864829 0.078498375703112716062 0.44361788933051660155 6.2398387892330537952 0.48995092027899889153 3.4378762190917151464 3.4617262290203050235 3.4864291460234881903 2.20649e-09 4.70707e-06
14784394.250513350591 5471 1.9807256530902468405 0.11633218791863987607 0.04429475177733641772 2.0583867687039245631 0.52851092785644548933 2.5197547569032456849 2.4484008213579930846 2.374065062408169613 2.7508e-09 5.06605e-06
14784394.250513350591 5235 1.8423597472366950445 0.19841758941940684791 0.093736357572936079841 5.25616942092758066 3.1877008617951809732 5.281308309278241353 5.4411614039163334056 5.5891794323607442152 1.69779e-09 4.31332e-06
14784394.250513350591 5270 3.0961296518828662627 0.30071120417100805078 0.29867708040575441375 1.7053039866152743809 2.1195618966644076409 1.5158429110352846791 1.2133763515125175481 0.93166931841065103725 2.61601e-09 4.98192e-06
14784394.250513350591 1888 1.2583698613534051169 0.21205135900321411824 0.11146285727464146087 5.8530844418131788842 0.76507874286842647571 5.2737794772976078761 5.4451218989939471626 5.6027500903972873303 1.07624e-08 7.98276e-06
14784394.250513350591 6473 1.9447374337482883355 0.15525528486454429067 0.097150514786208272411 3.4295528626959947971 3.4544373800802503638 2.2550734700856942538 2.1279218195676654624 1.9961444706560269591 2.97483e-09 5.20001e-06
14784394.250513350591 5815 1.6061698534379382775 0.22556874402761270537 0.1330834462995190981 2.4186612541271190757 6.1075168351472512995 0.87031785418425544609 0.70795337474469233197 0.56127045870897140922 2.67562e-09 5.01947e-06
14784394.250513350591 6211 1.6420795294789960472 0.1828728733164276532 0.13654842162587277343 1.6994664895227411527 0.1948778597613281538 3.0035426611254334439 2.9756139121996678654 2.9454000765614098967 2.33777e-09 4.79863e-06
14784394.250513350591 5003 1.8789883194872452066 0.12958697411741471051 0.094330253240983735763 5.5892112678773431256 0.023516936281128077851 2.7985343538972813349 2.7519118714016310712 2.7026826678240265522 2.56915e-09 4.95199e-06
14784394.250513350591 6536 1.8685897494375443006 0.09615018016184101457 0.14600813414214627861 5.9496077018288220373 4.2593761940789516274 0.61302455732278260392 0.55969180669032381203 0.50864326706296736358 2.77887e-09 5.08323e-06
14784394.250513350591 5873 1.7073866154599008915 0.036907503768369494257 0.03491688045985596317 0.85033603203927921044 5.0243349756804738249 0.93933326462379207467 0.90985606318491674127 0.88072071167034027273 3.51811e-09 5.49904e-06
14784394.250513350591 5741 1.7195082933916108203 0.20852127288564026308 0.16209903078162063439 0.68246695033574689138 5.279285501124818758 2.5356363550440823573 2.4043501097093695762 2.2641718808418644926 4.83963e-09 6.11581e-06
14784394.250513350591 5898 3.1943305804980002272 0.29619438074239395897 0.44745290036909263209 3.141295622949819677 0.20755518322038865597 1.835815841052850006 1.5336394716403185523 1.2376495350775567061 2.49608e-09 4.9046e-06
14784394.250513350591 5792 3.0835325091777820994 0.41410476601071971592 0.27480467371681038813 1.6931355828147749421 1.4373978032254068893 4.7031409595525612843 5.1309140585511032739 5.5092771778948161909 2.20777e-09 4.70798e-06
14784394.250513350591 6955 0.88383733464486002873 0.29767239004447948458 0.084764963408022975244 2.9196272886961711635 5.0530928408293851462 1.0722041266766293433 0.8241456323508352666 0.60566368992341035327 1.85814e-09 4.44505e-06
14784394.250513350591 5782 1.9023397907733516909 0.10158457550926694446 0.11435093161264046902 0.6167615158716354129 3.2144714298963865673 2.5285815801710804784 2.4674573878648398129 2.4040460630929740837 5.0598e-09 6.20718e-06
14784394.250513350591 6417 1.6187584330751110251 0.048682749080954025589 0.12294902015514995453 0.10052098866852646197 3.4608551253471002696 3.3058837568674293017 3.3140467866103660022 3.3224007752355131373 1.63097e-09 4.25597e-06
14784394.250513350591 5737 1.6509211426318475269 0.24219229871871220117 0.11580887907737641429 6.2026741198812915812 6.0096911654153348792 2.348673322156679788 2.1575752539129742225 1.9558948376645368672 3.30498e-09 5.38567e-06
14784394.250513350591 5750 1.9449312092481225722 0.043648999260452382709 0.1168479708107103554 3.0830007499254592496 1.4382126321952259929 4.1416554508077343399 4.1788381946768797803 4.2164202708860649693 1.52873e-08 8.97346e-06
14784394.250513350591 5661 2.6167884118149280503 0.25536909712997313271 0.061174342259127628685 0.61729772625790813034 1.6952939839405574141 4.3033327736960869103 4.5532475338750870719 4.8053897111754668714 3.01386e-09 5.22265e-06
14784394.250513350591 6303 1.1038108728900539734 0.045004285582923263254 0.092797153571715335074 5.0364560117551508966 3.8544496614006287238 2.0678284436954372794 2.0278254051822597326 1.9874400230120450317 1.48051e-09 4.12085e-06
14784394.250513350591 5241 1.7157101970631285504 0.18751849465730335842 0.15068292450602305266 0.47092581414763790004 0.66035224309573448132 5.5875203514453151143 5.7004465172377463134 5.8036403402212561886 2.63706e-09 4.99525e-06
14784394.250513350591 6290 1.3958745798124934101 0.14665593142678015615 0.13360520694331765035 5.3504821097239316785 0.71301076445004929472 3.6339094994677516581 3.7084143826290723034 3.7871618039211711881 4.66797e-09 6.04263e-06
14784394.250513350591 5215 3.0351900977290910966 0.014974292393477334207 0.24389833810730329744 3.7911423548399354466 0.30801226732263470298 4.2509992159931950795 4.2644531130919567374 4.2779500868713986605 2.09099e-09 4.62347e-06
14784394.250513350591 6358 1.8220086368086234607 0.13606715772182711999 0.19991216841357237199 2.3051968060028049656 1.1137756132651952523 0.68903696760803867516 0.60652457037322060618 0.52896419815183348678 2.40091e-09 4.84145e-06
14784394.250513350591 3761 1.5296254502449986301 0.25033266809779658457 0.1551969168714280034 0.034344994330167369356 3.8619960387003366975 4.015589328046432982 4.2272214695525232031 4.448664957137859588 4.38307e-09 5.91711e-06
14784394.250513350591 2057 1.2854004581687052955 0.18838284868799634597 0.23472460005970002817 5.3327256325753982225 1.8380813394657267157 0.93798635213751757611 0.79311915233058793984 0.65888785508617442321 1.66245e-09 4.28318e-06
14784394.250513350591 5673 2.0612529018517462553 0.03606744229005048874 0.16404232521974310144 1.8268641606734592475 5.3160965529472417046 5.5239336792199402737 5.5484478095896525573 5.5726271487946625882 2.67237e-09 5.01744e-06
14784394.250513350591 3324 1.9167645934269004204 0.075192527404115194756 0.023413682121090934052 3.7171853398869791896 5.1051844416108682623 2.9254314361861037952 2.9086649683829728374 2.8913084930000034767 1.99813e-08 9.81126e-06
14784394.250513350591 5034 2.7612067243606617239 0.1582198492026234693 0.15137844355330803969 6.1854910467907169291 2.1620121601818311774 4.2827891185209789882 4.4322293401505294952 4.5842804044767468952 2.20492e-09 4.70595e-06
14784394.250513350591 6957 1.0330045841191188849 0.071611608443756288866 0.086923753373419523904 5.4989341402740432585 2.5056062577956197401 4.3439973996230207831 4.4117393153524853133 4.4801387348559087442 6.68595e-09 6.81142e-06
14784394.250513350591 6308 1.8623437102829121237 0.20770507684699829332 0.014675279792541436399 6.0546218311891983888 0.36583187799211525082 5.1221359942670128262 5.3064907426219374287 5.4786058941102826481 2.73381e-09 5.0556e-06
14784394.250513350591 5344 1.8000101698356449909 0.15710171253491728161 0.10037025737974410167 3.4251775853870571886 0.64632906202389450723 5.1606643576746895619 5.298192315521032647 5.4291001792165447526 2.73146e-09 5.05415e-06
14784394.250513350591 6577 1.6163371066116436481 0.15316888055015712156 0.17712635729112680139 2.6228999321276442735 1.2470203145367804165 3.5721642115248730676 3.6412884419758011489 3.7146806200139383947 1.63583e-09 4.2602e-06
14784394.250513350591 5484 1.0921013988186178967 0.10285502364562965072 0.19814184660901473789 2.1584102504256490462 1.4071820696558878794 3.0471500709643537519 3.0368986554713259807 3.0261500126380256326 3.31273e-09 5.38988e-06
14784394.250513350591 5123 1.4272328016401991668 0.23690261998662687226 0.16138903489830949689 3.0650327785096873612 5.9515021965221253097 3.0418180468191993171 3.0146304765794518232 2.9846335447484753089 2.85229e-09 5.12761e-06
14784394.250513350591 6241 1.9584688408059776066 0.31102659343168953532 0.05696771834501206111 0.34778467403641533107 0.16879922657806495367 3.1735908558174288352 3.1857290273323304319 3.1994521568038254422 2.40528e-09 4.84439e-06
14784394.250513350591 5511 3.1580311832241632075 0.066755714335054713859 0.21684771463122129442 4.7104098056485712576 4.1836890099935768461 3.0971848857751673734 3.0941156224273465014 3.0909474498236648721 2.90982e-09 5.16185e-06
14784394.250513350591 1788 1.5025280699865888323 0.0277350555912960553 0.087637970764457381878 4.0845384573397867101 3.8206475351752482439 2.5013579401798593516 2.4846002704585630205 2.4676614156211211792 3.37316e-08 1.16823e-05
14784394.250513350591 6090 1.9249187705856984909 0.085711716667756981947 0.07101689134534501513 2.5109873771828143951 3.318202389300651145 2.8575696505417202964 2.8324742233841102568 2.8063990932651656784 3.39778e-09 5.43562e-06
14784394.250513350591 6826 1.8621529899366562333 0.32940740615467078989 0.14405519960051360595 2.9996881036604774451 3.9211958970696225713 3.3482060283406980261 3.4314940578311072805 3.5256577161187721003 2.5665e-09 4.95029e-06
14784394.250513350591 6891 1.3811774381934773803 0.20597881169334822382 0.21533925399694678338 2.3911546145671307428 4.9134317536914178248 2.1025549191739831834 1.9136568409898599974 1.7196666418381150176 4.39964e-09 5.92455e-06
14784394.250513350591 1399 1.5168358822873646563 0.34616237216757361761 0.12840568143651398536 5.4867491657250688775 1.937548920097869054 2.8806761961733204913 2.7694278869263722065 2.643551875503779236 4.64728e-09 6.03369e-06
14784394.250513350591 6432 1.9521750751784421318 0.13183983549780811662 0.12610338670500134683 0.36317810599062078092 5.7576837706559551577 4.4467687575484715623 4.5766198914541815768 4.707246474325093466 2.86603e-09 5.13583e-06
14784394.250513350591 5597 1.8264214824063433884 0.32943759744517225885 0.24627041161543486436 0.77270841486874508597 2.3586589902010404174 4.0892775314892375604 4.3923428556314831894 4.7050519109312078925 2.41109e-09 4.84828e-06
14784394.250513350591 6928 3.17948967441406527 0.037014666110678405564 0.19282596013735844864 3.8784106383658301098 5.6161849514933148697 2.3993033439181092881 2.3739288701151290972 2.3482238077549082433 2.08658e-09 4.62021e-06
14784394.250513350591 5187 1.9314533802741986612 0.062042931891841325565 0.11936115398840832502 5.7363125543799142747 5.5698480856171190823 2.6005507723002030396 2.5676943915464511825 2.5340106701682847401 7.38199e-09 7.04003e-06
14784394.250513350591 5640 1.7541541854351836438 0.12990970594048412146 0.080606446936532377689 3.5846293642995825657 2.7634961444914729611 4.0574144786547625685 4.1650567417272288395 4.2759887040903485911 5.24602e-09 6.28242e-06
14784394.250513350591 5842 2.0172542796851606894 0.20337220308779954681 0.23859632250399445685 1.8542702540691291535 4.7757568573961668434 2.8962438221363528967 2.8408112954597841693 2.7805589091348510422 2.75394e-09 5.06798e-06
14784394.250513350591 1444 1.52052803898923794 0.1902447890999058866 0.11601302524876994093 3.7981647826376869759 2.9009646608525629929 4.7840773817020592062 4.9737041904499896816 5.1574903644332099617 4.82654e-09 6.1103e-06
14784394.250513350591 5566 1.4973779121943457948 0.1385622345464793681 0.078473206033707082474 1.2910655967251380982 4.0599390438933982139 3.7732158879800783424 3.8602663207542744495 3.9514938874180378647 1.33774e-09 3.98389e-06
14784394.250513350591 2364 1.5172489297494831106 0.10025257135364147587 0.1984279336142684147 5.5098374455106950975 0.72503574463233344538 3.1797452669586214746 3.1837815769071031724 3.1880098703648336311 5.09377e-09 6.22104e-06
14784394.250513350591 5424 3.0377515076669703298 0.10041073588518123483 0.2265839866970311145 3.2149855540352696437 4.9250895292148797466 1.9561927470620779079 1.8611839573410440263 1.7649771217810528157 1.80053e-09 4.39863e-06
14784394.250513350591 172 1.5167436254942210372 0.13104848766559556994 0.10751152570072652903 2.5653849351494675268 3.1009244396139261646 3.046446320423561005 3.0330660660134971529 3.018871722718784234 2.7327e-09 5.05492e-06
14784394.250513350591 5929 3.2060978017550487706 0.14029783126464145937 0.17125871884808407941 3.8336490269733309866 4.5616254120091150881 1.4597230139091361689 1.3209066153912489838 1.1849664766230867397 3.18574e-09 5.32011e-06
14784394.250513350591 1642 1.7744118376663207126 0.067422100959020722644 0.097356342130021533698 1.891571793223347564 0.36778971279482819412 5.6724594765178606437 5.7101216612527432304 5.7466785176209898012 3.49461e-08 1.18209e-05
14784394.250513350591 5862 1.551891656033396627 0.23236638499540257508 0.18746795328220813848 5.7527279416910594989 0.70372917531247625167 0.332121247316434276 0.26303140797708518539 0.20261408249372120371 2.59002e-09 4.96537e-06
14784394.250513350591 5069 2.7269651241446641876 0.049288623755812742411 0.10148095079619573466 4.430671844704680673 4.955466021142144406 6.118460656376744744 6.1263558581721291318 6.1340541180295238277 1.18876e-09 3.83014e-06
14784394.250513350591 6759 1.9754598482240206536 0.40228703856496156321 0.42868569412779206074 0.55512364534317326648 5.7098163079735542169 2.2812712033774844578 1.9164338199082984193 1.5379381722367919672 4.8924e-09 6.13796e-06
14784394.250513350591 1810 1.8684258154078627889 0.14902668086069129072 0.11513700627149089928 3.1210705992478247062 2.4127969302617300329 3.6137474936237450329 3.6867476240146377364 3.7640254993451005561 7.36354e-09 7.03416e-06
14784394.250513350591 5072 3.1144126228249944255 0.091577895069660755767 0.27609616241294254735 5.0233884399749939575 2.6559029608085547025 2.1959572727761416111 2.1195270736888209839 2.0413939805411902562 2.73643e-09 5.05722e-06
14784394.250513350591 4722 1.4466368862186436139 0.28944392752269543223 0.072563732399949523733 5.3650912434806121709 1.5404980005889217232 3.5836897851815785465 3.7294984057055895477 3.8900296834308250027 1.70563e-09 4.31995e-06
14784394.250513350591 6175 1.4109224591841817986 0.096712643254027327866 0.12629376131149841478 1.0211051763470635478 2.4120477694884825404 0.29082762002111034461 0.26426561194682279821 0.23900422647403041232 3.23411e-09 5.3469e-06
14784394.250513350591 6799 1.8001287913734620449 0.11305824639719322389 0.054140280457564637917 1.3563623662690336147 3.8097387102204014475 5.7560070695821243802 5.8103897987705446226 5.8618739124391083806 2.97873e-09 5.20228e-06
14784394.250513350591 5182 1.8593450212513265019 0.11005816750267433113 0.14660174016955204723 0.32271837384471263599 5.7490909056714363246 1.4552417701079523038 1.3463855760706942011 1.2390870727545577612 9.37786e-09 7.62462e-06
14784394.250513350591 5372 2.0698229055984387337 0.15386631409507481316 0.07415538563277926376 1.1637416938951667955 6.2585232173152212098 6.1842706834669094462 6.1984632161713433263 6.2114835027437740322 4.85789e-09 6.12349e-06
14784394.250513350591 5855 1.7374223175103267192 0.099167117222240100394 0.12895745041837838873 1.9311951327946266233 5.3782846537036554935 1.3854562291567995569 1.2887090860335517206 1.1934613979391035521 1.62587e-08 9.15964e-06
14784394.250513350591 6156 1.8690572603587332079 0.15025489933125699138 0.10879958081568882888 3.7320073454550528602 3.9165907618576554228 2.4238897583890559595 2.3186090584850154173 2.2084454652479821313 2.69058e-09 5.02881e-06
14784394.250513350591 5095 1.9590491725512484411 0.11125076649172788157 0.11656259732580299959 5.4214439229251674135 1.3764449415272641541 0.56471103400683075879 0.50769123418097927836 0.45360545197296103792 4.6491e-09 6.03448e-06
14784394.250513350591 6507 1.745585374064660078 0.44881772836757216627 0.082512709551478199965 3.2892353760647186078 2.9776293577577108707 3.252618011408341836 3.3212963166361455514 3.4015171070967364919 1.72019e-09 4.33221e-06
14784394.250513350591 6653 1.8259223469279077801 0.06964509959222496549 0.14093693925656164412 4.9622221432904707328 0.12426997876877195204 1.9177361251248508101 1.8513986621949971578 1.7844774656603863416 2.19009e-09 4.69538e-06
14784394.250513350591 6463 2.3270369423270711451 0.20896805606457130589 0.33022324700781774398 1.8419432132192661289 2.3686716383441939193 3.2809752837047203577 3.313759033873858062 3.3495588356077754533 2.40859e-09 4.8466e-06
14784394.250513350591 6633 1.1755803583262167678 0.28357351484365550531 0.1594111672354472653 1.3605589839318361634 4.9231062936205827185 4.0139035027368930031 4.2571702663638006925 4.5118660411657458553 3.02269e-09 5.22775e-06
14784394.250513350591 6942 2.8375782566910316973 0.20580522112864926831 0.21054509453056990953 5.1041505944106413395 3.9120686307612642096 3.2512165309193390428 3.2765992853384604544 3.3043000264866888571 1.34834e-09 3.99439e-06
14784394.250513350591 193 1.0208807384912037541 0.33871417167818490546 0.26783962768752994643 0.92992722344089839837 2.0601058966836092168 4.5009938548557748561 4.8515891832457249677 5.1870270695038342978 2.99462e-09 5.21152e-06
14784394.250513350591 4502 1.5148421147169921497 0.25505877349301536716 0.069229630211003714835 1.7501538041203135165 5.7971735450985528715 5.731786671403961364 5.8539867390207076525 5.9601274567578341745 4.58456e-09 6.00643e-06
14784394.250513350591 5426 1.9479774940047738241 0.17455599571879876208 0.13684798803088490948 0.56207076539161415774 4.8567428895945194967 1.6106425438705440634 1.4347130353267969483 1.2617708186425875549 2.09851e-09 4.629e-06
14784394.250513350591 196 1.7093587174274762486 0.36253970881983149654 0.21687845340586014986 3.1449554203637797301 5.462479600676441116 4.1446676214674713634 4.4930443651921132542 4.8468977183395729469 5.83048e-09 6.50756e-06
14784394.250513350591 6147 1.6194248807648632393 0.070125360433819103334 0.061417216097035147448 5.6081091680155861212 4.4019437689053084739 4.7903942121803515519 4.8601731953740223702 4.9295341734714392956 3.37103e-09 5.42131e-06
14784394.250513350591 5386 1.7464053472625367114 0.077859596698314367802 0.036023186017924826996 1.0998664196741387844 0.32025324936358368078 2.3670100159311582289 2.3109222028416946948 2.2534319476054944786 2.3788e-09 4.82654e-06
14784394.250513350591 5301 3.043266391522774672 0.19301217385532357107 0.21420979592760577837 6.2546205720102694414 4.1867359036678841733 6.099375547339844772 6.1318727154678036584 6.1609665707295686587 2.88595e-09 5.1477e-06
14784394.250513350591 6457 1.9119823806266058597 0.31394859898943361376 0.32869956127924387923 2.5993107919746063494 1.4462863310394349359 1.0936472247741211294 0.82879420684107740769 0.59737733407977855471 1.33039e-08 8.56728e-06
14784394.250513350591 5100 1.6013475181573879613 0.12238991159788847884 0.11312852335572924634 2.9279619325620869219 5.2238317620355356752 3.9950119909337331592 4.0914056466993145023 4.1909461832610546139 3.86655e-09 5.6749e-06
14784394.250513350591 6055 3.2311010241058482073 0.080451111056897756102 0.12224790922069400656 0.33766019963987348174 2.9521238789633943433 1.8063603803476615539 1.7273014890156741519 1.6478336478506008245 3.0525e-09 5.24488e-06
14784394.250513350591 5142 1.4717715692957156204 0.12531857109952526663 0.15601322670640827006 5.0729385815827203743 4.9790663983630940592 5.1982862021834375099 5.3062583758575216919 5.4101201121424251639 1.02472e-08 7.8533e-06
14784394.250513350591 5984 1.2447835174411003845 0.17824106983075999056 0.20785334319478557252 4.4229363789689557507 1.8527667922748818352 2.6902691355751224833 2.6050592965524272948 2.513949673555342379 1.83318e-09 4.42505e-06
14784394.250513350591 6291 1.8752352849704654325 0.3060092509028262131 0.052426510993482701439 4.7033349210738535362 2.4954386441045057765 3.3887476342014584141 3.4791388084902625799 3.5804807233934234922 2.82649e-09 5.1121e-06
14784394.250513350591 6390 3.2121664947449990457 0.11132965095815912371 0.27881603349802347447 2.1207487139557765765 6.2693690495641103411 0.90625737773135983666 0.82132289345243247869 0.7398242790096386523 2.74624e-09 5.06325e-06
14784394.250513350591 5954 1.4762830227230250291 0.19660162422412255645 0.070547733521857516892 1.9835089962609866454 2.5157927141690654693 3.9008045665903163801 4.0478081346849297262 4.2025680888101959454 1.68237e-09 4.30022e-06
14784394.250513350591 6542 2.1699906854472259532 0.18459933195978664444 0.030156270739603138059 4.2290253628687839438 0.34663098441259826421 4.955126233151156967 5.1314526410423093594 5.3000786559671988485 2.35942e-09 4.8134e-06
14784394.250513350591 2329 1.2697677485259895036 0.19275380692264698634 0.2132386097431473726 5.9612828577978316247 2.7026743915168029986 0.67408913948085524837 0.56133521454946488927 0.45872908796030881229 2.01911e-08 9.84548e-06
14784394.250513350591 6286 1.3803138406229262802 0.24336880908348965113 0.18283560498451273402 0.45835394758248876323 0.59835919053520414401 5.8738078554674801879 5.962087543530376621 6.0388967856795883193 2.66284e-09 5.01147e-06
14784394.250513350591 5405 3.1696831136199308254 0.072964637613520344495 0.12740371623888810393 2.7789694786582503916 5.833613956928022759 2.3143043196521939642 2.2591738926009190536 2.2028249272259898817 2.93677e-09 5.17774e-06
14784394.250513350591 5098 3.1972214204551741012 0.083829188405043580934 0.079053783277701045185 3.0367013260216997317 5.8790003091202640562 5.1557916720372887198 5.2302711148168228306 5.3031077446928591712 1.90652e-09 4.4833e-06
14784394.250513350591 6419 2.782055173412156801 0.57322405067120540956 0.35902594219630518113 0.45977895884056246834 1.3470437236397110325 2.6451864055730265335 2.2358899634193241113 1.7848434587883172942 1.9765e-09 4.53749e-06
14784394.250513350591 5368 1.6229267773641131711 0.28999832997114133315 0.079892811554476611535 0.93035389715226701757 0.81162103597438184366 1.9842726737257001535 1.6976779038478226891 1.4100107759419744369 2.65835e-09 5.00865e-06
14784394.250513350591 6721 2.4638885980063802705 0.20713578839695928613 0.58228368408277708657 1.3263908383383382628 2.3781879649428621093 1.2345026905776499415 1.0440062067248643274 0.86495278569359246301 1.66278e-09 4.28346e-06
14784394.250513350591 5510 1.6554924514839328697 0.29759246132732664059 0.19261250026576579031 6.2366543389554642829 0.38221523197371987113 1.3840345162191109996 1.0950916772589514014 0.83054083622132046649 3.25682e-09 5.35938e-06
14784394.250513350591 6261 1.6157894636037235525 0.27291648359998205153 0.065286440956294156113 1.3084169531543585752 5.3249694511941871866 5.7323529972276405786 5.862347713197897825 5.9738409490636046328 2.48402e-09 4.89668e-06
14784394.250513350591 5274 2.1852100885783452 0.3478956631093950147 0.3487068829739399245 1.2181201739164952969 3.6820063633377682066 2.4201273042378961264 2.1476769458496671739 1.8560819083113493377 5.75566e-09 6.4796e-06
14784394.250513350591 6437 2.260481651198420483 0.29579435101803897012 0.13113164277756128584 2.3905176307512618905 1.501001215614576445 6.1291369589738229351 6.1695192343461320306 6.2030686645772217247 2.58679e-09 4.9633e-06
14784394.250513350591 6695 1.4862794204817844079 0.27521356436477206753 0.071116838847481461672 2.9670122930650051352 2.553364702227634897 3.9876475670370337134 4.2182693997329359092 4.4605637327793550284 9.88303e-09 7.75914e-06
14784394.250513350591 6034 1.9710800764164304599 0.16032511726087336767 0.1419855017853418333 2.3623467417468497764 0.30297267706956337863 4.7338304341273165221 4.8945368029069493687 5.0522096457252025914 2.45369e-09 4.87667e-06
14784394.250513350591 6113 1.5381207793819973162 0.22342439979611383727 0.1019496435612640417 5.0874403986881473472 3.0754765808510695635 3.0378558661894881077 3.0114541941456254293 2.9824600897319135662 1.07283e-08 7.97432e-06
14784394.250513350591 5971 0.71617708113539613191 0.15733984200258219199 0.23217691615628197055 3.6461314847940808903 3.1264598527439586562 3.3697874259652436102 3.4085915348714879158 3.4501037403423335803 5.17058e-09 6.25216e-06
14784394.250513350591 5748 1.7905105768092666185 0.076084385466579279589 0.11770355741260851712 0.94161249338826513711 4.3015228031751799875 3.8057143816230816213 3.8541214571065540717 3.9038615809631243003 2.75123e-09 5.06632e-06
14784394.250513350591 5053 2.9727847867208101462 0.087706436933851009141 0.28252856747004684301 0.055954891379975391086 1.743483763740869108 1.8173865694538042792 1.7312983455349530981 1.6447191838011880893 1.90259e-09 4.48021e-06
14784394.250513350591 5116 2.7209302236451291535 0.08292043914430863305 0.096837392145961820322 0.07743406375440203826 0.5913466747749512864 4.3908299196918401108 4.4706416397084236536 4.5511508474057107421 2.56354e-09 4.94838e-06
14784394.250513350591 6595 3.036595871728700935 0.071171883563228829916 0.26716866196650307375 5.6039430039651589865 3.052328056904708653 3.2101531446587219243 3.2152150182937955236 3.2204501283999866779 2.5233e-09 4.92235e-06
14784394.250513350591 5266 1.8662425411549403709 0.27727727753063996508 0.1537014724128406562 1.487543091950970231 4.987313459705817742 2.636777802716951058 2.4809864032111135224 2.3108502656742002657 4.85139e-09 6.12076e-06
14784394.250513350591 5762 2.0779451014849872337 0.15479785815303470642 0.056019220122258517325 4.5921655071120968117 3.9339211105751124009 2.9654976143543088085 2.9359515779214757636 2.9043426648475438867 4.50081e-09 5.96963e-06
14784394.250513350591 6628 3.3323937538563996874 0.062644773092000213821 0.1550794792121496235 3.270373169121026713 5.0901906259116547204 6.0694750673293693666 6.0823787298818503544 6.0948738416349277358 2.5094e-09 4.9133e-06
14784394.250513350591 6808 1.7317070077639269421 0.13191396295186741394 0.17681450238693000032 4.9374126790856660563 0.017855586060804225917 0.87455835611466581359 0.77712196690020263201 0.68461987577929994675 2.07842e-09 4.61418e-06
14784394.250513350591 5481 2.2346652658571266592 0.36986671116084474109 0.30462521134508935283 4.8961337263268784881 0.82272305982626026122 3.4516071164131378879 3.5944794586598862729 3.756319495713078993 2.0621e-09 4.60207e-06
14784394.250513350591 4662 1.3308601136166542389 0.20074151288237429558 0.15027371574680600808 1.5038920329593827852 1.8432067536389162843 0.25215857385111006828 0.20609210478434328295 0.16501310925366233229 5.28399e-09 6.29754e-06
14784394.250513350591 3089 1.6313308803654229528 0.063960567356229097724 0.1786259721461244121 0.93082537835602530141 1.7325204806774097133 3.0289636711432570415 3.0215313194925288443 3.0138705640570684352 1.46985e-09 4.11094e-06
14784394.250513350591 5878 3.1976924442661109893 0.020409332071359732874 0.086457960194451635716 0.96448814097370305642 2.2967844924076303847 1.8808976779801966916 1.8613996852632872514 1.8418460926188768845 1.44428e-09 4.08696e-06
14784394.250513350591 3948 1.5885027350326057505 0.17090376694809372715 0.084845708177962733676 4.2508487740616187622 1.8982722685280450925 2.5366829325510722448 2.4314077420797253204 2.3199829312849860052 1.41396e-08 8.74303e-06
14784394.250513350591 3872 1.2194231842161278312 0.15076854247160956235 0.087413052826327122813 0.32192725960559381848 5.1434435073217628087 2.901649280703856526 2.8627535831232875374 2.8212560879479871012 6.86931e-09 6.87313e-06
14784394.250513350591 2498 1.6442067920359069166 0.34655075547359648347 0.098906330156048175017 5.5468472572777907104 0.51783360217527363289 1.6808955243847065741 1.3222010622261308743 0.98630362257860926256 5.39185e-09 6.3401e-06
14784394.250513350591 6200 1.9905824871599864245 0.18698470576369602414 0.046350074844595051671 0.79622491059772837474 0.31257822912295485374 5.9235794136944344146 5.9845610762246828074 6.0395730247161969473 2.64335e-09 4.99921e-06
14784394.250513350591 5535 2.2212834090931483644 0.29363565264821256395 0.23450383489527118486 5.6358543147522883743 1.7091013262403544903 3.1166913348988800614 3.1078953389416912323 3.0980024784492714574 2.07392e-09 4.61085e-06
14784394.250513350591 5450 1.8243412364135176418 0.11131464312580571785 0.16124856205799920073 2.9048453009842614136 4.0612279985317289999 4.2319999481946126707 4.3335583291297838926 4.4369805120356158312 1.88249e-09 4.46438e-06
14784394.250513350591 5733 1.8609096518677132881 0.13374559728645490919 0.18671204289657208908 5.338458134205943395 2.6419896901905075559 4.1313256228985286711 4.2477928070288388795 4.3673617157718576109 5.33623e-09 6.31822e-06
14784394.250513350591 6450 2.7273800828979539723 0.23373380952136132982 0.21378282934935141646 4.678168481723037786 3.1539829390579883217 2.0196683123334779886 1.7954980823626669473 1.5676401996504434333 1.74846e-09 4.35581e-06
14784394.250513350591 6407 1.8843067462402305345 0.053038192382727306073 0.11118165665014879961 2.4808712838371675957 0.76611627793219239102 0.92721695634272149888 0.88543061048110005551 0.8443690987386075486 5.15346e-09 6.24525e-06
14784394.250513350591 5576 1.7106092674337938231 0.13253897328573674419 0.18792314103250581936 0.10693160416453427464 2.3151811825995967098 4.302716055861488087 4.427987782909748482 4.5552026442188191524 3.16141e-09 5.30653e-06
14784394.250513350591 246 0.9366663022659916793 0.066461259417004342476 0.081904171058252234205 5.4012631462623037493 5.3553034483903170226 2.7642542047580640485 2.7389586115189410442 2.7129162254671408405 9.52298e-09 7.66375e-06
14784394.250513350591 5992 1.9306595943549056393 0.25069618565945039901 0.20859563349306642355 0.49987573982037913911 6.0539194466492185498 0.60653653780524974248 0.47526244523669869402 0.36055093477977545602 5.52752e-09 6.39283e-06
14784394.250513350591 6196 3.1733545550296713422 0.27986492371166099558 0.046483552914379562548 5.5631095483453556483 2.0576786385007950209 2.6789671528393688149 2.5331055737170782294 2.3731272989058571632 1.25424e-09 3.89922e-06
14784394.250513350591 6421 1.7523097572721479942 0.14787823380657919015 0.085973043588489159172 2.2344355734019512028 5.0197816161959920578 3.5458177756379147816 3.6085711013544572445 3.6751444480836790163 7.15956e-08 1.50134e-05
14784394.250513350591 5394 1.553054043327650291 0.25841112815985439743 0.15089950417747341471 5.6295761552132335126 0.45471442941435313845 0.89129965538307531769 0.70297156942904781562 0.5359119738770483643 4.23442e-09 5.84945e-06
14784394.250513350591 4243 1.9081352476342068325 0.067042261176678372148 0.1222742815940719846 5.8679600895009702555 2.1223950030011748957 3.3991456281833465347 3.4168144740036465734 3.4350339067791617609 7.70334e-09 7.14074e-06
14784394.250513350591 5711 2.3246384825658883422 0.28365583711172531745 0.83503142081092918136 2.23426976104704611 4.1838443064311778841 4.7042847566308916285 4.9922130815219389888 5.2648358508623696039 1.73005e-09 4.34047e-06
14784394.250513350591 5322 1.6373183936923383364 0.22062163470877982352 0.038406402070067249821 3.4410774882182018075 3.033818999392080773 1.9291554816931368865 1.71229743122549527 1.4938808188882357619 5.00791e-09 6.18589e-06
14784394.250513350591 5046 2.0666741548395135553 0.30168798776316341215 0.11820815022362325675 4.2284713250494982972 5.3430917704714504524 3.6977292504260734773 3.8848614240332430825 4.0890131390544102175 3.3008e-09 5.3834e-06
14784394.250513350591 5351 2.978315706941237373 0.14825347997227816821 0.10706061787007324637 0.72397952021706069026 1.1355302748623345988 0.054939000784195987648 0.047320057157838504858 0.040307311837867010329 2.44807e-09 4.87295e-06
14784394.250513350591 5321 1.8880540031266321854 0.22041848266700203585 0.13164548087877517291 2.9145707894744861122 3.9717838625721899604 2.1323725133354147765 1.9322219491167642591 1.7260438972704785776 3.33881e-09 5.40398e-06
14784394.250513350591 6337 1.8208096879613784314 0.077776233953159704115 0.1831710662648059762 2.1733889905168877199 1.9776411871359116379 3.1448452995115316888 3.1451089288980704772 3.145382410985525734 2.57504e-09 4.95577e-06
14784394.250513350591 6131 1.0218583949821373746 0.18590441114930120192 0.029044064949759747923 1.6965794209602542697 4.2223792392297836429 5.2137520329219579907 5.370794627859557302 5.5178392078298399426 1.45631e-08 8.82947e-06
14784394.250513350591 1239 0.99736236310681225525 0.20019700291216091514 0.12400811632930609785 5.6255332648269211759 2.2609706571032370803 2.7826984392827114334 2.7042735957289840698 2.6194876924818881747 1.31823e-08 8.5411e-06
14784394.250513350591 5775 3.0502837683617585185 0.052611500660394959483 0.050702141666515709861 4.2154318411174411807 3.339356482230199763 3.5309903290240556295 3.5514753174755995246 3.5724410906568344615 3.02463e-09 5.22886e-06
14784394.250513350591 6935 3.5034746330803301362 0.067960382996881854578 0.41767295759205802508 4.2285418953591946689 4.3879934858301830047 2.6732014340674430386 2.6415261695250800145 2.6089402612091303624 2.603e-09 4.97365e-06
14784394.250513350591 5807 1.7966440208272111967 0.1016699860272550493 0.072996549090504445068 0.62658960556525278296 5.7811903566054958503 3.4317734084255637761 3.462434426304351831 3.4944976312202165047 4.88354e-09 6.13426e-06
14784394.250513350591 5927 3.4962395518074522727 0.065101387295480456219 0.19830534103653549294 0.015894150027211756404 3.3814003478484666587 0.82995270593840442253 0.7829069280813516496 0.73698811900037897171 2.21586e-09 4.71373e-06
14784394.250513350591 6445 1.7393321384396376317 0.24506011146426981417 0.10610374783069444204 5.2614863067938273389 2.8858151136355512101 1.5169905953848477065 1.2713903919096383177 1.0372325443890890728 2.3322e-09 4.79482e-06
14784394.250513350591 6807 1.7240224184710490896 0.15675493091252284961 0.027412114067111682109 0.68830842692067506494 5.9850131148504024381 1.8222063037869986601 1.6666919693029045302 1.5106572433752523121 2.57067e-09 4.95297e-06
14784394.250513350591 4541 2.010509907119657047 0.14530809912294409547 0.096910883071680220535 0.085342194849685470981 4.3603648126353178327 2.147710702190708254 2.0203630092623887649 1.8894933773355524487 1.04208e-08 7.89738e-06
14784394.250513350591 6123 1.3321719896960242391 0.15552642347628239938 0.062702345054236219291 3.2837183245069203608 3.5120473017896305379 1.5758498808080121378 1.4196300115589064461 1.2658771937642305794 1.87233e-08 9.60087e-06
14784394.250513350591 5407 1.5166110500162965913 0.15418398871608504641 0.19036163025424376882 2.4945972441370112271 5.5652384245663517603 0.36462892101841648529 0.31306426234817641419 0.26557938681546966464 5.11323e-09 6.22896e-06
14784394.250513350591 5704 1.8295846944851281712 0.12934874125188144944 0.11004771450934296151 1.5385483276322584612 6.2209985413238069185 1.7939572684574565109 1.6656130907818600395 1.5368453507952188897 1.97064e-09 4.533e-06
14784394.250513350591 5968 1.1077961101715920744 0.11004021592056403844 0.083987631086792552404 4.1668004042167865464 3.0852702009709891406 1.5972325011812853468 1.4868467368501960824 1.3771940493185113041 1.90606e-09 4.48293e-06
14784394.250513350591 6005 3.0318933843202326983 0.2715135039349510504 0.37254838803874462672 3.957552043712719847 2.3033658586493470644 3.7859594879192233208 3.9723088693953774175 4.1727983880968464447 3.36675e-09 5.41902e-06
14784394.250513350591 5476 1.9818053237138917311 0.32307280683250638731 0.10505125851913871271 5.3734292109331125431 0.88277496468546223785 4.7598992911368416259 5.0859846129974179973 5.3867722082592015553 4.35596e-09 5.90488e-06
14784394.250513350591 5997 1.7414814060974888044 0.21650378121287564004 0.024354924537500391435 5.5112087471744413136 6.1739586535994233074 2.1496388697202601925 1.9551520544764728893 1.7544443452639546521 4.37918e-09 5.91536e-06
14784394.250513350591 6710 2.0037794367149470709 0.096157129942107733012 0.10981405476141059552 2.5701384938955325055 5.3017628945377861527 5.842936346829379346 5.8822893866801084783 5.9198140704006121382 2.35382e-09 4.80959e-06
14784394.250513350591 5938 1.3809705345014908762 0.16844608231507590679 0.25876325399264610283 5.669526863373057779 5.1966845339471730014 0.58623687103613897342 0.49862777369498567648 0.41807334575110477459 1.88863e-09 4.46923e-06
14784394.250513350591 6827 3.11163504691874504 0.13231152914809277132 0.18438787197238654114 6.0536620469191220195 1.6515644225750227836 5.9322784401592256742 5.9752715396825957228 6.0153713515808018286 3.04652e-09 5.24145e-06
14784394.250513350591 5420 3.4851759848139276521 0.048795243611434079012 0.31135465843454712687 0.88098627552385144757 4.8152077681741856097 3.3081816638755978666 3.3164773570553558457 3.3249674659923358355 2.55489e-09 4.94281e-06
14784394.250513350591 6167 2.0870981866456217446 0.25609546786468612156 0.26846359153493315475 2.1350721828371326261 1.1346913280151376124 4.0946722763133731604 4.3232995718990991918 4.5602531514166635418 5.7681e-09 6.48427e-06
14784394.250513350591 6036 1.5041089384093249137 0.27934840457957771376 0.10783957456675956343 1.2659487478031605789 0.069803549090219713102 4.1688719730369276917 4.4307235718021589221 4.6990639342292750413 2.34807e-09 4.80567e-06
14784394.250513350591 6312 1.961042486313408828 0.29708797371256373543 0.027666136963974363033 5.5215635816078760811 6.1801476556701047116 3.3797783774288707725 3.4638688024100643403 3.5579643904574727031 4.34831e-09 5.90143e-06
14784394.250513350591 5195 2.7863417450203962211 0.16591762516358371515 0.11239011719103081388 0.35877060093871571134 2.5222363842233082032 4.3371204725976904015 4.4971366686683893477 4.6592253353214827527 2.26107e-09 4.74557e-06
14784394.250513350591 5651 2.748876974683796881 0.22870398273879910533 0.19283251884397165088 4.9131247020278721038 5.2638596281342735494 2.2465419071215917413 2.0521826597945422854 1.8494699948277142365 3.34796e-09 5.40892e-06
14784394.250513350591 6056 1.8172191768055521166 0.09025877500288762012 0.17101578337215772585 1.46383195349022599 2.3511887970641884849 3.391173071579669962 3.414535063808419757 3.4388657686287071868 3.00235e-09 5.216e-06
14784394.250513350591 6170 1.9309051444740366055 0.20211467012381320596 0.2024611369402256611 1.7598229708245596292 5.9126260906380103677 3.8541854167325553249 3.9986338090332682604 4.1514140642217025601 6.44558e-10 3.12323e-06
14784394.250513350591 6886 2.7638709529766130046 0.69905918219076323972 0.60036150993092718409 4.0760985229279569353 4.6866455433736282643 2.629426390896989929 2.02851665568252848 1.4014170710149405075 2.88448e-09 5.14682e-06
14784394.250513350591 6185 1.8561011056238765349 0.10800093827389017909 0.12152449651940566699 5.472841413350360007 2.5571212064842812062 2.5898718361157491152 2.5303690280836357296 2.4683905325302428757 4.56223e-09 5.99666e-06
14784394.250513350591 6037 3.037053765030867325 0.13882867223265696333 0.27746830806871480846 4.0735794674805756443 5.0679938676708848888 2.5979966557874605293 2.5212994919111557657 2.4406020312800404959 1.83549e-09 4.42691e-06
14784394.250513350591 6149 2.1639543013566244767 0.20711468562219889633 0.4980270283894877581 5.1931791046282267388 3.9863169842534862397 5.825278459090603711 5.9098449570161282196 5.9853854217070807664 2.75102e-09 5.06619e-06
14784394.250513350591 5846 2.7984982809447593866 0.13535075726626638604 0.14871355314782286339 4.6894389515273600111 2.79352084347275742 2.8755228473012701684 2.8372637200077295283 2.7967054577832195505 2.37403e-09 4.82332e-06
14784394.250513350591 6333 1.6509066290124880805 0.27162838268557504273 0.06433944865878811481 6.2559745870871550366 1.0893522122349836856 3.5766216012394242973 3.7098382566505700986 3.8560162090593874673 1.94245e-09 4.51128e-06
14784394.250513350591 5488 1.6967455696812492327 0.09085669867647137854 0.10521799600781049644 4.4194649644918060361 0.95582279683660087422 2.7503872635620711939 2.7141503697707038967 2.6764862191411742387 3.37985e-09 5.42604e-06
14784394.250513350591 6244 3.227175643508534808 0.11489460824270694705 0.30023074693008411362 2.2342925017779409202 5.4921131040491371067 4.8670766352775025609 4.9798542501313098896 5.0906636532563807052 3.08558e-09 5.26376e-06
14784394.250513350591 6192 3.1955341226228197726 0.23541983513545891582 0.34330940176973939737 0.1622958623026549696 4.6730661315700805503 4.4844748268586540618 4.7223951112310107447 4.9578031610353923142 2.79503e-09 5.09306e-06
14784394.250513350591 5914 3.1994608604656122886 0.078561509430856615865 0.16701958660451890482 0.38122229388468820144 1.3527667288704963156 1.6691332919804371393 1.5905671416003086538 1.5120209859317572665 2.63408e-09 4.99337e-06
14784394.250513350591 6739 3.1935871569533955672 0.050296760721707814423 0.21512481880152112268 5.0407577564859256114 3.0832265376784859789 3.2379548357056222585 3.242921501287062469 3.2480092971325977835 1.84353e-09 4.43337e-06
14784394.250513350591 6164 2.0417259998303682877 0.19370517076909543608 0.10995409106810465072 1.4402575175123712992 1.3958170364160027432 3.3449083639194125972 3.3885697798731309049 3.4359256449031665426 5.09634e-09 6.22209e-06
14784394.250513350591 5361 1.780472108070709103 0.216178096111151824 0.11686446240823925025 2.3570477383188084275 2.9686281982979427774 4.0675778224968084373 4.2541775509921784248 4.4480558164404460086 3.09083e-09 5.26674e-06
14784394.250513350591 5650 2.0335184797157070946 0.077828862206495472154 0.13592088995979861865 0.47937736208603137777 0.84477370617685298981 3.6923511558538808508 3.7345385007700513391 3.7780297693776119239 9.54988e-09 7.67095e-06
14784394.250513350591 6814 1.7625055501463600116 0.26649970324657235032 0.10110637384180932996 3.7335879848444331053 1.4549665478616329306 4.6462207014900629432 4.9178044514262042597 5.1787013511939603561 1.89305e-09 4.47271e-06
14784394.250513350591 6631 1.2724626821502749152 0.17949754633520376146 0.1940262859002145901 5.4842701199976744419 3.1746695888699427712 5.8679765257354805641 5.9353679050313772336 5.9965490548547357719 2.32153e-09 4.7875e-06
14784394.250513350591 3400 1.5184759660094340195 0.15262783924722597706 0.01709742985534683582 4.788332446292466571 5.6242541060292250421 5.2229417774361159843 5.3518685631840750005 5.4743381243243174339 2.20416e-09 4.70541e-06
14784394.250513350591 5798 1.5551675769095516522 0.099671439388356958267 0.1792852812650106431 3.9116604581340008728 5.5765493116093152182 3.4367977634901181183 3.4673250784081068865 3.4992202164039860612 2.01067e-09 4.56349e-06
14784394.250513350591 5551 1.7387926233040027491 0.23137915237033535032 0.12397847336367927296 0.9447782823291971388 2.8516615925954909017 5.966438072579386187 6.0321491517318399644 6.0896255310314337805 9.09521e-09 7.54723e-06
14784394.250513350591 2928 0.96913852895727869985 0.14792879762479549388 0.1200205455946835309 1.9022285555491025288 0.87939780830967118064 1.2182940535842576857 1.0823975554949925026 0.95176380785311520683 9.69793e-09 7.71039e-06
14784394.250513350591 5185 3.5319534224802677791 0.069247206914060471794 0.27160976483242099677 0.31117131434665623591 1.7625704554537984237 1.5303617618489961938 1.4612125142676084533 1.3923806728591032744 2.64564e-09 5.00066e-06
14784394.250513350591 6227 1.4235952043682478241 0.13819929094671201675 0.16594732876564460833 1.2122871147556193439 5.1696532753671053939 4.5252843389121286677 4.6632920625685345684 4.8013248217689064035 6.71025e-09 6.81966e-06
14784394.250513350591 6499 1.8945080977333985661 0.40513841569370606654 0.12815894600363827993 0.55525402423608694047 2.1589267440575383716 3.5061483937825945745 3.6937086109986156934 3.906199643678464728 2.00728e-09 4.56092e-06
14784394.250513350591 4406 1.3788784546317078838 0.1734926836683771123 0.17553666652507096679 5.3938245822594064194 1.5482311916406550356 0.44102898002974599834 0.37189844393717647053 0.30885384837717722029 4.822e-09 6.10838e-06
14784394.250513350591 5453 1.3716492485269053958 0.13568488023362218486 0.1295358859565212406 5.3642968604164336099 2.5692165943006095574 3.7655605757235837139 3.8498175975677417782 3.938078795340134608 3.03837e-09 5.23677e-06
14784394.250513350591 5134 3.522914926618066378 0.09744948865324835896 0.34209677553423595286 0.99194606248086447664 1.6646926780524364808 5.323978217347808517 5.4017332197876459787 5.4769314103883752765 2.31886e-09 4.78566e-06
14784394.250513350591 6863 3.1183331036633732403 0.11509264900319268743 0.091791949187255542086 5.6257417851464275316 1.5207502046161980314 4.6009661353468676026 4.7163397646876639158 4.8314315154689051468 2.72515e-09 5.05026e-06
14784394.250513350591 4313 1.6903482385639310159 0.06255989841363432391 0.12516757593015312433 0.5058201038851164455 1.992187695211033116 1.6797862987862717254 1.617344197037034137 1.5548520607851028519 1.98502e-09 4.544e-06
14784394.250513350591 5577 1.92394939373640117 0.23155080777278244653 0.18666498592079638907 2.293360936134976491 0.75443836494917293489 2.2135783810405165184 2.0121489003795085537 1.802786513288905601 6.01747e-09 6.5764e-06
14784394.250513350591 5417 2.040878945825492341 0.14029722156025464797 0.10447842854427563664 1.9137948654347634037 1.4294436380937673992 4.7600566112407696195 4.9001896645479714465 5.0380200709507150236 6.2485e-09 6.65951e-06
14784394.250513350591 5880 1.977110592392858468 0.16784000853533720399 0.094800525551436656824 0.21065782834393420586 2.920029748695569527 4.8409442209412230085 5.0064127003768561508 5.1670499438682435667 2.24295e-09 4.73286e-06
14784394.250513350591 5030 1.9964091243038306622 0.35201970703712687216 0.13487091570374620808 2.9668460054888607935 1.9724616873057287947 3.8298624664970595255 4.0969987104383047694 4.3844397739112324075 2.14686e-09 4.66428e-06
14784394.250513350591 6137 1.7398641099576872548 0.17212107975838691898 0.12840572200001887371 1.1905615087235277283 4.1106611658937932674 2.3858809705723675876 2.25911129996686455 2.1261791776384191266 2.35406e-09 4.80975e-06
14784394.250513350591 3887 1.4587834327504478615 0.46874540198202324648 0.10979911896403347915 2.3797433355811077327 6.282170077095963201 3.4146188832284103398 3.5906989324192846169 3.7942097229543123582 2.52093e-08 1.06016e-05
14784394.250513350591 3103 1.2637012085781336168 0.22270296663646049762 0.046654781311561914492 0.35150801863661274016 2.7736348756128985649 3.9210808378985273492 4.0930125259795495651 4.2743463232293814613 2.18756e-08 1.0112e-05
14784394.250513350591 5607 1.8453773945845137749 0.19848511519456032981 0.031152940593126211832 1.0289733224351240715 6.2320653502004876856 1.2266295506520901171 1.0445853919563139467 0.8729520634392506917 1.18158e-08 8.23514e-06
14784394.250513350591 5029 1.9201762179627352989 0.11505763601421843678 0.11941731197870240899 5.850067118383997844 2.8358558212135256404 1.7450365529784688245 1.6303203402699075752 1.5154664749055843931 1.87308e-09 4.45693e-06
14784394.250513350591 6282 2.793891556585332836 0.059292624379718480987 0.03974089455125839887 4.9081238727882992023 5.4057017883867164443 5.55254010729182923 5.5912827921237839846 5.629111684307827268 2.68214e-09 5.02355e-06
14784394.250513350591 6604 1.604327163987374627 0.24531912051322854462 0.093135526964625237056 4.2487784556017320625 2.5069672560971083541 0.6234963301107188105 0.49158790331893131853 0.37579081341180214926 1.08355e-08 8.0008e-06
14784394.250513350591 5362 1.5411371037369929748 0.1570232659666269126 0.19567419791793036477 1.793651626636632912 6.2760317627573751764 3.0079567869720924556 2.9851173185457970938 2.9606471929646911434 1.49782e-09 4.13686e-06
14784394.250513350591 6068 1.6558153316112638187 0.1479979508987211978 0.16043161010323464533 6.0353851110943574909 6.1924420754339406514 1.8099528286480386363 1.6630417396716714595 1.5156730156778448482 2.08722e-09 4.62068e-06
14784394.250513350591 5877 1.6930680503670592074 0.13230813082768885791 0.10853221807871812898 1.7113835384757607461 6.1761745918401249611 5.5546726112891038341 5.6389178599595792818 5.7183838293817501608 2.13222e-09 4.65366e-06
14784394.250513350591 5479 1.4322980328645296133 0.24028676562153747365 0.080017176788573951551 1.3404858150940963668 3.0828643716556545229 2.416813297581966502 2.2393689351894612294 2.05081416638090408 2.12255e-09 4.64661e-06
14784394.250513350591 5257 3.1627491111365957366 0.054025554337989528664 0.18989744911217457113 1.2433291987963832614 2.4679309751360181124 3.4372985381601117716 3.4534717934391578886 3.4700494086243254266 2.20895e-09 4.70882e-06
14784394.250513350591 6565 1.6565291764849419121 0.084831014742311583454 0.14156819128828812548 1.7924281792269252112 4.434936476037739439 4.1599389664283830115 4.2338972192171349107 4.3092008955181562158 1.41094e-08 8.73682e-06
14784394.250513350591 6327 3.0306417548392294847 0.15326533738051598132 0.19612481875867801562 5.3055657384346357475 4.8997624608107095412 3.5170889173938721939 3.5779800438766069526 3.6427604247892615419 2.25041e-09 4.7381e-06
14784394.250513350591 5595 1.3191541164810767217 0.32020545074413453435 0.069534770016236313595 5.5714967483296131689 1.3294174075566485005 2.3387331891592322286 2.0732320562678654419 1.7926000898856004895 2.78921e-09 5.08953e-06
14784394.250513350591 5226 1.3217527967994218141 0.24775288233057593534 0.20143716062624364427 5.2273625525017468618 4.1209196124577687215 2.9805087221286949983 2.9344261166703620169 2.8834663584138637837 3.2729e-09 5.36819e-06
14784394.250513350591 6709 1.4239513161656753848 0.19438370454011330568 0.090308971651117828094 3.6452759970178476578 1.6450981051912991759 0.85160696022944581962 0.7131429983264510053 0.58597444234916884476 2.29225e-09 4.76728e-06
14784394.250513350591 4581 1.4870871917130510376 0.052809335199894863466 0.081867190614088564127 4.1623707684941884111 5.9463912704926462638 3.4832279958844241108 3.5013845134955206007 3.5199775940253754669 2.62777e-09 4.98937e-06
14784394.250513350591 5923 2.9980331608760608653 0.04494010047345760317 0.16899528966233809402 5.2347845852670280564 2.8405916156181776344 0.26912891820257206499 0.25742740735763647297 0.24598594646429880473 2.22479e-09 4.72005e-06
14784394.250513350591 3796 1.8611852685356016224 0.11733400766571901175 0.094532650016314556662 1.4367410708833692201 1.1005759789129032633 4.1627512062898475165 4.2662433088834958994 4.3720923012946801833 8.15222e-09 7.27683e-06
14784394.250513350591 1253 1.4631730839553016565 0.45170133606256357428 0.1594977086400876376 1.759328215298947784 0.24147426938758206894 3.2524327965512922489 3.3216440856588764774 3.4025348396551171604 5.22993e-09 6.27599e-06
14784394.250513350591 6311 1.6139170498544646026 0.20748577494329828452 0.063520677015204474181 1.6607184845890756719 5.5094647708385657836 0.4581959932826902282 0.37343742520896933135 0.29774286010183476092 1.23412e-08 8.35543e-06
14784394.250513350591 5437 1.8647762851667757378 0.1560478897812457022 0.015645233449792808611 6.2177044479991838699 2.3847941307659508148 5.8911132477530010476 5.9470346489339718232 5.9985079263461456023 4.54448e-09 5.98887e-06
14784394.250513350591 5114 1.4510914819976068468 0.26321531531448100205 0.024588532412901823593 0.4743018645775362585 3.3444061730015963718 4.768091991401410823 5.0320912310937657708 5.2819691731613813701 8.67957e-09 7.43047e-06
14784394.250513350591 1517 1.2491785614796022674 0.27008246711207184454 0.22240952521619788973 3.6361597963033287506 6.1430402101452763475 0.93591892220297312477 0.73177582652043327016 0.55130891418319305508 2.17631e-09 4.68551e-06
14784394.250513350591 5753 1.8808853505554312679 0.19921343699496502078 0.010905837858255579276 1.2361366551202457309 3.8420961937513000706 0.54007103460166816511 0.44489079230596495496 0.35915743587373771817 1.44813e-09 4.09059e-06
14784394.250513350591 5766 1.7502550100429909996 0.27835169762811934335 0.078507086208303586417 5.5286480109464806176 1.7573958487861667255 2.6718400573832696843 2.5249322117339754179 2.3639575472437170944 1.13863e-08 8.13412e-06
14784394.250513350591 2957 1.6278741022058771382 0.33145604979166581883 0.072753183463056453339 4.3202687792888756491 1.2899089606340463643 1.554333182060261942 1.2174596085624704855 0.90647980902663594094 2.55608e-09 4.94358e-06
14784394.250513350591 6197 1.8567790971161957092 0.083989381415604261183 0.022208794238012811301 0.77100750522438765699 5.6511028402854366348 2.7361741282538023512 2.7016587780831682331 2.6658894107393291684 8.02678e-09 7.23931e-06
14784394.250513350591 845 1.2284486189838705883 0.39587204219040672548 0.087004667113385183996 1.6393266671947157587 0.030907845244984914063 3.4910360458408025153 3.6658870063070430056 3.8640614478516912556 4.26604e-09 5.86397e-06
14784394.250513350591 6154 3.1914428723929231246 0.054899032907675254789 0.25361290681551740267 4.9479478012705229162 5.5298803846531177086 2.0607107767312871083 2.0116078211061649839 1.9619568218369991541 2.04677e-09 4.59064e-06
14784394.250513350591 6209 1.4976080813580145978 0.25541707896569054714 0.14065733166732102832 3.0988778451001151026 2.2678367856398207181 4.4062687067974826149 4.6625925334251929755 4.9176930007297796621 2.89646e-09 5.15394e-06
14784394.250513350591 6392 2.9651882494759145281 0.24890669196768200333 0.1484697618746006198 5.1020292728865586085 4.1902479424791110318 3.0523092398708864259 3.0265131951272628008 2.9979323294883344353 2.75286e-09 5.06732e-06
14784394.250513350591 6347 1.4912977643916343062 0.22972905068804214124 0.075122202489046233098 0.77666909014254936761 4.7453983658894722808 0.5805261017287018932 0.46428042460181379036 0.36141246207133242985 1.27077e-08 8.43734e-06
14784394.250513350591 6735 2.0445228169616593838 0.28978702787029358978 0.042944134422919305605 2.4935189045743322289 1.4607026607075050961 3.0266309519873750844 2.9868078680390657276 2.9421321376172189233 2.32036e-09 4.78669e-06
14784394.250513350591 5485 1.5961030249681500415 0.29154110321171677889 0.20174876602135655146 1.0370751731726002287 3.1406071538710946811 4.5272162430525453303 4.8261523616262627101 5.1158089205882255612 1.60307e-09 4.23156e-06
14784394.250513350591 6816 3.109955261175819885 0.079249336902613556899 0.19100773391967409975 0.35969431443705435214 4.7093453526144593013 5.2498298326128907121 5.3166313626137826631 5.3818482386185300115 1.76213e-09 4.36713e-06
14784394.250513350591 6572 2.9981323604758198798 0.16504185467820073341 0.16255160347909716756 4.5828014535682823904 3.4511679237181107638 2.7225040203766428526 2.649358584295488761 2.5713604796512750106 1.66053e-09 4.28153e-06
14784394.250513350591 6740 1.9119720054510149776 0.088030671936333459993 0.039920548742073236337 4.4993711822919442156 1.0892128793898341321 5.4639807064306635809 5.5265171480543431315 5.5869504321109086931 8.24013e-09 7.30289e-06
14784394.250513350591 6480 1.7738159523206802337 0.091781737967308776871 0.098126598782124568876 3.7878810895490788724 4.8744352332645100034 5.3027199433214393665 5.377187891113474727 5.4494238684704026099 5.51174e-09 6.38675e-06
14784394.250513350591 5642 2.843989654777366205 0.21185875957471814179 0.056107358101917692572 2.2036415690600392736 0.1240001100698380071 4.6175413660529383009 4.8322276181309433696 5.0425669139620099557 2.80041e-09 5.09633e-06
14784394.250513350591 5478 1.8829713299906483126 0.26336412554820776144 0.049510750476432018041 2.4514729821670910859 0.6546283175442966229 3.112913674234635053 3.1040365743577487123 3.0941479753517446838 2.28234e-09 4.7604e-06
14784394.250513350591 1447 1.1809628582050526457 0.37510397540665058047 0.073497380645747886763 2.8066401308490900313 1.3757141388868852072 4.6306589953578836116 5.0199506848863322261 5.3774527416899760013 2.94046e-09 5.1799e-06
14784394.250513350591 6815 1.6340991473268648981 0.16434147766723614104 0.20246554833426760878 5.5427869356476850982 5.6506414919593002111 0.39437347106981474054 0.33532508970504831813 0.28124422556935524398 3.57143e-09 5.52668e-06
14784394.250513350591 6044 0.84610063652226508157 0.28983602134630759295 0.25440278626069762202 2.8755332509156130705 5.570005595431054779 3.6020791933384299632 3.7535459502230628104 3.9200472905996552875 2.72625e-09 5.05094e-06
14784394.250513350591 6667 1.8827782463431737003 0.43798832823751865373 0.23639805631697796695 5.3975730576631750779 2.7121790501323292943 3.0456905402899998592 2.9883726655960671792 2.9215263686861474568 1.85586e-09 4.44323e-06
14784394.250513350591 6040 2.036582635625683313 0.19632527342946023974 0.14437448884511347447 2.3052949831760956023 5.6865873477022423899 0.43240020263424761016 0.35621828170023273064 0.28775329309413233414 4.48499e-09 5.96262e-06
14784394.250513350591 5950 1.5195955202391218108 0.13039628827055338434 0.10410780066082872541 3.5371401742452253103 3.4670005474862288786 1.2703241353624670218 1.1477677010107245614 1.0288658715400409438 6.81029e-09 6.85339e-06
14784394.250513350591 5158 1.769171057772175093 0.064143028971632543023 0.14902895667621746112 0.23623853676926892531 5.8354266547180326796 5.9654001712973085958 5.9848688052135665671 6.0037211778892940472 5.85576e-09 6.51695e-06
14784394.250513350591 5252 3.1520182538022520902 0.086888853049896824787 0.18321002163730654155 0.84619162679416914941 0.94849052724462423747 3.7006367466946650246 3.7485676499528941541 3.7981277835545528276 2.42859e-09 4.85999e-06
14784394.250513350591 6104 3.3738270243134023119 0.054332363149817070047 0.13293561472601977957 4.3555738205415011066 3.9122392180349190305 1.6328717464312614283 1.5785256531904738875 1.5241949130078136232 1.75259e-09 4.35923e-06
14784394.250513350591 6267 1.9011658641950592852 0.10815712979126718141 0.065599877327656264114 5.9330643872201678235 3.3993115015484534069 2.9921204938843719567 2.9750517087982961684 2.9571222686812244085 1.78459e-09 4.38561e-06
14784394.250513350591 1284 1.7696553427412038406 0.093933598274745219725 0.18020612044681316721 2.7968883924518492812 4.2887683768772406623 0.65793707842742121805 0.60245205872657470181 0.54922321897348114206 3.64405e-09 5.56389e-06
14784394.250513350591 6952 3.2093546621225961246 0.13183422271313366414 0.11958335958572222091 0.91409355597473884725 1.7713938609486805653 4.7057261323003709563 4.8380005109922290529 4.9687960434115741037 2.57429e-09 4.95529e-06
14784394.250513350591 6649 1.7384686354580323187 0.24426288112253299878 0.18537965542423082144 3.9914382115605389068 3.1807519337492315969 0.72817703206527673032 0.57738756973076132972 0.44405988352057124136 1.58536e-09 4.21592e-06
14784394.250513350591 5517 1.8285673324875872936 0.10662859926755198503 0.11350237303652052634 5.8411029239396734525 3.9469802473822999112 5.2300666828721844581 5.3205317237057547786 5.4080429417093904831 2.41819e-09 4.85304e-06
14784394.250513350591 6425 1.4277363545429149205 0.30095489096652627836 0.072435178856173829121 6.223025732001963739 0.07180418996528688258 5.7369050468397864151 5.878112225473149266 5.996714313233706406 5.02719e-09 6.19382e-06
14784394.250513350591 6573 1.8185634700024171373 0.1923652334140981135 0.20522782408787820785 1.9021820766250743251 0.46960377771515032785 1.8638780730267028307 1.6731947341500637005 1.4818371362791598056 2.46875e-09 4.88663e-06
14784394.250513350591 5342 2.0254688806384257838 0.3620103968414155049 0.062508875750244718983 2.8993056818892068982 0.39741451384026060811 3.292260877235694938 3.3612654914117330307 3.4401512981423216786 2.15151e-09 4.66765e-06
14784394.250513350591 6180 3.0747706611748633065 0.071251488395480358506 0.20563471171299016471 0.24025188174360750937 3.8952045603006815178 4.1120216565675118403 4.1720807006366200653 4.2331824246916873733 1.88472e-09 4.46614e-06
14784394.250513350591 377 1.5598990898482727463 0.2402009555589471046 0.10938056519942018774 3.0053838045573182391 3.9421508959996227617 2.0799672766922925327 1.8546339472676593996 1.6240439565545945477 1.8845e-09 4.46597e-06
14784394.250513350591 1442 0.57608765251699944887 0.090123797875043945571 0.042665606415049642242 2.1638038773636281142 5.0989124932611131769 2.2881002296748778058 2.2179931516579141082 2.1460944484590118719 7.70371e-07 3.31449e-05
14784394.250513350591 6119 3.1004528178205665867 0.11691712653506780573 0.2300835329279211916 5.9315577879647731763 2.7420059749883223255 0.63105188476124796093 0.56498818206415091225 0.5023900703432679915 2.96829e-09 5.19619e-06
14784394.250513350591 6350 1.4456132115617963407 0.23172462607587759886 0.17593594449959404358 1.6817666904888022295 4.7448814039998890024 3.9787489964067872528 4.1675669239421830881 4.3657423489102438197 2.60101e-09 4.97238e-06
14784394.250513350591 5289 1.92646840865989466 0.1088524952896904735 0.10378564356581923556 1.4172946645539066246 3.9321035085732010117 6.2095582579963961578 6.2171746864548698142 6.224354890078630298 2.13423e-09 4.65511e-06
14784394.250513350591 6619 1.7970503543662996737 0.15954067975192179341 0.14357722609474735109 1.3260620343114977171 4.9187370164794792515 5.4606116833434148461 5.5720821277552046169 5.6762095405648693713 6.69672e-09 6.81508e-06
14784394.250513350591 6346 1.4916354617074110145 0.25604167078924133794 0.13724299046454932482 0.11702676960324623345 0.77125171375806089724 2.6804831495782042161 2.5495252701417223662 2.4066341219359750347 4.07714e-09 5.77611e-06
14784394.250513350591 4296 1.5460620361897003949 0.25879653297995863781 0.052820830835325009722 2.7687752983827942366 3.7864290477925517386 3.9376751987795555188 4.1441672455417180032 4.3622962978492338948 2.40121e-09 4.84165e-06
14784394.250513350591 5360 1.4767408279355331846 0.18704086268014866179 0.083597472588492635626 5.2430293411456956321 0.67042859438955260121 3.3218737020265156623 3.3591676814409034968 3.3995427821079671205 1.47972e-08 8.87652e-06
14784394.250513350591 6823 1.7400050596024754235 0.13947458340792329157 0.23595648838339428055 1.1212879962360435826 1.5897619800821833902 1.2187511947681568536 1.0904680934564172645 0.96677599312748196958 1.69817e-09 4.31364e-06
14784394.250513350591 6677 2.2640693929886093194 0.15614953180913290764 0.17414561766074618254 3.6214114351441102357 4.1986350198175301784 5.1933570073369654807 5.3275588379266070049 5.4550823246423014723 2.33048e-09 4.79364e-06
14784394.250513350591 5841 2.0648432908271630026 0.058367900574734440933 0.12926453067434451327 2.7412667741699001667 0.95520602198242210434 2.5371302959763086804 2.503116091344591343 2.4683304098663034765 2.76225e-09 5.07307e-06
14784394.250513350591 6791 3.1456808531453748223 0.23543651274949625729 0.16469039800018009378 4.7675367077051546971 0.17769004558675682848 0.020400587308396965491 0.016048888945411014101 0.012270556698987442751 2.20531e-09 4.70623e-06
14784394.250513350591 6266 2.9687270562242864536 0.16108718467438767896 0.15613080231119486063 6.032350931001639438 3.3343905851412056762 1.0550109294283636086 0.91958989131397728123 0.79146869944714759448 2.89198e-09 5.15128e-06
14784394.250513350591 6897 1.9551676032543825468 0.30032324965263484939 0.19528509165314916762 1.4467088862383714609 2.9133143897699786962 3.8595191620885147543 4.0872346895685911505 4.330758654345869374 2.6229e-09 4.98629e-06
14784394.250513350591 6969 1.2366807076259176412 0.056767516563544076491 0.14932087848668951224 1.0793328559054073956 0.53116502454192504601 2.0795215986375690242 2.0292172265773551487 1.978310818800656401 2.41679e-08 1.04535e-05
14784394.250513350591 6004 1.3577885450706788095 0.18243475555652591269 0.10712630202742426389 1.0418118227149595345 1.6507467091002940851 5.2969254289879224018 5.4426868940713379885 5.578596353739517788 2.14847e-09 4.66545e-06
14784394.250513350591 6778 2.9864178189154446663 0.067997954097562637865 0.13589720931529178372 0.46624627730036566353 4.6471721072760692195 6.2607082846528898656 6.2621879647165314964 6.2636156361328163555 2.33115e-09 4.7941e-06
14784394.250513350591 5681 1.7253920638763400319 0.50138217179798227896 0.055924531593611964686 0.897587631642616679 5.7124724310105108316 5.1257163517274602071 5.5629746769621108982 5.8936577838844206312 1.72101e-09 4.33289e-06
14784394.250513350591 5931 2.7331538623672675392 0.17560426733481007688 0.40307928167312145895 1.1141901519541370646 2.1067725632025169347 3.5330982786276030616 3.6066127851799310022 3.6853609024999216537 2.66585e-09 5.01336e-06
14784394.250513350591 5323 2.7927726008595783469 0.13755218391597504035 0.096211932713901368586 4.6880662572337055138 4.8663688122801787017 3.4389311444101355875 3.4822810345199153303 3.528242169312890919 2.25995e-09 4.74478e-06
14784394.250513350591 5788 1.5409759298863936472 0.29436782534065331074 0.028112426629876084705 1.876592417634605825 1.3421888390397147539 3.7930903632426895555 3.9997130830238170063 4.2224361724418928432 1.43499e-08 8.78617e-06
14784394.250513350591 6138 1.4978943022642696725 0.15667065988216921646 0.099782063010346450094 5.9671529390976019158 2.1540850312550450241 0.69572567560845577361 0.60052135687267749198 0.51199104548729101882 1.20875e-08 8.29778e-06
14784394.250513350591 6726 1.6551917678288090574 0.22460206451481137813 0.12505470737105317536 2.0877918254642722218 0.83474510640996157917 1.915305683205086984 1.6935232319713711124 1.4706105116254830634 2.92983e-09 5.17366e-06
14784394.250513350591 5559 2.1443320692175671383 0.14217324056317692804 0.1669032847086204252 0.61057235078371574488 1.2450150193092530682 2.6061925391412525954 2.5285531555076214971 2.4467529102248475326 5.44342e-09 6.36025e-06
14784394.250513350591 6737 1.8415466068225989638 0.32849244058750931563 0.23389681245462837222 1.4289790550199852337 4.7568695989655704892 1.5094105302164750881 1.1786866901918975348 0.87512520214897571158 2.16814e-09 4.67964e-06
14784394.250513350591 5663 3.1663741272257541759 0.16269113100815743578 0.36456057932886859474 5.5417553671877533006 4.0120157998419454515 2.1737290168365110965 2.0324911988466003443 1.88683402844574033 2.69499e-09 5.03156e-06
14784394.250513350591 5227 1.8237460927759778784 0.072227543140727254456 0.12115934438569896103 0.39355795292536471797 2.4186494661909194726 3.4631617956822222659 3.4868305147889540052 3.511273796992386842 5.94474e-09 6.54979e-06
14784394.250513350591 6118 1.9153383437514484022 0.033835627017753507062 0.10989651589533103171 4.0701046260196260818 4.1180958939744387592 2.6108833758625302757 2.5934994461845986002 2.575869030947602667 5.68798e-09 6.45411e-06
14784394.250513350591 6356 1.8209363133522640243 0.19415813963075082005 0.10580106795913876705 3.151380529214882209 4.539907750344541526 2.1855171654858240871 2.0161903750294807303 1.8409741143606459524 5.8318e-09 6.50805e-06
14784394.250513350591 5831 1.9822308293089661024 0.2251462206240952002 0.177780086805801818 2.8754480822386625505 0.018811653977732732679 6.1943723077872441252 6.2125377148810683181 6.2284305251937119863 2.32205e-09 4.78785e-06
14784394.250513350591 5138 1.7889523579928605646 0.11240152265122620168 0.18063980671930307542 1.3603491398789644418 1.3545622676001034534 5.4839929508580178563 5.5617212951393737441 5.6359607718428419432 2.37553e-09 4.82433e-06
14784394.250513350591 5736 2.0027905649678334754 0.24111211294221493451 0.04515517285395994479 4.4618292047668060007 3.366663051055449607 1.4411810218249900828 1.2034163877989534353 0.97839330063133345128 1.87923e-09 4.4618e-06
14784394.250513350591 6132 1.9166316226713051574 0.20564213251940918759 0.11575704701211891878 3.9860175568624036657 0.096143581397053992643 0.34230253652960496158 0.27877470382718250175 0.22218654108190533103 6.69157e-09 6.81333e-06
14784394.250513350591 4460 1.8701065082686021412 0.22068325591110299344 0.054193804555917553245 2.1091923360278159727 4.5379054289724285454 3.5698181627972984664 3.6730070999513673158 3.7848390525632034098 1.068e-08 7.96233e-06
14784394.250513350591 5256 1.7489798449628424226 0.17148030595756408312 0.067324998381932552038 2.8684583606172280312 2.1024312714010542358 2.9627687773651261161 2.9291880308091911012 2.8930380805421944679 4.61883e-09 6.02135e-06
14784394.250513350591 5698 1.8058191943292740689 0.18449510326463397503 0.062893870531435497329 4.6698460533409305029 1.2833563711072928371 3.6330355351774659134 3.7286271800226087336 3.8308179933261610195 4.80918e-09 6.10296e-06
14784394.250513350591 6504 1.6974216239023263153 0.074175178939212965679 0.15764909165636306621 1.2367738739220468513 2.7238090977722344554 4.6105188386401376732 4.6846574079502154575 4.7588040668733775362 2.41361e-09 4.84997e-06
14784394.250513350591 6076 1.3104720645566696469 0.1457930136744766958 0.17450973212903625464 0.20326972247164945551 5.0293800271247590672 4.02231258931346769 4.1407449776155296206 4.2633587509545618488 2.07184e-09 4.6093e-06
14784394.250513350591 5828 1.7444390945134335968 0.2997992725661222102 0.116049239637855503 0.8410995490944158659 3.2886646434151214358 3.8433737045386564546 4.0668319512844401942 4.3063010446729297342 2.18531e-09 4.69196e-06
14784394.250513350591 5964 2.2084665960938503204 0.20822993673871484366 0.18731015731772496236 2.3377909938002665591 0.45653268857182999207 0.015740598248011467009 0.012742336438473883878 0.010089072329830413993 2.1711e-09 4.68177e-06
14784394.250513350591 5425 1.9228265454519049005 0.14094969950378255508 0.1123434953401539621 0.21589793014709254826 3.4184190517386743302 5.0754532234674112345 5.2044474399325793001 5.3286751807858667718 3.49187e-09 5.48533e-06
14784394.250513350591 6143 1.8323419715023989696 0.09189908019967225894 0.19108633410868491875 0.22157901748801536734 4.918522206690603582 4.591631172846351916 4.6834997354012752879 4.7753604693113747004 2.16561e-09 4.67782e-06
14784394.250513350591 6182 2.0895022622629428888 0.23212623327098011461 0.1812533589004171608 2.1519472511648465307 6.0903195098343561042 4.3212018741013178413 4.5480062803820322515 4.7770033499768818075 2.64006e-09 4.99714e-06
14784394.250513350591 421 1.2727487940298793934 0.21715003998844428779 0.14112409039611245598 4.8773280852327260959 0.13736998609772482771 5.1052041710971218791 5.2994289581273275047 5.4802245804135063523 2.69558e-09 5.03193e-06
14784394.250513350591 6415 1.5799560133981001009 0.10626003970673117416 0.13771261904599660375 0.067125802990043767493 2.0194216390311985343 2.914930402360628392 2.8896731413974112712 2.863186408828353624 2.43409e-09 4.86365e-06
14784394.250513350591 6920 2.2400182588815438223 0.15894784724046068236 0.29315124405762782445 3.961690461431896626 0.31690289398196586079 2.47497325767356946 2.3695251428415633477 2.2586402575457169561 4.48089e-09 5.96081e-06
14784394.250513350591 5689 1.7781388706881107176 0.14209289552614903784 0.097683823649656095767 4.3321537715394615731 0.77674185342319823633 2.0171857236139505432 1.8844602143616375756 1.7493001051318821659 3.02594e-09 5.22962e-06
14784394.250513350591 5534 3.2772125630413340147 0.093078067459953450768 0.155422239074082702 6.0017369979407266811 4.550740031748413017 2.0898243908506435318 2.0069579538545800901 1.9225938635562427326 2.18919e-09 4.69474e-06
14784394.250513350591 5578 2.8751492567317984417 0.029332969020074654148 0.14728914563452485953 3.100419891342041101 5.8287211703205086266 5.4921302887861624953 5.5127795966624058011 5.5332078520052778714 3.04211e-09 5.23892e-06
14784394.250513350591 2992 1.0092537742533280731 0.024287507021384067973 0.1644892496988451247 2.9813708142498347442 3.4969291537110800405 0.58852040345914413688 0.57517072907240707202 0.56195885818673174672 2.07761e-08 9.93967e-06
14784394.250513350591 5643 3.2581429950761018333 0.026728504910180035659 0.050932089939326241623 1.6022743331299489356 0.95191935879621847327 5.1340065214028669516 5.1582648276386517949 5.1823801749318523235 2.47115e-09 4.88821e-06
14784394.250513350591 6683 1.4898992596229074792 0.21899008710518869103 0.099787647989498171053 5.2711772799125498068 5.0290804478220536566 0.87083677936653514084 0.71290927000176018691 0.56968158714530836573 2.07491e-09 4.61158e-06
14784394.250513350591 5234 3.1161301468730830955 0.20962582899752080223 0.07629493955370547642 4.2608895205389352157 4.8180497890597475674 0.10963650374794953191 0.088653681790655872175 0.070093914234842652489 2.35138e-09 4.80793e-06
14784394.250513350591 6292 3.3485939893224054842 0.024684507594927972834 0.25989644561946123602 3.6242344803804420472 4.9852273729479863462 2.0846278191159957061 2.0629972017114934779 2.0412428702249671986 1.7586e-09 4.36421e-06
14784394.250513350591 6557 2.0340514806968164052 0.034087881138824133176 0.15367178963907657252 1.5258353123189360989 5.9545392151771476819 1.8167038599476392768 1.7834970613971694586 1.7501773726913780749 1.93092e-09 4.50234e-06
14784394.250513350591 6401 1.5068344924523646711 0.11231087397191448496 0.072719966899460544707 3.9039777248636116092 0.26437792838898660497 2.2903332949590131662 2.2023844355658681593 2.1117393552789378575 1.93159e-09 4.50286e-06
14784394.250513350591 5864 1.8927044824212175822 0.11015479752489458487 0.041213917656071664963 1.7044652359879832737 5.0848800723645455335 2.3032745274745374253 2.2180225796233812297 2.1301455579594552603 2.76427e-09 5.07431e-06
14784394.250513350591 6243 1.2781498042418164562 0.24570856185113945647 0.12201708977293143632 0.4269740178341190906 5.8383876083092403064 4.7931764827691694109 5.0381837383708241163 5.2709672077146665359 4.47711e-08 1.28386e-05
14784394.250513350591 753 1.7490907758144074169 0.19761647250606895199 0.13513791622635640266 1.2784831411756381048 0.27133172632380636591 2.7211654012146997417 2.6315997847859149417 2.5351291492097036695 9.5243e-09 7.6641e-06
14784394.250513350591 6135 1.5684710575231890495 0.25798932210357439221 0.031810519220549893227 4.2880697766448490071 0.50443002518672630519 0.24611530678537074657 0.18941050959849950464 0.14083628516036039713 2.38172e-09 4.82852e-06
14784394.250513350591 6402 2.9724485936375626416 0.24647110882420170119 0.21342018830189959933 1.2438697813082322252 0.82776252487667556501 3.294964042737901444 3.33859897866387767 3.3868418641590198881 2.16272e-09 4.67574e-06
14784394.250513350591 6658 2.7036586903899908485 0.18231736011374910511 0.8762313822618503778 4.3000198768625779167 4.3894538046853615043 3.7432568039628950629 3.8557380267244418803 3.9751507661635701041 2.90725e-09 5.16033e-06
14784394.250513350591 6242 1.6218023457680332822 0.34879389610300920443 0.065897859524475951853 5.518253484273468068 6.231716842224133579 5.9403689373354851 6.0437714506132120817 6.126482078073442139 2.33848e-09 4.79912e-06
14784394.250513350591 5118 2.0427007864951787219 0.23303426257604770155 0.20099791554617771339 1.8443970457300156163 1.3897977026732666328 4.3353629165235689769 4.5640421727694580056 4.7945169679864108048 3.95744e-09 5.71902e-06
14784394.250513350591 6395 1.4760794947962265766 0.091591823355883159041 0.14768202162681784428 1.3968682424747689286 3.7032254229496794906 4.2673067295715725322 4.3517689124434513204 4.4374693857547358178 2.27089e-09 4.75243e-06
14784394.250513350591 6129 2.2000213424062557976 0.28077214733179595152 0.28790387899190544863 2.0717202178742475382 5.2840732402414936075 3.0377400927425481925 3.0031035569971531451 2.9643438506416877054 7.14833e-09 6.96495e-06
14784394.250513350591 6850 1.8770970928015955348 0.61426046181833970916 0.35213354293240706205 1.7619227807044317569 4.8004736771846898691 2.652704484668443552 2.1979479246557804828 1.7005797856326965167 4.53979e-09 5.98681e-06
14784394.250513350591 6099 3.2329522840114899296 0.37388369833810752851 0.28204348235449594462 5.4315789274437866752 2.8792168100624713212 4.9495636316750850625 5.3063830021170099727 5.616224886850823772 2.8329e-09 5.11596e-06
14784394.250513350591 4427 1.6766344796424359487 0.30602054092377561911 0.12897225235070719496 4.6770648758518662547 6.1267331517749639147 3.1798519877820106139 3.1940724803409858978 3.2101250144757811356 5.29375e-09 6.30141e-06
14784394.250513350591 5240 1.7226289437082002998 0.24349277083074943873 0.1405208226443909747 2.4206000932487334865 1.2652538726216209231 4.2430449151903602001 4.4755292004238924619 4.7122235612979732622 1.54708e-09 4.18172e-06
14784394.250513350591 5494 1.7191012278379544931 0.26023507381517430037 0.1427764844887552953 0.079045445184768220459 3.8404321492698487717 5.8338088233282938688 5.9364912795249482613 6.0249166591061991127 2.97785e-09 5.20177e-06
14784394.250513350591 5346 2.7125168161843391523 0.17256909446499887895 0.18636009054437044363 4.1240675391862815502 3.926633739625231545 0.38388186692439718595 0.32363824585553380153 0.26875816362139670623 2.35234e-09 4.80858e-06
14784394.250513350591 5818 1.2948405313042468112 0.20262573015871146453 0.097750190777601997372 0.51664163948800601034 0.43520712281275375499 1.9461416346855295867 1.7488610046196000347 1.5494391256403905466 4.47796e-09 5.95951e-06
14784394.250513350591 5310 3.4696855766563277079 0.084329374312006724623 0.36439786254969214196 0.21623865925816773692 4.3957311262961411558 2.2893715309590709772 2.2239842321155238736 2.1570140190561328808 2.51895e-09 4.91953e-06
14784394.250513350591 6997 2.8543285515693077592 0.20410438513686013362 0.14647561216202278911 2.8940400593048134503 0.25326624903041689008 0.32313473859711122627 0.2634868560360228984 0.2103281454926282934 2.77488e-09 5.0808e-06
14784394.250513350591 6793 1.2325726149628379869 0.097016016137666652441 0.19904712731239979084 5.9354731752374805254 4.98095079840040178 2.2032390109444914827 2.1225249802765322471 2.0399042293653719682 2.0508e-09 4.59365e-06
14784394.250513350591 6702 1.6648892245484312458 0.1201815302823566467 0.14851034423093192882 3.1527845899231823346 4.8074304336449067421 3.6956129128488806046 3.7624773386300249811 3.8323935398712078992 3.70623e-09 5.59535e-06
14784394.250513350591 6411 1.4619467363660625381 0.081700099808276652191 0.095019429669727081822 0.11213688296626452001 1.7767715975632165648 3.5696500492802063498 3.6049307455977217529 3.641445521346396319 1.36815e-08 8.64758e-06
14784394.250513350591 5401 1.9370679499163032666 0.14240797781012021206 0.047382947007156783759 3.3788019452362156869 2.7876349518391401183 3.2208125509897289618 3.233010109678454036 3.2460105592785732931 1.17442e-08 8.21848e-06
14784394.250513350591 6894 0.85344924040311842539 0.22216856228890252689 0.075877715260862080293 0.19137235202962832314 2.6792724557569136401 1.2935625409911342132 1.0844023386187742197 0.88799995289245670094 1.64258e-09 4.26605e-06
14784394.250513350591 6758 2.6952551001012974297 0.33775767999045175349 0.67881375236988961142 2.2895243413087862372 5.6051783832340449365 1.030369867596105049 0.7581882816259291058 0.52594369721909473014 3.169e-09 5.31077e-06
14784394.250513350591 5902 1.8615731159054136334 0.27002886663475023088 0.088771343757272150321 4.4895021138219473045 4.8557100583121135529 4.461123571374258745 4.7353300957884512101 5.0052879081486389978 6.63699e-09 6.79476e-06
14784394.250513350591 6272 1.7779389143445725185 0.089006171649850654437 0.11128479294789639376 5.8604039113946031492 2.5441101848187686052 4.3417217870945350455 4.4261626963651785616 4.511547754483089534 2.92426e-09 5.17038e-06
14784394.250513350591 5691 2.0106208854866949309 0.25040357087357900667 0.07341062527429256801 0.57902199547656718615 5.0611373598003392971 6.1064975203639990653 6.1462398572560452692 6.1804244028688177792 4.69105e-09 6.05257e-06
14784394.250513350591 6501 3.040190697810844167 0.26249269153582122094 0.42274861288403192683 4.8511965999140969075 4.1725461203767366669 3.4161494914568941716 3.4992275903268037496 3.5911157280928320823 2.93548e-09 5.17698e-06
14784394.250513350591 6414 1.7325521709235460754 0.30176079959181045798 0.16446317491328804605 3.3785496909281254041 4.4160503800616321968 2.6905906272407666968 2.534494880067678757 2.362344494121334737 2.40884e-09 4.84677e-06
14784394.250513350591 6692 1.5001198947984235588 0.027856837790016266559 0.078504514662316296492 1.1512643644422442257 4.6070790462881170413 4.200752405046262794 4.2252123566493846596 4.2498282768377730889 8.86651e-09 7.48344e-06
14784394.250513350591 6140 1.8291146754180032108 0.13748756160624234224 0.12816099621890181259 5.9532800100835423507 0.052186431489266174588 2.4815251109921634409 2.3919909462269033362 2.2983141701372944432 1.67728e-09 4.29587e-06
14784394.250513350591 6655 1.5522461270794509769 0.062088527414580006736 0.063765984748612433708 5.755061872148264257 1.5372782475717334805 4.1836864682295722417 4.2381903593841547817 4.2934279727119921688 4.63012e-09 6.02626e-06
14784394.250513350591 6121 1.67441231822934955 0.059464862282407132676 0.10572999284502444806 2.500817634030746639 4.1342602357763329479 4.4935296104277151485 4.551988550377821241 4.6106900865108588761 1.90564e-09 4.4826e-06
14784394.250513350591 5251 1.6803016546711622148 0.34344981480400521567 0.21996210431777943328 6.0122086543541088943 0.059013431845172527324 0.77621824176255016514 0.55678340672850634707 0.37528454281947931648 2.36533e-09 4.81741e-06
14784394.250513350591 6394 1.5208776370174950099 0.22280388485618971006 0.075952304155484151593 2.6613101092783781887 0.80234034319234837085 4.2436260818707260967 4.4549470242845981005 4.6704082821061900788 1.34783e-09 3.99388e-06
14784394.250513350591 2182 1.4875883791953401492 0.2018779775007347177 0.099788291147388061275 2.5224799066284036009 4.7004959498120841843 3.2481161357367267506 3.2722498670728037418 3.2985516973252906325 1.98345e-09 4.5428e-06
14784394.250513350591 5176 3.1107199376154173187 0.14962266998534584639 0.122992260681259305 5.3241013320562400324 2.6179824373603812759 2.5108565827766806677 2.4164485177542767147 2.3172122811618196536 2.68297e-09 5.02406e-06
14784394.250513350591 2302 1.2866976916784758078 0.068907718238316484349 0.15865834539938461489 5.2479895308390576147 1.4391487162174867454 3.4908343679333593279 3.5152312316390394997 3.5403829192809972426 3.55428e-09 5.51782e-06
14784394.250513350591 4971 1.8996158032688374995 0.20617396055610978656 0.16224348511326747158 0.70830955893605707097 4.6142293318572118466 2.2992376581245710376 2.1325118257668487232 1.9580180167675393932 1.60974e-08 9.12926e-06
14784394.250513350591 5853 3.1179450026268153984 0.1292059222114610717 0.24745609888038369584 6.2167661063111054887 3.9390973655956984523 5.2777259066033863633 5.3835091053364800828 5.4846935697105543284 2.34516e-09 4.80368e-06
14784394.250513350591 6126 3.035073769187425885 0.22349421720136997127 0.19977023072289146199 4.4438974614958990372 2.4876445189682971915 0.21300046183903229013 0.16992274611177890509 0.13212848646235825223 3.04059e-09 5.23805e-06
14784394.250513350591 6186 3.2420731876529513826 0.023678430118265991061 0.16599519268506457426 2.4832829833708238709 0.28383454841915323197 0.90772715381249180489 0.8891989835371494344 0.87081108830789200059 3.14704e-09 5.29848e-06
14784394.250513350591 5890 2.0683432662565377491 0.40399787289118221922 0.51114482803326577454 2.1909372424006283708 5.5448114869703015728 2.8106903422788844793 2.6398287146152030758 2.4455167289108508122 4.73576e-09 6.07174e-06
14784394.250513350591 5345 1.3547370707676271717 0.34867668648049521263 0.1876090047611045919 1.3213220621096923857 1.2510984411485410739 2.7034415426978739561 2.5214828942882649976 2.3188583334605872288 2.62039e-09 4.98469e-06
14784394.250513350591 5160 3.0291091451954490488 0.095343694700340139714 0.23668000282945858559 5.1830955155250286737 4.0092699274492087369 5.5958562793514960987 5.6543114512228846991 5.7103958950520459226 2.48083e-09 4.89458e-06
14784394.250513350591 6162 2.0150545329932412209 0.18815974230675003298 0.10954483531450465161 0.98101148874206367534 4.7262685266648620797 5.861957044355759372 5.9333662406500611297 5.9978538223066601986 1.62993e-09 4.25507e-06
14784394.250513350591 6691 1.5939498719229066026 0.36938868934513285902 0.18823026653130384145 1.304514115659371587 0.30953350102002324951 3.474899093753721413 3.6275590927912979566 3.8000869288000300728 1.99622e-09 4.55253e-06
14784394.250513350591 5888 1.3066552839167755451 0.34572493738811976849 0.11197330008016952163 5.012241418316349062 3.9046881252620457836 2.9936632058407948165 2.9298449905219925427 2.8571843783146793072 2.79797e-09 5.09485e-06
14784394.250513350591 5767 1.5567273825173926216 0.29143512134045318485 0.071540658205506951761 3.5916564009135312219 3.9280170484820735588 3.8860642066621351454 4.1117858412525976064 4.3522183320327707534 4.97944e-09 6.17415e-06
14784394.250513350591 5210 2.1118618869144771821 0.10093211444584568315 0.14861741646340614897 1.3775171633186407139 1.9694805519276192829 2.7152790251647691555 2.6714213436772635824 2.6256951581466769774 3.1045e-09 5.27449e-06
14784394.250513350591 5710 2.1063732537657684496 0.54530293581468103348 0.27423001493722282129 6.1566712147618272155 0.93464496868024105058 2.7432725130786366208 2.429164954735481885 2.0727151909747312253 2.11851e-09 4.64366e-06
14784394.250513350591 6704 0.89643290510571271845 0.25896364534860444317 0.079356013759851823375 2.9488308548719088797 4.8905911167154902941 4.2999288097134282793 4.5533821223293688973 4.809078947008988969 2.12708e-09 4.64991e-06
14784394.250513350591 6474 1.2539832619520658863 0.12425691109999832673 0.37017739867541799015 0.098107034999111705775 2.5578049446632742381 3.8818885236544704576 3.9700307455752437136 4.0615927281143449079 2.46607e-09 4.88486e-06
14784394.250513350591 1588 1.527456178941839493 0.14854931186901781937 0.065117755774816474257 4.0788302983901303378 4.924227310263640689 3.2927642573601567655 3.3170523116646699613 3.3429831919502368542 2.82908e-09 5.11366e-06
14784394.250513350591 5364 2.6979618487045402553 0.13201772073682149777 0.055478735207992575795 1.3519590041395657121 5.5964464672681435431 5.5847554085329864648 5.6658535385211825641 5.7422735115722156607 2.91675e-09 5.16594e-06
14784394.250513350591 6586 1.6627682777647854184 0.17394072785882824794 0.047982217781315027183 3.681607542978584835 5.8555073792503735675 5.4960436648355202038 5.6128329708065143322 5.7208957556927693133 2.89513e-09 5.15315e-06
14784394.250513350591 5219 1.4107825679810810371 0.078332148271845827847 0.13453804555007881083 3.5839037990656121835 3.0932938307521671284 6.0171959355572584016 6.0370656341985524662 6.0561506675111171916 4.41937e-09 5.9334e-06
14784394.250513350591 5236 1.8753050853654893437 0.18934735907685842915 0.046117991862525235802 1.6776398012777979929 5.058736084616741735 3.3225332835581369295 3.3604803519261423617 3.401595994098631337 5.32813e-09 6.31502e-06
14784394.250513350591 6100 0.99183289280209563366 0.1248596725831005172 0.11025648133681513474 5.0043463978586419927 3.5934983929923336454 1.7301025850572562259 1.6052592314574849475 1.4804736989404867487 4.52552e-09 5.98053e-06
14784394.250513350591 6351 1.3949458025026064689 0.47621885266311259066 0.11194156091963231026 1.2305476309164060655 5.7465934438726140598 3.9992490165671190638 4.4508776493384427653 4.9109052233002481458 1.91819e-09 4.49243e-06
14784394.250513350591 6895 1.7432212083739637709 0.2199190461797107532 0.11165123792137185421 0.12477447933015453629 1.0045507619211595518 0.093376672287266843098 0.074688972827452973502 0.058278712381488018135 2.5437e-09 4.93558e-06
14784394.250513350591 4732 1.3958667051716777685 0.39109857954708321381 0.13147547533414130627 4.3502816597702791412 3.6913486751515267592 4.7421352027893410863 5.1414328148882688652 5.4970837568204968804 1.92787e-09 4.49996e-06
14784394.250513350591 4786 1.3858429472319884201 0.31531522403374467878 0.14925398879886037085 2.0331659595986977251 1.1911596091968603695 4.526962139258742468 4.8518723590592482964 5.1641252274527671418 5.42602e-09 6.35347e-06
14784394.250513350591 6828 1.4167163101587652019 0.30712499896364547913 0.22850101488329943589 0.051252228019171210127 0.78949781293959564454 4.487056062377377863 4.8023708133529163788 5.1082532968784128968 7.8219e-09 7.17719e-06
14784394.250513350591 5692 1.5504739361182264812 0.18171266540496824882 0.14260219164026599614 0.23550792740370404821 1.6129436487898167751 2.6853237941785685905 2.5974102427750564992 2.5033341843325342957 2.38697e-09 4.83206e-06
14784394.250513350591 5921 1.6708266305201289192 0.084055472687581608837 0.10698205198823663997 1.4839689288459678718 4.514058569243839969 0.11363710058638448741 0.10447236377794207052 0.095706855338523591503 2.32801e-09 4.79194e-06
14784394.250513350591 1123 0.74220083442507034377 0.06767892993910480659 0.038601278400494550003 1.7693792901725704514 5.9875666561865736881 4.0847885761252520354 4.1407320145265256173 4.1976503782065304193 2.22408e-06 4.71955e-05
14784394.250513350591 5717 3.1704804258273973083 0.10591315300702904001 0.20222906983836921868 1.5274645771373678294 0.70331852578760956085 3.9135094783088515413 3.9904860251619163058 4.0699790986379094093 2.31886e-09 4.78566e-06
14784394.250513350591 2895 1.8037928842221917503 0.046414156007639241486 0.043661604229413689127 3.9599178090821229858 1.3381394853859740479 3.1373485158066065637 3.1371467369393979396 3.1369403841501921626 8.03321e-08 1.56008e-05
14784394.250513350591 5459 2.9768654620200742933 0.27175580291461837179 0.19402496921833611854 4.0695567285876892427 4.2644675737677477656 3.3074796395835721619 3.3604368515564120301 3.4194354530554997851 2.51526e-09 4.91712e-06
14784394.250513350591 6313 3.2233942525729437634 0.040067629569192582395 0.38568851220061911578 5.3111863554154430389 5.0711017591113263236 0.61951349914765618809 0.5966139954788407529 0.57410221209532352749 2.33149e-09 4.79433e-06
14784394.250513350591 6204 1.7511198711053055366 0.27968480609379919866 0.18469169648998692845 1.4466731617923804798 5.7923815958071953602 2.0706943726278366213 1.8034504550944461254 1.5313009493011917606 2.26769e-09 4.75019e-06
14784394.250513350591 507 1.4597212263936611976 0.22263610228055052964 0.10473098205633071811 3.6249388707239602603 0.59652937063522526451 4.1012409738550639204 4.2980282205664588346 4.5018234908256085092 2.42673e-09 4.85874e-06
14784394.250513350591 5371 1.4502050049787365005 0.14295648272686986568 0.15922102516086872326 1.7338603195004833601 5.852022230342719844 1.2050965252835323938 1.0744516246989914698 0.94874582391670936321 2.54912e-09 4.93909e-06
14784394.250513350591 5623 1.4991850646848319251 0.15250611720976783858 0.10210150737513569441 2.5354674741855616205 4.2773326280840411329 4.7636317497206981386 4.9159390807256908573 5.0652967255059984097 2.3084e-09 4.77845e-06
14784394.250513350591 3539 1.0704250269210808799 0.35660328686235698292 0.13203687701375682595 4.8196117085240253175 2.8422663933043939011 2.5322750217834317787 2.2849342829081238371 2.0154641094476417607 4.11193e-09 5.79249e-06
14784394.250513350591 6332 1.8755906896313543353 0.17909066564280246014 0.20057213326725170655 1.130627224115591245 4.6168956292272307351 3.8087182078354975268 3.9288129607194264281 4.0556797238877990708 2.19525e-09 4.69907e-06
14784394.250513350591 6843 1.9235716002078391273 0.083517617194116863799 0.15889106421890156207 2.2762709781715297908 1.0250820671446745358 3.7549676404408685038 3.8048224296285355628 3.85624131575143414 3.16465e-09 5.30834e-06
14784394.250513350591 6609 2.7583488234305080233 0.21742719817959280104 0.12960595438881597485 0.48211750065876846083 4.7571349627553916051 2.836518511446819879 2.7627038154734466779 2.6822800292209754147 2.84425e-09 5.12279e-06
14784394.250513350591 6404 3.053258693586680117 0.18273761722652145933 0.28953662681003305979 5.2162709296053852981 3.1742556331232338884 4.1309043141121577492 4.2927607070632438635 4.4596440913375738901 2.07676e-09 4.61295e-06
14784394.250513350591 6730 1.8178836441531911472 0.15315223490156343322 0.21355976002878379605 1.3397811156729131365 2.7760810384763088265 0.62686640518079261852 0.54185081820239056061 0.4628667535592908 2.57888e-09 4.95824e-06
14784394.250513350591 5328 1.7619413279107731807 0.41853488503828600864 0.17299292538957092291 1.6140889317556685878 2.5343445080898585609 3.4691143323809892074 3.6467532034122029927 3.8493023001816002449 2.1043e-09 4.63325e-06
14784394.250513350591 5285 1.4209939497228991634 0.10463687724653576716 0.061961205060120747024 5.4093087780066069215 1.2965963052955657986 0.83230218004053635461 0.75739379193043177008 0.68550511458736806958 1.90393e-08 9.65459e-06
14784394.250513350591 6171 1.7669620734292255104 0.149477660233845705 0.095615146671309589332 2.5240612806464204354 0.56847878926137762612 5.7441542474682467656 5.8166079867724951313 5.883847834490734563 2.39216e-09 4.83556e-06
14784394.250513350591 519 1.6569355288560712047 0.17061258376658916536 0.12972884529849160185 2.0096625967460797213 0.33461720167358943723 2.6451172165868026553 2.5566154133753800082 2.4624064874183630991 2.06436e-08 9.91849e-06
14784394.250513350591 5290 3.1837814823282220011 0.042801382384016727067 0.16890927262107749418 5.101616476196078942 4.0989861616357963214 6.0188335267247179416 6.0297952972929902415 6.0405250540322317221 2.68653e-09 5.02629e-06
14784394.250513350591 6124 1.7943940967074596404 0.17423900142205303587 0.063338658273556946998 5.1918425005145065754 3.7947847498774600616 2.5929620694694390792 2.4940588625201769446 2.3889541928329758314 2.21026e-09 4.70975e-06
14784394.250513350591 6809 1.825417038300489958 0.12032572615003127303 0.20662097274727936336 2.4897732074043297246 2.1604180298455659681 3.6173426609098218165 3.6757740819572766178 3.7370363223508795691 1.72631e-09 4.33733e-06
14784394.250513350591 5074 1.908023963630176123 0.19547316044694434956 0.07073825857318918886 0.93167499828300759379 5.1265608522350198939 2.2308797055569145051 2.0653000224508066829 1.8932436940257111324 7.61828e-09 7.11436e-06
14784394.250513350591 5569 1.8963314677801117458 0.28191425313297197031 0.15770445508000766055 0.54734161202177344929 4.3030857258683194999 2.3374371397006781237 2.1082167185794227215 1.8660433269414413715 2.77052e-09 5.07813e-06
14784394.250513350591 6268 1.8033948466498415097 0.31090016325137898034 0.15313010599310625248 2.5003906161724627211 2.0224201243529753569 5.9158753310606844167 6.015450142756030516 6.0976981503903910919 2.30383e-09 4.7753e-06
14784394.250513350591 6061 1.9108003567404472367 0.33033362535612498245 0.072682905668714131719 5.8406816324658210604 2.1668158152557306373 4.0571853083233886395 4.3555731500864229844 4.6651003084569344637 4.03777e-09 5.75746e-06
14784394.250513350591 6189 2.0032910365920448825 0.2876872236764507762 0.057056843699868499409 1.3427306503625437983 0.14757087342253366602 3.8364205620978291122 4.0477445244463581275 4.274193531506169208 2.99935e-09 5.21426e-06
14784394.250513350591 5249 1.9964998232210906526 0.35225650679348124994 0.22461026516583321166 1.2303377835864961476 5.2867883820301342368 4.0184699160522789896 4.3324702011279203617 4.6596089727929097535 2.29779e-09 4.77112e-06
14784394.250513350591 6732 1.9590202726815038048 0.35532900340513606796 0.18361394251658899601 1.8588609475621069578 4.8120218825011384922 3.4600825549735261255 3.599175973008749807 3.756153696273429432 1.92356e-09 4.49661e-06
14784394.250513350591 5002 1.80977912158118448 0.10269573990029809418 0.045204728753047283829 0.71972485497712990199 5.0425546411010078174 3.2785314926267443703 3.2933429322134037953 3.3088672960019853697 2.79003e-09 5.09002e-06
14784394.250513350591 5196 3.5464688012436536013 0.12202212299995773837 0.22475379546746776516 5.6333344686167610149 2.3277117136909537543 4.0870470787437032101 4.1899503903709867103 4.2956953617304485249 3.02458e-09 5.22884e-06
14784394.250513350591 5625 3.027207068341923879 0.22438545820326324942 0.080076984593396863255 5.088382023922332742 6.2825454973065415487 4.8053241146668890238 5.0283359708771753205 5.2416149231853381707 2.295e-09 4.76918e-06
14784394.250513350591 5412 1.9093988422075163225 0.049694933151972126018 0.048401763692062296784 0.16396186540298551826 6.2354949355250255394 2.2596056358015603749 2.2206058045145278257 2.1810387441802721042 3.18558e-09 5.32002e-06
14784394.250513350591 1960 1.5189095413902859999 0.10845054717665437993 0.049430677601123740317 2.9369168896760515786 0.35265315971702609898 4.2031289454862692523 4.3006071814336941372 4.3999922525502102033 2.62083e-09 4.98498e-06
14784394.250513350591 4112 1.3981077772644332491 0.14774984464320900512 0.059928129118031636668 3.0816716460764661534 1.0116092787192778601 3.2513686035037538957 3.2689418534589935739 3.2877068605748811514 1.99037e-08 9.79854e-06
14784394.250513350591 5979 1.8890173174608022588 0.40669575678064479041 0.15480328371005652732 1.4423507955824110827 2.1437461790164733522 2.0575211950625802437 1.6462442276530981911 1.2407054564461970081 3.8601e-09 5.67174e-06
14784394.250513350591 6912 1.4401713814569359062 0.15501568204566412712 0.017609585912136037356 2.5642814676773220128 5.1255755763883028564 1.2511947638315501496 1.1069256024719400511 0.96829083236640711707 2.09119e-08 9.96126e-06
14784394.250513350591 6996 1.6220474154444464165 0.16707687404038507051 0.031651980223954975791 4.4286150050696893032 2.82432124177438304 3.632341134269281735 3.7179427423372417572 3.8089941717316633252 9.30536e-09 7.60492e-06
14784394.250513350591 5367 1.5293140042443085225 0.1680416887440101259 0.088421427734528545983 2.3268986914129285992 0.61298533677337163628 2.9395414938279698092 2.9025116038253426787 2.8627176658099076079 2.85701e-09 5.13044e-06
14784394.250513350591 5016 1.4322451208534561218 0.061871596137121849523 0.20072320889551367729 4.685600979587498216 0.97331125250230021706 5.0338230029258124176 5.0919963584052228001 5.1494633277107206837 2.58541e-09 4.96242e-06
14784394.250513350591 6362 3.0495183474288225511 0.082457372933630396217 0.21692433605072197755 0.49847869083750401265 4.1237400075015182566 2.6632961553874889837 2.6238371647320382074 2.5830264499009345514 2.92709e-09 5.17204e-06
14784394.250513350591 6813 1.8316667265849668755 0.15129964841580470503 0.19317603886555331782 0.011240882444483912134 1.3997374271241740384 2.9262786386811381334 2.8911585203714955661 2.8536627496085733569 1.73747e-09 4.34666e-06
14784394.250513350591 5654 1.607435099397331868 0.2241336077305712271 0.03467681300412894102 3.8433210263504089532 4.6670971428521612623 2.6114026158444931802 2.4843069430937703146 2.3473679591603731076 2.37573e-09 4.82447e-06
14784394.250513350591 1465 1.4743980943406531647 0.25373708646141951428 0.17998649304408673166 0.94270698101245420375 5.7937182309816188663 3.1474512555582689899 3.1491863014750367533 3.1511130730475329642 4.65109e-09 6.03534e-06
14784394.250513350591 6017 1.1685020993658585819 0.15310325616297093543 0.06497732911299801406 3.6649469547731921004 4.2491293122477848954 0.87793730220286470001 0.76511276650085358053 0.65907064307405971437 8.45242e-09 7.36508e-06
14784394.250513350591 5277 1.9772857431865253908 0.28110617752182531781 0.10108012379989114726 2.3505172368427720286 2.5028457350640542778 3.3652456110180821724 3.4391896480584405182 3.5216166349947841674 3.07432e-09 5.25735e-06
14784394.250513350591 6716 2.0429007872866677964 0.1121342618982669459 0.18980284430799218565 1.4541899186494082752 5.4585030412672246314 5.6904502241864740597 5.7504712801016211188 5.8074212618364242644 2.33978e-09 4.80001e-06
14784394.250513350591 6906 2.2636753346963498501 0.52262338247899486898 0.48125833298975934094 6.0944412073282503428 0.11305046545575123118 4.1637013872978290152 4.7138399550966418872 5.2364627874290139431 2.85032e-09 5.12643e-06
14784394.250513350591 5804 2.0761618743571506052 0.33819745882673651893 0.12659587618134815479 3.9060080426166976508 6.249310909546968773 6.1148547210655515016 6.1646669690533357766 6.2046557983616201781 2.60554e-09 4.97527e-06
14784394.250513350591 4318 1.7419219546581115043 0.19723316381506478256 0.14401330197685002776 5.4666448282169382011 4.9164847033594636372 4.8444146087762245401 5.0387018643128547168 5.2255271710412731778 1.32396e-08 8.55345e-06
14784394.250513350591 6760 1.8848889045114216589 0.16376144430346595282 0.070607749344319001295 2.0347892145290842336 3.3110641917250109856 3.6639365740574234565 3.752465682510078171 3.8463964332330147222 4.55433e-09 5.99319e-06
14784394.250513350591 6914 1.8320125853035633678 0.23844590387378353236 0.18032907007007270561 1.5876353985354660914 1.0821207950430486999 2.3739654211542506879 2.1904569826095530161 1.9963439949477075341 4.41745e-09 5.93254e-06
14784394.250513350591 5796 1.7023393745505812635 0.22962620886115989172 0.08892356072636144193 3.1298394336578714281 4.9301031388114378018 2.1395470570179253578 1.9310961683683536272 1.71621399312585865 7.64873e-09 7.12382e-06
14784394.250513350591 6225 1.6175173756103891076 0.06620491679855684819 0.20298399334168473751 1.7127688132174629931 3.3196952474202410244 4.3224294132184297723 4.3844933926766609389 4.4471710550642509219 2.38341e-09 4.82966e-06
14784394.250513350591 5131 3.5473441908725424909 0.06599489236139848003 0.23400325203624372516 2.3350736945946497514 2.1284709436500701685 2.2850129215835917051 2.2339993361803340832 2.1819937531358943872 2.25296e-09 4.73989e-06
14784394.250513350591 6576 1.0305546543528429915 0.24795627699036915104 0.30521810903396284775 1.5767656564863179458 2.8706155502235657373 3.3434709493571483918 3.4010702895206064156 3.4646898471994300728 9.90665e-09 7.76531e-06
14784394.250513350591 6221 2.0315901985803042074 0.33203383308592665513 0.17796482948240299748 2.7451813132912166182 1.1639164319238675116 2.2520050362570946945 1.956705131501106143 1.6490901489054463624 2.14299e-09 4.66148e-06
14784394.250513350591 5048 1.6790593653579355404 0.28172414877073936879 0.099375287032037809554 4.1513955964634785545 2.1217739784921874069 4.0658647324090493314 4.3158341255533159142 4.5756956712752590022 1.54672e-09 4.18139e-06
14784394.250513350591 6746 2.9801794043038709603 0.3576565510468575626 0.23561527021318012798 0.212661131336799758 2.4437476993527416091 3.4863322549407373963 3.6373936807532998294 3.807543912785568363 2.1751e-09 4.68464e-06
14784394.250513350591 5957 3.2186328077588908236 0.017008477494988346462 0.090100895915463524721 5.2112726861808154055 4.5212619099321953442 1.5031405173805727493 1.4861798826899159653 1.4692322587343369378 3.45473e-09 5.46581e-06
14784394.250513350591 6153 2.7569127381153566425 0.12590766417927251597 0.64500207979156209959 2.0474505677648822122 1.7026646711671848955 4.9654376533849173825 5.085770741870158318 5.2030032571395086194 2.21408e-09 4.71246e-06
14784394.250513350591 5773 1.9486349996385017302 0.015742018186320393125 0.13183460412444850118 1.4900412325492953247 3.8215498343240636991 4.6611604885629152051 4.6768888445075766924 4.6926209442204731559 2.82024e-09 5.10833e-06
14784394.250513350591 5291 1.9425171368084002133 0.22439538727120181272 0.11000680718574439021 0.20743981814921350071 1.0247845929066745629 4.9674108691936185167 5.1804144110697114556 5.3806784990092975107 2.6037e-09 4.97409e-06
14784394.250513350591 5693 1.6412445771521102511 0.40834184141901291865 0.08791080885710890469 0.059880587225745483815 0.3806229279017082634 1.1511582791135879233 0.79622412167564970975 0.50437391679211773798 5.43449e-09 6.35677e-06
14784394.250513350591 5467 2.8976339689405379296 0.076092331260996862174 0.16907147369440575502 4.9793788137389318749 4.8194869183463833195 2.4028846806582122575 2.3500997772155600707 2.2959674466362001155 2.43648e-09 4.86524e-06
14784394.250513350591 6366 1.7488925608422369873 0.19605757109300983587 0.16984107357516095571 3.5774143853225206513 4.0384720928147110897 3.6122067279277030316 3.7105842067857022215 3.8162166464770046481 1.97281e-09 4.53467e-06
14784394.250513350591 6102 2.0121150510694567615 0.092686370061876577342 0.086188705274858931626 2.1165415889800240912 4.815512776473369172 6.097237320649864678 6.1136600172541593068 6.1292975484069183167 2.19362e-09 4.6979e-06
14784394.250513350591 4788 1.056782839349590386 0.10484549783215059426 0.19368571937965894936 1.1802833562316874527 0.69167072649674676832 2.3521723677168604461 2.2747014025078033939 2.1947755151777559313 2.35845e-09 4.81274e-06
14784394.250513350591 5548 3.2038735459685852014 0.067333584139615626496 0.2874207004969848156 2.4189178731479987761 2.7448820791597290381 3.1787337233353980537 3.1813240764690973172 3.1839986317756681089 2.11518e-09 4.64123e-06
14784394.250513350591 3541 1.895303670261421658 0.056715573434720292778 0.12993629322603922338 5.8734749662057677 1.1262197286464563639 1.8058847487618550076 1.7503317368276816168 1.6945277663058926354 1.91401e-09 4.48916e-06
14784394.250513350591 6752 1.746655568629717159 0.24733626237941813697 0.13871904629227030381 5.0837898986874314744 2.8273338294269221294 1.3850602275953580733 1.1449012671570522048 0.91965972217932989707 2.54013e-09 4.93327e-06
14784394.250513350591 3318 1.575045129371591468 0.015227293929498715228 0.13388282244926877351 0.56908159397140944957 0.82140420307408101852 1.1177341189702898472 1.1040879917703749769 1.0904891928907809451 1.57481e-08 9.06274e-06
14784394.250513350591 5647 1.8133090874817292537 0.20096901293855928827 0.084181805944144663667 3.2108698233297738867 0.13506750098885650369 1.4442059151636734704 1.245990795976811949 1.0555298891647835191 2.57441e-09 4.95537e-06
14784394.250513350591 5528 1.440954506486904263 0.1693462477041603742 0.17675860671802567925 2.3549180057945808819 0.82374654789476231542 4.2733804329244211573 4.4332497195453939298 4.5960410739789461232 5.0086e-09 6.18618e-06
14784394.250513350591 6950 2.0987308580955295056 0.21720746307352722937 0.068329606116590627107 2.8016766866473705733 4.7609475204122606584 2.1734818501876489449 1.9809444209358577638 1.7817517579914878834 3.07555e-09 5.25804e-06
14784394.250513350591 5170 1.5191625598871587588 0.25683670754984638807 0.15560650458933422691 0.73493566573110580276 2.0059450503930476017 1.1502729228606567435 0.92484391071078131397 0.71975291303174548929 2.19546e-09 4.69921e-06
14784394.250513350591 5780 1.990314245388112635 0.024695709099749559023 0.1187591956041247343 5.8760524873705879401 0.87749971377719360177 6.2407393544723213097 6.2417746581591595501 6.2427970312411718012 1.95079e-09 4.51773e-06
14784394.250513350591 6270 1.7136323670234012706 0.049638905974979684321 0.14697403766874270192 5.5276900101975536828 4.6330233442237487296 2.2882069162420042296 2.2501637778791825362 2.2115461830326705872 2.07589e-09 4.61231e-06
14784394.250513350591 5423 1.959184277509147476 0.15829899841172900832 0.095893419324417555893 3.1363628424355787239 5.0500829424066662199 6.0858289970423991022 6.1147998478583929227 6.1413293135434052772 2.52578e-09 4.92397e-06
14784394.250513350591 6335 3.122747643982061394 0.036974360221683204297 0.18236722057424353816 2.7619342426280795166 4.5684289014164862763 3.9234224869384974888 3.949827772516123936 3.9765627922606938682 2.80706e-09 5.10036e-06
14784394.250513350591 6792 2.0696022614105737958 0.30053514200701864079 0.26949616778496748859 1.1527303971412770078 4.1210109343899468115 5.9965337463846113408 6.0722979165722339445 6.1352082505554959013 4.30438e-09 5.88148e-06
14784394.250513350591 5446 1.721564419986240102 0.075624356306781478909 0.13451262961332613455 2.5368259760904314781 0.45199215071367943031 4.2870893730286034895 4.3571417659079338947 4.4280441775481635958 1.15731e-08 8.17837e-06
14784394.250513350591 5130 2.050997779251485742 0.36875495494790677675 0.29886898803991873708 1.6848464869010448819 0.04176217459776752905 3.558570296214004447 3.7455996669555675638 3.955032222852837176 1.98119e-09 4.54108e-06
14784394.250513350591 5316 3.4497780428856339441 0.12797120619678931108 0.22376915341756128952 0.81927136252063692545 1.7756767760767333542 5.3200060417550405489 5.4216849081906746122 5.5187920989893557433 2.96988e-09 5.19713e-06
14784394.250513350591 6073 3.2224294656377256985 0.066559169403083193184 0.20964359267699142486 2.7714002679388012318 5.3137115457985419908 2.7810714885058502865 2.756810714944837315 2.7318272628717799044 2.87152e-09 5.1391e-06
14784394.250513350591 4994 1.0454348573838734282 0.27212814448349742502 0.28536225405152737533 2.0110335537613539536 3.6844651918990320993 1.680811029372953902 1.4026705811700141968 1.1343794091303429639 2.5994e-09 4.97135e-06
14784394.250513350591 5899 1.8149763516494021864 0.24104144585256154221 0.14571769577211091118 4.4649021352420614761 6.0296161790159628069 5.3181069708116721628 5.5055842771226650711 5.6746921911676606598 7.73132e-09 7.14937e-06
14784394.250513350591 6108 3.1573011161541804093 0.32789924077452770046 0.19361342152175065046 5.5379577880435508774 1.8547788128116899919 2.8309021693123845864 2.7082465842743501661 2.57055843851594501 3.24647e-09 5.3537e-06
14784394.250513350591 6832 1.8002361001681348451 0.15674622626399320469 0.1483934856777534006 1.140340818317198579 1.763766303493107479 0.51437025926386703567 0.44179071312933704263 0.37477246403878589076 7.86044e-09 7.18895e-06
14784394.250513350591 5288 3.1645098823364730123 0.23814386817230520643 0.19542867623986862058 2.1765525364231206318 2.2538816825727936433 4.877033678189338417 5.1097024571207585453 5.3292958348988026529 2.94866e-09 5.18471e-06
14784394.250513350591 5895 0.96411885196967861411 0.27121069111941309426 0.17561861745732657014 3.9756032866153954153 3.2714969930926258712 3.3813099190195750054 3.457071849083379611 3.5412209470068378714 3.55807e-09 5.51978e-06
14784394.250513350591 5778 16.682230193780981153 0.29743758235441875026 0.53092533460186874805 5.1757288095981444087 0.63707273138381459443 4.2064310141765828277 4.4918662168018892444 4.7821008226727403922 2.56945e-09 4.95218e-06
14784394.250513350591 6029 1.9241262091683373203 0.12387342421673221138 0.16583707012966919514 1.0008158924139838319 3.3723365891197416566 5.6605275000448269651 5.7295351030275902815 5.7946672079599448324 8.02494e-09 7.23876e-06
14784394.250513350591 6295 3.2501682868481678312 0.054851293041018406305 0.23428911290029560965 4.1044700882313627233 3.3922011118608321745 1.6524394438181617684 1.5976206755565833806 1.5427891153379531541 2.30061e-09 4.77307e-06
14784394.250513350591 6085 2.3040767417977026099 0.65300341395386851673 0.21940254375217338456 5.3602816944983828762 3.6789304438786940565 4.3393429305259028084 5.1007467469825567008 5.7051224140324965362 4.93102e-09 6.15407e-06
14784394.250513350591 5668 1.6935285251193838985 0.072135383911504313836 0.032537507785139210825 6.0935671080427491475 4.2853612732978376698 1.3471028042805053282 1.2772611135155844675 1.2082111772758219459 5.17696e-09 6.25473e-06
14784394.250513350591 6343 1.2285350504010914552 0.2600788828016487586 0.17001301251610415055 1.0250716612352508417 4.2499390290868213071 3.8425275905613669458 4.0318300283420134278 4.2339688320831161406 3.59373e-09 5.53816e-06
14784394.250513350591 1147 1.0805318524946732062 0.04435535045335176757 0.07104754319563970355 1.1344174892125444831 0.14033225240259933342 5.5871550305546788806 5.6151304329505826729 5.6426068063938661368 7.2768e-09 7.00643e-06
14784394.250513350591 5076 1.4301591471452854698 0.48679573079046006834 0.13020089255725625366 3.259645820553964235 2.0236791843501444887 3.3133929475037593448 3.4326597404479355369 3.5723577464617672916 1.5547e-08 9.02399e-06
14784394.250513350591 1969 1.6417961454096390295 0.052617126823447941952 0.035291512751938834691 0.50926346859041837778 0.74554056182258665597 0.71442326823188628815 0.68060156261173310188 0.64749167419159736614 2.21709e-08 1.01573e-05
14784394.250513350591 5111 1.7081004075984735913 0.16894949070649528666 0.13634984709324832197 0.99106119732354480689 3.854057434520063552 0.89375669876201102593 0.76799744085482324341 0.65062887417357806452 5.46463e-09 6.3685e-06
14784394.250513350591 6503 1.8895719771247847518 0.060940606691774465431 0.16593551862500219296 1.3010124373766338568 2.5643337418613447731 4.0808284388918272256 4.1309520339458174476 4.1818785331240784231 2.13987e-09 4.65921e-06
14784394.250513350591 5276 1.8242701797377567363 0.24920697026849722433 0.13411002314020192827 5.4453022128409394043 0.84979926010165762751 1.8043547770435250932 1.5519416449386660428 1.3027789697757445886 1.69322e-09 4.30944e-06
14784394.250513350591 2850 1.9694376740983428054 0.40597653481509399231 0.07156950762832227364 0.56298324167059177192 0.64024359422649623763 4.0078461599657799752 4.3782678798634524497 4.7617934656827527462 2.86233e-09 5.13362e-06
14784394.250513350591 6960 2.9824737988502172392 0.18687156744681715503 0.074555776429981332476 1.5143142072828186251 0.6482474370241826378 3.7600113076562884373 3.8782679224921801087 4.0038136570482114607 2.28045e-09 4.75909e-06
14784394.250513350591 5258 2.9818939371083628131 0.16148339570613065574 0.27347765045696992292 1.3370180651638059466 1.1435448593652008942 2.9682650806437260727 2.9377942878513096936 2.9051115761938031135 3.58569e-09 5.53402e-06
14784394.250513350591 6045 2.0691940876349796952 0.21945046821509237023 0.12426232963904842999 6.0809149210552977394 4.3443207450535528125 4.0119194800813069435 4.1943593503990888038 4.3850171561689128552 2.95219e-09 5.18678e-06
14784394.250513350591 1410 1.5995438597986590956 0.085675705603364973872 0.06922469664700936498 4.2900793419685658847 1.1212892029654983883 2.1765946806135043623 2.104299451293400125 2.0305300270633042103 1.96181e-08 9.75145e-06
14784394.250513350591 5063 3.4981238266723755359 0.17076836143184437322 0.41695357864297843964 1.0619947755695404723 1.8602887841141642067 1.3387243896320835113 1.1749194966215061875 1.0173585654988426263 2.23728e-09 4.72886e-06
14784394.250513350591 5955 1.0419676195223552817 0.0085964866294431785398 0.16569416229228173254 3.4817533423593536313 4.8458709569242559567 4.141134204724580492 4.1483827165357753941 4.1556477814253494074 2.24745e-09 4.73602e-06
14784394.250513350591 5999 1.219709572434461764 0.17618770535751313022 0.12213075280465005013 0.28133813740310176232 0.095942194910531519714 3.7236071063903448675 3.8289450156865703079 3.9407348767298224779 2.29222e-09 4.76726e-06
14784394.250513350591 4105 1.7486400788726985667 0.089966205926644574054 0.071890951827693311271 1.5365505650817918859 0.31455001552387573671 1.9773383790166314533 1.8930843366938194805 1.8077502025766225557 1.26705e-08 8.4291e-06
14784394.250513350591 5278 3.1427897779236935172 0.029836484897886504652 0.32522496111360854609 0.18898472196239035625 2.8495740978828361101 1.310260180900020055 1.2815365881332223541 1.2529396512786856732 3.13887e-09 5.29389e-06
14784394.250513350591 3487 1.5374147863161464755 0.29866111045214066566 0.14503771055576925031 6.1868079991483524438 4.0000488822894979535 1.4837406817615481636 1.1854856008298979564 0.90872181767393400698 7.96126e-09 7.21956e-06
14784394.250513350591 3069 1.8321957852725430094 0.25820440634162794558 0.13792064047204000143 1.2086846353953830668 2.1569619733252354266 3.9980243418830183622 4.2142985922225300044 4.4411302537756309761 4.38223e-09 5.91673e-06
14784394.250513350591 3113 1.7123046661558352088 0.050609234399725006037 0.17453945905747939027 5.4615152234373205431 2.2673750583018095206 3.2652885570206873211 3.2716977893338343719 3.2782637499493172406 1.79427e-09 4.39353e-06
14784394.250513350591 5489 3.2346185043358288702 0.12077592543329618291 0.30428836456292990276 0.64909752122475483649 1.5905701839923369612 1.6078752209862299249 1.4866149569974853595 1.366266718387897372 1.80848e-09 4.40509e-06
14784394.250513350591 6937 1.742339474756813944 0.22359533008687743072 0.058463827849060706621 6.2079256478943349862 3.0794911058949643312 1.6648582863388852182 1.4379522947618106343 1.2163270183137646629 8.944e-09 7.50517e-06
14784394.250513350591 5757 1.6549755594151760452 0.077249107629147897858 0.19686369629266783909 3.9079831577303947299 1.3273961938020071294 4.3505052305010032399 4.4238309089798182328 4.4978861678498587295 2.94097e-09 5.18021e-06
14784394.250513350591 5435 1.8980533574987406009 0.21873420522063127813 0.17283692608816506042 0.56205857200575226607 2.0843456472348624864 1.3198917012683619721 1.1119002860523459209 0.91579587285528374352 7.17242e-09 6.97277e-06
14784394.250513350591 6255 3.240528138636192157 0.1342264321972950758 0.21177742880235111977 0.23170907821987282715 0.99827806363246229804 0.60387372398191696554 0.53136612336131483492 0.46335203716753470271 2.45838e-09 4.87977e-06
14784394.250513350591 5181 1.5717883490965371962 0.24262796824766880155 0.041500440973915843357 0.18191946066010389327 3.0625115798865341077 4.9054191989423214793 5.1404849405187293954 5.3612176368729196341 5.47157e-09 6.37119e-06
14784394.250513350591 5784 1.3409766484930540908 0.22924597174773791997 0.12985297763689360173 5.4055525389514329504 4.1626093441116989169 3.2784789240530014531 3.3143031954117629923 3.3536998476462129837 2.79482e-09 5.09293e-06
14784394.250513350591 2174 1.4422567951656870555 0.10371040226907879411 0.15008379075299224659 2.5278077237268004041 0.04728283703896428436 2.728930266678110339 2.6851459858694965988 2.6394344501259046076 2.03153e-09 4.57921e-06
14784394.250513350591 5406 1.8701138825986391989 0.13228114813867872246 0.055293588210450536624 5.8589898314463635387 0.78697855949533646047 1.6727891785056616669 1.539910465685924601 1.407692406433983523 4.61584e-09 6.02005e-06
14784394.250513350591 6756 3.2270747032471627236 0.052156266273431430014 0.31229064712651827262 5.2928955778125912346 3.4912789328495246188 4.9819417698612218359 5.0318913366177575597 5.0814080703595516653 2.22448e-09 4.71983e-06
14784394.250513350591 6230 2.1037042804321055556 0.64186843419057870719 0.30614012404330931405 0.24924335626889271289 0.41908877220486390192 2.4328224650446514943 1.8016106538866121234 1.1767642984704329567 3.21494e-09 5.33631e-06
14784394.250513350591 3770 1.7479063824722143039 0.28971202949070529176 0.1826911205496573043 1.163871976194684299 5.2813969392304853656 5.0696494121942299316 5.3318516906090929197 5.5677324795421263559 1.55823e-09 4.19174e-06
14784394.250513350591 6237 1.7234395500720900429 0.11178020338004818202 0.12611920021429992578 5.3472168529458006248 5.0249811670353814463 1.988865309825309291 1.8841001387792624122 1.7777613378085888041 1.89473e-09 4.47403e-06
14784394.250513350591 6634 1.8488409718181313401 0.12230639965749603992 0.091467131837563928065 3.1835875466470993089 3.2698143168180222595 3.1228177920662747447 3.1203622895576019758 3.1177658752259245212 2.7181e-09 5.0459e-06
14784394.250513350591 6217 1.3552095029834207995 0.26505917721274846466 0.11266392899418817275 0.94525986140414597347 0.26901061662639702554 2.7015064321780575263 2.570728248071740385 2.4275009795124158352 1.48722e-08 8.8915e-06
14784394.250513350591 6836 2.039191642880127997 0.033596189956372396468 0.10898755693505532416 0.27966719171443088499 2.1644079912971259105 5.5948677363113450411 5.615941101201570973 5.6367312157683437945 4.61039e-09 6.01768e-06
14784394.250513350591 5086 1.8483190941327971579 0.063924450737541119172 0.13795796691687928215 3.9879574399459021272 2.250829458529561844 5.4129635987405304576 5.4608843063045906518 5.5077226261260294748 2.82e-09 5.10818e-06
14784394.250513350591 6641 2.0634745136333982884 0.050826105947841627997 0.095862416883699952397 2.0721570284610710821 5.8438483387389243973 1.7238137012872494225 1.6733641008699200459 1.6228051097104183587 2.45986e-09 4.88075e-06
14784394.250513350591 5309 1.2407318970549410242 0.22602617450517947795 0.14185726572009196844 4.1872066728978900585 5.4844734888066835055 3.7319005744361466448 3.8725257492542892734 4.0234128364017474055 2.20889e-09 4.70878e-06
14784394.250513350591 6761 1.7332306708797509121 0.17926781500357455434 0.068616233522861128091 5.4736040389318878496 1.8281024963381977688 3.6952523723939090239 3.7981037395628738373 3.9075210893705984994 4.88068e-09 6.13306e-06
14784394.250513350591 6842 3.1067855698018256305 0.087579427717009328269 0.084139087852887178842 0.60307445943179938119 1.8432289392774052761 2.4461013402770861447 2.387932183319838142 2.3280004850740203537 3.94698e-09 5.71398e-06
14784394.250513350591 5358 1.62195945432129629 0.020762255622211119727 0.1081543384155795734 2.8463523154697552009 6.021209478850713559 0.22992590220678091328 0.22524093159411762155 0.22060386421076255692 6.59336e-09 6.77983e-06
14784394.250513350591 5669 1.6828972492073379641 0.25115978940038469203 0.076475763278207403717 5.9171770816870852272 5.5053793430498521033 3.3323929692379921086 3.3877206573534039968 3.4489158628069307433 5.45549e-09 6.36495e-06
14784394.250513350591 6977 2.7700498883900519509 0.31022475915101721533 0.09578476191998869238 0.76933265582048371289 2.5924255820705992548 0.23899975315756136207 0.17380303886264836244 0.12015607794887853133 5.37795e-09 6.33465e-06
14784394.250513350591 6443 3.1923552064300575459 0.19350305082358115749 0.27137402118727677047 4.9267054066398285883 1.2296813159228578982 1.8229398762453687954 1.6296469262920623144 1.4364788673294648369 1.88164e-09 4.46371e-06
14784394.250513350591 5298 1.8469341348124055369 0.043851732119262638865 0.055124807951788326599 2.3687210569311312192 5.5332400807723818303 4.5353690225208662667 4.5787169359386084011 4.6221774749731325826 2.48769e-09 4.89909e-06
14784394.250513350591 5399 1.424773465349135515 0.17612161814193619258 0.099993995366077573217 0.70780475399700149008 3.2325931935054295074 5.8544522161613876676 5.9227077124996165836 5.9848295361401691039 2.19916e-09 4.70186e-06
14784394.250513350591 6367 1.7724273957770106946 0.35894726320796244146 0.1051193482243783367 1.9046962255392414498 5.4837443838799106999 3.2422684034877411463 3.2880358560059992357 3.3404135612783254494 1.45694e-09 4.09887e-06
14784394.250513350591 6202 2.0322769376370772854 0.19939456824307336125 0.21024741693520890284 1.6456160087596678476 3.6708731144342583441 0.49070475636061566815 0.40358590801680960247 0.32527993806780192143 4.75227e-09 6.07879e-06
14784394.250513350591 6269 2.1550719053643301315 0.14347168737206450473 0.12003402029208719293 2.4117959456373943006 1.277511550828357656 2.6765587352192841131 2.6074558228414712602 2.534414631826958697 6.27461e-09 6.66877e-06
14784394.250513350591 4189 1.1214246955454791888 0.041226563553213510516 0.020291559495030520727 1.2230117525943158263 5.9871087235608628774 5.6149920477086734394 5.6401372287575100017 5.6648582228432786678 1.14118e-06 3.77835e-05
14784394.250513350591 4755 1.7267249293956408174 0.032441023327383390618 0.044199706578178739325 5.8246566013789209393 1.6653468225453322837 1.5980372154385595884 1.5655881976519856469 1.533147614298647099 2.34181e-07 2.22861e-05
14784394.250513350591 3337 1.380752752512470094 0.20258950798126929005 0.059464996628758128028 0.7368298827411883245 5.499697060642911417 4.3129731468480123624 4.5087622903611963565 4.7071662225284347514 1.23471e-09 3.87886e-06
14784394.250513350591 6722 1.8835401200538710587 0.19953792040984014156 0.1563007918654145123 4.4967160996538471096 3.1383568156239953773 3.9359002774016946802 4.0903118492648005144 4.2524702942472210054 1.78527e-09 4.38616e-06
14784394.250513350591 5374 2.0078032401496508363 0.18184052942608078252 0.1086001849906503558 1.2280181186795229298 4.5656049028935168366 6.0636827991080402001 6.1003267927584294839 6.1333928873000687076 1.21754e-09 3.8608e-06
14784394.250513350591 5438 1.1798439184894842224 0.23944497955421734092 0.18795297975320160444 2.7485199077628568176 0.15146490674433801815 5.4775238777944244006 5.6388284267382866588 5.7826592900237132611 2.41055e-09 4.84792e-06
14784394.250513350591 6253 1.9239310096201256428 0.28326300646270907713 0.043280807001504613407 0.42453886089961451189 1.0569800819356258703 5.59541300300495692 5.7601704588778988025 5.9016586930379775211 1.17298e-08 8.21512e-06
14784394.250513350591 5177 1.6018627970139913685 0.26569745194117433407 0.093496030471447597043 3.6956859386706888415 2.9856503519003236846 1.1468252188490692944 0.91427429689775807642 0.70381007077483781487 2.10151e-09 4.63121e-06
14784394.250513350591 6001 1.7319038404325386438 0.17752608776837922044 0.21973148255413776919 6.2786023542726416835 5.3202655100434448343 1.7175097564033261488 1.5386173835228780238 1.3611832005699482373 1.89847e-09 4.47697e-06
14784394.250513350591 5626 1.5731711192747552808 0.12156580956520635084 0.093949720726449997832 3.6288414223420950577 0.68757446016555978652 1.2817094776652599997 1.1668800735888595899 1.0550968016140886974 5.23731e-09 6.27894e-06
14784394.250513350591 5630 2.1659148268295602691 0.29498007823072330824 0.20015609698217826096 2.0273869297692099778 6.2204833883158077157 3.0282292116167708329 2.9880901804752615369 2.9429876224128612705 2.87655e-09 5.1421e-06
14784394.250513350591 5678 1.9806540949170499122 0.21981809906042723557 0.095789312672989443409 3.1343324514121531088 3.5197234322729133993 4.9195823016570541242 5.1316901160673111804 5.3324661835739766147 1.85255e-09 4.44058e-06
14784394.250513350591 6069 1.5254889335018819718 0.25771595779099593093 0.20288380505896155825 3.257065336147139778 3.5639676714196633078 0.436092343038674779 0.33720166588969519017 0.25193694757457341105 2.30644e-09 4.7771e-06
14784394.250513350591 5564 1.6369086884755641442 0.0058484228909973781305 0.13610168756796064971 0.058162554400541195687 6.1715774761765782586 4.5884636140027952322 4.5942693176278304179 4.6000769885907022427 5.64605e-09 6.43821e-06
14784394.250513350591 6725 1.9482297587690715623 0.18398948151833829923 0.04232057111884917483 1.7144208537467946485 3.7563492797641329091 3.5211177305548688743 3.5963175180247044516 3.6771284864142144144 4.94994e-09 6.16193e-06
14784394.250513350591 6591 1.3660726404165148828 0.15043846091733445447 0.17704230875115148369 0.68758050427041050856 5.7591427932347976082 2.3205904212557140198 2.2039787606930985042 2.0827030202658884939 2.63066e-09 4.9912e-06
14784394.250513350591 6465 1.9523334874569362452 0.23731351339447978588 0.13468647032381164674 2.3291275278032141927 1.0792776186465926624 4.424150346295115277 4.6620208540941474595 4.8990334050849506653 2.98606e-09 5.20654e-06
14784394.250513350591 5694 3.1306310961623551314 0.11802188223447505899 0.33294964464594251075 5.13417262281170661 3.6620452765737483425 3.568302796836329005 3.6201022118968899655 3.6744461722891941236 1.21025e-09 3.85309e-06
14784394.250513350591 5553 1.1320617095369414074 0.1854772394079006459 0.14375195672783985801 3.5187162764630044443 4.7046102983622759552 2.1913374039977924213 2.0307088995055759817 1.864504357573760096 5.50583e-09 6.38446e-06
14784394.250513350591 5820 3.0770668559513159046 0.16489546674529637071 0.07980587808817396489 4.8792371604715496503 4.2089360183619382028 3.4758022583389953652 3.5348817968805299472 3.5980744411612346489 3.12834e-09 5.28796e-06
14784394.250513350591 5026 1.65786082152686709 0.038073304688012232777 0.068949144916038679343 1.1952455127566610216 5.9501910529037909114 0.40759647655975111968 0.39275829772009285268 0.37818619189389623969 2.52074e-09 4.92069e-06
14784394.250513350591 5667 1.9112904385752882419 0.17750620143059339662 0.083003918405203477859 4.0936286991308090677 1.8436230173643155528 1.9741189193501877952 1.803971698592065076 1.6312692455853523565 3.20823e-09 5.3326e-06
14784394.250513350591 6492 2.5931061361720684211 0.47192460706684047356 0.053650010037660018913 2.0648991003314884907 4.4360663690443491447 4.5803542372826786533 5.0836755920974390222 5.5234438772135678875 4.60217e-09 6.01411e-06
14784394.250513350591 5200 2.031246944498767526 0.01893302835666888298 0.074371654454667576739 3.273292650110309232 3.338760400212280377 2.1387764029317994918 2.1227332707735846462 2.1066115981875337404 2.18438e-09 4.6913e-06
14784394.250513350591 6622 2.8909234261845400127 0.2226993932832563583 0.27250356897459576677 4.2451304827410307752 5.5375781366752647727 2.9963363918202681191 2.9595958816765102206 2.9192886885592308488 2.90674e-09 5.16003e-06
14784394.250513350591 6538 1.2380459587296726021 0.29784006916585376024 0.1974332134574017239 0.67756123063991191557 4.4745490401210386011 0.86118633904861863204 0.65164376531590573194 0.47100550201194812949 4.1002e-09 5.78698e-06
14784394.250513350591 5688 1.9391436826124954784 0.23347729936927597016 0.068169841407517625664 0.16040724999561406516 5.7689298902281596071 2.9036049363445872729 2.840557617376213706 2.7713295304261640339 3.26046e-09 5.36138e-06
14784394.250513350591 5990 3.1396423288773518401 0.038484784125561714851 0.18952627575331701393 0.074039789358411156606 2.7035731454271156871 2.5888443160440695046 2.5682952860948558005 2.5474209403340739577 2.30118e-09 4.77347e-06
14784394.250513350591 5080 3.2309535979634254055 0.097185146502859129369 0.22723888774374312316 1.1827051590807349246 2.4865314732640584339 1.3485668612778192177 1.2546251432154813532 1.1622571850229688195 2.57476e-09 4.95559e-06
14784394.250513350591 5739 1.9209032406883252975 0.10169623677444437904 0.16825656375609596149 6.0508503912088000831 2.5188923171458501571 4.736808209681961479 4.8385238461693411693 4.9394121611807682015 4.86337e-09 6.1258e-06
14784394.250513350591 5806 1.1167441483143878411 0.20631796443031646948 0.11943636188946947507 0.89316273405384705164 1.0523653568659323554 4.3104629986771776373 4.5099034156376758276 4.7120062515312701734 2.32886e-09 4.79253e-06
14784394.250513350591 5776 1.9746691460028569232 0.46573326561613381802 0.19434261893842225133 2.1878158347008409557 5.5956522669107426893 1.3812714719565752919 0.92559196106246810487 0.55348184684173595826 1.75506e-09 4.36128e-06
14784394.250513350591 5107 1.6722609110064488025 0.38216886414796075178 0.089957777809524186452 5.3225136733922280285 1.304634572876021803 3.9442187414478278029 4.2726665031091961566 4.6184795806335889878 4.08288e-09 5.77882e-06
14784394.250513350591 5018 1.7105118848031706236 0.27097709738486913666 0.052667295797324237272 1.7382102826594165723 6.1511721825964302823 6.1081534564486403838 6.1504790086284275574 6.1863339196743440951 1.65949e-09 4.28064e-06
14784394.250513350591 5713 3.0853779943785979434 0.13022045174265672873 0.16805969849377438985 3.3885311159619866395 1.2833406385481547218 3.3896112985642785631 3.4238843275812929079 3.4601581911062244679 1.49134e-09 4.13088e-06
14784394.250513350591 5209 1.7344322446965023676 0.16042589281495397979 0.080726048153658455653 0.31344599051343274843 2.8136714568078358134 2.1942288933037592535 2.056864928203186782 1.9150201633802348411 4.75685e-09 6.08074e-06
14784394.250513350591 6615 1.3404182206176464831 0.069994387635060592578 0.13810739156022744378 3.0234269045688240141 2.2893135631732555169 1.0139840147260978931 0.95558802852682023232 0.89842688440237494785 4.67657e-09 6.04634e-06
14784394.250513350591 6617 2.7314111068754085565 0.23352970436683356814 0.027588854084951684037 0.45654709680245503245 1.818362266264893945 4.382179303619746058 4.6140876672070545439 4.8464899638037408636 3.93262e-09 5.70704e-06
14784394.250513350591 5885 3.4766869862034348593 0.067374253971683117914 0.29661341700300880575 0.40770781936268873924 0.083174271415933823115 4.7597081690301266121 4.8269508952645567845 4.8938835081585265741 2.25928e-09 4.74432e-06
14784394.250513350591 3982 1.3287921822866526345 0.043241338305638983563 0.11302975814728907777 4.9722195250807788014 6.2683046001405404724 4.7910267184158996656 4.8340747858820094507 4.8769963723798746003 1.70782e-09 4.32179e-06
14784394.250513350591 1298 1.4724915036707590943 0.2607575039716515386 0.10008953142578216888 0.25911440943668401227 4.2310899365178089582 1.0033991161371751399 0.79527898847456557352 0.60908275936738887069 2.27299e-09 4.75389e-06
14784394.250513350591 5047 1.8425030610185091362 0.27474400389314923565 0.12449927969455333587 0.45567324334678932507 3.9182360782850715886 1.6320148876749722699 1.3518360699751166276 1.0836519021234776172 2.89941e-09 5.15569e-06
14784394.250513350591 4963 1.6503692237410143573 0.13383826103417564846 0.16452141568307387942 1.8517192980647025902 2.1063648165221118269 0.074328275225955267591 0.064971844426617172963 0.056282242392880051096 2.1769e-09 4.68593e-06
14784394.250513350591 6639 1.5421387108448809666 0.24457159757921242971 0.033778629711823070225 6.1200441812616945825 1.3308715547002043511 1.6420513737054225345 1.3934184472286179624 1.1526842398581571558 2.07227e-09 4.60963e-06
14784394.250513350591 4858 1.3378476595234471969 0.31973509674246869405 0.14405522786157787252 5.0422594223139194369 0.76354396051803463674 1.9191730170539380573 1.5950871327840110414 1.2754463601721681698 4.88084e-09 6.13312e-06
14784394.250513350591 1267 1.1104146224807585064 0.32793109649359969415 0.049472351557689177304 3.9788793867884262312 2.8334886866563606667 2.5266014423891185459 2.3018908647575422322 2.0577645137881361848 2.48068e-09 4.89449e-06
14784394.250513350591 693 1.3132618951743597613 0.40025981982395336667 0.24090231256415900463 1.2150158131206361123 0.54574565316915180091 2.033520353982873452 1.6269879222587526613 1.2273598454515179945 7.32683e-09 7.02245e-06
14784394.250513350591 5830 2.1591384594182891909 0.41887237400617222116 0.30580788696126026682 2.9872061418965714097 3.001676791619061202 3.3363418393601622647 3.4445267145207951742 3.5694855362954887035 2.51554e-09 4.91731e-06
14784394.250513350591 6023 1.7193542101227643482 0.11662155669428680982 0.13825350840817662856 2.55420056289131292 1.4055207665352720259 4.8271142967786531131 4.9424643074571319445 5.0560127950934905527 3.26695e-09 5.36493e-06
14784394.250513350591 5740 2.0061236316276702674 0.20423220988052295799 0.14456720073849863017 3.1941478556793780896 2.2749043762764920018 2.3885258196202734382 2.2361691322430337081 2.0755023715829876707 3.09097e-09 5.26682e-06
14784394.250513350591 6155 2.1272756931509082534 0.17492339231178782866 0.057441278348959387556 0.76006754006481602737 1.9700229975775076507 3.0660554865410047931 3.0514706541180967037 3.035727539322873092 3.03729e-09 5.23615e-06
14784394.250513350591 5191 1.8798410303259882603 0.21684696815994067287 0.1041643049792512904 5.9892340843852664989 2.0018136203564771414 3.0484826690594806209 3.0255768019496782628 3.0004755140189178775 2.79475e-09 5.09289e-06
14784394.250513350591 6978 1.5086057889808222043 0.23271044901901838386 0.1182196212534817048 3.4534413109674471087 5.4819114356545579625 5.5666219093112561112 5.7086932095479889782 5.8351500439079702076 2.46129e-09 4.8817e-06
14784394.250513350591 5211 3.21426182468552879 0.084128781057023746537 0.26910892325913982059 4.1107562195853590836 5.3798402657977710817 1.7072935008714527072 1.6233670055166349311 1.5393544500459690472 2.07199e-09 4.60942e-06
14784394.250513350591 5231 3.1510668414528093528 0.093714720808822427056 0.22415870871075432857 1.4061890413368645092 0.62430233465571505214 0.14620510177039605648 0.13312985148081210585 0.12069044582640690855 1.89135e-09 4.47137e-06
14784394.250513350591 5962 2.8739009331684739479 0.17790645318018916132 0.21106766767911597227 0.21696846061554050933 1.6133629631148438399 3.3153361191849026746 3.3493382336751142958 3.3860322365938881894 2.88829e-09 5.14909e-06
14784394.250513350591 5989 2.717781975685360063 0.33094949609704826798 0.080545913219336059963 4.1159192022339130546 5.3951017403002374806 2.2431785045681218449 1.9473265346659527353 1.6395613548387051317 1.60714e-09 4.23514e-06
14784394.250513350591 5869 1.4940479618748105928 0.21081484927089053083 0.17191945709136347009 3.9405995479326327846 4.449902960838882926 6.0082485504192906234 6.0607339184181707736 6.1072441579926550759 2.00715e-09 4.56082e-06
14784394.250513350591 5060 1.7116135907849538977 0.1369397461925193904 0.048137455552926269875 2.7035452501993444407 4.1695593150522221038 0.75019481457281866899 0.66094397631699475237 0.5768818270257832781 2.03606e-09 4.58262e-06
14784394.250513350591 6888 1.6809748565215514304 0.067274413442396596707 0.024264796203966539773 4.4156176682963002023 6.0246925302275844416 2.1129732969600381054 2.0542781778961427541 1.994714643150453437 2.28028e-09 4.75897e-06
14784394.250513350591 5027 1.6493512705393422735 0.19779311726147047468 0.16936935896352972586 2.9462215637433559756 2.2545455469926958258 4.543717942660994602 4.7433422535863956071 4.9410406251135636779 1.92434e-09 4.49722e-06
14784394.250513350591 6690 2.8457039332965496925 0.077651107665427793192 0.10020303948130607208 3.5051842350895037193 3.2400367948909982729 0.34855924164205875915 0.32293575730816032054 0.29829302874560187364 2.63564e-09 4.99435e-06
14784394.250513350591 6526 1.8375943134262739953 0.22310710679585868399 0.16536238328817498555 0.76137089090076992548 6.2209217535748448924 0.053293927886561003049 0.042477950928040894563 0.033003667989058613208 1.74858e-09 4.35591e-06
14784394.250513350591 5245 1.6325550220667823798 0.28566242372773997804 0.15728647814289117846 4.1623616476331406488 4.1791975571915234156 5.6943083644298067014 5.8385691629718783346 5.9614358211884281857 2.53784e-09 4.93179e-06
14784394.250513350591 6159 2.0503667337598598941 0.36631484351414256295 0.22410720194837702168 2.9180098289717411042 3.655751452811434099 2.6445550569295579457 2.4282220832751058026 2.1885107137793053944 4.4573e-09 5.95033e-06
14784394.250513350591 6127 3.0071455952338537188 0.37763096644266652691 0.29960491063694960623 5.7579821764272418605 2.3698403663429457033 0.54703391341528584402 0.37275643994201057563 0.23522929943771725414 3.18976e-09 5.32234e-06
14784394.250513350591 4750 1.8269949481685416881 0.066348257236287525029 0.030387204456296876276 5.1282787649050094458 2.0698247208492550619 2.9719038345596442419 2.9603074029443976478 2.9483452161624099652 3.28876e-09 5.37685e-06
14784394.250513350591 1127 1.5581242101851955351 0.14208413875770789514 0.070685018868470297915 6.1746771785228959928 3.7249673820314619377 1.7527914291657868961 1.6107418655298704202 1.4687710696981355341 1.29908e-08 8.49954e-06
14784394.250513350591 6775 1.5389161492853324908 0.17718830631786894325 0.031317353978563319816 0.46648545460949303321 5.7779278741051545154 5.2672356934004165296 5.4119693958927488353 5.5475383703912459765 4.4281e-09 5.93731e-06
14784394.250513350591 6089 1.947528443304020751 0.16495197721279422631 0.21521613917414730843 6.1997261143321473753 5.1742607238052400476 1.4343189217100025257 1.2719696528077668596 1.1143279228054285834 2.91473e-09 5.16475e-06
14784394.250513350591 6263 3.4670690941984396716 0.034796742300101421441 0.25596246572892855653 3.058111374424190565 3.4137744731660832898 3.3088880534314082382 3.3147852092816054714 3.3207816628382031965 3.1828e-09 5.31847e-06
14784394.250513350591 6103 3.3475413461741982957 0.031503713609634699522 0.10002884017921859217 1.5720797215323121243 1.7783791824680372784 4.8361518899624034162 4.8673591607365205292 4.8984853380604533868 3.07621e-09 5.25842e-06
14784394.250513350591 6054 1.8705558107046289518 0.1892474113269043412 0.07272464180761890884 1.9610016518111763606 1.7167579258760581329 5.368768055257779892 5.5114850310456375837 5.6434576365164597078 1.03293e-08 7.87422e-06
14784394.250513350591 4670 1.0552575179949095219 0.16510748308848882671 0.20286168258006662124 2.7915273645119347279 0.21887443987835505932 0.060906328035911137808 0.051562356035326190051 0.043052797072297158132 5.11284e-09 6.2288e-06
14784394.250513350591 6657 1.7866062837253444684 0.19139798046202549653 0.081641066658589805938 1.8139908369547774747 1.7945864055692168915 2.963245606595927395 2.9253786952503162411 2.8843174588224154142 9.52311e-09 7.66378e-06
14784394.250513350591 6951 3.0024869800004725384 0.067477466520189086086 0.05676912412349429532 4.3817627235493574744 4.3160444178728152309 1.1042519535492567595 1.0448376203664364592 0.9864802039061250083 2.54062e-09 4.9336e-06
