10743326.488706370816 0 5.3993349094187124138 0.050459020868647258551 0.035087216332237748662 0.20455723943047446345 5.6805814935829639367 1.1608298041426268199 1.1149919623149806558 1.0696844416615960416 0.000954961 0.000356051
10743326.488706370816 1 9.0000591090645833958 0.058479896031329685335 0.035872579163003508185 1.9268328099205653814 5.1992145936242550874 4.08393450160536986 4.1321011132871330318 4.1810081343866567494 0.000285285 0.000238018
10743326.488706370816 6992 1.8569701186998595066 0.11320246871705007263 0.20930487074721731977 0.14197711224118444995 5.8865422341767805747 4.0841948488931993921 4.1791818797173476696 4.2766697333938576975 1.98059e-09 4.54062e-06
10743326.488706370816 6819 1.3074166715761128543 0.10107476176895946463 0.16788744195006985449 1.9126075463460439074 2.5609578834350212873 2.7046690384521601125 2.6597333811700591966 2.6128925528029252057 2.46721e-09 4.88561e-06
10743326.488706370816 6751 1.2790056801917317753 0.075467852726579659484 0.15775327961349830397 1.7975208639655113618 1.6445149171498958385 2.9416998867267745155 2.9261164375446702124 2.9099804555161545849 2.66624e-09 5.0136e-06
10743326.488706370816 6558 1.3295831226479335463 0.035927861302538735555 0.056061433554864287254 0.5742697897196832324 4.8261056799781414384 4.8665743020566196719 4.9019859771539548987 4.9372700207429165431 1.61664e-09 4.24347e-06
10743326.488706370816 4977 1.2347309641393691138 0.14657746001308954997 0.005519703354825679191 6.2400978226529808524 3.130088625342066333 1.7803841072562271997 1.6342520361791013084 1.487969583538647278 4.26284e-09 5.8625e-06
10743326.488706370816 5588 2.7815608423647231184 0.29731015351019024484 0.11231136398226099216 4.7427493644149159024 0.6672620523574025464 5.4491373558117928155 5.6528402943888709231 5.8280818864586105832 2.40685e-09 4.84544e-06
10743326.488706370816 1673 1.3089288400357739217 0.21157420273913166153 0.26001199585397288816 2.3337899479562240757 5.2461881861579469088 4.6916067620482948541 4.9052177911373791019 5.1128706904406335809 4.71659e-09 6.06354e-06
10743326.488706370816 5771 3.1895983965354752776 0.039619096915339872822 0.33862082240607144223 5.6957573107670231849 1.3796371230188246848 1.6522982407390516268 1.612736474292387312 1.5731522167895461983 2.44735e-09 4.87246e-06
10743326.488706370816 6012 1.4705671787810088436 0.059990520336878912222 0.092070609332131625457 0.71734879139139873239 3.2438097460156720686 6.1921083453917882267 6.1974109186724311016 6.2025502615557375208 2.36071e-09 4.81428e-06
10743326.488706370816 11 1.3506056037602829356 0.15135460373712072979 0.17057763944880310891 2.2676761761694610442 5.0794382809745677321 4.3412269619983270275 4.486862212879426437 4.6343839802336947997 2.42862e-09 4.86e-06
10743326.488706370816 5225 2.8350193687573761459 0.24822805578833595508 0.32215738445519936928 1.2138350738873737722 1.6181671551953329402 2.038657873507035756 1.8011365472465445947 1.5594644982328076388 2.91553e-09 5.16523e-06
10743326.488706370816 6883 1.7876596008439202823 0.0069565065853028863405 0.10576023982018929737 0.15792650464119736831 3.8412155996016692505 2.5298502736101329269 2.5258437369417947593 2.5218258670461284332 1.23696e-08 8.36184e-06
10743326.488706370816 3514 1.4345757085532422348 0.32182700599329855384 0.13252063801887820071 0.38419287031797771936 5.2220732815676962346 0.053787925364640998271 0.038531748358890900719 0.026134259429932988478 1.82159e-09 4.41571e-06
10743326.488706370816 5050 2.1848592131148567574 0.10247430669996117347 0.19790183872101044238 3.1453628661160415447 1.5951060672199000035 1.2448332459753908008 1.1491471150470076168 1.0556479984127777882 4.47893e-09 5.95993e-06
10743326.488706370816 6627 1.7331721480103576827 0.15867729012210265993 0.020983464006916301148 0.94380962980955218633 3.2621227716434408883 2.8496308065520370434 2.7998719484391543233 2.7466977920875961239 7.24481e-09 6.99615e-06
10743326.488706370816 2413 1.7777742936883418334 0.026288344974129428111 0.0061958014722664220622 1.0705084703839380378 5.2008834678208399893 4.8229989337568301977 4.8490917973557952081 4.8751348907898872653 4.92958e-08 1.32572e-05
10743326.488706370816 1776 1.6041838922434257242 0.089468363243329657175 0.1096088805024873214 3.0112658180501270522 4.2151902617151879582 0.77823346828357375937 0.71726420883100405756 0.65845437907542969658 1.13676e-08 8.12967e-06
10743326.488706370816 5560 1.7887819731529552847 0.14811978605873254988 0.12633839000116597884 1.7068425480302251707 6.1613115998374956561 5.0912429448880569538 5.2257103669379967315 5.3547402189296144925 2.32788e-09 4.79186e-06
10743326.488706370816 2535 1.1430284348009973616 0.19495086459962046588 0.062507643339300658636 0.025048025391027538278 2.3854193749158230098 3.4172621924452224462 3.47642766642679657 3.5404911230936209066 7.23789e-09 6.99392e-06
10743326.488706370816 923 1.5416402558671657985 0.1019640530117799232 0.030548796683495162835 2.3360160290697251639 2.1588287380088084788 0.12797128295985091273 0.11555408405192309218 0.10379792494945902503 2.53731e-09 4.93145e-06
10743326.488706370816 6946 1.2266882632450875068 0.26877648261177106148 0.055919548446174541234 4.9132680321374717636 1.4672466215628530151 2.1266901477959043731 1.8772930896210446861 1.6210425542264523813 2.99755e-09 5.21321e-06
10743326.488706370816 5448 1.8849913318614432978 0.05952146631360504675 0.16664149548317977456 1.921326933599720288 3.7840716190234986449 1.9161880001317623812 1.859576051769381122 1.8025192442415627347 2.56033e-09 4.94632e-06
10743326.488706370816 5845 1.6576808269265788098 0.15534639639377767484 0.089162223005046378765 5.8692860466228182759 1.7244888361954420208 6.0233176756718878053 6.0606536949471045972 6.0949385692942916748 1.71925e-09 4.33141e-06
10743326.488706370816 6764 3.2986130656524874638 0.050656094909700771778 0.3073629188962907488 0.67004451661682484787 5.0035564030190364804 2.8758793564186664327 2.8622351830990711008 2.8482673684909620704 2.4069e-09 4.84547e-06
10743326.488706370816 5259 1.6515132542516925973 0.14989292158642100738 0.13886245303234753812 5.3389065921159488681 1.0700289885516112154 4.7541869712531195091 4.9040458166114886396 5.0511941956782138163 2.21606e-09 4.71387e-06
10743326.488706370816 3413 1.6345096511432126718 0.11863624391429883342 0.040921575205266576269 2.4727190354269503736 3.4212810338225492224 1.4760852218737243735 1.3583618035156370674 1.2423924411007212232 2.25655e-08 1.02172e-05
10743326.488706370816 2658 1.9141296739688995476 0.24841885975993852065 0.030657474581514122108 4.6779652513527070212 3.6112874266743419938 0.82061367665410522854 0.6510186644419326818 0.50047757227249767276 2.46497e-09 4.88413e-06
10743326.488706370816 6498 3.2444647641046571174 0.079403580060547720998 0.18701020706284718353 5.7695593565152343274 5.1861985919012898449 3.018504742232414273 3.0083392841995122424 2.9977897747363235759 2.50157e-09 4.90818e-06
10743326.488706370816 1698 1.493939351304451435 0.25803483336089577671 0.033082103046758397358 0.055027374893253357124 0.63207816591119792005 2.9681006420374540511 2.9160756869134947245 2.8583764485779372677 2.42949e-08 1.04718e-05
10743326.488706370816 6300 3.2698222372715513018 0.09572077227473328731 0.23566328395666585882 2.188515419038199461 3.6449060874422198886 3.2127635243017613753 3.2199287910193392648 3.2274195198967543519 3.26125e-09 5.36181e-06
10743326.488706370816 6744 1.5157347624327068836 0.068182445999541971271 0.20409710651106763302 2.7117097290770422191 1.4258095732222495489 4.3858788579536414076 4.4512266436436860317 4.5170970577557278958 2.29835e-09 4.77151e-06
10743326.488706370816 6273 1.8995897463761575175 0.15261005060653920484 0.11058151308723578043 2.2455128247916675832 4.3303192786461082164 0.60863849631436717225 0.52611589780550882534 0.44947844118984175976 1.74421e-09 4.35227e-06
10743326.488706370816 3800 1.6384734255350161813 0.14111431852239400553 0.049186136685434880822 1.3902996923429502552 4.2113263467441210963 5.9241407649654131973 5.9708638170937673451 6.0142238225884758762 1.79108e-08 9.45995e-06
10743326.488706370816 5861 1.558056153109848907 0.1756949250547436836 0.15952835027513578847 4.6032287388874788547 0.81238249329436151847 2.8380227413397580705 2.7802220703447302341 2.7181039653481704477 1.95257e-09 4.51911e-06
10743326.488706370816 6922 1.090834150617868703 0.22929481851100180778 0.10046477018404730008 0.10544070452899494128 5.7054086332507445434 2.9340680545123478673 2.880057186909207978 2.8207697767223809393 2.00926e-08 9.82944e-06
10743326.488706370816 6923 2.0452189550436328247 0.18580383718365930945 0.12857533571714430121 3.9398706659171280897 1.1265150460939492572 4.6892384620686158314 4.8764824050522994625 5.0597903127358669906 1.67707e-09 4.2957e-06
10743326.488706370816 5480 1.9984904006653894104 0.15279994914949346363 0.06955411425938448633 5.6355625466542624835 5.6070036274297931911 1.4530856520695538681 1.3020996378737021981 1.1547825005420455646 1.6026e-09 4.23115e-06
10743326.488706370816 5093 1.9295941144335051476 0.11501236733737839335 0.073803921522779800113 3.1085660237746792767 3.3096738040127897662 1.0762023206713722256 0.97742377148496328854 0.88207166437168649242 2.98948e-09 5.20853e-06
10743326.488706370816 6676 1.8680414897767172455 0.053631841277987826744 0.21707761218172932915 5.7995722517632355419 4.9608363753844857413 2.6349694023948497801 2.6083028499727660687 2.581038080900279752 2.23147e-09 4.72477e-06
10743326.488706370816 897 1.4619032453196805221 0.12957723882874791488 0.18604930134697988953 2.1257297112111972481 1.0804154282490292527 2.8397214924808880099 2.7984775303967746041 2.754884862057126238 3.39891e-09 5.43622e-06
10743326.488706370816 5996 1.8534427429224842321 0.12970862650180281506 0.12637071988936099398 6.2100752219042600899 3.9138359279718546446 5.365061297217948777 5.4645276005373730754 5.5592446569773672493 2.28464e-09 4.762e-06
10743326.488706370816 5721 1.7596152678472460895 0.23411426259502463032 0.13036370859492085739 5.3207956204430111313 0.56958018072388472142 4.0341422436038030241 4.2332265301664389057 4.4409751663385446108 1.97529e-09 4.53656e-06
10743326.488706370816 6083 1.7402444139393051792 0.14128782049775254204 0.031820753553036498773 0.55632589449364544532 0.35501838057345364019 3.1746272105441724065 3.1796754886028733011 3.1850548288619249249 4.91269e-09 6.14644e-06
10743326.488706370816 6982 1.6142078730571027823 0.13986837138415689208 0.15023783010555510908 0.91260876297214477137 4.4192280642593919637 4.2436347469100041963 4.3729635217125171209 4.5048518587057282403 3.77646e-09 5.63047e-06
10743326.488706370816 6562 1.9791033679105245469 0.13624549413168857148 0.15964636899808726245 0.47256104710296220617 5.2617571647548508906 3.8436057238667373781 3.9368056910915898428 4.0340867145265901783 7.2003e-09 6.98179e-06
10743326.488706370816 6915 1.0715451216811084922 0.14202395583397800505 0.12089929459845698279 4.7418942836221740222 5.8762915502670018952 3.3498099894469222093 3.3815308425411982896 3.4152817827582615529 6.99762e-09 6.91566e-06
10743326.488706370816 5492 1.8142694642639494162 0.074279026586716728753 0.10810079984443589363 0.71494593823593111104 4.3447669186747344128 2.6742364214141445267 2.6395779857054035844 2.6038354676396378018 4.51271e-09 5.97488e-06
10743326.488706370816 5781 1.6877348453582134979 0.084083511997748355826 0.15663869257498239107 0.17774045537406563122 0.32721242911475645343 1.0182903840087562664 0.9481698284760662343 0.87986462422574396314 2.03408e-09 4.58113e-06
10743326.488706370816 5427 2.9433293964612072813 0.007904899561128560237 0.10659592405303880414 0.67449398797096959957 4.0122712636859230173 2.6381436359276264625 2.6343166168112026604 2.6304764315071040848 3.52478e-09 5.50251e-06
10743326.488706370816 5568 1.6770472379211840419 0.42198765919375791356 0.11688952735967589325 2.8031611384755672489 2.0618366556645368881 1.3478835169872258604 0.9419807029042774893 0.6007088554319628404 2.09675e-09 4.6277e-06
10743326.488706370816 5928 1.8350456766960121513 0.25292676831025895368 0.060427734840482028034 0.084626844630959929816 0.040507074232054476881 3.0389588612349331953 3.008757251873124261 2.9752583422561325044 1.85148e-09 4.43973e-06
10743326.488706370816 5044 1.8189607101018128166 0.24918880855540548325 0.16488101060420753963 3.9428601649078012237 3.084670194442419966 3.5111340361076002203 3.6147272316993137586 3.7282772755759348016 2.3978e-09 4.83936e-06
10743326.488706370816 6767 1.7190047359568358942 0.25737327553991884432 0.075894160127460946752 2.3459181889034059765 1.3914331768175880466 4.7490289149584006267 5.0079316281209154127 5.2541462876716495956 2.88634e-09 5.14793e-06
10743326.488706370816 5537 1.889431975723654622 0.054174522004142071363 0.13561996135145515385 2.3068669827459151733 0.67768491921149132118 5.3991310412952007169 5.4403416341995463057 5.4807849817771323586 4.42539e-09 5.93609e-06
10743326.488706370816 5021 2.7900314512781791976 0.11036371853262966214 0.14387748133651814819 5.2048461124973561809 4.5751235634231282035 3.9535275683762445276 4.0369871012545264222 4.1231211005159629224 2.06176e-09 4.60182e-06
10743326.488706370816 57 1.6307226817277389319 0.11434717828140157636 0.056208889832122514718 6.2196379410791102771 5.5454801017014005993 3.2785900535464906902 3.2952013093801437726 3.3126970321175130962 2.00445e-08 9.82159e-06
10743326.488706370816 1124 1.4902889868328348388 0.074599129743555675498 0.1266611591705507911 0.61868229207758074217 0.78773290939924278664 1.2037978615035427321 1.1350185439561193412 1.0673912995122616376 8.11026e-09 7.26432e-06
10743326.488706370816 5020 1.882483910144283179 0.23110473911431170246 0.13140320632753707542 6.0624728572834420959 4.0130326924014791956 1.4389882778523670481 1.2112551753282652101 0.99492765093554114131 2.26068e-09 4.7453e-06
10743326.488706370816 6161 1.80308025009970474 0.20291411337401710213 0.092232496624207585545 0.87604883531042676559 5.959922579554084443 5.1919828571777770776 5.3652451969099610452 5.5264304307814891004 2.19638e-09 4.69987e-06
10743326.488706370816 61 1.5279537869786301574 0.011915279918717519569 0.0075515374672842517506 1.1696129181704664202 1.0991006442977080404 2.0846575799663700224 2.07425036971467458 2.0638135213585817596 1.38519e-07 1.87077e-05
10743326.488706370816 6451 1.769186588098396129 0.33423554365209096062 0.096165741219846112564 4.1007675760074269178 1.4920794954653104902 3.8441180071660063788 4.0987084863699392301 4.3719574193006627283 2.57122e-09 4.95332e-06
10743326.488706370816 6876 3.0969146894942065629 0.038074469168302621513 0.16363850558605719243 0.63817368555085662862 0.82443604026646233329 1.1329679499049236657 1.0987519998175849789 1.0648413325852885691 5.7202e-09 6.46627e-06
10743326.488706370816 5132 1.5118017560967318413 0.16359643673203455583 0.082566256146132346871 1.0931374477532329603 5.8251184549406254121 4.3440926535482260462 4.5021192259667559554 4.6621123932930466083 2.32293e-09 4.78846e-06
10743326.488706370816 5470 1.5901127281413633963 0.10859346617093930398 0.14253290851603800382 4.7872439401189623709 0.16213427315754017077 0.80140973770029944045 0.72606322592109018288 0.65396466909556583147 2.3944e-09 4.83707e-06
10743326.488706370816 6757 1.8017317586868588641 0.059480240183895194406 0.033519746825399182599 6.042417792575563773 1.4864435802813897869 1.7137296945745745802 1.6545701869526336925 1.5952985426677228631 7.3237e-09 7.02145e-06
10743326.488706370816 2778 1.5828207426479925513 0.11223148548705003114 0.097635612208940417145 0.42090458227274324399 6.1354335246302635909 6.1816561530320957019 6.1924621172169986849 6.2026301538506887212 1.15158e-08 8.16485e-06
10743326.488706370816 5605 0.96887627687236588248 0.087162674138758541864 0.2388712484004815173 2.9499014939700161086 4.6325949513425612736 3.8297081534880730302 3.8870893481752681886 3.9462150012029666435 2.44051e-09 4.86793e-06
10743326.488706370816 5518 1.4692391572468224137 0.097833901828869945794 0.065664410681301479955 6.0116899513427339841 4.451222747130252344 3.3099133888539236104 3.3271767519716504147 3.3452291255237200929 1.73658e-09 4.34592e-06
10743326.488706370816 5874 2.7148899537980071273 0.32607442950927056913 0.62271587758899282772 2.7778924950932020188 1.9815797858395489683 1.9848360942950371566 1.6586569386689631322 1.333840263425014383 2.14922e-09 4.66599e-06
10743326.488706370816 6674 1.37276166667038102 0.13011732624581090478 0.10874342384731983113 4.5642259227268233701 3.9802886346422567954 1.6618529171784266474 1.5311302190997275741 1.4011152427401269982 2.73456e-09 5.05606e-06
10743326.488706370816 2768 1.31064451126479109 0.033748733910722084062 0.024913373482062801945 1.4986320451681256483 5.7111545053885528489 2.7029448411385055273 2.6883849012446243698 2.6736079606399738573 4.30741e-07 2.73058e-05
10743326.488706370816 6176 1.3563118983717146193 0.1364637859037128309 0.1827775203465520637 2.1885294528260139657 4.8067734548579998943 1.6216501195781016786 1.484459043105947007 1.3485035505094367103 4.04806e-09 5.76235e-06
10743326.488706370816 5920 1.7737097116091642413 0.19290012681557153207 0.11226709353537818459 0.26992508997381370328 2.5942926790535509873 4.2703047313932582796 4.4534492820192603801 4.639918507837967887 2.02047e-09 4.57089e-06
10743326.488706370816 6324 1.4958929199849058111 0.16808936570372792763 0.039916394553486694852 3.9030683440700197906 1.5779990050244745436 3.225820347901974916 3.2413743593696047185 3.2581187850251107641 3.61321e-09 5.54815e-06
10743326.488706370816 5952 1.5758063137950264476 0.27641582481437793062 0.14321398403267474042 5.9305376516022443312 0.6096287998753261439 4.5464850836702215275 4.8292490589086618513 5.1037796249898104151 3.30338e-09 5.3848e-06
10743326.488706370816 2012 1.2655088972715329287 0.086601432543848763657 0.017225567137846956728 1.3784444804891649028 4.7661871084217590777 2.1302378788756710648 2.0550030776536520882 1.9783569569448917758 8.89641e-08 1.61407e-05
10743326.488706370816 5312 3.0425375482461571863 0.066806754660474504393 0.13617177247851050548 2.1757700606651355635 3.3202997637753828286 5.1708964160140773458 5.2299780426995585714 5.2880340881063325753 2.46345e-09 4.88312e-06
10743326.488706370816 5514 2.0026651006909008679 0.077115554267999444904 0.14244769571802426422 0.055215617550686484083 1.6846822802416749898 2.9310086670411878984 2.9142319396348876914 2.8968495578759587694 2.23079e-09 4.72428e-06
10743326.488706370816 6734 1.4925836687664411073 0.12165007689054842255 0.07106767030820386466 3.5293022835958760552 2.291635613278265371 0.40170026555101639998 0.35650736944331690159 0.31405108514455365443 1.00692e-08 7.80756e-06
10743326.488706370816 3988 1.594395547947569769 0.085245759722790970248 0.046010807047631024913 0.8588350394556086842 0.22134581252810620056 5.2745354688649079833 5.345157170960420423 5.4138988017249616291 5.58031e-08 1.38167e-05
10743326.488706370816 3637 1.5043526088736427493 0.086560943897846368 0.076732231893542862666 4.9037388104659624943 3.446152220369711916 1.299064767368834028 1.2165311487558601033 1.1353454964162854601 4.68902e-09 6.0517e-06
10743326.488706370816 6028 1.8750271935657181199 0.21397582293629446859 0.13505578125723735616 2.2106508508493338816 5.4116335760427753954 0.48743680799090405298 0.39496057552289393078 0.31262871300682271158 2.1303e-09 4.65226e-06
10743326.488706370816 5572 2.7116310737848601242 0.18866891279480882404 0.53374190510863361858 6.1085805682690388352 4.3818980018185396119 2.3811841269659170806 2.2404844832049146675 2.0925651730400791628 1.63405e-09 4.25865e-06
10743326.488706370816 6521 3.0176566124551418291 0.021424889730391513676 0.12728909326964471527 2.3679395066634123523 1.1712235115445082112 0.77330891019141045906 0.75845590784681549135 0.74371983846640488114 2.953e-09 5.18726e-06
10743326.488706370816 2010 1.6838796734478636008 0.15922962320395422919 0.086079479947325607259 0.70464985503533106304 6.1954319913045701185 2.6324422366231625681 2.5485030080137129893 2.4595054832988703097 1.35956e-08 8.62944e-06
10743326.488706370816 5455 1.914387907634413688 0.17091630688979608799 0.065515197462901963998 0.97482482828160033073 4.80959785814253582 3.9692513710792662884 4.1036775709696904357 4.2438948357708596859 3.36325e-09 5.41714e-06
10743326.488706370816 6780 1.9655978653943073642 0.2153450534692935292 0.14800402915220331468 1.8146839378388437414 5.0134202702818306818 1.9270551729340521518 1.715561631414867394 1.5024691323571552903 3.2776e-09 5.37076e-06
10743326.488706370816 5422 1.3834543760032935733 0.19268833777445482092 0.070559605961852386868 3.9984948672821505333 4.8606768658172310182 3.6388521543560314875 3.7402229125514843133 3.848804996783109722 5.73994e-09 6.4737e-06
10743326.488706370816 5540 1.9179670697306467897 0.15449893972229059025 0.17005514359658222001 5.6430235760796065847 5.1763567793109945825 2.689870300247878987 2.6169533974751186811 2.5395647531541976072 2.31531e-09 4.78321e-06
10743326.488706370816 5552 1.5648121193925093042 0.26952649078555046547 0.064486741015970516777 3.6568449193992726975 3.9258901938511439056 3.5913308402790287133 3.7273451122592815565 3.8763465149438260937 2.51442e-09 4.91657e-06
10743326.488706370816 5469 1.4892985083473295749 0.19397171885745526088 0.051655803258687765789 3.4168561503198255913 5.6590329090039697135 0.62928073807700324327 0.52257753736542644774 0.42576328061020646265 2.51139e-09 4.9146e-06
10743326.488706370816 93 0.88222602816035389228 0.070084836085307203324 0.042381297768623531208 1.6321138689863572413 4.09630334045901634 3.6028670137967591103 3.6351097650630177505 3.6683107905192828824 9.20189e-07 3.51676e-05
10743326.488706370816 5794 1.4699405530148368371 0.4469725270252731808 0.14188463258802119782 1.379421802541820341 4.6619372600115864813 3.9283598195692377431 4.3240095567594325487 4.7376933441944268921 2.17467e-09 4.68434e-06
10743326.488706370816 5178 1.7687984169808725898 0.081922931619514416379 0.047865053381093168594 0.70976199348688484569 4.6050622612056697491 2.2305025708485630709 2.1640122240725396807 2.0960860558925906716 7.29677e-09 7.01284e-06
10743326.488706370816 5725 2.9557427480314228951 0.34299677952322393804 0.19167481349040546568 3.7917591160341785894 1.4913036881698216174 0.82678227211194599278 0.59540303385353376964 0.40303586910319261216 3.15235e-09 5.30146e-06
10743326.488706370816 4194 1.1705382810811337801 0.30588406791401201446 0.078539327477028075819 5.094799322702262323 3.0647974580925647636 3.9810471531223634578 4.2401056424173635406 4.5125051541816914025 2.52016e-09 4.92031e-06
10743326.488706370816 6053 1.4664779488402350793 0.10967097319026257451 0.098435099464553324489 6.1081546762462943789 5.3406265235029382055 1.3651228060726814384 1.2587351288333097354 1.1543609608378233577 3.14775e-09 5.29888e-06
10743326.488706370816 6403 1.9267515233270458008 0.1177968748555891787 0.065910141055549389955 1.5547437582651342236 2.5315610188152040116 2.1403109134791233892 2.037573515626259546 1.9323781708412248737 2.19336e-09 4.69772e-06
10743326.488706370816 6747 1.5208955489238640268 0.35948024430971514676 0.035437212649067975634 5.9064894304178876538 0.37685090736619297758 2.264888943313681402 1.9432321924600262086 1.6083965714337113972 2.21376e-09 4.71223e-06
10743326.488706370816 6958 1.569360390777022829 0.031790698204608419664 0.10820919176615464985 4.523941527407314922 4.8951538557453426748 3.9658933861741201277 3.9894896631335630133 4.0133292154529822682 2.00486e-09 4.55909e-06
10743326.488706370816 6874 3.2526955453868757751 0.13693123328081274748 0.23397897221391664169 4.0114051273557915778 1.3862133342611382414 3.1591318021812488936 3.1617229130857884556 3.1644791881830292013 2.61974e-09 4.98428e-06
10743326.488706370816 1959 1.5206442344912154407 0.11111391317418527203 0.099548058004431741463 2.8033802965238505678 4.8216433787161712132 5.0006992680848068034 5.1057942052349014617 5.2084200235688919989 1.79741e-08 9.47108e-06
10743326.488706370816 3953 1.6041951093995563404 0.15069646969853794927 0.19057962123019211997 0.71954333285519112007 5.9344160641567578196 3.1166784360681401012 3.1125933074365632613 3.1082238208365522425 1.87457e-09 4.45811e-06
10743326.488706370816 6642 1.0601446412494359706 0.23874080056012916828 0.10556314946386957665 6.0857689414361715308 0.9062331427291825392 1.7875518859769863322 1.5458336167704560538 1.3071671964479831818 1.26355e-09 3.90884e-06
10743326.488706370816 1615 1.3404486992973938531 0.14278512282976327241 0.025375927101134180403 4.7447010904736384163 3.6126968347831871498 4.59294890299256231 4.7364290992468385255 4.879172964352333608 1.02567e-08 7.85572e-06
10743326.488706370816 5324 1.6831448610272246036 0.11363736968248518144 0.11749714466774421884 4.3997665040473128428 2.2416085924212176828 3.3492522601096412771 3.374144274874772087 3.4003332802047032679 2.44962e-09 4.87397e-06
10743326.488706370816 5380 3.3119099269118161821 0.023654304636662605577 0.22908332265350581092 0.75096356933610941553 0.17101120951403178672 3.0844488348507845821 3.083081537158126828 3.0816982869719820037 2.14422e-09 4.66237e-06
10743326.488706370816 5451 3.2672827580394852021 0.074391293910738870432 0.053111933506235775582 5.3103544159913944611 6.0181679549269526674 1.9965670055568718322 1.9276905515533364621 1.8579869214192255011 2.58702e-09 4.96345e-06
10743326.488706370816 6391 0.91401675982496721762 0.22814058682981699921 0.22423602781723916966 1.0115948121201032706 5.0843382647343764447 5.6122294313583465097 5.7438441900707886134 5.8610105224726289919 1.23883e-08 8.36605e-06
10743326.488706370816 6532 2.0159301498454293977 0.32795695536976116058 0.21967558413992624433 1.8801203820356313656 0.56859411342157539782 2.6819388541921815872 2.5061195243090459428 2.3114579346996402265 5.62757e-09 6.43118e-06
10743326.488706370816 2966 1.2501194975546905397 0.077621149364707528462 0.20316740673596866973 2.7961783856195139286 3.7033345153181116416 3.5266439973108427708 3.5569319049670684585 3.5882520668074087133 3.90041e-09 5.69141e-06
10743326.488706370816 3751 1.4765833231419436267 0.10316111827027593661 0.059407200975752846861 0.85052303574865373292 3.8807860577327293328 4.4704729816060808645 4.5720704072439168897 4.6742176055634141463 2.30157e-08 1.02847e-05
10743326.488706370816 6233 3.106910153366605698 0.20839670649401245694 0.25902932373354492501 0.80124783696448920178 5.1789624505949971578 0.72616492957416245435 0.59665047856308972563 0.47955761415668851644 2.38928e-09 4.83362e-06
10743326.488706370816 5382 2.0182633694741611841 0.084392221770990108465 0.1587382804154305882 5.3626279731407651141 4.5932800135607001479 2.5241274231832999675 2.4734431178181028876 2.4211592256829144176 2.55203e-09 4.94097e-06
10743326.488706370816 5340 2.8612580477327695938 0.58017720626103919113 0.43875788431779144672 2.7149784714573379496 3.2634758523111422335 3.3001732723785281998 3.4474904305119893344 3.6222104456674428796 3.20434e-09 5.33044e-06
10743326.488706370816 117 1.1073549694283182365 0.093391096867530401515 0.053455083644008166699 1.6444677461431318477 4.2538866794856673437 3.8406306375889602833 3.9030750072560160824 3.967514411253010298 6.87268e-09 6.87425e-06
10743326.488706370816 5708 3.1571995794785929768 0.10373990552627432304 0.25154227937796092007 5.3197067913419022744 1.1572034403451920692 2.5317845623016235201 2.4695779301806481953 2.4049932090248282712 1.65544e-09 4.27716e-06
10743326.488706370816 5945 1.6007322469141387344 0.25935218243946428496 0.21266119685140330575 0.68506263540563783199 6.1607834545697786055 4.8466224405671027853 5.1021783392659525447 5.3420762869582167909 2.66758e-09 5.01444e-06
10743326.488706370816 6151 1.6853624292711439914 0.178665702997605369 0.089270558828270021867 0.43063893692345661668 0.047971152060515588611 3.4192555768879970834 3.473294838888961511 3.531477842761172603 2.10594e-09 4.63446e-06
10743326.488706370816 5235 1.9307488659826002042 0.17869364140336388425 0.092425984921787010529 2.7204359399653266216 3.5307424185846536524 0.094650842723767197873 0.079026891692087791741 0.064919982880284027305 1.69779e-09 4.31332e-06
10743326.488706370816 5270 3.0988828185245496094 0.1125295984060204757 0.28191697590263431472 2.4424618787133209885 2.9150606258922615588 3.7781661944524125296 3.8484335432584915182 3.9215141775145561098 2.61601e-09 4.98192e-06
10743326.488706370816 1888 1.3040705168865232011 0.12103532843361503035 0.1087340855935350209 1.5992534990415996354 3.9894006837332605109 4.2090396444565012501 4.3185567320434170568 4.4303262366556728225 8.5818e-09 7.40246e-06
10743326.488706370816 6473 1.9081415872091935793 0.20082648196226990378 0.061072107634587161074 1.1028257647475574466 5.9653872393163229759 0.63581784261435170258 0.52453972768545953365 0.42396288000813375785 2.97483e-09 5.20001e-06
10743326.488706370816 5815 1.6323599772387202833 0.082780483584269579089 0.11633856169723154339 5.3833518293343622929 1.8550010840450890104 0.5580696245651582954 0.51565618701326720874 0.47483664896261018606 2.67562e-09 5.01947e-06
10743326.488706370816 6211 1.5295543187332425461 0.15928055170901372906 0.13457945627237580255 2.4185584334258032335 3.136980782081776109 5.8855042810794264696 5.9432988414361327401 5.9963998005319494311 2.33777e-09 4.79863e-06
10743326.488706370816 5003 1.7155417702143476166 0.16805312710602210435 0.13221508443397969601 2.1002673565818779089 5.1399819780596454066 5.1201900350184272881 5.2702391599132898392 5.4128146107006385179 2.56915e-09 4.95199e-06
10743326.488706370816 6536 1.9919680536990744812 0.029454564274403821633 0.15851041983976049687 2.1550330075048309553 2.3415683384180123738 2.3821484830472714478 2.3616457551309602003 2.3409320782320679477 2.77887e-09 5.08323e-06
10743326.488706370816 5873 1.5848627328939468573 0.15617810898003120501 0.032863558419188539095 5.4727088852818210896 4.7023879921831719386 4.2413212534325106517 4.3862717118628493651 4.5342182008134139792 3.51811e-09 5.49904e-06
10743326.488706370816 6368 1.4690287819482386045 0.11983201293182801916 0.055482665540444835173 3.4298687947408210697 5.4694364349968651595 5.1745009873177671977 5.2792454323836714991 5.3803349002598208628 3.51985e-09 5.49995e-06
10743326.488706370816 5898 3.1635143753205579031 0.31789991782991955382 0.49768481555041976794 0.58171823913366804693 5.7660850543876893681 4.6094415672208128854 4.9366642863036291899 5.2466025707498227248 2.49608e-09 4.9046e-06
10743326.488706370816 5792 3.0924534668327523512 0.12841448518150391789 0.28680555007099822751 3.8606301775105191787 0.33660967747233866421 4.8065819997363057325 4.9340121720147296358 5.059285887417646066 2.20777e-09 4.70798e-06
10743326.488706370816 6955 1.3522980481177040435 0.086078323496840900009 0.068816658454191811933 4.8766052021661856486 0.61876289650233184947 3.0699216330038550105 3.0634686185252864021 3.0567506711119341034 1.85814e-09 4.44505e-06
10743326.488706370816 5782 1.8254202421750720386 0.16134885632219822527 0.045377429531980151278 1.1920152421865202186 3.5985163305334055828 4.044444321046194446 4.1785059562828203994 4.3174011141104662315 5.0598e-09 6.20718e-06
10743326.488706370816 6853 2.4500904921435839867 0.64476736488235142364 0.6217641613957444191 0.31517202525134835334 0.42995981806137434367 3.9646891870367286792 4.6496924363654166257 5.2931929722701056562 2.62932e-09 4.99035e-06
10743326.488706370816 5737 1.8479804840636866459 0.3432719892734620859 0.035799664834324618212 4.6361102919317369597 1.0434513392298383483 1.655182728864892594 1.3008266282712970252 0.96998830117725698408 3.30498e-09 5.38567e-06
10743326.488706370816 5750 1.7371820755435554151 0.24359329151084552212 0.060164795223388328749 5.2669765035846891621 0.93960941420576038485 1.5488353363849700628 1.3034845940069808012 1.0685426501743657823 1.52873e-08 8.97346e-06
10743326.488706370816 6880 0.99835405579372205054 0.07350964234026709232 0.37609765166153608096 3.7403505790436613054 2.2481960186503586741 5.4614624764730343998 5.5140378969277907828 5.5651655367234811322 1.78966e-09 4.38976e-06
10743326.488706370816 6303 1.2496904506013524205 0.16804452098752609146 0.13525395556605590563 5.4246537941399566307 1.1375539483591023959 4.7435827227555646957 4.9119044651642607135 5.0766154401237457705 1.48051e-09 4.12085e-06
10743326.488706370816 5241 1.7949596480168126256 0.16629798535604378706 0.15191014061004640134 1.5609347900136851806 4.2306228406376913398 4.3612858260459876902 4.5228438217665427601 4.6861634159215563855 2.63706e-09 4.99525e-06
10743326.488706370816 6290 1.6565200465310541134 0.11334193347783567962 0.040190259298400490828 1.5085083565663794936 0.66630762117421460378 5.9775416656801194648 6.0099947144070666738 6.040574943188296686 4.66797e-09 6.04263e-06
10743326.488706370816 5215 3.0256278042708992793 0.13704012063528692167 0.21715397144087170145 3.3105195499009192339 2.1987109010809704479 2.9102453272495449887 2.8764102886472460163 2.8404940926120354483 2.09099e-09 4.62347e-06
10743326.488706370816 6358 1.7805413542285746242 0.086169660667011288568 0.12674693857313484857 4.8982087921419319443 6.0637511778703450105 0.69496158962789045255 0.64146630107835056478 0.58990488256772033449 2.40091e-09 4.84145e-06
10743326.488706370816 3761 1.4526058539047619345 0.078527861223404549218 0.16188356522703389873 2.8112592156090689954 0.13250911296523984473 2.2460740777089900355 2.1831593320993842866 2.1189006081939067982 4.38307e-09 5.91711e-06
10743326.488706370816 2057 1.310956936438740339 0.26176242008719707854 0.19342037706565790023 5.4004240376840879634 3.6205879159125013977 1.3974543774603278568 1.1423261981223453709 0.90422646096049530406 1.66245e-09 4.28318e-06
10743326.488706370816 5673 1.9885724677339160493 0.14096574858417412757 0.077903881751899717312 0.16883849848530504967 6.2208142731796165492 1.0589751424137223701 0.93973993204403682977 0.82592352577128047564 2.67237e-09 5.01744e-06
10743326.488706370816 3324 1.8372613152165060413 0.11668117383892348538 0.069362084474854909799 0.0037465942916115857995 2.2234832203748369217 3.9896230442687001805 4.080905039361709008 4.1750845245302716791 1.99813e-08 9.81126e-06
10743326.488706370816 5034 2.7637406880655599473 0.071316002190453947618 0.072643059894457365222 1.8554064235848126696 0.26679424410127916545 5.2349260835260409408 5.2957021433698994173 5.355225500433751229 2.20492e-09 4.70595e-06
10743326.488706370816 6957 1.2364917456138535545 0.17507008530276338409 0.082682842157286190465 0.75147351394200989638 5.1160690752105359991 5.2645472157651580503 5.4078717670882925361 5.542280852165753835 6.68595e-09 6.81142e-06
10743326.488706370816 6308 1.937407776102652246 0.26028336265851192977 0.13732083762431096519 4.6129110444731153962 0.40394657721612609036 3.7458780941220837235 3.9143617075461922816 4.0960708589843823901 2.73381e-09 5.0556e-06
10743326.488706370816 5344 1.9044329753299671371 0.16253594238436214203 0.085955879837790169495 0.26405684541703572377 4.7293388039926700372 3.1358407932935397078 3.1348158020702849846 3.1337143285532014225 2.73146e-09 5.05415e-06
10743326.488706370816 6577 1.6873470668341603584 0.30146911036092705061 0.16448189815854730167 5.1214276116272579031 0.99530550453464616822 2.8442065312839965863 2.7382105186360070626 2.6198744683801140631 1.63583e-09 4.2602e-06
10743326.488706370816 5452 1.3355848638753999857 0.15587025488748129654 0.040166334196449625382 3.1749590091433543826 4.1515382933414120004 3.7500788916797271888 3.8458175965124787865 3.9467347553378377967 1.87068e-09 4.45502e-06
10743326.488706370816 5123 1.6361815227757234847 0.39919566376675535979 0.15246695505865615061 0.084245911627078950978 5.7911761504567271786 3.9612130582401388068 4.3124159580081347087 4.6801037065275252758 2.85229e-09 5.12761e-06
10743326.488706370816 6241 1.8223486547346370301 0.12806552710716734289 0.1098120415408325723 3.2949988403339238729 2.5597492004807942401 1.43904766471659884 1.3128028372557696279 1.1889757838380299315 2.40528e-09 4.84439e-06
10743326.488706370816 6183 1.754550592710924839 0.040510629603975757684 0.088219359477387945812 0.38313510346151802288 4.0628549522603796262 6.1693838130474931702 6.1738950962257428401 6.178313702976883981 3.31464e-09 5.39091e-06
10743326.488706370816 1788 1.5856536577314479519 0.044879114061124270041 0.090745596668875036506 3.6300903303174782977 1.9688712133139090188 3.5502605402367382048 3.5684787572278833245 3.5870604320479633209 3.37316e-08 1.16823e-05
10743326.488706370816 6090 1.9367384514900189973 0.014645419362323405452 0.063946781811353436975 4.3810649232315483914 2.6975257429474686077 0.52228093181818768809 0.51502066296114445976 0.50780702018198276004 3.39778e-09 5.43562e-06
10743326.488706370816 6826 1.8294440408386325458 0.17153503123012606157 0.07603011796279325607 4.7464040703153145273 4.2364587570648151171 2.5136269968875191161 2.4045729991657864844 2.2892870443102135702 2.5665e-09 4.95029e-06
10743326.488706370816 6891 1.51701137618053572 0.19823508816120810616 0.075755207429842749689 1.8401656544590982989 1.7119975349389253694 2.3799531808816039025 2.2312600505047046617 2.0747122492532961147 2.97992e-09 5.20297e-06
10743326.488706370816 1399 1.3793447659509565639 0.180697002588394523 0.13858677758356480192 1.1438345580403836976 1.2637327370558364414 2.8448328527729418447 2.7864865482563012655 2.7236600340660777064 4.64728e-09 6.03369e-06
10743326.488706370816 6645 1.847712939163460133 0.24245733413702955095 0.0977413997773159543 3.1782164940518442542 1.0624034387333389784 1.6873890969287772545 1.4406399308669430859 1.2002333960662638912 2.03845e-09 4.58441e-06
10743326.488706370816 5597 1.7981756892363036648 0.21351157198195541698 0.084436250462246426052 0.57049646538138609753 5.4417718824720715531 3.3890795378961637851 3.4481645819097326289 3.5126007052335359582 2.41109e-09 4.84828e-06
10743326.488706370816 6672 2.7285113856108642594 0.45206310447629477478 0.27669616329676566258 6.0792547804510217446 5.8143125094616099346 2.93812912390343417 2.8122370774132092741 2.6660248116880378433 3.02735e-09 5.23043e-06
10743326.488706370816 5187 1.90900849563241648 0.1628561712772718939 0.11813088884685028768 4.1676144722861359071 2.3314378549533230078 3.0574087832060112824 3.042397118837357084 3.026268993698816967 7.38199e-09 7.04003e-06
10743326.488706370816 5640 1.6171870349924666321 0.02128259898319219065 0.028312650886265843669 5.2962928212078264067 2.9791592946815388387 4.2965378988869868948 4.3160922960929823944 4.3357254258445863115 5.24602e-09 6.28242e-06
10743326.488706370816 5842 1.9256676695613166306 0.12474357131838331725 0.20579378180216562066 5.8447731374507965185 6.1341341002119254 3.446818737333394278 3.4868372251889465652 3.5290537962761576729 2.75394e-09 5.06798e-06
10743326.488706370816 1444 1.4901079688797660427 0.115232082042826256 0.1056343544185102401 1.4397892833413403757 0.68438428795952632733 4.3521557131221673131 4.4624904665948292859 4.574143154948242973 4.82654e-09 6.1103e-06
10743326.488706370816 5566 1.6415246498824833665 0.14702372551406925338 0.030709764451380516803 5.1866159010140782115 5.0572504247680933886 3.9692593762263324031 4.0837175799125162712 4.2026317705933653457 1.33774e-09 3.98389e-06
10743326.488706370816 5503 2.0938234685261978285 0.42915908250355261355 0.61222322809072382555 2.4247050665205986952 2.7010842990888188631 5.4243309992556651977 5.7197581060164353062 5.9489663012290758815 2.63499e-09 4.99394e-06
10743326.488706370816 5424 3.0352258114083991991 0.03468217872061502699 0.30828249798620366295 5.8349868485015283781 5.2250836061633911811 0.21224466344249948158 0.20505838992454328285 0.19799625462870240611 1.80053e-09 4.39863e-06
10743326.488706370816 172 1.5159785402109953178 0.07681531538206763654 0.14977506836106893595 1.9611862813708709208 0.10580872539300983926 6.019137556975564074 6.0384958322389739038 6.0571047311640073829 2.7327e-09 5.05492e-06
10743326.488706370816 5929 3.1842517741137501552 0.084146713332516484551 0.16232595626757051477 3.9348758812079567271 1.1402940290194487627 0.88417476515666726389 0.82069865231715477538 0.75913504149273713928 3.18574e-09 5.32011e-06
10743326.488706370816 1642 1.6935099890708735781 0.091293575731552584207 0.079651885104952635519 3.9175797388504669527 1.0857802318792828533 5.4364158434568983225 5.5029109570316423472 5.5671336533614566022 3.02571e-08 1.12666e-05
10743326.488706370816 1144 1.0159114358337271167 0.045256939261558139231 0.024873311449035300641 2.6628821646313656224 2.6238105896014647378 0.32295001362151032342 0.30888193658940127362 0.29512411322824816384 1.14633e-08 8.15242e-06
10743326.488706370816 5069 2.7408315724940499614 0.072311968784045652092 0.057680164034474248891 1.850517494553576503 2.5747068109897468524 0.67658580058754158593 0.63250120911939555768 0.58975297938802817566 1.18876e-09 3.83014e-06
10743326.488706370816 6398 2.4185117662289812301 0.48031173786917830126 0.33230262006555244536 0.36093720581014016036 2.8902054592330674865 3.890760777198814413 4.313245808034182005 4.7558023152633852604 2.41801e-09 4.85292e-06
10743326.488706370816 1810 1.5786007007676645664 0.094171565017081626525 0.038202542774142096704 5.5824721496484563943 5.5454593680274353318 5.8393638804396967856 5.8782291289654349242 5.9153306993193499608 7.36354e-09 7.03416e-06
10743326.488706370816 5072 3.1116488930102716992 0.056863513128274131847 0.20876219684267771637 2.9126057289548259455 0.7825178311946825449 1.3933969038297728815 1.3376747906699888446 1.2823494348671353738 2.73643e-09 5.05722e-06
10743326.488706370816 4722 1.4731527612015558049 0.19665074047886713093 0.10247122669534212969 5.2887872602660177535 0.064437572027454079193 4.3509577901294047564 4.542885241020089282 4.7367177018799608845 1.70563e-09 4.31995e-06
10743326.488706370816 6175 1.5575622590228399567 0.12625858134974232705 0.078791874994797991838 1.5653458750359514617 2.8611945821777760024 2.898222259847965887 2.8656754362589289542 2.8312788645160202883 3.23411e-09 5.3469e-06
10743326.488706370816 6799 1.7628585738354147772 0.26164387610478712087 0.17933492593760014255 1.7928038992541712737 5.7824928536076809493 4.6698609964210113787 4.9358374603159500538 5.1909766309524272287 2.97873e-09 5.20228e-06
10743326.488706370816 5182 1.8504772112954950281 0.12281417794309960889 0.073493186251995093472 5.774514691945427991 0.39834799743238435976 3.5426073361542784745 3.5936145748926966448 3.6472579996181995199 9.37786e-09 7.62462e-06
10743326.488706370816 5372 1.7367844673890067142 0.38170814279934645041 0.0061867813591355829556 3.9260550391884390109 2.0446744580812934444 2.6177052994341156733 2.3792220754197077603 2.1156000079462775609 3.11368e-09 5.27969e-06
10743326.488706370816 5855 1.8296987237697650563 0.080901957296076548731 0.051265338550674034723 3.584922979882034344 2.5743811714066731078 2.862381618843261144 2.8391446167009268819 2.815047320065930947 1.62587e-08 9.15964e-06
10743326.488706370816 6156 1.8034455980263932595 0.044018913892893293816 0.1305625675730976154 5.6561445264398955146 1.8332354029081487923 1.0260603921565247809 0.98882358686231286438 0.95205107034773450714 2.69058e-09 5.02881e-06
10743326.488706370816 5095 2.0469173961088507063 0.1365609403385508458 0.081955994225934691855 3.9050422026953177657 0.71219707147530508795 5.4738933703676178055 5.5686418671554438475 5.658126510002817966 4.6491e-09 6.03448e-06
10743326.488706370816 6507 1.868617661961347487 0.26024153234180924521 0.11262684654882924862 4.8493384150022729173 6.172759517047723854 3.6443251244551535528 3.7884090191261936553 3.9452432931749386036 1.72019e-09 4.33221e-06
10743326.488706370816 6653 1.7520158997341945817 0.16107761899910155723 0.056369811471299338668 4.5943751823417331437 1.2943204024920620387 1.0165959941387294752 0.88456142916746360871 0.75994579578926535479 2.19009e-09 4.69538e-06
10743326.488706370816 6463 2.3555046067736724602 0.23754431832289146787 0.3293343171473693265 3.1498048712421029549 2.7883812017541416139 2.0525749215703470441 1.8273415032701982863 1.5975714458454539635 2.40859e-09 4.8466e-06
10743326.488706370816 6633 1.2481480475702246835 0.15976099884620106883 0.090321715033846824983 4.5610277425106211524 2.0868178592051953579 5.1000915242412681039 5.2443094664977216723 5.3819970246665693736 3.02269e-09 5.22775e-06
10743326.488706370816 6942 2.8427984600517781644 0.2096434282011661876 0.22298366379355516464 0.42733097275169401597 4.2130203385162250385 4.3443625719932343898 4.5492882374222709529 4.7561493898811457726 1.34834e-09 3.99439e-06
10743326.488706370816 193 0.91355353900027780334 0.086628405460935406501 0.29063173707385298039 1.2480194611958035367 0.84794622943487352185 0.30342304742033632259 0.27852324679194934154 0.25470597032205066768 2.99462e-09 5.21152e-06
10743326.488706370816 4502 1.6341565497329242351 0.19210285988892530917 0.037134060742824506751 0.087601047803136974923 0.51895268747555556299 5.2324552345810388942 5.3926483546930095159 5.5419909621276595146 4.58456e-09 6.00643e-06
10743326.488706370816 3593 1.6672379056315531631 0.10412244058897640597 0.063443670687990255663 2.6336503159855246814 2.5250989838684780864 1.9952392279258750474 1.8980833780811812161 1.7994879676854351747 4.05946e-08 1.24262e-05
10743326.488706370816 196 1.6139822750473478141 0.1932954896016594315 0.10751250206410488397 2.1922249387797032583 2.3472564735686396453 4.658688107883795837 4.8539454570337889905 5.0453075280704782202 5.83048e-09 6.50756e-06
10743326.488706370816 6147 1.6930643432211978094 0.19267715418552375239 0.15688449114351624147 1.4399898419554835183 5.3018566731100573719 2.729955697073057852 2.6445718808329163885 2.5527016994771796199 3.37103e-09 5.42131e-06
10743326.488706370816 5386 1.9293935292245136814 0.13500592485494117279 0.088485500319086515808 0.11672712883325456201 1.9576007766432983459 3.9318113488522334897 4.0329177986311144366 4.1379395997830306086 2.3788e-09 4.82654e-06
10743326.488706370816 5301 3.0340955913283713663 0.12666805016045118437 0.2151456837515296483 5.4992028531880920994 3.5740377772671689804 3.3003591359926227611 3.3218126805416847702 3.3445174270819211237 2.88595e-09 5.1477e-06
10743326.488706370816 6457 1.9733335478379303574 0.48565939933335772194 0.13540594545755058054 4.6255485232893702729 1.721392801492053648 4.1402784995174943816 4.6366807173312780677 5.1209489443731683878 7.63173e-09 7.11854e-06
10743326.488706370816 5100 1.7082525143974642834 0.24289045851820034727 0.086171858499882666993 4.2089621746402556823 1.9906728874402612739 4.6003506936075151401 4.847545685701520668 5.0882210386220982912 2.27428e-09 4.75479e-06
10743326.488706370816 6055 3.2426921463287929903 0.087485144832044697827 0.066012297139443662508 4.4446265244633629266 0.34482154587958113723 0.5694070317200603526 0.52384044678618801871 0.48007956558536746261 3.0525e-09 5.24488e-06
10743326.488706370816 5142 1.5269940009941063153 0.1112400462538948448 0.079628915416623438639 2.238909097108206403 5.3078101578314536013 5.9587108166416280497 5.992495743911881334 6.0243785791511665906 1.02472e-08 7.8533e-06
10743326.488706370816 5984 1.4896497313009688934 0.275717390276581098 0.14705440718762163854 4.7966448840437712064 0.11484204954441666613 4.2080069619182580709 4.470584150945816404 4.7382802000602763925 1.83318e-09 4.42505e-06
10743326.488706370816 6291 1.8305035656689541135 0.24544275140238100419 0.091081722424030509 6.0820833048662850118 4.9555370596734515942 2.5774379328725594007 2.4287470920906102378 2.2682302093623798456 2.82649e-09 5.1121e-06
10743326.488706370816 6390 3.2028141076149068134 0.1347314829728740726 0.27822698897803255225 4.2801971038637596223 1.8949907492539432852 0.27629207573685732324 0.24163073311967495083 0.20939133470571846818 2.74624e-09 5.06325e-06
10743326.488706370816 5954 1.4131649138197361903 0.13719841581852890156 0.17471923992669660675 2.0679432165543674138 2.8129358016446395219 2.9999789943750148069 2.9790986396012053561 2.9569026981061057313 1.68237e-09 4.30022e-06
10743326.488706370816 6542 2.0091523769444430414 0.11861991666737684015 0.069652672730230805187 2.7332019212368514616 5.2893884507478121648 2.0360057600354122265 1.9268062669974301837 1.8156244163320329754 2.35942e-09 4.8134e-06
10743326.488706370816 2329 0.96328456912236271048 0.13221474838028662857 0.052550032751162364941 3.4729132321825399998 2.5927760930301793074 2.7031335331634185337 2.643166789749290313 2.5799623872612009734 2.01911e-08 9.84548e-06
10743326.488706370816 6286 1.5831131298693124076 0.25850541025810980234 0.10248994890281802606 1.4920961034495008324 5.5160783803023356597 1.3243898184071747348 1.07852953100004334 0.85071807603988247592 2.66284e-09 5.01147e-06
10743326.488706370816 5405 3.1487515595438662075 0.060403179061871960231 0.18177879513393735422 5.8960418725242798033 6.157450493200163244 6.1516909865296494075 6.1593873440360216165 6.1668460485132738924 2.93677e-09 5.17774e-06
10743326.488706370816 5098 3.1854299189138526316 0.02820972531599045402 0.074468587216613493784 2.4455518108666778332 6.1593570790968996675 4.5546248854747419799 4.5825499039360471087 4.6105221807177034776 1.90652e-09 4.4833e-06
10743326.488706370816 6419 2.7250476126161840007 0.4418620968685774697 0.48804310751418733538 2.4704959030051063529 3.4977338852916930456 1.2428621038860814263 0.83824107602814967866 0.50973076766217750855 1.9765e-09 4.53749e-06
10743326.488706370816 5368 1.6014300415833242486 0.13229385820661096473 0.12181813386276069133 2.9759702957228584275 5.612851239833956285 2.408365199382556554 2.314883944106763014 2.2175545368897306986 2.65835e-09 5.00865e-06
10743326.488706370816 6721 2.4512364861580029363 0.24361702222287492936 0.46034201227043752835 1.8392661548932063287 3.5137939247822767008 2.6779750415726635282 2.5537695093144181513 2.4186714781437408384 1.66278e-09 4.28346e-06
10743326.488706370816 5510 1.7403085138851981384 0.2951004981891950929 0.16672652102827556497 2.8936326351007806146 2.3560249990814505772 4.0279464036627690149 4.2850281550355244775 4.5535881341094999186 3.25682e-09 5.35938e-06
10743326.488706370816 6261 1.6844718161623808417 0.061097417245257697183 0.18282038466069591709 2.6548067040869400834 3.6970928496624844151 5.0743319371493074144 5.1308966274714027378 5.1867211204564807048 2.48402e-09 4.89668e-06
10743326.488706370816 5274 2.0116341963264803283 0.2942296827199688547 0.14925479765940091736 4.4333149225366383916 1.5266765226178320436 5.7608881872980841621 5.8934846552714565959 6.0052659037139068943 5.75566e-09 6.4796e-06
10743326.488706370816 4188 1.4600139539356193907 0.029842641041196812934 0.062581987811867675897 4.3608168995524634326 4.4239041829792622451 0.31817758613560065406 0.30897023508601179076 0.29989575059598772011 5.10361e-09 6.22505e-06
10743326.488706370816 6695 1.7742987066135609275 0.049803299781629263576 0.044603298799685033027 4.245115306428746571 1.2477370191151901935 4.8389839271865024983 4.8882543484550753377 4.9372894573681440633 5.61749e-09 6.42733e-06
10743326.488706370816 6034 2.0222294493893420153 0.16241481765079635036 0.14500655828511058165 6.2054223430850630194 0.73972779866000160087 4.9008093096288956048 5.0586650299837643274 5.2114394125489935661 2.45369e-09 4.87667e-06
10743326.488706370816 6113 1.5058147770671401755 0.1515487593307145997 0.12084304462017542159 2.4645372211859322142 1.9747568814453100305 5.5259428623556452465 5.6250730911388417965 5.717764014030954911 1.07283e-08 7.97432e-06
10743326.488706370816 5971 1.1707086869355600722 0.29731972186989064078 0.088265186862804267953 2.1199186748066263242 2.6727884903035414865 2.8864150281361897754 2.7964400604698793629 2.6958448240245935779 5.17058e-09 6.25216e-06
10743326.488706370816 5748 1.9300276620935596927 0.015603914505353881984 0.083957895226799958421 3.4814060516318416916 0.22117740354568238281 2.9978542818275832893 2.9956015854673472276 2.9933316368013640485 2.75123e-09 5.06632e-06
10743326.488706370816 5053 2.9629922914687649715 0.1718431758825218203 0.28396381244006524414 0.92937016321098631089 5.2350418755174441543 3.7135887797232425278 3.8145774384502022514 3.9216912005171700173 1.90259e-09 4.48021e-06
10743326.488706370816 5116 2.7177677334003886855 0.12919885098555292102 0.081875405721942684512 1.0824768804504738551 5.5168497643269347464 6.0905378275714756597 6.1138900907782671723 6.1356585058435655355 2.56354e-09 4.94838e-06
10743326.488706370816 6595 3.0333649044920081295 0.017078437417307520269 0.27895661710263880417 0.48555349332479585955 5.255536902178904235 0.51408845723280616191 0.50575171176374578152 0.49747780346326320178 2.5233e-09 4.92235e-06
10743326.488706370816 5266 1.5719384314497866217 0.0917342222446334149 0.099782588508702682595 3.5392683859333615715 5.7325851218723853364 6.0123430833671571705 6.0358936348042586673 6.0583482389116456446 4.85139e-09 6.12076e-06
10743326.488706370816 5762 2.0101918556053455234 0.076763718258095789415 0.065297736394464109266 2.6204304513646619057 1.2743169025686142959 2.9228018747182016313 2.9054656636908458012 2.8875076476237127032 4.50081e-09 5.96963e-06
10743326.488706370816 6628 3.3207488863432841342 0.092407309052067301836 0.15430546808816586468 3.7997828033491440891 0.97552156424250202615 4.377757837056977408 4.4665189142220205198 4.5561471582606216657 2.5094e-09 4.9133e-06
10743326.488706370816 6808 1.6361795644809355998 0.21142024931225450457 0.21049127221131777588 4.1621169568998439559 6.1946239108556424569 1.5254893159163198657 1.3136963496356115488 1.1092251767603864554 2.07842e-09 4.61418e-06
10743326.488706370816 5481 2.0235815681742259642 0.12726853497110393598 0.17264205899290854807 1.4422889805464640389 0.061043324444332740242 2.6277944563932953415 2.5613118189707595462 2.4915357218019620333 2.0621e-09 4.60207e-06
10743326.488706370816 4662 1.2997030056313252366 0.30052390283177410346 0.067830391424432701086 3.1770097866493642869 0.58711427797420001617 5.2995339149687561431 5.5344505547789966116 5.7390209160829499524 5.28399e-09 6.29754e-06
10743326.488706370816 3089 1.414575851909437576 0.074379633413645562801 0.19729237489482293055 3.885544342473060464 0.63481112697490560404 1.7078655144296386315 1.6337378953345429444 1.5595055459918956142 1.46985e-09 4.11094e-06
10743326.488706370816 5878 3.2002895734382281745 0.04070028024428476443 0.10904513095547598012 5.5314802138191652148 5.710783366015697915 5.7598425240081709831 5.7798387860730766619 5.7994709609235526315 1.44428e-09 4.08696e-06
10743326.488706370816 3948 1.6227569794452592067 0.075910627372801950385 0.11529801696147030932 6.0542669080265971715 1.1035519913243516665 0.88445412490636698966 0.82704612924182729916 0.77118086758066239916 1.17788e-08 8.22655e-06
10743326.488706370816 3872 1.2742728680623229831 0.19514943211453583682 0.071998922016638988719 2.3961384370096077134 3.5276871096745519019 3.7439900824955172354 3.8653541232170942621 3.994583617872317749 4.66657e-09 6.04203e-06
10743326.488706370816 2498 1.4007355137454782223 0.10972444026393264604 0.13589205416143970706 1.4521790882494804986 1.2648224978288480358 3.3394810866564901275 3.3623511677401825004 3.3863775056301834709 3.65469e-09 5.5693e-06
10743326.488706370816 6200 1.7864526080064586644 0.17998585769571964765 0.14210757714969868282 0.52141472779545661176 2.5236347036938031607 4.1306339748033717996 4.2898686213765611086 4.4540262237188636973 2.64335e-09 4.99921e-06
10743326.488706370816 6297 2.7086464451724996394 0.11783594859143080302 0.24607169214461729889 0.16100372195001036446 3.0396376281710071332 4.1587565668218369197 4.2624746116058300771 4.36858403867089784 3.1612e-09 5.30641e-06
10743326.488706370816 5450 1.7266165433991114142 0.17291316249548369099 0.13270353134178042298 1.2030754393736158292 5.6068697854612778997 2.9656291988772345292 2.9322717096931234515 2.8963410956370396754 1.88249e-09 4.46438e-06
10743326.488706370816 1273 1.0173293024783673921 0.32620361353862969978 0.11261116067721084477 1.3576159090843555877 3.3855423135041169402 6.0679083299956886322 6.1294470174000883489 6.179399683385625508 3.64337e-09 5.56354e-06
10743326.488706370816 6450 2.7447185470650943273 0.15823166289563478371 0.11985432213654803602 4.7899535819281400251 0.16890212492607248329 5.976541350111290285 6.0212096040779226058 6.0621899193764585689 1.74846e-09 4.35581e-06
10743326.488706370816 6407 1.958439851239822227 0.18683262452975582524 0.08596417408275597305 3.6331332344920164168 2.3716221750626464981 5.6841787145137203652 5.7827001461209288635 5.8723520147381869094 5.15346e-09 6.24525e-06
10743326.488706370816 5576 1.7717500963296901606 0.20406571130529951863 0.18537959504006260025 1.0949989334197400837 2.7025412672683986059 3.3606015608058079636 3.4104133021299403161 3.4646120585758048982 3.16141e-09 5.30653e-06
10743326.488706370816 246 1.3406943692925750167 0.13390735940945500126 0.069118106964885142607 4.2935925017781571 2.2110386029791579965 3.5672246967950855812 3.626371574756632743 3.6887741135891856104 9.52298e-09 7.66375e-06
10743326.488706370816 5992 1.8246783948530034269 0.27875202129537263174 0.19522800102981868742 0.96530094681669253998 3.7414798427253623814 2.7744566950008877626 2.656891981221324528 2.5270092801706609542 5.52752e-09 6.39283e-06
10743326.488706370816 6196 3.1239305184397325732 0.20640330745797003109 0.064122988649671225359 0.4808775331382137419 2.9547593623325116852 0.64027280151598564562 0.52537239245465716664 0.42185386629992166485 1.25424e-09 3.89922e-06
10743326.488706370816 6421 1.6784370798735570585 0.036449946768641390549 0.014111992883868837781 3.6816617886120952541 1.1609792500597175824 2.3377140828766376224 2.3111246365515669687 2.2842155674639839091 6.6141e-08 1.4622e-05
10743326.488706370816 5394 1.6122504465346245706 0.22092027978139214262 0.16873588564575608961 0.984502815475187254 5.6830330944969853491 3.5937739831917285827 3.7023329710328320985 3.8198213118593558058 4.23442e-09 5.84945e-06
10743326.488706370816 4243 1.5418893997629172787 0.0051783665284012474553 0.07306762703191987951 6.1985517266657002011 3.6810892038875437926 1.82999966624007393 1.8249909386707920955 1.8199789730614988059 7.70334e-09 7.14074e-06
10743326.488706370816 5711 2.3048530511286640099 0.34142864451481136356 0.67989941855724056463 1.0422431558434912535 3.3103018686604621656 1.0005387802750977944 0.73157795070858977482 0.50348837044025673837 1.73005e-09 4.34047e-06
10743326.488706370816 5322 1.686609066404003654 0.21287464545609321998 0.13053192317193348937 1.9818765595760159393 5.2911613584281536049 3.2363489367468298852 3.2591685862204000657 3.284139893956917966 5.00791e-09 6.18589e-06
10743326.488706370816 5046 1.9919294824984850045 0.088943095172518998881 0.11848652876315987625 6.2721385024603968361 6.0530701861140503439 3.6532884544407950855 3.6986826799703731439 3.7457085364868119015 3.3008e-09 5.3834e-06
10743326.488706370816 5351 2.9948719352522106263 0.09133741629950081764 0.076256532745196725642 5.4037707583486644936 5.1299625591584057105 3.4083137912911141143 3.4335508460527872643 3.4598403211909665167 2.44807e-09 4.87295e-06
10743326.488706370816 6058 1.6474870352886545888 0.095861472583644691259 0.17211134081545531593 1.5834696227790354683 4.3017331944037389135 0.91867634942626608119 0.8445073071723973035 0.77283705181168693699 3.78849e-09 5.63645e-06
10743326.488706370816 6337 1.8317214216978303654 0.11888337491406170132 0.11700842130531273477 0.97422993315551797977 2.4963802168331303832 5.7575013962209231622 5.8144169755021257728 5.868127036969162269 2.57504e-09 4.95577e-06
10743326.488706370816 6131 1.5477027410878292368 0.035760724472728662449 0.10927525852494297809 0.37836071871872067884 1.5980112249201581243 2.3920672948390557799 2.3673739595557616866 2.3423715743832596026 1.45631e-08 8.82947e-06
10743326.488706370816 6660 1.9847627013982434008 0.18957838756004974368 0.10958869966662758422 1.2837127821429104024 1.2208123221041560225 3.7904779105601908995 3.9154633672961827173 4.0479613788920989492 1.90857e-09 4.4849e-06
10743326.488706370816 5775 3.0674523876759161034 0.054954417137138771021 0.089847881056057010696 5.6262966809437493509 5.7440896693165788278 1.4789765167200636942 1.4243635244271140028 1.3699972370921329468 3.02463e-09 5.22886e-06
10743326.488706370816 261 1.213120458824318737 0.10780859734884951084 0.09573991658935077087 2.7674954261041455617 1.0599510144305248627 3.1226993320063920478 3.1205399176417474294 3.1182704193644665835 2.34124e-09 4.801e-06
10743326.488706370816 5313 1.5565461311107802178 0.15467300550973764328 0.049740129783305699063 2.6837102859046422232 3.7267600638612834452 3.1784613263136494155 3.1846806837628243159 3.1913431768711513214 1.41091e-08 8.73674e-06
10743326.488706370816 5927 3.4846833383526392147 0.091686027040100370744 0.15641121201089747128 4.4328252545035873311 1.8518473498046759129 2.0169052484313900742 1.9323919102954405513 1.8466348931735814265 2.21586e-09 4.71373e-06
10743326.488706370816 6245 1.9815484342774374316 0.060826077463534335144 0.098800056312092002231 2.3313393682484147007 4.7646180462248679532 5.4849496623913429616 5.5276355746096452748 5.5693433419536964024 2.49438e-09 4.90348e-06
10743326.488706370816 5868 1.4428494965016007701 0.1501259953176155848 0.082273566763021929726 3.1897272846807154245 4.3156890042285080966 2.4844010525149506918 2.3863826640560197312 2.2834800641837138535 9.40389e-09 7.63167e-06
10743326.488706370816 266 1.3121245737571376466 0.15897872887705999378 0.16870130763436444465 3.949576839256443872 6.1109539384936635287 2.6292051303777168592 2.5449363210185214079 2.4556094046094854022 4.96117e-09 6.16659e-06
10743326.488706370816 6123 1.4031558743841350267 0.12585206278135230296 0.05972142794052563014 5.9359013399835172109 0.14958280067499798993 1.6715053274486211254 1.5451559115554882595 1.419345216024770151 1.87233e-08 9.60087e-06
10743326.488706370816 5407 1.5962674397593847875 0.084351983548046349792 0.19286055886942840565 4.1785434905859268895 5.4169413114374354024 1.9817876288543305741 1.9030326407926780874 1.8232934187636073986 5.11323e-09 6.22896e-06
10743326.488706370816 6026 1.7119519131000755507 0.16493562914548109966 0.037277970499072062005 0.52115329595705384147 0.40920248718391249998 1.9788870749342950539 1.8215827879187433957 1.6618067495945261225 1.19536e-08 8.26704e-06
10743326.488706370816 5968 1.4577013553944559998 0.23112825489900049036 0.089667330196483402416 6.2030880736928022401 1.0413533875167000353 3.3023560984910198535 3.344758789100183094 3.3913938499080842348 1.90606e-09 4.48293e-06
10743326.488706370816 6005 3.0191688434142012198 0.21187770382568729688 0.38936918746077109343 1.5424530818876216465 0.62446187208682157888 4.2589374606579992744 4.4603945834141338622 4.6655805692609515489 3.36675e-09 5.41902e-06
10743326.488706370816 5476 1.679790568592423039 0.21081688873143852869 0.047273530173930711218 4.983860996090537121 0.92744302826800395501 2.8527970073439887777 2.7851885535663085669 2.7116331556786774648 4.35596e-09 5.90488e-06
10743326.488706370816 5997 1.8017604466101830862 0.22406560951278367555 0.10072698604899611718 3.9967134165751416752 1.4942376117817557368 0.55398671078476446894 0.44520733232874870611 0.34871459536155618997 4.37918e-09 5.91536e-06
10743326.488706370816 6710 1.9214244388078824954 0.14872910725547069943 0.18314525993091357314 0.72808730141909461242 1.0626731629948935609 5.3500733185467446162 5.464993453025539516 5.5735524762935950704 2.35382e-09 4.80959e-06
10743326.488706370816 6685 2.1787228025318787772 0.55825116144128006379 0.33367762587738164504 0.23849251385246550416 4.8353094066388591088 4.5039544102556448024 5.1208606384371933018 5.6331838978183697009 5.95104e-09 6.55211e-06
10743326.488706370816 6827 3.1364737769169073189 0.051874603692026760582 0.11350733245312620567 2.4201167712403104382 5.0290869688791719483 3.0477638852766264499 3.0427714215634300565 3.0376534488591020455 3.04652e-09 5.24145e-06
10743326.488706370816 5420 3.481851652927380858 0.089529464543093476014 0.3186265075991911444 5.1934022760830300669 5.8654601308669649384 1.6886184927987784032 1.5991184278503318694 1.5096248685524336075 2.55489e-09 4.94281e-06
10743326.488706370816 6524 3.2268112764523273484 0.37619722262290189452 0.47946242369635883041 1.111030836124101695 3.7069307076008648494 3.3728976570538820035 3.4833269430675741773 3.6093987579626620743 3.2456e-09 5.35322e-06
10743326.488706370816 6036 1.6168796137353880216 0.10035702305432200876 0.12782258513469321737 5.2741194236263577722 6.0687445445873233751 0.37708608667279680526 0.3416987958099780287 0.3080703458284142493 2.34807e-09 4.80567e-06
10743326.488706370816 6312 1.4386443991164714618 0.13688162441867923746 0.12023145224130382669 6.0170964310810308717 3.1382498700302132733 3.9003823161814192844 3.9998958311417993627 4.1034788653263163383 4.34831e-09 5.90143e-06
10743326.488706370816 5195 2.7795455618185687108 0.10363383999976151506 0.070367283071771216663 1.4272181629537072922 2.5210434515941053668 4.7073256107192236186 4.8111717989880986579 4.91430041816887897 2.26107e-09 4.74557e-06
10743326.488706370816 6686 3.396240834441440537 0.39138150173326846648 0.46396687896678545648 5.2358064938915536146 3.3756411668612074095 2.33787060152579107 1.9993085704386455159 1.643313848447836234 2.71129e-09 5.04168e-06
10743326.488706370816 6056 1.8272962982079850036 0.11109551418721984317 0.094759397355323904399 0.92921593122640988582 1.9165219929776773355 5.2938213521421548791 5.3841227789192807052 5.4710821064923020884 3.00235e-09 5.216e-06
10743326.488706370816 6170 1.8856907731753611568 0.081525455029376650562 0.15958897254892673301 0.6972355299943741036 3.8608354417761483468 2.9614237660711597577 2.9461782726861112103 2.9303482267781517656 6.44558e-10 3.12323e-06
10743326.488706370816 6886 2.7850279022967665554 0.33733187499585937097 0.58923015565075265165 5.0102314991321676985 1.199174648303858115 4.3368140460257151858 4.67874486110742005 5.015885836622835825 2.88448e-09 5.14682e-06
10743326.488706370816 6185 1.8321621347225425236 0.13644998210561073981 0.020651242312683525115 4.2359130658957955262 2.0734660091216650102 1.9977976932781948971 1.8695460989340548785 1.7391401401317934106 4.56223e-09 5.99666e-06
10743326.488706370816 6037 3.0186003592983969845 0.13789776096634936975 0.21970871478341374994 3.2845196172981507843 2.1384544194511976301 3.7247517462504244889 3.8056905078347460503 3.8906836505076012322 1.83549e-09 4.42691e-06
10743326.488706370816 6149 2.0561985359175412036 0.24756392740066807123 0.11188231347965205131 1.9291602971074883754 5.727769979626057939 4.8528903322699150635 5.0963715681029855276 5.3259079030371410113 2.75102e-09 5.06619e-06
10743326.488706370816 5846 2.7926503372222999388 0.19505686184481213497 0.13841749400428060568 0.69363318518037575533 4.3200655251706638893 5.899253914427191603 5.9668267512754002979 6.0275104809603563538 2.37403e-09 4.82332e-06
10743326.488706370816 6333 1.6612117777321013801 0.20349266043157843153 0.14664541735282979329 3.3155588470047288041 4.4043592732927656641 3.6527973568247027458 3.7632028474766308079 3.8817057622682615836 1.94245e-09 4.51128e-06
10743326.488706370816 5488 1.5985594624247707607 0.056993536177236535367 0.11045479677213790315 2.2502452630004055045 1.2877458540842656731 2.4341273372951430787 2.3962397729399023127 2.3575849804134652032 3.37985e-09 5.42604e-06
10743326.488706370816 6244 3.2395158954035312426 0.058915633685639783035 0.35964539203949635882 5.2787914972572584915 4.1709835772536134613 4.5394880297630315624 4.5978552387816886693 4.6563848677187973379 3.08558e-09 5.26376e-06
10743326.488706370816 6192 3.2051881990149726498 0.14667057857064816351 0.37049122134522982641 1.0790794316275527098 0.21358525246141141229 3.0507352145767567819 3.0362949650700210569 3.0208794159804139845 2.79503e-09 5.09306e-06
10743326.488706370816 5172 1.5799158762484981633 0.20880178700863366581 0.15198431929871503154 3.3351157956241341829 1.4899326433578998774 3.4682118887425623655 3.5434406795188433392 3.6251071970715429416 2.19922e-09 4.7019e-06
10743326.488706370816 5144 2.3185088835408067531 0.45397285699695255623 0.23404881416141806727 3.5519411653757857472 2.0355180200242903865 3.5156424038399483045 3.7406116987261639473 3.9965763881472948782 2.44844e-09 4.87319e-06
10743326.488706370816 6164 1.9654906754547949443 0.062139537567809530194 0.020503125238041475936 1.7811311226051909085 4.2828905690010827811 3.1235445723981452026 3.1223860245743515485 3.1211926069064754863 5.09634e-09 6.22209e-06
10743326.488706370816 5361 1.7523064423087981734 0.18259048528639837405 0.12545495872822842731 2.1357258951701005856 5.0750294508937816573 3.4477744939369117105 3.5086000845658560365 3.5741178895802918625 3.09083e-09 5.26674e-06
10743326.488706370816 5650 1.9421298385120753238 0.074169899324118146455 0.12399106639965509769 1.9103400366661746901 3.0953648652186975809 4.0670715702326427632 4.1277452587285612395 4.18959618821907398 9.54988e-09 7.67095e-06
10743326.488706370816 5562 1.8122754780574907851 0.41968738656591236813 0.1759942064260932304 0.35761727467270182368 5.166901999952296265 1.8108871043466348016 1.3673335134140172098 0.9563031241732573573 2.04245e-09 4.58741e-06
10743326.488706370816 6631 0.96250679120486271056 0.15914240750185273954 0.042761985384856114611 5.8810474381116391029 2.0994432566395873074 2.3823016969915755681 2.265378464020162852 2.1431059740668283453 2.32153e-09 4.7875e-06
10743326.488706370816 3400 1.6062503516615613819 0.11661508440625699412 0.13229888606548081964 2.7845826401421778229 3.2990132226088819678 3.4047941501662690733 3.4370581426936821501 3.4710147293206286001 2.20416e-09 4.70541e-06
10743326.488706370816 5798 1.6523213307805966199 0.024584836592043243092 0.057384270059513221851 2.5266092819939500735 1.5006363672399569698 1.1947678516735420473 1.1720010665445637077 1.1493454150303854533 2.01067e-09 4.56349e-06
10743326.488706370816 5551 1.6772986593912397879 0.18360683340914329964 0.10167996390544246921 2.3524771605380760953 4.818891770402643715 6.0295675441828189278 6.072202494635978276 6.1106536249793421689 9.09521e-09 7.54723e-06
10743326.488706370816 2928 1.0754041880933904451 0.026924242103518149921 0.072338075414382224659 5.3761266716018987211 4.1238355289214290167 4.4303934696585169917 4.4563547675379737711 4.4824013305800551876 9.69793e-09 7.71039e-06
10743326.488706370816 6787 1.7248749695068805732 0.11813528566420504473 0.1252717754237175074 3.695405737717068817 0.62475206017805029468 0.16875883076709413677 0.14994705569318092508 0.13229932360752452714 5.13164e-09 6.23642e-06
10743326.488706370816 6227 1.4838148159162827255 0.12223787130229626929 0.067739110746975847444 6.1758910603812413598 4.600306474796413525 0.29351841832720898529 0.25999141644256368311 0.22856745099815617417 4.04266e-09 5.75978e-06
10743326.488706370816 6979 3.0992906936930828543 0.15523192578724601121 0.39066555637700961512 4.7079019923821041615 5.7714754475268810197 2.7688896391073201109 2.7075784656823689289 2.6423009271734438919 2.0418e-09 4.58692e-06
10743326.488706370816 4406 1.4692431490906874281 0.25753080160024555134 0.11954053490415957051 2.7770917736546865129 5.2513027329087558215 3.2563633405400276288 3.290844911978587195 3.3291394191007612768 4.822e-09 6.10838e-06
10743326.488706370816 5453 1.6048885797713512424 0.25347465083116471618 0.035815319992499705659 2.9953001505439531549 2.1520937957258232665 2.6985989011426201323 2.5737555304122383681 2.4374343639759645797 3.03837e-09 5.23677e-06
10743326.488706370816 5134 3.5376185506721786744 0.10643111104971285374 0.38127071253014793717 6.1746235096134913789 6.004722627169000404 3.4521998502030686318 3.4865647499556815525 3.5225566032346833367 2.31886e-09 4.78566e-06
10743326.488706370816 6550 1.7960954720511836946 0.19702954414849999099 0.12689031369108813574 1.6710513722308710793 5.823755654069740828 1.5344402650854658265 1.336952828493847667 1.1452858425290581845 2.018e-09 4.56903e-06
10743326.488706370816 4313 1.5800240019059157426 0.10802617088849310323 0.08767557763455668951 5.7037678113277259229 1.9346417031564924205 2.0711933186990783007 1.9736746864084766528 1.8742974911009080419 1.98502e-09 4.544e-06
10743326.488706370816 5577 1.7636470360899152432 0.20549230988454963986 0.077463819299245603722 1.7983337587148757741 3.6987156479205220982 2.4050559777699365149 2.2541904406903996438 2.0948447068208122523 6.01747e-09 6.5764e-06
10743326.488706370816 5417 1.840887987883070176 0.22581707541505960379 0.071120105832489052822 0.90079230160820522588 5.3141055092459632547 3.7713775862969352026 3.9195699014814424643 4.0780573530796964121 6.2485e-09 6.65951e-06
10743326.488706370816 5880 1.7291167458484204555 0.23955707820339086633 0.093624152373326635646 1.0789516986899243545 1.6925180175882958977 0.48178462405985028605 0.38018376295277550581 0.29128625914400102515 2.24295e-09 4.73286e-06
10743326.488706370816 5030 1.8361032791024405331 0.17582405265601841471 0.1321402883098440062 2.6009333723224927759 4.328880263409758733 1.8914524567888117978 1.718878642564988013 1.5449788373870552149 2.14686e-09 4.66428e-06
10743326.488706370816 6137 1.6591100050210096928 0.27181046280027848505 0.093946747509158462508 0.72180693912701721082 0.38509352972691562877 1.8428179503072719125 1.5674184440161746945 1.2956095319056244453 2.35406e-09 4.80975e-06
10743326.488706370816 3887 1.4499466466637340734 0.12299945850927399005 0.080410830445891243179 1.8641584194896745341 2.7357165623203116844 5.4554138713358977242 5.5426384947200499909 5.6256251979777749384 2.30943e-08 1.02964e-05
10743326.488706370816 3103 1.4670291421563641521 0.066071970850249100993 0.13414303816348535636 1.129606619862264516 3.2703346535682538132 2.1645093572332898546 2.1086654652275407251 2.0519227056263114051 2.18756e-08 1.0112e-05
10743326.488706370816 5607 1.9167892188719564128 0.12159367393239584043 0.11619085813668098006 4.792753787942711341 3.103516114189409425 2.8067751126256941241 2.7642247014172816044 2.7194204848551661868 1.18158e-08 8.23514e-06
10743326.488706370816 5029 1.9724232149528007074 0.21442492623836167942 0.13633106303081771182 1.9539828075371434846 4.2392626569398004222 2.7950168196952009936 2.7129974454290124442 2.6238838433099314074 1.87308e-09 4.45693e-06
10743326.488706370816 3807 1.5610334198973643272 0.036883886374810076481 0.07321830465852910419 3.2330423816559483718 2.8832776253906455821 0.38705276207735156424 0.37335994030227270812 0.35990669215918391632 2.20274e-09 4.7044e-06
10743326.488706370816 6604 1.8096465823595759836 0.096116602182021559919 0.13805619764918719561 2.08668667437789912 5.9721514950212553074 0.97016431396053204317 0.89283110694465295243 0.81797063715154250119 7.5209e-09 7.08391e-06
10743326.488706370816 5362 1.6338930979439620916 0.18998265387718774044 0.085439537949788368909 1.3336899443849463687 3.117462798980961125 5.8122290250106605214 5.8923339693386269644 5.9647127414811045298 1.49782e-09 4.13686e-06
10743326.488706370816 6068 1.7302446945149283497 0.071334510435192802213 0.029509174825970669459 1.209397598209579483 4.6714275448457938111 3.1910209727427893966 3.1946805056975011716 3.1984657230605497702 2.08722e-09 4.62068e-06
10743326.488706370816 5877 1.6243287523028731023 0.036598027760560543353 0.1479176757755641114 0.12352056378260241332 3.6081514910647594085 4.8301389212812768648 4.8664137096328206056 4.9025784761532067435 2.13222e-09 4.65366e-06
10743326.488706370816 5479 1.5749883070341050839 0.2682457659692586982 0.13169669469819395013 0.42858055154388297048 0.25971956043235233658 3.9748159342933115923 4.1965992150613180556 4.4299471360761257799 2.12255e-09 4.64661e-06
10743326.488706370816 5257 3.1579033366156679108 0.068533564332583479795 0.23314205837214066475 0.54082434766954479155 5.5585438328508516292 3.889402167078255701 3.9372570016140886473 3.986212492170907673 2.20895e-09 4.70882e-06
10743326.488706370816 6565 1.8169802169850421958 0.080741364081887243009 0.038546938667307059645 4.1396921745981245522 2.6751591488303207989 4.6208874979336433952 4.7016772609482835321 4.7824139929047273512 9.85083e-09 7.7507e-06
10743326.488706370816 3239 1.4158459394090945338 0.098529761854096953311 0.079640112521896538889 0.29268157681963030692 1.5556301690648224323 4.0283190717593173602 4.107291438969967956 4.1883269081685714497 6.46074e-09 6.73407e-06
10743326.488706370816 5595 1.4683576930104329517 0.099873356797015602759 0.030481470901721374744 2.1078959706668092267 3.3502396212282485877 5.3739276286200770016 5.4505353163588452503 5.5244133554586847268 2.78921e-09 5.08953e-06
10743326.488706370816 5226 1.0269622197085797044 0.1246762238687966623 0.21332067544871308185 2.1468268417730635989 0.13318526220034537788 1.3470969972005106818 1.2268673562249907683 1.1094925296751489974 3.2729e-09 5.36819e-06
10743326.488706370816 6709 1.5182342204797922847 0.25077793914099455463 0.13055881413180611683 3.7790547550019040202 2.9567707703816363818 4.7950757140687283453 5.0450990737132688224 5.2821245221040751261 2.29225e-09 4.76728e-06
10743326.488706370816 4581 1.364287351608223009 0.11210867128306202523 0.088072001380813294547 4.0293077950434801338 5.3753208570717196935 3.0693274129732106559 3.06072488665936282 3.0516687868337379896 2.62777e-09 4.98937e-06
10743326.488706370816 5923 2.9947021463408911579 0.10191065612905651772 0.12052612622075085935 4.4377581176846998545 0.78438833397662188762 3.5882821160580782305 3.6345442943648240686 3.6827712870511275511 2.22479e-09 4.72005e-06
10743326.488706370816 3796 1.8994133184945070081 0.037974328332289156163 0.14641535255996498965 6.1832755823366420955 2.6491764773841972591 5.2164958691805978219 5.2494530435818296255 5.2820811353419907519 6.24365e-09 6.65778e-06
10743326.488706370816 1253 1.2999286100224844986 0.14661355077649368406 0.057103680420929225914 0.7374484920899694318 4.4621246405751122666 3.216183971524043006 3.2280406214672541232 3.2406992843430284523 5.22993e-09 6.27599e-06
10743326.488706370816 6311 1.7971238264149673736 0.078708323901707094583 0.097066608507935706052 2.6938049531098688938 1.4995410205127410741 1.0265139004485885899 0.960447305296339926 0.89594992473449264203 1.23412e-08 8.35543e-06
10743326.488706370816 5437 2.0199443117461157726 0.17415453186949472753 0.12947305542589357397 3.3464503918262180626 3.8432244858631876561 3.8646075170851439395 3.9887420087341558528 4.1192527144001198636 4.54448e-09 5.98887e-06
10743326.488706370816 5114 1.9228964714377669853 0.15567177186936970168 0.052741900970465070697 3.2309195006460975641 4.8729748849419873835 3.1653187046411259686 3.1693501023386065896 3.1736705987116002881 8.67957e-09 7.43047e-06
10743326.488706370816 1517 1.1749913006285006567 0.29547472407226260671 0.17913753200411255961 2.1599898003203632513 2.5653436702792649093 3.5427172493420053812 3.6795759044940337112 3.8309786789554300945 2.17631e-09 4.68551e-06
10743326.488706370816 5753 1.892321069635192865 0.21510453900907522407 0.11659929918023141659 4.465712697589058422 4.6961191264633654896 0.61303220617542797388 0.49816781351090932972 0.39538724243398221114 1.44813e-09 4.09059e-06
10743326.488706370816 5766 1.634581189894509512 0.34412381689962789899 0.095550510154402495955 1.4737909006490439445 5.3429129637251824292 2.8077323600241599344 2.6682061146036430976 2.5113190295030145549 9.36827e-09 7.62202e-06
10743326.488706370816 2957 1.4215293531102026758 0.26423490103726665623 0.052811804101559167712 3.6364435080745169948 2.7648515092119088088 1.0229497600980372862 0.80915839908683706572 0.61792984789545180035 2.55608e-09 4.94358e-06
10743326.488706370816 6197 1.7226440241778613327 0.14381939614622657464 0.055047600309170004185 5.413836747292179119 6.18157804276800249 1.4964887704563079041 1.3533313877835064787 1.2128992924531947217 8.02678e-09 7.23931e-06
10743326.488706370816 6991 1.4513795725706695183 0.2566379598458418676 0.10204097215971079382 1.2509019017813551855 0.037066215391917858857 4.7675659462626871488 5.0248860189485222705 5.2690947094477067481 2.18061e-09 4.6886e-06
10743326.488706370816 6154 3.1836609596907066155 0.03618763722838547886 0.25521528712107383052 5.4685072295123884345 5.5328183898159810639 0.016459478569805244264 0.015874271387858580884 0.015299843139586731533 2.04677e-09 4.59064e-06
10743326.488706370816 6209 1.3769170338390828157 0.27173175264052629174 0.10514865071386975126 2.1790431930141322958 4.9373166534068833045 0.71913929049678160244 0.55429440180835953811 0.41127016526199167146 2.89646e-09 5.15394e-06
10743326.488706370816 6392 2.9753368911132018759 0.16633590346897794698 0.083869489859832807577 3.2024165907914827756 6.2498013529987810344 0.028919384681895317357 0.024450143253208409672 0.020383611782027799553 2.75286e-09 5.06732e-06
10743326.488706370816 6347 1.4978323832522852932 0.14727629236578201888 0.049975530270162618618 3.458948152594398362 0.94532334478436630398 1.3991848071227737105 1.2553467030215796907 1.1153374674067650929 1.27077e-08 8.43734e-06
10743326.488706370816 6735 2.047154516806865221 0.11983778419905331825 0.11154195889789988994 1.2655617187335213014 0.42718412879288109041 2.0197379543528586332 1.9085956293020156505 1.7955303233378632211 2.32036e-09 4.78669e-06
10743326.488706370816 5485 1.5770162967390597419 0.31725006278902112555 0.11615206071964150059 4.3816143865078789332 2.4690742219679497893 3.8297090997422604808 4.0651933837708256192 4.3182884576190438963 1.60307e-09 4.23156e-06
10743326.488706370816 6816 3.087650343665712338 0.14166914201928373918 0.18412580832231145722 1.2775392467999697743 4.513953263731936616 1.8095545051937027559 1.6690687437367284218 1.5280831339504696853 1.76213e-09 4.36713e-06
10743326.488706370816 6572 2.9966088751082207153 0.18893504624097604006 0.21428612865206073113 6.2219497669361754077 0.057715240086552911658 2.6577696648803548207 2.560986990460153212 2.457350364367613782 1.66053e-09 4.28153e-06
10743326.488706370816 6740 1.806299233599047982 0.14085993885908998369 0.019199133516733538074 2.4729368942171725543 2.5171491344010248348 3.5072272816020233499 3.5614124268056661649 3.6188263580142332465 8.24013e-09 7.30289e-06
10743326.488706370816 6480 1.5473791317771723453 0.037052442780222162588 0.050688486615378003375 4.8894326038391655587 5.4256504960687399475 2.5517489151541168368 2.530810390083425343 2.5095605004819447892 5.51174e-09 6.38675e-06
10743326.488706370816 5642 2.8367094433536221842 0.22330026067542987911 0.11485856702106582439 0.097854425370330927469 4.6198383000817164756 4.9847381180726175742 5.1953460521081478163 5.3931064643911197365 2.80041e-09 5.09633e-06
10743326.488706370816 5478 1.8960431646710391718 0.17627912560472155934 0.13172129951493313782 5.2685335145141021229 1.9478797633542235257 2.7977271576566296041 2.7323859182075058705 2.6622476830084602639 2.28234e-09 4.7604e-06
10743326.488706370816 1447 1.2201554869023947258 0.039995477954648868402 0.10848168263098291464 2.2097609686075787572 0.4857735085727241664 1.3177813353629885817 1.2792415309209408392 1.2409339373223717828 2.94046e-09 5.1799e-06
10743326.488706370816 6815 1.6794351993274925228 0.2505396693823087606 0.14805895494590456951 1.4247682942759523073 0.79751238826067261112 4.1206151561735193667 4.3470999980353131065 4.5811092028683688682 3.57143e-09 5.52668e-06
10743326.488706370816 6044 1.0282577863682833552 0.10819844528900254832 0.19273187107153294528 0.89736521043253003604 0.32963071694919005017 3.5536355122117493366 3.599360357890249773 3.6471783089635216868 2.72625e-09 5.05094e-06
10743326.488706370816 6667 1.7135768433083451434 0.32544050236396121489 0.22994480454329427332 2.0992687624140993208 2.3029313933272526072 3.2438192400047092256 3.284768415518384721 3.3312045757026766957 1.85586e-09 4.44323e-06
10743326.488706370816 6040 1.9076513594084196779 0.11570539621680409059 0.16801072884758128101 1.3626397125377358588 4.845952771315341856 1.1380915191441103307 1.0352912789654467041 0.93578336251382443489 4.48499e-09 5.96262e-06
10743326.488706370816 5950 1.7974750209651593202 0.17994822688388700804 0.084744627741705214063 2.3044381801860263081 4.6541922507189443792 2.3709319825517223279 2.2359539502203640282 2.0943671740901033118 6.81029e-09 6.85339e-06
10743326.488706370816 5158 1.6837979393413458062 0.16760971879932973216 0.10116882579892429173 3.4792287036402096412 2.9995388705714254307 1.9678387558813550395 1.8072602600418083973 1.6443147119609746731 5.85576e-09 6.51695e-06
10743326.488706370816 5252 3.1632805896531070999 0.12844899253030295228 0.2122788187227940826 5.4944009726372033953 5.5464766954402175969 4.18989452271999685 4.3052572887776987542 4.4232069098631985327 2.42859e-09 4.85999e-06
10743326.488706370816 6104 3.3369398268409473651 0.035593128957425279602 0.16807301012491937531 0.89265985910158718308 2.7646824952306494616 4.0257275881361422876 4.0535753649308956525 4.0817195306775158059 1.75259e-09 4.35923e-06
10743326.488706370816 6866 2.9653080936288418457 0.48988052229171985541 0.3037900947894625614 5.5531524699869301287 5.8116555597557555402 2.4504949723310680554 2.0385160810187765712 1.6012493825376390433 2.29084e-09 4.7663e-06
10743326.488706370816 1284 1.5713655306664773281 0.02723804402860671367 0.16766296957833179415 3.1826192856736139625 1.2610197987952447285 2.1435566294367704998 2.1204920524029193807 2.0972666210628512218 3.64405e-09 5.56389e-06
10743326.488706370816 6952 3.1938361952585720971 0.12578222839507932629 0.074553222667323310047 3.9678540073505312868 3.2642233988086069019 6.2193117281824781273 6.2268945794200440957 6.233971213988590776 2.57429e-09 4.95529e-06
10743326.488706370816 6649 1.7115328538990990381 0.18888435739072079178 0.22042020466006406743 0.93724619016248378323 4.4672366285111113626 5.5596332665142860208 5.6772723233910777907 5.7848443770147817133 1.58536e-09 4.21592e-06
10743326.488706370816 5517 1.8924895833065222828 0.21527962720656798612 0.1413710419351120462 0.82511169332491951511 4.6488187134555536417 2.1646934761286318327 1.9730318252734140305 1.7749340635671977395 2.41819e-09 4.85304e-06
10743326.488706370816 6425 1.3871046008069984889 0.11715566232291917126 0.086216117191973376532 5.4476442721999553953 4.3075472093968052434 3.1023803196662904647 3.0974841115894533594 3.092318221612078144 2.58684e-09 4.96333e-06
10743326.488706370816 6573 1.8010809523901836204 0.20306743895704051917 0.23235589270800760531 2.326480618671891154 2.5875442799763557211 2.7951171688664739889 2.7180275369902928695 2.6345641546487366114 2.46875e-09 4.88663e-06
10743326.488706370816 5342 2.020638033557598856 0.25247560810472358117 0.094736309094004572673 5.4741646308559452905 1.1111616956647121235 0.091926928203301228049 0.071038550105871109408 0.053118130341268471328 2.15151e-09 4.66765e-06
10743326.488706370816 6180 3.0594300079751204358 0.13728277907530608837 0.1748844231670984295 4.8351448072954852364 0.63333827289958821716 3.14849772555801799 3.1495207269135558903 3.1506091034505385728 1.88472e-09 4.46614e-06
10743326.488706370816 377 1.2039840029424899726 0.15890186511442988548 0.097976195357634077165 0.72656354949544144084 1.0837800524913117073 0.13623894041510423158 0.11611421859422688119 0.09770488519742934197 1.8845e-09 4.46597e-06
10743326.488706370816 1442 0.5753121864634540561 0.060920312320957070717 0.035445588759248899957 2.0265391767890061914 4.2797077527222739946 3.6410130898116572773 3.6710168212869267457 3.701783798045816809 7.70371e-07 3.31449e-05
10743326.488706370816 6119 3.0944459849465002499 0.16120198368960911295 0.20527130454627653955 1.1531819274731769376 4.4229642274401683721 2.2864913898940151249 2.1573364699335693118 2.0230776840255479954 2.96829e-09 5.19619e-06
10743326.488706370816 6350 1.4650189449151396204 0.25507058058294124203 0.13623895005661637581 4.8324481027378700659 3.0711310890160121723 5.1237100879934907027 5.3487647761711851757 5.5539065260854467709 2.60101e-09 4.97238e-06
10743326.488706370816 5289 2.0548731336761170141 0.092691252534873036506 0.096937631249238404019 1.4279216846609181779 4.9088116884505250681 0.82055116862209431794 0.75470884196303222868 0.69120823405837539255 2.13423e-09 4.65511e-06
10743326.488706370816 6619 1.7964353125976886272 0.15006393259484709923 0.086874548228802556116 1.3684260465364819215 3.6403480797708671624 3.2797354538235219401 3.3021952808516004119 3.3261924706701018195 6.69672e-09 6.81508e-06
10743326.488706370816 6346 1.390333019246677182 0.15491890329786670022 0.11559272445588936185 3.5105345204198608045 3.791085078604120806 0.16306557152640488439 0.13957053863870941268 0.11801855508365902137 2.4605e-09 4.88118e-06
10743326.488706370816 4296 1.5757635340533022728 0.094049836421431040612 0.15129208930290075075 3.4829539424208610932 1.5032303800879591726 4.6228614490401565007 4.7170702146157204027 4.8111190205371423545 2.40121e-09 4.84165e-06
10743326.488706370816 5360 1.471540855427254213 0.1534597359968581376 0.016393636704281563249 5.3351878198376514462 1.9083681870758908428 1.0865379002250257212 0.95484363077965017652 0.82958620173054142821 8.05688e-09 7.24835e-06
10743326.488706370816 6823 1.80384681495423016 0.13588579134937048276 0.23555635997446630614 0.96353905213648194383 4.7245584242320886048 3.9016353884792267515 4.0005053907575174321 4.1033889728443524447 1.69817e-09 4.31364e-06
10743326.488706370816 6677 2.2797213410725807314 0.1193996747846131079 0.20445894951273821394 0.27693055366914198778 2.7513227578755916625 1.962020746577171737 1.8487775410084406058 1.733961454680819303 2.33048e-09 4.79364e-06
10743326.488706370816 1988 1.2550561269481410598 0.19997504968157561733 0.17843679983653740195 4.0149126630974691921 2.3456407739365765508 1.0075414952936201374 0.84582717286569641946 0.69614187332839083666 2.81385e-09 5.10447e-06
10743326.488706370816 6791 3.1262197192147018754 0.28014788748127261719 0.18825730133035120661 6.2480320137095910482 4.9067138788937327831 3.9137599880673064057 4.1350553960095366435 4.3697971756142663935 2.20531e-09 4.70623e-06
10743326.488706370816 6266 2.9602096381714502193 0.20032536422120872377 0.14170573194330635114 0.98688058658216482044 5.0005491606600456223 6.1613752047165455394 6.183720445896958573 6.2036129422939589872 2.89198e-09 5.15128e-06
10743326.488706370816 6065 1.9774815749167569123 0.20995867116453484358 0.12194558460844424908 2.4455416907916256442 1.6902696132767800474 4.4343313450303112333 4.6438592550135213699 4.853325102199623764 1.59227e-09 4.22204e-06
10743326.488706370816 6969 1.5640038799991975438 0.044992392540240067067 0.10588973893121597647 3.396387772467279742 3.9004656797222900799 4.5554306410469784794 4.6000420492223756952 4.6447507970628505447 2.41679e-08 1.04535e-05
10743326.488706370816 6004 1.1758834114312719521 0.14946833456312832999 0.16746690746971926167 1.012577585470215924 5.1970355569974753251 4.0055331187326483899 4.1255528851078100416 4.250014687573196781 2.14847e-09 4.66545e-06
10743326.488706370816 6778 2.9714551982924342077 0.084949491717188740925 0.075363624564477899037 4.1807257689750532137 0.56775052995268371347 6.1219677319753893485 6.1350777109565477474 6.1476134281255339076 2.33115e-09 4.7941e-06
10743326.488706370816 5681 1.741499276735862356 0.54750133904029507637 0.27763970835464441 1.4131000022088935353 5.4070381564642415739 3.1666640221010542433 3.1879512062724497667 3.2133234856702639348 1.72101e-09 4.33289e-06
10743326.488706370816 5931 2.7292826852556895112 0.203092560289342694 0.56506107998957488814 2.7877375094157597069 4.9802404695542286106 1.9939511804067528988 1.7992075482619873661 1.6013898355361229076 2.66585e-09 5.01336e-06
10743326.488706370816 6985 2.832589474999261725 0.26563963668022227971 0.28103473003481782566 5.7654658452803140278 5.9379489010324109088 4.6977275455004123828 4.9670940351087935483 5.2241635134381336769 3.31546e-09 5.39136e-06
10743326.488706370816 5788 1.4115698199570201332 0.1280655387019959679 0.13096119128362274098 1.2113359655639217571 2.867331658521018678 4.7778206188504563912 4.9054297648687210653 5.0311165395697159397 1.43499e-08 8.78617e-06
10743326.488706370816 6138 1.5816766617408697382 0.15568597228925520892 0.15194608455735661434 5.254291789243227484 0.50841260789419162602 2.5346298459704126316 2.4392153571786430177 2.3386369068093735279 9.57307e-09 7.67716e-06
10743326.488706370816 6726 1.4976086002639779071 0.23511558681970309848 0.10347854518048182904 1.2539614925747173402 5.0154596021142179296 3.1850975407276300722 3.1968705923525577717 3.2098606794760700112 2.92983e-09 5.17366e-06
10743326.488706370816 5559 2.1143679395773378182 0.1688521676542807104 0.023000473317317679522 0.060900270116257468334 0.71977754509487468226 4.6748247824703064168 4.8449112457618088712 5.0122828784841928496 5.44342e-09 6.36025e-06
10743326.488706370816 6737 1.828412733112962707 0.28739605543981849856 0.1489460528800948258 0.14656034309442392272 5.090314340798229864 3.0727246539218504573 3.0490565769074708946 3.0225000116948819162 2.16814e-09 4.67964e-06
10743326.488706370816 5663 3.1803987583301935871 0.17555997692294675327 0.29706247465256724327 4.0944159296616788879 1.3068272011973640634 5.244054838060693946 5.3897606748111224206 5.5265609925183278861 2.69499e-09 5.03156e-06
10743326.488706370816 5227 1.8044177778908865317 0.12523829857035831403 0.16590852674236250541 0.059768921539742440874 4.4188319115040393115 4.410537693493609801 4.5327204301075507686 4.6559427650365314832 5.94474e-09 6.54979e-06
10743326.488706370816 6118 1.8587462457235723878 0.21875259808383140658 0.04723428807690138731 3.7863315379689908013 3.8218407611643803179 1.2175028250908261906 1.0180734240789368616 0.83189349539647217124 5.68798e-09 6.45411e-06
10743326.488706370816 6356 1.5564596435664046492 0.098267108766757191307 0.06084488235398250594 0.92995548789696846903 5.1939232686457152965 2.5455887034116742029 2.4879599503886096201 2.4282062428494293194 5.8318e-09 6.50805e-06
10743326.488706370816 6884 1.5012633300262880898 0.18222839572027729749 0.054437715359292419837 0.9378698886085814479 1.9220040123857533576 4.916212003479321524 5.0924315085014510984 5.2616577004809146345 2.95837e-09 5.1904e-06
10743326.488706370816 5138 1.6431603197845969788 0.17443480883545198212 0.13781275302545029082 3.8077061002387528887 2.3395160951354325718 2.0363047354039371939 1.8731381759545364663 1.7066154149564785047 2.37553e-09 4.82433e-06
10743326.488706370816 5736 1.9580738444745160454 0.081243987230799591392 0.10070421148130931366 4.4729886255858168909 4.2062746060498117373 5.2256024020318596612 5.2950804864422238438 5.3629179656136294341 1.87923e-09 4.4618e-06
10743326.488706370816 6132 1.8066103944745255383 0.29688332717938625827 0.18870570142560227911 1.6187730179192127977 3.2059726294304438099 5.9605969088079193696 6.0447139641659175524 6.1148430034910488118 6.69157e-09 6.81333e-06
10743326.488706370816 6509 1.2551439419235090877 0.35406071982350356686 0.078457559333338117158 1.0208057724281143219 1.4483855596307750879 2.8631514067845289517 2.7412605825356584077 2.603274559353616624 2.65616e-09 5.00727e-06
10743326.488706370816 5256 1.8385728332866735357 0.27788156683459164231 0.029049018482762468257 2.9921772926219971644 3.2736770812212738768 3.5747626685500759613 3.7111009503546328325 3.860939698085119165 4.61883e-09 6.02135e-06
10743326.488706370816 5698 1.8761858053465483298 0.20730151169762317531 0.073811184200661197896 3.8460739653081947864 3.8730084324925693195 3.1601836581132878301 3.1645356518222382824 3.1692913527945045793 4.80918e-09 6.10296e-06
10743326.488706370816 6504 1.5043340806254006381 0.21622105142315137249 0.13489254698089814255 0.50106453833165787159 5.7757535823690169252 1.5268147520605850342 1.3101157300813721651 1.1011997531199344547 2.41361e-09 4.84997e-06
10743326.488706370816 6076 1.7115791802858015824 0.041963448669800819391 0.09319078006338089859 5.0819072572133698884 1.9275475456017456821 1.9966803258269618659 1.9581188060727658939 1.919263854180162765 2.07184e-09 4.6093e-06
10743326.488706370816 5828 1.6849802193374172621 0.30451577752084874051 0.093348493398025381151 4.1312461921135383847 2.881835506990494622 3.8995754266157591772 4.1402306285925982721 4.3962474874255059731 2.18531e-09 4.69196e-06
10743326.488706370816 5964 2.1251438759082770247 0.22494514292430053959 0.11747868357302339304 2.3486808718597704804 1.4420934450972899832 4.6410775649383149144 4.8692288199720152875 5.0914129466447688444 2.1711e-09 4.68177e-06
10743326.488706370816 5425 1.9383973405482104457 0.084720862851984657382 0.1030906511039244855 1.955875321667093214 0.46062389655683705358 0.80470484049059054499 0.74530840176888801807 0.68785084130585705253 3.49187e-09 5.48533e-06
10743326.488706370816 6143 1.759993716516864648 0.053646153402099612528 0.085242368600237039544 1.4527579610253771314 5.3589036147997637372 4.9289753225961199234 4.9810933720289076732 5.0328144689903275832 2.16561e-09 4.67782e-06
10743326.488706370816 6182 2.0254296280028074584 0.060663742149713602292 0.13373656031229375074 1.0558234556568348861 3.9436733382600666076 5.8860337465161824966 5.908879077733456775 5.9310593726384173152 2.64006e-09 4.99714e-06
10743326.488706370816 421 1.4833084158547942266 0.35348765881854021798 0.15020110609037901073 5.3568249422658711367 0.45837301004545361049 3.4059709854917126215 3.5217212137232341007 3.6528792236065488197 2.69558e-09 5.03193e-06
10743326.488706370816 6415 1.6340143229819070747 0.1628892508717843246 0.10866117703333000311 5.7283448688119724679 5.3854446678117584568 2.8397708110839414708 2.7868968826251889759 2.730324616712684449 2.43409e-09 4.86365e-06
10743326.488706370816 6920 2.307313025611757773 0.20108580267939937802 0.27121355190199541996 5.5762470077225501086 6.1130565505700333873 3.5308328247290083901 3.6158753693916603211 3.7077113467617368592 4.48089e-09 5.96081e-06
10743326.488706370816 5689 1.8375124596145462341 0.13681071261562741115 0.22300861463439711208 3.2888770913479601354 5.6337783138248687109 2.6905197314923752216 2.626668841615267258 2.5592938694814209022 3.02594e-09 5.22962e-06
10743326.488706370816 6098 0.92532191194410795543 0.06544062503079443871 0.13095486231898764706 2.6978518544517813282 5.0385931267726435934 3.2379501863379354099 3.2444652775416620294 3.2511854586714075133 9.90655e-09 7.76529e-06
10743326.488706370816 5578 2.881593244318939373 0.061495674022193212716 0.18516554829810413785 4.5476082183301684836 0.041213609849965589238 2.1623320635745506557 2.1103565381740998497 2.0575972649421343519 3.04211e-09 5.23892e-06
10743326.488706370816 2992 1.2299754682629144842 0.12625777449702341171 0.098315928199971286405 4.9760040629208344143 2.5250157506646182526 3.0848691252689590669 3.0771969591832926127 3.0690721201926458583 2.07761e-08 9.93967e-06
10743326.488706370816 5643 3.2568530204338723699 0.032588598810632578295 0.065230912268189084058 5.1456585062010118392 0.90282580303492698803 2.2425956334765291267 2.2168216177362300989 2.1908001774261216532 2.47115e-09 4.88821e-06
10743326.488706370816 6683 1.4243378762826239825 0.13016612757323314797 0.1467700423176584168 1.1617844886107067115 4.9993419378132255559 1.9997324470667767748 1.8776823390668229141 1.7535977161756346465 2.07491e-09 4.61158e-06
10743326.488706370816 5234 3.1344029989868138486 0.19259315873174512324 0.092853781977913829593 4.967668461729817686 1.9827066657394039062 3.7732815909088053274 3.897696176092915632 4.0298327852353574841 2.35138e-09 4.80793e-06
10743326.488706370816 6292 3.3292000225910989286 0.028161229233861561488 0.23158473538724652641 2.7564021726408038937 3.3237889718748179213 0.45002559308145329009 0.43792692549037648408 0.42598479200958616619 1.7586e-09 4.36421e-06
10743326.488706370816 6557 1.9861899324230223307 0.11155479927966753528 0.097026524135267730453 1.1490723964276174929 3.051663409126081028 0.23969369483754757177 0.21449796100885393235 0.19075274989002732884 1.93092e-09 4.50234e-06
10743326.488706370816 6401 1.4372346020788069332 0.15547737250779125606 0.1248879830940093083 3.3400504485088524653 6.0248601640036785199 3.9652711358461436575 4.0863288409331524065 4.2123187448829515489 1.93159e-09 4.50286e-06
10743326.488706370816 5864 1.942120449551941519 0.16107098028212296636 0.16876168143896699836 2.6808605213853620164 3.6144029860966662149 3.6708549341606047101 3.7588156912915202668 3.8520391956939388223 2.76427e-09 5.07431e-06
10743326.488706370816 6243 1.3270957908860303576 0.23043759036300615062 0.08615846331396929958 4.1486515952987756961 5.0676203070201832901 5.458489413503357035 5.6170850779003016484 5.7594781217593657985 4.28475e-08 1.2652e-05
10743326.488706370816 1707 1.203425672021772197 0.18454936081830541905 0.1220547144435937259 0.94943029682123158963 3.483718603171802819 4.2654438303948474243 4.4398988714162515024 4.6176390471062287446 4.20296e-09 5.83493e-06
10743326.488706370816 6135 1.4755738759564489548 0.10772055178319012159 0.05063596413621129777 5.3204230054390366789 5.9216290867927865449 4.0024504819039803394 4.0873233407011957397 4.1746765981495226328 2.38172e-09 4.82852e-06
10743326.488706370816 6402 2.9718545554642030737 0.17260956426215559589 0.20752797284609283968 1.2659873892629898151 1.8115089764175962284 2.203600943135662682 2.0560261730283073689 1.903341315773582787 2.16272e-09 4.67574e-06
10743326.488706370816 5641 1.9522447837933611936 0.24030965556741434863 0.10585419325100739463 1.8550223505484830788 4.4826013651292893059 0.70968596977809395021 0.56448352435741355748 0.43592277652265681853 1.66045e-09 4.28147e-06
10743326.488706370816 5886 1.0635218775537205183 0.18507673178813235926 0.11617600248183292122 5.449628104528940753 3.3320077398038479011 1.9706781511003796936 1.7927038471468037528 1.612165308484570625 7.52132e-09 7.08405e-06
10743326.488706370816 5118 1.7734971736899027839 0.16746243068150379329 0.13377345316394731456 0.056883697086995595182 1.7215914368940716805 1.9468394571792497771 1.7853097640339281593 1.6216855579505953244 3.95744e-09 5.71902e-06
10743326.488706370816 6395 1.6064830518205166499 0.15751746751519946077 0.13602427930329608063 5.7092954180090842442 4.3278158200222112129 4.4602795447361813785 4.6165526794031759295 4.773347333204718268 2.27089e-09 4.75243e-06
10743326.488706370816 6129 2.021162284062849146 0.15721892779956100905 0.087909206676314466389 3.9012658885739819326 2.4920760391361151953 4.3828575627239851897 4.536179220486376451 4.6909636429553094317 7.14833e-09 6.96495e-06
10743326.488706370816 6850 1.720107585576062359 0.35264703236176925261 0.16803234440804568073 1.098740189208142759 2.2687999684640254294 0.38102040357604788356 0.26525809526231258761 0.17280873280962288918 4.53979e-09 5.98681e-06
10743326.488706370816 6099 3.1338178843990625033 0.21341248578537572178 0.24736026974490513131 0.35020147993332767511 1.7384517810109878511 4.1931334922824792244 4.3905406181247847996 4.5929948772616837616 2.8329e-09 5.11596e-06
10743326.488706370816 4427 1.6197784895112095072 0.26626944416146819394 0.12667189589725408316 0.065454231443055024831 4.828267724915168202 1.6325710493443101878 1.3613152185811263628 1.1008667037371295816 5.29375e-09 6.30141e-06
10743326.488706370816 5240 1.711984576799142177 0.11259364212470961142 0.14720577118730662769 1.3504266914500435703 4.6973206259915647465 3.1471350445984263011 3.1477985410876980765 3.148497280078589533 1.54708e-09 4.18172e-06
10743326.488706370816 5494 1.6788159362155772314 0.10359176708238114484 0.10485504604804589401 4.2019480366898225299 2.1188569321076378138 0.92591176626481186407 0.84545758248594460316 0.76794247931898407256 2.97785e-09 5.20177e-06
10743326.488706370816 5346 2.7458399483117874595 0.27741774334353436204 0.1618364414049648925 2.2255633660011024944 4.0078030807560249826 5.5099267562341793791 5.6889221363221675887 5.8442478865220248707 2.35234e-09 4.80858e-06
10743326.488706370816 5239 0.84952991795918231244 0.11433621797956572408 0.10859527611470874697 0.68202167905255550728 3.2422862108655259306 1.8958633157819919646 1.7852430588287173663 1.6735257939045069531 2.41405e-09 4.85026e-06
10743326.488706370816 4859 1.5551617116873641677 0.095398720449477530936 0.20375372121683782423 5.8402408208142286838 0.27328335221534466593 2.2371591819252385491 2.1597470908808227286 2.080420767588392561 4.26554e-09 5.86374e-06
10743326.488706370816 6997 2.8486627335417931128 0.219132918574239971 0.18377668600568308754 1.5558219774863299989 3.3742809328509748568 3.2303635536155872465 3.2524712363544976412 3.276718629298633001 2.77488e-09 5.0808e-06
10743326.488706370816 6793 1.3948954536652227176 0.04141571009496326089 0.069315085524768310643 2.6830302044130469596 0.41924796102556777244 4.2528600640521663223 4.2903352946839845572 4.3281167597991263563 2.0508e-09 4.59365e-06
10743326.488706370816 6702 1.7811852977229556405 0.2627524680541425961 0.013409097197773557977 1.7899155192899556255 4.8733120162483718474 2.8673943455049868412 2.7843230783427359576 2.6924339348817034612 3.70623e-09 5.59535e-06
10743326.488706370816 6411 1.6315893385961897089 0.15359274581953843986 0.013335788464779545909 0.66714584216484662527 4.2671728099716519367 2.6427623767654311315 2.5635072425561502563 2.4795808714950129392 1.36815e-08 8.64758e-06
10743326.488706370816 5401 1.7841297662175221728 0.10844379811774490507 0.11068809820404919286 5.1668257067295950691 2.9647941482514377221 2.4595885468852922706 2.3880373622902770769 2.3138362318523446604 1.17442e-08 8.21848e-06
10743326.488706370816 6117 2.0388129259098808355 0.20520360741367804636 0.173911773955601201 0.61181587882890953178 1.8873449133369959441 5.0813577243551462104 5.2672973377714153997 5.4417098827017120755 2.17631e-09 4.68551e-06
10743326.488706370816 6758 2.694755134522252682 0.48719435264197685775 0.74254052898252476123 1.3767458535192516056 1.6869981991636455732 2.4066430685952986401 1.9810202544381094736 1.5342476668697355713 3.169e-09 5.31077e-06
10743326.488706370816 5902 1.9245934947386240665 0.18334482861279008392 0.12470016307811082612 1.2296363245045149881 6.2336375941924888622 1.004672425170382466 0.85625574448488661616 0.7177580943274659564 6.63699e-09 6.79476e-06
10743326.488706370816 6272 1.8726053329901919398 0.063504272846363091221 0.17510408796940696297 2.56423756243670109 2.0834185945705354648 0.96691956475889917488 0.91553277990075054849 0.86518104474787704827 2.92426e-09 5.17038e-06
10743326.488706370816 5691 1.8276063936391937492 0.18891305230581265096 0.049698542871144682498 2.4168908959282289217 4.7415238320673784855 3.0874749855720575731 3.0760791154040734163 3.0637116043118011177 4.69105e-09 6.05257e-06
10743326.488706370816 6501 3.0310262971471400029 0.30113603921941056729 0.42672842623797696548 1.7016977172963847487 5.6359428502620465551 0.32421071455937333639 0.23857404872746820756 0.16741039161805840174 2.93548e-09 5.17698e-06
10743326.488706370816 6414 1.7783175728006752614 0.23397245209798023247 0.037382098562250373752 4.5691080212410675188 2.8736459808490586454 3.9431724279449884563 4.1284368022499045026 4.3236377342214735719 2.40884e-09 4.84677e-06
10743326.488706370816 6692 1.6290927436331370526 0.18112216136864628391 0.065874722900826257477 1.8792588706207384863 0.3325473160283159979 0.43447632071000408249 0.36351036528943458936 0.29911104127593091118 5.44616e-09 6.36131e-06
10743326.488706370816 6140 1.83164879001273051 0.16020355012434919773 0.086434189313390558107 4.9618688571455580316 2.4464022882338367637 3.6089055642708385285 3.6871386199693882979 3.7702658204868457759 1.67728e-09 4.29587e-06
10743326.488706370816 6655 1.6731460117180829705 0.076184957717023660262 0.1511938609129859501 0.9203722972613596065 4.2836982586509364523 5.2495647718262246073 5.3138376663884985263 5.3766534408468649175 4.63012e-09 6.02626e-06
10743326.488706370816 6121 1.4504396900242169099 0.020510242297040744142 0.13481272918390019289 1.9023102943755021421 5.3803614829046466639 0.57601374822730844194 0.5649363407931866643 0.55395593544979360168 1.90564e-09 4.4826e-06
10743326.488706370816 5251 1.5982919693949870776 0.24531413096545243158 0.071742682109392233447 1.1360732568834863709 3.5424461679153051996 3.3421309891803634429 3.3986393986699625636 3.4610044913057396165 2.36533e-09 4.81741e-06
10743326.488706370816 6394 1.1743719522439313163 0.10030612754505749407 0.072523592180280413433 3.6679311647905032956 1.4448212591856393061 3.3285928329848224472 3.3482590859148406714 3.3688417443389719885 1.34783e-09 3.99388e-06
10743326.488706370816 2182 1.6785242416012078337 0.30554405734545442286 0.11787213391513599869 5.94316189414489493 5.8301755344876697862 2.5408487562630797107 2.3383698437699385053 2.1185010383243687571 1.98345e-09 4.5428e-06
10743326.488706370816 5176 3.1024419971678502961 0.15884886829846922573 0.088916030416060221064 1.3364102725026807406 4.8766541507555523083 4.8823705036672748747 5.0375163111157972295 5.1880430968798467717 2.68297e-09 5.02406e-06
10743326.488706370816 6907 1.8374630293538336545 0.41298415472923571956 0.051143825140425952513 3.7326013350835149929 3.1007970050006754548 2.624099661662995242 2.36229739375847414 2.0720611183032779934 3.58406e-09 5.53319e-06
10743326.488706370816 4971 1.6581046579685647657 0.015084518930810119838 0.069973271980023177274 4.2899771351634345962 0.84207691669562834136 3.346671711433645946 3.3497666187412420413 3.3528841910972899676 1.60974e-08 9.12926e-06
10743326.488706370816 6105 1.4971281217746645886 0.21413516118049799597 0.098131851480981260871 5.6802560687503156345 4.0308458188787135157 0.34303655152171419473 0.27693695750467828276 0.21839013394047204764 1.02968e-08 7.86594e-06
10743326.488706370816 6126 3.0372905620855696895 0.20401978420637786882 0.17543522392168925395 3.9813926913735460111 5.8408907440204105299 2.2826510287021428702 2.1156517164246122498 1.9411735378307060085 3.04059e-09 5.23805e-06
10743326.488706370816 6186 3.2635952657035058877 0.05046707553499737986 0.25764216179915022664 0.24673703388405965331 5.0601561765961315942 2.359092071046792416 2.3228421397026348671 2.2859863961225097562 3.14704e-09 5.29848e-06
10743326.488706370816 5890 2.0371410301825316758 0.39400760209806579004 0.39900858317626408667 3.9266763066186540776 4.945119560790985247 3.3161792493343567045 3.4055195741979784607 3.5083057150758900633 4.73576e-09 6.07174e-06
10743326.488706370816 5345 1.3334641001750298095 0.18446094540702481779 0.055025073724572090561 0.1547612782119086039 0.25247284872441727588 3.1247145470951185331 3.121252367821563567 3.1175006381901759767 2.62039e-09 4.98469e-06
10743326.488706370816 5160 3.0250905858764185474 0.067829778513972621701 0.26599164542047748494 0.25333916728639999105 0.34787635935790878206 3.7820501531793904171 3.8237590477205563033 3.8665241003228025818 2.48083e-09 4.89458e-06
10743326.488706370816 6162 1.8350545731963967544 0.13986359531142250612 0.058260213531303409185 2.5945756502059524884 5.9283168169928641689 2.499600434015944117 2.4104769491267243886 2.3170899406359710682 1.62993e-09 4.25507e-06
10743326.488706370816 6691 1.4223373578511238069 0.20860346983754585182 0.18173405133524569988 4.1702600275594576829 1.2472286650544672781 4.9725968272974618856 5.1703883327977813167 5.3574928969368107445 1.99622e-09 4.55253e-06
10743326.488706370816 5888 1.3636875069693241702 0.15511759394246668609 0.053645848308895072165 6.0969879712715435716 5.9414564724266449858 2.6137761125692500208 2.5295439671364112755 2.4404218580000121008 2.79797e-09 5.09485e-06
10743326.488706370816 5767 1.4038690921362340092 0.22741238951240297372 0.048445507000259534214 5.5907324792883326126 3.7408999646402665284 3.5090208072177371257 3.6017017887274680454 3.7026833267931080762 2.8735e-09 5.14028e-06
10743326.488706370816 5210 2.0488517009146041126 0.22019324430686981753 0.037264801542483905195 1.0841926020393144459 1.0301974450208020162 2.4845230049159199304 2.3354541625151870043 2.1765584728403450931 3.1045e-09 5.27449e-06
10743326.488706370816 5710 1.9911684808469509722 0.16373703553275623102 0.087319488336168191167 0.036537537285359321382 2.1116811765831173808 3.5520398764662290958 3.6231658882029043056 3.6990046348409073573 2.11851e-09 4.64366e-06
10743326.488706370816 5724 1.878511224805549551 0.17304751416429431377 0.024193344548158433882 0.52074969187012953853 3.9717846226878550375 3.4853026203563497454 3.5492921573824594006 3.6179052271569553945 1.39525e-09 4.04018e-06
10743326.488706370816 6474 1.0466850676890018246 0.17151975711146266734 0.30396547202067880633 0.53680455314891584173 0.15450943063533251198 5.1112194143936271473 5.2649843852612923101 5.4109760108568707437 2.46607e-09 4.88486e-06
10743326.488706370816 1588 1.6973626889268020879 0.14679252007762297327 0.031098793117752907694 3.6158363135369762098 4.1403790152973742877 1.9780804550747177473 1.838706838800461485 1.6971509768519901229 2.82908e-09 5.11366e-06
10743326.488706370816 5364 2.6931559956602169059 0.10862474563765661673 0.084547113035516416324 4.0878798496830537346 3.8788789077092351576 2.2527145733914482051 2.1651805056373660818 2.0751856083149902155 2.91675e-09 5.16594e-06
10743326.488706370816 6586 1.5026839385694648055 0.21385121101230070151 0.041821516579071314756 2.1540682547208920283 2.9779142739278516849 2.9812445754625835903 2.9425760672580496546 2.9002965229087047661 2.89513e-09 5.15315e-06
10743326.488706370816 5219 1.6027114988985742272 0.052557836467178237205 0.10311046421784182681 1.7482175836040465544 4.3627793379597221701 1.7193080265352751468 1.6671014549283778017 1.6147871586412032574 2.30015e-09 4.77275e-06
10743326.488706370816 1801 1.3829346240830280301 0.16654896935616692044 0.040176215591160344132 3.4568347353265913569 2.8848779622928297783 4.0258927308704741677 4.1626883077802778743 4.304701439272495378 6.74028e-09 6.82982e-06
10743326.488706370816 6100 1.2166757333893161164 0.069668103821592289315 0.070561621335035268343 5.4145029345915478558 2.9908697032495452639 4.0134202969642025494 4.0680287000289361288 4.1237272484075386814 4.52552e-09 5.98053e-06
10743326.488706370816 6351 1.302588973143340878 0.15432278376315353152 0.072695380908608026038 3.7589133454998497896 0.13392366369957445227 5.4643067494111559057 5.5718867816183008657 5.6726314685755401257 1.91819e-09 4.49243e-06
10743326.488706370816 5701 1.6227374905694300633 0.32700673433460403228 0.032908856338483803705 3.5660918928210869616 1.0777153364369673749 2.3295346054250427592 2.055329786891582966 1.7659640267871024033 4.9259e-09 6.15194e-06
10743326.488706370816 4732 1.2367646434842589631 0.28674403671177922659 0.1675912858888128909 1.4415144386080256389 4.2269093224540021936 4.278089458651583854 4.5593711607353215598 4.8427647650821565861 1.92787e-09 4.49996e-06
10743326.488706370816 5872 1.8845716559867959905 0.16939439260247338148 0.19840552340386444219 2.508046074268688308 4.9071250309365828102 2.7002650678821256136 2.6213322981203281969 2.5371253186091107246 2.5416e-09 4.93423e-06
10743326.488706370816 6828 1.1591286389323121053 0.029672955240023383972 0.080265939069561392794 0.78224236259834756257 2.0452243029777048555 4.5717564003485815505 4.6012020059981608711 4.6306917335217026022 7.8219e-09 7.17719e-06
10743326.488706370816 5692 1.6669976719891737016 0.15586747654003271779 0.12616599541155595898 3.6734571348975357807 3.1830817792319234805 4.7622169857960923167 4.9179234810066994044 5.07051026480737832 2.38697e-09 4.83206e-06
10743326.488706370816 5921 1.7660419425583044895 0.14796984417071626372 0.1087424053482425601 1.8453845166135307565 1.6557054464159723928 0.33220771217818839682 0.28687922107254892889 0.24500961918987981814 2.32801e-09 4.79194e-06
10743326.488706370816 1123 0.72825967605763575197 0.037026001236179564846 0.012157986809509763876 2.819963401919070467 3.485708560991051197 3.3619078099239070312 3.3701510665985972004 3.3785401832998993576 2.17704e-06 4.68604e-05
10743326.488706370816 5717 3.1760691978489457021 0.11607790578712900986 0.24798526907386495011 0.62708316627580962255 4.2493064824690272019 0.72002754597428986205 0.64648016057880719476 0.57655708489019508178 2.31886e-09 4.78566e-06
10743326.488706370816 2895 1.5926603231159286445 0.070446816432515685369 0.032155964499784139843 2.8006554169753412609 0.60389663848968655468 3.9672427167242885204 4.0203423748919666636 4.074582313691499813 5.82425e-08 1.40151e-05
10743326.488706370816 6644 1.564092163352151621 0.15457022289723595931 0.029043587127312434082 3.9021505115188430679 3.8962213568157419985 4.4997605095983477241 4.6539923628684540802 4.808299105677098062 4.61706e-09 6.02059e-06
10743326.488706370816 6313 3.2288342374781602295 0.083313045158908416443 0.33365673225634445709 1.7987897993816621689 2.8581560455244074959 1.4834833569621830307 1.4006919210585826452 1.3185813249215931897 2.33149e-09 4.79433e-06
10743326.488706370816 6204 1.6420444750693534708 0.14461182759114649121 0.16266407911726982194 2.1354361676583963892 5.8078506140726915419 6.2455611373722819124 6.2506591784468437112 6.2553620120386010939 2.26769e-09 4.75019e-06
10743326.488706370816 507 1.6662494181515570268 0.34456220400288189998 0.14517334490784120082 2.3450092911347351077 5.2733129167056143061 4.0963134409552104387 4.4168394042152847589 4.746462153962443864 2.42673e-09 4.85874e-06
10743326.488706370816 5371 1.5078848021871082974 0.045961973461952562725 0.060073949997528644507 5.106371080955581121 1.3690708872939980623 5.7976117912529385734 5.818645781022205199 5.8392372586418526126 2.54912e-09 4.93909e-06
10743326.488706370816 5623 1.5393352309093661923 0.18599334153261551372 0.052574747467621224528 1.6828970430341989584 1.4995575366736417777 3.3071753793130760357 3.3412521421241390129 3.3781412422531662543 2.3084e-09 4.77845e-06
10743326.488706370816 5151 1.5024023097702621232 0.16867261006080719321 0.13975136821243253071 5.325471077667386588 4.1035816753443645766 6.1985453867807267514 6.2117867084504982955 6.2238194670169733058 2.88747e-09 5.1486e-06
10743326.488706370816 6332 1.9430354342579150284 0.29608406265359515919 0.06611317295426381857 0.77014597109136451181 4.9369243493281507185 3.7606530020543642578 3.9604597502639018458 4.176711398436490974 2.19525e-09 4.69907e-06
10743326.488706370816 6843 1.8955076852557217748 0.19226458930584672258 0.11687574760055317868 3.9902352315795326376 2.0281751192018369068 5.4374267820497550474 5.5736931267949714197 5.6989436197046856591 3.16465e-09 5.30834e-06
10743326.488706370816 6609 2.753577266046087324 0.16229552656815307565 0.07424568504659787016 3.8752980021587095649 4.7691265418237245299 4.0738447530312509315 4.2115282617233056328 4.3538889616313127817 2.84425e-09 5.12279e-06
10743326.488706370816 6404 3.0412787013765707478 0.22321745633096928829 0.32112582160756908412 5.9986467840466861645 5.7942987279386777288 1.6862277836396883934 1.4596746407671268297 1.2378339147261063768 2.07676e-09 4.61295e-06
10743326.488706370816 6730 1.7473917936565506182 0.032240751644957300892 0.087141907730923062747 3.8706753648271270407 1.7931463986765840968 2.5604743923251587212 2.5425295603950672785 2.5243500011943660333 2.57888e-09 4.95824e-06
10743326.488706370816 5327 2.7542689960468775823 0.4297503177664392382 0.25899581924033582281 0.93591772134420370133 3.2966902365435775124 3.4535461597059793348 3.629667379944730321 3.8311885998433679035 2.89309e-09 5.15194e-06
10743326.488706370816 5285 1.541468920513672014 0.099287931782452903962 0.045806719891061983829 4.7220062942932266026 3.9837821687792791536 6.0369299203722581737 6.0600754703950139302 6.0820442602000515109 1.90393e-08 9.65459e-06
10743326.488706370816 6171 1.7500733718367775804 0.20626328420719700074 0.065938319570776837697 4.6428847084225299824 2.9677327472967593991 3.9806849969496367336 4.1470507319854839068 4.3212209855362644362 2.39216e-09 4.83556e-06
10743326.488706370816 519 1.6969359026525221434 0.15004769802836973036 0.049089230780033354939 5.7993912480764322481 0.648047606942742771 4.5630367179118449528 4.7136675888808241552 4.8637151642572451493 1.36877e-08 8.64889e-06
10743326.488706370816 3991 0.92625580646653071781 0.3148051298135410847 0.19600240494756396292 5.090767770916468038 2.3680918301192961373 4.7861563317677671137 5.1018568166097502115 5.3930865841935373695 2.18079e-09 4.68872e-06
10743326.488706370816 6124 1.7837059583321859257 0.11785288565871773758 0.021243069281768216239 1.9684553878478729949 2.5034179849568620746 0.74779940971576708275 0.67075605022921880316 0.59750123999899140692 2.21026e-09 4.70975e-06
10743326.488706370816 522 1.560339785913286148 0.2616258501880189824 0.060025459068242019434 5.8663341704959002243 1.8599309959149787908 1.0980532737358514872 0.87546592629881192504 0.6745785903010435014 6.55005e-09 6.76496e-06
10743326.488706370816 6763 1.4673519360235949271 0.58734731457000988186 0.17689482360027433683 2.2789532706502457771 1.1070334432411841341 5.4969437486097074697 5.8664328265506622273 6.1041869280587288671 2.58565e-09 4.96257e-06
10743326.488706370816 5569 1.5821178021702388961 0.1615013675934214854 0.10905227062115269154 0.12054371030606128579 6.2652501114340033439 3.512083101510168337 3.5757486804841334127 3.6436834034631777612 2.77052e-09 5.07813e-06
10743326.488706370816 6268 1.8195374077184152117 0.10663918027382994491 0.13577415136179910027 3.8927909847413029176 2.1471725083717436711 4.7914329265019661719 4.8974953193822186037 5.0023127488822689557 2.30383e-09 4.7753e-06
10743326.488706370816 6061 2.054879844709688097 0.25948308216878468446 0.16598358663990836481 1.4921875599259792899 0.44064122615552608897 3.6609215828396157733 3.8086358191784128735 3.9691690875598504284 4.03777e-09 5.75746e-06
10743326.488706370816 6189 2.0522093908131835427 0.10406719300949240914 0.031518671673140270795 2.7692554441760437456 3.159266083587478402 5.9650894847202922122 5.9961824581065901185 6.0256416891612811781 2.99935e-09 5.21426e-06
10743326.488706370816 5249 1.9848227209269131421 0.26252653025761785166 0.09767410552319920336 0.81250641209490626071 3.927893962581538112 2.2524735781301568061 2.0268664304145795896 1.7911726728246641915 2.29779e-09 4.77112e-06
10743326.488706370816 6732 2.1055276445948378772 0.12565957681441702887 0.11483555770480284586 3.9029459711269542943 0.58436253786988989756 2.1313231935665437611 2.0208738644743120538 1.9077283010113350592 1.92356e-09 4.49661e-06
10743326.488706370816 5002 1.9594390438264115417 0.14468176424494158527 0.097371919167369383463 2.551082017805748503 4.1146629571212489651 5.0099046587822924081 5.1458494086528236977 5.2771506790819717736 2.79003e-09 5.09002e-06
10743326.488706370816 5196 3.5421757749643405511 0.081069863711384582139 0.17919594182470127697 4.3189413671514103044 2.9668402142785916809 4.9779427550710071415 5.0554349151111379612 5.1317812038038184141 3.02458e-09 5.22884e-06
10743326.488706370816 5625 3.0430544369522789516 0.31996331828063911962 0.045446950006830709456 2.024767390925616084 3.8668992490340818868 4.4720927405909289831 4.8012353692571592134 5.1199366738730240911 2.295e-09 4.76918e-06
10743326.488706370816 5412 1.7699788929517514813 0.144155304366495568 0.10991844976507396392 6.2575037304021838835 3.6598872827739383773 2.2408442006132665014 2.1220515612116175319 1.9992503056218846602 3.18558e-09 5.32002e-06
10743326.488706370816 1960 1.5116964822915712752 0.19181338611720033516 0.12035478822991627079 3.247602669320326374 3.9032933689740056948 1.5668525123720211667 1.3739176973988866948 1.1858097770299054208 2.62083e-09 4.98498e-06
10743326.488706370816 4112 1.305905570090624801 0.17742507557235812077 0.14704915415356184516 0.95625495116119452188 3.6957329290797917842 3.9265038144435981948 4.0612359966913906817 4.2023573290495095378 1.73305e-08 9.35665e-06
10743326.488706370816 5115 1.3080420695733303571 0.092100779953929234889 0.068017194566229816077 5.7022218806904394484 3.3250186144700757396 2.4715151577861456111 2.4120608823921956265 2.3506738106905102903 1.07577e-08 7.98161e-06
10743326.488706370816 6912 1.6810421013819445424 0.14942949295053689629 0.052350898101502306436 3.4704991380733272166 2.9008461254126287621 0.36486147871490326455 0.31476832684259853368 0.26850552531344412666 2.09119e-08 9.96126e-06
10743326.488706370816 1487 1.5754880924758982719 0.10478923828030997645 0.020072269989853168404 1.6709867862087410817 2.7844405575049688828 1.9220726434993400389 1.8216787425730947003 1.7201700643373616373 4.32124e-08 1.26878e-05
10743326.488706370816 5367 1.6606968771033099319 0.22616935925118034079 0.11699522560575231767 2.8724631124838837515 4.715718171094801292 2.8198914857893475627 2.7386522330210349985 2.6499655817029474925 2.85701e-09 5.13044e-06
10743326.488706370816 5016 1.8552861292480717914 0.25193416775914040384 0.11039810587373850848 2.4971498576440946948 5.3799884916828712988 2.6240791022869598415 2.4817796341045075259 2.3273517669539782737 2.58541e-09 4.96242e-06
10743326.488706370816 6362 3.054778911818917031 0.10183219705318975745 0.2484435853887934087 6.2539665600561269443 0.70958817136839347217 4.5680070799019025785 4.669702181767554805 4.7714416154884089494 2.92709e-09 5.17204e-06
10743326.488706370816 6813 1.6925533483310704064 0.073079896526868720619 0.15008935475308773921 2.5036463208823409587 1.3160627678225960135 4.1337871361332814146 4.1962841309871832252 4.2598452258838284123 1.73747e-09 4.34666e-06
10743326.488706370816 5654 1.8647535046472887288 0.12646452373585134743 0.15148362479383295498 1.4870321584749366384 0.94281529330534086242 3.6978324990454263244 3.7686654921594797685 3.8428719673173312721 2.37573e-09 4.82447e-06
10743326.488706370816 2102 1.1979535229543374353 0.05610618966756193704 0.088403006999641195462 1.623338545575444325 0.46722299952933676881 6.0743649397258483447 6.0856939794551916378 6.0967025773068481698 2.21357e-09 4.7121e-06
10743326.488706370816 6017 1.5898948946073585553 0.11948622193545971326 0.080776289229770606437 3.3076209266992369074 0.55106426014412357439 6.2181431354130598521 6.2254971833355368105 6.2323862967508310007 5.44323e-09 6.36017e-06
10743326.488706370816 6454 1.781038978611471757 0.20760460745414643924 0.092347902672975393235 4.4239509149421536449 5.8840902009451632182 2.6949972724013155911 2.5949519309449882165 2.4870348169529110649 2.21205e-09 4.71102e-06
10743326.488706370816 6716 2.0369364087958952148 0.088007905006773259893 0.13856114658249962801 4.9395318147792739438 1.2938360481879942476 5.3819661841036854355 5.4492389733304609223 5.5144166511683687659 2.33978e-09 4.80001e-06
10743326.488706370816 6906 1.6782639755597865694 0.3964569032332378451 0.19163806692107360208 2.0464861991109444261 6.0131816081420206288 1.2585809807882366584 0.89279193498125486439 0.58402099320211087186 2.85032e-09 5.12643e-06
10743326.488706370816 3519 1.009347367189399769 0.37500352186254282127 0.29524878820167760329 6.2291131916792368273 0.49708086070411178214 3.5607809360119428987 3.7528481838585614483 3.9680612429935098184 2.06062e-09 4.60097e-06
10743326.488706370816 4318 1.7559016332286911943 0.307119457108465721 0.14519943544111038602 1.5519488482250602956 5.3963391953361874442 1.8685587984791003358 1.5556977968471241702 1.2486133454103101048 1.32396e-08 8.55345e-06
10743326.488706370816 6760 1.7944401962708422804 0.064417847307218237263 0.069599905813961096546 5.8121423491638557479 0.25665249661531436276 2.3603362993315020191 2.3138723652738102388 2.2664356466100308296 4.55433e-09 5.99319e-06
10743326.488706370816 5747 1.0150128955298325373 0.25687237374119697986 0.14218176492765480234 3.6313635875647323203 4.8131975383514680189 4.1758928943263518008 4.4153577023650116828 4.6609815309127595739 2.03788e-09 4.58398e-06
10743326.488706370816 6583 1.7918379576659142494 0.098859210985281137374 0.084002989322676593908 0.47788726032531247956 0.017696224775193784146 2.8498279573501537065 2.8199040313615157949 2.7886478123568441134 1.35064e-09 3.99665e-06
10743326.488706370816 6225 1.7474998825747469766 0.138668408112981284 0.050499905749065356064 2.5782769501822051517 5.2048122290012655 2.1612372812190465687 2.0409613064709462016 1.9173393137973444578 2.38341e-09 4.82966e-06
10743326.488706370816 5131 3.5336892410087039629 0.029062801242237569499 0.21363421892892614506 3.3477986652612052865 5.7559454440940420739 5.834627783053879746 5.84707087520265123 5.8593476065015490661 2.25296e-09 4.73989e-06
10743326.488706370816 6576 1.3223652056915722319 0.32854835458672704274 0.1458344113708587575 0.57129810716920925717 4.3991408998050864909 3.3443087734797587451 3.4257922220701093607 3.5179136382467453004 9.90665e-09 7.76531e-06
10743326.488706370816 6342 1.3212041907907008387 0.13121504891973087559 0.11051870052196133276 0.28486897351454437688 2.8518680082194332037 5.159102009473862438 5.2745370368161204055 5.3855596825637608305 1.70662e-08 9.30885e-06
10743326.488706370816 5048 1.6062182336643353597 0.1618845054383308002 0.10853633964150938285 3.1668108634159457537 6.1209477306437340971 5.808573175224828411 5.8779841198118685242 5.9417995850308011896 1.54672e-09 4.18139e-06
10743326.488706370816 6746 3.0205758725523002006 0.38024933437207697473 0.18756928986527465764 5.1509210024865570432 1.1318433823438107666 0.68645464507338138649 0.4700869210963939393 0.29784774534751856656 2.1751e-09 4.68464e-06
10743326.488706370816 5957 3.2013096527608309039 0.066580177543663382478 0.11045673639657330178 0.01613426082703120143 5.4845801719945335151 0.42122605329418294495 0.3947784990188555887 0.36917151407687870401 3.45473e-09 5.46581e-06
10743326.488706370816 6153 2.7532086540964906263 0.26413897468823455128 0.50126536011101119339 1.9230294338082942751 5.2131258048385262782 3.9216105986407074901 4.1299671088015816878 4.3505582711301311605 2.21408e-09 4.71246e-06
10743326.488706370816 5773 1.9491347191126666694 0.22606620629507576115 0.033142822282802221479 3.058120334543061869 2.8170216566602213071 2.5276576736525147027 2.3823463182525532744 2.226728001131283996 2.82024e-09 5.10833e-06
10743326.488706370816 5291 1.9876494536187907514 0.145098029994488259 0.18126819637594313028 3.6438863002292292137 2.1186810026369653492 1.5672020112292444072 1.4216289255775280687 1.2781421863951865081 2.6037e-09 4.97409e-06
10743326.488706370816 5693 1.4944689886148254665 0.15781269219066551557 0.12835265118123925787 1.0843686310425120212 3.7045461359865723416 4.9663910133248885259 5.1168120667901053622 5.2618939395032668926 5.43449e-09 6.35677e-06
10743326.488706370816 5467 2.8903848443671829038 0.043523119518086392232 0.10627619828883566599 1.9611271658926117123 2.7032199418595004303 5.0890525783145506011 5.1292166981856466279 5.169013275723766121 2.43648e-09 4.86524e-06
10743326.488706370816 6018 1.4436113140306807701 0.077746814874286265806 0.14547777240623413486 1.8136765776682173268 1.8385802475828543212 3.872515070028602846 3.9260330868465804777 3.9809557101531147794 3.42036e-09 5.44763e-06
10743326.488706370816 6102 1.9076063307143529268 0.16173105942494742093 0.14418261332094051141 0.93615675318212210332 1.1855401947293640053 5.1729736752072490447 5.3134872732640712201 5.4468692998050141085 2.19362e-09 4.6979e-06
10743326.488706370816 4788 1.6965813572552754795 0.38527009691789881884 0.011361408320865953522 2.0463009541737195995 3.2982933372133040884 3.3344183785503487272 3.429939269236975008 3.5394975594946247455 2.35845e-09 4.81274e-06
10743326.488706370816 5768 0.97923320860798357401 0.068954945468452280566 0.10526810800438586579 3.1985744571112699752 3.6194614442557733192 4.6962109909439266886 4.7652501965139091311 4.8341088237303040387 2.35407e-09 4.80976e-06
10743326.488706370816 3541 1.7505068730548476452 0.12934312210582979419 0.060296994337760763394 5.1208075225210683001 5.5810047018379389527 1.4189603977795473 1.2919859233406745247 1.1676375786234198806 1.91401e-09 4.48916e-06
10743326.488706370816 5735 0.90657394393773038654 0.16344627130079406041 0.13137750461097572052 1.9405580851783110763 4.7868633177624158037 5.6933615481407100489 5.7789782179108408755 5.8579412940869861615 1.71969e-09 4.33178e-06
10743326.488706370816 884 1.1379234212727842301 0.11256708419482885919 0.027198132879067006551 1.6286361869491829957 1.5674138279313831745 0.038027724368291528079 0.033963746490495452801 0.030141281570505090021 2.12252e-09 4.64659e-06
10743326.488706370816 5647 1.8147604671324759629 0.25719902427675922496 0.17289995711156433411 1.7279543498697063075 5.5540738178400195224 4.5212164371709464561 4.7830889419682218744 5.0396454312767797745 2.57441e-09 4.95537e-06
10743326.488706370816 5528 1.3739701798753267692 0.19011158435577896197 0.15022584835157895555 0.73313348374248177297 2.6095048861610679047 2.5323343556712942792 2.4133057047035730847 2.2867689293251967086 5.0086e-09 6.18618e-06
10743326.488706370816 6950 1.8190223159458545066 0.10671416898941564477 0.025242305004627693665 0.7673546909866162391 0.58236855500350193093 3.344113438236783864 3.3668290451759008697 3.3906622450210410769 3.07555e-09 5.25804e-06
10743326.488706370816 5170 1.5685408653704073778 0.19974822466574301827 0.06034987170420980096 6.1427255812446031058 3.1968552981396416435 3.7795499268601848719 3.9101347046460612766 4.0489772630849385493 2.19546e-09 4.69921e-06
10743326.488706370816 5780 2.0840076938733926859 0.27486939705674373613 0.1787759367113421205 1.6152270234320993403 0.66635343907196331603 2.9579700921788822932 2.8986354627607791024 2.8325090284090603809 1.95079e-09 4.51773e-06
10743326.488706370816 5516 2.6428588179690821747 0.2014332926821371661 0.13682573637391032273 6.0990428014650950317 3.0503304568607219061 4.7523724370777777892 4.9542170031042536138 5.1497889548567972184 1.64805e-09 4.27078e-06
10743326.488706370816 5423 1.9239275072503323472 0.041184128782073933794 0.070657773571479051689 1.6372644306378214552 5.1622509252444208627 4.3970523882850196529 4.4364691930099011685 4.4760955331548899494 2.52578e-09 4.92397e-06
10743326.488706370816 6335 3.1511001126053357346 0.083318194425419850324 0.17677666505737954505 2.7043971902185948153 2.9225701294082915283 3.4243097039574745821 3.4485639606580025252 3.4737404624028749289 2.80706e-09 5.10036e-06
10743326.488706370816 6792 1.927123206506482056 0.29974614474139377185 0.13333666250879322446 1.2375269039915539615 5.6074162357722885375 0.17184989608023823471 0.12628179167941594452 0.088529837441320230473 4.30438e-09 5.88148e-06
10743326.488706370816 2451 0.96985055113266294136 0.11414062282301173923 0.047262365517058098352 2.4980979445093054458 3.0461277143856224647 6.2169997764493318826 6.2241641223319792431 6.2308969265867926168 2.57625e-08 1.06786e-05
10743326.488706370816 5190 2.7683777649865053405 0.13467788919047074536 0.13350207629091029315 3.552587671495762045 1.202743840955938337 4.0787027882279769386 4.1921571136435229477 4.3090176495832048786 2.78537e-09 5.08719e-06
10743326.488706370816 5316 3.4816894178131163606 0.060594816397195772062 0.23869144820569265786 5.6633150237704761309 1.4190367590940906606 5.5147864599232772065 5.5560323414300150091 5.5963124667808834545 2.96988e-09 5.19713e-06
10743326.488706370816 6073 3.2348514419869065506 0.0079915787313580982643 0.19060915485592619389 2.6454671109799980933 0.65972460069555016737 2.9710460997021921337 2.969684377227469696 2.9683173153293380686 2.87152e-09 5.1391e-06
10743326.488706370816 4994 0.94108162092704916724 0.23224550517146003159 0.25625727428146810594 1.2088838051666248585 4.1099004451651213188 2.2585952062319489819 2.0625983592191801108 1.8578778148425461048 2.5994e-09 4.97135e-06
10743326.488706370816 5899 1.8809372576546141698 0.25234162906052842734 0.1477636984222569505 4.4123904878763724469 0.26599248130630481768 4.1505956581967016206 4.3825366043582985043 4.6212745390284428737 7.73132e-09 7.14937e-06
10743326.488706370816 6108 3.1365558890875511189 0.20602540785916284571 0.17587737316159546275 4.6342108286875198786 5.1250543455614625543 3.0569237710734746827 3.0372734626631765487 3.0158200194240616376 3.24647e-09 5.3537e-06
10743326.488706370816 6379 1.7480355386318082722 0.21150981974647997674 0.10835597878670262528 2.4965076823780778525 3.7667380355734212394 6.224118042934556172 6.2355284258211165493 6.2456045090990421897 2.25373e-09 4.74043e-06
10743326.488706370816 5288 3.1692231235785666144 0.26037826037507277865 0.17914115041364722658 2.7932533953631697443 4.2069674280400146671 3.1893820853151879646 3.203968909804140619 3.2201998009216601382 2.94866e-09 5.18471e-06
10743326.488706370816 5895 1.43011008696825348 0.22203882504191338465 0.10373279413723270059 3.6903528094590867248 5.8228694398362286222 4.3223495990590610205 4.5387454200136367888 4.7574451808183448875 3.55807e-09 5.51978e-06
10743326.488706370816 5778 17.873021127458567747 0.3558976822239162674 0.60826140837734377076 0.90524225893971543844 3.83762951929164986 3.49510070590348354 3.6487474168219531379 3.8216041128618387646 2.56945e-09 4.95218e-06
10743326.488706370816 6029 1.9149387874454641967 0.068973891790720318062 0.11809878444206969861 2.2184611840061445598 3.2520225562909073069 4.2314493697131236871 4.2936455379751263806 4.3566601264728594955 5.53056e-09 6.39401e-06
10743326.488706370816 6295 3.2475773947503530081 0.098916460727062421876 0.2512306431960555364 4.7704918943041993984 1.3217398767864898534 4.4608447826169506101 4.5580072229390191652 4.6557472490596429893 2.30061e-09 4.77307e-06
10743326.488706370816 6085 2.2987486047920819843 0.52438726706657645682 0.22884830997961860821 0.37054623166080030705 0.84377116423279874269 3.0464148275116880171 2.9714803818216055653 2.8827052875128154064 4.93102e-09 6.15407e-06
10743326.488706370816 5668 1.6446711836693743702 0.11930902098245051157 0.10042608816797225779 3.7618877817085301096 2.3512744247851946611 1.66251810500228836 1.5427706402973091482 1.4235084712333769819 5.17696e-09 6.25473e-06
10743326.488706370816 6343 1.410229834365146484 0.08071962594131813773 0.17963489187121761681 2.5667744886564833884 0.024212069757043271079 4.0436708658682354312 4.1087162412144593304 4.1751691792670744263 3.59373e-09 5.53816e-06
10743326.488706370816 1147 1.5725118112200597853 0.19327092632472700484 0.10045746277057134022 3.1845389481742083504 2.4189213851373700948 4.7264959466298153146 4.9207059739982055291 5.1097984541664169811 7.2768e-09 7.00643e-06
10743326.488706370816 5076 1.2721582105460482737 0.1901670615996307323 0.097982649319635434226 4.4699134388102175208 2.6944263052986880957 3.6367325771681784374 3.736250918396781362 3.8427873963155279036 8.99692e-09 7.51995e-06
10743326.488706370816 1969 1.7859779486253783976 0.066392204700441131981 0.040256614192470167868 2.0365239089885194268 3.9474201457339583854 4.3002106294159290201 4.3619118148043822814 4.4242679701178690976 2.21709e-08 1.01573e-05
10743326.488706370816 5111 1.7889060392333315797 0.14743325172894794495 0.1023110677118091727 4.7131007194143581529 0.99768969562789366901 3.634572214754959063 3.7095944663896500693 3.7889059920211862753 2.90837e-09 5.16099e-06
10743326.488706370816 6078 1.4844638371610927585 0.19428026428580794094 0.097534234000955413735 2.885503392100607023 5.9855385563606189336 3.7051036622136588328 3.8192263859535411363 3.9410306541365445199 7.75695e-09 7.15727e-06
10743326.488706370816 5276 1.7363068859769810182 0.18930042087589363242 0.13891133530031624099 2.6000614041310710078 2.8733737715988101336 3.7768603941170351135 3.8995012541715552423 4.0296271240813670289 1.69322e-09 4.30944e-06
10743326.488706370816 2850 1.8090524092010846768 0.27981507959536472407 0.065907329750250639999 5.5178379488769486727 5.7343475127831577964 1.0974457031612838698 0.85997191273178530402 0.647921263421556759 2.86233e-09 5.13362e-06
10743326.488706370816 6637 1.9093738978095149417 0.28999105890654913731 0.095658943025312984099 1.8588398653204567523 3.7517492484855301527 4.9697189320205144014 5.2441680372485564021 5.4941131674387309047 2.31786e-09 4.78497e-06
10743326.488706370816 5258 2.9866742575262974491 0.18517854090315796767 0.31394940693478218252 0.84990529805168391064 4.7640712336398678417 5.715851580207241156 5.8088356376524528102 5.8934177910235190367 3.58569e-09 5.53402e-06
10743326.488706370816 2923 1.2791289631560405216 0.050088741448709853121 0.092932323514442055634 1.0931730928020764182 2.815897093981957866 5.8931352103366085871 5.9117604084379431484 5.9299397933969970609 4.68558e-09 6.05022e-06
10743326.488706370816 1410 1.6053613323420621306 0.10310005744215133827 0.092495888478180757208 1.6710377424104740918 5.530597823962954962 5.9854797072729661878 6.0143727518902672102 6.0417547687268990941 1.64182e-08 9.1895e-06
10743326.488706370816 5063 3.483119881001977447 0.10386094585150593139 0.37625763220058372482 2.4539777529604678286 1.4601252474447588003 2.9399955620059041728 2.9180224914837267214 2.8949952384569712649 2.23728e-09 4.72886e-06
10743326.488706370816 5955 1.4979474184708538864 0.16975734478635115532 0.068846414977426578785 5.1968947959083600097 2.1848584528083190293 3.5847813089488602678 3.6642052503536399755 3.7489388992301582171 2.24745e-09 4.73602e-06
10743326.488706370816 5999 1.3627631216146096627 0.10436567353956477389 0.18412700044054125526 1.8528863182253683117 3.3162735918194639062 5.7329590406111474721 5.7853307583201329933 5.8351697117766949674 2.29222e-09 4.76726e-06
10743326.488706370816 4105 1.6696606100981865595 0.11347567349406581516 0.089062029247981636115 3.8223933492672310663 0.98504724762965345519 4.9572014122630960742 5.066039644854777535 5.1724928367049702871 1.26705e-08 8.4291e-06
10743326.488706370816 5278 3.1502709554401664427 0.064640592058293089295 0.27013335512052266685 1.7084392720561771828 4.1898709459184226844 5.7222693253524745671 5.7557706260457539571 5.7883043021452182941 3.13887e-09 5.29389e-06
10743326.488706370816 5449 0.84750592238814892454 0.29397557678372038259 0.12166267708681452464 2.1725600218066976055 2.1448135091405289288 2.5615419953613511872 2.3736458752014470974 2.169432876700358559 2.58219e-09 4.96036e-06
10743326.488706370816 3069 1.6698249887318237228 0.28087570957705554342 0.03963629278777854037 6.1542605611282406031 5.683843789588260087 0.26423467639414804919 0.19849350399069864981 0.14310688144153055346 4.38223e-09 5.91673e-06
10743326.488706370816 3113 1.8047405506763480876 0.097916095872150749058 0.14820919924254677413 4.4356883015255110791 3.2198851410704940612 6.1163589626330203686 6.1319047799426549261 6.1466611427162547443 1.79427e-09 4.39353e-06
10743326.488706370816 5202 1.9015597690683121446 0.067052700569593073898 0.11993618181253544452 2.157219590756522809 5.8024319185520170095 0.99172729908720058667 0.9365701702295262665 0.8825571760269586008 2.34286e-09 4.80211e-06
10743326.488706370816 6937 1.5730233347304385383 0.088816822074470253012 0.044306848162393747126 0.93357014193512932732 3.0515495252710733709 3.2507522281688339127 3.2608959377470445595 3.2714669579015680512 5.15552e-09 6.24608e-06
10743326.488706370816 6916 1.6007875049338484708 0.14232398098487225591 0.094121193603781558301 3.3041791800830724313 1.5196424705729210114 1.2824138723395961392 1.1482050889979924513 1.0184014522714310846 2.44035e-09 4.86782e-06
10743326.488706370816 5435 1.7685774304168382365 0.1613727590667187739 0.12477339833305156613 0.29725813546375351448 5.1748687462750222466 3.615797912789421531 3.6957063240775078761 3.7806190241352930492 7.17242e-09 6.97277e-06
10743326.488706370816 6255 3.215545431326411574 0.064355148812772391964 0.22706122137646028714 6.0642135223605979633 3.1834754419556436922 2.4364116577983536693 2.3936117529808518256 2.3498399537391372327 2.45838e-09 4.87977e-06
10743326.488706370816 5436 1.1931927446044998664 0.090536197285802935686 0.080933428884079339216 0.36278057307158190214 3.4490343058067520765 1.9866661897070467813 1.9021775023907057101 1.8165670282290511395 2.73828e-09 5.05836e-06
10743326.488706370816 5784 1.3244125912343509555 0.21305071045527576579 0.050030010317180940993 2.528541615100692308 5.4940383684535927244 6.1031323105113264305 6.1380255535299967917 6.1688434463977177558 2.79482e-09 5.09293e-06
10743326.488706370816 5004 1.8577920028917913609 0.41671337128122942772 0.22567321556526048765 2.9556937579864337451 1.7187957473259933838 3.9901351655085348646 4.368365987336769507 4.7606622152769597633 2.5143e-09 4.9165e-06
10743326.488706370816 5406 1.820528667617809182 0.13030245118862401887 0.1573358276492244634 1.8472066256178407695 3.4967764364275844002 5.6309552520245427232 5.7064203970282099121 5.7774762836618229755 4.61584e-09 6.02005e-06
10743326.488706370816 6756 3.2316541872393251822 0.074373559334673988719 0.23863706332725886927 3.8004036333823916216 1.9952182749750111412 1.0517536183120104187 0.9882801187087836281 0.92617216785724632011 2.22448e-09 4.71983e-06
10743326.488706370816 6230 2.0772515451998607716 0.22296671093599892965 0.16170512417094448643 2.9490435534764376513 2.3764521521528050307 6.021134303687259326 6.0738686095937044485 6.1201992103647127053 3.21494e-09 5.33631e-06
10743326.488706370816 3770 1.6229205270930555649 0.11637056966498732224 0.058994230140989312172 3.6558605709947427087 3.910514931798812821 3.0212419427238499381 3.006360535960752145 2.9906714193290460102 1.55823e-09 4.19174e-06
10743326.488706370816 5300 1.6452867155789141496 0.13111826451898003776 0.10302312864997631436 0.59921716558520765616 1.7600114864188745045 0.7932501695432145894 0.70360882926628043332 0.61877876432373368765 2.06634e-09 4.60522e-06
10743326.488706370816 3174 1.6986294994744499665 0.16284502339038706142 0.067375268423375517246 2.2109794957748665212 5.0411856383668292025 2.5629198011108980104 2.4667273017788837741 2.364983002937612433 3.19992e-09 5.32799e-06
10743326.488706370816 6217 1.5446394913864747167 0.087065864008459337153 0.083615648628052208213 2.3763084231601312446 3.3610614392443292076 4.2834343025211447653 4.3641844627623607167 4.4460252313491777088 1.48722e-08 8.8915e-06
10743326.488706370816 6836 2.1144752640196418092 0.10242647863728708557 0.14793584651085014969 1.1386044060711528747 0.70183782652891157916 3.0079145266804907521 2.99349344186469013 2.9783795525953893346 4.61039e-09 6.01768e-06
10743326.488706370816 5086 1.9930906193238377977 0.10263779283086216232 0.11743199395166505072 5.5115151528632049249 1.8105896040288833593 3.571927068621435275 3.616956820539098505 3.6639302655745971116 2.82e-09 5.10818e-06
10743326.488706370816 5068 1.8152694019475779097 0.099472118615361523886 0.15042711325321214688 6.1881062005029230377 0.036003951951929194508 1.763619534469307526 1.6648843585003167966 1.5658522065073809948 4.16264e-09 5.81621e-06
10743326.488706370816 6279 2.0255231425587552074 0.062467107022425756579 0.11189863898660683261 1.2725870437231674437 5.5000588619182906314 6.1913968213436616495 6.1969550742687475875 6.2023349545144688122 1.20562e-09 3.84817e-06
10743326.488706370816 6761 1.7413146867439170951 0.27824660769035075569 0.13805697589290255589 3.9730621035675208752 2.8460724907353012192 1.0601612265900095533 0.82960941152133071963 0.62435587190516905753 4.88068e-09 6.13306e-06
10743326.488706370816 6842 3.1202868460697423814 0.083386840105517973099 0.092827024805594737789 5.9055879151286863049 5.2692635583519056297 3.3291216633943445657 3.3453607513966794329 3.3622349872727346209 3.94698e-09 5.71398e-06
10743326.488706370816 5358 1.705527496399948939 0.16797212432737732013 0.061233046966535149835 2.042304362742481505 4.3154804735236469426 4.5197591399874816886 4.688138226451059154 4.8560609610742657694 4.52702e-09 5.98119e-06
10743326.488706370816 5669 1.3767178849260872653 0.076669684081152073007 0.10273478610597258642 1.3563077579974014419 3.6644804751884967331 5.870259635557681932 5.9000229340253849131 5.9286863089691159701 5.45549e-09 6.36495e-06
10743326.488706370816 6977 2.8154402872564827653 0.23145392967633524051 0.040139050155032461598 4.1568079827239312607 3.9725623239703558021 4.1158666729415305241 4.3229358387596823476 4.5370577646504042235 5.37795e-09 6.33465e-06
10743326.488706370816 6443 3.1816667269241003524 0.20317394993878176712 0.27738177249006329417 1.5633287535813202851 3.040047037666097296 0.55560734962654378943 0.45608159369442519138 0.36659695745901615949 1.88164e-09 4.46371e-06
10743326.488706370816 5298 1.8641647527860178979 0.10961584870108813383 0.10098009397166746171 5.7576544598187791024 2.8146344067345649975 2.5417114131749816153 2.4767139505049735604 2.4090849533659648429 2.48769e-09 4.89909e-06
10743326.488706370816 5399 1.4653155652253713193 0.11163908844856061664 0.081619763523233218594 4.2685789944364946891 5.7246239079833785013 3.0482936495955406109 3.0372444287823663345 3.0256162173190532805 2.19916e-09 4.70186e-06
10743326.488706370816 6367 1.4709788880344547568 0.22158354331662086234 0.17144730098341634528 2.7915274440811028711 2.1772374620902597009 4.2510069838731840974 4.4616974227408796594 4.6763545073341452607 1.45694e-09 4.09887e-06
10743326.488706370816 6202 1.8847594817580965998 0.16311139221459056148 0.11531070233448424689 3.2065369751077614779 5.2035067655194851 1.4158097387290231595 1.255939025822486288 1.1008460950865521788 4.75227e-09 6.07879e-06
10743326.488706370816 6269 2.0571562178150557543 0.15013968119152695802 0.10520170401502368374 2.4791418675880758649 1.4342455830566827046 4.4311305059452861244 4.5790276337195736645 4.7278341567573400894 6.27461e-09 6.66877e-06
10743326.488706370816 4189 1.0804344127331366732 0.047269220307601812758 0.027128715728633265997 2.3219399651444105892 4.4547742986532625764 4.6386915723008605994 4.6859323296707211526 4.7331850077946651112 1.07113e-06 3.6994e-05
10743326.488706370816 4755 1.4178555219344437521 0.012344150013684447587 0.018364513097314783679 5.8733349687282334628 1.4229714063439378169 1.9736147597266728848 1.9622307831624470342 1.9508203107738828486 1.90585e-07 2.08072e-05
10743326.488706370816 3337 1.4590508773554942135 0.070167420106114208878 0.13982294670288009097 1.5694474494957217914 0.014148084280640300936 0.38487635051542296027 0.35933292855160448021 0.33465856615471795132 1.23471e-09 3.87886e-06
10743326.488706370816 6722 1.4775514009670835947 0.16684134424176447209 0.069805802027947894128 0.72657346775795428329 6.2350243597198735657 5.3502479733824488406 5.4786222590173911939 5.5988360720465912834 1.78527e-09 4.38616e-06
10743326.488706370816 5374 1.9100099519111024549 0.24137106541468278387 0.066237972879021334016 2.4759096215748561676 4.6704296932938387243 1.6959511428224087748 1.4503420169098375503 1.2107198907632554796 1.21754e-09 3.8608e-06
10743326.488706370816 5438 1.0480091517201768347 0.16973387431960218485 0.13933566870456037812 4.6860221586417587503 5.0492947756322346109 1.8122691860285558008 1.6431947037177383475 1.4739054673033584741 2.41055e-09 4.84792e-06
10743326.488706370816 6253 2.0212427511823540804 0.17287368706120248563 0.074980835304265386343 3.1844353528598268177 2.9522869731782601654 0.50755043529131438351 0.42891850922213509145 0.35702250010656183532 7.30442e-09 7.01529e-06
10743326.488706370816 5177 1.7573649820370682573 0.33451538700139227256 0.1913896562130248391 1.8220505480308508695 4.0910388563541291163 1.9603439368143908972 1.6226598789435873194 1.2885942855404790564 2.10151e-09 4.63121e-06
10743326.488706370816 6001 1.8314852517033288759 0.084887681653922339442 0.12914459001685979489 3.7837328445296898316 4.5702088923228840756 5.8679628280683528985 5.9009801434909983087 5.932640483399317155 1.89847e-09 4.47697e-06
10743326.488706370816 5626 1.7368982008526516747 0.13772227814659071532 0.10810448639481107236 2.4734031015654456276 3.6560067191470273507 1.180006084245416309 1.0555040072023982312 0.93566514487503116282 5.23731e-09 6.27894e-06
10743326.488706370816 5630 1.8734025847708248858 0.08356821986857687623 0.12887599484311232367 4.6661996702002914716 4.3032590934123930992 5.4312411411909655712 5.4925324490573510516 5.5519337953846683575 2.87655e-09 5.1421e-06
10743326.488706370816 6027 1.7140552543567106891 0.14239772991666832525 0.13482647533238217852 2.5137904814286566868 4.591101442864198745 6.1939170221380406289 6.2058276388590023487 6.2168322119413534921 2.32786e-09 4.79184e-06
10743326.488706370816 6069 1.5360533131941280782 0.20140275479930194735 0.15781270508203967817 1.4537222751773342111 1.6610170025477346556 1.3888941813905248956 1.1930095111852530021 1.005809018876177019 2.30644e-09 4.7771e-06
10743326.488706370816 5564 1.6823197484251088962 0.080569565818205457486 0.0091993458320418584201 1.9935003229307750594 6.1529781689230977904 4.1299314979572772089 4.1988283317839467657 4.2690044841411607379 5.64605e-09 6.43821e-06
10743326.488706370816 5077 3.1045286838503751703 0.24227968982462402825 0.32021709039768092575 5.0636638816020198561 0.90355847993216609204 4.6264960228343205983 4.8728911754430122016 5.1120568807741131323 2.69841e-09 5.03369e-06
10743326.488706370816 6591 1.7969001117639260556 0.13477031185435761618 0.12147017699567812243 3.5332864950272191429 4.3308070615381897284 0.69944619733843660381 0.61662423362249496606 0.53868866583286401095 2.63066e-09 4.9912e-06
10743326.488706370816 6465 1.9596979650586145993 0.076249196127430265979 0.14439195783850000687 1.5840900462613372035 0.1278288189825958765 3.7469238273227642999 3.791776404375210241 3.8379325343511725421 2.98606e-09 5.20654e-06
10743326.488706370816 5694 3.1458827546952710108 0.052032441872953666406 0.37025688277663704184 6.2512239034684968786 5.7428356522023928932 2.9389208683641192543 2.9281661531566567369 2.9171451672168178249 1.21025e-09 3.85309e-06
10743326.488706370816 5553 1.0032492513579580606 0.23171238630612631115 0.24899222104665238997 4.8705323027012283887 2.3650582509501889561 1.9693687707068106008 1.7434979055256978331 1.5152324468717515149 5.50583e-09 6.38446e-06
10743326.488706370816 5820 3.074042371400100393 0.093733052650023962471 0.046251525858718521567 5.0977438931518026521 2.6942286799469088443 4.8534564674349063296 4.9457873239275071953 5.0369789012357069069 3.12834e-09 5.28796e-06
10743326.488706370816 5026 1.6319833386155859767 0.12512639011338400064 0.11352537204465795728 3.7012197448117096776 0.17535961516471176846 0.1837971612279208633 0.16217447264712231414 0.14197099925321829406 2.52074e-09 4.92069e-06
10743326.488706370816 5667 1.7972033819801811472 0.071606448372003889125 0.15933757520545319131 2.0854253245406448869 0.057639296638284716334 2.3028196878674851433 2.2481930392126372453 2.1923967925991783012 3.20823e-09 5.3326e-06
10743326.488706370816 6492 2.6610878375062934076 0.31275228387469566904 0.061584642335607037156 4.6334980079468399694 3.1296959467641909391 5.7932684443605300117 5.9253131745264235875 6.0348646615729402143 4.60217e-09 6.01411e-06
10743326.488706370816 5363 1.8069426975921210055 0.15830705390099730767 0.10274208496752733344 3.1016683315791073738 0.80955058299340998396 4.310601665514891323 4.4616525922567156215 4.6150093804161995692 1.92803e-09 4.50009e-06
10743326.488706370816 6622 2.9014321654791692673 0.081671588300994787946 0.32821048259110358059 5.6631953233764340538 0.68759027039752806942 1.394317559141146079 1.3143967757853063372 1.2353950874233887713 2.90674e-09 5.16003e-06
10743326.488706370816 6538 1.4974413298434599007 0.36955177449501225295 0.18105144642864601234 5.8452573727083612098 0.25994321824296351409 2.9657731240903815184 2.8832315212637800173 2.7888123651140506176 2.46314e-09 4.88292e-06
10743326.488706370816 5688 1.8896989133370927227 0.14874758804849227967 0.17317003194290420121 1.7064771945186065771 5.2770180296754620741 4.4839830365558226433 4.6319172082076462971 4.7801834332711061748 3.26046e-09 5.36138e-06
10743326.488706370816 6373 1.4929365864604302594 0.074096136999290976299 0.11372259708085785679 1.8598936683344191589 2.631028973646075908 3.6434699055820685132 3.6803603304819065833 3.7183774747420428319 6.95589e-09 6.90188e-06
10743326.488706370816 5080 3.2373853374029937235 0.065901584422946413166 0.21543609608826916335 1.7270581839389316237 0.89564762383858864681 0.69483602376730035921 0.65364569020773832797 0.61357194814887505707 2.57476e-09 4.95559e-06
10743326.488706370816 2445 1.2657743089008768322 0.26240364977226954268 0.20070905506460876011 0.91756920368160399537 4.8487351062097561183 3.3761564287362948455 3.4474674660333599618 3.5264844203925291843 4.17305e-09 5.82105e-06
10743326.488706370816 5806 1.3500186212289142507 0.25357107383283772339 0.037915846756060578304 2.8842236747380405326 0.83546282241185454431 0.67021451802845999346 0.52503699470331688381 0.39793575755689480911 2.32886e-09 4.79253e-06
10743326.488706370816 5776 1.9190843271941608883 0.32581550081267046659 0.19487212874301043652 1.3872445947699818536 4.0572723824415453109 3.1184443248256701331 3.1091323136348134604 3.098558088907827468 1.75506e-09 4.36128e-06
10743326.488706370816 5107 1.3421349435110556669 0.31598466205941877494 0.098553032700588016901 6.2341549834347134151 3.99437577731170812 3.9121394751796758626 4.166379553864515195 4.4364211678811953377 4.08288e-09 5.77882e-06
10743326.488706370816 5018 1.7179390441585331573 0.1080844908547857891 0.14700263183417711099 4.5295534832634176681 3.2216370915731440405 4.7268306976754645987 4.8350309506378605917 4.9423036075575748072 1.65949e-09 4.28064e-06
10743326.488706370816 5713 3.0768871427873345503 0.10512070685667387893 0.22925162948685295916 0.18194773806882252876 2.2423618348345866202 2.7570802815521391338 2.7155140713281671339 2.672067349748214582 1.49134e-09 4.13088e-06
10743326.488706370816 5209 1.7102143806898184586 0.10158380495243403419 0.049136157530492635681 0.88568456107032933478 5.9680219474487969933 0.82785154939875327251 0.75537269981959187515 0.68573090164792149803 4.75685e-09 6.08074e-06
10743326.488706370816 6615 1.4336241728452969735 0.070681947672597639221 0.049124926553160266907 2.5178159334559828686 6.2108033562005857675 4.669705536808483437 4.7404888808537055667 4.8111429249737733826 4.67657e-09 6.04634e-06
10743326.488706370816 6617 2.7503824680900135213 0.24765976692392982494 0.067923183501977402177 5.775915898223706435 0.33408853204644178847 1.6312518723684015232 1.3795472536010946474 1.1364029259071866118 3.93262e-09 5.70704e-06
10743326.488706370816 5885 3.479539160162152367 0.052979315191333420376 0.30127834871433167852 5.6413164785488643105 1.2045402286614836918 3.5136825851776856133 3.5334448336939492386 3.5536776797367890524 2.25928e-09 4.74432e-06
10743326.488706370816 3982 1.3497336730063500543 0.018228681024289844492 0.17652269305781892461 2.040091877394730524 1.4615963799657059052 3.7104221356565263434 3.7203176768365318061 3.7302879819103980097 1.70782e-09 4.32179e-06
10743326.488706370816 1298 1.4535684952770027145 0.078882165471657522682 0.13362797419695257584 0.8768567362991159797 6.0477204169874667627 1.3850850492103443656 1.3080386632375162748 1.2318639417121683977 2.27299e-09 4.75389e-06
10743326.488706370816 5047 1.8292174083308323507 0.18936865126436330797 0.11153102717654286846 1.3446042130766429068 4.6060852951760269391 3.4567242063291905296 3.5218484422823799207 3.5921341319948019155 2.89941e-09 5.15569e-06
10743326.488706370816 4963 1.5381409159454704216 0.12990427383925678972 0.12336940866608964162 5.0216381027661425307 4.7462654676853617275 1.7541164394552706263 1.6244836463063054843 1.4947665408846846358 2.1769e-09 4.68593e-06
10743326.488706370816 5188 3.2026237390324587828 0.13033945165078439365 0.30816943237395605371 2.8029759157831830585 1.4171403919797014304 5.1028796667070466242 5.2208445509253360584 5.3346957259018248365 2.40354e-09 4.84322e-06
10743326.488706370816 4858 1.1259407329247537177 0.13693229771077308765 0.063446974057301971928 5.8904961262791646348 6.0243010125230487262 3.5094281163925047373 3.5622826462744114906 3.6182044794575318747 4.88084e-09 6.13312e-06
10743326.488706370816 1267 1.4702299106032326037 0.2611915179606153492 0.10305574333625142081 4.9684785092710086474 0.4678523425811354497 5.3772646669271573217 5.5700000183441495949 5.7408835403408611242 2.48068e-09 4.89449e-06
10743326.488706370816 693 1.2273723029521279582 0.31952140123050182252 0.19737192564341313195 5.7373726715637074491 4.612073353340020887 4.1297615604391708644 4.4286904951610672754 4.7354395940346103444 7.32683e-09 7.02245e-06
10743326.488706370816 5830 1.9334247744272554659 0.26839948341779235053 0.080920227073484465863 3.3149389080343438785 3.6143117058339688796 0.57054452256511289931 0.43830531529956973102 0.32439507542959888919 2.51554e-09 4.91731e-06
10743326.488706370816 6023 1.6199138250123115146 0.16358333229225635597 0.048565412035323309026 3.293629368858763673 1.7485133853295087292 2.713953307984300789 2.640152406719185052 2.5615197021525690779 3.26695e-09 5.36493e-06
10743326.488706370816 696 0.94431467432063687095 0.10134833018399262705 0.17235466759063305942 1.3321757974593271268 4.0973988439154442887 0.34179163522410160869 0.30929304577657817932 0.27844410348074932759 2.31909e-08 1.03107e-05
10743326.488706370816 6155 2.0840582871429544909 0.11834920561669008687 0.10034079579611039634 2.6367962979093468867 4.1513791651766123181 4.0247366381454536821 4.1200346020798761515 4.218220475183030338 3.03729e-09 5.23615e-06
10743326.488706370816 5191 1.8799579536823185499 0.050699489348374066067 0.13917025081149961285 5.4463907100427402241 1.1426677381809897671 4.8243579485047440869 4.8746193080594277802 4.9246530875830929475 2.79475e-09 5.09289e-06
10743326.488706370816 6978 1.7799306233146048317 0.23984041035096265171 0.12681004343131518919 4.1675890259411740857 3.5676973544690970819 1.3998917128055032855 1.165981091248348811 0.94552573837991271688 2.46129e-09 4.8817e-06
10743326.488706370816 5211 3.2296689045762758674 0.041244542210247446545 0.32340117382529237622 6.1053048793350956913 1.0361861168479189477 3.4766115730474593803 3.4904473768932571254 3.5045456581237077742 2.07199e-09 4.60942e-06
10743326.488706370816 5231 3.1641039985773993237 0.097467082999058485271 0.2337918657879146378 4.9536894688007544474 0.36312300203235026164 0.51700742899283702592 0.47069178706750464114 0.42649017716827647417 1.89135e-09 4.47137e-06
10743326.488706370816 6057 1.4601723655913243505 0.11180732596083457764 0.20119380258955082974 1.7433230995094772808 4.4709543957863440156 1.0570363216088343172 0.96204816139367843597 0.87032539913531015152 2.11922e-09 4.64417e-06
10743326.488706370816 5989 2.6971433629495225048 0.21027482407843064993 0.14828540912698032206 0.13186732073504048302 3.240735183917621498 5.6893699495387854981 5.7986095574976594946 5.8965625083347275037 1.60714e-09 4.23514e-06
10743326.488706370816 5869 1.6074940315322643336 0.20519641355536644145 0.15309774639870932234 3.2777030535023015112 2.2025642626652777167 4.243789642145502583 4.4373212671958341957 4.6348036926018547632 2.00715e-09 4.56082e-06
10743326.488706370816 5060 1.8540589977051167292 0.051388494919617083712 0.13425612889239310621 5.6964242530213908822 4.8588207859043048842 6.2103931651214177023 6.2140395040806826188 6.2175899720377154622 2.03606e-09 4.58262e-06
10743326.488706370816 6888 1.7029368325975184906 0.16128449486059409645 0.076372328014635448845 4.7168892000899624861 2.5097512926088150209 6.2680003615371147063 6.2702804387304631462 6.2723617361500370038 2.28028e-09 4.75897e-06
10743326.488706370816 5027 1.8385498555389661046 0.1338491195478816731 0.18101869643280485422 0.36260778745799254752 0.20489309530902430345 5.3419000811624135494 5.4463484853658146179 5.5457352170284472948 1.92434e-09 4.49722e-06
10743326.488706370816 6690 2.8288664388028941232 0.10473124661047426842 0.14904230619874928032 1.095559387771058768 5.8110679585059914487 5.1905956946749256531 5.2815720260055964985 5.3697915064968455567 2.63564e-09 4.99435e-06
10743326.488706370816 6526 1.637174165172012863 0.096996514882208936803 0.20596021990287466386 2.7769199788210268132 5.2873671341497203713 5.2803426866010632068 5.3601732767212748598 5.4375205050443256027 1.74858e-09 4.35591e-06
10743326.488706370816 5245 1.6014249693115241158 0.21113501149609917307 0.031194607545913553143 2.1697330170719149045 3.0131409565652957916 4.6918061143792071377 4.9049622770939427241 5.1121944567069155241 2.53784e-09 4.93179e-06
10743326.488706370816 6159 1.9883508325136007855 0.17709198304167239613 0.093831079543180290203 2.8965634384339842278 5.9910398332725689485 1.9541788092785856712 1.7833337418495600613 1.610226537839117622 4.4573e-09 5.95033e-06
10743326.488706370816 6127 3.0042293003997877499 0.29162013344694648342 0.27639738445646783171 0.75319284302583100477 2.1168272675338180022 2.7455261146959966112 2.6123832802299751243 2.4651585569432241662 3.18976e-09 5.32234e-06
10743326.488706370816 4750 1.6653809811068178703 0.1180075359386574263 0.054992091520088597079 4.6350485061652779706 3.5038889693103811851 5.6624113348876177199 5.7281040528271915946 5.7902954824356660524 3.28876e-09 5.37685e-06
10743326.488706370816 1127 1.2497239522020109348 0.10090822671508797859 0.074684673017914079973 0.38192824223378857296 1.0978515953458556353 2.2062305907052293108 2.1223395779967555441 2.036394339033284151 1.29908e-08 8.49954e-06
10743326.488706370816 6775 1.6705665729119820728 0.11585450616476876406 0.097059466940854224881 1.5244206645045665915 5.8838253307356289667 1.977453601690043028 1.8682840210958497895 1.7575183186222953502 4.4281e-09 5.93731e-06
10743326.488706370816 6840 2.680484674350400276 0.26975493030297836849 0.54921561894914494584 3.726820513097624854 2.098105174043912502 3.6666269452271427198 3.8226692334959864183 3.9925149705465194927 3.2421e-09 5.3513e-06
10743326.488706370816 6263 3.4634624477080713234 0.087023118317589881476 0.27314714168081444257 4.5346535409464472366 2.1167742247670409128 2.8306859984581680401 2.802859945081598525 2.7739428521139188888 3.1828e-09 5.31847e-06
10743326.488706370816 6103 3.3439820011803340627 0.01838371362165823128 0.14416957788000941965 0.58194060946071435314 0.80590677911461239269 1.7490519352152358312 1.7309289471911319946 1.712780432120280194 3.07621e-09 5.25842e-06
10743326.488706370816 6054 1.8115235469955437431 0.11638501631333787734 0.067492785065230639918 2.1938764388992537668 1.6589361521132448551 1.2355386345309704588 1.1274426399746928507 1.0223099469638592396 1.03293e-08 7.87422e-06
10743326.488706370816 4670 1.1033008280948308766 0.22865562488461990687 0.16737198073223247263 1.1112616642440500403 4.9099079799004075042 4.9335451365566687087 5.1531362883331102154 5.3599400045890499555 5.11284e-09 6.2288e-06
10743326.488706370816 6657 1.7892908992123877088 0.070331448479644842475 0.10590143084619735303 0.93360217868867867441 4.7015791458798332769 2.108644401400661561 2.0470765377789419404 1.9845725221263983418 9.52311e-09 7.66378e-06
10743326.488706370816 5408 1.9391477126128267017 0.12358798186386722728 0.07609947733730197672 4.0236543271257891874 5.2140459879404978949 0.48548010612121567098 0.43061272961327062836 0.37902368576348843821 3.0092e-09 5.21996e-06
10743326.488706370816 6810 1.7956399954837451993 0.13444957070425314627 0.09597952061447566352 4.5733729918541028425 3.7495958635831776462 0.64021961324314125008 0.56371941119921398222 0.49187846029073784004 2.57322e-09 4.95461e-06
10743326.488706370816 6641 1.9979522850704856118 0.034900296833369336136 0.029210076692783214225 3.6207223039392690822 0.78398360447187753763 5.7107290571378657162 5.729366247006886681 5.7477216830080584131 2.45986e-09 4.88075e-06
10743326.488706370816 6221 2.0346807102397335143 0.10551414770321621006 0.098621455270850602592 4.3336610904013603829 0.35117692032048375417 1.9498500307661765785 1.8496724698959847721 1.7482348174465680568 2.14299e-09 4.66148e-06
10743326.488706370816 6725 1.6439318359704515604 0.087918864578438588042 0.14699236326236092554 0.91829033867683207415 2.0731786075761649002 1.1507202877379227868 1.0717498721104115056 0.99455365231973513751 4.94994e-09 6.16193e-06
10743326.488706370816 5707 1.0244258208057330783 0.1110320424507653253 0.042375595259187194552 5.0747413652978767828 2.6695468857906416993 1.8461484100370098016 1.737427104507370812 1.6279329463615841433 2.27392e-09 4.75454e-06
10743326.488706370816 4769 1.5111380679244670322 0.13650325478442665306 0.032271520391451938292 5.710983562223242771 5.3644391033680296488 2.5559514291891525239 2.4755954925898686625 2.3912578427258872615 3.36602e-08 1.16741e-05
10743326.488706370816 6914 1.8126829280210248196 0.22950944691310248835 0.09692450674834789115 5.3921790033895167227 2.2972164968652153405 3.9014152043325900365 4.0759473559138914567 4.2605224612318348676 4.41745e-09 5.93254e-06
10743326.488706370816 6913 1.9453655077930089856 0.025999799308605551357 0.070922728858049149947 4.5174893786939316342 3.6203016498688609381 2.7568062772823935802 2.7469263255466209728 2.7369293977901154591 4.44786e-09 5.94612e-06
10743326.488706370816 5534 3.2670932063822668567 0.15372732981233996896 0.14153977937593598124 1.210037130361945934 5.5498007284996191402 0.32133676722263948555 0.27584027018920698193 0.23397178054204692543 2.18919e-09 4.69474e-06
10743326.488706370816 2174 1.3115027712836218043 0.20052076063380575022 0.1843426452703723073 1.7643070431923064678 3.8043890201597818645 0.92396027751777320969 0.77189812431189741559 0.63203556201311494878 2.03153e-09 4.57921e-06
10743326.488706370816 733 1.7004149054385484519 0.13746529309382674033 0.071226251840547274985 0.85020028336460573559 6.1314964153759969889 1.2342175295144199865 1.1069259073386870096 0.98398691200173471483 2.10139e-08 9.97744e-06
10743326.488706370816 5309 1.3643600484661713157 0.31033222326873410868 0.10982669927747262806 0.03235361342159438075 3.8394390991088642728 3.9105883795615770104 4.1591351184096225779 4.4231717509229788732 2.20889e-09 4.70878e-06
10743326.488706370816 5934 1.9878152914391760131 0.33913685601678883463 0.11670904152322790492 2.6549474270841444401 5.0897796545875966245 2.1120351716787983953 1.7857845643894412202 1.4544550106216245222 2.95537e-09 5.18865e-06
10743326.488706370816 1475 0.96508418435616982745 0.16895528767025064232 0.076018684776787415203 4.4147786948522531603 0.70505704963396242935 0.78388389091119969887 0.67068154947172187175 0.56567244961563567518 3.50237e-08 1.18296e-05
10743326.488706370816 5323 2.7904962038268150692 0.165607107555366867 0.090601641224049955792 5.0488599689236508539 0.34365093374041649765 4.5229867473858993421 4.6889926919934055149 4.8545544760844849819 2.25995e-09 4.74478e-06
10743326.488706370816 5796 1.5831086237152613982 0.17003416671396295867 0.098388670812739179028 5.5109093153698740508 0.43217219592099159753 6.2139890943614410901 6.2248994051177186648 6.2348043894037008528 5.43667e-09 6.35762e-06
10743326.488706370816 6237 1.7851727065309368481 0.074168679760108963128 0.15830333078769903699 6.0499109417980507786 2.6061220367393715946 2.9091823248690675818 2.8914350767076939519 2.8730741279698173152 1.89473e-09 4.47403e-06
10743326.488706370816 5200 2.0599280799897168315 0.094805735280904510076 0.14562852607349499601 1.8041074545093696013 6.2099139702350045766 3.5744092766029376129 3.6160536566151750826 3.6593665152141543473 2.18438e-09 4.6913e-06
10743326.488706370816 5979 1.7541310861340286831 0.42107750707986979499 0.14410291964202487369 5.4480208423154712349 1.7041287753778384673 2.7950924486661974377 2.6063708091554822488 2.3916078596724696936 3.8601e-09 5.67174e-06
10743326.488706370816 3020 1.451244990670117474 0.14093083071577494625 0.074288133300730876951 3.8980329839126381941 3.4554632942981973187 1.2105276124226436174 1.0813910069917498369 0.95700368367103116896 1.84633e-08 9.55624e-06
10743326.488706370816 6021 0.90502038116674832224 0.09215006048117027615 0.17346457253584823821 4.489223116886913445 4.1716556143759166986 4.9069761529968536351 4.9967178314982634291 5.0851680794930498308 2.07244e-09 4.60975e-06
10743326.488706370816 6618 1.9433746405115992495 0.046546355533685204731 0.21442817073351272406 2.1770299363752654287 2.4210035708157175982 5.0781008754601391075 5.1212267981866368416 5.1639369641483110485 1.98254e-09 4.54211e-06
10743326.488706370816 5741 1.6440586150809646249 0.17598580416893083722 0.060449556295105948134 4.1197669496233029207 5.4002745248195802574 2.7798248358656314494 2.7113974288934694634 2.6380028577597482986 4.83963e-09 6.11581e-06
10743326.488706370816 6184 1.6863579390424083826 0.037774048910415795877 0.11346209754197456032 1.1668099872763360025 4.467864141245065035 4.0918429856271032463 4.1229244489868506207 4.1543236917530999008 1.8099e-08 9.49296e-06
10743326.488706370816 5807 1.6992565441001543647 0.12040022912718383041 0.037753503057583168157 3.2192249234907870381 4.2402477935074447402 4.3974175958584993396 4.5143707419033605177 4.6324181540930418066 4.88354e-09 6.13426e-06
10743326.488706370816 6935 3.4921867677173987765 0.052298743962703092558 0.47435568298221136851 0.14442838330639348743 0.010688336629707822015 4.0903536721988551506 4.1335374923296548388 4.1773163268915034507 2.603e-09 4.97365e-06
10743326.488706370816 4786 1.1762058129088770464 0.37153463665066993604 0.042959808941783535208 3.0978592576756480703 3.4422590514940289985 2.9395455392640474912 2.8443021077562100629 2.7354682122633811048 3.70633e-09 5.59541e-06
10743326.488706370816 5525 1.8058360087821547779 0.13366877703168744684 0.17683140396003760308 5.8142428347014769585 5.6364150497535705497 4.7834990975835056659 4.9165983439008904554 5.0474897011070378738 2.22151e-09 4.71773e-06
10743326.488706370816 6499 1.8002523731796742368 0.29047914816989256481 0.088759671236506243464 4.1047491979922980931 1.0257071684552545587 5.4573451609151515385 5.6549864762892587677 5.8256977046920797036 2.00728e-09 4.56092e-06
10743326.488706370816 6270 1.7463591566067055982 0.046330057257363478629 0.091806125062908014445 5.5246590145793339488 0.33071257558322914027 1.5067906592924769082 1.4606073214416417372 1.4145582406223549121 2.07589e-09 4.61231e-06
10743326.488706370816 753 1.7098206189199594007 0.13869610471718224476 0.039428312093793896342 1.783721758630295362 0.83329872837368412775 4.5069031031200221804 4.645088283461291212 4.7834704027733288001 9.5243e-09 7.6641e-06
10743326.488706370816 5204 1.1585868036762403399 0.17908330836256686203 0.15201014246811128672 2.7141173692500979442 5.166382886771225813 5.8906578177448727374 5.954381573746537093 6.0122095578975542907 5.21728e-09 6.27092e-06
10743326.488706370816 6739 3.1872259609103554823 0.021742817235591307967 0.127724009357810947 3.9623041846912285813 3.2860034269842914867 4.2562766123743838165 4.2758923180278376464 4.2955964921427147729 1.84353e-09 4.43337e-06
10743326.488706370816 6996 1.7579548022482907044 0.14106235244736092804 0.081336639528751572548 6.0855260666687485127 3.9445955681111759539 3.6147081020827789288 3.6836311956196077233 3.7564029212387906043 9.30536e-09 7.60492e-06
10743326.488706370816 6207 2.9119039451456076861 0.029544911999567505245 0.24366165519944218976 5.8827052352977320382 5.799605217740365859 5.0003715227907763463 5.028585643096858071 5.0566658646780897612 2.10618e-09 4.63463e-06
10743326.488706370816 3539 0.89878855226734644113 0.14783460169083253999 0.028661760343205201773 3.0187353890762720354 3.5215833859475837997 4.4693502756268612686 4.6159972417582437743 4.7631455822645829556 4.11193e-09 5.79249e-06
10743326.488706370816 6242 1.3570144856705821379 0.011806323335037685607 0.11035007816695817373 5.8964199289902312628 0.39846607155565660907 4.1341026486140943774 4.144021539265021481 4.1539716822909342753 2.33848e-09 4.79912e-06
10743326.488706370816 5277 1.9906417712549786536 0.32314879948105129648 0.16386307242673317508 1.8758160012347684376 5.1669880277068154228 3.5871161622608380704 3.7550301387590021562 3.9410609559947449299 3.07432e-09 5.25735e-06
10743326.488706370816 6413 2.7292410332298433495 0.16416009394245265063 0.21255769021164719335 0.44371029165891351376 0.31348016630705316521 0.95139445425829316516 0.82315520907711747789 0.70277747611445195997 2.71272e-09 5.04257e-06
10743326.488706370816 5651 2.7637803034165955296 0.12680211286850343044 0.22490970024459627785 0.54893155342632393712 2.4750289664536517797 3.8543795637338296167 3.941794015744579216 4.0327740710200998819 3.34796e-09 5.40892e-06
10743326.488706370816 5618 1.733415014814658317 0.099416170012266269485 0.097374504415839030491 4.3255701588185777595 2.5898095078958158766 3.8739432553806119053 3.9431165359398949732 4.0145387982387186199 2.08811e-09 4.62134e-06
10743326.488706370816 4460 1.682686743801324214 0.066571999239994725239 0.053033236429045650662 3.126887097916638325 3.8042484083779024573 2.0137151006834108635 1.9526467713537809523 1.8908695086337203861 8.50531e-09 7.3804e-06
10743326.488706370816 4541 1.7957021092241765015 0.05961438120913044314 0.11889697056507632367 0.84648448176525281639 4.3472630370015368229 4.3320881442903829139 4.3880983129177009161 4.4446054127871530426 8.09289e-09 7.25913e-06
10743326.488706370816 2302 1.360488124822348377 0.091671467049521074277 0.050492617874937507916 4.3302206836307970406 4.840776226965187945 3.0472472349218904242 3.0381784156254250107 3.0287151692419249649 3.55428e-09 5.51782e-06
10743326.488706370816 5194 1.7191003658583288161 0.07664301392956199277 0.11141045717967611173 1.8542252904704579208 3.9879368586154400056 0.035336751183420334055 0.032725177337261386612 0.030217468770430001845 4.75382e-09 6.07945e-06
10743326.488706370816 5446 1.5686525583255819249 0.050539460235612940209 0.11197070612541958068 0.81143122065936501563 1.8048298895936063513 5.8234990752550439552 5.8454380401660976929 5.8668617285844817388 1.15731e-08 8.17837e-06
10743326.488706370816 6035 1.458477074552422259 0.13754497741195564897 0.13846901435425529314 1.578136349761310564 3.2604421495471820336 0.14366091965813138076 0.12514200857316296056 0.10797424519241793917 1.02512e-08 7.85432e-06
10743326.488706370816 5242 1.3770178937273713782 0.096667561496100867791 0.18987672579200504108 2.4735046605667490027 5.5099031279115502358 5.2506862234810860457 5.3318173957537267071 5.4105251329978063524 6.62026e-09 6.78904e-06
10743326.488706370816 5853 3.1240245147282030835 0.060528975612205132562 0.18368554565543049328 2.3243585199200529345 6.2425703078602881035 1.0358153126974822822 0.98449970839831335567 0.9340793505471159941 2.34516e-09 4.80368e-06
10743326.488706370816 6435 1.875158420533672432 0.40353268954211951591 0.51166521495642813822 5.5912985986301571018 2.4256598351070559616 4.0607598471507291293 4.4403317139209725894 4.8290225194076938919 2.19619e-09 4.69973e-06
10743326.488706370816 2364 1.5425870697847403612 0.12869318066047422122 0.1984027510114906856 1.5921010989135542246 5.0858808925566805215 5.2214237135469474538 5.3307158818711384285 5.4355814488549034635 5.09377e-09 6.22104e-06
10743326.488706370816 1936 1.7529194325966042101 0.17920969292564750686 0.11751578378656959978 2.8967117290468644697 5.558228888582045002 5.5360676122745253736 5.6510813032445428306 5.7569661936406495428 1.41895e-08 8.75332e-06
10743326.488706370816 5146 2.7975575209457042014 0.10059520572905171487 0.161314387572057516 5.4773590613570402041 5.1640957226892068022 2.6571303445373071206 2.6079768384230672673 2.5568091090995364034 2.55901e-09 4.94547e-06
10743326.488706370816 5990 3.1385656524614882201 0.034079461186228426905 0.12306111232272802514 4.3243376677996137047 6.0227335753905180127 5.9260686666361088726 5.9377979839214747315 5.949335965569803264 2.30118e-09 4.77347e-06
10743326.488706370816 4781 1.3971883777086329115 0.15316929252129074523 0.13548939328910852842 1.8112722030157482056 3.6575156590513144828 1.9434398283164000532 1.7960622958757934686 1.6467628663960316437 2.90062e-09 5.1564e-06
10743326.488706370816 6437 2.0164997526178085607 0.30791216796412956835 0.16179768334389649231 4.6789497450850818794 4.8199585086490346342 5.4002018892953067564 5.6209278509656144251 5.8102626307758749036 2.58679e-09 4.9633e-06
10743326.488706370816 6260 1.6228470951901867725 0.20570695776636827024 0.10557761970360729498 0.24320372104676912794 5.2539696197686591717 0.93659001805149144637 0.77913898937697989577 0.63459548727653558586 2.41332e-09 4.84978e-06
10743326.488706370816 6759 1.4384574405384304985 0.1201191802470522596 0.070693447657205449319 3.4937122953800523462 2.592245972204761717 0.018269476785314545803 0.016192298789821653326 0.014247378125439334046 2.57453e-09 4.95545e-06
10743326.488706370816 5535 2.2531428161814059941 0.28435720492528487879 0.094064635449663314137 5.7724699874907923203 2.2460949900846052252 3.3416434473925686888 3.408887294614168173 3.4839926060699268895 2.07392e-09 4.61085e-06
10743326.488706370816 6894 1.310489933090145831 0.19439873692598741428 0.1602525281595473805 5.7876544116053487699 3.0285257667994391895 1.3644651797033160445 1.1766971874919716079 0.99720050402103999065 1.64258e-09 4.26605e-06
10743326.488706370816 5536 2.7440375408820290026 0.21751084361405040313 0.18800841982858873536 4.561907531949640493 1.9059591474123795951 3.4716029800313128462 3.551192221046159947 3.6378141855244976455 2.74594e-09 5.06307e-06
10743326.488706370816 5704 1.8884208892661473733 0.059458156879621124058 0.088417756234051181341 0.36427922477865121165 1.2684947283645653382 4.716440717654064585 4.7759263084028020785 4.8352644895989458362 1.97064e-09 4.533e-06
10743326.488706370816 6765 1.9151652219301003033 0.29067939835068862253 0.16637915495370397823 1.9325704871882034563 2.37361340101028917 2.2897326506015733827 2.0431811093466003548 1.7843352564092977985 2.03075e-09 4.57863e-06
10743326.488706370816 5471 1.9426560133058865532 0.036154067461898205249 0.072898315641676356136 5.4879407079105888556 3.7940433131504684994 4.8018193686224179828 4.8377787744748044219 4.8736489961498490331 2.7508e-09 5.06605e-06
10743326.488706370816 6432 1.7580247986843897667 0.12453391928617028872 0.082927059616399470543 5.5838884555676866484 2.8572027354936451182 2.0933057378728858744 1.9815944722136240586 1.8674214783072773383 2.86603e-09 5.13583e-06
10743326.488706370816 6327 3.0379097832516004374 0.10211513262215093922 0.17120036469973506921 4.7025878088049770653 4.222250175876430589 4.1274108946250862573 4.2151964560405428273 4.3049480068571526203 2.25041e-09 4.7381e-06
10743326.488706370816 5661 2.6288410719927064463 0.26686311377010191181 0.05733016099912254665 0.52503973528661262993 4.8712614169915875451 4.0705179997714919793 4.306397569727184127 4.5515677308740567497 3.01386e-09 5.22265e-06
10743326.488706370816 5236 1.8636144477111193929 0.1003024124212669177 0.035128741653662608202 5.6802797905786874821 1.7924827725393857047 1.6607908930927985924 1.560271987754615175 1.4599751301155470262 5.32813e-09 6.31502e-06
10743326.488706370816 6863 3.1280043361520539769 0.10107607290357042973 0.070210041512735979485 1.0700780267226555065 3.0616338829775813224 0.89803096443642482782 0.82123981063978790385 0.74725302559043960127 2.72515e-09 5.05026e-06
10743326.488706370816 5484 1.381340668869682986 0.17462249719769887268 0.14864050149662788591 0.37902692909807722543 4.3008170192746106864 5.3205523795597038372 5.4578453537817086527 5.58615419594004603 3.31273e-09 5.38988e-06
10743326.488706370816 793 1.4363391608001621069 0.14950600965454416413 0.14609035780934079285 0.33178767818408361201 1.8971852999983223054 4.0936214800664201263 4.2215057541413791853 4.3533576225412771166 1.51413e-08 8.94482e-06
10743326.488706370816 5606 1.2769634770915880839 0.10528654664790232376 0.11304307295716924109 4.2126441599886828016 4.2963110530801777998 4.8852870561101244817 4.988265683293676922 5.0895710046744904176 5.08172e-09 6.21613e-06
10743326.488706370816 6951 2.9875225355203136601 0.014136467571512292135 0.093238352099002108631 0.61386745010140519874 3.4783404560887083434 4.3803631304086714238 4.3937588523781290206 4.4071837671200757569 2.54062e-09 4.9336e-06
10743326.488706370816 6569 0.84278396198787852711 0.16184827653017219706 0.013488662210267250013 2.246361607051774012 4.9415271279458572451 0.63860067618483085106 0.54751222361432805297 0.4632597203288607024 3.03689e-09 5.23592e-06
10743326.488706370816 5290 3.1786116736465781507 0.06639235286216446652 0.214959864215373192 0.50189399004497614598 5.7145874483523630971 0.3459414989425019793 0.32408826418778791112 0.30294597487304458783 2.68653e-09 5.02629e-06
10743326.488706370816 5908 1.1596834101122941441 0.073313399501382936485 0.16072889398099923786 1.4812343292332501576 0.24752701120014142244 5.8472352316167279795 5.8772346311510244021 5.9061855318254004032 1.41972e-09 4.06366e-06
10743326.488706370816 5511 3.1737692657980156596 0.048181809955785387389 0.16594452519066027474 1.9584487680571760482 4.1434326391847253745 2.4377128920679815849 2.4059310599821843724 2.3735973169894912793 2.90982e-09 5.16185e-06
10743326.488706370816 3318 1.620823361847698596 0.17012461750046328768 0.051010195420337904604 0.92368189304348957691 3.1167136759964382264 5.9225931675869016857 5.9785560050270509791 6.029583108893336707 1.35718e-08 8.6244e-06
10743326.488706370816 6089 1.9915992589347559782 0.069973711731106141842 0.096054985972474790645 5.1824959475629128747 5.4505410012021320298 1.1012067383443671087 1.0397250950009326864 0.97938921020345326429 2.91473e-09 5.16475e-06
10743326.488706370816 5321 1.7382242143925255018 0.21012967630457096702 0.058443961285627364644 3.6310775938024093534 0.92434835963045747231 1.9550484446292037966 1.7505854687071895626 1.5438427842429243153 3.33881e-09 5.40398e-06
10743326.488706370816 6639 1.7126719269320898054 0.086629901931014913208 0.10219272157094856646 2.3302954785764424805 1.8923394243955407035 0.6131753279584162275 0.56495000719907872977 0.51857064542832520537 2.07227e-09 4.60963e-06
10743326.488706370816 6707 1.6745852161502137179 0.13962212539998050675 0.093976368049055222786 2.421636806762150318 1.3173199959624934952 2.7031440806123288034 2.6395590549891121412 2.5723716041829227663 9.44992e-09 7.6441e-06
10743326.488706370816 6167 2.0769544100248102936 0.21260603399795113821 0.13742635596432453693 5.6009093379030883142 0.82363038974790447888 3.0666704363896735153 3.0486393559956606047 3.0289053706962492107 5.7681e-09 6.48427e-06
10743326.488706370816 5328 1.9534068976164329356 0.47155272768837119823 0.2522874667515078162 0.71977179080177555726 5.8399752519199195078 3.4472449345159610345 3.6447615016902714657 3.8721461380372081962 2.1043e-09 4.63325e-06
10743326.488706370816 5733 1.8293852765519091896 0.084794486494895682238 0.11426789612300262966 0.084423451708021582385 0.092328285732604459257 5.4446603719632218343 5.506068591258055811 5.5655287520044787186 5.33623e-09 6.31822e-06
10743326.488706370816 5660 1.8100215901058092083 0.14629214350133659672 0.14015003795886116222 1.3218875483271883553 0.1017183241386125786 3.2952684556123803539 3.3195460101536795605 3.3454420050230071482 2.91299e-09 5.16373e-06
10743326.488706370816 5634 1.2250771309624410854 0.27636558052330423285 0.08672388095010115372 2.2408325058153359954 0.25646333298222356856 2.7655658796829953872 2.6465875022764486779 2.515303851444077754 1.63706e-09 4.26126e-06
10743326.488706370816 5938 1.287384092859514606 0.10568951835472688294 0.18814854024721150427 4.2750875937229402268 4.1553054020493842557 1.53146043380025354 1.4258745439231850227 1.3212929471622898436 1.88863e-09 4.46923e-06
10743326.488706370816 5974 1.2231738307740847027 0.38461721694477657429 0.11481890661012936206 4.7478411097308823585 3.3733874328829092093 3.9147190730363168321 4.2378973786010973868 4.5800240534028855421 1.10219e-09 3.73481e-06
10743326.488706370816 5130 1.8957724354027560842 0.27042944201068147558 0.10010750244528221486 4.1328932772406030693 2.376166814610293887 4.8228584995696639481 5.0910253240370932915 5.3423001350950061195 1.98119e-09 4.54108e-06
10743326.488706370816 5567 1.8818020289435728465 0.25518980277963038139 0.094697921490009218104 0.027670369032925377917 6.1057753220567763108 6.1520930984664348173 6.1821442559748795986 6.2078850504564382362 1.31986e-09 3.96606e-06
10743326.488706370816 5099 1.2138536336505745261 0.2089626349834300123 0.16250907288536592388 1.5352598792259839477 1.1005407054841718217 2.1592841095386159367 1.9731233768616902591 1.7808459266238283458 1.59506e-09 4.22451e-06
10743326.488706370816 5186 1.3240635875134159072 0.084023921835419915216 0.19216324212813565286 5.6103836440420407072 0.19421644325835379918 4.7589881963539282239 4.8428558621181014843 4.9261656866421752454 1.92365e-09 4.49668e-06
10743326.488706370816 6503 1.8933125974308624428 0.16656602937347364524 0.1611291832735013696 1.2729988075394131908 3.3221321704433388611 3.73254258883578105 3.8329092801904449672 3.9391037975467382282 2.13987e-09 4.65921e-06
10743326.488706370816 5303 1.278434679046854372 0.40168901289804387345 0.086223640447825308786 1.8635741444681699353 0.11630643026791816219 1.9205984906984399085 1.5023507290032094286 1.1016022651439092428 1.73716e-09 4.3464e-06
10743326.488706370816 6928 3.1977996930094891859 0.07898882553673661211 0.16310643514083875139 3.1982696577643383584 1.8384248664965283648 2.7034677708431793519 2.6686615718083204207 2.6326823516830408778 2.08658e-09 4.62021e-06
10743326.488706370816 6704 1.0877315102508660072 0.085095280752150254111 0.1810361084549819144 1.7010192153932990333 5.9856938913653499057 3.3452712569151392685 3.3632657224170108279 3.3819749461811978719 2.12708e-09 4.64991e-06
10743326.488706370816 6110 1.5355443385042508719 0.2138401097517451388 0.081321739458390052135 1.926692085129604104 5.4922788967089353207 0.86898893900005946822 0.71486395227787091766 0.57468862075337479034 2.11495e-09 4.64106e-06
10743326.488706370816 5818 1.5030539628746095726 0.19567706447659558022 0.13363181922382780242 2.6174866737108595238 4.9620255583342647299 3.8080595976842812611 3.940301210747055638 4.0804951660036357097 4.47796e-09 5.95951e-06
10743326.488706370816 6417 1.6586053184694242724 0.07815427003441667575 0.096318288780446723041 6.0285388280638931846 0.61967912918458634142 1.3953545341761137699 1.3188423625809713169 1.2431556452868919305 1.63097e-09 4.25597e-06
10743326.488706370816 6814 1.8509465125827349041 0.2049680435873645068 0.050849904050477345852 3.7933538304210303593 3.4468284382329810178 3.4747683863690861372 3.5498381234584726052 3.631210354602809165 1.89305e-09 4.47271e-06
10743326.488706370816 5074 1.8613126096762164785 0.062769068148977202881 0.126494189957026687 0.32452340497257659013 0.26753770632528117712 4.4177052351601098223 4.47836288013306838 4.5394209040215907081 7.61828e-09 7.11436e-06
10743326.488706370816 5804 1.9686550570233636304 0.17305379062404682711 0.11113730368523667968 1.873092116974025112 5.7078101379891057476 3.0830469997168510332 3.071871736346715398 3.0598160400099452261 2.60554e-09 4.97527e-06
10743326.488706370816 5185 3.5310245764703194205 0.056120761826638609904 0.2418971192837686135 1.6853973160708368706 4.6654750709489292149 1.3852892925412376712 1.3303861511606973611 1.2758794003708702203 2.64564e-09 5.00066e-06
10743326.488706370816 1465 1.5869501654812732117 0.29317515607920280329 0.11241666766001860711 4.2859066903320783837 1.2133273239955215672 0.81834390734367257192 0.62049442874109317358 0.45003140056955132087 4.65109e-09 6.03534e-06
10743326.488706370816 6582 1.6843022603614483668 0.20502388056690448725 0.10844496473850173679 2.9475445850760184641 3.2160965683881466148 4.9501664997600984819 5.1461333746595192551 5.3321717266344261787 1.86721e-09 4.45227e-06
10743326.488706370816 5739 1.8323793108509369709 0.22162630869861821292 0.028977750812350853288 4.6496105500558480017 1.8137069062454431734 3.380606440422424086 3.4402190247604456097 3.5054231803380391241 4.86337e-09 6.1258e-06
10743326.488706370816 6719 1.2229136295327529549 0.11598167044522610103 0.18948968392933018823 3.3046261504229148542 2.285788914033489938 2.2590318658109507233 2.1657661949090845077 2.0697141898445861052 2.09817e-09 4.62875e-06
10743326.488706370816 5548 3.2068029947163507742 0.10401605570596440808 0.322092610484865427 4.9007276336102698622 1.9026913421533755422 4.1050098103208938483 4.1932244762078454414 4.2835347541917290215 2.11518e-09 4.64123e-06
10743326.488706370816 5914 3.201860890301113205 0.066074749595394152712 0.19425344790523674243 0.070402816187284528171 4.7170138529260370319 1.0925212924762373046 1.034693240458209873 0.9778884011214957761 2.63408e-09 4.99337e-06
10743326.488706370816 5262 1.5619172772202480903 0.22427241549827445222 0.15375033572640900426 4.0618527936176658244 3.1249970344708679626 3.0586471871995071226 3.0374249223690563682 3.0141052005127377811 5.08958e-09 6.21934e-06
10743326.488706370816 5490 1.0775456381888037782 0.097540470119359456991 0.13305052344393092367 0.62524528256385236702 0.44293099770574634322 0.26020823223685818348 0.23618878480137447951 0.21336441906612943487 5.31486e-09 6.30978e-06
10743326.488706370816 5459 2.9740015698634789665 0.19862786751484109993 0.25282602500610101837 0.28590409551557693923 1.0129748700625087476 6.1517125765343667609 6.1756334549008577994 6.196955088444145332 2.51526e-09 4.91712e-06
10743326.488706370816 6658 2.6962927743104927458 0.47383893112589936525 0.70949093259629347763 4.3928765399681086734 4.9596731285970045988 1.8126911136020356086 1.3033235119630346421 0.84633339400496465643 2.90725e-09 5.16033e-06
10743326.488706370816 6282 2.8011590881566470479 0.0051227406685517362997 0.048274342716685195165 5.9146200486107147754 5.883217373013232887 1.3499565970406568471 1.3449610484649074937 1.3399683874440446729 2.68214e-09 5.02355e-06
10743326.488706370816 5678 1.9681224927233851307 0.17550180011994004348 0.045496990687446808854 4.7778990268580994183 5.9057097696780189722 0.65646982967131883857 0.5556719624752849418 0.46309225632552381002 1.85255e-09 4.44058e-06
10743326.488706370816 5740 1.8886593397979243303 0.34905094372014910942 0.087067279413636233798 5.6623807469294051842 0.20477808819309861743 2.4014155278273539018 2.1228814657732066884 1.8256880455026025523 3.09097e-09 5.26682e-06
10743326.488706370816 5841 2.0706745413302352077 0.045817032948767044687 0.13116492944822161215 3.5998559754673022937 1.6063193806233502237 1.2140468485414468436 1.1714395914441928515 1.1292278411425615836 2.76225e-09 5.07307e-06
10743326.488706370816 6045 1.942936158302406735 0.20750342014449843497 0.1165829641455781579 2.1626897989383211396 4.3465199398594478453 0.55016635976868621949 0.4495711132961933143 0.35939442132395416074 2.95219e-09 5.18678e-06
10743326.488706370816 6634 1.8655566353772823351 0.16175021963998420516 0.10937727937000010781 1.3096185223451852764 5.9008916143390663933 5.3680660942263704882 5.4908671776730173519 5.606030578953885346 2.7181e-09 5.0459e-06
10743326.488706370816 5426 1.7011024962984526709 0.14171030386638780452 0.081422488798321770997 2.9862074549387891409 1.9243916365384268197 5.948885459337253323 5.9926649294054019634 6.0332579643016055471 2.09851e-09 4.629e-06
10743326.488706370816 6484 3.1704349801486020333 0.080717341535824937981 0.22171447783061465353 2.5726928123726890973 1.3206307014125819865 0.60491784118470037779 0.56042630286745498402 0.51752121493034863864 1.88476e-09 4.46618e-06
10743326.488706370816 845 1.5508779515427104645 0.14763222814306534159 0.079737453844052369467 0.89149919910626729269 4.1161586495576916178 3.9173506809776559301 4.0270069348374981644 4.1413004517611851085 4.26604e-09 5.86397e-06
10743326.488706370816 1239 1.6361350132599778995 0.22991949856941726327 0.17705837712810454376 1.7491982941441142074 3.0490150002752307579 2.8169369198736271542 2.7334211376990569242 2.642158795274399008 4.29264e-09 5.87614e-06
10743326.488706370816 5831 1.8857605934513292922 0.003405574519682229729 0.12961172550876357001 5.5536757623680745866 3.0911404120630252557 0.92783428552020719149 0.92511149838525763567 0.92239150735386488122 2.32205e-09 4.78785e-06
10743326.488706370816 6809 1.7372228367204065602 0.11681145903733937408 0.090149159403702133764 3.636527152766646509 2.2313639625218524287 5.240177641012615517 5.3384580256001470389 5.4331146916626229526 1.72631e-09 4.33733e-06
10743326.488706370816 6960 2.9982853779748324108 0.1099337965075097151 0.060316327553922570448 1.8410987877251732137 1.4368948243517425389 4.2470264333234428733 4.3479824512065903264 4.450697492858066262 2.28045e-09 4.75909e-06
10743326.488706370816 6832 1.6338184997444722413 0.156807166341903087 0.094127257134012473627 0.81353513513567876636 3.2577355114126040903 2.4746989468998421557 2.3707464983640380574 2.2614922886059765084 7.86044e-09 7.18895e-06
10743326.488706370816 5310 3.4889617214433301662 0.14444491221285798987 0.33015194166629385775 4.7444936674642059771 1.4075196736512602946 4.0694531778103906206 4.1908072310006447836 4.3160456144491492481 2.51895e-09 4.91953e-06
10743326.488706370816 6897 1.9813760273752434315 0.40133475056446032969 0.21562435112606470611 3.1657644479851949626 0.8442282444771015415 0.99421734599067290716 0.68157076513292103037 0.42872440131417483 2.6229e-09 4.98629e-06
10743326.488706370816 6528 1.545244569952945346 0.066946241396968669823 0.15910473171864952802 3.3330770330533407986 2.5933254808046974915 5.1815034190860203012 5.2403752674837162928 5.2982049919539528915 2.31313e-09 4.78172e-06
10743326.488706370816 6807 1.6396868798487156393 0.16283357337818601951 0.1915595228314249665 2.6183491320834599847 2.7302409148002140249 2.0863525635106014988 1.9379993512992421678 1.7860210574169981257 2.57067e-09 4.95297e-06
10743326.488706370816 5962 2.8933009297068621457 0.2089457509844258043 0.12285732674426472211 2.8337505317310900388 2.2444080047534287203 0.43938772681687843225 0.35740191022730199988 0.28430401463500054593 2.88829e-09 5.14909e-06
10743326.488706370816 5949 1.5572782682922741149 0.023117121600445125068 0.075934566276099346727 5.6441869337354688696 0.63724924070232902285 1.4964273676748831576 1.4733918685091551559 1.450384323563177702 2.21075e-09 4.7101e-06
10743326.488706370816 6445 1.7552717594205828888 0.07630777280462858192 0.090990955084914532103 3.5680292763564667169 5.1329709472858198183 2.2385314272673348945 2.1770902883124114702 2.1143831968242148278 2.3322e-09 4.79482e-06
10743326.488706370816 6752 1.7290204997291105382 0.18756928239186154705 0.11733880438484213526 3.7095790450336436628 1.9428224735106116583 3.0290155456929510613 3.0055500690505518868 2.9801112972265553225 2.54013e-09 4.93327e-06
10743326.488706370816 5538 1.9023745135180136767 0.10673680072846675193 0.13511149282749018719 3.6677534989686146893 5.7971727054031250148 3.1019342332514159288 3.0974504240786560061 3.0927403536953672614 2.97954e-09 5.20275e-06
10743326.488706370816 6366 1.7497650110511424604 0.077281260621112790599 0.17062352857019999486 3.0755939393547842009 2.7106131332041223381 1.4585299411023353588 1.3819895657492595742 1.3060816789304401375 1.97281e-09 4.53467e-06
10743326.488706370816 5757 1.822001967708799075 0.17410875836055678123 0.1912241330519743876 2.5125356156649361061 1.3978252036819398541 0.32549910077098209715 0.27371091062808722283 0.22664825821649922655 2.94097e-09 5.18021e-06
10743326.488706370816 6267 1.8340993682524795449 0.027757823959714732209 0.11733872217034130303 2.2829312495759461754 4.8918814143543976058 0.19562804175669945561 0.19030387395383610571 0.18505327914841121495 1.78459e-09 4.38561e-06
10743326.488706370816 3487 1.0122761949380711943 0.07886267138870961535 0.12798057950448105125 0.90018813508674433432 3.7328525272016834791 4.4118125598765827178 4.4881125336672038628 4.5650001116294438575 7.96126e-09 7.21956e-06
10743326.488706370816 5489 3.2171314357714972942 0.083959941361650178293 0.30964038690323242298 1.0617603991571242794 3.6692453453867668323 0.98378730837879702076 0.91537926352622922543 0.84881634246628734353 1.80848e-09 4.40509e-06
10743326.488706370816 6976 1.8950855191878150929 0.20804709181226288539 0.12843987482818880475 2.0096310787835820477 5.3023541366321031987 2.9411726477952786496 2.8944926272620312702 2.8436057436376152019 2.49674e-09 4.90502e-06
10743326.488706370816 6956 3.4626605597417321469 0.10753143820424680699 0.37114377007461740732 2.5106060838671377944 1.7019844294870931645 3.8839715978582391998 3.9598590741678312277 4.0383529429181894699 2.20649e-09 4.70707e-06
10743326.488706370816 5181 1.5416455712548025048 0.087818428587942656827 0.12805771313409844425 2.231509722505756077 3.1435153903353456606 3.18833305788236121 3.1926331397167264647 3.1971134890950088092 5.47157e-09 6.37119e-06
10743326.488706370816 5862 1.6318915878202353564 0.22495372878543926087 0.10286226824128227864 0.068637762192098467073 5.4778880897213628742 5.5912497967709722246 5.7247148000210037466 5.8439154653396752082 2.59002e-09 4.96537e-06
10743326.488706370816 6895 1.8546783633037744465 0.18723439798643656817 0.16791926610379026563 1.9950490898307620125 3.1289928276453977674 3.1927433892693888318 3.2034076497456642763 3.2149741739234674043 2.5437e-09 4.93558e-06
