2365503.0800821362063 0 5.3966526403218875174 0.0041799586830018001932 0.015533636532438903702 5.7784171954363827695 1.9709042673410039903 1.7927367074287250404 1.7886573852219704861 1.7845762324149045952 0.000954961 0.000356051
2365503.0800821362063 1 9.0689876299106959578 0.11840517710876502511 0.06183438048321488606 0.15250329206338067434 3.3986762524313793854 0.69540271448950574662 0.62262672359248205645 0.55357625955106481985 0.000285285 0.000238018
2365503.0800821362063 2 1.3771550779204320136 0.015774257498248248077 0.048965611728335974029 3.1649163680055121262 1.4099947859497565794 2.1549339942434504458 2.1417171801617476135 2.1284446615964940364 4.6381e-09 6.02972e-06
2365503.0800821362063 6819 1.4596897626385092472 0.058490955034648503541 0.036973810429327201577 1.5110109943009100153 2.8898710059688119678 4.8006264877789073253 4.8587733917394126948 4.9166387813736882606 2.46721e-09 4.88561e-06
2365503.0800821362063 6546 1.806168092518285917 0.24633785406335323431 0.014144414642972487003 2.3522632247354948731 2.4938782653176039261 0.63833285830739405764 0.50306998787703993692 0.38430621157446281932 2.57345e-09 4.95476e-06
2365503.0800821362063 6845 2.3249397898730932432 0.031520884692912753966 0.0087568214468672876671 3.7280832050438119651 1.9729591324150665965 5.8385327411090557348 5.8519041418331187998 5.8650809747209651235 2.14451e-09 4.66258e-06
2365503.0800821362063 5844 1.9054797191016954461 0.17591661296917956991 0.0077170932455567099045 6.0043493278422097603 0.81132504642738201284 4.2688494102490910365 4.4349431303938704474 4.6041323677838530415 2.93098e-09 5.17433e-06
2365503.0800821362063 5588 2.8458090681849217418 0.1252182707045454424 0.021850555007703154758 3.6994249752602650361 0.76347081019343343566 4.7395731939710437075 4.8648612672354962783 4.9886268310198085274 2.40685e-09 4.84544e-06
2365503.0800821362063 8 1.2138458040472270838 0.031257085561426867226 0.036902665168228966641 3.0039614121345938891 2.1002352548819049893 2.3532285782004160879 2.3308094578437401623 2.3081534793997202648 2.23696e-09 4.72864e-06
2365503.0800821362063 2465 0.92232471738328614119 0.070521162281096866353 0.044030738747768895236 5.4719127048946916148 2.8362249362325679947 2.3332076441215461315 2.2808808306624426265 2.2274041544089975275 6.69871e-09 6.81575e-06
2365503.0800821362063 6012 2.2305865297292117866 0.0093474965007502089365 0.0065133590918948491844 3.5703539320259465306 3.1923400120239446842 0.29768417596923874013 0.29495462779306336198 0.29223734385982058637 2.36071e-09 4.81428e-06
2365503.0800821362063 11 1.5137965956208703222 0.12983134984971211878 0.0033517271786470295529 2.1537003986417015966 1.0753023818553093527 0.59002576756117652845 0.52123770142937375649 0.45658767987948839506 2.42862e-09 4.86e-06
2365503.0800821362063 4510 1.1655834462891569991 0.082746485934319602418 0.017564334503626453932 5.820552407838336606 4.6607769342509648425 2.7504730065657541083 2.7176179129585782412 2.6835771245474360214 2.02145e-09 4.57163e-06
2365503.0800821362063 6883 1.605589407758166054 0.052843030210641350752 0.027196981495282972902 5.268333115818498058 3.4228743144168602974 2.4871613610374607717 2.4542861574724850193 2.4207594994926657783 1.00354e-08 7.79881e-06
2365503.0800821362063 3514 1.5541608857678144151 0.093456215578669718513 0.016671127072835866673 3.2582396111693889829 0.43945913530949554104 4.3856848104605781202 4.4756845185906621865 4.5665348063701935999 1.82159e-09 4.41571e-06
2365503.0800821362063 15 1.2032189923092670991 0.10900625617984736893 0.031764525420161386637 5.902397150148418703 1.9902826372944097955 1.2283625964339408565 1.1273207124741002616 1.0288590892536739752 1.3912e-08 8.69588e-06
2365503.0800821362063 5817 1.210564767140830833 0.049888505101783539586 0.01448385182657111088 3.4032418148425054305 4.9809252257881988513 4.3991611006084259117 4.4470107390237343381 4.4951528155329816272 3.80563e-09 5.64494e-06
2365503.0800821362063 5393 2.048349034526994128 0.12951097791475402188 0.01465983985981907621 2.3277171041673430096 4.4546949896160361604 1.6249971506306408742 1.4948543551352646563 1.3657166545311476558 2.51068e-09 4.91414e-06
2365503.0800821362063 5629 0.82576906860473742178 0.11765767386674598483 0.02930258004816529982 6.0331002575467920224 2.6533905610788912632 2.5961258091824648275 2.5316369031726217997 2.4642389177851566906 4.61861e-09 6.02126e-06
2365503.0800821362063 5754 2.2381734569475302266 0.08013584503214403465 0.017347497807510686707 2.7191820242426869569 3.7741141881770774447 0.84269126476425748606 0.78435356725163496439 0.72774819034037152576 2.35579e-09 4.81093e-06
2365503.0800821362063 4221 1.1791091993437228247 0.067542192350629845499 0.041892622042406672811 5.0507790896644308987 5.8713996468285776231 5.709827855004044217 5.7454915363938141581 5.7800837128319999536 2.50496e-09 4.9104e-06
2365503.0800821362063 4451 1.2310140624480145899 0.062991556656215058618 0.016565985122038044686 0.47988083895392102951 0.032110132022357205928 1.6255381084252864543 1.5624904938009795963 1.4995011099271777777 6.32663e-09 6.68715e-06
2365503.0800821362063 6946 1.1523753350314596133 0.12911903498159629788 0.058514051470623280882 5.7868711555686562775 2.550986591888331656 2.9442907199828360909 2.9171500087633193132 2.8884128862733731147 2.99755e-09 5.21321e-06
2365503.0800821362063 5520 2.3789946241325248266 0.044978704864794473439 0.0087649056512569597371 5.1548582691419397861 2.2873950709759873767 2.4661862994908370084 2.4375497665056005125 2.4084348446384495901 2.64045e-09 4.99739e-06
2365503.0800821362063 5337 2.245802020136659749 0.078414642082980046123 0.024673802662235906624 4.9929280003180132042 1.7508684665768077249 0.71046928098442685418 0.66074006462098389125 0.6126168945364487417 2.31592e-09 4.78363e-06
2365503.0800821362063 5524 1.3659876947890705612 0.050620645386732616988 0.023946861637485376828 1.4199242050675027205 5.1551946755310282811 1.9419113845208368918 1.8942779764048114366 1.8462827983035321466 2.23172e-09 4.72494e-06
2365503.0800821362063 5259 1.6883936641768810816 0.13264049550767964547 0.047250576535458423122 0.31205276773096779497 5.055502959456264378 4.5738955316564258169 4.7068773789342612801 4.8395158597870988615 2.21606e-09 4.71387e-06
2365503.0800821362063 6568 1.3064599138723795857 0.066979496991620757207 0.042079117825166392763 5.6269135441425035538 0.77744957359661592822 1.7010832550291292709 1.6343307065738934547 1.5674863494160777844 5.76701e-09 6.48386e-06
2365503.0800821362063 2658 1.1091602321611335746 0.051523647260112936941 0.031084892993381525728 6.1853654688141155304 0.056678676670029196072 1.8972225248762453198 1.8479900798296922115 1.7984332357228445254 2.46497e-09 4.88413e-06
2365503.0800821362063 5904 2.7725393416785069078 0.015098414101573046087 0.026612579783203034467 3.2737244887771304036 6.0246811398765149903 5.4646955320955035162 5.4756630440323839082 5.4865728041127370673 3.04916e-09 5.24296e-06
2365503.0800821362063 6505 1.4682955416931293691 0.075188409627113067524 0.038371761858913069898 2.4110404391986217654 3.012819087202243562 0.77560645490731350282 0.72427997511650576978 0.67446041064323525305 2.27479e-09 4.75515e-06
2365503.0800821362063 6194 2.648922749929936149 0.063072092247410935228 0.025560622863559808587 1.3447868316817310763 6.039740253242750434 2.2129907884446851085 2.1614704436268956655 2.1090849437041812031 2.21713e-09 4.71463e-06
2365503.0800821362063 4070 1.2761307456939148253 0.060301493528366362229 0.034618476676185609697 3.5943743960439142882 0.92090862036151488468 4.9045033791279717406 4.9633929478828466841 5.0218048065483307241 1.42191e-08 8.75939e-06
2365503.0800821362063 6273 1.9988885307403716496 0.1171059894391454359 0.016993858699888005764 2.5956497999130356824 4.3539933230150777987 0.6118714663505254725 0.54749314519569303172 0.48653380582692956624 1.74421e-09 4.35227e-06
2365503.0800821362063 5255 2.3989640150563888987 0.006957240100466341795 0.020451871918306250425 5.9671436289430221933 0.61237911878523498821 4.751982627005157056 4.7589335135539663213 4.7658832189547384317 2.10444e-09 4.63336e-06
2365503.0800821362063 5861 1.4845881541971874817 0.024943708958863081149 0.038876742937197956984 4.2877220904101704946 0.60620605153256534869 2.5036786154292780537 2.4886717006815288755 2.4735181694036700861 1.95257e-09 4.51911e-06
2365503.0800821362063 6620 3.0450806957013685228 0.0755341110100211377 0.10928687125687411297 4.2168773152149654493 0.62250444927844239551 4.8787675039528526355 4.9528668520080918469 5.0262274140309202153 2.1972e-09 4.70046e-06
2365503.0800821362063 5822 3.1303470794412495692 0.055210661174515125726 0.075427924013929240066 4.5677078376632191947 1.6363493118890797273 3.6704073463740085614 3.6989621703625017446 3.7281661627664655079 2.14777e-09 4.66494e-06
2365503.0800821362063 38 1.4609707094534452043 0.11567120706394574958 0.01316304330135611815 3.4496921350996090361 3.8915589943385326954 5.9966213735289652931 6.0276945669568871011 6.0569270232710179513 4.25924e-09 5.86086e-06
2365503.0800821362063 5056 1.5249726739317297497 0.076215896413449515934 0.045102440401015013449 5.4750638281525558781 5.8315804045699053404 3.994487437293240184 4.0534392079189256464 4.1136982171335176872 1.5908e-08 9.09331e-06
2365503.0800821362063 6676 1.9338293771906989171 0.19817785732905993101 0.017894336172223242881 1.3740771874249653184 5.3403151833809561211 4.0164455281253736985 4.18022546616307622 4.3509975698874461258 2.23147e-09 4.72477e-06
2365503.0800821362063 6694 1.3252871650302151529 0.091717512144314339295 0.036085536666566858655 1.6090915342990208536 5.4015862659513285138 1.0813959972431717027 1.002030944927050804 0.92475283504856031769 2.14224e-09 4.66093e-06
2365503.0800821362063 5505 2.5239594999443224488 0.079888012237225650147 0.01605965822330400819 0.92975376569560186368 3.4703486638741134485 1.2775081516073503174 1.2018210653119145714 1.1273097226258743664 2.24855e-09 4.73679e-06
2365503.0800821362063 5721 1.9704341564450513768 0.18008265814356227974 0.011301430983857177481 3.0887453010344820825 3.336555003090989846 4.3147111297318634371 4.4877756524214618139 4.6633346887908109224 1.97529e-09 4.53656e-06
2365503.0800821362063 44 0.7515845124390577725 0.066592616769415080569 0.019534454600655653395 2.2579274186615934106 3.3147752001426975532 4.5671804463491465498 4.6334408957423747211 4.6998260910468951934 3.03887e-09 5.23706e-06
2365503.0800821362063 6552 2.2044585246418595403 0.083070809639661277735 0.036955421640293965868 5.6351696556083448186 5.9179306317935269632 5.796969517839874797 5.8344703078876749558 5.8705070979955626953 2.45231e-09 4.87576e-06
2365503.0800821362063 6562 1.9438174358589204171 0.14549245257324314173 0.015483816428661817052 3.2198234696586220949 3.6002693118969353314 4.3020288793296650454 4.4399675836386149896 4.5800945959527634699 5.16028e-09 6.248e-06
2365503.0800821362063 6829 1.2529688960377995954 0.035512040125088330245 0.036544914212746720805 2.2805220471327221077 1.0371047074406132271 1.4306870402764062522 1.3956025315190787595 1.360634082037536885 2.05715e-09 4.59838e-06
2365503.0800821362063 5492 1.713054631542743067 0.1780954540890477833 0.029547998573097901398 6.227983697796030782 4.34488031824219334 2.129024857918099034 1.9694854843891209661 1.8053579376895956266 2.38141e-09 4.82831e-06
2365503.0800821362063 6101 2.3244816760263309341 0.055120410310150920463 0.03555198766145565431 4.9403802122265387808 1.736383500203259489 1.0379589756216558438 0.99110892406799633303 0.94499331912745010431 5.91802e-09 6.53997e-06
2365503.0800821362063 5427 2.9750878061457086687 0.031629277077148056085 0.0076784923358104648083 1.8450058739376513639 5.6076142552454903978 1.2974180923217719652 1.2670876399038293325 1.2369059105446529312 3.52478e-09 5.50251e-06
2365503.0800821362063 4586 1.4019413233105646466 0.066693326838728750339 0.029489943594419979617 1.619457294292109939 2.0432465126740049222 0.23643365449366463005 0.22128611316106755469 0.20664795787815681827 2.93803e-09 5.17848e-06
2365503.0800821362063 5928 2.1456445757448214806 0.053609850233498082539 0.015270147524223096763 2.5346344384012713391 3.7087285239322858033 4.8808882630793659629 4.9335278820279739875 4.9858322398986603119 1.85148e-09 4.43973e-06
2365503.0800821362063 5044 2.1856129756454656388 0.032251412574630621 0.013172898777118772703 3.6959207488374654638 2.7035766931518501188 1.7215986556829032672 1.6896302229257711414 1.6576062615780393639 2.3978e-09 4.83936e-06
2365503.0800821362063 6767 2.2962976613999073194 0.11499154077575993171 0.038911812691803444875 1.9051668011566798011 4.1888209044411492954 1.0365390508332894548 0.94015081103978326293 0.84727823376402988664 2.88634e-09 5.14793e-06
2365503.0800821362063 6805 1.9681512454729015449 0.077649388331713878331 0.027820711106378435279 4.6842513917889370134 1.4070045162279138928 1.8202136784928442115 1.7441596399775971538 1.6676742019723986843 5.50666e-09 6.38478e-06
2365503.0800821362063 2030 1.3599944941285004862 0.046408644151180469817 0.076165271467205808431 1.3543935245552751745 2.6657473913095484086 0.79893244984295286315 0.76619069920136262386 0.73401115618928669537 2.20424e-09 4.70547e-06
2365503.0800821362063 57 1.0958376541142409444 0.0025494275303539599108 0.051505960165860557864 2.056321026369010152 5.838773609555719446 4.1903233826902850367 4.1925346117543913493 4.1947472383189481349 1.22432e-08 8.33326e-06
2365503.0800821362063 6531 2.9698115183638593706 0.14987473688994237819 0.037346552196330852491 3.0855582068309548305 4.8579043152433349917 4.9017081765776557845 5.0474126054578043465 5.1889546879842365357 1.99511e-09 4.55169e-06
2365503.0800821362063 5020 2.2744749630549403463 0.012396926587695802566 0.013786965004373452973 4.4459101296803620329 2.8344324920590189265 5.0148376757984216567 5.0266504125314135365 5.0384401988963798402 2.26068e-09 4.7453e-06
2365503.0800821362063 6440 2.3358791106499245949 0.051909685233278657357 0.033864148889423593969 1.4967199479670427742 5.3802934215666651241 2.6169061596832356997 2.590288092927947261 2.5630978541109326052 2.6244e-09 4.98724e-06
2365503.0800821362063 61 1.1884222531209072127 0.026699855269458672158 0.014000010180096951473 5.7075186935052846238 1.5562786532907133541 1.2853289038444675185 1.2598023941396401248 1.2343833338166763092 7.10665e-08 1.49763e-05
2365503.0800821362063 6940 2.6104079130874446868 0.034737181670602738925 0.024523525706324222212 0.89850759494264154092 5.5932478393622133694 3.0855975919391540607 3.0836185823308377429 3.0816058543883166898 2.22825e-09 4.7225e-06
2365503.0800821362063 6876 3.1221361921411969753 0.0095955304209617946209 0.041518688316741950151 4.4975214982392550667 1.6976683757958457299 5.9553494125221453359 5.9584252220175253356 5.9614869775014058817 5.7202e-09 6.46627e-06
2365503.0800821362063 5509 1.6810515656636275672 0.079245082983917358721 0.014402947220514567689 2.5079345514307878062 2.4193184558843401355 5.9414180953711017708 5.9670589582370139325 5.9916952404350878325 1.73864e-09 4.34763e-06
2365503.0800821362063 6600 2.2891015841907860207 0.082108551768440438123 0.03306174940683721114 1.4470463295001851911 5.9598260976945720557 6.1947219419423005249 6.2017023703841243076 6.2083854152742325994 1.72635e-09 4.33737e-06
2365503.0800821362063 66 1.2312185444091054976 0.039270418036459676936 0.032831168836551426204 1.3673425980431503923 5.1229526424613176516 3.2903706886509387353 3.2963093255699811301 3.3023609033413077185 5.41826e-09 6.35043e-06
2365503.0800821362063 2778 1.2115726030248601397 0.046823756112786274475 0.0070774242306257924631 5.9504078103837789726 0.32801241407128717276 4.8021072207911359442 4.8486621046691436021 4.8950517660740393566 1.15158e-08 8.16485e-06
2365503.0800821362063 5605 2.2894881802409030591 0.051624516012035999435 0.032054092605548964445 2.702601844844787049 4.1332140961551537828 2.3095577831578828487 2.2706950261247196288 2.2312070495835953921 2.44051e-09 4.86793e-06
2365503.0800821362063 5518 1.3379798169468239966 0.045776710808157733412 0.0359949551169941942 4.9747539011044477064 5.3544190318978905907 1.0632698993078344429 1.0236881602637712962 0.98459336242096662239 1.73658e-09 4.34592e-06
2365503.0800821362063 3279 1.1360056159026610256 0.036274238186616271362 0.060074991086556131514 2.6665951681376043325 3.9858195577739832238 0.43111789243870884958 0.41620054570693315599 0.40153529639544899288 8.56175e-09 7.39669e-06
2365503.0800821362063 5052 1.856191592633430032 0.20094491889661916795 0.011130302160315368523 2.75885288018003072 2.6261806161283445249 6.1087374012461861383 6.1407685840567145519 6.1692898584009636664 2.05358e-09 4.59573e-06
2365503.0800821362063 6472 3.4590039846229068132 0.016220553340115399787 0.073994422897326952993 0.14880649232546744321 0.17601484025665681266 4.9357756308650646559 4.9515654891013403116 4.967324298300198393 1.88363e-09 4.46528e-06
2365503.0800821362063 5797 1.0907146080086529416 0.041720724970239493612 0.044757834356777589924 0.92252607851116807947 6.1445938159753534791 3.3336991657070584871 3.3418348714785892639 3.3501334038140755389 2.19989e-09 4.70238e-06
2365503.0800821362063 5700 1.1539748278718962027 0.011689961516134056083 0.041207962857549768065 4.8431014248651820253 4.2868862355476178294 4.3716266687844633765 4.3826662898568731208 4.3937265384824044645 1.56184e-09 4.19497e-06
2365503.0800821362063 6218 2.6477231669654162083 0.061787890277984910958 0.049838982113937280172 1.098144396586264504 5.2603936274546621021 5.4594492249313768539 5.5038845613707421123 5.5473079870048795925 2.72586e-09 5.0507e-06
2365503.0800821362063 6821 2.2403893623852759731 0.043123818748345706109 0.0039883540532161454104 6.0548515363759820573 6.2080670131442348136 3.535271771081443859 3.5521572736450894858 3.5693691578985604629 2.05208e-09 4.59461e-06
2365503.0800821362063 4143 1.1999149791546659394 0.030190019912941571528 0.027156050601440804432 5.6845417414842600579 1.4195294383493932688 3.8053464279122461988 3.8241734310681931852 3.8432172252847780491 2.62778e-09 4.98938e-06
2365503.0800821362063 6673 2.7120388567645576927 0.022632382963297614786 0.021229360896376493067 2.534492474828109021 4.0039620573804626247 4.3320846618281132479 4.3531905804196151522 4.3743785399423513738 2.35988e-09 4.81371e-06
2365503.0800821362063 5969 2.2448257495878216616 0.076092705259091508729 0.011166242802228694767 3.3244111187833222942 3.8277405275772076187 3.8985616784397536527 3.9523697066091725283 4.0075234291575467793 2.00206e-09 4.55696e-06
2365503.0800821362063 5110 2.3012089380633327096 0.027238701161521647331 0.0057528050976824538637 0.78441504700225750391 0.28914383207311183943 5.4544486191350030069 5.4743455683182000726 5.4940524060285707009 1.88235e-09 4.46426e-06
2365503.0800821362063 5876 2.2865251428723762928 0.10416163786937729374 0.030115738827055503479 5.1690833934621327472 1.0343663049765243755 2.4298020279124488141 2.358800113125418374 2.2853388754470094213 2.6947e-09 5.03138e-06
2365503.0800821362063 3637 1.4693919949854343798 0.068174455163913058597 0.025878883082447522862 0.94456446115121361906 4.0519202668439593396 5.5851011588739165603 5.6278471812836210475 5.6693945594142878264 4.68902e-09 6.0517e-06
2365503.0800821362063 6028 1.8008949946169099388 0.15302167829850635283 0.031242282909036675487 0.39415171357119194173 4.4250905280076233694 2.4076079964172203418 2.2983612653200578002 2.1840852788670641615 2.1303e-09 4.65226e-06
2365503.0800821362063 5572 2.7467738734543822865 0.041953140487236945111 0.054173245608142628349 0.72202714453682459439 5.5599908565013915762 3.1562121310006410191 3.1568388633059600856 3.1574784649045057883 1.63405e-09 4.25865e-06
2365503.0800821362063 5508 2.6510813148911402948 0.029203037807348838223 0.018668306724231600868 0.12822434519308434364 5.657258295827873873 3.3228116364111688341 3.3281526998272172868 3.3335692715428497657 2.51546e-09 4.91725e-06
2365503.0800821362063 2010 1.33085496833456296 0.02890120272500039042 0.01503461710666659408 6.1233584946805228455 0.66335181539233001313 1.6737225697726032525 1.6449275384853212501 1.6161057117626977941 2.90183e-09 5.15713e-06
2365503.0800821362063 5036 1.4841040873191457816 0.053119027695261743227 0.054741799901248361371 2.3337108827522405896 0.9912184372701976498 1.6081719743098843445 1.5550122614905754759 1.5018998506080369904 1.93566e-09 4.50602e-06
2365503.0800821362063 5751 2.6210114876243704174 0.036573506360020519024 0.0078598376958253553942 3.5183505927113971623 3.3316503508959853797 1.8833486720721981378 1.8483420873270670626 1.8131682203008874232 7.00405e-09 6.91778e-06
2365503.0800821362063 5422 1.4957179229701544898 0.11269472304507506533 0.049610863925920650752 5.5676548950737840826 5.2882745622023747956 5.6020481844495915169 5.6702151507844318346 5.735048358739098795 2.97533e-09 5.2003e-06
2365503.0800821362063 4207 0.88906867341481854439 0.044026477816911352425 0.019121437195407188503 5.087002242160989951 6.2040217579220859889 4.0917644339319156899 4.128058946465093193 4.1647806326904284191 1.44515e-09 4.08778e-06
2365503.0800821362063 5552 1.200106531522994846 0.15311484979751346924 0.039858825709022646655 5.9216520988419221183 1.4864212063600352742 1.5355513987630722283 1.3823410992866156377 1.2319371774041700807 2.51442e-09 4.91657e-06
2365503.0800821362063 6882 2.0804685733045840124 0.050702550456645428811 0.029622730717078219614 0.30942948183753354874 5.0036574018758370741 1.8974978980725170086 1.8490613786209706415 1.8003091801340957989 2.39723e-09 4.83897e-06
2365503.0800821362063 93 1.0072903762389495697 0.0042149205412967691645 0.0015567202707590047789 4.6873144642200159637 3.5143734600613321106 2.7855288729367617684 2.7840566895865390684 2.7825816061407433466 6.50337e-07 3.13254e-05
2365503.0800821362063 5794 1.2979834635155338418 0.072732014012131585012 0.042785068207351013847 4.7866191596773353112 4.7777550563578463638 0.10704862581357592333 0.09953924079887409293 0.092311500634554621847 2.17467e-09 4.68434e-06
2365503.0800821362063 5870 2.4579743392279200798 0.029626895058282878836 0.041445675799519264559 4.9424281065198680807 1.303385063526768306 3.8963181847931420698 3.9168404855475391635 3.9375761452760364989 2.17805e-09 4.68676e-06
2365503.0800821362063 6116 2.5321382197762298816 0.03920465422540753142 0.019249302358107456268 3.8434610757104228362 2.0745455967545214371 0.72783688858004891298 0.70212362665244143489 0.67680367423828913243 2.78486e-09 5.08688e-06
2365503.0800821362063 5586 1.399222943594524704 0.083903991127967161856 0.031033896317488596228 4.1019721701389801893 2.072705606021703062 3.8246181417395028745 3.8794408990591335851 3.9358828914442693936 2.11391e-09 4.64029e-06
2365503.0800821362063 6053 1.8744550796108074842 0.23782269991449583868 0.006086499190216705657 2.4799796965329283793 3.0668022565651407163 3.1542804503639900737 3.1577616771688239439 3.1616068704600861494 3.14775e-09 5.29888e-06
2365503.0800821362063 6623 2.8036265114153566813 0.053965176832651735872 0.020664654091334829639 1.4654123414411721615 6.1258171266407597244 3.0839339037626039008 3.0807355796584197094 3.0774534437219713823 3.68195e-09 5.58311e-06
2365503.0800821362063 6418 2.1793029789860458578 0.051623048883911573648 0.033049873281816757875 5.2629553641094020122 0.4478215262622755044 1.0790691135675443135 1.0340882935658997077 0.98972362348568998502 2.1313e-09 4.65299e-06
2365503.0800821362063 6958 1.2692092384708617558 0.017946089801680893683 0.067725607032845691613 0.87120706608469378196 3.7775399702590033435 1.4849065650429915664 1.467039419285911972 1.4491898421314242107 2.00486e-09 4.55909e-06
2365503.0800821362063 6874 3.239871618835085787 0.061281919906559463584 0.030077996379334764193 4.8475263129769672332 5.3761942950451189205 5.2082779517914641332 5.2614404118412689826 5.3137151116733498668 2.61974e-09 4.98428e-06
2365503.0800821362063 1959 1.3893107460930118613 0.089349442640959439443 0.040285887073994164354 3.1039163693158804413 6.1887984760062888512 1.1695498354052653589 1.088592589246216491 1.0094312052166123372 1.04547e-08 7.90594e-06
2365503.0800821362063 6939 0.93500792722851422401 0.021797301106366906431 0.051622442019625458531 4.4398950370903209617 1.9641744085008296938 0.47503575974673140081 0.46516093659490909129 0.45538339438420194494 2.41543e-09 4.85119e-06
2365503.0800821362063 6668 2.6919190772469590023 0.024577282205339470028 0.046497511865138618781 0.35251558329070731279 5.622332077181209975 2.7163480922860361311 2.7060926308182944311 2.69572436504684676 2.54637e-09 4.93732e-06
2365503.0800821362063 6818 2.1972138872333344395 0.086413638725400671037 0.031149266308999657565 3.3352745230460540959 3.5349851066958928314 6.0733070280618992598 6.0906111832115596982 6.1071495496730259234 2.17087e-09 4.6816e-06
2365503.0800821362063 5324 2.1479781504423760552 0.06148432540449279976 0.029177519397113407112 4.1465512594506455102 3.4863213702805695426 3.2587101304722936312 3.2661280333843927259 3.2737652304634492495 2.44962e-09 4.87397e-06
2365503.0800821362063 5380 3.2868894635022929407 0.023624545079855386459 0.078878146410739480299 2.9555912136554924885 0.99419849297934881349 5.6605599752269482039 5.6742078277655494389 5.6877217539339106622 2.14422e-09 4.66237e-06
2365503.0800821362063 6731 2.0583971198351083132 0.023689558222183777769 0.025387751505067324836 2.6897349874405036552 3.8287196382747374912 5.2894007484464156121 5.3091295302120347088 5.3287248612093449651 2.18177e-09 4.68942e-06
2365503.0800821362063 6305 1.9263308908071634651 0.1761244469107427213 0.007250824267676820277 5.0095315715913466548 1.9823646826781586849 3.6894243934695456488 3.78937523846838209 3.8956521942960891103 2.3903e-09 4.83431e-06
2365503.0800821362063 5434 1.4403844573375881311 0.087704325600747146119 0.025101033675918621446 4.6815500263492024757 6.2227593724868190961 4.2677342238913915651 4.3485470828952417222 4.4305099780015151367 2.47919e-09 4.8935e-06
2365503.0800821362063 6804 2.3534162390985016167 0.082336498822838111167 0.01366408679409051273 5.1336606338455732512 1.4230722238986746042 4.6942596691895968064 4.7767375421414692838 4.8589036328677108756 5.31776e-09 6.31092e-06
2365503.0800821362063 3751 1.1853261476020093834 0.1038273702911272911 0.017146091534151180341 5.3124229482688942738 1.2306809332308721316 2.2525063524242230351 2.1689734068103057041 2.0831742534356725294 1.00468e-08 7.80177e-06
2365503.0800821362063 5465 2.68208645592785766 0.073227529824863329955 0.015886105390369355955 6.1933404655874415567 1.8211911178317055082 0.37663181272904727726 0.35055383511233301208 0.32540618236459506463 3.18145e-09 5.31772e-06
2365503.0800821362063 6902 1.4666909268242025455 0.041950793165663469164 0.050481726236992402468 4.3894377205724062208 2.2017676492716926617 1.6276034209753622584 1.585658023232744851 1.5437118628180948043 2.44407e-09 4.87029e-06
2365503.0800821362063 5340 2.9734611959875132392 0.075220505301114945484 0.061539526750082548801 5.4008505603394887373 0.29979978392958678279 5.0173044136125355408 5.0883237306573780856 5.1582912000932079621 3.20434e-09 5.33044e-06
2365503.0800821362063 117 1.3582830307412929738 0.067503191329928546871 0.047760566712302734982 4.2705814208544108368 0.87565259495678660073 1.6639315920059054577 1.5964577104746031644 1.5289767435739796131 2.61149e-09 4.97905e-06
2365503.0800821362063 5708 3.1257434874554173021 0.017288907495625768784 0.01656529835742439824 5.2380737844831717354 3.9148472960321809566 0.076920493054790428644 0.075603188255856282329 0.07429733656479700632 1.65544e-09 4.27716e-06
2365503.0800821362063 6578 1.3411408144136369724 0.060805823590594179628 0.034758512099055678679 1.1649515837233843651 0.70686832908901553463 4.7587376471314550841 4.8194301835174577775 4.8798879885274697443 2.04961e-09 4.59276e-06
2365503.0800821362063 2398 1.3215304128796319105 0.060311473090773871919 0.030866046670347570269 4.7179032708863175571 5.6983141474506702195 3.7151636954342608377 3.7487695555055116081 3.7831803408766861985 1.04501e-08 7.90478e-06
2365503.0800821362063 5235 1.9814495284543900411 0.17645752670772427151 0.016635900545926961963 5.4116309913533804377 1.6539892601664878402 5.1014990542852718391 5.2603517789195972654 5.4109737306048559802 1.69779e-09 4.31332e-06
2365503.0800821362063 6625 3.1404697223973365716 0.03476372868888275014 0.034089611167465658226 1.4126587808138535429 4.8807457939484200082 1.1228166775907020281 1.0917106122713091665 1.0608606971408078845 1.8891e-09 4.46959e-06
2365503.0800821362063 1888 1.2575649277237956891 0.048328814202072883921 0.034794785684081848409 5.1022601536470357786 4.1741047751588871151 2.3174354163554307107 2.2813538441191480999 2.2447206827192189849 2.49994e-09 4.90712e-06
2365503.0800821362063 5499 2.4165335165049550703 0.018200047358871380976 0.022584809229427117022 3.4853970478026075064 0.89360088044165009169 2.8458168633270517489 2.8404648573123991717 2.8350667697954645696 2.20794e-09 4.7081e-06
2365503.0800821362063 6783 2.4792874779322717771 0.034517608913129681214 0.026249463730093364894 1.5263159351685986476 5.4282254676960173256 5.8044660353827755017 5.8201307037233531716 5.8355491368507674821 1.66036e-09 4.28138e-06
2365503.0800821362063 6211 1.9901511745060063152 0.054217804560493514099 0.014736480811422146206 3.5729509015548206463 2.9150815695230956059 4.2987945630269912556 4.3490144907301999666 4.3996920218369961475 2.33777e-09 4.79863e-06
2365503.0800821362063 6736 1.1043269930107815213 0.087411002021356459801 0.031690460497769440407 3.3048657057043526741 0.82522053277048090791 2.5947203406050594054 2.5474170789718471042 2.4984821433110275812 2.23304e-09 4.72588e-06
2365503.0800821362063 6536 2.232192887926048197 0.080277599587066469922 0.012444203512643805046 3.8206739206999564828 2.6180373132404426428 2.5665271657457617849 2.5212752194987602117 2.474610373945450803 2.77887e-09 5.08323e-06
2365503.0800821362063 6188 2.5388253547597225968 0.034019158291586977516 0.0079950377885476646422 5.2106814118316249207 1.6499259616210939505 1.7985792082902412048 1.7653044002404063573 1.7319267456478233402 2.84246e-09 5.12171e-06
2365503.0800821362063 6632 2.1980580460809626686 0.10964518381872138952 0.023509948319451266785 0.58535026638406328914 6.2049296575463461778 3.4360027415096636716 3.4696846847390987456 3.5050164659269822387 2.10904e-09 4.63673e-06
2365503.0800821362063 3344 1.1723511944999946977 0.068664654771692701374 0.024346532090930416564 4.3902534466306777361 0.40301612429209082711 4.9425024029259265745 5.0088910072105736759 5.0745594361086787671 4.78095e-09 6.091e-06
2365503.0800821362063 5792 3.1449544660957724496 0.043020446641297678536 0.079834707620671768735 3.2376663178757563166 5.5982584016569632013 0.92137448231111818142 0.88753928255985048423 0.85417604034239180688 2.20777e-09 4.70798e-06
2365503.0800821362063 6955 1.4043937580480103655 0.065187894652696920517 0.049011203469408709532 1.1494971281241310734 2.771024093378773312 2.424619854889022097 2.3806647174576793802 2.3357115527337559691 1.85814e-09 4.44505e-06
2365503.0800821362063 3648 1.1639202488826891901 0.032419405892765908173 0.049908331788174206678 1.7850442281453902105 5.7098838083131786547 4.5151740647152740493 4.5470720552164474171 4.5790494630377178709 1.67909e-09 4.29742e-06
2365503.0800821362063 6853 2.7874815471629283969 0.020748744818554758218 0.019687752820812004506 0.90435848331202850492 4.7761111520122039309 1.2458350959799004976 1.2262357138113777477 1.2067064980277226738 2.62932e-09 4.99035e-06
2365503.0800821362063 6873 2.5049176662822709716 0.10175162625505300429 0.059813577697885235429 4.6049027823542898474 1.9624347886304216448 2.438870833242951619 2.3702945582217935794 2.2993669012822510744 2.07732e-09 4.61337e-06
2365503.0800821362063 5192 1.1400724037986760262 0.026069526568794725713 0.025699402257691298518 5.2218462089176220786 2.2495866912658271097 3.9262452680581265696 3.944839598732003072 3.9635996073805928042 1.17095e-08 8.21038e-06
2365503.0800821362063 6092 1.63877747239166216 0.13157369768445278946 0.033165985519872639986 2.1364006165020459349 2.0701416769073959223 1.3491495171681449072 1.2222504849991648879 1.0985882680814289536 3.25568e-09 5.35876e-06
2365503.0800821362063 6303 1.3639783628275397032 0.058167252258817948862 0.047014818040423761447 2.5044509330235666944 0.39917556780805796279 4.2527321558971058479 4.3055763630025918332 4.3589963928294919171 1.48051e-09 4.12085e-06
2365503.0800821362063 5084 2.6767614109774195974 0.010072589099710696145 0.036620374510006277469 0.11975413477071061852 4.2504602589486077946 4.8066521040270542287 4.8166753949762659559 4.8266932606906278735 2.11186e-09 4.63879e-06
2365503.0800821362063 6290 1.6473726115797489022 0.12609077277704153208 0.027381605482331719537 5.9789056155256128378 4.4501242907957196948 0.085574412220335960289 0.075396246824256621388 0.065898480260292657817 4.66797e-09 6.04263e-06
2365503.0800821362063 5215 3.04927306370293838 0.036150603547394202786 0.010642052977365017846 0.82747466677762193665 1.6386253653775844086 4.554168451576628307 4.5899773770240930304 4.6258574674405155136 2.09099e-09 4.62347e-06
2365503.0800821362063 6358 1.5819152107307907773 0.042601292046375055511 0.026598393061688353767 3.4558668543698738418 5.8175399148482433986 5.5024639169653042359 5.5320104976124069296 5.5610857893117815465 2.40091e-09 4.84145e-06
2365503.0800821362063 3761 0.91490084335409038729 0.026182813161349099973 0.012581541302103571231 2.6151707360687788118 0.23785021554016347323 2.9967752957355391352 2.9929465588534158726 2.989068902721037535 4.38307e-09 5.91711e-06
2365503.0800821362063 2057 1.4304404337430574046 0.034400940855356186565 0.058359938332487482082 3.5122571355675313853 0.89059104439860603541 5.5880053216054523801 5.60975817583185421 5.6312129622739641732 1.66245e-09 4.28318e-06
2365503.0800821362063 5673 2.0588263806147115709 0.12412012596487101423 0.0034868366261197147708 3.4369631476443465168 3.6418966407893691439 3.3708424371500824712 3.4009844429663629306 3.4328203536339563229 2.67237e-09 5.01744e-06
2365503.0800821362063 3324 1.451610320019675493 0.085603992759998873141 0.018616412638147693259 5.2584430400053205901 2.9992179618492391668 5.2656575937921612507 5.3369862217224905976 5.4064280699393627572 1.99813e-08 9.81126e-06
2365503.0800821362063 3501 1.4919282861567508824 0.020336939836719507974 0.055786813396981181634 3.116368550783685798 2.2776832236306874258 1.6085609040388213486 1.5882292563255768769 1.5678954066801082945 1.28087e-09 3.92662e-06
2365503.0800821362063 6957 1.4428837528527240774 0.088041646526803213346 0.042875803336546260136 5.5168194244957247108 1.2910259159994947886 4.0568273944156736377 4.1286554912054906907 4.202118390467660447 4.55935e-09 5.99539e-06
2365503.0800821362063 6308 2.2414777551773470421 0.0067178920605661281151 0.0034069395517248922227 4.2441340162378988765 1.13106366477834408 1.8246631165660460727 1.8181550021902728176 1.811641585866768045 2.73381e-09 5.0556e-06
2365503.0800821362063 6870 2.3911998909431804172 0.085732793102091461868 0.026015201417838029752 3.7397001751223073462 2.7488529790946270026 2.5082304068142415865 2.4555845259287276683 2.4012767963768890667 2.22411e-09 4.71956e-06
2365503.0800821362063 6577 2.4380730324000343678 0.060081183601140050743 0.015293267352667687733 0.034618411187447260813 0.039916663083894722563 5.6409882166099460932 5.6761562739375905906 5.7104283707873326748 1.63583e-09 4.2602e-06
2365503.0800821362063 5452 1.4887344562576461104 0.049424926803265850639 0.046788819165135608902 4.7858395784987646238 4.5717320798230680623 2.7226131708562890665 2.7020291544698249453 2.6809966487253862333 1.87068e-09 4.45502e-06
2365503.0800821362063 6590 2.2746741792414573169 0.035424646019730554602 0.011004792749144513136 0.51088680294675559157 4.463298481090218317 0.19217866673075512107 0.18552623168666251829 0.17899166827683368752 2.43228e-09 4.86244e-06
2365503.0800821362063 6635 1.3385426478208226619 0.01434259110877129581 0.04380230549431160525 3.2470959330958537592 4.659140857206999442 2.0138563719426589849 2.000858196191981353 1.9878216420550549604 2.82427e-09 5.11076e-06
2365503.0800821362063 6183 1.618076854227914918 0.078647033505383323604 0.017522439130308174737 3.7585631723588739384 5.179380569916964383 2.9049998325135368837 2.8858025792570800583 2.8659041046539717179 3.31464e-09 5.39091e-06
2365503.0800821362063 3663 1.1671301905129365384 0.037608747156557521818 0.034084035293458249394 2.2638321455345402633 4.4042900196299390458 3.065738781428128501 3.0628332417430876866 3.0598742602678936642 2.87975e-09 5.14401e-06
2365503.0800821362063 6090 2.0286790297755885604 0.12122848613645897942 0.015955282255933865565 3.5764618270485741824 3.7878790427215403014 3.1340075974265579895 3.1330248933905715525 3.1319862494993531143 3.39778e-09 5.43562e-06
2365503.0800821362063 6826 1.9695283883685590354 0.18941351086102162227 0.0037377148073806480688 4.4919885314146892341 2.6852849163434604485 3.6290596735520872507 3.7267686059310958235 3.831390413762896241 2.5665e-09 4.95029e-06
2365503.0800821362063 6181 2.7825235768114984225 0.04327443891735371917 0.0072783034843534547692 4.9636805273167876607 1.2613795970574857019 0.25782722532883139976 0.24701437003801701708 0.23643333494796109351 2.58005e-09 4.95899e-06
2365503.0800821362063 7001 2.5043531212119547469 0.11920550371140450907 0.0072371007720536022559 1.1559907536839624242 4.2860562019736363482 3.0544847152335190543 3.0434176171308977565 3.031733402985524517 1.72292e-09 4.33449e-06
2365503.0800821362063 5121 2.0102831481788139278 0.18991597808910640199 0.0021694090120377867471 5.0825071143838993493 2.598462327831394969 4.2097780554635191308 4.3854108208736626295 4.5652645241831111278 2.60505e-09 4.97495e-06
2365503.0800821362063 163 1.1711644003663657099 0.043367677598731939337 0.026285653966269310194 3.0092799995738599428 3.7026762170320486334 3.3863692369406726002 3.3971098482616977066 3.4080708485897179827 2.09305e-08 9.96422e-06
2365503.0800821362063 6672 2.7458736654254600751 0.021050724912859565541 0.033360343605730674588 3.5690076755631210403 5.5249249996174656374 4.2809219579074673234 4.3001295386591902314 4.3194165885387407755 3.02735e-09 5.23043e-06
2365503.0800821362063 6533 2.5434203372262151888 0.051235460776634933477 0.013473907891419603308 4.87478520953872696 4.660627611011178395 0.5286882310643152838 0.5033893864682401631 0.4786735413143003437 2.27712e-09 4.75677e-06
2365503.0800821362063 6718 1.5669146712289110379 0.15414540096250614609 0.0083568567383922459646 0.61324436019867756276 0.9380074682184323942 6.1303231942269356125 6.1522540810630577113 6.1723789122525021256 2.55512e-09 4.94296e-06
2365503.0800821362063 2277 1.0578318878387180657 0.071793620424956086645 0.03894753542426054177 1.6960791388715052985 3.549936681400580607 5.7673974435194024224 5.8017748899579890676 5.8350174719843517224 3.8703e-09 5.67673e-06
2365503.0800821362063 168 1.0648365176541716437 0.038583350226703408414 0.0090433941946012948859 5.2579889194661095786 5.3467592379319635043 6.0403958006423748017 6.049504432175743851 6.0584387894871465363 1.66145e-08 9.22599e-06
2365503.0800821362063 6330 1.5390520632009168089 0.051106586111692449415 0.045121837769788251948 2.2535703250645666706 2.0780376129453301814 2.9854880975403417231 2.9773313051655221351 2.968974168808150349 5.20709e-09 6.26684e-06
2365503.0800821362063 6663 3.0790708057084379412 0.018962993596143680464 0.058843989846424658852 0.98064827636546925138 2.1472891695669744649 4.783118816287330155 4.8020228658133587984 4.8209097338391151411 2.09167e-09 4.62396e-06
2365503.0800821362063 4442 1.4802031549519458764 0.12261617468360797023 0.0055217448386744270861 2.7863098938849240049 0.11628459742963080659 3.7645972293983671619 3.8401540679542525147 3.9190105812643065697 2.65569e-09 5.00698e-06
2365503.0800821362063 172 1.5905899702205414936 0.063302161732156678187 0.02169801573882957843 5.8640631752132019727 0.44347131718191845628 3.9592741566892311056 4.0065184838388248068 4.054694413744457826 2.7327e-09 5.05492e-06
2365503.0800821362063 173 1.4430990492279167636 0.10472802554319450563 0.061586389621045206644 3.1952307094344165606 0.98507543837388023 6.0238208281620293505 6.0494517947227270938 6.073707970203093609 1.21942e-08 8.32214e-06
2365503.0800821362063 174 1.2833376738219355317 0.034378032433821176239 0.034070305418269594688 3.6678324056842326328 3.2831577766178927646 1.7083096672821564965 1.6741689383496056731 1.6399744224622514466 4.46231e-09 5.95255e-06
2365503.0800821362063 4469 1.2251282042440021502 0.089072452454110648268 0.023035381387370986589 2.9248903066832294684 3.8586425755093451961 1.4818437790152314548 1.3933556182483852748 1.3056817227375321355 5.10415e-09 6.22526e-06
2365503.0800821362063 5069 2.7655034772840263457 0.0720197573618946707 0.02960185651735773929 2.4579684051751815588 4.8322617231353248712 0.33111610192575396949 0.30844613908264462143 0.2865824909840197221 1.18876e-09 3.83014e-06
2365503.0800821362063 6398 2.5524857924424164679 0.07444889494610806846 0.054239489864688641974 5.8784266084760261606 5.5967278519232426248 6.1666210516811110764 6.1749819271918173769 6.1830218392952316364 2.41801e-09 4.85292e-06
2365503.0800821362063 6316 1.3252766626660958948 0.07457059941931110103 0.020051789863212789861 6.2203492446433710228 3.1114256328933165285 4.9615512027065360456 5.0332288320293372408 5.1039941604337242254 5.35e-09 6.32365e-06
2365503.0800821362063 5072 3.1457342336131777216 0.059980306270806520164 0.025041291647800702214 3.8857277759596526856 3.8190100585675055278 3.7096105460300856649 3.7427421531103810537 3.7766664638999709602 2.73643e-09 5.05722e-06
2365503.0800821362063 4722 1.0253685580154230372 0.061902569592017828159 0.050182098212824287342 2.9528017548447476059 3.1300937221228917196 4.8740974205772014116 4.9349287375610870754 4.9953047930200575877 1.70563e-09 4.31995e-06
2365503.0800821362063 6175 1.5099849317972293683 0.042213418541617642177 0.024511990499629113249 1.0201347699389595736 5.9944396311385972353 2.9264428617451887504 2.9172366884054716785 2.9078451097537505454 1.62585e-09 4.25152e-06
2365503.0800821362063 6954 2.7501872041183279549 0.022225240720612386008 0.018577580079250720357 1.5687096033371730197 4.7638448026455852968 0.96518813248251045245 0.94702865297869465167 0.92898879104132581208 2.86081e-09 5.13271e-06
2365503.0800821362063 5182 1.8458327497645463655 0.30611857361578015402 0.0080857420142277161568 3.5882726630774319787 1.7399503325049445746 4.3937454501379562544 4.7044693177228804615 5.0105782913486347496 7.15827e-09 6.96818e-06
2365503.0800821362063 5372 2.4273756801901997804 0.075533230990068728206 0.025338955371461923533 2.9237381612252217877 3.9849654586280558455 3.4267080188749545755 3.4487838524246989813 3.4716237812278434305 3.11368e-09 5.27969e-06
2365503.0800821362063 5855 1.8481563356273913445 0.19315922644095334659 0.022221042762570586415 1.5886888834553065664 3.273244459773552606 2.6550233437556545191 2.5553278129763841164 2.4484618039218060126 9.07774e-09 7.5424e-06
2365503.0800821362063 6156 1.5261161403867844477 0.009361288944312795221 0.026222484896194327847 5.7285084619987172161 3.1777601843619307509 1.3597294005568465458 1.3505846886726076139 1.3414494632317535139 2.69058e-09 5.02881e-06
2365503.0800821362063 5263 3.4557626168225463736 0.057292111215534964608 0.092820790757398616289 3.115152336553739687 1.9312449839426062415 0.52387216729387975356 0.49588562071541592013 0.46862541639542321104 3.4164e-09 5.44552e-06
2365503.0800821362063 188 1.1726212370758088976 0.074501309327379430791 0.065379989018224254904 5.2640625153501581224 4.9196798453393100203 3.2918728862744917052 3.3034699858385421223 3.3154774571047838094 2.63493e-09 4.9939e-06
2365503.0800821362063 5402 2.2564693369539639001 0.053841419876340119999 0.012931014967118155748 1.4120472504215537679 4.4186746054072791878 6.2792556946628295123 6.2794618692401042992 6.2796623439623564522 2.29769e-09 4.77105e-06
2365503.0800821362063 6647 2.4190850246055966011 0.070843594034026458051 0.02219898217804331178 1.6859825442857814259 5.1418191500149461604 0.96172807146156591429 0.90472280029722673689 0.84902174802216712202 1.81524e-09 4.41057e-06
2365503.0800821362063 191 1.3706403093646282176 0.019904063701013944426 0.061704179367243948418 1.3108529062234246521 5.3527139914064525428 5.0456978128640210812 5.0644467150006855505 5.0831299655795101344 1.89563e-09 4.47474e-06
2365503.0800821362063 6160 1.159345696953777427 0.049293310561993604335 0.015019028711315997662 2.7150912169529011209 1.0025230651313237207 0.93672429551365243849 0.89756557585811080902 0.8590275072835102943 6.7722e-09 6.84059e-06
2365503.0800821362063 193 1.2088563646574732591 0.06083934213305387112 0.03782192270325140937 2.5470591493928131932 3.9539021888366643331 2.6509720249100672262 2.6214898677952436223 2.5912545804116273729 2.99462e-09 5.21152e-06
2365503.0800821362063 4502 1.0006534555662740527 0.014050947520498735521 0.052483127361441408998 1.6971331167230163661 1.9407692492866697176 6.1969006773177159886 6.1981031966847428549 6.1992972391313010405 2.31392e-09 4.78226e-06
2365503.0800821362063 3593 1.609688065473576124 0.11795499289145842947 0.013556301826683178277 2.9188609810361425545 0.19473440477397682691 5.6817929157620588043 5.7456267270307890271 5.8060244528389750585 2.78662e-08 1.09617e-05
2365503.0800821362063 196 1.4365682313888286092 0.079383188431320153566 0.023397085788770977111 0.03157839666290259556 3.8180434295718530535 6.0527104143036032369 6.0701961448245684849 6.0869763582699496496 5.83048e-09 6.50756e-06
2365503.0800821362063 6959 1.4771543170998631123 0.10050427993998621579 0.062894473344230053535 5.2121893763246038844 3.7734037397680642023 0.4885459942992684268 0.44327724702481685615 0.40017073350653087349 1.72168e-09 4.33345e-06
2365503.0800821362063 198 1.0788258099632443976 0.067171034851001093502 0.054606280211981723938 2.821869541998596187 2.628744974797278644 2.8590156242764934724 2.8396400047360454977 2.8196643412443909149 1.662e-09 4.28279e-06
2365503.0800821362063 5301 3.0190762639985777582 0.021264186053201763332 0.012262162792559830327 1.1315109540445875691 4.5051102100843030129 5.6757927907161027647 5.6878250306938866743 5.6997501367945764272 2.88595e-09 5.1477e-06
2365503.0800821362063 1999 1.1581306690935893045 0.11252321813482539514 0.024578705553509376525 2.6787134371527399068 0.30267723491078341036 6.2485676578942950243 6.2522659607723936048 6.2557445508121167776 2.86744e-09 5.13667e-06
2365503.0800821362063 6945 2.4643792028621831491 0.037899490598469538771 0.011445385684846863875 4.6084885245326629999 2.0539139574849052394 4.6555869829104636892 4.6934751932326692625 4.7313679051153600952 2.38453e-09 4.83041e-06
2365503.0800821362063 5369 1.2418000719547024335 0.045363199175915913663 0.033015888574990666371 4.108487856710540953 0.01461793331887495731 4.436887164249319504 4.4808263642416754635 4.5249787726832950696 9.40752e-09 7.63265e-06
2365503.0800821362063 5142 2.2697593994192906131 0.074821927343762029139 0.016546251305519673463 4.3763772335960293702 2.0154107953053852498 1.6083530856315573221 1.5334086072274950574 1.4586389683927472039 3.392e-09 5.43253e-06
2365503.0800821362063 204 1.1594495206926300757 0.068709742464210660229 0.012633282594641434202 2.0376327433543948153 2.7557356370342449559 1.3492720714701644802 1.2826900148751052555 1.2168122364246920508 1.77104e-09 4.37448e-06
2365503.0800821362063 6291 2.2044380466795483464 0.080588985545630681395 0.018976678482280205651 3.1816487663405159658 3.2174579810880454822 2.4634716980671731434 2.4112020561386020567 2.3574362563728921138 2.82649e-09 5.1121e-06
2365503.0800821362063 6390 3.1770224496197627673 0.062685112431244721654 0.044047882494491687189 3.0408478707686414921 2.9575629055735830342 1.5536457190660233341 1.4909624045742762011 1.42847694644450951 2.74624e-09 5.06325e-06
2365503.0800821362063 6537 2.5321789307296702631 0.059361286029529045094 0.02285137296983494673 3.1764169846971568312 2.9037996125792839841 3.701934265005218716 3.7343234591179363946 3.7674843405381337469 2.69954e-09 5.03439e-06
2365503.0800821362063 6542 2.1217483215471837354 0.16441050686710292905 0.0034792485623686320202 1.1267149637287428021 0.47843936443212858878 3.1255840686355162994 3.1226950877178709653 3.1195883142561369183 2.35942e-09 4.8134e-06
2365503.0800821362063 5532 2.5215359843833171638 0.075469589882702955985 0.030867533071746611206 0.37412646703970364737 6.0442119960129332412 4.4307553719612258192 4.5040928670229671837 4.5779311580882913191 3.73025e-09 5.60742e-06
2365503.0800821362063 6258 2.2222174622851489367 0.087978020329143563627 0.010679771774840148002 5.1772833327223803934 2.0735617951655442859 2.824710377019165719 2.7960440124488226132 2.7662447186129082155 2.1259e-09 4.64906e-06
2365503.0800821362063 6788 1.6639687224405999011 0.19628721765459200554 0.032424410442849153913 4.8385798629307288365 4.7847413454974496716 4.1407535523784115838 4.3164472924437156109 4.497548511200006871 1.29645e-09 3.94248e-06
2365503.0800821362063 4884 1.2641336040961561604 0.025082216240498635823 0.019677582120206309202 4.6500934562775286807 3.9193581570834821193 5.3669970407265505941 5.3867460906857846936 5.406338023737944809 2.23294e-08 1.01814e-05
2365503.0800821362063 5462 2.807949105315570737 0.028495569721338577518 0.014907209180440391186 4.0960991741897769813 1.8493820851313587106 5.723834576972506305 5.7387776457000976293 5.7535358282383892714 2.56816e-09 4.95136e-06
2365503.0800821362063 5368 1.3520170541390188479 0.020568732810333431593 0.028574940869258786541 4.0885152057470373066 5.62276697870532427 5.6865777534680512773 5.6980376645888757281 5.7093982378526249022 2.65835e-09 5.00865e-06
2365503.0800821362063 215 1.208937818941198783 0.056087236425558191499 0.019047145796016677621 0.50533273165278946859 2.7920580411802227161 1.9321300136839509864 1.8791094580041494133 1.8256669137734216068 2.26196e-09 4.74619e-06
2365503.0800821362063 5510 2.2932826699082582422 0.076182927408613140829 0.029823221797421497342 1.5497825638071054399 5.6437417750649281345 5.478848360837354825 5.5323787407872941913 5.5843529198500485577 3.25682e-09 5.35938e-06
2365503.0800821362063 6261 1.6550477392609732608 0.19572411872216388673 0.041921383275453617812 0.72102102117787236768 3.5801101839251208148 5.0673200893213499185 5.2460071540243129462 5.4145202025067655782 2.48402e-09 4.89668e-06
2365503.0800821362063 5082 2.4082004316388787579 0.03053716756775287991 0.026052518191712177587 5.4102477479710113784 0.80220254381917810438 0.13932901005252681936 0.13515026615477387928 0.13103571236930383614 2.46409e-09 4.88355e-06
2365503.0800821362063 4188 1.507207286247177036 0.16001462293341922605 0.021787858197160378526 0.88414978571737035118 2.2396472332924144411 5.9007696760195873509 5.9566759808558220612 6.0079988687246626 5.10361e-09 6.22505e-06
2365503.0800821362063 6695 1.9874223530436425644 0.15026174872337649813 0.0093507105332220601807 2.672995320348230841 4.0505537059164637981 2.0095098396299624355 1.8683994195533653038 1.7247428649563523173 5.61749e-09 6.42733e-06
2365503.0800821362063 3901 1.2592438924221944774 0.002180339154830312088 0.014160976891033596331 3.0417753214187932542 2.4726681549210001165 3.6240581465925512106 3.6250707258805019428 3.6260842814115012978 2.89786e-08 1.11056e-05
2365503.0800821362063 222 1.3162419358318537821 0.044954661640215512475 0.026407441792057312346 5.4823560910678219571 2.846410144338994197 5.6214654211560706187 5.648619422335080742 5.6752698028966968025 2.82767e-09 5.11281e-06
2365503.0800821362063 5971 2.349728705766815029 0.045329202580193864169 0.028866383439200726801 1.0680386444161493742 5.9947350301237722903 2.1677148266237833418 2.1297253386279448861 2.091294174577062126 2.72325e-09 5.04909e-06
2365503.0800821362063 5748 2.1373101159072542821 0.1529796022512801279 0.017369936123092039049 3.4018695521217021671 4.5394656121307086494 6.0087478799146740727 6.0475710204883421639 6.0832826314873926776 2.75123e-09 5.06632e-06
2365503.0800821362063 5053 2.9536923578598495155 0.084830417783360187456 0.0678674665870063476 2.5293246182918043274 6.2140151889038452993 0.3910250292834168695 0.3598615642843940865 0.32998898494779116408 1.90259e-09 4.48021e-06
2365503.0800821362063 5703 2.9757171287511656743 0.048511668966909470002 0.029350638078262922259 4.8501264087130167013 3.2323658323299171435 4.3125320049918443033 4.3576620347304073633 4.4031534334021342758 2.53483e-09 4.92984e-06
2365503.0800821362063 6595 3.087375185482378992 0.015465646605313980791 0.016766948504404431686 5.9766690880397481678 5.6420324049830741231 0.1330817237841624423 0.13104508746761869831 0.1290241861589406791 2.5233e-09 4.92235e-06
2365503.0800821362063 5266 2.2535907096308362974 0.0041396160982496415376 0.009936875714704534665 3.507271087090478634 2.6426181132141564056 6.2604201437962929688 6.2605141805086725881 6.2606080222303281957 3.03615e-09 5.2355e-06
2365503.0800821362063 6201 2.8231545506926045697 0.071316624915803386586 0.088089264710597886543 0.44187828314756738557 0.26574990059635245077 2.9444954604880697602 2.9300050830906272381 2.9150277125583894389 2.16426e-09 4.67685e-06
2365503.0800821362063 6628 3.3212911563407181426 0.015217281435633783424 0.040547768826963988265 0.46187167080685143095 1.9560450707962531158 0.5227845648284806801 0.51523601862791390538 0.50773785171188767773 2.5094e-09 4.9133e-06
2365503.0800821362063 6808 1.6970818456739906743 0.207688967130680191 0.02344709664763015497 5.7805610443697492684 4.6151727143407939025 4.6902399507507492871 4.8998847440508574991 5.1039337756855225336 2.07842e-09 4.61418e-06
2365503.0800821362063 5481 1.9747746942587132146 0.10067925325687877847 0.035904546983142153482 4.876624349876116149 1.7534414384454679592 0.61295039313759525079 0.55720021466397007259 0.50395981873425532704 2.0621e-09 4.60207e-06
2365503.0800821362063 4662 1.0365938980213482701 0.15254683422346662636 0.0072838326469182330253 4.6291721927082303267 2.4255080105156721082 3.2784751191797951719 3.3011348388746650784 3.325369378221199046 5.28399e-09 6.29754e-06
2365503.0800821362063 3089 1.4923727763468996876 0.083651707759444027257 0.047311371418697206748 2.1717618859858629499 1.245380506766124773 5.2391437284978099598 5.3100587013269056058 5.3792093142232841885 1.46985e-09 4.11094e-06
2365503.0800821362063 5878 3.2015812949263571241 0.015537834796637698884 0.030249787354181656429 2.3355639080802994556 3.5166563282084788433 2.0656261410740937023 2.0519008258527295929 2.0381267785163155182 1.44428e-09 4.08696e-06
2365503.0800821362063 3948 1.5025346454092911586 0.030182350699545588274 0.036876143158513299825 4.6908966479070963729 4.473252136781194821 5.2135462028831502934 5.2398308335557288729 5.2659113265686263716 4.474e-09 5.95775e-06
2365503.0800821362063 237 1.5271083858719494142 0.10909499911247912129 0.0096886182368794478842 2.9558296929359904048 5.931351479568557572 4.1916390732903909822 4.2891350657572884231 4.3886032266185113215 1.25099e-08 8.39334e-06
2365503.0800821362063 7000 1.8564499660605811027 0.10967516626505005584 0.0072080733779740831929 1.2584424585369329286 5.0384718562717054624 5.9692024908176417597 6.00148620010261169 6.031974600507882478 1.77966e-09 4.38157e-06
2365503.0800821362063 6152 2.216640217409822089 0.042307581865835934554 0.0071386124120107318641 2.3345891755614118779 3.5843071428678681123 2.8913206751546494111 2.8806184322906518425 2.8697021493182552909 3.09466e-09 5.26891e-06
2365503.0800821362063 6297 2.8581066381939037591 0.11964576335008829389 0.014639467849649962991 1.6663596863065408549 3.5473565591442515199 0.60285868600698888642 0.53800619134513749664 0.47669672734679691128 3.1612e-09 5.30641e-06
2365503.0800821362063 6900 2.3098714937492146326 0.039356235009362645905 0.0043576951467102689047 2.2805180536557454474 3.9589942317923108028 5.1303624530502158763 5.1660555520628603787 5.2014307551711622679 2.88244e-09 5.14561e-06
2365503.0800821362063 5592 1.3216180971204041228 0.049415107296240184942 0.039760880744133524078 5.8360578834369132295 4.3606133003174933904 6.247511743158056241 6.2492327385609884871 6.2509101860517857219 1.7846e-09 4.38561e-06
2365503.0800821362063 4039 0.56303928841488193324 0.020439406299424540958 0.0060885611898426946625 0.035606632990196333821 5.0184225481039472783 2.509093006867913811 2.4969084349751451413 2.4846254541331447285 7.48043e-07 3.28215e-05
2365503.0800821362063 6407 1.8642475529485600383 0.1196602667948706844 0.023758403047262132562 6.2812123677561251256 5.7600808515084755967 5.5024740391517390492 5.5834905785136834666 5.6605498964460663203 5.15346e-09 6.24525e-06
2365503.0800821362063 5576 1.863675001167713452 0.15790155517292431275 0.029382223458288534573 1.8773976953325075545 3.9147738925199324633 2.29069565391813601 2.1647870772520092508 2.0339318841476567989 3.16141e-09 5.30653e-06
2365503.0800821362063 246 1.1128073414891446191 0.038189735397599358646 0.0097606225567564482842 4.4808127045434300584 0.24142490591191312355 3.9328274819130393247 3.9603668476846936031 3.9882571555290429188 6.41901e-09 6.71954e-06
2365503.0800821362063 5992 2.205738650952521418 0.11040060852301496197 0.014381585979603045064 0.62016856795765695765 0.11750083487392280757 5.5363655926691830444 5.6086228009464074162 5.6775741305601234998 5.52752e-09 6.39283e-06
2365503.0800821362063 6022 2.2860167528185777464 0.080195057806230679587 0.033303963684982271221 6.1026068650595588494 0.064486885274880487162 4.7132112873859970392 4.7934898784409538663 4.8734213450635532894 5.03968e-09 6.19895e-06
2365503.0800821362063 6421 1.5423283301122674427 0.049759298271959608029 0.031773380431340300656 3.8622211329227518206 5.4057159685289697393 1.6986451853253901056 1.6491142906058653406 1.5995075187372229664 1.29814e-08 8.49748e-06
2365503.0800821362063 250 1.2959932542338987727 0.045203160680074051803 0.035857548816118058055 1.1861807835111306542 1.2832291619801530214 6.1756334790641025378 6.1803815186599235787 6.1850203936609728927 1.26159e-08 8.41697e-06
2365503.0800821362063 251 0.81690843268636703645 0.044122915887060069895 0.048520058513608625705 2.2152470922487301763 0.75945539902345926553 1.6829789576132454521 1.6390104563792591286 1.5949901563507613567 4.17811e-09 5.8234e-06
2365503.0800821362063 5711 2.5327099410690450121 0.048027500215395174665 0.057161893819141558482 0.76050275346795881415 6.0354417055228015698 0.50848237075336666368 0.48556851212718155075 0.46315353830689187653 1.73005e-09 4.34047e-06
2365503.0800821362063 5322 1.7857312364832580442 0.24814570228224119841 0.014044244709061846563 4.5062671400567495539 0.39162761381296901098 5.4135769596017686567 5.5912381598731171195 5.749564474063414643 5.00791e-09 6.18589e-06
2365503.0800821362063 6478 1.3206166991175438685 0.049177006478273214973 0.022986537030174596791 3.1175571543403037822 3.8586142645038465915 5.7051815944535650971 5.7315215314080791842 5.7572954421828832494 6.80451e-09 6.85145e-06
2365503.0800821362063 5351 3.0427399550423235297 0.023809131577798379326 0.031879635927086334701 5.8348840915528690232 0.45524014467392254213 3.6488386883707715214 3.6605276511078077561 3.6723359238794661685 2.44807e-09 4.87295e-06
2365503.0800821362063 3611 1.2183213338837053374 0.10650197414344628188 0.02286292607185844844 0.65564138538305083426 5.0098270261453050622 2.4126317975974309604 2.3385716597935024552 2.261948009244505009 5.33062e-09 6.31601e-06
2365503.0800821362063 257 0.77604394701763179665 0.15265470236812356264 0.014326781424109039792 1.0557582950316539705 2.5397356872955052509 6.1710648385383723991 6.1870271840026598298 6.2016835628683137926 1.91327e-09 4.48858e-06
2365503.0800821362063 3776 1.46954046841016428 0.099074339057666924169 0.020488716971056513544 1.3740867667690572773 6.2826098237452630002 4.6256748887311402996 4.7249661041924619909 4.8240326073636534687 2.26546e-09 4.74864e-06
2365503.0800821362063 6660 2.0545339188926305951 0.11079961483203829009 0.011864470807997068783 0.90565042204367651735 5.7230803225981761173 5.9325581627609373925 5.9688363636042955918 6.0030953146052317138 1.90857e-09 4.4849e-06
2365503.0800821362063 6496 1.5318177662863297073 0.077349745375895936905 0.050241258264126259503 1.4848974506473542334 1.2838070867658790686 4.126110443132748884 4.1920291018939757066 4.2591408587191184054 2.30992e-09 4.7795e-06
2365503.0800821362063 261 0.95175677630926280859 0.12215838675646129019 0.067170947133455810585 4.2375125883279212147 5.9978145157063886828 5.7184492721325952402 5.7808218002903908328 5.8396408643990653786 2.34124e-09 4.801e-06
2365503.0800821362063 6786 1.7861245221594208576 0.19726100585970354762 0.023357262531892322016 5.2317127893924295634 5.6143336703863093717 3.6096255582955851793 3.708188353937127868 3.8140707324741076611 2.66323e-09 5.01172e-06
2365503.0800821362063 5113 2.7317582031634271011 0.024946125642928310834 0.027424249272788716464 6.2781581034505880012 0.47679846001564996083 1.4477281588420123359 1.4230059769676186576 1.3983317922883216067 2.30522e-09 4.77626e-06
2365503.0800821362063 6436 2.4510574670943263698 0.073477737138994470012 0.028898837197346569777 0.7219305951755249362 1.2057678903010313753 0.46154630596003920484 0.42982748812195775701 0.39920828718795337009 2.46254e-09 4.88253e-06
2365503.0800821362063 5868 2.2238351824182989169 0.042401184950445112987 7.0904854697559902867e-05 3.803980020935837647 5.0064843457478627187 5.7557441162647888788 5.7767102073973131127 5.7972789324606557315 5.1245e-09 6.23353e-06
2365503.0800821362063 266 1.4272953377491772731 0.068490996556121938599 0.03720989844664293611 1.1733098062465738831 5.0928495906499771095 4.9519443959916964459 5.017996194055916348 5.0833136215626133492 2.72457e-09 5.0499e-06
2365503.0800821362063 5723 2.4469244156221399145 0.082048959853471575832 0.035709855958373025453 5.9440506617542681056 0.78884934517697635759 5.182715359290424928 5.2546085809697267166 5.3248888805076379782 3.04405e-09 5.24003e-06
2365503.0800821362063 5407 1.035792129931840444 0.056864296657436121107 0.036130262698874038296 0.028132750771276835572 5.2772708171971025592 4.4105415851594855781 4.465328814794453649 4.5204664589486203141 2.909e-09 5.16136e-06
2365503.0800821362063 6026 1.4500805053822281021 0.052487186156216183996 0.069492746420759796133 5.8734410271141532789 3.3252481904397965806 3.3345120840283604124 3.3448484541395719916 3.3554434741559102662 2.7134e-09 5.04299e-06
2365503.0800821362063 6389 2.8432375719800213609 0.034356221202329853548 0.029027714778180977589 5.1991450559035499168 1.5308097136242733161 4.3635138376639863722 4.3959978669589885314 4.4286487988860585574 2.28496e-09 4.76222e-06
2365503.0800821362063 6005 3.0357377168110977195 0.06391148384861071452 0.0095189259041981149484 5.8529548562246338506 1.8346846152063285285 1.9750950793387243021 1.9155441398929593522 1.8553931622840145188 3.36675e-09 5.41902e-06
2365503.0800821362063 5476 1.344509121745879332 0.037947009573824595774 0.034213634553631071256 5.0500720811449042458 6.0092800251378877263 6.1161031245710111293 6.1223002038646932021 6.1283790090303593701 2.54251e-09 4.93482e-06
2365503.0800821362063 273 1.3343283413292590378 0.080243980919689844589 0.045194516680731704195 4.0216616418767685559 5.3465640312506241827 3.5286634839762061056 3.560172772827487897 3.5927890273850744407 2.70853e-09 5.03997e-06
2365503.0800821362063 6710 2.2867145267670681008 0.063367782827782451194 0.025179602484155291092 1.4729799017090812185 4.9421671664882680375 3.9719508714937350469 4.0197889186385333815 4.0685560275858136947 2.35382e-09 4.80959e-06
2365503.0800821362063 6685 1.98607360246048259 0.13469298911179267142 0.0077388088293144233556 6.1581210180400649534 0.81398791829044225832 2.9588025588954103284 2.9324554351881002567 2.9044910161954682337 3.83061e-09 5.65726e-06
2365503.0800821362063 6827 3.1115607674975920283 0.04292475368975226524 0.079920119383502449817 5.2701122138328280187 6.0094593178842501402 5.0463479741742984785 5.0866309103603146724 5.1265846278562836602 3.04652e-09 5.24145e-06
2365503.0800821362063 6370 1.5582412126974860556 0.060730926761282374993 0.04293713993038071608 1.1493160700392566209 2.2253394393932377504 5.0887338998543194535 5.1446276270438069389 5.1997731454329860767 3.33821e-09 5.40366e-06
2365503.0800821362063 6524 3.1874681720649915562 0.13375540890969644936 0.034299593936109852577 0.053441903601863606499 6.1352265867949675737 1.8872293656250411775 1.7569991167581109348 1.6255557649734106995 3.2456e-09 5.35322e-06
2365503.0800821362063 5813 2.3461746515491981313 0.071554883396102622606 0.039456608199279645521 1.1993552454469473822 5.3065692399923545253 1.6265570333387069368 1.5549092372067705448 1.4833633838332653809 2.31465e-09 4.78276e-06
2365503.0800821362063 6312 1.6346549402219952007 0.10697621923885039519 0.02007113750231465793 5.007921266111018177 3.0240878640867205895 5.7911948939905864009 5.8395764959989495679 5.8854908778188113061 4.34831e-09 5.90143e-06
2365503.0800821362063 5154 1.3589852191661693226 0.016717416665597218534 0.016421866487392928341 3.8228945035871548797 0.90029633317605728404 5.4839797579849136611 5.495894091861458719 5.5077374471194007199 7.48541e-09 7.07276e-06
2365503.0800821362063 6686 3.4497391470769285249 0.059238835593574346028 0.085999796267873657163 1.9463245322490123623 2.3605130487367183001 1.2101968197251917747 1.155307260600360042 1.1011085229267976171 2.71129e-09 5.04168e-06
2365503.0800821362063 6999 1.8949444353258455553 0.17888645263042093903 0.011951081172293072721 5.9243719492070399113 6.0184983288485787156 3.3914504311050412966 3.4403019496462547977 3.4929458900073822036 1.75544e-09 4.36159e-06
2365503.0800821362063 6170 2.2277066672840768469 0.090901624905401504084 0.026731504934792940653 1.6799946538193077927 5.0180660749843113422 6.1214512851456186482 6.1354883084234739243 6.1488654458281128967 6.44558e-10 3.12323e-06
2365503.0800821362063 6886 2.8420790100500865627 0.14368517487895976492 0.059924762991160555881 2.2283736822860391591 0.48499337795010660779 1.5956449517560491458 1.451246878019023967 1.3085872601614094712 2.88448e-09 5.14682e-06
2365503.0800821362063 6185 2.0865209097692498652 0.099961214021436109456 0.015225302264167654351 3.7617025652035946948 3.0082244569353728814 0.6075711243166357356 0.55263682901813182546 0.50016385200882063078 2.58926e-09 4.96488e-06
2365503.0800821362063 6817 2.6898698986161928559 0.038114893708920960513 0.021880477379540831662 5.8814565403262362153 0.88842315024906526322 1.6828119909383765229 1.6448458485557710951 1.6068354054076166015 2.14676e-09 4.66421e-06
2365503.0800821362063 6149 2.1435107717647539083 0.067665389568298761613 0.0279781211557143146 2.3812243813639089041 4.2048069886335568413 2.9396553790241388704 2.9256022171633855322 2.9111005121409556651 2.75102e-09 5.06619e-06
2365503.0800821362063 5846 2.7179829950690876927 0.03916003324793463497 0.030931349625752172644 5.0164237954462080893 3.333414265672711263 4.536303949951958181 4.57500121345053401 4.6137922470481385062 2.37403e-09 4.82332e-06
2365503.0800821362063 6333 1.3745013964800274486 0.049106757603167197623 0.040386174155917081707 2.8128358245639892843 4.9498077753539915236 4.5951317515260701185 4.6440616402004737395 4.6930538118656137669 1.94245e-09 4.51128e-06
2365503.0800821362063 3272 0.75994049080204573166 0.017038546673416799654 0.0049245357706820588189 0.30470268740620182202 5.8322263206021061066 5.2764991088165977828 5.2908332858794855369 5.3050999028747378716 5.39838e-07 2.944e-05
2365503.0800821362063 6244 3.2213001391410442942 0.04994304208808594131 0.067935184788171440462 3.3059960442168132566 3.1325222704869797319 4.5463377821030022119 4.5958189238940523325 4.6454230225930386311 3.08558e-09 5.26376e-06
2365503.0800821362063 5786 2.4889030804255032336 0.036977002267057842988 0.0098455878931111642793 1.8276152323423839885 5.3193647512155628476 2.497633651552699785 2.4750938730376610408 2.4522332904792487618 1.60493e-09 4.2332e-06
2365503.0800821362063 5172 1.5394892807598055118 0.070149353476675099794 0.017210056222929776687 1.1361069211804590839 5.9543551841751316545 0.27786175507197730106 0.25922595980651252923 0.24124440414513423359 2.19922e-09 4.7019e-06
2365503.0800821362063 5268 2.5254607586227386662 0.027317738103203290795 0.011478368170422820899 5.7248466326164493267 4.4818865832462932985 0.022786798661543018751 0.022172640675372719959 0.02156698391329430961 4.91474e-09 6.14729e-06
2365503.0800821362063 6125 1.3390662035097609106 0.013051530621527007367 0.0093858158891176393657 1.5505666729531899506 5.1153489892700996222 3.7280149568643223823 3.7352772245488017333 3.7425784974431226537 1.68479e-08 9.26897e-06
2365503.0800821362063 297 1.42848867530261181 0.036540458355212177 0.066610250713723159754 1.2254001505877178957 1.075786891204970841 2.5431007603558750674 2.5221921314254416302 2.5009786723190385871 3.0836e-09 5.26263e-06
2365503.0800821362063 5019 1.2915853794957909972 0.032008388572925726423 0.021294561776811268133 4.9820559643173698561 4.6117400142881015412 0.73961489547125458532 0.71828861946861022325 0.69722399237162224761 2.19051e-09 4.69568e-06
2365503.0800821362063 5562 2.4558951192234319549 0.046130450762080277283 0.01712504103051686738 1.6312764145936322624 5.0556523861476554416 2.9108253476364649437 2.9000260497544734228 2.8889905371447746063 2.04245e-09 4.58741e-06
2365503.0800821362063 6631 1.3995224169872158004 0.056360186686518445875 0.044248247247074046218 2.5088619492340460404 2.7956009608326737315 5.312825967520415027 5.3586271578389741421 5.403622581393489277 2.32153e-09 4.7875e-06
2365503.0800821362063 3400 1.5350687900763726468 0.066094539618788916702 0.04954751373169555273 3.0316948335225522015 6.1148707510531847831 1.500613593457436723 1.4347861563111123928 1.3693020085900993177 2.20416e-09 4.70541e-06
2365503.0800821362063 5798 1.6378220003622088186 0.17722765192898656816 0.03160932945966567903 5.0231244967486192721 5.5253184671335890954 3.9856378339340583494 4.127329093111050895 4.2750800673446374134 2.01067e-09 4.56349e-06
2365503.0800821362063 5857 2.7718863361634080711 0.023291380104653529315 0.031585379817339997999 2.2259873411696649015 3.9522277489136108386 6.162516442999664612 6.1652884980955091621 6.1680281205463662886 2.67717e-09 5.02044e-06
2365503.0800821362063 304 0.81465455267865816147 0.078105944979679986506 0.027734694049931979398 5.436248625116692601 6.280678457749876209 4.3748256598757535585 4.4495702498587448304 4.5249941537839717398 2.35212e-08 1.03594e-05
2365503.0800821362063 6787 1.8155120283687542493 0.28159369304533443668 0.027274768747858661733 2.1169234913747043692 3.8199078122703822302 3.3094041697982192751 3.3653183804713591165 3.427793891302063134 2.68921e-09 5.02796e-06
2365503.0800821362063 6227 1.5381349409942166595 0.078073817779847856646 0.029350357142603290816 1.9971331486693137958 2.2673147733872900389 2.9767470270216658257 2.963401006044806163 2.9495624104826028145 4.04266e-09 5.75978e-06
2365503.0800821362063 6899 2.7022800666250468282 0.043612296213322354621 0.019095977471032515166 1.354251544605366897 5.8437296660818596195 1.6882147183986417893 1.6447779036720098222 1.6012849040491918817 2.57077e-09 4.95303e-06
2365503.0800821362063 5352 2.2487207772806372397 0.062747310350136947799 0.01257309129092822747 3.3680618408050566615 2.6614638386678466375 4.5955636677728186612 4.6581534797639463363 4.7208085274550741772 2.37444e-09 4.82359e-06
2365503.0800821362063 5662 2.3790256658587081162 0.019106103965377353726 0.0081139365792574566494 3.0709313984656385621 2.8989249913959591609 1.442859008860355674 1.4239309645483020361 1.4050305444071180538 3.28128e-09 5.37276e-06
2365503.0800821362063 5078 2.5119847822615208877 0.048501960351328039789 0.0062472980220234716753 3.4088722366365997729 4.0678369889124459391 0.83338473317865302548 0.79804225318801136346 0.76331529862212266213 2.62944e-09 4.99043e-06
2365503.0800821362063 6550 1.6174012798246342193 0.13279071820722807007 0.02475898681214590627 3.6134909372827737073 0.87331579999468667008 6.0805542753926298261 6.1057495643741139801 6.1291879440390832912 2.018e-09 4.56903e-06
2365503.0800821362063 6911 2.1702838329108735671 0.088635982906229579537 0.016482868078807059314 0.49221776714386972218 5.9991030228654578238 4.7151299734811003006 4.8038713077452781519 4.8921366512610200417 1.55328e-09 4.18729e-06
2365503.0800821362063 5577 2.2577688209215089898 0.059641330779491269487 0.016853238163469629746 1.9611193997195248695 4.686301767575017152 3.9026543088193443864 3.9447282676430215353 3.9876424216565431458 6.01747e-09 6.5764e-06
2365503.0800821362063 5336 1.3283838854927099149 0.068608894912972673286 0.034203673754378605132 4.8315541804793022962 0.99444729487882699281 3.2621013917038581553 3.270650534755760841 3.2794804937742161322 2.91894e-09 5.16724e-06
2365503.0800821362063 6611 1.3056210733361712784 0.07245298041043837789 0.034382226091440953875 5.7040807190638602719 4.3793880557509385909 1.3270306134384948216 1.2572664668872928218 1.1883455095067005924 5.65666e-09 6.44224e-06
2365503.0800821362063 6453 2.7330968483692337223 0.025557842058616348641 0.0047687485657799434657 3.6371940722080911002 1.6889294857788283988 2.7833421528157442637 2.774270660265018229 2.765092395513149448 7.56111e-09 7.09652e-06
2365503.0800821362063 3054 1.153479468566799282 0.11477789839642128789 0.03735942798702583667 1.0573437334847430868 6.2471518059297270753 2.5168245685668964029 2.4461968623136791656 2.372659881945252458 4.56968e-09 5.99992e-06
2365503.0800821362063 6797 1.2658805098866312555 0.032116314442495845494 0.025861566239019334601 2.2974373581778979592 0.91986443054163802291 2.5500792638146614344 2.5319244395761297817 2.51353478306485556 2.7455e-09 5.0628e-06
2365503.0800821362063 3103 1.261956791091052299 0.110849935966187918 0.10247489580232652107 1.80416858230692978 6.1617099706028142236 2.8134402529648530056 2.7756171486899630096 2.7359483499453198796 1.12038e-08 8.09043e-06
2365503.0800821362063 4720 0.77018262537515047583 0.029666335050830418274 0.049305674622857835476 4.4083432065585128612 4.5035471015418266916 4.484349830920411506 4.5133497528769623841 4.5424303855193306489 1.00615e-08 7.80556e-06
2365503.0800821362063 5029 1.5640339173190103139 0.094964110417805766562 0.037062678922779590529 4.4984175527022163266 4.4628045466997114943 2.8264930904005969303 2.7956005681937665663 2.7633953763345515675 1.87308e-09 4.45693e-06
2365503.0800821362063 2144 0.76615798665382472965 0.047848357699653634723 0.044154331982602892936 1.1720785311450785393 0.88158945344156858237 5.6096214880871499986 5.6389346354315232901 5.6676723342687296281 2.59218e-09 4.96675e-06
2365503.0800821362063 6604 2.2534351884835723823 0.062272013303253076488 0.01294378345159233161 0.45719560722645297135 6.1941609210141495012 3.5431634708566868142 3.5682452863258791176 3.59401505394351517 2.78965e-09 5.08979e-06
2365503.0800821362063 6527 1.2553020914668580055 0.029874579056021536433 0.012148888770249048619 6.2662333784835269057 2.1648854579574545731 6.0881499720029212952 6.0938573232473505215 6.0994796870526251098 5.43138e-09 6.35555e-06
2365503.0800821362063 6068 1.6384468086068284531 0.12496424151542209757 0.033876859924446084404 3.9722186924673539288 1.1039933370825534276 5.944126101114445504 5.9835171115995668956 6.0204069562715405439 2.08722e-09 4.62068e-06
2365503.0800821362063 5877 1.6151006382336827727 0.10737063662644628914 0.021339150633335222246 2.6232481339770368223 4.0313463316107469581 1.1454648174511803393 1.049582452084765638 0.95646898354348319771 2.13222e-09 4.65366e-06
2365503.0800821362063 5479 1.5440587863632782017 0.07406088588307828402 0.012934057096379625307 5.4667025812084242276 0.91236582084597805942 2.8144062100049662689 2.7897056659276060486 2.7641791166362024157 2.12255e-09 4.64661e-06
2365503.0800821362063 6307 1.8152475706866475491 0.22151533960230185283 0.023659255103099567641 5.6937462071416229392 5.3573802792562066344 4.7155140976175902168 4.9388035470108784253 5.1546652686857985515 2.12076e-09 4.64531e-06
2365503.0800821362063 6565 1.9458624210831800827 0.18795899493439852113 0.0058335878895807340497 2.0160643423914299532 4.3201656761773667981 5.8170872116587926115 5.8956199882091144815 5.9666563521561091221 8.92533e-09 7.49995e-06
2365503.0800821362063 3239 1.3099688192730356562 0.099279482527173196216 0.056738031556040437187 3.5025249599258834188 0.3190738386739433996 3.4793464388123296338 3.5139472687086872327 3.5500661074197936706 6.46074e-09 6.73407e-06
2365503.0800821362063 5366 2.4373069804818698891 0.030070973074202804465 0.025976003975891118897 0.56440429953304038779 5.9659813306500542041 5.2690688070725890668 5.2944025899085627174 5.3195226012549303718 2.00306e-09 4.55773e-06
2365503.0800821362063 5226 2.3599628438537418873 0.073141942916821467424 0.010199906648082126062 4.0354569215503390822 3.3964289514578354101 4.8759972396956197116 4.9477998940476215495 5.0189244783806321593 3.2729e-09 5.36819e-06
2365503.0800821362063 6709 1.5019270468977865551 0.075719697543552344499 0.035668207228023454669 3.6709458547604958412 5.9778840820653709187 1.9714931585236252776 1.9006525900052941846 1.8290150238408040551 2.29225e-09 4.76728e-06
2365503.0800821362063 2224 1.4877598609441908817 0.10105197805062575422 0.055251983047209400624 4.7189609075502563229 2.8229960289029070175 4.3982711375584306879 4.4960791971132749723 4.5947762717285920431 2.23776e-09 4.7292e-06
2365503.0800821362063 6659 1.6546092260726315004 0.20003609670306468638 0.019778242013780773095 4.6387124654377780431 3.8790720350057568133 1.5157725292204593526 1.3157843424477775329 1.122217358577739299 1.9945e-09 4.55123e-06
2365503.0800821362063 5684 1.2255779098439816277 0.04529963744444526208 0.050466143404944291406 2.5890030773676007136 0.37549984009693199161 5.8632513666264580721 5.8813544167574818289 5.8990712884446763198 8.63635e-09 7.41812e-06
2365503.0800821362063 2639 1.1764459053373024222 0.06430069496128171247 0.031252587751027051388 3.0805521708091379018 1.1069013420656506064 0.76031901844115890032 0.71697782070587345871 0.67472521853115197121 8.19409e-09 7.28926e-06
2365503.0800821362063 2772 1.100255798912096239 0.076186039492061624623 0.0026519048200575774665 6.1233069321304958166 0.46531816615904453283 0.56477954870209989835 0.52522318064112361036 0.48702303450566852838 2.47813e-09 4.89281e-06
2365503.0800821362063 6933 2.141083778963544404 0.073331349657848030055 0.014149482382346846576 5.9915962388757275647 1.5151554492505212579 0.17780466772897760008 0.16527023855927600038 0.15320584607194934201 2.88054e-09 5.14448e-06
2365503.0800821362063 6822 3.10727666873813968 0.048881875215898484832 0.048607646902456363991 4.973599605882215613 2.5576299752953310929 2.8129587802934281626 2.7967990006011707038 2.7802768054562183586 2.03075e-09 4.57863e-06
2365503.0800821362063 2879 0.91379698446293200487 0.04804980202787052096 0.047299164022136234997 5.6600864593641713185 0.11233832050614522835 4.1219199980884466683 4.1623932831008474409 4.2033570256721253244 2.60764e-09 4.9766e-06
2365503.0800821362063 5753 2.0670901271194814797 0.048858339521702959241 0.025988022390189265826 5.9034907310335276165 0.2668290180087255492 0.40324084239891927472 0.38447968505915919302 0.36615405254222027631 1.44813e-09 4.09059e-06
2365503.0800821362063 5766 2.4055493813665562719 0.067975175184028319153 0.007359464235099036182 2.3191684963266006037 3.4377372190337434077 0.81890470824261007987 0.77033682413022719349 0.72300047496487429566 2.5584e-09 4.94507e-06
2365503.0800821362063 2957 1.1859253874995019373 0.076362405483794887351 0.058132378219099042904 5.225807029837673312 0.34814718449080939155 5.0428135091398287315 5.1142338964108846611 5.1845133477194256244 2.55608e-09 4.94358e-06
2365503.0800821362063 5409 2.7593697306838058658 0.021404657886869137701 0.023184575964807309367 5.2082691555985158871 3.1545235616160822723 4.7243556181539041461 4.7457576372605778658 4.7671503795602410136 2.71714e-09 5.04531e-06
2365503.0800821362063 6998 2.463807061595499448 0.086412279863057661622 0.004369914725428246903 5.5762481365128948596 0.16098648230197612485 0.60991001391687460487 0.56202925840851702954 0.5159797740293751156 2.96079e-09 5.19182e-06
2365503.0800821362063 6154 3.1950144065986663122 0.032009834900939740376 0.043369546981954741616 5.9390319023935305154 2.5411613437805185001 1.3886923749494890501 1.3572973669430430377 1.3260142981696469988 2.04677e-09 4.59064e-06
2365503.0800821362063 6209 2.2950422538742429879 0.17552574446541169273 0.0064546218530405164923 5.5148541191487456814 1.3774935917739863367 2.5133628563767826947 2.4015003280853286505 2.2831334736628430271 2.89646e-09 5.15394e-06
2365503.0800821362063 6409 3.8802111776914207653 0.0019124999497455708302 0.12290783977086562617 2.9727423922309350601 5.1433751754835697056 5.4267736661587813174 5.4282176496227450002 5.4296607258708329269 2.30322e-09 4.77487e-06
2365503.0800821362063 5764 1.3311600272942483159 0.071693655413848908498 0.045875927693858745138 4.5329325517609380114 2.4783680398251681787 0.34442204501863088462 0.32097651873722760074 0.29835764673970033289 2.65673e-09 5.00764e-06
2365503.0800821362063 6735 2.1184324653995707521 0.073379488909210477399 0.010305606204135585313 1.0219184654059676465 6.2001410486399022304 3.2924295591558503382 3.3038868880314571363 3.3157437451610261014 2.32036e-09 4.78669e-06
2365503.0800821362063 5485 2.3463368740220826858 0.044168990827443702085 0.024948761992161810896 5.0130044866723073582 1.4048772538560825307 4.0103666747483570632 4.0445928906850729945 4.0792738680934297335 1.60307e-09 4.23156e-06
2365503.0800821362063 6816 3.0606248196023586594 0.067002412249854190196 0.032123300316047855019 0.94831986427310177579 6.2335254928480816616 5.0417984675683893414 5.1045678670530145737 5.1664833541550150287 1.76213e-09 4.36713e-06
2365503.0800821362063 6572 3.0080400777773310672 0.084419083533624789117 0.012349875044766561727 3.6273863403338517664 2.3340319061020204927 3.2804357051074330975 3.2926514008250205023 3.3053551987737055384 1.66053e-09 4.28153e-06
2365503.0800821362063 6740 1.9682166497263335891 0.091634290108539934172 0.035722511252904320944 4.3718647419488974037 2.4066799087541359548 1.1450660585072831577 1.0630376551507383365 0.9829642696260468826 4.59326e-09 6.01022e-06
2365503.0800821362063 6480 2.3005173309792144032 0.068884661197783886299 0.028876567312079087085 5.2307810010171387205 2.2006774280300915869 3.1123421605633736498 3.1102531371467470045 3.1080946785421432743 2.77049e-09 5.07811e-06
2365503.0800821362063 4254 0.87132985138413887594 0.066251640125150737526 0.060295326433407570033 2.0950430959147885446 4.2697690903470384427 2.6776963678756859899 2.6471157665047493346 2.6156746419548890792 2.35858e-09 4.81283e-06
2365503.0800821362063 5478 2.060504362484918861 0.11073047031663502127 0.013539226083438216097 5.0058919008881961332 1.6739324273373301644 5.586241546104557365 5.6545973929514188328 5.7197072601589153962 2.28234e-09 4.7604e-06
2365503.0800821362063 5389 2.3178683336252685621 0.043745229830981252617 0.017689029048557874946 5.9542591059176617208 0.41989851738194777786 0.60349053328336543789 0.57909317199024479272 0.55515293074617455549 2.15688e-09 4.67153e-06
2365503.0800821362063 6815 1.366934612074280686 0.059676376342756465299 0.049316860251773314561 2.977474992637979323 5.9092896800231411447 0.086389582548952251195 0.081384900308125868174 0.076533504048864747782 3.57143e-09 5.52668e-06
2365503.0800821362063 5265 1.4085028656896270149 0.05946344398209498644 0.062230773148950230267 1.5104320184274884209 0.6091828568098341945 1.6617468922404392551 1.6023336349543475521 1.5428997597457538848 4.6213e-09 6.02243e-06
2365503.0800821362063 6667 1.2932068767740516613 0.014439693942157331291 0.028280291037417634031 4.0478642253152514741 4.7236031510427256563 4.1173888316908122675 4.1293961145346909092 4.1414506416958083435 1.85586e-09 4.44323e-06
2365503.0800821362063 6033 2.9505647163320931625 0.060868234982983292214 0.0057154714604625506472 0.22909935667409497828 0.86111872781448961511 2.5742459736715943563 2.5406451356002541786 2.5062287600854067371 2.22603e-09 4.72092e-06
2365503.0800821362063 5950 1.4732176226018429688 0.01851078058117744049 0.043829144275210125958 4.8280972632853904614 5.8354157945381093242 3.312281620430771234 3.315455100698913693 3.3186572407717189748 4.62973e-09 6.02609e-06
2365503.0800821362063 5158 1.5689417621447756535 0.12510408550592663768 0.040072371271142145921 4.3274921182496033367 4.9659253377118490747 2.9464704014374203389 2.920521484211158203 2.8930893047342189917 5.85576e-09 6.51695e-06
2365503.0800821362063 5252 3.2151512269196271809 0.018847848497822658476 0.057713220785084264064 3.6234895325128113619 0.53064966551948566931 2.5350473323158451144 2.5242187459893257184 2.5133078049113204422 2.42859e-09 4.85999e-06
2365503.0800821362063 6115 2.4574725248329802874 0.077247966141720456057 0.031299826238335069772 5.9633234879117029692 1.0289343840448001988 0.052115432057712719749 0.048235313193723164393 0.04451067806300016555 2.17199e-09 4.68241e-06
2365503.0800821362063 6866 2.7875235114834686634 0.02029764546329827779 0.048171238276256793387 0.43314480415758088716 4.9821926291180984592 1.0083996726912685116 0.99131936674091891692 0.97433532866745864442 2.29084e-09 4.7663e-06
2365503.0800821362063 6966 2.7698857604849398406 0.038089885854624153105 0.060637739827185600794 3.1343135841855218615 4.0677099916656533907 6.0323328271572771442 6.0416198406831194134 6.0507318148413933301 2.76122e-09 5.07244e-06
2365503.0800821362063 5155 2.8782808877685854831 0.11583671396541515841 0.031251984363460064142 5.2810886357848794148 5.7351861925493210492 3.8039245048694643181 3.8787974795876181133 3.956665366587728272 2.94238e-09 5.18103e-06
2365503.0800821362063 6212 1.4978819515036390086 0.049921978995245037958 0.052403277903322671716 4.8723367120940412889 0.38786749503085438118 5.4434805869283895419 5.4800539309552425138 5.5159745032292697431 2.18735e-09 4.69342e-06
2365503.0800821362063 372 1.40392379421933855 0.067256306397607601433 0.016969335690709529824 2.8465698789656919132 5.9643200050219924435 4.3799086407725962289 4.4442386837132854538 4.5090914260250682943 1.13347e-08 8.12183e-06
2365503.0800821362063 5318 2.7036358940264033635 0.02639163052514787236 0.021380149436899822946 2.2266780322935870728 2.3591144484186354902 4.5586148664160095478 4.5847509699683435258 4.6109279130763924925 2.13086e-09 4.65266e-06
2365503.0800821362063 6573 2.2613252499618501368 0.03644629050698947742 0.011491631683070040182 3.6790264203563345369 2.7510698728355120757 3.2319251836733764449 3.2352748967475561948 3.2386842748962179073 2.46875e-09 4.88663e-06
2365503.0800821362063 375 0.7177374316719149494 0.081149743899805767966 0.053268159159605775466 4.4950755323554396625 0.94399024071832060567 1.3811532664478360921 1.3019750908161340508 1.2237398691709036047 5.52701e-09 6.39264e-06
2365503.0800821362063 3011 0.82556838433240820052 0.11059038929107907478 0.060628769914189098444 0.30208636182889780919 2.5098975282483131366 3.7136270256112817734 3.7765953109271035437 3.8421952797494198784 1.132e-08 8.11832e-06
2365503.0800821362063 377 1.3213090287225128794 0.048905086064820572911 0.011803725616539749096 1.7352469737232871783 3.5046860130603723071 1.9586534710530807413 1.9129387355897853329 1.8668682843230401946 1.8845e-09 4.46597e-06
2365503.0800821362063 6774 3.0427290491887792889 0.029706055293213663726 0.038254833043836276862 1.392283155259422367 6.1321297030624393187 3.9093172230254555899 3.930174827289761641 3.9512469551024738124 2.82574e-09 5.11165e-06
2365503.0800821362063 379 0.6584778979242332797 0.099000980665218424326 0.03817721110620121705 0.18588822043511690763 2.538731287050479235 2.6882789746194135638 2.6427933935848844094 2.5954341514309957617 4.65584e-09 6.03739e-06
2365503.0800821362063 6350 2.3620388670680259047 0.047950389083880586016 0.011860936404771515659 3.7158538031489460884 2.3424022836061983988 1.0816631607708697693 1.039789223031582388 0.99844172199218073072 2.60101e-09 4.97238e-06
2365503.0800821362063 5944 1.1629587320438139475 0.11309816433054280249 0.012836351498453643996 3.1295098421762292951 2.5907179041228673988 0.023013233089104707246 0.020542465904574876145 0.01821931412025113578 1.77858e-09 4.38068e-06
2365503.0800821362063 6619 1.922161424034943833 0.1822039483475758892 0.01245181905211310662 2.0405672255065887555 3.9337672128354554957 2.7695996184170255106 2.6965959294623034204 2.618165342822031505 6.69672e-09 6.81508e-06
2365503.0800821362063 6097 1.590934543564621606 0.18980449434792556751 0.025210659017510662905 2.7055446866739165657 0.36357496487723217626 4.7677191763117301448 4.9573931939742461594 5.1415294244006730651 2.41443e-09 4.85052e-06
2365503.0800821362063 384 1.3212832601626569584 0.038532121768809400597 0.022441267305026362661 1.0192088779119845565 4.3193055725001991973 5.6578723181193355529 5.6800874458073584705 5.7019427317709734382 2.11162e-09 4.63862e-06
2365503.0800821362063 2536 1.2154500126792746606 0.048002499166531209518 0.028292908379845257971 2.7189549267751260686 3.7773110655516912715 2.5568029699274452682 2.5297490313258745864 2.5021774707242441238 9.10192e-09 7.54909e-06
2365503.0800821362063 6823 2.0991586148460279482 0.03368066863750625306 0.014960870623489625625 2.3762449854810450134 4.5853479884610131023 3.6856231427508259202 3.7033153723679155256 3.7212552118203805485 1.69817e-09 4.31364e-06
2365503.0800821362063 6677 2.3695120965287417292 0.10632505839750683307 0.042095843237922536684 0.64916511359558803917 0.36129556862639855552 4.5733626484653990829 4.6796469334513624005 4.7859150044953606695 2.33048e-09 4.79364e-06
2365503.0800821362063 1988 1.2538907044308875705 0.085801097190918329538 0.052159109838124710634 6.258635452662882237 0.035462499074925726839 1.9246298203533132032 1.8428219748217438134 1.7601759027720569328 2.81385e-09 5.10447e-06
2365503.0800821362063 6520 1.6226930160023780303 0.15338920299911193434 0.018708865365313808587 4.1290622165826942336 0.1624668330071875888 0.12789963040652851944 0.10961769428836008744 0.092837176590004774623 2.54884e-09 4.93891e-06
2365503.0800821362063 6486 2.5225190601419384961 0.059772497107024390173 0.022062427693006703144 3.8054593434458858781 2.7113109088483731135 5.0461588853161618573 5.1021201539085936361 5.1574103850463197674 2.12399e-09 4.64766e-06
2365503.0800821362063 6065 1.9836797710174958187 0.047260934420936831502 0.031284125619353862768 6.0836836054489173975 6.136139495591279136 2.7386596972065158084 2.7197057739213068572 2.7003532429017655936 1.59227e-09 4.22204e-06
2365503.0800821362063 5779 1.4808066955726297831 0.076156718389035010786 0.047789434423666503349 1.6093246182937290811 5.4392928855340496597 3.0036334018174386529 2.9927333372861983918 2.9814385221626729106 2.27065e-09 4.75226e-06
2365503.0800821362063 5238 2.5881410276339478216 0.25198455178988926617 0.0078284599438100243435 2.8204898243784795042 2.1364111921918134129 2.98510101399794614 2.9394118162020230756 2.8888117502298316097 2.87499e-09 5.14117e-06
2365503.0800821362063 6778 2.9532262694507265266 0.017810884836779103391 0.029721840609279334688 3.5587035989309891981 0.32474278349150881295 0.9431198179527662262 0.92877790689778449984 0.91451336989539677713 2.33115e-09 4.7941e-06
2365503.0800821362063 5837 2.6795385711586532373 0.054751933009837702726 0.030297344439409838734 2.9876788045964701723 3.1570748530257009001 4.3192992425741358886 4.3704388362306492155 4.4220207705875926862 2.90689e-09 5.16012e-06
2365503.0800821362063 5931 2.7970472882083745603 0.016890675926264635265 0.029043329606789416997 0.78418017698153952288 5.6418925099786445543 3.773465663082949284 3.7835113532273076942 3.7936243637354358782 2.66585e-09 5.01336e-06
2365503.0800821362063 5461 2.0547191247215490506 0.099553726130976558095 0.016944285154396193649 4.8804015425673714645 1.725096044997285416 4.9535170198710680722 5.0492169463393770101 5.1431765249281014007 2.33057e-09 4.7937e-06
2365503.0800821362063 5788 2.158769908601265719 0.067650714360433489292 0.028622466898148925946 3.229637830117736641 2.9225005414234903611 3.0647334099191234635 3.0593512773409980987 3.0537938591677429301 4.68004e-09 6.04783e-06
2365503.0800821362063 6138 2.3610740305834414521 0.053255535252357641407 0.029035322885394392045 2.1011851203425719881 4.1380857446380474585 0.51006428238035672607 0.48463739382351361806 0.45982630350245579098 4.29029e-09 5.87506e-06
2365503.0800821362063 6726 1.665448222949707624 0.21628856643802524262 0.038854106049667103129 1.0501357573123573097 1.3831459380989079566 2.7812227816229260213 2.6952885598806934908 2.6019309304103042102 2.92983e-09 5.17366e-06
2365503.0800821362063 5559 2.1298766839822569352 0.12564931925461331197 0.0070822059778751283651 1.8329628031474085592 5.6481863555160742862 2.146534219806149224 2.0370679081426334989 1.9248315736708283552 2.79911e-09 5.09554e-06
2365503.0800821362063 5627 1.3834703783629436202 0.082835934277289163807 0.03697446380980634606 1.1731037977097702463 5.8523888885952306538 4.8210693833458124757 4.9031426872814414253 4.984476111238616447 2.09812e-09 4.62871e-06
2365503.0800821362063 403 1.1088992593805508946 0.059464465556605540508 0.024258959239321170598 0.18937728313244167611 4.6174485003267164984 1.0628199093040584522 1.0115711769502024886 0.96116514474848913085 2.05583e-09 4.59741e-06
2365503.0800821362063 5227 1.5861848880750182289 0.14537967559937470252 0.053644522533598505698 2.1769031764167436904 1.8381758622860351338 4.8922603932814086036 5.0339651386876935746 5.1718924242347590337 3.93803e-09 5.70965e-06
2365503.0800821362063 5213 2.5168638054582705976 0.038951924632325780895 0.010286657365349088922 0.52821751377609182931 4.118052145829858901 3.9587342725607346239 3.9875304829189994749 4.0166896307661774657 3.01166e-09 5.22138e-06
2365503.0800821362063 6356 1.2349370117869764574 0.11882618514805610987 0.035889368281236094793 5.490956818063335021 0.11706013594271170997 3.4609938615393600614 3.5006793320695530625 3.5424371482731449312 3.53411e-09 5.50736e-06
2365503.0800821362063 6884 1.6377462462787633068 0.20794856437797690218 0.025220392731148552623 0.68009756927823072914 1.2140935617796226875 2.1152683643564222926 1.9256370186040792092 1.7306432648921419304 2.95837e-09 5.1904e-06
2365503.0800821362063 6165 1.5239775304333378347 0.050915007468496982501 0.047295110037124880875 1.462451058152006711 2.9392047420232065846 2.3782935347916795976 2.3424160906197970533 2.3059211219129274184 3.11466e-09 5.28024e-06
2365503.0800821362063 5736 2.1217623417464186453 0.069431139899207239274 0.0089433960556678949311 5.3812995122217017752 1.1498400515131528277 0.28904551258392063851 0.26987056096456008003 0.25135975492862783209 1.87923e-09 4.4618e-06
2365503.0800821362063 6132 2.288271351790421626 0.071170459731652271906 0.014279691221235036105 2.220021588014208902 4.425809739630149231 1.8284325064921611581 1.758920344685564574 1.6890055594076360812 2.71454e-09 5.04369e-06
2365503.0800821362063 6509 1.2552658674967722696 0.055612211952042682472 0.014247481880313942609 2.3033893173267045995 6.0203773391854236152 4.6081790041918386791 4.6636787985805057133 4.719225048534436695 2.65616e-09 5.00727e-06
2365503.0800821362063 3476 1.2009053793592647796 0.066405837605235856769 0.021069206147443599042 5.4304154384319840432 5.925163610167031969 0.24832567581764872222 0.23249667841463297902 0.21719625929357327943 7.21442e-09 6.98635e-06
2365503.0800821362063 2024 1.3673134602801175763 0.079468537061819069511 0.04134723639358163505 2.593500179892002766 2.8298728245303288453 4.7548443602752490378 4.834191287350156685 4.9130710631079210771 3.10397e-09 5.27419e-06
2365503.0800821362063 6504 1.3933869402503258339 0.082820569225945911418 0.045134119300286920651 3.56397584822358926 6.0870094418197053798 3.2032399463873608703 3.2085719022953020918 3.2141150150254973461 2.41361e-09 4.84997e-06
2365503.0800821362063 5388 2.1488174199659262342 0.09628375647540976523 0.030515947399577039723 1.9466418189396215155 4.041986895259213064 1.1236211533033984011 1.038432789548828783 0.95547375996436845202 2.00051e-09 4.55579e-06
2365503.0800821362063 3328 1.1370160987542199393 0.015985216193431989185 0.014689006374416091125 3.0918406713639541294 3.1341829453663323513 2.2938688498805004379 2.2818191638342661953 2.2697072492920735698 4.16741e-09 5.81843e-06
2365503.0800821362063 5964 2.0035458772886762802 0.092832101450553261568 0.029410240362804485059 2.5295383555025057198 4.8658638053043592464 1.7709263790266049909 1.6789641398296046848 1.5866745896634162349 2.1711e-09 4.68177e-06
2365503.0800821362063 5425 2.2034891982557311962 0.10206861565613531417 0.010515310087772187023 4.0648147325607624225 3.5162191002237523918 2.167149696402823178 2.0800280388422405231 1.9909099594933354904 3.49187e-09 5.48533e-06
2365503.0800821362063 5237 3.1310697525503710104 0.051852983061081429905 0.021542831030397665421 4.2034371483737853481 3.8102299482601695857 1.1068658401439750438 1.0610030287832439289 1.0157433912387112684 2.44371e-09 4.87005e-06
2365503.0800821362063 6182 2.0567691083191768087 0.097271718370587401115 0.019464320655933516069 4.5251097206812591622 0.76147240566470320022 4.6925579379097994703 4.7900586884615066197 4.8870371544148527576 2.64006e-09 4.99714e-06
2365503.0800821362063 421 1.4901898546368137488 0.017302928827495463182 0.040048629195639839917 5.7165647044032557034 5.8982825320753118348 1.6949933129750696104 1.6778043748699031923 1.6606004170644517171 2.69558e-09 5.03193e-06
2365503.0800821362063 6415 1.5552243184291967282 0.10930595374140876508 0.037380381197332224197 4.991511545892183932 4.0094785344870516042 5.8283144702425753181 5.8742132774694981734 5.9176805765349547173 2.43409e-09 4.86365e-06
2365503.0800821362063 5821 2.7268233099691334687 0.029184135814703453943 0.054805643149008174964 1.5826447584460758833 4.2151864746022802422 1.5210676762193724443 1.4919366055034974927 1.4628431686343739138 2.35507e-09 4.81044e-06
2365503.0800821362063 424 1.3243296019392536422 0.074270222099988153497 0.027844249492944016938 1.3224467510967641282 1.776961802493018272 2.0439197777700215397 1.9766010722160969326 1.908362705105175694 5.19423e-09 6.26168e-06
2365503.0800821362063 6098 1.3383294123592874847 0.053355730045377670889 0.066720694383717749076 3.7135366803824760851 2.2612680871487622625 5.4152061853808630687 5.4552504673632684629 5.4945488871872232295 2.69482e-09 5.03145e-06
2365503.0800821362063 5800 2.7023182975200823464 0.049364710412867864042 0.056840768240897301955 4.4732011666271667139 1.7383959756741078628 3.1073173581116675379 3.1055818300504949292 3.1038045503561568772 3.1009e-09 5.27245e-06
2365503.0800821362063 5649 1.5657465758409709888 0.13861409453172679473 0.019621382463631372589 0.9269102007138680932 3.0256412544692765643 3.2674329510473949512 3.2862115121232333692 3.3061879208210309677 4.33517e-09 5.89547e-06
2365503.0800821362063 6393 2.3852830151173320949 0.066574453851399623128 0.030259770425071410432 2.5423542490167601038 3.8133408476712657986 5.9890705530805936618 6.0077937285668951972 6.0258969057929228086 2.29043e-09 4.76602e-06
2365503.0800821362063 6683 1.6729740191468602806 0.10951718009967427447 0.0076911680720915419004 0.39744654458383260609 3.4034206532162247782 4.2612451539353264351 4.362441262166312228 4.4653206759475860821 2.07491e-09 4.61158e-06
2365503.0800821362063 5234 3.1326171043642934144 0.14349129890516626462 0.03148798236393429012 3.6983110262688763115 5.2177704298562002094 2.9629731113797714848 2.9353902662197395301 2.9060112517136471588 2.35138e-09 4.80793e-06
2365503.0800821362063 6292 3.2574278536232537107 0.08696559106052560717 0.081907078080411060972 4.9526024624308435662 2.0827276472244822259 4.183261486902133619 4.2601302016465076861 4.3383524735255551974 1.7586e-09 4.36421e-06
2365503.0800821362063 6557 1.8758167313421016953 0.10004908795933396826 0.033223831519287316816 5.190458998767112142 6.0711955276711808693 5.9615833201079588832 5.9918448185661219441 6.0205825666998151746 1.93092e-09 4.50234e-06
2365503.0800821362063 433 0.9012897823665154684 0.083433292967221697745 0.053290209130880207555 0.46842150971245599678 3.320090507771074062 6.2813562969269645109 6.2815030317219706646 6.2816433894368746138 2.63197e-09 4.99203e-06
2365503.0800821362063 6107 2.4686274855530814243 0.039675091582833214854 0.026083047474726048232 0.80917371039268992661 0.47906704577331982176 0.22472120897638839243 0.21604465954925991533 0.20753959271383823348 1.60826e-09 4.23612e-06
2365503.0800821362063 6243 1.1167961229537171075 0.070124777097517798641 0.041332944022388212746 0.22452971581835698411 1.1879754946282701233 0.099041892935004899323 0.092333770650204219366 0.085868081943041948967 1.16718e-08 8.20156e-06
2365503.0800821362063 5758 1.8120684744038473291 0.23055512458847313151 0.01400886067486198025 2.8143397702431989238 2.5688727915124163204 2.1247435243337315924 1.913758197893144386 1.6966299614449571465 1.95847e-09 4.52365e-06
2365503.0800821362063 4092 1.5270002108380051897 0.059456869663092860867 0.032001631352336239178 3.629294196064271727 2.976953375375902322 1.67489287016690791 1.6155393636890329478 1.5561419986214153344 2.17132e-09 4.68193e-06
2365503.0800821362063 6402 3.0167762171471559363 0.031213755277489586143 0.05505884467672099436 2.7371884019495111851 4.6114925137211857376 0.82197483868322518408 0.79934690229878069267 0.77696973241144962063 2.16272e-09 4.67574e-06
2365503.0800821362063 1955 1.3920000740105338277 0.036980792077883316293 0.057151395716359763843 3.9921349504611343129 1.6569214956231157476 5.5745403436834743971 5.5982813447084289749 5.6216753433094810433 2.07422e-08 9.93425e-06
2365503.0800821362063 5563 2.6550103780122946695 0.088939170703177070076 0.0054065406298459779341 5.3409616668546329166 1.4158197035970632172 6.2193171704995560134 6.2247627939931113872 6.2299558885197630076 2.78902e-09 5.08941e-06
2365503.0800821362063 5205 2.7666244872338978666 0.048925317735530028662 0.032815913572920615837 0.37807161975259045983 6.2730364918327286006 3.8861796797332610609 3.9199595526231227893 3.9543108738259133972 2.0461e-09 4.59014e-06
2365503.0800821362063 5706 1.5391027777843577784 0.024697867292783691473 0.051690074421349020695 6.042678118617190286 0.079662426483617376771 2.6354124489247077179 2.6233054746379131927 2.6110703242945629832 2.56684e-09 4.95051e-06
2365503.0800821362063 6169 2.269938248791761648 0.050144968101086130619 0.018365769207652697659 6.1178871868302975301 0.3204030108825761114 1.0121387282562199772 0.97015521198709708806 0.92878694492009883366 3.00146e-09 5.21548e-06
2365503.0800821362063 6850 2.4052001430187095465 0.078770337436399454067 0.034879747143399059128 1.2585386479388249725 5.2537826422736717547 4.8763322054183442233 4.953630854266086736 5.0301201625727784972 2.77025e-09 5.07797e-06
2365503.0800821362063 5440 2.5943743954906866023 0.051791702178692396175 0.015809842721011324596 4.3567027258325206063 3.1837383765403677316 5.475663508120101497 5.5124489093015878183 5.5485303090885738087 2.51329e-09 4.91584e-06
2365503.0800821362063 2760 1.5684921704070049486 0.077786185362620954842 0.034994512872055461017 5.9813237013576552314 2.5696822449810725608 2.7999181836089466202 2.772822359113535029 2.7447828762728398999 2.21384e-09 4.71229e-06
2365503.0800821362063 5240 2.0967894994428712963 0.02389543025988996941 0.027119797697601928654 4.1312511067312822632 2.6977174028915755777 4.5941261823958585708 4.6178904816119912269 4.6416792985519794712 1.54708e-09 4.18172e-06
2365503.0800821362063 5531 0.88019742848418003334 0.055765087701977605894 0.049895754555260102281 0.93179700454748148886 2.553543403755003105 1.5233283954151743966 1.4676708338183854785 1.4122020105695261005 4.63811e-09 6.02972e-06
2365503.0800821362063 5346 2.8467352894418853637 0.20152814043037803327 0.0068115077164503552709 2.8229637318166056481 3.1169450106405123258 1.1941004031397755014 1.0120989520838554743 0.84121390530291573207 2.35234e-09 4.80858e-06
2365503.0800821362063 5239 1.3547262912117727929 0.079582714604972168426 0.018192673340376563224 0.22391858308221340712 1.922632215737772432 0.20051654251147385533 0.18523748239935106108 0.17057994133421075511 2.41405e-09 4.85026e-06
2365503.0800821362063 5894 1.418391383101275105 0.067515319506210952349 0.01804422909946131609 3.73036285178269722 1.2253858333819660498 3.3612913722636856839 3.3765243263997297696 3.3922403085875929563 4.75971e-09 6.08196e-06
2365503.0800821362063 6997 2.8449042412077707453 0.1031931610673944566 0.023265563825429484701 0.31258222744956914996 4.373380587591663371 5.053832403549426644 5.1495952717244177776 5.2430818861105139561 2.77488e-09 5.0808e-06
2365503.0800821362063 6793 2.9392698513976194263 0.2071387139514455078 0.10000696735950194427 2.8074909442641735602 3.3283485029896384688 2.0939126834061352334 1.9030766620627788122 1.707268237377910669 2.0508e-09 4.59365e-06
2365503.0800821362063 5956 2.4355536308735095119 0.056434784871601362255 0.012330366868523408297 0.74706482616072722447 4.8069712570146236885 1.7472929009075046647 1.6914279911175316151 1.635403327993565803 2.66448e-09 5.0125e-06
2365503.0800821362063 6411 2.1009300120549370128 0.081580066785742713642 0.0054245703349604561597 2.532346150412686292 5.1236954228591802263 2.0170846484057163295 1.9420839677337418117 1.8660626898509944382 6.01673e-09 6.57613e-06
2365503.0800821362063 5401 1.5871357725229016111 0.11135161016273095735 0.024653134743312023203 2.3577817288648383887 0.1353791299347062993 3.231714382195566504 3.2423592656660304989 3.2535608111099754147 6.41327e-09 6.71754e-06
2365503.0800821362063 6117 2.2143627793075788546 0.074746208145964609937 0.031655385366794006052 2.7110190932333968483 3.1423135165784024103 5.6373312541148878907 5.6810681998686902716 5.7234035948796337934 2.17631e-09 4.68551e-06
2365503.0800821362063 1909 0.87831441299777246456 0.076807383161040576613 0.06758109158784147974 4.1693044976587483319 6.1067072602806922177 1.9460086148986734944 1.8734477090993104653 1.8001312526042920759 5.53076e-09 6.39409e-06
2365503.0800821362063 5902 2.1510918875695770325 0.070398604270080628043 0.014727873922475971311 2.7574561427675918779 3.5397194653095391814 2.1905984633844943765 2.1320409077334931958 2.0724419174545278821 6.63699e-09 6.79476e-06
2365503.0800821362063 6272 2.596011453509783351 0.1039712775258948424 0.0091902149845962833458 2.9815859956132064745 1.379235846927685305 5.8205735771976092607 5.8650196964024488011 5.9072408526152022645 2.92426e-09 5.17038e-06
2365503.0800821362063 461 1.4303654725007692861 0.025448981452963068822 0.016113953102637704196 5.0300792213022154087 0.69211152010867027506 3.9616286762228081209 3.9804016724221908952 3.9993318376334605624 2.12868e-09 4.65108e-06
2365503.0800821362063 6501 3.144918330250235261 0.043755273483403210599 0.014552835752209121456 4.5465069563310054335 3.3989986568771275444 2.3069591393137076629 2.2740378316386333779 2.2406634995038454683 2.93548e-09 5.17698e-06
2365503.0800821362063 6414 2.2143851938794152368 0.049726203625470880021 0.023772454974204923484 1.7202819674425582352 3.9634940204623476667 2.4910271420994001268 2.4602862994468739366 2.4289683250417768434 2.40884e-09 4.84677e-06
2365503.0800821362063 464 1.2394809592169790946 0.031887969994814580055 0.014611067202080321378 2.5132080728044337015 4.8756313919500104959 2.8419514545145978524 2.8323908445992360683 2.8226873865019412868 4.63914e-09 6.03017e-06
2365503.0800821362063 6122 1.7440718190485318129 0.16409312861770072867 0.022827002132740508572 0.54286212982638548663 1.4731629098045826431 5.8151101045725210881 5.8845034207614865807 5.9482050200413043584 4.96907e-09 6.16986e-06
2365503.0800821362063 6655 1.8794504882867963946 0.21464200520695933538 0.028300859546125763794 4.0463185468765781039 1.2663207964698008912 2.7764947766935397233 2.6902561582863846468 2.5966360578200728959 4.63012e-09 6.02626e-06
2365503.0800821362063 6121 2.340708932277264509 0.079181727875313218101 0.027950648039233680353 5.1077351194923137356 1.5244763754319328175 4.2442364088746211692 4.3162678174484199189 4.389318072726040576 1.90564e-09 4.4826e-06
2365503.0800821362063 2281 1.19849359279622103 0.084351066727085630137 0.037655270581379428341 2.3982088493780415739 1.4137034663400440682 0.84780170228875872951 0.7861826072571402868 0.72649062601055069965 2.42793e-09 4.85955e-06
2365503.0800821362063 4455 1.3433149001225115349 0.035612088906390712562 0.051956880150609487112 4.881783366729239404 2.9538741578575282709 1.9109730104091846581 1.8771934390249254143 1.8432399305062003858 4.88152e-09 6.13341e-06
2365503.0800821362063 470 1.1301035503713758867 0.016280665052575395146 0.0049762874051276686366 2.396389324111428909 5.6072746095262981925 3.6679778005880026015 3.6762158700456981641 3.6845111435152286816 3.41147e-08 1.17264e-05
2365503.0800821362063 5819 1.7450705039955538567 0.25977861550546260672 0.036835708090268808046 6.1316045225696074183 3.6541818119407976084 2.3247958580313698995 2.1137427994115429719 1.8913229277023153596 2.78531e-09 5.08715e-06
2365503.0800821362063 6907 2.335931853208380371 0.065222167559947433202 0.012818767947888366765 1.0162349058516710887 5.6742662014119407132 0.56845755572188316762 0.53425334533561852357 0.50104231063477944197 3.58406e-09 5.53319e-06
2365503.0800821362063 4971 1.2189576852947956453 0.081036410116167911788 0.046586496217985426394 3.9822825756761939253 0.039920003211719380654 0.22127974113536566514 0.20414365453970700903 0.18771525081934184453 6.00721e-09 6.57266e-06
2365503.0800821362063 6105 2.2474590101148494981 0.076068135226256064496 0.0091451260600019200486 5.2865790169947404209 1.8451532592563912871 6.0389331710580451684 6.0566984071053919791 6.0737799280139235236 5.249e-09 6.28361e-06
2365503.0800821362063 5652 1.1878966424850090355 0.029527013591749376453 0.054541664894201598301 1.6204971691384952859 0.40674551471632597321 3.9511816944401734197 3.9727832271308312073 3.994595845944479251 1.83298e-09 4.42489e-06
2365503.0800821362063 5295 2.6122807495662905275 0.045511335489200652193 0.012590510717544640962 2.3211894645356276889 3.3428730666857546794 1.1379492915299358469 1.0970105505005247615 1.0565124079866274887 1.90599e-09 4.48288e-06
2365503.0800821362063 5890 2.8123040050920296018 0.0033680851140523116946 0.010056678514282388695 5.1991456176967103531 1.0932925784539124781 5.4609102934620121772 5.4633752566318776189 5.4658373815108793892 2.68218e-09 5.02357e-06
2365503.0800821362063 5345 1.223433225979429384 0.13521508247684135839 0.060838786631872802946 2.8319531639925701327 2.3187870887373458473 3.8594676092367135034 3.9535684306012979228 4.0516869921991061076 2.62039e-09 4.98469e-06
2365503.0800821362063 4059 1.4582279968002547221 0.12688199168762243074 0.031468345679247604341 5.1493611104198793171 0.2152236668743508774 0.93026705990511204813 0.83194794957177919947 0.73815112311743358298 2.39751e-09 4.83917e-06
2365503.0800821362063 5287 2.483634698825409437 0.041353700320630459863 0.006060475216574938602 3.5025581851752582985 3.886740217673717801 3.6452905915737536802 3.6656269573778414994 3.6863194033023014562 2.87463e-09 5.14096e-06
2365503.0800821362063 6691 1.4498246578496458703 0.043060213702953639703 0.044644984644603133428 5.1902862897548143195 4.1100319684359014616 5.9951170734315626376 6.0071083840412988764 6.018845876489336888 1.99622e-09 4.55253e-06
2365503.0800821362063 5888 1.6886998879543633212 0.36578378024202418128 0.014457063908812253783 1.6336948393816621561 4.9629173700640505373 0.64662639414302991447 0.44896435533953005237 0.29020221244949634398 2.79797e-09 5.09485e-06
2365503.0800821362063 6803 1.1401860336757219105 0.048414625113253589861 0.0083792028753001592672 2.965355138167933724 2.4123921733802204947 0.17945768503491035806 0.17101212879667934685 0.16277293753109864372 2.86263e-09 5.13379e-06
2365503.0800821362063 484 1.1488791486360112604 0.071827008257888513842 0.039375378901566601697 3.330109728861464724 4.9746047291695116854 5.0204543375053569676 5.0882232223500860613 5.1550368302838194268 1.68653e-09 4.30376e-06
2365503.0800821362063 5710 2.0823765860488729906 0.01443797970653772772 0.036819471316090812696 5.7347281422648164195 3.0328426935194445768 4.4863472511545889887 4.5004412501799233581 4.514556151736979217 2.11851e-09 4.64366e-06
2365503.0800821362063 5724 2.3177453489238510898 0.036670249117300247887 0.003213934465104152996 3.2011823363826734656 1.7161309601856784557 2.0895667389550887094 2.0574209147137301201 2.0250074806579041464 1.39525e-09 4.04018e-06
2365503.0800821362063 6680 2.331901219069383302 0.082290104677061312599 0.034427330997235501553 3.0107754811504388037 3.0374522038844640193 2.9434161920181542982 2.9265042509730436748 2.9089407616625329034 2.96333e-09 5.1933e-06
2365503.0800821362063 5583 1.5306328598289888898 0.093119474258512247022 0.0084133401641295797735 1.0599519726976760481 1.2872506879150793502 1.3207255454594375443 1.2313977537058624634 1.1435902739783536664 2.11147e-09 4.63851e-06
2365503.0800821362063 5364 2.6448629048295368982 0.028080836445686884612 0.023322238131683971363 4.0229875957720944157 3.2370095167984169748 6.161552199378006911 6.1649131618387524867 6.1682266050761844767 2.91675e-09 5.16594e-06
2365503.0800821362063 6586 2.0104037246586288212 0.14712410596534117313 0.0079121163190860634151 4.4372738098669328721 2.7560168966650366862 4.5771307772377989309 4.724915767549558332 4.8720283302793134794 2.89513e-09 5.15315e-06
2365503.0800821362063 5219 1.5382017878973066605 0.11141583287246382972 0.023576165682567470916 1.0373802891403776094 2.8385030960563661928 4.6207780467098196198 4.7325285908737928509 4.8439218291612160527 2.30015e-09 4.77275e-06
2365503.0800821362063 1801 1.5227224329899218258 0.11191023104364257457 0.027248763163967022749 6.2786614526896000754 2.8128828847831743865 4.1868563950441624044 4.2867010297781007466 4.3886238167032338708 6.74028e-09 6.82982e-06
2365503.0800821362063 6100 1.573922365282411473 0.10373827428249350613 0.013094626186401078435 6.2362842691069397816 0.30834259695239624177 2.1446730724451197325 2.0548400116595044729 1.9630191502196783215 4.52552e-09 5.98053e-06
2365503.0800821362063 5378 2.347618551345344251 0.041108076532186288432 0.028662657752646925058 4.4893879201007198532 1.046764857090505707 3.1133738154397230247 3.1121891057784818457 3.1109805566479136196 2.49028e-09 4.90079e-06
2365503.0800821362063 6589 1.7545997906780208542 0.20411278168791044396 0.026977127784268948446 0.48890516132245348535 1.8995918767510087122 5.2409556056592618845 5.4098782095478954446 5.5663219324816912703 2.01608e-09 4.56758e-06
2365503.0800821362063 6753 1.433712810666330828 0.1024967534205050157 0.029316293957340061604 5.9912877860264561747 4.1155474122242692303 6.2615233651238479951 6.2636405669815511388 6.2656437118601013836 2.64497e-09 5.00024e-06
2365503.0800821362063 5872 2.0650380315302854228 0.084012135046982461262 0.018981348033479797377 2.6837914845252166529 3.5105314765496768992 3.7696409782325743798 3.8208230952769626221 3.8735990522743635189 2.5416e-09 4.93423e-06
2365503.0800821362063 6929 1.9338819564393450179 0.12611942108083798453 0.0093448254087985290622 2.2696448310110892699 4.7319146832776102229 3.4014893271705131106 3.4361468025750694366 3.4727609390791469579 2.49997e-09 4.90714e-06
2365503.0800821362063 6662 1.997951371043632518 0.034563818109449924443 0.034946407728001886717 6.0340201185053929933 0.48578570298054823962 1.652079605506638238 1.6175745982962008718 1.5830485896803314638 2.28249e-09 4.7605e-06
2365503.0800821362063 6284 1.1979410424523775358 0.031757583550174099674 0.0062975978346852309192 1.6922497757863068646 2.1615311898138975799 2.1914340475682210219 2.1653530522720578766 2.1390451692469270029 2.94894e-09 5.18488e-06
2365503.0800821362063 5339 2.1732269736206579758 0.056763470542396061991 0.0072210244557447261782 2.826381163552789566 5.1291567924442560411 6.1269047020611475673 6.135505416095923259 6.1438578017988421109 2.94605e-09 5.18318e-06
2365503.0800821362063 5717 3.1920071206357207849 0.10318177835702235789 0.045334019729244119656 4.2753145649830912589 4.8003700353586618021 5.6558891033694234096 5.7141570389708107314 5.7697527939292294619 2.31886e-09 4.78566e-06
2365503.0800821362063 2895 1.1398385611343211377 0.084973119335113006523 0.033221743993103389214 3.9970631766901463244 5.0695434667096499481 1.4498546082238299437 1.3658305618341677334 1.2826361038203011322 1.19455e-08 8.26517e-06
2365503.0800821362063 3939 1.3088143651883439311 0.11122063042746820061 0.052764226142300134359 5.8070190903680396488 5.8148284462007424622 2.4131551615061321847 2.3356975475120469454 2.2554573389149861207 8.45937e-09 7.36709e-06
2365503.0800821362063 6399 1.4904079389747328932 0.051486012838412073545 0.043119393545815454249 4.0341786356694857574 4.4636918030515939648 3.1227721913390515951 3.1217769829786963243 3.1207568198732809073 2.88534e-09 5.14733e-06
2365503.0800821362063 6204 2.0748704578750811756 0.11346426958035796262 0.01202480394328055667 3.8212200313795965378 3.6312525403342683639 3.2682036973015637926 3.2834374114071454009 3.2994778080948807819 2.26769e-09 4.75019e-06
2365503.0800821362063 507 1.5118434964893530115 0.16508340265453297357 0.010542312460321471776 2.7547014863986918343 1.5209153641703223592 4.4362262642476562036 4.5994961436389161236 4.7635286862245038719 2.42673e-09 4.85874e-06
2365503.0800821362063 4045 1.2603103172837677448 0.10759190552460154433 0.054289776466476251382 0.13891865894526495007 1.5833359916365428166 0.053423311034197347447 0.047955975611370882383 0.042798278269017754616 2.77603e-09 5.0815e-06
2365503.0800821362063 5623 2.1927936997754162718 0.033759126959977549254 0.018955792101396907318 1.0432239628414017307 4.3757458720391619877 0.52843333957993909866 0.51165285800513682357 0.49512374457407126727 2.3084e-09 4.77845e-06
2365503.0800821362063 5151 2.2498571085757332888 0.071620254447365805373 0.01852697205789716195 0.27573350091232895487 5.7656481772190106838 3.2462765477218504806 3.2540470268381169738 3.2620840732425842035 2.88747e-09 5.1486e-06
2365503.0800821362063 6320 2.1646437344327971175 0.035750318029276834109 0.02910393173711658954 5.2473594027331840195 0.5057706464234993371 2.9381837530525682922 2.9308308200151591549 2.9233516770174396981 3.64687e-09 5.56532e-06
2365503.0800821362063 6843 2.1734974271995333162 0.093460402041338958012 0.010090173737426728212 1.0167632069489263014 5.1859211554742383754 3.2237088044453972024 3.2317677115675738087 3.2401840915534108056 3.16465e-09 5.30834e-06
2365503.0800821362063 5616 2.5108862280431307745 0.029150695006658167846 0.014874965294051372203 6.0631008086158786341 0.29916854384369107045 4.1183393384393411907 4.1426986681544599733 4.1672455371199657037 3.01403e-09 5.22275e-06
2365503.0800821362063 6404 3.031504403123051361 0.022671237187037344279 0.087108980751217313099 1.2313762927217304366 3.8454896320889031536 5.9262790120011743511 5.9341175362359113166 5.9418715969432538415 2.07676e-09 4.61295e-06
2365503.0800821362063 6730 1.9369000773496996004 0.048357032732632865279 0.021865257780490473388 1.1410019964779696267 4.5645847618117549871 5.7727651217526769756 5.7959137812190402173 5.8185553523317112834 2.57888e-09 4.95824e-06
2365503.0800821362063 5327 2.8020472093999124752 0.20355938878008503212 0.01363099075582308202 2.6036667484061397637 3.3257469296620345567 2.7232384432290452914 2.631061975865784941 2.5315946501403310265 2.89309e-09 5.15194e-06
2365503.0800821362063 5285 1.4398731090062972804 0.096024278618601022206 0.014501402792734386857 0.71226494206673318654 5.6725041684482810922 1.0530280707803332252 0.97138783999472211317 0.89210352533873715775 9.28415e-09 7.59914e-06
2365503.0800821362063 6171 1.8979456040023516827 0.16956805501588492757 0.016438740606184883836 3.2580683499333877862 3.1234118132730710471 3.1652655303082690708 3.1696860003206537293 3.174449107890899846 2.39216e-09 4.83556e-06
2365503.0800821362063 519 1.4267668860656148588 0.092752820096060742405 0.052132739218450283025 3.8256138511628834387 5.7326114958575473679 5.2528028974695333275 5.3306091514094742223 5.4061944735617357694 9.35307e-09 7.61789e-06
2365503.0800821362063 6074 1.0752848416696820788 0.041472907594852920221 0.099307540876218361459 5.8171114376963917181 6.1925489066495913448 3.6757808682304440318 3.6972887898050399436 3.7191671926044831409 2.31075e-09 4.78007e-06
2365503.0800821362063 6124 2.188375153955244734 0.059443526084618468486 0.025955265027309232934 3.8070906330845959431 2.4718367275328030352 2.9892853519866227074 2.9799852590861801716 2.970420506616346934 2.21026e-09 4.70975e-06
2365503.0800821362063 522 1.2177293949225025393 0.083775321491286205977 0.034711896200734587703 4.577361305176745887 1.3400741121046328974 5.2850597450371523678 5.3539978039204934035 5.421113057149097969 3.95336e-09 5.71705e-06
2365503.0800821362063 3008 1.0014992101698270144 0.0018462670893868206052 0.080211088851551204382 3.7593737576825230207 5.3472172640333139881 4.6874502530126376243 4.6892959895346271182 4.691141764351486998 2.60947e-09 4.97776e-06
2365503.0800821362063 5541 2.4318212092382838208 0.054891886755563716604 0.047539084352625035623 0.90882672500977934593 5.3523487353978635994 2.7546949263703219835 2.7334274571492294115 2.7116394444203684166 3.1294e-09 5.28856e-06
2365503.0800821362063 525 1.2853018133027998005 0.087994369659067941947 0.014803494284170992668 1.8829428774548613301 5.6324777291866077178 2.7796182275810044082 2.7470573856466953266 2.7132341801290542627 4.16759e-09 5.81851e-06
2365503.0800821362063 6061 2.3635595851164943326 0.049034535756316124933 0.012871050510156448535 5.0672904781902587956 1.7593581428957993928 6.1316686681584258167 6.1388989034795446997 6.1459493972238270487 4.03777e-09 5.75746e-06
2365503.0800821362063 3430 0.84723787429365515766 0.054575600398425065662 0.084892027873716177644 5.9416902205429318329 5.4904452724031900246 4.7890703156066933843 4.8433990715763126644 4.8975069833978848166 5.45753e-09 6.36574e-06
2365503.0800821362063 5249 2.1175282671111870236 0.078479287487516771749 0.02935998320555333746 0.61398126257088836422 6.0348444250986865711 0.080650125087615529007 0.074556574088076157936 0.068710846547845663701 2.29779e-09 4.77112e-06
2365503.0800821362063 2818 1.4088638170840606101 0.080284507207644198457 0.036537348805873837154 1.8957123760387362132 2.4232841232861486169 5.2796700294660308117 5.3460300460877654416 5.4107294872851241507 2.18993e-09 4.69526e-06
2365503.0800821362063 5959 2.298812164624980614 0.079596481496356882857 0.0138044754837704578 0.94321895337088235145 5.5663417549239522231 0.99116116831451728242 0.92590828568320637793 0.86229739866856680575 2.53231e-09 4.92821e-06
2365503.0800821362063 5196 3.550252825494918163 0.04823384077564371597 0.088723234903205994151 4.3553897541617949685 1.5915293636449387993 2.3954086359316359989 2.3620585337049218033 2.3281526449303799886 3.02458e-09 5.22884e-06
2365503.0800821362063 5910 2.312169022824805964 0.030990046749850994057 0.0065332511188066141883 5.0964581387254188627 1.368216024226758476 3.2399066928216777583 3.2429969355875654102 3.2461340761240808916 5.44558e-09 6.36109e-06
2365503.0800821362063 5412 2.2459821918520690431 0.074592092208382407281 0.027613593268028441968 2.8517275265218628988 3.612457837265314442 4.1735633687611333187 4.2389053773039346851 4.3052912358184460828 3.18558e-09 5.32002e-06
2365503.0800821362063 4562 1.27114258302004135 0.074548627155398505817 0.012880793176226416896 2.9213100279730390696 0.34054520765996748599 0.29131720203347077902 0.27061682568886058498 0.2506880494830799333 8.55674e-09 7.39525e-06
2365503.0800821362063 4112 1.161974862505348316 0.029267705363907596527 0.022820375476786100566 4.0222363743766429423 4.0322494718037216188 0.94836132226741554074 0.92477969027489337339 0.90140977425275226054 1.27566e-08 8.44815e-06
2365503.0800821362063 5115 1.8645172891493608791 0.18270110862291361054 0.015927798363570368212 1.6502957483092195456 3.9887406958604754159 2.8487929281980952645 2.7904835214345289351 2.7276453962602840164 3.89156e-09 5.68711e-06
2365503.0800821362063 5913 2.0830269581970997095 0.096518945130347560957 0.0065582198887460148307 2.1615678876792672192 4.4762942656250395146 1.2178983112158394686 1.1286674565716243723 1.0414294987191941022 2.92169e-09 5.16886e-06
2365503.0800821362063 1980 1.2483172473486037202 0.061562527242697145935 0.070954665837803673756 4.460419865810966833 1.9056900108548850969 5.219397611365305778 5.2724602357104384254 5.3246170712991549578 6.84183e-09 6.86395e-06
2365503.0800821362063 6893 1.7184253682003711727 0.092049458802299921611 0.026592418903382063211 2.1010491052958335523 0.5079083121781605703 3.2084497991040281661 3.2149097231055274726 3.2216524750616426509 2.17604e-09 4.68532e-06
2365503.0800821362063 5016 2.1428330294016477708 0.058769829688643394905 0.018254589138056300651 5.6446528614842055305 0.27067796589632758808 0.51244319880182753746 0.48432557879885507202 0.45696166378244434947 2.58541e-09 4.96242e-06
2365503.0800821362063 6157 3.3293709649523792748 0.27518242735326392534 0.12471914824143746914 1.2337487452511490815 1.7906837189927646836 2.4493738113279350799 2.2492674075801777356 2.0350287564278093377 1.76281e-09 4.36769e-06
2365503.0800821362063 6259 1.2300158210914682311 0.036629895299818776566 0.020892248360857509221 1.2140381588015631831 5.8643784399713689837 1.6195557677038521227 1.582928511140362815 1.5463013115827362043 4.63119e-09 6.02672e-06
2365503.0800821362063 5654 2.2596796652741848455 0.061871011492783616059 0.025700585420983270563 5.8087866617646879419 0.80140360753337802624 0.69322452088326591557 0.65457522845287852142 0.61690677543594119037 2.37573e-09 4.82447e-06
2365503.0800821362063 2102 1.1970528547289456256 0.066872014359570464137 0.062124705234059010572 1.1865843170974148535 0.32128243190556082798 2.0210361752484375941 1.9598890299057289965 1.8980154563496178799 2.21357e-09 4.7121e-06
2365503.0800821362063 5659 2.5418511855840844049 0.043240629561879677378 0.0087443700810925766714 3.068127558765518792 2.5064469617587690209 3.1981635544017095185 3.2006635431910277489 3.203216320444180365 1.86377e-09 4.44953e-06
2365503.0800821362063 546 1.2021070297644096403 0.029602392847024056738 0.008154837018164939888 2.9582731149910443946 6.1802302636280259662 3.6086201949972815939 3.6221295012914445088 3.635813363986394986 2.81358e-09 5.10431e-06
2365503.0800821362063 6716 2.0889678907181501444 0.067422572344210104922 0.01643676776829881836 5.0632891939628130729 1.9869132495228323254 1.8462187334652495618 1.7806851463181965212 1.7147422239921108478 2.33978e-09 4.80001e-06
2365503.0800821362063 5217 2.642681259166165475 0.041653609792241239052 0.020905505527437175106 0.42214635941144823539 5.3917915006834427061 5.2463546112542953637 5.2818452948911316369 5.3169257251681107945 2.49868e-09 4.90629e-06
2365503.0800821362063 3519 1.1173808694443025935 0.063364446127626497529 0.020974911460285995679 1.4003267737078473054 5.3710187036523606707 2.0760747358171691701 2.0197221668301064135 1.9626362625454403243 2.06062e-09 4.60097e-06
2365503.0800821362063 6285 2.3933067077994101268 0.06633586669982718953 0.030904412647429015809 1.5796774567293927483 4.8841321171760174735 2.962666304468140055 2.9504482118247792322 2.9378455502209122052 2.67072e-09 5.01641e-06
2365503.0800821362063 6782 1.5613632374160468785 0.089973855119296314298 0.012963469568366643714 1.0566679388478306123 2.767527141446567196 4.6911647228106367891 4.7813262913210978766 4.8710864373426829843 2.08523e-09 4.61921e-06
2365503.0800821362063 5747 1.121369956834197712 0.03300147457924989397 0.048792921694780555519 0.45176271869797290925 2.991334646465858782 5.1641125185086993454 5.1935973205000021125 5.2228510251598230241 2.03788e-09 4.58398e-06
2365503.0800821362063 5936 1.3318310451360853008 0.069939878505309513446 0.024990615440657348162 3.4663193545381845162 5.8525342890687435116 3.140727933700180774 3.1406651841254680235 3.140600317033115374 4.60088e-09 6.01354e-06
2365503.0800821362063 6328 2.5177637964459043118 0.032270572127127417073 0.044046884979952204142 5.9674180968600207819 0.67721732139435586451 5.8659349428392237868 5.8788255622860443594 5.8915217805662019046 2.25127e-09 4.7387e-06
2365503.0800821362063 5131 3.5297554635669956546 0.022189698792346737588 0.034266496483121904049 3.2760758524616040432 1.3608678771687281461 0.34669973169598161666 0.33923675616301662838 0.33185274682634979815 2.25296e-09 4.73989e-06
2365503.0800821362063 6576 1.3410689938546549449 0.018829058084306925236 0.04205732178333874971 4.282227206846132006 5.8093772686473732492 2.1280004848282803032 2.1119385228285385558 2.0957997440330475847 3.17224e-09 5.31258e-06
2365503.0800821362063 5769 1.3815436793038051722 0.051613295531205680144 0.019335157241971746844 3.560998533134399846 4.026571645436781921 0.49249512707186821059 0.46861920006187118837 0.44530780859940605199 2.58173e-09 4.96006e-06
2365503.0800821362063 5048 2.4494756936104700173 0.086529571483588044178 0.036176867688780450782 0.24582211270386059021 6.2241903087309244924 1.6639391687777893569 1.5773275869247345149 1.4907998609960784187 1.54672e-09 4.18139e-06
2365503.0800821362063 6746 2.9809992403588698728 0.019932365015190904589 0.05030495242388367122 1.0278247408820651021 4.9676617455454135097 3.8958970582891487844 3.9096473987823792129 3.9234951582933375036 2.1751e-09 4.68464e-06
2365503.0800821362063 5791 2.3934622914186540754 0.0097131156770815865742 0.019863786985837121601 4.5749706006901966759 5.2607407151910283716 4.2097149922514001119 4.2182466823228148556 4.2267978745180849742 2.55464e-09 4.94265e-06
2365503.0800821362063 6283 1.1383449819836803929 0.017023587825915311583 0.028774445487802505911 1.4585989739108227159 3.4599727432204545607 3.2419974399296855871 3.2437185191899904346 3.2454540473199799955 1.65196e-08 9.20838e-06
2365503.0800821362063 5773 1.7858255071341009312 0.2186100794425328564 0.0085694784984471691208 3.6943064947463990499 5.6143813848417565282 2.7512242979547534283 2.6574891790963710569 2.5557447605476806274 2.82024e-09 5.10833e-06
2365503.0800821362063 5291 2.1163798227520755901 0.014841103914428093596 0.034418761583328655318 5.9350910409839441328 0.27501210367448220007 4.8517038174783717608 4.8663865461331932138 4.8810520173107372344 2.6037e-09 4.97409e-06
2365503.0800821362063 5614 2.382315088402179093 0.030661845380811011269 0.02196573714934833485 0.21224069698966385733 0.7905421524153006807 1.0417938229623153745 1.015521733200198895 0.98946665491750784849 1.62788e-09 4.25328e-06
2365503.0800821362063 5467 2.8067956049345719194 0.024905960848125303919 0.0039526137139399260614 1.6660797900847952313 1.3631719870451639576 5.5120038537197562079 5.5292114620113288481 5.5462606130729215081 2.43648e-09 4.86524e-06
2365503.0800821362063 6018 2.1665438426915999415 0.03105427285716087088 0.026033575071134448797 5.2271933632730789299 0.95354059809135138792 2.3624568627655837538 2.3403878669852526961 2.318084844950707879 1.79256e-09 4.39212e-06
2365503.0800821362063 6102 2.0502325221314210424 0.060905262853201531936 0.02822862599290868954 5.7165258409412107454 6.2267197100933779907 4.3381386694771606471 4.3955045278305728829 4.4533773698179972556 2.19362e-09 4.6979e-06
2365503.0800821362063 4788 1.2430767922904824019 0.14348465552565498049 0.035949800580235877212 0.074257619529613683174 2.138905530183167869 1.1682475142986625816 1.0393704717580320995 0.91567444848756929243 2.35845e-09 4.81274e-06
2365503.0800821362063 5768 1.39205100213331745 0.081082921544444103157 0.013729367177380356196 0.77481079936252317264 4.8258905198579862272 5.0565344279125739035 5.1319197885311176321 5.2059712119047008017 2.35407e-09 4.80976e-06
2365503.0800821362063 3541 1.5524926256088760201 0.055075206274444968302 0.031620514767245949672 4.8508862065802667018 0.89695335741452386635 1.6154137695588388635 1.5602977792525438705 1.5052256081310837477 1.91401e-09 4.48916e-06
2365503.0800821362063 5735 1.5368147748253655482 0.081422696608596190071 0.0030671357192789206261 1.8446949915350554505 0.27069113850728293569 1.4824997308345759794 1.4015946044398377435 1.3213346640515535313 1.71969e-09 4.33178e-06
2365503.0800821362063 572 1.2248162725137636819 0.025316737692728755182 0.052520950882807150573 5.4476175681016014707 2.7498536124823500515 3.723795643145141554 3.7378672429743975414 3.7520842076170817236 2.80564e-09 5.0995e-06
2365503.0800821362063 5647 1.5654209698071450685 0.13951568812633191596 0.033221893896334703244 4.6053302033792586911 6.1328008349835521074 2.7796438022173712845 2.7265283734725374032 2.6702688461646411078 2.57441e-09 4.95537e-06
2365503.0800821362063 5528 1.2680094344321859445 0.060545966266249813537 0.037145258863562700957 3.318824706548736625 4.8947172594705143922 4.4022025943389255787 4.4604343141299569453 4.5190686613243773451 2.95899e-09 5.19077e-06
2365503.0800821362063 5397 1.2899687310979366384 0.037520037362986653762 0.034256395547522196232 0.22224993536495496471 2.7063472368684959868 2.8782289146454180795 2.8682776601540598271 2.8581500693421637571 2.04067e-09 4.58607e-06
2365503.0800821362063 5170 1.1946959420402227803 0.11379064112007641896 0.023875717595520516007 0.56292417210056466814 4.8089771873621076637 5.6292780557333843561 5.6956873093803865871 5.7587592164659886507 2.19546e-09 4.69921e-06
2365503.0800821362063 577 1.4079411689750074288 0.092876846046812816526 0.038438519078028775267 0.47975907495641612055 4.2004010101568542979 2.4089864048989433343 2.3445262741196568612 2.2780906178147461993 4.05646e-09 5.76633e-06
2365503.0800821362063 578 0.72642032225279717927 0.060763774876617313025 0.068897368363386390921 2.0881586109953342856 3.9164438859070602739 2.321930773189628372 2.27654218377104689 2.2302931733625412924 5.37987e-09 6.3354e-06
2365503.0800821362063 5423 2.2502588858849428277 0.078614804807986271573 0.025806373375067134107 5.6146129017496821945 0.88234784102871788303 0.85297124238551158548 0.79517686526940312142 0.73904688126622419819 2.52578e-09 4.92397e-06
2365503.0800821362063 3330 1.3797488551991312633 0.012323771738611660406 0.049611293903396573579 5.9584581579096704829 2.1680262145379249894 2.7863933987986650997 2.7820824094185865327 2.7777467114341516385 1.03991e-08 7.89191e-06
2365503.0800821362063 6792 1.9892761755411978442 0.18050191817344657386 0.010564339257760091764 4.3564038339735482452 2.8495683486888330194 5.3286047011814252627 5.4694726339696115858 5.6006690198443154216 4.30438e-09 5.88148e-06
2365503.0800821362063 2451 1.5815857191492583844 0.12817184490908109518 0.053291671668332991907 2.7424897115006845461 0.83174158696709721283 3.8059523323777488812 3.8894908790030990886 3.9766604751724861089 1.72684e-08 9.34547e-06
2365503.0800821362063 5190 2.8167263633743870876 0.04067055459978867471 0.0046685103999557489227 2.9120036618934173056 4.2472781595418265255 4.7914905851999343156 4.8319801165828222267 4.8723601816998947101 2.78537e-09 5.08719e-06
2365503.0800821362063 5501 2.6115455528101585436 0.047709824415051810265 0.011949091910264964325 4.5634176494244922395 0.97659261709159517206 0.025695534801237641248 0.024497624929588273507 0.023328964445872447248 4.59326e-09 6.01022e-06
2365503.0800821362063 6073 3.1848727478566436488 0.072521815612871937118 0.1006328144196558666 0.37861829446859013304 0.24961219440151447002 0.29222996063166867264 0.27201335742363336179 0.25252882621538574881 2.87152e-09 5.1391e-06
2365503.0800821362063 2384 1.380629007120322882 0.057091763923744362486 0.01930489206808213426 3.0373138028445505476 0.93218778164417481769 1.0843739391606752598 1.0345390088238961557 0.9854613918065966427 6.77916e-09 6.84293e-06
2365503.0800821362063 5561 1.8127599774587059844 0.16085908197629250616 0.022042030702609325538 4.8784895546228224106 0.25651528706911785882 5.341998948753049703 5.4667499761833804328 5.5839694846950278517 6.03166e-09 6.58157e-06
2365503.0800821362063 3722 0.95072670295979244681 0.027699027336787019477 0.011587715325476925093 4.8736533423790362463 5.5258894678973318193 0.12416057515536668698 0.1207761432522792 0.11743888874068450501 2.80242e-09 5.09754e-06
2365503.0800821362063 3767 1.2788091692701157864 0.092744255817874848846 0.049654488275286165488 0.89299609112733402405 5.5068762027805782111 0.7223290319214222821 0.66296800651455367603 0.60588773347271041025 6.7825e-09 6.84405e-06
2365503.0800821362063 6430 2.4002348174912775391 0.013289900213371570736 0.018327999221852877415 3.0255071470312100423 1.6113376064772964025 3.1901716503313908291 3.1908213472257900278 3.1914753274275335926 2.03207e-09 4.57963e-06
2365503.0800821362063 5482 2.5594502420812226262 0.014391513925692073217 0.032484115392518206344 5.3650862038714945967 0.21482362206919911052 0.95853058027173376754 0.94680134915280911301 0.93512190529491534541 2.31617e-09 4.78381e-06
2365503.0800821362063 3886 1.2991184912792568262 0.027678534328398913394 0.054218931804405352815 0.93340955863276264814 0.024963130227874111983 3.5319646631124599345 3.5426357579998812852 3.5534408735925984146 2.84048e-09 5.12052e-06
2365503.0800821362063 5000 1.2380534426296143646 0.06211134802232613078 0.033720042510211760411 0.25926449969759324254 5.7877806573203276486 3.5838122320161249768 3.6111856613457731235 3.6392924988930483998 3.87387e-09 5.67848e-06
2365503.0800821362063 5126 2.4875270438014043251 0.038865219836351341809 0.017622353653680929153 3.119242727886789357 4.3459482742368304997 1.1807103404895531451 1.1450188954902880134 1.1096236438418660697 2.28746e-09 4.76396e-06
2365503.0800821362063 6085 2.4546392738958418001 0.043494246254163711207 0.0064817098276814576543 0.44503691453169863523 4.7123625813357881142 1.3899586725097066164 1.347326725073175524 1.3049139890447960521 4.93102e-09 6.15407e-06
2365503.0800821362063 5293 2.7559650780279034699 0.053118332259677179807 0.052543093935034305975 3.8053677887165875404 2.4342318590871547812 5.4359622430936509474 5.4751057504562714584 5.513508270084925833 2.92684e-09 5.1719e-06
2365503.0800821362063 3311 1.0862410676824865163 0.056538998492059927559 0.0091690227590088425186 1.719400793326631538 1.3090725102950464542 6.2579422155418784612 6.259331141986818281 6.2606797046947297858 2.72802e-09 5.05203e-06
2365503.0800821362063 6771 2.6021450224839788312 0.036637414473527044056 0.020012636087240284755 0.035788037061816234397 5.3947502233132818006 3.17431837119073057 3.1755399179535297449 3.1767834190775618985 1.46809e-09 4.1093e-06
2365503.0800821362063 599 0.64327690320180708206 0.045258820602426509672 0.024607985629468115407 1.9025353532549771352 1.7810775318481701923 4.6534205772988519456 4.6986765632062859055 4.7439311288586560877 2.03651e-07 2.12722e-05
2365503.0800821362063 6220 1.5008081479485331222 0.016604145657014422743 0.055302757135527728927 2.3492126409091174111 0.80259422066028340836 4.4581634349981582588 4.4742682848183825683 4.4904039108808087022 1.97518e-09 4.53648e-06
2365503.0800821362063 5111 1.9165870130847484365 0.17703162438399064338 0.015167780856960581121 5.4281450710867700238 0.86100062209270333824 1.7174417528213095085 1.5390589237245935195 1.3621164505377323373 2.90837e-09 5.16099e-06
2365503.0800821362063 5744 2.504242100046014663 0.016011860137523915154 0.028737121413453459856 1.8927776200766681658 5.3664346353032987835 3.5620895747794762976 3.5686743658575448279 3.5753067410407717297 2.77391e-09 5.0802e-06
2365503.0800821362063 5276 2.3816219573846941771 0.066657190739309299388 0.033357391999961655271 5.7843951365523347263 0.51106367234011018663 3.8034900704436371832 3.8456066033100668733 3.8887526381967645328 1.69322e-09 4.30944e-06
2365503.0800821362063 6755 2.5327136615760741378 0.070898502392744561229 0.019486050758663411159 2.4145920847476460835 2.4992634383325733616 2.2768905358353044299 2.2216165062980919309 2.1652105674676871416 3.37379e-09 5.42279e-06
2365503.0800821362063 2417 1.1274637357259209569 0.034634539522183392657 0.0199540526966806471 0.6569625608487453805 1.3760800026565316312 0.41700561867352098355 0.40319256723324248259 0.38960346660779510142 2.58612e-08 1.06922e-05
2365503.0800821362063 6983 1.1339809949885824025 0.09498410775527738048 0.038549403414057908934 1.3076477187438177996 4.2087242721209143781 2.4363195404147908185 2.3723084159375495972 2.3062354562621898424 1.10036e-08 8.04195e-06
2365503.0800821362063 2923 1.2315408542867567476 0.097751496552534830609 0.016571993812280402802 5.1435260938778597506 3.5861168096430948715 5.6090213086024549582 5.6679167129388368096 5.7243367146925878686 3.04377e-09 5.23987e-06
2365503.0800821362063 6349 1.308139275040243632 0.038214944767196841469 0.046731586508222282272 4.1664768611496425521 3.3186080924263996472 0.16011055989663874888 0.15412872171980177005 0.14826199367241907345 1.86822e-09 4.45307e-06
2365503.0800821362063 5184 2.5472035507792876174 0.054433465267707779878 0.043767225850413982169 1.8082870508225068473 3.9536580205593789827 5.9133604769335850193 5.9325619292724587339 5.9512589169132423805 4.94105e-09 6.15824e-06
2365503.0800821362063 5955 2.3009796498675787468 0.081616205278920606059 0.02391742884827874685 2.7413289233105762044 3.5043010944294699094 2.1499773657321901155 2.0800204694096167124 2.0087594833381885451 2.24745e-09 4.73602e-06
2365503.0800821362063 4267 0.79462542721890161435 0.10184413704912269327 0.016177529545489646029 2.4075793976513777395 4.8028825006008215581 5.7784552221480582901 5.8257114836509833466 5.8706943184404050129 1.04217e-08 7.89763e-06
2365503.0800821362063 4105 1.3740996433232848251 0.048190408484553470814 0.041274468691188254121 1.0898588655416414639 4.9160087603281796831 4.0687419592807296809 4.1078737225797059551 4.1475237162257698742 6.49644e-09 6.74645e-06
2365503.0800821362063 5814 1.5318108732403343808 0.053135449757325869946 0.0070404329934290162465 0.97689305456924491189 5.244899859157621691 4.9759014333937852115 5.0268748532365901127 5.0774043034636662242 3.09992e-09 5.2719e-06
2365503.0800821362063 5449 1.5636821057786542966 0.13424553156692198286 0.023952942236389940245 5.7724723569504767795 3.2831254070115671873 3.1525914793085623167 3.1541819404747428734 3.1558719513421582548 2.58219e-09 4.96036e-06
2365503.0800821362063 3069 1.262582196204268925 0.054333217164409981781 0.047562755259697504784 3.6137877036103485118 4.2413372148478973855 3.9807099974510049556 4.0219093287894578381 4.0637970123851498983 4.38223e-09 5.91673e-06
2365503.0800821362063 5638 2.6241761871294033703 0.14719357804935218059 0.031238284495297106991 3.15777343406173161 1.9393148377660278658 4.3420727611197111884 4.4835998207420413308 4.6269577881389531981 2.82991e-09 5.11416e-06
2365503.0800821362063 6766 1.2097392452119017925 0.086424867264717278315 0.016602466627270179994 2.9633538755644313056 2.3173564881515322789 0.094082528539919441091 0.086284387236752163597 0.078836520112341879063 2.4855e-09 4.89765e-06
2365503.0800821362063 5851 2.6332010362162576733 0.031126222404763370655 0.020818472117580935632 0.71895790127379322065 5.9233484201931405622 1.5512043609892334217 1.5200885716975780504 1.4890023577799380572 2.37724e-09 4.82549e-06
2365503.0800821362063 6219 2.4230011546951755186 0.080955339539179133057 0.017706914793777533967 1.1882163203059230572 1.3141132182054302557 1.0587065369082102606 0.98942462383857676667 0.92176942592799193665 3.0209e-09 5.22672e-06
2365503.0800821362063 5435 1.4941370526079609249 0.10839704113842314748 0.053607461124534988572 4.6360810197197572791 4.9862445835244155745 2.4732084115334447283 2.4028608628061127739 2.3298716244272230647 7.17242e-09 6.97277e-06
2365503.0800821362063 2819 1.2127071154642266038 0.10178454446442644632 0.033399255908310963858 2.5715396076131216141 1.1452557998903500902 2.6218301081381363282 2.5688084914323274788 2.5136439205276355224 4.7587e-09 6.08153e-06
2365503.0800821362063 5436 1.646484433647123824 0.091240211299465981409 0.010027279838713418214 3.3276247438028434544 0.105087178991796662 3.8570031502423853809 3.9190986370615865653 3.9831040288332739685 2.73828e-09 5.05836e-06
2365503.0800821362063 5784 1.8276641433446982887 0.13816611772780071354 0.015740334254561581806 4.3649334296676522982 1.1329800199374899794 3.4698375913644352586 3.5177331662249646804 3.5684862162336608016 2.79482e-09 5.09293e-06
2365503.0800821362063 5004 2.3620969544337264701 0.097320677618188883296 0.037850095561600356764 6.2383543891765134148 0.26412266209709139853 4.7368131158140762693 4.8341432953547460727 4.9307435172712148486 2.5143e-09 4.9165e-06
2365503.0800821362063 5406 2.0717914573725879634 0.13643225688043106314 0.011475030993769379933 2.1937826388740968575 5.0148281487181698424 4.3339471586377262824 4.4644448848151414566 4.5967049085638320705 2.35049e-09 4.80732e-06
2365503.0800821362063 6238 2.0280366359187183001 0.03269026438346082919 0.019416772884427387774 4.4507525051727956367 2.9147356430467112887 5.3662080204476287904 5.3919064253777779783 5.4173353992873050089 1.4572e-09 4.09911e-06
2365503.0800821362063 5454 2.7354164102260409841 0.038143598990672031301 0.023938896393395758116 5.5532978382978619436 1.9715938809614841354 6.1343078418682575048 6.1398628445264158415 6.1453109822742160162 1.92335e-09 4.49645e-06
2365503.0800821362063 3770 1.1916807770666246746 0.058304379993605888466 0.01244249097029647734 4.0201631140651574725 1.7295548315226543235 4.5915387550772974734 4.6496552818593137602 4.7078449705371578915 1.55823e-09 4.19174e-06
2365503.0800821362063 629 1.0945076136356608476 0.051477543072463959051 0.039318031604901201859 0.33438858474565086309 6.1727258900280990161 0.13156701642895912707 0.12497758619831873805 0.11856078204709659396 2.8481e-09 5.1251e-06
2365503.0800821362063 3174 1.1127072724589197605 0.022098280140700893304 0.043814372638559584416 2.2333547158918629627 1.9038779631053743824 3.3465648364703262096 3.3511124617660232872 3.3557086882098223768 3.19992e-09 5.32799e-06
2365503.0800821362063 5986 2.8823551090034138511 0.12554527666956541432 0.01820699813876879361 2.894045096253251792 2.6695836686954166339 4.9348418943155527572 5.0559458584105438916 5.1741545869358658294 2.3719e-09 4.82187e-06
2365503.0800821362063 6203 1.6335026855214180852 0.20333747034552449029 0.038068829512463896181 2.8552730333939524421 0.18471731652145106928 1.9461180794958656826 1.7481054482169737785 1.5479559277152761254 3.45957e-09 5.46837e-06
2365503.0800821362063 5385 2.7959883388752291289 0.028163958100640772847 0.044694342104196135845 6.120362111468127253 1.7944995081228019007 3.7071436686268244287 3.7224205704450192833 3.7378745924942373691 2.3735e-09 4.82296e-06
2365503.0800821362063 5504 2.3756512499148461082 0.064192951031939921025 0.023820684475089722726 0.07653378259571382014 6.1501694706231813115 6.2740329392646208007 6.2746027480769779316 6.2751536811094714707 2.60355e-09 4.97399e-06
2365503.0800821362063 6279 2.135026682915588836 0.086148505286342103027 0.033547435177645010262 1.646128327175772954 4.1157661488287038409 0.17426313461534184701 0.159908996915922752 0.14619171125241206544 1.20562e-09 3.84817e-06
2365503.0800821362063 6761 1.8239353846238537393 0.24535269483711541483 0.015624713225134655853 1.5104821121054934352 3.8027763265892304823 2.1317833741817100446 1.9067897712931207721 1.6751564067285722448 4.88068e-09 6.13306e-06
2365503.0800821362063 6842 3.1660615402259910667 0.049202104788471423547 0.065945628865234182103 1.7315265322589383779 4.3617830785567175411 2.3458693273610138341 2.3100869078105752408 2.273729173589013719 3.94698e-09 5.71398e-06
2365503.0800821362063 5358 1.6540591279430463256 0.046671671971745910812 0.027770081595423726228 1.1661769011789235861 1.0018805219121282857 1.5734292990970488724 1.5267379591938294858 1.4801115780140232658 2.65589e-09 5.00711e-06
2365503.0800821362063 5669 1.601880396630072978 0.088473606214911265644 0.020263222519584803138 4.1387599394220879745 4.7064449077931547194 4.3423824389441358917 4.4263276117271734833 4.5112058895063409381 5.45549e-09 6.36495e-06
2365503.0800821362063 6977 2.8041548647157599206 0.056032287462759511332 0.046823582924890513879 3.3521093967017572268 4.3257566832431439963 4.9413474507796610879 4.9956017294422254693 5.0494018372987756749 5.37795e-09 6.33465e-06
2365503.0800821362063 6443 3.1442390353359837007 0.051991909389810402053 0.029084020752332243737 4.7546930266539204624 2.7892206866868747284 4.5501881598617970326 4.6017375439539263127 4.6534114902435872452 1.88164e-09 4.46371e-06
2365503.0800821362063 5166 2.3986199011217737009 0.093251678077849911586 0.0088300836816472740715 4.4209167089219736368 2.9356283316356193147 3.7926646054628725402 3.8514716592316649013 3.9122476952206888257 2.06868e-09 4.60696e-06
2365503.0800821362063 5399 1.4377389835171314747 0.096547427357267748271 0.048290241500499118954 5.8055513391046904559 4.1034563599117888089 6.2260221970669098468 6.2312962664989077766 6.2363037720833860433 2.19916e-09 4.70186e-06
2365503.0800821362063 5280 1.6016196096377446345 0.16509165779913848038 0.024577223801856583341 5.3278285554174509286 4.1869943401810001404 5.3943923212467748129 5.5168624373137351569 5.6313519645488510079 2.90625e-09 5.15974e-06
2365503.0800821362063 5946 2.3782109611481541123 0.0074795855235918464951 0.029793852911481798901 5.9875621299390395791 1.0397847535290298815 1.876042617910770316 1.8689006949915982769 1.8617509968131813469 5.06646e-09 6.2099e-06
2365503.0800821362063 6269 2.0601219767184821841 0.078595361077798464589 0.018524083607203235824 0.40232413627671370637 6.1579610150042496386 5.962361073157411262 5.9862895048572557499 6.0092828319408742033 6.27461e-09 6.66877e-06
2365503.0800821362063 4189 1.3288621431306681941 0.0084003763123010437297 0.0039369984617504526908 5.3164382014873696747 2.6300524073193174424 2.6583261672195748204 2.6544080940345380348 2.6504755429548563228 6.41554e-07 3.11837e-05
2365503.0800821362063 4755 1.4266856139842041262 0.042047963268986084107 0.014085471771086833723 5.2132134075937344164 5.1436345269634831112 4.3014150913124815645 4.3403007564111639738 4.3794713850950000023 3.033e-08 1.12756e-05
2365503.0800821362063 649 1.4234548164941425163 0.041132826608281734815 0.030436612096420314483 3.0735860946130655336 3.3754703284143992015 3.3640505483307650003 3.3733152884198460697 3.3827616253421100012 3.87218e-08 1.22321e-05
2365503.0800821362063 2172 1.1246111555772124735 0.073898446571813408701 0.016135249667381057481 1.8297883323020232016 3.0535176586240666552 1.2311807860892731714 1.1622846080670172775 1.094467039296033839 9.67852e-09 7.70524e-06
2365503.0800821362063 5374 1.7579974777202829195 0.20813826368058174765 0.019654706147018748824 2.1315190893761624125 2.3667140755231952376 6.1287504576482163543 6.1580704194001922858 6.1840437277298283547 1.21754e-09 3.8608e-06
2365503.0800821362063 5699 2.444115605942339009 0.061126592089439477085 0.02966340884048180096 0.97249293028124705884 5.7460589220654902931 0.89736248714287780714 0.85044007446627334357 0.80449911433072174294 2.44444e-09 4.87053e-06
2365503.0800821362063 2452 0.76968190558744675744 0.066519441455282046771 0.070775029735710121015 1.6214279626671475043 2.7606362522204763721 1.0048329457140952048 0.94962349420880309836 0.89553012122064501455 5.41312e-09 6.34843e-06
2365503.0800821362063 5746 2.8211119953266465821 0.022618044329828966565 0.024941735132116314017 6.1888280147207570536 6.0277887720313580999 1.6155509747445981894 1.5929422097732326424 1.5703297116150594093 2.42632e-09 4.85847e-06
2365503.0800821362063 5164 1.9249996339676072044 0.12089803134174427479 0.025357756596754640888 4.3509691853446650356 2.1471606686542927811 5.1281558853180815305 5.2364004376311887867 5.3410762489263641228 2.43283e-09 4.86281e-06
2365503.0800821362063 5626 1.5881241593786585842 0.098991803979881484721 0.032459314019601046009 4.7427913086181181512 1.4330456736487235947 5.4733184658895028818 5.5427788020719344075 5.6095574898024809229 2.91869e-09 5.16709e-06
2365503.0800821362063 5539 2.2327501221463665892 0.11122837176762358224 0.018386273579962440772 2.8087652482141427512 3.1320459394964648148 2.9478701477338011827 2.9251475947497596053 2.9012603015882088009 1.96079e-09 4.52544e-06
2365503.0800821362063 6027 1.9284104684445300126 0.14173280098778434644 0.0075672780234151615017 5.4434019263178896608 1.1833286588754372559 4.4562901779445391881 4.5963983646873280975 4.7371788101250755787 2.32786e-09 4.79184e-06
2365503.0800821362063 6069 2.3797022004386856331 0.018878840821462114508 0.018367677686560366507 1.3603604722247302217 5.0467042071407064441 3.112462683618942183 3.1119075338002168962 3.1113471954530220742 2.30644e-09 4.7771e-06
2365503.0800821362063 5564 1.9636777797806417301 0.15265228450255458048 0.0093988758551082005055 3.7959316419536910381 2.5113319143510741682 4.2876007240253724007 4.4318269817600866034 4.5785105581304517131 3.29026e-09 5.37766e-06
2365503.0800821362063 661 1.2704058659418098198 0.06102442905970450332 0.02238518896209052908 1.7291797907691812686 1.192687804687428299 4.8317180506636230319 4.8921269577214641089 4.9521683179409254905 2.33889e-09 4.7994e-06
2365503.0800821362063 6591 1.4648183406991370781 0.074553824781243199782 0.032662005557854360827 0.40694153532656068828 4.0546890805868773811 4.1161817561937077414 4.1792605395753135156 4.2434678829462164629 2.63066e-09 4.9912e-06
2365503.0800821362063 6465 2.0565090137268695614 0.12844858479522336392 0.018499336988312617414 0.60643865935224205987 6.0787117172246833974 0.066542607830690075899 0.058484652417516921896 0.050976663413406536618 2.98606e-09 5.20654e-06
2365503.0800821362063 5694 3.1422549229409821869 0.015277933743545054138 0.010233718447529380896 2.4774006878585339564 5.4295808294648857384 5.0932142239900128899 5.1073580497071002782 5.1214597118999574121 1.21025e-09 3.85309e-06
2365503.0800821362063 5553 2.6145333761735773948 0.05931427971519761394 0.036866133648801376055 4.5597589522218955338 2.6264665047136670495 0.12578981713576231627 0.11855488110461977203 0.11153934491099304349 5.50583e-09 6.38446e-06
2365503.0800821362063 5820 3.1335020348757005593 0.019278522354465640193 0.067884760140665773021 5.6120907195150122604 0.009483433722913178418 5.2314709549034965619 5.2481315054613038029 5.264708910624837479 3.12834e-09 5.28796e-06
2365503.0800821362063 5026 1.4947463075969056323 0.054784471371038395704 0.023039682290609111992 1.3641090012491290384 0.076649613866261789852 0.062238215726959193741 0.058918984687768578834 0.055693006482727555606 2.52074e-09 4.92069e-06
2365503.0800821362063 5667 1.9303775984917435071 0.1790154695503587412 0.012935425970503048113 5.0985981126348036696 1.1654476567510645424 6.1379574498571347618 6.1619331772167740269 6.1835860360422083559 3.20823e-09 5.3326e-06
2365503.0800821362063 2047 1.249379048052114749 0.046232801389587983854 0.031661715953893984632 1.6058565727491653785 0.43974669449599851356 4.7447630276315448938 4.790953521610783028 4.8370437130023642425 1.02277e-08 7.8483e-06
2365503.0800821362063 6671 2.301080744232171682 0.04330500748402389688 0.010406540337280681396 0.76657513296963863958 6.2202243652004360897 2.7007714311211659108 2.6819164240804767019 2.6627038124409567743 1.92285e-09 4.49606e-06
2365503.0800821362063 6622 2.9694653152743457625 0.069838483851662830348 0.040976617209135826614 6.00613982553727066 1.5525595374853486952 4.5663945678316419929 4.6359002108812390475 4.7055344981794817727 2.90674e-09 5.16003e-06
2365503.0800821362063 6538 2.3085584569546644396 0.0065320922827351432169 0.023344159596144001961 2.3647743828939162825 4.2988799386451308493 2.0319288820203764701 2.0260705129326512797 2.0202037763041760243 2.46314e-09 4.88292e-06
2365503.0800821362063 6422 2.1940226452149094172 0.07518226049613037365 0.01207202114589825577 6.1995090093532976283 0.043582544259433322886 2.3652591332375965116 2.3110639631924962956 2.2555577973206695219 2.39084e-09 4.83467e-06
2365503.0800821362063 6849 2.6870444420400372287 0.0091973184550333923759 0.018907104067187503055 2.8109990968245806009 5.0182047986021887098 2.2871478949535171132 2.2801900888322932381 2.273211559965582218 3.47771e-09 5.47791e-06
2365503.0800821362063 6378 2.4147470188405653069 0.059691602957257609841 0.0088156004026058616685 1.1705108217287309991 5.6422767522566488196 4.1406735367095492961 4.1917317711808488312 4.243513785363467683 2.37178e-09 4.82179e-06
2365503.0800821362063 5636 2.4168467820968153603 0.051260587353012032619 0.01798745511499261901 6.0083959660424461902 1.3646171147326389139 5.2927848701723476665 5.3350783104366721332 5.3767179478325166642 2.43457e-09 4.86397e-06
2365503.0800821362063 5613 1.9512748748612800398 0.15139762869727718675 0.013821114367701919923 2.4139803433569930746 3.8699535782998593092 0.1899851204884244471 0.16323087457331411643 0.13862770359842696566 4.42939e-09 5.93788e-06
2365503.0800821362063 5812 2.2492742058771479918 0.037867229719644457386 0.01245183997414443626 5.9957861432777423971 6.2220047253138757171 5.3315873290295110465 5.3620975598612119484 5.3922497250630199161 2.00671e-09 4.56049e-06
2365503.0800821362063 5107 1.2511286714083245108 0.081040180105083930995 0.031666693599001684289 0.76421919580024078034 2.2742617580687474188 0.71624930336158676436 0.66454851240735091089 0.61457072646297317142 2.74967e-09 5.06536e-06
2365503.0800821362063 680 1.2846110193284023815 0.057856896386910681984 0.044657266472864907969 0.092650561647898047046 0.45356683164622529914 3.1408231207706909238 3.1407772320715885428 3.1407300543185261432 1.50799e-09 4.14619e-06
2365503.0800821362063 5637 2.6496932689778507353 0.024964491621287328987 0.0094485577432752414911 0.78193204206396316192 4.9186665950414223403 2.4366639167065264893 2.4203299607364248125 2.4038450719619604001 1.83634e-09 4.42759e-06
2365503.0800821362063 5209 1.735030790611088225 0.25588139029900092147 0.018493909611297262158 2.5417635566574072747 1.8866967041599154165 1.4941172218757881041 1.2386281586823706391 0.99673387447435535247 2.58598e-09 4.96278e-06
2365503.0800821362063 6079 1.2908878381024351256 0.075831135832180804335 0.034848960214277115155 5.6925785852713532975 3.6465584331159819342 4.7884395268509489796 4.8639068343039193465 4.9388691814396548097 2.06443e-09 4.60381e-06
2365503.0800821362063 6654 2.3721764756753511705 0.057079485395262238856 0.027460773454108574482 0.036929268964308537004 0.91812849198965662545 2.0753569722169902256 2.0246602600940755146 1.973359518530054757 2.50464e-09 4.91019e-06
2365503.0800821362063 6800 1.3120733393684167467 0.027743944898341855315 0.055861746152673495691 0.51225166789438070225 3.3651353025478596415 1.2332969972314973273 1.2072343904833660044 1.1813038977222709569 2.65837e-09 5.00867e-06
2365503.0800821362063 3982 1.0976500176964769651 0.080284927482726503589 0.017235933094546955491 4.6187142039035222751 5.6254571630002292437 2.8243808643045089646 2.7983032322784082702 2.7712804175929082184 1.70782e-09 4.32179e-06
2365503.0800821362063 5603 3.1205213058097016621 0.054200128372672476407 0.048533232975126537612 2.8738918871142375977 3.9274079883037380512 5.2418717976580566642 5.2880438418602411232 5.3335088599878508475 2.73212e-09 5.05456e-06
2365503.0800821362063 5145 1.2060937460121081699 0.033779690549585308923 0.0043829089432918235877 0.15762671650182499827 4.9944745402660100098 0.8400957509899966702 0.81521444163626943791 0.79062712840147275628 6.75138e-09 6.83357e-06
2365503.0800821362063 5365 1.0917893737525783404 0.056502795421599451287 0.049405110462311579989 3.816545443143243066 2.7672641182053556719 0.60693196341312027897 0.57541446995698053435 0.54466663387356162307 2.05527e-09 4.59698e-06
2365503.0800821362063 5188 3.1948329581378551723 0.008169912464065117591 0.037826692396442783417 2.5090941191404230182 5.5960462212796979742 5.9337202297794231498 5.9365069183916086004 5.9392828560416077721 2.40354e-09 4.84322e-06
2365503.0800821362063 6646 1.2357546745869905092 0.042365549805417450357 0.032940376362128015453 3.188339905478258185 0.50126056369584937045 3.913943045653438535 3.943973503177466533 3.9744348761931518332 4.11681e-09 5.79478e-06
2365503.0800821362063 6781 3.0713379470806678739 0.092733405384255784831 0.047383094967154711086 4.5557937938581467563 3.2530767360052323944 0.86998345011449895736 0.80104631642609080977 0.73445587927335576062 2.42444e-09 4.85722e-06
2365503.0800821362063 693 1.0859078605739338474 0.056571530370940897869 0.032120059333856761097 3.9913263109104688553 5.1941503511972557661 1.8450694936283402736 1.7901615358114504328 1.7349456978762953785 3.91493e-09 5.69847e-06
2365503.0800821362063 5611 1.4777985549673049448 0.11629417461924455857 0.019603671139484198094 2.9980214423055948636 4.7346143177983908146 1.0863481698340238246 0.98590161086938310486 0.88893899142086896248 2.22287e-09 4.71869e-06
2365503.0800821362063 2849 0.90425419088057468198 0.096335249582503224008 0.055589867952345328739 1.6971792758771102605 3.4716798843912108907 3.9431402302494564793 4.0148919138488325942 4.0887282801279836164 6.64887e-09 6.79881e-06
2365503.0800821362063 696 1.3393042828147176948 0.083748709502212748124 0.042205263539344284318 3.7694534197470863646 4.9663852183031735876 3.199429945103357209 3.2044915198718340044 3.2097557460349208647 9.89663e-09 7.7627e-06
2365503.0800821362063 6155 2.1163518134287242489 0.078510680834638371661 0.012394206683074903558 5.3198922491408620061 1.2533495508410885666 5.8063617283803692359 5.8412290474589250167 5.8748087391281673675 3.03729e-09 5.23615e-06
2365503.0800821362063 5191 1.4835733459512681076 0.061592138533149223822 0.055741710099138676304 3.7970791423149070631 2.0798296639681059794 1.8039368505456945257 1.7435422278626675485 1.6828667963014516396 2.79475e-09 5.09289e-06
2365503.0800821362063 6978 2.1228665027040238833 0.13336438378654261183 0.0028608820928647691814 0.43417232238480724105 0.68078742357202104429 4.3109554867058186289 4.4374137298581493027 4.5657678695356773702 2.46129e-09 4.8817e-06
2365503.0800821362063 3450 0.7884476278506523661 0.096201818583087128633 0.035559271540356394981 1.2975287907876753568 3.2532412090480899991 0.0057448761737445147579 0.0052164056225667537053 0.0047145801910685866329 2.86555e-09 5.13554e-06
2365503.0800821362063 5231 3.1431636433424658961 0.033950751270578109764 0.022847007571158831074 2.5596574370069289373 1.1164065671762766208 4.6790900649318452054 4.7130477142233146992 4.7469984581277637758 1.89135e-09 4.47137e-06
2365503.0800821362063 6601 1.18163583575590736 0.035987522805506745593 0.01280712049314563887 2.9837829321955191553 1.3077009051673955664 1.5076213362550179298 1.4717385989181410721 1.4359274943704471994 2.03022e-09 4.57824e-06
2365503.0800821362063 6523 3.0916717693687632007 0.055260611062650226433 0.038446052715062753458 0.37552564787834968874 6.0252919697446705172 1.4784018528852087559 1.4234888074355132037 1.3688266769302013248 1.39465e-09 4.0396e-06
2365503.0800821362063 5869 2.4347672675359248728 0.038692193162781406135 0.034335236705205586516 0.024750492809834025165 0.57180577065459858854 1.3369849087724827719 1.2995038864385131117 1.2622268464257508924 2.00715e-09 4.56082e-06
2365503.0800821362063 5060 1.8912831483508285579 0.11873773689614885996 0.022958727619376593371 5.0165394804391194583 1.0672553622905860404 2.8911877819779423504 2.859854382714498211 2.8268422278437523865 2.03606e-09 4.58262e-06
2365503.0800821362063 6888 1.6371592950978395287 0.04869255774568344991 0.015701721634575789566 5.1818368969182149186 1.6956001706230525716 1.2289097206704440168 1.183387795950813004 1.138303785248269806 2.28028e-09 4.75897e-06
2365503.0800821362063 5027 1.8791934599203039546 0.13801356966336145171 0.03219033636607841059 6.1675283143760255555 6.0662131396795233584 1.1393847344216072592 1.0171157763109943684 0.89972212742731394464 1.92434e-09 4.49722e-06
2365503.0800821362063 5502 2.400197388665693321 0.031182661255175107146 0.024963236527669244863 0.28428055409376040696 4.4210075673731177304 4.109608566932756446 4.1355296615253021031 4.1616663348741900208 3.08513e-09 5.2635e-06
2365503.0800821362063 6526 1.6273720703023799583 0.042786472455831968398 0.045128508498969890916 3.0211949554038644017 4.3219632564606458303 0.62382879580930727936 0.59925195487935267735 0.57511931786756087526 1.74858e-09 4.35591e-06
2365503.0800821362063 5507 2.4356324685432544364 0.098936195207449548206 0.041252211707960506626 0.66515944171849816779 6.2012344272932846678 2.3725915009561271418 2.3011021346077500382 2.2273975943693047341 2.60431e-09 4.97448e-06
2365503.0800821362063 6159 2.0645482962999452958 0.1724359981800959174 0.0078008737412545211404 2.7007270834997831876 6.1362874946826613254 0.044179967649978155175 0.037119523706641989469 0.030720251369788811185 4.4573e-09 5.95033e-06
2365503.0800821362063 6127 3.0781828418525685187 0.027064605512881371313 0.047830135307885442153 0.27583829037730112077 1.4701840743325835792 3.2729994154201667023 3.2765945466737069758 3.2802372311163643381 3.18976e-09 5.32234e-06
2365503.0800821362063 2422 1.2238043140898300365 0.090354118005041200723 0.070332304277049229047 0.99036995711613040605 5.9870932009622279679 1.8706884830538683673 1.7830737461455341553 1.6947477502687653406 1.76587e-09 4.37022e-06
2365503.0800821362063 4654 1.4734068243466278414 0.058715684481367103054 0.041992254773198206541 3.8030738892296436227 1.6444415950230335532 2.3409991641801775053 2.2979441081422171678 2.254079180534122262 2.70288e-09 5.03647e-06
2365503.0800821362063 6775 2.2899511110949033466 0.088891906276595489267 0.0085265468985760550086 0.40232515811095542757 0.21174056673933261408 4.5361783847435743766 4.624499872653359489 4.7130486773182669324 4.4281e-09 5.93731e-06
2365503.0800821362063 4362 0.76248492414104807047 0.091282731074324358067 0.065396414492981891353 3.1067439466741202381 1.8494074540623688385 1.3256437876588977876 1.2379356411819155692 1.1516632833339928155 2.43279e-09 4.86278e-06
2365503.0800821362063 6638 1.4303762982710193086 0.033362374947856050789 0.025755391868241505476 0.69250178272535989343 3.6442869530805563905 1.196790572205087555 1.1659165270078764021 1.1352515083596019796 2.37819e-09 4.82613e-06
2365503.0800821362063 3483 1.3834544174388638815 0.080945394003820947404 0.055014222574455699799 3.6859421222956965103 1.1059059775764736866 2.6818067150768034601 2.6444756289123132476 2.60587329658757616 1.58387e-09 4.2146e-06
2365503.0800821362063 6054 2.0029648312808716604 0.10286960097785148582 0.024621478048830344743 4.9193374955030000351 1.7879211139895252458 0.36025955517930169369 0.32557725721184077594 0.29267382169488442845 1.03293e-08 7.87422e-06
2365503.0800821362063 4670 1.1968918238658365905 0.055356265345572162884 0.016205138577203046651 2.325753277143557618 4.1125504964964800791 1.8026840808404933636 1.7484360235193305844 1.6939508711591360068 5.11284e-09 6.2288e-06
2365503.0800821362063 6086 2.4858133203621899376 0.078555399541399839602 0.010822552844053992538 1.2145173856391862088 4.883038403771936764 3.3584972030381443631 3.3761050948310842301 3.3943589187537734908 1.80882e-09 4.40536e-06
2365503.0800821362063 3165 0.8316044509447848565 0.069735914222254641315 0.0313527373918862165 1.8894345746796359364 1.3426755288731888616 4.8344536630343135641 4.9034343520219332291 4.9719015099090100307 3.72997e-09 5.60728e-06
2365503.0800821362063 6810 1.9913072781027929548 0.10422686937101967308 0.01852759915233252036 2.5710640743101857986 3.8119624235581688332 1.6178946297276646238 1.5133369335373205722 1.4092820736045421626 2.57322e-09 4.95461e-06
2365503.0800821362063 6338 0.66032978679474474415 0.022891550058237463555 0.10340793694933085589 3.4541223529073974419 5.15496801561548601 1.9325311015483084276 1.9110319167735487778 1.8894526002563449829 1.44459e-09 4.08725e-06
2365503.0800821362063 1961 1.1104140121089876025 0.082050891923197602495 0.022101269939017131189 1.2151020434481460963 5.5429747489900034196 6.1401849581017691193 6.1514401324705909602 6.1622186980890614194 2.05443e-09 4.59636e-06
2365503.0800821362063 6725 1.4941013511659095858 0.11327344764349528417 0.046913767175666205855 3.6027489265099301718 4.9588549941359607587 5.2321283682287020866 5.3279808573024585172 5.4204609038013247257 2.4899e-09 4.90054e-06
2365503.0800821362063 5707 2.3799521642833414425 0.029374737209969917912 0.023328384377637879921 4.0551115601194238636 2.7511511121194898166 5.3878503206319754426 5.4105701820317815276 5.4330716015509556982 2.27392e-09 4.75454e-06
2365503.0800821362063 4769 1.1901242358107941843 0.092898929650474623698 0.034425661041417442154 5.2948947266264312361 2.9303726167607271336 4.7746440395135492096 4.8672293945516189595 4.959016895813567416 1.61578e-08 9.14066e-06
2365503.0800821362063 3096 0.91202356473835421991 0.02341776104119571919 0.023049163805530827054 4.304236250971632316 4.946630416791713003 1.8897548532340098237 1.8674341340701232639 1.8450391511559178781 2.14261e-09 4.6612e-06
2365503.0800821362063 6913 1.8810592408695314681 0.063881365580129745307 0.029005242069592630794 0.083866518200281597872 4.7057988324927357837 2.9050742353811291885 2.8896099077923365073 2.8736827132309503696 4.44786e-09 5.94612e-06
2365503.0800821362063 5534 3.3803395239389453231 0.13948365465328918522 0.041773745881248706968 0.93273153066998537586 0.37778282883842045914 0.85132030150456561302 0.75063159042899296747 0.65548968473675406354 2.18919e-09 4.69474e-06
2365503.0800821362063 5727 2.1187121932892925003 0.065739566063754528713 0.012803805760167550135 4.9042770964584345705 2.4604741890079671052 4.4828684365421889169 4.5474142954984753118 4.6122612834649716618 2.80826e-09 5.10108e-06
2365503.0800821362063 733 1.3247414239362889088 0.067339728477942964457 0.032792374154218470461 6.1462113125438717631 3.8158486435342591214 5.0338322987814061449 5.0971003901467657471 5.1595180408193899169 1.53657e-08 8.98878e-06
2365503.0800821362063 6310 2.2133728898679212449 0.077453458515841330789 0.0050787057452717603023 4.72884034751526805 2.1821816880014806017 4.570696790867920356 4.6478739801897628325 4.7251663067843416854 2.68925e-09 5.02798e-06
2365503.0800821362063 6860 2.7721686241470830936 0.024902485940020084587 0.0053728246596547813221 2.9379030602255853388 3.3730290277863104187 0.5552819786791510781 0.54228945019908347813 0.52943731894682399819 2.5143e-09 4.9165e-06
2365503.0800821362063 3055 0.8360630277441613023 0.077540332913643733592 0.018673936120920886506 1.6231572257264839099 4.7125270005735071521 2.1461715140440151828 2.0796362500474119273 2.0119194830426039289 2.09694e-09 4.62784e-06
2365503.0800821362063 2176 1.2040043034455445436 0.029281955093459200584 0.038678291074567085206 2.4714822812261276752 2.7604301052423747542 3.6538929225728660199 3.6684348940473272549 3.6831580451940020282 1.6844e-09 4.30195e-06
2365503.0800821362063 5796 2.0786443543644024246 0.064784216518959644726 0.013660519333501628531 3.6353514508235948988 3.8925429786392400366 5.5988928501895172118 5.6388775121500183118 5.6777898378381390643 3.00384e-09 5.21686e-06
2365503.0800821362063 6237 1.7548752632357724757 0.22483170960204018618 0.020644787859961828691 1.6959987358456023454 3.1652337540593160625 0.80180867584959736316 0.65044502160934691837 0.51430028871590593997 1.89473e-09 4.47403e-06
2365503.0800821362063 4167 1.3530158546030619515 0.010824510352810200187 0.033024763807139076444 2.0193325575574521125 1.6759618284325723536 1.3999302528108275023 1.3892729667874650357 1.3786263050358265048 1.77822e-09 4.38038e-06
2365503.0800821362063 5979 1.7378107133902798154 0.13691990938179351978 0.0019573261067252142875 2.1413214422294593042 0.94160962418986382527 2.7647080379493056412 2.7106335422370970711 2.6534362893250023063 3.8601e-09 5.67174e-06
2365503.0800821362063 5326 1.6180196740886634288 0.19619559169524147801 0.010341402785253223096 1.9760284802641818747 2.1540434026094223974 5.8097704732933026506 5.8927331054993361548 5.9674064468406520234 4.40206e-09 5.92564e-06
2365503.0800821362063 6021 2.3615474315677134065 0.039203400803455371038 0.017772433314870800247 5.2837907998570603496 0.99081221685309628366 0.1218970766997901356 0.11721934434810579728 0.11263446392802632656 2.07244e-09 4.60975e-06
2365503.0800821362063 6618 1.9271258680948133435 0.15307096557911220591 0.014108357578399233212 5.8636944941339042003 0.71542656070890009445 4.4464358426565642191 4.5977793608819954585 4.7498461049252149735 1.98254e-09 4.54211e-06
2365503.0800821362063 5741 1.1856450658109087826 0.070083236826963574151 0.030530186826262607769 4.7933294359813674035 3.9185620881774756441 5.022615721440229386 5.088703487598529307 5.153882674474739467 2.65937e-09 5.0093e-06
2365503.0800821362063 6184 1.87724551583811472 0.16844115542462159696 0.023850747674392675651 4.6086286578881239251 0.51891988288474033553 5.3432994185568611911 5.4735800595446892913 5.5955339720452190733 2.81552e-09 5.10548e-06
2365503.0800821362063 6439 1.2605789117848484882 0.06152275694725720806 0.067271798987178971219 5.8277186603440860324 3.9307086322088951036 1.7762584708832722669 1.715610128517710109 1.6547313430050463179 3.25558e-09 5.3587e-06
2365503.0800821362063 5808 2.7507061953641258611 0.035667798578015878774 0.029968764262304631307 0.5391349755385282938 5.0107853438714968775 2.0015086184314476725 1.9688477080773156835 1.9359684867344351122 1.71518e-09 4.32799e-06
2365503.0800821362063 4786 0.75873135959779036686 0.088845600084100390115 0.048289105174372765061 3.7517101096376115343 3.9143363470964973594 4.0537034783698064899 4.1260416394978793875 4.2000471216557127008 3.70633e-09 5.59541e-06
2365503.0800821362063 5525 1.9114228358591174306 0.1528064257381058777 0.012628210099509224601 2.2451445382892432079 4.1108305929288571079 0.0060787982485931554497 0.0052111217085465573462 0.0044148324301660568994 2.22151e-09 4.71773e-06
2365503.0800821362063 6428 1.5320079266553296993 0.10765291723024612847 0.034356239709817923411 5.6943105959334401334 2.9676918453576788259 3.0920419155867153727 3.0863895322186212233 3.0804497730241560127 2.54419e-09 4.93591e-06
2365503.0800821362063 6270 2.1501596074697100214 0.051770447968522891047 0.028927166947011438702 1.9677199202465298633 2.9631281617304829901 0.77154686982475861878 0.73608814547124412631 0.70132977845410671147 2.07589e-09 4.61231e-06
2365503.0800821362063 753 1.2563569142876511719 0.093799210991332482301 0.036156095040655512884 1.2335575087298447094 5.469647961813802084 3.7534986718667475714 3.8096446831724928295 3.86774934997395059 6.96967e-09 6.90644e-06
2365503.0800821362063 4607 1.1443324314685425769 0.075312700327599096939 0.041492769031431460391 1.5295262678373908738 1.1338955024951897776 2.1995828837049806737 2.1372244211929576352 2.0736738237954566166 1.40685e-08 8.72836e-06
2365503.0800821362063 3159 1.346449719368636222 0.065237433872233116516 0.057697821499396027833 1.2651738688649325493 0.61802205010459176915 3.2451046323084411505 3.252079117831670807 3.259272315495981065 2.38547e-09 4.83105e-06
2365503.0800821362063 6996 1.4656501996810928912 0.054727984744414592821 0.015196250176526843179 0.54724496071933714791 2.6503942347994877693 5.0897392106202872242 5.1401356399358411053 5.1899327861136335116 4.62929e-09 6.02589e-06
2365503.0800821362063 6360 2.3200344902320262364 0.062855858720738733147 0.034382176525584624838 5.7392685882756975246 0.33339832638682848076 4.0186556186297739401 4.0680141063934396328 4.1182658214218070825 2.05525e-09 4.59697e-06
2365503.0800821362063 3539 1.5948774226962676437 0.14459314721500285406 0.033771389784337871309 5.7580612119568543861 3.1532660020539857726 2.4810996339945687872 2.3865628969928658343 2.2874717182236325996 2.55157e-09 4.94067e-06
2365503.0800821362063 6242 2.3745774968229174107 0.043796583347097198247 0.024328553466017074913 3.9282873749992890389 1.5862253081916177777 2.1714938183558158968 2.1348977091534928618 2.0978865570292684062 2.33848e-09 4.79912e-06
2365503.0800821362063 3619 1.0669819849755610708 0.066755756899440285568 0.043189419564534231588 0.71823436486093039655 3.2630737958915254637 4.4247986331161257567 4.4894748741365901878 4.5545789175258395431 1.83568e-09 4.42706e-06
2365503.0800821362063 5042 1.7302642965300421007 0.25118365647459850454 0.020242820940785576089 4.8299888643053989767 6.1643784864848587546 4.4973257999163234189 4.7523136795015075151 5.0032971715031662185 2.64471e-09 5.00007e-06
2365503.0800821362063 2327 0.70512051407385445412 0.023264939767016989958 0.0057167232955803604783 4.9153168849133184182 5.3797940659799072805 5.2771044618067630694 5.2966377239981916603 5.3160436312896699462 4.5723e-07 2.78545e-05
2365503.0800821362063 5122 1.5596367241631625689 0.12475756703126361646 0.0442953503178598329 1.9416037905756817761 0.14498244872530557936 3.7816100122680573747 3.8603237022311307491 3.9424678441138412133 5.71797e-09 6.46543e-06
2365503.0800821362063 4460 1.1966752423729039023 0.0113339813952780602 0.022450257146372009504 4.2350534513048696539 5.1132203006095418019 0.43321898808809422565 0.42848524874289467546 0.42377605351018243773 4.33845e-09 5.89696e-06
2365503.0800821362063 5475 1.9708792807144996928 0.197244842060474046 0.0072521390270048691554 3.0692585005340085047 3.7919652746397836118 0.79474902458783036607 0.66204808720152730217 0.54079506760667073184 3.18308e-09 5.31862e-06
2365503.0800821362063 5941 1.6547518111852315137 0.19628150885395645453 0.038033368076504071864 4.1917656364352797738 5.8819571480874888181 4.0947483373448640975 4.2657586891841345889 4.4427864923097848404 1.64181e-09 4.26538e-06
2365503.0800821362063 3033 1.0968214202779591471 0.057394280542399908618 0.03662076652049592318 4.4455943844015388677 4.2067255476224225674 2.9140214776008721564 2.9006891065897759674 2.8869959688763877637 2.15423e-09 4.66962e-06
2365503.0800821362063 6981 2.8233562579991415831 0.20906699068846221201 0.032610935726315300187 0.28563148168550028805 5.2454368520102487849 1.5937367561062785182 1.3826630008497529101 1.1772849842437367318 4.02877e-09 5.75318e-06
2365503.0800821362063 5982 1.3975311405916110985 0.056704781358829794979 0.05762091559555627962 3.0427790007930806127 6.005645287613637251 0.30413168041311927636 0.28758526979549109415 0.27150166775604289704 3.01943e-09 5.22587e-06
2365503.0800821362063 2613 1.518450917229581254 0.058490960631900686117 0.021705741930221664204 2.646435629269694445 6.0074960105972383673 1.4501282337820646795 1.3922330701062091141 1.3346721217845376461 2.80359e-09 5.09825e-06
2365503.0800821362063 4990 0.99683755370762450188 0.045565460940574120663 0.03944671151142543214 2.0836849578771960978 5.5562149918128271864 1.5689578117603051322 1.5233785553055305684 1.4778643104851116874 2.48034e-09 4.89426e-06
2365503.0800821362063 6435 2.4643633917367813169 0.020239888252052026102 0.034275411245380880965 5.231644852652272526 2.2390386060844327254 1.4541139116688506228 1.4340339238977164449 1.4139830237791661816 2.19619e-09 4.69973e-06
2365503.0800821362063 2364 1.3379480939965278097 0.065491299191744511976 0.030296803553777975487 3.0625495616128941556 3.4094952420936954773 3.7704822500133587937 3.8100937470872806578 3.8506859363850525213 2.77188e-09 5.07896e-06
2365503.0800821362063 1936 1.5405822364583072748 0.10355062738292265812 0.027446424240171567177 2.8575950479810114935 5.8655371147055017644 3.6488347241898275719 3.7016571759160896704 3.7566675006422078908 2.57214e-09 4.95391e-06
2365503.0800821362063 6471 2.0194508056861235623 0.083666628427385827949 0.014727874002715937024 3.9495279357839292445 3.0034996528502952984 3.7815107717051046343 3.8332876582968760104 3.8866538761524105361 1.43346e-09 4.07673e-06
2365503.0800821362063 5990 3.1313018719439074111 0.025633800839560190454 0.079622914060734947816 3.3528499456843272597 0.92241451929307138879 3.5571598037528762148 3.5676328296834420861 3.5782264643956831485 2.30118e-09 4.77347e-06
2365503.0800821362063 5593 3.2430787611294893402 0.05842011374311160965 0.044227327202640290271 6.172844492627765689 1.999784925217960474 2.3015277669694547136 2.2571267241980135232 2.2119342879967622828 2.07769e-09 4.61364e-06
2365503.0800821362063 6640 2.7241292209503926713 0.047329462609938588447 0.0076571618830564352684 3.0987675118972477506 2.7612706225954424255 0.85123711849322281076 0.81617169503705888634 0.78169082186988947392 2.80196e-09 5.09727e-06
2365503.0800821362063 6260 1.6742778976740941843 0.10997092662107849081 0.011674132266144797432 3.2030378038935793938 1.4563623869844524172 3.8892953228350353179 3.9674194281144252727 4.0482599959468918982 2.41332e-09 4.84978e-06
2365503.0800821362063 6759 1.8027372375669388216 0.18110566424200383318 0.020165063830620680307 0.96103830951042656938 3.8112781855665014419 1.4770537943126615943 1.2972666488039086286 1.1228938740279668096 2.57453e-09 4.95545e-06
2365503.0800821362063 6995 2.3135042043299671732 0.045687396509854434623 0.012504694645606119138 5.0785928648090576942 1.9389875162818936971 2.6445581003900260342 2.6223160635602735802 2.5996435916693636514 1.33658e-09 3.98274e-06
2365503.0800821362063 6894 2.2203908375846439505 0.083678684550437074097 0.034901672197797287134 5.073039708452659724 0.079756469389804102166 4.9110569604112495057 4.9925145520491467366 5.0729315024185765992 1.64258e-09 4.26605e-06
2365503.0800821362063 5536 2.7770853948554279356 0.046955832209694625679 0.025255745702920211204 4.5838555659447575152 1.2761500601568711577 4.882304557259099731 4.9284183357687059157 4.9742827391204080811 2.74594e-09 5.06307e-06
2365503.0800821362063 4246 1.1860545722197393115 0.024418130852039286044 0.022020457758507545193 2.1615985033608167143 1.242110810965351364 1.0978607693236961396 1.0762407530584068294 1.054748409006770693 2.3674e-08 1.03818e-05
2365503.0800821362063 5165 1.9981211287508466867 0.14538539340308626047 0.0061275158720203205809 1.9523731862883899613 4.546076358853463617 0.034760783907170925144 0.030026865488965368001 0.025662053801095745936 2.50088e-09 4.90774e-06
2365503.0800821362063 786 1.1084045834411797582 0.038725325211487429677 0.029143629576915790202 3.6997000382705667043 5.9369992089689560544 0.4888307961592483486 0.4709451491882026275 0.4533743558635518478 2.0743e-08 9.93438e-06
2365503.0800821362063 5697 1.649743490693991621 0.20423390592175091895 0.0061452512323197129585 0.13560324885480931623 2.7342086204489293166 1.7081499047320687357 1.5014925879429887878 1.297748954306641167 2.00459e-09 4.55888e-06
2365503.0800821362063 6327 3.0665350725859155112 0.11611019770734316847 0.07112007535152273241 0.65564689041139811998 0.75483183533350894923 3.2430433653557444451 3.255568228474588377 3.2687733216425414184 2.25041e-09 4.7381e-06
2365503.0800821362063 5985 3.1587184012685365353 0.07260678711769651128 0.04526479968018309874 4.9003889284348023381 3.3381880739376024181 0.65969441602130063362 0.61638761278579501379 0.57441425852742888924 3.10922e-09 5.27717e-06
2365503.0800821362063 5236 2.268611859057352298 0.060572605847170508941 0.029948000563270734536 1.6171759558073237617 5.4354062860567617932 1.6096145908572083716 1.5489792239666781981 1.4884210334031555689 3.14636e-09 5.2981e-06
2365503.0800821362063 6579 2.0675286664994239061 0.08289255738831348419 0.025456536008086859402 1.9343626471274630862 4.2402306891263670252 5.0469976443382016384 5.1243343144385997689 5.2002923838347863139 1.94833e-09 4.51583e-06
2365503.0800821362063 792 1.2078892550042963361 0.060665375575428004407 0.028939981704638077092 3.1534894097077095232 2.1598617881438850752 0.30142027840160240393 0.28390188930838344827 0.26690930726649741977 3.35124e-09 5.41068e-06
2365503.0800821362063 793 0.81609851672035826908 0.14230156056996770553 0.039473688076641810785 0.61282580138385656099 6.0488355928801409434 5.0823391018878592007 5.2121480091130232282 5.3370458133567275638 1.22648e-08 8.33816e-06
2365503.0800821362063 5199 2.7365463772111326968 0.010238047039669599322 0.038007611305706692773 2.2410318372774060691 1.7898847672336177794 5.7502426650618936321 5.7554216001218438947 5.7605775071210478799 2.39728e-09 4.83901e-06
2365503.0800821362063 5795 1.5910330860461594504 0.26494428768496003368 0.011298210364631102592 5.0307373384026892182 4.7909097338707002933 6.1295205470893421307 6.165950477388673967 6.196940075003463555 2.06402e-09 4.6035e-06
2365503.0800821362063 4600 0.69130952222464958634 0.12081354520278558828 0.038609786086581353304 0.43107881347336779454 5.6445624549633492961 5.7280353388649141166 5.7887963967328985859 5.8461216776570443798 8.27089e-09 7.31197e-06
2365503.0800821362063 5290 3.1997974118370535734 0.018094882792953161099 0.033420379779797310116 2.2449170085900056471 3.2184638699002210416 5.2232420498388512087 5.2389581596943965991 5.2546018442243518365 2.68653e-09 5.02629e-06
2365503.0800821362063 5908 1.2764432155303275795 0.052679607672945792662 0.023268262793564770813 6.199599414895609506 6.0819941539741675385 1.3740311280011854311 1.3226084988806823262 1.2715430381595842491 1.41972e-09 4.06366e-06
2365503.0800821362063 5511 3.1752154010429838316 0.055353870826225566593 0.082157289034667041472 3.024551447940658111 4.6013216792220692497 5.2047003077191575926 5.2528777493741829474 5.3003413291777912164 2.90982e-09 5.16185e-06
2365503.0800821362063 3318 1.2179258050361752019 0.031011015383682262458 0.026411514197719046515 3.8468959142535683604 0.46279241346502891785 4.9354720217537231264 4.9656161368855542548 4.9956381789362014345 5.81971e-09 6.50355e-06
2365503.0800821362063 6089 2.0825628738991674993 0.064764314361979699597 0.026571287553836041989 0.90071894428694798673 5.8382841296617646876 3.3246710116397633072 3.3368626769020894862 3.3494289896662259309 2.91473e-09 5.16475e-06
2365503.0800821362063 5321 1.7567533153967078707 0.094198208384048798258 0.031627137518566494911 4.7066916320580078903 1.6516074069632287191 2.7942833480026902926 2.7606604093684521395 2.7256388295234863506 1.78553e-09 4.38637e-06
2365503.0800821362063 6594 2.4025385200264257612 0.022151649268255621528 0.020312202683229179517 1.7795084572543566903 4.8808174567883160222 3.4684652762747729682 3.4756540472741219716 3.4829171875353006627 2.70299e-09 5.03653e-06
2365503.0800821362063 4612 1.4226102822421042848 0.060447227413841383981 0.056195584062556397376 0.72775300755404781494 2.8544698838038540245 1.9308066254503539749 1.8735883777120236893 1.8158910361771671838 3.11861e-09 5.28247e-06
2365503.0800821362063 6467 2.45645082137468318 0.061187074203418914675 0.017863770675935031207 2.8042717574096887034 3.9599354008112914727 5.5670940147622305361 5.6063845744008764527 5.6447061703680665445 2.08317e-09 4.6177e-06
2365503.0800821362063 5022 1.2252262098095421106 0.068818713093335578956 0.016074921451056028293 3.4241462031261482579 5.7736999316275916527 1.2312051232346954421 1.1669986884710636943 1.1037146869497189705 2.74095e-09 5.06e-06
2365503.0800821362063 6700 1.4531097172492346559 0.049182729905821946648 0.043048772470819771097 1.0034101222511804252 0.98415193856502058978 0.83541787112436005636 0.79951952391487335348 0.7642544610854311582 1.92623e-09 4.49869e-06
2365503.0800821362063 5660 2.1789097841358326946 0.066513183255244245906 0.029389350305610760505 4.0051230979947796129 2.1309103321311551049 0.59610569836242432995 0.55972856170750040494 0.52441297461822677928 2.91299e-09 5.16373e-06
2365503.0800821362063 5634 1.5156123338898526143 0.051266115113400193004 0.039934891797866682583 0.63865218868521733686 1.5647319457910775498 5.9563973568744552622 5.9724738489648219186 5.9881477513038010585 1.63706e-09 4.26126e-06
2365503.0800821362063 5938 1.4119952916381366403 0.023949087524731980936 0.038319147522628979607 0.31861658656927499544 4.1799351327471523376 5.6213293203246808005 5.6359120781855196469 5.6503536993678791234 1.88863e-09 4.46923e-06
2365503.0800821362063 5881 1.9489975293009047519 0.1187984513661089897 0.014716843530040917692 4.4848063358917373833 2.3124747856500951215 5.0316156207924143118 5.1426201044916775018 5.250592378914680225 2.54596e-09 4.93705e-06
2365503.0800821362063 5350 2.4954147112020597099 0.050780383098211749615 0.012696659525610606151 5.4649518061619621889 0.86561428228927161932 4.6176271160655417702 4.6683233397898735717 4.7190544286819671171 3.2888e-09 5.37687e-06
2365503.0800821362063 5567 1.937201302780369172 0.1840320275339402678 0.004344248213830509929 5.5168508841376846519 1.0801556757469021885 2.3284921027327567522 2.1847178368964406125 2.0342909380532958608 1.31986e-09 3.96606e-06
2365503.0800821362063 5099 1.2051667153448910597 0.10563755838367844264 0.053929305955278804274 0.3955044136860201287 6.1071472031904887601 2.5469049126520748594 2.4848519657458632004 2.4203561409275069494 1.59506e-09 4.22451e-06
2365503.0800821362063 5983 2.3641742611027170007 0.042895448161700107381 0.014377026124829078713 5.1995530354309762444 0.15321972570059722019 3.1879021213476614882 3.1899323065935361043 3.1920050502153696215 2.29788e-09 4.77118e-06
2365503.0800821362063 5168 1.4981319566033275414 0.10074600072012018792 0.048153751479997737583 4.6157564515362174973 0.39496816102785325953 4.8565589794408854374 4.9557127412652892673 5.053491021126982119 2.31286e-09 4.78153e-06
2365503.0800821362063 817 1.2035415670914555442 0.054201144800325340434 0.042121060984193540999 5.0739558107479991733 3.6762210535829242808 4.7809582273673498776 4.8349582827856831813 4.8887527988041581395 1.52342e-08 8.96306e-06
2365503.0800821362063 6928 3.2509167785310797427 0.071190712308358133908 0.092397061096917088019 0.86201872217297548229 4.6831560883601035528 2.1509500973819410952 2.0901628830792167157 2.0283598229558688075 2.08658e-09 4.62021e-06
2365503.0800821362063 6704 1.1962967950452496613 0.12628707500739555503 0.04009335352689961246 2.8499740772821251511 1.1046942197563087706 3.701502723967573516 3.7726373522514489167 3.8471452845032056977 2.12708e-09 4.64991e-06
2365503.0800821362063 6110 2.4685276944990675041 0.046684580469875669451 0.021794608845722637791 2.3728207182331559899 5.1679306008480851986 2.6531682495553923218 2.6307896304444815527 2.6079665696873481906 2.11495e-09 4.64106e-06
2365503.0800821362063 1866 1.3534816900771662329 0.051198587917110308099 0.01344412577551900613 0.94977987758460236112 5.4925364292114142728 3.0791115714546193338 3.0758286837406050296 3.0724640878294353641 4.15901e-09 5.81451e-06
2365503.0800821362063 5972 2.1692125656363585584 0.039778110040665684566 0.017714425287165682515 2.2877609117061048494 4.2466327172517166488 0.54846420987581723239 0.52806368653765178856 0.50802101921224307457 2.46946e-09 4.88709e-06
2365503.0800821362063 6814 1.7354181709631428809 0.18560724680359297345 0.0014398008929091714921 2.6192477018673612221 0.7046220749091008928 2.7545206494774854278 2.6771737962860062687 2.594039700188675468 1.89305e-09 4.47271e-06
2365503.0800821362063 5074 1.837998867911262213 0.25896968096326267172 0.01812257570670150475 3.3075134923904161433 1.8086937884344334027 4.1248046078856450691 4.3602611381383056255 4.6033406866261632473 7.61828e-09 7.11436e-06
2365503.0800821362063 5804 1.9422165725047875195 0.042943428217704554539 0.028083791780565720009 5.6872186587571853522 1.0034196132919961375 3.4541208881560594435 3.4676060491325495505 3.4813594965167307116 2.60554e-09 4.97527e-06
2365503.0800821362063 6944 2.3485181618805408554 0.016141498352299412516 0.010455640384384000743 4.9836024992804421885 0.89850294100343086612 2.3179054715316884661 2.3059972156033854418 2.2940251304382672792 2.2366e-09 4.72839e-06
2365503.0800821362063 6556 2.5588328716912496219 0.079445474926907566626 0.017261299375627210673 5.6249097691541658506 0.89931357143313062075 4.8324989883359519283 4.9110816693626704321 4.9889640913437895975 2.50106e-09 4.90785e-06
2365503.0800821362063 6397 3.0764403032960481177 0.057981691536198989856 0.022770173870850000941 6.2429213145445636712 4.2835746476745892863 5.4863512696670628799 5.5270210562007582311 5.5668043876056705344 2.87692e-09 5.14233e-06
2365503.0800821362063 5261 2.7507213131342576062 0.038624846026811175681 0.029793351104896240167 2.4296870207710212775 4.3719731394850516182 0.18364961220045192269 0.17672490905951332429 0.16993441232734751711 3.23829e-09 5.3492e-06
2365503.0800821362063 5025 1.5791213924448295192 0.12381821468015656584 0.0065671691813577962732 3.9371049267818718498 0.34366334556110389453 0.87955437720953633107 0.78750415274265739285 0.69976726274887679491 1.81162e-08 9.49597e-06
2365503.0800821362063 5548 3.208600486578634392 0.10387303367188337189 0.055629748047535149125 4.1081388589755096774 2.7053356274993651809 3.3424096390556714553 3.3643017231866858552 3.387244429492908715 2.11518e-09 4.64123e-06
2365503.0800821362063 6910 2.295704238712225731 0.089741641646933573151 0.039335925876838921667 1.4989504351727940268 4.8634619685160718205 0.70919481191109856599 0.65258215850324030605 0.59808744398921664942 2.19855e-09 4.70142e-06
2365503.0800821362063 5612 1.1693914661429585244 0.062500280871065211352 0.037493124781951998881 2.933053184597929075 1.1973043138929171381 4.9126256133409933469 4.9735390945097215365 5.0339202200495760664 2.1525e-09 4.66836e-06
2365503.0800821362063 5490 1.1557341975807522427 0.041067905414598503133 0.034056376658418006931 5.2103727965510389097 4.3585280528454983795 1.3691378122212933821 1.3290554494589259527 1.2891816881768567438 3.06765e-09 5.25354e-06
2365503.0800821362063 5459 2.9914632816963231399 0.0064723692443296185553 0.032756265396968083092 5.4458207638106639337 1.0478928152865711887 2.2805548960436450301 2.2756350626584191943 2.2707049551463067694 2.51526e-09 4.91712e-06
2365503.0800821362063 836 1.1728596490076486081 0.021760641493166102411 0.027214325389951180001 5.2404055589239391111 4.0438141081824454659 2.4296878761598845742 2.4153526040229857941 2.4009021647802830657 7.7375e-09 7.15128e-06
2365503.0800821362063 6282 2.7823606712517756634 0.064792752571519077187 0.037924831332001293638 0.18402566549885610026 0.23443276512489805152 1.618887447362682197 1.5540231313329588847 1.4892394929470451626 2.68214e-09 5.02355e-06
2365503.0800821362063 5678 2.285133060381236092 0.10225759145756774249 0.015709935528077954153 2.1767082157547754662 4.7980052454935044892 0.81634159386526805591 0.7442015142335810518 0.67493379274718889871 1.85255e-09 4.44058e-06
2365503.0800821362063 6980 2.0619021994110506846 0.043089041966777999471 0.029871526037537333292 5.0129752238863654057 0.849251496545900042 1.7775826456234797845 1.7352107857222194287 1.6927028269458874732 2.66988e-09 5.01589e-06
2365503.0800821362063 5418 2.5366470133118230734 0.18910694641341957434 0.087346617176090088353 1.1896020295517977239 5.2147838014627350134 2.9520132811693247099 2.9123395344388369743 2.8693649341129949804 3.46856e-09 5.4731e-06
2365503.0800821362063 6045 1.9751573828057777948 0.045813809430782649612 0.023480521602449958701 0.66085754629313886443 0.30030023327678118106 0.82698255472056680926 0.79376936372972717315 0.76110405947889270273 2.95219e-09 5.18678e-06
2365503.0800821362063 5542 2.796635675585582792 0.048731711885093786929 0.052021518223411375437 4.5082715127327972482 1.4405579661871557029 3.1952456862508387125 3.1979258369067999901 3.2006695976406698279 2.26519e-09 4.74845e-06
2365503.0800821362063 6353 2.1104109283958560894 0.10024877509950451404 0.032540373330550639852 0.12094867733055132686 5.4792241307822928675 3.134746633680593586 3.1340221982215794583 3.1332632765932122432 2.08246e-09 4.61717e-06
2365503.0800821362063 6375 2.6743599300032023791 0.026944369888313529637 0.041034131397108097872 1.6136300849609652719 4.9322481894963656757 4.4149735863305776817 4.4408404023432188623 4.4667974412380839766 1.99521e-09 4.55176e-06
2365503.0800821362063 845 1.3161414264704185406 0.071136241300055580439 0.038449931912480431184 1.2887876191472367182 2.2409430123202538354 3.4499158588585161489 3.4722886295181387695 3.4953866647069995466 4.26604e-09 5.86397e-06
2365503.0800821362063 5522 2.2858116327423707581 0.038224284583828552209 0.028746804862274450559 4.3853276336223006027 3.6508990775843011001 1.6101802389723902653 1.5719475066466483959 1.5337232473905155761 2.72405e-09 5.04958e-06
2365503.0800821362063 6015 1.8747789730270811859 0.19180661833563034113 0.011405374676030402906 1.8658089452036759059 4.3657793103103035293 2.6609083218069748966 2.5630615712917643734 2.4581827383211862781 2.36736e-09 4.81879e-06
2365503.0800821362063 6809 2.2556784309188793181 0.085400098140923044743 0.030330703310635268033 1.2433534970915740558 6.0985661117116016783 4.0904265966571227153 4.1617085831960114461 4.2344838729402720645 1.72631e-09 4.33733e-06
2365503.0800821362063 6275 1.3189117074229725901 0.037146799738229201171 0.036127385358683115901 2.0263906498765495989 5.3659373402626089344 0.49318829836825933688 0.47587928346808006097 0.45886158374615892974 2.79388e-09 5.09237e-06
2365503.0800821362063 6832 1.619267125081582881 0.048803059434421272589 0.01784629812341747418 3.2059029662710276654 0.90825971284610962364 4.1085165338825193615 4.1492718527232756998 4.1905394866164265011 7.86044e-09 7.18895e-06
2365503.0800821362063 6927 1.3700391388942163573 0.037619213194633564779 0.059731547064926115986 4.15304743024274714 4.8254425653041250754 5.0879835942624129785 5.1227492612566116748 5.1572452202316032555 2.74206e-09 5.06068e-06
2365503.0800821362063 6046 2.1432415847169621337 0.10224101415832083373 0.031808814555464137719 2.0739142305418720724 4.4142928644800898397 4.1713282604819248434 4.2615169708458235931 4.3535407813760409468 1.45173e-09 4.09397e-06
2365503.0800821362063 4589 0.9250354741524799973 0.1002644675133268215 0.0060062294280708253963 0.21242877645520252816 2.9495809221354467589 4.5831381213127002638 4.6833833000109201805 4.7836055927544212096 3.1377e-09 5.29323e-06
2365503.0800821362063 6807 1.8733452860431505371 0.10036113192247865522 0.013029259692714116603 5.7012724462292103667 0.92156534342347518063 5.7631746388451219332 5.8110687321661442795 5.8567101990450005644 2.57067e-09 4.95297e-06
2365503.0800821362063 5033 1.9484268900361547683 0.42668214263026887911 0.028298103272444044554 3.5397359769237080052 3.9637745816227041296 1.0825333861786505807 0.72818511119987028302 0.44422126341072470934 2.08208e-09 4.61689e-06
2365503.0800821362063 5677 1.3672353613764947067 0.070743925767989365716 0.028137841785887827278 0.16323352490177905905 3.7496672158354322768 2.8264534329366264309 2.8037348931907413174 2.7802856360086858345 6.00811e-09 6.57299e-06
2365503.0800821362063 6445 1.9532344179771703452 0.15141314946350903359 0.0074880970653917926574 6.2386726012553745946 1.4892966342076647823 3.4105785279228326701 3.4542498397859549009 3.5008227203412052297 2.3322e-09 4.79482e-06
2365503.0800821362063 6752 2.1070068602022198334 0.095080696090211969107 0.0075747181405410677485 3.6612092877472779406 3.4443014257207407169 0.0039425663455477152203 0.0035839420003400675012 0.00324317902969817589 2.54013e-09 4.93327e-06
2365503.0800821362063 4088 1.2002038611793743872 0.1791084937703190938 0.0094672631814224760677 1.2030487881697606856 1.166526157000301378 3.077631347358195768 3.0649471391959428601 3.0512327134125460937 2.25653e-09 4.74239e-06
2365503.0800821362063 6724 1.3596196439833909686 0.060805322942641938655 0.054720931725342855656 5.6789762002776482674 3.8873738522756804414 4.5240197822659649063 4.5841293523658226405 4.6444352206024408503 2.83334e-09 5.11622e-06
2365503.0800821362063 5757 2.3306177205000175867 0.011801959935664289858 0.025994319291842659519 6.1040252921616184878 6.0948913084530422779 5.8893405342577667128 5.893845041199313961 5.8983248071818392688 2.94097e-09 5.18021e-06
2365503.0800821362063 6267 1.7926318876721538675 0.15345669753056434548 0.031440821169341118257 2.2790493975445831332 1.9434833712589931753 0.10146900671198272326 0.086947375426531053888 0.073621523386869489047 1.78459e-09 4.38561e-06
2365503.0800821362063 5833 0.93042890643830522546 0.059717151017309240413 0.049678378297495308369 0.9503575999426886467 4.3151342878816132398 0.36505275679963689051 0.34429501670743023478 0.32413849856838566899 2.60047e-09 4.97203e-06
2365503.0800821362063 1996 0.80473749037262332084 0.02510449666973027863 0.0056053366573006113346 0.90868585390646994249 2.674645424695654583 2.5602795346431594936 2.5463459652490003648 2.5322695468039584377 1.47503e-09 4.11576e-06
2365503.0800821362063 6976 1.9280168905718917394 0.096421023337674258147 0.0095046184415496001024 4.904367811918819875 3.2793130505362619864 2.5955139063421048817 2.5431716228780936184 2.4888539394983415498 2.49674e-09 4.90502e-06
2365503.0800821362063 4083 1.0076435104377998719 0.099655488789353513512 0.024603296274991477699 2.3339808004791753326 4.9891569659583074881 3.0171091311692759263 3.0040580998361745557 2.9903951959241363845 5.82497e-09 6.50551e-06
2365503.0800821362063 5181 2.0353942227126742281 0.11044351536469747266 0.0064343321168844561792 0.48190590030317070891 0.014716314797410952678 5.5485093095599093971 5.6198097953247865277 5.6878187012395731159 3.23462e-09 5.34718e-06
2365503.0800821362063 5329 2.37056004427035516 0.091442395731584025231 0.0022177634738339362629 4.3807870607061953905 1.8038284319760031771 6.0913041105075489412 6.1080267909007268656 6.1239619296363931866 5.05816e-09 6.20651e-06
2365503.0800821362063 5977 1.6124664825464236628 0.13996720735694404003 0.016907897901037350491 2.5820904427611077736 0.87352424445228604721 4.6907196236940755796 4.8313286270390936039 4.9703069681668674562 2.2196e-09 4.71637e-06
2365503.0800821362063 6969 2.2346171471418312393 0.0060587861758924126468 0.0058312373273090118905 2.9432886351926135227 2.0848966554971561926 0.55144397039680026484 0.54827780843404039235 0.54511985854276423513 3.27619e-09 5.36999e-06
2365503.0800821362063 5948 2.3287169780643370842 0.032725608516525908631 0.012037329116509199248 1.7794164876644273932 4.3136717207430486098 1.2651480896115181451 1.2340863754632129812 1.2031984162253888115 1.83413e-09 4.42582e-06
2365503.0800821362063 6519 1.4513959418878665808 0.059662254805180732486 0.048788507560286444031 5.45238307031881142 4.0022604600466795688 4.023925797052458897 4.0709225020746622192 4.118725041459944336 7.47544e-09 7.06961e-06
2365503.0800821362063 5030 1.6504732809042439445 0.21623764225686148421 0.042762008167440933304 2.8844655137708210546 0.61286941988553500504 4.6977366725963216609 4.9160199103905579676 5.1277898158119716854 2.14686e-09 4.66428e-06
2365503.0800821362063 6179 1.2392438585918323923 0.050046167857409194768 0.037087021363957549391 3.5678646568278127305 2.3442115272732237941 2.77612903155361046 2.7578041729058271336 2.7390650846367123883 3.08808e-09 5.26517e-06
2365503.0800821362063 5394 1.6022927187800355409 0.045565141051271115802 0.01776586520117644577 2.6016806897978610458 5.8526656856566523501 1.0569530415708359161 1.0176964137410113853 0.97892502867991926241 4.23442e-09 5.84945e-06
2365503.0800821362063 5996 2.1914962580627679323 0.079896131528506303399 0.020367252621665069001 5.1898556461119511596 1.23548686962909815 2.1755984327200947881 2.1082624105421996497 2.0396309381466468658 2.28464e-09 4.762e-06
2365503.0800821362063 6751 1.7613484355355057964 0.26347127351206206525 0.01506040683416664562 0.2498191082232806004 5.7034328711653117239 3.0493967928148744129 3.0209003954166750994 2.9891785967707420468 2.66624e-09 5.0136e-06
2365503.0800821362063 6142 2.6697055708817187814 0.014391619638217991936 0.036867658885146523118 1.5392270402377612459 5.6694672003810504535 0.66642905949425712553 0.65758204410241827276 0.64878581573021132378 1.8801e-09 4.46249e-06
2365503.0800821362063 879 1.3578769530350358608 0.052502221988495807736 0.051592627987987867144 0.066483394570402212786 0.26042802783187535276 0.84568343014293057003 0.80704050344019173657 0.76912111816885697646 1.902e-09 4.47974e-06
2365503.0800821362063 6167 2.1538208335812054628 0.072330599551073737619 0.010502343574995102668 1.4145998170608702349 6.2778695456612032544 3.5701469399545340266 3.6012663700854514737 3.6333562540317481115 5.7681e-09 6.48427e-06
2365503.0800821362063 5360 1.5378798938076434499 0.055122335461360610909 0.039735941170500055364 1.3617517010957713719 4.5271467445917163985 5.5655897122757957973 5.601122180518827598 5.6358710756553920262 3.06978e-09 5.25476e-06
2365503.0800821362063 1975 0.88474184421164825398 0.074536050957587751675 0.061030203454832981924 5.7751614475801948956 4.1840495602379892404 3.9100328372092434392 3.9633263701671608281 4.0179111706599917042 2.99053e-09 5.20914e-06
2365503.0800821362063 6551 1.6004347966166645456 0.1347689325577831887 0.019228021047581499159 3.9311732059145607643 4.25457941274469853 4.5026784104279080623 4.6367901399198565571 4.7711741411901673615 2.1946e-09 4.6986e-06
2365503.0800821362063 884 1.1997201754538471263 0.10768955006524276452 0.030988519785975412318 3.443143789136250188 1.8145533797382671359 5.8776401773301660825 5.9182297571601587549 5.9566649945783769482 2.12252e-09 4.64659e-06
2365503.0800821362063 6318 3.1729336193169142 0.029458491649573530224 0.026966452139854425046 5.4943660045969018313 5.4133249486813133089 1.2877684272377998287 1.2595936138827581452 1.2315501319151211934 2.97512e-09 5.20018e-06
2365503.0800821362063 5672 1.59524741094193101 0.087925458171454598522 0.023866118761849613311 5.7560475421657333328 1.2899108574465287802 2.1141539640440925041 2.0370266520843451907 1.9584855498683817476 1.89005e-09 4.47034e-06
2365503.0800821362063 6926 10.953253346305812599 0.34819045598426223709 0.24339196939073978743 5.2381486484263124481 1.1130140599915581134 3.0511111505307635383 3.0115580473230552094 2.9664087282239774979 1.67998e-09 4.29818e-06
2365503.0800821362063 5642 2.9366891286671887862 0.010175461145155256099 0.031249606345879320929 4.5980983099012151527 1.3501177627567406692 2.69575160258909996 2.6913434298245300091 2.6869151715662744628 2.80041e-09 5.09633e-06
2365503.0800821362063 6737 2.2792718936209053204 0.10234325216150161331 0.028998796154207907155 5.8494094557211280261 0.6601134082753910004 0.044276014935705730602 0.039955670620408008376 0.035867565295901820965 2.16814e-09 4.67964e-06
2365503.0800821362063 6029 2.2101185061456489755 0.029686515919986555812 0.015817086774535176613 1.5069918725357784872 4.5731027448947534353 3.6381667647678743727 3.6524998733083284819 3.6670156538757359144 2.8298e-09 5.11409e-06
2365503.0800821362063 5003 1.6820563826975045707 0.1034424013875254178 0.04188415465641477653 1.8147126378603064545 4.44859701209560221 2.7174136492562679379 2.6726148356486341129 2.6258614869181617912 2.56915e-09 4.95199e-06
2365503.0800821362063 5880 2.1796020311560417859 0.042120571938500342424 0.020160533955428900504 5.2290266957232134359 0.69987520667565539245 2.2275893102837502902 2.193785226378685671 2.1595775022451664249 2.24295e-09 4.73286e-06
2365503.0800821362063 6293 2.7768991097188795436 0.050349461603978303004 0.038214514559673062877 4.7702629056768461879 1.0683926892253272634 3.4091517411558265316 3.4228029268335289359 3.4367758382018438468 2.57653e-09 4.95673e-06
2365503.0800821362063 894 1.2076998590927205957 0.030319739204621422302 0.0081773582168138906484 4.1081349783401641673 4.1829390246520432584 4.4967543538173355699 4.5264729626234530002 4.5562702120703670872 1.40242e-08 8.71919e-06
2365503.0800821362063 5076 1.4878228569689582184 0.081593440051019996972 0.040578261070009002953 2.2010399464481258391 2.6493724732265362398 0.26307203571637888251 0.24262590473051420803 0.22302288126596941931 3.95964e-09 5.72008e-06
2365503.0800821362063 2309 1.3847787366177448654 0.15702716814270681334 0.016815751894207489614 4.4895921240644618422 0.37632330470142516532 4.4508615437826524186 4.606364705553968264 4.7625101174285831007 1.61125e-08 9.13212e-06
2365503.0800821362063 897 1.5758973802492504124 0.046218037720157978399 0.014370944371542865997 0.79118955246877142873 2.686407878095912416 4.3099314458622206558 4.3528617018682442819 4.3961247083126568924 3.39891e-09 5.43622e-06
2365503.0800821362063 6222 1.5080239234754284627 0.022584644251629881068 0.037574247173104070863 4.8607989303398637659 6.0233623254607042696 3.1480942042081023757 3.148242734540568577 3.1483929231461011966 1.99469e-09 4.55137e-06
2365503.0800821362063 5899 2.537833964584180535 0.066312410604486837773 0.014111807214098610885 1.3854028223286536381 4.9581608028642492059 2.2903000711814334167 2.239263828597807926 2.1872236786469336778 6.27097e-09 6.66748e-06
2365503.0800821362063 6118 2.0394992387114911914 0.066187050938868702277 0.024394486933930883965 4.8387950524665370722 1.2473414190404221724 3.9952582452619216369 4.0462983120500499723 4.0983374380834494133 3.1773e-09 5.3154e-06
2365503.0800821362063 6070 2.5297093306815616742 0.11924992861635837216 0.015874147848154517015 4.9319028792400834149 1.3879826203210972047 5.9525955078805923293 5.9893576978907905328 6.0238946123434082836 1.26241e-09 3.90766e-06
2365503.0800821362063 6993 1.3211383065545234672 0.054009816927342663151 0.0066972713575133898528 5.2037278495990237914 3.6543179171203692412 3.2041803921237930197 3.207654710005953369 3.2112201149039223402 5.0546e-09 6.20506e-06
2365503.0800821362063 6468 1.3611526483749554206 0.014164070359729918555 0.061012831028485980944 4.0698245743127774432 4.0464928144738827598 0.78415820410086811698 0.77420461068489532241 0.76430183472782442511 2.36499e-09 4.81718e-06
2365503.0800821362063 904 1.1282155131657962688 0.059470116590790184086 0.043801646770836817624 4.819454354400035001 2.8201541380672181525 5.9487373170246975462 5.9677407235034261035 5.9861906818740928671 6.66472e-09 6.80421e-06
2365503.0800821362063 5162 1.4150481562633512311 0.063332484178085610149 0.029261575992292461479 0.078896543020626999643 3.0809079139743431597 3.0039661649945950117 2.9949868190517250355 2.9857351321499634444 5.65128e-09 6.44019e-06
2365503.0800821362063 6906 2.3017210740585225537 0.081062671913156733594 0.022246733250006874016 1.6593095407934026486 5.3772516336818769744 0.80929566824242571421 0.75214271757999229262 0.69676029508764614206 2.85032e-09 5.12643e-06
2365503.0800821362063 6585 2.1843028493133891388 0.030312755048890631382 0.032954719806263237103 1.3190372264685410464 6.1546971188319332668 1.9409482517586638117 1.9125280531912933757 1.8839681106560317581 1.97297e-09 4.53479e-06
2365503.0800821362063 6216 3.2052375735860705319 0.040908315841100814647 0.093164541454731783499 0.92684531124870128682 1.0856507674817341691 0.19673943682945985167 0.18889705094760061987 0.18121546413587430457 2.01751e-09 4.56866e-06
2365503.0800821362063 5939 1.4124760696481775124 0.030304543571896120496 0.0256736732556226456 3.1319798168738941513 2.675617341518273129 0.95087624140521409544 0.92642150799952094342 0.90219376882310053922 2.43686e-08 1.04824e-05
2365503.0800821362063 910 1.0973207091761938425 0.082013899040489599002 0.037865566218423657441 4.7840265144880955717 0.27701335274746913262 3.0105870762494100212 2.9993999540592954922 2.9877774344353369429 5.18667e-09 6.25863e-06
2365503.0800821362063 3334 1.2041676741447788768 0.045456487355923405613 0.045810705789880952488 1.1341900985224382392 1.2785844637672600932 0.41224525978463882891 0.3943952912765912866 0.37692863717325453266 2.52889e-09 4.92599e-06
2365503.0800821362063 5296 1.4453380857681228377 0.069424516762588234231 0.0264085711204806034 0.42579020226295355434 3.1877991746824045904 5.9876075536264883326 6.0072026992961742309 6.0261203588954357357 8.14794e-09 7.27555e-06
2365503.0800821362063 6836 2.0640188818368740975 0.038883003267645488421 0.022322529488007683551 2.4270466323380284202 3.3241874021465447342 0.01510861664512637946 0.014532158584806987439 0.013967124503216365311 2.4824e-09 4.89562e-06
2365503.0800821362063 6007 1.7094547581530334934 0.15433158251497974822 0.038745941125803089189 2.9632205086867817734 1.4866059417416506161 0.8742676978733434634 0.76094216191252417314 0.65451447723939859547 2.63753e-09 4.99554e-06
2365503.0800821362063 6449 1.5500494199488130675 0.083187204183495289112 0.013530076959633447614 4.3371602013226180361 2.1812715911596662899 3.380386577189381736 3.4009279789654649484 3.4222603525630934662 2.72155e-09 5.04804e-06
2365503.0800821362063 3337 1.2686129725453338946 0.039334699454087969361 0.067233643582786661863 5.6155114039222411293 5.3374065044331251428 0.21718967279535009163 0.20887019660206868066 0.20071395847789633149 1.23471e-09 3.87886e-06
2365503.0800821362063 5092 1.2704822265034148021 0.05008395329308175381 0.046589847162214786946 4.0563948604633175421 3.8009496269779634581 4.9465759537554214731 4.9950320743324230222 5.0431287789112406728 2.16776e-09 4.67937e-06
2365503.0800821362063 4194 1.2193831219916724251 0.090777210099666050258 0.025849697254393583928 3.1456420648542788854 4.597152587334160323 5.3845305616224594658 5.4537218444235504577 5.5206763158347307296 2.52016e-09 4.92031e-06
2365503.0800821362063 6368 2.3610497703495236799 0.042522848773923239973 0.019318942077537575724 1.817256413952315075 4.9420056244506724852 2.2321194843940981301 2.1981049830397503264 2.1636780521699576774 1.91661e-09 4.49119e-06
2365503.0800821362063 4427 1.4452188157344136865 0.048055986613389882478 0.056001138836893060713 5.3387528294842647725 1.3764492230196074818 5.4833104039258557805 5.5172278912968701903 5.5505416152591644519 5.29375e-09 6.30141e-06
2365503.0800821362063 5177 2.3980209025314600524 0.027186240837151987026 0.0074509977571588338965 2.0306975015750632352 3.0986240260597477381 0.78401167530174120657 0.76499487457448100969 0.74616749746132227106 2.10151e-09 4.63121e-06
2365503.0800821362063 5594 2.1511749349975888279 0.080656632509506817619 0.0082545604334887407588 0.49030676898458336321 0.41529400717356051986 0.0095998030422470015388 0.008854373396902003035 0.0081402187874231694831 1.02437e-08 7.85239e-06
2365503.0800821362063 923 1.2513456397398534659 0.0629119944843526957 0.051793390608951508924 3.2152357313652508708 6.0135952948176143451 0.32569572508455113535 0.30613025852360736812 0.28717040300107832262 2.53731e-09 4.93145e-06
2365503.0800821362063 6615 2.3797986773379591341 0.043018381278952383395 0.013157857368463596673 4.0019191883660001352 2.5725086205369680492 5.2329092154288998628 5.2698479791472951916 5.306353468661638928 4.67657e-09 6.04634e-06
2365503.0800821362063 5631 2.6689527752219479595 0.035902504156461519103 0.03538995676561960263 0.43893596513377874935 0.72944439260373683531 5.4675727729396053078 5.4934040626013445063 5.5189019953988909251 3.10559e-09 5.27511e-06
2365503.0800821362063 6880 2.2434682913937362692 0.090063316623971892416 0.021390617534088749579 4.8007932414044667269 1.7938509706154277534 6.1631211818095641419 6.1734669855199859612 6.1833287674363308639 1.78966e-09 4.38976e-06
2365503.0800821362063 6801 2.568988356605627299 0.027686387249387788001 0.028164342205513528267 3.2729089088079641456 0.79253730368919250715 2.256656794573549174 2.2350381600185329489 2.213238330809484733 1.93225e-09 4.50337e-06
2365503.0800821362063 928 0.94867457502907537314 0.076156918938922485429 0.054882464767327610033 2.0868902490027769758 1.1076432544098913091 1.7305448935576492886 1.6548249871112068465 1.5789367749955338649 2.07553e-09 4.61204e-06
2365503.0800821362063 5668 1.7121360278282800049 0.25405131628290100743 0.0079557424737106609974 5.7511653856086457637 3.4178227927070095049 2.1300633594417841543 1.8960949246790848033 1.6553672434938213609 2.68653e-09 5.02629e-06
2365503.0800821362063 5957 3.1290799282183545671 0.0093207882326796012706 0.043832536297181291796 1.6221912606704158577 5.4983246656380790895 0.22635659274659469808 0.22427415465102745751 0.22220122296501504389 3.45473e-09 5.46581e-06
2365503.0800821362063 5472 2.0305156448736525476 0.11120898251765123921 0.032705178173159682453 6.1130505375774557564 1.138804797326990359 3.3378974786066946123 3.3609140709944838044 3.3851095141569964575 2.64431e-09 4.99982e-06
2365503.0800821362063 6213 3.0443187845748838072 0.018456023475103632003 0.052980351051104469795 3.9457353482499097908 1.0259096502201001666 2.0229489115002885491 2.0062793147433146679 1.9895458583737042346 2.32072e-09 4.78694e-06
2365503.0800821362063 5617 2.063521908690832074 0.13660800261407263223 0.013604616883256584123 5.4778093031409715863 1.2560844742662455875 3.3000326184991304324 3.3232609713012144503 3.3479420330347471335 2.71463e-09 5.04375e-06
2365503.0800821362063 5046 2.0661529906142352964 0.090830111468592183988 0.023891268491413927139 4.1104698595653026416 2.9786149089391540379 1.8560263694246477151 1.7676102690194142042 1.6785336715072616265 3.3008e-09 5.3834e-06
2365503.0800821362063 6712 2.0145129303603881432 0.10293023290797818914 0.021872528336931713888 5.5770623587730252524 1.5506168077081843304 3.1749107718149178758 3.178535653311047593 3.1823373399913292836 2.58034e-09 4.95917e-06
2365503.0800821362063 5417 2.3018712391108175908 0.084792485222015115398 0.0097713185849083589174 3.9166695736862866539 2.7848535344661295987 1.4254522088872492169 1.3419648119970748468 1.2593826872229236802 6.2485e-09 6.65951e-06
2365503.0800821362063 5639 1.2648248756068909415 0.075863185823758477744 0.029791427777104740465 3.0788414865335278492 5.7064497006163081849 4.3267010985686500391 4.3980829696034948739 4.4702297058963154086 2.94155e-09 5.18054e-06
2365503.0800821362063 6109 1.6237246041941757468 0.072957466967394163371 0.025435905194423565762 5.5984093025029988411 0.66692449398811370909 1.8435498738313089717 1.7725264084796479302 1.7010484170146855654 2.78113e-09 5.08461e-06
2365503.0800821362063 5149 0.85052303888246649777 0.047987882492279920754 0.041763648672526271222 3.2834748929019883512 0.49485141807699617456 1.483919727070846406 1.4361937689079011804 1.3886399490593082096 1.75675e-09 4.36268e-06
2365503.0800821362063 5068 1.7032620415337582642 0.085041991846290090895 0.018171701014083434245 3.1348181363268063926 1.5647373879080903603 5.3976121760747082234 5.4618240923241669904 5.5240811066000761187 4.16264e-09 5.81621e-06
2365503.0800821362063 4243 1.2885310303383954444 0.074224737605109822325 0.023525801699480656387 3.8661277301603718115 4.0926615501052712176 1.1152164789070702078 1.0495675793012122501 0.98519929420399610098 6.01681e-09 6.57616e-06
2365503.0800821362063 3424 1.2153694424996981382 0.016843753070201507305 0.006896844340283560075 3.765983048258189303 1.7789861475732595686 6.0771932268793680265 6.0806104883567853037 6.0839993194754251604 2.3312e-08 1.03286e-05
2365503.0800821362063 6037 3.0085210330640697052 0.040547365813857462469 0.033743013300096588725 0.40612243695388700049 1.1436461598681564311 3.7693163726192162599 3.7935362145165640868 3.81813761910885896 1.83549e-09 4.42691e-06
2365503.0800821362063 6750 2.4879739002880958409 0.05273552316707591503 0.014042630121562335241 6.2446897101513929584 0.44268379994225670604 2.9714476364250832496 2.9622734495188240977 2.9528675555706827005 7.12387e-09 6.957e-06
2365503.0800821362063 6916 1.4822977736022353579 0.12859956847286410642 0.04744551931397316541 3.6979277538660064728 4.8583578262667153069 3.9409680064367340613 4.0378360635099070919 4.1382705587759733845 2.44035e-09 4.86782e-06
2365503.0800821362063 5923 2.9900743385056900436 0.11558867697158339838 0.0834760615584802107 2.0365095541349487185 2.6352067772273599644 4.2105007045440956404 4.3149978955199461694 4.4215791881765218463 2.22479e-09 4.72005e-06
2365503.0800821362063 4732 0.74189594205452324971 0.13386281277164771564 0.016530336324054241415 0.96555330773055636495 0.86706218646067911848 2.8948565186968000518 2.8597270538512309379 2.8224933652953256846 1.92787e-09 4.49996e-06
2365503.0800821362063 2477 1.1406998898161624378 0.076776126962743759807 0.036287653884624675171 0.29850763067062985323 0.7958685517249510788 1.4176461059841893864 1.3421354333473194398 1.2673577269252878086 4.5451e-09 5.98914e-06
2365503.0800821362063 5343 1.7603891319654507708 0.13446048554166564748 0.017748901663879830537 4.3751970865048672721 4.5630856505232575415 5.1002185753799595958 5.2219958197733840066 5.3393712682335374708 3.1313e-09 5.28963e-06
2365503.0800821362063 5889 2.8699064473740185655 0.058896449256761906899 0.03915907235952430232 3.3328817404594106577 5.7744966017206840192 1.3563397347043975039 1.2991171296759280729 1.2423809054026249132 3.34682e-09 5.4083e-06
2365503.0800821362063 6197 1.9109872524586448694 0.18465491267764030936 0.0078353815243648750749 6.1062201267467086652 0.21062200718447932068 3.478651151256174856 3.5461581388724154884 3.6188418873603294124 8.02678e-09 7.23931e-06
2365503.0800821362063 5070 2.4910853506132686341 0.14790537703893782973 0.030591671195084754742 5.3155797377392550729 1.952952398303399173 2.8101153081529388622 2.7580659201421684479 2.7027207177583512099 2.7752e-09 5.08099e-06
2365503.0800821362063 5783 2.6915370120049852964 0.02766267543796602224 0.060959651788594498845 1.5773742461491240263 4.3487496437702546359 1.2633887104552397052 1.2371292200628014601 1.2109922052200190468 1.6796e-09 4.29786e-06
2365503.0800821362063 4053 0.61664422349704617332 0.023758520137316545273 0.1098454054688468573 0.17299769436057410577 6.087388526687207424 1.8556684177989277718 1.8327888051449281459 1.8098410247219001157 3.47807e-09 5.4781e-06
2365503.0800821362063 6773 2.2681953180208838106 0.04745937118534444138 0.011348782041308687341 1.0921874124038177811 6.1010470586562286499 5.9277781884928550937 5.94394188263547818 5.9597351146900487961 7.51947e-09 7.08347e-06
2365503.0800821362063 5568 2.3362965811281242168 0.032244128310128052084 0.033224128975972877509 5.3347966736881122785 0.96656757458208497624 2.6552372700201916089 2.6399444947720702714 2.6244392194473573632 2.09675e-09 4.6277e-06
2365503.0800821362063 3075 0.840910650477852184 0.023177509140386482606 0.011148177590794838832 3.3618560781595205889 6.2691791753731678227 1.0408693485525402078 1.0209852389612286139 1.0012235558183208983 4.28045e-07 2.72487e-05
2365503.0800821362063 4313 1.2660004855741671115 0.034441041289726352648 0.032043913258060240101 5.7251535985720360955 4.5698397012897187253 2.5246225580122048093 2.5044068636210954359 2.4839166547005788743 1.98502e-09 4.544e-06
2365503.0800821362063 6938 1.5802906648102919007 0.066238451487003802143 0.040942584877307619529 3.5828734217456168487 5.7014062055505778659 4.1256370436595766193 4.1818751161264744454 4.2390089057367479342 2.20256e-09 4.70428e-06
2365503.0800821362063 6650 3.1456330017408515864 0.039882548040319536209 0.079397330834483151318 2.653216934329297505 4.2112396716178945866 4.8140750757312815722 4.853682002009660934 4.8931671099387266111 2.63999e-09 4.9971e-06
2365503.0800821362063 3953 1.2502178192181083727 0.071948913211389575739 0.035161564388582366991 5.2875837626970172423 2.9297952912881859433 3.5019108401625183014 3.528195467754325243 3.5553233838139233214 1.87457e-09 4.45811e-06
2365503.0800821362063 4685 1.1644176717416609979 0.057924731531698199494 0.024373446433659400057 1.8599128500326571611 2.5496566778237252926 3.9800308331259142136 4.0239847814544438265 4.0687177820826603281 5.63661e-09 6.43462e-06
2365503.0800821362063 5132 1.6775984033774493653 0.15220588664975412407 0.035194664426443242333 5.5728742399268513807 5.5424560482171436604 0.023881805113257270623 0.02048579190472331335 0.017367951870930677799 2.32293e-09 4.78846e-06
2365503.0800821362063 5338 1.1887458417046963266 0.049572333024001082047 0.020679260991826181604 6.048131614134878653 3.1236213528841818565 2.8406796263839826366 2.8256213211321856704 2.8102172210946814168 2.61601e-09 4.98192e-06
2365503.0800821362063 6789 2.7930625002605449225 0.040589625436484540189 0.032975534520168492403 1.4972614143502380735 6.1360571253459177399 5.1338766587736097691 5.1706198286935896036 5.2070220865654839315 3.23242e-09 5.34597e-06
2365503.0800821362063 6226 2.1807885584216344377 0.042699544692458790696 0.022286843712357447961 3.1419548481466921253 2.5021952760415455685 0.66356824877016640229 0.63769311050988630729 0.61227221379671581403 3.26661e-09 5.36475e-06
2365503.0800821362063 5032 2.0961279168157713748 0.047420534160420711733 0.02562897911845281318 2.8759978125090501777 2.0409479745197156575 0.40722219807406234704 0.38883138858322718878 0.37085391808004580794 2.7081e-09 5.03971e-06
2365503.0800821362063 5514 2.0817949193349973847 0.067365477267641679648 0.017980919592801337253 4.2022545948579317354 3.0053650833153335853 4.104217670431898668 4.1606393960776788532 4.2180084247773983464 2.23079e-09 4.72428e-06
2365503.0800821362063 4318 1.5070264506916069003 0.04655313878329963434 0.037015895611496284212 4.3497140390504362983 0.013966028779098848059 1.297889241086200407 1.253321835281553831 1.2090951043908879647 1.32396e-08 8.55345e-06
2365503.0800821362063 4977 1.1951239193057068277 0.028875169959784136725 0.041100256792869979683 5.8703868273603623251 4.4374489049896688186 3.4618311173667297709 3.4710489914999942407 3.4803909363472604888 4.26284e-09 5.8625e-06
2365503.0800821362063 6825 1.3238131006702591463 0.048419468826850185772 0.060417418612516288201 3.3033022803356013597 6.1932507292187226611 1.2915927023711037958 1.2453380489228351724 1.1994603942595476465 3.46563e-09 5.47156e-06
2365503.0800821362063 6757 1.5520714050381680948 0.073158360518551887597 0.017004124247196453212 6.1730562507044650644 4.5828269075341312444 2.2423092844793846012 2.1836375147177302658 2.1237927257064530551 7.3237e-09 7.02145e-06
2365503.0800821362063 5663 3.1579521330019906245 0.012027706777101080521 0.034517538655296053918 0.065803639228690050111 3.3801287257387047092 2.2446628790411193854 2.235228575927561856 2.2257595593667605094 2.69499e-09 5.03156e-06
2365503.0800821362063 5273 1.3030354944936615169 0.020055114964330062605 0.027898667960679100764 4.3059910433636829907 0.37716874591587523646 0.46737167029281745378 0.45841534908561104578 0.44954040679668955116 2.28241e-09 4.76045e-06
2365503.0800821362063 6432 1.924876231358962908 0.13418455526160857905 0.028863600134657264179 1.097372907260865782 5.1398500987506672288 3.6505618236756163242 3.7203230243643776731 3.7937168097127007549 2.86603e-09 5.13583e-06
2365503.0800821362063 6336 2.023422071172716219 0.18874439177605040197 0.018683988912691799206 2.9405070018567847079 4.0199666396390867362 0.53082752361802554297 0.44178584457562414256 0.36108732470007220972 4.9853e-09 6.17657e-06
2365503.0800821362063 6225 2.1096189506423108639 0.13177559045552067474 0.008787423573004897806 4.8696330765203850177 2.5760736097342378237 3.3609436162378929502 3.3917292434145176472 3.4243484855752543972 2.38341e-09 4.82966e-06
2365503.0800821362063 1960 1.2213232036711254569 0.09656673544249080865 0.019013001597515278435 1.9060051568992852911 3.9338499094371974785 5.8832377941326177151 5.9193138009155772394 5.9536814109791258431 2.62083e-09 4.98498e-06
2365503.0800821362063 6004 1.4859706779813630639 0.047958631713814224573 0.024641147218432940535 0.76336520321610146222 4.6812679666481855634 1.2588451425913511628 1.2135164996108438462 1.1685863784306917967 2.14847e-09 4.66545e-06
2365503.0800821362063 6346 2.0711899469234786864 0.070403480294969428277 0.014610357728206143854 2.5992469074595585532 4.5613469119704159738 5.7920910640830474136 5.824329122681264792 5.8555124362056361065 2.4605e-09 4.88118e-06
2365503.0800821362063 4609 1.5235047667166508045 0.076648773672625777897 0.026190293063679492142 4.5091085595747983916 2.5533095193182737681 0.26403016011088431547 0.24471373271873148036 0.22614337542680029713 2.70235e-09 5.03613e-06
2365503.0800821362063 5689 1.9343852199142275161 0.099081107874286519777 0.014077636108566824943 2.6354116872749893119 3.737918009342038772 1.5346741159495256301 1.4356720808876672901 1.3374941368191566315 3.02594e-09 5.22962e-06
2365503.0800821362063 5474 1.8469430014208692015 0.21926510789327441353 0.011072944636656348663 2.0913217821740928137 3.4322789967113580545 1.6254034935634493753 1.4033349112553625826 1.1871370866484309836 2.45333e-09 4.87643e-06
2365503.0800821362063 6043 2.648977496988780711 0.030521149021981087979 0.028008975613528552806 4.9868424643320281575 2.2761003111515472064 4.9213183422612258866 4.9510862710775160878 4.98074204810069876 2.74092e-09 5.05998e-06
2365503.0800821362063 5692 1.4861154874603164089 0.029373420595956278162 0.014545344795269695565 4.4374121469392173722 2.6850465004576138384 3.6191224007699389631 3.6328032235168943309 3.6466584800397265909 2.38697e-09 4.83206e-06
2365503.0800821362063 6177 0.76609965841769378514 0.0031803304172714833009 0.041625776580768249213 5.8365387263342451973 1.4380963296951401187 0.75180381495374792866 0.74963429986536656013 0.74746731451694914394 3.01229e-09 5.22175e-06
2365503.0800821362063 5398 1.4886898373338759427 0.063734600139991826051 0.017077634168989459101 4.860335357415544344 6.164022951976856568 4.4321713272015443863 4.4940083113837978601 4.5562291864503032812 2.43176e-09 4.8621e-06
2365503.0800821362063 3963 1.0911597937895585186 0.057281736181428864751 0.01894121863159319713 0.13950666916927095818 6.2531201369788522726 5.9482899893491847365 5.9666350979101050456 5.984466331383558213 1.71892e-09 4.33114e-06
2365503.0800821362063 6528 1.6918620006630404884 0.15962315678506183714 0.010739811757799170785 4.6688327824774153996 4.0156369210683564575 3.9076839896021260401 4.025774885464986852 4.1492269312227358924 2.31313e-09 4.78172e-06
2365503.0800821362063 6626 1.1710665455865854057 0.073672363896572196085 0.015050604293654441454 5.4305976717967414658 4.1351206759397332036 2.4269368783738420881 2.3772140921648037271 2.3262262911838638146 2.35792e-09 4.81238e-06
2365503.0800821362063 991 0.91523354922664135191 0.08595794697847383703 0.071980260616723509837 3.9689315113385417177 5.0710303652786157258 2.1815147733096709182 2.1092097112384822211 2.0354128077045690048 4.71733e-09 6.06386e-06
2365503.0800821362063 6768 2.7670988888889347379 0.025278996088329466763 0.054024964070624584278 1.9538435999349996752 5.70046594048181543 2.1212326025407586272 2.09954137882671521 2.0777144619941902981 2.09787e-09 4.62853e-06
2365503.0800821362063 6627 1.9625259566586479298 0.15064259638321014778 0.012449576401096024841 5.2008398094082881613 1.3999045434860839521 0.41130063699773272701 0.35467580819950345061 0.30235968778365329701 4.79148e-09 6.09546e-06
2365503.0800821362063 5218 2.8393510111199535828 0.034228775276017447959 0.053207409513670769763 5.0036513403466189587 0.95488702651694656875 5.4557655913965312777 5.4806817907115883415 5.505295636531743142 2.70912e-09 5.04033e-06
2365503.0800821362063 6458 2.810447015379936353 0.052417680154123631742 0.0093907077241491034025 3.9839167196773650481 5.4075044300602721492 0.12701324424306748018 0.12053732206117497017 0.11423432414624831721 2.12869e-09 4.65108e-06
2365503.0800821362063 996 1.5129351828255870327 0.037608174296888237376 0.027930085492703957822 4.9994670643097620655 0.016136481715109056434 2.1678280388742603435 2.1363848172717792018 2.1046332373282918837 3.1659e-09 5.30904e-06
2365503.0800821362063 6000 2.6520410863342389618 0.031918857091525559833 0.0038903485602444550645 5.4812070658094480535 5.7039956303705654506 5.2250593158341276379 5.2526637876760009505 5.2800363577072548793 1.56815e-09 4.20061e-06
2365503.0800821362063 6734 2.167977933888492359 0.046252319103181900595 0.018958196956617621998 3.1546632633548052915 3.1656543300817947539 3.8010938652645838154 3.8299750458827799271 3.8593586250947109484 5.38956e-09 6.3392e-06
2365503.0800821362063 3658 1.176162401811015723 0.062474490620935553553 0.021631262703863757269 1.7903131226919803964 2.9537488220783547632 1.4700131054314273804 1.4080098535344396371 1.3463613059546639672 2.34625e-09 4.80443e-06
2365503.0800821362063 5489 3.1867128925610450629 0.031222313444573327607 0.056422773848659277252 3.3274035852016710102 2.1621709822639516574 4.7839147268701465165 4.8150275698403000035 4.8460855690694852882 1.80848e-09 4.40509e-06
2365503.0800821362063 5356 2.3772278753533724327 0.043533481275692981205 0.0061749651648957638514 0.32480743446377841055 0.25884613192438288287 5.0852321815829153451 5.1254692826070638034 5.1653411034200518159 4.91779e-09 6.14856e-06
2365503.0800821362063 5519 2.093385315469332042 0.040076318300647707782 0.005243654287478990636 3.1701898042533591671 2.8211009718381432343 4.2982240929867669976 4.3352210824060080085 4.3724804921784610201 2.93818e-09 5.17857e-06
2365503.0800821362063 6030 2.417507415191988418 0.051341223387274238787 0.031544117073375316229 4.2751159432757077639 2.1508195200879289821 5.7335428985985892325 5.7598035858618619187 5.785464546108998185 2.12799e-09 4.65058e-06
2365503.0800821362063 5895 0.93957619507836431794 0.053364526036257700636 0.036776449483410543484 4.3448603906864633473 5.8634872333133651878 1.2551933002548159024 1.2048562173306613943 1.1550250751919577397 3.55807e-09 5.51978e-06
2365503.0800821362063 5962 2.872656912287494535 0.10435025005686135446 0.045746841408030723686 2.4852341828532145129 1.3901577690479867133 1.9177957731600197011 1.8176976857051074798 1.7165119211547372746 2.88829e-09 5.14909e-06
2365503.0800821362063 6161 2.2305377709726439406 0.10403197428432400806 0.033489500252819347226 0.29753127877948976066 6.1174914595084715074 5.994176325394300342 6.0224888963007341403 6.0493035011593256911 2.19638e-09 4.69987e-06
2365503.0800821362063 1007 1.1374345342706682072 0.0499445200293102895 0.012261768862962573942 1.0660456103935533889 4.4939626027234957917 2.3808398973572102442 2.3457517749013656605 2.310068802337720939 2.77836e-09 5.08292e-06
2365503.0800821362063 6564 1.5014593469789987434 0.024698563845602927724 0.031002828280514167086 6.2240265489423896028 0.96586521894924282083 3.896038561912521736 3.9131100463700168035 3.9303304726436629757 2.50979e-09 4.91356e-06
2365503.0800821362063 6558 1.3383242677960633937 0.094068954978479321638 0.0026499907820592971675 4.9749356106516584575 3.1816916858271842017 2.3622901586672591101 2.2937609732096917448 2.2232235944255602789 1.61664e-09 4.24347e-06
2365503.0800821362063 5980 1.3626830058091692344 0.046233664679497396555 0.035259308497266654558 2.2386459448559605789 2.6499110110034038712 1.7543411432357420843 1.7086748794213679759 1.6628799814149703984 2.02188e-09 4.57195e-06
2365503.0800821362063 5420 3.4704248437519433779 0.074025977439579171424 0.095095171198170500015 5.9039317864560745264 4.09863775296065036 2.0599395905200359458 1.9933692813653149933 1.9258548680065348258 2.55489e-09 4.94281e-06
2365503.0800821362063 6113 1.6015304263755456571 0.089279320497436906456 0.014960922089452721034 4.427455749319806344 0.25835850254248354796 3.397930941982210129 3.4216367531899565257 3.4463133815358926171 1.07283e-08 7.97432e-06
2365503.0800821362063 6200 1.7711012634510021613 0.060102803505926553906 0.019983643477304833397 5.5152257805450686234 3.4001199611939307843 3.7225531447965942711 3.7564173540177949739 3.7910855726594703263 2.64335e-09 4.99921e-06
2365503.0800821362063 6466 2.7054393043526894225 0.029625995863815049458 0.033369340733823353584 4.8505807058774079721 3.5113243059976948501 0.89236890582411809714 0.86951174528472929826 0.84687706949328256378 2.36128e-09 4.81467e-06
2365503.0800821362063 5858 2.3095461044041614151 0.032717512872149100145 0.0088615502779541190786 4.3107295653203836494 2.2405047883035562606 4.6236261058498531185 4.6562679945787515123 4.6889339980048951873 1.90683e-09 4.48354e-06
2365503.0800821362063 6698 2.0805772757275495799 0.072034004965533207643 0.029354274515539138801 5.3842467368518853732 1.0366001586862370054 0.21726768270352167511 0.20224886263899521932 0.18777918592368128547 2.18753e-09 4.69355e-06
2365503.0800821362063 3113 1.6272792442102435029 0.046686328705589238974 0.030674653143855718646 0.020171756475489008298 3.6817836203605520673 1.2634850876868894964 1.2192812765265002017 1.1754497174949867233 1.79427e-09 4.39353e-06
2365503.0800821362063 6733 1.6319500070615688969 0.092865143985800410742 0.015341904110060585603 3.4556596355369184614 0.089237052710053055282 2.1584412257184726336 2.0789777383117500342 1.9978478829416705942 2.33276e-09 4.7952e-06
2365503.0800821362063 6034 2.0094055671970707522 0.16672770698115824128 0.017162961021237894271 5.7260272828017182434 0.99102458052647490749 3.2228048941985467657 3.2376691850530128214 3.2536631723647393422 2.45369e-09 4.87667e-06
2365503.0800821362063 5606 1.4557372396259369296 0.049717184516420563634 0.060695337281264874485 1.280067819845983168 3.9307626805567248418 2.888880515475425792 2.8761352047277015664 2.8630918655139354634 5.08172e-09 6.21613e-06
2365503.0800821362063 6417 1.2134318565246493549 0.083408212378374424478 0.059544463540669376189 0.7541681223752128016 4.4599969276856006317 3.5783828293472623727 3.6151153758374552361 3.6531515405175962741 1.63097e-09 4.25597e-06
2365503.0800821362063 5354 2.0928141696991953147 0.071283945027548603623 0.030134789527152875538 1.458734096636736588 4.6007107405262903654 1.5905863550803467366 1.5192054927870786152 1.4480163918986939109 2.36098e-09 4.81446e-06
2365503.0800821362063 1023 1.5180786696363264276 0.04465126020756175762 0.02943243335345455125 1.2638847617441828497 1.0144753490099829296 5.9174661267075183702 5.9331155559592030357 5.948429300804675357 2.93114e-09 5.17443e-06
2365503.0800821362063 5546 1.7106161385308646938 0.25093174646399013517 0.0087097742862987069523 2.4289309996837245009 1.1898531510608167938 2.2016007609023615643 1.979832799958431977 1.749601801459379935 1.99947e-09 4.555e-06
2365503.0800821362063 5426 1.6085059219431800948 0.095537858441872375304 0.038266977590027839717 0.75157500829265644349 2.5930703083062223158 2.6510926119583295701 2.6040043457640136282 2.5550826596885181097 2.09851e-09 4.629e-06
2365503.0800821362063 6719 1.5972141306835976327 0.10581578829266978514 0.0025484134889707287311 5.8109118707056008901 2.8618858679839513925 2.3174175239584489105 2.2366638228383677323 2.1534522770297916949 2.09817e-09 4.62875e-06
2365503.0800821362063 2413 1.0918742270504495639 0.061989717644581880662 0.0099982318709125935635 0.35451835624544469905 2.8754944199811207639 3.0391746883322272588 3.0326288242118595306 3.0258875456940317328 2.48728e-08 1.05542e-05
2365503.0800821362063 5885 3.4842243407963078283 0.059177993086814546786 0.103653014011950248 1.9967662821972604892 3.0061477324814540601 1.0040889196419715557 0.95491020871696596917 0.90660546924406648639 2.25928e-09 4.74432e-06
2365503.0800821362063 6674 1.2225623013676545359 0.11449717646683008065 0.030508101895788439228 5.2290344967165411916 0.42771669383671201414 0.88619564336647005387 0.80037698473673069 0.71821167121361373376 2.73456e-09 5.05606e-06
2365503.0800821362063 5793 2.4274147931666192335 0.49409986892539248249 0.047194067308130423222 4.4014490729060558039 0.22476519988576837417 2.8563327496881947276 2.657682603748943162 2.427805687778010757 2.32188e-09 4.78774e-06
2365503.0800821362063 5160 2.9873260296836416927 0.078627272469386083609 0.023528093983035902603 0.54202792958639867127 6.0946946537160133772 6.2359209331816147781 6.2395007764972971742 6.242934479639597356 2.48083e-09 4.89458e-06
2365503.0800821362063 6924 1.268717198711330596 0.057554179582937133042 0.053166779510024644861 4.657615711379195389 1.5651292899713693529 4.1670852376309781562 4.217069572202772676 4.2677067141348246082 5.536e-09 6.3961e-06
2365503.0800821362063 5206 2.6428445270146272428 0.031137946963415867596 0.024282922432656971201 1.9958507678964174659 4.006881722102773935 5.5760519499691936218 5.5960484361574351908 5.6158000579399738328 3.27223e-09 5.36782e-06
2365503.0800821362063 6765 2.2030607555340311343 0.081268275127278827297 0.0034873334541092961859 0.099418067299532453251 0.4815089263385106122 1.486055297754849791 1.4052669300140441244 1.3251094896091692998 2.03075e-09 4.57863e-06
2365503.0800821362063 4253 1.241785606391291763 0.066146731580132345218 0.054890342683702228466 3.2284570217152359639 5.1763698476427499884 2.8027027379674023244 2.7799801909129491229 2.7565786101514238027 2.78028e-09 5.08409e-06
2365503.0800821362063 1036 1.1825388734494384213 0.082987308549241772804 0.030456181770655971902 0.29697956793745450277 4.3392720648129721184 5.7549524004930479038 5.7953933817060283573 5.8342875818392077036 2.39845e-09 4.83979e-06
2365503.0800821362063 1037 1.1117821311974369625 0.027646216467825935476 0.030238709920064357067 0.012984426297671498862 1.4523038029055128639 3.8388095745619610355 3.8567539530860739383 3.8748826610753464017 1.7588e-09 4.36438e-06
2365503.0800821362063 6485 1.6987237190883790472 0.25427832678396089516 0.022997446879938501785 3.5218243561794695395 0.28681055085765549961 3.7043552918381132955 3.8589083880493233458 4.0260618703028860921 1.51002e-09 4.14806e-06
2365503.0800821362063 5316 3.4946926829389890479 0.047926526366825775161 0.09835587223612389518 5.6932972036184334996 5.1943370833887456683 6.2680023246755967037 6.2687133366214284891 6.2694069036894966018 2.96988e-09 5.19713e-06
2365503.0800821362063 6137 1.5779291302522600038 0.1280649979634769231 0.025535547541261274102 3.0088590704271855891 1.8177259146636073339 5.2160206070116252874 5.3251500689751427586 5.4299153256013719115 2.35406e-09 4.80975e-06
2365503.0800821362063 6143 2.3237326714434605179 0.042516561879459298379 0.028725904539645061297 3.7633015677523298237 2.707111424256094967 4.4843577304701494057 4.5259865741871889711 4.5677666351159524893 2.16561e-09 4.67782e-06
2365503.0800821362063 6992 1.9408403798811530994 0.14699923436864276161 0.019614645877507788652 5.0615345598352057266 1.4080334535639398297 1.6192781768028903233 1.4713893033290890155 1.3251157763659615618 1.98059e-09 4.54062e-06
2365503.0800821362063 6756 3.2101699661837304056 0.040917614592336733204 0.063876271471932102863 2.0665357257315895012 3.9508071616269471171 0.65200755957081990566 0.62756787253093460066 0.60354195796057052981 2.22448e-09 4.71983e-06
2365503.0800821362063 5978 2.0808052176784452847 0.09670878434539073587 0.011974422684240012063 0.73919641648237399689 0.35309504860019452765 1.0486439578626931546 0.96665396833444117153 0.88706364564753448221 2.0309e-09 4.57874e-06
2365503.0800821362063 6044 2.4625605393294462964 0.10130000600921039433 0.030755115822604577741 3.4966797571769396846 2.948376574857534127 2.2978018062217540063 2.2193082698757300442 2.1385738397126692334 2.72625e-09 5.05094e-06
2365503.0800821362063 6263 3.4951315850780133587 0.03729352237435837325 0.048202693847543408301 5.9327253218281041924 6.2504897035500812663 6.0370003264834215528 6.0459305194877392964 6.0546958101688996834 3.1828e-09 5.31847e-06
2365503.0800821362063 6507 2.1130024739940309608 0.15476703642696956753 0.012850993783300563092 1.5638402968249327518 6.1884791936406129409 3.7763676754665995716 3.8747958628178809093 3.9783741908901255613 1.72019e-09 4.33221e-06
2365503.0800821362063 6452 1.1945549341812804478 0.080224819664855617773 0.033043409019622355105 4.0057893609885377728 5.7168244799295662162 1.0789394337144579961 1.0094573860911888463 0.94154361655427987188 4.97225e-09 6.17117e-06
2365503.0800821362063 4907 0.79193139941044354835 0.018803014731755090388 0.058599786930989827827 2.9546306070751877648 3.154551979464183642 4.9758707881544079754 4.9939816514688679661 5.0120440920902895598 3.77351e-09 5.62901e-06
2365503.0800821362063 6897 2.2922341053836210456 0.02439521274832638642 0.016231040912310000512 6.2671906416802469764 1.2029175728829415437 4.7114389476470872609 4.7358368524803990951 4.7602253592589915954 2.6229e-09 4.98629e-06
2365503.0800821362063 5186 2.3848164018345090476 0.15545072674480461816 0.022558381999964946529 3.1545837158401108802 6.1849151788558494047 1.7838467652834155697 1.6287232672862888005 1.47353327744237661 1.92365e-09 4.49668e-06
2365503.0800821362063 5571 1.4076875560416046707 0.028925346070398164078 0.028233427115556528064 1.3743502584451330328 4.3847593404244946669 4.5634465435077400386 4.5921172148369509003 4.6208336061030452768 2.24721e-09 4.73585e-06
2365503.0800821362063 5157 1.7118143535788197251 0.16705218858116618885 0.010857808103431438804 6.2026435932703041232 2.044421920544473803 2.2504148661853142777 2.1124752578595162866 1.9693375466107141403 2.65155e-09 5.00438e-06
2365503.0800821362063 6150 1.5712104898066459047 0.086643668759936204316 0.038178253045980985181 3.8025758820839512531 0.21137952016731520466 4.9309440289585335648 5.0148466379316332109 5.0975573181221545127 2.19819e-09 4.70116e-06
2365503.0800821362063 5929 3.2153810049721758269 0.027525349556386836947 0.048180432049749685741 3.1639966780716757278 3.2623315047517404963 2.3697647304399018786 2.3503729453357586898 2.3307966076283581636 3.18574e-09 5.32011e-06
2365503.0800821362063 6806 2.3769233129954696615 0.063555106372360087308 0.010515424048086200598 3.5694031238166683551 3.6527488641949554804 5.2837975880044183441 5.336393270466553318 5.3879711186236498577 1.866e-09 4.4513e-06
2365503.0800821362063 6427 1.9333881377140726965 0.0838373400029236715 0.025996472307941598939 1.533629854256049585 3.9448092304518844742 4.7114829917052025721 4.7954220101814106769 4.8789705085915162641 7.8433e-09 7.18373e-06
2365503.0800821362063 5997 2.0321628139729726037 0.052774760165484553565 0.021465848251234841138 5.7584193122162208311 0.51229293274515441681 0.80120338294738446816 0.763963086990757545 0.72745410871501348105 4.37918e-09 5.91536e-06
2365503.0800821362063 6306 2.9517800997042060729 0.094934797567224768478 0.095729047479465548265 5.9035882603036391458 3.7164927353800099041 0.26357517658026663465 0.2398752038207203896 0.21732046120203085682 2.45997e-09 4.88083e-06
2365503.0800821362063 5183 1.2297110957440127166 0.037041031656947567829 0.013613701395053022167 0.81558207943941363194 0.87773000262197975463 2.1131501493271143133 2.0811100849295445236 2.0487884031438867716 7.44113e-09 7.05878e-06
2365503.0800821362063 6425 1.5162209058760947045 0.093426865138883347095 0.021177376720210600719 2.2900789372946621647 0.73947625407432748812 0.94202649803413218699 0.86836427648915204269 0.79705405818258467932 2.58684e-09 4.96333e-06
2365503.0800821362063 6499 2.2315400064099515376 0.077761749300290880504 0.035236542232766940308 4.9551225226431192539 0.7601029656096059961 2.1821034731521664618 2.1168931483102282343 2.0504412105666691701 2.00728e-09 4.56092e-06
2365503.0800821362063 6223 1.0266288861698311674 0.015730592181190630047 0.019332651608938804938 2.2508917062094422334 1.3519415981020994622 0.72328218167318869547 0.71293139210940525974 0.70264273500541540862 2.71759e-09 5.04559e-06
2365503.0800821362063 6512 2.2724603821592936903 0.048449362403553540568 0.030069870249846121502 4.0227966665694623316 1.3135024210996559813 2.7843276408201727001 2.7669808084991838193 2.7492526383294952907 1.8149e-09 4.4103e-06
2365503.0800821362063 5077 3.1549070759637958261 0.033031388143922424394 0.012359503627672132134 5.9836281877272030627 2.8727460905462227636 1.4571062944456958377 1.4243435305740059782 1.3916657453012628576 2.69841e-09 5.03369e-06
2365503.0800821362063 5581 2.005742380990867435 0.13753447055572665114 0.025627919677042334395 1.3798901666301692792 5.0728822175494237001 5.5860559026164180452 5.6702639402847019312 5.7493819517020234855 3.81052e-09 5.64735e-06
2365503.0800821362063 6145 2.2870051555773036611 0.051762283690701453576 0.027055673306317012256 5.7099438289415305192 0.22187367721835005163 0.7285159356673587272 0.69468839634516910131 0.66155297334329732362 1.20238e-09 3.84471e-06
2365503.0800821362063 3796 1.4819341130009557883 0.10154762970196552774 0.03653394638881085621 2.3868253927332725439 6.2244986478770183425 1.5593517048436107419 1.4576945067655544541 1.356795684731907814 3.7408e-09 5.6127e-06
2365503.0800821362063 6347 1.9665851805778054029 0.13966856357410578626 0.019538290430591326308 0.48718425383074542845 0.36173472632726072495 4.4016419507152262369 4.5379948716475055903 4.6755449213243380768 5.19394e-09 6.26156e-06
2365503.0800821362063 2404 1.2235240503497524234 0.030160273098530854946 0.047294254300496239851 1.7281954072537679679 2.1280869390818293319 2.7407154940791325082 2.7287778433034355352 2.716677865459175667 1.26359e-08 8.42143e-06
2365503.0800821362063 5685 2.0121510482358302419 0.096667638643728806547 0.0085735719131407282789 4.1063681777440681486 2.6518596900897812851 1.5864327947157235155 1.4895525093691215357 1.3932037254540794446 1.96102e-09 4.52562e-06
2365503.0800821362063 5195 2.8086287074294138399 0.037270495068273498673 0.019502752025229653371 6.180834628242456219 0.2165099258906053592 6.2662731322469102935 6.2668921092010112517 6.2674993378884247264 2.26107e-09 4.74557e-06
2365503.0800821362063 5097 2.2205444074315185965 0.06847648095612833552 0.025586408155608079962 1.1415806226435658566 5.6358418872786488762 5.447112939976626933 5.496830308052275349 5.5452968000780318292 2.2955e-09 4.76954e-06
2365503.0800821362063 4573 1.2156775180058283503 0.059585851652967598835 0.029520103982815067839 2.9070280975728919337 5.588081621585922143 1.4583869894155350178 1.3993392816165564074 1.3406271245262655345 1.83079e-09 4.42313e-06
2365503.0800821362063 6066 2.6686430299925683052 0.014074937272198903213 0.011234964268639473575 4.5019631403471382924 2.0597780976002826314 3.6403643666314131622 3.6471392534965403343 3.6539555448851066544 3.24363e-09 5.35214e-06
2365503.0800821362063 6344 2.5367828800388863009 0.088436788349979825186 0.033938266062987963723 5.3255723613123944205 6.2367033082584200088 0.52135880692212788201 0.47886483288582520901 0.43811563786088464356 1.9246e-09 4.49743e-06
2365503.0800821362063 6923 1.9533474291439165693 0.16055827838647085404 0.021507038026565141603 4.1629022528618691013 2.3923094053723894525 3.6551880602504547291 3.7405464807306358921 3.831065821539354932 1.67707e-09 4.2957e-06
2365503.0800821362063 5270 3.1237126313586967008 0.040473611183389442136 0.013089149037016164015 6.0272391836976160207 0.90849310858608811614 0.10402998134302236799 0.099908377189413755115 0.095871448097822789536 2.61601e-09 4.98192e-06
2365503.0800821362063 2928 1.2586023121762028865 0.057713650087509713038 0.05081233882644708294 1.9549060697016000798 3.0822715023838456183 1.884516030682892751 1.8290935693689587271 1.7732944932809371341 8.18791e-09 7.28743e-06
2365503.0800821362063 5451 3.2720410661233492178 0.049548719394392336246 0.057055768403449648452 6.030581897809439873 2.5725799863126259659 6.1263927860878348852 6.1339495490033923986 6.1413165729416476779 2.58702e-09 4.96345e-06
2365503.0800821362063 1081 1.0577773213043208944 0.098017306132035242339 0.037726872805544597878 5.0732545878042927257 2.8676422222012583063 0.46059868952162152933 0.418773354816184884 0.37891558662764573961 2.60046e-09 4.97203e-06
2365503.0800821362063 6334 2.4868834187973360983 0.0094496309119782885555 0.019372123598068041045 1.3797239504148257616 5.8351198290942161151 4.1893991272640755952 4.1976051259392423987 4.2058300767585432567 2.52752e-09 4.9251e-06
2365503.0800821362063 6791 3.105638092863198807 0.044666528293394298921 0.031431776067809488739 1.3528058781122349608 4.0193219622024942694 3.2524656610904845166 3.2575225906220501848 3.2626891873011909517 2.20531e-09 4.70623e-06
2365503.0800821362063 2012 1.5150647980492935041 0.0096909946210266967315 0.014220530742858228379 1.5619019823041822015 2.9528772650085999274 5.5322927602909812705 5.5388816341259401455 5.545446893254637466 2.22131e-08 1.01637e-05
2365503.0800821362063 5782 1.7245074050619282335 0.1362891625467877732 0.0063003630110368301007 1.7918384800225699571 2.2630689811686819368 5.1819232353547404202 5.300225547190723141 5.4136375357551003162 2.72703e-09 5.05142e-06
2365503.0800821362063 6071 1.4442902896998142115 0.015154998776513399841 0.024717003123813877097 4.455413287871103023 1.8928677987521183024 1.1971928086637000366 1.1831215688318210688 1.1690912135916988746 2.61481e-09 4.98116e-06
2365503.0800821362063 6780 1.8043118974772209828 0.21502265416755439453 0.015333077647940616603 4.5047444297709677841 0.4839475626344866277 3.8615199641909057071 4.0174296077498006241 4.182584147397655272 3.2776e-09 5.37076e-06
2365503.0800821362063 5455 1.8878114733234130362 0.14443269830172600354 0.02376131644733235973 5.8018111693413541019 0.53809278085632894495 4.1952457871599939665 4.3259654327637608873 4.4597480780484834995 3.36325e-09 5.41714e-06
2365503.0800821362063 6922 1.2991899396997577121 0.052238478648180264319 0.0458575099614322787 4.0275961279857011021 2.9186407620434740018 0.72856438201068529636 0.69442935674291805803 0.66099949640296251641 1.80931e-08 9.49193e-06
2365503.0800821362063 5914 3.1675584701074268601 0.020899606239756656628 0.041446207249123616367 1.3902155680639427526 5.1541677908965413124 4.5728731641891400272 4.5936013428748641019 4.6143536704417718042 2.63408e-09 4.99337e-06
2365503.0800821362063 1091 1.1772634445229497313 0.16153666145412362565 0.030050916816507757673 2.568952510208478035 0.67307921077001708898 0.22728154231661046314 0.19333443155093477106 0.16229802692025524502 2.85513e-09 5.12931e-06
2365503.0800821362063 5429 2.1201574454343932175 0.071291706152182332534 0.032783349916766228727 1.9127965842048646472 4.1071643183282917633 5.8919970059278545804 5.9183433757230057282 5.943780372999829531 1.867e-09 4.4521e-06
2365503.0800821362063 4781 1.5031195493120670381 0.13483999705944607617 0.028210302984280333921 6.0688306385853767466 4.2558972462916564439 4.010965558335895409 4.1190696574995566692 4.2308640647694826242 2.90062e-09 5.1564e-06
2365503.0800821362063 2164 0.99128018979117749065 0.12520780596694824904 0.056783589630943855087 5.8789068848097878472 0.89165465663848009203 3.092729623984707743 3.0861786436159617253 3.0792439273658263055 1.38615e-09 4.03137e-06
2365503.0800821362063 6603 1.5850693585673176766 0.054107704843443550635 0.037322657900323935598 4.3614183698001589562 3.4011713015263329574 1.0892987730548222558 1.0419109640778865256 0.99519599382580614666 3.00484e-09 5.21744e-06
2365503.0800821362063 6036 1.2737031298048262506 0.025559748717138706248 0.033316044758345791932 4.9975330695179032148 1.191285992045761688 3.7000907034650838412 3.7137855988731018897 3.7276256147369903893 2.34807e-09 4.80567e-06
2365503.0800821362063 5854 2.6392690696546212692 0.061987138817046164019 0.03857518922147973317 4.6613707380260152036 2.1909085024952981158 0.87488420264530664117 0.8282022802262375416 0.78253530488334011039 1.81344e-09 4.40911e-06
2365503.0800821362063 5428 2.4200825999175643588 0.004714240072771934062 0.0038716913476479629559 2.5097227248794240495 1.8825404645390695357 2.2634213352846366263 2.2597879009277836992 2.2561490378337727414 2.2709e-09 4.75244e-06
2365503.0800821362063 5733 2.1896583974986936205 0.043174853944370691905 0.030910431133637263079 5.2238198928925934084 0.79017061743088934378 3.6266722969732487769 3.6472047926465340772 3.6681162343034614537 2.75589e-09 5.06918e-06
2365503.0800821362063 6233 3.126118205311058329 0.048425173418360237254 0.028656866039457069145 2.7406222501443449069 3.5543038704906129155 3.5150160028731041173 3.5330995485653460264 3.5515777097115956984 2.38928e-09 4.83362e-06
2365503.0800821362063 1101 1.3702667319391652612 0.031049705464971957131 0.043936227609329067678 5.6477025797227486947 4.7883670213483364719 0.91705504088346856406 0.89263326638406370606 0.86845403913220864389 6.14998e-09 6.62432e-06
2365503.0800821362063 5079 3.4580894275886775446 0.038344789636202997185 0.073296462290722619315 4.8264119305102175517 0.84262789715903785304 3.5008672765024981821 3.5146004476692178642 3.5285739807784355371 3.1643e-09 5.30814e-06
2365503.0800821362063 5320 2.4606742636231229149 0.13626043380409008643 0.029986490611466909417 2.8167405138269954179 3.6973852058723961633 1.166630243047969806 1.0442136586022847666 0.92641247968038653582 2.23841e-09 4.72966e-06
2365503.0800821362063 5487 1.5056447999863651344 0.11422850326804961929 0.011790452307189858497 2.9378353953944866817 2.6634498986704664425 2.980096938396997075 2.9605652466296219494 2.9399995141614096994 2.61018e-09 4.97822e-06
2365503.0800821362063 5009 2.6919402797029094998 0.028601272308793640464 0.018344994146921374256 0.26620279686870124136 1.3111734086584498904 6.2077436434943669141 6.2098694450548990176 6.2119644939244924586 3.20532e-09 5.33098e-06
2365503.0800821362063 6464 2.0852682831032920419 0.093533300670869498616 0.025935266750391108848 4.2719243946689458014 2.1203218604100144695 1.6267290025242255869 1.5329597209243341904 1.4394933638120162023 5.64824e-09 6.43904e-06
2365503.0800821362063 5701 2.3099260871815694429 0.079056478977520411311 0.0094231393795097210392 2.2443029700932162207 3.7952703515485319841 0.11933812365745691264 0.11026789969835845695 0.10156816287590428316 4.9259e-09 6.15194e-06
2365503.0800821362063 1895 1.519061412394634436 0.086591224713026923587 0.028182380009084361666 0.64722192972834546865 4.148899830753746798 3.4254998766759894302 3.4508549591702566417 3.4772095198936123772 1.93154e-09 4.50282e-06
2365503.0800821362063 5228 2.8039694911433801217 0.018437842557183996284 0.028511427721068002827 3.9406496938466113455 6.0208438132558175226 2.1463443525860879113 2.1307979356905217827 2.1151763951053141888 1.52741e-09 4.16392e-06
2365503.0800821362063 5262 2.1474212890009800603 0.065586264930374241211 0.0088264372138822135005 1.8725116739961586987 4.5643388416359522708 3.6576346052813510923 3.6909816331839500059 3.7252285653257311004 5.08958e-09 6.21934e-06
2365503.0800821362063 4263 1.4075502334306251306 0.086995719798631562791 0.016102951347053313935 2.8876094884620169267 0.22753894699187560136 3.237961173030518669 3.2467279848928409791 3.255857468305353386 2.54907e-09 4.93906e-06
2365503.0800821362063 5806 2.3035212813758794148 0.10627673734524854809 0.029815206686071706738 0.23673002723758715393 6.1717261354567911624 3.7832553393502661443 3.8498656171628788947 3.91900108777834566 2.32886e-09 4.79253e-06
2365503.0800821362063 6732 2.3686676496306136031 0.03970569134347219642 0.022268136155823133049 2.4577674696656766073 4.2035212475433105794 0.0594909649481663097 0.057175209126235422563 0.054906264590130371417 1.92356e-09 4.49661e-06
2365503.0800821362063 6854 1.4416315425035564068 0.11969245109132853333 0.012203984454523265565 3.8257122542148760402 0.26941372064825735988 4.0510970561839112491 4.1494505079038948026 4.2506732862140577112 2.40686e-09 4.84545e-06
2365503.0800821362063 6723 1.5784629102388501032 0.10416793277786746963 0.040262799182758497729 2.2436778055340464988 0.071508279756138673489 5.4518184850365285499 5.5263350109502624719 5.5978603608173091999 2.44244e-09 4.8692e-06
2365503.0800821362063 5777 1.5702638898664640354 0.15100353557501247637 0.012001686285513433333 1.2018520587034355884 2.1897818125906240994 3.0537847310205497031 3.0393764147885393712 3.0239682652123001105 3.23586e-09 5.34786e-06
2365503.0800821362063 5381 1.4590714356468386104 0.020662963482353548933 0.050015499257907769515 4.5421395625541336472 2.1839495723780126823 3.3736438467081386605 3.3784445681416173102 3.3832930002522196844 2.28152e-09 4.75983e-06
2365503.0800821362063 6639 2.2566773669129345237 0.038705868246645493136 0.0089810446861349462616 0.26172073336382900566 5.6404585176156807336 5.6639293254330365102 5.6860540545850470906 5.7078172988753577144 2.07227e-09 4.60963e-06
2365503.0800821362063 6373 2.0477958172721515417 0.097955998689407144941 0.012418748293037100081 1.3107444990871268686 5.6833344579323972212 0.53753487806470812149 0.48930236341057303795 0.44326204232764571112 2.53206e-09 4.92804e-06
2365503.0800821362063 2344 1.2784011388050786628 0.072059987310742507072 0.023704707451523986811 2.8837151115059196371 6.0936978863370416803 5.5013105230279695235 5.5508716970458173989 5.5990504202783570875 2.76989e-09 5.07775e-06
2365503.0800821362063 6543 2.2737678970056207639 0.066378305491120934145 0.024635195972096519956 2.5837801675400151602 3.7937880336480724885 3.8466643571498355669 3.8908417020475276615 3.9360512427254126244 6.16258e-09 6.62884e-06
2365503.0800821362063 5954 2.4237021240601928085 0.065075756817905200391 0.02906615504991893334 5.8920722988260756381 0.40236206857791567693 3.1376655629472756104 3.1374011206182590428 3.1371283542366139585 1.68237e-09 4.30022e-06
2365503.0800821362063 1123 0.90307176065345373672 0.0070095873022043495015 0.0091840062187423174289 4.4605111875235454733 2.8991209097463035427 1.1007378518988424343 1.0944983603355480373 1.0882689515767243194 5.43877e-07 2.95133e-05
2365503.0800821362063 1124 1.1788786226221499298 0.089206422078011077259 0.048526243787773294669 2.0471575439191922463 0.021759343328088206343 2.2641771357380493512 2.193440463597027712 2.1209745831909847524 6.43118e-09 6.72378e-06
2365503.0800821362063 1125 1.1458028440178289475 0.021677114604120674424 0.033618955644338997801 4.5993446525341576958 4.7952721157711231115 2.7802427531361302293 2.7724997099058996675 2.7646792657261172188 1.42505e-09 4.06874e-06
2365503.0800821362063 1126 1.4221013086155247507 0.098006816839394897412 0.044690228881139021366 3.91701463993878507 5.5453284418377934983 2.7646145195571598663 2.7267236968408257169 2.6872200884808949972 2.76461e-09 5.07452e-06
2365503.0800821362063 1127 1.415541984443560164 0.024001671721785005492 0.020533031913506558791 6.012502381662571338 5.3962294645832145079 2.7729802705216859415 2.7642328252291639146 2.7553889929628252453 1.29908e-08 8.49954e-06
2365503.0800821362063 5300 2.1994262237359953893 0.09711013899040664421 0.010264742123662008028 5.7787491583289067876 1.0306018637114866543 2.0139354739272410377 1.9241834143066804952 1.8330741087832074232 2.06634e-09 4.60522e-06
2365503.0800821362063 6140 2.065950634675722597 0.096243359356476210209 0.032424232382332544844 5.3675866196341948111 0.96435170521285473733 5.5825789010157125247 5.6425400153904128331 5.7000659130862718627 1.67728e-09 4.29587e-06
2365503.0800821362063 6936 1.9642000539143946725 0.10451091307351681459 0.009008999041458087137 3.5917388491786268467 3.3164869689952198861 2.5042730988769830169 2.43919523605488342 2.3716760149888220788 2.33136e-09 4.79424e-06
2365503.0800821362063 6331 2.408914667203156057 0.077387419967149262412 0.025054145779397640065 2.914633946383198726 3.9419728998936389708 5.9154919328705659609 5.9423777806143602831 5.9682443928457349358 2.17074e-09 4.68151e-06
2365503.0800821362063 5477 1.5375120664037693619 0.13175261259952994464 0.031712387389548249428 0.6156073018884260506 5.4358369182729955327 4.134361788220596523 4.249223681819591647 4.367095205789338408 2.467e-09 4.88547e-06
2365503.0800821362063 6474 1.411282766504494246 0.063674651394197881449 0.038641922084875893195 2.3694940424640220655 3.3056533489495829592 3.3403333801362387057 3.3533234158575533357 3.3667047919412871337 2.46607e-09 4.88486e-06
2365503.0800821362063 5375 2.3681175639252645126 0.055645001943728844562 0.018409585503998342204 2.44368747697401556 3.8070191134989812554 2.3345699667199655281 2.2935662258344380326 2.2518337865718249802 2.59668e-09 4.96962e-06
2365503.0800821362063 6633 2.4112754660249962058 0.56839250906278337983 0.03191123646694708077 4.5442605312792530015 1.5906138235680682413 3.3371553780606633133 3.5113096069201477079 3.7166991070577255485 3.02269e-09 5.22775e-06
2365503.0800821362063 5470 1.6669791179947273108 0.13342798495413576987 0.0089687832458735690377 1.3087970081750734952 2.9796732685358833237 3.6116810413509496946 3.6762257942669189781 3.7442107426806217063 2.3944e-09 4.83707e-06
2365503.0800821362063 1137 1.4417346163324906705 0.10586769723779872188 0.04603610698371372878 0.53186016318829376637 3.4979333299682218161 3.6611825620957785254 3.7164287418759953674 3.7739887156032696502 2.11205e-09 4.63894e-06
2365503.0800821362063 6094 2.4455426049926614063 0.065223958433945114499 0.0074027980153346245595 2.1627352872424205898 4.6367655287058333613 4.6319594193273125882 4.6971898351306240471 4.7624062598852994199 5.51992e-09 6.38991e-06
2365503.0800821362063 6609 2.7924469832962222071 0.033207969080098098669 0.0097077996026814633579 5.5593512380765437442 1.1885210620750177313 2.5651121206244664741 2.5467510815557896642 2.5281420813488928445 2.84425e-09 5.12279e-06
2365503.0800821362063 5537 2.1219450757426292498 0.031900104418825396546 0.024983901600488672007 2.2448507689191767867 4.376072919878382983 5.7622421024041443616 5.7779057015351993343 5.7933470148710570768 2.64573e-09 5.00071e-06
2365503.0800821362063 5093 2.0700469781003025815 0.11217485692317090418 0.00084666198417451040553 5.2674901150411201911 1.8835020022375703608 2.4523002422021757951 2.377518530492368054 2.2999082479018966296 2.98948e-09 5.20853e-06
2365503.0800821362063 6060 0.84803138458760118912 0.064890141006995444295 0.054176140172851841581 3.2964305193701552987 5.9082677157219896102 2.7391335498381552682 2.7129081612766863252 2.6859349719884546559 2.02821e-09 4.57672e-06
2365503.0800821362063 6041 2.4545171422376257375 0.01966672345105872563 0.020331797877668783547 0.48794080977867171356 5.2817026748615507614 0.89169897068576231547 0.87648827602531409475 0.8613744652887507236 2.45724e-09 4.87902e-06
2365503.0800821362063 1144 1.3267787463228317701 0.049011720646526389655 0.018443610737954689582 0.25697700585090194059 2.198312237560992255 5.8722413387087906145 5.8914007757198652016 5.9101153296837098949 6.08283e-09 6.60012e-06
2365503.0800821362063 4186 1.3631650195659494873 0.038273267401022166567 0.053135926500726800292 0.88223860514806962119 4.2457197858955444403 2.3262460723830682419 2.2980055187281576146 2.2694141401504621669 4.85987e-09 6.12433e-06
2365503.0800821362063 5471 2.2369194300335268899 0.048356598059613960239 0.015978222364378288217 5.7232197392332242458 0.9092019494057269613 4.0055586356283034988 4.0429346212898593649 4.0808539498192768491 2.7508e-09 5.06605e-06
2365503.0800821362063 1147 1.6839043981711445674 0.092707219365847137738 0.026866345824258841546 3.729438696240217066 0.77708692432199655276 4.6982707400320977698 4.7911628669250418966 4.8835825957790612861 4.67174e-09 6.04426e-06
2365503.0800821362063 5292 2.4816157516843131425 0.043683773096835923355 0.0086081265755936411249 5.0594685953197657824 1.7109560183838243841 3.8052422711096545171 3.8326339890782965547 3.8604754033987394024 3.6628e-09 5.57342e-06
2365503.0800821362063 5448 2.4152938733640492153 0.031989926312966703026 0.034728441787966218834 2.553398727138540103 0.019776457564185109111 2.1412507821665078822 2.1140863509835932099 2.0867025734645543444 2.56033e-09 4.94632e-06
2365503.0800821362063 6202 2.1768338548435983704 0.031990913088508432516 0.031031394367389469879 3.9516304044455523581 1.6066755041468443466 1.9247514091874484699 1.8945708662896092456 1.8642421589753965794 2.66981e-09 5.01584e-06
2365503.0800821362063 6665 2.4084313405131996255 0.026841687758375427919 0.030090102166416152207 2.5855493463149832323 5.0581730760429604032 2.5137632501157916032 2.497821030102673312 2.4817102091802301089 1.88817e-09 4.46886e-06
2365503.0800821362063 5789 1.4166421851269452858 0.073210931644515767069 0.026175721946518161476 5.6648762091739497393 5.7709576820216588189 2.604863561428187424 2.5661641107437138665 2.5263231338769012169 1.65448e-09 4.27632e-06
2365503.0800821362063 6196 3.1164318705044284918 0.020669601586557170142 0.078665161963248131372 0.23446646474420340667 1.2664296010676840964 4.7365683432351692872 4.7572282126788811851 4.7778770390430791437 1.25424e-09 3.89922e-06
2365503.0800821362063 5443 1.3835298815873622313 0.012545039673341865788 0.060233731875214323315 4.6062262059669931702 1.9194705681008055187 1.9678386386612509718 1.9562410363642861455 1.9446164096133937704 2.35306e-09 4.80907e-06
2365503.0800821362063 6795 1.2844867400735782148 0.052365989586279471091 0.012437826650925149635 1.988645144883265159 4.3867388273820058231 2.0121998108993435217 1.9642932727567694595 1.9159294110536178035 2.75987e-09 5.07162e-06
2365503.0800821362063 5940 1.3559874174359818344 0.092385988588283840528 0.048834819414804948867 5.1468988243829443263 1.1888497276172600436 4.7399693664940203419 4.8323344040709717007 4.9240566148360445098 2.47659e-09 4.89179e-06
2365503.0800821362063 6268 2.0758378022465149293 0.1010544405005353169 0.013225026171309153464 6.2052954355710632228 0.74003113782816487554 3.4561585494089044346 3.4890888601463032614 3.5235024182986602881 2.30383e-09 4.7753e-06
2365503.0800821362063 5310 3.4873687834579079059 0.084190264167040229637 0.072655586642030187128 3.045131706551609696 2.1077737567234509086 5.8246009512429823829 5.860572293932640342 5.8951025074536431703 2.51895e-09 4.91953e-06
2365503.0800821362063 5595 1.563443346773737197 0.062405708330609821477 0.0041817766233412621835 5.5993848886075570093 3.1232195404438121145 1.9360802808604768988 1.8770939000531203789 1.8175927719773730118 2.78921e-09 5.08953e-06
2365503.0800821362063 1160 1.0754426850210376809 0.071827856131276054952 0.033330463370600686701 5.3114677187150007853 1.3835858296916569987 0.94491576907952790076 0.88784583380057713331 0.83212795392543570383 9.92401e-09 7.76985e-06
2365503.0800821362063 6744 1.7974373134286216747 0.25041488007525669612 0.000722641775532059682 4.8857662384578137704 0.71943637829483342294 6.2176195879501978681 6.2324135078790359188 6.2451220603035411116 2.29835e-09 4.77151e-06
2365503.0800821362063 5473 3.1367265587812456218 0.048364399131830868028 0.058639850951406349844 5.1589387992368367364 1.5608353980695861551 3.1970345449136901017 3.1997825419275103265 3.2025952729377720196 2.2068e-09 4.70729e-06
2365503.0800821362063 3911 1.3801588296956039947 0.035393672153665692304 0.031138017189912794297 1.4857503207452504856 2.446883643612882242 2.3366416163276033657 2.3108063917015990718 2.2846695178437430584 1.05847e-09 3.68477e-06
2365503.0800821362063 5116 2.7787622651789392059 0.078856947572073732289 0.025256791370377024847 4.9084232063022348314 2.5579467546838268177 3.8384546045340646181 3.8907161692539280473 3.9444175285246161344 2.56354e-09 4.94838e-06
2365503.0800821362063 6963 2.0274657959211883629 0.15709617361900965471 0.011378457624337427051 0.89652870815068252952 5.7890982711174210351 1.3562813481949078653 1.2046737453239406701 1.0579895183792740188 2.38869e-09 4.83322e-06
2365503.0800821362063 6588 2.5706618686150735087 0.10374970667763719345 0.0017519607817623719572 3.9710585543223162475 0.79216562798679912571 0.5251997138221714545 0.47529702715704175153 0.42782089463156514064 1.92446e-09 4.49732e-06
2365503.0800821362063 6545 2.7447870695767817573 0.014966621138054154311 0.0058224150043722396053 0.84168372166493865549 0.9611517456775535706 0.62399517533415438386 0.61530280424972150222 0.60666398344852068281 2.06883e-09 4.60707e-06
2365503.0800821362063 5312 3.0635453686076066226 0.06679901325127117484 0.013906714496887342611 3.7931028315909238735 2.2254899073330656201 0.14666329212874754107 0.13720348277552008032 0.12806715351327746522 2.46345e-09 4.88312e-06
2365503.0800821362063 6083 1.9370412951538811264 0.18747202016659689217 0.0023985587965811043173 1.6903405935128144044 4.9521110045423641921 1.3015383096208350544 1.1241460712043556125 0.9550652303521256492 2.55999e-09 4.9461e-06
2365503.0800821362063 6230 1.870592815896650718 0.15226969546760826812 0.025858720736463947087 5.9070712948142496401 5.7585657050583112238 1.8410485788265504858 1.6906484934812233689 1.539471131708420204 3.21494e-09 5.33631e-06
2365503.0800821362063 6964 2.555637261758913592 0.11735015068755078049 0.060639770396386155626 3.8280840977083037124 3.2960519021775565029 5.0178184375493692926 5.1280597856921197319 5.2354170608897110384 2.1359e-09 4.65633e-06
2365503.0800821362063 5679 1.1560528451967004848 0.076214075975636119686 0.017577886758202897199 4.5432065640967937981 5.5309741533942817782 0.28202383157366112121 0.26153433985165269737 0.24182819824990720026 2.28057e-09 4.75917e-06
2365503.0800821362063 5596 2.6307067193415751838 0.037905029886871846601 0.042044577387767158305 3.4797457795659569868 4.5718604136151927975 5.1981207174395205328 5.2313561942239923397 5.2642703403785251481 1.84896e-09 4.43771e-06
2365503.0800821362063 5179 1.7593193797916897303 0.14946206041692730593 0.037276743486272946593 5.2077925250441543525 6.0938098302094640957 4.5694062661578538354 4.7195066694993572654 4.8689649439463060787 2.12661e-09 4.64957e-06
2365503.0800821362063 6484 3.2409175562606939991 0.020697289348361364719 0.050984792883585323964 1.8707429326217910326 4.6003358444079509582 4.1125411907204494355 4.1297269988070919311 4.1470092531788607104 1.88476e-09 4.46618e-06
2365503.0800821362063 6136 3.1634761633361665467 0.029212873147793146089 0.033335750308395403763 5.1643992517774721662 3.7366887654152227682 0.90422557820107329896 0.88146748540950425888 0.85892469823491968128 1.85465e-09 4.44226e-06
2365503.0800821362063 4676 1.2235307296763222595 0.025985658071316638379 0.02511893698604458422 2.7853636793535625493 1.1447700104178362146 3.7433171441123072043 3.7581882341937951075 3.7732147272099614277 2.95132e-09 5.18628e-06
2365503.0800821362063 1178 1.5238138911513219309 0.0161809922542347287 0.063549924379654329498 3.4685247956087663646 0.18200173774179409514 0.25978247253045394505 0.25565804066696284913 0.25156615711036378613 2.73008e-09 5.0533e-06
2365503.0800821362063 5713 3.1358385345577808323 0.035516731623794241257 0.039097436716461937689 6.2339094857796775173 5.2929412221332796662 4.2617017296705537177 4.2939287267932018111 4.3263809222813902622 1.49134e-09 4.13088e-06
2365503.0800821362063 5934 2.3572534561144999898 0.060835834041533573546 0.032586481456906637999 2.1626018183544344353 4.0347475028731683011 2.5790154249838597167 2.5456820027054054556 2.5115371196856415281 2.95537e-09 5.18865e-06
2365503.0800821362063 6059 1.3346460685668257717 0.055066502808708867045 0.036231233899542969468 4.5579218918931854176 1.3285439330623700638 3.4453404458936658372 3.4622679378414500384 3.4796253121165903188 2.18381e-09 4.69089e-06
2365503.0800821362063 2445 1.0366386928801434308 0.054582353385643732346 0.036653265759790998324 6.1987763936945103893 0.42865020587084073922 2.9797956427078360342 2.9707526097282288546 2.9614730516185527875 4.17305e-09 5.82105e-06
2365503.0800821362063 6960 3.0563655481743889908 0.027427116115792540135 0.041448302190868181738 3.8597681330255459997 1.9796079165256899035 5.8967996741276573758 5.9070075544086453334 5.9170834042137441244 2.28045e-09 4.75909e-06
2365503.0800821362063 5762 2.1907068072108106804 0.10313471748094579783 0.020131201699192653037 5.6246119656495334738 0.65807656865289010373 3.7729072471173470404 3.8365776896415284547 3.902622475679833336 2.63381e-09 4.99319e-06
2365503.0800821362063 6058 2.2256108011531825497 0.087566332099746346795 0.031352443884099155669 4.3927143394706096302 1.7461087519545490654 4.0346169061214007812 4.1048640783657655007 4.1767615895014760241 2.04985e-09 4.59294e-06
2365503.0800821362063 6567 1.4166624036392030384 0.036096163817017273834 0.0087420466308064711386 5.1455619956200875365 0.45698555429436921171 3.7594380678377334881 3.7806662932668801957 3.8021959279823995814 2.51204e-09 4.91503e-06
2365503.0800821362063 5991 2.8371600237102780895 0.19289573338334770058 0.0089734724633832724239 1.2343874628340316679 6.1101353582215516269 2.2567679405573888296 2.0965299350485602226 1.9296836102277603597 2.70971e-09 5.04071e-06
2365503.0800821362063 5927 3.4948573740357615769 0.077774719707077694109 0.063411794397907950138 3.2014612752639601823 4.7538498350027165174 0.25026799642121760892 0.23167879342778302521 0.21382080111056739335 2.21586e-09 4.71373e-06
2365503.0800821362063 6991 2.2452052322716626875 0.0312231496489290411 0.011255186075311923721 5.5354845227427134091 5.8964218379375354928 2.219750981869373252 2.1946331997018937443 2.1692911453144181344 2.18061e-09 4.6886e-06
2365503.0800821362063 5739 1.9505607099654858061 0.17394027540058515369 0.00019114596674067328621 0.25494881269269153989 0.21358355752896626689 2.4494348371742895587 2.3296237634762482216 2.2034051651996349186 2.67584e-09 5.01961e-06
2365503.0800821362063 5138 2.0046326540611287825 0.078102493833853828265 0.0323857714510814923 6.1012909386428182401 0.15752045269598119459 0.25687714624920043871 0.23772890440034857851 0.21933607842658664477 2.37553e-09 4.82433e-06
2365503.0800821362063 6056 1.8736209961077749941 0.35763502308490369153 0.029227115428347664322 2.2297384578050816195 2.6245118890312775228 2.2234308212357873913 1.8953742994335878169 1.5564130463599796794 3.00235e-09 5.216e-06
2365503.0800821362063 5302 2.4735697236220866024 0.048593707439524978786 0.029222537457173607817 4.2797687557136132597 1.9264519658605645525 2.4742798245737613883 2.4436050886372804314 2.4123750213589887359 2.1776e-09 4.68644e-06
2365503.0800821362063 6168 1.8568875473556936129 0.22927368610105652857 0.010692952651763868929 4.766497203866690846 0.77971580302345888658 3.844591775188769045 4.0090593377404246667 4.1839247587350554269 2.6741e-09 5.01852e-06
2365503.0800821362063 4674 1.2621244716425941146 0.081250491856817944059 0.043557432007127847018 1.667328521709222855 3.2766959885741129277 5.732582312875345032 5.7737301065381050336 5.813356109852194642 5.50337e-09 6.38351e-06
2365503.0800821362063 6503 1.9299775354329384847 0.17521495484939669796 0.007920371015916267271 3.3528414296558364249 2.6359885400428635371 1.5917196588480804209 1.4153097339564624235 1.2422085208863595795 2.13987e-09 4.65921e-06
2365503.0800821362063 6189 2.2889206971103366328 0.043367359842093194944 0.014273288086780043515 0.60129663484752637892 6.0877209260635058996 3.0749415386620468915 3.0719879046523312915 3.0689717672767145018 2.99935e-09 5.21426e-06
2365503.0800821362063 6990 1.9345912154123650062 0.17140570735035609573 0.0042185324015670830691 1.632395957991473967 4.9453079229848970755 3.7630316908215384331 3.8710543796930894089 3.9852908724470172963 9.25504e-10 3.52352e-06
2365503.0800821362063 5621 1.8843058856243528609 0.17006064640912135766 0.010323794665064224899 3.6555923501338529746 2.3270806742462601946 1.4710242192239666448 1.3024104409399126503 1.1384379357965164203 2.3527e-09 4.80883e-06
2365503.0800821362063 6581 2.4457701168089491794 0.032613543298377664637 0.023594936253646565938 4.9551762498896483322 6.1552952458040550709 3.6216042615898658141 3.6368897127229726784 3.6523907026357629313 2.86734e-09 5.13661e-06
2365503.0800821362063 5579 2.7055728425065028731 0.054359964463797379175 0.012573709151113552848 5.431261498803349852 0.010334004862586013834 3.1948997903931650733 3.1978792597020619937 3.2009373822315829727 2.39801e-09 4.8395e-06
2365503.0800821362063 6952 3.1649665826861008711 0.024593275276698828291 0.058041588205665441136 2.5123042557116299633 1.8199326932095971632 5.8708884044245222 5.880634884123202788 5.8902696973477839393 2.57429e-09 4.95529e-06
2365503.0800821362063 6396 3.0909798464630120485 0.005324172136486714571 0.056294935234261815615 2.4506258510265550576 0.15966402293167905602 1.5505497552325995247 1.5452269360277048893 1.5399045042516132931 2.16739e-09 4.6791e-06
2365503.0800821362063 6951 2.9456604069946807911 0.03096707916744211031 0.044651056282487687488 0.94362919666906019955 5.2710246618925662432 5.5769315445641378659 5.5967988822927798864 5.6164241472300071578 2.54062e-09 4.9336e-06
2365503.0800821362063 5353 1.8698735724599422348 0.16383650493683377114 0.030847951672803880507 4.8960413195645706708 0.7758059233089400486 3.557681137269050442 3.6297606648299112209 3.7066014069995198987 2.50284e-09 4.90902e-06
2365503.0800821362063 5849 2.7439262884318305069 0.020878987499657775118 0.0039762322156208619942 1.4100355294739936873 4.5057799520140626726 1.5297329610321326321 1.50887899437516948 1.4880400165631431086 2.79418e-09 5.09255e-06
2365503.0800821362063 6359 2.0482944573342924954 0.43377194809697783295 0.040870903757401155776 0.34018161939497076895 0.13386257000620091495 3.1385070346307739619 3.1366826013213136015 3.1345527669414736671 2.41024e-09 4.84771e-06
2365503.0800821362063 5210 2.0159003425120891606 0.12515457702776003335 0.025271330360077167571 0.85916193352466119215 6.1246473082556915912 1.493443305533173282 1.3689368047916419258 1.2463234346784719531 3.1045e-09 5.27449e-06
2365503.0800821362063 5075 2.465627708938465279 0.091997683386035464248 0.001609398061071086938 2.8688735890312164756 4.0040554927095453053 1.0230004887268344671 0.94618048588741976435 0.87155308472756387594 2.13833e-09 4.65809e-06
2365503.0800821362063 6796 2.0070729756061558291 0.1258347521259756685 0.0077872092099044599306 5.1814745176140899474 1.7549004874905878015 1.0207505777428353966 0.91658524423321063868 0.81673181263205540947 2.46218e-09 4.88229e-06
2365503.0800821362063 5834 2.3740913523920603723 0.0189006780317610458 0.010931293379719228195 5.5928700934597443961 1.7628150700277001039 4.356912713717438379 4.3746913334500217019 4.3925245006420015059 2.20515e-09 4.70612e-06
2365503.0800821362063 6921 1.341566430153599887 0.041330518590959798575 0.039898699132540703383 5.3701859006009176056 2.1576947345113657306 3.2506048502073761064 3.2551977671983762797 3.2598830321629082007 2.247e-09 4.73571e-06
2365503.0800821362063 5915 2.4418357437638831264 0.037268832823124160847 0.048751432386092738436 2.9649312906874949469 3.0938587136596589211 3.8553836972193793464 3.8801398083992388877 3.9052297203410577531 2.11923e-09 4.64418e-06
2365503.0800821362063 6510 2.2957624629320907417 0.056128586857160309154 0.018494304317726764642 3.3974370665724888951 4.1882966068058991027 3.1644345413464303185 3.1657545896098699956 3.1671106329825944314 1.60324e-09 4.23172e-06
2365503.0800821362063 6431 1.533595970123193597 0.10524547132599536281 0.10897109768391724516 6.1306022379743394524 5.5193038387231965203 1.0407107691630248514 0.95208025963260378699 0.86634479429578448162 2.51269e-09 4.91545e-06
2365503.0800821362063 4735 1.2014350406692841933 0.035090156342295703018 0.054313152696683547616 3.1255547031253172463 0.28648245973266311948 2.7320909770426342611 2.7178870083700661375 2.7034599983536908852 4.13347e-09 5.80259e-06
2365503.0800821362063 5651 2.7655132284872938619 0.038970593628247417184 0.035474788392274525517 1.3057052969177431745 6.0062792764654107103 5.2597703667235169434 5.2927223122033870695 5.3253126375005859217 3.34796e-09 5.40892e-06
2365503.0800821362063 3355 0.80009306952295689008 0.040976875359133579924 0.013507050684598027185 6.0615991789570387027 0.60022645553503584104 6.1804566144301231745 6.1845764749344365185 6.1886106115481265277 1.19126e-07 1.77904e-05
2365503.0800821362063 5153 1.556321676914291352 0.11555008816198207577 0.029166488214443894028 3.807929685642250206 5.4602548496269314171 0.5920181904349308688 0.53030925915523741132 0.47186400746017193031 1.81924e-09 4.41381e-06
2365503.0800821362063 6583 1.862399928212391087 0.1327276111970418504 0.025102782378204648722 2.4057761198522777946 2.9454366979359583034 1.5109578760040287548 1.3786010717805150527 1.2483173374815297318 1.35064e-09 3.99665e-06
2365503.0800821362063 5551 2.3052274814776865242 0.066609247604511340191 0.01515057018099997925 4.8907985965298435005 1.977436931907976092 2.1619363409911249718 2.1055354708515019446 2.0482247679661860218 4.76004e-09 6.0821e-06
2365503.0800821362063 1222 0.93714395661938398874 0.12005689117090380391 0.036632131395802534912 3.8586271018845641478 2.7257466708342632522 4.4517278937630981872 4.5698489071913668269 4.6886882236858058448 1.07911e-08 7.98985e-06
2365503.0800821362063 5943 2.1068786888567578863 0.11360852732671639087 0.011095590022320375376 2.2685220093133615649 5.2249274765930966424 4.6054575736190876967 4.7193542770193985803 4.8329600484781138903 1.87113e-09 4.45538e-06
2365503.0800821362063 5012 1.7929203800297139892 0.21958434564245365994 0.015987246094006341002 5.1916966164994970967 4.230783774931849095 3.4347184836538549035 3.506568071212075921 3.5849435061320171769 2.35357e-09 4.80942e-06
2365503.0800821362063 6644 2.0737337472220613854 0.090621406805932933071 0.010714954035485207279 0.94331852630436552332 5.7564536464496089962 2.3866237274956900727 2.3222900448707095578 2.256075712720226889 2.4963e-09 4.90474e-06
2365503.0800821362063 6950 1.9279373399660790778 0.20123789059345947861 0.01486842215349381234 4.8773698734304957725 0.94723518391233096914 4.34161113502640994 4.5377286680130817231 4.7359048497684854695 3.07555e-09 5.25804e-06
2365503.0800821362063 6413 2.6622499478533705464 0.03265068362975047378 0.036116710252240183388 4.8533691436562698129 1.8485552987350331033 2.1148831417121769505 2.0867034061170510739 2.0583023527505228678 2.71272e-09 5.04257e-06
2365503.0800821362063 6722 2.3206721354072978869 0.10570029962919794131 0.034260146167410562845 0.24216970787927494246 5.8404767001541353366 4.5820146010830695715 4.6877427871933399217 4.7934109854253117433 1.78527e-09 4.38616e-06
2365503.0800821362063 1229 0.87493151865693552516 0.091823433407550614227 0.037981280359797302271 4.5249757673162696037 2.3885594340676310487 1.0940424191813713506 1.014018791663584107 0.93606414578622954004 2.29069e-09 4.7662e-06
2365503.0800821362063 6470 1.4701680420965828056 0.066865992145365205079 0.079112028966730363333 3.9623316726523873932 4.4887218588440331857 3.5166541798140356079 3.541963544599159075 3.5680252289340930183 5.52153e-09 6.39053e-06
2365503.0800821362063 6979 3.1166502544791958584 0.019885084485210008376 0.098010461750730942798 5.3659436111981184681 3.6711125345199122627 0.9848162284849764081 0.96833791312409334129 0.95195369723858014321 2.0418e-09 4.58692e-06
2365503.0800821362063 6937 1.3806009561940044694 0.090397644963215603719 0.016921874850920035765 1.6324084981957669438 4.3488880126342044363 2.7548176206610914818 2.7191571652273949233 2.6820956622178058204 5.15552e-09 6.24608e-06
2365503.0800821362063 5047 1.9988508934460869071 0.014065251951075878611 0.029295636333673283347 5.9347267604655380424 4.4610103105949203695 3.6944682340186436598 3.7018992193349067321 3.7093741399904804901 1.60296e-09 4.23147e-06
2365503.0800821362063 5681 2.4688814775212182262 0.044684208969497402064 0.0036366772030903327974 3.574658678978641646 2.9286392307253472644 5.9605587576302436759 5.9744388677836353096 5.9880168165869633867 1.72101e-09 4.33289e-06
2365503.0800821362063 5224 2.0084807406098428295 0.049987615100334822915 0.02568148296333832431 4.8525829424441564441 1.0184583569401244318 5.6985406267513516454 5.7255805868372275924 5.7520317964586613613 1.73117e-09 4.3414e-06
2365503.0800821362063 5332 2.421274548694933415 0.053762118380034341902 0.032957204553236425781 3.4190463726440509795 2.9097084765944964957 4.2151039914316408286 4.2629942073651623247 4.3114182952419959349 2.13636e-09 4.65667e-06
2365503.0800821362063 1237 1.186505757586955534 0.0099423188589871890064 0.025607005378090661601 2.20273839843374164 2.5913370297037734424 3.9718523631155289166 3.9792156996280114711 3.9866033842919663677 2.8429e-09 5.12197e-06
2365503.0800821362063 5884 2.6641590378690782615 0.038452398400277927604 0.016961685947261270074 1.5976168895480211685 5.1504531442111067818 0.58430928634777024033 0.5634259862721285872 0.54288910787725208618 2.42217e-09 4.8557e-06
2365503.0800821362063 1239 1.5007875254207909688 0.048488805370249840609 0.058044728124230789146 3.9204303435547092072 0.50727188600485051406 0.98231015236452756678 0.94249577740398338133 0.9032669973429672261 2.31746e-09 4.7847e-06
2365503.0800821362063 5549 2.4413380008208842575 0.035140478734729620192 0.019891894920059591256 2.2287724533845398867 4.1162740679453069248 3.2178388945676843491 3.2205642140299404197 3.2233364288825847588 2.39949e-09 4.84049e-06
2365503.0800821362063 6754 1.5625026677610478476 0.13645641500838670557 0.02748181018118593319 3.2315553178421931868 0.16455541763369188613 2.1011194511620807646 1.9787580425902988601 1.8535004150390912425 3.3125e-09 5.38975e-06
2365503.0800821362063 6989 2.4856988989767034859 0.52011092775691680767 0.033377902205296801352 4.85016547882229343 1.6324559031890106819 4.0490945901222179515 4.5712755529346820182 5.0862165839546831236 2.23985e-09 4.73068e-06
2365503.0800821362063 6915 1.3945129654293071386 0.11102703389890704322 0.038726669059017546082 5.8855971898882666338 2.0243340721262828019 5.128794228968569513 5.228322909887707759 5.3248978156967403663 4.73216e-09 6.0702e-06
2365503.0800821362063 3647 1.1561576364007417617 0.077251742087360367184 0.036489780578907206332 3.3762060885883955486 2.2499088242954075056 3.4011247471943710785 3.4217498305639506562 3.4431104549100588486 4.72398e-09 6.06671e-06
2365503.0800821362063 5540 2.0570936525390579597 0.19044269223324666873 0.017324581127748893417 5.0788858055638597122 2.2685924768503484827 1.5485949795311837462 1.3574341737462340962 1.1713098620963315888 2.31531e-09 4.78321e-06
2365503.0800821362063 5698 2.023601222103299957 0.098563053790605190119 0.024410777949591323799 5.787942202475553799 1.203427854757489035 3.0733659497773913039 3.0662809658892715703 3.0588650309504896718 2.41196e-09 4.84886e-06
2365503.0800821362063 5953 2.0022901152341532338 0.15076141994561306769 0.016299806776656693835 0.02448937043070513464 0.48299182289215703001 6.0182721132267422703 6.0552611897521799733 6.0893266095191735943 2.52161e-09 4.92126e-06
2365503.0800821362063 5630 2.1229060241192843073 0.045905414864697756394 0.025618853840543243106 5.7060387659581559561 0.9789363032257448749 3.1860297906612524699 3.1881180074692787585 3.1902530027081255071 2.87655e-09 5.1421e-06
2365503.0800821362063 2834 0.98856397223124103935 0.034318275815870484535 0.051887894492814508329 1.6052196470143897944 4.7550602883050316905 5.2878447638013703624 5.3163759048805641072 5.3446225183916489243 2.55824e-09 4.94497e-06
2365503.0800821362063 5544 2.1782079777465046533 0.056987164002761082904 0.0080242810307725610103 4.5749692386963705104 1.8807047748121274999 2.8991651485767433449 2.8850841163879503704 2.8706261949457481109 2.24689e-09 4.73563e-06
2365503.0800821362063 5035 2.686759599407850363 0.045785064147951443081 0.0097674908699985109328 4.4546049937444403 3.030103152529433963 3.8273122222288740168 3.8568412747335436563 3.886867354614034209 2.29163e-09 4.76685e-06
2365503.0800821362063 5828 2.1084448308337497835 0.088887244110270421937 0.012735227338623649959 3.9269598126759102108 2.4802722711847797754 0.71514357029373520902 0.65865701298640710881 0.60425309967559626134 2.18531e-09 4.69196e-06
2365503.0800821362063 1253 1.4761868818514782831 0.061346633082721008234 0.023767665951670173541 0.62961894580137511834 4.9386805476777571045 0.86836947725171909074 0.82242057674023394398 0.77746606738002355108 5.22993e-09 6.27599e-06
2365503.0800821362063 5466 2.5809973989433983022 0.07691372743925384281 0.0095063256000150215402 2.8094748341646447187 3.4548408276431805675 2.1346982882319576191 2.0682523777982502189 2.0006606437355980432 1.90127e-09 4.47917e-06
2365503.0800821362063 6351 1.4609039606300489034 0.10923770077632673214 0.03311718697701743902 0.25399673343597867214 2.1575765934055128881 4.246774255251527741 4.3470606479308262493 4.4490893718968882453 1.91819e-09 4.49243e-06
2365503.0800821362063 5657 2.2966070539672012174 0.038435773473464766858 0.026355694725265062239 2.6775417482070831277 4.1422803676938766415 6.0440216011287954956 6.0529629597760292725 6.0617337730559590625 1.63599e-09 4.26034e-06
2365503.0800821362063 6529 1.3143242873466680631 0.027418626778941759814 0.045373844679057473428 2.378400335176226843 5.2590572766742971211 4.8379416883362971191 4.8651013000943503783 4.892200832114000697 3.12265e-09 5.28475e-06
2365503.0800821362063 5676 2.7170560141205495341 0.045792175938676384084 0.028095397465214347332 0.98208360505180680722 5.6747293575740362925 0.38176310673229513215 0.36504965523212395961 0.34870204632806062195 2.61715e-09 4.98264e-06
2365503.0800821362063 6487 1.5055399947065271071 0.13657309690524022106 0.022894050234329599985 3.6252633346913913925 0.83281169792659337503 3.662441383043444354 3.7350109807216864688 3.811382409849751518 2.7677e-08 1.09368e-05
2365503.0800821362063 3117 1.1301922932737966665 0.013457032298651236402 0.022435545922267444152 4.1587870114607934369 2.5347460301142321626 0.82911564340492061032 0.81923784360404094951 0.80940579052388061942 8.16004e-09 7.27915e-06
2365503.0800821362063 6521 3.0325830148250623175 0.033801674790099635326 0.023439492154651027367 1.9195672815788467069 5.1431486633600496106 2.6225131818674705109 2.6054905516979629532 2.5882250336687864234 2.953e-09 5.18726e-06
2365503.0800821362063 3616 1.3683811412429245369 0.060802807949253120934 0.029869721453836432096 4.6858446401529452174 2.9647693032390414203 1.4322913777145693803 1.3722852695666216682 1.3126765498059553838 1.81913e-09 4.41372e-06
2365503.0800821362063 5756 2.6682407029507837493 0.012673947002731713804 0.0097239039702131709747 4.6335257791943220695 2.3781220015232125142 1.8936750302687730407 1.8816314430200185015 1.8695648508422009204 2.76891e-09 5.07715e-06
2365503.0800821362063 5279 2.3296705155241355101 0.021237988437309555934 0.0080474237236132974832 1.2175148177907519909 4.1694033826610681359 0.22128617070582107251 0.21667204951665056112 0.21210629227353611226 1.46905e-09 4.11019e-06
2365503.0800821362063 6317 2.2467075856015972235 0.046543910809749511337 0.014585241955776564321 0.61967847652847762863 5.368635250541938575 4.0379943394201944784 4.0749012829963957572 4.1123036700126620602 1.69452e-09 4.31054e-06
2365503.0800821362063 6337 1.9325525889351300446 0.14989713367228424401 0.0097602465516764026765 2.6215266824034753057 3.7316266970765155087 0.8340129807136698048 0.72784511727342582343 0.62812420169250871016 2.57504e-09 4.95577e-06
2365503.0800821362063 1267 0.76746700374184240179 0.12929197065829281521 0.032692826033760939708 6.2582875111989215711 2.140956663932230164 0.62616627532743052154 0.55391026154296962858 0.4859005105040359318 2.48068e-09 4.89449e-06
2365503.0800821362063 3940 1.4455192986475637884 0.054100551462875602626 0.033045635421102538543 4.7380544109502515937 0.25822979663810324835 2.6936455090551656433 2.6696112257232962328 2.6450143032361839168 1.35572e-08 8.62132e-06
2365503.0800821362063 5433 2.4429149356076553801 0.052176001042998479407 0.016980849057322042195 5.0522638888141049307 1.0905302131336362947 0.73960116689567412251 0.70508016702141529386 0.67126516769963995301 1.9812e-09 4.54109e-06
2365503.0800821362063 6322 2.5165233535595752379 0.060384333335641700302 0.031553106070754941004 4.2719502392813044622 2.0745479278126368605 4.7812179085100936504 4.8413710778208072227 4.9012538187237639775 2.3278e-09 4.7918e-06
2365503.0800821362063 3772 1.1927853426381098689 0.06270441129175058359 0.044971790302891813396 0.079419573312169991497 0.70627365272818765085 0.56048973206008978476 0.52798999273906177532 0.49639963118134078357 4.71916e-09 6.06464e-06
2365503.0800821362063 5015 1.4568430907545046882 0.11156660422548585199 0.032237439434562017992 1.9852155981650672079 0.83283345747331727349 2.9950617324106914019 2.9777640437942323182 2.9595678946014269961 2.34929e-09 4.8065e-06
2365503.0800821362063 1273 1.3641612425729783276 0.075314479682529675286 0.034335183843020644634 6.2371735421502707553 2.5886988929517609215 4.8625016441945323464 4.9366228939135030629 5.0100518559981077615 3.64337e-09 5.56354e-06
2365503.0800821362063 6302 1.9969623931292885821 0.10275517493037555905 0.032781670277778708622 0.24092829783290109491 5.9220137456740244986 6.1589896811893076745 6.1711316037873231721 6.1826216215723759362 2.13855e-09 4.65825e-06
2365503.0800821362063 5989 2.7082266458796535602 0.0095918373274778284676 0.015483935570463359596 2.1153219474494164842 2.8589660348202317053 1.3450383622051240717 1.3356997989222521017 1.326371815189590464 1.60714e-09 4.23514e-06
2365503.0800821362063 1890 1.2367783212501979317 0.047369529316438646616 0.0092486413282044759032 3.7606605040490710401 6.1589569398244368159 0.54791296042270243305 0.52371470218056226376 0.50002518200030732221 3.53919e-08 1.18709e-05
2365503.0800821362063 5750 1.6564066396139502935 0.16401738065924670318 0.0053903633320120649883 4.4102431263643033788 5.3920308959444840369 2.627251175612508316 2.539774366208435552 2.4469171994970362327 9.83669e-09 7.74699e-06
2365503.0800821362063 5095 2.0830503577279984029 0.097374840029627901528 0.015552008589673040409 0.088811825280757844547 0.29207325211096135664 2.9967598767662844139 2.9819580295065786224 2.9664795696468084785 2.46806e-09 4.88617e-06
2365503.0800821362063 6890 1.469943145526871664 0.1130759422127083913 0.034988843918842639502 5.185945301263702234 0.11706390409460061541 5.785287195391405568 5.8368806323577810957 5.8856881810374765962 2.6465e-09 5.0012e-06
2365503.0800821362063 6450 2.7047429747165812053 0.015547407038484504713 0.030941677178890004268 2.0422889136718214154 3.5957036197279350631 2.9799668799562004651 2.9774454480595728967 2.9749048298068672125 1.74846e-09 4.35581e-06
2365503.0800821362063 5488 1.7464911181187239286 0.08198967841666497669 0.0058717679441671437324 0.52501893210065653239 1.6217298792377381478 1.8325439169770192382 1.7524042151111915988 1.6717628929015839745 3.37985e-09 5.42604e-06
2365503.0800821362063 6416 1.5191021794260917144 0.03743542261578718805 0.035154925826300940928 4.725761443667573225 2.4388991231598842191 3.1563143033627145684 3.1568761060414654018 3.1574482262694010259 1.52231e-09 4.15928e-06
2365503.0800821362063 6055 3.2661407398228026189 0.055401088582545686412 0.04212893941097275996 4.7523415312224646101 0.4145189356998651431 2.0808012478785737898 2.0317592264561628035 1.982140648393876603 3.0525e-09 5.24488e-06
2365503.0800821362063 1284 1.1294154713772213139 0.039173895993891615086 0.047120481734608719859 5.3404079324219733138 4.1631433968787021627 4.3937038975983035982 4.4311451169779179082 4.4687799076665228881 2.02885e-09 4.5772e-06
2365503.0800821362063 5202 1.910068465439277885 0.20880111592434497103 0.02158497258404508401 0.38852221016871613113 5.1776274637918033861 0.89550622064187790361 0.74122364810278307257 0.60024300710834133099 2.34286e-09 4.80211e-06
2365503.0800821362063 6949 2.5061479882131192376 0.027639588125212825875 0.004888535313613965802 4.9607173952249556947 1.5270693115384279537 4.1863535994029827947 4.2104269304278876263 4.2346569049445257349 2.81783e-09 5.10687e-06
2365503.0800821362063 6207 2.874089489113445417 0.10132079292573797913 0.046344994354865685915 0.92843025917736210495 3.6043619337525258928 1.0416619908831228347 0.95621583393127373984 0.87343518442916900923 2.10618e-09 4.63463e-06
2365503.0800821362063 3765 1.220240009143332971 0.028834770174308372442 0.045930833248611600828 1.6081592231095183099 4.0815938060083460925 3.1896679930074514075 3.1910742436118311183 3.1925004517270982873 1.16335e-09 3.80265e-06
2365503.0800821362063 6634 1.891771689646272403 0.14436556240338394019 0.020285686339597801958 3.3738289164731294356 2.7587455534078908492 5.6474509843576781165 5.7288234384754348483 5.8048175924964589001 2.7181e-09 5.0459e-06
2365503.0800821362063 3487 1.3376775255140158638 0.022443101282640619265 0.059088386529803547942 2.7649347671121673464 5.8270099300088258332 4.4374031223299770232 4.4590709207555700999 4.4807977771344535967 4.15562e-09 5.81294e-06
2365503.0800821362063 6587 1.4476722587826700295 0.0878912682953299218 0.034772367940560218458 2.3153950427440777027 0.14040250101913898106 1.4066092299728123471 1.320406055827764602 1.2352556070063522853 1.51421e-09 4.15188e-06
2365503.0800821362063 5506 3.0979725594689595525 0.047389421212528759497 0.053519575036242751642 2.5841502778837104337 3.0110230822338794887 1.8139985155146574058 1.7677218376339649542 1.7212483235388693625 2.1242e-09 4.64781e-06
2365503.0800821362063 5298 1.8045794162024615392 0.15820731993956155259 0.027610750253282710653 0.20249644176458200806 4.6273523443110473607 5.4891644646448591871 5.5966047724595018309 5.696891794064839587 2.48769e-09 4.89909e-06
2365503.0800821362063 6221 2.0718929165894635069 0.12633950793940268431 0.016813614155978453407 4.0662497790481708648 2.9581665756904524933 3.7992240125295855258 3.8808112773746104018 3.9659275536943647822 2.14299e-09 4.66148e-06
2365503.0800821362063 6707 1.7119632603880909905 0.19441848197844988078 0.038239096688062294838 1.6383740660281855828 0.050018524213127850409 5.1717824655070820938 5.3399875321293945873 5.4973576238418093709 3.16373e-09 5.30783e-06
2365503.0800821362063 6147 1.6245294898370423731 0.077440844939829736604 0.024351180588690998774 3.30776124824763329 5.985074170167111518 5.1520442030339292927 5.2210587229340523763 5.2886950254029283514 3.37103e-09 5.42131e-06
2365503.0800821362063 5560 1.8546952359333037652 0.27082208450235178976 0.0059328836221468521719 5.5583048187928119077 0.41609669652611591673 2.8600852892225359092 2.771758742110536744 2.6738672348818108837 2.32788e-09 4.79186e-06
2365503.0800821362063 1298 1.1171100831068605519 0.049272580553762192201 0.043871802297030394746 6.0109988495580948253 0.40358078414628967279 0.63946213264662787878 0.61061286139834680675 0.58236145749997003662 2.27299e-09 4.75389e-06
2365503.0800821362063 5314 2.6673068674569009318 0.027786621908480340498 0.012389833768543816531 6.1057843905218307512 5.2900855828003585657 4.2504501445221389844 4.2754829907332787542 4.3006594816390633085 1.95225e-09 4.51886e-06
2365503.0800821362063 5829 2.5686090478702210405 0.050744184631816305342 0.01616956237452459727 4.1688509273008937939 2.039899090665956205 0.56304239782244236423 0.53651085632521056112 0.51057346367763889461 2.45517e-09 4.87765e-06
2365503.0800821362063 6057 1.7393909111175569482 0.226677319668548094 0.0033360281819966295692 4.0717238449841692827 0.90471426930873910521 5.0043469110690574908 5.2164583514931095465 5.4149425300482274537 2.11922e-09 4.64417e-06
2365503.0800821362063 5256 2.151051082518488311 0.050925135340157676178 0.014197990072511311802 3.2694596174295873503 3.2726856111779683012 1.6128204579355773784 1.5618637249584561566 1.5109406212980891482 4.61883e-09 6.02135e-06
2365503.0800821362063 6518 2.1991771569499989347 0.10292664111237168068 0.012256682739834962037 5.4907700515733957047 1.3142518330658272685 2.3171060356999526597 2.2386256282219951785 2.1578109447269486765 2.5926e-09 4.96701e-06
2365503.0800821362063 5776 2.1970346769457491654 0.12977639671723956161 0.015153198898061374933 4.8684511358610205178 2.020873118320178019 2.3598845846865512677 2.2636919841562206379 2.1638420776506479548 1.75506e-09 4.36128e-06
2365503.0800821362063 6813 1.9552220463275611362 0.15983079345122311321 0.0088914738266696689145 1.184396684175214487 5.2725847903267792915 3.5464732549749928836 3.6148712676123722076 3.687723254783297655 1.73747e-09 4.34666e-06
2365503.0800821362063 5221 2.0737476025968950566 0.058501070705129672167 0.011683211163819888848 4.4062204980790280473 2.379264709749453921 1.9109888462968045442 1.8552631162033712542 1.7991131197353562587 2.32988e-09 4.79323e-06
2365503.0800821362063 5038 2.335466390859824326 0.031718241633995877815 0.019383547005398734514 3.3243502194054332932 3.8664670654588073617 1.4484984212185918473 1.4170725701683672959 1.3857283578847698902 1.69972e-09 4.31495e-06
2365503.0800821362063 2930 1.442963742888062173 0.06602146075527044744 0.023909818296274011618 5.8007551451182699509 6.1339117405062841826 6.0352202005861670386 6.050937800393024979 6.0661336475839400251 2.36539e-09 4.81745e-06
2365503.0800821362063 4858 1.1477146757337506333 0.06633746442459684256 0.02233726515989912717 2.4990305321331551802 2.0353753849045421731 0.77728443605496877478 0.73179240560900338242 0.68746543207999144531 3.04786e-09 5.24222e-06
2365503.0800821362063 5494 1.6519823701887279555 0.11441738410352950139 0.017261745106165977265 4.0646586486675335692 4.7969800329825851293 2.7679300738597949483 2.7236686243283494413 2.6772307237316206319 2.97785e-09 5.20177e-06
2365503.0800821362063 6760 1.8792205099391823264 0.062814431197426551234 0.01316493444876003921 2.8863915709367833351 3.9135423383056240354 3.3560621884369838952 3.3698680181657816313 3.384082796166586693 2.44486e-09 4.87082e-06
2365503.0800821362063 5390 2.2051079835249334238 0.037027818821412143702 0.011622774144216760708 2.4968150551883563359 4.2421728673630072493 0.64769499726934809392 0.62567276640837377055 0.60398769353626624579 1.01153e-08 7.81946e-06
2365503.0800821362063 6077 1.9542934521493851019 0.17259588631432995487 0.034607432823527385646 1.7583884442509840618 1.2110557331799374214 5.5390628781300588201 5.6496559887098056763 5.7518315226637630744 3.10523e-09 5.27491e-06
2365503.0800821362063 3800 1.4761412395981352574 0.028582681252986200104 0.03755550371623487399 1.5294773576213427368 3.6211722990651944443 5.7669537378148376661 5.7808917135861364045 5.7946524765745968111 1.56638e-08 9.04655e-06
2365503.0800821362063 5102 2.3519195540695254643 0.026187233770598734861 0.012386251250623788248 4.4451019570032013206 2.4255514346155235827 4.7773998375059711918 4.8035125322648699608 4.8295911183761992547 2.60978e-09 4.97796e-06
2365503.0800821362063 5862 1.5166462730091450073 0.092743735232275234526 0.020444656447298224788 2.7692454676058719798 4.3224790000236019694 5.7268948371711623224 5.7741008701024956196 5.8193021253533681048 2.59002e-09 4.96537e-06
2365503.0800821362063 6367 2.5545411123291170696 0.050325018646424232727 0.024152730587849415705 3.9818395463134828027 3.3105344598230055375 4.5672035967075776952 4.6172024701832894422 4.6672996767105345839 1.45694e-09 4.09887e-06
2365503.0800821362063 5635 3.1976601073302881595 0.023763638518390157311 0.10104999285106915086 6.2403969236666085862 1.1497548947712656897 1.4381266457920121038 1.4146065677764143587 1.3911322003125055069 3.06016e-09 5.24926e-06
2365503.0800821362063 3407 1.4660180119829890888 0.077902490463379547858 0.022442439695677003642 5.0048641344817106358 2.1283196542918738636 2.5209488619498232609 2.4740964496008994722 2.4258731320839901358 1.6608e-09 4.28176e-06
2365503.0800821362063 1320 1.5989728165046406261 0.11757987498984381891 0.022525264585293299641 5.4799158863108887729 1.4822916742871661278 1.8560965030071499005 1.7410921673541663868 1.6252131237305926792 1.6152e-09 4.24221e-06
2365503.0800821362063 5578 2.8499002458792155323 0.031191206786440512505 0.037781131843360508948 0.10716817538146639066 3.6251189212127332695 3.5709165795472661564 3.5840899307476248303 3.5974459290819007506 3.04211e-09 5.23892e-06
2365503.0800821362063 5086 2.0489113258735569545 0.09483882022674385015 0.017699799805547894449 6.2564606070709327668 0.69749835892119094183 2.908067469395180904 2.8850060901543743697 2.8609378611902847034 2.82e-09 5.10818e-06
2365503.0800821362063 5185 3.5366385395724466711 0.093367686207370972906 0.11537687552522084278 3.9041161500503429593 3.8285734318616637673 5.0775510058492603349 5.1634643305769181154 5.2474932726474277089 2.64564e-09 5.00066e-06
2365503.0800821362063 5087 2.4647177787565066609 0.064448279307590131126 0.0050256174909649063351 0.11467044878945799324 0.5921861221780846396 1.5444451198120010549 1.4800292275352366911 1.4158462499419033342 4.11613e-09 5.79446e-06
2365503.0800821362063 6186 3.215002890885060971 0.041015180477600936271 0.036703700760057793306 3.0693296520806541139 4.0484192180047688936 3.3048485105196649947 3.3116553484415129915 3.3185969273812232494 3.14704e-09 5.29848e-06
2365503.0800821362063 6419 2.8453302651148559832 0.035278923541448875545 0.041784514635734272547 5.2128337998583642587 4.3506596899749911955 5.2459323044822827597 5.276044756245659606 5.3058662968831873386 1.9765e-09 4.53749e-06
2365503.0800821362063 5831 1.9247408031279686913 0.079206480339782045497 0.028072498665002370427 6.2258295160498589027 0.13880180173297176904 5.299428289019754601 5.3640356685324963593 5.4270116453394896538 2.32205e-09 4.78785e-06
2365503.0800821362063 6192 3.210290828786512396 0.029224686754132818411 0.011285209930235677589 0.62123769879716683739 0.28832929019902048262 4.5286147324840992923 4.5574284106757643187 4.5863029160477069013 2.79503e-09 5.09306e-06
2365503.0800821362063 5912 2.2799675481738561622 0.073687086916487939958 0.033072945569875542016 4.3328656466540049763 2.1445452666728117563 3.4772346614654763286 3.5024142596390515081 3.5284289737546181698 2.26535e-09 4.74856e-06
2365503.0800821362063 6040 1.9684047220138467527 0.087849770400802024151 0.019363178370200281875 3.8054154921367664421 2.8633331962924204461 3.3279638182417419223 3.3450102185455534709 3.3627574187848057186 4.48499e-09 5.96262e-06
2365503.0800821362063 5080 3.2484370054204032563 0.013926857338154553789 0.057151066818572855699 4.9727487738422855301 3.6784933670492145907 2.4516400931254294093 2.4427273990001645565 2.4337675640846958558 2.57476e-09 4.95559e-06
2365503.0800821362063 5664 2.8297575182785448256 0.1845591978641036579 0.029951887261429149117 3.8718527088159717664 2.1386556982996620668 2.004552898361253721 1.829207824863256171 1.6507765217482783804 2.65301e-09 5.0053e-06
2365503.0800821362063 5146 2.7707816902953044114 0.054838407153221635504 0.0072104762464454547066 0.64443274075899104059 5.8547924848603143388 0.490550558986043439 0.46530842974536307244 0.44070252083720606873 2.55901e-09 4.94547e-06
2365503.0800821362063 6661 2.3351886004917621342 0.039666807030005961365 0.02360329396344730199 1.9587445984909162 4.1604021498444216931 4.2737780784052681327 4.3100055921095705713 4.3465042209292841235 2.49043e-09 4.90089e-06
2365503.0800821362063 5771 3.2021079492854238602 0.064089601801981796458 0.053602491972636480411 4.5408009861811207131 2.9393271160967433531 4.4744114904591061332 4.5372133375433438829 4.6003221084177488009 2.44735e-09 4.87246e-06
2365503.0800821362063 3607 1.5778053992541816175 0.062457425173605661539 0.036908181877037385399 3.1304987901920249271 5.2675409289099199839 3.6719810995046113788 3.7044807686966669813 3.7378099837915499393 4.86878e-09 6.12807e-06
2365503.0800821362063 5299 2.7469238370673356719 0.018203188013850145344 0.0093436278278050555884 1.6451375928973095419 3.6490038726213853693 3.6567012300865071595 3.6657409420305118175 3.6748511974158515336 2.39591e-09 4.83808e-06
2365503.0800821362063 5625 3.0414223992817448483 0.056400267769167719556 0.028088270176368942271 4.3462847844460643643 2.7499077825234343742 3.3945548108849181723 3.409078107280187897 3.4239851012812634323 2.295e-09 4.76918e-06
2365503.0800821362063 5248 2.2238345806025492379 0.11281764980145904398 0.019371828909831686344 4.1556527557581919297 2.9263569841717784747 3.2021899897914218869 3.2094544418791746132 3.217104574428836905 2.2289e-09 4.72295e-06
2365503.0800821362063 5622 1.7325705479625108651 0.19196473903389024707 0.013292179477297536017 0.85676295123084322825 3.9072418222926166287 0.02855100524448855176 0.023507928355050011077 0.018995650647786643112 7.75952e-09 7.15806e-06
2365503.0800821362063 6935 3.5199915315033485363 0.045679403659168005269 0.088162052888209788137 4.8153705763810092932 2.4912588565410627162 4.6701101025155713486 4.7158087097754863848 4.7614878463348997428 2.603e-09 4.97365e-06
2365503.0800821362063 6126 3.067377021926215086 0.011824692665705009709 0.042310738908727558993 3.2081387347603014248 0.63071071405956791178 0.83505670025602685147 0.82632504439861498291 0.8176286184581215144 3.04059e-09 5.23805e-06
2365503.0800821362063 5450 2.2309609358952311453 0.017754830583573997377 0.0048645664564541052713 2.626921956859867624 4.6171550362365092468 1.0557640589228913797 1.0403788083399192477 1.0250635638149332429 1.88249e-09 4.46438e-06
2365503.0800821362063 5815 1.945730834363932571 0.17060563400035971826 0.0021136892988337470031 5.7926721038423663046 1.7346578477129037665 3.506404200258344428 3.5730485498025115199 3.644394754529124647 2.67562e-09 5.01947e-06
2365503.0800821362063 1345 0.78769292657974498972 0.049803882085932581203 0.08652474662762546509 0.79792617425035672341 1.8948130562381664266 2.7392348327994295865 2.7192628140556958094 2.6988488654216609142 2.03465e-08 9.87068e-06
2365503.0800821362063 6799 1.309752095838130348 0.067516174261499473097 0.038032927305840000254 3.1836864458465150562 4.6586269186885314042 3.5954197921246247027 3.6259792193200270916 3.6574191778907039208 2.97873e-09 5.20228e-06
2365503.0800821362063 6690 2.815003805644577195 0.014147855132430293273 0.0091469901178275556802 2.875726383214066928 5.0694429196183889985 4.1258482060270447178 4.1376781650751048858 4.1495531607162474685 2.63564e-09 4.99435e-06
2365503.0800821362063 6988 2.5413626540576919055 0.018282376993868691695 0.014473105825248832809 2.9501182984940594878 1.6258489617585916154 0.35152821578097576127 0.34528606070995909727 0.33909810010945456993 2.59659e-09 4.96956e-06
2365503.0800821362063 3872 1.2436791979566779176 0.032530718254321362715 0.073261394626196893465 4.4804236556178080875 2.9975096337341882169 1.1857972238524636666 1.1558252064597465125 1.1260554364928587745 4.66657e-09 6.04203e-06
2365503.0800821362063 2966 1.589167824547694341 0.091307713449681415785 0.011368959919536958392 5.6073170274851129591 2.1533750285195161212 6.0297043907766543214 6.0516760298554466146 6.0726262921503098013 3.90041e-09 5.69141e-06
2365503.0800821362063 5123 2.3558505896447559103 0.080811762163455730379 0.021735834160697884571 5.8727152868053460466 0.29035655808878541029 3.7616237651305777234 3.8102496004164176924 3.8603474553858250218 2.85229e-09 5.12761e-06
2365503.0800821362063 5480 2.1467692589034639283 0.073504934673667046696 0.011797929605817911863 5.8208214581765673756 1.4684780879647827412 1.0315260525815288517 0.96955853825635784915 0.9089437174449965795 1.6026e-09 4.23115e-06
2365503.0800821362063 5641 2.0380323820490962028 0.058727381997904455624 0.019962230373058359456 5.2782001053412903602 1.3632692330738660491 1.0997174349526912529 1.0480423956547846309 0.99715820134894339599 1.66045e-09 4.28147e-06
2365503.0800821362063 5144 2.4172103040566654819 0.020849193012772718886 0.029840964389650656563 1.7112981611515905023 3.2476226801405871925 0.73815953481651397361 0.72423561938357627898 0.71042171320874547558 2.44844e-09 4.87319e-06
2365503.0800821362063 1355 1.2476928177217392335 0.099635278297016058313 0.010726569435039034345 3.6413586192511409045 0.97827017276691330405 3.9350953291157533265 4.0088448597069783474 4.0848221599724636732 1.17805e-09 3.8186e-06
2365503.0800821362063 6705 1.1683213437357433673 0.11917079975351146937 0.044362789665452019572 3.731996189113504947 3.5504912782393276416 0.95526290856497442228 0.86094506418433824901 0.77055892006594106647 8.48184e-09 7.37361e-06
2365503.0800821362063 5242 1.3207623827356920199 0.034962530244132816737 0.037408824426086617621 0.37380323538763204905 4.8546239067614438412 5.3414507771488457522 5.3694396006129299082 5.397122830924495851 2.28533e-09 4.76248e-06
2365503.0800821362063 3991 1.3860485904898265375 0.086314195986125566429 0.031496713129996856129 3.920186237348512126 1.4752949843509162164 5.167732554642891607 5.2439110450255776996 5.3183170425294541417 2.18079e-09 4.68872e-06
2365503.0800821362063 6582 2.064889368170169881 0.17190659783932668581 0.0036622224330961562939 4.0001331517794422865 3.4497184949869645898 1.6946612242551082339 1.5213686562165160687 1.3496720076701942403 1.86721e-09 4.45227e-06
2365503.0800821362063 5414 1.9727834552680130198 0.057396458632860289373 0.029626154590783340681 5.2802500269466854377 0.23588513292036103475 3.4418429045667267019 3.4593112906235985449 3.4772419553990681074 2.10946e-09 4.63704e-06
2365503.0800821362063 5968 1.7157128885550441133 0.023601311501660841158 0.014695807428953183704 4.7882863176599848032 5.081381288742607083 5.6819685719539982927 5.6951915351120510067 5.7082830138046878332 1.90606e-09 4.48293e-06
2365503.0800821362063 2111 0.69525066178968031316 0.085532876028983767513 0.077005424763691474044 0.95588466341918287839 5.4515683222200186364 3.0952297216969286708 3.0910807444098091779 3.0867621525380739556 3.18219e-09 5.31813e-06
2365503.0800821362063 5376 1.5038512181568135517 0.026751171409801759171 0.025011109807931950627 4.9287184622840003456 0.33324788844016078881 1.0270848070729721169 1.0043455598711483745 0.98177262855500047056 3.00581e-09 5.218e-06
2365503.0800821362063 6382 2.1596351726985609787 0.08836623695553506852 0.030713863326514160429 4.7695595374363737307 1.8273364054090948105 1.6643084730586623632 1.5758477108654946885 1.4874826013052668827 2.21366e-09 4.71216e-06
2365503.0800821362063 1365 0.90298696929625710261 0.15238059617201898943 0.05215387056619201489 0.021341850197340955092 3.2469385258650707016 0.18192263679681300315 0.15613697518767549743 0.13244128294351470432 2.03021e-09 4.57822e-06
2365503.0800821362063 5058 2.371074351109168532 0.015445115803909620009 0.031790178844000899216 4.4481870687146871646 0.72274529723226255129 6.2658030970613296518 6.2660695125797802874 6.2663338551024665435 2.54926e-09 4.93918e-06
2365503.0800821362063 5566 2.2299297578018122401 0.053904021111883047845 0.017472485751663081877 0.20626624078547708963 6.2684211366139557242 3.8501476808160419729 3.8859806441854760628 3.9225017937476653884 1.33774e-09 3.98389e-06
2365503.0800821362063 6372 2.7762156094017318431 0.048733350974528570621 0.061196365623908462184 0.86239662804116123951 0.46740951835750677024 2.1469043192194647851 2.1054682609185766395 2.0635363389211494045 2.61111e-09 4.9788e-06
2365503.0800821362063 6896 2.2163181241718126202 0.0081068719280683338574 0.0028138562099440291714 4.2100099049052284172 0.90483902159553630806 5.6453907825904696693 5.6502022176554262956 5.6549978584284863459 2.11477e-09 4.64093e-06
2365503.0800821362063 6865 2.5458616244310454668 0.13715516742984434906 0.012063541192897786827 1.0544366834977796366 0.49632759272707788201 5.0899912672027873839 5.2147536460863843644 5.3349628026970981054 2.60101e-09 4.97238e-06
2365503.0800821362063 1371 1.1578373811152218309 0.043844905506699810571 0.055235637764557490859 1.4578022436131770068 3.0039374285679185661 0.86459186236575102935 0.83168861246939018717 0.7992841615712312775 1.31277e-08 8.52929e-06
2365503.0800821362063 6078 2.4111927572701707945 0.051594800792274291001 0.0089901642703471128931 0.50444801318696030901 0.27204879781087693003 3.0306159782197297226 3.024747554084036949 3.0187326629448674176 2.57682e-09 4.95691e-06
2365503.0800821362063 6401 1.6387796897492272752 0.093765354473021714221 0.019530672238169052846 6.1734979658488242649 5.0593455619577527571 0.99434786936205854513 0.91756616972211502148 0.84310477619789248038 1.93159e-09 4.50286e-06
2365503.0800821362063 5118 2.2970768568085055961 0.038897683859402641671 0.011402224096987512506 4.1302932646287215945 2.9983266588517776263 3.6454974252087368747 3.6646113164494797942 3.6840406132081793267 2.67657e-09 5.02007e-06
2365503.0800821362063 6835 2.7140182887485577723 0.036203927349572673222 0.031685939775503546567 4.0074503753769254999 2.5693388117077615718 2.0346466460637193663 2.001995896256604901 1.9691058942990908864 1.54881e-09 4.18328e-06
2365503.0800821362063 5952 2.3226352126251001984 0.058477892790875792006 0.012616456396660095246 6.1600924875652616208 0.28592882188303830882 3.2016891618710645595 3.2053101409742499328 3.2090336846294014173 3.30338e-09 5.3848e-06
2365503.0800821362063 6257 2.3792088962071766822 0.025981065422933689174 0.030894900718007132362 5.00047135567034573 1.0342281492342257909 5.4808048945961385101 5.4993210263104002067 5.5176642127020301132 1.39823e-09 4.04305e-06
2365503.0800821362063 2000 1.5661423043209437012 0.1311101115185629995 0.034652887834906762055 2.8621964685263292516 1.0788626150862625774 4.8131148278833375542 4.943080951604827078 5.0707177475452889226 9.3879e-09 7.62734e-06
2365503.0800821362063 5765 2.6369865193761587996 0.07218692668153109393 0.043397072481950724199 1.0238363520562707709 5.381915355712298954 6.2207185826544932894 6.2250737199762706808 6.2292662562622505007 2.30707e-09 4.77753e-06
2365503.0800821362063 5582 1.3699924753173289282 0.072016138753389399851 0.020320916026989540443 1.6338386396860808958 4.3497398711576380492 2.5822942077498938218 2.5428323382854469692 2.5022426825420622798 2.36763e-09 4.81898e-06
2365503.0800821362063 6941 1.2513288365274131131 0.043029129479766614619 0.026782466237368445644 0.12062507002760028407 0.25087164984098569986 4.1614866634212255292 4.1985804644794200158 4.2360536276597464678 3.52741e-09 5.50388e-06
2365503.0800821362063 5920 1.4725065776626415914 0.10620451800846240908 0.043085983759895030154 3.4199574064060009881 1.1319722544717254475 6.0060930195545623178 6.0338072882315243461 6.0600186977596814941 2.02047e-09 4.57089e-06
2365503.0800821362063 5535 2.63468783349300395 0.033041312352069300562 0.036604522246007201169 5.1426578270514076152 2.7421330296749633071 0.91320985329499626548 0.88731452709980651594 0.86169499798936544099 2.07392e-09 4.61085e-06
2365503.0800821362063 6462 2.668491793239381682 0.021071976525869232783 0.048337040061657822465 0.080822149360500541992 2.9427888858938726635 3.1737273732870470155 3.17441168089109782 3.1751031185251337163 1.71715e-09 4.32965e-06
2365503.0800821362063 5444 2.0012627081249294569 0.1919330780267138048 0.013094576979379827369 5.4219010661807027773 2.1543413642233999461 2.0406062181043114201 1.8604286212379599341 1.6764897561065299492 2.45597e-09 4.87818e-06
2365503.0800821362063 1386 1.4197337927071524977 0.027844739860266077419 0.040507147270921729787 2.6503480475611951306 4.6539558712049577949 1.6567302228849869472 1.6289514361378991669 1.6011537686969485872 2.099e-09 4.62936e-06
2365503.0800821362063 6498 3.2318366691163924465 0.024529687634518664713 0.049620074113476929367 5.8518848789688400203 4.1689685734607984102 3.7002112410770613415 3.7133507973699759752 3.7266240909117676061 2.50157e-09 4.90818e-06
2365503.0800821362063 5731 1.4296473770095499134 0.039203645479067628088 0.028937585503063890935 4.3717269840479078269 0.38138546901484010609 1.9923216655749038662 1.956250392783665415 1.9199232046879306512 2.10535e-09 4.63403e-06
2365503.0800821362063 2884 1.1239148329166444018 0.088342128718826212763 0.0086319674853972197526 4.623964837027628505 5.0051876302435642785 1.580204419196262311 1.4917140891704245842 1.4036480623615670282 1.76307e-09 4.36791e-06
2365503.0800821362063 6426 1.5576251028690391021 0.056318846745378292606 0.0052439423190197339414 1.429869564339228738 3.3201316990466365198 5.0233974336084195045 5.0765856379488178973 5.1292105434885426618 2.64273e-09 4.99882e-06
2365503.0800821362063 5286 1.6582224633901920807 0.24332286342188680361 0.01443956779961608726 0.15911736482202612497 2.811744003795084712 3.4095957398120280146 3.4838232808529583373 3.5654798047116407211 1.6278e-09 4.25321e-06
2365503.0800821362063 6649 1.9723101529281124034 0.11858955066519026589 0.0017031794160429231805 5.0741895700537913427 1.5120542688518228136 2.7476795861463951809 2.6993568705817185815 2.648605140946057368 1.58536e-09 4.21592e-06
2365503.0800821362063 5274 2.214178677930162209 0.056494050276496406149 0.01067405012180043869 2.6643371846187231533 4.8793024509099183206 2.0935143062654590906 2.0438339695674141439 1.993543617376923871 3.09242e-09 5.26764e-06
2365503.0800821362063 2999 1.2221170364717577339 0.065730418533348392018 0.040638659630571692671 1.3169190707567595133 5.6453480726281277668 0.47514839517396273427 0.44590385384497932542 0.41755606405280454307 3.05258e-09 5.24492e-06
2365503.0800821362063 6492 2.789455326786614453 0.040792815685931578529 0.028054012184142357311 4.5354256228919203053 2.4802623684474318644 1.4733196088830220472 1.4327895835122774759 1.3923846188126014489 4.60217e-09 6.01411e-06
2365503.0800821362063 5725 3.0043491889468549871 0.056720891432598945225 0.0020782104919129982222 3.7347474288110453777 3.694727340614430755 5.9382063075491409165 5.9569034768223065868 5.9750838413250253467 3.15235e-09 5.30146e-06
2365503.0800821362063 6841 2.7232710487460121129 0.025868029439059130048 0.018284912879214021419 4.340157539188758129 0.90389057983063203494 0.135595580967479451 0.13214240825377118749 0.12873408393313032216 2.59182e-09 4.96651e-06
2365503.0800821362063 5222 2.3261089148360083456 0.022283350512044570318 0.0097196184111801812305 4.7902284649207986789 1.635195577689782187 4.8008344555681974342 4.8230107248680438303 4.8451578717825452003 2.18622e-09 4.69261e-06
2365503.0800821362063 1399 1.1422604429189617825 0.028514656085808588737 0.02680138458644169136 2.8486987698328518626 6.242434389570054698 3.5768490394358236628 3.5890318694907139552 3.6013689709727954025 4.64728e-09 6.03369e-06
2365503.0800821362063 5781 2.0166634583350044885 0.034414226589368511477 0.031940487406751177923 1.110866473189142889 4.1459420136603011287 3.8782320396626626113 3.9016560384903136161 3.925366318272467403 2.03408e-09 4.58113e-06
2365503.0800821362063 6017 2.0478800186660079952 0.059536621083190965908 0.010228488637813568443 3.5115880323726438306 3.36393078749947394 3.6126205589254936079 3.640398171724265719 3.668879118358534086 2.86977e-09 5.13806e-06
2365503.0800821362063 3754 1.4643036336356902716 0.051389703059753148728 0.023766811343962915976 3.8289437010653672999 3.4677361471128547166 0.28059394939831472371 0.26669694717716724286 0.25315336559612000578 4.06057e-09 5.76827e-06
2365503.0800821362063 6617 2.7760347276511470049 0.021490522089602531741 0.033338399589885436836 0.76456516549984399056 5.2908341940844563211 1.4328243842000942809 1.4115678481809292855 1.3903491831955423486 3.93262e-09 5.70704e-06
2365503.0800821362063 6840 2.7416040742985825496 0.019349865786603696188 0.0077215966618849338557 3.0782354398912969984 0.21352497388732594175 5.5817198524791225012 5.5941164347099334719 5.6064194427286446754 3.2421e-09 5.3513e-06
2365503.0800821362063 5883 2.6589442708344046551 0.031083613016359291914 0.035657647337055169146 4.8016502247254022606 1.6614314166331738409 3.9995809942492153155 4.0233427777681800563 4.0473347512476030019 2.0177e-09 4.5688e-06
2365503.0800821362063 5050 2.4293740236954226575 0.046164602152707408245 0.029540514211610000711 6.1092606541596783387 1.017516771563029998 0.60940630703234011101 0.58346129613067632125 0.55802848310482655592 2.5306e-09 4.9271e-06
2365503.0800821362063 2841 1.2282372157513459232 0.029367012022434982321 0.056123265541754480124 4.9112441637761916624 0.64282953993582614416 2.1576332084445173365 2.132974836300863597 2.1081275276204505253 2.44298e-09 4.86956e-06
2365503.0800821362063 6025 2.5564554111794457469 0.051556014209374965984 0.055333769715587496907 0.23878725843963011233 0.14483118417573295766 5.3358041040950485723 5.3770624653679188754 5.4176431436187240109 2.26426e-09 4.7478e-06
2365503.0800821362063 5136 2.7345720629396899071 0.010058236099566993452 0.037903767117444024659 3.9490369306467809629 3.0495511310568494956 5.9154205692467849431 5.919020007800814831 5.9226024442861078256 2.87541e-09 5.14142e-06
2365503.0800821362063 1410 1.4261406577907513871 0.037435878438448436101 0.025725159563207342789 0.66363809620977964876 4.6254859872882416738 2.8001430203958306286 2.7873780454789054417 2.7743932673576221504 8.06386e-09 7.25044e-06
2365503.0800821362063 5780 2.2160764871756453154 0.11308623869888197178 0.036552468524505131453 5.5186626343608944367 0.017399596100463290277 3.7570468438349040596 3.8256989458986918606 3.8971672610677918769 1.95079e-09 4.51773e-06
2365503.0800821362063 3681 0.70309366417100949143 0.15399577204181738588 0.014579601148139737649 3.8575176706400911009 1.9301754929730234878 6.0173911720594732699 6.0552503613395272097 6.0900482261771591297 4.46362e-09 5.95314e-06
2365503.0800821362063 4037 1.1551471597485309939 0.064266060426974441766 0.015714222015394681969 6.1314264298057059577 0.94104946500734487635 4.9449206084381938098 5.0070411264192324907 5.0685375265425998137 2.74772e-09 5.06416e-06
2365503.0800821362063 6266 3.0463320897630126183 0.08813106595788808284 0.03948089414068455677 4.6186603697770003407 1.2376271800399532008 3.7586614404166467374 3.8116538727713420442 3.8663862586134536414 2.89198e-09 5.15128e-06
2365503.0800821362063 6920 2.3224014772639152149 0.082505906724457026002 0.032386064048931184622 1.5174393921197235624 5.0091692054698429004 4.4153390117075854704 4.49529116890752789 4.5758603882553918751 4.48089e-09 5.96081e-06
2365503.0800821362063 6050 2.7385427439243641423 0.046181338868064886194 0.040577751823063931691 4.4516197357246012345 1.6772687333669218379 1.7071292354010114689 1.6612158664298690702 1.6152231812059234528 2.79413e-09 5.09252e-06
2365503.0800821362063 2992 0.94278081226769505641 0.0346187715282148048 0.060592307257240671237 1.8841814992096008741 2.6475030205938048233 3.7682988094875917717 3.788896259390600374 3.8097726821083690574 8.61616e-09 7.41233e-06
2365503.0800821362063 5267 2.4723054286078385289 0.041754498984947437112 0.014333191793666610198 5.5121873688145228698 1.4034578725214548189 1.5590029841368029384 1.517249528009781967 1.4755548752185205785 1.9088e-09 4.48508e-06
2365503.0800821362063 5807 1.4458533753819626799 0.041365526358662620121 0.029596379683847713615 2.6097910318755910275 0.19111918931857002635 0.0079717150202991467894 0.0076485105583364004084 0.0073321289779573950093 4.88354e-09 6.13426e-06
2365503.0800821362063 1420 1.4104588215443754073 0.079970458907335340015 0.022341681417874105497 4.2729038141521407113 3.7973190306663102689 5.0738973697459925916 5.1477388655480647017 5.2202498832971135911 1.64723e-08 9.19958e-06
2365503.0800821362063 3586 1.4240407095199285603 0.060581336390620028898 0.022707135553002598394 2.4478639463725135883 2.1366022676575493477 4.6533697919589496195 4.7139911113395207565 4.7745723699793556349 4.93332e-09 6.15503e-06
2365503.0800821362063 6335 3.1675918037857666576 0.0063119198762829481497 0.031686880617749851874 0.21072879034852096125 1.7864758052639104768 6.0234231704208864855 6.0250394771870494637 6.026650836227577912 2.80706e-09 5.10036e-06
2365503.0800821362063 5778 17.324212426728593073 0.18711578264139144823 0.56186628199546406748 3.5653832710111461601 5.1059395217150553847 2.8744980951500340716 2.8196955924079887268 2.7604983801624691786 2.56945e-09 4.95218e-06
2365503.0800821362063 6387 2.4629629606484497728 0.060972800493358590701 0.0074563301456600341102 2.6540616364005371608 4.5108363646760958332 5.7979095062767100899 5.8256269301620653422 5.8525622113075774777 1.76953e-09 4.37324e-06
2365503.0800821362063 5348 2.3064023163894908919 0.046125672087539891508 0.014008497861193834957 3.7224052335661408364 3.0525425658386104999 2.5187780761629325887 2.4913450821173581673 2.4634213624703287238 2.51418e-09 4.91642e-06
2365503.0800821362063 2850 1.5958021193597109466 0.11978349983226369013 0.040203414087761263351 4.0240074594429060539 4.1798039298789637641 2.2090381256105287022 2.1089845765053825133 2.0061338208370038672 2.86233e-09 5.13362e-06
2365503.0800821362063 6217 1.648590789144094293 0.059097523764685459813 0.028773738469683961955 1.3564504786338165143 0.97251283248511877222 2.9921456825601095986 2.9830736283508274553 2.9737447311911275882 4.15407e-09 5.81221e-06
2365503.0800821362063 2302 1.1865800352036763865 0.066306050240985014987 0.031696489158681014076 0.053376424146616266442 5.9595466161297210306 2.6580154852930606424 2.6262209351319918404 2.5935414466793553778 1.79548e-09 4.39451e-06
2365503.0800821362063 5704 2.0244925337013626176 0.16933911586455649423 0.0071170243444593044024 1.1266725767604863773 5.8729131657408650824 1.1292997343928987686 0.98078030723953701919 0.840071056584198117 1.97064e-09 4.533e-06
2365503.0800821362063 6295 3.2523490805631558587 0.048368410389408589278 0.088875059239751530438 0.95935005236865733558 4.3885723562647029894 0.56609136320962127886 0.54065528605985058164 0.51576016555961767818 2.30061e-09 4.77307e-06
2365503.0800821362063 5342 2.2181579252153178494 0.054934292721127417347 0.0097191309230359908267 0.24285336557992739936 0.31395349233228425634 3.2314039998308041746 3.2364735958447643505 3.241677996414453311 2.15151e-09 4.66765e-06
2365503.0800821362063 6987 3.4210753677773886317 0.10597657594251705393 0.052962171176639434578 3.2560739784172785249 2.4988669823943201465 4.1874217464598642024 4.2818325177754665845 4.3781369969563428413 2.19272e-09 4.69726e-06
2365503.0800821362063 5945 2.3675526897005165772 0.052604353966324575442 0.014045261472657288165 0.47371390419898251611 0.37255349097670881209 2.7326760904895217585 2.7112281231980701612 2.6892814751828746367 2.66758e-09 5.01444e-06
2365503.0800821362063 6721 2.4909045756505743263 0.061574493215212300345 0.037391258971614611817 3.7285996414971096513 2.4189701451235507967 5.5720579593933114992 5.6113622448679754129 5.6496870659489406563 1.66278e-09 4.28346e-06
2365503.0800821362063 1810 1.394053002607284597 0.051501397940896191663 0.044943749401695869128 5.6189215633963671692 2.7299168865266270068 2.0429757279741442844 1.996543263976709337 1.9496393700216778644 7.36354e-09 7.03416e-06
2365503.0800821362063 5604 1.7243228994566084378 0.074141478060694654406 0.030299313508205034939 5.4521391694299223829 3.4567577505649835778 4.7137929155152056282 4.7879985507259110733 4.8619282034640685097 2.82443e-09 5.11086e-06
2365503.0800821362063 5130 1.9233510058159641876 0.14424018243058850386 0.014233548298816281127 2.1101567420425948463 4.4890713042093572938 4.8858152608726461708 5.0266406280417950114 5.1638170751431600181 1.98119e-09 4.54108e-06
2365503.0800821362063 6608 1.5431400673874031693 0.049199329147265075113 0.026494802274779911955 1.3685159264917314825 1.6337677914190062989 2.7740153262684641433 2.7559091355575118243 2.7374007153327699626 2.37471e-09 4.82377e-06
2365503.0800821362063 1880 1.4992137114199908243 0.12525160799427054181 0.055732521390974787412 2.3694440004833192681 1.2454965554094463709 0.42410190776469369744 0.37517104795300371123 0.32927489016777033992 2.31964e-09 4.7862e-06
2365503.0800821362063 3432 1.0469989817328830828 0.084751491882128535127 0.036550786013121283613 0.77905495332171492695 6.1560084139983741736 3.1135400769054002446 3.1110530709799388838 3.108465198106291183 2.18026e-09 4.68834e-06
2365503.0800821362063 1441 1.3172972469702379783 0.028483144684871865987 0.026349649335189077176 1.4562485639145832383 4.7260532400641643846 0.057586553883743701876 0.055969872465274211892 0.054376506697328415296 9.49517e-09 7.65628e-06
2365503.0800821362063 1442 0.60520454043382099218 0.029248494884160099183 0.016955598593936589691 1.7284131206282586923 5.1884596732376264683 0.43307052678809582202 0.42095449666793527399 0.40900263133587755338 7.3515e-07 3.26319e-05
2365503.0800821362063 6641 2.0530083411662847226 0.10006466218062490259 0.028391280208950334107 0.92272878392389889868 6.1085728711623419329 2.2047297171954181039 2.1214776932865997416 2.0362057719709527603 2.45986e-09 4.88075e-06
2365503.0800821362063 1444 1.4749437101423228391 0.079409356879730372269 0.039577127672371016642 4.8404115148821800219 3.6211751086941799116 4.8883528087804251072 4.9660790658377447215 5.0429467583258915653 2.67404e-09 5.01849e-06
2365503.0800821362063 5288 3.2212430250822818856 0.16044872603833931768 0.072670127168374606952 2.3469376712364375948 5.3713788757394667073 0.4372250405677948204 0.3735264908438356013 0.31497858698242986453 2.94866e-09 5.18471e-06
2365503.0800821362063 6885 2.5400150079775145606 0.15013625394283941494 0.033126116593137598654 6.2286606314973091969 5.1098328456069772585 4.4247704721949796536 4.5724596441089175869 4.721128444442359573 2.78724e-09 5.08832e-06
2365503.0800821362063 1447 1.200534305980797134 0.097208509621407118706 0.019149738512977243499 3.4576827881814393706 2.0797051791095579887 2.2781865084961769874 2.2017426036505574061 2.1232496821591024805 2.94046e-09 5.1799e-06
2365503.0800821362063 6311 1.6511438269944469504 0.11809011057863981475 0.0058175222647564245673 1.0907455158106345028 1.9973304290071813849 3.898490839288013099 3.983476176405852609 4.0715594694132457576 7.69185e-09 7.13719e-06
2365503.0800821362063 5674 2.1617061918524624886 0.07321379286777576767 0.0062062659913815852036 2.912498657537882174 3.4704719863108488553 6.0696890789165349744 6.0846848209559425413 6.09912254317892355 2.46004e-09 4.88087e-06
2365503.0800821362063 6824 2.7461576110708523224 0.0061279446655574517852 0.023279323652513179976 5.0009732530037300791 3.2516057522108736677 0.95618662602582338295 0.95118889751902557794 0.94620009798824578073 2.84568e-09 5.12364e-06
2365503.0800821362063 5839 2.0588737158915981773 0.088563740785501818276 0.014352459975527521313 4.4070563695653710568 0.38867937062289104055 2.4890649328823157838 2.4332290434896788334 2.375610189052437704 2.1589e-09 4.67298e-06
2365503.0800821362063 6123 1.530036117418655417 0.091415724949563834101 0.017006674959847256634 1.9599589570080240275 2.7372223266760209448 5.2294833172222254802 5.3073115060400226639 5.3830212709324127829 1.7325e-08 9.35567e-06
2365503.0800821362063 6162 2.1336992837566319814 0.083028664363190507469 0.025744567393137844646 2.462548085465083858 4.0917004629906985613 1.5789357666355119392 1.4957860463917656002 1.4129908546679865733 1.62993e-09 4.25507e-06
2365503.0800821362063 3988 1.1902266216508246011 0.070234161781888335141 0.027259013279806353774 5.8413097918586114332 5.9488368296092204446 3.5252795407708674702 3.5524891460436194279 3.5805428727738441985 1.51806e-08 8.95254e-06
2365503.0800821362063 6245 1.8613148451452774523 0.16120557809072300071 0.023574779036097056467 0.74329214953530997612 4.6297420904665127495 1.2764461197019625338 1.1250194997979598988 0.97956757533322302844 2.49438e-09 4.90348e-06
2365503.0800821362063 6300 3.2963390682071578297 0.068933590164901040187 0.089208803394342506277 5.461344390686496908 0.95913945756226803852 4.8606432725648058835 4.9285296292381621797 4.9958593004899318757 3.26125e-09 5.36181e-06
2365503.0800821362063 6451 2.3259302697192199005 0.083917990185996133023 0.014349245218647298239 3.4511240766567499172 4.0051299697445328363 1.2220077799318318501 1.1441615501579107672 1.0677656779621838012 2.57122e-09 4.95332e-06
2365503.0800821362063 6747 1.4160106431127232884 0.04506549601798056498 0.045190102612498748991 3.461355978285070023 2.7226001405202304717 4.4690099059784778035 4.5130014546326817637 4.557174116372047834 2.21376e-09 4.71223e-06
2365503.0800821362063 2469 0.92054400145022108326 0.066037007601452479832 0.05118105746444426285 5.7097384165768847453 0.32759859017140802173 4.3873951802433976965 4.4506908364265509448 4.5144794176555222975 7.10475e-09 6.95077e-06
2365503.0800821362063 4956 0.67775933471941207653 0.0093722105138737549224 0.072531877087298440854 1.9436475264893078307 0.097395336824221231953 2.93004798197705707 2.9280709946864336146 2.9260849961803123698 1.62206e-08 9.15248e-06
2365503.0800821362063 5232 2.3145134504543269927 0.075187065575580178112 0.028410047227956584937 1.0008246346547642336 5.9086124485572470988 3.9769971823167464819 4.0342636081426697103 4.0928155433267301433 1.29215e-09 3.93811e-06
2365503.0800821362063 5873 1.3914660868484636236 0.091585148519118114718 0.050846109039160730658 4.3784890416118509293 0.92246541096452694397 3.8196187934861653979 3.8793031545179439412 3.9409029062068019478 3.51811e-09 5.49904e-06
2365503.0800821362063 6076 1.2223418084898889369 0.075370882876252709437 0.040389417536621917415 5.5277750489896266828 1.0628274747849519866 2.972139001975468986 2.9589184628569737967 2.9452265946176834355 2.07184e-09 4.6093e-06
2365503.0800821362063 4905 1.1422875050181844347 0.040940392947115447631 0.053879192067770795282 5.3349515508187117518 3.8105554288987342204 0.23089633144042209789 0.221706455686719206 0.21270388311595508912 1.72211e-09 4.33382e-06
2365503.0800821362063 1465 1.1106401367836022942 0.065447189625267770952 0.050604806264253926473 5.5788199222056373827 5.2460761485670985849 5.3182368329240130578 5.3710948442383346091 5.4228495018153424212 2.38913e-09 4.83352e-06
2365503.0800821362063 2994 1.1476040390944386438 0.010414941712963050185 0.037243469074501371618 3.6081180162030772607 0.67097021827826930362 5.0542077776874805295 5.064003267862073443 5.0737810021266973592 8.94614e-09 7.50577e-06
2365503.0800821362063 2535 1.3682385013117386308 0.093851645930616622859 0.03142269496178812932 4.2503208599354582731 1.7594528976945564835 5.1263220331764438598 5.210788608684964629 5.293223079580614332 7.23789e-09 6.99392e-06
2365503.0800821362063 6112 1.5722592362017830947 0.015327851309401445412 0.041850369997076787565 2.7126936583797318647 1.2859260135893306742 5.8093221404148307485 5.8162696571813814472 5.8231692476803820213 2.36391e-09 4.81645e-06
2365503.0800821362063 3716 1.170031001362799028 0.010083288089100677504 0.01597925859438022872 5.8209940224302529899 4.5228970478080237072 5.5988219072363216711 5.6051716945086518251 5.6114964089704599814 1.94606e-09 4.51407e-06
2365503.0800821362063 6779 1.6682807709688789455 0.16846475444072755989 0.0083604017414255667184 0.30200664070142613227 2.8373920604457465444 1.0616413156161157438 0.91960915209603011355 0.78561822046101081884 2.3938e-09 4.83666e-06
2365503.0800821362063 1471 1.4063775093000991934 0.051931712120636477903 0.012670894997506723309 2.27959472814046471 3.8162482622231834739 4.1664283733749165606 4.2114404655983879167 4.2569911945252743024 9.04311e-09 7.53279e-06
2365503.0800821362063 6569 1.4673906784054993047 0.07207136598793163762 0.038471268448543906315 5.7668236694508214768 0.17165267011099649697 0.10981655081129415574 0.10218141117216418545 0.094829865855056497126 3.03689e-09 5.23592e-06
2365503.0800821362063 5344 1.9062047121996998911 0.18746869036266605724 0.010113438664507536438 4.3873512932359943761 1.703354297234133341 3.0438988607246710849 3.02353374438708844 3.0014527725759125865 2.73146e-09 5.05415e-06
2365503.0800821362063 4994 0.96091528820302740677 0.11349780379429130761 0.054449277126820017081 6.0709927154307425923 3.6186402481108830287 1.0380771150042231721 0.94281846094308208173 0.85097408762902104762 2.5994e-09 4.97135e-06
2365503.0800821362063 1475 1.1665591401360362322 0.025219112291623328043 0.034376958703767133974 2.2735352019794041745 0.87290490486046645735 3.5866358255063142124 3.5976192164535047979 3.6087253151329727885 9.06407e-09 7.53861e-06
2365503.0800821362063 6702 1.5753895653308560565 0.085741456604991134194 0.021110544399240829816 3.4249931247525351452 0.39594763342361327663 5.7721441910646227313 5.8126338812395141886 5.8515071585236135832 3.70623e-09 5.59535e-06
2365503.0800821362063 5303 2.2642686242073470915 0.049153243598265845826 0.012461543885301608336 1.5103778930893920762 4.8347078482503951236 3.3475195014016092543 3.3578241280272873581 3.368369975496945834 1.73716e-09 4.3464e-06
2365503.0800821362063 5125 2.5168069676505324672 0.042894430303961443574 0.035190881923869640757 6.1705544097046871599 5.336976799637782598 1.4495363359462658526 1.4070539456825310598 1.3647332651845800466 2.82766e-09 5.11281e-06
2365503.0800821362063 2329 1.5227799015130387694 0.029307293640780551769 0.0096939720975132790542 4.037275840490027079 0.917205321977284882 6.1071108159901443813 6.1121725114687430747 6.1171600401277004266 1.23099e-08 8.34837e-06
2365503.0800821362063 6857 2.8700095467425406071 0.17243726914731130617 0.032449271306416775651 3.505688036649874828 2.8484213331904175703 3.6520028508882682594 3.7437768767773977885 3.8414529060590760778 2.85565e-09 5.12962e-06
2365503.0800821362063 6038 1.5443401221255352862 0.080305703600440578316 0.023731949768402083728 0.63919425374883365176 5.4766619572044454856 5.8183576400645371507 5.853159612240470544 5.8866385909345027017 2.93989e-09 5.17957e-06
2365503.0800821362063 5886 1.2146514876804366256 0.078143913402945824886 0.0062452581667294350051 4.6364879994480219239 1.4822834464594187853 3.504547314409816039 3.533386951503676876 3.5632259988977019738 4.56053e-09 5.99591e-06
2365503.0800821362063 5408 2.0925228598731711038 0.053550124574793203647 0.027194446686941806113 5.3473790395503941753 0.23134813503706080917 3.1758856896799962932 3.1777735991685234218 3.1797106706228857043 3.0092e-09 5.21996e-06
2365503.0800821362063 3783 1.5072104734168163542 0.072291633847099620591 0.014959890374856071524 3.1605428388486567215 0.1511594124804024053 4.2435427212094474214 4.3091679264682758443 4.3756619072331179865 1.86919e-09 4.45384e-06
2365503.0800821362063 6891 1.4422610725536333387 0.11541484560983250596 0.028372999579800977504 5.2296540538148539312 2.9907470496847454733 4.2935014750884885615 4.4017370044361259218 4.5116274580527688798 2.97992e-09 5.20297e-06
2365503.0800821362063 5688 2.0582743890239232343 0.053021548349900284036 0.033908463979788763809 3.0911505784391350993 3.7257605204241697194 0.99759140154278636015 0.95365243481333406006 0.91041152578342243729 3.26046e-09 5.36138e-06
2365503.0800821362063 1487 1.5459150308243330141 0.044411520826578072818 0.033015179132910701942 0.76540159689281817013 2.566164936210475922 3.3014394736312282497 3.3086703785988862414 3.3160560802888512377 3.12046e-08 1.1383e-05
2365503.0800821362063 5134 3.5055178201937637894 0.046683404001241143866 0.051027420557893062025 6.2218800116853705262 2.2481078851523399464 4.1392006334596649353 4.1789424920486197834 4.2191396868525279373 2.31886e-09 4.78566e-06
2365503.0800821362063 6613 2.4921214734557688431 0.059462814146506927371 0.014195890710299929188 4.4838883580699153697 2.5868376569467779191 5.1781752417076871708 5.2306371048817608127 5.2822917569859066944 2.13547e-09 4.65601e-06
2365503.0800821362063 6104 3.3241615844290230974 0.023708338664117568906 0.05650834070559002803 3.7019075107689247695 1.0134802906307978088 6.0764948919325485477 6.0813052198723509534 6.0860590165380736849 1.75259e-09 4.35923e-06
2365503.0800821362063 5719 1.9655039251852006732 0.12607615337071242934 0.0060208603856845253899 5.5896676011489372371 1.471021158795014161 1.2527052031923087139 1.1349440636690231177 1.0206546992184084566 3.16808e-09 5.31026e-06
2365503.0800821362063 6325 2.4053155889072117546 0.032620477581940900136 0.014660524562900277903 2.7988404457415372306 2.7130845413908426522 4.0454215847232939396 4.0713182814223767281 4.0974621550445258222 3.4119e-09 5.44313e-06
2365503.0800821362063 6324 1.7989821713021534322 0.27818837729583806295 0.034619400691640794809 3.8025154443592041886 2.1084859092712600059 3.0030899858048529794 2.9575112719776837089 2.906590694197198399 3.61321e-09 5.54815e-06
2365503.0800821362063 6717 0.95515272346387602997 0.038142293714671683669 0.054024376524361067409 4.9373290872868444978 3.9043326269485429947 5.9923232109614534835 6.0030690666034178804 6.0136141658638235796 2.32875e-09 4.79245e-06
2365503.0800821362063 6343 1.3398530456972748137 0.058703885556460964901 0.036383574890402024804 4.2727860027110473595 3.3700371627048490986 3.990456662706919122 4.0354191783496151658 4.081177360972815471 3.59373e-09 5.53816e-06
2365503.0800821362063 6688 2.4887320613786414469 0.091317366038184646926 0.018390230403922406405 0.73736481527148500792 0.043471665686181146238 3.4214308471158445535 3.447866539845207523 3.4753994584132068546 2.99261e-09 5.21035e-06
2365503.0800821362063 6666 2.2600448820058951505 0.083570523060430321194 0.023903516079791124749 6.2679045300201030599 0.34485507080233346322 3.6966783173010937524 3.7424179304644455968 3.7896623036560117548 2.18056e-09 4.68856e-06
2365503.0800821362063 5584 2.2100482457024219762 0.1027201046362763992 0.0062632029003833206843 4.9919411841396215124 2.2523713406224428191 2.5273810074476532606 2.4654370606024866852 2.4011549137507275375 2.13279e-09 4.65407e-06
2365503.0800821362063 6642 1.4938076464023510859 0.10118205351775974576 0.009307165609114660676 3.3824491657596071903 5.964078326624083104 3.2657321273078330215 3.2789583109673330341 3.2928135808868197465 1.26355e-09 3.90884e-06
2365503.0800821362063 1500 1.015546801613036676 0.062921034537241002371 0.021713401421613945375 3.876246372007568386 2.3305004554279040718 3.0089041747653584302 3.0003030687726233161 2.9914425308427108341 2.25937e-09 4.74438e-06
2365503.0800821362063 5382 2.2518741712226972851 0.046195973140763145481 0.01987962095001932078 4.8137492542006601326 1.0121370968680216684 2.6715114350821957956 2.650135773649180404 2.6283353930992974234 2.55203e-09 4.94097e-06
2365503.0800821362063 5257 3.127715672822418469 0.032272268780226306961 0.043630411992282673583 3.1882730320373009469 5.5283696958332217974 2.543085567793013535 2.5246530432895517571 2.5059821913956095152 2.20895e-09 4.70882e-06
2365503.0800821362063 6153 2.7786505664836047558 0.04037984595919060643 0.085604104199847763645 1.062656170579651782 0.24240130153872418983 1.0436974492077075727 1.0091387199153873944 0.97496229039916693093 2.21408e-09 4.71246e-06
2365503.0800821362063 5309 0.95154049281134389648 0.010430338052464769444 0.040811597682004055465 4.5772467004892707365 0.1031611482145728953 2.9266578303936303662 2.9244217556916729528 2.9221743532820383393 2.20889e-09 4.70878e-06
2365503.0800821362063 6391 1.242966654222031897 0.019492770303897368617 0.029968058748430691229 3.6765926096305086013 4.0154799388211284139 0.49232182971398752436 0.48318578331540590343 0.47412939153071526066 6.38015e-09 6.70595e-06
2365503.0800821362063 5484 2.2318156511480524706 0.099509934506052305503 0.020938859618975864257 4.8214410155098130772 1.8130595798460720225 1.42114796853194858 1.323311647855687001 1.226833616228928614 3.31273e-09 5.38988e-06
2365503.0800821362063 6669 2.5424218681517753993 0.022064645628519861942 0.009273568628746255843 0.5228108534608499891 0.33575005641466881823 3.7113990855895413468 3.72341522017441795 3.7355407917819269947 1.47563e-09 4.11632e-06
2365503.0800821362063 5864 1.9357056117181561383 0.19294846654521646823 0.010799869014420935068 2.4090047886525667309 3.8953800691311912807 0.43742070273874172903 0.36163679346881477672 0.29337053960646464201 2.76427e-09 5.07431e-06
2365503.0800821362063 6942 2.8599443499890444542 0.12666564875548033675 0.032043073445449515857 3.422370137636708165 3.1420628249424225054 3.0355486278440091397 3.0211790607515291995 3.005963626385773857 1.34834e-09 3.99439e-06
2365503.0800821362063 5998 1.5507921465524681093 0.070147915238918973069 0.059778848316950836117 1.0213265115913019443 2.1034109298205483363 3.2430095878465112769 3.2503777304983980656 3.2579937345435761031 1.75798e-09 4.3637e-06
2365503.0800821362063 5841 2.1065174144087008834 0.11447225890065804155 0.028973006174054505985 4.3803345066126793128 1.4338650510693766726 0.31054685654198377343 0.27727369229937526285 0.24593868666951074209 2.76225e-09 5.07307e-06
2365503.0800821362063 6696 3.1306893157386612714 0.035978475862745190605 0.034690416848732662236 3.6370920249610669828 3.0596924433850851699 0.97195765362935060416 0.94253077790440020767 0.91342245910116182106 1.99866e-09 4.55439e-06
2365503.0800821362063 6544 2.5666365584143870926 0.17607190449693091439 0.0037489584783555809921 0.12502552724373819371 1.2001183276551139478 3.5929503302785015251 3.6770223511308057773 3.7668561115595151634 5.46975e-09 6.37049e-06
2365503.0800821362063 5178 1.9303895722656874145 0.10889716880539072885 0.008644828626540961708 5.7584700555043664139 1.0566962387431444448 0.96945165286426349116 0.88214458260937178569 0.79806469430807325249 2.72147e-09 5.04798e-06
2365503.0800821362063 5275 2.9360531860568355178 0.032107822154825334249 0.025807640583423586966 5.6176999208776035033 4.0076063487887099157 5.7517335872318016143 5.767786977531107695 5.7836123282207321239 2.38926e-09 4.83361e-06
2365503.0800821362063 5437 2.2423954167638582291 0.088185069633991697291 0.019794168230961133037 0.6505758839347789424 5.9402008247352178216 2.5105475376849835101 2.4565026706396779765 2.4007042121560302483 4.54448e-09 5.98887e-06
2365503.0800821362063 1517 0.89738358487930025564 0.050428989498483074716 0.054319934986940321409 0.73006794941123920317 5.8838919261070996569 5.0066867276941930953 5.0546182629034568379 5.1021228191530925145 2.17631e-09 4.68551e-06
2365503.0800821362063 1518 1.2626619197459534316 0.027947394085497876542 0.056644907761131929602 5.4518533564741140651 2.1410392249742424831 6.0859430368706410874 6.0913467669051311049 6.0966753296643769744 7.51012e-09 7.08053e-06
2365503.0800821362063 4296 1.5479215486851045647 0.085662433791809614037 0.038181952155770068624 1.4649013108097015401 1.0690927750555483389 6.1641916773285929665 6.1739632331048657221 6.1833008704250111975 2.40121e-09 4.84165e-06
2365503.0800821362063 6457 2.0974005665787394115 0.076736410425432166615 0.019504586831559728166 5.3876845768044798746 1.044104437501012228 2.6673337037674604844 2.6309998578440687567 2.593499194560943355 7.63173e-09 7.11854e-06
2365503.0800821362063 4406 1.4023834449445886641 0.056764259838623105925 0.042954022350895258719 4.2255757448052087 0.59376406169489870379 2.6020378066999860778 2.5721246032800646475 2.5415182155961342225 2.6382e-09 4.99596e-06
2365503.0800821362063 2187 1.5214877623761244863 0.028203854298471015688 0.031262546489658898929 6.2261558254088997799 4.7413014306440439682 4.5253448397764657329 4.5531333823329704913 4.5809803339643124787 1.33321e-09 3.97939e-06
2365503.0800821362063 3666 1.1303278757603139049 0.062159162837928667866 0.044486828147466697669 2.195784013955495162 5.9089268715261615839 2.8672748858940551031 2.8499003960238442623 2.8320250735830638789 5.30789e-09 6.30702e-06
2365503.0800821362063 6371 2.8199871431977010516 0.13012239683072432395 0.033247072290649784532 1.1569782876103309466 4.6094627367371643345 2.2498510458107654486 2.1439094806686509465 2.0345784385079332957 2.27708e-09 4.75674e-06
2365503.0800821362063 5204 1.4182349880590787716 0.049897779550296880724 0.039762604422424664696 2.6029218097657578213 0.74607511696525463663 1.8295096726061768067 1.7809417243175533763 1.7321416662365050065 2.66821e-09 5.01484e-06
2365503.0800821362063 6035 1.9597267679774179605 0.14918215099568202242 0.028890665632826960374 5.2446837674098167881 0.49193538859143354225 2.2077261412580360123 2.081655633431484187 1.951520359582602504 5.24599e-09 6.2824e-06
2365503.0800821362063 6517 2.2799216638050401329 0.055230829578465479024 0.017768326939581986085 2.0173607674327018735 3.5482011653475269419 2.2855206433864116988 2.2430106700473810832 2.1997956018675313139 2.93632e-09 5.17747e-06
2365503.0800821362063 2768 0.97123973022727749793 0.0099060343487805124774 0.0062837267255924653467 2.7383950175027642615 3.1572925008334995489 4.9607152422919540413 4.9703058969480213847 4.9798842733738410971 2.41472e-07 2.2515e-05
2365503.0800821362063 6968 1.8793044138451566738 0.16123852497324700495 0.010140725190160458299 6.0756132590636777735 6.0640254484520381695 3.5594719343430667458 3.6305835670581565466 3.706322993717697134 2.30371e-09 4.77521e-06
2365503.0800821362063 5233 1.2739743139106862735 0.052174150406395419788 0.047651673298164214099 6.1481520477533484481 3.5903318935976762383 6.0809803582565855606 6.0912040825510924691 6.1011591240506701794 2.55146e-09 4.9406e-06
2365503.0800821362063 5569 2.2518208450107444207 0.094839070689388543789 0.027886668265543548828 0.69567093734256413295 0.34402874307011027666 0.77689465868441609508 0.71246252273719468118 0.65046629087852503304 2.77052e-09 5.07813e-06
2365503.0800821362063 6253 2.1627816847455441085 0.090292755958507997516 0.0075878416098112081573 6.2144006075946931489 1.0192617830641879095 0.55327546434222607541 0.50750172115744496271 0.46361986012773792609 2.8791e-09 5.14362e-06
2365503.0800821362063 5002 2.0511986833776076899 0.12080060729223322802 0.0077779475058033162305 1.1742557046015331679 5.8639597900583169121 0.71319944421491621167 0.6373880888405869527 0.56549984025962862777 2.79003e-09 5.09002e-06
2365503.0800821362063 6593 1.5886271817301864662 0.10802107122671959771 0.038343507949349854569 0.35642812986473371151 3.7167566120398087826 4.1716430732740850118 4.2671156544507304886 4.3646039125338598197 8.17483e-09 7.28355e-06
2365503.0800821362063 5823 2.0609122227746854428 0.086061640526578053745 0.029269277042075769746 1.0791660225678920693 4.9778934083259942511 6.1477774637712796491 6.1589399583957753492 6.1696052276466453179 2.51087e-09 4.91426e-06
2365503.0800821362063 6287 2.503849911051200916 0.055076139071728959229 0.014900351266162520023 2.0825213360973813259 5.6735176852681821202 2.1964519808376485877 2.1510494021612815985 2.1049879089860161763 2.0584e-09 4.59932e-06
2365503.0800821362063 5405 3.1902391723408189961 0.06392704744867100386 0.062045188700000294957 1.9450133477922144642 3.2546076411738105172 3.8311170828086216211 3.872851584682412529 3.9155425291303211921 2.93677e-09 5.17774e-06
2365503.0800821362063 1538 1.0960900404791975582 0.041552599163648583358 0.054965350985767866265 1.7962699814120370867 3.7689682122236676243 3.7619104066034867451 3.7864895953825095098 3.8114675309692360727 4.57389e-09 6.00176e-06
2365503.0800821362063 5503 2.2925292828312349158 0.1172080699213901428 0.037741965162649292187 0.48561273604543231386 5.597071377561420924 3.3403388940676181917 3.3649798878315162476 3.3909454554830205097 2.63499e-09 4.99394e-06
2365503.0800821362063 5323 2.8028493016137434601 0.039272488560795633383 0.015532572132762371975 2.5333546178793739934 3.8630182843390263869 5.9194393517523007375 5.9331648154597136369 5.9466320216480701433 2.25995e-09 4.74478e-06
2365503.0800821362063 5383 1.197480291489566806 0.071137771168865937543 0.041704181399270102981 2.8578592562985298819 0.66272542452567817506 2.9441115317179806787 2.9296311592691530734 2.9146653443827199581 1.70951e-09 4.32322e-06
2365503.0800821362063 6764 3.2874248244009973696 0.0136318360064499218 0.060944389655750094703 3.6249234133714312023 5.4291481382338995232 0.31901229589150820187 0.31476426138575647196 0.3105439496070352412 2.4069e-09 4.84547e-06
2365503.0800821362063 2498 1.0872666498381948763 0.037256085019788422186 0.015819595996713956693 1.2679531978297806649 2.7523512291280627373 4.8791237151929873761 4.9157584792353796743 4.9522467759313153479 3.65469e-09 5.5693e-06
2365503.0800821362063 6580 2.1011843412149207033 0.092843338248860915463 0.010788609712867189977 3.9822455620180967628 2.9724108011635248516 2.4566896839992988788 2.3956490231335845209 2.3326394841408983893 7.44265e-09 7.05926e-06
2365503.0800821362063 6406 1.2809435629793402001 0.056951894066497865676 0.051193542409286765804 5.3019583289771130552 2.7660117029310358205 0.5515992546133932084 0.52243927264474954164 0.4940205334986509933 1.80226e-09 4.40003e-06
2365503.0800821362063 6158 1.1751020009218886564 0.031879086565673057929 0.067302972416313153192 4.7121377546645240031 2.8901816839227003619 3.8468976580304805601 3.8678223064420298449 3.8889917839679437606 7.65078e-09 7.12446e-06
2365503.0800821362063 6176 2.5328633659428971825 0.071281082309000334818 0.034850999758621506452 1.2329000448487050789 2.7689432254126580268 0.023953104264954973995 0.022302574373064171925 0.020712954521886525749 2.15802e-09 4.67235e-06
2365503.0800821362063 6172 1.818547230412414617 0.26434107704432924235 0.0032175182937652915469 2.2137282458474674129 3.7091836132746944799 1.8812304371848016515 1.6155552406715603109 1.35147890464430942 2.1751e-09 4.68464e-06
2365503.0800821362063 6463 2.4652536290691080545 0.098795992629019058207 0.010847040382385871732 1.0972318248104737659 5.2631173113265452557 5.2730854986032440479 5.3547620739552526103 5.4338656837905370267 2.40859e-09 4.8466e-06
2365503.0800821362063 5250 2.0237448736420371453 0.089171073204160358761 0.015031639676209981524 3.0743581719316059875 3.8981626849847414995 3.3492400921620837373 3.3685015961984690058 3.3885621254509996625 2.35168e-09 4.80813e-06
2365503.0800821362063 5245 1.6599333113233323278 0.17379743385937906908 0.022893390878988926357 2.9727417541533860401 4.8198576082216604277 1.9216339520404919217 1.7524734436058648779 1.5815363582179768898 2.53784e-09 4.93179e-06
2365503.0800821362063 6252 2.7360538191019028176 0.048525126770973772694 0.01359207638048101803 1.4908506745114387115 0.7762013825946848522 5.6930614564593682303 5.7195440942991728761 5.7454695024616366794 2.48365e-09 4.89644e-06
2365503.0800821362063 5554 1.7450283717046308762 0.17109226532279031563 0.027179538953129057932 6.1365438212314566968 2.7394872124134503899 5.8181349217367532844 5.8898749726523158543 5.9554457556641748894 2.66119e-09 5.01044e-06
2365503.0800821362063 5865 1.8352783334948734595 0.10620060312644349909 0.0086891690107886235261 0.33399899390876336414 4.4803010594905137154 4.828699472546995608 4.9337352916171273165 5.0373448931402400319 2.42669e-09 4.85872e-06
2365503.0800821362063 5424 3.0311326634249784462 0.06955595247027605843 0.01783792947115147437 5.4131844333911534051 0.79157048074550750982 4.7488356556959683274 4.8183135413332331964 4.8874796491812366739 1.80053e-09 4.39863e-06
2365503.0800821362063 5277 2.1032874774392111838 0.077544371076178134072 0.032438096625843501619 0.81826305824222778096 6.2605015641536319038 4.5343829311655339254 4.6113082928216737599 4.6884568538188604592 3.07432e-09 5.25735e-06
2365503.0800821362063 6864 1.9851526914011938807 0.0504267580799400289 0.016788384295358359244 4.2538923923627089962 2.0555956931110106467 4.887093770932222192 4.9365574910815368526 4.9857225353986827088 2.50983e-09 4.91358e-06
2365503.0800821362063 6645 1.5138211584842999891 0.018498112708632889062 0.045665187050072761354 2.000260042426948992 5.4453902872058979057 3.2192868598948005676 3.2207360979869172901 3.2221985744764713999 2.03845e-09 4.58441e-06
2365503.0800821362063 4541 1.2562302508874176876 0.077515597855953036199 0.042778002555279068253 5.6888992149930590614 0.9818873804393035698 2.3526451886136032776 2.2960224173455707763 2.2380136604493556796 2.63102e-09 4.99143e-06
2365503.0800821362063 5830 2.2675149061658159688 0.064641122145783908026 0.021499647950465109597 4.5901141024036675731 1.3627935885097264279 4.4345646312957498481 4.4973286405042109948 4.5604806586723904971 2.51554e-09 4.91731e-06
2365503.0800821362063 5001 0.85489007737781919083 0.011614030952547236414 0.04297479192832996675 6.1267909028308062958 1.7538917131364453184 3.1156802342200622391 3.1153775529674954115 3.1150731248490051151 2.77382e-08 1.09448e-05
2365503.0800821362063 5853 3.1324001407926034268 0.025157385216541400252 0.05544271504641762327 0.44563718186285472544 0.40184651976883450919 0.67435882818148507045 0.65880135375803849929 0.64340077006690876704 2.34516e-09 4.80368e-06
2365503.0800821362063 5661 2.6371619318417010014 0.032789680782366117939 0.021379102412294653801 1.4910818197169517507 5.5816936627892017597 2.416902913544155318 2.3948912989691071296 2.3726198436619960752 3.01386e-09 5.22265e-06
2365503.0800821362063 6129 2.1019020461985085113 0.013450322819644014785 0.018711722113284888491 1.4343573164312841683 3.6527812163922215305 1.4396258518446807262 1.4263023884412171505 1.4129922327640211943 4.98943e-09 6.17827e-06
2365503.0800821362063 6678 2.8133443727795581779 0.012312104485259281472 0.050910900725806534917 0.60269825667691623305 1.5391818853809573486 1.8530396093363696863 1.8411940367259556073 1.8293292957779405672 2.0813e-09 4.61631e-06
2365503.0800821362063 3312 1.1780511363579830864 0.053091571003667702155 0.029593094128976815682 5.5430534815193546194 3.8869116403365087109 4.9111695019842489529 4.9629689519814581544 5.0144024079993831933 2.44733e-09 4.87245e-06
2365503.0800821362063 6878 2.3439207261937085036 0.024320437892320016793 0.0037446303509797982702 5.5526005582215480771 0.48053170071856682322 6.1996444018218808125 6.2016497857928145621 6.2036305689519313233 2.16622e-09 4.67826e-06
2365503.0800821362063 5432 1.8519047781851452061 0.18534833709804268698 0.015150396281352555838 5.4051902119821200188 0.10152204959367769344 2.1022719278148893629 1.9334799150675594515 1.760188840235332064 4.07102e-09 5.77322e-06
2365503.0800821362063 5740 2.1676366909202062772 0.077382152463777359452 0.028471572830161696877 6.0871232019018890469 6.2823633525180921922 3.0727876320554505796 3.0672453252727716055 3.0614974676324617775 3.09097e-09 5.26682e-06
2365503.0800821362063 5737 2.0379581057641318331 0.17090205227609003846 0.0059656911257397610138 4.9080328199687555113 2.6288662458821763224 1.9792532812296488309 1.8160178745653821064 1.6502286027093469034 3.30498e-09 5.38567e-06
2365503.0800821362063 5838 2.294218227435976587 0.076466106333913985704 0.0075803905341827468659 5.1448083546107366004 2.0540544546957870686 5.6098171115639852147 5.656176835127308955 5.7010414028383635809 3.16792e-09 5.31017e-06
2365503.0800821362063 5371 1.5343114508232200688 0.050281541885906388956 0.028978334635676901432 2.5508708004554692117 0.065896033399734182945 6.2700179877089192715 6.2706642053836212369 6.2712937692374390863 2.54912e-09 4.93909e-06
2365503.0800821362063 6742 2.3592417089481099168 0.023758998685906154713 0.016006430366614449179 5.5196979760831199613 1.4756527768598148853 3.6693923709693745394 3.6814838579929647366 3.6936969972014899177 2.27046e-09 4.75213e-06
2365503.0800821362063 5129 2.9411733085812579169 0.039401665537855651289 0.010901746393263930454 5.7253573162430582144 5.6867690631658405209 1.0532273617976328772 1.0193070931623653408 0.98574691470967334972 2.0273e-09 4.57604e-06
2365503.0800821362063 6032 2.7609657344609654928 0.1503573475392479819 0.0061279949088316864464 1.2609994543186815452 0.69742580264816045332 1.8831440755803985354 1.7360865484275918025 1.5877784746713374808 1.92554e-09 4.49815e-06
2365503.0800821362063 6658 2.8109557979448571707 0.042300262960584027183 0.0068155214175290648737 5.2640303184770305123 3.8772151175993387895 2.0104723943708466827 1.9718349647549389125 1.9328909724798355452 2.90725e-09 5.16033e-06
2365503.0800821362063 6549 2.3550436387244921832 0.047403561432138460741 0.02212973723847532978 5.1995959453562372587 0.77006008925859403824 1.0908661522593758875 1.0492559461003916343 1.0081545570499945708 1.46034e-09 4.10206e-06
2365503.0800821362063 6714 1.4961664336936522091 0.058842612487349087169 0.021777535064478603655 1.7452737725552716075 4.9272535111525010976 0.82431463933909943087 0.78193573486770684422 0.74047203843601272499 2.25935e-09 4.74436e-06
2365503.0800821362063 6064 2.9871918433381927649 0.12565218169565248174 0.032831075508926700623 5.0033954591350857655 0.38515887042583002442 3.6813123764640058866 3.7498231377631330297 3.8216228279188819705 2.5296e-09 4.92645e-06
2365503.0800821362063 6392 2.9829052216495282046 0.095154476645839355942 0.092781728221531786782 0.040811122054493484401 5.9802278122959595663 0.89645322695647222666 0.82414284421663508429 0.75430270470120408532 2.75286e-09 5.06732e-06
2365503.0800821362063 5197 2.3929710512012603019 0.085164381411164891134 0.032817467495627097862 0.0015868472493805985905 0.35985484244377891061 2.184940326947860445 2.1134846966339781993 2.0405564443372616878 2.18103e-09 4.6889e-06
2365503.0800821362063 6131 1.6268816575184257278 0.055044333955224587773 0.011439185461982552192 2.5076530715299809593 0.41877084736994729663 4.6328963244016598821 4.6879149431854960639 4.7429427927773541995 4.51605e-09 5.97635e-06
2365503.0800821362063 5133 3.4482617378249287299 0.091828144093521524294 0.068416865834073678498 5.6053234075741142917 4.9622579078746316128 1.5569874244131409746 1.465096787813084056 1.3737811363415655119 2.06693e-09 4.60566e-06
2365503.0800821362063 6687 2.8108502526170049407 0.018265853354803660707 0.041720274379480566662 2.8870962221468530196 1.1916637627577104652 0.50828100168035983408 0.49946113412882320315 0.49071265672625768994 2.12043e-09 4.64506e-06
2365503.0800821362063 6956 3.4776393562371072932 0.075280360984755906317 0.083363800938657320327 4.752980954041307271 3.4740211103196907416 6.1710155979090384193 6.1791493399128691877 6.1869670847185975759 2.20649e-09 4.70707e-06
2365503.0800821362063 5049 2.4737487850959181124 0.19815363209332634287 0.079068510079666601276 2.7704286287982919923 3.6988046985287748036 6.1710985506467475048 6.1914589812309728245 6.2096094087711675158 2.86842e-09 5.13726e-06
2365503.0800821362063 5230 4.0516564751132335687 0.063312964450805780947 0.063915664051490267417 3.3139051010483862036 2.6942429625641031166 2.0431999046348190419 1.9859545317122828667 1.9280198438901194891 2.73809e-09 5.05824e-06
2365503.0800821362063 1588 1.4161301191595596638 0.062388002496121461316 0.051736155433712044394 3.2275771187258959216 4.387009690330547329 3.0908062345610463062 3.0875340065502006048 3.0841630379549234142 2.82908e-09 5.11366e-06
2365503.0800821362063 6001 1.9479026647049249021 0.12084108809962131048 0.022190045352529708805 5.5917123479229742244 0.75618920488436813798 1.5679994300538659946 1.4468832591572065027 1.3269687087290649163 1.89847e-09 4.47697e-06
2365503.0800821362063 5693 1.0508250400612990649 0.082954961960033060664 0.050938198713902101133 3.1249920301462399408 0.28855941085196529228 0.72317929365084587801 0.66986115554756286983 0.61835631504135180059 5.43449e-09 6.35677e-06
2365503.0800821362063 5446 2.2565070583823771955 0.088774390579251571953 0.020028273339050065016 4.4507972794718373422 2.288317806941341459 2.362400671272387509 2.2978749844205390573 2.2315499172726687149 2.66543e-09 5.01309e-06
2365503.0800821362063 6395 1.4978521070374306579 0.089115633733502799818 0.018680055921432913574 3.5132331897305113522 0.91849436753372448727 1.5537855723580149547 1.4646320715400216184 1.3760181707243543947 2.27089e-09 4.75243e-06
2365503.0800821362063 6164 2.8409349783458033301 0.038769070447994102846 0.0051062975299376043084 4.1546458258728904411 3.9236249387808470601 5.8602357543411951468 5.8758776548322337874 5.8912355831532661199 2.69882e-09 5.03394e-06
2365503.0800821362063 6403 1.8027270390249734433 0.18049144763386790191 0.023735641848143158167 3.4574283562970449246 1.2437021782188870667 4.6893929580045234928 4.871209646069992516 5.04942951610389823 2.19336e-09 4.69772e-06
2365503.0800821362063 5386 1.9153175411178327003 0.14877006677493737064 0.013686526746166860144 5.9814405215101205116 0.61542191856036543296 3.2527590637074292879 3.2706879830823440969 3.2898402030375479832 2.3788e-09 4.82654e-06
2365503.0800821362063 6912 1.6325158522369171976 0.22068774722742812155 0.015412803826171038793 0.72457284892356799144 1.3056419309635820536 4.746693030811439229 4.9682407948761442285 5.1817447318484095575 6.30499e-09 6.67951e-06
2365503.0800821362063 5922 1.4952849823516656258 0.046608523586778458081 0.04640312487065600261 3.5487300144480875552 4.321878595462130157 1.4725399946546129382 1.4262452400729783708 1.3801228121251798431 2.13021e-09 4.65219e-06
2365503.0800821362063 6342 1.943076848811467805 0.1045504186746354508 0.026373209011252514433 0.62129206950170623447 5.9013258313147067824 2.0465771418540938953 1.9511630720539008266 1.8540850244662254731 1.00298e-08 7.79737e-06
2365503.0800821362063 6454 1.9131164338656914126 0.10408036779736645761 0.032296381693181559769 3.0939254041768333714 3.0651086027596670114 2.2524886845925768952 2.1687432345528296906 2.0827215247984676161 2.21205e-09 4.71102e-06
2365503.0800821362063 5152 1.5999002374463175968 0.11122352934667253943 0.022251411065755361679 6.000804619954129393 1.4167521178157564954 0.55685000943601015155 0.5005648742953793251 0.4471863461890200897 2.74125e-09 5.06018e-06
2365503.0800821362063 3799 1.0626678950107382171 0.11074023426069432019 0.048579622951910657325 6.2289818457000825092 3.3136838809711552933 0.8994613320146020996 0.81543913361284448005 0.73481728450298633426 1.93248e-08 9.70262e-06
2365503.0800821362063 5538 2.1708389836628541048 0.053540060199229223825 0.014199799859444443492 6.1887718958728727969 0.27711002778348758913 2.3006031020120278896 2.259950280699507541 2.2186289039568856118 2.97954e-09 5.20275e-06
2365503.0800821362063 1603 0.74460234184411400182 0.039213167176170994621 0.008590744819813386432 5.428692804025254226 3.1324869123245497882 3.9262016493091276281 3.9543065924521569876 3.9827814597164157284 2.48079e-09 4.89455e-06
2365503.0800821362063 6607 1.2754428441527694282 0.067716643217689123646 0.075568436204538513845 3.7528202558596466254 6.1403044124238235213 2.4094118352824520635 2.36292801410989739 2.3153686202008283423 4.38904e-09 5.91979e-06
2365503.0800821362063 5063 3.4923993647489606218 0.054842962160154315465 0.046575166994792430164 2.466795592751665378 3.9451831989302341697 3.8782177213283373085 3.9158491191791036101 3.954194478421058534 2.23728e-09 4.72886e-06
2365503.0800821362063 5319 2.1947102045645934254 0.053463929755425930457 0.010847689669759222678 5.0629478286379736574 2.06580388462740272 4.0933101244923495443 4.1375628567593221163 4.1824344299393469981 2.47234e-09 4.889e-06
2365503.0800821362063 5845 1.7652746374466548041 0.24054755765531421474 0.016506497321571503983 1.4801949784341399408 3.5246238208441771356 0.94549836167581691182 0.7612814645503170885 0.59533979664461766923 1.71925e-09 4.33141e-06
2365503.0800821362063 2789 1.2179114976136431459 0.025051179174156675 0.035417104537690292931 3.2480797875562350541 5.821779286265551967 2.5865384115136751397 2.5731927408300578897 2.5597080857995972991 1.66992e-09 4.28959e-06
2365503.0800821362063 5453 1.7082248234251540264 0.130291935816533061 0.010695475722910612743 2.8317931637890572105 5.4350388498321500208 3.9644862735824273337 4.0647972960284066701 4.1687101921094296131 3.03837e-09 5.23677e-06
2365503.0800821362063 5187 2.1158962957765115043 0.095608531644250066561 0.019594567542682708033 1.4297027476197883278 4.2602450906642879147 2.3000912884940856173 2.226314587747530549 2.1505226339428333837 2.49027e-09 4.90078e-06
2365503.0800821362063 6982 1.5426604672016326347 0.04991067008353614054 0.021312103266910638333 3.215789497286523968 4.4816305042214548138 5.5426256714389303681 5.5757086335259984367 5.6081464815651855815 3.77646e-09 5.63047e-06
2365503.0800821362063 6863 3.142399941362986393 0.057786941444621216235 0.046183866399156919824 3.0747253653918900085 6.0720768508537750208 0.64581448160061982744 0.61179537131347105916 0.57860612866411931243 2.72515e-09 5.05026e-06
2365503.0800821362063 6739 3.1826046680450339466 0.049708973769934980402 0.053440004043685020163 1.7226244917811326385 1.8276517833489016596 2.6228332483464220637 2.5976290888913076138 2.571903127735378547 1.84353e-09 4.43337e-06
2365503.0800821362063 6831 1.8261821483443871905 0.20596380913673273394 0.0037555824943409808411 1.4936369624618524021 4.3366840547197504918 6.1046226986934986058 6.1381620926789066672 6.1679270350565706948 2.2734e-09 4.75418e-06
2365503.0800821362063 1615 1.3691191378184661698 0.083884527758306792755 0.043465371586241807744 2.6360416337785328444 3.2500075684908527052 2.6533184461444250246 2.6123851549311214448 2.5700361008557024434 5.51122e-09 6.38655e-06
2365503.0800821362063 5951 2.5542282040677068977 0.060834108773631184741 0.012703572006676468187 1.5315558378162437148 4.2864129980850860235 4.1618043207066257594 4.214524073529095638 4.2679731757239709466 2.35542e-09 4.81068e-06
2365503.0800821362063 2182 1.3056780081526038195 0.047578809845377927068 0.038012028014210420823 2.1034991251222683317 5.026037662333174616 2.4211776700797380535 2.3892030001105060144 2.3566883411094528 1.98345e-09 4.5428e-06
2365503.0800821362063 5251 1.8673342417785963043 0.12978939606169226373 0.028692902090509963403 3.311726688481915204 2.0628694169405012993 4.1116556935960835162 4.223173017270102747 4.33773832164874662 2.36533e-09 4.81741e-06
2365503.0800821362063 6255 3.2490211942669233736 0.054707583195503763085 0.051741332006969294188 5.6857318020025271466 1.0277029948739266896 4.127343892471630582 4.1736793721305680549 4.2206387971236924983 2.45838e-09 4.87977e-06
2365503.0800821362063 6488 3.2038215508432590362 0.045379288008257551157 0.022279541624887783807 4.1001946404298905691 4.8783269913445845845 0.22788043112463271522 0.21784537087549940559 0.20803770776695110212 2.73142e-09 5.05413e-06
2365503.0800821362063 6251 2.4648243561056686346 0.032973017801272451466 0.0072610336556547519157 5.064001604038267601 0.54280993908916086443 1.3769558854446608542 1.344696879209925422 1.3125630832648789159 2.74156e-09 5.06038e-06
2365503.0800821362063 5034 2.8360758030233124138 0.10804522755464013306 0.0093369270617327769501 1.6906662499586855297 2.8167959487071314584 2.3302854000510371257 2.2487023037057221053 2.1645472027482339783 2.20492e-09 4.70595e-06
2365503.0800821362063 6236 3.2253197695815618573 0.096010154618920054426 0.076693459157964244399 3.2414894086847176879 3.0478714825649295683 0.44837659200828194894 0.40839853280722110407 0.37026905246058422483 2.68304e-09 5.02411e-06
2365503.0800821362063 6895 2.2409443486038593818 0.021984164455253144693 0.009908900955753564832 3.6668114862091063522 1.661403234231391135 5.2378823969438981223 5.2567977995370904765 5.2756037929236265782 2.5437e-09 4.93558e-06
2365503.0800821362063 5974 1.0032568252389884034 0.0777263366632501701 0.070825620162567715088 6.1463405047728301156 5.7662295201826969659 1.6894109496079088295 1.6117951498995721771 1.5341341293218964115 1.10219e-09 3.73481e-06
2365503.0800821362063 5601 1.5265744321233516434 0.069839407653450050195 0.01410644992798097859 6.1938916031271178397 2.8149540888952220286 0.28380186033676230162 0.26485878967281473173 0.24657671949489898267 1.82918e-09 4.42183e-06
2365503.0800821362063 6877 2.5089818422617375937 0.069686745510848593921 0.02185146198865270048 3.669705720485483269 2.9158447024837648165 0.1633306356817861571 0.1523630379743841079 0.14178638676170365884 1.73901e-09 4.34795e-06
2365503.0800821362063 5469 1.6131632333799958978 0.20554908928683421343 0.011294829068504281394 2.7204477519505898542 0.23331473808148855964 3.57026615870732833 3.6655667171406371985 3.7684080598285851771 2.51139e-09 4.9146e-06
2365503.0800821362063 5840 1.8165628336902004403 0.19625226834257136765 0.012641485256173701224 4.8039975560078529426 0.19056395418790450513 1.9753738515222463157 1.7863643059362925847 1.5946542846208322519 2.16663e-09 4.67856e-06
2365503.0800821362063 5438 1.4070567432285223664 0.0081330846528763090647 0.041400310067970895467 4.3083431398780316357 2.2306701430311974832 3.8958280036325403373 3.9014136155042438148 3.907015616389871937 2.41055e-09 4.84792e-06
2365503.0800821362063 2210 0.97389434668265295603 0.040787356274543482004 0.074698189102686191054 1.0118777104627778574 5.9393429774657295894 5.1236184686741301775 5.1607141245483392211 5.1974706435676480965 2.32384e-09 4.78908e-06
2365503.0800821362063 5018 1.8129300807079988811 0.18982008681639661596 0.030167343487070962665 1.4219784955176735242 3.5530253546062322556 5.0613603211555258099 5.2352274888116028251 5.3996886156175261107 1.65949e-09 4.28064e-06
2365503.0800821362063 1633 1.2973467896755199735 0.056151329426449625437 0.046149493077831997556 2.9496498066060778953 0.0096948874749015461622 2.7052240922570400805 2.6808535163220912345 2.6558880573816026072 3.34007e-09 5.40466e-06
2365503.0800821362063 5119 2.130190534208507902 0.099828058100032923683 0.014186518325655534181 0.74537899666843177027 5.9989637139138718425 1.2625277176886000596 1.168662462566420146 1.0767978951259189468 3.36748e-09 5.41941e-06
2365503.0800821362063 5410 2.0424350438907645788 0.092528591640383170414 0.017077040303067055754 3.2219711542876092736 3.587498313694593044 5.8427302443978268442 5.8806688773490902733 5.9169155552248291485 2.70077e-09 5.03515e-06
2365503.0800821362063 2730 1.0365923412972541939 0.068515459042436707704 0.044325206739230980924 1.4165389619652317688 2.2809270929286356022 0.58360373059641390547 0.54686079441555890401 0.51123217962537359504 2.59908e-09 4.97115e-06
2365503.0800821362063 5965 2.3151639673935568986 0.050024179196966292449 0.035539679094212892063 5.2736833213781908469 0.75281994721749601052 2.6779537948991434249 2.6550571020408098022 2.6316674830006587804 2.63265e-09 4.99246e-06
2365503.0800821362063 5361 1.7989538119177299613 0.23600282018038676313 0.013208091332365716475 1.5625726002395587955 3.6811135828174723628 5.6513237204059434404 5.7800838597986849976 5.8938714406176604399 3.09083e-09 5.26674e-06
2365503.0800821362063 1639 1.2010859981454176104 0.02548876550128477067 0.023957526940526680664 2.9851056806735098981 2.0410676544781973796 4.3628472162193379091 4.3869024121163704422 4.4110528963245867473 7.66695e-09 7.12948e-06
2365503.0800821362063 5898 3.1616164242790798511 0.037473821164552161 0.042425183735226475179 0.66487608540176379446 3.660633501697768466 3.4004270938304324012 3.4101990200909555462 3.420144123842232986 2.49608e-09 4.9046e-06
2365503.0800821362063 1641 0.95366916246415978087 0.080828435725861277894 0.050408573226741776319 5.0414457314272453914 2.1206766555661302753 0.9707877668770041879 0.90548465323163329632 0.84189494853944113473 1.76057e-09 4.36584e-06
2365503.0800821362063 1642 1.6473180359833361486 0.12340792269912490009 0.020003028556548715922 2.0711465622663309816 5.8002633038313788916 1.6706431906346295158 1.5467716276611009896 1.4233993179220150171 1.26427e-08 8.42294e-06
2365503.0800821362063 5175 2.6973742324949951943 0.016352962694816716716 0.033174744157953212076 6.2137533582145145772 4.936254057124580541 4.8305762302105463846 4.8468002017176452512 4.8630056672849351074 2.10679e-09 4.63508e-06
2365503.0800821362063 5925 2.7724491487289477654 0.0067688709928942483382 0.011221400385057631044 6.1938753108364377198 4.4424266829399403633 4.4708510550166735698 4.4774288108269022501 4.4840116977130284326 2.69122e-09 5.02921e-06
2365503.0800821362063 5527 1.5943876795873765939 0.1003932720226179548 0.035450373318363551101 4.8582984734276823957 0.86745760774364966128 0.072330667064993262039 0.065404766274475306664 0.058843248243635411232 2.37258e-09 4.82233e-06
2365503.0800821362063 6699 2.3839758363496885707 0.068376918589961435679 0.03186924093123658791 0.52071489394354986135 6.1253684283516651732 0.33082914118086176325 0.30929054423074409108 0.28847777800887264288 2.23085e-09 4.72433e-06
2365503.0800821362063 5384 2.5296673907184841212 0.035571574097027283679 0.02414992623960399501 3.1645917981046873813 0.19868235556262237029 6.0792811921629557048 6.0863630891644167065 6.0933192490307828137 2.23341e-09 4.72614e-06
2365503.0800821362063 1648 1.452158780334397159 0.10118541655845612881 0.02325260991069488109 2.3102268483887358208 1.3093614587974549135 5.3039868958693050516 5.3858298556320765016 5.4649245018682197639 5.36187e-09 6.32833e-06
2365503.0800821362063 6332 1.8951287726786412158 0.14625464376792782217 0.02580351272218909392 6.0126015587606689294 5.9761451429414780279 5.2784785446052646662 5.3977356504667515225 5.510965947664761444 2.19525e-09 4.69907e-06
2365503.0800821362063 6286 2.2351077901535179038 0.095519415983497696354 0.033740555568968086386 2.29187837638216374 3.1269814177631669594 2.5880306837146513921 2.5355746104721967882 2.4811668348050939237 2.66284e-09 5.01147e-06
2365503.0800821362063 3887 1.2362420262209181665 0.037635476988983111724 0.031149218918873809725 0.49871422662777692425 1.8423030418456334267 0.32161501813283871476 0.30992320114605820258 0.29844492647604148328 1.87053e-08 9.5978e-06
2365503.0800821362063 1652 1.284352209054417937 0.057687871661609560481 0.015250354735460259353 1.1885520355252692237 0.96658698405849519109 2.0041682889250131971 1.9511391746538679914 1.8975738276141134175 4.29056e-09 5.87519e-06
2365503.0800821362063 5362 1.4062116178120571686 0.062915660292431896394 0.053634547754937936248 5.4421519460695106929 5.1266862174298779564 2.0932785611932502867 2.0378457512910936877 1.9816683154025933611 1.49782e-09 4.13686e-06
2365503.0800821362063 4740 1.3095795280844011454 0.075947864416148813671 0.014454544377224924634 1.895764292133082618 6.0940420795453391634 0.73107925471512946736 0.68170566502209795079 0.63384951917788567854 3.57914e-09 5.53065e-06
2365503.0800821362063 6738 2.809760898842828869 0.070506008599992980868 0.033410426417407719513 3.1399853404707549487 3.3340635475635185259 0.62225929574604221806 0.58226465526947912554 0.54349221456610263825 2.47786e-09 4.89263e-06
2365503.0800821362063 5882 2.2582343446657193731 0.095172243859594080062 0.021447124907115071996 6.2638717034957140939 0.21626024747975769458 1.7423359914728950848 1.647646594972125289 1.5527552547307894582 2.28049e-09 4.75912e-06
2365503.0800821362063 6763 1.1926549497296592417 0.086213095715986676204 0.0074197239857353922132 2.7492161048644807586 1.8966987790418532445 2.7742470427926200216 2.7419267849268247339 2.708380358522126663 2.58565e-09 4.96257e-06
2365503.0800821362063 5112 1.3556793793166566076 0.058339889879881950963 0.036539613109111655775 2.5107551638453782239 4.165913273160970931 0.75448863649551900501 0.71533463722628631842 0.67707125001668577724 2.87656e-09 5.14211e-06
2365503.0800821362063 5180 1.212852958320517649 0.025293402434970937293 0.027030591430650695306 3.2456177153870191532 4.8662767735897558552 0.99192146947734594065 0.97089181641787603017 0.95001490690428036512 2.74689e-09 5.06365e-06
2365503.0800821362063 6003 0.94699735757900838085 0.0746155834346682173 0.075818703443422272303 4.478907948561184682 0.42140923447425143733 4.5896322843648515999 4.664096114073574384 4.7386247051504026828 1.68611e-09 4.30341e-06
2365503.0800821362063 3020 1.5115996215147962101 0.029122374588820928998 0.042287922337896952096 4.4154834330393537556 1.6850122828642395412 0.89856436578906517809 0.87597901560180302383 0.85360806130410182835 1.31015e-08 8.52361e-06
2365503.0800821362063 4859 1.5432453669008234787 0.090740975067342521942 0.034657526584968394168 0.56557100134406945724 2.6411257234885394674 5.4046399812828962439 5.4726376228048048134 5.5383944036664152222 4.26554e-09 5.86374e-06
2365503.0800821362063 6473 1.8648008520512817654 0.2878504255354817909 0.011316220520447973011 0.22295723704912004393 5.8010274675425943514 2.9721774534087219699 2.9142070009695322241 2.8493165211226725297 2.97483e-09 5.20001e-06
2365503.0800821362063 6758 2.7385007262553000551 0.027073116509429857174 0.031763647940187773877 5.1234957953450042112 1.308405747011888387 4.4429524610509396609 4.469146500503981656 4.495422641968216837 3.169e-09 5.31077e-06
2365503.0800821362063 6606 1.3572459504281708664 0.053202053832265533417 0.031653964140579124442 3.8546051941073358194 3.5399833651301402249 3.0252624446205120812 3.0189152125780513991 3.0124048792945243846 2.89957e-09 5.15578e-06
2365503.0800821362063 6108 3.2106784219654089796 0.14274822912155454846 0.045106471937728737087 3.6659923108498309041 2.9180978304681879365 0.15553189671544709327 0.13477737253375673965 0.11559633498020213671 3.24647e-09 5.3537e-06
2365503.0800821362063 6540 2.6884708283276737006 0.045437246188702616612 0.016638957660873796018 3.5469319271249402092 4.2114222122568811812 3.218602312316852565 3.2221808646669756193 3.2258386088729604779 2.54179e-09 4.93435e-06
2365503.0800821362063 6605 0.77382270046741197245 0.069138739427912238034 0.030849314416258398486 5.1919864315421655476 3.2589009317437738211 5.3898820307219086345 5.4426582518544703859 5.4941662536468909295 5.09825e-09 6.22287e-06
2365503.0800821362063 5695 2.3248484589354285745 0.028065352756312417215 0.0083176261522910025642 3.2861796394259861209 2.3201667278809061656 5.9252312152808723766 5.9349384077330320508 5.944515722455066431 2.70238e-09 5.03616e-06
2365503.0800821362063 6135 1.4908208166779730597 0.085714649699674669292 0.053681529037770320256 6.0373905093752426865 0.69738484246994081328 0.18257822027394299269 0.16761862786569942108 0.15331843907099723667 2.38172e-09 4.82852e-06
2365503.0800821362063 6971 1.7266359582998074274 0.059780133140906119293 0.024371198165925578999 2.5762964650776662978 4.9421995676343222215 3.7730498933411098506 3.80924106874923174 3.8462534030662167694 1.36317e-09 4.00898e-06
2365503.0800821362063 6657 2.1328398897427764958 0.1618415983816496595 0.012576826224152367825 1.4642821980714888497 0.29286646396489313116 4.0574541826048884374 4.1931970650596888106 4.3337112451779553624 7.19175e-09 6.97903e-06
2365503.0800821362063 1673 1.3831170126829619438 0.063070999704524108309 0.05907528470598077952 5.7519360271744890412 1.3626180456167857891 4.2036174821452245709 4.2596014527869296984 4.3163168589396967434 4.71659e-09 6.06354e-06
2365503.0800821362063 6024 2.758427745421974997 0.0066110857468016266669 0.020759278557132995052 0.92186394666599458247 5.9488038146410380236 2.6148379425517691566 2.6115047896034075947 2.6081621641655163835 2.86643e-09 5.13606e-06
2365503.0800821362063 5278 3.1775735372369480203 0.057947891355612908548 0.028668657919731031086 3.1187538051898004987 5.9535356522687976621 1.2044691743665461026 1.1508901484800204695 1.097976353102355862 3.13887e-09 5.29389e-06
2365503.0800821362063 6394 2.3727611739734602025 0.018320410405267984616 0.007261130177494279879 2.1550524916870794634 3.3247284899074203146 0.48819749120874827986 0.47967288446284905845 0.47121821656664919509 1.34783e-09 3.99388e-06
2365503.0800821362063 5173 2.4981534005949761479 0.28447905033807019404 0.019769262717576542576 0.085472066400040430656 2.4452557557794816212 3.9589422805989311627 4.1930980349078188496 4.4400745752073911277 2.28196e-09 4.76013e-06
2365503.0800821362063 5241 1.5560972785610269753 0.014519202631486437943 0.011732624810460926326 5.6483101861789313247 3.1841421957046560642 1.7337782209287180279 1.7194340221764385923 1.7050749120392441061 2.63706e-09 4.99525e-06
2365503.0800821362063 3807 1.1948908962093611752 0.043520986733592927076 0.01185738031621382492 4.6506136329554390585 1.2870937022354296264 5.7538747341931468782 5.7754542006459548276 5.7966139228146440487 2.20274e-09 4.7044e-06
2365503.0800821362063 5367 1.6295510020962746811 0.14354265714797637132 0.031029328712196997675 2.5497046135403560463 1.6650137979963526291 3.550581686116662361 3.6120113972300940119 3.6770734823257837931 2.85701e-09 5.13044e-06
2365503.0800821362063 5289 2.0772617205813910246 0.045461745125576311088 0.021697291401086764989 0.82990307070855673377 4.7159386302762849041 1.2516969131664246184 1.2088203509501094235 1.1663045763864905435 2.13423e-09 4.65511e-06
2365503.0800821362063 6099 3.1432115654324985776 0.058238488289298270817 0.022683331126104096936 2.4038900294759009135 4.7170408526028211327 0.65659250621364384504 0.62181860674679234613 0.58789385312552178142 2.8329e-09 5.11596e-06
2365503.0800821362063 2174 1.2439655358723991085 0.032904904153183325843 0.011233371849389817837 2.416253131990269587 4.6946429638309457033 0.058225523420359581728 0.056341141053901477864 0.054488221865166094893 2.03153e-09 4.57921e-06
2365503.0800821362063 5363 1.1871857326693839862 0.081912085580586865841 0.033342288932598225515 2.2683730936637576114 4.5409911041759496442 4.1897863896175699949 4.2623390379849670495 4.3360947586072207116 1.92803e-09 4.50009e-06
2365503.0800821362063 5516 2.694532016446092193 0.053184157005816419528 0.025003346111085063969 3.0856931758371701768 3.6800033440145027974 1.4406775496390449298 1.3880993426488072995 1.3358003149237314133 1.64805e-09 4.27078e-06
2365503.0800821362063 4963 1.5508104750915783221 0.087230195577214869607 0.039115538295825612314 2.8787696540745404405 5.7979050330172459127 3.8416667022430730505 3.8999046058854172081 3.9598925415272545614 2.1769e-09 4.68593e-06
2365503.0800821362063 6093 2.6110083035696201037 0.047473138648816734508 0.037346755868289754909 5.2598835111169570666 1.5956167445806406224 2.6997373529618964305 2.6789806700029670239 2.6577940223216702798 2.41603e-09 4.85159e-06
2365503.0800821362063 5098 3.1383348242588118282 0.024874523511021554012 0.0016990922461742627523 4.8828978524407062878 5.029178059885960117 5.1899242243707632838 5.2118929804178213416 5.2337283408395807172 1.90652e-09 4.4833e-06
2365503.0800821362063 5767 2.3863731754121744189 0.028325880113693271273 0.0037189739551444301116 2.0727695776781107639 6.1132911334144734994 1.4513219542126523098 1.423241613626877955 1.3952235355414404072 2.8735e-09 5.14028e-06
2365503.0800821362063 5691 2.3368900558432565973 0.045346891283552737129 0.029479487174998597609 5.6387528304994551931 1.7550295470854153645 5.3077764123294954857 5.3448636947077101667 5.381439003969527235 2.57627e-09 4.95656e-06
2365503.0800821362063 6720 1.9544306739076480195 0.12074486171177511995 0.029797176355334322601 4.2566221058172013514 2.5713861381315621379 1.7740360464390496631 1.6540167864548811494 1.5336898015056179556 2.33418e-09 4.79618e-06
2365503.0800821362063 5114 1.9752211503116214875 0.15815189470767146429 0.0124903683245854661 0.50202412311068633777 5.1219638650837406857 5.6070647680033447458 5.7007693027139971775 5.7877596821674757166 6.74803e-09 6.83244e-06
2365503.0800821362063 5958 1.2587410949714352704 0.047461774631239246613 0.027282266543171670298 1.5428825039728197854 0.68968535282541953979 2.5958823607243424192 2.570725330535986064 2.5450787888990316077 1.69324e-09 4.30946e-06
2365503.0800821362063 6848 1.4187604794888264426 0.030511309178532213665 0.055552178610826064009 3.3413561094519184103 3.1340508097767414419 3.4682674725501287938 3.4782042210021173467 3.4882818233753360992 1.56036e-09 4.19364e-06
2365503.0800821362063 6051 2.717999209465400412 0.03629991793353400803 0.012595732225024854761 5.9146225663653808624 0.90711866150681785825 1.8960056000744207605 1.8613997312049239685 1.8266218268588285678 2.9813e-09 5.20378e-06
2365503.0800821362063 6516 25.930404885560832895 0.31446923672657034476 0.74208000404167540065 1.9882198207966317316 1.3027068303832556317 3.5902888633299592236 3.7536937867044195549 3.9343841572183007038 1.91776e-09 4.49209e-06
2365503.0800821362063 1969 1.5375145392435969338 0.048975948927061155325 0.010095284438037309058 4.4798434742040047496 4.7347581265046310151 1.6905407417993045804 1.6417531534673657223 1.5929004466169176535 9.93116e-09 7.77171e-06
2365503.0800821362063 1698 1.132853925772682846 0.037541341124383655059 0.0029937167945608550434 4.2498206040799946237 4.3893101926139719282 1.8984082981112211375 1.8626387823906329633 1.8266848620436269002 2.22405e-08 1.01679e-05
2365503.0800821362063 5949 1.6481884558286894471 0.1647714443722528288 0.010930907387483493332 5.6351734181851256267 3.9604083091824180407 5.1074166354961736403 5.2555363679907696195 5.3965949359993059531 2.21075e-09 4.7101e-06
2365503.0800821362063 5650 1.9017528247242903028 0.1974911831076164026 0.0012779600629025469633 4.261141777970258282 2.3210409988407443294 2.8586180597558250582 2.797049166751833571 2.7303431566408424835 6.86063e-09 6.87023e-06
2365503.0800821362063 6914 2.191064722570366996 0.052149205597778129639 0.010495969820661739044 0.69100545101893440236 5.8992407392347319117 3.6854590036237624417 3.7130768182557973844 3.7412833313529878509 2.24671e-09 4.7355e-06
2365503.0800821362063 5942 1.1548097320202486138 0.075593958046837383957 0.026308283732248666231 3.1024265178855610081 0.57450409883704856018 1.718555226803476943 1.643293806350592634 1.5678984178671173666 2.35758e-09 4.81215e-06
2365503.0800821362063 6985 2.83616521721020165 0.056235992707933959989 0.05014838596620598693 4.0583102122082497232 1.1094706860404857096 1.7122303695144982516 1.6563044936759339087 1.6002739645849743955 3.31546e-09 5.39136e-06
2365503.0800821362063 5150 2.7053892326549155989 0.015458370753317029339 0.038129004795386590987 0.16333147930441715978 5.5698788282583358011 1.7340211742219999724 1.7187484718648182724 1.7034589833168540807 3.19694e-09 5.32633e-06
2365503.0800821362063 6214 2.0378953191398179179 0.046376822170877386731 0.011621953464587515131 5.6522558070172053135 1.0624803507087225984 0.16233893937197926838 0.1550070686236603712 0.14784708632205259549 2.31862e-09 4.7855e-06
2365503.0800821362063 2306 1.5823066180615004139 0.087963399857868801446 0.038026210605790707053 3.6989204197884117953 2.5182211879043472358 3.760961821201526778 3.8140173449237040337 3.8688083995662898573 1.78505e-09 4.38598e-06
2365503.0800821362063 1707 1.1567173039686959868 0.016431381825354463705 0.049711000691584572575 3.6458836763418562832 2.5704294307700803479 5.1858113625636814703 5.200381655076411036 5.2148950966683731423 2.13894e-09 4.65854e-06
2365503.0800821362063 6151 1.6610325956739353526 0.14082400028092773026 0.028368030366333483322 2.1441975929103573861 1.9389594962993894622 5.6038169192005415908 5.6880501136232268777 5.7669989646058885668 2.10594e-09 4.63446e-06
2365503.0800821362063 3533 1.2194848148734855897 0.061845318370151648735 0.011316772127557423941 5.395295213815808566 0.14829300535693706875 4.341723126559136503 4.4000612543805504018 4.4589145517596211477 7.42883e-09 7.05489e-06
2365503.0800821362063 1710 1.1571221021479669577 0.07275372355343510955 0.013946815441320346146 1.2865398113678692127 5.2079916358613118632 1.5550294162999325209 1.4822621526086490196 1.4097933756131513228 5.36915e-09 6.33119e-06
2365503.0800821362063 6009 2.979905129618319215 0.037790842332976047613 0.046858025478323607482 1.0325256534595852465 6.2123646631281257413 1.2214686135536385603 1.1861795285739356043 1.1511495990356246377 2.3766e-09 4.82506e-06
2365503.0800821362063 6019 3.608964124816159913 0.065718768550489234381 0.090951175052415192401 3.6921564560140134326 1.2947972963810614466 0.3356966883303761362 0.31467735462129453605 0.29433675926540969758 2.49141e-09 4.90153e-06
2365503.0800821362063 6548 2.2948022637203351337 0.085382840535810272664 0.03113521179857404661 6.2185251084515931197 0.12864140049264205512 3.423684677053222547 3.4485145635419982568 3.4743109248871824057 2.57521e-09 4.95588e-06
2365503.0800821362063 5021 2.7380253538197663055 0.018414235995868603879 0.005114783073027737853 4.2405772024395602671 3.8478164054438188657 5.5427170448058049601 5.5550569312128317279 5.5673111224741331782 2.06176e-09 4.60182e-06
2365503.0800821362063 5328 2.4200831729195995123 0.07218079470727277458 0.0046521920363775609922 2.0107015931854550495 3.66733646003057423 1.5171775636071898052 1.4451770021245233799 1.3735649731096419845 2.1043e-09 4.63325e-06
2365503.0800821362063 5100 1.3528514808649778622 0.052805598369083571464 0.010601319401223963448 0.89894348754723185646 1.8349600434679982364 3.933013166565561658 3.9713093339944527393 4.0102661433151531867 2.27428e-09 4.75479e-06
2365503.0800821362063 6362 3.0423304881111206122 0.02187796530158636274 0.036861534242036080034 1.2386700765110636446 4.7903036476822888901 1.0201009274198091781 1.0015618180904770629 0.98313370573650782358 2.92709e-09 5.17204e-06
2365503.0800821362063 5313 1.6719523058921585967 0.073308052937652856684 0.010983693052237314403 0.73611215607370250602 4.7848588410532739701 6.2470007214053735467 6.2495623754566871355 6.2520267427256026593 4.54076e-09 5.98723e-06
2365503.0800821362063 6828 1.4722220579947224994 0.049932355637121436653 0.040870208188287543427 4.3231388717154377588 5.5329845881493682214 5.3014228253303201654 5.3423919682222678063 5.3827385972373367196 7.8219e-09 7.17719e-06
2365503.0800821362063 4750 1.1346889772860653256 0.13848317596178116862 0.024981156061561721887 3.359480011274067035 1.4313606653926504997 4.7997462820896865665 4.9373154417786437875 5.0723102973532574467 3.28876e-09 5.37685e-06
2365503.0800821362063 6476 3.538126526002912442 0.02335549206832781069 0.056199864658820500307 4.367105060242320036 1.3120380168635554785 0.28088520744578826527 0.27448191291428752914 0.26815144694965914463 3.86122e-09 5.67229e-06
2365503.0800821362063 6304 1.8772621395798694266 0.39305607121405983229 0.015634375015279103338 3.6036649647627059245 0.99900762581369739745 3.9658285054986111007 4.3115125275163510565 4.6734068514161659635 4.56872e-09 5.9995e-06
2365503.0800821362063 6648 2.908612037351224977 0.09856904333103916338 0.0048327138293737057634 6.0514437751688667788 0.45309798969763626086 3.0110657435746230881 2.9975427992895107288 2.9833929972680710563 2.37673e-09 4.82514e-06
2365503.0800821362063 6637 2.1569624084233391947 0.09388718824524847073 0.028550539918759408609 3.6508118661447159781 2.7386886872071105614 1.1252063254591344599 1.0420345109889384005 0.96096927518561958692 2.31786e-09 4.78497e-06
2365503.0800821362063 5109 2.6931371855035082241 0.044092618263058949712 0.0082866497550343788669 3.7231690905914804901 1.6129155482172761182 2.1038074203077234969 2.0653868754852475753 2.026578178214605952 2.21793e-09 4.71519e-06
2365503.0800821362063 2093 1.2606503859644115906 0.044636753575345779199 0.042816649201884104947 3.059043637313816788 2.2696543419402566144 3.6922911878818696074 3.7161126480874164812 3.7403696843892908497 5.07585e-09 6.21374e-06
2365503.0800821362063 6479 2.3720786158252882281 0.043780227891892481429 0.024047652021429385266 2.3763057267440146347 3.7423097563231917384 5.5831426349489028382 5.6108949296734644818 5.6381603626711864763 2.0909e-09 4.6234e-06
2365503.0800821362063 5543 1.4637649521356481674 0.035338080802246187029 0.047092611600059494648 4.8893720330361318815 0.87557210171250621222 1.5771048837356229644 1.5417562065059453591 1.5064330254634032968 6.50851e-09 6.75063e-06
2365503.0800821362063 5874 2.7518843788278162243 0.02968847793724933154 0.0299113555919056813 4.7746806686185010449 2.6966153844077327406 4.1822811409416242867 4.2080929518994256711 4.2340856550351029242 2.14922e-09 4.66599e-06
2365503.0800821362063 6180 3.0848830951141321677 0.033788962672876468596 0.03325448866752649113 2.6496218101784836385 3.8090067706810368797 1.8833534524435235902 1.8510271898854724348 1.8185562801657781939 1.88472e-09 4.46614e-06
2365503.0800821362063 2856 0.89948071725730438519 0.13563052883341375487 0.033768744339652954911 5.8256246629902834755 4.7917098192774796317 3.1637627566946044944 3.1670041915550593004 3.1704504009636740314 5.36849e-09 6.33093e-06
2365503.0800821362063 6366 1.451217048467039028 0.082000159869518154943 0.035047298920200191386 2.2602866474146163789 5.7257159997138273866 2.0124911176925963652 1.9369446316789327156 1.8603799951877577623 1.97281e-09 4.53467e-06
2365503.0800821362063 6456 2.0984323573911032312 0.06533448217555237747 0.021535435455933095439 4.3332304766967553178 1.561845137761568969 3.577862738448152502 3.6063423660923414893 3.6356252205716206305 1.98318e-09 4.5426e-06
2365503.0800821362063 5258 2.9842661523975393401 0.051956713550897357101 0.083544909591277499716 1.6576024767160346673 4.3105247644655371175 1.1161065284540969689 1.0699326776721140853 1.0243579018491422161 3.58569e-09 5.53402e-06
2365503.0800821362063 4581 1.1446103071758262359 0.020052041955725630196 0.023640138251074568898 1.9726911479425468521 1.131941979845734414 3.5283313323358425073 3.5359659830966254646 3.5436705731330624403 2.62777e-09 4.98937e-06
2365503.0800821362063 3413 1.252554316810612578 0.038357307201552587328 0.050208976986176913349 1.2216114981308385801 6.086798957033051849 6.0281313098882440826 6.0376358065842037348 6.0469600605788214054 5.72255e-09 6.46715e-06
2365503.0800821362063 6653 2.0224704527655190667 0.15120006162125013138 0.010047691286131704355 3.8265556052266234133 3.176411813813355689 0.80195786931243384643 0.69824064282419384675 0.60103849889141602869 2.19009e-09 4.69538e-06
2365503.0800821362063 5742 2.757175267276207542 0.044249532817918206529 0.081448089518757427197 0.67463740964837015657 5.693811429097793031 0.80006649954926212231 0.76879110894550040101 0.73802587545539100056 2.94514e-09 5.18265e-06
2365503.0800821362063 5189 1.1041126184392167087 0.10667440369609987316 0.053010467273116111675 1.3392857324890647952 0.55287855536862606787 4.8243595120870903514 4.9299394060307326626 5.0340993970210341502 2.57541e-09 4.95601e-06
2365503.0800821362063 5161 2.8491390800779594628 0.10678404005121980291 0.027796587285803222439 5.4861382216613794327 4.792794838977211036 1.4438117144640774114 1.3383969964084878601 1.2344836744689984265 3.02405e-09 5.22853e-06
2365503.0800821362063 6461 2.5030319174549009453 0.015884828434858732499 0.0066691020721871560953 1.4023238844642285095 4.4071396806203093632 6.1144312645780658499 6.1170786262653153997 6.1197050854406311871 1.68298e-09 4.30074e-06
2365503.0800821362063 5716 2.5590656179013313576 0.042549982544239736693 0.052998158287669988598 0.015096893980331956356 5.937642919038029099 5.6780226484347604554 5.7018223737982003385 5.7251892698736410736 2.85573e-09 5.12967e-06
2365503.0800821362063 6749 2.212489123360001475 0.058228749140964472519 0.015287699761593288514 1.3100162047858534553 5.285279809322910971 2.3665123201334563596 2.3248698550795472428 2.2824265628241602322 2.70901e-09 5.04027e-06
2365503.0800821362063 6846 1.4710627369656104069 0.09191873106228695689 0.023420416998582448825 1.7129265324734039844 2.0736377321486441083 4.1726048454855888536 4.2534934191284232696 4.3359024464175979219 4.62008e-09 6.0219e-06
2365503.0800821362063 6408 1.3913573712842528529 0.12788688584183555141 0.015579205261001087546 3.2158009179162250213 1.5036666181107702922 3.051670988697611886 3.0393516895861738547 3.0262991789734163817 2.42025e-09 4.85442e-06
2365503.0800821362063 5225 2.8737092872900453777 0.16212613022387104 0.03531184562316240505 5.0572165574380640862 0.78244460771606816341 5.9878816563040500043 6.0319327085048461967 6.072240089244822947 2.91553e-09 5.16523e-06
2365503.0800821362063 5984 2.335445944170729593 0.049268759001759476757 0.009270740502147892248 2.7186538022054422825 4.3641861338086682665 3.5379242950919640442 3.5573976072169437579 3.5772985609482650382 1.83318e-09 4.42505e-06
2365503.0800821362063 5207 2.0583020611198796779 0.024501741442571861596 0.024728154970338468016 5.4644389878778625302 0.8725592146352676437 3.1900568386902645734 3.1912587178770865926 3.1924751227108312257 2.04002e-09 4.58558e-06
2365503.0800821362063 5008 2.6496851200806181836 0.049223660185976306214 0.039985791073682837304 5.3792222054433249667 1.0880154817225264896 4.8745797997458755191 4.9229849178550848521 4.9711210556952512007 2.01101e-09 4.56375e-06
2365503.0800821362063 5921 2.0877955163747650147 0.1070448292427181175 0.0037953010485204455304 5.8710478664788707803 0.73578397612803569938 3.2046451306921031055 3.211792383758350411 3.2193007314808408381 2.32801e-09 4.79194e-06
2365503.0800821362063 6023 2.2737680740451189365 0.068954958528505014281 0.030240281993225426316 0.75922383176106278402 5.6434451363460116369 1.1659660569833147914 1.1033808540227678652 1.0418222935369814142 3.26695e-09 5.36493e-06
2365503.0800821362063 5529 3.4479715115274509607 0.10608024214770606086 0.11642933161653881702 3.3780707858046525871 3.9734395599957701428 0.8999847762119678185 0.81936591548249460004 0.74185169322629773703 3.41827e-09 5.44652e-06
2365503.0800821362063 6091 1.4410959685117161744 0.022174246507681249357 0.057002098012203059052 1.8739635877937117492 3.7393352038225664558 4.8050338296870558352 4.8270921741250285564 4.8491207091817738473 1.81306e-09 4.4088e-06
2365503.0800821362063 5597 2.1889527627064513382 0.030393530515457532759 0.018750830070271312655 3.2730753387350848271 2.9162364200674670833 0.75346824007127577438 0.73289779773281860109 0.71256372960632408109 2.41109e-09 4.84828e-06
2365503.0800821362063 6379 1.5414995654689520599 0.055575782025316440571 0.025609052564849400097 4.3591084340187045143 5.6845077177002210078 2.6526450957062484015 2.6258652201140448845 2.5984570340301744729 2.25373e-09 4.74043e-06
2365503.0800821362063 1756 1.4674558530191825767 0.022080711876688845913 0.022408620218179076122 0.48156591019999928083 1.0424358414706336173 3.3243175166658920361 3.3283743292495211463 3.3324746625576144865 2.3895e-09 4.83377e-06
2365503.0800821362063 5643 3.2863391825185361839 0.027089261282214158189 0.05673119376595104485 2.6929785743907732609 1.5412643240572792003 6.1806114676163277366 6.1833488655667752099 6.1860488704979026409 2.47115e-09 4.88821e-06
2365503.0800821362063 6313 3.2346060241754979181 0.045494317776109467755 0.074356258951327511286 4.1850497270842019759 4.2402575957230972392 2.2125563509273402651 2.175595154784432772 2.138170778325627186 2.33149e-09 4.79433e-06
2365503.0800821362063 5775 3.0888841869845293786 0.050209341407453554618 0.04017188964784725036 2.2147738669353640439 4.8324416463207118255 0.83018409204623933029 0.79372549576722029041 0.75792771604268238672 3.02463e-09 5.22886e-06
2365503.0800821362063 2353 1.394511535832424487 0.099398202021545714602 0.020702938113446197471 0.67222723599225153723 0.66770187407640502197 4.5307941900684713943 4.6296100256292636033 4.7286678661731791351 2.19856e-09 4.70142e-06
2365503.0800821362063 5656 3.0827492986311222367 0.036851073313038482104 0.037977802206643117289 2.9802472276843419152 0.77650178074662112859 4.7434080202561395012 4.7802286684491246405 4.8169949758452652588 4.39232e-09 5.92127e-06
2365503.0800821362063 6984 2.4800807768817363375 0.018994706393758380158 0.0269727256907765639 3.9254848367668628839 1.1734359880799247744 2.4502987853071087621 2.4380987865756398314 2.425811376808577613 7.07435e-09 6.94084e-06
2365503.0800821362063 5607 2.1244966178590209971 0.066105592487101377808 0.0046759243567913244891 5.4562822326364086578 0.99975718148260239726 1.0135727485528616132 0.95838568936165258183 0.90429381907665928875 1.18158e-08 8.23514e-06
2365503.0800821362063 6532 2.0702204619770592231 0.073269738599607239782 0.0057357826093702452691 2.6529019668282329825 4.2672455727562272898 4.9927850509153595127 5.0625512028213037752 5.1313747193518102208 5.62757e-09 6.43118e-06
2365503.0800821362063 6103 3.3283658295549400918 0.019773650140612854947 0.0089153580748025235136 4.1586395460825986703 1.862580406889956075 5.354648922259606536 5.3703905413689865256 5.3860357683505588611 3.07621e-09 5.25842e-06
2365503.0800821362063 6301 1.4725056819066368874 0.078414774549599011721 0.032298924971106236781 3.3273159882267120402 2.9392391960355412905 3.7622680765788993895 3.8094416686901739766 3.8580038259024544978 2.60098e-09 4.97236e-06
2365503.0800821362063 5842 1.8901541506328718434 0.15977461857874700191 0.022044980178645104396 2.9143110880741982527 2.5034027806789027615 3.7240774931759519362 3.8188340629299544204 3.9189561293513115459 2.75394e-09 5.06798e-06
2365503.0800821362063 5999 1.4976861001342720581 0.080748874296618783353 0.024650679618373208535 2.127949219690841165 0.25238440277119300603 5.9424485503566506495 5.9684836031152856961 5.9934780314023861081 2.29222e-09 4.76726e-06
2365503.0800821362063 6119 3.1415802527559719692 0.046298853734273476279 0.029765074660021650921 2.9730492001207080577 3.7006667043517342819 1.8041661661137384787 1.7588632383216635802 1.7133807500031554838 2.96829e-09 5.19619e-06
2365503.0800821362063 5818 0.8869311246407277638 0.093325483606079298604 0.074323701616258106006 3.3057720972620279198 1.7765768467539113651 3.3402214906416429763 3.3595634051875498116 3.3797449324594830422 4.47796e-09 5.95951e-06
2365503.0800821362063 5176 3.0778805765561902952 0.052175633964859489955 0.032776037991536596805 1.35323918884375205 0.19822981285889348935 2.863317470140732901 2.8486061667515625295 2.83353717955252149 2.68297e-09 5.02406e-06
2365503.0800821362063 5517 2.1193700424011043815 0.10921916336934675562 0.015897455107819914027 0.31489162838242945597 6.1185401041104050535 4.1113067414422808099 4.2044732453616457946 4.2999045926850740784 2.41819e-09 4.85304e-06
2365503.0800821362063 5610 2.6642734099015195071 0.044025844110794611075 0.060354177672123941745 4.0551244906110692767 2.3206582327532463417 0.22141970123994680897 0.21194982225684430577 0.20268826001386833213 2.68304e-09 5.02411e-06
2365503.0800821362063 2651 1.2246362311901768383 0.061137831650964050145 0.0319772310193658163 2.6397267595459457112 3.448224756315273698 6.1434133196962266155 6.1516880863731531193 6.159704392279786056 5.26839e-09 6.29133e-06
2365503.0800821362063 6692 1.9745344138700264836 0.17432135078821300866 0.0049414537119301564852 0.6280191302984089452 5.9152904543578070928 2.761775132091100815 2.6908917951604878205 2.6149580225854807125 3.31747e-09 5.39245e-06
2365503.0800821362063 1776 1.5731475096012075277 0.065957734711232729463 0.023525734894175854423 3.4331659941716750062 4.0125366186778830269 4.7541174227198403912 4.8199750215540921872 4.885551401967369145 9.40681e-09 7.63246e-06
2365503.0800821362063 5909 2.914408040917801479 0.013694801766485943662 0.0068952372408608662152 6.2537969870764946734 0.69522804248924063852 5.3447561517185757651 5.3557586735147166834 5.3667155946601727834 2.24469e-09 4.73408e-06
2365503.0800821362063 5640 2.2529263518171926961 0.026263331394267164925 0.009425686806733815995 1.3927248714925548612 2.1317145519632942907 1.9459425247936856795 1.921384531874459789 1.896718776444280552 3.55279e-09 5.51705e-06
2365503.0800821362063 5618 2.042945932414767185 0.044137043169872262893 0.029812012217684133453 4.6352556905201485193 0.97234877749999826246 2.3454425006622554584 2.3133914831648709765 2.2808750088213884943 2.08811e-09 4.62134e-06
2365503.0800821362063 6381 3.0807880996003307317 0.037988274303258059983 0.010791096079299365706 0.76169767483281380915 4.8303692808869689301 1.7848780866911577725 1.7475974186266702848 1.7102013299644853728 1.78827e-09 4.38862e-06
2365503.0800821362063 5194 1.9011190325100244536 0.14168589015657145902 0.018005723100033951128 2.7847175942841633223 3.228812790370374497 1.6306861154504836975 1.4881705389624819702 1.346968019973902031 4.75382e-09 6.07945e-06
2365503.0800821362063 6241 2.0095486804921214308 0.053881326350953877291 0.018483224977520164994 0.91200848020622782286 0.10690234059174143211 5.6942016024602040147 5.7234964490035507012 5.7521032604949873246 2.40528e-09 4.84439e-06
2365503.0800821362063 5124 2.181376510222205134 0.029063178251707563055 0.028496876460751423971 4.1674595690887343835 1.1256691024104137355 1.9629749396086253466 1.9359641889483003574 1.9088173253664719731 1.59235e-09 4.22211e-06
2365503.0800821362063 5200 2.194544140306424751 0.022536030661282648729 0.0097798158891699779605 0.5157490919902422144 0.90837762295082180586 4.1691658592467524258 4.1885726551431003983 4.2080869783816963192 2.18438e-09 4.6913e-06
2365503.0800821362063 5284 2.3569035764644019615 0.045796284452076140015 0.029494598315293007323 1.0054999199954963718 5.4805327491311377486 1.5103231160393528754 1.4646577282361632477 1.4191191584890456845 2.78129e-09 5.0847e-06
2365503.0800821362063 5550 2.912357121138413163 0.060432483319499387397 0.017537618152084460954 6.1953407237106308258 1.2032303414062202052 1.6413114867561009458 1.5808636144303733762 1.5204341935095722071 1.20636e-09 3.84895e-06
2365503.0800821362063 5655 1.3398884134887205644 0.11529571412615406689 0.027489173989562645795 1.6741211124410793065 5.154238257324616157 5.7067815845498124361 5.7668951742380780701 5.8238117373507840568 2.29891e-09 4.77189e-06
2365503.0800821362063 1788 1.1260497401778928328 0.049329018701324098273 0.0053452933307664256268 4.2488873566267164605 0.05693357580749967839 2.7545964273818013268 2.7355327734751608837 2.7160481723130573961 9.90444e-09 7.76474e-06
2365503.0800821362063 5211 3.2881184822235267617 0.070863219833267779291 0.09958049891560594169 1.8829321949979918038 4.3609655634411810254 3.6772390906454557324 3.7145882017295321909 3.7530068082354337555 2.07199e-09 4.60942e-06
2365503.0800821362063 5497 1.1761462946056506773 0.011116579846673326631 0.020893034534739604591 4.1081225776253518234 3.7483467350896524373 3.4358044819993258656 3.4390454680644118035 3.442303580110275707 1.38797e-08 8.68914e-06
2365503.0800821362063 6437 2.3403286138146772721 0.048946957096494748962 0.029621230732955083909 3.0295210263854883692 3.3969392176952446505 4.5519321647654162888 4.600459717388266867 4.6491003868006641753 2.58679e-09 4.9633e-06
