14882956.878850100562 0 5.3968686011502331468 0.057110463433199427918 0.02646162378845239721 0.024590883738692458776 4.2292803509841139231 1.0330667387897354281 0.98469363609781357383 0.93711475629696616707 0.000954961 0.000356051
14882956.878850100562 1 9.0618902400986254264 0.053131858621302263668 0.050944968829994920212 1.4215301098892809684 4.1040377767956179866 5.2351560855868362054 5.2806129476412362322 5.3253955624472313346 0.000285285 0.000238018
14882956.878850100562 6992 1.7041825881424694789 0.15164303459679065456 0.18421531719166336916 2.4980138299653913414 2.1786126264329457314 3.247280317158208085 3.2646902430820912144 3.283310027522263308 1.98059e-09 4.54062e-06
14882956.878850100562 6819 1.3964547125350519341 0.19613552692301405855 0.13639831278464950581 0.71278481474474175705 0.48026796892128120753 1.4535141029497689047 1.2596780944807794977 1.0729586717248729144 2.46721e-09 4.88561e-06
14882956.878850100562 6751 1.0390503037208729253 0.26846631195114561974 0.24067967772378096036 0.3076652557589391046 4.4766432898687558151 2.0516323795705209143 1.7942168785228707062 1.5324232226605998264 2.66624e-09 5.0136e-06
14882956.878850100562 4781 1.6350748700254904566 0.33894128701687958882 0.17718867868921220343 2.0404007605219716126 0.1584206784161507342 2.3526120706419368922 2.0718336001011010694 1.7745533510117659226 2.90062e-09 5.1564e-06
14882956.878850100562 6207 2.9183049431018202036 0.048809456675144947957 0.17078815675826913845 1.0354744159863531472 2.9666780211133487732 1.3462924595064682531 1.2989458019933355359 1.2519288407263744478 2.10618e-09 4.63463e-06
14882956.878850100562 5588 2.7810107493016524849 0.20811075884018565008 0.11275322450726120438 4.1944446795876899614 4.4949344543232596649 4.7600804956316959959 4.968449406079722408 5.1697747686016324309 2.40685e-09 4.84544e-06
14882956.878850100562 6582 1.5618989958757298897 0.24856270837240848626 0.0054491172231041365773 2.1792381474500914784 0.57777314474031715719 3.219298842873742128 3.2417239761271865461 3.2665713191530256765 1.86721e-09 4.45227e-06
14882956.878850100562 5771 3.1803790409869701072 0.041230417317269077437 0.33622679727872034627 0.20093794443766035962 1.4860548124671633108 0.97206549484176518749 0.93838723876977570004 0.90513054241420443091 2.44735e-09 4.87246e-06
14882956.878850100562 793 1.4283280308998613783 0.38948732798960733481 0.1285868630283080738 1.2257790523095075663 3.717313917198393991 4.1399112572364824558 4.5182342645083988231 4.9004035566989836425 1.51413e-08 8.94482e-06
14882956.878850100562 11 1.5292663145634413091 0.16432182694535177325 0.11829947165679188803 5.6530558732244662323 1.7465237599532434931 2.6075200371656293008 2.5169064041871016535 2.420803966160744114 2.42862e-09 4.86e-06
14882956.878850100562 5225 2.8176942164563167914 0.11068937212420797145 0.69617475844379284045 4.2584806036768485527 2.8786137982317709927 2.5180179012441019637 2.4501488807190283659 2.3795678000953062181 2.91553e-09 5.16523e-06
14882956.878850100562 6883 1.9033445534366602026 0.13626282482521048789 0.10718826726760169454 2.0992773638447621565 5.5929857123595567714 4.2181788785598044456 4.3425828063395410794 4.4696339124507504792 1.23696e-08 8.36184e-06
14882956.878850100562 6035 1.3443663579199744973 0.076777082804483587353 0.11273322224798280888 2.1166462363758573595 2.2862503778314953173 2.9487547624970731341 2.9334415540621785468 2.9175754729501317541 1.02512e-08 7.85432e-06
14882956.878850100562 5050 2.1722265301617280642 0.13611110515555879807 0.17615310920696583552 0.69901178488234250175 3.826406703374199747 5.9419218954646311204 5.9849113444122252758 6.0249104266209867475 4.47893e-09 5.95993e-06
14882956.878850100562 6627 1.6599609631221923234 0.065815483782784595101 0.14518487986313760585 5.2571525737167341674 3.2469991512553479929 1.2571437572956429829 1.1951217686609245661 1.1338962344640486357 7.24481e-09 6.99615e-06
14882956.878850100562 2413 1.760948302118873654 0.055323489370019567068 0.061967186354655590108 2.8651114982641310291 1.783160982474888856 2.3769153875266155751 2.3378090447261818952 2.2979768507236828512 5.40947e-08 1.36742e-05
14882956.878850100562 1776 1.9521572256497492504 0.16842529154296345673 0.11225142413816391329 1.5337670269875620654 2.87259627337213308 3.1284467605711459015 3.1260101441503471698 3.123385761664443816 1.13676e-08 8.12967e-06
14882956.878850100562 5560 1.700220104790994613 0.017021769389437578501 0.12970563175760926877 2.8282324792935851221 3.493353785907645559 5.652332715855093781 5.6623048283385397639 5.6722072688600420065 4.37033e-09 5.91137e-06
14882956.878850100562 6484 3.1766952394360106204 0.05145220300430330268 0.27799195109925212144 4.7409395987643740966 2.6370721127620591062 2.3029932297029325206 2.2640369052057205401 2.2244609398110615217 1.88476e-09 4.46618e-06
14882956.878850100562 923 1.8991950290628705211 0.30504302254127935168 0.16128269205881412551 2.8781318335009427045 3.7024993463233983881 1.2319162597175516982 0.95356174980539165631 0.70480460978066716837 2.53731e-09 4.93145e-06
14882956.878850100562 6946 1.0923423287583309271 0.3247790769706694336 0.062417424468354361367 5.2323075299090682222 3.1506741333290246843 3.7875839244635081116 4.0184174632479443545 4.2680790113779822903 2.99755e-09 5.21321e-06
14882956.878850100562 5448 2.011372184379505601 0.076215063067580163247 0.18341528517494712358 5.8855931627864768174 3.5151917663621006227 2.6279118996302677225 2.5891217218173516734 2.5491246541631302769 2.56033e-09 4.94632e-06
14882956.878850100562 6528 1.5704233869573238636 0.12753187634984314291 0.10629725799476544279 5.2718744889660911213 4.4485970231901790228 1.3669783963164567897 1.2433364832995310589 1.1225813434392841739 2.31313e-09 4.78172e-06
14882956.878850100562 6764 3.3054755496531971204 0.02973621394281402569 0.3044700403795998489 5.4532930544318380939 4.8360549669782688653 4.4438068475193119866 4.4725949299822529426 4.5014802989298878799 2.4069e-09 4.84547e-06
14882956.878850100562 5259 1.6681092990138035592 0.12424649122227328368 0.21191787414923393684 5.2378307227753833075 5.4025530459528159355 5.0415710686431944865 5.157142299753029846 5.2693016976469726487 2.21606e-09 4.71387e-06
14882956.878850100562 6618 2.0103385132927096279 0.19466750341029273597 0.19691343158007332259 2.4407250436422982531 2.1157106136532042306 0.75819114628237904707 0.63221129099793915707 0.51717640373324269554 1.98254e-09 4.54211e-06
14882956.878850100562 2658 1.8181513349229061483 0.31396868606055444717 0.054642399423072446352 2.3026293000764082031 2.8923708617018029088 4.3032130608691607776 4.616382781222404752 4.9289056237858606124 2.46497e-09 4.88413e-06
14882956.878850100562 6498 3.2626398839457588785 0.095462804071284865226 0.16702235116323185804 5.6822318812103151942 4.3140488412760458203 0.10824221854088496297 0.09837504827356903514 0.088999030377019977545 2.50157e-09 4.90818e-06
14882956.878850100562 1698 1.5793204071490667406 0.1144718886752793402 0.084307389396559018202 6.2745786212056602338 5.6767256052906409636 6.2329074849899859245 6.238366337622976765 6.2434951322449370181 2.42949e-08 1.04718e-05
14882956.878850100562 6300 3.2741816633769422751 0.071395071592254943926 0.28365089503949453276 5.9346784673331001159 3.1067368202324949777 4.689547208263479483 4.7610427651732729615 4.8323533505563487367 3.26125e-09 5.36181e-06
14882956.878850100562 5204 1.6063963858054173262 0.32910575973825351159 0.13116348512610020993 1.0346944866904352889 0.93042249785943742513 3.9778430419616794822 4.2593588563076609788 4.5552660630011585496 5.21728e-09 6.27092e-06
14882956.878850100562 5974 1.2428295256330910146 0.23116666513410219497 0.14650114759800064723 5.4925127647858431601 5.3938781883226623037 4.4816093433586061678 4.7149547562948344037 4.9461206605204628417 1.10219e-09 3.73481e-06
14882956.878850100562 3800 1.6473285067773131285 0.10495071168375080806 0.084882843800011459345 2.5081498427358352998 3.1662957617227491802 3.5814502749307539631 3.6284947541491363587 3.6776001694833482247 1.79108e-08 9.45995e-06
14882956.878850100562 5861 1.7688946485653098684 0.24174816401660170762 0.018387153469851782311 1.7518334453191806155 2.1092298435545613344 3.403376408733845615 3.4753908673151578945 3.5545957740143570014 1.95257e-09 4.51911e-06
14882956.878850100562 6719 1.2964399633711036763 0.26717836973162162328 0.036951604737078896923 4.0167975425524531374 0.51294723311477863348 3.8896762970840188522 4.0945718386798359845 4.3123609065400403395 2.09817e-09 4.62875e-06
14882956.878850100562 6923 1.9784795566810515766 0.21452219862967319974 0.098143371844926524661 5.9256573804666103911 1.5287028148356438528 4.6208589408830524903 4.8383037399935933109 5.0511276102908633234 1.67707e-09 4.2957e-06
14882956.878850100562 5480 1.9070469471039928067 0.10959861963815706321 0.12399848331934514023 0.36280857451406373082 4.3635502120779943169 4.8938827657643750868 5.0008426578333935453 5.1059131999880715824 1.6026e-09 4.23115e-06
14882956.878850100562 5093 1.996216949585459588 0.11168251978385841661 0.13144976226113569417 0.69728304937371743399 4.7705617607658048485 1.4557547678641540312 1.34528586051346144 1.2364311318786378457 2.98948e-09 5.20853e-06
14882956.878850100562 6676 1.8798691876335440476 0.15869713725930853498 0.19594583040545521246 3.6319151066743153855 0.21354043634654523709 3.1854575681824037758 3.1930680624530083378 3.2012334553660939385 2.23147e-09 4.72477e-06
14882956.878850100562 897 1.4398310355043790754 0.090268601411163898462 0.1110423321166593702 0.42638706033190010292 2.2524147739682272018 0.74956189734588951623 0.68992696189660518424 0.63247272572604784635 3.39891e-09 5.43622e-06
14882956.878850100562 6951 3.0026180868482592601 0.095211472833254207071 0.074119299328828755491 4.8041798937662276714 5.4225215365468919515 4.3323301255820254596 4.4224846403097473058 4.5137230550439753074 2.54062e-09 4.9336e-06
14882956.878850100562 5721 1.76426606622773674 0.26903656553255839157 0.099320678025250797027 1.935911011172914975 4.0758852691614668728 1.0709720394818589284 0.84619061340542400806 0.64474657151111858244 1.97529e-09 4.53656e-06
14882956.878850100562 6083 1.8611614051142333359 0.19966925372735097599 0.11743238115862364435 2.4244173073966210907 1.9126614138399409271 3.5403846971193670967 3.6266770107039993931 3.7197793866273434205 4.91269e-09 6.14644e-06
14882956.878850100562 6982 1.5591458931744692773 0.1581748972629012373 0.071016897578465562613 1.0947270411764515874 5.6145351573979294102 3.9416434729088778433 4.0623919207628542694 4.188312675279041386 3.77646e-09 5.63047e-06
14882956.878850100562 6562 2.0438928080692555511 0.095451481401362045509 0.09488832362445016877 0.92270863395322533229 0.77647605692365184726 4.0136777885570831259 4.0892190152184184626 4.1667287211799983737 7.2003e-09 6.98179e-06
14882956.878850100562 5146 2.7906792322753055657 0.14908311438509258551 0.13270643377358773418 4.2058208602563462719 5.2712721300326030871 5.5986219810133803776 5.688159229112986992 5.7717248395205800193 2.55901e-09 4.94547e-06
14882956.878850100562 5492 2.0058644047162932367 0.22632787343063984209 0.051737702014070581502 0.83727893212289628 1.0368653210959952737 5.0352646557151121698 5.2443211244183265407 5.4393769807593548293 4.51271e-09 5.97488e-06
14882956.878850100562 5781 1.8066432682076916105 0.16421238761579218246 0.12110098370543088964 4.4683861121295791463 1.771205340655076732 0.7024040818920251894 0.60201322144828117722 0.50901926825845700275 2.03408e-09 4.58113e-06
14882956.878850100562 5427 2.9378533602423764215 0.03405148310813957413 0.11512947836782468081 5.5231408019072105731 5.1612231370759493743 4.15921125026045857 4.1884522514064741472 4.2179359452238340822 3.52478e-09 5.50251e-06
14882956.878850100562 6413 2.7149969974386922722 0.26291951603453334041 0.12934735702809543878 1.3399910578516169846 1.8217088073445559804 3.5744994513785419699 3.7021219377401055617 3.8418990395403751492 2.71272e-09 5.04257e-06
14882956.878850100562 5928 1.748225915424007626 0.1490993287990438898 0.12242216849890583119 3.1211938227194915285 4.9647843351437588311 3.5821526092483844117 3.6507170942062794339 3.7233900334587799463 1.85148e-09 4.43973e-06
14882956.878850100562 5044 1.7546632034908609121 0.21720924237221911346 0.050471790717443690277 5.3989476462586853955 0.41010197100384748747 0.47769145645741212247 0.38568011122775847088 0.30396830190847762276 2.3978e-09 4.83936e-06
14882956.878850100562 6767 1.841991256246913844 0.26584528912241656151 0.18035588279913888909 0.62260242041671798319 3.558985856823775773 4.1807091250608845456 4.4299492818108330283 4.6852613430862826149 2.88634e-09 5.14793e-06
14882956.878850100562 5099 1.5000030563982029719 0.25664304753362054967 0.13938677292505369243 5.9295892038004804903 4.2837022395159847221 1.0502788730338381562 0.83843042636230658005 0.6475920495035418778 1.59506e-09 4.22451e-06
14882956.878850100562 5021 2.7778604049764195061 0.17179357759301588926 0.083529650345585876314 2.352864418829613502 0.50139040990343397564 3.2905032774473403911 3.3185830542027896506 3.3488303700420591902 2.06176e-09 4.60182e-06
14882956.878850100562 57 1.7943900789397342344 0.12659871303147382515 0.059331166483574747372 1.100420441990289433 6.2627357681269932854 2.1276788262729655621 2.0161393088132921747 1.9018886578733962267 2.40925e-08 1.04427e-05
14882956.878850100562 1124 1.8846267019782116936 0.05122203824670834571 0.085759681617577326884 5.4514489137251587181 1.8929688814404301844 1.3674846280288863731 1.3175534519105911446 1.2679651391201323118 1.32419e-08 8.55396e-06
14882956.878850100562 5020 1.8229077882398176946 0.27696487445880141332 0.16894096543903486252 5.8554969069624611677 2.3029294202618473264 4.4138292914857650828 4.6936851819902631888 4.9706016122630858334 2.26068e-09 4.7453e-06
14882956.878850100562 6161 1.6666070692414112209 0.083291543004384765991 0.090147775771243929266 2.4064552829626082442 2.7391009809158064492 3.41711089281508551 3.4407576703168265553 3.4653055549158451321 2.19638e-09 4.69987e-06
14882956.878850100562 61 1.6475912231976328481 0.049836993202247117929 0.052847887799582868307 1.1508532666506394726 1.9681103848174015258 1.8839551536966130385 1.8361543578095356199 1.7880617257828150812 2.21617e-07 2.18802e-05
14882956.878850100562 6451 1.5754026852498110856 0.026332531573198564301 0.10986571018019122836 2.5035378116792426084 5.230684389382513011 2.2236534530799030307 2.2025646194460821725 2.1813146755367158747 2.57122e-09 4.95332e-06
14882956.878850100562 6876 3.0962833951909511931 0.15822077104393239555 0.13882373050004412351 4.3604175697236380316 5.6549215303253310694 5.5365786033519643894 5.6386567774021987276 5.7337192373728527173 5.7202e-09 6.46627e-06
14882956.878850100562 5132 1.6945953919283147648 0.11478608247416234589 0.13493451868984415731 5.1918930668514473581 3.7429138859065971268 5.5448633347629723289 5.6191755005500843012 5.6899158250511163715 2.32293e-09 4.78846e-06
14882956.878850100562 5470 1.566716612523905372 0.18612916063622172991 0.043777722306449155798 1.3560039192700112931 3.7497468919108523089 3.826461557360447685 3.9543787279640536525 4.0895467210963989402 2.3944e-09 4.83707e-06
14882956.878850100562 6757 1.8492253103012934456 0.26289757074651293189 0.055265735689604182646 6.0658380817859329781 5.0910746373771580409 0.086721394937098697508 0.066270374901072279239 0.048860803976412583993 7.3237e-09 7.02145e-06
14882956.878850100562 2778 1.5081350619744793295 0.085981446691971594176 0.076954766201012630988 2.3731563126570742739 1.2867490322451902163 0.071816557315400333938 0.065890141101010615832 0.060228909904845071011 1.15158e-08 8.16485e-06
14882956.878850100562 5605 1.15941655681125666 0.1606927537065277467 0.20198651175982598738 4.8813356306338864243 1.9958958566730629069 3.8772367485851098046 3.9925722469494249189 4.1134013964092517313 2.44051e-09 4.86793e-06
14882956.878850100562 5518 1.4628440713153665342 0.11825020135561138679 0.18101609662571005455 0.98446532682511034285 2.941888033295409155 2.8309117491179986992 2.7924672014802824904 2.7520166278631412737 1.73658e-09 4.34592e-06
14882956.878850100562 5490 1.5132729927010859505 0.2593754417084453423 0.21495104092479089264 5.9670956662613736654 2.4897018119627403188 4.2610346394674589732 4.5116797075841699183 4.7658482963885493433 5.31486e-09 6.30978e-06
14882956.878850100562 6674 1.4140366769799936897 0.026438553008149144607 0.16745738114951730369 0.83807904268038280193 2.0112088300731802981 4.6578539393251592315 4.6842753072542553383 4.7107034127170788196 2.73456e-09 5.05606e-06
14882956.878850100562 2768 1.3652027058935374271 0.032534932008894068556 0.029447600492939887684 5.7378477009466957171 5.3362797956986973702 2.7405563352636415075 2.7276591926051461101 2.7145731974179430068 4.81065e-07 2.83303e-05
14882956.878850100562 5194 1.8822450428667125699 0.24964384496815467118 0.094596124997630939846 0.86658718849197968748 4.3732892208164830805 5.1327832542378635239 5.3520764204380171236 5.5523612780512792142 4.75382e-09 6.07945e-06
14882956.878850100562 5920 1.6717266231442931002 0.31552862777300261232 0.13553232976487900041 3.2586725378342555892 0.82857774376063098032 3.4858303316733660893 3.6145757874526931452 3.7583129397907071301 2.02047e-09 4.57089e-06
14882956.878850100562 6324 1.6654004359433274285 0.22419144015438591255 0.15627561083232591188 6.2743663557924991281 3.8425535717902796762 4.5993654863706607827 4.8269377837874092307 5.0496599755888746941 3.61321e-09 5.54815e-06
14882956.878850100562 5952 1.6477928376922752474 0.2917076347606884501 0.13687721941415445515 2.0900350365495961036 3.2401261636533496002 2.1748752374374169527 1.9083377582977829601 1.6330906847104023072 3.30338e-09 5.3848e-06
14882956.878850100562 2012 1.293307840948904941 0.1194972443090455555 0.06979955038014351576 1.6209727458158984525 3.2019705353534826386 4.3340816670221933293 4.4479297191823334856 4.5632725204174020561 9.36497e-08 1.64192e-05
14882956.878850100562 5312 3.031713270244438263 0.052295737353744015108 0.20118332669970079296 6.1643912036696324463 4.1248936293048110713 5.4285639337587117126 5.4673672731897733357 5.5054535484607107776 2.46345e-09 4.88312e-06
14882956.878850100562 5514 1.9736117458440225469 0.1861526690732943079 0.19171821568126154456 5.6872857402394654258 4.2860158156460279599 2.5994423163328126414 2.4941665128110264149 2.3818912490760446588 2.23079e-09 4.72428e-06
14882956.878850100562 6734 1.6332385850620541046 0.087225873933562569906 0.093258039734108372221 4.4744522824788699467 0.22610319227609101955 6.2109064445280219857 6.2169539867781971054 6.2227268488932931945 1.00692e-08 7.80756e-06
14882956.878850100562 3988 1.8017729503429797955 0.091323972762259050806 0.083524401870257433678 1.3040186344937136909 4.7200313539531553175 5.5763785025512584426 5.6337950845135162936 5.6890187693264131497 5.91828e-08 1.40901e-05
14882956.878850100562 5949 1.4695527846491232005 0.12635255756277338768 0.19432772401636874693 4.544523179512250266 2.593825533088136126 4.1250641598051931425 4.23440448834952754 4.3465959364732595915 2.21075e-09 4.7101e-06
14882956.878850100562 6028 2.0109121804887739593 0.24319621747990871619 0.16673649176862961885 0.68802085467128148988 3.5221787810339000302 0.68915822936318971159 0.54605812500146988508 0.4197608253242888221 2.1303e-09 4.65226e-06
14882956.878850100562 5572 2.7013748220144186973 0.38114020264834597151 0.7578799066333506973 1.92381606635449387 1.0829387537634833638 2.5337917116578680954 2.2653115102454699503 1.9724570687150961845 1.63405e-09 4.25865e-06
14882956.878850100562 6521 3.0114279311367053715 0.11715010752284737983 0.12939833870058811693 2.8185858057765695861 1.4462343211155190836 4.4370347000187244646 4.5518719696850595824 4.6675160870626184462 2.953e-09 5.18726e-06
14882956.878850100562 2010 1.8731199334713348748 0.15315711967750189615 0.08511994180929385867 2.5974428915685052743 3.6414381220235241265 1.6812928581197188471 1.5271604495618695818 1.3741491192024706258 1.54172e-08 8.99881e-06
14882956.878850100562 5455 1.7869905631968938664 0.12189931254869160182 0.12452690672280461448 2.5230296099248410435 0.17036367694390405769 3.394110919661975867 3.4266026584882358641 3.4608767289113466781 3.36325e-09 5.41714e-06
14882956.878850100562 6780 1.9480205180291545464 0.33942141139468273714 0.078743104117893480964 3.9878270461286651205 2.7504336361291459312 1.4114024508716656037 1.0784705290443112879 0.77936019862372352129 3.2776e-09 5.37076e-06
14882956.878850100562 5934 2.1249370240268254939 0.45452919353816845227 0.24368510107672089471 2.8632774465092425409 1.62633017312087369 3.1258463420149631418 3.1158804468281071642 3.1041947859232541518 2.95537e-09 5.18865e-06
14882956.878850100562 5540 1.8153974829160521853 0.14165809605107451685 0.049493157573332273447 5.3538138370220362816 4.4134325762894066614 4.5653579519912845797 4.707442557825370244 4.8490989208988510839 2.31531e-09 4.78321e-06
14882956.878850100562 733 1.6557977400234757948 0.040488459990653161147 0.057828628950432697797 1.1442349625157886006 0.21142905756772620296 2.4547559508394041217 2.4286647770789477896 2.4021832446012734152 2.10139e-08 9.97744e-06
14882956.878850100562 5469 1.705277952305890965 0.23282561827523454157 0.080677207593475547265 0.24541607517418703721 2.9699892951971444965 3.1345516033711309234 3.1326669978531591632 3.1305889041307182197 2.51139e-09 4.9146e-06
14882956.878850100562 93 0.90355440387630581167 0.012690546398346568002 0.04670448704534198997 6.2606433828381522488 5.372499846312352112 2.2655460319821658643 2.2557568953064532913 2.2459287778711218841 9.2225e-07 3.51938e-05
14882956.878850100562 5525 1.4269687544801934465 0.22390453687832415075 0.073211750844080394907 0.86013153559191668496 4.2461613161090898672 5.1678109272129661989 5.361199304987761316 5.5396071587948823023 2.22151e-09 4.71773e-06
14882956.878850100562 5178 1.9190915884801977853 0.26997390701829343529 0.11813697726609861949 1.832194983305786673 1.0030321853047994285 4.545497557285844259 4.8213368953481392509 5.0897101389361489865 7.29677e-09 7.01284e-06
14882956.878850100562 5725 2.9626815178567822429 0.16935258206376990753 0.23199224693231501604 2.3502364043331431809 5.8902776009623298847 3.4850666347616727769 3.5475088218233383763 3.6143794920006628857 3.15235e-09 5.30146e-06
14882956.878850100562 4194 0.98306460138933948745 0.33434413043119137754 0.16732863176942935901 0.75396039196598640952 3.1868500359843454639 3.410256807950514002 3.5197079342900869925 3.6431376029565885055 2.52016e-09 4.92031e-06
14882956.878850100562 6053 1.5706569915725991926 0.20033993886568621234 0.10540644536536497577 4.7085447444470602818 3.2692728080073751862 2.8614932533030579265 2.7995341290150475011 2.7323346907505436931 3.14775e-09 5.29888e-06
14882956.878850100562 6403 1.8977068454680308118 0.13788068564541397509 0.13037056811892636099 0.96928989772603779684 4.7152219119512057688 2.5888268598792216757 2.5115675374055772551 2.4303330560328011423 2.19336e-09 4.69772e-06
14882956.878850100562 6765 1.5301659984256537061 0.19289995123106060126 0.081457380987225810887 5.2702559635583501318 4.779633968466948879 3.4115517267377173383 3.4688465032586153214 3.5308530034127496577 2.03075e-09 4.57863e-06
14882956.878850100562 1475 1.0968039274378422743 0.2491598045301143538 0.092552308029845098414 2.144104669955532394 1.7291236589702103643 3.9044425519313037398 4.0963919646989914725 4.299755650087896619 3.50237e-08 1.18296e-05
14882956.878850100562 6874 3.2829575665690438058 0.10848241279270363913 0.31371481341855061986 5.7645471015260207892 3.9320011250500233047 2.5882075224169498462 2.5282665854355972357 2.4658251401362898392 2.61974e-09 4.98428e-06
14882956.878850100562 1959 1.0048403384878297206 0.038195986428840512927 0.17152439570220279208 0.75014332682183582079 4.6836645454700027713 4.8992491310387125125 4.9366567690814306957 4.9738962213189514827 1.79741e-08 9.47108e-06
14882956.878850100562 3953 1.607453517005401844 0.11859398681862352853 0.1847089470328104055 0.15763910300853165025 1.2799515707197586245 5.6257086752349430014 5.6951410254764613939 5.7609292458191614372 1.87457e-09 4.45811e-06
14882956.878850100562 6642 1.155581240333736659 0.19008111825368589898 0.072444004937382733278 5.9894270094260040338 0.9954544038046188037 3.9094641984346281127 4.0523421234024263882 4.2024992692088574131 1.26355e-09 3.90884e-06
14882956.878850100562 1615 1.3143687587541652562 0.055912267473725990596 0.071855329837202164267 5.3649437258793941652 2.0900043850342178153 5.7027984872347197154 5.7327781155405723723 5.7620221506987849835 1.22946e-08 8.34491e-06
14882956.878850100562 5324 1.6613306032716903538 0.084126037714061019379 0.15505511952653050489 2.4802697768967649772 2.0485477634252271528 2.8746609486743750494 2.851490592759260867 2.827426337754665564 4.64884e-09 6.03437e-06
14882956.878850100562 5380 3.3101471309027337142 0.02535095817532174306 0.18380297415644245018 3.9035315189229127242 1.3357435207451315851 2.4939191187333573652 2.4784656653894447942 2.462860017430751558 2.14422e-09 4.66237e-06
14882956.878850100562 5451 3.2470378915986120028 0.036398307032765822577 0.013275568805360841995 3.1312438616776279154 3.2656237168918149649 4.1043813473953107973 4.134578292949888656 4.1650677148352368562 2.58702e-09 4.96345e-06
14882956.878850100562 5538 1.8642607598311542461 0.12394227877194868848 0.16200835576276040317 0.48104862084506078146 5.3274296509237561992 0.076886304074643752049 0.067887610018223479291 0.059479926526790252717 2.97954e-09 5.20275e-06
14882956.878850100562 6532 1.9063523060261964304 0.1536362736099848858 0.051223647121087852174 1.7102834775549318191 0.23415213576879495561 3.2766410687104214894 3.2991744974768533183 3.3232847106329428399 5.62757e-09 6.43118e-06
14882956.878850100562 6913 2.0109044166907579232 0.0404069878319498893 0.05804950048113783484 0.60177828940910937927 0.85768596923051299008 1.6615442944971092754 1.6212187261010941874 1.580863093121003482 4.44786e-09 5.94612e-06
14882956.878850100562 3751 1.3392276858913869653 0.20281221018742165429 0.05969809524189374772 4.3764979476628997901 0.94127244407085164379 2.9235486967311459239 2.8742972419661501071 2.8207296980021570043 2.30157e-08 1.02847e-05
14882956.878850100562 6233 3.1007100903651294566 0.13290292473023940234 0.26735671210231182204 5.3526075760521321101 0.20863030860538414601 4.8601720426007517517 4.9907410662383364652 5.1185284967330275663 2.38928e-09 4.83362e-06
14882956.878850100562 5382 2.0689598973882183941 0.21663152535063975868 0.21625028894198919382 1.6330240996532734421 2.0450371505067352906 2.4584589691229434827 2.3075008794351448138 2.1470448060210136632 2.55203e-09 4.94097e-06
14882956.878850100562 5567 1.9307799602378408199 0.20309010448246550551 0.12261340664141204271 3.4502817846101430099 0.61201133979095434512 1.9165104337312495186 1.7171315662688328985 1.5162120701679160373 1.31986e-09 3.96606e-06
14882956.878850100562 117 1.5504608860436666085 0.17057213190457190533 0.034956810521744180464 5.6058037532018198945 3.32698046608859066 5.3944036822537988485 5.5207754281992764689 5.6385838360778359757 1.39228e-08 8.69812e-06
14882956.878850100562 5708 3.1426032520673259363 0.068889242983152479405 0.22707221692094328724 4.4831211799959227449 1.706140954248730468 0.41473136555358924848 0.38779178986472245816 0.36174166044369582274 1.65544e-09 4.27716e-06
14882956.878850100562 6956 3.463498027206722174 0.12911817920888360445 0.42991109117468090384 0.4316033024659913786 4.2804553336512540795 5.1471827387486586147 5.2615288227620951034 5.3716632467347400492 2.20649e-09 4.70707e-06
14882956.878850100562 5471 1.9864609318739836485 0.084911426523425592716 0.062929983951929946429 1.1981863252408408993 6.0244933570885388363 2.4864479842102169549 2.4328239390173052037 2.3775551324867412184 2.7508e-09 5.06605e-06
14882956.878850100562 5235 1.8146604142208420107 0.19912647037804800942 0.13713067872902134914 2.1301293336739504092 1.3212085039160412769 3.8445084829180680153 3.9851089390087475195 4.1338535253379733447 1.69779e-09 4.31332e-06
14882956.878850100562 5270 3.097583417425232355 0.17763212575291667528 0.3587309140490125281 5.5472824754748772946 5.1411867059991234186 5.1483357771758138099 5.304414523341692167 5.4518158003584886728 2.61601e-09 4.98192e-06
14882956.878850100562 1888 1.2325006227929378166 0.12666640357169517417 0.12860119728000918293 1.4895203430769974329 0.044297767191787927599 2.6451046637354700408 2.5809586156172792393 2.5136071396607682082 1.07624e-08 7.98276e-06
14882956.878850100562 6473 1.9310342740165933328 0.16102953312575468692 0.13032740248428034691 0.63357374340567962356 3.0082870187351176128 4.1755835293033323197 4.3206401965381022734 4.4694705796609763837 2.97483e-09 5.20001e-06
14882956.878850100562 5815 1.5862583532438978562 0.17009996642934541167 0.1637710388241606918 0.60180937802889111765 0.14533771177224635851 3.2366168621525517324 3.2543900320048684272 3.2735362016934397289 2.67562e-09 5.01947e-06
14882956.878850100562 6211 1.6532716478331439536 0.13675574404323040389 0.11951499679143823274 5.6562026243639280665 1.8606872196734967062 4.9519732044577047247 5.0831203737741841309 5.2105852899270095335 2.33777e-09 4.79863e-06
14882956.878850100562 5003 1.8324780198190091518 0.089035082919252328537 0.11528881732055051845 2.0477451886443072127 3.8672920295611259434 3.5987522898111765635 3.639766784201982297 3.6823097402455706728 2.56915e-09 4.95199e-06
14882956.878850100562 6536 1.8731801771984284422 0.14323120513460768644 0.11810609684768502703 4.4848977037214563524 0.38475477580000194688 2.007006313585539381 1.8726238215624848582 1.7358674070459392258 2.77887e-09 5.08323e-06
14882956.878850100562 5873 1.7285798888890919756 0.080703473483434956526 0.10465452231873681455 1.0614504240876301289 2.3878661936083087625 4.1987341399342046344 4.270533688910887804 4.3434863898809945582 3.51811e-09 5.49904e-06
14882956.878850100562 5741 1.7156968201266300511 0.21849099632143445526 0.1362331623431549954 5.5419513411201153374 5.9417903099696989244 5.6505897513567271417 5.7704993702343738704 5.877673490693697822 4.83963e-09 6.11581e-06
14882956.878850100562 5898 3.166579695318834986 0.45603985337919045184 0.40937121716121016579 2.6412825403265682844 2.4238093697322704578 6.2684870233946625717 6.2742013342235809503 6.2782983288200666649 2.49608e-09 4.9046e-06
14882956.878850100562 5792 3.0904360654171005862 0.20994328726986832834 0.35685709746975885492 4.6805577395583606304 0.29315360285940789131 4.3377720647423441136 4.5426227842864905782 4.7495479888893337161 2.20777e-09 4.70798e-06
14882956.878850100562 6955 0.80542536154304666951 0.23570596247388159172 0.039870940834453312551 2.3531144959001415451 0.67118059733181878457 5.5868645956262072971 5.7270946587678128736 5.8515167484866061898 1.85814e-09 4.44505e-06
14882956.878850100562 5782 1.8870874965883273067 0.13383283091764339168 0.06914021855714731768 4.0037093845723212837 1.3576223820665862529 4.5784443396120133585 4.7126825793070468151 4.8465154044564737745 5.0598e-09 6.20718e-06
14882956.878850100562 6417 1.600471603879302096 0.060996823047319084776 0.11042002159793914973 4.0338790547980227785 3.729044395545531021 5.7867328158297448581 5.8150511912221647393 5.8425742957425068624 1.63097e-09 4.25597e-06
14882956.878850100562 5737 1.6306274227039334601 0.24907177617315875984 0.098788732821839642106 2.9355192271221244305 1.9331048170207421055 3.1682846893031988422 3.1760164748056469719 3.1845887838341844223 3.30498e-09 5.38567e-06
14882956.878850100562 5750 1.9464569802266062926 0.050220130136351452677 0.16134198953148198852 1.2445488676683926776 0.50535923907928881338 1.2437940483061584729 1.196594844646176492 1.1498499575405034534 1.52873e-08 8.97346e-06
14882956.878850100562 5661 2.6212415209829891261 0.15785898314056534542 0.099039696713486280455 6.2010235933940327513 2.1895959003277676302 5.0255874731784864196 5.1728378700162256365 5.3142563331434313767 3.01386e-09 5.22265e-06
14882956.878850100562 6303 0.96038739458364263957 0.12466234504791283422 0.12967222574717343631 5.9726630619343170636 5.677191744382268368 0.083723995089299077521 0.07387251784977927338 0.064671770179256488076 1.48051e-09 4.12085e-06
14882956.878850100562 5241 1.7035624474052426525 0.13387249359100616974 0.1362454306511684532 5.3395936186065116047 1.1534236485004532025 0.22736479743859897007 0.19891761871721932997 0.17246328826228571329 2.63706e-09 4.99525e-06
14882956.878850100562 6290 1.3833586962459072378 0.16188832061617841607 0.13078154496667007689 3.4774451648941142601 0.78035032890857436438 0.57398888971661787828 0.49121630286472423021 0.41485378863681776629 4.66797e-09 6.04263e-06
14882956.878850100562 5215 3.0364217899704919468 0.13746451863319403275 0.28060799797582830495 0.70979668316263966332 3.0066463406791208435 2.3107800571505170417 2.2039014231038347447 2.0930783165829316417 2.09099e-09 4.62347e-06
14882956.878850100562 6358 1.8341235571623155653 0.19168473217461279301 0.20525336794469911661 1.8212963428488837536 2.1759962757373014774 3.3544694569326565237 3.399607288855962306 3.4485178353753385139 2.40091e-09 4.84145e-06
14882956.878850100562 3761 1.5301500320506620234 0.24989627878909775882 0.13032257026316787507 4.3582031093037469915 3.7251096181289957698 1.2024654321290939585 0.97688912226856527976 0.76978495089900467185 4.38307e-09 5.91711e-06
14882956.878850100562 2057 1.3097251252326147508 0.1653528314320554804 0.25438688011039356507 0.83327228011960219334 2.5951429219917083735 4.1484953252125702505 4.2955045378935476919 4.4466957108423983414 1.66245e-09 4.28318e-06
14882956.878850100562 5673 2.0567383186945549234 0.043978489940126583302 0.15742511199999811855 0.35948851775746354376 3.9817228217601972062 5.1228696371794733011 5.1628578772245594664 5.2024492071166044127 2.67237e-09 5.01744e-06
14882956.878850100562 3324 1.8757963998802285044 0.010915037183359291989 0.065526010296103942565 0.48648661632266876342 5.9031798092345457718 4.8621430188963632446 4.8729273285048098074 4.8837020132817574591 1.99813e-08 9.81126e-06
14882956.878850100562 5034 2.7622647768683288305 0.062683055802763495978 0.17876742382606658488 5.5416082133230846196 1.1698747930156463415 4.735011931735470192 4.7976756273821568044 4.8601308489504742028 2.20492e-09 4.70595e-06
14882956.878850100562 6957 1.0379983600108435571 0.002768598177019500773 0.070067876134325135506 3.9262650791226807456 0.4412499004977710193 1.00051940695333208 0.99819067219792145806 0.99586368751244747077 6.68595e-09 6.81142e-06
14882956.878850100562 6308 1.8736109846340638363 0.14474722590781397003 0.068906626236264409413 1.5636824142695755491 5.7379457560139366379 3.985254833305785116 4.099366242648525116 4.2177568294607468147 2.73381e-09 5.0556e-06
14882956.878850100562 5344 1.8027642027267256619 0.21969151703561057287 0.13955584623135056099 0.88269309288736941266 4.1072546594547922894 3.5432409262980333331 3.6400269083663872038 3.7450506315876932462 2.73146e-09 5.05415e-06
14882956.878850100562 6577 1.5843557771778737919 0.15408662675146289622 0.18022651022246011232 2.5167641626990144843 6.1264494331003982452 4.3751889879410317263 4.5250404282538472245 4.6764307751311573469 1.63583e-09 4.2602e-06
14882956.878850100562 5484 1.0909220667021533036 0.15810181235148862422 0.18308466264349823605 1.5385486858456773884 2.978008366969230547 0.78023699432573700996 0.67440508563772771922 0.57568113579255297818 3.31273e-09 5.38988e-06
14882956.878850100562 5123 1.3453144366207152594 0.19579429185477631448 0.17885097864131344059 1.9818046780416378461 4.1735589542793753992 5.8171466146746775294 5.8987324610523117485 5.9721654977293265887 2.85229e-09 5.12761e-06
14882956.878850100562 6241 2.0036613426968528096 0.31365416100142307076 0.20372567991547271826 0.83585559792310992755 3.0254308751662430943 1.9031943666016324368 1.5848964572134245365 1.2712734750640870551 2.40528e-09 4.84439e-06
14882956.878850100562 5511 3.162679661281579957 0.083193910107707325086 0.18970054077701833939 3.8484387430249360484 0.21017183904360378643 4.4737524348951103192 4.5554890762510735769 4.6376610690040838136 2.90982e-09 5.16185e-06
14882956.878850100562 1788 1.4974523773714982777 0.014713248282603437131 0.079734791754445477618 1.0175553826318464168 6.2125450448036456663 5.77122831497042732 5.7783905264028332383 5.7855062627053879254 3.37316e-08 1.16823e-05
14882956.878850100562 6090 1.9011059203640265913 0.084606348255814201043 0.058090585713903818144 5.9986314873660608882 2.4960393704820842409 2.5816016770984484552 2.534911603765970245 2.4866738071092191475 3.39778e-09 5.43562e-06
14882956.878850100562 6826 1.83250336549945958 0.26793491551084475111 0.12987811739374741093 5.9493459617538864137 2.3703777996007864282 2.8815416850752919586 2.8007483351150410655 2.7111822589100249559 2.5665e-09 4.95029e-06
14882956.878850100562 6891 1.3756410309893967181 0.2173775431589287932 0.20325151286645709581 3.9489783600728527446 0.88807178654615748226 4.1744357510343315099 4.3739898823723972754 4.5790393662611466041 4.39964e-09 5.92455e-06
14882956.878850100562 1399 1.5491392630287794674 0.33673520039060850229 0.14771333402441624849 2.5183781465048422632 2.5490149807478585942 4.9083057533083644941 5.2344990375260600501 5.5263706041166598126 4.64728e-09 6.03369e-06
14882956.878850100562 6432 1.9600194754693769372 0.13466906920589244434 0.085000049590096868335 3.6936294072746056472 5.4167166118898153471 2.1663319982341726622 2.0500503556877571754 1.930553218304026597 2.86603e-09 5.13583e-06
14882956.878850100562 5597 1.8171366112700710893 0.36450654716556762924 0.16333504364219389449 4.8332973335872750908 5.2077247774538051317 3.060542177288607224 3.0229023006444566413 2.9797403965470876663 2.41109e-09 4.84828e-06
14882956.878850100562 6928 3.1816367407533707734 0.022237376534037341796 0.17506231659608029183 2.4417757544309468543 2.3176658306336572757 3.1858223236283480517 3.1868167232791346777 3.1878220451799470503 2.08658e-09 4.62021e-06
14882956.878850100562 5187 1.9147230737148912549 0.064911146775024769484 0.10725762203705369036 3.4008615909104156216 4.3770628200064845004 0.20963125754683972768 0.19652570712505548767 0.18385095536315948506 7.38199e-09 7.04003e-06
14882956.878850100562 5640 1.7629695516323862226 0.12005155693006432094 0.088821608557915099347 0.22369372594534950305 4.8050253801263496101 3.6100588310682866222 3.6675356038263355885 3.727804935583762358 5.24602e-09 6.28242e-06
14882956.878850100562 5842 2.0184040407258909688 0.18294111991449274468 0.24332917177768817463 0.39628867526448424696 2.8786373000082003948 3.8582284445971928299 3.9882922533098326134 4.125333100264054309 2.75394e-09 5.06798e-06
14882956.878850100562 1444 1.5098471142307625659 0.2054524852130573398 0.11403965757227735311 0.61560772192051049778 3.8859119057385087537 0.71795213851528594251 0.59141707388248787591 0.47686951270710575823 4.82654e-09 6.1103e-06
14882956.878850100562 5566 1.4948117906988804826 0.20239261969766650373 0.072082524712651252496 0.45210682145134589716 2.6813075061474322958 3.6012483470284557541 3.7010468716094080399 3.808461432044872641 1.33774e-09 3.98389e-06
14882956.878850100562 2364 1.527723966503471642 0.14945049459903844702 0.21781365963904589234 0.014849428279072443559 3.7620624439550991447 0.38858022665062247336 0.33535258625351316297 0.28616810932584452187 5.09377e-09 6.22104e-06
14882956.878850100562 5424 3.036615902883774698 0.0958360621578019517 0.30210992643568823635 5.8101457700712959564 5.116390840529451367 3.8002815349494247776 3.8613784545618088373 3.9245558504596922411 1.80053e-09 4.39863e-06
14882956.878850100562 172 1.5433263232321898784 0.16274098253048768781 0.161277801666431575 0.30755859045813782604 3.0410452093142437135 6.0680756243097260239 6.1004524114800373624 6.130025319361439351 2.7327e-09 5.05492e-06
14882956.878850100562 5929 3.1974571556767967806 0.11356531123034545316 0.21775695609851744572 5.0600313507504921517 3.9544787427349441522 3.9235780006548917065 4.0071990720283761078 4.0936777472346266293 3.18574e-09 5.32011e-06
14882956.878850100562 1642 1.7596072172033767611 0.072648593591493615396 0.031788431856668693254 3.2410910940603683272 5.131265141968261112 0.13009776315310200845 0.12098908370042171789 0.11222082567039394496 3.49461e-08 1.18209e-05
14882956.878850100562 5862 1.528528317089419053 0.23458068395503889336 0.19796781804103127933 5.8075057521765769408 4.9330539302152436321 3.0819827377384534373 3.0659006944053288635 3.0481617726986804939 2.59002e-09 4.96537e-06
14882956.878850100562 5069 2.7276277910407502603 0.088418620366746955574 0.15394160854392188731 5.4840888672069318943 4.3985903247986897213 3.478990847394444863 3.5095946767540562305 3.5414034472280460086 1.18876e-09 3.83014e-06
14882956.878850100562 6759 1.9743754980441146074 0.46112394480275709086 0.28445054295351779317 3.9255804178254276593 1.2467734693018639458 3.6502246388660006815 3.9504701619011930447 4.2840992208187058665 4.8924e-09 6.13796e-06
14882956.878850100562 1810 1.8901925396479846153 0.13228602288522089969 0.13851390429128074278 0.72869482945788310868 5.8517211162413538261 0.87112215529118997015 0.77371733730235126014 0.68127597843587994753 7.36354e-09 7.03416e-06
14882956.878850100562 5072 3.1121653250699621296 0.11073675669203135452 0.28197983106657881214 5.6206653774610755292 3.9710000827213911556 0.46677216214891681378 0.4191572767053550197 0.37408843251571577415 2.73643e-09 5.05722e-06
14882956.878850100562 4722 1.5318125426057307426 0.32798514230109132583 0.059041804396542316158 2.2043892372090483356 1.8238379131967388247 4.9134957312101654736 5.2305570260985287945 5.5154868977622877324 1.70563e-09 4.31995e-06
14882956.878850100562 6175 1.409932538385068046 0.097848201832294548486 0.070320188170874806111 4.0728267396905888376 4.0020615695714321092 3.2746335459769428944 3.2883087326099214032 3.3026131892636825249 3.23411e-09 5.3469e-06
14882956.878850100562 6799 1.7857067190340030205 0.14709751459586228872 0.077309480163755717186 2.2787962279880260574 1.9500973621042627659 1.5602272273349881981 1.4127170938958575341 1.2674536683019517191 2.97873e-09 5.20228e-06
14882956.878850100562 5182 1.8660480732803257364 0.086567718563196754955 0.1070227571390418575 4.8645679321669677009 1.7186752840725945113 4.1174423358640561688 4.1910267056190937396 4.2660931658520082621 9.37786e-09 7.62462e-06
14882956.878850100562 5372 2.0859129674113821018 0.10377709582746261208 0.055317498081421917488 2.1538664779725276155 4.3664670543189680885 1.5385703015943694716 1.4348334969239078251 1.3320141304048649378 4.85789e-09 6.12349e-06
14882956.878850100562 5855 1.6830167715192714262 0.0655608356616694532 0.12525819877530811053 5.8540746129672740494 4.5377851521840106841 5.7597682106518419687 5.7916642637556901008 5.8226068415493728025 1.62587e-08 9.15964e-06
14882956.878850100562 6156 1.8785338921977650095 0.14421638633729766399 0.15748742623105144167 1.4325193753820015807 1.6145740945835747038 1.6693319272420095167 1.5242796779977412225 1.3802192911366437666 2.69058e-09 5.02881e-06
14882956.878850100562 5095 1.9603182953869466854 0.11715254151857722176 0.11564143891369421668 3.1197014585369662321 0.42768475553055790295 2.0537684469362154083 1.9468377978309159282 1.8378712134033943215 4.6491e-09 6.03448e-06
14882956.878850100562 6507 1.7459966752569031634 0.42737867656518724324 0.13922113337465982785 0.6021362058583837884 5.6783113249622587659 2.6196400720479990909 2.3435260944990052856 2.0375196671265265458 1.72019e-09 4.33221e-06
14882956.878850100562 6653 1.8212562848728868214 0.094255568777070600217 0.13091484472367012626 3.7996354147158806214 0.81783796495283556105 0.82161484865934897304 0.75462337561212156078 0.6900569598239041369 2.19009e-09 4.69538e-06
14882956.878850100562 6463 2.3312504803627493999 0.20899797358253766055 0.26010212026390056028 2.3427331296499884772 0.070840300724830398971 3.8794938605797844033 4.033417224788802713 4.1960633896342418581 2.40859e-09 4.8466e-06
14882956.878850100562 6633 1.1721116321294438034 0.24815677645391379103 0.1259963852249084415 4.7338611216902295453 3.3590862810604913413 2.5563811059015999483 2.401090228721263653 2.2336690629329867264 3.02269e-09 5.22775e-06
14882956.878850100562 6942 2.839786544747798569 0.063151153755811054169 0.13188396626316889471 2.3874745253545395229 4.7773450097907819156 1.9188389749441456811 1.8587854169430524376 1.7982350195635379286 1.34834e-09 3.99439e-06
14882956.878850100562 193 1.0443075090382949455 0.30851817530428371494 0.26557078016418139699 1.9112026272554765161 0.23287005008441297171 4.4360374213076445571 4.7513482466346879107 5.0596323133412468565 2.99462e-09 5.21152e-06
14882956.878850100562 4502 1.5552594115470697034 0.22634767645946457515 0.08056827050671047652 2.3706660230990683758 3.4874550095409202477 2.2759801869637286131 2.087888049740648011 1.8911329388706574761 4.58456e-09 6.00643e-06
14882956.878850100562 5426 1.9444274845700793009 0.15153164558077997226 0.092997881792250589039 3.7421756177102274421 3.6559427461579061536 0.86196486358395274507 0.75184520740330507138 0.64835095480200277684 2.09851e-09 4.629e-06
14882956.878850100562 196 1.7325703708117630164 0.32275230978457569719 0.27241727820100336555 1.9039491733099149773 0.24123873098808973348 0.94811318690462031977 0.70370560360846412529 0.49486954145373207581 5.83048e-09 6.50756e-06
14882956.878850100562 6147 1.6141649815797582956 0.032452938606787225251 0.011327588534410378343 0.13616890043765436658 0.15841606991546366978 0.52970720410495630848 0.51353195565258336064 0.49758923243758407251 3.37103e-09 5.42131e-06
14882956.878850100562 5386 1.8183576236289795691 0.031017442266619711655 0.1019477706346330198 0.96661164892820838901 6.0510706738360813262 2.1726974804602652291 2.1468996993219122693 2.1208887284614883484 2.3788e-09 4.82654e-06
14882956.878850100562 5301 3.0435286766457645413 0.23307159940788110819 0.18484774510238241585 1.0281847348359298699 2.0929154514592784864 4.6435591821071486862 4.8801473828393664434 5.1099470133972255681 2.88595e-09 5.1477e-06
14882956.878850100562 6457 1.9189814903182500494 0.36591078644649971396 0.36452069383667035085 1.5940736232886296708 2.1338950502234346196 4.4247478303880223294 4.8042613327133398826 5.168628964713471774 1.33039e-08 8.56728e-06
14882956.878850100562 5100 1.5866028374142966406 0.067207517498007587897 0.12605941609918860924 0.39161653667946799695 0.83969354768995452254 4.569953992210342264 4.6368508422765959409 4.7038667075375748539 3.86655e-09 5.6749e-06
14882956.878850100562 6055 3.2339520354121953361 0.096852985462657692484 0.12903167618463654009 5.8739946366668345235 4.1129311386427449548 0.42388709206865526902 0.38565345248208060536 0.34922078065768247246 3.0525e-09 5.24488e-06
14882956.878850100562 5142 1.4961867852367258802 0.12449717092688875053 0.14108614726755222546 4.5593347143245051001 3.6132898045427088718 3.2020129778894945716 3.2100619546460942288 3.2185795301513886457 1.02472e-08 7.8533e-06
14882956.878850100562 5984 1.2476166635603433974 0.11905341177247312501 0.25009239507006908454 0.034201039133978004825 1.2368502207783975688 1.7956802117759695925 1.6777746783359819283 1.5594018626193359989 1.83318e-09 4.42505e-06
14882956.878850100562 6291 1.8573757529509091757 0.28917335737593663492 0.02551640607756822457 5.2877403038209855879 4.6054472051008712441 3.2464309341320052305 3.2826743094178949534 3.3233361624597450579 2.82649e-09 5.1121e-06
14882956.878850100562 6390 3.2112203877472493829 0.1579335610435082804 0.27123215599064121051 2.1425536139199992114 1.431819260662874127 0.30607948047802174818 0.26157045410524448759 0.22072916603420569825 2.74624e-09 5.06325e-06
14882956.878850100562 5954 1.5101530292461178284 0.25416750421203015975 0.09432654393022983641 0.25697378355288386098 3.4747200015553940666 3.7391127566273358873 3.9015215342959383982 4.0766098758645910038 1.68237e-09 4.30022e-06
14882956.878850100562 6542 2.1416112409452567888 0.29211930001609648366 0.14870986445365172446 0.13969984307893432152 5.1506658205667807948 3.0339059131814924974 2.9962183399510533555 2.953901118716476315 2.35942e-09 4.8134e-06
14882956.878850100562 2329 1.2509718171887322935 0.19638475668163687948 0.22056584129978509812 0.38207332085976486447 3.9531840423311361832 4.8217429883970233107 5.0161490200432492514 5.2035430018967669952 2.01911e-08 9.84548e-06
14882956.878850100562 6286 1.4065327502797995152 0.26706984272134215441 0.16860271059459097653 5.9013779142891475971 4.7872828777984199888 3.4493293880150974751 3.5439209753958125226 3.6484953267377773223 2.66284e-09 5.01147e-06
14882956.878850100562 5405 3.1737703914626043122 0.045262892804558488291 0.19624111841743488438 0.017966395338175750879 3.1198431389202063713 0.53323664657845692982 0.51065791787681469316 0.48853561857453098316 2.93677e-09 5.17774e-06
14882956.878850100562 5098 3.1953614993379928499 0.081350166422468422889 0.092552018341113123645 3.936864586407445632 5.3579764268787375414 4.5690227807720180664 4.6500997760102480427 4.7312921763679360865 1.90652e-09 4.4833e-06
14882956.878850100562 6419 2.7873214753332740123 0.42617008704002345976 0.55575928145690278726 5.7260891727852261113 5.9751911243701414378 3.6102132560938908767 3.8614161536236419892 4.1423696222142263323 1.9765e-09 4.53749e-06
14882956.878850100562 5368 1.6023728972322948128 0.22760245218676056211 0.092689568053550219773 0.66902787792569895498 0.42106629439675935522 4.5628449534303525681 4.7938536467644521366 5.0207012756264282061 2.65835e-09 5.00865e-06
14882956.878850100562 6721 2.4639117699000721018 0.17424070263450303075 0.43517393998779890785 3.9281098148213033916 2.8896983209134785575 5.2415646058430960252 5.386446276110183895 5.5225797874101747453 1.66278e-09 4.28346e-06
14882956.878850100562 5510 1.6832111520120036641 0.29384710977793410125 0.14574510965580728117 4.9451011342411597127 0.66532388392659380649 2.8596122341136327449 2.7619784454759694903 2.6530898226705041942 3.25682e-09 5.35938e-06
14882956.878850100562 6261 1.5847164416748320548 0.24479690969262590805 0.05636734989817770991 0.54541204009098787076 4.7862169033731927215 0.87323480096796812777 0.69726258004069952001 0.54007320115136492333 2.48402e-09 4.89668e-06
14882956.878850100562 5274 2.2175877781599222516 0.49963325897033206147 0.45098495293342899526 0.83151464407280906155 4.470059398015986396 1.6506580058768278718 1.1182173639582668745 0.66888600776706863549 5.75566e-09 6.4796e-06
14882956.878850100562 6437 2.2562117265369825425 0.32059513541550721527 0.32812310913320619221 6.2520769680012122649 3.5733435739691929989 4.906230780500936639 5.2168936853954690491 5.4975471534971136478 2.58679e-09 4.9633e-06
14882956.878850100562 6695 1.4821688967146946503 0.28806607176265164316 0.090148489200493481244 1.1275868295874971192 1.4014472227358367729 4.4855359082039338858 4.7799693110657432982 5.0673778197127719025 9.88303e-09 7.75914e-06
14882956.878850100562 6034 1.9635366185241920345 0.16638894765838174727 0.13903669100698806682 0.10146651939635641104 5.4866437635122764505 5.6256692562327597074 5.7216301228960233516 5.8102327687806791801 2.45369e-09 4.87667e-06
14882956.878850100562 6113 1.5230801500299848694 0.1740622732656107452 0.11838329646232188808 1.3112717398724216267 4.864258734088360292 3.245465557012532809 3.2653895532291508097 3.2868829246223807417 1.07283e-08 7.97432e-06
14882956.878850100562 5971 0.70441132349297652659 0.068490676830450097912 0.24385728100376616312 1.797878846908965933 3.2765400258525780863 1.8284432805318755477 1.7615760196126515336 1.6943279907258290695 5.17058e-09 6.25216e-06
14882956.878850100562 5748 1.8050880053686424453 0.10896339360899102988 0.089752181914768108806 4.9317416683046495507 5.8419706569605347468 5.3356422184515324147 5.4215871048469645999 5.5042777158933455794 2.75123e-09 5.06632e-06
14882956.878850100562 5053 2.9729490521259553937 0.17090319625702232731 0.23455469550749530327 3.5748831831110292612 0.43130434765665737196 5.0647997647188169879 5.2214048627755591525 5.3706417223746987233 1.90259e-09 4.48021e-06
14882956.878850100562 5116 2.7216198893603369413 0.13602393635198187227 0.11269096406462239535 0.088620744326410788583 4.9559806298763158239 5.1827505213977449472 5.3007726969158213137 5.4139226890467453401 2.56354e-09 4.94838e-06
14882956.878850100562 6595 3.0405077795849235756 0.089405500756189096312 0.19340562658845344979 2.2000130357815064208 1.2507732790675931689 1.8129186827518815051 1.7250592557815451755 1.6367154407442545683 2.5233e-09 4.92235e-06
14882956.878850100562 5266 1.8642073748370482367 0.22594887415119963014 0.078351058992616032239 4.7604384665378356445 3.2119397900992723294 1.8768387972362952087 1.651726490001308667 1.4265171597587065211 4.85139e-09 6.12076e-06
14882956.878850100562 5762 2.0921678436809680868 0.11477874868724857738 0.16134219596644727712 1.168015702723404825 0.49813419974760658748 6.1019144140745664728 6.1215618800501871988 6.1400321552018777282 4.50081e-09 5.96963e-06
14882956.878850100562 6628 3.3222656406550261643 0.048998581546014281785 0.17031880049966646729 3.9440614851832149768 3.3031706159445670679 2.6694123291945652809 2.6466162445665042391 2.623341384648543162 2.5094e-09 4.9133e-06
14882956.878850100562 6808 1.7458028780888055209 0.1978751365340687407 0.16980150564259730017 4.8231916979198619089 5.7653787162508889352 5.4021105210215401016 5.5468103712273855166 5.6797045973775937 2.07842e-09 4.61418e-06
14882956.878850100562 5481 2.2403854201665223123 0.38166134552046193651 0.13476308397312558585 2.4043210992335715126 1.4969817543581336317 4.1935922951196253905 4.5710954662447038643 4.9489534293130414966 2.0621e-09 4.60207e-06
14882956.878850100562 4662 1.3285243106989905737 0.22310525618631193989 0.14484817910426814325 5.4914545562250784982 0.74231356780620216806 3.6512907451426852568 3.7734455959453474527 3.9052207017853821647 5.28399e-09 6.29754e-06
14882956.878850100562 3089 1.6311195229837549547 0.02001154663105628867 0.19483605524287547772 0.61955287464716746193 0.72013089850138134462 4.6716106929265803771 4.6916150996341965396 4.7116223283878264638 1.46985e-09 4.11094e-06
14882956.878850100562 5878 3.1995696912379494314 0.0493806170930424157 0.0532447012125733532 2.2964010580467526523 2.5919413485765758765 4.4873934211449100218 4.5358162709583016436 4.5844290935111740026 1.44428e-09 4.08696e-06
14882956.878850100562 3948 1.5547335805653816898 0.16385361700308229138 0.12462899473445063214 0.28589903282624579139 3.4989921752188370974 2.3459887447318430453 2.2210976832116351432 2.0906863624038551919 1.41396e-08 8.74303e-06
14882956.878850100562 3872 1.2498832960870045472 0.21131330106497595023 0.048724853975835112629 4.4839628185126638726 1.1463098568277811928 1.6062376948735073157 1.3926493185892612203 1.1846803159491470225 6.86931e-09 6.87313e-06
14882956.878850100562 2498 1.6653041459467781138 0.37497651183012037368 0.15933055928990710881 1.1017317889887170423 3.9730863604669561795 2.3520232609297551107 2.0345098147536759825 1.6991316748594234021 5.39185e-09 6.3401e-06
14882956.878850100562 6200 1.9861698953428077452 0.17173224107750523215 0.11346370401910012282 1.8142261018170349196 3.1829721874110230573 2.9624319719305876042 2.9287340270655275454 2.8924547549027601612 2.64335e-09 4.99921e-06
14882956.878850100562 5535 2.2129837843182440515 0.28067267177319715765 0.36399818870913797086 1.8289905377856401358 2.2238278540453473298 3.8543707365092454431 4.0636709723268236161 4.2873275135851800499 2.07392e-09 4.61085e-06
14882956.878850100562 5450 1.8175543669953957426 0.068813265781164020818 0.16802670741463429649 1.8172036980592911615 4.962460401956556133 2.2822847644869974637 2.2289163598324619464 2.1744751936699664441 1.88249e-09 4.46438e-06
14882956.878850100562 5733 1.8662540398237577044 0.12072282092380882956 0.17528705148176748629 5.1487822279303649964 4.0876267644154271608 1.3903749121685189394 1.2725940047242167985 1.1571991411972533115 5.33623e-09 6.31822e-06
14882956.878850100562 6450 2.7108414594861072189 0.36713526714918731653 0.16836688355885628954 3.2777712340373779121 0.49983758405052358675 2.3115466425231621095 1.9922120381803261058 1.657197158599929665 1.74846e-09 4.35581e-06
14882956.878850100562 6407 1.84822194282782859 0.066846811537328854058 0.12035047227575530748 0.19910162088777125233 4.6295754582706836189 5.3343667438011985737 5.3877031015652203649 5.4398777478254771722 5.15346e-09 6.24525e-06
14882956.878850100562 5576 1.739250494577868178 0.087685403736155173582 0.204306972397936909 6.2602382188751857228 1.7495839442984595369 3.8409546840005246437 3.8994598404567764049 3.9597325018688076526 3.16141e-09 5.30653e-06
14882956.878850100562 246 0.8879304622635013633 0.064394699035274338694 0.10362818198348017207 0.41342246735135168567 1.6591538374576497716 4.1270747568546770623 4.1817664398752123489 4.2373063647647999375 9.52298e-09 7.66375e-06
14882956.878850100562 5992 1.9423714829687832584 0.2185685191556629714 0.13138753496308303026 4.4468526116220523647 3.882064383143852826 3.8226823414146626767 3.9747893453823435195 4.1365486206342279019 5.52752e-09 6.39283e-06
14882956.878850100562 6196 3.1733050216671605526 0.2315048574351246391 0.019293593264659378989 1.0515388876301727805 1.0614225122980411875 3.159476612373336657 3.1642314945110494584 3.1694720484786507164 1.25424e-09 3.89922e-06
14882956.878850100562 6421 1.7553678022674776837 0.080420557901577302551 0.086374865581921367319 5.6357629180203749897 0.1245943490398157133 0.87145825515115504789 0.81139093801215467217 0.75306628843699996434 7.15956e-08 1.50134e-05
14882956.878850100562 5394 1.5256825997605054646 0.2731519410350134458 0.14463404639701737953 4.2238281774550499037 0.0026577037025302674422 0.98910061279471539475 0.77381700703363276439 0.58291919230983757494 4.23442e-09 5.84945e-06
14882956.878850100562 4243 1.9065712859791061895 0.061010715580747811038 0.10275941915631658929 4.1384173308060789864 6.0500300689475352556 5.790955613749345865 5.8190575829182762391 5.8463686009697841683 7.70334e-09 7.14074e-06
14882956.878850100562 5711 2.3289884024599785128 0.12361395474407489703 0.86281420865934854714 1.9454606822796083332 1.5158191259239948145 0.7808657192664496538 0.69725523626364649399 0.61788074402091952564 1.73005e-09 4.34047e-06
14882956.878850100562 5322 1.6079313277422813133 0.21704529148721574128 0.062090991765563527394 1.4413077595460761504 3.2480125066211535945 0.18432613968421782125 0.14799269854926011547 0.11598870374627454072 5.00791e-09 6.18589e-06
14882956.878850100562 5046 2.0383546303867992044 0.28887921964225421467 0.07440791570942856259 5.4979980412137479107 2.2028686464049389571 2.7784855376168824392 2.657017229204333475 2.5224478406027279753 3.3008e-09 5.3834e-06
14882956.878850100562 5351 2.9769330900683783625 0.10148436074295261178 0.12790353410134355783 0.087111347913818595878 2.1885168729040964664 0.60772599543765681851 0.55197183438952779344 0.49875675934301116898 2.44807e-09 4.87295e-06
14882956.878850100562 5321 1.8885164978256170354 0.18614013639768220432 0.14888607056553049279 0.50986225462069934 1.8532781591739824201 3.3776262304300028738 3.4259403798034462341 3.4781585383337727535 3.33881e-09 5.40398e-06
14882956.878850100562 6337 1.8247380358320732796 0.14192486318865515926 0.1913713685681207588 1.4580254806197769923 3.0580922964790775431 1.1620874017589799543 1.0349692783439525812 0.9129356570762703349 2.57504e-09 4.95577e-06
14882956.878850100562 6131 0.97224348304352459227 0.21853230286963865048 0.076942892656338954249 0.29905086206000225379 1.4749042999958330569 3.9692144640006676859 4.1448162868620013199 4.3290845485300648576 1.45631e-08 8.82947e-06
14882956.878850100562 1239 1.0015852671502492033 0.1866921955274698508 0.11494143018274778634 0.91608807168099570806 2.0040992242474158225 2.1326793825573076013 1.9652617660919000642 1.792907132441182938 1.31823e-08 8.5411e-06
14882956.878850100562 5775 3.0489553560464690563 0.098476735735862616639 0.027807521391365178087 2.5240147635543741522 1.6072461326981328789 3.7408178828771263547 3.7988437968347659179 3.8590074655327790687 3.02463e-09 5.22886e-06
14882956.878850100562 6935 3.5007241048091621849 0.025679608795006862026 0.39330068599384948591 2.6094033723731993035 0.62115754349274021617 4.2502234983693867321 4.2733441914685741381 4.2965882976950915406 2.603e-09 4.97365e-06
14882956.878850100562 5807 1.7914180594833679638 0.04633771845787735405 0.070296957426393302804 0.86951655716077358438 5.8872942272334851666 1.875105119497902928 1.8305706425097183487 1.7857876484528685257 4.88354e-09 6.13426e-06
14882956.878850100562 5927 3.4584658174207070225 0.12995840542628861458 0.18844233104109683885 0.58264825453084401197 2.5570373492693443396 1.3318800649556250537 1.2071657762332321795 1.0857051288260071154 2.21586e-09 4.71373e-06
14882956.878850100562 6445 1.7436819161526129207 0.21139115464510002673 0.14372030114348186003 2.0851075573384689754 0.10639974280477569601 2.7763120627339232804 2.6915166804515311405 2.5995543530053439873 2.3322e-09 4.79482e-06
14882956.878850100562 6807 1.7405840886209646978 0.11867925057302805558 0.055917661830250514621 1.7735879210347396118 2.9831989999540255987 2.7225382774330855185 2.6713002020434450934 2.6175210549087331025 2.57067e-09 4.95297e-06
14882956.878850100562 4541 1.9913115352759434007 0.14088507413994444395 0.11811243719417176268 2.4120500189770384125 5.3452884661226125473 4.3384973121492205195 4.4735992374872086685 4.6104866898579999202 1.04208e-08 7.89738e-06
14882956.878850100562 6123 1.2813441179768885192 0.17274422450791390715 0.096296771287302435072 1.6761359902159984614 3.6418694058504872402 3.1174578935102812416 3.1128573407377415627 3.1078941644997550853 1.87233e-08 9.60087e-06
14882956.878850100562 5407 1.5442509188392947728 0.10042643360839993705 0.17673393547647850421 3.0108161576798817549 3.3207636131310440675 5.3123526685916484524 5.3931097763863506955 5.4711530946973239153 5.11323e-09 6.22896e-06
14882956.878850100562 5704 1.8337412109162156693 0.12943095105944230072 0.036822603288611678585 3.2668281440853275122 5.4590899950304869748 3.159705604293415071 3.162223350831697477 3.1648934121795564423 1.97064e-09 4.533e-06
14882956.878850100562 5968 1.0494070331999900691 0.071880790016182430358 0.10917877090469051138 0.58416022256621891184 1.9477561485962491261 2.4971366836132626865 2.4526239517127059742 2.4069263533727101034 1.90606e-09 4.48293e-06
14882956.878850100562 6005 3.0248387407198311649 0.25447784838511694483 0.39008652976492930176 5.0002381247511022977 2.0697990324570532117 5.6610511186648304616 5.7972804103159587541 5.9161237815180367505 3.36675e-09 5.41902e-06
14882956.878850100562 5476 1.9732580097438205957 0.30495712764057064659 0.21604380089831015654 0.97677289229252850511 1.7755176686859683866 2.6703331690048943692 2.505942865475158321 2.324889661707956634 4.35596e-09 5.90488e-06
14882956.878850100562 5997 1.7092106408504079695 0.25071599950594691819 0.055979902247838317364 5.5386651594853182345 5.5226370255905239404 0.60081625695463303227 0.4706626129020361482 0.35696868598810838069 4.37918e-09 5.91536e-06
14882956.878850100562 6710 1.9948025521810655025 0.059309977548546992387 0.13355797959432225142 0.6828016776757825923 4.7276002709769722188 3.5674053578203666071 3.5926054605010602216 3.6184573327798301712 2.35382e-09 4.80959e-06
14882956.878850100562 5938 1.4410454477594973888 0.21058819817329371693 0.27742355832068688049 1.2865706562340428754 0.26139552777042829312 4.7935234813838922818 5.0032110360441626185 5.2049563163381513675 1.88863e-09 4.46923e-06
14882956.878850100562 6827 3.109371933990128678 0.17330258977897464168 0.12191280541133653337 2.4610814793718893689 1.6603565791236911675 3.3569887373595985736 3.3977864679059832653 3.4417014202196081207 3.04652e-09 5.24145e-06
14882956.878850100562 5420 3.4863834861939730914 0.039116994002639453309 0.32152764580040427145 5.4448078306028744322 1.026961673838519884 3.4826219541100482679 3.4959555942788549388 3.509528915748271416 2.55489e-09 4.94281e-06
14882956.878850100562 6167 2.0796526052221335767 0.26119780988544138989 0.16775801491084074701 5.2945052011084063892 1.1303353574973282747 3.4666209740042326359 3.5636591403340189821 3.6706579004109189945 5.7681e-09 6.48427e-06
14882956.878850100562 6036 1.5161143843630933148 0.24306195887217757479 0.10190097128850732211 2.8008935002959423066 3.1956063226291822055 1.7254544320987625916 1.4781816102998501794 1.2361613367610870817 2.34807e-09 4.80567e-06
14882956.878850100562 6312 1.9447815849209701966 0.27247503638637410317 0.077460696131315509572 0.10826543744865244068 1.9003075455522699944 2.34345663232668322 2.1241240920658150948 1.8923076649627992296 4.34831e-09 5.90143e-06
14882956.878850100562 5195 2.7806309782358789029 0.17836230337966774151 0.12376623199391204033 5.4659308761095557472 4.265085834170185386 4.0433512384991221467 4.1924449020566862956 4.3472360856596319323 2.26107e-09 4.74557e-06
14882956.878850100562 5651 2.7508914875633241337 0.1214996744912252985 0.16698593384290125186 3.9149353057955154078 3.5967343173291221881 1.6785854331472866985 1.5566923407776978028 1.4352047505908855918 3.34796e-09 5.40892e-06
14882956.878850100562 6056 1.8194753672099419628 0.16120380024879674141 0.17467840462555284109 0.39174615519923400297 3.87261087585986985 2.3817519562048952153 2.2631374809592674779 2.1390502639251174344 3.00235e-09 5.216e-06
14882956.878850100562 6170 1.9314939119616387764 0.19280725415645894039 0.19634148356787481382 0.28308548882626238807 3.4398962268376775953 2.0527158629838226922 1.8725921887483301109 1.6884990058681035308 6.44558e-10 3.12323e-06
14882956.878850100562 6886 2.7605332849822032948 0.37940847950372375008 0.69054947980313774458 2.6402705050933108488 4.3372666675632904898 1.3340949615310995213 0.97187865899031533612 0.65850764353461710421 2.88448e-09 5.14682e-06
14882956.878850100562 6185 1.8521315736389210027 0.097757730962714617373 0.11290858028593842022 3.4832980297440698791 0.041377797605507755929 3.6397882739341707037 3.6887093413267053599 3.7395655490353201245 4.56223e-09 5.99666e-06
14882956.878850100562 6037 3.0395794665020199332 0.11253453249951982096 0.30039296182737745822 0.71886188680166318576 3.3753379084133521282 3.515313829703106574 3.5588082448308382411 3.6044090900368717101 1.83549e-09 4.42691e-06
14882956.878850100562 6149 2.1672807556071780333 0.19752390572042702321 0.51669230726465120718 5.7280696251774658734 5.2543482510552568243 2.3536416319301038946 2.201812548709140227 2.0423261396504877041 2.75102e-09 5.06619e-06
14882956.878850100562 5846 2.7957369307027724048 0.073300924071330333942 0.07477947791022974966 2.1985512803299309681 4.2410526685587148776 1.2561774949566921755 1.1871918555088758485 1.1192183228552328167 2.37403e-09 4.82332e-06
14882956.878850100562 6333 1.630457021516388938 0.21354437614022631076 0.092731869852710285818 0.38791216791133181774 5.60607541061797221 0.81943905883001044721 0.67267340755148175013 0.5396183399222937993 1.94245e-09 4.51128e-06
14882956.878850100562 5488 1.711949558227501722 0.14740825837488871763 0.13281483896729975869 2.1536381381194953377 1.6510917480469837759 3.6231822278740195564 3.6966280755245999323 3.7743083073641638947 3.37985e-09 5.42604e-06
14882956.878850100562 6244 3.2290672507395563606 0.035907099447819550153 0.31532540860558094797 3.7299513923886107314 3.5008299905165425336 1.0449533329967861661 1.0141672027825543445 0.98368060830112347137 3.08558e-09 5.26376e-06
14882956.878850100562 6192 3.2116451456185561852 0.25476867293561278327 0.32182547105210002059 2.3644680873051893144 0.82073756908838113588 1.7949117768531139827 1.5363127391013313705 1.2816955261406905997 2.79503e-09 5.09306e-06
14882956.878850100562 5914 3.1971690780548587263 0.092562117197748941533 0.11090869091724248063 2.4988217325794570556 1.989505117668157963 3.4472579936080638419 3.4764621596856311037 3.5068823225236935848 2.63408e-09 4.99337e-06
14882956.878850100562 6739 3.1929049045297408504 0.04316763534149283682 0.159211287425822412 2.9575954940832129836 1.9819537652465772926 5.9712118643627078995 5.9842006786718409117 5.9969157070885348304 1.84353e-09 4.43337e-06
14882956.878850100562 6164 2.0159526496369815085 0.17124094357321806292 0.068904912940181167746 2.5650238793998605402 4.025509120856585632 4.6519962408532435916 4.8246676586580008461 4.994830361068854252 5.09634e-09 6.22209e-06
14882956.878850100562 5361 1.8029503489485936285 0.24515042864343000728 0.11460378333160063657 5.8529500539257188763 6.0900121103305053794 3.1201479074798972313 3.1140509497611126299 3.1072999428284102663 3.09083e-09 5.26674e-06
14882956.878850100562 5650 2.0305543127634888556 0.050390302516534132837 0.084646238390219799563 4.8757858445668444958 0.47630796945083625493 0.70270270256803923914 0.67073345294163622121 0.63941282041685698623 9.54988e-09 7.67095e-06
14882956.878850100562 6814 1.7471199131329011589 0.30376051940233567139 0.15289317631211771231 0.87794196801704404987 4.4553031974099024382 2.6213405282943669228 2.4430303672590882869 2.2476766924838429418 1.89305e-09 4.47271e-06
14882956.878850100562 6631 1.2643106722940278264 0.16710717941512720497 0.19538407234957180791 5.7473868674382115884 4.8100543455031363749 0.26073849644907265422 0.22062158896616426706 0.18405249084063593501 2.32153e-09 4.7875e-06
14882956.878850100562 3400 1.5252327800625868903 0.1899165048558212332 0.035893556916801808154 4.7586384493375319948 3.9510306419438672165 3.0334001384435875792 3.0105260135534539501 2.9857055011014268509 2.20416e-09 4.70541e-06
14882956.878850100562 5798 1.5191521793415614372 0.078708786120375087703 0.18422902436443044927 4.6900451689335920236 3.4209883108392444839 5.017157209717019839 5.0914422768596034885 5.1645639490047399178 2.01067e-09 4.56349e-06
14882956.878850100562 5551 1.7707180082463938042 0.30314684863540430904 0.062539972028172713392 3.308290950587708501 0.81197534714905705844 3.8665585497279697513 4.0984408962131340104 4.346227039067135145 9.09521e-09 7.54723e-06
14882956.878850100562 2928 1.0429809954322275534 0.17603226602339738793 0.10753706239089379226 6.1416964821835557942 3.7867317964668205654 2.8694026513383406041 2.8172611573862220702 2.7611640386699232153 9.69793e-09 7.71039e-06
14882956.878850100562 5185 3.5295092367497771235 0.0092588186948463109538 0.22669537983971493889 1.9794932539298559782 4.1905054669855292815 0.58977092879255266222 0.58464108313839002751 0.57953114005034900291 2.64564e-09 5.00066e-06
14882956.878850100562 6227 1.4142339353663568868 0.14323362774463505032 0.19091273752646314987 0.88679883024786998469 3.3936034955946441372 0.68447729445015947913 0.59830813466480337048 0.51763246571422016906 6.71025e-09 6.81966e-06
14882956.878850100562 6499 1.8942596752192681908 0.42012816863941954137 0.30522593824727378697 1.2714043073218699309 3.1324897051965234773 4.3035035405992392299 4.7394538546553555136 5.1594281591870458925 2.00728e-09 4.56092e-06
14882956.878850100562 4406 1.3710336135611358443 0.18447397544161545091 0.17580197803110517163 5.3801282798208784897 5.5790880355076648556 3.7142620604569565046 3.8235334171228743116 3.9398075342338625404 4.822e-09 6.10838e-06
14882956.878850100562 5453 1.3680784370795693317 0.025351499558348714047 0.11751270513546739627 3.4993122779989072058 0.18663370109412469322 4.3418365749594141079 4.3655790934948601745 4.3894212107539001266 3.03837e-09 5.23677e-06
14882956.878850100562 5134 3.524537754397004452 0.0545468993244679623 0.33819800139812655759 4.5525026604964384802 0.61315539454031331434 3.7374241158977312693 3.7687639609514667072 3.800775176602834371 2.31886e-09 4.78566e-06
14882956.878850100562 6863 3.1292647921826977075 0.10876337027884631914 0.10032212010983816708 6.0667600444905298573 3.1677528809839836654 2.4000059241637003993 2.3232720950109477798 2.2438749381843341446 2.72515e-09 5.05026e-06
14882956.878850100562 4313 1.684671234911288229 0.030345621444501959252 0.11198863035684185341 4.8596055337272794361 1.2061011186549082108 2.2812605293294283548 2.258022483836915395 2.2345650544578754548 1.98502e-09 4.544e-06
14882956.878850100562 5577 1.9255199889224516863 0.26820100035117616644 0.17622659236983020947 0.057105108168222368237 5.1727148459494660671 3.8012682036558023135 3.9884175547429632225 4.1893486778932285119 6.01747e-09 6.5764e-06
14882956.878850100562 5417 2.0410326960734077595 0.14071154046265882398 0.021864335890871760409 2.7258164396843453936 5.4691165448131791038 2.0765112987071971951 1.9485842907912649391 1.817795326808373968 6.2485e-09 6.65951e-06
14882956.878850100562 5880 1.9814911339058896012 0.17919735250092033718 0.11984751902146682789 2.1259143533839353069 4.1310369166463019042 4.3976466590312188742 4.573915558297587225 4.7513976096826384676 2.24295e-09 4.73286e-06
14882956.878850100562 5030 1.9733068625752758773 0.32942399263804666987 0.12701322419796678975 1.1948652297787230037 0.36631573520007743028 4.7939157115837858214 5.1240435341080994291 5.4259474619627754421 2.14686e-09 4.66428e-06
14882956.878850100562 6137 1.7555621569660060377 0.20262998575752286246 0.076004570924893197215 5.0336894379549965706 0.271298292259106677 5.0485964619882643944 5.2350296212262659168 5.410609329313452065 2.35406e-09 4.80975e-06
14882956.878850100562 3887 1.4384725741230817153 0.43739350098178925164 0.14087686198486171207 0.60222995624994668518 5.6532361911494213302 3.4532775826881731973 3.6336858540827887687 3.8403419292819522823 2.52093e-08 1.06016e-05
14882956.878850100562 3103 1.2318217863347715735 0.21394158098588691996 0.04447414475085512825 5.0853804032520208978 2.3770901456993662748 4.2696686389325488875 4.4740423411194907288 4.6819357198517206342 2.18756e-08 1.0112e-05
14882956.878850100562 5607 1.9048439787908431065 0.18582209259480270136 0.092352405700662679178 0.96938574993448545225 1.7477551427211033275 3.227105185196745829 3.2447640152680810033 3.2639015403602735788 1.18158e-08 8.23514e-06
14882956.878850100562 5029 1.9370470686361966894 0.1332183109797139553 0.099668118407745004417 3.3866207171243165597 1.6429778537540307148 1.8762937706287945439 1.7462378015856117042 1.6150644478186677588 1.87308e-09 4.45693e-06
14882956.878850100562 6282 2.7941969428644339857 0.07339353432543763156 0.016100337187888190404 5.3707300477336206157 5.8925653597614155998 2.1939498482021697612 2.1329817522744138891 2.07088405382420504 2.68214e-09 5.02355e-06
14882956.878850100562 6604 1.6067926013536752983 0.22427143642353195019 0.11948703544631554541 0.84703593248816522188 4.286006204877590875 1.6486369762127619509 1.4211283610818739032 1.1993641353320458887 1.08355e-08 8.0008e-06
14882956.878850100562 5362 1.5162109168483999255 0.12665194844606131319 0.17865762190150002997 1.7777119846387672286 4.3904986069162150741 3.9021089678992386673 3.993930592506774957 4.0892768834152590784 1.49782e-09 4.13686e-06
14882956.878850100562 6068 1.6761704145843698832 0.17832595143164320373 0.1328565949315411443 5.1239763540478984183 5.9039908616868057578 3.9222574196177784067 4.0571931403487635492 4.1985928900585385293 2.08722e-09 4.62068e-06
14882956.878850100562 5877 1.6821280053666733956 0.072595136009466168514 0.054865105594303090197 4.3230212361181949987 1.6333251856216486342 1.7395504607280676268 1.6674831090051838167 1.5952270305207685297 2.13222e-09 4.65366e-06
14882956.878850100562 5479 1.4750685143571062863 0.26437302341717072718 0.12029356373423977233 0.19459768450049080846 1.3788046111899436852 4.0991689652242939701 4.3366464461012688147 4.5825755901009568305 2.12255e-09 4.64661e-06
14882956.878850100562 5257 3.1620102311660276406 0.019824526503099574454 0.2305502168052498968 5.8628337991396657358 0.56472867034999352231 0.31878413803705551999 0.31262824900818020346 0.30653100673939909226 2.20895e-09 4.70882e-06
14882956.878850100562 6565 1.6475253278956656366 0.10765289930669673379 0.1599633083431823144 0.33803381175213220722 3.6473530077716525 5.2793640356679780723 5.367813228773552936 5.4531593085821494782 1.41094e-08 8.73682e-06
14882956.878850100562 6327 3.0272864857552788109 0.16673463783764752577 0.14847995593810583981 2.8628480835132408266 6.2622427497718762268 3.612021393342714326 3.6942395805656595975 3.7817655890557895226 2.25041e-09 4.7381e-06
14882956.878850100562 5595 1.3532771566700207977 0.32490817477342548436 0.10615371312907498358 0.65016150607861611377 3.228972257920425637 2.9014972263379781303 2.8067776924776328684 2.7000146819596682057 2.78921e-09 5.08953e-06
14882956.878850100562 5226 1.3209218713732013839 0.24321889953027461817 0.23497992922149599226 5.9636871152106403215 6.2519801883129524356 4.6563604025897173955 4.9033522965635372159 5.1421499261335856801 3.2729e-09 5.36819e-06
14882956.878850100562 6709 1.4311744770282996964 0.22895168739740218156 0.11384139907214449461 5.7878574460508813715 4.4450942351406776964 1.4875819511205043977 1.2595532330067706894 1.0416018459159135379 2.29225e-09 4.76728e-06
14882956.878850100562 4581 1.5075772541754972611 0.11509575932448110058 0.097373762977495031956 5.9246422475073945435 5.0916459389343531328 5.375276371474319248 5.4631195938577636895 5.5472765379859003687 2.62777e-09 4.98937e-06
14882956.878850100562 5923 2.9936092922108046288 0.053393243791607633564 0.15567319346548919023 0.55121475000169284364 4.0919325231032104284 1.5152433327785681527 1.4619860184348589804 1.4089085424553946524 2.22479e-09 4.72005e-06
14882956.878850100562 3796 1.7892682626027258674 0.10680806409761060827 0.056357918745420926276 3.3210022726124783787 0.51086314650141684268 5.8582547846823711524 5.9003528455856404378 5.9402509322309295925 8.15222e-09 7.27683e-06
14882956.878850100562 1253 1.4303324774327419444 0.43587907824999105877 0.10730401373977820068 2.7604323625800479824 2.8337453760916901935 5.7678902701885288451 5.955813333882516325 6.0959727306480049336 5.22993e-09 6.27599e-06
14882956.878850100562 6311 1.6229025921642685759 0.16299429433448989202 0.076034872009483195354 1.8882344922730862624 4.045306034774874604 5.4108518583367031241 5.5300791093248964359 5.6415522500295285369 1.23412e-08 8.35543e-06
14882956.878850100562 5437 1.8979276993754472525 0.18514523183819084351 0.0433513323362116898 0.79913219002749047437 3.2028930759730447342 4.1016268201313028641 4.2629286824067742501 4.4296856088201872481 4.54448e-09 5.98887e-06
14882956.878850100562 5114 1.5134139282102410107 0.29465676116986500022 0.027551308424017942333 0.68140126297446435011 0.047443658499994156852 2.9915279988123586463 2.9386016958669838317 2.8791989589672892791 8.67957e-09 7.43047e-06
14882956.878850100562 1517 1.2694641642401593984 0.34380559961361251142 0.1809635067839173439 4.0330615370728404301 1.7918224139463334588 3.4149344058787982625 3.5302425145665243811 3.6605239723480593739 2.17631e-09 4.68551e-06
14882956.878850100562 5753 1.8879071223556584957 0.18459322979078579552 0.060505798417378020559 0.9157613875546983806 5.7959539799929062909 2.1206819906929066377 1.9542041252668109763 1.7830132456709457678 1.44813e-09 4.09059e-06
14882956.878850100562 5766 1.7635864753491239387 0.21534396115212567357 0.13791458494782937727 1.2181843276096515627 0.33930671875883788857 3.3414346746284007139 3.3898527191393821312 3.4427665509217941775 1.13863e-08 8.13412e-06
14882956.878850100562 2957 1.6350090691354799421 0.37085208249120876767 0.091236199303385223658 5.6510912444016137002 4.9575552827260018773 1.3549004029353441947 0.99796398457987500752 0.68631132498966385125 2.55608e-09 4.94358e-06
14882956.878850100562 6197 1.843021684491140233 0.090728539805608146573 0.087012198542589708206 0.96006516362069049819 1.3854001359075684974 3.9862696590174704347 4.0563398264965382367 4.1282338826479483274 8.02678e-09 7.23931e-06
14882956.878850100562 845 1.2681894920584118047 0.39259176808678519777 0.050851644511220844835 1.9874370291315810455 2.8398538860668591788 4.3848616072769548424 4.7936145441928950106 5.1849119439607704862 4.26604e-09 5.86397e-06
14882956.878850100562 6154 3.1883834838572986392 0.081496231251479270274 0.20024760620230044883 3.3272186048342011766 1.8279946918160929759 0.77351381731522017571 0.71811372498823711208 0.66449202562155651464 2.04677e-09 4.59064e-06
14882956.878850100562 6209 1.4991967483049997156 0.27639185300361895914 0.16742440824253490561 1.4979158564775303386 1.5430450282464600598 3.6125611429914337158 3.75857683349946603 3.9184910820537206533 2.89646e-09 5.15394e-06
14882956.878850100562 6392 2.971972635662382789 0.25279553983973845899 0.16905588950726255226 5.6713367846603350841 3.8967964015818994383 1.4526014693157278668 1.2025451581210355734 0.96669745496774983629 2.75286e-09 5.06732e-06
14882956.878850100562 6347 1.4646066511070154892 0.25074892277059535051 0.10576138586449682077 6.0850574017708343177 3.811654994644012806 3.1183742693039095961 3.1115947905783460925 3.1040739868210867058 1.27077e-08 8.43734e-06
14882956.878850100562 6735 2.0514317815455158645 0.29498972513566112941 0.16976057685080769843 0.599048924962812257 1.2096949662170835005 4.6917675528181517208 4.9920697907063322774 5.2755972768569368014 2.32036e-09 4.78669e-06
14882956.878850100562 5485 1.5759630889777829221 0.31940409988722640033 0.16630203006319832504 5.6169112340190725519 3.2300318516501804744 4.3226249107522232151 4.6434023234009806913 4.9620466772495523955 1.60307e-09 4.23156e-06
14882956.878850100562 6816 3.1070995190345018777 0.056927507497167753603 0.17336839866114792108 4.5953021275176064719 1.8587041227243885633 1.0431838796367771671 0.99466349163529521604 0.9469254678181371343 1.76213e-09 4.36713e-06
14882956.878850100562 6572 2.9985488082608902083 0.10404614753141859518 0.11575514590322409647 3.0650964525203976407 2.8472892990392302259 0.34822999166702683915 0.31429653328303397419 0.28213092262141803435 1.66053e-09 4.28153e-06
14882956.878850100562 6740 1.9543428487024419038 0.12336178664492336576 0.074423465181007592006 0.4972947405807424115 2.5755117580388504628 2.9046307934739470369 2.8737012927323632994 2.8410476004933946648 8.24013e-09 7.30289e-06
14882956.878850100562 6480 1.7661099837090670217 0.088517152022981715476 0.13240192032362940733 0.66119024461419828587 1.8346598257660884368 2.506833543253561114 2.4523071213081961695 2.3960114527979099464 5.51174e-09 6.38675e-06
14882956.878850100562 5642 2.8416076465042734434 0.23089395605959123214 0.045531977732568847117 3.1690116605525084914 1.1442271830625094786 2.9342530729596676409 2.8798528021742244576 2.8201063272402415727 2.80041e-09 5.09633e-06
14882956.878850100562 5478 1.8979512867425414324 0.30851283460647382917 0.11006654430368020825 0.91123045062693375229 4.4587970695589795866 2.2169701633661618168 1.9397214726149685227 1.6519667726590057111 2.28234e-09 4.7604e-06
14882956.878850100562 1447 1.1284234138145772253 0.43521171970933020257 0.105545389249358329 0.0072178171560079613933 4.6514369248519038536 1.655216576818943075 1.1979593769001430914 0.7926476988369248744 2.94046e-09 5.1799e-06
14882956.878850100562 6815 1.647433278858324357 0.21825183140614329291 0.21491673820278345275 5.9271427525408402204 3.8510499141629930264 0.71105081646210432922 0.57820526217701784244 0.45892587322330569144 3.57143e-09 5.52668e-06
14882956.878850100562 6044 0.89878455964235903775 0.29641994438153929092 0.20026573724818899636 2.5932980628700494918 3.2220844176029723727 4.4711286991604408669 4.7743040659645874513 5.0701560321837710887 2.72625e-09 5.05094e-06
14882956.878850100562 6667 1.8832664294096046476 0.39898759885242324197 0.34165765283316051892 1.7901783404788882414 0.74382104346728905586 1.9357866574192166276 1.5217467414048009289 1.1232390008514907542 1.85586e-09 4.44323e-06
14882956.878850100562 6040 2.0268163445345370732 0.17082767563777068176 0.1162026548084856975 6.0257055195728979058 5.9507201120759090074 0.21397791167494667475 0.18027188072624525383 0.14964298158156985608 4.48499e-09 5.96262e-06
14882956.878850100562 5950 1.54333213368085298 0.11570354912795932645 0.080784209908808746192 5.7368778236015884886 0.058829477954168298004 2.3943086481115405384 2.3119434320801937055 2.2265895494033007829 6.81029e-09 6.85339e-06
14882956.878850100562 5158 1.7924724722776546049 0.06066736540495162866 0.13145462742876257156 5.1845583020132597341 5.7631377194273483155 3.0987889694482029235 3.096109299401779591 3.0933508954310453554 5.85576e-09 6.51695e-06
14882956.878850100562 5252 3.1546967078346175306 0.086188007458079932133 0.20044767916877406777 5.2673715775760543423 5.5998920857743001989 2.7914514350531560716 2.7605816505265781124 2.7285318502573643329 2.42859e-09 4.85999e-06
14882956.878850100562 6104 3.3471372873881186649 0.11237674808226670586 0.12426213997442811521 3.9566364380915399757 0.66888142879738055058 0.80471201794904811955 0.72656778923474840681 0.65191500337360430706 1.75259e-09 4.35923e-06
14882956.878850100562 6267 1.9122338603853781258 0.14289564068653992646 0.12077457197643116926 1.9169970372747715537 3.1768039799977594306 1.9728949195393183924 1.8371049094306672878 1.6992464908686444325 1.78459e-09 4.38561e-06
14882956.878850100562 1284 1.7304583316334951615 0.048050180476009785036 0.16682394376832967997 2.4136742578903191969 3.1888513024483309266 3.6804950506739260163 3.7056868288455926397 3.7313768841303232016 3.64405e-09 5.56389e-06
14882956.878850100562 6952 3.2107301265714291993 0.15327112390474686987 0.13896417029125668341 5.5579033737637733026 4.8423722564017097625 5.1646441996965970489 5.298604976752518958 5.4262859533850091864 2.57429e-09 4.95529e-06
14882956.878850100562 6649 1.7549506908301637509 0.19742175689563717933 0.18311514572120413114 3.4569336732677324875 3.1999959858069861873 3.8278600352954854635 3.9645452496295745526 4.1092863854316270533 1.58536e-09 4.21592e-06
14882956.878850100562 5517 1.8148404455135467295 0.1587029558814747332 0.10098107718044123382 3.5297488621555177524 0.59158075145178301568 3.4038507387481482525 3.4487118490678705385 3.4966899566242379827 2.41819e-09 4.85304e-06
14882956.878850100562 6425 1.2925720286454478458 0.29366675082473781 0.030144992884712035197 3.8520507597402149358 0.029039886434721891295 1.3729390439928339518 1.0888768995367494874 0.82865675421406437273 5.02719e-09 6.19382e-06
14882956.878850100562 6573 1.8017137220867140979 0.18191873726399157563 0.21151958088771546929 1.2331841996391939009 1.7157711628504184187 1.6640908799747882174 1.4803835589959319918 1.2992078598642069487 2.46875e-09 4.88663e-06
14882956.878850100562 5342 2.0506021282893840407 0.36890806812299381523 0.19857994464396122591 0.13088688162035985729 0.75659758402229215779 3.5597165098198715327 3.7473077312141982453 3.9573455706557023603 2.15151e-09 4.66765e-06
14882956.878850100562 6180 3.0770905695373964583 0.12385637665780162286 0.20776958686465404891 0.037235706007028898656 3.9867899127944683713 4.7661645694556673547 4.8897488780164595212 5.0116623097699388723 1.88472e-09 4.46614e-06
14882956.878850100562 377 1.5591858657305479596 0.2306151301483230498 0.14156590185263639992 0.2396183506113513384 5.0336825894529084735 0.3280351970692971797 0.26024911175293680143 0.20090693058064718057 1.8845e-09 4.46597e-06
14882956.878850100562 1442 0.57614860333321604724 0.10272736654459740935 0.077060251025915127432 0.091096671662196787578 4.8667569404882016215 0.32472370524107491141 0.29339377998457344399 0.26368475427827059443 7.70371e-07 3.31449e-05
14882956.878850100562 6119 3.0964650937162154776 0.080238249554538843 0.21096908749288850737 4.8336950318249876091 3.8170721048982798607 3.643111408209014801 3.6831546392470229101 3.7245154583640078805 2.96829e-09 5.19619e-06
14882956.878850100562 6350 1.4460196876463484728 0.23956394207492079373 0.20436913398598427483 1.0722242090746341159 3.2726396155276131772 1.4488779243733205249 1.2122050502123349336 0.98787925499160555987 2.60101e-09 4.97238e-06
14882956.878850100562 5289 1.9356919634971001543 0.11011319586755148603 0.042697190300747721314 3.7221524190631183338 4.3071221510787234266 1.4261905991496295343 1.3178633322357478086 1.2112536496789190199 2.13423e-09 4.65511e-06
14882956.878850100562 6619 1.7791145759954569705 0.12745301894945271215 0.13470960986645960644 5.7933999014758494894 6.2209164797510627665 3.8782457831573156071 3.9684374154536241619 4.0622171311031411989 6.69672e-09 6.81508e-06
14882956.878850100562 6346 1.4349849559075826821 0.23916459780640250687 0.12498163647468286952 2.713589340186870924 2.7575032955186342676 5.3811734176298786636 5.5577953969355595731 5.7164637059257019658 4.07714e-09 5.77611e-06
14882956.878850100562 4296 1.522047045936773868 0.24318397432894078847 0.075338105466076790706 2.9372188158762990717 2.3043305096823720746 5.5636726409333228105 5.7122802900118898606 5.8436953928722887852 2.40121e-09 4.84165e-06
14882956.878850100562 5360 1.4920133521399010501 0.2301128907242413757 0.093223873187964198528 5.9724328475233852132 4.6646400672668972831 4.1332039528771904457 4.3409658737909628812 4.5553877771065964808 1.47972e-08 8.87652e-06
14882956.878850100562 6823 1.7272686362097577906 0.13303365148589624267 0.2316175865662225275 1.489310034108952463 0.81422370762036144765 3.9421796042722321296 4.0426877819336430875 4.1469871202077541739 1.69817e-09 4.31364e-06
14882956.878850100562 6677 2.2580501025519548186 0.084080036123394680248 0.22368090276078037015 0.54611859804943374552 2.214041137347018573 3.9304276972128455725 3.9919994366314908163 4.0551896879708317911 2.33048e-09 4.79364e-06
14882956.878850100562 5841 2.0603312542389029538 0.085770726877631639495 0.15537908710740494511 0.7252183389450976847 2.304108028328279989 4.974663647010337364 5.0566938228780422548 5.1374306936846059202 2.76225e-09 5.07307e-06
14882956.878850100562 6791 3.1217488727256959002 0.24654650127284910566 0.17919858845143071813 5.4886863529175977661 2.6468794906760106933 4.3874819666819782071 4.633424515897071494 4.8792027601111822577 2.20531e-09 4.70623e-06
14882956.878850100562 6266 2.9687129238806533316 0.15539953145442816917 0.14722588423272631175 5.3545165499209605997 3.8733343303523071199 1.866118800055218685 1.7133534023657892575 1.5595302535512483022 2.89198e-09 5.15128e-06
14882956.878850100562 6897 1.9662183523476783886 0.3317385835571753927 0.13189654877255413412 2.5055726845135568581 3.9044429029997189673 2.2168906411267004231 1.9153788125279698207 1.6031409599406680755 2.6229e-09 4.98629e-06
14882956.878850100562 6969 1.2587437992567447331 0.014069830479078773364 0.12247091791564604368 5.2848029900946240645 5.6323381918976442861 6.0458156696916294237 6.0491018358051356074 6.0523653548015454717 2.41679e-08 1.04535e-05
14882956.878850100562 6004 1.3265783087095059933 0.17321960058161425811 0.11325545464742360624 0.76840639645681330094 5.7957652783139508301 3.5177738614385392069 3.5875303621660430409 3.6622406820592643406 2.14847e-09 4.66545e-06
14882956.878850100562 6778 2.9867020809588082919 0.15103534116552086441 0.13417964841186802438 0.74636448025757295976 3.5944255478353044353 3.3664258822307968622 3.402996502272511492 3.4420296172121820355 2.33115e-09 4.7941e-06
14882956.878850100562 5681 1.6733036591811754068 0.44083817152492593694 0.03362293311907814386 4.3465390367379788117 2.4067322872805179124 2.5836555650119605865 2.2796446796258664769 1.9449991091243326036 1.72101e-09 4.33289e-06
14882956.878850100562 5931 2.7299037726567894069 0.11141070127702880355 0.63767739487144314836 0.88718390229828081317 0.74812216872228842757 4.3818744836793719344 4.489432770955998464 4.5980858405194009464 2.66585e-09 5.01336e-06
14882956.878850100562 5323 2.79304033375393157 0.18609175510834097267 0.053091480859997729203 2.8807966372364997021 1.056516263655497001 1.8458894579788114321 1.6610179465545722444 1.475683065750950318 2.25995e-09 4.74478e-06
14882956.878850100562 5788 1.508821964474085231 0.2277524542452487033 0.059201822400142885272 5.6039439842291791649 1.6916952983751254447 4.2560448923479210492 4.4734521281661079328 4.6947341668167146267 1.43499e-08 8.78617e-06
14882956.878850100562 6138 1.4849531268697686581 0.12932392841812068163 0.084372055314779134672 0.60660077438413406714 5.2422282688318819766 4.931766738974477704 5.0565947837809552823 5.1783330555796913686 1.20875e-08 8.29778e-06
14882956.878850100562 6726 1.6495922095287673947 0.22445028771803815504 0.11116565886366018556 5.6333246743740614804 2.8746922289023437713 4.5271845084180721841 4.7544417607056530528 4.9786936146475566645 2.92983e-09 5.17366e-06
14882956.878850100562 5559 2.1381553331686720121 0.15869008132042372594 0.13132999195783076618 3.040952741547330973 5.5558990065372100275 3.5976714595966106103 3.6734047841816366287 3.7538758943239316501 5.44342e-09 6.36025e-06
14882956.878850100562 6737 1.8543601773491154017 0.29504468599822469832 0.22315340288907387079 6.0707569606338820378 0.47150213359381254463 3.8811966661043708626 4.1091041124052889444 4.3520664451532091732 2.16814e-09 4.67964e-06
14882956.878850100562 5663 3.1694545737328314594 0.16466395428240643284 0.3631201694966064708 6.1309957189799471067 4.4235744532859371247 3.0898187929015032971 3.0804643955446038284 3.0704050423256976643 2.69499e-09 5.03156e-06
14882956.878850100562 5227 1.8265576480186738184 0.10863522263658283162 0.089797814604824721663 4.5318626822021803591 5.6354119034662160104 1.7981909547757042311 1.6908215186341069014 1.5829678590957425577 5.94474e-09 6.54979e-06
14882956.878850100562 6118 1.9142135344401669528 0.032534899296463352936 0.13844072330601248089 2.4123469467655720422 1.742441546312516909 1.5124753366101602037 1.4800207862218399679 1.4476198419213388568 5.68798e-09 6.45411e-06
14882956.878850100562 6356 1.8004948307077111025 0.16070938518064925571 0.1268847127185396273 0.53504341650275411002 1.6893407030056117879 3.2687665415088260623 3.2910714817578621272 3.3150047721907993648 5.8318e-09 6.50805e-06
14882956.878850100562 5831 1.9729611733808944951 0.25132735146426077311 0.19298034995019811011 0.42498454754512859921 5.2415491526370256992 2.9974941180911165439 2.9555143281822924273 2.9090171718531045997 2.32205e-09 4.78785e-06
14882956.878850100562 5138 1.779694736528313781 0.1249738757228214675 0.18624990241086608611 0.46957668830944165883 2.4500232759583169262 4.0825654203295584921 4.1877512904140790084 4.2959168646243517387 2.37553e-09 4.82433e-06
14882956.878850100562 5736 2.0026847023516123336 0.23781986611550171018 0.077261402204865436971 0.58709528303172409114 4.7225889178389275358 2.0787555340021923733 1.8557262760254036316 1.627494986901596663 1.87923e-09 4.4618e-06
14882956.878850100562 6132 1.9096896322538212676 0.24233143634797355004 0.17896388126220663661 1.0956715502834915021 4.9708837062091877357 3.57006896404460905 3.6850261500983316765 3.8103303791178682047 6.69157e-09 6.81333e-06
14882956.878850100562 4460 1.8664465023362131202 0.16965660044182487298 0.052147758459716586632 2.3734671894828536232 5.6007521958736443679 3.6874348936228011908 3.783069885336297844 3.8845889460313989261 1.068e-08 7.96233e-06
14882956.878850100562 5256 1.7841120160188372878 0.2003142051052560213 0.0059332125714353410942 1.7492215305087732702 3.8083313114901344854 4.378926338085414649 4.5760529637310769502 4.7745083796137963716 4.61883e-09 6.02135e-06
14882956.878850100562 5698 1.808045437263922306 0.1515066799468280101 0.11982001638193852389 1.0739492440985158872 4.9532473509914858312 0.37901480992349889654 0.32637056356488081121 0.27779641580754238506 4.80918e-09 6.10296e-06
14882956.878850100562 6504 1.7138021114005046464 0.13732831783678689508 0.16019104227559152753 0.059883175546388035804 2.9581734410459503692 4.319572307895774621 4.4503160144955078437 4.5829552545745446679 2.41361e-09 4.84997e-06
14882956.878850100562 6076 1.246166600706037908 0.12229605753627341425 0.11323321367441278873 4.4179127467286765096 2.4896920746112560785 3.9646714981852833048 4.0585332828448628106 4.1556051023578124415 2.07184e-09 4.6093e-06
14882956.878850100562 5828 1.7623311466078701581 0.36982549992111696247 0.13138462217856539116 1.929962279682675419 2.791204823896697107 4.464091192504591632 4.8492910977598242539 5.2156563373084958712 2.18531e-09 4.69196e-06
14882956.878850100562 5964 2.2134447135327426359 0.20735247169086024055 0.12097421297969350451 1.9717881487605299906 1.163796317629147925 0.40336890968653699163 0.32835509558126313445 0.26148673485313617126 2.1711e-09 4.68177e-06
14882956.878850100562 5425 1.9221554007110763784 0.17564527518826542063 0.095356266931240427076 2.9588321258316772067 2.6718107645111750514 5.997778322536134965 6.043708681700702634 6.0853707258066274122 3.49187e-09 5.48533e-06
14882956.878850100562 6143 1.8290566662698179989 0.12019215422183292252 0.20129817531701618694 6.1190351065036594491 5.1535008236332275899 6.0823844415137084951 6.1051008400452957403 6.1263922384834117452 2.16561e-09 4.67782e-06
14882956.878850100562 6182 2.0849511908290092599 0.19782024074091750232 0.043840182253300982729 4.3592702666038043446 2.1651827819005644571 4.3163717705714867989 4.5075068728545515384 4.7011896986612313754 2.64006e-09 4.99714e-06
14882956.878850100562 421 1.278008835415599842 0.22028139233565571797 0.1286607862285756021 2.9560940101837123173 4.7547335280811591218 3.0039869380353718675 2.9695995148235927452 2.9318991433693790682 2.69558e-09 5.03193e-06
14882956.878850100562 6415 1.5517995414456522418 0.033547789502830965835 0.11576641346184514403 4.7189000087081494073 3.0366731770291583992 2.7567293367056011633 2.7439320195357024268 2.7309402160202393972 2.43409e-09 4.86365e-06
14882956.878850100562 6920 2.2364132106884992979 0.15945660776422515559 0.3929816370984864915 1.0990490731123645496 0.48070566554102084345 5.0437200783989251107 5.1913455860272890163 5.3328595395442217608 4.48089e-09 5.96081e-06
14882956.878850100562 5689 1.7888711607581042617 0.17985475977811191117 0.13872673670727636575 2.0229809454994231999 3.0342537660493120732 3.234009800296946846 3.252404447856378944 3.2722937138830721082 3.02594e-09 5.22962e-06
14882956.878850100562 5534 3.2606353492289597007 0.14134813718065961097 0.12529469183042876712 1.2457172567431615828 4.1204409289443528763 5.2353807283358531066 5.3540961499986456928 5.4673266196827103869 2.18919e-09 4.69474e-06
14882956.878850100562 5578 2.8753361952646590005 0.11479290496436667102 0.14505786834571809951 2.5712827241429447866 1.2145186678727473151 6.0762822195701504668 6.0986790880725401109 6.1197391271159871096 3.04211e-09 5.23892e-06
14882956.878850100562 2992 0.99992187111265096178 0.021700117774746129767 0.15762223201146430274 0.35833027392907051967 3.4557515910072607035 3.9637835603432196585 3.9798017438118620248 3.995934621739160697 2.07761e-08 9.93967e-06
14882956.878850100562 5643 3.2577376815593344084 0.035953863602258703813 0.068530187611530429814 1.0299380553799877269 2.4507392801728480336 5.7892108521920269126 5.80599695760175738 5.8225099715393344724 2.47115e-09 4.88821e-06
14882956.878850100562 6683 1.5766015567401274744 0.29402777607004565441 0.13981689212396533617 1.018424933450779335 1.8304547219416198445 2.2085185195820100645 1.9447337627443768149 1.6710243984404009598 2.07491e-09 4.61158e-06
14882956.878850100562 5234 3.1128488266821121577 0.22794595414348819973 0.12021879348000706622 5.6620927548106703142 5.318253474089016386 2.456365547255260573 2.2961738506871225418 2.1256135140779832682 2.35138e-09 4.80793e-06
14882956.878850100562 6292 3.341882460809471489 0.026435180037298267736 0.28464847191843328789 4.3399973074649915716 0.71050586838280260782 5.1712431613888263371 5.1948089605840079841 5.2182272212096396657 1.7586e-09 4.36421e-06
14882956.878850100562 6557 2.033835824361062361 0.025266995178271547257 0.13268006042418148405 0.014583148413848744107 4.2915621221882167546 2.3338620402429741674 2.3154377666071290776 2.2968581630688009732 1.93092e-09 4.50234e-06
14882956.878850100562 6401 1.4907578523006050908 0.15956073671624163013 0.039503194460379351116 3.0286329651209373814 5.9550565719381092222 3.5886006735638744658 3.6634022590008918918 3.7429352657277679128 1.93159e-09 4.50286e-06
14882956.878850100562 5864 1.8007057444343528285 0.097272659540006051193 0.051496472291808988164 2.0906438034825001182 0.093801388624675768879 2.9048903011401652208 2.880889458694447125 2.8558164532269700864 2.76427e-09 5.07431e-06
14882956.878850100562 6243 1.2401928579887762094 0.18459253158714608589 0.12696653080738409813 1.7834824448637351946 1.1020431075669518961 3.096568851529044597 3.0873293651580282493 3.0773176823033350225 4.47711e-08 1.28386e-05
14882956.878850100562 753 1.74600144732950735 0.15790205845283805663 0.085947562771616414778 5.0644749233549930523 2.8319847527199661918 0.28946275504752411178 0.24732254752552673693 0.20866672482434522884 9.5243e-09 7.6641e-06
14882956.878850100562 6135 1.5604000181472310604 0.30957918382948906855 0.054578518776869471008 5.8514386062266350308 4.3385887322930960508 4.4159519512222482618 4.731591245693401504 5.0411133561758578736 2.38172e-09 4.82852e-06
14882956.878850100562 6402 2.9792707938050817518 0.26865948217063578829 0.20631260281902658038 4.6329534750664906895 5.0330832213261222918 2.1657252506654915969 1.9214515815508543817 1.6691406129950259185 2.16272e-09 4.67574e-06
14882956.878850100562 6658 2.7071896134762614139 0.62487011195936692509 0.71473356185635361637 0.23550297074025064448 1.0786517074423604967 3.5918192358968332734 4.0310801850460222795 4.5164474769018241318 2.90725e-09 5.16033e-06
14882956.878850100562 6242 1.6688390615383685844 0.41242935714270673175 0.018458941256503044043 4.7717342877707844551 0.19075671970764560004 3.5734205595869705796 3.797179528222392797 4.0486065928222174648 2.33848e-09 4.79912e-06
14882956.878850100562 5118 2.0532281016635658411 0.23408060105794500916 0.08012570727983717167 4.4272411974546823643 2.2951132866161363388 4.1291362213409694704 4.3403385710329001057 4.5584042965137880898 3.95744e-09 5.71902e-06
14882956.878850100562 6395 1.4832135606030372177 0.1249399291084023339 0.17036456505162228536 0.12861349436437921612 3.1642645208664581524 4.6013100246447962149 4.7266765963289891772 4.8516037732875538779 2.27089e-09 4.75243e-06
14882956.878850100562 6129 2.1933482599986149353 0.26388898101388519324 0.12615957182073023191 4.2052606640504581748 1.3067852165008850829 3.9934499013727484673 4.2143279931394772575 4.4461572400719182596 7.14833e-09 6.96495e-06
14882956.878850100562 6850 1.8839819530350698784 0.61201408941582036149 0.34852358816456818769 2.0597724652442783722 2.3999721533820923547 4.3767615558434984635 5.0742464810786653828 5.6466270643075180402 4.53979e-09 5.98681e-06
14882956.878850100562 6099 3.2760717515387685062 0.35438804161613701726 0.28282508013347573694 0.032149476872338204891 3.440102502054969591 1.9362491712113760745 1.5742133182856081763 1.2198273455548722666 2.8329e-09 5.11596e-06
14882956.878850100562 4427 1.6951775783760438809 0.38648182939869835106 0.1966873243612828337 1.5445948110863723102 2.5571260150880883444 2.9664716559607930968 2.8791761148139802806 2.7789168854963905986 5.29375e-09 6.30141e-06
14882956.878850100562 5240 1.7238530332716039961 0.29215302571041523727 0.17221766006387853598 0.3612234056264544968 3.4560560772813646579 5.1335706258425091164 5.3890547597659059775 5.6168362273424605746 1.54708e-09 4.18172e-06
14882956.878850100562 5494 1.7100229285066355089 0.31589750835829760733 0.12088920259290278358 3.6404757255684412343 0.28758998553745351856 2.6380656171723328995 2.4562513991075913822 2.2563080993140065544 2.97785e-09 5.20177e-06
14882956.878850100562 5346 2.711297146721780571 0.29645468346001546678 0.17518735841916396878 1.1922976314644000428 2.4403185254777195468 5.1498020736648850715 5.4065203491418598603 5.634378285793200547 2.35234e-09 4.80858e-06
14882956.878850100562 5818 1.3233447302989396199 0.19752562619567345936 0.055853209077732640653 4.1987629275289855002 6.0920715551260000709 0.52450101719662278743 0.43260417987267513196 0.3497942283759764015 4.47796e-09 5.95951e-06
14882956.878850100562 5310 3.4779995906638689895 0.068274749094979034214 0.31741150353072261625 2.2398833771730326525 0.6230144851454090249 3.1313969341833503002 3.1306753629496930635 3.1299300024768914597 2.51895e-09 4.91953e-06
14882956.878850100562 6997 2.853184123187475052 0.18396926288935022686 0.20934519267959131317 5.5744805790042439853 3.6729579917248469378 0.13284195905976212138 0.11033587294949250002 0.090078624159110678993 2.77488e-09 5.0808e-06
14882956.878850100562 6793 1.2094553673292858242 0.14889106839634294599 0.18249278156274181817 5.7257509072225092339 5.4164483437683141887 3.0067112433098386326 2.9849648162947119978 2.96173956414885442 2.0508e-09 4.59365e-06
14882956.878850100562 6702 1.6480815056791251472 0.079070601928016376325 0.13333753653642596571 2.0225469950670098562 4.07849122119934826 2.9875477997398736107 2.9749018186224032156 2.9617824270348638294 3.70623e-09 5.59535e-06
14882956.878850100562 6411 1.454672030055018439 0.038896813668098391414 0.081151030920972047622 1.1498624598539994857 2.939014418698532527 3.8851989592515008276 3.9119210898457730252 3.9390077024475846912 1.36815e-08 8.64758e-06
14882956.878850100562 5401 1.9696344161090335589 0.16876105953972350693 0.063627936314972988185 1.2311347896251019218 1.8524981850481163637 2.5907713405708916454 2.4949335089792468168 2.3932510161130684523 1.17442e-08 8.21848e-06
14882956.878850100562 6894 0.95196316825823545926 0.21079212785780282458 0.12030650348074789502 1.8535869726409983649 1.4498061122780598886 2.5317034302107432886 2.3981029950776502346 2.255426065970486782 1.64258e-09 4.26605e-06
14882956.878850100562 6758 2.6941870093327886515 0.17069934605795655802 0.80822227098621812758 1.2577563670138292018 0.78310111881558341906 2.1263664193162554739 1.9736257161155386086 1.8165899151219624397 3.169e-09 5.31077e-06
14882956.878850100562 5902 1.8852263122013053209 0.32095408466817482163 0.17574628571732073268 0.8450708076256644441 4.2021973203035880573 4.6572787508938686685 4.9864640654674312614 5.2954388418236639779 6.63699e-09 6.79476e-06
14882956.878850100562 6272 1.81233212516686093 0.10122315316650604133 0.10291739382563168392 3.3282059936631069874 5.737934721070530486 4.8629417299785231421 4.9624375555881599098 5.0605127094709478897 2.92426e-09 5.17038e-06
14882956.878850100562 5691 2.0295797550138683363 0.26083477209438565847 0.18251071856154060802 1.2735650710369188499 1.7035099974742973217 2.8210921178344681159 2.7254933936767375968 2.6200651167483477444 4.69105e-09 6.05257e-06
14882956.878850100562 6501 3.0439457213759255616 0.18479172439708260733 0.43888032647222152693 0.86549805911056476582 0.52206245385277350035 3.5278004248041203716 3.6046086725443897691 3.6871456366192467691 2.93548e-09 5.17698e-06
14882956.878850100562 6414 1.7285607454810407724 0.23693471878152932986 0.19361815891082842511 2.1963574619508543506 5.1450122694560933567 1.2776633902648462104 1.0561916051262101313 0.84994293139093768374 2.40884e-09 4.84677e-06
14882956.878850100562 6692 1.4870148579206066142 0.055206172345738623031 0.093046538148343349572 3.4126817820560733097 2.8491164926601149077 1.3923574113582879441 1.3382648253535529559 1.2845444636315308529 8.86651e-09 7.48344e-06
14882956.878850100562 6140 1.8380957027913005231 0.11153820318329242534 0.10876035163415788409 3.5623214410506593985 2.2549002854043309618 4.671173286553106152 4.7831068224228889818 4.8943662398072884656 1.67728e-09 4.29587e-06
14882956.878850100562 6655 1.5372314919084171247 0.045198867760590538678 0.0541400674807207688 2.8118951168547434705 1.0657793095541712169 2.9808587499638488083 2.973456112763470216 2.965892287473104183 4.63012e-09 6.02626e-06
14882956.878850100562 6121 1.6785961991187183795 0.057090450407029369462 0.12312546985621186657 6.1891509818087104833 2.8798822172164681987 1.2578370697091671992 1.2039623686090175081 1.1506702851377592633 1.90564e-09 4.4826e-06
14882956.878850100562 5251 1.6892010783409863173 0.37803778543929666967 0.16308548788956891973 4.3762551514620877668 0.5830558557666186692 3.2109177503950014909 3.2447328116028111289 3.2836545951643207886 2.36533e-09 4.81741e-06
14882956.878850100562 6394 1.5351680236592626372 0.25383181120477305015 0.071617173721605476011 0.65302626940767649621 1.9073925115167664757 0.71577953500545188348 0.56177018636322051393 0.42655774629951254129 1.34783e-09 3.99388e-06
14882956.878850100562 2182 1.4961945036821653332 0.19556808867468158941 0.12091128062454148395 5.893006195262563196 5.6104275135923460383 1.3100737087269629377 1.1245427090285442517 0.9481265393976339162 1.98345e-09 4.5428e-06
14882956.878850100562 5176 3.1018428587206225977 0.086923412505431091324 0.13220410644607610839 5.8132667072751083026 1.997302075357292539 2.4757149388078647512 2.420023129824298902 2.3626046669971274561 2.68297e-09 5.02406e-06
14882956.878850100562 2302 1.2547219555242963285 0.083508843370921750915 0.13796080286555492678 4.3999849003420337112 0.366929464405473027 2.6926505522192307751 2.6549259871163792823 2.6158703900902362527 3.55428e-09 5.51782e-06
14882956.878850100562 4971 1.8932995446924769656 0.19732936400274658784 0.1103514931663994586 4.7753402841211141094 1.7487733202306143809 0.58971418078376480754 0.48745057944421626983 0.39502645364457711352 1.60974e-08 9.12926e-06
14882956.878850100562 5853 3.1158484546403433235 0.16119511360299401681 0.20197146875823171475 4.0958003030076515216 5.2903859056947206696 3.5344062620771103944 3.6015231614023481832 3.673075389363896992 2.34516e-09 4.80368e-06
14882956.878850100562 6126 3.0384188829013356603 0.26720163212658282204 0.16411210370999962382 2.4459457079902273691 2.3011938376378711091 3.9343231888065015589 4.1478222649999398897 4.3735596837444621343 3.04059e-09 5.23805e-06
14882956.878850100562 6186 3.2381389259676520709 0.040366857596161424826 0.23348160462631029066 6.0569837535076072044 4.3063192450524638843 1.922261215926480693 1.8840857870529184037 1.8456837886297479123 3.14704e-09 5.29848e-06
14882956.878850100562 5890 2.0665775697683552714 0.32534277260153338096 0.47723579450778175204 6.1456253476201281316 0.49711363531377861236 5.596551119051664358 5.7837379399564312621 5.9395577651051310042 4.73576e-09 6.07174e-06
14882956.878850100562 5345 1.2998287785376820835 0.33864802615275368947 0.20197649937286435429 6.1203296205277535336 5.8016516062470637749 2.5190875926877387414 2.2831162965382674201 2.0268113500661275594 2.62039e-09 4.98469e-06
14882956.878850100562 5160 3.0280725668888717195 0.12726512348462179491 0.22997535879812960879 0.58196188780894730908 3.8815382822790782669 1.9474307902643503976 1.825893135102901077 1.7027464546070980589 2.48083e-09 4.89458e-06
14882956.878850100562 6162 2.0129146009566989406 0.19169587545166030806 0.10605069944203829313 2.4871089794492586833 0.55295876809548061281 6.0284248455025117863 6.0730051801190825245 6.1129998534986915715 1.62993e-09 4.25507e-06
14882956.878850100562 6691 1.6486138455288468219 0.343460648679809466 0.086355271056244450878 4.3857029377443952356 2.1233053260682579477 2.7419565826531422381 2.5776278547796320773 2.3940339839932311961 1.99622e-09 4.55253e-06
14882956.878850100562 5888 1.3457681661386822203 0.35341051080599539258 0.14565757518245786573 0.18331026343332973427 5.5347955170376588185 3.2236262989768387222 3.2602040797680391648 3.3020243839467537939 2.79797e-09 5.09485e-06
14882956.878850100562 5767 1.5899683931108707924 0.23910310508434431953 0.081928152016445876527 5.3571443232222764053 1.3039246297925080054 1.7429917609360565667 1.5000854763473718823 1.2615798829126760872 4.97944e-09 6.17415e-06
14882956.878850100562 5210 2.1199207653186387112 0.11833627601292427689 0.043576565939566151708 4.1839409597554872988 5.2670414157790128584 0.84013042920757052823 0.75511329304911611882 0.67400902082506164437 3.1045e-09 5.27449e-06
14882956.878850100562 5710 2.1513546336469366871 0.46029335906478829887 0.20433469826414135673 2.5878502876729085891 3.0074903217661672628 2.4699011391451226594 2.0991466924024160257 1.7016190088064875319 2.11851e-09 4.64366e-06
14882956.878850100562 6704 0.93235934325172553638 0.17337375812064514946 0.092216703703423677507 3.6337860380781838998 3.0554391693088640558 5.8621401793213454567 5.9282453265495353989 5.9884986174018770555 2.12708e-09 4.64991e-06
14882956.878850100562 6474 1.258636909377892632 0.15098365429860904907 0.36850063219129020053 4.7885442196097569578 6.1572662025175306511 1.251753438094654447 1.1111486779149117865 0.97583578808313808928 2.46607e-09 4.88486e-06
14882956.878850100562 1588 1.5426935470440954479 0.14343033077805114606 0.053693802843920113155 2.3898206937537977979 4.2561999390601865656 0.54421929938418400763 0.47393753563538715268 0.40847688685268701558 2.82908e-09 5.11366e-06
14882956.878850100562 5364 2.7004550550962065358 0.19618515702665709211 0.12664215884469653961 0.038382802880604409423 4.8754037271627916894 4.8687428005574391321 5.0608704508076680639 5.2452633751657264938 2.91675e-09 5.16594e-06
14882956.878850100562 6586 1.610832489016788216 0.16926991826681925257 0.042972463480029580996 5.2527627682776802942 3.5659460971076653024 4.8610695657253764068 5.0272026075791469424 5.1881536040072528948 2.89513e-09 5.15315e-06
14882956.878850100562 5219 1.4283924476493428113 0.095935307036864078678 0.13695944920869715378 2.8190738660833725149 1.2130561342742161024 2.6610671300776629344 2.6146479410680663058 2.566402568060676348 4.41937e-09 5.9334e-06
14882956.878850100562 5236 1.8279427936697758561 0.11892991866807220425 0.066239301581062198787 1.1199758763624854119 5.9973993538747025767 1.7650538468498009337 1.6467187525512656521 1.52813143806008922 5.32813e-09 6.31502e-06
14882956.878850100562 6100 0.93136510196134025819 0.043655634234899876045 0.14426799820474006664 4.9200196833712883659 3.7672124893561500514 4.6677143628883301929 4.7113828943819378026 4.7550385065225260206 4.52552e-09 5.98053e-06
14882956.878850100562 6351 1.385294050005801525 0.47474795466286129342 0.096271896142863730428 4.9323030173488282557 5.7830142122525707293 2.9756608417605527883 2.8646974343002189478 2.7349153699308916821 1.91819e-09 4.49243e-06
14882956.878850100562 6895 1.7166455934422693019 0.16337502417050669967 0.10541852760356043572 3.2927968807703251741 3.9226550322443047847 2.2001309960881001437 2.0606248329664080821 1.916460497078413372 2.5437e-09 4.93558e-06
14882956.878850100562 4732 1.4307514904429594615 0.37705203614831250825 0.15412111669892675225 0.61911378916674142392 4.7699569996675688088 2.3120934964697568148 1.9823633330716357026 1.6367969993926116956 1.92787e-09 4.49996e-06
14882956.878850100562 4786 1.3871428123222624418 0.32499980123985727776 0.086358431382742212312 4.3734314860304355221 2.3198646134769944638 2.7276066731960386669 2.5692954089506012672 2.3932869970134866833 5.42602e-09 6.35347e-06
14882956.878850100562 6828 1.4092924977922698382 0.29432226178740733546 0.24924069383499625197 0.37310356210098638563 3.467024500593010039 3.9376493922687076932 4.1768963692164700063 4.43001862717752104 7.8219e-09 7.17719e-06
14882956.878850100562 5692 1.528953905404915492 0.14141830767111701617 0.1071924056831034533 4.4537991168007504683 1.3424995411399092138 2.7453680098607389226 2.6866818919131123522 2.6245452114505871677 2.38697e-09 4.83206e-06
14882956.878850100562 5921 1.6982225316960510852 0.12780501642880950919 0.066222455700201410256 4.7926105619072378872 5.3034151619876812589 4.9181192764332744005 5.0419603627229605536 5.162887059784091015 2.32801e-09 4.79194e-06
14882956.878850100562 1123 0.74198798146665434494 0.070395047999162380092 0.051913430185676102957 0.01206134769646471927 4.380329756891314652 3.3216015454680740682 3.3346736638009852882 3.3481813161388078726 2.22408e-06 4.71955e-05
14882956.878850100562 5717 3.1736770411518095969 0.1139552431172922986 0.24521134039200487287 6.1563006069132990561 4.204753861500899248 0.023405056714429290504 0.020874097756294278383 0.018495557613142490916 2.31886e-09 4.78566e-06
14882956.878850100562 2895 1.7999630224479090668 0.079548740476108048547 0.04621765213632316599 0.99146692680243875273 2.9314273546648133006 2.7842964261847331642 2.7553524060714726929 2.7253857347176593251 8.03321e-08 1.56008e-05
14882956.878850100562 5459 2.9805397412281280367 0.26513025643791321428 0.26832399473879148255 6.0948958527043268774 3.5598502112101573225 3.8375441283834250683 4.0300246956936369713 4.2357880194260735252 2.51526e-09 4.91712e-06
14882956.878850100562 6313 3.2239647896219874035 0.082634355435903597553 0.31607086771789905111 2.4871900819445738051 0.50505805663464042876 0.86352346872119511989 0.80226940731949203389 0.74286064777617943911 2.33149e-09 4.79433e-06
14882956.878850100562 6204 1.7600631790975009849 0.22506914519875434455 0.15831447922040470244 6.0508950955401870075 1.2112849541975878598 6.1423025800721617884 6.1710679605603102615 6.1962492823287753652 2.26769e-09 4.75019e-06
14882956.878850100562 507 1.5008262087837433985 0.26893608926612139198 0.064702316525513239864 3.3010581693373666212 5.0909499279313843445 3.0667207371504092706 3.0429846894111705069 3.0165084050390342796 2.42673e-09 4.85874e-06
14882956.878850100562 5371 1.4609086620491449349 0.099050622544445077189 0.17407995500541978418 1.3367302023648011122 3.6523560231286436029 3.5953672893399200028 3.6409194183994126881 3.6883482846689239487 2.54912e-09 4.93909e-06
14882956.878850100562 5623 1.528555917952651777 0.16200318768807109304 0.13540695057352003516 6.2011312505396167793 4.7109071739997840922 3.7739387940077828709 3.8770202988270621169 3.9857089396819063154 2.3084e-09 4.77845e-06
14882956.878850100562 3539 1.0046568133659643518 0.32124522647157066624 0.07357591882351886825 1.275505809238400845 4.773290350460381859 4.4573158215564347984 4.7874683965242281758 5.1078086316125492772 4.11193e-09 5.79249e-06
14882956.878850100562 6332 1.8536723648915063301 0.15792632281927102 0.20834700088116916983 0.19583640032813051657 5.9600997617148481211 5.7743145798972150828 5.8466849047690905294 5.9134515104724316714 2.19525e-09 4.69907e-06
14882956.878850100562 6843 1.8971619188979464976 0.10151518697793002199 0.17597947713131889547 0.8887652834928326806 4.4534583317693794413 1.8009718791244253566 1.7007978915339410086 1.6001393210851235782 3.16465e-09 5.30834e-06
14882956.878850100562 6609 2.7633685775316338962 0.30975926123323999084 0.14003407032612882888 6.1465013878758565369 4.6963506915145316611 3.0447946621438899406 3.0083455282019038179 2.9671930255166678592 2.84425e-09 5.12279e-06
14882956.878850100562 6404 3.0526478173610684941 0.16479755636706611144 0.23816902911712783952 4.2020770772115305647 4.4222334038299173642 4.7964925289089084259 4.9603260911386559684 5.1200842579915768482 2.07676e-09 4.61295e-06
14882956.878850100562 6730 1.8178008492627371062 0.22062389458847497803 0.22220566188377346983 0.79571225073241136361 3.8814355106370448389 6.2317734803700979285 6.2421005972572531917 6.2511623161730467402 2.57888e-09 4.95824e-06
14882956.878850100562 5328 1.743434233345829476 0.48726329071425728001 0.14880286743680007366 1.7934644352328146244 2.3849271688333453234 2.5288316445912970565 2.1532334482404360543 1.746307903938456807 2.1043e-09 4.63325e-06
14882956.878850100562 5285 1.385484091942352558 0.099087879283161109378 0.02471981733454505295 1.5578369281005319813 2.2102501689376654603 5.5261451252437856496 5.5919631522099813026 5.6551296230193006664 1.90393e-08 9.65459e-06
14882956.878850100562 6171 1.7550980747891189448 0.19157264725020975438 0.089478836489167531965 6.0943619925013834404 3.7406946355550374506 1.4991372295540215109 1.3081784264802891471 1.1231741048920984571 2.39216e-09 4.83556e-06
14882956.878850100562 519 1.6656644804664881843 0.14548001389481718393 0.14793461437223898169 0.082997147304821133895 1.8074999917487233336 1.0568108811560188443 0.93402525567383765104 0.81705643311239462001 2.06436e-08 9.91849e-06
14882956.878850100562 5290 3.1841429210910301428 0.056006289214958419886 0.13527774522575083949 1.4748207369165158287 3.3172565241545162174 5.3707242328522148966 5.4143063953799845933 5.457073108627198188 2.68653e-09 5.02629e-06
14882956.878850100562 6124 1.7946121121616103178 0.18940048451946989161 0.068977499095052893785 0.30472742307229044867 2.8786404550909536759 1.8967629691747240894 1.7105216107402181347 1.5229669677385280213 2.21026e-09 4.70975e-06
14882956.878850100562 6809 1.8379362251817517038 0.17893754084382465508 0.20753013680836904231 2.2888610532060211789 2.4691011344774373981 5.8270159053552186279 5.900495697654925209 5.967313994088081941 1.72631e-09 4.33733e-06
14882956.878850100562 5074 1.8983414808013425734 0.15463085940482801384 0.09801789113964905209 2.2255984037886258342 5.3320061049970846057 4.0717858670592530501 4.202403950852974468 4.3373583141756979487 7.61828e-09 7.11436e-06
14882956.878850100562 5569 1.8966964842504072664 0.30105429425632024287 0.1442109201582958411 2.953898932727841764 3.0904044633641700734 1.9626351028080790684 1.6622586643386711991 1.3624627061659648763 2.77052e-09 5.07813e-06
14882956.878850100562 6268 1.8061146766198379332 0.36007213253935904662 0.11106311524435709404 5.5108592011015904433 6.2602299870933402204 2.625967813927757355 2.407604675187642318 2.1664153753088926102 2.30383e-09 4.7753e-06
14882956.878850100562 6061 1.8840692051830048026 0.32405279282972310195 0.18651447889096287036 1.0160422163685358665 3.0059190220381899472 2.9504643639907479624 2.8748695108599080505 2.7894583100741479065 4.03777e-09 5.75746e-06
14882956.878850100562 6189 1.9700050323940387909 0.28197833841076802575 0.1469710279617303661 1.5419116074040144504 3.1558925501794941049 3.3127756866989428453 3.3698909089539665906 3.4337083205692668919 2.99935e-09 5.21426e-06
14882956.878850100562 5249 1.9880909734675575873 0.30632300585850064101 0.14646683499962687147 3.1279671300082156904 5.4853965530255690553 3.1802148122954698728 3.194587729348770111 3.2108137426945879689 2.29779e-09 4.77112e-06
14882956.878850100562 6732 1.9969726549685646866 0.32823591413398656158 0.11416627110580047921 2.5056400802466867184 0.49006107425496703289 1.851923129028264281 1.5148803198923743718 1.1871574032523248832 1.92356e-09 4.49661e-06
14882956.878850100562 5002 1.7390103391911797548 0.11341948670593053616 0.060958920308997306681 0.044219379058235669389 3.6716774453515244048 4.4417611246511903289 4.5529848882685701739 4.6649664480595767202 2.79003e-09 5.09002e-06
14882956.878850100562 5196 3.5419125155757900103 0.11503255971849325745 0.17132703300565005344 3.0379298192585371119 2.0970769153111774585 5.4024306871283576115 5.4882348401255747206 5.5703484076367208999 3.02458e-09 5.22884e-06
14882956.878850100562 5625 3.0245814510200785818 0.31212419167775112827 0.07310829478124518388 1.1192822665833066509 3.5052951952626814069 1.1015319527459437321 0.83684408607667171154 0.60508158614269313968 2.295e-09 4.76918e-06
14882956.878850100562 5412 1.9112393094877642152 0.088034254820803889419 0.087824560619145702889 1.5043053405419803958 1.8601385887432522193 5.3350180069413459805 5.4048464919344993973 5.4726046434997783763 3.18558e-09 5.32002e-06
14882956.878850100562 1960 1.5628468838049729417 0.16816949481856660609 0.075614056738507004485 1.2466262236432883448 1.618726621896395379 6.0754463109074681171 6.1077036040207577372 6.1370630486713357854 2.62083e-09 4.98498e-06
14882956.878850100562 4112 1.4001422264762446446 0.19240470387102279193 0.083359177004932477617 2.7546764466919118064 0.72031081328565249589 1.3895374465326939539 1.2023354413669544716 1.0228444008156485356 1.99037e-08 9.79854e-06
14882956.878850100562 5979 1.8769757434556026965 0.45349446771640361531 0.27241212338535397697 1.4197073932790322814 3.3048553625151853019 4.9007412516240194122 5.3441747815534368371 5.7101330828493042091 3.8601e-09 5.67174e-06
14882956.878850100562 6912 1.4889825650982511096 0.089736965126978263108 0.03308535655913882878 4.8695155162735002108 4.8262917081833993649 6.145574151741788782 6.1573828692200809343 6.1686422443265289672 2.09119e-08 9.96126e-06
14882956.878850100562 6996 1.571747980262942157 0.097334610809026861356 0.036844569580252749252 1.0957382717894930124 5.5416625169217708091 1.4913441094151875799 1.3945364447346644265 1.298709897284800352 9.30536e-09 7.60492e-06
14882956.878850100562 5367 1.4905052455496612396 0.13679122849227470793 0.058954193216000691513 3.4206532139454592922 4.1280365166657375653 3.4689849428014523092 3.5162484361561183732 3.5663074885927263935 2.85701e-09 5.13044e-06
14882956.878850100562 5016 1.4093079388875808799 0.06018311789117864602 0.22585381430159132132 6.2156700621349312286 2.7194891902795608196 3.1056816878762312228 3.1034518421442842673 3.1011569656880588752 2.58541e-09 4.96242e-06
14882956.878850100562 6362 3.0533228324023786726 0.082835509743431193219 0.19978956467757749693 0.89007528606456642883 1.6692402059533804071 2.8573529292951103109 2.8331196314278717097 2.8079704319465661477 2.92709e-09 5.17204e-06
14882956.878850100562 6813 1.8212145653176861071 0.10767729456826097278 0.19104182100317634863 5.8238018956099519841 2.3061965407162388075 4.3302223863568807261 4.4323932024084120584 4.5358771775706330232 1.73747e-09 4.34666e-06
14882956.878850100562 5654 1.6316736826207161037 0.18491185826010383964 0.067342556101836217874 1.2422627010051241481 6.0964965159733726097 6.2642031146299945732 6.2674415019250426795 6.2703525979462986228 2.37573e-09 4.82447e-06
14882956.878850100562 1465 1.4768304209497256085 0.26260073745558287772 0.1810227971316850093 6.1435237304447465334 5.0220047581636446665 4.2608077673103661454 4.5148252049678108122 4.7723177467534316776 4.65109e-09 6.03534e-06
14882956.878850100562 6017 1.1748357912550255744 0.084425276102593690974 0.10142338946353762763 0.61433780574597118829 1.1382188094167762227 3.7396544144556598255 3.7889888597044993901 3.8399067161701725404 8.45242e-09 7.36508e-06
14882956.878850100562 5277 1.9791998952150260394 0.26850075372236958948 0.11142121963478326951 1.2459891178634632247 0.29925852212581688372 1.407194019660222839 1.1447213067159764943 0.90022587536788456486 3.07432e-09 5.25735e-06
14882956.878850100562 6716 2.0381065165282921114 0.11453623740439605738 0.16730491387067017439 0.0031488949070933116604 4.5820288259862014257 6.1524848952484560982 6.1666540951604620346 6.1799709544738874456 2.33978e-09 4.80001e-06
14882956.878850100562 6906 2.2775305735781410377 0.51231421813797473064 0.35205434875128199801 2.0566091469834337779 0.41228853060104081463 2.7526228938720023187 2.4738330457351507263 2.156593551542943743 2.85032e-09 5.12643e-06
14882956.878850100562 5804 2.1098255767645199832 0.35062721190448736808 0.15149812095484704866 0.049912145857660586423 2.424358991520865203 3.4867600442451718301 3.6341814153628044792 3.7999959895483566008 2.60554e-09 4.97527e-06
14882956.878850100562 4318 1.7039437774471333231 0.24659335519321551322 0.13406668616760072932 3.8416126042303631039 0.0088976811538579569233 3.3891163139452920028 3.4589317310032918762 3.5358786248902074334 1.32396e-08 8.55345e-06
14882956.878850100562 6760 1.8788955086626286661 0.14384188241379597395 0.012751288619843422628 3.5866642612109194133 2.6946525643761365387 2.5892267122304013505 2.5084263880087487308 2.4233151130721179989 4.55433e-09 5.99319e-06
14882956.878850100562 6914 1.8425928331181522513 0.26621298629599315921 0.15524088250064790873 6.0790952159103497365 4.2651702121064163364 5.0613938691593247654 5.3036762550141904882 5.5246926124795612267 4.41745e-09 5.93254e-06
14882956.878850100562 5796 1.6926417316625650411 0.18970816239411814053 0.11427283381967373588 6.2495365491997718621 1.8796142659188839197 5.1786587994538226809 5.3422473513573853765 5.495552592834611616 7.64873e-09 7.12382e-06
14882956.878850100562 6225 1.6049704210446975594 0.1318691064015903025 0.19072582371848584293 2.0581310313399554524 1.3289144559654364475 3.5301503503968238995 3.5835919313106612272 3.6399986069482643813 2.38341e-09 4.82966e-06
14882956.878850100562 5131 3.5553456366226705576 0.057681024163959808415 0.23685586935812485976 2.4171286562563230049 0.33636029193026600881 0.20949975474937226894 0.1978235961942093335 0.186487207581519987 2.25296e-09 4.73989e-06
14882956.878850100562 6576 1.1079387138161533866 0.38568042176780809038 0.21678979681804530499 2.1602524519268899716 2.3958044386197836495 4.5773142197252116858 4.9803516495026993738 5.3522680302587302137 9.90665e-09 7.76531e-06
14882956.878850100562 6221 2.0186955905199632788 0.33215031479207712817 0.13827636589735159411 1.4648874247230343482 5.6450290951714778842 2.8530922565586065431 2.7368992750362872712 2.6061194313371736087 2.14299e-09 4.66148e-06
14882956.878850100562 5048 1.6827859690736473031 0.27044319508455111345 0.14722630831203817325 1.2014110284346513069 4.3702551238428943847 2.0747461030476155308 1.8176520974001653119 1.5554072455719605284 1.54672e-09 4.18139e-06
14882956.878850100562 6746 2.9795164726035872071 0.25574102381034896636 0.20227602910408856718 4.3835513078109134 2.2800522923181580914 1.9049683244347002109 1.6497391877935387861 1.394794636093524165 2.1751e-09 4.68464e-06
14882956.878850100562 5957 3.2171748195284992633 0.054651475893532697192 0.095334859781590702843 5.4061616017779714483 4.5893360776082534613 0.30880347280334535798 0.29260384079899298682 0.27683982110400751075 3.45473e-09 5.46581e-06
14882956.878850100562 6153 2.758614156944708018 0.12169239493850980693 0.56774180586872446952 5.6892508708703006803 1.6262498743528179812 4.53042492714656575 4.6517480737223557696 4.773216786307272308 2.21408e-09 4.71246e-06
14882956.878850100562 5773 1.9576209691026360549 0.029088660205410295234 0.094065267666438426297 5.7986977222245057462 2.9780806680066631564 5.4806424533340836192 5.5013551478393969418 5.5218504164328710004 2.82024e-09 5.10833e-06
14882956.878850100562 5291 1.9510646568787499699 0.21384148827115881386 0.11800113822780265715 2.9054583922614485303 0.91599744957463669071 3.4475542177978519831 3.5201819063256771791 3.5992198565921658115 2.6037e-09 4.97409e-06
14882956.878850100562 5693 1.683512757047324282 0.4007961846654933824 0.15746532387506656514 1.0062343670000233331 4.7383074038061723243 1.9974354040039348224 1.5864025244272157433 1.1856551464087756731 5.43449e-09 6.35677e-06
14882956.878850100562 5467 2.8983327678254577897 0.10484233184356145374 0.10183066465282654411 2.4967772857997188041 2.0916733792952029169 3.5010890017448730305 3.5399839360019371703 3.5806560625930043962 2.43648e-09 4.86524e-06
14882956.878850100562 6366 1.7516211199940210363 0.14502267621605433034 0.1691494781919311019 3.100853952827410609 3.9417484446713508817 2.8339841930854006158 2.786553922153557572 2.7361401704971375359 1.97281e-09 4.53467e-06
14882956.878850100562 6102 1.9933910768292397719 0.069006945040253814261 0.082864787927313693361 0.11904104466686710184 4.6025872058426919864 1.927300059776349439 1.8617882537421410749 1.795682377203764446 2.19362e-09 4.6979e-06
14882956.878850100562 4788 1.024530089211744599 0.15046869501331605612 0.13536226825048286448 4.5020078005537493837 0.10355471576761807184 0.40209564671316094797 0.34674232439964258745 0.29560767177304581033 2.35845e-09 4.81274e-06
14882956.878850100562 5548 3.2077152851068762018 0.18503035546124088628 0.28238622090198928216 2.9762986744070398792 1.2861555770814592226 0.50700476831990803905 0.42326351077371032749 0.34726448451891445135 2.11518e-09 4.64123e-06
14882956.878850100562 3541 1.8729764596112759012 0.055546391048356000275 0.11538715201129781662 4.3402516413932437089 4.3700608215318625938 4.2228221466582560595 4.2725212243522072697 4.3227800424125542023 1.91401e-09 4.48916e-06
14882956.878850100562 6752 1.7576271660821471965 0.20891973573921066021 0.13933241385620442898 3.0946904912444339608 4.8873559632561835997 4.5422060113578686114 4.7534085371482355242 4.9621525329358586731 2.54013e-09 4.93327e-06
14882956.878850100562 3318 1.6073667947735772454 0.039415068990123036663 0.1374909764983025251 5.5965823559984606561 4.5705127678715466999 1.6198006612835396112 1.5803846404161501216 1.5409713832392701871 1.57481e-08 9.06274e-06
14882956.878850100562 5647 1.8090756049080769507 0.24842573261107558924 0.10220720061529399436 6.2740052617687593894 4.8590621673278278081 2.6531009278816730657 2.5200031511949396723 2.3753378693754294559 2.57441e-09 4.95537e-06
14882956.878850100562 5528 1.4353957232098168983 0.14604897913413933397 0.17032736507693821415 2.0010355461511322162 5.8044581986423704478 2.2885185908784442255 2.1724247137074792491 2.0520197351319264811 5.0086e-09 6.18618e-06
14882956.878850100562 6950 2.1136930280360224366 0.16644193796677131392 0.040961889749792090853 0.69554993597251957294 6.0506997423762332033 0.33076447101272921092 0.2803385485510214159 0.23428722727056328079 3.07555e-09 5.25804e-06
14882956.878850100562 5170 1.5095199480265952818 0.2321248123469500102 0.10372309421106627736 4.3187765284242933816 3.0476030264340532305 2.5255706292728423712 2.3754295095104627222 2.214479828120714977 2.19546e-09 4.69921e-06
14882956.878850100562 5780 1.9935567051459885946 0.040358819805165251082 0.097409138385026003415 3.8962772523642357214 5.333525868801215708 0.95491381751097437203 0.9223397340460478544 0.89017307263411005192 1.95079e-09 4.51773e-06
14882956.878850100562 6270 1.725924616395267952 0.10685514446083387019 0.12723243241612158805 4.4344622104089426173 4.7177244312219936972 2.6865752263004769596 2.6371087423623977841 2.5854596983374436014 2.07589e-09 4.61231e-06
14882956.878850100562 5423 1.9764470945892711473 0.15383560042068139539 0.12030745493690525594 0.4500487171702390321 4.8699538296804858462 3.892808094041690925 4.0046485537360920759 4.121537889510006103 2.52578e-09 4.92397e-06
14882956.878850100562 6335 3.1273851105677392681 0.090781493513033190146 0.18638845658641040037 3.2203004460202464543 1.0455812703318980716 5.9576461528829147696 5.9855361030008538137 6.0121599176129913999 2.80706e-09 5.10036e-06
14882956.878850100562 6792 2.0677298953174014784 0.29428214800297147757 0.20394818160351937952 3.1979795049691417397 3.9886017280483052616 5.4821210027903326534 5.6771230455373773438 5.8447565945296400258 4.30438e-09 5.88148e-06
14882956.878850100562 5446 1.7392340672791251066 0.07838300882038549966 0.14693601239519771262 0.57549422171806152715 1.2456460713999160106 4.7505530811291203364 4.8288423701115199549 4.9066944879537839341 1.15731e-08 8.17837e-06
14882956.878850100562 5130 2.0445115192701157625 0.39012510810993478172 0.1855173489989600244 2.4936602743397346948 1.5829514038722991565 3.4987199066784215873 3.6736544130466799452 3.8715692365700578037 1.98119e-09 4.54108e-06
14882956.878850100562 5316 3.4870970442733368877 0.086021487838129670478 0.23839203076412621152 6.0497655636618210551 4.8991501049277319524 0.7674231204183722399 0.70940503803475785105 0.65337214974201895945 2.96988e-09 5.19713e-06
14882956.878850100562 6073 3.222861030357245582 0.082912270881094859987 0.22545567322180326553 1.7339741762045322027 2.4611198540945995461 3.3145511157639244715 3.3294540982964502263 3.344938660878689074 2.87152e-09 5.1391e-06
14882956.878850100562 4994 1.0155436090241929392 0.24678927347852830376 0.25694990338335571556 3.4364899156096035959 2.8573253736475296982 2.1993187619649305908 1.9812934629110519058 1.7550068138486687452 2.5994e-09 4.97135e-06
14882956.878850100562 5899 1.8133451917284046928 0.3107106942627444468 0.19541428596783472216 2.2993520127869189196 2.4715930855508920772 4.7146376596975034801 5.0304662572150533606 5.3255912331121999514 7.73132e-09 7.14937e-06
14882956.878850100562 6108 3.1233414885440886621 0.35255844608525721551 0.20087253363374155124 3.815945312016316926 0.070904342505894835114 2.9149349403285973459 2.8155002968903155569 2.7025603959142010524 3.24647e-09 5.3537e-06
14882956.878850100562 6832 1.7934284775797926237 0.19063851437191053906 0.11498614631961516508 5.6411787279850633681 4.3737526599309282105 5.8267815630270192173 5.9047978028318199861 5.9752239632490837806 7.86044e-09 7.18895e-06
14882956.878850100562 5288 3.1706998671101866982 0.22518140595788369018 0.2430003834229491344 6.0527962551494134402 2.026665304569637005 0.44660651232197029481 0.35733272470778199015 0.27856951818414776856 2.94866e-09 5.18471e-06
14882956.878850100562 5895 0.95471026026611049975 0.28794505293642957966 0.15409461458825168823 4.6707852572000856384 0.19562449637710163652 0.56591432524669937898 0.42583161822715442923 0.30688777232319175425 3.55807e-09 5.51978e-06
14882956.878850100562 5778 16.597359623993643396 0.26941849489792091266 0.52009250655711891653 3.5580594609063767031 2.1000373993191114863 4.343449928983524444 4.611193452609512633 4.8792336295939886526 2.56945e-09 4.95218e-06
14882956.878850100562 6029 1.9308263655691328964 0.13430603294310833329 0.13507722378963385457 5.6081446692892669148 0.38686450567066793527 1.5578248708505046949 1.4232404598553582975 1.2903938807580925818 8.02494e-09 7.23876e-06
14882956.878850100562 6295 3.2464859989370782323 0.050762769919171564503 0.21756119468951912177 2.0025872619156572796 0.99552186370312356622 3.759017045994708095 3.7890440574506429883 3.8196619036775945055 2.30061e-09 4.77307e-06
14882956.878850100562 6085 2.2458818321684428376 0.63786176793145599184 0.26507764374826420228 4.514228335532898484 3.2843575241703182321 2.4553639125601440796 1.8421761130906728621 1.2276588441506088856 4.93102e-09 6.15407e-06
14882956.878850100562 5668 1.5510090854508746805 0.11839601401664656688 0.025355034836962091899 0.50449815597191560723 2.4269556998555081861 2.3080266171675534181 2.2164698322503686434 2.1219075662778483782 5.17696e-09 6.25473e-06
14882956.878850100562 6343 1.2407899785812508409 0.24872079751054065877 0.1651604351991411701 5.4530311953385268708 2.5791236875274283769 0.43194922541079688871 0.33712198716340996407 0.25485199842882155785 3.59373e-09 5.53816e-06
14882956.878850100562 1147 1.1825100255635725421 0.098730140699101451296 0.018660747757707322331 0.25098430820001016439 4.9593693347240561664 3.420797785800766988 3.4494339675517240451 3.4793494112769072224 7.2768e-09 7.00643e-06
14882956.878850100562 5076 1.3410530231284087943 0.44106848060335540618 0.14094822367472964464 4.8844381388617605921 3.0072839314670254396 1.0825551508297546199 0.71648409590110095913 0.42681796178220049454 1.5547e-08 9.02399e-06
14882956.878850100562 1969 1.5470855807853172159 0.046088829802230966981 0.075596562175984358123 1.6477773715783459174 0.12678539051368439838 1.5784827256111930716 1.5323707557225569875 1.4863159473773623898 2.21709e-08 1.01573e-05
14882956.878850100562 5111 1.7154525499206736416 0.24213860284412891399 0.082583880011897189966 4.8906557632789580126 5.8014104961147161532 2.9903266611819452336 2.9481716141791576291 2.9016283957735256038 5.46463e-09 6.3685e-06
14882956.878850100562 6503 1.907177635471659638 0.097283757454971211964 0.15093448562172648297 6.1094703384648409994 5.6131159602606022219 1.5517551500819943833 1.4544251327518717964 1.3577993529678971107 2.13987e-09 4.65921e-06
14882956.878850100562 5276 1.826928828917253389 0.21177043543856299834 0.14650252692743045979 2.8113997124079230794 4.2277350800801265507 1.5151875695992143012 1.303380115206422829 1.0991366668185162947 1.69322e-09 4.30944e-06
14882956.878850100562 2850 1.9837012589117881678 0.3991068879131812186 0.24212550015689118799 0.48777462069875643369 3.6949205720831796995 3.8861009365890688549 4.216246618567721427 4.56723138414752583 2.86233e-09 5.13362e-06
14882956.878850100562 6960 2.9876071276724687209 0.2011221914456383375 0.1075324595782808923 5.3440332793985465543 4.4408106077266236156 5.2236942125168903672 5.3921128888148910363 5.5485349277655995337 2.28045e-09 4.75909e-06
14882956.878850100562 5258 2.9911530773868491018 0.31446484303208871447 0.25940782444464555168 1.5289272395779451852 1.6510669037875151943 2.0268183162386672613 1.717477196117669358 1.4063891912684780561 3.58569e-09 5.53402e-06
14882956.878850100562 6045 2.074773020306587501 0.21455141107388370214 0.24784187941525206988 1.6585319510861773473 6.1954594468256409812 2.8116399356578769542 2.7332981911451668111 2.6481117194678329696 2.95219e-09 5.18678e-06
14882956.878850100562 1410 1.6070290390137711434 0.15255690287132844807 0.016498364650181410185 2.4208490992115780926 2.501836812110953101 4.5066475052391501421 4.6589631227164201022 4.8113023540880526241 1.96181e-08 9.75145e-06
14882956.878850100562 5063 3.4916433755857698706 0.18032992402807937471 0.44153259497162494762 5.9115676294230592447 4.4051671896321762389 3.6656571888365543366 3.7643335752463848998 3.8695134833826223542 2.23728e-09 4.72886e-06
14882956.878850100562 5955 1.0537293693991474086 0.06051341879744642771 0.19137507995763053392 3.554956909374354268 0.13092117504720099386 5.9693345782747622152 5.9875095816160550655 6.0051423639916121644 2.24745e-09 4.73602e-06
14882956.878850100562 5999 1.3581144706713015324 0.16456607097562722664 0.12777107286988159673 0.14638278563957557443 2.3661717884341513241 3.4492858546299975941 3.5037570561558135651 3.5620626610755179442 2.29222e-09 4.76726e-06
14882956.878850100562 4105 1.7918479784909104868 0.079628486832296910269 0.093353217954322970096 2.8798851378044632021 4.2428118577997988581 4.8735786144061794545 4.9517594048552453501 5.0291174792089545775 1.26705e-08 8.4291e-06
14882956.878850100562 5278 3.1449944516293228958 0.077479019600172671645 0.26684562272470496724 3.3744732540994708536 0.34161780519858192529 0.89718930882695102635 0.83799277389634974078 0.78040247358710090886 3.13887e-09 5.29389e-06
14882956.878850100562 3487 1.4796255372765898528 0.29607420364891706699 0.10735255255348077896 3.3895056307315685196 4.7041298650907412693 0.5904703326315383638 0.44097040574218154818 0.31460083113188685999 7.96126e-09 7.21956e-06
14882956.878850100562 3069 1.8005216278946389874 0.30153284442925148978 0.070006099457716686185 4.0015479454182170116 0.41213086447212965435 2.9414405754917982705 2.8691531986364191553 2.7880162233085385992 4.38223e-09 5.91673e-06
14882956.878850100562 3113 1.6972890149535013737 0.033145548452036863174 0.18189337288546503224 5.4123620301305095381 4.7439477605483038047 2.5061642045788374844 2.4862207452949860453 2.4660200534921834503 1.79427e-09 4.39353e-06
14882956.878850100562 5489 3.2306385019642585021 0.049349501631963200998 0.32391957351336891913 0.26029932506940178794 6.1612099659209915714 2.4174170655355924353 2.3840888583834418668 2.3501803242161676266 1.80848e-09 4.40509e-06
14882956.878850100562 6937 1.742053867406908596 0.25680021704669181437 0.11358935311613414798 0.80289605710021294538 2.948849814187773255 4.1288159800913390995 4.3625986870912605298 4.6038482643160483221 8.944e-09 7.50517e-06
14882956.878850100562 5757 1.6526921416164130907 0.1398920318660111517 0.19572441548366947828 4.9313336245538117453 4.8475390246589347143 1.5136442580597953 1.3740788371751080366 1.2368848426666441132 2.94097e-09 5.18021e-06
14882956.878850100562 5435 1.904992946026934808 0.23939189624494552899 0.11954749379487461525 4.7837317637249316959 6.0016871855806490643 0.9917303365857870201 0.80165609238932922231 0.62965088020180204342 7.17242e-09 6.97277e-06
14882956.878850100562 6255 3.2357817856791148969 0.088280629992478834578 0.21470866378871328317 5.9622442129823101098 1.8794013020565956129 1.5546730081715014471 1.466351675502395091 1.3785521207466215898 2.45838e-09 4.87977e-06
14882956.878850100562 5181 1.6497326570106483068 0.3335207772316789443 0.022208634028021569107 1.1332835000826115834 3.8503577947309723939 3.3739612309539865898 3.4688163445581050581 3.5760150175648854898 5.47157e-09 6.37119e-06
14882956.878850100562 5784 1.3161232753454481514 0.25532334359206965146 0.13360099369542446923 2.6918643114962823581 3.748825898571652715 5.397112691100523385 5.5824269098560179714 5.7470587778408273039 2.79482e-09 5.09293e-06
14882956.878850100562 2174 1.3773593159940560327 0.064929371862854662334 0.1491580851995203405 2.0966675977319724211 4.0221522578513813073 6.0833533175596148368 6.0958572668547263973 6.1079493461036378221 2.03153e-09 4.57921e-06
14882956.878850100562 5406 1.8778111528873879799 0.10523700001039862362 0.10424543335973281144 0.78749022245670230458 1.0942662424933931042 0.25503220288858519105 0.22970409181573175905 0.20574274266725986471 4.61584e-09 6.02005e-06
14882956.878850100562 6756 3.2274123654727295829 0.029383894336369301148 0.31853395375742560303 5.7465396173274534419 3.0436751203138334709 6.1690128033620625914 6.1723128927011208233 6.1755640854623754521 2.22448e-09 4.71983e-06
14882956.878850100562 6230 2.0908029326589798735 0.62175805139913664643 0.15857706184138115058 2.3286174107770403197 1.138202736003022908 1.6649010315225170054 0.97575707201508132815 0.46086275582756064395 3.21494e-09 5.33631e-06
14882956.878850100562 3770 1.7765250980300022476 0.2578147824697502033 0.16257330096297933908 5.7897612730536724968 0.57097420382328689659 3.2509667827068735591 3.2838800619083388099 3.3204402028083279674 1.55823e-09 4.19174e-06
14882956.878850100562 6237 1.7221217812497877642 0.17677158532589951068 0.10980540016633795475 3.3405174561583419468 0.10812829026772848018 2.2731297795326588229 2.1290670184540134713 1.9791342336529860191 1.89473e-09 4.47403e-06
14882956.878850100562 6634 1.8540395442795607472 0.081193682117620097349 0.10302217224570700549 0.21015679932833347676 0.42010920804390733396 3.6260456122089905762 3.6653308103904485016 3.7059374517544285688 2.7181e-09 5.0459e-06
14882956.878850100562 6217 1.3053366860755060141 0.23270463171083552445 0.11872867402835664274 1.1596959237739616899 2.936369306473219698 1.3795121629987707745 1.1539154094538015549 0.94114045520970390779 1.48722e-08 8.8915e-06
14882956.878850100562 6836 2.0340421550248555249 0.026483971460891521377 0.063977664176026655118 3.9348016706001796017 4.864626108192222631 0.48113009205167783788 0.46901405718110189547 0.45704311589717205866 4.61039e-09 6.01768e-06
14882956.878850100562 5086 1.8305164525511676832 0.016365398585725023789 0.14546106981805301261 2.8844694736836089533 3.678346088468366748 2.5237830802471146185 2.5142391802277792578 2.5046326220176022836 2.82e-09 5.10818e-06
14882956.878850100562 6641 2.0590622045557749331 0.014331223697167329648 0.076513996758812860555 0.24192242123685600563 3.2831551800007985342 5.3143790652571611943 5.32614373689326559 5.3378593871154613737 2.45986e-09 4.88075e-06
14882956.878850100562 5309 1.2528040368082375977 0.25486873582373509306 0.16029821467189628303 3.2408387342083435634 2.8281597309013770669 6.2487074599099665662 6.2566163285040614639 6.2633871338483686486 2.20889e-09 4.70878e-06
14882956.878850100562 6761 1.7352558701746922942 0.12320681234710154084 0.06056149774621288201 0.079656144820840449339 0.0078281723746422508109 1.6743489395500947836 1.5506998824523461344 1.4275179488553930707 4.88068e-09 6.13306e-06
14882956.878850100562 6842 3.1125439544720698848 0.083396919283203183038 0.078036733205189376394 4.7847080121200873393 5.0908956664229894074 0.98738671859310656043 0.91925776323316410465 0.85294455784382761099 3.94698e-09 5.71398e-06
14882956.878850100562 5358 1.6313543044669487347 0.039638302628824430285 0.11673329170728839743 0.07715890464209385069 3.737056871053081597 3.2280763558674197 3.2315705132692507107 3.2351322723485025357 6.59336e-09 6.77983e-06
14882956.878850100562 5669 1.6841202532264316627 0.30641838860064884997 0.12584518594540416991 1.5362208467917419785 3.3087314867877624103 3.4148802456521814008 3.5146276805837834978 3.6262998401909340984 5.45549e-09 6.36495e-06
14882956.878850100562 6977 2.7795302707226112737 0.34535913271018586768 0.05989432900465432863 3.6203269416870811348 0.58411907800120888012 4.8375882671575727301 5.1800401088426681895 5.4883178931389906552 5.37795e-09 6.33465e-06
14882956.878850100562 6443 3.197341888887197392 0.22974361724306130439 0.22754665263932188912 3.4777891502488187392 1.6284340965104517895 2.1834615179191918521 1.9799910093900241481 1.7692146731231799262 1.88164e-09 4.46371e-06
14882956.878850100562 5298 1.825618584237259423 0.048763595038438599383 0.044187045390102618059 5.4968250801935329974 4.0771051425781124067 5.7636557225764963874 5.7873764082637517703 5.8105753619612219296 2.48769e-09 4.89909e-06
14882956.878850100562 5399 1.3858251712594253924 0.15700361851882360664 0.058214617124385463487 1.2565240380377085128 2.1664946339896604677 2.0595973074332598607 1.9149939484243085897 1.7671991398640378712 2.19916e-09 4.70186e-06
14882956.878850100562 6367 1.7827156885039727729 0.29942442764996840543 0.087413140935812622123 2.0006930229833042034 6.1526069538571581674 2.2332336218666135608 1.9680196364777564622 1.6919087732185935646 1.45694e-09 4.09887e-06
14882956.878850100562 6202 2.032915607193297447 0.20227203955459324702 0.10481067877113735276 4.8836247756279771437 3.7560485807388643842 2.7175783590937756529 2.6249197062230504862 2.5249993185399555173 4.75227e-09 6.07879e-06
14882956.878850100562 6269 2.1364755984662595623 0.23151212603807128088 0.057950336771425282889 1.4875671027876107289 3.2189393856065668942 3.4882632035360323641 3.5778401005437521221 3.6756635457705990611 6.27461e-09 6.66877e-06
14882956.878850100562 4189 1.1252011672948594168 0.027716866539490889187 0.015821573673052754389 0.3897737475812210195 4.4926045462727071111 3.7775459635256156687 3.7941967107735088405 3.8110279830625244379 1.14118e-06 3.77835e-05
14882956.878850100562 4755 1.7090713355326356826 0.040416639450259632393 0.0059712274796028738666 3.0357043134119217065 6.1547671504627157191 2.1042090108355311351 2.0690349692162008921 2.0335319568419762959 2.34181e-07 2.22861e-05
14882956.878850100562 3337 1.2860146618181982348 0.12828652134822132735 0.062197313953657254459 5.2440898041996417689 2.9267073365733424772 0.13622198120003595201 0.11977798936026806675 0.10444880325812577748 1.23471e-09 3.87886e-06
14882956.878850100562 6722 1.8759384739801165942 0.16964206233516326838 0.16742198051946460824 3.08661638714431108 5.8160121888775648813 2.732838071674837721 2.6591741220728146722 2.5804732594307413507 1.78527e-09 4.38616e-06
14882956.878850100562 5374 2.0053852341599198716 0.19302610827247004832 0.073477419687705228246 2.7182377593036788355 0.19043672453758703211 1.5952555817815536887 1.4006070958470817622 1.2103696869653615131 1.21754e-09 3.8608e-06
14882956.878850100562 5438 1.1862208671623009071 0.28962873554956442002 0.16404426787529166609 1.0000074836655070687 4.3731532023425199185 4.504151307808631266 4.8006758580572377326 5.0891765604761678432 2.41055e-09 4.84792e-06
14882956.878850100562 6253 1.9183793710450947057 0.27721860699300193698 0.14441262806729987522 1.2213584143090776557 2.8558202580451954589 3.2772935796319009327 3.3217707398839526611 3.3714496392686843507 1.17298e-08 8.21512e-06
14882956.878850100562 5177 1.6131395978668250368 0.25751283523396567565 0.10993776077658133639 0.10048400524365454223 5.3152906564770612263 4.3434582289051908432 4.5984823752026775523 4.8543264381432402743 2.10151e-09 4.63121e-06
14882956.878850100562 6001 1.7278202494238694698 0.23557884074057744428 0.23277215539863779781 0.18718733145778365667 4.4037050434399063192 2.3099635971829348691 2.1185095519145193954 1.9173917588159394843 1.89847e-09 4.47697e-06
14882956.878850100562 5626 1.5664038113548794939 0.16941360457420004404 0.1150089840149626369 6.0582654874669481515 2.8431709282443300424 2.4610750756649824034 2.346205001189475059 2.2252208135762767682 5.23731e-09 6.27894e-06
14882956.878850100562 5630 2.1636184433409839656 0.24885407845966950324 0.19076357739742585973 1.7686391071909748351 5.2707474609300142276 4.5098442612784648276 4.7626147465666175407 5.0111550079229916221 2.87655e-09 5.1421e-06
14882956.878850100562 5678 2.0054841994583658682 0.23572460434183922784 0.062051525211117113112 6.0282644912837461959 4.1858038007312732276 5.00438993212529315 5.224847590509893891 5.4302913972499178286 1.85255e-09 4.44058e-06
14882956.878850100562 6069 1.5339876861048837853 0.2674725682566047591 0.18782990567195118059 3.7292091959172024573 0.97208955685933573498 3.6199672324780056698 3.7623900079525602891 3.9179745013669942111 2.30644e-09 4.7771e-06
14882956.878850100562 5564 1.6210002531191143316 0.052581948341848705475 0.1180712010642075982 4.6399499936908394915 4.177168885338751636 2.8648723445922987807 2.8501238998269777802 2.8350139858311904639 5.64605e-09 6.43821e-06
14882956.878850100562 6725 1.9042939192852352814 0.1359941209123192718 0.086612099719521273844 1.8105843167590833787 5.4514974027994487216 4.8809060158861070633 5.0138773255226301018 5.1437375125424535938 4.94994e-09 6.16193e-06
14882956.878850100562 6591 1.3976813146018389755 0.18288790973135038431 0.18212193491026062997 0.19798530131516101083 4.2793687066661343366 3.1477501906737428428 3.1490012749598870201 3.1503562098413051551 2.63066e-09 4.9912e-06
14882956.878850100562 6465 1.9548551025786400359 0.25252811851440737367 0.023805285943081903183 4.6741395686155087219 1.6633267501345647688 2.9314979767538171807 2.8703001434030843697 2.8026284417365299184 2.98606e-09 5.20654e-06
14882956.878850100562 5694 3.1331490833210824398 0.10646258873430615444 0.33206737605620212372 0.059689305468282272127 4.7699304743175812149 0.60901957228373670983 0.55052141681874788848 0.49482746407865385585 1.21025e-09 3.85309e-06
14882956.878850100562 5553 1.1655967571706256081 0.19063269268601418238 0.17078861799948158451 2.3623596847415457844 1.7727628467877205587 3.8461325943716349052 3.980398519749007491 4.122199799754291405 5.50583e-09 6.38446e-06
14882956.878850100562 5820 3.0752804766732646513 0.17600107938299389132 0.099199911664809098388 5.3748272950470790121 4.3653925656489320772 4.9768339414203008886 5.1437850586476567827 5.3036614259847025821 3.12834e-09 5.28796e-06
14882956.878850100562 5026 1.6500912785625057033 0.03516673693728779998 0.10608958712867659624 2.4205795708024520074 6.1873315269107331815 3.1349378655795367976 3.1346995766028173946 3.1344571714973650245 2.52074e-09 4.92069e-06
14882956.878850100562 5667 1.9047521030146159493 0.13840411911981670423 0.13899836110454677485 0.89527024194988868988 0.68843028777652792716 2.4570898860443586287 2.3642153358471587055 2.2671369563300012295 3.20823e-09 5.3326e-06
14882956.878850100562 6657 1.7807550938264773421 0.25723050439846595339 0.053120325924682479379 1.7373256269173829036 2.8515651589775692365 2.6789619460548896868 2.546904855344192864 2.4027914195264870045 9.52311e-09 7.66378e-06
14882956.878850100562 5200 2.0223749045975747407 0.058443380700764498148 0.13640240469482600716 1.2665217854268815412 2.7005592638830573371 5.9197729412479773714 5.9400113752472849526 5.9596762664393985176 2.18438e-09 4.6913e-06
14882956.878850100562 6622 2.8889333935810150855 0.18232294949150409935 0.2928340108429259292 0.4542977984405131564 3.6999613474427746063 3.2395422909579472126 3.2593329943538940086 3.2807501967190066949 2.90674e-09 5.16003e-06
14882956.878850100562 6538 1.236665944544623974 0.27214583376392414982 0.24560580702124809593 0.77462928326683688773 0.10235262145131679423 3.6924964710125047773 3.8567803444731603157 4.0352424594554996418 4.1002e-09 5.78698e-06
14882956.878850100562 5688 1.9593492918672967829 0.21431004275241827273 0.14468210798484126833 1.4411992039052425874 0.79909403904461706603 2.4860847087638417996 2.3417377772310605799 2.1880228329320217107 3.26046e-09 5.36138e-06
14882956.878850100562 5990 3.1376985569507778173 0.040551591553962394732 0.18136039936409786844 5.1103595077694743409 4.9446490932681488317 2.5050720982747241017 2.4805596382242716125 2.4556636942357776832 2.30118e-09 4.77347e-06
14882956.878850100562 5080 3.2386909878435989896 0.14037764648919892618 0.20329086028362319816 3.6374356145357138459 0.92429181430301687872 3.4841887023072182217 3.5349427438388887346 3.58874736265842742 2.57476e-09 4.95559e-06
14882956.878850100562 5739 1.9305884538184447941 0.10706385981673234575 0.14741516888409081365 5.059935310408636866 5.963783480254418734 3.6484070082571955496 3.7030781530127820922 3.7600836850958057056 4.86337e-09 6.1258e-06
14882956.878850100562 5806 1.1276575628161293885 0.18875044124222245534 0.12855391515323696949 5.395334522193690141 4.2512833158414959911 3.3094439930745958023 3.344557011935809232 3.382604140941054105 2.32886e-09 4.79253e-06
14882956.878850100562 5776 2.0017089331095117011 0.43445982845193731325 0.34641433813573269118 0.81389588863144302078 3.0468101972807879463 3.0662004157024655981 3.0216086286663128568 2.9696053742477350745 1.75506e-09 4.36128e-06
14882956.878850100562 5107 1.6948988360126440167 0.36347812025629955279 0.16710901627384258661 0.74292429054096409402 5.2335392067368484703 3.454499213824369086 3.5953801460648571187 3.7547190829276151369 4.08288e-09 5.77882e-06
14882956.878850100562 5018 1.6857782798800213797 0.21301683946019417393 0.064829175440941660957 0.87350545170262561268 0.28893848335360317048 4.1110630682405826519 4.2997255332110455583 4.4948608649843437846 1.65949e-09 4.28064e-06
14882956.878850100562 5713 3.0818980526213750615 0.19756017910940784632 0.24144668656848769506 0.15544661024479053402 3.6220994816017042517 2.5538872055129635541 2.433388763218746309 2.3048816711692881043 1.49134e-09 4.13088e-06
14882956.878850100562 5209 1.7382738943760767114 0.19500373868438428127 0.091429626375635189572 2.4603034013719256023 0.78962346420781037715 3.6196996524295959041 3.7188856286259102113 3.8253104022754178537 4.75685e-09 6.08074e-06
14882956.878850100562 6615 1.3478809110105931524 0.074194423524746866416 0.14023286322012840088 2.2966269523251554574 0.84726445037875364186 0.21678807099946964532 0.20136704752996589796 0.18652749935372131551 4.67657e-09 6.04634e-06
14882956.878850100562 6617 2.7363644404234199747 0.20862279799153921056 0.054346431712827027172 5.2040104458636129436 3.8748599295783270335 2.3841384175511954879 2.2274969060705180901 2.0622653847762286716 3.93262e-09 5.70704e-06
14882956.878850100562 5885 3.4952160205553113315 0.041667816504272398026 0.24415706496902048195 3.0061551110887840821 2.4715024458521313022 6.1237537831228916474 6.1302382484678465957 6.1365864005526225 2.25928e-09 4.74432e-06
14882956.878850100562 3982 1.3169752721541607698 0.058306274770552071751 0.12099254056155493708 2.5592208373220737272 0.32703785767295567855 3.4527346159845868634 3.4711099520487889158 3.489977065783895771 1.70782e-09 4.32179e-06
14882956.878850100562 1298 1.4789732733305838153 0.28319809397598422196 0.10462760153463505908 2.0439335808976775155 6.2419635504150052796 3.9891535219994413985 4.2276866416077938382 4.4782641898924460122 2.27299e-09 4.75389e-06
14882956.878850100562 5047 1.8534300752024888137 0.31571691984696492739 0.14540672587800493321 2.2856324875923821338 3.3264231825239098939 1.1056243781021739547 0.83728835756962127768 0.60276421151046755131 2.89941e-09 5.15569e-06
14882956.878850100562 4963 1.6349350678164120687 0.17441815945542232802 0.17803410580761963589 1.0221766504507197038 1.9417978247828791005 0.7819780703415282197 0.66552072368761350241 0.55782294940866961053 2.1769e-09 4.68593e-06
14882956.878850100562 6639 1.5910813115794573136 0.22038895082568241146 0.036340501500862300299 6.2319533985038928492 5.9383220824682450001 4.8085820481040002505 5.0274500755988587031 5.2369909200165256635 2.07227e-09 4.60963e-06
14882956.878850100562 4858 1.3294790802161327026 0.28836991632105224426 0.15217550305918925435 3.2076287742799984848 5.6115756452665745968 1.5352383743606401456 1.2443982680860674606 0.97125330634731243951 4.88084e-09 6.13312e-06
14882956.878850100562 1267 1.0835292618281686661 0.27420116477987843684 0.077885272723730081257 2.6984133376200332144 0.78348075531848382358 1.5744726644593034504 1.2965746113098235437 1.0326186311506049265 2.48068e-09 4.89449e-06
14882956.878850100562 693 1.3006106431818653668 0.40885275710767904345 0.23099120645474047198 0.31307378292135440434 3.8426178445047503018 2.9188510998142178643 2.7996708586813094932 2.6625832421360966507 7.32683e-09 7.02245e-06
14882956.878850100562 5830 2.149266877790886543 0.50842335450145725861 0.39820230514350229978 5.0672222353196048061 5.6217714874268480685 1.5079932079681861445 0.98420844505379956324 0.56077608333408246466 2.51554e-09 4.91731e-06
14882956.878850100562 6023 1.7185927507465226238 0.17970606704380873153 0.15969236893224830753 1.0427993617318451758 2.4754087875586927581 4.0976483989695946519 4.2535025132085140243 4.4146173213887545117 3.26695e-09 5.36493e-06
14882956.878850100562 5740 2.0231531725999878368 0.20413494866499956593 0.18013072067132096521 0.45976806449062701532 2.0562248578106907537 2.0571111173965155317 1.8660677046414557712 1.6707670619479411123 3.09097e-09 5.26682e-06
14882956.878850100562 6155 2.1323741683233303768 0.16780884784967595169 0.15684149448547829442 1.4662180403756006619 1.1245960032097639392 5.1180332339403280528 5.2680320324326626036 5.4105959542588033528 3.03729e-09 5.23615e-06
14882956.878850100562 5191 1.8839884409354119565 0.209707601972108304 0.1187591209897070621 2.7226886094885736078 0.66168686089912520654 3.0745841236344526592 3.0587049337904135271 3.0413426456877101778 2.79475e-09 5.09289e-06
14882956.878850100562 6978 1.5324871681459535377 0.20899087710759561842 0.15644548118286669136 1.1014755109966558599 0.34938385544337591249 0.48387039014487248645 0.39402968198874821493 0.31379549119061100892 2.46129e-09 4.8817e-06
14882956.878850100562 5211 3.2180493049856702115 0.098547155374636735692 0.25784917546661928478 3.7622074052232421515 5.3451110592400992161 0.82954886873931377167 0.75906149948369028291 0.69123731826679779555 2.07199e-09 4.60942e-06
14882956.878850100562 5231 3.1528720443957380937 0.056988798503212284574 0.23752580850563778658 0.98812557372626441676 4.5783831089343811627 6.1576935210905752172 6.164635744734118461 6.171375928181460857 1.89135e-09 4.47137e-06
14882956.878850100562 5962 2.8744369603238708599 0.10392334508978193219 0.1504117646653917173 3.0021904240195227409 2.6185293919503669358 1.2573721447291810183 1.1598877391629789368 1.0646151528143492637 2.88829e-09 5.14909e-06
14882956.878850100562 5989 2.7231950144580938655 0.34218669872185619729 0.077137569817762693947 1.2738925054082810284 1.9118699551641114009 4.50626597446256838 4.8608098911863883984 5.1992345281654932521 1.60714e-09 4.23514e-06
14882956.878850100562 5869 1.4794057448030046853 0.17723710509491150122 0.18123989000808041205 4.5199439540717900599 1.5977291802637332285 3.5015962331432972654 3.5702453946075043412 3.6439132551060149368 2.00715e-09 4.56082e-06
14882956.878850100562 5060 1.7480921563273079666 0.085394876760942955984 0.046305373431195499812 4.4921558733662099172 5.8755900245815126937 4.8227652727996304094 4.9073465672495553136 4.9911237138081236964 2.03606e-09 4.58262e-06
14882956.878850100562 6888 1.7220003063002702337 0.099147045835630942534 0.053705331434370479071 0.83064282042206505352 1.0724569298286890096 3.2196135815325055418 3.2277641400919794279 3.2362972188264462758 2.28028e-09 4.75897e-06
14882956.878850100562 5027 1.6573844092485341406 0.25765650035746301416 0.16998802680312424807 2.4490790922980041344 1.5751668686937074781 1.4894161263375569337 1.2323803767391583452 0.98933770405608190135 1.92434e-09 4.49722e-06
14882956.878850100562 6690 2.8449766048897906501 0.036157020705845754893 0.12452229774460008005 0.82180414755323216713 0.24032043465006006078 0.0033097942851429760884 0.0031922095061735103298 0.0030767889169881408075 2.63564e-09 4.99435e-06
14882956.878850100562 6526 1.8487680615295629671 0.17967233338552263122 0.11497306557943995364 5.0437823831140953246 2.6074294785887559556 4.0679267296092707085 4.2207741406258190153 4.3791681891640337199 1.74858e-09 4.35591e-06
14882956.878850100562 5245 1.6071531593809558203 0.22814002759297993816 0.17372530248344783543 3.3983938076416566609 3.6318374719991921573 5.8296868147579106179 5.9213751912239711572 6.0021294005117127313 2.53784e-09 4.93179e-06
14882956.878850100562 6159 2.0485847791435420895 0.37274659893319705972 0.12706189267489040318 1.4504858998606322551 2.3429156708096225969 4.0114287847224030514 4.3458836853257105659 4.6938744639029117423 4.4573e-09 5.95033e-06
14882956.878850100562 6127 3.0136644965110428451 0.30390580813342632505 0.32520948001171678943 5.5608846753206320201 0.058899690075573850334 2.2247971739706353667 1.9535963477368083474 1.6716865091472727922 3.18976e-09 5.32234e-06
14882956.878850100562 4750 1.8214625033253455388 0.06773461149992479613 0.044294252615480193824 0.31965753703389088169 3.7101031317691663958 0.9508760319497863156 0.89676122534738900161 0.8438395265085054664 3.28876e-09 5.37685e-06
14882956.878850100562 1127 1.4569280815567147158 0.14268860219748458196 0.041944446934165290075 1.297286019880454333 0.35367171087874338387 4.6246158093236715558 4.7681429699015414059 4.9106098552578547611 1.29908e-08 8.49954e-06
14882956.878850100562 6775 1.5654534056385278618 0.2047049872911123336 0.018873477998788190657 4.9923795296886597228 5.0859286263303653541 1.1906327399067895279 1.006136131730724026 0.83320739959884870807 4.4281e-09 5.93731e-06
14882956.878850100562 6089 1.9420163891594963701 0.16639620599416563018 0.19010867676049822417 5.2978755473615759541 0.93924908921184868671 4.4113486903721375043 4.5750872890246201408 4.7399175272342954912 2.91473e-09 5.16475e-06
14882956.878850100562 6263 3.4810957676865443844 0.068019519245111778605 0.3138384072727117835 0.081806379481800459152 4.1428307992031712104 1.1927225320078893578 1.1302393590999435524 1.0687147320541841022 3.1828e-09 5.31847e-06
14882956.878850100562 6103 3.3405392863564049577 0.059285374061081336228 0.11907818186722438081 0.97108342647883794108 3.7612267981910960657 2.2885370354352332356 2.2429567800625838103 2.1965672657126256162 3.07621e-09 5.25842e-06
14882956.878850100562 6054 1.8535459667885560986 0.22991759192058622285 0.02175367874428526388 2.3351225621779185815 3.1734117459943997908 4.8949279414519715203 5.1184136911730169217 5.3296385596883624203 1.03293e-08 7.87422e-06
14882956.878850100562 4670 1.0483388403430342617 0.20031217809902301941 0.18331888635470147686 2.599599376456085853 1.3786558213669355411 3.2394645954669938348 3.2614519071930789806 3.2854037294731486263 5.11284e-09 6.2288e-06
