20796714.579055439681 0 5.3990248825669606703 0.046481880520515689303 0.017022001767922474019 0.028836698186557246232 4.3512423020383454997 6.2364492126633468416 6.2385726533606158384 6.2406456456031929036 0.000954961 0.000356051
20796714.579055439681 1 9.0108958379828418828 0.062128096130760743221 0.060196566634001032192 1.0104308540718316411 4.5180141702065501619 3.4139098920248946989 3.4311522337073476763 3.4488916794163366752 0.000285285 0.000238018
20796714.579055439681 6992 1.8094894338657983024 0.11808910136055386642 0.15142562106480375594 3.7760858573037614505 5.0197245094973279578 6.1785282349042898176 6.1902188162442328689 6.201181338588040326 1.98059e-09 4.54062e-06
20796714.579055439681 6819 1.485334401683113148 0.29087245514945259117 0.11030003625396804512 2.3516417079359475117 3.5858015939020866369 3.9554832473819505623 4.1950262942415204037 4.44783127902185349 2.46721e-09 4.88561e-06
20796714.579055439681 6751 1.4981627446477294718 0.38550494698109610825 0.12778979808068116619 4.2177846002731786967 3.6332394986519629398 3.7563611564709309398 4.0312065500095783932 4.3306778457812420413 2.66624e-09 5.0136e-06
20796714.579055439681 4781 1.6045942905128709466 0.32888231243324833608 0.18504957703825000714 2.6660380536030396925 4.4660264575441219748 6.228928198031627339 6.2446227817023522988 6.2573021711894405428 2.90062e-09 5.1564e-06
20796714.579055439681 6207 2.8999169791466625767 0.059375953409378505465 0.19880020299660025596 4.2940971839175476887 5.7137303847065066265 5.0519281961194542063 5.1074003592142673824 5.1622039002258439666 2.10618e-09 4.63463e-06
20796714.579055439681 5588 2.7839377578538115898 0.25122092060811357372 0.1063801163307580705 3.3799024875009342495 1.0228236281826410536 6.0456125676234631072 6.0990545214217117831 6.145051082807409415 2.40685e-09 4.84544e-06
20796714.579055439681 6582 1.7015844604111500793 0.31994684805306849995 0.095174664837441844134 0.81262837656990505319 1.8821079324602902894 0.0095013165559404665073 0.0068199089863452532628 0.0046379175167389537909 1.86721e-09 4.45227e-06
20796714.579055439681 5771 3.1409591192495542877 0.12830919032991477957 0.33373664991123352941 5.7901498992786386566 3.79407209286133007 0.3572417613795263458 0.31475776516813874784 0.27503501741965757921 2.44735e-09 4.87246e-06
20796714.579055439681 793 1.1997878582577021778 0.2280233350730116737 0.093079808115053661033 0.67405287353760912072 0.33214152994909024175 4.7834764454565172898 5.0110959925235381007 5.2290219514106324183 1.51413e-08 8.94482e-06
20796714.579055439681 6443 3.2055844969806406297 0.24743802279137466771 0.26302257078967816728 6.0125944426320794278 4.7243437508231904687 3.3058871956839710471 3.3528059167263517537 3.4046803962887612904 1.88164e-09 4.46371e-06
20796714.579055439681 5990 3.11614608567070972 0.11226551122284479656 0.17142566135600872945 3.4778158724647427746 0.92185317318910875439 4.5496651848481164393 4.6617047384576473235 4.7738260815390169967 2.30118e-09 4.77347e-06
20796714.579055439681 6883 2.1222145646875407721 0.17033023339079730873 0.022900648228509869891 1.3994490497846916455 4.0924625133888801187 4.5463150975938440013 4.7175531116028084355 4.8878810737939240028 1.23696e-08 8.36184e-06
20796714.579055439681 6035 1.5020070640765235126 0.21824159960206884756 0.12073317304576137998 0.033130355671091439584 0.8412529499930051502 1.7774857535005068598 1.5571647152150274174 1.3389433922170257407 1.02512e-08 7.85432e-06
20796714.579055439681 6367 2.1324928349144580686 0.39790904886867595192 0.62579348950669644314 6.249828121983839857 2.4997217255035364403 3.4054797400039795718 3.5406538215856655505 3.6952627550229264486 1.45694e-09 4.09887e-06
20796714.579055439681 6627 1.4364532880646696533 0.24674939957493080556 0.14163425341629909404 1.0266255207148533568 2.7366020239302693007 3.4520878572404334328 3.5389809967917349454 3.6344758574182272071 8.59264e-09 7.40558e-06
20796714.579055439681 2413 1.828470359896261721 0.26055871374001732255 0.082697896404996196207 0.64009259559981013243 5.6522751312134289492 2.5589661798306431173 2.395289447498718971 2.2183885269928209638 5.65036e-08 1.38742e-05
20796714.579055439681 5694 3.1374296439669837611 0.10754609778703477785 0.295862873665924897 2.5429407693022492154 0.24428093744759793449 4.2840021936955476889 4.3842788527414384703 4.4860876946224079731 1.21025e-09 3.85309e-06
20796714.579055439681 5560 1.7136958376280133631 0.18278106276623617976 0.16970794093177576922 3.9830143332457397243 6.0090035160243449042 5.4099325636692299213 5.5431163933461276017 5.6663727560073784417 4.37033e-09 5.91137e-06
20796714.579055439681 6484 3.1722741234363684981 0.1407065207712328847 0.27315659527469682288 5.698658078380173464 4.2298198003793316957 0.76061244957359863683 0.66794549155761107073 0.58079548743422826362 1.88476e-09 4.46618e-06
20796714.579055439681 923 1.9583480119570662037 0.25000369451785464658 0.12317444758779022562 4.4517635296880184725 2.6239556987732464144 3.2948199737448726765 3.3391519277332406546 3.3882218197763647183 2.53731e-09 4.93145e-06
20796714.579055439681 6888 1.7405976365024509178 0.3081987757783516968 0.079903557071140954293 2.784164259738378 4.6596368683567011004 3.547766734500603647 3.6934964113160284604 3.855087889821808389 2.28028e-09 4.75897e-06
20796714.579055439681 5448 1.8822427092377636004 0.16000786667740071745 0.13978302216314669737 1.4661354182232033683 5.2912261958618902469 3.3149429809418418102 3.3451113559961660471 3.3774516110094112697 2.56033e-09 4.94632e-06
20796714.579055439681 6528 1.7179307678447595098 0.21201581214032969025 0.17990200116159857369 5.2690192880069801618 2.7042334297263339593 2.8940310905740678216 2.8354013205108934415 2.7714935402794940167 2.31313e-09 4.78172e-06
20796714.579055439681 6764 3.2936503503975615992 0.042032518273085586746 0.29182616217901824474 5.2540706679949877866 5.7457815600448460813 4.5396165327428965597 4.5811858634746354113 4.6228571211256097584 2.4069e-09 4.84547e-06
20796714.579055439681 5259 1.5875157008878590936 0.092653659939457039263 0.039226034896611951253 5.5360849040866728643 0.80716521480869229954 2.0874645795523969483 2.0048833326578967551 1.9208228911208522494 2.21606e-09 4.71387e-06
20796714.579055439681 6618 2.0144782405920209634 0.42923023255796954878 0.17117821517928333286 6.1644102731423595642 4.1050664633749853749 3.902847786634619176 4.2705251077593819886 4.6585304356506860302 1.98254e-09 4.54211e-06
20796714.579055439681 2658 1.8671485478806255642 0.50266705356211194289 0.40657108713531103783 0.20253279035680626929 5.2383294714832553396 3.7735585219265201928 4.1751503402557279543 4.6070042349762099221 2.46497e-09 4.88413e-06
20796714.579055439681 6498 3.2352025662184704657 0.093896909767279199133 0.11660031134358428417 2.4121085168593237036 1.9061170045706385956 2.92198324209498006 2.9004967396519658607 2.8780772574843842548 2.50157e-09 4.90818e-06
20796714.579055439681 5668 1.6946084503274090327 0.1679703520731889721 0.052444538632528847621 0.22673299565255433663 2.1566845565429968445 2.860452364007999293 2.8093746912951238492 2.754592754017377576 5.17696e-09 6.25473e-06
20796714.579055439681 6300 3.2547320007538300679 0.092450825312431206271 0.23735051971321025066 0.70453166169352920978 4.7770692857437966339 3.3340003498231265411 3.3525603979194324999 3.3719201818816690874 3.26125e-09 5.36181e-06
20796714.579055439681 5204 1.8080657573520590997 0.52223166392326281215 0.18621199807727253916 5.0889549962288604945 3.7352315653839687215 3.067043501893897961 3.0086588622230889811 2.9394409111817734193 5.21728e-09 6.27092e-06
20796714.579055439681 4755 1.6636829776355603894 0.02357400165629030056 0.050318885699566127945 0.38077086617004080038 5.8012005203780248053 4.8258908140216725258 4.8492840835871939831 4.8726375384224906995 2.34181e-07 2.22861e-05
20796714.579055439681 3800 1.309523654814993332 0.17985952163892404698 0.051961027356400915633 4.4429515293741781434 3.53691213632062329 2.8380525273723793411 2.7787339023556949513 2.7148930733647493874 1.79108e-08 9.45995e-06
20796714.579055439681 5861 1.4911412920716617947 0.20517501629394613305 0.1292095894569585679 4.9860164632379255778 0.0936981358157327332 2.9965728779841676044 2.9631804923348536995 2.926768664221284677 1.95257e-09 4.51911e-06
20796714.579055439681 6719 1.4556462695402401231 0.30461351293192034939 0.12169309496037626628 6.1338847844423787237 1.2349093637124062273 5.8335615369675410946 5.9523298735062564191 6.0512842391316841173 2.09817e-09 4.62875e-06
20796714.579055439681 6923 2.3771066377919320978 0.23724213065024291058 0.23083086083383358433 5.4751116831132371487 1.0640095193469647494 2.5369231757871237853 2.3853569760273583 2.222564260057679153 1.67707e-09 4.2957e-06
20796714.579055439681 5480 1.7835944548948516886 0.29056999726992022159 0.060605801814365985181 2.2529700635274649834 1.190270446630064427 2.1298028698138540271 1.8581915932316026563 1.5795391926662736282 1.6026e-09 4.23115e-06
20796714.579055439681 5093 2.077873164249171456 0.12752572777329873599 0.14464180516501265461 3.9683953022353573026 0.82393164607561286683 5.3465460985739419186 5.4458466125023443638 5.5405809054890848842 2.98948e-09 5.20853e-06
20796714.579055439681 6676 1.9158588248678072308 0.14247663982664132698 0.24561441089277449845 5.6413585946671354066 1.4952682474197842577 2.1626597159933069747 2.0390241670133497642 1.9118823627843957169 2.23147e-09 4.72477e-06
20796714.579055439681 6526 1.3349685442670822244 0.23988403538384325819 0.056699587217163484321 4.0325925421099420021 6.1278039122990914933 1.7015659522545920623 1.4575321513396852779 1.2191851806511431189 1.74858e-09 4.35591e-06
20796714.579055439681 6951 2.9929406888915770502 0.052472965165292644041 0.039974331436336073275 2.7665992714716622913 2.2802948089534917919 6.1392272897290496303 6.1465695119561578608 6.1537158695321876323 2.54062e-09 4.9336e-06
20796714.579055439681 6202 2.0556551915926140062 0.31700347131670719714 0.048332803963229628574 0.93943081072428813449 3.4262969376412408806 0.91049188424774651907 0.67786732279117600797 0.47906389488410072719 4.75227e-09 6.07879e-06
20796714.579055439681 6083 1.8656943927711235887 0.16671913258968468208 0.12477313301159735637 4.2601623452493218025 1.9784339997386615195 0.14640651243911662061 0.12379256274464119081 0.10320664670175050404 4.91269e-09 6.14644e-06
20796714.579055439681 6982 0.9141988133849190401 0.11703898190379576072 0.19719736500862020123 4.8538808296621587246 3.2683392655842204988 2.122208175940678565 2.0190886274804022982 1.9136144336466911486 3.77646e-09 5.63047e-06
20796714.579055439681 5027 1.514653356480191837 0.16450110822007110722 0.18570370920397491488 6.1314340708943015912 3.3422787606708088681 3.0211187502541698713 2.9994306846278981915 2.9761235749003329687 1.92434e-09 4.49722e-06
20796714.579055439681 5146 2.7837460603026360495 0.059700627008190419731 0.11896708628241903227 4.0263622563215868411 6.0051606661945733379 6.1981782407480343622 6.2031049565874845086 6.2078806955477814356 2.55901e-09 4.94547e-06
20796714.579055439681 5492 1.9055337637659957029 0.096262766183098660844 0.11082024809264270915 5.2462062952890837764 3.6651709008891573127 3.1565224417272061963 3.1580359229285170919 3.1596187261912236366 4.51271e-09 5.97488e-06
20796714.579055439681 5047 1.518199726903394442 0.25408779631989270031 0.16432704783479201716 3.1922522033091254023 1.8806652771235603527 2.8295918414102669836 2.7392424778351220915 2.6397462906805131411 2.89941e-09 5.15569e-06
20796714.579055439681 6657 2.097742756699474409 0.087987177551826056821 0.031697540477723801233 3.3648389075443891905 3.5070990804194921431 1.0850339318519566234 1.0086831525453541225 0.93423449767219801654 9.52311e-09 7.66378e-06
20796714.579055439681 6413 2.7280270484381343721 0.20835062719035898904 0.081636236478390092342 2.2386924831666124014 1.1104145235230356015 4.039373290211599965 4.2152206923618837919 4.3983476918642576692 2.71272e-09 5.04257e-06
20796714.579055439681 5928 1.9749188492769866876 0.28527300736881849863 0.089658110399166268678 1.7089389332688162959 0.80686335543843612506 3.3786191035198269716 3.4582675494986010456 3.5471039947725659935 1.85148e-09 4.43973e-06
20796714.579055439681 5018 1.4420389242857905021 0.13252937643313231209 0.19149957248304078083 0.83853044857569303261 2.8262857489001267375 5.9434636688503337254 5.9851960398019183884 6.0241064903552565823 1.65949e-09 4.28064e-06
20796714.579055439681 6615 1.4401580798324356003 0.23448262357004506784 0.22206231125143935379 5.204158747053631906 3.1709620596433185646 2.7667663919657896621 2.6689531501945586989 2.5622077490086061502 4.67657e-09 6.04634e-06
20796714.579055439681 5423 2.1699270952155025327 0.43043533445348813871 0.41753896972052295666 2.9221039602120777445 2.4407411959238429766 3.672419919173279812 3.9551035871816533351 4.2679024463423580471 2.52578e-09 4.92397e-06
20796714.579055439681 5021 2.7557477100097016454 0.26500985705083723865 0.18770829299027141923 5.1569320456112697215 5.3808493022735710554 4.6343729825724890858 4.9045883994401666683 5.1647184922954307851 2.06176e-09 4.60182e-06
20796714.579055439681 57 1.5602582958149642245 0.013326558767129920852 0.046737535044462770462 5.2973832567061345244 5.5664483464128036161 1.9146030640638140863 1.902027760302503312 1.8894255987690466991 2.40925e-08 1.04427e-05
20796714.579055439681 1124 2.0492182257886693009 0.11686389716422462826 0.087120193619071403801 6.1125733101102541767 2.6881174583564626523 4.6432283069199415948 4.760554781205584618 4.8772831457051362136 1.32419e-08 8.55396e-06
20796714.579055439681 5020 1.4274918665626550318 0.15423126112578730562 0.11972224300039568945 3.4453129444522661018 0.23372140986393918904 1.4552285645746414477 1.3027665934320280527 1.1540422277441388932 4.40916e-09 5.92883e-06
20796714.579055439681 6161 1.9362517323280141746 0.1787595484048043748 0.12719966184747527604 4.5852868831932163118 3.1506231460522413634 0.84407618784843141402 0.71717247452653565265 0.59968163710113187026 2.19638e-09 4.69987e-06
20796714.579055439681 61 1.9216831279519519526 0.094499258376423672656 0.034330679937275780655 0.27479555386739168421 4.9517333539338048709 4.3233835491286178865 4.4125621483575780957 4.5028455726913296786 2.32681e-07 2.22384e-05
20796714.579055439681 6451 1.6437084152695748962 0.047692974846480593043 0.062733360920819006279 3.7076601462206806303 0.71934928432050915248 3.0461214720090348251 3.0414618280930434402 3.0366942672190027075 2.57122e-09 4.95332e-06
20796714.579055439681 6876 3.0763977094314332028 0.1763242059874593759 0.1256705446419954797 2.8928304660104142698 1.1477326767625966042 3.3184714012644218606 3.3527361467729854816 3.389689845018783565 5.7202e-09 6.46627e-06
20796714.579055439681 5132 1.546272205912481823 0.12591228808323065569 0.15619829685627414917 0.12354156960119934416 0.83905165902385636656 3.1845444927257866574 3.1903384649610289081 3.1964737312084881005 4.5221e-09 5.97902e-06
20796714.579055439681 5470 1.5446530829785711791 0.21089474168620436778 0.073554670220229170785 2.6594165918144967442 5.9331784974576233793 4.7114037857490425054 4.9239160419914140832 5.1301102442898400824 2.3944e-09 4.83707e-06
20796714.579055439681 6270 1.7437458776046907971 0.16105706167102395998 0.051295691132071490059 1.5221270980360208647 0.59830677627430739474 5.0163190342221266604 5.1670545931011178098 5.3117495342578617823 2.07589e-09 4.61231e-06
20796714.579055439681 2778 1.6668452691808874899 0.075170541690652972755 0.19066792247521274772 6.2036269952701195152 1.1562780451882699317 0.62736357976400336511 0.58448826384093299779 0.5430112133901620064 1.15158e-08 8.16485e-06
20796714.579055439681 5605 1.9567457587939784958 0.42054199364335742573 0.3501748951647705721 0.6843554501591819772 2.515347941890292649 0.22474840413713106924 0.14390096852035522135 0.083593209305458993086 2.44051e-09 4.86793e-06
20796714.579055439681 5518 1.8383112966532553223 0.24993630138918382366 0.14338809156352450014 2.5730038478019956472 1.6716530783292991025 3.5768666654520719916 3.6977412814445713707 3.8296874466511874324 1.73658e-09 4.34592e-06
20796714.579055439681 5490 1.6874395584220334143 0.32427547185124544482 0.1075801353337304811 0.86610848144667185178 1.3357090327284051323 0.50370232593526187426 0.36355456530011970306 0.24824262674449787403 5.31486e-09 6.30978e-06
20796714.579055439681 5374 2.0974553554454318238 0.23057555569030618869 0.18684939678365128368 0.55153066672325368192 6.0567781199947772208 4.3470617655457299833 4.5738954288525421887 4.8022632436693957203 1.21754e-09 3.8608e-06
20796714.579055439681 2768 1.4690240795164912768 0.011140783821007929633 0.04980994673306719106 6.1022908232823347419 2.4571582623539987011 5.8445829027337268258 5.8492905066118838775 5.8539741798298798869 6.2175e-07 3.08595e-05
20796714.579055439681 5194 1.7886445040542817697 0.2160972233454018232 0.10379757793955680933 0.1296136702283504083 5.3209341361014148575 0.74241940176965559584 0.60581128660501271099 0.48275922322373837625 4.75382e-09 6.07945e-06
20796714.579055439681 4105 1.9137888760022490064 0.1968595853646550875 0.11257079136816112996 0.96301856202054292311 1.016963811921769878 3.4211087061567599932 3.4817325128467286888 3.5474085994082824591 1.26705e-08 8.4291e-06
20796714.579055439681 6324 1.6666400099030509452 0.23636185548606017393 0.15493080342113502157 1.6917303135046513063 1.1828464463896073422 2.2675130759839361438 2.0689598541856391023 1.8613250561817851203 3.61321e-09 5.54815e-06
20796714.579055439681 5952 1.8962460201292574702 0.47880372550730421199 0.20592939925772615894 2.4894583976453876772 1.3831604836177981976 2.7126844197805932701 2.4383341866828418532 2.1286887167783810071 3.30338e-09 5.3848e-06
20796714.579055439681 6639 1.6975571201917278863 0.39287004038630601865 0.12157708486317819752 0.28870688713746178733 3.4929828876643935764 3.8530718972812429968 4.1667755327521955877 4.5026044213580735942 2.07227e-09 4.60963e-06
20796714.579055439681 5312 3.0078345112076827483 0.036993610845495662753 0.15073459151584406301 0.9068786096454443113 3.6570804424009244471 0.64804891861173286038 0.6260363731436831003 0.60436043228648894665 2.46345e-09 4.88312e-06
20796714.579055439681 5514 1.9497736737168047672 0.11079148791124281137 0.16587651189261612417 4.6581541719956423009 1.302100397810928234 4.5057208613921746476 4.615633252003712883 4.7259065476380852644 2.23079e-09 4.72428e-06
20796714.579055439681 6734 1.7363420161963953881 0.10028121443533614954 0.16289969820968655534 1.2996734149478081921 4.0424804197553481089 1.279515014096269887 1.1846568284026770534 1.0917593316164306838 1.24231e-08 8.37387e-06
20796714.579055439681 6073 3.2274848900152597331 0.067052297132232749344 0.21619221930893472994 3.521769069324934609 5.8448765934374362629 1.6918985113811708665 1.625015966719074445 1.5580622045882075444 2.87152e-09 5.1391e-06
20796714.579055439681 5949 1.462477853058754329 0.28192536168027493293 0.17884325174158133276 3.5071074623767848344 6.1547873321961050763 0.42670234518797206524 0.32149589484741530887 0.2324113811335245805 2.21075e-09 4.7101e-06
20796714.579055439681 6028 1.8500787217693424047 0.20112048623125838853 0.20054267020213889516 0.61994423787982710916 4.4931126352841497251 4.0533915344661632929 4.2242800266678646182 4.4019139150802963911 2.1303e-09 4.65226e-06
20796714.579055439681 5806 1.1147590799081319446 0.31995180230128611454 0.26008085907038319684 0.40729042612538829404 0.74271949971173911731 3.6898474060837020971 3.8883814945247943129 4.1057201722291827295 2.32886e-09 4.79253e-06
20796714.579055439681 6521 3.0146207976616472557 0.030611383948387901888 0.19760141285811130829 4.8831088280338867946 3.3296454174049476826 5.7265482788037607165 5.7425171914275452423 5.7582731439689585073 2.953e-09 5.18726e-06
20796714.579055439681 2010 1.8764181106137582944 0.098373265255172606669 0.10239423944244985254 0.57920639548126162666 4.1848180290293495176 1.2582524767733558324 1.1658844746954561966 1.0754659544406526273 1.54172e-08 8.99881e-06
20796714.579055439681 5455 2.1120256128922783034 0.032001983945802323084 0.11563119789108917967 2.0699848253706654155 4.3837782781548062516 0.038303338221514458828 0.037096837336292383391 0.035909937217576091972 3.36325e-09 5.41714e-06
20796714.579055439681 6780 1.8266092942653133768 0.30892253899463356648 0.07229987108939557594 0.20667945269773996264 0.87010210942444909943 3.739113751336397673 3.943388539111416069 4.1653821720803909656 3.2776e-09 5.37076e-06
20796714.579055439681 5170 1.4914132672559132775 0.24384346103623127933 0.14845908852918401899 1.5983430360863013497 5.8025235811136051112 4.8294579866611080377 5.0706626351873476111 5.2990229083577231606 2.19546e-09 4.69921e-06
20796714.579055439681 5540 1.7574760983584203355 0.24298764799017791294 0.20040679843893435819 1.4711947097804347617 3.4289420286349088229 5.0166554071504343426 5.2426549060323983653 5.4522736934837592315 2.31531e-09 4.78321e-06
20796714.579055439681 733 2.0508270883668027196 0.055725528568093762871 0.050085551469423138238 1.536884984113698227 0.78711410740833898103 1.7368024856322707983 1.6815597488813245342 1.626175706288770284 2.82876e-08 1.10166e-05
20796714.579055439681 5469 1.2952103800001699696 0.29166237196117206221 0.24270654195829488575 6.1224104907429017786 5.8390653091682880316 5.7730883651571067716 5.901724903057886884 6.0103038914627218148 2.51139e-09 4.9146e-06
20796714.579055439681 93 0.92909237806240208002 0.038786677860329424328 0.038356968267030430719 6.1889419884830063623 5.9121883449801426735 1.4696227274713056232 1.4311001268296046351 1.3926912954532595368 9.39844e-07 3.54162e-05
20796714.579055439681 5525 1.7135483932804116414 0.31258028826661077293 0.08614529010479871074 0.069450262392879727469 4.6874991117494708703 4.0786524525468532687 4.3621913420784048654 4.6557995462299937017 2.22151e-09 4.71773e-06
20796714.579055439681 5178 1.896426335768649718 0.07882918524341057942 0.069263013715065088749 4.3392879200992311439 1.1604378789123412918 1.9212846526834419514 1.8461489729088647049 1.7702893321199184573 9.33283e-09 7.61239e-06
20796714.579055439681 6217 0.94000399242059029525 0.16445895984467148732 0.16845594744027564404 2.8213010238796192297 1.2791708917026056724 2.4729336284208942587 2.3632590313314749686 2.2477934164517940907 1.48722e-08 8.8915e-06
20796714.579055439681 5688 1.8048691945641808232 0.24721953040313360273 0.17819750332684983207 0.64380520734936763638 5.470438780537296708 5.1018177221514005026 5.32266013159455742 5.525254720687974519 3.26046e-09 5.36138e-06
20796714.579055439681 6053 1.4157819678377654427 0.031816446557639453674 0.092276732797240454409 4.2082766072319950368 1.4468447994077651142 3.9938188615789647073 4.0180271015639226206 4.0424768377286568466 5.31336e-09 6.30918e-06
20796714.579055439681 6403 2.0062051590533891421 0.16215896545549962626 0.15720675424994368097 1.8283389479810978617 1.3213623588409271203 2.8007838985619875061 2.7416914555813991505 2.6785585372687235051 2.19336e-09 4.69772e-06
20796714.579055439681 6765 1.0248847337286339787 0.088496293540410858602 0.13575555054543386735 3.9862564628647194631 0.17768956717521267041 2.7367226270868640903 2.7003157292140942403 2.6625194563222147615 2.03075e-09 4.57863e-06
20796714.579055439681 1475 1.1137892412757326444 0.056243876093724678999 0.075368266283465032429 1.9528455830544919625 3.9661315895932336417 5.8959148718611142925 5.9166322404470683693 5.9367900242634368269 5.93186e-08 1.41009e-05
20796714.579055439681 6874 3.2637870843919198904 0.10991281036097473589 0.25911691524342578274 2.4675065718522670721 2.6056693385914515559 3.9591419897348134604 4.0426664379006336247 4.1288374143757691215 2.61974e-09 4.98428e-06
20796714.579055439681 1959 1.276612206204546407 0.2784760636159384628 0.16107853967114349469 0.65175879304800121705 1.8309901829836547904 1.9372042816392278652 1.6595433515914463918 1.3821632119273306039 2.04943e-08 9.89451e-06
20796714.579055439681 3953 1.5328088921159666036 0.063342180104673115326 0.20515906355775381797 4.6637505501895040183 1.7451489753420359463 1.8475752453088620797 1.7860689835849847817 1.7241888558195526127 1.87457e-09 4.45811e-06
20796714.579055439681 6642 1.539876975105309409 0.29893177904320733518 0.10399414057622684282 4.3415417076690321352 1.9263590837919482013 4.1870781339552296529 4.4718060624358280108 4.7621283816567476777 1.26355e-09 3.90884e-06
20796714.579055439681 4189 1.1507169016219618296 0.060336459108920888206 0.015589524866540577577 0.49153630257172048479 3.5742210931585685074 0.43526112845911663074 0.41047712963190713387 0.38640005459127207965 1.2408e-06 3.88523e-05
20796714.579055439681 5324 1.7309360511763827173 0.083470168624995677575 0.21365725322892614724 4.6228497759718685245 5.4140462808866383071 2.8685000094790868985 2.8450029329447605875 2.8206078972047552433 4.64884e-09 6.03437e-06
20796714.579055439681 5380 3.3243528503291099874 0.048776949904861782725 0.20537363797598495729 1.5560288492353613332 3.1142640633228504399 4.8974097686965327725 4.9451592862752065116 4.9926207751100388776 2.14422e-09 4.66237e-06
20796714.579055439681 5451 3.2640702875602460864 0.034066222459562263414 0.045902642368450083388 0.61050239762613878192 1.8202117480841637498 6.2249126090204427442 6.226864000262324339 6.2287816402366900093 2.58702e-09 4.96345e-06
20796714.579055439681 5538 2.0381138948874131245 0.27731833265654054488 0.12508711079616366413 1.9895794796063677179 4.3696391909661302932 4.2024239534603848867 4.4660685431100866083 4.7350163543750261042 2.97954e-09 5.20275e-06
20796714.579055439681 6532 1.9236587143452781312 0.15725715823220928757 0.095946874967949374868 1.9712040156649792699 1.197792259987559893 1.5688719315973429502 1.4109835271346287122 1.2557302826380505323 5.62757e-09 6.43118e-06
20796714.579055439681 5245 1.7633995034523579637 0.26862446436532522176 0.18310539986690063663 2.2896775063560750318 3.5854023704907946879 3.4983732391559487773 3.6078956387926064409 3.7286657210924452066 2.53784e-09 4.93179e-06
20796714.579055439681 3751 1.8964107595365691239 0.070707002280113603887 0.087127105519357747609 5.5284087355906876837 1.2879150204817177983 1.4182595460859412917 1.3486883870333792323 1.2797182834126452633 2.30157e-08 1.02847e-05
20796714.579055439681 6233 3.1026284683520488628 0.18968191973802528416 0.20077343460372285011 2.5283138809903249467 1.2823840521248284219 4.0734539681994146321 4.2360541871714492146 4.4046209958279245456 2.38928e-09 4.83362e-06
20796714.579055439681 5382 1.9407881294655544568 0.36984643881425810497 0.33110517196022859476 3.5022778114080836964 5.537639907212644097 2.9458466231031916749 2.8540588627952203638 2.7491748035546286211 2.55203e-09 4.94097e-06
20796714.579055439681 5567 1.9157814894059310706 0.36035218394234563855 0.1449766415768620198 2.3952599080251468777 1.1930305500571305455 3.0106168598659412972 2.9508934881702622022 2.8825903777338748313 1.31986e-09 3.96606e-06
20796714.579055439681 117 1.8125545356479386694 0.26718404094928904779 0.088718380468270047201 0.84359262311549487734 5.6919754581643475788 4.6944164060636683899 4.9654977225777816585 5.2241689128466672898 1.39228e-08 8.69812e-06
20796714.579055439681 5708 3.1471066234172915266 0.10213389593568709957 0.22141391785990249819 0.61002141889168604028 0.78232450453112645228 3.5627431102163602539 3.6066509414142480239 3.6524554301395948386 1.65544e-09 4.27716e-06
20796714.579055439681 6956 3.484852067072100823 0.055909074198958401414 0.39471324410081376488 3.5201650841506899603 4.2994592957404353939 5.8557845582052561184 5.8784005970132913177 5.9004187576934761239 2.20649e-09 4.70707e-06
20796714.579055439681 5471 2.2435497876074248502 0.17722920405536349286 0.10233522238680155259 1.4868681163148995683 0.58170337569649310794 3.2114246925090808027 3.2251086766450076659 3.2398929544004455572 2.7508e-09 5.06605e-06
20796714.579055439681 5235 1.8613374834562994575 0.14212878392943883998 0.12926009210739719535 2.4921633074577491662 0.61933572631969302513 2.9115589553426328706 2.8765558055448732233 2.8393259054368207295 1.69779e-09 4.31332e-06
20796714.579055439681 6722 1.767235995890159117 0.21391249854802898978 0.2755133209401869343 0.94448260442691012173 0.88363427553077911192 2.9799104937000113758 2.9409113514151949964 2.898270674381761669 1.78527e-09 4.38616e-06
20796714.579055439681 1888 1.1336710242779186597 0.31628035192127323949 0.13867226049161282542 3.7264613581423620126 0.73023590472052857248 3.6966676002177574212 3.8944662597410024674 4.1107193221291593588 1.07624e-08 7.98276e-06
20796714.579055439681 6473 1.9184730141661883174 0.13851635289486488589 0.11393688710422458787 0.82081899293417259766 4.2124949447390864776 0.80247890510852004642 0.70708158497147033383 0.61709889881328772177 5.43469e-09 6.35685e-06
20796714.579055439681 5815 1.4861406379515855747 0.10176454445802804449 0.21642143069479055639 0.53739469477845625001 2.8798471306327506625 0.35991595407369142423 0.32562255031877918032 0.29306820644807335396 2.67562e-09 5.01947e-06
20796714.579055439681 6211 1.6126503142853523265 0.25373608084587595535 0.10151512890826955293 4.040457123171282916 4.1431130285231425603 1.958357461378583908 1.7086004650345996136 1.457269795627709863 2.33777e-09 4.79863e-06
20796714.579055439681 2174 1.0603468917284024631 0.17951813067557481629 0.19877416315946971892 3.5599829838205279131 1.8316872652263476162 1.865061644281617248 1.6876512147635625016 1.5093573558677926272 2.03153e-09 4.57921e-06
20796714.579055439681 6536 1.6831162332589211239 0.24419362506602304563 0.19049869242001832292 5.4262042937347629845 2.5183697258770192384 0.42737576305859115156 0.33509061633646441969 0.25478638341783332866 2.77887e-09 5.08323e-06
20796714.579055439681 5873 1.8012998771357711103 0.19478869855713737413 0.11595022490297803019 4.8768993371847031426 0.31996046853865689474 2.4030091399598680901 2.2604605329049203277 2.1101888986786860869 3.51811e-09 5.49904e-06
20796714.579055439681 5741 1.8073627919558770127 0.22174961725483990915 0.22607318038094009749 0.56083793362626899182 1.4442642320639713649 3.6035872532535595525 3.7147429439998789213 3.8349936810611375826 4.83963e-09 6.11581e-06
20796714.579055439681 5780 1.8059690146884450623 0.17211223665057562293 0.17726422006362946293 0.34706479858547817363 0.097257489399361726767 1.1094906746269461717 0.96025800378035630622 0.81923964790421377469 1.95079e-09 4.51773e-06
20796714.579055439681 3982 1.4249074588894625748 0.16839010442085958208 0.11677365685086411873 0.22594467993952180307 3.8176443628363094795 1.7204951438540856401 1.5510493759027070837 1.3826921016079098958 1.70782e-09 4.32179e-06
20796714.579055439681 6155 2.2288925646120891777 0.32507465735296142695 0.46829155121565685382 2.4068396482820424431 2.7799572642733729744 5.9080692124694342837 6.0139245361196538298 6.1004005442621886957 3.03729e-09 5.23615e-06
20796714.579055439681 5782 1.9576956889790508853 0.17246760695307941647 0.13245333207354723082 1.7463562090422375395 2.4462181620515828229 2.6597123741840849043 2.5725173580346920588 2.4795826174090813687 5.0598e-09 6.20718e-06
20796714.579055439681 6417 1.5908688936080053189 0.11693704279485234165 0.077960907352902189538 1.6407409815696525346 2.993595343287131616 5.0311476778161248191 5.1404555248681909063 5.246841344296983678 1.63097e-09 4.25597e-06
20796714.579055439681 6237 1.2564678198826162436 0.14732641743330032735 0.22158635573840826383 5.1060282696131800151 5.9283816575664411985 2.6235427914656543891 2.5451836990649661097 2.4624341304092194349 1.89473e-09 4.47403e-06
20796714.579055439681 5750 1.9319627175907856387 0.23755552477037703007 0.1188676246661931335 0.72605793499743354058 1.0087620215679486968 2.5738256529832814756 2.4298184956417339109 2.2746524060002610845 1.52873e-08 8.97346e-06
20796714.579055439681 5661 2.6541829700294909955 0.27152002007439618447 0.12222451360412212029 0.53302451984606324942 2.4706980711169248544 2.4938399261500010518 2.3067105079115428623 2.1054551431208428092 3.01386e-09 5.22265e-06
20796714.579055439681 6303 1.2335514064697512548 0.44130532272205280631 0.173049521951518126 6.0789177261430076271 4.5850740772573548298 6.2791055643486153315 6.280645256227134432 6.2817661930270816129 1.48051e-09 4.12085e-06
20796714.579055439681 6335 3.1342514188534233988 0.070670564028770602172 0.24516017584955013264 0.034730701596722354796 3.1745830547070825745 0.32659388035564229646 0.30462996360932836915 0.28343302074249937528 2.80706e-09 5.10036e-06
20796714.579055439681 6290 1.3656353415958006892 0.25356319843218333432 0.017590486043344955025 2.4042165284354544141 1.3506807736124277763 4.2163267922895864004 4.4566833726416188455 4.7020019810455195852 4.66797e-09 6.04263e-06
20796714.579055439681 5215 3.0512176946907758612 0.13942501642459337319 0.25256540564102986091 1.0761475132544366939 2.8792250698670578402 0.90996542124984325373 0.8040109022319912313 0.70360471062393314945 2.09099e-09 4.62347e-06
20796714.579055439681 6358 1.7620336473909092856 0.16383957698196818797 0.20713241725294584406 0.52298500725018659541 4.7391076673524006324 4.3010966808620576529 4.4571326232264638634 4.6156635683710733886 2.40091e-09 4.84145e-06
20796714.579055439681 3761 1.7018610210566187391 0.28904384301817359626 0.15604030158635429082 0.73958179815321822836 1.8254996706732686818 2.1618714837797523565 1.8962149742270542063 1.6223410291737434541 4.38307e-09 5.91711e-06
20796714.579055439681 2057 1.2360604278486320151 0.33818495942239701346 0.063321472507620449321 3.6295810949589508709 5.3144585159196742197 3.2996960716368244348 3.3659344299730431516 3.4411686392062779127 1.66245e-09 4.28318e-06
20796714.579055439681 5673 2.0361159089220501883 0.055689962099746692648 0.078030955028060788869 4.4333363099108717975 4.2120551884778851814 2.5842902010308455019 2.5541012475992816988 2.523233706014231803 2.67237e-09 5.01744e-06
20796714.579055439681 3324 1.6533282959894393116 0.15354401008615634061 0.055868274238505481744 4.6670469352277992314 0.73776787508127594784 5.9754483442755308431 6.0190202659911937744 6.059111123617322292 1.99813e-08 9.81126e-06
20796714.579055439681 5034 2.7660135044256968229 0.12214709897097487945 0.10991823584423213167 1.1140083632114137213 4.5800035785213442097 1.1638697903669188438 1.0540531407443376466 0.9478544439607333727 2.20492e-09 4.70595e-06
20796714.579055439681 6957 1.7205434375293060523 0.25569855447746636656 0.14399741515917199863 1.8161884136547223889 5.1799388472672340811 2.5906534186093543859 2.4378772280877245571 2.2724262131252301877 6.68595e-09 6.81142e-06
20796714.579055439681 6308 2.0023676381320969497 0.36363981824417151989 0.20458543035900325635 2.7214212825539605412 3.1599470118541095331 2.2430255981103104368 1.9123367311254246825 1.5697008061416788394 2.73381e-09 5.0556e-06
20796714.579055439681 5344 1.6687716249224404663 0.29320617484702171662 0.19414316470910095158 1.1234983535048121972 3.7714354476537779171 3.2074467719322226067 3.230643962999226293 3.256719860649384124 2.73146e-09 5.05415e-06
20796714.579055439681 6577 1.7428689259129248601 0.16393274515158201554 0.076183796599344155709 6.1262365776532039519 1.4495915600938047429 3.9634249815287097007 4.0913280731733436824 4.224648275585531465 1.63583e-09 4.2602e-06
20796714.579055439681 5446 1.5391891071590912965 0.13407151959852436907 0.053568969571952083919 4.901531017519046074 1.660977466957304749 1.2567411992905261897 1.1314236549952072508 1.0100864240942750705 1.15731e-08 8.17837e-06
20796714.579055439681 5123 1.4334628778805125204 0.22692240932359633576 0.12523200153105423782 3.4131023575313363949 4.580380059711297136 3.2920489126620009479 3.3309261873953679434 3.3736339788537113016 2.85229e-09 5.12761e-06
20796714.579055439681 6241 2.1697749352042388082 0.66620642308139399468 0.09118552475858844597 3.8875689145873284502 4.249753265457562712 3.0317458922493938367 2.897148545649025575 2.7359152686160652657 2.40528e-09 4.84439e-06
20796714.579055439681 5511 3.1694853127083693067 0.13603750196380959281 0.15691218857088687355 2.5078075646605588744 1.5633941544595262307 3.1747253980566512155 3.1795847963938146385 3.1847519093481202468 2.90982e-09 5.16185e-06
20796714.579055439681 1788 1.5831730160079031666 0.048074278740566085688 0.05754514070087811406 1.4033591359541592869 0.32961292443031781074 3.3346603158865955052 3.3441127333402667077 3.3537823237345776306 3.71294e-08 1.20621e-05
20796714.579055439681 5962 2.8732850241767806665 0.10950393210856264326 0.20016352825062697085 3.6558384112695785362 3.7748595059777882987 4.4497785540661407566 4.5572775450065527991 4.665466808082721073 2.88829e-09 5.14909e-06
20796714.579055439681 6826 1.9170801082532273885 0.35879241490005159276 0.070197859698150122387 3.8723588234515302631 0.95713193127119078341 4.6679210292802162385 5.0375210414799429515 5.3775158014725352729 2.5665e-09 4.95029e-06
20796714.579055439681 6891 1.40794461676117999 0.11133911383300780507 0.30748447630083403093 0.33049242537396644748 4.3355148531353524533 2.977681374595964936 2.9583945547193706282 2.9381113425356009117 4.39964e-09 5.92455e-06
20796714.579055439681 1399 1.4923297448884860206 0.39995887305860233774 0.094570378620728715036 1.7169664864201716892 2.6667903946482018895 0.23689962685778548357 0.1555100862569557818 0.093562836048644543174 4.64728e-09 6.03369e-06
20796714.579055439681 6432 2.1154829661433875998 0.099434369038297165666 0.15290962635517868495 2.3538803883204724166 2.1381899747164285763 4.8240927003799285444 4.9225259480364718101 5.0197729949535609961 2.86603e-09 5.13583e-06
20796714.579055439681 5597 1.7595177059438418254 0.40335679504871219114 0.10803060041936114744 4.865643757253689472 5.2186474312609716364 2.119990823500288446 1.721654684892935494 1.3228790379306021308 2.41109e-09 4.84828e-06
20796714.579055439681 6928 3.1898456745037764293 0.0098016820662924011853 0.22261297908473220986 0.46196585136066514732 1.1927566755460288217 2.1401054593864370368 2.1318277417072573066 2.1235285909769001655 2.08658e-09 4.62021e-06
20796714.579055439681 5187 1.8772568039259365236 0.29783595684454322594 0.070836699771879271803 1.5256875313620024137 4.3755737898310780309 1.812849564500775168 1.5081462252474360231 1.2108945855540427239 7.38199e-09 7.04003e-06
20796714.579055439681 5640 1.6644921963029388756 0.15160137355369918133 0.20745491356985135134 5.3888774663886129801 3.349309934667978883 3.1666737715121970886 3.1708133029526468505 3.175242563151449815 5.24602e-09 6.28242e-06
20796714.579055439681 5842 2.1288996898923637779 0.68164279521960580155 0.53264886895278862333 0.76952726604330823346 1.5623103844236154725 3.2962651351338605465 3.494093156790295307 3.7294273581705330578 2.75394e-09 5.06798e-06
20796714.579055439681 1444 1.6241196420230989972 0.082331555803683384442 0.08473439149124965819 4.4403949851782620328 5.1937181904630280727 3.8825548478304310329 3.9399540529751333473 3.9989210250728799423 7.39569e-09 7.04438e-06
20796714.579055439681 3487 1.6611959645312297518 0.39525730336825798394 0.11624363868468956529 4.1721686039914427369 6.1771767425082337866 3.3897832557210558768 3.5160884021781177999 3.6606748173317460449 7.96126e-09 7.21956e-06
20796714.579055439681 5130 2.1433004919733180671 0.54659917938621715994 0.44968797755202022381 1.4587172403833263967 2.7642315415787663824 2.6847150609027217172 2.3304038813713252587 1.9340613624463272036 1.98119e-09 4.54108e-06
20796714.579055439681 5424 3.0589856397201251603 0.03522318693492405145 0.27486732044886064141 6.2776834392209073243 2.5673171487367434374 4.0304372347448804703 4.058096420507039781 4.0860452681457868351 1.80053e-09 4.39863e-06
20796714.579055439681 172 1.9129379279244096423 0.27343805689546946125 0.083319700366499105382 4.5816476813461406437 4.9408936749761611651 1.7257198713461761042 1.4460918678610983346 1.1747772022899680699 2.7327e-09 5.05492e-06
20796714.579055439681 5929 3.2181253279332664441 0.17136645150583246222 0.22134543689781435716 0.044765861405847623411 4.1207540737330274894 2.3196342614859291054 2.1854823940084462386 2.0454837946729615972 3.18574e-09 5.32011e-06
20796714.579055439681 1642 1.628832829285989714 0.037211360074258112429 0.015302859455714893158 3.0841898511200369626 1.8741566169543049103 4.9686133376921866045 5.004449467220609904 5.0400850244698771618 6.44407e-08 1.44956e-05
20796714.579055439681 6775 1.667189677875361653 0.1754150714042022885 0.092675699139387543446 3.7721966656810836938 4.8108192820113089283 2.5209991007820238273 2.4103426017556626171 2.29320030825241572 4.4281e-09 5.93731e-06
20796714.579055439681 5069 2.7420464294740551914 0.31461528287744339183 0.22957907986317110938 5.5519359893975028797 3.4969395175576973855 4.2357671812581667581 4.5430978949642373266 4.8532155809314350137 1.18876e-09 3.83014e-06
20796714.579055439681 6759 1.5546330916730013438 0.59812009159206325215 0.44372848035548839718 5.7951508229277965967 3.6646961805549396196 2.3243175091575016822 1.7170461743246148156 1.1253112901145350122 4.8924e-09 6.13796e-06
20796714.579055439681 1810 1.8775453462834017504 0.17442228161937559094 0.085382532621238363402 4.1921544910784946936 5.3059032247033108831 6.1495816575041617469 6.1711185025170820495 6.1906245610473398244 7.36354e-09 7.03416e-06
20796714.579055439681 5072 3.1132831307653505704 0.090625033260901100007 0.22349247700728239185 2.1755288293728369808 2.6086404612216766985 3.8550739805923952552 3.9166011530342959013 3.9800134959251680655 2.73643e-09 5.05722e-06
20796714.579055439681 4722 1.1820230308707651012 0.22993367683771223642 0.18532000100855397506 6.271013928637296786 1.7385842952897447855 3.3493187859688076102 3.4035556306535426074 3.4631031775250482596 1.70563e-09 4.31995e-06
20796714.579055439681 6175 1.3715190028430142011 0.13740143349480193891 0.091028863015170949358 0.86625908742951696073 1.890403346075995028 5.3940428867472611785 5.4966892964020459544 5.5939533872898747902 3.23411e-09 5.3469e-06
20796714.579055439681 6756 3.209485111183128403 0.047993724026959179441 0.28169393063691339218 1.236314173850126874 1.6814646137912805379 6.2605721719359017641 6.2616325398809751235 6.2626668573652155558 2.22448e-09 4.71983e-06
20796714.579055439681 5182 1.814758241394062166 0.18631867747962463366 0.24065029989576036673 0.59971825628659114482 3.7809475342559299982 2.2927305316022241755 2.1425986794483353748 1.9859182727675057656 9.37786e-09 7.62462e-06
20796714.579055439681 5372 1.9613647790281933947 0.10542963160913554344 0.21857764096027179623 0.16716967606526636492 2.2265680510742082987 4.1276278059275934851 4.2183727518440399251 4.3111967534952251313 1.39548e-08 8.70479e-06
20796714.579055439681 5855 1.8949609193487169101 0.21994499168176057102 0.10252513316253454578 1.6541021042418579956 4.1112333192546888228 6.2408249519611942446 6.2493106038720256379 6.2567597503747709453 1.88487e-08 9.62226e-06
20796714.579055439681 6156 2.0850235508044798749 0.15052406260318815234 0.038347795050258141891 2.5523181841499518185 1.6464571317040705978 2.0393433475707771763 1.8997193105109260181 1.7572647233288301027 2.69058e-09 5.02881e-06
20796714.579055439681 1410 1.9537104868960220028 0.10447805778670433974 0.061483484914262337417 4.9627756873913657643 4.3574307572016062196 3.5139372766930758729 3.5540004311093857936 3.5958769494108464571 1.96181e-08 9.75145e-06
20796714.579055439681 6507 1.8128347420056654116 0.42486908011141399921 0.4678883342943586654 2.5226076018061260875 2.9930800130473098619 2.4272259534446876117 2.0793844838843753564 1.7082898650660998108 1.72019e-09 4.33221e-06
20796714.579055439681 6653 1.8424025933066310312 0.23759983683746332961 0.099041470702152009653 5.3731999684685929353 4.4454773713008481906 3.2144717199652199646 3.2344212308284903123 3.2564456225767748343 2.19009e-09 4.69538e-06
20796714.579055439681 6463 2.3277505130162947644 0.21824168319825365536 0.44314129926351131239 5.5149823154855388552 2.8871033394382834558 3.5132355128363288443 3.6025993020290933977 3.699684091169922695 2.40859e-09 4.8466e-06
20796714.579055439681 6633 1.0659415341833300417 0.039333385415160120047 0.20090913114793032546 4.2625982571948908273 5.7628671502934647464 2.6588874327423339672 2.6402993152909748353 2.6213972577567377087 3.02269e-09 5.22775e-06
20796714.579055439681 6942 2.8122373936845419529 0.09154779258121099883 0.20034151954421391961 4.1089741774332617652 1.7858566485319000705 2.4397915695207870179 2.3784336947784021632 2.3151551527877720638 1.34834e-09 3.99439e-06
20796714.579055439681 6832 1.6168623892397486763 0.061009007973186799023 0.14309771658890263479 0.19784606700253226652 3.6011336493062109376 1.6323430947923542877 1.5712971168581930659 1.5102881165352517456 7.86044e-09 7.18895e-06
20796714.579055439681 4502 1.7452028283443867807 0.11008640391894990163 0.10262381494206464227 0.969136668271765922 3.7114930245243744622 2.5451726329277768457 2.4802045006224067158 2.4125880122167044917 4.58456e-09 6.00643e-06
20796714.579055439681 5426 1.9533207081598233934 0.22110218916630797192 0.050929372749457496594 2.5374503741212688368 4.7533510023096789965 2.7627355635482366836 2.6703892883665028002 2.5700179951654575916 2.09851e-09 4.629e-06
20796714.579055439681 196 1.5710225331111762337 0.23680643971345197163 0.20217396425883391031 5.2989271570843126113 6.0465740463444754837 3.4465982186934658316 3.5280258710396079636 3.6172751525326951594 5.83048e-09 6.50756e-06
20796714.579055439681 6690 2.8756849146382172933 0.079657171955416689046 0.13217516483008193151 5.0016384449346062979 3.4342822516953854795 2.3862163264456364153 2.329898312682281869 2.2721106684227891925 2.63564e-09 4.99435e-06
20796714.579055439681 5386 1.6826731018615292967 0.22097097632588191818 0.080806679252866900343 4.7579465740620667802 0.056183949391598729528 2.1313573803055914091 1.9305566790536745625 1.7237319953731502498 2.3788e-09 4.82654e-06
20796714.579055439681 5301 2.8876991834636349665 0.47868125644762604676 0.25625824248147044404 0.27615259339330577859 5.3166073278426670967 4.7819138139748353922 5.2715897238063611496 5.6773579613888625062 2.88595e-09 5.1477e-06
20796714.579055439681 6457 1.8692681060283944383 0.33430329287435761598 0.31314005101092912131 2.6441438370167236194 4.542301021382366244 4.9500924539276471847 5.2688631769901430602 5.5527276913207010978 1.33039e-08 8.56728e-06
20796714.579055439681 5100 1.6253040071680520118 0.063873392121537378441 0.1649198447401620804 0.43458304439246059347 2.0147604913605570154 1.195184853222122312 1.1364101760760172422 1.0784687982483904811 3.86655e-09 5.6749e-06
20796714.579055439681 6055 3.234069762768677414 0.076461364248171792557 0.086561434797335592983 1.230013170783606391 4.1608761735555717109 1.769616277880627031 1.6940153557469368462 1.618133711190667956 3.0525e-09 5.24488e-06
20796714.579055439681 5142 1.4215636378189584477 0.14630273531390830533 0.14402869644689081374 5.0858871985971658702 2.3074007392908879588 1.7557438881151687937 1.6094375543401651107 1.4632440309959504621 1.02472e-08 7.8533e-06
20796714.579055439681 5984 1.4238970730486013583 0.39391374794875855248 0.16535672411222346323 5.3183963646321492647 5.7342631418158083179 3.2100902411004428316 3.2454185006921250078 3.2862434893282186366 1.83318e-09 4.42505e-06
20796714.579055439681 6291 1.7449926821447476755 0.23462594395352687204 0.13706972229236688565 2.9560015585906782576 4.9272297226196126729 5.0032628250951258764 5.2228072675075267739 5.4275278433234186437 4.97801e-09 6.17355e-06
20796714.579055439681 6390 3.2266696406794661556 0.06523476269435218855 0.28249285937177504024 2.6356763872250144054 3.2255057432359031111 2.4747186990131710971 2.4332681438930183759 2.3908288712851653024 2.74624e-09 5.06325e-06
20796714.579055439681 5954 1.6568005747027665375 0.35481964746124949883 0.12801291843737716558 1.4913903127905050461 1.4266491329931658694 3.8359383825918396127 4.1074313196155163297 4.3992797680657709236 1.68237e-09 4.30022e-06
20796714.579055439681 6542 2.3431305067994117053 0.30567342018049958874 0.052663326856783751473 5.9101905281180124874 3.7942500327625370282 2.3736301658154714822 2.1296843983911339926 1.8705206477199523007 2.35942e-09 4.8134e-06
20796714.579055439681 2329 1.3482710046421528816 0.2169962883386503949 0.11804024937156301633 5.6916925053797262635 1.8987681125758371081 0.17360344408704322938 0.13937486301636600738 0.1092288561648300238 4.66149e-08 1.30124e-05
20796714.579055439681 6286 1.4408296899127635005 0.28478115364136941112 0.15639717918619272519 2.8969138114092780611 0.38252548738833802577 3.8064717302253803233 4.0083803045318591174 4.2254557609783880423 2.66284e-09 5.01147e-06
20796714.579055439681 5405 3.1791118897928560827 0.020265538457033754199 0.20082176204303664457 6.1387505948117917498 5.3261017950119455833 1.0615458426325683483 1.0439374290340561746 1.0264200851825082683 2.93677e-09 5.17774e-06
20796714.579055439681 5098 3.2096491052011013601 0.032880093550055729257 0.12901978116710688393 0.24150910520311985596 1.9379666059814968371 2.1074490867992357046 2.0789457505156696548 2.0502201744323134136 1.90652e-09 4.4833e-06
20796714.579055439681 5298 1.6660379987458628914 0.086206315215384951567 0.10275123115531256679 0.37238481001918660729 4.40814465288053281 2.6369188751092003109 2.5935247602617108598 2.5486079005715649437 2.48769e-09 4.89909e-06
20796714.579055439681 5368 1.8254020816057043852 0.33221081687828990514 0.20856538460174842142 2.1386209554607891192 0.5590412086025765559 4.2404458395285908878 4.5677018442958452482 4.8964414115801790928 2.65835e-09 5.00865e-06
20796714.579055439681 6721 2.589111719289917346 0.10566148182508480757 0.50435698762069991474 0.25565761412269638608 4.2960591710966227197 3.7618372773526900232 3.826176189534629124 3.8929912739481844497 1.66278e-09 4.28346e-06
20796714.579055439681 5895 1.6563086137110281104 0.17717849388991821491 0.17881554637276322883 5.6628570963618338752 6.08236236482111714 4.0358999978401044473 4.1831408259144771122 4.3360789825031638145 5.57854e-09 6.41245e-06
20796714.579055439681 6261 1.9971878464356469518 0.38957250052492486958 0.043752066413565146585 4.7712136694751556831 1.9360490356135122703 3.6405185498015271151 3.8755470729014764864 4.1364870756607201585 2.48402e-09 4.89668e-06
20796714.579055439681 5274 2.4909075128822553147 0.15119466389381328031 0.51286400410291621554 0.050990288614323191208 0.1560754151800153311 1.5443335594802753974 1.3929132447583247867 1.244104360245166685 5.75566e-09 6.4796e-06
20796714.579055439681 6437 2.3216140678509225026 0.33083718008317930526 0.22867856133588743139 5.0428088576903054019 2.3042955051864155713 1.8407856600403882386 1.5004169785578713725 1.1703988203932578216 2.58679e-09 4.9633e-06
20796714.579055439681 6295 3.2337473684472302082 0.04934943222427581877 0.24728675339695432855 0.43197743622514228612 3.6146381668855482872 5.0131782224092287237 5.0599897072950632548 5.1063876839018247367 2.30061e-09 4.77307e-06
20796714.579055439681 6725 1.6276066892389515761 0.21766356708907150241 0.15255476719187335832 1.0552896888160141486 4.5705645664048466514 1.8939945729182623424 1.6783626502192776631 1.4619571090956287041 4.94994e-09 6.16193e-06
20796714.579055439681 5278 3.1389891942533609814 0.087073375662891222548 0.31290274405561457893 4.2910455359883323823 0.1449822583873945081 5.4089700440370185319 5.474041194413066691 5.5370559156775245313 3.13887e-09 5.29389e-06
20796714.579055439681 5899 1.7964035468746355484 0.32858916429875106857 0.18003226711876119115 1.56855487693944462 3.6701441832831074308 2.4430000446936692704 2.1946134660824396789 1.9279125460325379215 7.73132e-09 7.14937e-06
20796714.579055439681 5748 1.6687192664872658732 0.18957768892460144516 0.21068538522631657939 1.2062702927460062785 5.8055934149821775137 1.8905232422508062573 1.7038209452583548131 1.5159181249898976418 2.75123e-09 5.06632e-06
20796714.579055439681 5053 2.9696301409099858937 0.040018963590192822843 0.25569542993219385174 3.3181998846737967845 1.7235974927550277158 4.4072223220297770396 4.4456339035214353927 4.4842374501483748261 1.90259e-09 4.48021e-06
20796714.579055439681 5116 2.7142758472876287179 0.17735921274728752572 0.090295920331333101583 3.8285564221002710283 6.0426205404952959555 3.7424711145122357969 3.8514828337704418715 3.9670767865073619518 2.56354e-09 4.94838e-06
20796714.579055439681 6595 3.0389784346751609334 0.021682144477137125366 0.22549801532625157741 0.68608550033295612192 2.4159250444520301571 0.19960395007064096751 0.1953495027314696153 0.19114079463377725565 2.5233e-09 4.92235e-06
20796714.579055439681 6538 0.94275927183431673662 0.12696623884688165718 0.27273464547664449942 4.1085577953289957875 5.4880248680934222705 3.673230785836198109 3.741587934531647619 3.8132779711620523599 4.1002e-09 5.78698e-06
20796714.579055439681 5762 2.0010300140902770316 0.2054532237466349387 0.053287898103640228553 2.0039326757952324876 1.529461960634184825 2.2736103024458627075 2.1041606111511224064 1.9272445457654348022 4.50081e-09 5.96963e-06
20796714.579055439681 6628 3.317762522066358688 0.057768314677230564458 0.197607604600779585 5.1584537626507565022 2.1392046898497745211 5.2099701742347352962 5.2600739447996760489 5.309392619570266092 2.5094e-09 4.9133e-06
20796714.579055439681 6808 1.8027333801016831583 0.198647340670471656 0.12193246664265547374 4.6073190430418069496 3.7652569493772403142 5.9430353404641840243 6.0041737504874603815 6.0588823335606534215 2.07842e-09 4.61418e-06
20796714.579055439681 5481 2.2568098949562247491 0.36193403035383753252 0.37744582860119468837 5.7110167428348743712 6.0517618389782414923 2.4533726990509676646 2.1769427917336598988 1.879487492946941618 2.0621e-09 4.60207e-06
20796714.579055439681 4662 1.7883980438471804852 0.2109897774591720232 0.15083550687758690012 1.6810131252205846586 4.311219287726826721 2.3847890270267106949 2.2262855815946793747 2.0590234778988394382 5.28399e-09 6.29754e-06
20796714.579055439681 3089 1.747227956110380731 0.21850438377041403459 0.15799300562398255199 1.6715579207488242552 3.410657257661640962 1.5639688925542440945 1.3438572800018839803 1.1309554226826452616 1.46985e-09 4.11094e-06
20796714.579055439681 5878 3.2366392691263778936 0.073690206676238267924 0.076338737230450218196 6.2263339681386558055 4.7782159358623923495 3.2988728108769103109 3.3108677612510568622 3.3232821928078219997 1.44428e-09 4.08696e-06
20796714.579055439681 5489 3.2243514289529291439 0.04330945938842478693 0.31801785260943671307 5.9439858983770408329 2.6248959891072805029 4.661582360744325193 4.7048971273073902921 4.7482053712678089497 1.80848e-09 4.40509e-06
20796714.579055439681 1298 1.6335176183882067491 0.34544139608012941478 0.26189649254648345034 0.19967812340137650051 3.8570816184558456285 3.5486956973074339494 3.7170303008343301698 3.9050202025000069206 2.27299e-09 4.75389e-06
20796714.579055439681 2498 1.8740844375786227527 0.32777205146611188002 0.32025387706131297483 5.0673175456861319077 2.7855385211873175955 5.6203012449069928991 5.8029043906719817159 5.9543443638492750125 5.39185e-09 6.3401e-06
20796714.579055439681 5358 1.4682216389932953859 0.22989390696111342005 0.069072073846858011992 2.588636028312274906 1.3517122310676155106 2.0775795984676257433 1.8624748683851406472 1.6422910954088492108 6.59336e-09 6.77983e-06
20796714.579055439681 5535 2.2181957351917782617 0.31057256640789521196 0.14510506279206727975 4.6992918415720499326 1.5694440250467944775 1.5054733067159793425 1.1935294719066864566 0.90479793825584797773 2.07392e-09 4.61085e-06
20796714.579055439681 5450 2.0540186785818974613 0.15078794701085565522 0.078819652471868548171 2.9091587748325018481 2.3000321379636052832 2.5767847992460692907 2.490110199222270726 2.3986775302941416577 1.88249e-09 4.46438e-06
20796714.579055439681 5733 2.0464145727443554534 0.29909942095671432361 0.12677021401154617286 1.1760195214121236251 1.5340079504454178227 3.5050746513573312058 3.6319018616487088735 3.772747387186642154 5.33623e-09 6.31822e-06
20796714.579055439681 6450 2.7415620966049139007 0.16823663014114903502 0.18805746576435161677 5.7737355568775834413 0.93617046914095358723 5.416736615801480248 5.5389910596724769576 5.652951069006506124 1.74846e-09 4.35581e-06
20796714.579055439681 6407 2.1005323218234051019 0.3452492467121273112 0.14475206545170898886 2.3986076634767203863 0.48672527646252694566 4.952685229880544604 5.2815859249985734891 5.572401124026814756 5.15346e-09 6.24525e-06
20796714.579055439681 5576 1.6281612582832347691 0.27367932432379765695 0.094797509175642835633 5.795166040624058823 0.44709842581007785967 2.6279131529122325972 2.4721684766483926765 2.3023410026051789323 5.46785e-09 6.36975e-06
20796714.579055439681 246 1.3114494118430517489 0.21132876528659202964 0.034993625690170282461 3.6725464746891249845 0.17321863214657295948 0.34256605594391253966 0.27735822999949599765 0.21949307512107901763 9.52298e-09 7.66375e-06
20796714.579055439681 5992 1.8303222935945675509 0.10358333980151886167 0.17725153363039958254 0.615147768285882246 4.4492273677273548316 4.7167337554222061868 4.820478884752073867 4.9234577092485700689 8.41385e-09 7.35386e-06
20796714.579055439681 6761 1.6888643068918485213 0.18685104133370109003 0.10154740639643601574 3.4072684647412487813 5.1987355702442261673 4.9557362472991268731 5.1341554667935396239 5.304632230575283991 4.88068e-09 6.13306e-06
20796714.579055439681 6421 0.96766618774102253209 0.20492147219418188619 0.082600039860422191929 0.39860469761097028218 4.1848662222784742681 4.482533441657419182 4.688348985879589037 4.8932112466800079531 7.66894e-08 1.53613e-05
20796714.579055439681 5394 1.927979267643725958 0.33197401790609948335 0.15980964006978184977 2.0555396600784865413 1.2721492022830132029 1.8183138574312156521 1.4759778866971515754 1.1454950633449438868 4.23442e-09 5.84945e-06
20796714.579055439681 4243 2.05966263085572443 0.19647471564934174126 0.10534420249906788214 5.0852466968959566529 1.8106326678040429723 0.41871965890130252719 0.3447862399604993966 0.27837866918621612111 7.70334e-09 7.14074e-06
20796714.579055439681 6937 1.4380973426216425715 0.41218690707505611925 0.092357258575900783026 0.93508710354460933267 3.3215359655493106317 2.5236754706574657803 2.2227593321747245447 1.8951143169010324918 8.944e-09 7.50517e-06
20796714.579055439681 5322 1.5491923233158568785 0.32165176558898483927 0.22157163521694164809 1.4029576592494530374 5.055131967962651629 1.7501937580273592143 1.4182703090767008192 1.1003527788273701482 5.00791e-09 6.18589e-06
20796714.579055439681 5046 2.1616175556308361294 0.20868372397074014257 0.43334538770945707498 0.28325508240606905863 5.4137412757867675595 4.2137711590201369916 4.4083170514415677133 4.6074274586472263593 3.3008e-09 5.3834e-06
20796714.579055439681 5351 2.9649128060937877116 0.15922687357403125796 0.099726916273595908602 3.3277198767603697327 6.2681877816386384339 0.62265513733699717758 0.53496618596483525021 0.45379042305827471671 2.44807e-09 4.87295e-06
20796714.579055439681 5321 2.1763193421018511842 0.40683277355294822364 0.36410050520008657715 3.9611055640419579049 4.6049379808612140863 3.1397505942082837294 3.1387558052246289364 3.1376016838840867784 3.33881e-09 5.40398e-06
20796714.579055439681 6337 1.8230964790441304135 0.31148953728243133909 0.1597192689584708003 1.7879946363295373679 4.2640979033954131694 5.4855159104083117683 5.6904820967025395717 5.8644817704061988906 2.57504e-09 4.95577e-06
20796714.579055439681 6131 1.5770580943604219915 0.37694618356417103344 0.18381251023492692354 0.8618657867815814333 0.44058852030163747626 2.7631023774787517588 2.5867949606869946599 2.3882305112476283071 1.45631e-08 8.82947e-06
20796714.579055439681 1239 1.6519130463515960816 0.36408822564347326223 0.1037165437925530731 2.7859958684555308217 1.817064225931800614 3.3423913039763557542 3.4345633984811203554 3.5397112250631455055 1.31823e-08 8.5411e-06
20796714.579055439681 5775 3.0538617623183625938 0.12133986071794532202 0.062612136178666122355 4.2702095218648397079 0.29175076878918632106 2.787147323426697465 2.7423249963536768803 2.6951548892627332776 3.02463e-09 5.22886e-06
20796714.579055439681 6935 3.5073549914073045564 0.071784312081882503676 0.42814564543365346561 4.2055808554241149722 5.1899339881100576832 3.4598202690927979397 3.4831031399260670156 3.5071444762307621978 2.603e-09 4.97365e-06
20796714.579055439681 5807 1.8342792633514348744 0.1912584802129606576 0.21831888840401220131 0.87335881037743179345 0.50007050767129479496 2.8978206709320262213 2.8464236228980239751 2.7907862297915797534 4.88354e-09 6.13426e-06
20796714.579055439681 5927 3.4991606496124543213 0.096309815697915357458 0.15965686287980604408 4.0509968692792872602 4.5164665352889441508 2.4217441585189352082 2.3557292717234132873 2.2875962733256791637 2.21586e-09 4.71373e-06
20796714.579055439681 6445 1.3394600731714652042 0.17551958176206514106 0.06896190595925322242 0.26655967573808242443 1.026276912747644765 5.658108009504922542 5.7546163039930355865 5.8431305043388572784 2.3322e-09 4.79482e-06
20796714.579055439681 6807 1.3741292936615914222 0.083055608051572596406 0.11513861218891059679 5.802222811948371195 4.5742429910613706667 2.0179915802365404609 1.941636650418881116 1.8642269016026522532 2.57067e-09 4.95297e-06
20796714.579055439681 4541 1.9183337293417797031 0.31517171213050865219 0.084932275021049039032 2.0901633438400240017 1.7998213154263731361 5.0155505430791862409 5.3079002526721730248 5.5688188792650974435 1.52721e-08 8.9705e-06
20796714.579055439681 6123 1.3078411076264409019 0.3071539565750939782 0.16000366065439877716 0.31827332538124525341 2.4700988168392825628 5.2992521801332346243 5.5391803314434131522 5.7471972907107913286 1.87233e-08 9.60087e-06
20796714.579055439681 5407 1.571406677612100955 0.12692093402369106214 0.071785712847674015835 5.4674676568624365203 5.38944911174440211 4.8135288656362664739 4.9393372097020735723 5.0630035857358342 5.11323e-09 6.22896e-06
20796714.579055439681 5704 1.7638698298162991396 0.14745341823844085316 0.21890999711156991503 0.22494059715688233259 5.8490491150139458654 3.0045253643356941708 2.9826620682014253205 2.9593257421772865001 1.97064e-09 4.533e-06
20796714.579055439681 1127 1.430718043754936053 0.064515830386139547126 0.12955993072504046193 4.6806063352962494761 0.40824316719606829063 1.6385896403039577063 1.5740360574614120637 1.5095205656493702051 1.29908e-08 8.49954e-06
20796714.579055439681 6005 3.0379432325340016696 0.1469644952848087327 0.40230400447733039027 2.7722635071492516268 0.0077333059800996518246 6.2163038686374152419 6.2255012691258162505 6.2339740740363449589 3.36675e-09 5.41902e-06
20796714.579055439681 5476 1.7444140555459328734 0.16351602980380636199 0.16328834630614502688 0.75004665060781428032 5.0542153149523070255 2.2428981171268467243 2.1073268220298349007 1.9667868689830612094 4.35596e-09 5.90488e-06
20796714.579055439681 5997 1.9433786630947358365 0.42724333949754955686 0.14167292098724929006 0.95907315210180865694 5.2736127768360363532 2.4320547270984800292 2.0833022548146464814 1.7109518096599494186 4.37918e-09 5.91536e-06
20796714.579055439681 5406 1.9710153995366332946 0.24470743946643969124 0.079047377378242175694 5.8589880375298566406 0.76989748844372085657 4.2131915006478379837 4.4441174890023029675 4.6800718666852541006 4.61584e-09 6.02005e-06
20796714.579055439681 5938 1.4710309328519801664 0.15071788913558561984 0.26967917390316775705 0.42375666165565023524 3.6133806260091692053 1.1113673280866187554 0.98010857536182172112 0.85492865023058373097 1.88863e-09 4.46923e-06
20796714.579055439681 6827 3.1034762874017052248 0.16784385852257374672 0.15709519292351334374 3.9391031813525319016 5.6557547136268127019 2.0065207510320828277 1.8479364514498000105 1.6864972040975931833 3.04652e-09 5.24145e-06
20796714.579055439681 5420 3.4714566163324018788 0.053361009783782137328 0.28517511271767803649 2.6618929991177378014 0.74859830822304651576 1.9904882594179935662 1.9411970832474394477 1.8914548916941971157 2.55489e-09 4.94281e-06
20796714.579055439681 6167 2.0912836058772370507 0.13050755095961266705 0.13495879639988603294 4.6899994110198921504 5.0714985373805721025 5.4294131599261969967 5.5240579454776304047 5.6138848132680063685 5.7681e-09 6.48427e-06
20796714.579055439681 6036 1.7669877306454770949 0.39224686215413612222 0.22434433469822065432 1.5281025431075310195 3.7816537832029588628 3.6260361547485824296 3.8573011795524729806 4.1146748427716426377 2.34807e-09 4.80567e-06
20796714.579055439681 6312 1.2597919349176320836 0.45075307899395217204 0.19043451432363708853 0.82732745588505429701 3.1300542820235621733 3.3410691294428578324 3.4640424612760178924 3.6068820816316997657 9.91994e-09 7.76879e-06
20796714.579055439681 5195 2.7729443239253108722 0.12856498643856456576 0.12262134121068923864 6.0437016089979964661 5.111704762802776969 2.3437183630294819991 2.2470119940678521253 2.1467381562313039289 2.26107e-09 4.74557e-06
20796714.579055439681 5651 2.7555785293720549411 0.097315466872104502971 0.16384834811497631102 0.73237860949626931717 0.61279404127192727003 2.392807538780681309 2.3239693219702415306 2.252975513621207071 3.34796e-09 5.40892e-06
20796714.579055439681 6056 1.9098139095129056386 0.067687142613168896355 0.19889229386943335642 2.8085627188829662693 2.1892562091888141396 1.1077314480707967093 1.0480247493999497177 0.98937798910433005783 3.00235e-09 5.216e-06
20796714.579055439681 6170 2.0356158688744061536 0.27970020410344054174 0.18146020736249754424 1.0627923381151960225 4.851145889659644439 4.5832305555076784387 4.8695754419337911045 5.1458273965417973272 6.44558e-10 3.12323e-06
20796714.579055439681 6886 2.7663081591706375484 0.24009974317479265693 0.71159519633073764489 3.6668016910779934747 1.1752890171839480704 2.246805564511859199 2.0417660889537097013 1.8278063224583700475 2.88448e-09 5.14682e-06
20796714.579055439681 6185 1.9565275734128217966 0.15878041779355553387 0.11359479161572334782 6.0408670975033444961 3.3457051713521281933 2.7986697124504047451 2.7405848845759752663 2.6786055262707937352 4.56223e-09 5.99666e-06
20796714.579055439681 6037 3.031372262894252767 0.14247894693976773106 0.2673377674279182048 1.902551949338510795 1.4403546604291919131 1.0533308176744011764 0.93327308291104804638 0.81878093304502130856 1.83549e-09 4.42691e-06
20796714.579055439681 5776 2.0267244633000109921 0.21981256557852665856 0.093150214351817001157 4.4824075635917495219 0.090005587139521670004 3.8184585017774037574 3.9707860829703105487 4.1328729664615355688 1.75506e-09 4.36128e-06
20796714.579055439681 5846 2.7951555590228487347 0.089309593961325803302 0.13695862130508310028 3.7844778152451237219 2.6350201345461012892 2.773131751506015874 2.7394989856543072726 2.7045480437207705116 2.37403e-09 4.82332e-06
20796714.579055439681 6333 1.3486235285103553849 0.10964959553319252039 0.15498476792423296344 6.1565048789662171203 5.1716811593785605439 0.52921549287543845352 0.47621942131472583259 0.42595357638473563267 1.94245e-09 4.51128e-06
20796714.579055439681 5488 1.8298284504659643179 0.34868071595594712919 0.18583149088643369229 2.140672082944548027 2.2857104473174922887 0.4029237769480907283 0.28197214598466313618 0.18495157932798758638 3.37985e-09 5.42604e-06
20796714.579055439681 6244 3.2164348186438691535 0.031547268334299514991 0.35099259996231746417 5.4297291074571747416 0.17864240575099199493 2.9536063406013450816 2.9476164628450614025 2.9415353474261629607 3.08558e-09 5.26376e-06
20796714.579055439681 6192 3.1983839379772853739 0.17505829731045946529 0.34410455645017462567 5.6148459720719934296 1.367637025579309773 5.4625160400895982349 5.5841141626520514052 5.6967653991551872039 2.79503e-09 5.09306e-06
20796714.579055439681 5914 3.2165736963971753859 0.095438891853180676805 0.1521240173627187442 6.0765849352037282216 4.3267255365297057068 2.215991911416917759 2.1373407433795987842 2.05681315828747735 2.63408e-09 4.99337e-06
20796714.579055439681 6739 3.1891161963339600405 0.048131225412923729634 0.1761394728485588812 2.2256112025422485345 2.7399350103237960496 3.0935782167231060669 3.0912098079843532972 3.0887858456995807011 1.84353e-09 4.43337e-06
20796714.579055439681 6164 1.9105926997052218308 0.2594205212385087278 0.10549827125577516951 5.1424200280119132245 5.3514719587483883245 5.2040152825171119844 5.4221799139295079328 5.6189498957269519153 5.09634e-09 6.22209e-06
20796714.579055439681 5361 1.8722309372352310408 0.38619667934299911627 0.22913939434030844433 0.82687322765001847191 2.982039395424510797 3.7589782175125239227 4.0353631861038934403 4.336380108282993362 3.09083e-09 5.26674e-06
20796714.579055439681 5650 2.0160571790755099642 0.098986318926475622137 0.18338999722076440579 5.243391601194676177 2.8145827823661933031 1.3500828406850284846 1.2543735397427495659 1.1603014348439708581 1.14639e-08 8.15256e-06
20796714.579055439681 6814 1.8697227352794445476 0.35881168093327520108 0.12531850308223491108 3.4923617591299800367 2.8032187046471275238 2.4415923350958443905 2.1647055546617246513 1.867337003630448633 1.89305e-09 4.47271e-06
20796714.579055439681 3069 1.6135870115590442708 0.19091293699777764359 0.032231702509245008237 4.6281755095810401812 0.67038261205437232881 4.806285526223373239 4.995834803778647526 5.1791298300151131784 4.38223e-09 5.91673e-06
20796714.579055439681 3400 1.2057343887028257878 0.15005580057283315898 0.39780533769915654707 0.76139603088685792187 3.0971272584134936778 5.223742930197699863 5.3504926378007695575 5.4710214786371400564 2.20416e-09 4.70541e-06
20796714.579055439681 5798 1.580777703579006932 0.18679313958657603467 0.033736766876587200026 0.93142809765668654887 1.0804120115995310414 2.3006135492558859035 2.1510256540596137675 1.9948036492131240305 2.01067e-09 4.56349e-06
20796714.579055439681 5551 1.3477518154607677214 0.23786685783180663845 0.12085626689795117561 1.4993921758507535724 2.7113305402390937004 1.7714938719173167758 1.5303541451732871614 1.2926817847845881726 9.09521e-09 7.54723e-06
20796714.579055439681 2928 1.941513674623771557 0.25649062056099858342 0.1989865949062024908 0.83798844912255476824 3.2257443755292176668 1.4185945914477084973 1.1670902837517493911 0.93121856690512350152 9.69793e-09 7.71039e-06
20796714.579055439681 5185 3.5351463293768130569 0.047653220624314457377 0.24625770063496713047 4.4316138899339430068 0.049971336764571425149 5.6121629464490521144 5.6412644850241502326 5.6697961371241785145 2.64564e-09 5.00066e-06
20796714.579055439681 5086 1.8469696784370959186 0.22420653943979249045 0.12536722793109034146 2.8369156634526606631 5.5129670967682367078 2.9648353873869250918 2.9198852019605356922 2.8705831700319865973 2.82e-09 5.10818e-06
20796714.579055439681 6499 2.1296141541083479787 0.19868709592547861842 0.28121412944618517926 2.3556424981494057391 1.5329067421161854945 6.0627598839292211608 6.102720562801655646 6.1383822718439304822 2.00728e-09 4.56092e-06
20796714.579055439681 4406 1.6474406898668429999 0.17934590460511501409 0.28877193024385500175 2.4472196495052478404 2.6673486831892234683 3.7534688912366225289 3.865510773627351071 3.9842960979967014801 4.822e-09 6.10838e-06
20796714.579055439681 5453 1.093571327101932722 0.11068369445405214224 0.19667272293139398398 5.4271097219491375441 0.46129594215716707151 4.0514240664404628234 4.1420969409655299387 4.2352642042201482653 3.03837e-09 5.23677e-06
20796714.579055439681 5134 3.516443007877036564 0.055712234554606374082 0.33395844888098402681 4.0304853345352675831 5.9520362331994771665 3.5851134731542244616 3.6096562119274517855 3.6347912861385549554 2.31886e-09 4.78566e-06
20796714.579055439681 6863 3.1087153819742874283 0.11995211114800211072 0.094697455511871614364 0.10938229946564613504 2.9223474593402767319 0.33768005792211430727 0.29994396491397240512 0.26450211361357905959 2.72515e-09 5.05026e-06
20796714.579055439681 4313 0.97955442437222595142 0.084699753427322138633 0.0055421936688984634739 2.4065188778173549622 3.5995535627382806432 3.8769045080124535652 3.9356571638391599777 3.9960657211191961125 1.98502e-09 4.544e-06
20796714.579055439681 5577 1.9920908588870911426 0.018033822370708604138 0.13446466111340413252 0.83861775775971258984 3.9665139495127728075 1.6353676718974381465 1.6173599767818096495 1.5993457011068841211 6.01747e-09 6.5764e-06
20796714.579055439681 5417 1.9672088145951178717 0.23759554262399407154 0.17028617063467291204 5.4887379965613591892 5.4565107819128506605 2.4656519872022473194 2.2995775392984105778 2.1223344432775124169 6.2485e-09 6.65951e-06
20796714.579055439681 5880 1.6414576874083681712 0.15832300599496554327 0.016410564427467334847 1.0057703526196750676 5.3581468733973807161 5.6957519135426508683 5.7785170600968998045 5.8550689363890402461 2.24295e-09 4.73286e-06
20796714.579055439681 5030 2.0354712229614371211 0.36870822108908457571 0.25228647337277354534 4.7501705028508780515 5.4468313316802756674 2.4290206958407369875 2.1389808881124174889 1.8282043769866493932 2.14686e-09 4.66428e-06
20796714.579055439681 6137 2.0179507066172321927 0.30232407832886087906 0.17970354170457769616 0.4156327219712996901 5.1856201126812644375 2.6133669818504765558 2.4337521515734970023 2.2371826770218818936 2.35406e-09 4.80975e-06
20796714.579055439681 3887 1.588492521190827178 0.49692204991313482232 0.15261282538634490802 5.1347930995542965249 0.16037910987950002029 2.2790287228353669491 1.799711458765883787 1.3157525410674977273 2.52093e-08 1.06016e-05
20796714.579055439681 6503 2.2510203651902771504 0.56021731435934685184 0.51875309830902194275 6.1013482675658528009 6.0514863029987822074 2.2024614434131892793 1.6160481621331950208 1.0564043364102342348 2.13987e-09 4.65921e-06
20796714.579055439681 5607 1.6328181849718352847 0.045814042374902809451 0.16530618738849950367 0.55431866663098205983 2.193894925554555897 2.1800497078972171927 2.1419640279297591512 2.103422036022520647 1.18158e-08 8.23514e-06
20796714.579055439681 5029 2.032408084386906566 0.28975875526632011159 0.22428613862641255672 2.0344049953057727897 0.85560228491299061826 1.9020329862425706668 1.6099488085024404871 1.3204121129027670545 1.87308e-09 4.45693e-06
20796714.579055439681 6282 2.8144384291471404858 0.0074694569809746055519 0.036733429822519050867 0.54091250413681335463 0.99629888199518956693 0.042057058656787625617 0.041744171022814753613 0.041432455282946728525 2.68214e-09 5.02355e-06
20796714.579055439681 6604 1.7474869664209997655 0.14809107605998134138 0.14033208862121759886 0.30552833856240979582 4.5222069249524583512 2.0846156519877014901 1.9502086514187093602 1.812649448972363686 1.33847e-08 8.58458e-06
20796714.579055439681 5362 1.6040966741018616304 0.18115346929526229824 0.079060611020217427813 6.0754205626061468237 2.7457947219639828873 2.4095431294670772715 2.2787391038658149078 2.1411165890343228924 1.49782e-09 4.13686e-06
20796714.579055439681 6068 1.3459983653617082489 0.16320312125401906234 0.17846639249418519424 5.6485038039986230629 2.8087624597394533765 0.54814764051993303262 0.46818001264039582621 0.39453249996395789445 2.08722e-09 4.62068e-06
20796714.579055439681 5877 1.3810817123425203068 0.17563337596411976449 0.17091902878411482924 1.8968742981029627082 1.7410767182486703852 2.4455835348218859515 2.323972540458692837 2.1958444534321275299 2.13222e-09 4.65366e-06
20796714.579055439681 5479 1.4798000991191266884 0.16512725273570857953 0.22834716289805795375 4.9463068405722161458 4.9007161501414397975 0.28528313551053546826 0.24195418332584006649 0.20238963679629534687 2.12255e-09 4.64661e-06
20796714.579055439681 5257 3.164789731613968371 0.079028331840819823761 0.18000807974897997665 1.4984978844720553415 2.8855368838974091439 1.9789309658204752296 1.9051542870706497101 1.8305024495842519006 2.20895e-09 4.70882e-06
20796714.579055439681 6565 1.5450568378358005006 0.20503347981281949686 0.13806647300810265255 1.0368339942425677247 0.54158298907205348893 0.22028780002003273131 0.17916887442739645731 0.14262948605238506827 1.41094e-08 8.73682e-06
20796714.579055439681 6327 3.0204106061673696715 0.16792201010060309185 0.16801419396329275724 1.8812099421102819186 3.3374730982230405019 3.8294768250188728764 3.9442328339913217405 4.065001171556597015 2.25041e-09 4.7381e-06
20796714.579055439681 5595 1.3452351422315140805 0.51051632839310945311 0.1442272525455831067 0.097796050484905056033 4.0387487733879536833 3.0722068263526116638 3.0198055199880617927 2.9577847817718998513 2.78921e-09 5.08953e-06
20796714.579055439681 5226 1.2305478103308431503 0.21185337590483538373 0.28331470302330996613 4.7200543737207230066 2.9505346785914889907 4.7859975758259398759 4.9972428652161342555 5.2005591271142952436 3.2729e-09 5.36819e-06
20796714.579055439681 6709 1.3613021780278600215 0.17780561069134995233 0.10199346184865035192 0.29113645697653967037 0.43254266881892378116 4.393298547348042149 4.5679620845320494382 4.7439164814563135053 4.47756e-09 5.95933e-06
20796714.579055439681 4581 1.6790619633581984615 0.26007223924792322034 0.18529051725815690044 4.6419218426685668888 6.1178640127945360661 4.6246833634007575853 4.8898182485848860068 5.1458075300979961852 2.62777e-09 4.98937e-06
20796714.579055439681 5923 3.0278051307230309241 0.067784117057742052093 0.17080141224799041955 0.090365097175383546357 4.4379257474280038309 4.0613682203904666324 4.1164695808022457868 4.172569940576511982 2.22479e-09 4.72005e-06
20796714.579055439681 3796 1.4688710704614873492 0.14924328357585950333 0.058364454183963854206 5.814223428576163144 3.2186822048118655104 1.6874363490006725197 1.5373415823967107041 1.3881818090597122239 1.48625e-08 8.88956e-06
20796714.579055439681 1253 1.4429684295819891204 0.23874950326073082763 0.1534121750111503979 6.0400530212984993028 2.3868570033511002926 2.3542553161012955698 2.1671303190856963106 1.9695889686649796779 1.21449e-08 8.31089e-06
20796714.579055439681 6842 3.1271990186227371922 0.064655888758229182467 0.10623953116767100024 4.2537813425967936354 1.2574526884682690753 2.2913683869835765883 2.2416823038098709908 2.1910392095923225675 3.94698e-09 5.71398e-06
20796714.579055439681 5437 1.9254709847395101718 0.19766684221443706071 0.052465878409223426493 3.6315542600473937895 1.719319449697767288 6.1864452399764866541 6.2039848793674927663 6.2196238161155541491 4.54448e-09 5.98887e-06
20796714.579055439681 6001 1.8174268528168042725 0.18390352601326684367 0.24972355060256798409 2.2511247545140022908 3.9789098027813025737 3.3783084344035434476 3.426107982349232195 3.477728285655413476 1.89847e-09 4.47697e-06
20796714.579055439681 1517 1.6593219640295922002 0.46623616869315553934 0.092748413375319097018 5.9062969525179092045 3.6202761321353804647 4.0069149705517270732 4.4482415909186014957 4.898306571017078781 2.17631e-09 4.68551e-06
20796714.579055439681 5753 1.9381621668518498325 0.28931567474887526226 0.081863952601049574942 4.4496230896055664061 1.1695643283674357349 0.60217753233761395215 0.45317797231849210604 0.32650835762290142394 1.44813e-09 4.09059e-06
20796714.579055439681 5766 2.0939803250656314759 0.44671167026201713535 0.84135678105798206161 0.35367487126033075873 2.7441543670701560309 2.9539555361711404835 2.8396026373242406748 2.7067413149067642841 1.13863e-08 8.13412e-06
20796714.579055439681 5869 1.6548819140507775582 0.36661564932140516815 0.19405170820790951236 0.13510201609188432492 2.8195331030856625176 3.6596340676986525153 3.8839447358378578201 4.1317853409400449038 2.00715e-09 4.56082e-06
20796714.579055439681 6197 1.8530088440185694676 0.10964622403678865592 0.035232573559085163251 4.8224738381120291209 0.69480038317070003107 6.0843123030512531457 6.1049279674042500332 6.1243698653807410182 8.02678e-09 7.23931e-06
20796714.579055439681 5211 3.2008071778202511481 0.01644295132856979369 0.27553358056319787739 5.2809075572605514992 1.9399553457337526119 1.4610422930638637951 1.4447122428631198332 1.4283998168932769968 2.07199e-09 4.60942e-06
20796714.579055439681 6154 3.1720129025339387496 0.058456984025515676406 0.21438509341988420953 2.2537034451333957108 4.4727042561564225309 0.55797663770264271932 0.52775133095774118264 0.4983128674692768878 2.04677e-09 4.59064e-06
20796714.579055439681 6209 1.4137324183725974436 0.10055941409648466722 0.26328393731846738701 2.1610429636199555148 1.933678232145209952 1.6142326910713005184 1.5133774886883077926 1.4129837973741135038 2.89646e-09 5.15394e-06
20796714.579055439681 6392 2.9837326471647629411 0.2594234964051091441 0.13343474268612889877 1.8117365584673541523 2.2619014325558497447 3.9681185556546485493 4.1805287113597060511 4.4041167820352162821 2.75286e-09 5.06732e-06
20796714.579055439681 5076 1.2963644074049935906 0.43654788272019484641 0.068516304950482567748 5.7524501021780247711 3.249080729455212424 2.1999463005200077248 1.7766719727443645027 1.3493429526114115724 1.5547e-08 9.02399e-06
20796714.579055439681 6735 1.9967257260719275536 0.46699677584572268918 0.41601251750450413125 1.5579297044598430233 3.0940526654184399291 4.2430043385147895307 4.7309751884070765371 5.1978913052271389361 2.32036e-09 4.78669e-06
20796714.579055439681 5485 1.7241957880504716893 0.50424204283035256591 0.15195807175696623981 6.0939944584778791281 4.6031119491095333629 2.25607623511976918 1.7608849926129497288 1.2657256166743711123 1.60307e-09 4.23156e-06
20796714.579055439681 6816 3.1176839222505687843 0.083716647881189154567 0.16680091238140087873 6.0808237763923624897 1.3289340276633132554 6.2596590461813494954 6.2615524924433874077 6.2633633779269937136 1.76213e-09 4.36713e-06
20796714.579055439681 6572 3.0026579865591083163 0.16146214665706981606 0.17425709121698587656 4.5289292029641785575 4.7848317586759012698 4.5166621064214833581 4.6782945452577582302 4.8396628567426258627 1.66053e-09 4.28153e-06
20796714.579055439681 6740 1.8847406071444667841 0.28858649297999017236 0.15938061632684058511 5.9118734290278904808 4.8639554566549643155 4.8198115439208262245 5.1064307311102083986 5.3729013643516463361 1.33102e-08 8.56864e-06
20796714.579055439681 6480 1.782010926616503399 0.082223619790339277924 0.1594984054153096853 2.2299546025967034169 0.74550042435067409574 5.2243609351041362387 5.2947144385087110408 5.3633864532008477255 9.59462e-09 7.68292e-06
20796714.579055439681 5642 2.846421452204516811 0.23313963635318579737 0.063745805519004120065 3.2315250377699822337 0.80379107910365243939 4.225155899749797328 4.4453858192217587941 4.6702643666918843834 2.80041e-09 5.09633e-06
20796714.579055439681 5478 2.034597072384338734 0.36550301742361412938 0.25881561988918894146 1.2187084627402253734 3.4816026020871873037 3.8024108932545086503 4.0739316274967123377 4.3674364222734798346 2.28234e-09 4.7604e-06
20796714.579055439681 5258 2.9611814220978547318 0.22954954630233967428 0.32283003031313350917 5.7748495060488309605 2.5830918421622488523 1.4045676819082111297 1.1803953785910057395 0.9681179321775207347 3.58569e-09 5.53402e-06
20796714.579055439681 6815 1.7746161091873504656 0.22290560678242560266 0.18138598217285309411 3.8997584093970831809 6.1963646603565880611 3.2352850781370516842 3.2590775337162520842 3.2852053695112934939 3.57143e-09 5.52668e-06
20796714.579055439681 6617 2.716751283226496394 0.13521707109406277958 0.024680856452237675408 4.3847573875752443584 3.3343221310565551718 0.47295870272362067199 0.41462485140093657821 0.36015311439809521987 3.93262e-09 5.70704e-06
20796714.579055439681 6667 1.5452611987609041755 0.24004888325313530895 0.30643425842682836535 5.96869752556893296 1.4722876307547858588 3.6185909059361089923 3.7438431253018915612 3.8798304423319298628 1.85586e-09 4.44323e-06
20796714.579055439681 6040 1.9979617600269994337 0.10360767880079728431 0.084799765792195794245 1.4359484881735249395 1.9402437261026066473 4.5123462892439931693 4.6151330922452649119 4.7182511597741543241 4.48499e-09 5.96262e-06
20796714.579055439681 5950 1.6722503004320925513 0.14074917067288922334 0.093332313999204344346 1.0121892202846076714 4.5770136880739240581 4.7760919812176743093 4.9163949444670720368 5.0542253790166782323 6.81029e-09 6.85339e-06
20796714.579055439681 5158 1.8783978355356167889 0.2238021042264898286 0.079969114317779171897 4.5326130719388260104 0.16182116145721273104 1.308374986273096896 1.096507261364464636 0.89740896279044279904 5.85576e-09 6.51695e-06
20796714.579055439681 5252 3.1424525715902507095 0.050520436692052063388 0.19849701529413463219 4.3206606092467101377 3.2842299031540966858 5.4055259887231379423 5.4437906954969337292 5.4813899702002357728 2.42859e-09 4.85999e-06
20796714.579055439681 6104 3.3542726698904279381 0.048241500185031517545 0.12508552076800202868 3.1783464169821367129 6.0774113402861962285 5.6084842151261637966 5.6380765741943195124 5.6670834802374221439 1.75259e-09 4.35923e-06
20796714.579055439681 6267 1.6182883594042765107 0.14166623116550194905 0.18301269483094939616 5.0168141950369538051 6.1692318468440863199 4.3280998641078713973 4.4635117085216871047 4.600813143374616665 1.78459e-09 4.38561e-06
20796714.579055439681 1284 1.9346446576714781962 0.36924388504811972433 0.21299791976802659454 1.3671624446499481831 2.0556281927599959758 5.0944839991594967898 5.4230058018658420238 5.7028777738995861668 3.64405e-09 5.56389e-06
20796714.579055439681 6952 3.2182576464162440111 0.11188434960730604673 0.12067655754149128611 0.89337481993055389839 4.9296592460453076967 2.2949639945555593279 2.2077019995508657679 2.117753714202753379 2.57429e-09 4.95529e-06
20796714.579055439681 6978 1.4946941980793504445 0.39088219888775233013 0.23809510659864052684 3.568903745012954154 0.75702798070186150259 3.4063339242144632379 3.5386955580658607801 3.6898685879470867199 2.46129e-09 4.8817e-06
20796714.579055439681 5517 1.8851409998295507453 0.22292812047228433014 0.11203279117449425895 2.2567117805315852763 1.0085698469494286389 4.0887074865875021601 4.2842809023293924042 4.4870903862372122362 2.41819e-09 4.85304e-06
20796714.579055439681 6425 1.2096266056319391335 0.22704757151207941024 0.05860327721687560304 3.3770829688704084859 3.5265208332176776196 3.829110408129518639 3.9890088814346085222 4.1591975320235770042 5.02719e-09 6.19382e-06
20796714.579055439681 6573 1.801694156017330517 0.078529402166460607337 0.22129427954183375493 1.90564914602876323 1.5962491521987489662 2.0246373719983941086 1.9527392219597210499 1.8798684738904540836 2.46875e-09 4.88663e-06
20796714.579055439681 6836 1.640971394799871419 0.30388693533348121179 0.15870083997434664136 5.8479704982560010151 3.9673587848371565379 1.2770721594707710178 0.99390704491662684728 0.73920015374853664802 4.61039e-09 6.01768e-06
20796714.579055439681 6180 3.0891983705309917774 0.038499569584510798248 0.15176537250405539026 0.91286987412879427861 2.675555120367122619 4.5488863563462942352 4.5870014240694469976 4.6251987440911284111 1.88472e-09 4.46614e-06
20796714.579055439681 5820 3.0816892464137710661 0.093528795293329733407 0.1077042710164191619 4.6388952410326584896 2.9715231491556335364 2.2584412607021207009 2.1838226901650377165 2.1073245006555860748 3.12834e-09 5.28796e-06
20796714.579055439681 5678 1.728199013546487528 0.047993148757162575058 0.11019353711284131381 3.1253926016515798381 1.2720367677228139325 3.6431514910428175469 3.6667349988142889927 3.6907957004060771844 1.85255e-09 4.44058e-06
20796714.579055439681 6119 3.0967961122252658512 0.10692305130028982585 0.17540868719707664036 2.9531842433500563594 6.1753709202659452515 5.0860143796654018189 5.1838527236615208338 5.2791109430994263008 2.96829e-09 5.19619e-06
20796714.579055439681 5063 3.5094238827449015794 0.11785441376025024285 0.40256012077157676821 1.609772733939925482 2.3244014740883023329 0.83971422613989921135 0.75506511892526007035 0.67429523563695403787 2.23728e-09 4.72886e-06
20796714.579055439681 5289 1.8970760625492657514 0.097458970461485175396 0.09688242961721045543 5.4511030157521167538 0.45169580918056961849 3.6421490808133580863 3.6911218427818686116 3.7420232784792895053 2.13423e-09 4.65511e-06
20796714.579055439681 6619 2.0485182561808232826 0.035166850482349604201 0.090165002277625902471 0.97735968229054814849 3.1255681092483511563 5.8911845539066503008 5.9044086401587971835 5.9174127832311080866 6.69672e-09 6.81508e-06
20796714.579055439681 6054 1.9256156059487361532 0.10034413898029481693 0.14560647458726519443 1.0190574492610680046 0.12478949455817468783 1.1893279183766600759 1.0977412772439143485 1.008416877454868521 1.03293e-08 7.87422e-06
20796714.579055439681 6960 2.9886134673587529953 0.16836593337012265015 0.10344077990895378383 4.3276240594113053461 0.98149525043505869704 4.6836436426894643148 4.8531569129119418449 5.0198574621530420714 2.28045e-09 4.75909e-06
20796714.579055439681 5360 1.2117407542458675795 0.23625042913513941145 0.082807685167973918428 0.66383575571689734662 2.59385068201192448 1.7776706615678998791 1.5383687920831499163 1.302242566043312344 1.47972e-08 8.87652e-06
20796714.579055439681 6823 1.8749685057010292422 0.17635583360683529386 0.22844673030137602199 1.8657516338956678936 2.9657030983434928828 2.4167658270655349995 2.2906849979419217078 2.1580867266664256476 1.69817e-09 4.31364e-06
20796714.579055439681 6677 2.3047696108894024647 0.058407493794271486687 0.24084976940658522904 1.5503810786014053935 0.1228981672577641876 5.0910039481959277197 5.1447277482353444 5.1977610692672016057 2.33048e-09 4.79364e-06
20796714.579055439681 5841 2.0918905825387215103 0.16512843083528022659 0.10774279554919787005 3.3897205760626518689 5.4412332710956485826 3.1007250717783159111 3.0933165625440692814 3.0853479034921607038 2.76225e-09 5.07307e-06
20796714.579055439681 6791 3.1571810290172703795 0.21844514950659130181 0.14266862704315713684 0.049394854964327827851 6.0469223325371492805 5.4783953467804389348 5.6261361429758114383 5.7595587373578229773 2.20531e-09 4.70623e-06
20796714.579055439681 6266 2.9715959188064542396 0.16202222060209248156 0.15994627496252114551 5.77992417060288588 5.736044214766564231 4.241653650351055127 4.3923110489857002392 4.5461043069186519716 2.89198e-09 5.15128e-06
20796714.579055439681 6897 2.155094929395287906 0.15353566992798620139 0.22573617059159339915 0.34760176228239186846 2.365048342276959481 3.191477657840103177 3.1998228871867708811 3.2087582534999254946 2.6229e-09 4.98629e-06
20796714.579055439681 6969 1.3836779570513957349 0.3037958272202495591 0.26866124018313747301 0.60664430732357887965 0.2876084673322252816 3.1868015716276136828 3.2034506801033382217 3.2222309082635920419 2.41679e-08 1.04535e-05
20796714.579055439681 6230 2.177197243214763045 0.41155342532923966381 0.31186509404440160287 0.52312900077668056387 1.7049094145349310558 4.5217822847075002102 4.9556618418072062582 5.3550969967631951718 3.21494e-09 5.33631e-06
20796714.579055439681 6778 2.9630610908575869544 0.15206202426476436718 0.13154338101982782083 0.28998610344053543653 4.0724171470321959276 2.7548925238226185108 2.6928321907508134814 2.6268602240664451486 2.33115e-09 4.7941e-06
20796714.579055439681 5681 1.080647000329763241 0.29679094677403583535 0.29809469455671017135 5.0554081257562373253 3.6342576503514352204 0.79737898894299408248 0.60158230951209812343 0.43361415509347511765 1.72101e-09 4.33289e-06
20796714.579055439681 5931 2.7297075467377620583 0.25319018960769651416 0.27809199443838766852 2.5367892051881333337 3.3542428524262386524 4.9959654058479587846 5.2333597815019938793 5.4529608488235972175 2.66585e-09 5.01336e-06
20796714.579055439681 5323 2.8012453322354575747 0.16503407365196165468 0.090379468191693082546 3.4869060146121921839 0.90114553442349887291 2.1289348440752093872 1.9817577805686890091 1.8304649134863788529 2.25995e-09 4.74478e-06
20796714.579055439681 5788 1.6413383449722180885 0.14283716917638669686 0.10092122969153467793 4.2360369733871063858 3.128092826231142709 2.4031741932407051365 2.3012025024078774926 2.1948025987719872454 1.43499e-08 8.78617e-06
20796714.579055439681 6138 2.0980290996582193763 0.35352306334996397297 0.079422845076666484521 2.2495506286291822029 2.1877217275018137066 4.2672629402861286252 4.6213809740207896226 4.9734410277406340128 1.20875e-08 8.29778e-06
20796714.579055439681 6726 1.808795370945633918 0.30688566129560634899 0.030932647029161292052 3.2829519422940727225 1.7964168333929837473 2.5543918584875466848 2.3545897377286890695 2.1372408523602723918 2.92983e-09 5.17366e-06
20796714.579055439681 5559 2.3640976968806093339 0.49666473575449987532 0.39335329341561531269 0.38334922298567525312 4.5793581788147879053 4.7043811624369027413 5.2251766037885420957 5.6579604524049127434 5.44342e-09 6.36025e-06
20796714.579055439681 6737 1.6427887904400173547 0.29260592130499596397 0.17498227995003159951 1.9838799852429642723 0.7536607402224498875 3.833430200972353763 4.0482892299363673061 4.2787081922099492459 2.16814e-09 4.67964e-06
20796714.579055439681 5663 3.1744447374304041176 0.1793085245791883886 0.35173057632841653319 6.173620925120687275 4.0148596663022271258 4.541281271803621955 4.7217081798411264515 4.9010089182300484723 2.69499e-09 5.03156e-06
20796714.579055439681 5227 1.7527260967579927353 0.061934403871857245105 0.21893310502651811 0.70384888947169288453 2.8177947045246694024 2.3571567441138703281 2.3123877482644910053 2.266717656528603797 5.94474e-09 6.54979e-06
20796714.579055439681 6118 1.9114927355366604367 0.1540307979177579778 0.17454484196071809454 0.53102955250961270117 3.6861461854607200372 2.0770245250546586213 1.9364457400405234999 1.7925976476020568651 5.68798e-09 6.45411e-06
20796714.579055439681 6356 1.7702882818407268406 0.080252215381969832508 0.028854138287119152767 4.6755389995873697373 3.2057695059050086428 3.5043062807573694961 3.5339381333421284737 3.5646231074167649133 5.8318e-09 6.50805e-06
20796714.579055439681 5831 2.017442577541663784 0.1348372630580289 0.2559436198982281141 6.0559031468787321018 0.99277484582683295233 3.6997707355111320027 3.7758497574016569587 3.8557515237781547768 2.32205e-09 4.78785e-06
20796714.579055439681 5138 1.783795757766380996 0.31889129269539218114 0.18395609533092577292 0.10479266199475886778 0.54021864328334523453 3.3743047411083755271 3.4640667746706852448 3.5651279276898306669 2.37553e-09 4.82433e-06
20796714.579055439681 5736 2.1397769195706088929 0.30608388303265998687 0.27423120975367770713 1.9701844515929900492 2.7201445299166788772 3.7088579060576227775 3.9024432626403706692 4.1134996540083070826 1.87923e-09 4.4618e-06
20796714.579055439681 6132 2.1161009100745751255 0.27491032133701426288 0.27627259540857285192 0.7551443749043206255 2.4345663629457701127 5.5982183094873398943 5.7578523269359473957 5.8957201589679515408 6.69157e-09 6.81333e-06
20796714.579055439681 4460 1.6489795087645213734 0.2477962729466704761 0.065826724792004451259 3.4606582621846930792 3.2106038724543068952 1.8636452885006897784 1.6148453459999001502 1.3672894357325766634 1.068e-08 7.96233e-06
20796714.579055439681 5256 2.1214915889624843537 0.23201704870063682984 0.20511803369460188118 1.0563617930047488613 3.3403148132986117957 6.1056268322770099743 6.1428592041516756339 6.1753105052451706669 4.61883e-09 6.02135e-06
20796714.579055439681 6023 1.681588681090851356 0.076009261725792032216 0.053164209193224044869 3.1123369396662274866 3.1241432662238755036 5.6847735397878560448 5.7263406350277579193 5.766512304417889645 3.26695e-09 5.36493e-06
20796714.579055439681 6504 1.7119446771432187404 0.11186324767094897592 0.22013115093284948975 1.0429364771624218822 4.3853395860872304013 1.0512139186199040974 0.95651882444545366369 0.8651052875882527804 2.41361e-09 4.84997e-06
20796714.579055439681 5667 1.9824851588045528938 0.25176992884677262818 0.095124839218447498901 4.7977930491440829996 1.2190768873365247504 0.07905785930157425978 0.061135203296480422619 0.045752783691389985188 3.20823e-09 5.3326e-06
20796714.579055439681 5778 18.557919709205339842 0.45589209106062300592 0.50070605412068613926 5.2500911706585062788 1.2687411949833280467 3.0779490306348917805 3.0375451782882629814 2.990196297423570293 2.56945e-09 4.95218e-06
20796714.579055439681 5964 2.2887682103219764151 0.31996625550273188887 0.47993156484713950238 2.2263404120947085651 2.6007712061055481279 4.2825318216885097655 4.6004912404769928713 4.9184564198488738285 2.1711e-09 4.68177e-06
20796714.579055439681 5425 1.8800809890591443363 0.22299350042784166215 0.10457804688451893815 6.1360439897153309374 0.035391428767945411205 5.9379641815325454601 6.0070203983454613095 6.0678235656067034398 3.49187e-09 5.48533e-06
20796714.579055439681 6269 1.9003366453537231529 0.28990294771955982256 0.064882067209349775228 1.1669224913945357436 2.6183081384998465602 3.7512579144011075627 3.9437497898533417917 4.1521486436001655562 6.27461e-09 6.66877e-06
20796714.579055439681 6182 1.9831076193370194005 0.28307822173725044612 0.088055913211754432979 5.2150163694406188597 2.8771339256883239344 4.2020103456802733177 4.471674794949159093 4.7465912950343422949 2.64006e-09 4.99714e-06
20796714.579055439681 5435 1.6488907963671162182 0.16044761708840352132 0.14229284868797098529 4.3051500002747005169 3.0669638395360658834 5.2651695601832440019 5.396831091631295152 5.5211413948024592457 7.17242e-09 6.97277e-06
20796714.579055439681 6415 1.5793352461928176211 0.14965439275792052909 0.093297502859041092638 1.7320149722151596539 3.5442148068349088597 0.16094422547353171016 0.13849478208102056209 0.11783462407327210952 4.5356e-09 5.98497e-06
20796714.579055439681 6920 2.2715980117074865419 0.16159756526044033453 0.29662251030810310448 2.2238679248926791487 3.8919166179262507654 3.6367899832728829423 3.7200001597962266686 3.8083441235745225661 4.48089e-09 5.96081e-06
20796714.579055439681 6103 3.3421213550477975041 0.079041900866904907241 0.12941371032653636863 5.0927470708237860819 5.0264005787000076708 2.2253398523131213693 2.1610069890379577373 2.0953371237591307263 3.07621e-09 5.25842e-06
20796714.579055439681 5534 3.265809002901130409 0.15653606920273663294 0.10878803589877995839 4.0222083451271952725 0.93493203929998269786 4.4393443812983033325 4.5939983176676335574 4.7494386355472677508 2.18919e-09 4.69474e-06
20796714.579055439681 5578 2.8748744648876747299 0.0963358890277055957 0.22126855983693419216 4.5462570582842758427 4.9450020977484729912 0.33966177848253364946 0.30889404905697115389 0.27960743631556517208 3.04211e-09 5.23892e-06
20796714.579055439681 2992 1.4558883175311116975 0.14900437677664393754 0.16804633706176516639 0.98312083878507505741 4.7667757891300599482 5.5550868710496219549 5.6494476173327621282 5.7376821670749427184 2.07761e-08 9.93967e-06
20796714.579055439681 5643 3.2704098126660006152 0.062082902832031980345 0.074845549177770323568 1.9071417577562894685 2.1180234669956599092 6.1243789950235063557 6.1339136405090961546 6.1431464818014536178 2.47115e-09 4.88821e-06
20796714.579055439681 6683 1.3899239460093861798 0.33178683610648607161 0.24541427971613247183 0.48123328697240697061 5.803859436662029303 3.628594486260540819 3.8162308649381082581 4.0234698414841600922 2.07491e-09 4.61158e-06
20796714.579055439681 5234 3.1114945182426385628 0.19426069466227352533 0.10523420581965083065 5.2049454980893532507 0.10735869126669674023 3.2051740671339610245 3.2189874843463783805 3.23400725281216328 2.35138e-09 4.80793e-06
20796714.579055439681 6292 3.3548762152075970455 0.027495682500825759792 0.29079641249328930241 4.6158603920345333549 3.8800055996968385585 4.7123600303281216739 4.7398591894555144322 4.7673444983174109169 1.7586e-09 4.36421e-06
20796714.579055439681 6557 1.9873250308901624361 0.20703395690910858518 0.16851056719502907622 0.70546147213694354594 3.3086067462067672018 2.7937600321077025178 2.7146737638917919355 2.6289475851048131894 1.93092e-09 4.50234e-06
20796714.579055439681 6401 1.5429716694711579361 0.15644256564795477882 0.083351048246457018487 0.35462351466332081573 0.26987008998315492603 4.7964379066418123543 4.9519501346265784036 5.1039250441639483213 1.93159e-09 4.50286e-06
20796714.579055439681 5864 2.080519354403158605 0.33362928214554560258 0.15777140592081409509 1.3482728985273335631 2.8328008541350673255 4.9404030968935730428 5.2597376334808050302 5.5446261293909646639 2.76427e-09 5.07431e-06
20796714.579055439681 6243 1.265382964260527654 0.25321811937491467415 0.24424353620661859443 1.5523191141646393021 2.152571621921589351 3.038650462965157395 3.0083172200332914947 2.9746692832201286905 4.7797e-08 1.31215e-05
20796714.579055439681 753 1.6114997576298017989 0.18706032237000158602 0.13257885929478124831 3.1316155399036640361 2.1901405504888393772 4.5203672092364728385 4.7084653257745738841 4.8955242082434651252 1.27811e-08 8.45356e-06
20796714.579055439681 6135 1.4616163108741249133 0.12341682860235828056 0.14455327986941648999 5.5361883761241958979 4.7347459115032570764 2.6377061480733918764 2.5744778523852867025 2.5081782389572664371 2.38172e-09 4.82852e-06
20796714.579055439681 6402 2.9689539915873162101 0.2565568989629544161 0.22616937377983589719 4.54983165630873998 5.6106946359619156439 0.79432592511719668504 0.62418898034781311601 0.47424702703521548486 2.16272e-09 4.67574e-06
20796714.579055439681 5191 1.5760200850783603332 0.15997221445950846053 0.21467327521405976665 1.1038702719411226383 0.25748118317527551868 5.9423656419669592665 5.9923785655252945759 6.0382466286656972798 2.79475e-09 5.09289e-06
20796714.579055439681 6242 1.8608653967047654731 0.31399003310303252867 0.37693609036438008308 1.0925424089974875574 3.057334424913388915 4.7132986299020540599 5.0326452034162141302 5.3306703466344469433 2.33848e-09 4.79912e-06
20796714.579055439681 5118 1.8994758239018221246 0.34392998245044292815 0.05664362035238691695 4.3613551175098255186 2.7812892036598273471 2.8581504060171867287 2.7387191094491818433 2.6038767372982842829 3.95744e-09 5.71902e-06
20796714.579055439681 6395 1.7950147007159087398 0.15861435629519651802 0.07399929049476482168 0.52790666798569363394 3.8340320236232297013 2.0810713880696662947 1.9363841400530941161 1.7882520069607232838 2.27089e-09 4.75243e-06
20796714.579055439681 6129 2.0265486810189283773 0.371296956464722272 0.63222676168245861561 0.80297114270239389189 5.8694125888548267511 3.089299099904194712 3.064382522469089043 3.0357431107642534052 7.14833e-09 6.96495e-06
20796714.579055439681 5885 3.483723882833080765 0.021370963805918311018 0.26952453880173804501 4.1563720975692692861 5.0374380317908897808 4.8287673783811539963 4.8499691018419390787 4.8711381265813162855 2.25928e-09 4.74432e-06
20796714.579055439681 5080 3.2425119509336912671 0.10294539143243285062 0.23599390360252309184 0.29817658155237336537 5.3743996823511510641 1.5616319273181527016 1.4585568192394833265 1.3562591852989367425 2.57476e-09 4.95559e-06
20796714.579055439681 5276 2.0493115238808017331 0.2852369246407624459 0.13968782543450983247 6.2390509234474418321 3.4919074267535075151 2.8580035791379696519 2.763322424521509113 2.6579805666556279853 1.69322e-09 4.30944e-06
20796714.579055439681 5240 1.8567039527747235539 0.25344075994462722523 0.069319000395755669963 1.6724258875596689222 3.7158348297118233283 5.1009957990719074772 5.3273635284546259072 5.5343709331762589443 1.54708e-09 4.18172e-06
20796714.579055439681 5494 1.0897488035022506736 0.059269633299753765598 0.3521088810762291188 3.8222251272387528509 0.46975811083488444586 2.0623569598041338047 2.0093289033058630011 1.9556676162373638483 2.97785e-09 5.20177e-06
20796714.579055439681 4963 1.8560332542798183564 0.12559648889319474652 0.074852120990166221004 4.5429183658411300684 1.1918141728813187452 4.5720015157324116473 4.6978018239583878568 4.8233849505557548909 2.1769e-09 4.68593e-06
20796714.579055439681 5818 1.4396880873983546323 0.21227347066226365246 0.13630565321686041735 1.5354588877639645528 3.6334193236220477807 3.2654954128874602581 3.2951938492328292085 3.3276712474148841814 4.47796e-09 5.95951e-06
20796714.579055439681 5310 3.4780335776094615241 0.081046400096498466548 0.32667506502185578166 3.2422868865280842776 1.0837791705045975998 4.8587300921296669998 4.9385273814708297024 5.0175102989644653206 2.51895e-09 4.91953e-06
20796714.579055439681 6997 2.8268606631791746153 0.13082787705342824314 0.18144013064850544881 0.23360766350400366531 5.494933851229525601 3.4904908360453390515 3.5383555225767824304 3.5889119555738377976 2.77488e-09 5.0808e-06
20796714.579055439681 6793 1.4621601617125146166 0.19719718075731090812 0.30230028621805032918 0.44439044161908652919 2.6842754076735606539 0.0094335783731247322553 0.0077250113222674500826 0.0062016760193456142367 2.0508e-09 4.59365e-06
20796714.579055439681 6702 1.5021730392360124196 0.30368876344761663866 0.18271770378938295698 5.1059628093143647476 5.2453546161456543473 1.8963713172832510345 1.5887012633263770667 1.2850611778754554848 3.70623e-09 5.59535e-06
20796714.579055439681 6411 1.1428205079086619644 0.27367608375134899745 0.058923386423666665457 3.0775092449438887776 1.065111088903663461 2.7936458811349673681 2.6842656357805374512 2.5634235801845046687 1.36815e-08 8.64758e-06
20796714.579055439681 5401 2.0458688158475450969 0.30482421076127202975 0.13929584571341563359 1.2761837829570574776 2.0938743433663500326 4.3949449586473843254 4.7043045903740292601 5.0091188399364341421 1.17442e-08 8.21848e-06
20796714.579055439681 6159 2.1958763078197698349 0.61077784997394879429 0.25330052816154075002 4.994741567655931469 4.3521887075333465233 1.9539325347467177973 1.2586980986783700143 0.67742607680369171241 4.4573e-09 5.95033e-06
20796714.579055439681 5740 1.7946452058939819096 0.28658764202386799447 0.10787652259145165401 0.96401436824587716234 4.2535434601015502665 2.3341195765915707661 2.0998781391213876546 1.8524753728420357834 3.09097e-09 5.26682e-06
20796714.579055439681 5902 1.422839014524360346 0.12720527950375765114 0.17655471497463981478 1.1412740294501588778 2.4426121538992324744 2.9434403045989045999 2.9166189356042102609 2.888241887402347885 9.06561e-09 7.53904e-06
20796714.579055439681 6272 1.8910688329198717117 0.2576667645538396334 0.11704009591864493467 5.0514489323348099603 0.36127992926403396101 2.5979144522281618634 2.4455077819263495442 2.2802871366218773197 2.92426e-09 5.17038e-06
20796714.579055439681 5691 1.9811581320722755351 0.21214272662794900204 0.15364942468922071495 5.3137184048700332184 3.5390944742043934923 3.947963418814168346 4.1148819909279765739 4.2902690190052830133 4.69105e-09 6.05257e-06
20796714.579055439681 6501 3.0324782672881482881 0.23587901220485602005 0.42219564251054403359 3.2850374780041060596 5.7470872372788521787 4.7221161355108742796 4.9599538361676316356 5.1886413720315838205 2.93548e-09 5.17698e-06
20796714.579055439681 5111 2.0528099858084241092 0.24598859996353075741 0.11822285162256634949 2.835237947368903999 0.70018523352572747953 3.3024886428179942577 3.3481325195296856023 3.3985785186660071311 5.46463e-09 6.3685e-06
20796714.579055439681 6692 1.6720041846443109979 0.20642755419656116933 0.14368858077273891083 0.72249252888778880966 5.4255833972860809666 3.1912652140368158449 3.2028315613887619051 3.2154650595256439871 8.86651e-09 7.48344e-06
20796714.579055439681 6140 1.9297702594475594218 0.2301512337375927475 0.16654079517237244112 0.54192719544356282579 3.7604152495133105205 3.7741855757906779267 3.9261400122210541319 4.0887429901681038302 1.67728e-09 4.29587e-06
20796714.579055439681 6655 1.5052124693855448712 0.18913344152194444536 0.098244346336147009291 1.7769920624829453892 0.72926933891879641703 3.8120566226619834183 3.9400532663357217267 4.0755262860416419102 4.63012e-09 6.02626e-06
20796714.579055439681 6121 1.8477208416195396445 0.20434828048856792937 0.19093901327009116242 5.6451336750048604074 3.6397481860330307413 5.4528327555226514534 5.5951157017910126967 5.724886502686287848 1.90564e-09 4.4826e-06
20796714.579055439681 5251 1.6148375901929965526 0.49893284217025474225 0.11562208308462133821 2.0728977205214285107 3.4565907656261321002 3.3874155620910735287 3.5625892552496325472 3.7664882577898990412 2.36533e-09 4.81741e-06
20796714.579055439681 6255 3.229949198382893627 0.12093450089446244888 0.19982362244315346467 5.2316378981982758489 0.27711319164950792837 4.1478196243099016982 4.2537062655086534946 4.3621405562836201852 2.45838e-09 4.87977e-06
20796714.579055439681 2182 1.5678769989602778789 0.12316968448370742284 0.2269991531697634346 0.66698523561550004946 0.55437763476119306105 4.8300424850805194765 4.951792937741245737 5.071449759169800231 1.98345e-09 4.5428e-06
20796714.579055439681 5176 3.104641701130959941 0.091884641423330623566 0.096595522461752944543 1.2175808149660094504 0.58105337966946168926 4.2013433314552077746 4.283462052466613379 4.3670230993267367126 2.68297e-09 5.02406e-06
20796714.579055439681 5288 3.1603711739185609275 0.18020895356528221498 0.24967876186670256988 5.025703283456055992 2.8695256760549208153 1.4970408104621246714 1.3175271199062796867 1.1430671147618485239 2.94866e-09 5.18471e-06
20796714.579055439681 4971 1.6581836955851114723 0.075656707016974800162 0.042832138869047048368 3.7318637173740452084 5.8004829843567895509 5.8631912542331816596 5.8930498160996966917 5.9218231004359225267 1.60974e-08 9.12926e-06
20796714.579055439681 5853 3.1164699691269683868 0.17648321290391977278 0.1866365841454185881 2.4392544968297924513 1.2335909808424248002 3.4923222525797368299 3.558983837000366357 3.6305260700317787403 2.34516e-09 4.80368e-06
20796714.579055439681 6126 3.0390027456877208856 0.27562026245811660496 0.20890570132165778294 1.0043428559245475284 3.5691033074805429415 0.91514292760463911147 0.71065516204942691392 0.53085966366369308211 3.04059e-09 5.23805e-06
20796714.579055439681 6186 3.2457145410740375624 0.057326138323393102669 0.19080767992396316379 3.4314764395091827964 1.4190303655666280935 3.5267321874597197251 3.5488744557790661283 3.5715821957739635195 3.14704e-09 5.29848e-06
20796714.579055439681 5890 2.0037375681368425617 0.36562729108623914787 0.53321760119715888582 5.4818270036737155593 0.23231660949158097762 1.6079886483909866524 1.2313443327581707898 0.88658073055020580888 4.73576e-09 6.07174e-06
20796714.579055439681 5345 1.4543361520907553963 0.45031806224472498146 0.06416843615483835972 1.6291805753850736593 5.5918894718810108202 4.8019907079907921954 5.2579421816578975069 5.6428922407847332821 2.62039e-09 4.98469e-06
20796714.579055439681 5160 3.0367211346395386329 0.057622599856658303363 0.22073600539988716407 4.2211914982062879176 4.4138091961155794252 1.469002400845670353 1.4118136336829578692 1.354917721191186919 2.48083e-09 4.89458e-06
20796714.579055439681 6162 2.073780019063950153 0.3274753426150369684 0.29096204611867015899 0.26905779254194539529 5.6371109713860141355 3.2701334948535811797 3.3219440057354230333 3.3806849732432526778 1.62993e-09 4.25507e-06
20796714.579055439681 6691 1.6849485486492221664 0.35293454994428358207 0.17383716827135092808 2.951111491788877661 3.1552811619434835144 3.9486072274821371053 4.2477371423986802768 4.5632527367439461585 1.99622e-09 4.55253e-06
20796714.579055439681 5888 1.4751786942345388454 0.32106951482387302566 0.14588351913450833819 6.1114731264218224993 1.536993084341734539 4.6060618888624587086 4.9367926208575969582 5.2498119550247572818 2.79797e-09 5.09485e-06
20796714.579055439681 5767 1.5937834534264372355 0.18613479389997716895 0.06087053335914246327 0.51444981286718505231 3.8154443185561652818 3.0656680267163620712 3.0499541317504381688 3.0329208775472737969 4.97944e-09 6.17415e-06
20796714.579055439681 5626 1.7541158930955671469 0.083551668137654827584 0.081504798605745110152 4.9807329894795380199 0.32581977612518064902 6.0973846421202049228 6.1122353875226114184 6.126449071890061937 7.93289e-09 7.21097e-06
20796714.579055439681 5231 3.1363762602761204867 0.10923192551017683882 0.26334733881159033686 4.933734650932472654 4.5106872930467947214 2.7718961208521082362 2.7301837620663365058 2.6865017997391724691 1.89135e-09 4.47137e-06
20796714.579055439681 6089 2.1130070601029333766 0.18728635472427662689 0.17045670013847197266 2.7997962331810279935 5.4605960854688353479 3.7455763149606848827 3.8618083171208303916 3.9853324318856429009 2.91473e-09 5.16475e-06
20796714.579055439681 6474 1.381710899029712003 0.32588786459772739468 0.31219423293054954227 3.4103774564146021042 2.2995066564504833551 3.3787818442771615501 3.4727470810099148046 3.5787046153915387237 2.46607e-09 4.88486e-06
20796714.579055439681 6127 2.857294604514754699 0.21885305544322841698 0.26326848038033112687 5.170890652458131953 2.0575672858610829508 4.1504235181822428657 4.3489953335252860001 4.5535563964180738594 3.18976e-09 5.32234e-06
20796714.579055439681 5364 2.6601540816462456718 0.094277576710221661083 0.13306988408484346498 5.5782852407988468002 0.82999474361882019657 5.4171153591562122287 5.4869293113802477535 5.5543135113365789124 2.91675e-09 5.16594e-06
20796714.579055439681 6586 1.8352002064920911462 0.2168304705325016235 0.1416322329219190379 1.0380408391950139979 1.2586171453194039405 3.152529530193589391 3.1552252338176276503 3.1581811010443865406 2.89513e-09 5.15315e-06
20796714.579055439681 5219 1.4882791264476533666 0.10102538608087933969 0.043603058009362309633 1.9846186903472924357 5.6699862096758177898 5.3996131007620959963 5.4754336091750834825 5.5484482061711437595 4.41937e-09 5.9334e-06
20796714.579055439681 5236 2.2051769144499138164 0.54439625243825007228 0.16412575952245000988 2.2833139063341638675 4.7465344320934095279 0.37104900595889034332 0.2031753776693913105 0.093326881100763814381 5.32813e-09 6.31502e-06
20796714.579055439681 6100 1.3735168724237056814 0.30734677555146966421 0.089727132118363778224 3.730465978470161037 1.0702079456515762867 5.2284229691129580075 5.4812686995033530479 5.7021557800399964577 4.52552e-09 5.98053e-06
20796714.579055439681 6253 1.9218470340047106859 0.1488004666272604859 0.029801638287242613462 1.9839050218805935888 2.2747809700739036742 2.8344693162745047132 2.7857682622613801904 2.733931650387019463 1.17298e-08 8.21512e-06
20796714.579055439681 6895 1.776623796395816024 0.18995658778248730725 0.033614086881642447902 5.6208499274846186466 3.4036679120621760042 2.5848212890921482554 2.4746546318391651198 2.3571507092875929601 2.5437e-09 4.93558e-06
20796714.579055439681 4732 1.2807561007716341539 0.25379385341738902593 0.17153513996480673764 5.542082243410250797 5.8446280907389489556 3.4343375564410512091 3.5192390291206199215 3.6128213798540427248 1.92787e-09 4.49996e-06
20796714.579055439681 4786 1.4713798815349929949 0.14262889452980664906 0.01863798755299743079 2.080440003003095395 4.9146270965498306538 3.1898184299779033246 3.1972624212256888221 3.2051984380443361289 8.41208e-09 7.35334e-06
20796714.579055439681 6029 1.9514433138136519919 0.24773466456838391658 0.09352252749771335083 5.6376741859243590937 0.44807723988823910943 2.6556344564054472634 2.5235743022895604781 2.380031585771469782 1.02352e-08 7.85023e-06
20796714.579055439681 5692 1.4254318835086527972 0.19819442431788361625 0.13989882275158710412 2.9381217738036000675 3.730110167838511348 4.3713653487655097507 4.5659352331418547877 4.7620079474744807513 2.38697e-09 4.83206e-06
20796714.579055439681 5921 1.6966412440805254125 0.084489420253784183745 0.044692696178195143175 3.5075173517586439864 0.78677032686513459492 0.49408042116950295908 0.45538852970905380202 0.41822912949516871661 2.32801e-09 4.79194e-06
20796714.579055439681 1123 0.73409644154135644811 0.10494460308544537042 0.038740740410080139189 0.0017790019884037111975 4.7826501239684127142 3.1749621893924948601 3.1786680677023100294 3.1825580409936184978 2.22968e-06 4.7235e-05
20796714.579055439681 5717 3.1761532834228103361 0.13755991975306500197 0.217859975574582726 0.36969415894307983139 3.0791589106882728544 4.7630950810805003925 4.9004362196370383487 5.0355711174085433512 2.31886e-09 4.78566e-06
20796714.579055439681 2895 1.1939870435395443238 0.059411271051413444555 0.056304105907851315083 0.37546726042734113182 4.9569219837795515105 3.4164458319381827422 3.4330596886142759061 3.4501319744740519546 8.56806e-08 1.59396e-05
20796714.579055439681 5459 2.9995198666139235577 0.22287972740851330622 0.21210126165604506476 4.4469925010068749316 1.0976242642601479194 3.1501057139319215139 3.1522716873820479933 3.1546517822836803724 2.51526e-09 4.91712e-06
20796714.579055439681 6313 3.2202402682083386409 0.082252129673620541506 0.36637592201829033423 5.7997407114056835908 3.9357598201599888199 1.9779802381219950824 1.9011080105169151366 1.8233023241575141427 2.33149e-09 4.79433e-06
20796714.579055439681 6204 1.623259118666937173 0.089526629710691557618 0.25410343850933087007 4.7776264069448863836 2.5911086854533196266 5.8118087852915385483 5.850975415054049833 5.8884761953391882017 2.26769e-09 4.75019e-06
20796714.579055439681 5181 1.3782526586548664582 0.1294255201887466733 0.1349475369967180205 1.9092583518481263116 5.0031788756079151881 0.58131576299693310528 0.51364736113095410541 0.45005319900965806701 5.47157e-09 6.37119e-06
20796714.579055439681 1147 1.128507300475551256 0.30238111155376112826 0.31909978772710462236 0.080157484540468768031 4.9143111962490495515 6.052212032303369682 6.1137911756586369449 6.1647681507789204858 7.2768e-09 7.00643e-06
20796714.579055439681 5623 1.413562165989913133 0.082647237679772306285 0.16308740521808182122 5.352320382104837293 2.2380196284408326868 5.7810957272734659895 5.8195387183705866718 5.8564996112769236447 2.3084e-09 4.77845e-06
20796714.579055439681 3539 1.4561959771537988928 0.51091717214804277525 0.22476425981069175775 5.9164972962934410106 3.9500516359305284375 4.3313933526718519929 4.8849342199913099449 5.3882647653371424923 4.11193e-09 5.79249e-06
20796714.579055439681 6332 1.9558288523675870785 0.33904606267926268304 0.14150875317376945817 5.5402136545600804141 4.9588101649659410697 2.6388103076611897357 2.4406701628193840925 2.2220115681312946343 2.19525e-09 4.69907e-06
20796714.579055439681 6843 1.6423847810310754358 0.13221448099125696074 0.059634408355259432843 2.1474390158721905486 1.4201423434833817527 3.6770450256255924337 3.7488749991543044437 3.8243215833213763943 3.16465e-09 5.30834e-06
20796714.579055439681 6609 2.745854506094307812 0.29227896687102522533 0.12189022136981364497 5.8537882360584205799 4.9916630100558077032 3.1496016037655834019 3.1524149833019405875 3.1555780609037391571 2.84425e-09 5.12279e-06
20796714.579055439681 6404 3.0742087160582500793 0.1834935147449734405 0.26109510323800116938 5.0553799908740897351 5.589270560502995977 0.096795415684249042076 0.080418653700874864754 0.065678252366662442929 2.07676e-09 4.61295e-06
20796714.579055439681 6730 1.7941238628640721053 0.12544830655812325149 0.17480514736528451891 5.186671112226946434 3.8260386694621515424 4.5252188822241645738 4.6502690220393834153 4.7754753608638544904 2.57888e-09 4.95824e-06
20796714.579055439681 5328 1.9462313583231720671 0.44841393801492712701 0.29172104282722099988 1.7805977088401157005 2.2940043004808932103 5.3726128108565367469 5.6963652776075788253 5.9446591813538036675 2.1043e-09 4.63325e-06
20796714.579055439681 2850 1.632719762911875927 0.22079611222539557991 0.34284549536341063503 0.62910907435903073992 3.228737544266195858 3.4639154114764099113 3.5430879473133720658 3.6293740000173508875 2.86233e-09 5.13362e-06
20796714.579055439681 6171 1.7033160131233655576 0.11665909889233730401 0.19123039457615831349 1.8254211277092431409 5.6923162395051623008 4.141468824061774967 4.2430920499318576233 4.34713872281282665 2.39216e-09 4.83556e-06
20796714.579055439681 519 1.7861480998438086232 0.076539588330422680951 0.13363414977685356133 5.6238978100330614396 0.70969060052436749864 6.0005293758668925008 6.0211485241380247047 6.0409759777456910612 3.92741e-08 1.229e-05
20796714.579055439681 5290 3.1846610644861099715 0.059572658866409569645 0.11095613085015598731 3.2309118629727517913 0.63417205281778121773 0.48438616013035207253 0.45733595167827489902 0.4310310837406811646 2.68653e-09 5.02629e-06
20796714.579055439681 5209 1.9778316045055379657 0.42747106684330288262 0.21308859408426542026 1.759397913721512996 2.7247293602205950869 2.7034758536046497035 2.4655066289868061702 2.1980188253469519211 4.75685e-09 6.08074e-06
20796714.579055439681 6809 1.8284751850470994938 0.19977354922114501368 0.31040825472175548327 0.025509785245918913804 3.7708856953183986782 2.903630553695766281 2.8509002094956370499 2.7936419764791162734 1.72631e-09 4.33733e-06
20796714.579055439681 5074 1.4649142567212520838 0.072706025939904508903 0.0087082415342831526878 3.3575534884872619834 0.9008846193572641603 2.0275800156907419769 1.9611999044272248049 1.8939646034936454821 7.61828e-09 7.11436e-06
20796714.579055439681 5569 1.8327417637970582209 0.28803573467264070862 0.21595138739772551384 2.2302629141305132521 0.6498773685791134902 6.0329465703393161391 6.0967049198647185193 6.1501071649685359333 2.77052e-09 5.07813e-06
20796714.579055439681 6268 1.9510617572586885782 0.50976777953937590926 0.2368272833464464544 5.1431469536106160234 5.6063937105152783502 3.7765960459388812076 4.187808360168832067 4.6290297381520781883 2.30383e-09 4.7753e-06
20796714.579055439681 6061 1.9290386519348317051 0.24445124699130285628 0.11083356410067786435 3.1119042838275796647 2.6793553104541749654 5.3066631513367781281 5.4983722342781105041 5.6711242043883096642 4.03777e-09 5.75746e-06
20796714.579055439681 6189 1.761831135368963297 0.22466664076073758483 0.25514402526125501414 5.9510920151894817209 0.6311055778819186779 3.6991625797243239404 3.8322510764607824463 3.975373802974693227 2.99935e-09 5.21426e-06
20796714.579055439681 5438 1.1828423221860953074 0.36752275011271950955 0.14405889357011172902 2.0899169129310055659 5.2986023395499719513 4.5900524355388698794 4.9723245049559281483 5.3275008984918592603 2.41055e-09 4.84792e-06
20796714.579055439681 6732 1.9487210632229337026 0.29926935797625853208 0.19318182661809807366 1.6934588040705444989 3.1503731647146753225 4.2581077285400112942 4.5510462511142417696 4.8464288400062009998 1.92356e-09 4.49661e-06
20796714.579055439681 5002 1.3751800040480741671 0.22783919736281108004 0.058628208840955944869 3.0744950813731595218 0.72431469208528309611 5.2020237187833799908 5.3946821248945946436 5.5715146791488159295 2.79003e-09 5.09002e-06
20796714.579055439681 5196 3.5651004774981260859 0.062801889338880576008 0.21206549223921586367 0.16852736080031099908 0.27959598849748046323 0.24137238219827814034 0.22679097529190667126 0.21266985519856437814 3.02458e-09 5.22884e-06
20796714.579055439681 5625 3.0330593023726533097 0.29732384020241692246 0.064608024315175552332 4.8546257937020298456 4.6269901175692460527 4.8750153175790735816 5.1659198672852033596 5.4331859555766799375 2.295e-09 4.76918e-06
20796714.579055439681 3770 1.8052512931162774112 0.22733478598367909407 0.11133685097671564002 2.7447320858497930018 2.0087139674697680469 2.282942530941796111 2.0949405855202440918 1.8981249186270376939 1.55823e-09 4.19174e-06
20796714.579055439681 5564 1.3992565662647273861 0.11539224394192944267 0.078667761613557637967 3.5497253901155798594 0.49003270505510493349 3.5652375979668411432 3.615473733115025734 3.6681321889618137 5.64605e-09 6.43821e-06
20796714.579055439681 4112 1.7309801888657476709 0.19837490210377517474 0.14928114063539887901 0.76270841841491998636 0.40594014439692555074 4.3204697019998175023 4.5124196921274357663 4.7068415138509553941 1.99037e-08 9.79854e-06
20796714.579055439681 5669 1.6117710751434164429 0.2452043400310339738 0.18777499626804736166 1.353099263065142166 0.47971254911408606203 2.8288901923693900997 2.7420489246678054762 2.6466649149621748194 5.45549e-09 6.36495e-06
20796714.579055439681 6912 1.4267333895656868492 0.12538197074418694354 0.082048201533549858233 5.4905608629207929283 3.2919578459622860223 3.2582762709585040284 3.2739077896301536086 3.2904493570283297466 2.09119e-08 9.96126e-06
20796714.579055439681 6996 1.3231880106551441312 0.086633053735765172543 0.13922523261323907495 1.5033585658168706622 5.9938293547971959185 4.7192730272821528104 4.8059868900399989045 4.8922407433222510065 9.30536e-09 7.60492e-06
20796714.579055439681 5367 1.4022125596089940469 0.25525879330304290793 0.29215410098251026749 0.50079482295107113909 5.1705846360014993124 2.8828665469199066251 2.8069685778797941467 2.7231379859364452933 2.85701e-09 5.13044e-06
20796714.579055439681 5016 1.4890531126462540623 0.10059109065117016746 0.16101840747408133203 3.8677168222518720775 5.2255022419870984507 1.3199776493941830502 1.2235685804446230218 1.1289807960991613545 2.58541e-09 4.96242e-06
20796714.579055439681 6362 3.046741581317409242 0.13184378127400356306 0.21295411789927645718 3.8228103105604103185 6.1102143718108097303 2.0929140148883096373 1.9743550650239511945 1.8531023834899311709 2.92709e-09 5.17204e-06
20796714.579055439681 6813 2.0104179272133779754 0.17753373972288089 0.11653841593181324399 1.3740965679529175691 6.0464317151361726133 0.91821885613696663242 0.78356631354979633386 0.65826117464223310449 1.73747e-09 4.34666e-06
20796714.579055439681 5654 0.96134260977119145863 0.1781984641000488867 0.15233617986932504462 5.0827664117577242564 0.54218172755556270914 0.049257171542592979863 0.041140567574282776997 0.033811449507277734072 2.37573e-09 4.82447e-06
20796714.579055439681 1465 1.4569167535063765051 0.4448801511704743028 0.14118745345437455629 1.7166379518586143416 2.1428117673062874182 4.6181535411743714903 5.0872143425816007678 5.5012071645425990596 4.65109e-09 6.03534e-06
20796714.579055439681 6017 1.9190776605258108578 0.21222555213467431123 0.084566509795702834995 6.1558002403333329511 4.4518462386132444664 0.80201691045992740126 0.65868112951965729351 0.52878329744637064813 1.07446e-08 7.97837e-06
20796714.579055439681 5277 2.1232592652123392085 0.3565287733924139002 0.25669040665521036804 1.6812782592178210361 1.1247145702728220673 2.1259363903181505151 1.7823653268703467667 1.4337862048082139488 3.07432e-09 5.25735e-06
20796714.579055439681 6716 2.1696251634701089195 0.41452922403590186651 0.54987823558739412633 5.7692523321982829287 3.0681211165270618757 3.0580989478807696358 3.0119194235976989305 2.9583165986436679162 2.33978e-09 4.80001e-06
20796714.579055439681 6634 1.8721864590746648549 0.24479834670510386418 0.25412910937070759543 0.96074737658896480763 4.2985621478074724777 0.92011866171923029079 0.7366942292606101228 0.57222816774624007952 2.7181e-09 5.0459e-06
20796714.579055439681 4750 2.0676687674772096237 0.34558089931843605225 0.29287734757686406661 1.3472615074452416462 1.5523014563004278177 2.7642121899001224072 2.6070448365212777198 2.4309879601662554016 3.28876e-09 5.37685e-06
20796714.579055439681 4318 1.7681638011859190929 0.17027509293411904889 0.070508532728211947838 3.5328953722365392665 5.0469428560913538462 0.86216794923139128404 0.73897543894220341087 0.62428989354334163409 1.68333e-08 9.2663e-06
20796714.579055439681 5316 3.4731944632986202492 0.071241265154265653869 0.21986428806730898278 4.9524112365265411384 2.4403669255895232837 3.1411718087394238097 3.1411406788040072691 3.1411084795495463062 2.96988e-09 5.19713e-06
20796714.579055439681 6914 1.7941265850650609526 0.023414994610657380303 0.045990779689298148802 2.0350080275003818997 6.2401254380633242036 5.320926372889514866 5.3400123199630744608 5.3589650118556741987 4.41745e-09 5.93254e-06
20796714.579055439681 5796 1.6588150364419262939 0.13331645550308068859 0.089813012353701274226 0.17176173572830527592 3.2541802128401444705 2.9196409600003927487 2.8881045794820292549 2.854671200713673862 7.64873e-09 7.12382e-06
20796714.579055439681 6225 1.4728029268768108029 0.23600152452232228684 0.13762035837978375818 1.1180808333203382521 3.6948712038259969859 4.6291598585253863618 4.8689555383734397509 5.1020704039128856877 2.38341e-09 4.82966e-06
20796714.579055439681 5131 3.5336148472779100871 0.039467297149347817242 0.24567828970401892064 1.8953901692571035742 6.2298636441505319539 1.7026763142159244691 1.6634396515972449393 1.6241416030193367437 2.25296e-09 4.73989e-06
20796714.579055439681 6576 1.0101343557861457434 0.25157137466671553039 0.14319931031981039671 4.2169121044934207987 0.6481645878498100144 2.9443534005171381196 2.887083186923536271 2.823744884011660794 9.90665e-09 7.76531e-06
20796714.579055439681 6221 1.9499371193430428129 0.4000792998971715031 0.20457368470059100751 0.4816568275590968895 4.5779819585715610941 3.7101335368373744572 3.9812381249974824193 4.2790597317604950334 2.14299e-09 4.66148e-06
20796714.579055439681 5048 1.7716367932455181489 0.22944569215680965524 0.16319833756590346185 1.4089811137067778102 1.2863645496400533119 2.9556176541939032099 2.9070806361293071163 2.8537647105574319717 1.54672e-09 4.18139e-06
20796714.579055439681 6746 3.0151066005160678252 0.37460639623433322765 0.1812560008050811966 2.7918095878154467471 2.3607732389550304397 2.6629013177364382337 2.4473329065838922425 2.2076534745728424447 2.1751e-09 4.68464e-06
20796714.579055439681 5957 3.2049088956754312463 0.058170725652010778217 0.04092597580840001692 3.0483213578028784951 1.7490784376825814217 5.4435862965393608803 5.4860910913779017406 5.5277022742979546877 3.45473e-09 5.46581e-06
20796714.579055439681 6153 2.7596861017769103164 0.27480867998684926912 0.49987484779288504644 5.2309377126293457039 4.5467669760081497188 0.80015224027192299872 0.61750218752309948833 0.4583878424531330209 2.21408e-09 4.71246e-06
20796714.579055439681 5773 1.9993197622390235235 0.15092278727055735699 0.1453703977021873206 4.9476443752314684943 2.0134618048748764707 2.3612680070473288652 2.2485120026921658898 2.1309420865239765419 2.82024e-09 5.10833e-06
20796714.579055439681 5291 2.1690121768710839412 0.2243045075820949974 0.4669967758813764469 0.34806211434024325602 2.1081633685691034685 4.4603787878692697788 4.6858553485482445922 4.9100809018056592592 2.6037e-09 4.97409e-06
20796714.579055439681 5693 1.3584836750280564477 0.37869625143860508043 0.25723448831404766013 0.19483469877231771039 5.5047397560502266955 3.4075619607923246512 3.5349909286050014146 3.6801563010524720454 5.43449e-09 6.35677e-06
20796714.579055439681 5467 2.909003210167862008 0.073063619094947074295 0.15282570914168927545 5.6315504321645839525 3.6802273488463104201 4.8929851350904449703 4.9644564447068244561 5.0352111695944348213 2.43648e-09 4.86524e-06
20796714.579055439681 6366 1.8198826746741152416 0.2853404930196012379 0.15865392873105532701 5.279725274928971146 5.8359351731227766535 5.4313222342349591898 5.6307393995918548768 5.8039786698812090293 1.97281e-09 4.53467e-06
20796714.579055439681 6102 2.1554809720827723396 0.40796668580825523609 0.44722796093833289133 1.7675965999118941063 2.3542805663499661861 5.5523480467788948189 5.7968090253037622972 5.9875030490899803226 2.19362e-09 4.6979e-06
20796714.579055439681 5989 2.7205981297886445702 0.33053907505686958013 0.086192792483013716542 4.4104483641495093593 5.0892298801121000906 4.0268759542776173532 4.319791288249145822 4.6251823977709207725 1.60714e-09 4.23514e-06
20796714.579055439681 5548 3.2126628625957223129 0.05904597654000937057 0.33840719698841825736 5.4696367723180010501 0.84562521742087770615 4.2182016286415500161 4.2709557100131361196 4.3243415538685603394 2.11518e-09 4.64123e-06
20796714.579055439681 3337 1.2949796674323454937 0.22130816130506977824 0.22901194752031628354 0.39828283087939947427 1.2926071151529885395 3.1359193776685918564 3.1344876702790549494 3.1329152927156731501 1.23471e-09 3.87886e-06
20796714.579055439681 6752 1.7626151234939311241 0.21676388318522021859 0.1174516533568476101 1.3214112541990803429 2.1966808646770963342 1.7672042482848213663 1.5482233291424687405 1.3315146685710335106 4.12549e-09 5.79885e-06
20796714.579055439681 5713 3.0948925714547073085 0.18928682943210661804 0.20625328820806615449 4.2365859661528713076 5.6403269687274280031 2.5351464677568933404 2.4171442197059520574 2.2916995798541472951 1.49134e-09 4.13088e-06
20796714.579055439681 5647 1.8184221116731833501 0.23119748180408580818 0.1814327230267706037 5.5856649610730091382 0.99866445623322752656 3.4401871809730111273 3.5177913323076550611 3.6027304307622922686 2.57441e-09 4.95537e-06
20796714.579055439681 5200 2.0034466918618560882 0.37774361145398838158 0.20534390988372344666 1.3144697224570260907 4.4112277360797591541 1.7316500295965120415 1.3370803609671291223 0.96960664719273825796 2.18438e-09 4.6913e-06
