23950718.685831621289 0 5.3977751654167294149 0.040802607988543189432 0.01468250123690505865 0.10478259881110672802 1.2670367421041377476 1.9019893033863390919 1.8631350290092092425 1.8240635737343193767 0.000954961 0.000356051
23950718.685831621289 1 9.0357173766786385016 0.075008755659278031347 0.061568469025261925165 0.89842962264721726307 1.6591206843756316491 1.9593705792478681715 1.8888815737126238847 1.8176355576528822056 0.000285285 0.000238018
23950718.685831621289 6992 1.9287975657104352578 0.11358837928980149157 0.19502372441462953456 3.0639684636453026201 4.917698789799079151 0.19700372001483307249 0.17587982934834536786 0.15600476386055017741 1.98059e-09 4.54062e-06
23950718.685831621289 6819 1.9576753913064435242 0.25040547098603388454 0.11218110046698061277 5.6921903525974055782 1.5543227963791186319 3.7892265900507964282 3.9596639059543252692 4.1424169898035367865 2.46721e-09 4.88561e-06
23950718.685831621289 6751 1.3431883291558515126 0.42704627198662958865 0.25742675027507994079 4.6126374033707957523 3.7934521601436470561 3.9401295906356885723 4.3165186698739734794 4.7105377435709270273 2.66624e-09 5.0136e-06
23950718.685831621289 4781 1.6734807146723820193 0.34921686166389870332 0.24261279134071941921 3.3959591961323458698 6.0582094938594659439 4.7429463913461233915 5.0976060864020693586 5.421231245029851209 2.90062e-09 5.1564e-06
23950718.685831621289 6207 2.9056945482556124638 0.078042595073060425093 0.19757286363562118203 5.1119686159878527931 2.3868758431681231791 5.0369792901082091063 5.1101150216872390786 5.1820659343479560377 2.10618e-09 4.63463e-06
23950718.685831621289 5588 2.7560229847795576497 0.25293076788658791498 0.12960192820716809337 1.0846554588683954279 5.2575344908027883406 5.1589896236456995737 5.3778076207382277119 5.5767777314675770484 2.40685e-09 4.84544e-06
23950718.685831621289 6582 1.7424861725360585307 0.34296486589799018985 0.20851037770629318735 1.4926004657769795791 0.80286472416528120721 0.76526079441908945178 0.54881350990421018388 0.36989719366955242652 1.86721e-09 4.45227e-06
23950718.685831621289 5771 3.1127242801344312539 0.12772545943520569045 0.35385183265460806723 5.0730236753577901965 3.0617586442175221961 0.99740622935542277983 0.89338292353545201152 0.79385968622744096379 2.44735e-09 4.87246e-06
23950718.685831621289 5074 1.4193927550586202813 0.19516781772906682813 0.15915694612725203583 0.084668438088887049142 2.6258773505626513689 6.0898501838869680824 6.1243706624428275731 6.1552360390424718517 7.61828e-09 7.11436e-06
23950718.685831621289 6443 3.1983157978500802443 0.22552738315423359605 0.25119450329205728067 3.8990439131327891964 4.1143116735446199073 3.4270779163929341316 3.4993099623524317465 3.5782754333016879578 1.88164e-09 4.46371e-06
23950718.685831621289 5990 3.1176811344431967221 0.11656575996584220278 0.17388223760703680476 2.6957328084784850653 4.4408224128488713589 5.5641095437177616745 5.6378720933443702279 5.7079804179215463122 2.30118e-09 4.77347e-06
23950718.685831621289 6883 2.1204060617371722763 0.21863727367409699354 0.13666599780415669696 1.5344249651709112037 1.4646923489689072095 4.9905183451974997055 5.196323484442787688 5.38985490014876234 1.23696e-08 8.36184e-06
23950718.685831621289 6035 1.447358859889090299 0.3015913990285437607 0.11548859168535680064 5.5666993881860626914 1.1436457327556497354 1.7034528808591398175 1.3935104195625296342 1.0966461727416767502 1.02512e-08 7.85432e-06
23950718.685831621289 6367 2.0361964167532367043 0.62427206662936940429 0.42650155156832569858 4.9376587631008446166 3.4036839929212652223 1.58683155619606997 0.90918689991658718785 0.41663346630336489662 1.45694e-09 4.09887e-06
23950718.685831621289 5467 2.9402703853598857187 0.095084806680527086953 0.15301917333404085886 5.2693380821074979892 5.8550303786491051383 1.403144209162989986 1.3099883655532700288 1.2181191414667060791 2.43648e-09 4.86524e-06
23950718.685831621289 2413 1.7014419930621820232 0.10766829554614897047 0.070471673603906923034 0.96358815071507808447 0.33965371331221089202 2.3304098912773754115 2.249132989885920697 2.165300566766511281 5.65036e-08 1.38742e-05
23950718.685831621289 5694 3.1286229176524202877 0.081863742050759649715 0.32438615085295718909 4.3432561286560762426 3.7188715747631131414 2.429669697739132328 2.3743968230295493527 2.3175736146980456809 1.21025e-09 3.85309e-06
23950718.685831621289 5560 1.6422866240363158674 0.14800882163862302821 0.0947807875235725239 2.5740305984949269913 1.7926425846866846925 5.1723127600120992753 5.3012327552100373396 5.4243144346570133507 4.37033e-09 5.91137e-06
23950718.685831621289 6484 3.1707729747201782722 0.072568118301515632806 0.23661643769389542613 0.85686773801885762758 4.1244314145377813929 1.3774592430236360929 1.3066730802927493116 1.2366214966294848399 1.88476e-09 4.46618e-06
23950718.685831621289 923 1.8550825210740553572 0.15308578231458142005 0.060620945681591743848 4.744878347539891017 4.157380517590690161 1.6334088724431017337 1.4792790875161236919 1.3268339356058092005 2.53731e-09 4.93145e-06
23950718.685831621289 6888 1.6760743433975171524 0.41872048455011823265 0.29106588639393954354 1.3273818331049984653 3.6543687433370708462 1.0509713487249119357 0.71081882298232279549 0.43762275165835290425 2.28028e-09 4.75897e-06
23950718.685831621289 5448 1.9301672749308016463 0.10633365831154546755 0.11227054689630068529 1.4005013388053746404 4.3705106473229635711 5.4505593417577635762 5.5266691903917557482 5.5996557654821979 2.56033e-09 4.94632e-06
23950718.685831621289 6528 1.8519531106907380913 0.24833543208900696331 0.24070984354644042735 2.0254699288152435699 1.6147822404456302348 3.2617265729414381958 3.2962871035871939007 3.3345501812419753307 2.31313e-09 4.78172e-06
23950718.685831621289 6764 3.2823078401361236445 0.027591760761639334831 0.28717759791450853113 4.5718256530354892675 2.934786707409485107 1.0696825278512411828 1.0456391663986468465 1.0217655289409361963 2.4069e-09 4.84547e-06
23950718.685831621289 5259 1.5318547570015275117 0.26085014167108611094 0.052294019601076081882 2.5723445833650204762 0.43497537832679455949 0.12830434507221269436 0.098292950415770782846 0.072694486827528076445 2.21606e-09 4.71387e-06
23950718.685831621289 6618 2.2283180400122155618 0.59929052397563431498 0.54663379110669396699 1.0347208280065349761 0.66410664447535272537 1.9608662952974387217 1.2831626931816919601 0.70849230660334394649 1.98254e-09 4.54211e-06
23950718.685831621289 2658 2.132973096154073378 0.45041902623954249707 0.44998643444010938408 2.5043036216690901519 0.62411614087861311262 0.86035102848080646787 0.55053733396326798299 0.3149027626547570291 2.46497e-09 4.88413e-06
23950718.685831621289 6498 3.2116795171578411683 0.075914228527349567055 0.14228845590979635749 4.4006186450335107452 3.7927673332466347311 4.0418090992526671812 4.1027930187810959239 4.1650335317819644487 2.50157e-09 4.90818e-06
23950718.685831621289 5668 1.3976542216856333578 0.24254346357147488211 0.15858101703318089326 2.6009023586889408186 5.8641496323101867105 3.2712040299797058296 3.3074487644471295411 3.3474919030252205943 5.17696e-09 6.25473e-06
23950718.685831621289 6300 3.2612110568531296195 0.071395663954610055768 0.24820238899301824698 6.2594157917116346468 2.3550520584973564375 4.4700960446404600646 4.5400665625907494771 4.6104047994478261074 3.26125e-09 5.36181e-06
23950718.685831621289 5204 1.8512700181853583015 0.59647048524433587957 0.40166847195104321555 6.1396196776512104165 4.6358609740727123594 3.4293103505126572017 3.7026576333707299504 4.0200325438452360061 5.21728e-09 6.27092e-06
23950718.685831621289 4755 1.6766366866159210236 0.073629057360405453236 0.053285919134055483026 5.9261136822685589465 2.3020554356221061276 4.0723478139915041396 4.1327966829521729508 4.1944010852602326977 2.39615e-07 2.24572e-05
23950718.685831621289 3800 1.6817826714314536574 0.25068968206201330817 0.12913874528705374112 2.0623369794143413536 1.2909896154781010935 3.4868887325939197375 3.5847824267497876427 3.6922839899133821362 1.79108e-08 9.45995e-06
23950718.685831621289 5861 1.0867824514691819537 0.033455053739332475671 0.24748687823342666037 0.81358244178374128364 0.37680038935672227618 5.470046195070578321 5.4940788415258063893 5.5178226987276133286 1.95257e-09 4.51911e-06
23950718.685831621289 6719 1.3466784100563546911 0.15025803464887824146 0.06859498940526655153 2.0639679112456232879 4.2691634641712283837 2.35131271962549393 2.2380293276003979663 2.1199960922289822207 2.09817e-09 4.62875e-06
23950718.685831621289 6923 2.346179563671033641 0.30029170741460048388 0.1933534835525486939 1.0743620145798340459 3.0387094394376168438 2.9265892899829482054 2.8494596861487657691 2.7629770329134299978 1.67707e-09 4.2957e-06
23950718.685831621289 5480 1.41953244389306521 0.34869242044797010838 0.17886952378219231341 0.73659117533277662648 3.12282330653337592 5.2675869687695922039 5.5451983020629018739 5.7797985670889868715 1.6026e-09 4.23115e-06
23950718.685831621289 5093 2.0890733700043240262 0.096004116891936525091 0.24977387098883244154 1.0206987598519687843 6.0335287527301115773 3.7134243716321955198 3.7676819279014441832 3.8239384478657023614 2.98948e-09 5.20853e-06
23950718.685831621289 6676 1.9622922357964327489 0.15494766271299056926 0.27615872824141757258 0.9051571177705697302 5.4691676407561846673 4.1473456266159196559 4.2845227440796112006 4.4255023682823040332 2.23147e-09 4.72477e-06
23950718.685831621289 6526 1.3079818651252066442 0.20303169192282394251 0.19482428684632946414 2.0771110484509418548 1.9431587100247167399 2.8499412882738073272 2.7845439836430210256 2.7135822627637287141 1.74858e-09 4.35591e-06
23950718.685831621289 6951 3.0057014037771621062 0.02294348196386193639 0.060560029203048947044 1.104898579948489612 1.283432558526635292 1.0188379178898490096 0.99941644350717828704 0.98011740644014322399 2.54062e-09 4.9336e-06
23950718.685831621289 6202 2.1493145496092642688 0.39336325800702520716 0.41511794163342491393 3.084407381863053299 4.0600035886705523325 2.8991298851119120528 2.7764318873071620608 2.6359620781380845855 4.75227e-09 6.07879e-06
23950718.685831621289 6083 1.9840739347886573452 0.17035893913634700403 0.18522684411657552861 5.2369673404646022163 2.0565967035805514662 3.1455117008675994583 3.1462473857230168761 3.1470403580876959992 4.91269e-09 6.14644e-06
23950718.685831621289 5773 2.0551123949042251482 0.10444993336609585677 0.18634527899073102808 2.259882860779121927 2.7151592638397379353 2.3660596702401206493 2.2899224672078561937 2.2113362538288319215 2.82024e-09 5.10833e-06
23950718.685831621289 5027 1.5528173832499942986 0.34447998410440883177 0.11787151448295143941 5.6500740681692587231 1.4050269998000943783 5.1191232576009770838 5.4217232273655131536 5.6831131470842537468 1.92434e-09 4.49722e-06
23950718.685831621289 5146 2.7707051888426907915 0.065384496276949963245 0.16667550892379867644 4.451188218545500952 3.5896155307442652038 5.8459035068661275858 5.8728223398745065253 5.8989069737885255762 2.55901e-09 4.94547e-06
23950718.685831621289 5492 2.0271722554890048151 0.17384969430505028964 0.099717839319731299552 1.4436491172839642783 4.3060717366071772361 2.2653172313639955426 2.1229599567359032086 1.9749457828662295711 4.51271e-09 5.97488e-06
23950718.685831621289 5047 1.6657011209692449416 0.2037103626358389985 0.318962234835982128 4.1629055601840754264 4.8637526457973132565 3.0659442379404016066 3.0486062608416251152 3.0296912545797196614 5.4862e-09 6.37687e-06
23950718.685831621289 6657 2.2772673492126109807 0.18725892813038783058 0.016236750042653961407 1.5614054162770798495 0.9040319882420120301 2.0234686061880515773 1.8467068718594881194 1.6665305364918867603 9.52311e-09 7.66378e-06
23950718.685831621289 6413 2.7258990894016941198 0.24498058900081062794 0.15072911552790407841 5.8004706026934034213 0.84565745605909248273 3.1140447922419038917 3.1062196206468879467 3.0975557212517053074 2.71272e-09 5.04257e-06
23950718.685831621289 5928 1.6986498654601143166 0.35451549747238148003 0.22793341341100317732 0.78806704868690968802 0.041359457614679358273 2.5291361390869377956 2.2826027038142115977 2.0141695314335099631 1.85148e-09 4.43973e-06
23950718.685831621289 5018 1.560766420107283059 0.15820976996139834991 0.25208868657527422341 2.8935346995908521883 3.7220070248386623035 0.60316753523289157179 0.51846098990627198511 0.44006109281012356638 1.65949e-09 4.28064e-06
23950718.685831621289 6615 1.6964920792771118752 0.32749264996001115069 0.19805764584242122051 5.3210004766291927325 5.0599285321930969062 2.3147628686553778365 2.0368724906929625007 1.7443107072880719155 4.67657e-09 6.04634e-06
23950718.685831621289 5423 2.2697588000032831168 0.21136988906524686871 0.90456266627604997588 1.2341471457772978937 3.1945058364889238334 3.8415236676531741011 3.9912183431481711438 4.1499641713984836144 2.52578e-09 4.92397e-06
23950718.685831621289 5021 2.7864957311863132183 0.29887988017686545339 0.16214981092174607369 3.1056253407364873276 3.7377109870686382465 0.21753815937935494507 0.16011622892256033301 0.11246492795980700397 2.06176e-09 4.60182e-06
23950718.685831621289 57 1.7937952746267631365 0.079257194599066133067 0.082845713787399952177 6.1273330392573868153 0.23062973518392015926 5.3548599978242128472 5.4169184053484578101 5.4773057629970294258 2.40925e-08 1.04427e-05
23950718.685831621289 1124 1.9693541814877586482 0.148558580844541821 0.093053547886486273621 1.9663194392043454872 3.6104965596877121037 5.2922804874513023066 5.4121890743389418077 5.5258320738027606467 1.32419e-08 8.55396e-06
23950718.685831621289 5020 1.6901102065778508265 0.28117124712944341347 0.17226376754234173916 0.59098972894968893055 0.29182604636593428848 4.6057138534478250236 4.8934666140573135351 5.1700407656361182518 4.40916e-09 5.92883e-06
23950718.685831621289 6161 1.967447215991376952 0.41632287946865609296 0.1419118025484480683 0.88335133483248384767 1.048673830067123891 3.0403463550584746145 2.9840689817896084435 2.9187591536154275929 2.19638e-09 4.69987e-06
23950718.685831621289 61 1.9166752077224609163 0.092632456573051955018 0.075826274911929572586 0.63420813590617386435 5.6195367230643391565 0.08876479873200202042 0.080899098698164098598 0.073413387933874682534 2.32681e-07 2.22384e-05
23950718.685831621289 6451 1.5917819373983954634 0.22372716014505572568 0.17377267523991135612 2.3362305235465341546 4.8256879431784804879 2.1780118226249265412 1.979710237660428529 1.7744286643587738883 2.57122e-09 4.95332e-06
23950718.685831621289 6876 3.0512327284307136921 0.13559219125697261066 0.13350314716067845922 1.8338244438966517791 2.1977639689826373726 4.9990007868277483993 5.1270215930878730859 5.2511242967097233603 5.7202e-09 6.46627e-06
23950718.685831621289 5132 1.5257683057589046527 0.034091443774116922394 0.23834516503452354841 5.4693306034999906728 5.8410110640977261909 0.0063332801394161740774 0.0061209288109001233971 0.0059122588135006488852 4.5221e-09 5.97902e-06
23950718.685831621289 5470 1.6625146907090948556 0.15828758454501209996 0.19708388159877862633 1.8035845442268834127 1.5633944888133963769 1.5403463596982565065 1.3818463288191087379 1.2263759473415731804 2.3944e-09 4.83707e-06
23950718.685831621289 6270 1.885991037506361323 0.33530834153998761993 0.075874963262866343405 3.0411979265360766789 5.5861941819214022686 1.5633657596479040297 1.2218721332712414451 0.90676911667648907311 2.07589e-09 4.61231e-06
23950718.685831621289 2778 2.0284627022705294941 0.14801562150682348595 0.054107046148759455062 1.5670927176011626436 5.3760621651779034735 3.6531683919527178084 3.7310477895909675006 3.813330885936482062 1.15158e-08 8.16485e-06
23950718.685831621289 5605 1.6774720718699487332 0.35631725184586277022 0.32893416802829023027 0.43742501371055053649 2.8524770503849810055 3.9202469823141465888 4.2158640980832675638 4.5291536614550551576 2.44051e-09 4.86793e-06
23950718.685831621289 5518 1.8006795109698925383 0.32258782763826138185 0.22122626695508632033 0.55778392714344704473 3.0346245411027199523 4.6674112962756044709 4.997966210763476802 5.3074889733660368663 1.73658e-09 4.34592e-06
23950718.685831621289 5490 1.6129059080768832768 0.37905137122642840186 0.15854692786985288833 3.1628457601811890143 3.7782815508787019887 0.0079703483315613134902 0.0053483051703460994519 0.0033210324266305991416 5.31486e-09 6.30978e-06
23950718.685831621289 5374 1.9075175040839522644 0.58843234081460871199 0.43429810039485144957 2.4330440929784100668 4.8215145037366937686 2.0695152889321644096 1.4169213380674847702 0.83544156964666382859 1.21754e-09 3.8608e-06
23950718.685831621289 2768 1.4623289766947589197 0.062545979951395422325 0.024906858885120328195 0.31167559257785443227 1.5895021722889661753 5.9757081863021506152 5.9941071166037005469 6.0119370231465669718 6.30548e-07 3.10044e-05
23950718.685831621289 5194 1.8978829990130812178 0.064677593415156012235 0.17264828144212085448 5.3067911987211591196 4.6797961501165126208 4.7115860992691711573 4.7763105311625055904 4.8408560343828792583 4.75382e-09 6.07945e-06
23950718.685831621289 4105 1.0959771529029620485 0.1667129920692621281 0.049508658735829658148 1.4990663197180835731 0.037561766131175719496 5.2889271491671276948 5.4233151720861103584 5.5496432468182570474 1.26705e-08 8.4291e-06
23950718.685831621289 6324 1.3557218658448948467 0.049157251021004919056 0.09640134370702239941 2.1161905184709786099 5.5768385384923622183 3.2724590335761996052 3.2790379914966671926 3.2857731736740358741 3.61321e-09 5.54815e-06
23950718.685831621289 5952 1.8815455762602888434 0.53592142855459778961 0.28352482238151160976 0.68766601882811462243 5.4986680822735589658 1.2436298831586263258 0.75052669213319445074 0.38501539418357050293 3.30338e-09 5.3848e-06
23950718.685831621289 6639 1.4662018368413247682 0.31892083667170889605 0.27948617217440441252 1.245282609202243318 0.43385054799946454196 1.4904458333117189817 1.1710098684672340941 0.87723781181769944215 2.07227e-09 4.60963e-06
23950718.685831621289 5312 2.995413361551035436 0.038127765275688223212 0.13314796645914647732 2.750500032197134459 4.1986450372708112866 1.4459343453504973631 1.4081838043391066151 1.3705590322706366901 2.46345e-09 4.88312e-06
23950718.685831621289 5514 1.9751001507885737052 0.12393221411848813485 0.094428161512184291548 1.4589905946206171983 0.18003998844044996619 6.0293871757604842188 6.0588485400585003759 6.0864184753283350204 2.23079e-09 4.72428e-06
23950718.685831621289 6734 1.8894079644663344109 0.30352914766176092298 0.056898554910735629764 2.0023587767797974557 4.4120626000656697485 1.1739595178389508057 0.90513342654093720263 0.66640545613113488788 1.24231e-08 8.37387e-06
23950718.685831621289 6073 3.234199276012182267 0.092404596335621397296 0.23145702238130880235 4.8178827866881270836 1.845522336116266926 4.6745435375185113713 4.7671760254477097973 4.8594419747126265108 2.87152e-09 5.1391e-06
23950718.685831621289 5949 1.1532285903186898501 0.060729413497022821655 0.15852233383229322183 3.5181722211798232003 1.0586305120435686167 2.0463556983631425723 1.9915662754599701145 1.9361340023583883951 2.21075e-09 4.7101e-06
23950718.685831621289 6028 1.6244850366557510579 0.21719560773254220631 0.16547274124050648236 5.5384754158563298532 2.039874030471460653 2.7019257508553375935 2.5981223633724690458 2.4858084756075884414 2.1303e-09 4.65226e-06
23950718.685831621289 5806 1.3279396560802920746 0.43935864084900477788 0.16142549524796923066 2.4545521269065293524 3.3304643330052492445 0.5036546951681045714 0.31843307978318513562 0.18087920422437112067 2.32886e-09 4.79253e-06
23950718.685831621289 6521 3.0226299392267077515 0.087435494649572773063 0.18993603803369718541 4.6712690516762851445 3.336967160067973559 4.4563586909021832838 4.5420045356218752275 4.6281739339521479337 2.953e-09 5.18726e-06
23950718.685831621289 2010 1.8169547001540835574 0.27955812087462267312 0.12926934869075618062 1.9284342895027462017 2.4777988760641647126 1.3650475777440136405 1.0953712932817096792 0.84681665524409488466 1.54172e-08 8.99881e-06
23950718.685831621289 5455 2.1557594366876910996 0.072335272857236232458 0.11167712581236383107 1.8729408483838079214 4.2312697811725348274 5.0507584518191714906 5.1182443810934579176 5.1847034992914009521 6.22928e-09 6.65267e-06
23950718.685831621289 6780 1.476805796916746516 0.3042762874570266729 0.076061986718015214826 5.4585549731279749963 2.7426813970326029413 2.981326681069909057 2.9225656693593804469 2.8564525309122639207 3.2776e-09 5.37076e-06
23950718.685831621289 5170 1.2809733147231197048 0.22315793184483961875 0.14045503589509447662 4.9013231381387942776 0.42640157356060709448 0.46590929168698697049 0.37375441396501907221 0.29227650335732408005 2.19546e-09 4.69921e-06
23950718.685831621289 5540 1.7545462380217751175 0.28253757687023733913 0.19829375914524927094 4.063792176745548268 3.7050329285793486278 2.5044778084527488105 2.3110173713192665446 2.1024143707999516373 2.31531e-09 4.78321e-06
23950718.685831621289 733 2.1977875035751628374 0.1401496372000023416 0.16724219903296047574 0.32046853542108721946 3.6602980534260440848 5.4887243892026384984 5.5844166779751986951 5.6745714911673905689 2.82876e-08 1.10166e-05
23950718.685831621289 5469 1.1066200807465662592 0.3014488815711812153 0.14191893991057916158 2.5305608793704275072 0.31375890803930284179 5.6546988515832694588 5.8156627018019140252 5.9515185175528264594 2.51139e-09 4.9146e-06
23950718.685831621289 93 0.94573209543295078117 0.097783982335458111135 0.034941145433441254953 0.29888229247499270569 1.7339538222700967562 2.5087541726521385144 2.4484153691921788365 2.3859329266765110233 9.6366e-07 3.57129e-05
23950718.685831621289 5525 1.7570862202214843073 0.45078642102489868693 0.11314670688892602968 1.7376875639882751745 4.9573985258343373772 3.8119509189758358225 4.1718697517404415009 4.5583927870820106776 2.22151e-09 4.71773e-06
23950718.685831621289 5178 1.7875036238945978262 0.21533343228021095683 0.20278582290960164847 0.81131896207778475549 5.4911550527177332981 2.5856090303556440446 2.4590543972399103723 2.3232296747648693014 9.33283e-09 7.61239e-06
23950718.685831621289 3770 1.7617196782732083005 0.32091296122511903111 0.073197615031374854699 2.697165108148156687 5.5453658615643819374 3.3071992094943758467 3.3720644059941577986 3.4453727447962561037 1.55823e-09 4.19174e-06
23950718.685831621289 5688 1.4225401159500150605 0.083566782629175384578 0.34131976096375671315 0.8007506973016716989 4.3975870930048213125 1.5252859859977450085 1.4418668258423257278 1.358993639255472452 3.26046e-09 5.36138e-06
23950718.685831621289 6053 1.2067036160634543318 0.02809453140384979633 0.12688293713002987695 1.1402437018448337014 1.7807936646271416148 5.1636110552356431214 5.1887434221810817547 5.2137102587352961436 5.31336e-09 6.30918e-06
23950718.685831621289 6403 2.193288899900176947 0.45331473578047620787 0.15054975838433856672 4.0524433817910754385 2.9144107966831747092 4.3020167006319347536 4.7788041827770522119 5.2311195050899348402 2.19336e-09 4.69772e-06
23950718.685831621289 4318 1.7964255591099347331 0.16676531714357131775 0.11983151024952680419 5.1978794559980014967 2.3402382937162333754 3.2144986582481780424 3.2278496679944836956 3.2422165153376587554 1.68333e-08 9.2663e-06
23950718.685831621289 5316 3.483875569777170611 0.086422944631078704725 0.21008257158921617158 4.6848744052632156354 4.7588071102248958866 2.5131304369027693824 2.460391891554808641 2.4059690946934217948 2.96988e-09 5.19713e-06
23950718.685831621289 6874 3.2673369717603950591 0.052912277533345423997 0.27749081678824066843 0.61728676023362916148 3.3693088761431337907 0.1793532955431513809 0.17014736604543517773 0.16118785766438617491 2.61974e-09 4.98428e-06
23950718.685831621289 1959 1.5994217776961652255 0.37825714996680342983 0.1619398813958108363 1.245467933304496233 1.4245056944777554353 5.1818132666957650301 5.5008444911814988743 5.767493694974981544 2.04943e-08 9.89451e-06
23950718.685831621289 3953 1.4932353010733308007 0.083656662070493062466 0.44284527463964340477 0.61076413805109308619 4.0150081491798026434 5.4413193674037065861 5.5021114287483339211 5.5610092699250781578 1.87457e-09 4.45811e-06
23950718.685831621289 6642 1.6948155699338427471 0.35964496243129834285 0.23129095318192502417 0.27437977848387085089 3.7761235063041973525 1.2864771332346127686 0.95024047758779250916 0.65764938962064489747 1.26355e-09 3.90884e-06
23950718.685831621289 4189 1.157137908475340593 0.090896158745779845334 0.043964185524096519031 0.31167443689679646956 1.9698298412925916434 3.3676144895140884827 3.3889740252546598498 3.4112313942800387423 1.29246e-06 3.93842e-05
23950718.685831621289 5324 1.7807744202161526204 0.051484778083504753599 0.3399283163726062873 1.4737895370340339252 0.74174624020056212359 4.6551401341135463241 4.7066392091294178002 4.7581231361752447384 4.64884e-09 6.03437e-06
23950718.685831621289 5380 3.3478806566968422054 0.041243356533085369364 0.22408457107569834665 5.4434343030071410396 1.1730225786800669852 0.14720134924835068246 0.14127064573375744394 0.13546353100722854923 2.14422e-09 4.66237e-06
23950718.685831621289 5451 3.2556000528572468511 0.046870083092525050006 0.05989180154400884637 6.1003268216359627374 2.5738380288359103965 3.5307797615850340378 3.5489678466034355608 3.5675378059810354259 2.58702e-09 4.96345e-06
23950718.685831621289 5538 2.0586606431882605861 0.17707647455705738393 0.014570838907884436919 5.9105711797376612182 5.5491017665845898676 5.8651308172871408075 5.9321041747251133103 5.9930031105282797199 2.97954e-09 5.20275e-06
23950718.685831621289 6532 1.8073636498377156911 0.038225300368658364503 0.20040112194295842118 1.3071956927605032917 1.4539231596450563622 4.3355911409114655797 4.3713959258104253536 4.40742032920071658 5.62757e-09 6.43118e-06
23950718.685831621289 5245 1.8863016446987070918 0.43409767464700860229 0.091441267283249139108 4.3436042879833411945 0.81694747418050739363 1.4962542195398289557 1.0556705927993761396 0.67790543173713069258 2.53784e-09 4.93179e-06
23950718.685831621289 3751 1.503196751728000935 0.076935146278522173469 0.10196552976682027314 2.4563134134453590285 6.2719779932281047863 0.58167092498665318168 0.54066431664619785114 0.50106536076381025246 2.30157e-08 1.02847e-05
23950718.685831621289 6233 3.0881110230130586203 0.10968321895782862097 0.22239380817262882628 3.6982670226863962881 5.7029086501653560859 0.49162301214042158914 0.44210162844338229959 0.39517476280381524933 2.38928e-09 4.83362e-06
23950718.685831621289 5382 1.9293030570773088694 0.43658019554079102731 0.37228347816134771398 6.0982062021834941845 1.1309504877477569718 3.9914530398392185084 4.3929905456630296001 4.8074904701974086052 2.55203e-09 4.94097e-06
23950718.685831621289 5567 2.0842214856699499137 0.28604804015701407183 0.21102786442947132906 5.966755703371262598 3.9937627895271097245 0.096216456861425880831 0.071714058373432684745 0.05121797131286677518 1.31986e-09 3.96606e-06
23950718.685831621289 117 1.557989831530888436 0.2553209195673716847 0.13261357587015756843 4.6355026509403245427 3.8672266148255070028 1.4607168543916380088 1.2076524422112220325 0.96898235536682175706 1.39228e-08 8.69812e-06
23950718.685831621289 5708 3.1466986357637063421 0.17853176960646643945 0.2027993040298723959 3.8654799770557093375 1.4899454899302979616 2.2466669891484176702 2.0981528576953554222 1.9438763400189194019 1.65544e-09 4.27716e-06
23950718.685831621289 6956 3.4900486455968464661 0.1152621447937636906 0.38641904177012625921 2.1983469936939759037 1.5951175689073679997 6.2392638872326156019 6.244064336095832779 6.2485723530413066484 2.20649e-09 4.70707e-06
23950718.685831621289 5471 2.5732692914959218733 0.60950375942194767731 0.54028572670695163005 4.4252195286748019498 1.2612855116844778891 3.9418676697943975107 4.5606177031831531821 5.1631151136535571311 2.7508e-09 5.06605e-06
23950718.685831621289 5235 1.7006534175229581773 0.3347470022382987298 0.15410139138094466893 4.718893388201321315 3.5806740561796841504 3.5006813627064912176 3.6448675678725441784 3.8063150328358510421 1.69779e-09 4.31332e-06
23950718.685831621289 6722 1.7722932188222517702 0.29849514866807924651 0.31901963419687645596 0.2417720046682400592 2.8929104205760460822 2.3092739576352721009 2.0588222881321391888 1.7951734116123634344 1.78527e-09 4.38616e-06
23950718.685831621289 5002 1.3547279151427997768 0.33739430401491038447 0.21600657030993627994 0.80920785502004655143 6.1581761930258105409 2.7719905654799941175 2.622423279044546085 2.4550220134095610547 2.79003e-09 5.09002e-06
23950718.685831621289 6473 2.0616741726099792054 0.069137243280024310299 0.23755399411357527861 1.0907214170315220336 0.96922330024091574163 3.464630186153357716 3.4873486575716827751 3.5107798249976140958 5.43469e-09 6.35685e-06
23950718.685831621289 5815 1.4403177484935245634 0.18776942660883422231 0.30592862558094513492 0.38654302246714988822 2.5314570860666321117 1.6842506555640199828 1.4945447668305620326 1.3073209497092388442 2.67562e-09 5.01947e-06
23950718.685831621289 6211 1.6370511443076261049 0.18289617468370603093 0.056939196891586864313 0.9213620761075915766 1.1516948226661885002 5.3225753486931477454 5.4659076108068500588 5.5992912139083221845 2.33777e-09 4.79863e-06
23950718.685831621289 2174 1.1009866399213672494 0.18462021970634479029 0.3216260459453841869 5.9153404346130109559 2.5771320741228858076 3.3253012847205312141 3.3627431381014045719 3.4032399956077346026 2.03153e-09 4.57921e-06
23950718.685831621289 6536 1.8508617051650595453 0.27324222795285735277 0.082756169494136638809 3.89629685392203573 5.0609666730236373411 1.8545724630408091382 1.578095298644489386 1.3048603491478079075 2.77887e-09 5.08323e-06
23950718.685831621289 5873 1.7193598022371190392 0.14091824901198074516 0.15254378456072884007 0.91804271214948496294 5.5908690605766810933 4.5997310667331028355 4.7413502586653741844 4.8822094138199263469 6.23622e-09 6.65514e-06
23950718.685831621289 5741 1.856110082977247 0.22109709008503691807 0.20878754699548618401 1.824982459966806303 3.6942803529772008098 4.6760718550408890692 4.89976694813562208 5.1169939664738022245 4.83963e-09 6.11581e-06
23950718.685831621289 5780 1.7475531516859486025 0.027689845811016331606 0.16760916392850050416 1.0099107071813904213 2.0690669885755297308 1.0785209481191222469 1.0542742091605805665 1.0301967247436909503 1.95079e-09 4.51773e-06
23950718.685831621289 3982 1.4891743549606319963 0.18982242617296873899 0.085734446522347879105 0.72854381337809204222 2.4505325417924987974 5.2053844214051618877 5.3664696055064773361 5.5171141328884738542 1.70782e-09 4.32179e-06
23950718.685831621289 6155 2.2046021158944624219 0.34809676468688177664 0.17021042971406785682 5.7577753808676366276 2.2524679991410954116 3.3583081309304936291 3.4519468771606662827 3.5582542214956420779 3.03729e-09 5.23615e-06
23950718.685831621289 5782 1.991547673220804171 0.22280257568812442126 0.20202249252073684049 1.3185344304636414936 2.0143149886093194567 3.5453802113832573184 3.6442161627361149279 3.7515460079903784063 5.0598e-09 6.20718e-06
23950718.685831621289 6417 1.7880285160267015421 0.26069504960098277557 0.17900756853252333678 1.2585279587995403805 1.4375713966139271882 1.0420699739218486357 0.82819627427189734803 0.63613887332326735091 1.63097e-09 4.25597e-06
23950718.685831621289 6237 1.1428294798802249854 0.32107836230879982509 0.2390400139893920084 6.1418770409663681065 1.6709325146930786854 3.8284642481076427423 4.067030252760556408 4.323534634902167717 1.89473e-09 4.47403e-06
23950718.685831621289 5750 1.6348697245054997218 0.32851323389668868336 0.13877766330623955704 1.1077418504411451483 0.90264565803563612256 2.1263249121805389841 1.813736036058507084 1.4948695925687653929 1.52873e-08 8.97346e-06
23950718.685831621289 5661 2.7451662810986405816 0.19686788656866049951 0.11379420508645435306 4.2765870662985294715 6.25427943537796871 0.74185692869861774579 0.61686220739164077109 0.50297836322918287877 3.01386e-09 5.22265e-06
23950718.685831621289 6303 1.4270749057937277549 0.54711963592029411174 0.26571620584333255355 4.9852512472587608983 4.3242737038527225835 2.2592870160290314807 1.7064915214153859591 1.1644012689046276954 1.48051e-09 4.12085e-06
23950718.685831621289 6335 3.1199202461400474817 0.096618299098517421153 0.24153548789467199631 0.33369873587418208416 0.30027899630334164982 1.8321221685479460728 1.7374508766453831132 1.6421712007356261687 2.80706e-09 5.10036e-06
23950718.685831621289 6290 1.4393183331711052464 0.15200373006339379378 0.13512742713722342147 1.9578939003665447594 4.7857269723122382032 3.7246969490284529414 3.8145598885972855641 3.9093051865927330724 4.66797e-09 6.04263e-06
23950718.685831621289 5215 3.0512009067452501299 0.066466111313898859625 0.24852710308707126607 1.048217723722060013 4.6359336765849850082 1.2959804236958378798 1.2325319584718077426 1.1698323450308241167 2.09099e-09 4.62347e-06
23950718.685831621289 6358 1.9229171911533564643 0.29986144587207202994 0.15441431347110431971 1.3389638599079445314 1.1622645839985801253 2.2004509544003481025 1.9294132742542395853 1.6486280713474208426 2.40091e-09 4.84145e-06
23950718.685831621289 3761 1.4828930733957221832 0.067710862701696364341 0.080401690095051131513 2.7677995306857496871 5.9585806745635645498 2.0767492888281391394 2.016481629884355975 1.9553850717025007544 4.38307e-09 5.91711e-06
23950718.685831621289 5048 1.8972036034450194819 0.1655995769301766285 0.13871663283034094127 0.36391649773712309024 3.0924626949601288217 6.1788121215643840856 6.1948542335351959309 6.2094628077160818336 1.54672e-09 4.18139e-06
23950718.685831621289 5673 1.9037142713264505467 0.22820400696721873657 0.18703415862912811662 1.6030747685687618542 2.8453837191072972601 4.321529824835502076 4.544271580968335833 4.7692582589837311247 2.67237e-09 5.01744e-06
23950718.685831621289 3324 1.5814865070239203515 0.19879240832060041111 0.070949453198832598821 1.4007740132066142102 1.1290254725139947656 4.7589623506332916492 4.9579484416321673024 5.1507773703833610313 1.99813e-08 9.81126e-06
23950718.685831621289 5034 2.7928662123501792891 0.15782114123172552578 0.1431994380264608735 4.2853526379371693622 4.1669545601808097857 5.1109400797926332061 5.2526953851335793644 5.3880350795670883812 2.20492e-09 4.70595e-06
23950718.685831621289 6957 1.4967113067745250188 0.2670246485376998602 0.19559073319053857376 5.8692852130815698075 3.0328204795722699672 4.6820200892672598769 4.9533077401075544799 5.2126204960518096598 6.68595e-09 6.81142e-06
23950718.685831621289 4112 1.8086793208613374251 0.11477567557324157288 0.14957373204747217987 0.37130887180987970364 3.280311427010922376 1.5404935024401162913 1.4257168043613475117 1.3121469147074649175 1.99037e-08 9.79854e-06
23950718.685831621289 5344 1.8251146897396859359 0.14780476183645641086 0.050688904339433689394 3.89970365463420654 5.1379704304735334119 2.760141502966813043 2.7007336716968479706 2.6376629450146098499 5.14004e-09 6.23982e-06
23950718.685831621289 6577 1.9991126602055779848 0.31803256817412456359 0.2087236597013406858 2.641985653687219493 1.1856367766023827581 1.531962969865035884 1.210551086309479274 0.91293290031862917022 1.63583e-09 4.2602e-06
23950718.685831621289 5446 1.5511322930720699009 0.15777522357595977209 0.10788056200567994192 2.0733697487840121454 0.15310207935462818996 1.2199866366908354021 1.0751006028891316735 0.93631551982330563089 1.5065e-08 8.92976e-06
23950718.685831621289 5123 1.4717038726253628411 0.37349282468181671524 0.11624535433225716141 2.4323642716937650121 0.63756652559124971091 2.5096797632661163036 2.2400066247883434478 1.9470717894595650499 2.85229e-09 5.12761e-06
23950718.685831621289 5200 2.083459920480406069 0.29773917176705805288 0.14859125552781066171 1.6531567848173580604 2.0082393946844190324 3.7033183680460908249 3.8890675277714934488 4.0914673363620090996 2.18438e-09 4.6913e-06
23950718.685831621289 5511 3.1559465943252593689 0.13638042115201851057 0.17076126080386891393 1.6861793818005588186 6.2624566716257445975 5.4011223623957835827 5.5024086019496731836 5.5983974216022858172 2.90982e-09 5.16185e-06
23950718.685831621289 5957 3.1967601126832909664 0.055947242784101534896 0.091520637858938144737 4.6388284415039091613 3.0174892258775143361 4.0327024742376158528 4.0770234226137382905 4.1220528296292240356 3.45473e-09 5.46581e-06
23950718.685831621289 5962 2.9053338680949716277 0.13620276073236384229 0.18566343988624589567 0.2217642603836814108 5.1992410887109619111 3.1471088449191944036 3.1479191168202946827 3.1487807928299607063 2.88829e-09 5.14909e-06
23950718.685831621289 6826 1.4735664138032802395 0.24216712128467909881 0.010882021965656799717 2.0498421031675291282 3.8338876956404157603 0.79283820005419336496 0.63197880691394481278 0.48892038806646276328 2.5665e-09 4.95029e-06
23950718.685831621289 6891 1.5830177104480041006 0.089156977767668843526 0.15839751012217037629 2.5739580261490018209 2.5998760821173245716 4.8294654377477614915 4.9176709971272360988 5.0049559936421568196 4.39964e-09 5.92455e-06
23950718.685831621289 1399 1.6119807153489149609 0.27646805829757670203 0.10793226052648950686 1.4034242972630395219 3.282876885840974257 3.6743663977779772445 3.837019353923449394 4.0141560633691586446 4.64728e-09 6.03369e-06
23950718.685831621289 6752 1.7489976728702514297 0.12231294179555315949 0.017384722923833813291 5.3723598276163313514 5.4116915281623914069 0.88326577112615689558 0.79200540662184082397 0.7049475387505504953 4.12549e-09 5.79885e-06
23950718.685831621289 5597 1.8428677772525534628 0.52881379855234600385 0.38809545689759161746 5.9376603635209752596 2.4436556463069272205 2.4447533010182080915 1.9828165689778918246 1.4982572594265666233 2.41109e-09 4.84828e-06
23950718.685831621289 6928 3.184782359815437669 0.080152412385101984293 0.21094553556939649175 3.8377746351180537232 2.2191683020284735939 1.0058170540227406864 0.93946220529625990014 0.87475990789981139528 2.08658e-09 4.62021e-06
23950718.685831621289 5187 1.5303992134038235662 0.069082122073714821719 0.06190965566686428001 5.4988290306815788 2.8834124248922305966 4.6233042427989694545 4.692379845289744722 4.7614481387761111719 7.38199e-09 7.04003e-06
23950718.685831621289 5640 1.6813191856022213777 0.24722241531898614397 0.18208720759923396892 2.7099254825797443047 0.90833848536609185231 2.9875807538446483846 2.9436083965096542236 2.8949813874282983583 5.24602e-09 6.28242e-06
23950718.685831621289 5842 2.0830725877479623342 0.61864870578535258172 0.51659063864101173458 3.7997446739205340549 5.1334580861715286559 2.9459862889901473615 2.7426858303471091105 2.5023957272319661271 2.75394e-09 5.06798e-06
23950718.685831621289 1444 1.7950314732761709635 0.092305975477123658468 0.19722833756924562643 1.1961275830674922283 2.3823525004548939954 2.1747265447672434746 2.0965720241212606467 2.0167333652151078205 1.28603e-08 8.47099e-06
23950718.685831621289 3487 1.7847314767104416333 0.35991091868711871937 0.048717831776879043371 4.4169275822870606163 1.794900669197920573 3.2935294113917019665 3.3625772730026901591 3.4414662929311039541 7.96126e-09 7.21956e-06
23950718.685831621289 5130 2.1450440079548775962 0.39632345386870043713 0.19024819927058145286 1.9410607251567708609 1.1734597093514513855 5.8950522133470730779 6.0261516093746552158 6.1269021123590610145 1.98119e-09 4.54108e-06
23950718.685831621289 5424 3.0524464061467035947 0.10265669249724745926 0.25440982019940661107 1.1943828570527479371 4.6160592332103078661 3.2342807982012322654 3.2443218615758002699 3.254849163189438066 1.80053e-09 4.39863e-06
23950718.685831621289 172 1.7625732707882628691 0.28984154985976190444 0.18999355618194144202 6.0626438855807824879 1.274639372846793739 3.7484631213191819121 3.9401920027690566783 4.1478285603019262595 2.7327e-09 5.05492e-06
23950718.685831621289 5929 3.218452742749464246 0.1286096891143567178 0.21430930211431223342 3.9725264797042529885 5.1888528224924508336 3.4970179760246606904 3.5448461748534589866 3.5953142846052661419 3.18574e-09 5.32011e-06
23950718.685831621289 1642 1.6449230655453981331 0.12472975124644533618 0.088579471405364165748 1.4243920626692871956 0.85949526018374611258 2.1454149039733629856 2.0367108025288156448 1.9252758557507987369 6.44407e-08 1.44956e-05
23950718.685831621289 6775 1.9034125627039792938 0.27954521221430056466 0.1506038783375280854 1.9207330162728584178 2.0511208591864504847 2.2093742241426750361 1.9603670649215620969 1.7017675674395176255 6.39874e-09 6.71246e-06
23950718.685831621289 6061 1.9162220989944547256 0.12320746714225633278 0.13460812505654942695 0.036695665853596029504 4.2014659550741786376 2.6562708551467375528 2.5952561312994752996 2.5312423951317066795 4.03777e-09 5.75746e-06
23950718.685831621289 6759 1.1141951987578819772 0.3659467139073555586 0.54191201993354409794 2.011059575235504493 4.1154002890497576317 1.450290597184101804 1.086399103913064268 0.76255243398422134504 4.8924e-09 6.13796e-06
23950718.685831621289 1810 2.0386062626349192861 0.60750797496384023599 0.45218873039460188989 4.4370067842327980401 1.7821042282990091632 2.8860161922530775946 2.6327985582093429429 2.3368665727382165187 7.36354e-09 7.03416e-06
23950718.685831621289 5072 3.1086233192929717539 0.081196891393220158029 0.25680305469936087759 5.3489290011426691152 2.9425339023799268467 4.3005627280240528165 4.3762909682705330994 4.4529447919211548879 2.73643e-09 5.05722e-06
23950718.685831621289 4722 1.0049098925213206801 0.22357342397647472776 0.23417040285224072216 0.11916098836884057854 1.6877891648911245159 5.7099275243579317163 5.8219571098023399358 5.921458082331010786 1.70563e-09 4.31995e-06
23950718.685831621289 3337 1.5417809257978185578 0.49880844143481745112 0.28021461930161761789 1.9862897050914147812 0.7521290881438381648 3.5470588036363772666 3.8246724639690738989 4.1395127776174751588 1.23471e-09 3.87886e-06
23950718.685831621289 6756 3.1998304093698637374 0.047589474840559531366 0.28922768905792006766 0.86368636051996761083 4.8133753309477995685 1.8929195571365167172 1.8474170713381643516 1.8016367662751544554 2.22448e-09 4.71983e-06
23950718.685831621289 5182 1.8771185686693343531 0.12169390436405168321 0.12708696038987130073 4.9513964453893741791 5.0781738435139542887 1.671093413141950812 1.5489636908751343025 1.4272987889101016457 9.37786e-09 7.62462e-06
23950718.685831621289 5372 1.8875959002732312086 0.13950163089773479075 0.17383730644153555511 1.9994964780585549047 1.9923265293899807826 5.937152464620626624 5.9817508390145963659 6.0231675203310102162 1.39548e-08 8.70479e-06
23950718.685831621289 5855 2.0195946465828944483 0.039561034303285391722 0.084753719530938506632 2.5350660172106476153 4.6731880474495763877 4.4638407795966266178 4.5023840151775500473 4.5410758887966355957 1.88487e-08 9.62226e-06
23950718.685831621289 6156 2.0327005360190768535 0.18320239049451336744 0.079980640839703728839 3.5342618776796945745 4.2932982954621357052 5.9365135572581344547 5.9942568012739467775 6.0464557989029721341 2.69058e-09 5.02881e-06
23950718.685831621289 1410 2.0795365812619395207 0.15333864009932632322 0.15720957979987229547 0.5129382505045138041 1.7969395181523670768 1.3218132366525232602 1.1753694857177012789 1.0338636467835424781 1.96181e-08 9.75145e-06
23950718.685831621289 6507 1.7720214101572047127 0.52838089474646965371 0.37995948627890069327 0.25921473045085313691 1.701647388443609854 6.2481961921417559225 6.2637476692196516481 6.2740174990339605543 1.72019e-09 4.33221e-06
23950718.685831621289 6653 2.0322968439482713698 0.38487325479122369565 0.32632088918353147067 5.5093519433010609276 2.7690353636484679178 3.4632631044294237554 3.6191610983713120575 3.7960569422395256112 2.19009e-09 4.69538e-06
23950718.685831621289 6914 1.8954875334249272623 0.19170210182308616842 0.14943216626410343872 4.7706600531092799855 1.5777367298920477179 1.1101106804332403488 0.94431481683403972749 0.7890178255158747378 4.41745e-09 5.93254e-06
23950718.685831621289 6633 1.1662272725108047133 0.19120772241472377972 0.21885113314588255928 5.1486556256374500506 0.12792106391638000118 2.1882936766892258085 2.0220176013569846063 1.849946862036587758 3.02269e-09 5.22775e-06
23950718.685831621289 6942 2.8186426139622233755 0.18071021429392394864 0.18427068937270685289 3.8938610277117997605 2.6082734992868576995 5.304076436997310573 5.4477499614040203468 5.5817626027045355031 1.34834e-09 3.99439e-06
23950718.685831621289 6832 1.7049054413693274235 0.17944749964553963206 0.13076217974187542836 3.4112992757301392466 1.9463432871958015191 4.2417853595070500461 4.4095368625870374757 4.5808176609801778412 7.86044e-09 7.18895e-06
23950718.685831621289 4502 1.2146464121068569764 0.15883276030148299474 0.024448910817696279524 3.1570837633156974 2.4042290771145053974 4.1536846034724099752 4.2949868824790371491 4.4401830846704575251 4.58456e-09 6.00643e-06
23950718.685831621289 5426 1.8108957918061336922 0.20680465406164375008 0.16098439993121713143 1.2438509435411371218 3.5556516726567468645 1.8814437961191530224 1.6765356512328295491 1.4708860416028561868 2.09851e-09 4.629e-06
23950718.685831621289 196 0.83348376904020904377 0.11010722963997281176 0.052418215671769602393 1.8303376424381287979 4.5611309664431693989 4.8486656092886670777 4.957163328799583546 5.0639884858261927647 5.83048e-09 6.50756e-06
23950718.685831621289 6690 2.8640091562218921162 0.16105722507845610103 0.11627168752355918069 5.4816797760362918623 1.7480094498100644529 5.7381020182459678836 5.8166683682164856961 5.8891083902047540732 2.63564e-09 4.99435e-06
23950718.685831621289 5386 1.7585024563978839396 0.4998721713734667893 0.0813011395906608203 2.3824903616879335999 5.3268086653039494749 0.43173622356054958127 0.25191086582199578858 0.12731524370589469841 2.3788e-09 4.82654e-06
23950718.685831621289 5291 2.2516962227483405812 0.27431527595621113536 0.31490758266889062877 4.8229891399722593093 1.2920842786066586427 1.7460645360035587093 1.4656388667957096494 1.1928388953984871979 2.6037e-09 4.97409e-06
23950718.685831621289 6457 1.9288602793534945778 0.37077305403638327608 0.31814200050871049852 2.9272129720525721375 4.2920464519032801576 3.5065006725584186853 3.6733501094430605072 3.8613501805152683488 1.33039e-08 8.56728e-06
23950718.685831621289 5100 1.4039944306377043493 0.14698610425555583281 0.076385826664658082463 2.1406203133110519587 3.9706850999677918423 4.6339510444458875682 4.7818730914023905854 4.928504510875993283 3.86655e-09 5.6749e-06
23950718.685831621289 6055 3.2432717724106199242 0.049725630478149117353 0.092071202732235402078 3.973301319866950454 0.041539765031397286876 2.8118204440189997761 2.7953199321123132215 2.778443345019664612 3.0525e-09 5.24488e-06
23950718.685831621289 5142 1.6130417008748472174 0.20250211982012922274 0.10230099244851445506 0.80010877274032132789 1.9743387660539832851 4.9270912194492915148 5.1221292939763127805 5.3078691601533929401 1.02472e-08 7.8533e-06
23950718.685831621289 5984 1.6872886671087194976 0.50929237986560893514 0.29270529648613274887 0.6905917029699406573 1.7371557316201124976 3.1427744299755682178 3.1436652297166447489 3.1447207761890454414 1.83318e-09 4.42505e-06
23950718.685831621289 6291 1.7300649641618102148 0.24560803014490650842 0.066629285984041761171 0.028797818812251296805 2.355199678981537037 4.512766889495639866 4.7621406904126919457 5.0074448147440779877 4.97801e-09 6.17355e-06
23950718.685831621289 6390 3.2302327235119521198 0.1013509422191425785 0.28613683923817623267 2.6581132175121395811 3.7783371372874494654 2.0685981987079409272 1.9771619119171053303 1.8840646383193946356 2.74624e-09 5.06325e-06
23950718.685831621289 5954 1.9433731465684582762 0.43087534210793937417 0.25462617340667187404 0.29255006103722025479 1.6628180326916273124 4.1014741668235421557 4.5216305135737586696 4.9446900826679147656 1.68237e-09 4.30022e-06
23950718.685831621289 6542 2.2613224524954307348 0.46335870440706716789 0.14451792122983983524 0.042560016791210616982 3.9208249948357254411 4.579670858661323507 5.0727937571797703242 5.506383589887652974 2.35942e-09 4.8134e-06
23950718.685831621289 6732 1.7295579879231124387 0.075718293841873132721 0.13927445651399011917 4.1602613223488180694 4.3362928170433141517 4.9423317567152444951 5.0154978860773837823 5.0877644198522160579 3.70815e-09 5.59632e-06
23950718.685831621289 6286 1.352915922943401128 0.31588095301032148576 0.1442437482461330911 2.2560121376073012378 4.8715531730695804669 1.467684715049152322 1.1531372794230996259 0.86440914184702999368 2.66284e-09 5.01147e-06
23950718.685831621289 5405 3.1985922355427467423 0.055232374116317296819 0.17003745135845155234 1.6833312112593485921 5.0582998653510919951 1.6880377761713578622 1.6329785416289461786 1.5778529146277906481 2.93677e-09 5.17774e-06
23950718.685831621289 5098 3.1758397196732408574 0.08342454719269493113 0.1038661242632242937 1.1371912848688265907 5.2345238344625242277 1.8673753998853135361 1.7865097637508582373 1.705018669232833961 1.90652e-09 4.4833e-06
23950718.685831621289 5298 1.4103933643742991855 0.10028649840215485278 0.060501135454043272754 1.4989955376978487678 3.8648687479397043631 0.81955632581181159235 0.7485448091604365306 0.68029249682506010011 2.48769e-09 4.89909e-06
23950718.685831621289 5368 1.8021981407810865328 0.47722545744253780375 0.40569128025404360693 0.83132540991416603582 2.6496061193458992911 2.4131223521328841741 2.0017296802786388454 1.5681339561184526321 2.65835e-09 5.00865e-06
23950718.685831621289 5796 1.6634380377095829839 0.19890492705534787432 0.19255139873101947967 2.3136206197846993504 4.1283967751798495982 1.531575213231020971 1.3322676408550913063 1.1389943769089476699 7.64873e-09 7.12382e-06
23950718.685831621289 5895 2.0013042837955490327 0.31347799782325397322 0.051944337725168474029 4.9068052825494641311 4.7721556411851748791 2.0979328910921775098 1.7978183617019314333 1.4923839002947172361 5.57854e-09 6.41245e-06
23950718.685831621289 6261 2.2287668256647839016 0.62373262815723906627 0.14183806624372752303 2.4357880747934168575 3.8086923660503182454 3.5478075234338377619 3.9501125634192386649 4.4012370801025326728 2.48402e-09 4.89668e-06
23950718.685831621289 5564 1.8144886364683647795 0.1345644332859759762 0.10922725406691058403 5.2267850520927847668 4.3852348556312890082 4.3337976062155423307 4.4624447991972573391 4.5928278082326441378 5.64605e-09 6.43821e-06
23950718.685831621289 5131 3.5200273320065038618 0.12158330980798327803 0.24568247375571963809 1.9712435338859912726 5.2043334267124254922 1.5571116392157828834 1.4353395790274752208 1.3148700022441000002 2.25296e-09 4.73989e-06
23950718.685831621289 6295 3.2617038661234571961 0.013404162489364105509 0.23490163765087646031 3.3329954881486987261 2.3819923411978045635 2.9436281378273267961 2.9409743311229821217 2.9383032127562080937 2.30061e-09 4.77307e-06
23950718.685831621289 6725 1.4808460723327163677 0.046627403828838696886 0.21653443282290987804 4.0164671584133166959 5.8116788052071015613 3.8052241507790354191 3.8344972633431462228 3.8642816674925852816 4.94994e-09 6.16193e-06
23950718.685831621289 5278 3.1477893146646040989 0.089061082973019345399 0.31323143593302266163 5.1407549241786778538 1.5903070921270192617 1.9877803248505783174 1.9047345391605257081 1.8205932919187097774 3.13887e-09 5.29389e-06
23950718.685831621289 5669 1.7166186888276797617 0.25708643080975351891 0.12747706310442227795 5.421643479227427953 0.81167912257242014196 2.6093972491270829295 2.4601471045357814482 2.2982041491071711903 5.45549e-09 6.36495e-06
23950718.685831621289 5748 1.7544367647681833322 0.11344422054334186989 0.29957429880845731773 2.5267246314558322595 1.1553469822551492019 4.4896659907491640595 4.6019612302745631638 4.7147144676685606157 2.75123e-09 5.06632e-06
23950718.685831621289 5053 2.9814366520385191528 0.073880098023709955823 0.25145993520168219426 0.55203175453452557608 1.4954584806082107384 3.0620861991638683719 3.0559854738074516689 3.0496685292909115894 1.90259e-09 4.48021e-06
23950718.685831621289 5116 2.6956026133283810253 0.091512703205745449253 0.094961625817893940971 3.4160914386167973156 6.2244184487503471104 1.586111888660189706 1.4944174038502684443 1.403171501555415146 2.56354e-09 4.94838e-06
23950718.685831621289 6595 3.0455235827162630002 0.086627986511314258866 0.25493121686223568778 5.2164516499261681659 1.2062900818169650652 2.4657012229016794791 2.409517484415958144 2.3516140768448163811 2.5233e-09 4.92235e-06
23950718.685831621289 5290 3.1894972282309437261 0.041117640470028048172 0.10939808190486777217 3.3914581613196128629 4.9370014698862538793 1.1645801190293985083 1.1271015612152381902 1.0899652701291167034 2.68653e-09 5.02629e-06
23950718.685831621289 5762 1.9612586029151592992 0.20607439906761651494 0.076152341661373509907 2.7807998752887685967 3.608802989370011538 2.8399813185578901553 2.7712940925531905911 2.6967170508666433726 4.50081e-09 5.96963e-06
23950718.685831621289 6628 3.3234069907741066174 0.046482210945667928881 0.18164869449170970017 1.8279413245515956365 3.3420841302485384539 1.4201738918894368791 1.3743610057587976048 1.3287727155048352223 2.5094e-09 4.9133e-06
23950718.685831621289 6808 1.8524599096314824376 0.20963099581746522104 0.18211747901198913069 5.5854209875912026462 0.18753862037648563743 5.5325058275151155485 5.6665069527225897517 5.7877425413921717023 2.07842e-09 4.61418e-06
23950718.685831621289 5481 2.3174823341527064358 0.37593500117386274839 0.6286027735978032549 2.6530803770498474492 5.7193490892914500279 5.2253657231774948144 5.5332143681857361983 5.7894582423900278201 2.0621e-09 4.60207e-06
23950718.685831621289 4662 1.6897301863670781685 0.2300802042635882172 0.10493591291493506445 2.4739063658779625321 4.2425624590222117405 1.228497086669831484 1.0178742929441133569 0.82207751740138124141 5.28399e-09 6.29754e-06
23950718.685831621289 3089 1.8019670750501035617 0.45607574874899514672 0.088852508418319348094 5.2562748737585174297 2.9506017899701042495 3.540144002221472963 3.7798634727208098028 4.05159686114741735 1.46985e-09 4.11094e-06
23950718.685831621289 5878 3.2412827382982065672 0.041974579751892511503 0.069811877904758082303 4.497853609699523858 4.9217165561528997131 1.2226680667222145082 1.1834797737471178802 1.1446144213665252476 1.44428e-09 4.08696e-06
23950718.685831621289 5489 3.209800419332498933 0.0216557983888019355 0.3163663354618643786 4.6862975483545286082 6.2634929827343217568 1.9614492688471467652 1.9413404092548496305 1.9211543799625645512 1.80848e-09 4.40509e-06
23950718.685831621289 1298 1.8592099146336893423 0.43895582885941097917 0.25359260025513313819 5.6703917163925883216 2.785625390430036763 5.6003196684997593735 5.8464873109685058239 6.0321435273532788557 2.27299e-09 4.75389e-06
23950718.685831621289 2498 1.9692803752085910052 0.39649419518910239413 0.065072962194539701875 1.9214093287836122581 3.3705967031218899699 3.6154510394835916998 3.845615076013671807 4.1022614014258769188 5.39185e-09 6.3401e-06
23950718.685831621289 5358 1.8652958586949945907 0.32369887060469293427 0.081167760106530179032 5.7824046677843110587 2.9225899361745377725 5.3334900886557985444 5.5789039846068106954 5.7884945716263089821 6.59336e-09 6.77983e-06
23950718.685831621289 5535 2.290366887939762286 0.28060754879821953045 0.42665279444793557939 1.2642403179686283465 4.2479104539673802066 2.2815592937311013344 2.0433091699519931872 1.7934485079741566693 2.07392e-09 4.61085e-06
23950718.685831621289 5450 2.2376544820474215669 0.48845523368843107859 0.18413740154287616679 3.8639898002058727933 1.9303066689804602163 4.2697087495664822754 4.7884551058325044437 5.2754979062215907604 1.88249e-09 4.46438e-06
23950718.685831621289 5569 1.9866654654969164717 0.15729156690691198373 0.23072205251955985039 1.7753455239541413579 2.7271944083826307192 4.343099446652815665 4.4947547905508136168 4.6483360078867077547 2.77052e-09 5.07813e-06
23950718.685831621289 6450 2.735093431169649314 0.23661933237823365439 0.14697191087453728708 0.1302140928480161608 0.95393626403749454123 4.949476865608610332 5.175427234206145144 5.3871304412940448358 1.74846e-09 4.35581e-06
23950718.685831621289 6407 1.9365046407781749682 0.41224401922727804681 0.1539060107447843273 5.9362477493584240307 6.1490549145726891567 3.1949712175269193715 3.2243065844420093491 3.2583660398915208489 5.15346e-09 6.24525e-06
23950718.685831621289 5576 1.7089493998383249451 0.26221285727065174465 0.045262097227037847991 0.90635783441375006309 4.6037013128546213636 1.0522324896231505242 0.83566683721965051568 0.64117204639281033529 5.46785e-09 6.36975e-06
23950718.685831621289 5647 1.860231518484662061 0.16705764479317480875 0.068238635240862224873 1.1121003080445772682 2.2086124353153686606 4.3682030138354317472 4.5308428085000063135 4.6951549789095166076 2.57441e-09 4.95537e-06
23950718.685831621289 5992 1.9384859194273393879 0.33385289196102657661 0.13783969050149799673 0.18794117181418965035 0.39346093249401331571 0.69628163676510879121 0.50212750608990119883 0.34144694212003567912 8.41385e-09 7.35386e-06
23950718.685831621289 6761 1.7852247294461012217 0.37039221206405847919 0.12230325149790322037 1.4802070272844114474 1.5436437531088420538 2.6655655460187079875 2.4541457976289970944 2.2191074903924667971 4.88068e-09 6.13306e-06
23950718.685831621289 6421 1.3690318231451643616 0.43101519609601768313 0.1329182383173532489 6.2476814626661809626 0.98628483688700419041 1.6155137659269473982 1.1659231890059076342 0.76975454748217253531 7.66894e-08 1.53613e-05
23950718.685831621289 5394 1.9445554321693672151 0.31626378557500489652 0.23812722638012462362 6.1107367641752361465 2.8149480178545798204 3.7624193553654650124 3.9791040231654162262 4.2140816107149818848 4.23442e-09 5.84945e-06
23950718.685831621289 4243 2.0834285840342463558 0.27901854396758257737 0.22402514503877263286 0.85369353952844817535 5.4722339226443246218 4.590758592713521935 4.8763356074749921731 5.1516127435185481431 7.70334e-09 7.14074e-06
23950718.685831621289 6189 1.5792611481515526073 0.21093292760443907441 0.14478419050879184904 3.159884949380610486 5.6717989055776936169 1.4014973122765883584 1.1956568875349109504 0.9993929655237648868 2.99935e-09 5.21426e-06
23950718.685831621289 6576 1.1916319380559849961 0.2515883622438327416 0.18569223883847690848 4.799889567206689911 0.17282380238148861706 4.7753959776104100143 5.0272122512160768437 5.2664353266491312766 9.90665e-09 7.76531e-06
23950718.685831621289 5046 2.1565175096805950794 0.24909623277906098315 0.41971249823382733579 5.9109184568134445215 1.9511288050002844052 2.384461634985388212 2.1936076466554657038 1.9912812824204033646 3.3008e-09 5.3834e-06
23950718.685831621289 5351 2.9587317270888466858 0.11132850104116649714 0.094601223853872193348 2.8360453535072625009 2.1456541324085112166 1.5736053235089015878 1.4620285369949808096 1.3513579191192055529 2.44807e-09 4.87295e-06
23950718.685831621289 5321 2.2414399861056271135 0.39490874575602397112 0.36649809275492223337 5.2171099071162281291 1.9293915002338166698 2.8923991901303232055 2.765755272221794403 2.6208033890592563608 3.33881e-09 5.40398e-06
23950718.685831621289 6337 1.9332391100063963663 0.22694853452372520941 0.11143580371969179221 1.4212762064691328856 5.453510148329332452 2.7761521759346696747 2.6841568966177944411 2.5839253138335394056 2.57504e-09 4.95577e-06
23950718.685831621289 6131 1.972936539568614922 0.37812071798865676264 0.11371632851890728366 5.6698384556139957979 3.9713487425682654219 2.3783361542358845142 2.0645883690328843407 1.7316372389329233172 1.45631e-08 8.82947e-06
23950718.685831621289 1239 1.7170424362368450488 0.34478815210494229149 0.11868463049959951383 1.4730609362379198934 3.479687844685388054 3.028123679252925804 2.9792159128928590306 2.9234760336002278969 1.31823e-08 8.5411e-06
23950718.685831621289 5775 3.0341669268183490971 0.092416375215871787718 0.044121916201306538019 4.741811889397995472 0.64779824411502473502 5.6032170813756652095 5.6594113949532465213 5.7133920327390095295 3.02463e-09 5.22886e-06
23950718.685831621289 6935 3.4950408307365035121 0.059543589972036868596 0.41400247384041360954 1.7542167661638021769 5.4628528469460615469 1.4884929491174634375 1.4292606922626247545 1.3703125059462051283 2.603e-09 4.97365e-06
23950718.685831621289 5807 1.864371381235434777 0.27456941709906085292 0.13832007699804721446 0.15981289123501882243 2.0018195237554170518 4.6539720271463780321 4.9339038018925114315 5.2017643214430986376 4.88354e-09 6.13426e-06
23950718.685831621289 5927 3.5037757226378647424 0.081954919637483733541 0.17577719901047808571 0.88005939947114308897 4.1017158177202786007 4.8971262613170676303 4.9771757600159407531 5.0562744132930044216 2.21586e-09 4.71373e-06
23950718.685831621289 6445 1.4682575134554831653 0.050685852406881122534 0.228137245949992018 5.6749462974888542632 0.06909859395881530475 0.63887707761102396908 0.60923951350396843285 0.58023484044167139562 2.3322e-09 4.79482e-06
23950718.685831621289 6807 1.8357895157449095613 0.35237448422730766051 0.08793356394366724782 1.9323475729551025104 1.7625943329920885638 3.6850518423826250647 3.9071268129714917805 4.1512949273991246457 2.57067e-09 4.95297e-06
23950718.685831621289 4541 2.0893930237905449232 0.16162868160046875432 0.1134395066980872363 1.2947881795532447669 4.5949088274745335525 2.0380608111603746302 1.8875626701234067273 1.7339753946595950485 1.52721e-08 8.9705e-06
23950718.685831621289 6123 1.8478339590722812069 0.37380301290979550677 0.16660990011571125136 1.6180135189367628179 4.4679188184318974209 5.6048556620117455651 5.8155245805399040648 5.9840347642692943708 1.87233e-08 9.60087e-06
23950718.685831621289 5407 1.0546075774000898129 0.12080198180025390753 0.085978349428051062397 0.99202799989927747948 3.1304828452905217873 6.0462308906769761663 6.0731070575694321434 6.0982986715602525152 5.11323e-09 6.22896e-06
23950718.685831621289 4750 1.9618135755705894407 0.27436849643043309532 0.23964646925386262621 5.9013397798323268262 1.7461966948663460997 3.3131063412317698358 3.3684674460431973664 3.4301821137727293021 3.28876e-09 5.37685e-06
23950718.685831621289 1127 1.2643307946387842833 0.23521032248983211876 0.17683720426622062671 0.42554293454493447024 1.9309114365195212404 4.9078692254239628667 5.1355943374173795846 5.3500537546742190642 1.29908e-08 8.49954e-06
23950718.685831621289 6005 3.0443682204620299281 0.19967288619162440466 0.42046533338958386183 0.080081636858231844411 1.7704696391250567267 6.2396021849796703407 6.2475858344623818041 6.2546925826144983418 3.36675e-09 5.41902e-06
23950718.685831621289 5209 1.9516026074333099327 0.29103410269918522646 0.23273610926159601919 1.6693762858386189674 2.4248203259829170797 6.0688175484115047809 6.1240549409101339151 6.1701720943280653486 4.75685e-09 6.08074e-06
23950718.685831621289 6996 1.3383180215173551275 0.058306154550752761767 0.15193659991079344618 5.6938526071936212958 3.9645822146185358825 2.922828188493284518 2.9097924884606745088 2.8963978206198564003 9.30536e-09 7.60492e-06
23950718.685831621289 5406 2.1552893129205519251 0.019750403077996116219 0.12458796406422070757 2.014982360873353251 2.8035382167217357541 2.7902233498780963927 2.7833613153202994006 2.7764364606281692893 4.61584e-09 6.02005e-06
23950718.685831621289 5938 1.6076104932933772407 0.10229078037425221037 0.24135112935594957295 3.4712708294155927291 0.16806075107429305215 0.30337591377127098857 0.27416837444433911353 0.24647350717842955725 1.88863e-09 4.46923e-06
23950718.685831621289 6827 3.1069364706524749131 0.12476827648570382179 0.17495782863341596824 4.9222370685870178164 5.8415345646554426295 0.90634240512053831917 0.81147065862209344367 0.72097617683612580386 3.04652e-09 5.24145e-06
23950718.685831621289 5420 3.4648544654742838844 0.099637637804147041742 0.28687974179209085879 2.9825309324895230567 4.8602905882224574086 4.62064555272588251 4.7204858329278938101 4.8201202046768845122 2.55489e-09 4.94281e-06
23950718.685831621289 6167 2.0856014863585934371 0.084091228282906937963 0.27802569516998504318 1.3733627144453464108 3.4408064319654352303 0.41144848243614262628 0.37901272928004953178 0.34789868508830990024 5.7681e-09 6.48427e-06
23950718.685831621289 6036 1.7989538228111401352 0.37728680073678466655 0.33117622167230331698 1.5395171430357519338 3.8329493821061721981 4.4336543823640219841 4.8266164998983978052 5.2014445706553642523 2.34807e-09 4.80567e-06
23950718.685831621289 5989 2.6463092025396188767 0.29385172954265736944 0.031877630039934400086 2.6149497443546652065 4.8326165193564456501 4.103551089954118325 4.3715971851096186995 4.6485495946982569038 1.60714e-09 4.23514e-06
23950718.685831621289 5195 2.7721611951567268761 0.043415299051777919703 0.099194063264688964177 0.045051213970096558314 3.130831353936705419 2.5160283481316043641 2.490139969778888851 2.463815440760773523 2.26107e-09 4.74557e-06
23950718.685831621289 5651 2.7530569503345883042 0.1594493793909709245 0.12063877646488942175 2.3334674762212919141 4.4816981898743328827 2.1134528824029810146 1.9703353880725622549 1.8234441789565190017 3.34796e-09 5.40892e-06
23950718.685831621289 6056 1.8967364426970159119 0.13922425236684465855 0.26160524586816108483 1.0110239942004961566 3.5163496686572059957 3.5193236560821095082 3.5744968972315023237 3.6329027100062720734 3.00235e-09 5.216e-06
23950718.685831621289 6170 2.1427982234001818895 0.20587942242161857975 0.15382608721820956177 1.2463215186734004636 0.96548402063573879328 3.153021329878280099 3.1556758811878022897 3.15857523210772273 6.44558e-10 3.12323e-06
23950718.685831621289 6886 2.773986154160435369 0.20131457405102251568 0.50308773869006007118 4.4669735091486924006 1.6579790658777362466 0.1752049350402710981 0.14298090072866506683 0.11429473634010046956 2.88448e-09 5.14682e-06
23950718.685831621289 6185 1.8241294834066492658 0.30626195271473055648 0.10976124244642104788 1.6897280319305740814 3.8239860487850858561 3.1108797736423938751 3.0994513674269956738 3.0865489145134539228 4.56223e-09 5.99666e-06
23950718.685831621289 6037 3.0170925245210602483 0.1311992209115409036 0.29904274636417077504 0.34862697078543164464 5.5979269032416869578 4.6123701939585544096 4.7441575502707529211 4.8752905708660589923 1.83549e-09 4.42691e-06
23950718.685831621289 5776 2.0771295567932694937 0.26107942975542675068 0.18150600320558471501 0.061953659089754163636 1.0331495780338211254 2.0934222633595651608 1.8480895459406236903 1.5969833632173224824 1.75506e-09 4.36128e-06
23950718.685831621289 5846 2.7947370538969265041 0.11145906220449944279 0.11903971344332264781 6.2742587640188460796 5.0562175823883048764 0.073930375879513898774 0.066108083504123088536 0.058745104293518750349 2.37403e-09 4.82332e-06
23950718.685831621289 6333 1.6412941448439066772 0.18038167142442743107 0.12240487920932235921 5.3558190781454459994 4.2871008307399680604 0.47434797858815447302 0.39753086810028748221 0.32769737813932797721 1.94245e-09 4.51128e-06
23950718.685831621289 5488 2.0065281867456956633 0.41781365818517668398 0.63346002239126808497 1.9080269126141684577 0.35845976879694341211 3.3440295646363189519 3.4559743223859360484 3.5851742152621111082 3.37985e-09 5.42604e-06
23950718.685831621289 6244 3.2129405559122381497 0.050403502961137630622 0.33589396989128411652 4.3019991463148912203 1.53753446999931076 6.0855637973202263424 6.0952271751733642091 6.1046452400480983869 3.08558e-09 5.26376e-06
23950718.685831621289 6192 3.1959301280981176063 0.14011879397267956726 0.33780284079314953916 0.73746016894494359484 2.3926939410769496597 1.8868404608516873289 1.7502198044647425679 1.6123503733866035859 2.79503e-09 5.09306e-06
23950718.685831621289 5914 3.2080588550707531681 0.048386713234631721636 0.11155522052621311135 3.4183257054752598236 5.8152690712872612266 1.8012513325579382339 1.7538630223216995496 1.7062848492206408313 2.63408e-09 4.99337e-06
23950718.685831621289 6739 3.1873295687499596518 0.082836256243188119419 0.2132570862123029376 4.1402948070898473176 2.7657872065311805976 2.7639132070547827169 2.7320888205805147209 2.699107214440247926 1.84353e-09 4.43337e-06
23950718.685831621289 6164 1.964281059028576415 0.21589417174487190998 0.22180951485130290246 5.924012269528277308 3.2035377487689551401 2.0077163313775634457 1.8009163566795567402 1.5907133660414278786 5.09634e-09 6.22209e-06
23950718.685831621289 5361 1.6851941748536576338 0.3872843670794312021 0.13314356006534944221 0.98396333512561129364 4.7055725762705797877 5.4634325351056549636 5.7209787952872286354 5.9274224241580784067 3.09083e-09 5.26674e-06
23950718.685831621289 5650 1.9991557261213368513 0.17179911091938346313 0.23000252111715738246 4.7891117758922163716 2.3198282415252271527 0.36675697599884576894 0.30934531941508852659 0.25704364044972904946 1.14639e-08 8.15256e-06
23950718.685831621289 6814 1.8137887971801791576 0.17060505455664987107 0.14856529841329649266 0.61096442379331084016 3.8418011660785569283 1.9889215700189353253 1.8265419438724945778 1.6614858275461772408 1.89305e-09 4.47271e-06
23950718.685831621289 3069 2.1261646893349954723 0.40728326944472592608 0.40350392936573148406 5.9421087240958803122 0.48588167487288169699 1.8697291580346573348 1.4422887075717250038 1.0383637929477422812 4.38223e-09 5.91673e-06
23950718.685831621289 3400 1.2007860441348074954 0.28016131029837265665 0.29722157858996356428 5.1854452309247491826 2.727472384245892556 3.5451052891085410579 3.6741700393609417752 3.8164234705081514498 2.20416e-09 4.70541e-06
23950718.685831621289 5798 1.5333270207465810042 0.23945801939655739221 0.18518450517358822638 0.89177256925239867247 1.929212490713274164 3.1256633248583836071 3.121257567869952787 3.1163885041078045468 2.01067e-09 4.56349e-06
23950718.685831621289 5551 1.5370672469848458697 0.28197508718991720622 0.13515112052306865742 0.95888895842972377004 4.441131313887874299 1.2031822493224535453 0.94917958183716644172 0.71995131622974761765 2.00606e-08 9.82423e-06
23950718.685831621289 2928 1.7936003377950164861 0.26870563061282071171 0.03502228099911462722 5.5072039196190054611 4.0503365697215016894 4.0966977578014347472 4.3381720697545302912 4.5882817016761263673 9.69793e-09 7.71039e-06
23950718.685831621289 5185 3.5377598930091735951 0.0096304656280938108481 0.23243950842384294986 2.7145692323849504035 2.7237498225637963856 0.32998912260606549918 0.32688261840624799337 0.32379035020512847431 2.64564e-09 5.00066e-06
23950718.685831621289 6221 2.0085437526284124488 0.3887067350331082638 0.26336126800022702232 2.2293982667302714162 6.276463454755839777 1.0053086587232735738 0.69949754200257086012 0.44923520016517887177 2.14299e-09 4.66148e-06
23950718.685831621289 519 1.8655244207665733214 0.23449911497405762084 0.13289232864597436135 0.29327274097758948557 3.7143890478731491633 3.6246449174808925697 3.747950464882273458 3.8815864345973665195 3.92741e-08 1.229e-05
23950718.685831621289 4406 1.7830300736692057395 0.10527036669966348403 0.29204554922140896212 5.6045740765664717742 5.9995882627713879032 6.2789727260167707001 6.2793951252976070165 6.2797941181788923259 4.822e-09 6.10838e-06
23950718.685831621289 5453 1.1564345358035528211 0.24566430088300231227 0.24991439212061278274 5.1262969223307397471 3.0064893106746666263 2.7845623527806169228 2.6859086555977373934 2.5777975404852560004 3.03837e-09 5.23677e-06
23950718.685831621289 5134 3.5267543059397405969 0.072694216834462296872 0.34860797616752725592 5.7358426525022254694 1.8469563573585361382 3.1383903190015498552 3.1381484157524051071 3.1378980400752500834 2.31886e-09 4.78566e-06
23950718.685831621289 6863 3.1024877368791288212 0.085046790657742357689 0.088878654396297093743 6.0230075382421164321 4.8390697059313101391 0.63136620280787369985 0.58275784390077967068 0.53595415558493997299 2.72515e-09 5.05026e-06
23950718.685831621289 4313 1.6818566929752818417 0.38554649376198951716 0.10054514035559712626 0.90665725248336082043 0.9199214952787841959 3.6048441546949852032 3.8223719160634050951 4.0650344035808183563 1.98502e-09 4.544e-06
23950718.685831621289 5577 1.9728326837092984292 0.24878168144855999921 0.12808587225977299817 0.87915423534409298245 5.404492087514147336 2.2451175934620195562 2.0315845433208679083 1.8087502210459807106 6.01747e-09 6.5764e-06
23950718.685831621289 5417 1.956541006993893328 0.21369941467848097005 0.2180717219141702079 0.37024261480935377611 1.2299549437275389963 4.5595387394902537892 4.7759418357265710497 4.9892098333676173638 6.2485e-09 6.65951e-06
23950718.685831621289 5880 1.6266213788516401539 0.25589687481577655381 0.054275702377984645641 3.3340469392571727703 0.1316823104933186328 6.0219053679090022158 6.081603162703826726 6.132838755246466711 2.24295e-09 4.73286e-06
23950718.685831621289 5030 1.9102228151837514769 0.38852393365832765815 0.081046336103846247645 1.1296334867097295174 2.8886565565812345469 2.4501425270314114435 2.1470330968156798868 1.8212483723173800154 2.14686e-09 4.66428e-06
23950718.685831621289 6137 1.8803643272953767251 0.17335168681620549691 0.12094728616448516267 3.3607763302580195841 4.5763056439705511735 6.2435481549120090961 6.249914331519282662 6.2556808472529903398 2.35406e-09 4.80975e-06
23950718.685831621289 3887 1.8316352063112173454 0.47175622812839507203 0.13960869707933415418 2.5187168054818318552 2.7849086094918318324 1.3288679406527783566 0.87746912533256160582 0.51463015298919057017 3.51292e-08 1.18415e-05
23950718.685831621289 5625 3.0323383332141249369 0.22194233836314442021 0.050548653816796011717 2.7334660726348567472 0.94363060917352081791 1.7778559255221617619 1.5536542338536649677 1.3317445037199311386 2.295e-09 4.76918e-06
23950718.685831621289 5607 1.7413935117775631856 0.23590760259914547725 0.062333199890827736822 3.3534114399807211093 4.7646322681927264497 2.9761759640023708329 2.9315101672549355172 2.8823138605578058069 1.18158e-08 8.23514e-06
23950718.685831621289 5029 1.8660942259750616934 0.34007049989153326219 0.1078310262443688966 5.3007193199970723541 3.6964464692839098525 3.3484261353256252747 3.4352569532202674729 3.5336943008904122543 1.87308e-09 4.45693e-06
23950718.685831621289 6282 2.8070958141131168162 0.049960883249158399844 0.061427601163610415225 5.7043927665223046475 0.078710066572113948635 0.49224814419407186827 0.46913173104708522088 0.44654381651435215428 2.68214e-09 5.02355e-06
23950718.685831621289 6604 1.5851280600073347493 0.11843397443483344444 0.1810733112476240747 2.3208191762223888688 3.7378811800479154748 3.4460449234902292837 3.4838101291304055529 3.5235538239846646569 1.33847e-08 8.58458e-06
23950718.685831621289 5362 1.146285249926926042 0.21149741176177300206 0.20767796711660510556 0.7562616019807582024 5.0015275764542188597 0.98884214904954426117 0.82045974714988534338 0.66575797688125004647 1.49782e-09 4.13686e-06
23950718.685831621289 6068 1.1723691917145757646 0.32498445944728365786 0.14068065083780803559 2.072067145407415989 5.18997173986286775 2.9301387065766899553 2.8463923520740905815 2.7518441380172578015 2.08722e-09 4.62068e-06
23950718.685831621289 5877 1.3086021689877407326 0.17198760342775590293 0.21503351186183061738 4.0489364626140318393 2.5516298237713668229 5.5069910478723285152 5.6211922359988681919 5.7269113207038691016 2.13222e-09 4.65366e-06
23950718.685831621289 5479 1.3103759629465590031 0.16386668652638061716 0.38285031201862002037 2.2976689018893270422 5.508080249910270787 5.8370548556691712605 5.9032860969557550135 5.9640522670289737306 2.12255e-09 4.64661e-06
23950718.685831621289 5257 3.1747739050293386498 0.11644735834444309985 0.18298165266578422794 1.3957301425031241049 1.2838172739449935644 4.6975755666944793987 4.8143757885214082393 4.9302180691252734945 2.20895e-09 4.70882e-06
23950718.685831621289 6565 1.4726182642173530901 0.13672162477492180721 0.23000574431175388468 0.046901406563483044598 3.4767958116703954197 1.8472041464708306435 1.7127303771473971761 1.5773835893475791625 1.41094e-08 8.73682e-06
23950718.685831621289 6327 3.0214387736758574476 0.18987123984216250361 0.15895515112177924233 1.5924754434801950964 0.018894659336480424533 3.4349406355604430452 3.4959233407368053292 3.5618015803937721486 2.25041e-09 4.7381e-06
23950718.685831621289 5595 1.510523796815903097 0.55587015794730265661 0.13420557762476714725 3.1374771585828868936 4.1728374422247087594 0.6091801631224598168 0.33281908409680754923 0.15121146177424707457 2.78921e-09 5.08953e-06
23950718.685831621289 5226 1.2147522740127438823 0.27758655262984321954 0.21796720660882940024 1.7181355022106481467 3.3862687108983529072 5.9219317321337126003 6.0102488973654049076 6.0850752142651991505 3.2729e-09 5.36819e-06
23950718.685831621289 6709 1.3420829170588888246 0.20478277392945179458 0.097740326975973429446 5.3187739585718647461 3.3623100025960166448 1.7751774209025523721 1.568895731772059321 1.3641133277069552587 4.47756e-09 5.95933e-06
23950718.685831621289 4581 1.6064417582161611975 0.23135718149004963484 0.28214616414525439669 5.9291660831347261507 2.4512014338263288238 5.2727300479565455404 5.4592036328902384668 5.6289865834113657073 2.62777e-09 4.98937e-06
23950718.685831621289 5923 3.0366270413148450658 0.049763179318910805149 0.15735217417774227666 1.8692428057391698992 4.7335799114306098545 5.8145462782438590565 5.8365472599726251346 5.8580417596881684261 2.22479e-09 4.72005e-06
23950718.685831621289 3796 1.1624354318888112658 0.06718112431738876289 0.090758308344797852807 1.3297003843145058788 0.90070787213302905272 1.9867708927136888963 1.9244219733260194971 1.8613977942653678888 1.48625e-08 8.88956e-06
23950718.685831621289 1253 1.5129563441051019357 0.28312528274246867577 0.043264941810037871317 5.1688500444497949005 4.094485624259062817 5.147299084602214414 5.3931396530084452223 5.6131564466943908442 1.21449e-08 8.31089e-06
23950718.685831621289 6842 3.1296246858523790735 0.098873265705463314612 0.12672734898762869071 5.0460940609613835761 2.5230170000796801055 2.0534300687916360317 1.963628974564254337 1.8722870426420992196 3.94698e-09 5.71398e-06
23950718.685831621289 5437 1.8747354356657222052 0.13739454417479127213 0.092641587260514954294 1.3420000020523243922 4.2342898357012863642 3.9115722635283014519 4.0125955270135431618 4.1176989503137511051 4.54448e-09 5.98887e-06
23950718.685831621289 6001 1.8427441715616597051 0.098631132769730844867 0.31342178229124229016 5.8124608275740827779 5.5508853085571097097 6.1578119779878548457 6.1695972745509717328 6.1807765151002067583 1.89847e-09 4.47697e-06
23950718.685831621289 1517 1.6131816694707690196 0.30473930540320925964 0.15279974412041610887 6.1822633235362802751 5.947054805906150321 2.3047501954698761395 2.047328266237779637 1.776539642735444513 2.17631e-09 4.68551e-06
23950718.685831621289 5753 1.9202443018230028748 0.27117485361026971713 0.25208869099886183074 6.2278766453987115526 0.58427365189395574774 3.8920795983809552965 4.1009747398101161764 4.3230227504745855072 1.44813e-09 4.09059e-06
23950718.685831621289 6366 1.8945418585987461313 0.34339206290971141522 0.37506831672586699034 5.8075199477497294609 6.1659095531187286809 3.132577061747371161 3.1286971148623829997 3.1242690119473293109 1.97281e-09 4.53467e-06
23950718.685831621289 5869 1.7508497359323376141 0.54689572170938383078 0.38101851194916303012 0.51482605911806578192 0.5138760265700611507 4.1844958210394835874 4.7720241312103315323 5.3179476644593410839 2.00715e-09 4.56082e-06
23950718.685831621289 6197 1.9375671869242498957 0.17532818631280647215 0.24065658850914189992 5.9820021511036225448 3.1146253302141406749 5.5818179668339373833 5.6885235292670603968 5.786747397891462974 8.02678e-09 7.23931e-06
23950718.685831621289 5211 3.2022047252970722298 0.015055508525559544233 0.25719025972243264588 0.83608094873460625518 1.9388311961594253408 5.5072754764752254175 5.517763980547137237 5.5281950522428218164 2.07199e-09 4.60942e-06
23950718.685831621289 6154 3.1556109432626771039 0.1039581881396075963 0.2325561518319598231 3.7971200568739509329 2.4899488523795190176 5.3661530450012104865 5.4463139586126079195 5.5235082380861904028 2.04677e-09 4.59064e-06
23950718.685831621289 6209 1.3713885751446164285 0.21448339460362808584 0.078612551437664171528 4.232660827881964849 4.2340406976878295353 2.8755522329154423744 2.8118481166902355994 2.7423981063428639615 2.89646e-09 5.15394e-06
23950718.685831621289 6392 2.9824422920672648551 0.24913339048875443593 0.15883008362470457664 3.9165782755698099749 3.9320331445879888044 2.9916269726422650699 2.9484063833753402228 2.9005760455533411424 2.75286e-09 5.06732e-06
23950718.685831621289 5076 1.7219165992291121103 0.36740667138304600181 0.18611305986741918939 5.000460565297741411 5.2484838554087662743 2.4004639023050118318 2.1036382639263671024 1.7871663204884957743 1.5547e-08 9.02399e-06
23950718.685831621289 6735 1.9006297560303249128 0.57622800817699038056 0.26350789840249400076 5.774257290938552778 0.98609799143501508656 2.722023858508662908 2.3623146161747783367 1.9573611735852225468 2.32036e-09 4.78669e-06
23950718.685831621289 5485 1.76036166470068145 0.46084102115720410042 0.30574510111077635166 1.8340596263070763072 3.6059300997468732852 1.8871962543361977538 1.3951431605718904727 0.94139328117794751627 1.60307e-09 4.23156e-06
23950718.685831621289 6816 3.1068472374380826651 0.023161423376085923248 0.14217905347662243565 2.2706103702385638243 2.3523383319542174874 1.1985816194510774402 1.1770946373890911474 1.1557051697480524854 1.76213e-09 4.36713e-06
23950718.685831621289 6572 3.0088881410573917741 0.11546425771320457943 0.17106882028060957368 3.857624321687638691 5.3842515756514881531 1.21052424237568923 1.1043794659497692123 1.0012484864445372335 1.66053e-09 4.28153e-06
23950718.685831621289 6740 1.8495368919735235558 0.30362337671295480668 0.17372998471297762535 5.0295940099711415883 4.3417416472309167119 0.94040100896884393222 0.71130317916493546182 0.51309131135663577084 1.33102e-08 8.56864e-06
23950718.685831621289 6480 1.7394243650406466806 0.096712799287005615789 0.10833718707504301493 1.6972971681468789207 0.76104976496043208467 1.4726512641542965909 1.3767074612730823002 1.2818105599119011817 9.59462e-09 7.68292e-06
23950718.685831621289 5642 2.8332555140184956244 0.21463760170052345599 0.10399426505404266163 5.9494933655902606517 1.8075098276027377064 4.0831896758488426258 4.2702087580468246486 4.4642027021459851355 2.80041e-09 5.09633e-06
23950718.685831621289 5478 2.0626831148762052592 0.3724939871943498404 0.034976773721445086895 2.5132300667832696561 0.70703330748487724922 4.69929408639169921 5.0819016927921563109 5.4292536193244158582 2.28234e-09 4.7604e-06
23950718.685831621289 5258 2.9616847952346647688 0.31126453455565050721 0.32893872671447094147 3.4296984207529908062 3.0839158966107231841 4.3466134601221835254 4.6601420682730330114 4.9709818638627032428 3.58569e-09 5.53402e-06
23950718.685831621289 6815 1.595760234956096868 0.14890143192064628219 0.22382101423129838191 5.2969110060192727829 5.187922454062862343 0.45500238378434493258 0.39336473437715013812 0.33629106412440701313 3.57143e-09 5.52668e-06
23950718.685831621289 6617 2.743800642515169308 0.21590491804965675215 0.022330773343091421534 3.8271208936865379613 2.2397408284641682208 3.48989116997732296 3.5729437404246437993 3.6632132656598059839 3.93262e-09 5.70704e-06
23950718.685831621289 6667 1.8734744699989942518 0.35083855318068740692 0.32910838417806492773 0.76483612283385282726 2.2051301166270920184 5.1846754237710914737 5.4806132524934447758 5.7329172837448565403 1.85586e-09 4.44323e-06
23950718.685831621289 6040 2.1623902735647950735 0.39853950132487520053 0.22392245742423824706 4.3522082029422444194 1.6572271570665766394 1.3857372219346739683 0.99709667343771568593 0.66236383788536079553 4.48499e-09 5.96262e-06
23950718.685831621289 5950 1.7423098137232109206 0.086278979650380893673 0.14342089168893004669 3.7261182702956241464 3.0070041351971168453 3.2338857231646205292 3.2422104464444867489 3.2508770063671317274 6.81029e-09 6.85339e-06
23950718.685831621289 5158 1.8171878303399446875 0.15521258686332917165 0.014511567817686194318 5.7746771181375464721 4.8410858337085773684 1.9653143919074302914 1.8169637508292588723 1.666430280547346543 5.85576e-09 6.51695e-06
23950718.685831621289 5252 3.1342493979518111225 0.094600559491749225405 0.18783804609465989954 3.417857126376213639 1.8983309588189634098 5.9529253959503138915 5.9823504771353714915 6.0103822923470193729 2.42859e-09 4.85999e-06
23950718.685831621289 6104 3.3354136892735821718 0.072749865826453541384 0.15118052797624798034 5.7210494616833127424 4.5358102727007763022 5.4339473751449007821 5.4873411548538699734 5.5393176236884000829 1.75259e-09 4.35923e-06
23950718.685831621289 5196 3.5468844934561842841 0.078248904424193285734 0.19763278699589045817 1.35327590487563576 2.5140347843589845311 0.57141605467573852728 0.53039034852388811103 0.49080656756283902453 3.02458e-09 5.22884e-06
23950718.685831621289 1284 1.8063278566510732048 0.22723617167238124859 0.08345638583748532513 4.5336430696172316246 3.0233398270381792727 0.57909919582971747243 0.46429193830126463949 0.36253789655523510627 3.64405e-09 5.56389e-06
23950718.685831621289 6952 3.2257942634566014739 0.10774355011863795406 0.12148450414923883667 0.47518458766311061359 5.6378230123163781684 3.9963937953150634463 4.0808642609488483544 4.1678271282024326183 2.57429e-09 4.95529e-06
23950718.685831621289 6978 1.5006712950367018244 0.27158497030394651572 0.26248323561217923316 5.9227546149643615081 1.9753088305897914534 2.2807428277432792996 2.051031862407409978 1.8101669183854807166 2.46129e-09 4.8817e-06
23950718.685831621289 5517 1.983040251157786038 0.39149620200686702232 0.31934564684483529584 0.27192912099236443701 0.23598971525901685231 2.7576521103828182113 2.5698591925713420991 2.3580242621644504908 2.41819e-09 4.85304e-06
23950718.685831621289 6425 1.4943470130813187868 0.28276656051473281206 0.17239298560406779437 6.2144637135607574407 5.8061763676562074821 3.2013759933863989993 3.2215248564932186248 3.2441029501514337952 5.02719e-09 6.19382e-06
23950718.685831621289 6573 1.8315445422357079508 0.0726261565443118845 0.26353660087890662389 5.5271016343741479204 2.1350743033915033919 2.0563390283357070309 1.9909350173515034665 1.9246249848637426716 2.46875e-09 4.88663e-06
23950718.685831621289 6836 1.7282788451302757426 0.22118121474987589847 0.18010934883490437031 1.4033998793167861141 3.2162400441760237157 5.558550256926345412 5.6953041424474273313 5.817971055907716682 4.61039e-09 6.01768e-06
23950718.685831621289 6180 3.1067681201471950558 0.015912172387982304739 0.1445107932098510517 3.848901042908495107 1.3590359212836080616 3.6784144349831562337 3.6866085339055034709 3.6948579080120094176 1.88472e-09 4.46614e-06
23950718.685831621289 6809 1.8440563199285433527 0.14646736874168145293 0.30890880450852054029 2.7569060601308428282 2.0326681124768946063 3.0182510703900078397 2.9987060240219847174 2.9778489365391598298 1.72631e-09 4.33733e-06
23950718.685831621289 5678 1.7333907873625240548 0.13362671175787282918 0.15460059171647858034 1.0565061766252381581 4.5069128788270802488 0.15942040115321309823 0.13943702126418194842 0.12086482961333626374 1.85255e-09 4.44058e-06
23950718.685831621289 6119 3.1057730414741318015 0.095081773741115066523 0.21512922838149009519 4.9481961725154297582 3.9174223126355980362 4.2009369005322021451 4.2859728348265138109 4.3725404078198550906 2.96829e-09 5.19619e-06
23950718.685831621289 5063 3.4913018026597426591 0.066506226275704141693 0.41196062724677429134 3.5182051925738866416 6.037066159436008661 3.0456971430381143406 3.0391037453253182399 3.032299521316629054 2.23728e-09 4.72886e-06
23950718.685831621289 5289 1.7690550761198884366 0.010487025726936289455 0.11917441774311568481 5.2051443405171973211 1.2800430803488440645 2.2876291388327536502 2.2796955635870159718 2.2717350833085014905 2.13423e-09 4.65511e-06
23950718.685831621289 6619 2.0716489218421334506 0.25737063739301480059 0.18249824506391792989 1.4002880956869305784 5.4326452146643315899 1.4078592519163053431 1.1562529589882384329 0.92068152847039852471 6.69672e-09 6.81508e-06
23950718.685831621289 6054 1.7552995984086767756 0.080859734442210950967 0.046792600661531680295 4.6257220176777815723 0.65928935424360157747 1.8213256189496349613 1.7421074648333294554 1.6624313472265614955 1.3494e-08 8.60789e-06
23950718.685831621289 6960 2.9850165149944447585 0.18724080954482941186 0.090808417600816274118 2.5080548025288171843 5.2565430210306391956 5.5050948298121600288 5.6291775691009897642 5.7430896409358078714 2.28045e-09 4.75909e-06
23950718.685831621289 5360 1.7778929812622212836 0.12224887238562051617 0.070829243803793684453 5.9006890832304623729 0.0077114026456061570899 1.6086167818103056515 1.4858647066293000361 1.3640564830593997492 1.47972e-08 8.87652e-06
23950718.685831621289 6823 1.8610147547983457716 0.125497553374845916 0.1546527627941398364 3.9275839188704546601 4.3388543420018752528 5.9415347826541085041 5.9813781364189830825 6.0186818046745056421 1.69817e-09 4.31364e-06
23950718.685831621289 6677 2.2783676550379849957 0.12419786635155276311 0.10274822145831701004 5.4685343583684584701 5.383155374137871263 6.2090262838084750996 6.2177232582676751349 6.2258476995831193435 2.33048e-09 4.79364e-06
23950718.685831621289 6017 1.9735385060599974771 0.080092718025246242841 0.10971480151387164037 1.0829944847431878241 5.256561385174616241 4.5366362972362255235 4.6161380439795767217 4.6958600491437687552 1.07446e-08 7.97837e-06
23950718.685831621289 6791 3.1409768685448438141 0.24559491222642343411 0.11270253648336836516 0.91727490972987901774 4.2777602370168015256 1.7553656505323784742 1.5057489716660261703 1.2606734517539917029 2.20531e-09 4.70623e-06
23950718.685831621289 6266 2.9704335249686422138 0.19049979717780135546 0.11503787545584313878 3.2565700955550083151 4.537520365469966066 2.4265117448295567826 2.2907937185538984615 2.1475745520078821649 2.89198e-09 5.15128e-06
23950718.685831621289 6897 1.9697811067240782457 0.23458002746053047138 0.21961992921536693801 0.74497212364006559771 1.1856193420340195299 4.8948738863185088377 5.1228864686461097477 5.3379781517947417768 2.6229e-09 4.98629e-06
23950718.685831621289 6969 1.2905407293335695584 0.43461466813290045019 0.15585856114294913133 5.3573031635642909265 2.8907706932570649272 5.6449071318873960124 5.8741097911077684302 6.0469826840280278546 2.41679e-08 1.04535e-05
23950718.685831621289 6230 1.8290082966171832268 0.18295575952274062415 0.2671222280161248408 3.3139411860125922438 0.10824331983409565816 1.5429524651097987764 1.3594998000954467976 1.180613009788972434 6.03494e-09 6.58276e-06
23950718.685831621289 6778 2.9551427935042324791 0.025038113797551650452 0.09991709047832937618 2.8939516885286606929 0.37900077940838194923 3.0467327462375695113 3.0443308843013601184 3.0418994707574120717 2.33115e-09 4.7941e-06
23950718.685831621289 1465 1.7324115524021888035 0.4038483306987275534 0.045658641468131623553 4.3478465851414913601 2.6590226493742976643 2.1884529464835758006 1.8016271488179615989 1.408490228646029907 4.65109e-09 6.03534e-06
23950718.685831621289 5931 2.7052821583717716614 0.32050445515270153951 0.40889689593414962898 3.0638573586852499986 4.8698467004762360233 4.111902293363102423 4.4091433235086716635 4.7150238980868834915 2.66585e-09 5.01336e-06
23950718.685831621289 5323 2.7934082986428703244 0.16999176598262263904 0.13118593148683396765 5.5384303002975965313 1.0233701462599313903 4.9181680508652227957 5.0825400114154053455 5.241018697435278817 2.25995e-09 4.74478e-06
23950718.685831621289 5788 1.5185418900810974119 0.13073224544343486908 0.045538728571900548292 1.3785421671536808308 5.0688962655081146735 1.2205016155502126374 1.1000422808288388143 0.9835302343585256013 1.43499e-08 8.78617e-06
23950718.685831621289 6138 1.9460090875419515655 0.20984143760207149554 0.19724794558976777026 2.0673800297715851926 3.9443786923053369975 0.62189751103477886041 0.5082094650000100744 0.40609772867708615607 1.20875e-08 8.29778e-06
23950718.685831621289 6726 1.6816394069036286751 0.23879474443053849697 0.05186123531739943171 1.8275133274010169071 0.71081268665091135173 4.4378659334039012307 4.6778538186413207711 4.9165061746775950979 2.92983e-09 5.17366e-06
23950718.685831621289 5559 2.3746728823449099188 0.54097688234778229521 0.53382187830992200439 6.1976420213091145683 4.5640626705562805654 2.9523184380812925731 2.7972037614120663918 2.6145583265093108594 5.44342e-09 6.36025e-06
23950718.685831621289 6737 1.6282234750482837971 0.311656249083455128 0.19789491565212355417 1.3969410483086364128 1.9384194300095833885 2.8543089515867419159 2.747456616865051604 2.6277773104955892691 2.16814e-09 4.67964e-06
23950718.685831621289 5663 3.1606147943824591806 0.1754180556189461615 0.36305150552647208473 0.04285600359339127724 0.32089995646464092305 4.3951505796947190063 4.5674529298065484895 4.7410317523824279107 2.69499e-09 5.03156e-06
23950718.685831621289 5227 1.4863800322047622249 0.15131741939993745283 0.06659901558234344876 1.5467253422865576695 0.57481201025116146486 5.2066915187215050409 5.335819612153454905 5.4586712521116611541 5.94474e-09 6.54979e-06
23950718.685831621289 6118 2.0056480560431020344 0.10156760671037927402 0.079466087091796047681 4.0621285758792566867 0.45053015898930631744 1.1442837198851139036 1.05355022229417572 0.96526925892391401973 5.68798e-09 6.45411e-06
23950718.685831621289 6356 2.0933558152933375851 0.32548817077574282441 0.18276468456222946801 0.12705676453275097093 0.77180448465206519248 3.1512718936181896012 3.1551611314489513838 3.1595773749769135996 5.8318e-09 6.50805e-06
23950718.685831621289 5831 2.0467094309384803452 0.23054826572476316837 0.10807537121011280556 3.9827227616448714898 4.6543844866007280103 1.0301172710747841244 0.84168219969274837844 0.66974740190504600257 2.32205e-09 4.78785e-06
23950718.685831621289 5138 1.8180245474474021616 0.29997751545988171618 0.22873085108830293333 0.20773982032927684749 3.2433205106127438455 1.9217295223283952232 1.6196483567049675401 1.3200287213566022082 2.37553e-09 4.82433e-06
23950718.685831621289 5736 2.0953347416622842836 0.47093615074577765967 0.13845673673172936846 4.7102189939994811851 2.1769348918406010718 4.3201684540261924283 4.8207670008556737784 5.2889400978944633991 1.87923e-09 4.4618e-06
23950718.685831621289 6132 2.1713152053250053264 0.30519796029074047761 0.42865091057141019304 0.3345477203901844887 3.718899597969447246 5.2672165863929132357 5.5115288271877211912 5.7243505332880735281 6.69157e-09 6.81333e-06
23950718.685831621289 4460 1.8140456700162643777 0.20030219440337262982 0.025208226952202487242 2.4810680171261005889 3.673374295927374078 3.8645837694625084779 4.0092046636682727723 4.1619925575869913814 1.068e-08 7.96233e-06
23950718.685831621289 5256 1.9957686469209026114 0.32195964596765164201 0.17331553341851452243 5.7839140555182355641 3.7997943367902853318 4.8543174374833739648 5.171584012323952706 5.4601917205174093084 4.61883e-09 6.02135e-06
23950718.685831621289 6023 1.85642077065874056 0.10121530124429259367 0.10415158702126507684 2.9588228864159962228 1.1392255406668363449 5.1480346025165095725 5.238043087542597398 5.3255939090992630014 3.26695e-09 5.36493e-06
23950718.685831621289 6504 1.8606520301405093942 0.26334078258228260649 0.17394949998893025067 3.1689475414809722409 0.42556287941102011185 2.1578051121821699709 1.9178672680335042688 1.6702286932269911901 2.41361e-09 4.84997e-06
23950718.685831621289 5667 1.8736139828035969224 0.0479460745268610114 0.22483067934168562974 6.1174883226837701855 4.533779333951403423 3.049836821510797602 3.0453335755819339603 3.0407254546830966291 3.20823e-09 5.3326e-06
23950718.685831621289 6362 3.0418959934974352244 0.051534523685600588938 0.23147181165586447338 5.1848795623136911814 4.7685698075255178452 1.9684006206784017134 1.9203843916534704128 1.8719669911043532728 2.92709e-09 5.17204e-06
23950718.685831621289 5964 2.2900080658679908829 0.37969570989078382794 0.47879932941727282314 0.95553919968465994561 2.1124240609311866201 3.4929077042839247191 3.6591249526690385885 3.8469745104579184947 2.1711e-09 4.68177e-06
23950718.685831621289 6746 3.0094530523218501195 0.31084546438732069129 0.21141997667305925668 2.8237654598930492789 0.29051825195750274888 5.8283875533126341395 5.9507157189808879139 6.0521689558647810969 2.1751e-09 4.68464e-06
23950718.685831621289 6269 1.8905455502223915687 0.058807550292228130684 0.1478973570404122917 0.019963944249934844483 3.4974134153387970159 2.9073411722847994909 2.8932768647582403077 2.8788236298559670701 6.27461e-09 6.66877e-06
23950718.685831621289 6182 1.9815328143009267592 0.32739619209674292177 0.19214332414086418566 0.21129451732846701861 5.2977859469545807158 2.7110030729731358079 2.5454729383959451283 2.3616610302729936777 2.64006e-09 4.99714e-06
23950718.685831621289 5435 1.6791671112084942674 0.34317784015670360631 0.051340583804461423223 1.7915902508140693072 5.4022684529871058956 4.480983181365893131 4.8362619912040933912 5.1768102463214571429 7.17242e-09 6.97277e-06
23950718.685831621289 6415 1.6730789021914291848 0.30480687322367200354 0.032676028918990011884 2.7400668317252900863 1.8687632468480550596 4.3107230857700837845 4.6144328009748072361 4.9177784692348947004 4.5356e-09 5.98497e-06
23950718.685831621289 6920 2.2771586379462900318 0.19414615038846377848 0.29491827650304441866 6.0008060225196659943 1.4472642909400874611 5.910542718687091579 5.9759135604624988858 6.0346348686528621386 4.48089e-09 5.96081e-06
23950718.685831621289 6103 3.3333030040514102232 0.084128564726165311338 0.12207462891145171024 4.517445046648726148 3.8521861149297174087 2.0320238686675136108 1.9551478363163932173 1.8771571415618357737 3.07621e-09 5.25842e-06
23950718.685831621289 5534 3.2747907587236757543 0.13515539055021408288 0.10332743325421393787 2.9949876949508134061 5.2568667122696552951 4.8623234525002896333 4.9950355353214828114 5.1248280522888762789 2.18919e-09 4.69474e-06
23950718.685831621289 5578 2.8786893566831772695 0.023705995228501221955 0.20907155732744486798 5.6359107645299530986 0.74309626391711269822 5.5886742923235965819 5.6037112402674207345 5.618607708037706594 3.04211e-09 5.23892e-06
23950718.685831621289 2992 1.461196735494316723 0.080272065252680074865 0.14016787866161234399 5.1411394783140647036 0.62228767879746260672 0.3782411308960109686 0.34962108622165688487 0.3221245451622380962 2.07761e-08 9.93967e-06
23950718.685831621289 5643 3.2714834233997760471 0.031313690309035559223 0.1037924509658815081 6.1937826710038468292 2.1325885524918000158 5.6401150801320634187 5.6586640980046212235 5.6769734921776420222 2.47115e-09 4.88821e-06
23950718.685831621289 6683 1.5510600340283267062 0.37650954489852761498 0.22742898955875737177 1.9657534649995127563 5.8984087299302920826 2.4504640327527948962 2.1592085236491063149 1.846019215800113189 2.07491e-09 4.61158e-06
23950718.685831621289 5234 3.1088266024471482574 0.16408373332670378453 0.079860961784806033803 4.1223633611678041078 1.3308136427394834378 1.7712639158277294626 1.6070317835834937448 1.4430557601249160982 2.35138e-09 4.80793e-06
23950718.685831621289 6292 3.3495255103464183222 0.0093881156218458411411 0.27551354293580254673 0.89286694617202910784 2.5852991743606419384 4.4843115435532858726 4.4934663885271204364 4.5026304286545268951 1.7586e-09 4.36421e-06
23950718.685831621289 6557 1.9298303823771743026 0.17793366045624517402 0.046928979804665524322 5.5352650860597787386 1.5478630261947252666 4.955219159801804274 5.1252357553167975368 5.2882198490248741862 1.93092e-09 4.50234e-06
23950718.685831621289 6401 1.7086807544942728132 0.3832862434460271861 0.092566139160697905042 2.7917016371452390011 3.6507442781100940543 3.7636415049958507062 4.0389638779674950086 4.3385749521257750416 1.93159e-09 4.50286e-06
23950718.685831621289 5864 2.1838469501331769784 0.36819886136633389606 0.37210844159789185914 0.68721276336379644167 0.96660478641465563676 3.2652927148536750046 3.3233577920412669116 3.3899155957329827338 2.76427e-09 5.07431e-06
23950718.685831621289 6243 1.340859931315154796 0.075162895349349681529 0.12963714678366905497 1.3823435540977657698 5.0691278139987616669 2.0051844533725549091 1.9358344859358058709 1.8656240632678222635 6.87089e-08 1.48088e-05
23950718.685831621289 753 1.4897735118201087534 0.12963967209413246318 0.21038828007873650039 1.8377179298118131445 6.148853299838830111 0.3267506776939955726 0.28739589459313596986 0.2506487659221161568 1.27811e-08 8.45356e-06
23950718.685831621289 6135 1.6592594153570443538 0.40512971928933727561 0.040022602268397558523 5.7864856714200598731 3.7208847665682882599 3.8002762194439076993 4.1089541243637945911 4.4425344042685921409 2.38172e-09 4.82852e-06
23950718.685831621289 6402 2.9583346304367630353 0.2262173578615402636 0.23091995132366840981 0.45509728102354490842 6.2106612456274508105 4.0043926638958371456 4.191966692646373005 4.3882349707003669437 2.16272e-09 4.67574e-06
23950718.685831621289 5191 1.4277005348247324701 0.18161813093924561446 0.21388228524337238312 5.0989697421115280918 4.3355216216575991339 3.3196159480513331985 3.3552559378900679299 3.3937664821873680943 2.79475e-09 5.09289e-06
23950718.685831621289 6242 1.8404186666220438973 0.33206136845585909612 0.29487307483324703972 4.9587392679467505729 6.2255666307707375751 1.8622140335584183024 1.5213054705267372579 1.1896506854741788484 2.33848e-09 4.79912e-06
23950718.685831621289 5118 1.8428676226840712271 0.47425707178963572019 0.15523707710082187972 2.2365857328445644114 1.9365450636576795329 2.2177017820086071254 1.751661614600843464 1.2851404285885559275 3.95744e-09 5.71902e-06
23950718.685831621289 6395 1.8604477193870869733 0.17176644225762646712 0.17092853557642667672 0.73676237174392111839 2.0821421821273666808 6.2046128101906017349 6.2171171892227494737 6.2284572207219239814 2.27089e-09 4.75243e-06
23950718.685831621289 6129 1.8220300122044739144 0.52199942308946800651 0.42689859738572838443 1.0029435798262629209 1.3960959034077617957 2.0088472864198179124 1.4448191676153316898 0.92695639864443857281 7.14833e-09 6.96495e-06
23950718.685831621289 5885 3.4767122667536995984 0.078461419372995958033 0.27725107983738850326 0.7294605218680733083 1.2736754892226174185 5.368317438188306312 5.4291165459712154018 5.4882732779344260976 2.25928e-09 4.74432e-06
23950718.685831621289 5080 3.2339127856312708253 0.15280997512421545803 0.23825930336100176188 5.4648224205539266407 1.8385096696720504283 4.2575195401004872764 4.4001854355758966975 4.5456084310238233925 2.57476e-09 4.95559e-06
23950718.685831621289 5548 3.2106805653742052087 0.11686546965088559502 0.3180702155211603821 3.4995538742865663906 3.4551619235924024842 3.1901277128328673349 3.196170953559633876 3.2025461060771038824 2.11518e-09 4.64123e-06
23950718.685831621289 5240 2.0070693005158872779 0.22151539968273589731 0.15818165129176744998 0.74552676881778223716 1.0554176105594521573 2.3952019922863958534 2.2296174596243840682 2.054462028715184907 1.54708e-09 4.18172e-06
23950718.685831621289 5494 0.99585239916594758824 0.19222921822663147084 0.38786332470461298838 5.8155900543694025728 0.53082379463242423956 4.6188924141666758416 4.8132354236116814405 5.0044879839114111419 2.97785e-09 5.20177e-06
23950718.685831621289 4963 1.9193127079331246954 0.12952450626590442107 0.24792610451077476408 6.0710840424545660099 6.0788492563387022116 0.39462713407005345356 0.34746005915757038895 0.30335557201856555576 2.1769e-09 4.68593e-06
23950718.685831621289 5818 1.774535139344334711 0.38626018380877774616 0.088368776774854329581 5.8462672977435596877 2.82653423808734372 3.0415074831759341123 2.9913322712681922333 2.933510826737834698 4.47796e-09 5.95951e-06
23950718.685831621289 5310 3.4753109025073367633 0.055774919591647133255 0.33597015452825612636 1.4599390477561353663 2.1144752455605151376 2.6076279423590689177 2.5785219379022765729 2.5487501018649139084 2.51895e-09 4.91953e-06
23950718.685831621289 6997 2.8505815316939524529 0.16332871742331642184 0.18366140712126674539 5.8975284612429845765 5.5089920719374161351 2.6579695890491170651 2.5755545440714802119 2.4879626100882621387 2.77488e-09 5.0808e-06
23950718.685831621289 6793 1.2765155946106201412 0.18650640471674787002 0.30187241287463340011 0.47137544093086097829 2.3923211093918550496 1.3537077178906109509 1.1741005314317818353 1.0020777139710292936 2.0508e-09 4.59365e-06
23950718.685831621289 6702 1.6928795395313356309 0.46036829764183501146 0.18347022093568185475 2.911706012695713941 3.5798768152910689366 2.9162618666717317062 2.7735446309662741271 2.6079064827004834193 3.70623e-09 5.59535e-06
23950718.685831621289 6411 1.5795595008748506416 0.34840218816323759166 0.13936728804943798732 3.1058499789947933145 4.3198568283611669116 3.4782950695995236146 3.6211705252823405132 3.7819249354377046934 1.36815e-08 8.64758e-06
23950718.685831621289 5401 2.0190654491372832524 0.074148409668176928911 0.047620801483826677436 3.6109385431635074859 0.58131514682459217713 1.9272336309400799337 1.8567659047953763984 1.7856287660339569268 1.17442e-08 8.21848e-06
23950718.685831621289 5016 1.6274005201439727397 0.32511027829621902407 0.2302008538652816072 1.9500231449951033191 2.1604431266103842901 2.7596953746726144985 2.6125603942726933759 2.4484778444119372764 2.58541e-09 4.96242e-06
23950718.685831621289 5740 1.3406067578168012755 0.23682450758287867942 0.21707794161880017425 5.8610962727284467988 5.3700328333353368748 4.7086489569328531246 4.9478498109772601765 5.1781396049791403868 3.09097e-09 5.26682e-06
23950718.685831621289 5902 1.0687441876901710991 0.071244734759255662349 0.11248524709383540821 0.46869665965337081737 2.1244703515957481521 5.5083282431407329938 5.5569855700888401984 5.6042944227453519446 9.06561e-09 7.53904e-06
23950718.685831621289 6272 1.7914727063375226468 0.477002547528007248 0.10952819822931274263 2.2908684153123606286 6.1738647116423894801 3.4271504401383472427 3.6156790437559389595 3.833443008526646878 2.92426e-09 5.17038e-06
23950718.685831621289 5691 2.011677950254586289 0.28009030175948468333 0.021888998474255107196 5.4262013109774418496 1.4534460751439630677 3.5030753450523630654 3.6196194021982379674 3.7484687873711273198 4.69105e-09 6.05257e-06
23950718.685831621289 6501 3.0343144528968237772 0.29869405928609216172 0.38293131329549645603 0.6502129586613847323 5.1947732793805041496 1.8838495413402285283 1.5810065257882111034 1.2823280355204267345 2.93548e-09 5.17698e-06
23950718.685831621289 6225 1.7081621420336663419 0.18593304664293580641 0.18759476432816166169 2.8597757520275637333 0.76947491309693560879 2.271141320672676045 2.1187919561107144695 1.9600849985067685388 2.38341e-09 4.82966e-06
23950718.685831621289 6692 1.572869311805780157 0.042053143721511282438 0.05550443303312842247 3.1771524987046797506 4.7229396950313731196 0.92220086240952625634 0.88909621947663264319 0.8564418448835564579 1.32225e-08 8.54977e-06
23950718.685831621289 6140 2.0264668530561356086 0.28799466457684552712 0.14041985834610706818 0.38366477204068588636 3.6771887367023521342 3.3231543336396192068 3.3852496198901707025 3.4547292483423213127 1.67728e-09 4.29587e-06
23950718.685831621289 6655 1.7493903328740463277 0.27042668109683482003 0.06190164537141096962 3.778979824617900718 3.4290324812284405098 3.6245067776192239073 3.7699936736666375126 3.9289645351047899346 4.63012e-09 6.02626e-06
23950718.685831621289 6121 1.9433203440333743917 0.52188687761682472921 0.56420068416734336925 1.7479098216517405806 0.49727464471784388333 4.3884607856978723461 4.959032587260552738 5.4651257836680686708 1.90564e-09 4.4826e-06
23950718.685831621289 5251 1.9099949584016586712 0.58827016958752598175 0.10376341027143434759 1.0068396938079000602 0.25900836268220972514 1.3536504990002615756 0.77658730764393979484 0.36429863028369441347 2.36533e-09 4.81741e-06
23950718.685831621289 6255 3.2458537370439959346 0.092122958097205956407 0.18085340084145110073 0.53075822685480056329 5.0209007054019494376 5.5288499866173408392 5.5899941659880978406 5.6488602840657442528 2.45838e-09 4.87977e-06
23950718.685831621289 2182 1.5279514774212175077 0.13126269753107766558 0.2470583215975170055 1.4572450251023434387 5.75437069223959341 2.7181480463937766068 2.6605298635508889404 2.5997917776121446387 1.98345e-09 4.5428e-06
23950718.685831621289 5176 3.1140857086714541779 0.13366002690125236563 0.12583905902043107661 5.7092663516354607012 0.44709473465074084375 3.8950789160270518074 3.9915932427101967761 4.0920094538399078843 2.68297e-09 5.02406e-06
23950718.685831621289 5288 3.1598537207722134923 0.20812217666645621561 0.22467464505505935213 3.6351730773105312977 5.6190906581397195296 3.2828740641562630387 3.3159468678244587991 3.3520502752988683426 2.94866e-09 5.18471e-06
23950718.685831621289 4971 1.5645300227827820816 0.013926603687910432683 0.20568258519935656015 0.82566272022911435524 2.3105126446373089877 4.5418282008854022891 4.5555694172233485162 4.5693251274324673261 1.60974e-08 9.12926e-06
23950718.685831621289 5853 3.1194741612606500247 0.11835279955333656565 0.20693706669511108265 6.0741154190251540612 5.8847325931364986573 4.5046816939041294248 4.6222044786417644247 4.7400763081955110678 2.34516e-09 4.80368e-06
23950718.685831621289 6126 3.0378871245702741 0.23303408133362477073 0.20340153472183303274 4.8855772251531792705 0.81773674038139010367 2.214627883581462342 2.0119172481008913422 1.801190668728015698 3.04059e-09 5.23805e-06
23950718.685831621289 6186 3.2535417948028140245 0.034012067511743571124 0.21527256548017545401 4.4668294380558615231 2.8019264958475567084 2.2644108938213256543 2.2379639832522224552 2.2112448728711213697 3.14704e-09 5.29848e-06
23950718.685831621289 5890 2.0729922969259892973 0.30698797600165528277 0.4636142663672078168 3.5266151239510441506 2.8081628951447283882 0.68180427621345685019 0.50558946397479187507 0.35690805277677484231 4.73576e-09 6.07174e-06
23950718.685831621289 5367 1.1608840036842769106 0.17322180190941044442 0.29439475936608244799 4.8911474570410859997 5.4460544435186815093 5.462292597739101474 5.5826976984290288542 5.6943548357526729831 2.85701e-09 5.13044e-06
23950718.685831621289 5160 3.0228899122125452159 0.11540385554596384321 0.2093174417871128401 4.1462754053680193067 3.6575561927064770273 2.8688264811197221604 2.8357940076982002253 2.8010511155106279091 2.48083e-09 4.89458e-06
23950718.685831621289 6162 2.0961266646173770667 0.13194383395244047019 0.2302137678295801404 2.3038722106471301032 1.1054997789477738479 5.4409610127642729083 5.535591334935003438 5.6252968238693910052 1.62993e-09 4.25507e-06
23950718.685831621289 6691 1.5123383137202321969 0.55611088149950127502 0.28284130932662737701 5.718643639510490928 2.1891613487320324971 3.8551334762952294 4.3601640237388847865 4.8821338432389662643 1.99622e-09 4.55253e-06
23950718.685831621289 5888 1.5352067640374433832 0.13879302706265106426 0.3178506903571467479 6.1093951401024524372 0.98438144933752025345 3.5150563525176652391 3.5694599153400878855 3.6270494822977017435 2.79797e-09 5.09485e-06
23950718.685831621289 5767 1.958205799951297621 0.40899029644098827685 0.065075194050445012151 5.4297845589171567227 2.3079973840058674028 2.2428583916358943995 1.8614581685630993135 1.469623211194539536 4.97944e-09 6.17415e-06
23950718.685831621289 5626 1.7953630735835905963 0.28120011780558262782 0.18121252232363824208 0.9037812876645248128 1.0441671808211347994 1.4816627318129766966 1.2012685893828098926 0.93905003656684682412 7.93289e-09 7.21097e-06
23950718.685831621289 5231 3.1602432911446198815 0.049681970141085995962 0.23064735395934946038 2.6644548887354555511 0.37725066286996666864 3.6790247572706733514 3.7050280455941342339 3.7315628734027748159 1.89135e-09 4.47137e-06
23950718.685831621289 6089 2.0102237526834842996 0.28305593234944398384 0.11377381965227473248 5.6923365525108842178 1.3508626499401266141 3.7414789437569586639 3.9261757451315562051 4.1261633106258166492 2.91473e-09 5.16475e-06
23950718.685831621289 6474 1.228301559584043412 0.3605336377320056962 0.19090254857772503971 3.4054950986221657061 4.1345066012111946208 2.7774932371086324956 2.6169353479536292539 2.4363381239441732617 2.46607e-09 4.88486e-06
23950718.685831621289 6268 2.0632503036146703224 0.57107805385659637931 0.44238934482263514436 5.9123159727439382749 1.638025727793839259 6.191695205595500795 6.2353570399639561828 6.2626603013812687237 2.30383e-09 4.7753e-06
23950718.685831621289 5364 2.6688605192196055427 0.2660909178664509489 0.13567582099850447608 0.84850904795622661414 5.7739573917416553428 4.3295970846211861982 4.5928289499348178282 4.8570203004813627956 2.91675e-09 5.16594e-06
23950718.685831621289 6586 1.9804912565969750027 0.23245951629129033011 0.20430521754092739739 0.70385543012406237562 3.4383898953495615203 6.1702327640237859541 6.1940120791157289304 6.214713782912250295 2.89513e-09 5.15315e-06
23950718.685831621289 6153 2.7333351871902911157 0.29290035743976738924 0.81352489805519156985 1.308097330685364712 4.1793742266800180118 4.291693625789602784 4.5808222989382070267 4.8711912889108530678 2.21408e-09 4.71246e-06
23950718.685831621289 5236 2.5163188101634008653 0.50214634530398660761 0.26400708899387648199 1.9278357586041441341 2.8584381385080406268 2.3972832987118222192 1.9499275808858695935 1.4834403946617502612 5.32813e-09 6.31502e-06
23950718.685831621289 6100 1.648821611564078804 0.3580515477654747647 0.071735454389252689689 6.2777415651507153527 3.2375176883367164926 0.80764252814007220227 0.5714907095804340198 0.37782546877753786507 4.52552e-09 5.98053e-06
23950718.685831621289 6253 2.0028960932979282816 0.30367619384817934325 0.15301626427099837557 1.5476147473311254732 0.97234420386598441333 2.7489329067103973614 2.610177270147235884 2.4562881328922343549 1.17298e-08 8.21512e-06
23950718.685831621289 6895 1.7479701088821881783 0.39599555209191905636 0.05150122524308904659 6.1316848339685456892 6.1295799332862701547 2.526623517406413999 2.2420508946716095622 1.9319697534231523584 2.5437e-09 4.93558e-06
23950718.685831621289 4732 1.469659249268600032 0.21763541526841181928 0.12663471038964757565 3.2795265646820648264 0.60514344549424581299 0.22879851977988424627 0.18368598355208493045 0.14393383450487234887 1.92787e-09 4.49996e-06
23950718.685831621289 4786 1.3354416490962912611 0.16954262317963170181 0.052528064086905149055 5.4649940206870475379 5.152574385552625813 2.6262713490802354066 2.535416437331828643 2.4388230673270032689 8.41208e-09 7.35334e-06
23950718.685831621289 6029 1.8779322765944432838 0.2125282377931532185 0.13331370846669096664 1.7953810766711728597 6.0025814472977083724 3.4633999265811516999 3.5390803419532690377 3.6213506866439915122 1.2969e-08 8.49478e-06
23950718.685831621289 5692 1.4685041267142866506 0.23713282384376460632 0.13145914248975926197 3.6108793146025917054 6.2373861939181658443 4.5628493360867388162 4.8038947975498276222 5.0400355200831548075 2.38697e-09 4.83206e-06
23950718.685831621289 5921 1.6864435042427685651 0.16719772871774710166 0.050539747250138093715 3.7037898886594944337 4.6978441668507180395 4.9431057183747526551 5.103585310943418385 5.2581518476640010107 2.32801e-09 4.79194e-06
23950718.685831621289 1123 0.73956764949101527762 0.12823461930646504192 0.034588150577157257548 6.1883862156705395918 1.918576357697688195 2.1213981839872277924 2.0079588610539800264 1.8917838603103547257 2.24683e-06 4.73559e-05
23950718.685831621289 5717 3.1694024221425536325 0.12974692098525048012 0.20435257746042273519 3.0459912990239934594 4.3858545117869756069 4.1391122367072412658 4.2524672023728076198 4.3687317602691164709 2.31886e-09 4.78566e-06
23950718.685831621289 2895 1.5575554648230993671 0.055796929963233342364 0.056354317328532084475 0.31123481463388419366 5.3290970450995542862 3.7998737034431004922 3.8348024993500349211 3.8704572665273806464 8.56806e-08 1.59396e-05
23950718.685831621289 5459 2.9676424022877712083 0.18222907801657342586 0.22671420444087128643 5.6700789472692134652 6.107911470211166538 5.1293808554168229819 5.2910203946506388917 5.4435847443882234842 2.51526e-09 4.91712e-06
23950718.685831621289 6313 3.2436191220007479785 0.067568855342932276908 0.3539955791890971315 6.1820114690924938827 0.42272046719980721496 2.7736236222882428848 2.7484982178899257654 2.7226160582635046126 2.33149e-09 4.79433e-06
23950718.685831621289 6204 1.6077971264608206248 0.12019667053750479613 0.32457056801895795006 0.16970226439139171615 3.2153589172019700904 2.6821024286812158444 2.625559835203573833 2.5662507785230732615 2.26769e-09 4.75019e-06
23950718.685831621289 5181 1.4247541576464795021 0.2194772306934641426 0.12509614888123865573 4.5556489610719257399 0.95598770306801639229 5.1522235389791957161 5.3435960092224892293 5.5207834464334695213 5.47157e-09 6.37119e-06
23950718.685831621289 1147 1.0897636769842127258 0.16911845495867963707 0.17637277458039191114 5.7214129769815667004 2.0984633091498099411 3.6631015876106278739 3.7546687307803705558 3.8519771299507330475 7.2768e-09 7.00643e-06
23950718.685831621289 5623 1.485146513388567957 0.18217808508893074126 0.17792755818822914016 0.63837765609805696698 1.8669431819595949662 2.7719312951719250471 2.699369000391266038 2.6214058407312585963 2.3084e-09 4.77845e-06
23950718.685831621289 3539 1.47436365523143742 0.45596788392390469324 0.22420260204360001333 5.1835955749147926142 4.7383982477792834231 2.8327170640676588853 2.6428417036174329802 2.4247390323735600326 4.11193e-09 5.79249e-06
23950718.685831621289 6332 1.9687713703954543565 0.21212486129640106824 0.11172411079276499402 4.8546130414295403099 5.9179841684686369518 4.3341910681807291894 4.5410782085665584162 4.7500980202614853098 2.19525e-09 4.69907e-06
23950718.685831621289 5713 3.091828601435210544 0.17036695216701691624 0.22084297059309485056 4.4079775360483370861 2.9175551540711639475 2.3096335071912164061 2.1751836550506018497 2.0349971390023879891 1.49134e-09 4.13088e-06
23950718.685831621289 6609 2.633616566775553558 0.25033188323897720418 0.10923477962574354438 1.795032564735846714 4.226166593487446832 1.4071248317518501025 1.1624664903865953303 0.93271557129198612301 2.84425e-09 5.12279e-06
23950718.685831621289 6404 3.092112962203915405 0.17138069205345587975 0.24723439435571176181 1.8663049880684801085 6.0743193385602491929 4.7457131229907911774 4.9173576263914897666 5.0851508692603379913 2.07676e-09 4.61295e-06
23950718.685831621289 6730 1.9609267458185462019 0.28227078746823286437 0.13973538095113929858 0.5687937770760712608 6.0542501108552615463 2.0398174456442252911 1.7666127608426323015 1.4897364094630536346 2.57888e-09 4.95824e-06
23950718.685831621289 5328 1.9634854641683494592 0.52636819045165594844 0.4582588081052635931 1.0338095859718503533 2.0132584434598626011 3.8158495600967690109 4.2648619236788967157 4.7393933710711264595 2.1043e-09 4.63325e-06
23950718.685831621289 2850 1.7380070391496342808 0.29353576122366914491 0.36392399689645082983 4.6765354980497422233 3.8726144117985499271 6.0853531616232103829 6.1367669399262769758 6.1795925648554659304 2.86233e-09 5.13362e-06
23950718.685831621289 6171 1.6813537923948822517 0.20859799541137355461 0.23110762891185351875 3.869529429116053354 5.8281981467273791253 1.3387848939525068825 1.1390446733433945425 0.94958885187801211902 2.39216e-09 4.83556e-06
