25921971.252566739917 0 5.3993164023025936871 0.033852355529968021497 0.014063970932284149476 0.15216898109473867007 3.3298353830496227879 2.8201449603126400589 2.8092720110038786885 2.7982281004575533245 0.000954961 0.000356051
25921971.252566739917 1 8.9878586489057266107 0.082115686962347583799 0.061593961007357506121 0.85693319247985433318 3.6242067078813771097 5.3701474587878070821 5.4336230004577794617 5.4952911803448349914 0.000285285 0.000238018
25921971.252566739917 6992 2.0658805718255726092 0.20423676764289433461 0.10039452518982217022 0.21189901764269464257 1.0961981456843388205 3.5135433244986948864 3.5964929023993104096 3.6862289642785635024 1.98059e-09 4.54062e-06
25921971.252566739917 6819 2.0078846048983320927 0.2372188594215622337 0.25115978850454923066 0.85974493883219449408 1.7457346612593214186 2.4927257710179073769 2.3322276947034326078 2.1605170205579984355 2.46721e-09 4.88561e-06
25921971.252566739917 6751 1.2954593166097434498 0.34933234821723824215 0.24575272827355262861 0.43652430328872554588 5.8163764675364175716 2.3647454321150074286 2.0765769023470790344 1.7709821659753888223 2.66624e-09 5.0136e-06
25921971.252566739917 4781 1.598347136072267638 0.41219514264972584305 0.19252438332547583411 5.2225700238201717696 5.4197545867992715785 4.0750690433731460161 4.4676826817034038797 4.8675979219288487698 2.90062e-09 5.1564e-06
25921971.252566739917 6207 2.9172008187530451551 0.025425708411176851237 0.17950186537523971086 5.8222536086574709913 2.727209901993144392 2.838650480839370438 2.8309708488394167425 2.8231994621730307493 2.10618e-09 4.63463e-06
25921971.252566739917 5588 2.7959010878543995027 0.24663995659883361511 0.16738702794285220676 5.8064569744781691085 3.9230535610464523089 3.462467796934681985 3.5520758465725239539 3.6504981200409245545 2.40685e-09 4.84544e-06
25921971.252566739917 6582 1.7121463460890518071 0.25937953255188422874 0.17404265585294839691 2.854645458713921613 2.9917827970476089661 0.56766487829736134163 0.44015571510225109941 0.32963919480180414734 1.86721e-09 4.45227e-06
25921971.252566739917 6171 1.5641364357060747459 0.12623851514933276396 0.32515978562172359601 1.7049433535762843483 2.2337889234479502143 0.045956956779579200001 0.040480853257212012775 0.035372006027730842903 2.39216e-09 4.83556e-06
25921971.252566739917 5921 1.7173908305023477538 0.1978983526900752743 0.2074416779610918915 1.7946258123858518374 4.0280191084602403606 3.4123238902961463559 3.4714563645790939006 3.5355584294448934024 2.32801e-09 4.79194e-06
25921971.252566739917 6443 3.1924816724824647274 0.19054690375221472465 0.2410132360078122149 1.7501079510164858632 4.9001692205773936806 3.4962801880640967944 3.5696546161658329055 3.6487522386055122325 1.88164e-09 4.46371e-06
25921971.252566739917 5990 3.119419415609916868 0.068579354809347056743 0.19753625616486916727 5.1138328973008775336 3.119546356241659435 3.4034181233350264684 3.4217994408727796518 3.4407653615963584848 2.30118e-09 4.77347e-06
25921971.252566739917 6883 2.1984168779987682818 0.16318971528601608489 0.20932753173192042428 0.99214250063676712177 0.85207403914392054745 2.2353672610370343143 2.0993491658932779131 1.9584286855376566994 1.23696e-08 8.36184e-06
25921971.252566739917 6035 1.4215858026676453374 0.24671949604134668643 0.052048698080829916557 1.7917539755086437925 2.6573851707434803515 0.48080150619648781563 0.3765870421771617127 0.28585623813302823981 1.02512e-08 7.85432e-06
25921971.252566739917 6367 1.8083058282792832117 0.56229335225757359762 0.21764390454128790253 0.84385540216911125722 3.2816905583399589297 3.1813804865383059628 3.2167364065430077424 3.258949486491856451 1.45694e-09 4.09887e-06
25921971.252566739917 5467 2.9586392773183303184 0.11933866841606913245 0.15206232979457004473 4.7902449747871518326 2.3243708314074811305 3.551031167519251408 3.6014702713798603106 3.6544373601302631016 2.43648e-09 4.86524e-06
25921971.252566739917 2413 2.1299191533661532283 0.30154916356643757247 0.30587218450909431366 4.226231101573339366 2.4920313568963181616 2.7131345503726111978 2.5641879216087430926 2.3995869340770301648 5.65036e-08 1.38742e-05
25921971.252566739917 5694 3.1320523065243377481 0.13192737861981140846 0.31885657693495889076 4.9541054151038412812 4.6280362981041456294 2.2079479674606243833 2.0971832922923518971 1.9831151941060500832 1.21025e-09 3.85309e-06
25921971.252566739917 6253 2.180577973875561959 0.23312584196707858419 0.23792047060466173236 5.8093556559541355 5.8423163460638729561 3.9961852569295057691 4.1888902792723534674 4.3907948446578917157 1.17298e-08 8.21512e-06
25921971.252566739917 6484 3.1627477482216521665 0.089607355705297417336 0.25162850761334143446 4.4168224735628331956 0.17992253822221562776 0.90957536412971773387 0.84063937339008865113 0.77387564545340670197 1.88476e-09 4.46618e-06
25921971.252566739917 923 1.8791618303151411684 0.13949377339769145068 0.15605121538881036591 1.6515096964354585296 4.8982306700954305612 3.9260271566200795057 4.0301279849807745137 4.1383959424957810214 2.53731e-09 4.93145e-06
25921971.252566739917 6888 2.0015862206439853921 0.50078379531921379808 0.38741485279172260814 2.0433695151370576681 5.5404549182834488263 4.3144934636691241181 4.8534402910276996934 5.3492506752054023167 2.28028e-09 4.75897e-06
25921971.252566739917 5448 1.9155665587477321843 0.06762765189979128011 0.16369568966599165605 2.2983979011302970719 5.7899166977017264557 6.0801019470260255773 6.0933189837345009821 6.1060821896824206689 2.56033e-09 4.94632e-06
25921971.252566739917 6528 1.742110777363601759 0.22878922331794299128 0.28944079957202795139 0.61647528359726944114 1.7366936343844374679 6.1047232508706610332 6.1416636742539214566 6.1739343250581093514 2.31313e-09 4.78172e-06
25921971.252566739917 6764 3.2797528597364844494 0.035748913530438415631 0.28725577419463460549 5.9521210129447954529 2.4523944168433722268 3.0474464227992967835 3.0440237692698635108 3.040541319109814733 2.4069e-09 4.84547e-06
25921971.252566739917 5259 1.4917749489697396115 0.16333502780620615114 0.070918856396068971626 3.7132977730006340167 1.7626224069819314 4.6105299786058902001 4.7751234270122182579 4.9381371486679519478 2.21606e-09 4.71387e-06
25921971.252566739917 6618 2.4068206692514908518 0.68835609987832224732 0.4084781714092730609 5.3001089706184227879 1.2008792423077583322 2.0252416520091522933 1.2053362717357274381 0.56243959005110022442 1.98254e-09 4.54211e-06
25921971.252566739917 5328 1.7905140803263333016 0.59096123025226676706 0.47166680303818381281 0.33310097409864353191 1.9665970558787804201 3.5854576920951690688 3.9790063230156200724 4.4180399023775702716 2.1043e-09 4.63325e-06
25921971.252566739917 6498 3.2206675551712904415 0.081409451096388210645 0.13170359657334362868 1.0580304096636692357 2.3378724830709516347 1.6437638765611635172 1.5622388003984621907 1.4808323301421424389 2.50157e-09 4.90818e-06
25921971.252566739917 5668 1.4894911218955846355 0.37368465148389212738 0.21926941712348060887 1.2778504626158424529 2.7747460139186155281 3.1822184340508963274 3.2017484467035286499 3.2242141880295611678 5.17696e-09 6.25473e-06
25921971.252566739917 6300 3.254173758016671858 0.056562434852257502393 0.25388508433568302003 4.0405179886374966713 2.961627724784639426 5.2714767109762163955 5.3187467368693184255 5.365225735516381711 3.26125e-09 5.36181e-06
25921971.252566739917 5204 1.5206730108833468318 0.55514671250324898466 0.095746139604187124883 1.9953293882091158729 5.4092381891825480622 1.8553535239200078522 1.239703506650182252 0.71470811228909825186 5.21728e-09 6.27092e-06
25921971.252566739917 4755 1.9065817374393883021 0.057401204165910907351 0.072195077093328841045 0.78687857214638046166 0.3152564468654124874 0.27486609019693114542 0.25969327927678220735 0.24495356112055124975 2.39615e-07 2.24572e-05
25921971.252566739917 3800 1.7876179920524724043 0.25582415570804195593 0.046460134433816704935 3.7104239846835760375 3.0693659745328361055 2.0550447817239061443 1.8111776882498349384 1.562709179613670063 1.79108e-08 9.45995e-06
25921971.252566739917 5861 1.183590051277038091 0.13814582127313762561 0.14910102843837585995 5.8190768624040298818 1.8692877338265792009 2.7652849014789500082 2.7107668040687267208 2.6530741625770577485 1.95257e-09 4.51911e-06
25921971.252566739917 6719 1.5263168051930788849 0.057685132763921190269 0.27670137459678295633 1.3351192340350963583 3.9296394321857004428 3.0947928688837444966 3.0920117622550460368 3.0891528536176062758 2.09817e-09 4.62875e-06
25921971.252566739917 6923 2.2560237713227757617 0.34191787819320018649 0.26135794296468378706 5.5714197155681430829 0.75268318953535129356 3.7118376731941711277 3.9343890808102401913 4.1779435945510847716 1.67707e-09 4.2957e-06
25921971.252566739917 5480 1.4486741421095645777 0.24811248897418664017 0.25591644146726105769 6.1366791729946132961 2.7930609016792313781 3.4305979848425307566 3.5122574142836917588 3.6021324731364039451 1.6026e-09 4.23115e-06
25921971.252566739917 5093 2.1183890733234869153 0.095187130980093542787 0.21288489607334407094 3.1193787509715642514 3.9232416993369234604 4.4118326203939250973 4.5041992048364525303 4.5973309288059995836 2.98948e-09 5.20853e-06
25921971.252566739917 6676 2.0099026149802492469 0.16645915920835191448 0.32840252310525114288 1.4403839470025725511 3.2769217256611300471 0.22861274961464589373 0.19349441252881083297 0.16148610351396688878 2.23147e-09 4.72477e-06
25921971.252566739917 6526 1.3835747409230094718 0.2753099429960210176 0.14047105303424189948 4.4571277440466907649 5.1648124281831311322 0.58022011088596991968 0.44270541410165853424 0.32476659039369265569 1.74858e-09 4.35591e-06
25921971.252566739917 6951 3.0132306539489439601 0.018656073019172332572 0.088522180311064083136 6.0665988112296060919 1.5210879584104044504 0.99231164477824251868 0.97676929226457032129 0.96130912651898647869 2.54062e-09 4.9336e-06
25921971.252566739917 6202 2.1165889855729647095 0.28212680619821106642 0.55246155862258705671 4.7294443932064060832 3.3752397023619833405 0.97501859772101062696 0.7553643446706566067 0.56195119404244764372 4.75227e-09 6.07879e-06
25921971.252566739917 6083 1.9822120362440698305 0.22271351840703235148 0.18145292998894757552 0.28909887854980381716 1.8463270051223701351 1.0453238817420873463 0.86117584439653360739 0.69222331953136151395 4.91269e-09 6.14644e-06
25921971.252566739917 5773 2.0603475487707814118 0.13369587906336824479 0.2715952138762157686 0.83595563070812906048 1.0057429943856686094 1.1208797510425321242 1.0035122780111260798 0.89075805583684208866 2.82024e-09 5.10833e-06
25921971.252566739917 5027 1.4288545394254636989 0.34780606148385972975 0.085229472642777623359 1.2807598727098616909 0.63629134655136909693 5.5455429450310838035 5.7578797703483104442 5.9322966391956599708 1.92434e-09 4.49722e-06
25921971.252566739917 5146 2.7879892540293473857 0.056618786475718919926 0.13051557147674663906 5.3394515108526023894 4.0871946899548650123 5.8620846950373302064 5.8846622872223859346 5.9066336336166527232 2.55901e-09 4.94547e-06
25921971.252566739917 5492 1.8065434474966530765 0.21362872120116577213 0.086306246747463094549 3.2482772879505161789 0.33462842370451711949 1.3067083770831084966 1.104493169834375621 0.91367221110104590576 4.51271e-09 5.97488e-06
25921971.252566739917 5047 1.7129179672179386529 0.17684487612361071696 0.3304388993544907227 5.3144590667834998854 5.1489535731669837659 0.63330331017022711837 0.53496321420441739214 0.44480603517879285791 5.4862e-09 6.37687e-06
25921971.252566739917 6657 2.3141881913602162513 0.19056637170063339681 0.31561409897005804348 1.2550353404160197179 0.60718720176616813866 4.4325580535727393539 4.6218814885066556997 4.8116678705476667588 9.52311e-09 7.66378e-06
25921971.252566739917 6413 2.7722420224422896773 0.25151969849522859413 0.16752668846979751338 5.2110577423466031277 3.053720099234023877 3.275881972619966831 3.315065880958348643 3.3584793081601489462 2.71272e-09 5.04257e-06
25921971.252566739917 5928 1.4763217846964273861 0.10170328284747062741 0.19683097983368161299 1.6861987028965788049 5.0399615145507263847 5.8103637785563071461 5.8547763221819728585 5.8970263166489438333 1.85148e-09 4.43973e-06
25921971.252566739917 5018 1.5416877902279018109 0.24989151548889332322 0.17350931719021620014 3.73115787539107302 5.0967951650167453437 2.9883526667024917778 2.9440405762020360747 2.8949944657127084646 1.65949e-09 4.28064e-06
25921971.252566739917 6615 1.6246593793793695504 0.35351086509296897331 0.18311710815212378645 5.4463781012113798852 4.9031702417704288166 2.6306608197160952223 2.4189702300616184871 2.1851744211495471859 4.67657e-09 6.04634e-06
25921971.252566739917 5423 2.2197723226322745305 0.53490502744450030281 0.57801036840907893399 5.8493994749985853687 2.3798402652333114915 3.6913003835851045942 4.0884346364533605822 4.5225499094577550352 2.52578e-09 4.92397e-06
25921971.252566739917 5626 1.1924683229522270445 0.20886742611328990016 0.072983844992375118688 0.68672615942882619944 0.69773446672313454986 5.6462029699773799152 5.7618587447553046843 5.8658811804354309416 7.93289e-09 7.21097e-06
25921971.252566739917 57 1.71793526398900398 0.19579251382944207194 0.060070115831043026378 1.7598225733747878685 0.82613566707041585779 3.8640105514394158526 4.0049708565013437678 4.1537814491359794644 2.40925e-08 1.04427e-05
25921971.252566739917 1124 2.0186852041394676149 0.23024530106892293624 0.1796943910001856104 5.6187848800176212194 2.3308577358551567649 5.6517447896823300724 5.7774860633421951661 5.8890213268516378164 1.32419e-08 8.55396e-06
25921971.252566739917 5020 1.7109854397924588731 0.23946790358295899637 0.19996513813263236403 1.3244671134439882643 2.0679398584472457046 3.6254911971034129436 3.7519998002568044626 3.8892630730858819277 4.40916e-09 5.92883e-06
25921971.252566739917 6161 2.0341555195904628128 0.41046248797508722017 0.36667789347762985708 0.4992946140458124904 3.7719733506045924898 3.3500571156487324309 3.4624307298541090461 3.5918749934856228911 2.19638e-09 4.69987e-06
25921971.252566739917 61 1.6345785907265246717 0.066985366771076068626 0.015495885073382042671 2.4595209443006798011 2.2477926625087589763 5.1533936088390932539 5.2131646212355562398 5.271924884020398494 2.32681e-07 2.22384e-05
25921971.252566739917 6451 1.6274278084030091573 0.25408256668395912126 0.16230268415061238629 4.9288092955132576378 2.9156249784804249003 3.0018938934923511397 2.9606544712268232367 2.9149316732415186948 2.57122e-09 4.95332e-06
25921971.252566739917 6876 3.0483518682873835814 0.15888618917685021215 0.14071802664536123273 1.387917713077730042 3.0669476992171973428 3.4750805184596669228 3.5316851788537242385 3.5921054641189265055 5.7202e-09 6.46627e-06
25921971.252566739917 5132 1.3980228294594481131 0.16917699057514754002 0.30912798881507286275 1.5564879852610695732 5.6763237048850099242 2.6708906941529080292 2.5873079078994578595 2.4982640908004576374 4.5221e-09 5.97902e-06
25921971.252566739917 5470 1.7426821745829590427 0.18433708329439185691 0.22957662230479880527 4.699127762309770695 4.0305712771347659285 5.1530225792128048212 5.3144279392545685781 5.4663553590337707888 2.3944e-09 4.83707e-06
25921971.252566739917 6270 1.8658161498699230574 0.38749811060669003826 0.1990385438287036457 2.9843820701053132005 1.2594468197251924568 1.7200744282566533538 1.3146278131415496393 0.939774586249880306 2.07589e-09 4.61231e-06
25921971.252566739917 2778 2.0078620417857129254 0.25920871297142805689 0.10073395751165899192 2.0410382237368933644 0.754281734685377514 3.9349902995376924153 4.1413712645892299946 4.3594568644536746405 1.15158e-08 8.16485e-06
25921971.252566739917 5605 1.6712940198055652452 0.37499635173747747352 0.37135103677706321479 1.5387074386055634712 3.5620742134713707649 2.2167195035564777328 1.8682628475931448708 1.5097355418684803574 2.44051e-09 4.86793e-06
25921971.252566739917 5518 2.0233358548190940596 0.46042542548408466052 0.26050430452332384856 0.56347755916062935988 5.2359245851437021813 3.3088563705400888537 3.415686290113484791 3.5403117204571969978 1.73658e-09 4.34592e-06
25921971.252566739917 5490 1.5130021258228205649 0.30387704231925927179 0.28241681387526973435 1.093072976299901411 4.2957459141590428331 4.0573541382373043973 4.3283508607718630401 4.6100932704611583546 5.31486e-09 6.30978e-06
25921971.252566739917 5374 1.8706314048735606104 0.50946996086625695455 0.31622192463122889006 4.5479823634028591073 0.10412043099451138983 3.3611721539314607377 3.5236194055914089596 3.7135507644055634202 1.21754e-09 3.8608e-06
25921971.252566739917 2768 1.4098896442125725681 0.028240653834365293112 0.033994873777527863379 0.28712421450963598879 2.6958920665565964114 0.2502547465983790409 0.24335398395003760008 0.23654914042138205921 6.30548e-07 3.10044e-05
25921971.252566739917 5194 1.9089091023976159089 0.15388349549005658767 0.1046166095777845001 5.1341616025665839373 4.7903451296820289684 4.9305891613037546861 5.0789605446616796769 5.2226202729387098955 4.75382e-09 6.07945e-06
25921971.252566739917 4105 1.2393257124444676531 0.21184596799172358828 0.10118531485614919163 0.093302290714201374655 1.3267549562269140839 1.4691852784423931055 1.2590809532428788309 1.057444079821639793 1.26705e-08 8.4291e-06
25921971.252566739917 6324 0.66496925014952179556 0.16896062292145161421 0.093745327808716319429 0.81794900057816832817 4.9010895717242437541 4.3492705024655275992 4.5129491234706797798 4.6785605594756356496 3.61321e-09 5.54815e-06
25921971.252566739917 5952 1.8607173858537928712 0.46750363752109092008 0.4007715913652698525 1.4437250490889230736 1.1345950734343996924 2.8087460937360484436 2.597696372863153691 2.3557754168322317945 3.30338e-09 5.3848e-06
25921971.252566739917 6639 1.497376991011491576 0.22356986329188929807 0.31410120605356184331 0.99318443087485808185 4.0200443693384837474 4.5509710776221261597 4.7776298266737304843 5.0007240608972125528 2.07227e-09 4.60963e-06
25921971.252566739917 5312 2.9850886690686895264 0.02716191026795130789 0.14368795406878132059 1.4437504902453486277 4.4380241373552768991 1.9606523065051320032 1.9353948320839176045 1.9100183556873706614 2.46345e-09 4.88312e-06
25921971.252566739917 5514 2.1238569446090056481 0.31188472547861406658 0.22228273611448781666 0.46430008394547228612 1.8698949305022649625 4.5676528745002658027 4.8888537008102384007 5.1958950008835413925 2.23079e-09 4.72428e-06
25921971.252566739917 6734 1.9952766816435174579 0.17919973331421656937 0.1898330557928880058 0.59051330356998821269 1.5927242329575348467 5.2777726164658300689 5.4230229906431031139 5.5588471515198740747 1.24231e-08 8.37387e-06
25921971.252566739917 6073 3.2357726918397764493 0.078128735713792918371 0.23591753811229057569 5.2715745591816345339 3.2396858473131073808 1.376365611210198292 1.3002044770661764783 1.2249186223898698156 2.87152e-09 5.1391e-06
25921971.252566739917 5364 2.6354332518491125903 0.13979622708020114641 0.047640655682872290466 3.7533567053645158218 5.1680769241902586586 4.8365665755902673695 4.9745490821563809192 5.1095688082000725316 2.91675e-09 5.16594e-06
25921971.252566739917 6028 1.5797299022826560844 0.1881289169589797361 0.0909368417911271959 4.2498117926612373196 1.808078138240324817 3.7297546131821603943 3.8439800303433067086 3.9655191775128142417 2.1303e-09 4.65226e-06
25921971.252566739917 5806 1.5612580942239318027 0.59223609639635776958 0.18555794810854597809 0.38721241723383892364 0.81926770171281659838 3.210841768077503211 3.2782743346276559393 3.3589703522293037352 2.32886e-09 4.79253e-06
25921971.252566739917 6521 3.0073605843169977092 0.075808338756072637943 0.15657157439399690957 2.6031911442337092311 1.2195482744780155038 4.2307111742810619148 4.2991683030053113868 4.3685960264626260141 2.953e-09 5.18726e-06
25921971.252566739917 2010 1.8291523474643063274 0.21944155987332078506 0.17374113133441168588 4.9653586124941568869 5.4095344272478405045 4.1531917257230865914 4.3526306747796574825 4.5580240114978298749 1.54172e-08 8.99881e-06
25921971.252566739917 5455 2.1854153820157722343 0.12291980959996558209 0.12516975949414674285 1.9604328943787152628 5.0728791157809540735 1.4473541042806514767 1.3259777189834396349 1.206723217469870324 6.22928e-09 6.65267e-06
25921971.252566739917 6780 1.9810129512122129913 0.43284370665312082993 0.38215710180566603293 6.2216722431363189472 2.4250688284954433627 5.9896252784044730078 6.0976888054961060348 6.1775201355710835927 3.2776e-09 5.37076e-06
25921971.252566739917 5170 1.1586992043288633081 0.44391397410908095544 0.07707598172758008126 0.091629447661349380794 3.8331863890541941764 0.75055680972979799126 0.47954913560876216705 0.27473645506448651776 2.19546e-09 4.69921e-06
25921971.252566739917 5540 1.8450590191030913356 0.18177424536341585393 0.17683126130963469635 0.89504478401512321817 1.888897385240036142 2.4692974552043125414 2.3464770375669847802 2.216700303159456098 2.31531e-09 4.78321e-06
25921971.252566739917 733 2.0765275325777330373 0.041076188267295372925 0.091329294487741505271 5.178186119325868475 5.0218432940978381396 3.1447205146134447062 3.144851745611793703 3.1449856164522804747 4.51209e-08 1.28719e-05
25921971.252566739917 5469 0.88261629134976282707 0.23447191246354512351 0.10520530362177639427 3.3521969058265321806 0.85030452065444273035 2.9074993024055246771 2.8451491692699337754 2.7766550757838617258 2.51139e-09 4.9146e-06
25921971.252566739917 93 0.95819224206757847018 0.043132640062553677385 0.054592502055500924385 1.6608144868234002711 2.1754213084119151667 2.1779943462874049587 2.1421173032014273474 2.1058346698686571941 9.6366e-07 3.57129e-05
25921971.252566739917 5525 1.4771257779528574883 0.40490949174909485198 0.12664861530708612647 2.2796866262832269356 2.0816851834702321256 3.4886533372824515276 3.6677827906427085125 3.8711455474902578544 2.22151e-09 4.71773e-06
25921971.252566739917 5178 1.8635187995300077635 0.27093243357994545306 0.18275205340319528036 2.4617510707665926084 2.3914775133906980287 6.2032547889976381583 6.2226325579712131741 6.2390282378896220195 9.33283e-09 7.61239e-06
25921971.252566739917 3770 1.6300359687627015148 0.41191984425282707205 0.17123143239015140016 0.96886411476515799102 4.1607095307426416042 3.5444364410232047646 3.7544425451579339637 3.991379267364932204 1.55823e-09 4.19174e-06
25921971.252566739917 5688 1.2578247561246025388 0.049048631670693364215 0.36105169089635341662 1.7695518283183366837 3.484086211075964723 0.51833365957075339114 0.49452729745463674949 0.47124804999989106102 3.26046e-09 5.36138e-06
25921971.252566739917 6053 0.91768213915421248394 0.22635431111706533214 0.051889651261961697304 2.6835859377926318814 1.3733530359170436075 3.6950335653154988691 3.8284050864810890147 3.97193082173981038 5.31336e-09 6.30918e-06
25921971.252566739917 5181 1.328271329749568519 0.28880479956107102391 0.19520192339676789572 0.36891536558543946978 3.5957483397566107897 2.3533522314293948696 2.1208542284211957529 1.8746497956353258552 5.47157e-09 6.37119e-06
25921971.252566739917 5623 1.3048109616520071619 0.19769678282588726281 0.13382339204407950328 5.9143587710418881187 5.1971925916115369048 0.27233827414580724646 0.22335192756926766644 0.17956218337328833101 2.3084e-09 4.77845e-06
25921971.252566739917 5316 3.4906173299585758762 0.07058974104086676582 0.21712566587981985133 5.4543353275677519676 3.3912128031680821572 1.3305164879996826954 1.2624678326283620411 1.1952069522497659193 2.96988e-09 5.19713e-06
25921971.252566739917 6874 3.2677033537001904939 0.100254222904248666 0.25613370806009749803 2.341995270847233801 1.4660448517504038879 2.5358934307110798656 2.4762225912828266239 2.4143306168259086597 2.61974e-09 4.98428e-06
25921971.252566739917 1959 1.5640535298043569679 0.34724206237936616759 0.077618184726822775366 0.83714847033666150988 2.9383783596305530494 2.9552621415737836408 2.8747215921163933317 2.7831488057984992146 2.04943e-08 9.89451e-06
25921971.252566739917 3953 1.4608556830964616324 0.14151120242309198072 0.45500926621564036223 2.0314560211649035359 1.8505788678059205132 2.8862846823663090845 2.8477168990546717353 2.8067262000767869701 1.87457e-09 4.45811e-06
25921971.252566739917 6642 1.724553083835956846 0.35952537012372659531 0.17947763606913666456 5.9858713150627318456 5.2203143687956066188 1.3915237419142871822 1.0409085306470453602 0.7306871079461219054 1.26355e-09 3.90884e-06
25921971.252566739917 4189 1.1663468703004291616 0.043617026908735222201 0.043719633538882592128 0.90612428551000601118 4.1595403588930235372 0.90275183616650878093 0.86895471855829742314 0.83564637992849977177 1.29246e-06 3.93842e-05
25921971.252566739917 5324 1.7917795837057095554 0.019033784926879779298 0.23150152115883307347 2.9176504123745936603 3.0225357534826384764 4.7674605985983360412 4.7864567253127088264 4.8054383241384712733 4.64884e-09 6.03437e-06
25921971.252566739917 5380 3.3559023373009151392 0.076452273436035098064 0.22071593484968368704 6.170460224149270978 4.9586752395125630599 3.0719720283309230879 3.0664344131900755919 3.0606938029638657284 2.14422e-09 4.66237e-06
25921971.252566739917 5451 3.2627231663170026543 0.087625624784225170094 0.060935215617836956115 4.7146716291100876361 5.1218856928550193786 5.2678222936815526367 5.3406988745208989755 5.4115899389389907626 2.58702e-09 4.96345e-06
25921971.252566739917 5538 1.8549407704405773689 0.104891252345622632 0.063154769735043289614 0.68326245635730076255 0.81952839101692820378 4.2791756356101764425 4.3767182441812231275 4.475755471660794349 2.97954e-09 5.20275e-06
25921971.252566739917 6532 1.845808944998625023 0.097863172971757908525 0.066418709141856338563 5.2041506875556891032 4.1297971255388752354 3.0299347426842628828 3.0184440205011222602 3.0064227433185046756 5.62757e-09 6.43118e-06
25921971.252566739917 5245 1.9224384378351584424 0.61645343887366665925 0.45765051482010316031 4.9918638650147890701 5.2861139242962575935 1.8816087523960824957 1.1779830786649101437 0.60848130006014267135 2.53784e-09 4.93179e-06
25921971.252566739917 3751 1.7459275188196425876 0.14091931767823384636 0.1225942814341245829 1.6635939836763589117 4.3060721096881859893 6.1791409379654824718 6.1928817522688603958 6.205589979133524281 2.30157e-08 1.02847e-05
25921971.252566739917 6233 3.1038469548278939669 0.12629571676412923442 0.21339577278486657197 1.7957797165263240657 2.8326175272273088623 4.1990052081962652153 4.3128888177864030951 4.4292394446125973317 2.38928e-09 4.83362e-06
25921971.252566739917 5382 2.0023860134284454659 0.38376796944745744655 0.30208650369794776136 4.0814104411749179135 0.9762517046059927539 2.6518217050723866812 2.4249649895900642349 2.1728886928949604496 2.55203e-09 4.94097e-06
25921971.252566739917 5567 1.9552057186452873605 0.26176216738005658735 0.18306151286601635153 3.3425644204990825337 6.1191967541661016483 2.830198816879622381 2.7367911405556655247 2.6336996911159049617 1.31986e-09 3.96606e-06
25921971.252566739917 117 1.6345773239488901041 0.27559504190257649858 0.041673440536325760675 2.9913879213611642705 0.53445558750242105894 5.6747958485914349325 5.8185671362071795798 5.942056170944777449 1.39228e-08 8.69812e-06
25921971.252566739917 5708 3.1514503009141505707 0.20051583068209713479 0.19735641591718816601 0.63699643534621330776 1.8058342011290937634 4.7513515536718289312 4.9522963404900641748 5.1470693960630411468 1.65544e-09 4.27716e-06
25921971.252566739917 6956 3.5005692068588714072 0.1652233206445517244 0.3886105629776439585 1.999421954208652652 1.5059407840694214453 4.7944318379005643749 4.9587454833986281955 5.1189802830918509358 2.20649e-09 4.70707e-06
25921971.252566739917 2850 1.7534201058639811155 0.22782532266694158207 0.35509780915076444296 4.4678504934328708842 0.30385521691952160905 0.21195764285411011763 0.16832231138280087657 0.13015505234495797215 2.86233e-09 5.13362e-06
25921971.252566739917 5235 1.7090583036470503586 0.21695957614666472324 0.095520056608503392526 4.5739011783659648813 1.3074032077721420286 3.1139725704923311156 3.1071611754369223846 3.0996924124712124105 1.69779e-09 4.31332e-06
25921971.252566739917 6722 1.8307835666464244984 0.26041758091115502216 0.18719324199859271873 5.0767976944458741428 1.7942077391433823852 3.1429703671814879229 3.1433912048963215113 3.1438595790241969929 1.78527e-09 4.38616e-06
25921971.252566739917 5002 1.3413596663857545455 0.22228935584244449708 0.21393051797621331911 0.64945773890776681281 0.69152258144762845937 0.46312836965030174108 0.37182639799973987715 0.29106475635161138671 2.79003e-09 5.09002e-06
25921971.252566739917 6473 2.0662513342654422743 0.12322487991054120737 0.25078427814734882695 2.4641144859493668839 2.6867092960722271933 2.9873409724330222126 2.9670998308500324825 2.9457069215739992707 5.43469e-09 6.35685e-06
25921971.252566739917 5815 1.5502840230752772399 0.2575391819355453138 0.25564786999296490455 0.77791232000780552447 0.9236403122729529569 1.3693779707992759231 1.1205617493987860556 0.88868762317931371264 2.67562e-09 5.01947e-06
25921971.252566739917 6211 1.6681774851927155812 0.047899210371769515571 0.012798784032438318206 1.1243195897905771119 2.0769941648719307814 3.9242742123710843138 3.9586521026900212128 3.9935771684251450964 2.33777e-09 4.79863e-06
25921971.252566739917 2174 1.1350506899133705474 0.08277014951660234543 0.29444507808094577683 5.0872030923903164279 4.6268190310594894399 0.82593461815170432505 0.7666624515980033916 0.70924187673894756312 2.03153e-09 4.57921e-06
25921971.252566739917 6474 1.0896898521183799868 0.31165923207067419698 0.16720472444545372848 5.0964365016923913743 4.8519261518590894866 4.2987910708441559038 4.6090349819947444843 4.9190311157064519065 2.46607e-09 4.88486e-06
25921971.252566739917 5873 1.6766148363660486886 0.14834331823705279585 0.14549290393658137477 4.2398851119306808499 3.86358021560575704 4.716543260446359298 4.8653888767711332974 5.0119992973972991024 6.23622e-09 6.65514e-06
25921971.252566739917 5741 1.9756518826528985944 0.30835676985675086748 0.23283003539283708694 0.47408752208070015222 3.8683883083631402933 3.9630294492157922548 4.220897448941652641 4.4927540045500302668 4.83963e-09 6.11581e-06
25921971.252566739917 5780 1.7063616996400021719 0.13376863473237890489 0.16539508848619519088 6.0030950256672168663 4.1158440472983262026 4.4233070467223889466 4.5544306718224305541 4.686533954490279541 1.95079e-09 4.51773e-06
25921971.252566739917 3982 1.41244679781917859 0.079908901894335540583 0.067371425112489877196 4.9029877567020134776 3.1381474934623838635 5.0265953962716478642 5.1017484846215879202 5.1756763953279749657 1.70782e-09 4.32179e-06
25921971.252566739917 6155 2.1972728817960049952 0.2423548921309296722 0.30571604523173401269 0.65240824153784815476 6.1708665436161469486 5.6638676115862178762 5.7934944021352769994 5.9074867868998177656 3.03729e-09 5.23615e-06
25921971.252566739917 5782 1.9235683701873149687 0.13532401063552881859 0.19804751307180618047 0.056360459411360024073 2.7548209410011144094 6.0079822979667918403 6.0426536800023376017 6.0748904281207609657 5.0598e-09 6.20718e-06
25921971.252566739917 6417 2.0422361066315963818 0.34857347970390994973 0.12892922494485947738 1.6938877639352041271 2.8137968642809725317 2.3229213313183501022 2.025520142777583299 1.712367875221886937 1.63097e-09 4.25597e-06
25921971.252566739917 6237 1.0065489435047223488 0.19695440306405531672 0.34896332668487289874 0.4870514141773192307 5.5187605478455594721 5.3850906921519863246 5.5313214512803607903 5.6658415720697847817 1.89473e-09 4.47403e-06
25921971.252566739917 5750 1.4057445470189264825 0.21284315681828011591 0.11003073823395738418 0.24446116630292880068 5.8108862471562705565 3.8610844201142056065 4.0151699133001335085 4.1783420230233723203 1.52873e-08 8.97346e-06
25921971.252566739917 5661 2.7268014976594598942 0.20573604431992342789 0.11676855567438415573 4.9799541485846461342 5.9628557777727646538 2.3744215546606328715 2.2187123531802810383 2.0546701046015738434 3.01386e-09 5.22265e-06
25921971.252566739917 6303 1.3425940358596093471 0.49316909346615217524 0.41517307463651281774 0.084124846743770631541 5.7346026562088274758 3.1275309227497296582 3.1174576256578996336 3.1055561313263684298 1.48051e-09 4.12085e-06
25921971.252566739917 6335 3.0997151763195569529 0.02804220093571854755 0.22579858031857674705 1.1465420003241975078 3.9107176461957227076 5.3541417098215404735 5.3764213114495591483 5.3985049239729461235 2.80706e-09 5.10036e-06
25921971.252566739917 6290 1.5760765626128556693 0.11225387697370130258 0.048490237119618043171 6.2300740772245202237 2.4901785933458464584 2.2360953853344276432 2.1443759202893741822 2.050086713518138648 4.66797e-09 6.04263e-06
25921971.252566739917 5215 3.0452864483654815686 0.074954902215653443354 0.25783317069136169053 2.8690461844476402575 5.8783903493060485346 1.6538711731976305508 1.5788710577381408484 1.5039185990869865517 2.09099e-09 4.62347e-06
25921971.252566739917 6358 1.8792693482124369631 0.16916770801342576047 0.17455238850964563402 1.7632730308899138283 2.0939818585596134959 3.8136936629293436418 3.9272435363162889743 4.0468933961836865976 2.40091e-09 4.84145e-06
25921971.252566739917 3761 1.3853577682032833795 0.29084658329484169847 0.085279059297119555461 1.9638371785453634377 0.82614687575343648263 3.9704285166487873759 4.2128340421241690095 4.4681379656163597858 4.38307e-09 5.91711e-06
25921971.252566739917 5048 1.9713595724357622085 0.22686764247807936212 0.11490576856357144486 6.0314192621074527167 4.3522949228143845701 4.6956235397938161924 4.9248898108880450053 5.1466544137670133807 1.54672e-09 4.18139e-06
25921971.252566739917 5673 1.8339331483346623664 0.28681503242871192461 0.15293742571500704153 4.6653674714925470468 1.9534071000095392101 5.8193903922753342783 5.9351383796590990727 6.032960229258494067 2.67237e-09 5.01744e-06
25921971.252566739917 3324 1.6591966252639582802 0.06406634716314553446 0.14003164286680974682 5.7113439162223524903 5.7085028138347890803 5.1663344197892318022 5.223157066490049516 5.2790465801547643565 1.99813e-08 9.81126e-06
25921971.252566739917 5034 2.7888276698537839415 0.14752068880473714896 0.11386120409754180161 0.72740830136854306431 5.7594092218001398109 4.9744444711329318665 5.1147808590150702912 5.2505186158565058108 2.20492e-09 4.70595e-06
25921971.252566739917 6957 1.4420881858976988266 0.20044174216575022518 0.30538618661274491428 6.1859565320786771281 0.1895035382752374431 1.459273946167416014 1.2609304854708835997 1.070034883986527241 6.68595e-09 6.81142e-06
25921971.252566739917 4112 1.8347046855197859383 0.10995070301533999002 0.14088812333180492087 0.24991058541845437291 4.7342896507880043444 0.54131497787435944868 0.48706678301716571644 0.43560591847649549058 1.99037e-08 9.79854e-06
25921971.252566739917 5344 1.7430671104170967212 0.10715192091178254996 0.14409211789753528787 1.2919119528295741617 3.0867110667039474592 3.4333428135625640998 3.465925762424884482 3.5000725867302091565 5.14004e-09 6.23982e-06
25921971.252566739917 6577 1.8379421951255612289 0.3398964801039679462 0.28619426678892145866 1.195123673810376097 5.00169273583976981 3.3993525184141382134 3.5067624503431407135 3.6281421687446329116 1.63583e-09 4.2602e-06
25921971.252566739917 5446 1.4150267182298292834 0.35482037701644447703 0.059572915348474739239 5.6054357939515941922 5.4975416819089657494 3.7025091818656274967 3.932451773375132742 4.1847140516904364205 1.5065e-08 8.92976e-06
25921971.252566739917 5123 1.6150594410709400162 0.42420836315488014145 0.070669298529660057318 5.8839792145324318895 0.56280134932903291833 1.7460772076272186304 1.2976309434697321787 0.88915147887489931477 2.85229e-09 5.12761e-06
25921971.252566739917 5200 2.191326643214396519 0.41023892461473709936 0.29263276671014576413 2.0668355911884170872 0.98706000600401988532 1.8469555674638926668 1.4152665655260423527 1.0099793857339600667 2.18438e-09 4.6913e-06
25921971.252566739917 5511 3.1584689719925544971 0.12065129666243311346 0.18447932888713336474 5.2382667280286723255 3.3536712194354629801 2.9695784826652222854 2.9475372462216649083 2.9242708793400735701 2.90982e-09 5.16185e-06
25921971.252566739917 5957 3.194393701721334633 0.0081485774448238866563 0.094906924487362626097 6.1581073366637442135 0.8184997792745583034 5.5066634533293106202 5.5123575265973139281 5.5180348790329141195 3.45473e-09 5.46581e-06
25921971.252566739917 5962 2.9082406905346136483 0.12634826348079658542 0.18677797390814848688 6.1247070974512149988 4.6058242910235067669 1.7881811642877278867 1.6627567995089123087 1.5369424061190992692 2.88829e-09 5.14909e-06
25921971.252566739917 6826 2.1788648070262461864 0.58621170154251944773 0.1816970498125036193 0.70258244903554512018 2.8202076302783884998 2.7002608709063848913 2.3139288533121749047 1.8822702757679175001 2.5665e-09 4.95029e-06
25921971.252566739917 6891 1.5545303617471586399 0.085678010780867119855 0.25552597947739846829 0.6880962664370776638 1.5572022716402669218 6.0410056582757292176 6.0607667167436618527 6.0796663673458342103 4.39964e-09 5.92455e-06
25921971.252566739917 1399 1.6669667868527999754 0.29221538531351859413 0.053050045854193393635 2.2471513004037988459 3.9193560017140902652 0.055872062263757078793 0.041355083609976930892 0.029273936221609828112 4.64728e-09 6.03369e-06
25921971.252566739917 6752 1.8599638628976877808 0.29816431736491866289 0.04758129606793809474 6.0146208979137982809 4.8138117004712990266 2.6331964814318040702 2.4622628460216322566 2.2749346257328952881 4.12549e-09 5.79885e-06
25921971.252566739917 5597 1.7083626420265454193 0.39521366502949395461 0.44843382843717460862 1.4718464424084463094 0.48845717682472211685 3.8112527483080049784 4.113903441310899467 4.4404249390148491372 2.41109e-09 4.84828e-06
25921971.252566739917 6928 3.1904948434220226083 0.090471093999205387526 0.22151541844756242328 3.3091675481240110379 3.3691636896735430717 1.6235606968054161481 1.5328751398218458668 1.4424690874872501123 2.08658e-09 4.62021e-06
25921971.252566739917 1123 0.74142269994255327603 0.061543742964753830882 0.034316674733837045086 1.1753417762648603606 3.1148824317581564891 1.3047654715252514634 1.2458248736094128528 1.1875023399198190166 2.24683e-06 4.73559e-05
25921971.252566739917 5640 1.6390981016283170391 0.258875341608294951 0.18960097883373058791 0.27993219892013643246 1.1127028750980523242 5.5047332206485712902 5.6734085648634167143 5.8216624482952461506 5.24602e-09 6.28242e-06
25921971.252566739917 5842 2.0582857700555519109 0.38160388270198519756 0.7557619341666171886 3.0883132951822891421 0.50629348259044748559 1.966649538279681142 1.575476712885178765 1.1938770098855533419 2.75394e-09 5.06798e-06
25921971.252566739917 1444 1.6929359733911386598 0.065544058737935173564 0.17185168510651072094 1.2697978804721563595 0.31987953699844373645 4.0236158804286450419 4.0753393317828550124 4.1280271987358680974 1.72307e-08 9.33865e-06
25921971.252566739917 3487 1.5792085555538106778 0.34960084901774846067 0.092705143441117174308 4.4897378116196682285 1.7166656665719801644 3.8360234507884563016 4.1026480716136450866 4.3892495944128038232 7.96126e-09 7.21956e-06
25921971.252566739917 6404 3.1101400741043963016 0.1767986687437398674 0.2582151262928423785 0.95160970054399118823 2.852328263651141782 2.7554378478042158562 2.6823161064495213424 2.6039413027217355179 2.07676e-09 4.61295e-06
25921971.252566739917 5424 3.0689920013613156691 0.040840996376831417702 0.26404522132447844074 0.43282829170500874971 3.2177561560384519979 0.71764531210681326012 0.69118534563769318257 0.66515121459986192853 1.80053e-09 4.39863e-06
25921971.252566739917 172 1.8247590893769933817 0.21206623964650853087 0.17390955230856774971 5.8292301333281786313 4.509924010959673879 4.4393010956456331328 4.651214149432519207 4.8628836987152030957 2.7327e-09 5.05492e-06
25921971.252566739917 5929 3.2243959480004273921 0.16527422424583740335 0.20364991349743519211 4.1177699955973441348 4.9163142874760783485 4.392554212546219361 4.5544229258405497518 4.7176393679305821394 3.18574e-09 5.32011e-06
25921971.252566739917 1642 1.6203165569129875934 0.14135761118585299378 0.082618188711007484182 5.8871869164202523805 5.4798360158966348266 3.8492124907168827619 3.9467545513358182063 4.0486653099466467509 6.44407e-08 1.44956e-05
25921971.252566739917 6775 1.7166793712974131036 0.19926463796370369463 0.081121809687849377735 2.2677815968696273252 3.4314790730563928811 5.4433021585136627252 5.5835055214971811566 5.7118265165501238556 6.39874e-09 6.71246e-06
25921971.252566739917 6061 1.8201347100848068727 0.21562320300773532566 0.031048881209003564852 3.9642456958617611207 2.2173954187861548704 4.0354590214878225396 4.2175083695219415247 4.4072622687032980693 4.03777e-09 5.75746e-06
25921971.252566739917 6895 1.6496664875111999304 0.49334288116618252307 0.14247006477035983885 0.37749185860313816399 4.2206258137542516096 4.443922099328069919 4.9779299839495632085 5.453981525601779623 2.5437e-09 4.93558e-06
25921971.252566739917 1810 2.061744135509910425 0.57320624549313525797 0.52619735907597331437 0.52490203670558421845 5.4378963303208864843 2.9946803007239033434 2.8608817850120997761 2.7020814359353906298 7.36354e-09 7.03416e-06
25921971.252566739917 5072 3.1156484392273871009 0.10544472488970141333 0.23357036641561132462 3.8744206680951589483 4.6677533122800136667 4.0659807721923071355 4.1531087065421719018 4.2424875779172159795 2.73643e-09 5.05722e-06
25921971.252566739917 4722 1.3972449822102563921 0.091611615904861387616 0.2057837109320405089 1.706688298957023342 2.6650624421166875244 0.31368788667665675751 0.28654664194147655421 0.26065340955362237274 1.70563e-09 4.31995e-06
25921971.252566739917 4786 1.2615511206399732114 0.22494700664991923444 0.1206161349995875931 6.2772285762922734875 1.9210944365984836679 2.3712977755041504402 2.1989210195494259814 2.0169094423960696183 8.41208e-09 7.35334e-06
25921971.252566739917 6756 3.2108227253220120723 0.03235829346033113757 0.31126286327595625858 5.607718277452139688 5.4579484613291606721 1.6684291370506756369 1.6361684109747378635 1.603879234630233297 2.22448e-09 4.71983e-06
25921971.252566739917 5182 1.9696693031572669597 0.12187856641367805777 0.16423856967012984143 1.2984686238400602321 1.5307203287227164612 5.111054583250484562 5.2210696671329674956 5.3275169209277253302 9.37786e-09 7.62462e-06
25921971.252566739917 5372 1.9402773054579505185 0.19968561839930487611 0.21057112730965404923 1.383764813477839084 3.0929979042691115865 2.0958887021784589066 1.9125680322529230448 1.724431761696909593 1.39548e-08 8.70479e-06
25921971.252566739917 5855 1.9855756093456085054 0.18231467284224656122 0.24385262223198606035 1.5972605543789812899 0.080735174685502356096 4.6704327677948072051 4.8543174485171931565 5.0347989565544093438 1.88487e-08 9.62226e-06
25921971.252566739917 6156 2.0534599309222936192 0.18711298488849040234 0.19486394383877372882 0.69754160329667913576 1.955016506940646881 1.1968684926893364828 1.0273970581647278166 0.86723656803263471371 2.69058e-09 5.02881e-06
25921971.252566739917 1410 2.0252984891306140547 0.10123117031108348762 0.22166285918100767094 1.606272114107348159 4.0123569084513732719 3.71120271219673592 3.7683655215520666104 3.8277410532240248031 1.96181e-08 9.75145e-06
25921971.252566739917 6507 1.8037497927330887748 0.39277691492050204047 0.40772390394225643817 6.1133362365994194931 0.54049463676266462642 3.1042114544895693662 3.0849876966081781759 3.0627664472689812847 1.72019e-09 4.33221e-06
25921971.252566739917 6653 1.9808495786157978014 0.29050000230196448836 0.12242663413201895772 3.4382651280588492071 4.7627841617575636946 2.2273188761552940029 1.9701311949238387022 1.7024877895098831093 2.19009e-09 4.69538e-06
25921971.252566739917 6914 1.9455637106410266224 0.15437981733695629871 0.064054636819991128682 2.2636961972261224751 3.2465450964327939865 5.7963466272407515589 5.8643135691164687273 5.9271044707163236254 4.41745e-09 5.93254e-06
25921971.252566739917 6633 1.2086408814255116262 0.17634981883478431652 0.2705543579440290447 1.9861949008429335972 2.1730581935954003114 3.5895233467985168119 3.6731585342417951701 3.7625473959167079485 3.02269e-09 5.22775e-06
25921971.252566739917 6942 2.8148202382190241622 0.16337862656595222854 0.17765860154867876841 6.0076239954009968969 3.8913472852340511565 1.4228744569992566316 1.2624801050970997363 1.106805455401437488 1.34834e-09 3.99439e-06
25921971.252566739917 6832 1.7671360827933417781 0.21480452701316443687 0.11726211771482239477 3.7170399631791419814 3.8178227462283120808 1.3340676765688628258 1.128763024656710634 0.93460470757485536453 7.86044e-09 7.18895e-06
25921971.252566739917 4502 1.0367338451889493989 0.21308498858597713088 0.1823036455595891947 3.7985777555121749138 0.48958158772319237961 3.7310117353789014061 3.8624395946159539861 4.0030801982026611441 4.58456e-09 6.00643e-06
25921971.252566739917 5426 1.821973715823848039 0.19765382472740347652 0.11944532321637776895 0.26458372367410637471 0.71641649215214542323 2.7625286084002635967 2.681153066285842268 2.5933271789266152396 2.09851e-09 4.629e-06
25921971.252566739917 6089 1.9098004967651609487 0.36443303000809867953 0.24648179053322821774 0.98099797003593725009 2.8633048361600761389 1.4340672834240371092 1.0735123841725031646 0.75321894681888013068 2.91473e-09 5.16475e-06
25921971.252566739917 6690 2.8807172004993804038 0.076137249775672849461 0.080054331968276298825 6.2202819886012390427 5.7477689925535333515 1.0208084382172997184 0.9570962931939491769 0.89485235684876662798 2.63564e-09 4.99435e-06
25921971.252566739917 5386 1.8986936241739564846 0.49075617702023754951 0.18299379323372941264 1.2426917248430429108 1.9695866741670826627 2.0153784351616956805 1.4938121878492838235 1.0045095401349080078 2.3788e-09 4.82654e-06
25921971.252566739917 5291 2.2054182459238291791 0.2446360877970266412 0.45049836784504437848 5.7675104477434473438 5.1958954983045133602 0.98486538573545567843 0.79179459011071140484 0.61770782136021906705 2.6037e-09 4.97409e-06
25921971.252566739917 6457 1.899514167068584003 0.33057612702161720541 0.33189798840635076349 4.75151649373650109 5.9324631832931631337 2.2345912514520960279 1.9375247919615650183 1.6289301950327375046 1.33039e-08 8.56728e-06
25921971.252566739917 5100 1.367804582247841072 0.41348942920200448814 0.16325435078884489859 0.87723051827830966776 5.3062571905912099268 2.9147829080308582661 2.7915894733173356457 2.6498036193550671413 3.86655e-09 5.6749e-06
25921971.252566739917 6055 3.2372209864515260058 0.051391252943923070029 0.092067454697489975457 5.8591013311093256277 1.1855679190706742698 3.038783806592035841 3.0333676308770147756 3.0278166622826789833 3.0525e-09 5.24488e-06
25921971.252566739917 5142 1.59665821986592249 0.21926108516395098613 0.12539327943432618251 4.108446290164980752 3.5981561141573621398 2.6607656256972211928 2.5470244701310091884 2.4242051333978449357 1.02472e-08 7.8533e-06
25921971.252566739917 5984 1.6045312884169244949 0.39625717732250137493 0.32648739509078816834 1.9274190795798968878 0.17247915234038080357 3.2490654602545863128 3.3048255919392572899 3.3692209548829783472 1.83318e-09 4.42505e-06
25921971.252566739917 6291 1.7786495345946178315 0.20709733838014163232 0.16613647741318210427 0.73197005403713033544 4.0922920191486280572 0.060482503878596334534 0.049024591056282790236 0.038875795160689362306 4.97801e-09 6.17355e-06
25921971.252566739917 6390 3.2279061144446412612 0.10818195576962019722 0.28119098865562264233 2.1473288723862093974 0.72283466642422011805 0.068625625439306670028 0.061567593534537723432 0.054911297905198372393 2.74624e-09 5.06325e-06
25921971.252566739917 5954 1.7631040986934105597 0.24852707026023235226 0.066328410346871188863 5.197869368047560279 1.2744060601547846368 3.7989189108770253789 3.9699013624290131474 4.1530133503474093715 1.68237e-09 4.30022e-06
25921971.252566739917 6542 2.3347041363263114633 0.5887453241665603354 0.11030888653513377939 5.9786278793450060576 4.8815549456087232727 1.1060200700985332034 0.60858435193879112379 0.27199479187002922886 2.35942e-09 4.8134e-06
25921971.252566739917 6732 1.3626391148545262677 0.1275025713572592867 0.088336998687061477065 2.424818066121281035 5.1289578521161232061 5.8483056194802101047 5.8992722229236020937 5.9470285103499458401 3.70815e-09 5.59632e-06
25921971.252566739917 6286 1.7337179329132996752 0.17900918485199834862 0.085409048194908396279 1.7277539652018734095 1.8710897586988397556 3.9402309351560949047 4.0779862475938726263 4.2221648703729757202 2.66284e-09 5.01147e-06
25921971.252566739917 5405 3.190209053869951461 0.049753822071932567173 0.17984725082061434054 4.4292799216806493234 5.4672918539531423221 0.81017774509074957923 0.77472540034808934362 0.73992161324009297907 2.93677e-09 5.17774e-06
25921971.252566739917 5098 3.1872119046990281532 0.08718880466739417634 0.10215727211389530327 1.3203061702924063781 2.3701076834209766631 2.8543376731719485306 2.8285075569115383232 2.8016538217344395534 1.90652e-09 4.4833e-06
25921971.252566739917 6153 2.7443990416295838131 0.65055594054074750154 0.64270284405701294528 3.3050519234763524601 1.5899027052268794868 3.2481049986261285589 3.372270179714170979 3.5210114395038920598 2.21408e-09 4.71246e-06
25921971.252566739917 5368 1.6564093254603551308 0.41354412661410244745 0.29022143582159715125 0.58390205696157970738 0.4546949376556714828 0.28984676509027956781 0.18746165882173040917 0.11039124819082495044 2.65835e-09 5.00865e-06
25921971.252566739917 5796 1.5840464385625157018 0.20183454922881655103 0.2336959445765266763 1.3018555717140327666 1.2742979954563333767 5.9548776538843295469 6.0148280117839059145 6.0683440159603332376 7.64873e-09 7.12382e-06
25921971.252566739917 5895 2.1313623493479698645 0.25065226425573189362 0.06642530982108699189 5.7970483873475595615 3.8985647311790008196 2.8227816296628023274 2.732021613929535242 2.6322079012272534548 5.57854e-09 6.41245e-06
25921971.252566739917 6730 1.8449244871976704374 0.24071543000242259791 0.16296471662261441393 1.0302383629041100832 3.0583109190505957109 4.4798847655688831537 4.7232944019549867321 4.9639955181705062159 2.57888e-09 4.95824e-06
25921971.252566739917 5564 1.7843829660252461533 0.10893392333725786247 0.15358989666357802939 0.0077198241422648423982 0.17871267347079067278 3.9971595861870525823 4.0826566275557425456 4.1706954080676634788 5.64605e-09 6.43821e-06
25921971.252566739917 5131 3.5265906070453674204 0.059420960535736019881 0.26212985498809365792 5.0545685964848461325 1.1574032336005990462 2.3938654803758794287 2.3525295096384413185 2.310358836674583749 2.25296e-09 4.73989e-06
25921971.252566739917 6295 3.2635263010915238624 0.0098135444148723972868 0.23730551496255611332 2.32535821658027686 4.6540297901234053413 5.5224449290355801523 5.5291871290860026278 5.5359050765530959382 2.30061e-09 4.77307e-06
25921971.252566739917 6725 1.4764050867018994051 0.11162138710430888344 0.23726934144917830039 4.7562417584294403028 0.55692359318080442154 4.9134765228456833697 5.0218719907650921641 5.1281903746637729213 4.94994e-09 6.16193e-06
25921971.252566739917 5278 3.1457527978806947289 0.03535450249009174789 0.31507086444764742517 4.7909129726969457153 3.8917861439424883407 5.6326792561693022066 5.6537982816023077959 5.6746096864100010748 3.13887e-09 5.29389e-06
25921971.252566739917 5669 1.89529777887383033 0.33775003066545572494 0.038734605815107285565 6.1606031497593143342 4.7357526589855165611 2.0571079007130137484 1.7253247462008645119 1.3915992693902490274 5.45549e-09 6.36495e-06
25921971.252566739917 5748 1.824552738439411792 0.14182610781988025384 0.28315000398946871263 4.9447332733223774426 4.3776683727423080228 0.83593009735868484267 0.73508090255290936543 0.63996562479009910795 2.75123e-09 5.06632e-06
25921971.252566739917 5053 2.9770597300326615553 0.2025565173420135201 0.24740875321613561844 3.2174307514772682026 4.9499476494083634037 5.0609880932003017406 5.2463252856558835191 5.4206880540641932953 1.90259e-09 4.48021e-06
25921971.252566739917 5116 2.7114603260821090736 0.20271769033659015058 0.085968724987055031295 2.1858455641398033542 0.084703312152248619316 0.84421500599394483366 0.70110306921585807682 0.57033779945212770279 2.56354e-09 4.94838e-06
25921971.252566739917 6595 3.0500391395213140022 0.027051047788645921077 0.24137577683919875238 6.1243517970101564174 5.3346244976822445594 2.4931298291085561836 2.4766113039920525374 2.4599196049167950662 2.5233e-09 4.92235e-06
25921971.252566739917 5290 3.1896426188392412726 0.048067675618576916063 0.1119115187209204082 3.8850998482478296125 5.6884858249647214379 4.1379745410628014923 4.1788800490305622048 4.2202676578971605181 2.68653e-09 5.02629e-06
25921971.252566739917 5762 1.9753865488925081983 0.28001783445752032042 0.13772494687546674164 0.95960449800090841244 5.1702191800761463369 5.5422003236001700088 5.7162421143070929475 5.8666273731550591108 4.50081e-09 5.96963e-06
25921971.252566739917 6628 3.329307160719558123 0.044664519114770186159 0.1920221543000265596 0.4515832143739557103 6.1189692382682503435 0.8601187472855635896 0.82673938475336528064 0.7938784946838043366 2.5094e-09 4.9133e-06
25921971.252566739917 6808 1.914902862310136733 0.38367454825294861065 0.036266368355233023768 1.6360706775735227581 1.26929142699128783 6.1871453084139069745 6.2190606046180239019 6.2436467631966721115 2.07842e-09 4.61418e-06
25921971.252566739917 5481 2.3332038199833258219 0.37068793020869655885 0.68994400881169803963 2.4948423651993381078 5.7299879165955420746 2.0528231934423755156 1.6831951605275294881 1.3148463087805479788 2.0621e-09 4.60207e-06
25921971.252566739917 4662 1.7161331042592677942 0.30378797814297953117 0.028175168298415882717 1.5186203349598539347 0.81093559682036808756 3.2241777567044804798 3.2545512388946034044 3.2887937701832345994 5.28399e-09 6.29754e-06
25921971.252566739917 3089 1.2388885031554279781 0.19870616194380730235 0.040403196361404818127 5.3426461428095652906 4.8050295849531776682 5.7886701959705666454 5.8761398299958207403 5.9548071897296450672 1.46985e-09 4.11094e-06
25921971.252566739917 5878 3.2534991410321341121 0.067427046994070358177 0.077014830676739962079 5.878754495209961739 4.9246082014405079263 3.1232881211021319423 3.1220094120134627147 3.1206890562606512951 1.44428e-09 4.08696e-06
25921971.252566739917 5489 3.2133769766952315905 0.054093327289742622332 0.30152954306707124843 3.9441754851282855299 6.1070431956566135767 2.2305310779233376017 2.1870429679545861923 2.1428999160712978167 1.80848e-09 4.40509e-06
25921971.252566739917 1298 2.0024466709413188958 0.51558196333249117771 0.3452814821694509817 0.90903888718633574229 2.6886311811644354464 2.7125439419883687897 2.4059106084769816825 2.0599071817232017523 2.27299e-09 4.75389e-06
25921971.252566739917 2498 1.7966088430346862648 0.38629525242164025611 0.21073936351464250816 1.1541443992538029661 1.1125462044254808003 5.6565184289225127756 5.8585265485090207704 6.0176840066603505264 5.39185e-09 6.3401e-06
25921971.252566739917 5358 1.9454274275028111685 0.45993274388055088719 0.331157712430161566 6.0339095456104177018 4.1434898486660598493 2.8819006195328409348 2.7186238119019452419 2.5298354629365404911 6.59336e-09 6.77983e-06
25921971.252566739917 5535 2.2813368159640048383 0.35847694457775158838 0.27739705052653990114 0.5757592605109740358 3.217362939506266617 3.1550489192152455509 3.1611737600946190341 3.1681926867733580799 2.07392e-09 4.61085e-06
25921971.252566739917 5713 3.0890850712137667422 0.12945144244215528451 0.21855034761564828827 5.6228312158211366523 5.6086470151532621387 4.4838777883794866952 4.612212592647343179 4.7410150355138238609 1.49134e-09 4.13088e-06
25921971.252566739917 5569 1.981024323704172474 0.18389322400425869852 0.20416810566495344204 2.9039649324745870906 2.1627611750647188771 0.045272456053772287821 0.037590172899841747811 0.030679222635847561151 2.77052e-09 5.07813e-06
25921971.252566739917 6450 2.7261292331759077179 0.11773621418472920985 0.13833625582529623932 3.1160084230593239063 1.9376650206085035411 0.26349295522919435886 0.2343834385249132235 0.20703998850300509016 1.74846e-09 4.35581e-06
25921971.252566739917 6407 1.9314685076462023705 0.40613145140474848915 0.22731599387357942499 3.4752490284852104452 5.5170908572195296315 3.5116586946582590834 3.7024413952427743801 3.9184647884454775202 5.15346e-09 6.24525e-06
25921971.252566739917 5576 1.9224827173239122935 0.47431802596223643365 0.23479061054161637356 0.48935887985860621052 1.9430350627278019093 2.2880138374603555818 1.8398891438391535846 1.3826406501858972131 5.46785e-09 6.36975e-06
25921971.252566739917 5647 1.7417805794438887546 0.2682983266512745657 0.024759892360425601182 6.2431045619106049216 2.2373382987101617658 1.1923245010258283205 0.95173248332070781164 0.73322441285356676488 2.57441e-09 4.95537e-06
25921971.252566739917 5992 1.964117471335431242 0.21402653163166301953 0.076322367555818185214 0.68547284931493368543 3.9655234767393263695 1.9585284057515406353 1.7502666315689998644 1.539677711501546753 8.41385e-09 7.35386e-06
25921971.252566739917 6761 1.6586523879318570973 0.24675510718843618463 0.041314596113058155158 1.6544889661902779654 5.4716962558055319832 3.3927614721380501273 3.4636280764873093041 3.5417255751847327438 4.88068e-09 6.13306e-06
25921971.252566739917 6421 1.5299131974701460912 0.26187699872178521465 0.097511085701232902423 2.6668850042474461226 4.9390845208005886846 3.827465017730324881 4.015127583414149548 4.2158834264394471347 7.66894e-08 1.53613e-05
25921971.252566739917 5394 1.9148270684709829403 0.39051985024068858188 0.20553115323666304448 1.8647086563004218185 1.5691382734497130169 5.4522807559888253337 5.7148912369933571043 5.9250670835079075616 4.23442e-09 5.84945e-06
25921971.252566739917 2895 1.7050719108685181702 0.075676574293140591587 0.06776771059069326697 1.0446322413576454302 4.1009164257342050064 0.56603455891069864858 0.52665641799930063005 0.48861791677762400621 1.04557e-07 1.70334e-05
25921971.252566739917 6189 1.5054620529687772201 0.16896219179138574629 0.19792834181427601536 0.15183516113091763411 5.6407062643524907841 1.2436222888068324544 1.0870745301729718424 0.93749734777616844372 2.99935e-09 5.21426e-06
25921971.252566739917 6576 1.1863609653160032131 0.28224110232806282061 0.18983932401093780995 4.0835266002220951265 6.0006807330202098782 4.95280963730610857 5.2217097232313385291 5.4681276288401781116 9.90665e-09 7.76531e-06
25921971.252566739917 5046 2.0789804067327271042 0.27806211508056688508 0.52659095148293255662 5.6846862415191381501 3.4785189240218605811 6.0424843960328722403 6.1018994605141774201 6.1520325297443845258 3.3008e-09 5.3834e-06
25921971.252566739917 5351 2.959047592326631726 0.15773743384964833414 0.11535825525477856612 4.7763544800817481217 4.6790505687783836564 1.9644377438647788736 1.8135312852397926786 1.6604180447659604436 2.44807e-09 4.87295e-06
25921971.252566739917 5321 2.1875692583564432248 0.2338030874521912772 0.53899026947399897303 1.39918329554899179 0.46963090796863626863 4.171235582195132352 4.3868251678446172903 4.6083467066536885071 3.33881e-09 5.40398e-06
25921971.252566739917 6337 1.9914275808480548235 0.21513077278675529769 0.066500165360881394183 1.4064520447899959699 2.6380778860414597631 3.2238855809047155532 3.2439552071990567228 3.2659381056733076676 2.57504e-09 4.95577e-06
25921971.252566739917 6131 1.8833447396742186708 0.47739164669476075176 0.12958098722263625135 3.0497580577075171782 1.8885987031963777927 2.8131682404717675006 2.59815786826552797 2.3513086738289672439 1.45631e-08 8.82947e-06
25921971.252566739917 1239 1.7112884194699935492 0.4170256153734465121 0.10039271906366281639 4.1869714670891813313 4.2220695600332662778 3.444598059370428178 3.6089488015942801091 3.7968303223276227421 1.31823e-08 8.5411e-06
25921971.252566739917 5775 3.0335814116774360016 0.11968570448871948542 0.082234359009885571457 1.4414512655528786134 4.9517363756254617613 0.6476220926037400405 0.57849611261138067508 0.51305611388438332465 3.02463e-09 5.22886e-06
25921971.252566739917 6935 3.5051883083740182911 0.040633375373057195601 0.42854281130179011639 4.0345781544890613191 4.1760793008953713823 1.5581055132760950332 1.5174746974708843705 1.4768990727411355213 2.603e-09 4.97365e-06
25921971.252566739917 5807 1.7312948859139130064 0.27739567935364983775 0.15677509287838012342 5.6117568596746956189 1.993260351012754672 3.4233486908356240974 3.5143299389944888667 3.6153480472690890934 4.88354e-09 6.13426e-06
25921971.252566739917 5927 3.4835170157594452789 0.14115307453829731288 0.16136511364527669765 2.9390606246093011755 5.8998658809714248363 4.2151622243117845557 4.3440346989508187292 4.475719394634896986 2.21586e-09 4.71373e-06
25921971.252566739917 6445 1.4212088425206437226 0.19686816864398815063 0.19896268006316750188 2.2897592078644586344 1.2221280824141633747 3.5579116102513461684 3.6462941639922430426 3.7414890165373533293 2.3322e-09 4.79482e-06
25921971.252566739917 6807 1.5931134551613128636 0.30664329721223687608 0.15731641644221303067 5.8923931334660641923 3.9639422208622421273 4.780359395485010765 5.0880845657531246218 5.3733402973141126679 2.57067e-09 4.95297e-06
25921971.252566739917 6268 1.9701953921684094428 0.57389149831273411628 0.40462407091324542607 3.9449834307351610008 4.173972004708610406 2.9972139200329164233 2.8653996042915115261 2.7089022827417386097 2.30383e-09 4.7753e-06
25921971.252566739917 6123 1.6660580723742468567 0.38709671276958179664 0.095742727187891549234 1.0626926872644266719 3.7383605804587216603 3.2911542250403669208 3.3660630526655137551 3.4522269405445067392 1.87233e-08 9.60087e-06
25921971.252566739917 5407 1.55726522988348548 0.36547748127164247922 0.1415642632622192143 1.2182187828824024844 1.5467633297287124439 3.1868176292926446713 3.2079229369724093779 3.2321473893395489263 5.11323e-09 6.22896e-06
25921971.252566739917 4750 1.980598275752809112 0.17585746478347905053 0.16138925918738711296 3.9242185597700887101 1.5660235107775910546 2.7251508700882793867 2.6471728813073185371 2.5637248231775515706 3.28876e-09 5.37685e-06
25921971.252566739917 1127 1.5485067571135835429 0.31446917428627296776 0.15509926678566055003 0.5179446634734158339 4.1049286343011761602 4.7278987646261319 5.0469735372019961517 5.3440043935733205771 1.29908e-08 8.49954e-06
25921971.252566739917 6005 3.0507413545021053736 0.24010246312832056459 0.36522686493224443272 3.1830485112085171728 1.4490968637599337399 2.1645908224128591613 1.9487029741978039166 1.7255423647451610947 3.36675e-09 5.41902e-06
25921971.252566739917 5209 1.9770594329922976939 0.38288777962028425206 0.065248562350497918416 3.1457702164786440768 0.34086866610883781448 0.37207600564331683168 0.25014885026352212671 0.15536567751071242438 4.75685e-09 6.08074e-06
25921971.252566739917 6996 1.3103599320186947175 0.23944863245277578367 0.20499577584775507955 0.24663483813184863824 2.7009302103649375226 5.0066911366405983941 5.2303737453635665844 5.438411206199772252 9.30536e-09 7.60492e-06
25921971.252566739917 5406 2.1287949919949573641 0.20703505126678459214 0.2891739167239591457 0.22683471552735962051 2.4232771789383096284 3.9670099688115518788 4.1321862166967502361 4.3053402951436678947 4.61584e-09 6.02005e-06
25921971.252566739917 5938 1.6873485156246854633 0.10695746410891492084 0.25858416689667840238 3.2445785295365534573 2.7743110837162303639 4.5765319605156475902 4.6834842732555914679 4.7903970599521814577 1.88863e-09 4.46923e-06
25921971.252566739917 6827 3.1099757332767294926 0.15469378512089393407 0.17255984914250876994 4.4007030107194751167 5.9995451825852974537 5.1831973421386585699 5.3169669074469156911 5.4442399945129826833 3.04652e-09 5.24145e-06
25921971.252566739917 5420 3.4546866444637629456 0.10248984230769953019 0.29241109399557324577 3.8365206887210407949 4.5652144741784139725 4.8808543651382789719 4.9812104227261677636 5.0800192998481970008 2.55489e-09 4.94281e-06
25921971.252566739917 6167 2.0697251705355346196 0.076217521181156627774 0.19194790383921581101 5.2046054755178792206 4.3995076388220475394 2.7276197560291395305 2.6958076774838004575 2.6629452527549766216 5.7681e-09 6.48427e-06
25921971.252566739917 6036 1.6959290322334732437 0.32833250844328232265 0.27582581441805570366 2.1568093033046742413 4.1797649394208562512 3.0921026520137528948 3.0720090245492821523 3.0491808893453793416 2.34807e-09 4.80567e-06
25921971.252566739917 6586 2.0399042397831692597 0.27125793172706091916 0.094733893095046595167 3.1770277788388869844 3.0852529193019488929 2.4379200742607247676 2.2386483114029935848 2.0256691307044416561 2.89513e-09 5.15315e-06
25921971.252566739917 5195 2.770690028359431345 0.10666517285216496613 0.12576218512196798982 4.4689518300156780839 3.7845456399013182036 4.2963669767281205125 4.3962915287118846663 4.4976720606734268415 2.26107e-09 4.74557e-06
25921971.252566739917 5651 2.746689817599412109 0.24137130338041523636 0.20250804217843451638 4.2452946717517097142 3.7436446648731980247 1.9978792974315999764 1.7640440484309616309 1.5271657038348223079 3.34796e-09 5.40892e-06
25921971.252566739917 6056 1.6993317738515758553 0.073205569972009734703 0.27151193404450157942 0.099578680761061841298 3.6384764958183604122 0.61385843470033141234 0.57286751379026712439 0.53318687459014724173 5.38932e-09 6.33911e-06
25921971.252566739917 6170 2.1528096468904394101 0.071261527907601471266 0.22391411017274323592 1.0887764654580236456 3.1297319024970069457 2.2312399699707414769 2.1736467614702714712 2.1149470170472235431 6.44558e-10 3.12323e-06
25921971.252566739917 6886 2.7754462783757429811 0.38912975045399561536 0.72033595592374677352 3.269113905232072792 1.8779349682029209401 4.7174533895857120314 5.116736332220899186 5.4744864093965404095 2.88448e-09 5.14682e-06
25921971.252566739917 6185 2.0284987581272329038 0.26084957206890768688 0.061466652895508913645 0.016481360715092128327 2.8185168970906500086 4.3013298319346686682 4.5568896576586315206 4.8145919028153834063 4.56223e-09 5.99666e-06
25921971.252566739917 6037 3.0146641758799965771 0.43430584611709233123 0.25170884481738003968 4.1690544421755753035 4.5478264629436599975 2.664288650471324349 2.4024105199356706741 2.1098257429496500848 1.83549e-09 4.42691e-06
25921971.252566739917 5776 2.0848220004178648068 0.19590698382806628897 0.1749695281808595626 1.7356973113731646308 3.3335358817453935032 1.8463918460207509042 1.6513883146690087056 1.4561172012014074184 1.75506e-09 4.36128e-06
25921971.252566739917 5846 2.7918950844070851147 0.1428096206094203735 0.1395087539322715231 4.1166419830366152155 3.3703304825180149251 3.4815446986514166916 3.5328712135796402904 3.5873346122416083226 2.37403e-09 4.82332e-06
25921971.252566739917 6333 1.5210128158685523037 0.15537624287362533648 0.15356256629448533646 1.7251355338315406129 0.57729100583450232431 0.86457267558506745164 0.75149977852300109404 0.64541892274950618535 1.94245e-09 4.51128e-06
25921971.252566739917 1147 1.0813956558292456833 0.20033254108791082038 0.21656961576976710426 3.0994907133635547503 1.6795166871366775663 4.7834385766579101684 4.9832050486528336464 5.176236050465617744 7.2768e-09 7.00643e-06
25921971.252566739917 6244 3.2197924442343683893 0.04965111392972348936 0.31113711285546247209 1.5170773634023184684 6.005503763125735972 2.948817121930194407 2.9390611227721730181 2.9290738131071001327 3.08558e-09 5.26376e-06
25921971.252566739917 6192 3.214763415687841519 0.22491382950719807088 0.33060380712766418432 5.8478848176751201393 4.3634821534310264113 2.3222728089123920725 2.1422486428715967754 1.9530699387503058784 2.79503e-09 5.09306e-06
25921971.252566739917 5914 3.2073544392725281682 0.067792578512682263869 0.11750727742191288683 2.1340920772226033009 6.0056703670734972178 1.9625553789223870726 1.899024619302981387 1.8348511497702766349 2.63408e-09 4.99337e-06
25921971.252566739917 6739 3.182225435313853712 0.11770880363938281132 0.21838587986171725808 5.4514700471716110997 4.1986660448197934414 3.9354026994946167406 4.0232070865368054768 4.1140507993329338277 1.84353e-09 4.43337e-06
25921971.252566739917 6164 1.9700339962172526143 0.20972841203228720364 0.069405745112725097945 2.4225050236808058912 6.2404743484694629174 4.5072188671450224007 4.7186513046756974887 4.9283756042927366892 5.09634e-09 6.22209e-06
25921971.252566739917 5361 1.7747226082273472869 0.44770294405818389372 0.15931726896854303543 0.66068663789961468158 3.5637978223120545529 4.7571773757350150902 5.2162365892188304883 5.6083041280095038417 3.09083e-09 5.26674e-06
25921971.252566739917 5650 1.9621460940083765845 0.18321627152952257855 0.24408255944365706003 5.6507102287693768972 5.8550922286511060122 4.5660873208443266691 4.7508617639927548382 4.9339424579991062458 1.14639e-08 8.15256e-06
25921971.252566739917 6814 1.4554169542452151109 0.21058951274147019728 0.11587481419545203609 0.84272464818164294353 3.4887289642261949396 4.7818363373086443247 4.9919654489795588503 5.1943782758100320862 1.89305e-09 4.47271e-06
25921971.252566739917 3069 2.4068516029629396513 0.41149970677890318482 0.10238144845284376239 4.1759878681424309477 3.6552482118987841275 3.8903720115348554565 4.2349106893072381297 4.6003868590846410669 4.38223e-09 5.91673e-06
25921971.252566739917 3400 1.2319601799011221654 0.34202641780375608871 0.19830678487002392774 3.4616321429762351158 1.9188062153733815851 4.935088191694422477 5.2631720734413924845 5.5546178966501171814 2.20416e-09 4.70541e-06
25921971.252566739917 5798 1.6594123404107821163 0.10647270138393223615 0.1505945700211363536 4.8658454486947242401 2.7820235644973152489 3.9496110127858949923 4.0297151519749174753 4.1123261132089696801 2.01067e-09 4.56349e-06
25921971.252566739917 5551 1.9885878785638546606 0.34829471797289623947 0.3029005181565113114 2.0802923794648782163 5.2877900922621430269 3.9335440454634413854 4.2243661183617184918 4.5320014772050249974 2.00606e-08 9.82423e-06
25921971.252566739917 2928 1.8423105994688406817 0.33912746915558072969 0.06191617422455430314 6.2409161176408485261 3.2571903694252086758 1.5183604320364321172 1.175911874597935336 0.86288330889988706929 9.69793e-09 7.71039e-06
25921971.252566739917 5185 3.5388131715654962406 0.044507262596748399519 0.25286564789779525375 5.1740000168473585518 3.9778035682320425082 5.7867776511628346015 5.807577654875846207 5.8279565843494944843 2.64564e-09 5.00066e-06
25921971.252566739917 6221 2.1010685338363002117 0.41508785956222798985 0.15522312505664448423 3.6670820498601082171 5.8292860892178142151 2.7654559264783338257 2.5659847186877571268 2.3400337740412449072 2.14299e-09 4.66148e-06
25921971.252566739917 519 1.9772118769667845761 0.10063526165990857586 0.079638364216578286237 0.78293778409538095087 0.16217917281636232141 2.1317744419064927897 2.0440465552882742806 1.9544719544599946648 3.92741e-08 1.229e-05
25921971.252566739917 4406 1.9448836515102683187 0.25225233819960835024 0.21443783332228033567 0.47088258278059341722 4.5147357001581740477 2.8926481829778998289 2.8205453381897762632 2.7409444549417947279 4.822e-09 6.10838e-06
25921971.252566739917 5453 1.0480927915004818463 0.24480178284032605429 0.093340304593732992267 5.0635858833309903559 3.7066783315971423285 2.9560055829813163264 2.9037648975414445118 2.8460915352991564831 3.03837e-09 5.23677e-06
25921971.252566739917 5134 3.5235979243768253966 0.0072567316685997768771 0.33954126939377976546 0.72951004198748514717 1.7892085560473405259 6.2494447099767072018 6.2496886286704089741 6.249931659624288649 2.31886e-09 4.78566e-06
25921971.252566739917 6863 3.0927234744933547184 0.13423869116212233665 0.070272003891609161053 2.8594379881192386605 5.7701444889384854164 5.3145033468494871087 5.4214477796294904266 5.5233315964878650917 2.72515e-09 5.05026e-06
25921971.252566739917 4313 1.8696747060167029364 0.36065972700213955182 0.17360013140074209703 5.7285136143880528437 3.7135685785400522896 0.04313927232895962971 0.029573299817108083393 0.018908956207524120485 1.98502e-09 4.544e-06
25921971.252566739917 5577 2.0725821365988834621 0.35069744624281579126 0.16817120196108173436 0.85891179040896437069 2.8163504905334959538 1.8860463823823978569 1.5251787580252802456 1.1748461426406129338 6.01747e-09 6.5764e-06
25921971.252566739917 5417 1.8924088784518151574 0.14056769483980355306 0.12688249232081869056 3.5712063470720272207 0.86990993387558057659 1.5989515635599573784 1.4576925371485107696 1.3180229880527343234 6.2485e-09 6.65951e-06
25921971.252566739917 5880 1.3687987314755545309 0.12414303918218008715 0.20673288072390480496 1.0758712121856932598 2.8110272315388904474 2.6174441967540476028 2.5515395587216316287 2.4824657335243478506 2.24295e-09 4.73286e-06
25921971.252566739917 5030 1.7080331950321234746 0.38979549323439488528 0.20325197951736589941 3.4889238313106858413 5.5622620259017931943 4.5877782198166840999 4.99516753311960926 5.3694818542513953474 2.14686e-09 4.66428e-06
25921971.252566739917 6137 1.92293688230969817 0.23190534879504731691 0.18993411615228597555 0.96942977973075117326 3.1045398710949219101 4.2099951092703973288 4.427554919042294479 4.6501164057815023156 2.35406e-09 4.80975e-06
25921971.252566739917 3887 1.8225171618953013297 0.5145281331814639536 0.44430583552843205819 1.3748000285756101224 3.6917517505485522022 2.5143495227424823568 2.1011654240989252607 1.6573229493639842769 3.51292e-08 1.18415e-05
25921971.252566739917 5625 3.0222143912342769312 0.28554718604757173273 0.055179732315973076262 1.7298096767487287639 1.7971919922605532616 4.1012722019026819353 4.360455010797549491 4.6285003823483874541 2.295e-09 4.76918e-06
25921971.252566739917 5607 1.7859681584369360152 0.15256884417509683494 0.051050018415271868066 0.23555519500614158224 2.3725851762893537256 2.8034004150876099537 2.7485230961351194701 2.6900853106858995112 1.18158e-08 8.23514e-06
25921971.252566739917 6029 1.8396907727908804464 0.15317628315320230836 0.087683794842782256107 4.7672739640389778515 3.4161748434163530241 3.1719057015383524956 3.1769654114613250506 3.1823825491893567019 1.2969e-08 8.49478e-06
25921971.252566739917 6282 2.8098795107862342135 0.11869487178193927068 0.091284011767988157415 4.7822087618384756524 3.7398232881143882445 4.5951596677249231249 4.7141472738754233163 4.8328419621791143257 2.68214e-09 5.02355e-06
25921971.252566739917 6604 1.5444989811026239579 0.13014843155496783056 0.18483477168867046281 1.6828040984781562628 3.395452060408984174 2.0590596802312388647 1.9401181637311941675 1.8187453330595722001 1.33847e-08 8.58458e-06
25921971.252566739917 5362 1.3834168028909326065 0.28968889452323437483 0.24007610502495382865 5.781315597648633009 3.0717568600796223421 2.5866037985288166112 2.40863586963227716 2.2148137104184857371 1.49782e-09 4.13686e-06
25921971.252566739917 6068 1.1059284449691835217 0.28098576976776390435 0.24411857924973837108 1.9693544549662498344 2.2048219147630598869 1.8153843231843758144 1.5291201657918871426 1.2483783831342749604 2.08722e-09 4.62068e-06
25921971.252566739917 5877 1.2657464585188753503 0.29406305928802284333 0.21921216916703978317 4.9787741089159345265 1.2923313373919356195 2.0880340594931658948 1.8075202136485846172 1.5216581315431525478 2.13222e-09 4.65366e-06
25921971.252566739917 5479 1.3726356563827455393 0.10255000694870496092 0.31206914376946748302 2.4497203083773695376 0.32972620476751313134 0.081137239774997052533 0.073210019544942689373 0.065709036236164294897 2.12255e-09 4.64661e-06
25921971.252566739917 5257 3.1796697668478204335 0.12990776221722263872 0.21104185376011458386 4.7234362877638798039 6.0937592574580605742 4.0618763733570020236 4.169858108096510918 4.2811117292492735231 2.20895e-09 4.70882e-06
25921971.252566739917 6565 1.3328223050638123848 0.19355927104370548864 0.083652594371614083513 4.4830024417174234586 2.315715202374382109 5.6921940509219730586 5.7928162315974622842 5.8839732613357851321 1.41094e-08 8.73682e-06
25921971.252566739917 6327 3.0136795329833683255 0.1290676730438244102 0.18203926039085474575 0.017022255590239381701 0.24552705750569731036 2.7935382967914894614 2.7464733911756860074 2.6967928864168744241 2.25041e-09 4.7381e-06
25921971.252566739917 6313 3.2331547921780403598 0.046403934303778072989 0.35190580303591978417 3.8417601718980236569 1.4166091058154444138 4.4012484256646065006 4.4457571082264024653 4.4905213044581469006 2.33149e-09 4.79433e-06
25921971.252566739917 5226 1.4972748468648442444 0.54217246997660495378 0.22970594361108037651 2.6003733053509106021 0.55909077953353381041 3.1715658282053866834 3.1965937413050404814 3.2263987842742030132 3.2729e-09 5.36819e-06
25921971.252566739917 6709 1.4825970356813815698 0.33306987708046492669 0.023783464142263888857 5.6705086671994457959 3.7515570761328320692 4.9038122312586409635 5.2269353074032185447 5.5168779919921924204 7.37402e-09 7.0375e-06
25921971.252566739917 4581 1.6505531830362654144 0.2292763296441839016 0.24861716310399301078 2.2539136980628904361 2.5148881990336540149 5.023413081367424482 5.2362326427316840949 5.4347636893690758342 2.62777e-09 4.98937e-06
25921971.252566739917 5923 3.0333733478431388342 0.066905784500175077834 0.15904285108673937854 1.1667132406676121725 1.1799123716693311614 3.0004374290855917451 2.9906910108214095345 2.9806330916754784077 2.22479e-09 4.72005e-06
25921971.252566739917 3796 1.2077471519387432686 0.092807120247496002752 0.12254641774216691597 4.1997721903981197755 3.4080948134011745942 1.5474683787333129992 1.4546532994265863881 1.3624714229016290368 1.48625e-08 8.88956e-06
25921971.252566739917 1253 1.4358685821190895204 0.3895898984414981614 0.16067530737623281212 0.0074744988835747866798 0.89370904249144833553 1.5585545451576015008 1.1593623209782497607 0.80228437279381559222 1.21449e-08 8.31089e-06
25921971.252566739917 6842 3.14692077423275407 0.070715420504031803461 0.10674167543557630533 2.5024150030018241786 1.9220548137563371327 0.51370816833260346534 0.4799582406798187928 0.44730595145061163853 3.94698e-09 5.71398e-06
25921971.252566739917 5437 2.0338958788104695152 0.18235233914947926448 0.12860348201349736108 1.5912021292215421386 4.6129485276836348362 5.5573875996666401988 5.6714660027983256896 5.7761865450167935165 4.54448e-09 5.98887e-06
25921971.252566739917 6001 1.8748435240761933684 0.10469790989326523134 0.36983291446512850387 6.2502558233985938685 3.6161212792729853227 0.0060929679397445897851 0.0054851963789622473419 0.0049109106625329331311 1.89847e-09 4.47697e-06
25921971.252566739917 1517 2.2600111759195185002 0.37845580332654205069 0.084884586323881766612 1.7686265814017478881 0.85492266660804105971 3.3443113430564439525 3.4422393447194483684 3.5543144714120269434 2.17631e-09 4.68551e-06
25921971.252566739917 5753 1.9496069239497868519 0.34483721462332050933 0.18181547862220628908 0.00028876458836691302643 4.6928964330029954155 3.6846348189439184218 3.9006445148786825783 4.1379731726790129898 1.44813e-09 4.09059e-06
25921971.252566739917 6366 2.1388215297553334615 0.32316193360174072513 0.18866369277263819737 0.38086839718767129259 5.4821109435646402375 4.234161203470988788 4.5506986646438081223 4.8696454598324576679 1.97281e-09 4.53467e-06
25921971.252566739917 5717 3.172094096003381658 0.092696297079505524108 0.21399429852164816857 1.6480848608330604943 6.0252704287630720614 0.14495272311865836645 0.1321240617596245448 0.1199122527590877757 2.31886e-09 4.78566e-06
25921971.252566739917 6197 1.9813130041921147573 0.25185605397001720185 0.19407362211193357471 2.5809710312731044546 1.0908928035982741189 1.6718589017132126084 1.4152686177762994202 1.1664524851565443164 8.02678e-09 7.23931e-06
25921971.252566739917 5211 3.2037718949712665761 0.039575790386890311034 0.26379701845414893491 3.8599044362971137723 4.4162890883706431566 0.74627010372363278279 0.71977799803254149946 0.69368893440573553555 2.07199e-09 4.60942e-06
25921971.252566739917 6154 3.1485543122011434569 0.11847247496226566421 0.23531830282675159083 4.1754233074392441694 4.6367365751869868973 5.9969189665102007325 6.0286766989003748307 6.0585044992863856805 2.04677e-09 4.59064e-06
25921971.252566739917 6204 1.6178990172737590658 0.15340491493437111159 0.32308556083344458498 0.66241561694810591199 1.1239894436793858024 0.38718592644540988923 0.33281670888414827125 0.28269833136756450376 2.26769e-09 4.75019e-06
25921971.252566739917 6392 2.9766317417160839121 0.22872469330444847313 0.15356942528216999122 3.0867372372480232912 1.1113163131219543356 2.8211427599673259969 2.739150007837524381 2.6495660924562658423 2.75286e-09 5.06732e-06
25921971.252566739917 5076 1.665004739234483333 0.39891905083895701223 0.2936119772705525488 1.0296035704923556242 2.7216504255657354427 0.17343299195493663833 0.11384736362798157649 0.068529525385804118676 1.5547e-08 9.02399e-06
25921971.252566739917 6735 1.9851896860530378053 0.53696702280806096752 0.41673907306052759836 0.88705257096992184973 6.1077744224661785211 2.470406163157545798 2.0094260440312381455 1.5232912884230183082 2.32036e-09 4.78669e-06
25921971.252566739917 5459 2.9630714908316111433 0.22300547173455659289 0.22389443087983429415 5.443635508330002537 3.106851163056280285 5.9422312062665829657 6.0104614691317559405 6.0705292417296750074 2.51526e-09 4.91712e-06
25921971.252566739917 6816 3.1052233025098359143 0.088877654996682570188 0.17208514448545439435 0.56906540513077041865 0.83622953204590444454 1.0132298189976398639 0.93943646492956334182 0.8676921460187712043 1.76213e-09 4.36713e-06
25921971.252566739917 6572 3.0049486379887371257 0.10998787134410488442 0.15460462411934605687 1.4797720291903160295 4.2514719385929069517 3.6824888507953117411 3.7420962444713650186 3.8042457747365792109 1.66053e-09 4.28153e-06
25921971.252566739917 6740 2.0289611962434341841 0.36616149223241850619 0.28931624058244670428 1.9975288978916923011 6.1758082383626042855 3.8832488053966143227 4.1789805618357576122 4.494274530801234846 1.33102e-08 8.56864e-06
25921971.252566739917 6480 1.798506764159416571 0.14623719115817837566 0.060310217650245773191 0.43040533178963436001 4.2187851465259607053 5.2146742622270068068 5.3389763714274041106 5.4574333688870835246 9.59462e-09 7.68292e-06
25921971.252566739917 5642 2.8285997457382241471 0.19036860530727933716 0.10758083694085579518 5.2823740030290453618 2.5015649387686607064 3.1719294405073132914 3.178375978338819241 3.1853767896225315681 2.80041e-09 5.09633e-06
25921971.252566739917 5478 2.1044810721003246456 0.27630945440019055726 0.17838680725719910369 6.2397868954338351344 5.1314393931771000723 2.9286881626496619191 2.8596627437179584774 2.7827907226987518285 2.28234e-09 4.7604e-06
25921971.252566739917 5258 2.9950537220808635119 0.40284975249350873927 0.42712106349000233951 1.1732054572848900076 6.075588750340724431 3.6585303648127194265 3.9115987084700991616 4.1920383681807527054 3.58569e-09 5.53402e-06
25921971.252566739917 6815 1.5920898685983206899 0.29935247852336827057 0.24211749429056442229 3.323168177074605989 0.65135243480771110036 5.7818734738818911012 5.9114921003792977316 6.020214985518435924 3.57143e-09 5.52668e-06
25921971.252566739917 6617 2.742225911699268881 0.15290766122803256533 0.02481292925827844123 5.6733560177489721355 6.0819379374117827908 3.6909966997617029705 3.7768989034966891083 3.8676379855187046353 3.93262e-09 5.70704e-06
25921971.252566739917 6667 1.889178657293900887 0.35025725358750170457 0.37639618526035895085 1.6749391388077363718 6.0054127416282065965 2.2507798481122294199 1.9360521469403562111 1.6089005182279527695 1.85586e-09 4.44323e-06
25921971.252566739917 6040 2.226255588736223423 0.37017643704540703631 0.27390868173772020544 5.4182605221242887694 0.5559457984849976997 0.91151167782946163065 0.64169704831777951703 0.4201258037805327139 4.48499e-09 5.96262e-06
25921971.252566739917 5950 1.7856201873309403005 0.03305834561191905302 0.19777704208528196217 0.020342151328758398265 3.0440211360515174732 3.1758456426488783642 3.1769971044916509584 3.1781672725672440727 6.81029e-09 6.85339e-06
25921971.252566739917 5158 2.0943483450047604144 0.11692907286134016087 0.075477978515611290899 2.1420182360624284712 3.1186089519431261508 2.3478254487225762581 2.2606345824735787353 2.1704414635899138553 5.85576e-09 6.51695e-06
25921971.252566739917 5252 3.1364936645158909556 0.089073868740075889949 0.1892543458715488236 6.0737597798361635526 0.62470199906764767306 5.3839348394897275085 5.4518923501193770065 5.5177004218006491243 2.42859e-09 4.85999e-06
25921971.252566739917 6104 3.3452817308631641602 0.059328218345600168548 0.14402327938260223172 1.249985068830962831 1.1997416013308250804 5.487161170460097992 5.5287239607195770574 5.5693576369541979432 1.75259e-09 4.35923e-06
25921971.252566739917 5196 3.5429249373596727324 0.14285209260670836406 0.1810685499455862435 3.1814159255465375153 1.1299350855557719342 6.0192080981948059559 6.0542415740059798424 6.0866617057192868856 3.02458e-09 5.22884e-06
25921971.252566739917 1284 2.0584294997238630209 0.1161401934018329446 0.11419025783609364211 1.2019701139987248872 1.2618849823915390118 2.4940326667300376506 2.4203414168434469467 2.3436511619255626648 3.64405e-09 5.56389e-06
25921971.252566739917 6952 3.2189507636811485192 0.11008040632688982641 0.11906192629245485048 1.0686419350044042975 4.2730796923930292053 2.2632836779223470813 2.1752529258857058458 2.0846775520509446267 2.57429e-09 4.95529e-06
25921971.252566739917 6978 1.3650213864766544969 0.10259776124683923915 0.2643642958820096589 6.2203010565316541047 2.9033492869610491027 2.3700098373411750963 2.2955708226617068668 2.2187611171791608022 2.46129e-09 4.8817e-06
25921971.252566739917 5517 2.0849344762508210671 0.49179402736361255144 0.76193825148279015202 1.9297981142000786292 3.6618797883146649852 3.5170523632029464522 3.7709081292708117594 4.0603739162212599823 2.41819e-09 4.85304e-06
25921971.252566739917 6425 1.6685365631651316587 0.31824716502875433077 0.20853913224901757251 1.4340344203596540051 4.2114870591727715521 4.8833770901971265133 5.1941201830206562562 5.4761489623168104757 5.02719e-09 6.19382e-06
25921971.252566739917 6573 1.7539525363920736023 0.06855484937630264286 0.2319415379862763138 0.29954490164431712973 4.9492183285796897962 4.25455516072335449 4.3170500355364094247 4.3803169808231299243 2.46875e-09 4.88663e-06
25921971.252566739917 6836 1.7352204749307718057 0.19549386621988304458 0.17491326636212137235 5.2587915872675248252 3.1704827901731840178 2.4613499554886932863 2.3270735350324360802 2.1848721387190521703 4.61039e-09 6.01768e-06
25921971.252566739917 6180 3.0584239527912266965 0.06395963552655696549 0.13579000675998956216 2.1235615273998651453 6.1407099557535325118 5.6890777235639209408 5.723987371753938902 5.7579183724643110409 1.88472e-09 4.46614e-06
25921971.252566739917 6809 1.8730698073197651343 0.13440321541141272976 0.34132961026989583342 6.0475843894888399177 5.6115894794282121794 5.4871053326727059485 5.5791742982791081573 5.6661708499483145474 1.72631e-09 4.33733e-06
25921971.252566739917 5678 1.7067756957360540326 0.16138987822104408631 0.27657207195995431315 0.26347803557782700778 5.8132422304503696964 5.4082399386003290331 5.5266158522786330565 5.6373988376819639257 1.85255e-09 4.44058e-06
25921971.252566739917 6119 3.1130124451720959655 0.080324720283644748808 0.20517983930743943777 4.6816277775224115487 2.6514336554974522464 2.5307878387336382175 2.4830815504385492787 2.4339276446520092811 2.96829e-09 5.19619e-06
25921971.252566739917 5063 3.4914217613764630954 0.15029369867983238818 0.41548563964284157546 4.9993317229751443875 4.8832077906781998777 3.0017136992101294268 2.9789358404647305889 2.9545972008009093734 2.23728e-09 4.72886e-06
25921971.252566739917 5289 1.7668402712959303535 0.18243548837581496924 0.13626226012386954967 0.46610218764129590641 2.5575322724513798178 5.3557520545097982989 5.4950269964806102152 5.6243839383815137367 2.13423e-09 4.65511e-06
25921971.252566739917 6619 2.1253087909323267191 0.19625781965497804404 0.23953766162179984667 5.895514874792712412 5.71531331675031673 0.35557961543800475912 0.29247012082926293619 0.23588539431396021717 6.69672e-09 6.81508e-06
25921971.252566739917 6054 1.831000216232736344 0.075818152829366269874 0.14605095391026820528 1.1542448279253041399 2.0378498801259534723 0.62672662968493730862 0.58353059973704068941 0.54175678928034765036 1.3494e-08 8.60789e-06
25921971.252566739917 6960 2.9828830352746593668 0.14253160929508795762 0.10358566183282628959 2.2197618813021611217 2.8674309581326404839 2.6774050457997495833 2.6089041996658632883 2.5365193610351588482 2.28045e-09 4.75909e-06
25921971.252566739917 5360 1.6595672318845149373 0.19062610867093734979 0.10972269841482783226 5.7823494570256599445 5.8831099316079438211 1.61302715477714953 1.4206205889056600089 1.2321400150746988356 2.24154e-08 1.01945e-05
25921971.252566739917 6823 1.8712324312283865613 0.046290768273689338053 0.07785133903241084341 5.4376186155603765116 0.72464227037332284986 4.5259393125592044527 4.571640453361824008 4.6174734645888397822 1.69817e-09 4.31364e-06
25921971.252566739917 6677 2.3047463669200216607 0.16147965759979360234 0.28509828595299696596 0.73440249360209841623 5.3310749140230555554 2.9071703565787423429 2.8661788208559548785 2.8222652035999598041 2.33048e-09 4.79364e-06
25921971.252566739917 6017 1.9209215561441868036 0.12486135815099598523 0.16665889647072379409 0.32027043524457188273 2.4803309976388216995 1.8764927189807629748 1.7548046578506075743 1.6320511865040918664 1.07446e-08 7.97837e-06
25921971.252566739917 6791 3.1233992828486738524 0.34141921996104057646 0.12299459299209820895 0.15986025253391433765 2.6568191503620344207 4.3325237665514251262 4.6787486055938334317 5.0199746560065214851 2.20531e-09 4.70623e-06
25921971.252566739917 6266 2.9772439239357519902 0.18096872555328241683 0.14378974937878508111 5.1110296643468924316 4.8408617404564600051 0.12772389680258536271 0.10641040551066315023 0.087189771114402514485 2.89198e-09 5.15128e-06
25921971.252566739917 6897 2.026490868673165302 0.35637764558225115685 0.3018621475226044848 1.3627263835843963502 2.324017135173687354 1.6991246405228372929 1.3291350410187541264 0.98311310877267277242 2.6229e-09 4.98629e-06
25921971.252566739917 6969 1.3098271891688422208 0.13372698867751239837 0.14826239270147978377 0.40433816547872936109 1.6484985687323931991 4.8686527224626345856 4.9997853403900229807 5.1280275358012046283 2.41679e-08 1.04535e-05
25921971.252566739917 6230 1.8571763134703274112 0.1837998596741781121 0.24528943357823179694 5.2076617346452369617 2.034157843456594783 3.7189260717793248823 3.8285143804811769819 3.9450729113044533669 6.03494e-09 6.58276e-06
25921971.252566739917 6778 2.9231256435194810095 0.28577379585498047243 0.046971994420176986507 6.0420094224966263141 4.8488337994545664955 3.9284713646666133968 4.157882651704271737 4.4008362372989253686 2.33115e-09 4.7941e-06
25921971.252566739917 1465 1.6159104838681304095 0.41732245749283869429 0.22016621315618239985 2.0545918236002997936 5.7431543867402092829 5.2097054379594505136 5.5542601110963616406 5.8322253849352128086 7.44584e-09 7.06027e-06
25921971.252566739917 5931 2.700055939102679492 0.32245340160995927814 0.70743460542768721311 0.16638611637679570632 5.1737984267451517795 3.9141963165718607343 4.1750788142002184244 4.4520948288633794832 2.66585e-09 5.01336e-06
25921971.252566739917 5323 2.8082279890203851735 0.15247063208199718165 0.10508602765496430353 1.176090341034957909 6.2680315579937211368 5.1207262911082125356 5.2571128079687650114 5.3875164311759045077 2.25995e-09 4.74478e-06
25921971.252566739917 5788 1.4952246843294394463 0.20295544585127536785 0.087594646059408379224 3.9660257074230838015 5.5822098766100243239 2.5434676794970645375 2.4174574110317657016 2.2830018789741370888 1.43499e-08 8.78617e-06
25921971.252566739917 6138 1.9452935342280013309 0.12111857384553111061 0.20968382885703162888 1.5133216268022704476 4.1943663119184346755 3.1225224319849584909 3.1200542880730148809 3.1174457936501855926 1.20875e-08 8.29778e-06
25921971.252566739917 6726 1.8410971755037837116 0.20998535171071974759 0.18609259218450055484 1.6604505028335763139 3.2902230238120862005 3.4160886894015440873 3.4801798797437304422 3.5499275349778107724 2.92983e-09 5.17366e-06
25921971.252566739917 5559 2.3336246291074793646 0.45574629885452422329 0.45522765636576872916 5.0396999655535363871 3.9680926598648635917 3.211465327684948079 3.2557894533112983204 3.3077211773446721921 5.44342e-09 6.36025e-06
25921971.252566739917 6737 1.6017398888325231621 0.25898886707027379828 0.20874016660351499275 1.8162848577242427517 5.3890794284985990004 3.3392838968604041661 3.3986926919728270846 3.4645475991994705289 2.16814e-09 4.67964e-06
25921971.252566739917 5663 3.1655345147462754518 0.15606651262599341434 0.33095128759628633652 1.2865343141515688252 0.8412367522834856004 4.190578665289923066 4.3320178832685307668 4.4769298421950480815 2.69499e-09 5.03156e-06
25921971.252566739917 5227 1.5678104445747556017 0.10148843259726114674 0.17088675767522504279 1.5214115647214947469 3.3209209243328499106 2.125024629962132483 2.0361831292395637938 1.9454881895838591621 5.94474e-09 6.54979e-06
25921971.252566739917 6118 1.9780000010248053322 0.13329205787378661796 0.066133663353240598748 3.6475211165971401783 2.669994082865112528 1.0459923985491972331 0.93399915746342709877 0.82683176224693522016 5.68798e-09 6.45411e-06
25921971.252566739917 6356 2.2140200097492299669 0.31602517892892945106 0.70470267439525513531 6.2381787452939843064 2.7972074501734893737 3.3228281366176051215 3.3923549003062123397 3.4707741585554465757 5.8318e-09 6.50805e-06
25921971.252566739917 5831 2.0977762584625039288 0.29910007701662821855 0.24716649404290727543 2.0006347743121604132 2.7811998428783448745 4.1402573342446427063 4.4190496364797553497 4.7053732474327976121 2.32205e-09 4.78785e-06
25921971.252566739917 5138 1.797314753913537233 0.32858546273450583985 0.1924578597602147334 3.2132988677385729837 2.3201555267522886439 3.1859283114233920564 3.2039493251959134668 3.2244255451676711033 2.37553e-09 4.82433e-06
25921971.252566739917 5736 2.2933471010088646302 0.50002152889236028965 0.093078110129030555697 4.860321597886435363 5.2812093049082378116 3.548051538210519773 3.8272834718750994298 4.1439010258120108077 1.87923e-09 4.4618e-06
25921971.252566739917 6132 2.1593746725538531805 0.46761745890129780001 0.45663910862028755933 0.62361893748126207004 4.1809373053826295319 2.6057869229548962231 2.2863196535233156759 1.9333853597187442563 6.69157e-09 6.81333e-06
25921971.252566739917 4460 1.9422749887062251695 0.23702410407345833598 0.19459877277462803158 1.1438290063061131718 0.75117061858719602618 2.2089820947801941387 2.0017040383328206232 1.7863470241785468495 1.068e-08 7.96233e-06
25921971.252566739917 5256 2.0213976233566413043 0.37007987471191378104 0.38901729353634989517 1.5294456362993620324 3.7471144297212530816 1.1939231452405545397 0.86371201765623617508 0.58235538981626389088 4.61883e-09 6.02135e-06
25921971.252566739917 6023 1.8290721461996655162 0.15383474766066457251 0.10233947635679617461 0.55709932637886516726 3.7452902705213952927 2.2206898588810077833 2.0916086426499429507 1.9581700335048333184 3.26695e-09 5.36493e-06
25921971.252566739917 6504 1.8587607589910399852 0.3292306851986880889 0.16587225756406609456 2.618419020697135835 1.3462457480650655839 4.0656501683193537744 4.3643987571335145503 4.6738953429675609286 2.41361e-09 4.84997e-06
25921971.252566739917 5667 1.9827615204986879238 0.072223763253029593656 0.21399202375781797847 2.9628160510580068276 2.2938139273175814914 0.073909770886210229834 0.068755491796093096135 0.063793622979789563199 3.20823e-09 5.3326e-06
25921971.252566739917 6362 3.0348169483291616011 0.086613222807577841533 0.23159869705857322186 5.4755561305883171386 1.6482775267909133277 5.4634482004857529702 5.5250351885919863903 5.5845886569204514771 2.92709e-09 5.17204e-06
25921971.252566739917 5964 2.2626748065750654781 0.32103785019951008861 0.31538361832392414197 3.6196051680991430111 5.4899498722867132727 0.88068331167588598252 0.65154276126998478258 0.45686096179791918503 2.1711e-09 4.68177e-06
25921971.252566739917 5767 1.8267993696152640126 0.38557478163327940646 0.090716183948438805507 4.484856286507790557 5.148078244851150842 4.4962988655723403753 4.9000770527112154085 5.2788804619597859968 4.97944e-09 6.17415e-06
25921971.252566739917 6269 1.8616353042886777391 0.107209466120157762 0.047990554246245320513 0.66036751432143669938 1.4308651712570912284 2.9429621418682803125 2.9205662478860769937 2.8970625906939009298 6.27461e-09 6.66877e-06
25921971.252566739917 6182 2.0787305634757298201 0.30576552686769953304 0.39531612120204145944 5.6681712255749490126 0.17648450172430049654 6.1256869919978171879 6.1682332224322173886 6.2033042499644022172 2.64006e-09 4.99714e-06
25921971.252566739917 5435 1.7605320276202838237 0.2687741617128959204 0.15576522477804616296 1.0414876315117613803 3.1349421110565542925 5.2327391487997774178 5.4542600230541129491 5.6524018524055268387 7.17242e-09 6.97277e-06
25921971.252566739917 6415 1.6307871873803059248 0.35631189529930462623 0.10682932516391284439 1.3081909609066080247 1.8568252500199042831 0.72158008507943005583 0.50859849833757597715 0.33509113286672387311 4.5356e-09 5.98497e-06
25921971.252566739917 6920 2.2732622030649447531 0.13584427691068939881 0.20755604349665635056 4.0449528831285004316 5.8235337615054136862 2.938639624961826069 2.9091628213851929985 2.8778720846538288214 4.48089e-09 5.96081e-06
25921971.252566739917 6103 3.32037922059992896 0.07420830384857919626 0.11831569186524745763 0.90552404036883560323 1.5377565410491254028 1.6876161971464462841 1.6135248298160906888 1.5393842576382954501 3.07621e-09 5.25842e-06
25921971.252566739917 5534 3.2619564837995231876 0.12625329970268245328 0.10470893960510055387 2.7781535666537053864 2.0393470778282867251 4.2346756787193307048 4.3504941038606732562 4.4685696778318924061 2.18919e-09 4.69474e-06
25921971.252566739917 5578 2.8790595654097717038 0.067572798275696274728 0.22026079703178585989 4.5511001806537310088 3.9608904966693634364 0.39242729107125784438 0.36734109804462528048 0.34307332832291181912 3.04211e-09 5.23892e-06
25921971.252566739917 2992 1.3050043098371837402 0.06319343405971188099 0.19077960611752603493 1.1051481758022441149 4.1147913258690094196 1.2722477054731322621 1.212364411114232654 1.1531870418458594063 2.26492e-08 1.02298e-05
25921971.252566739917 5643 3.2773401848504821743 0.018216015396781557595 0.091764562023058326989 3.7377029380691735305 2.5023209197924258795 0.4602701588968969304 0.4522436590364199982 0.4442835383958096962 2.47115e-09 4.88821e-06
25921971.252566739917 6683 1.5912222792984127562 0.35215911887225287424 0.12468514009630135564 5.2936494085346392779 3.84457349595064235 3.2418096002969507552 3.2862453006148606427 3.3370085844350811932 2.07491e-09 4.61158e-06
25921971.252566739917 5234 3.0985007839015556996 0.15769758388926316539 0.087738533500486673433 4.3003215694456802254 1.2319894268810611671 1.7277406007877471605 1.5693642147783659624 1.4116667926035972869 2.35138e-09 4.80793e-06
25921971.252566739917 6292 3.3532116447493844902 0.0028884853001839897423 0.27867811649358442683 3.2380095115391891447 2.3116355481172763398 1.308030564875231061 1.3052422680921482723 1.302455032174975269 1.7586e-09 4.36421e-06
25921971.252566739917 6557 1.934219905830302455 0.18832885024905596238 0.10632282454693364748 1.8140046190610172872 5.316857305919307386 0.16194328071471578157 0.13393231820062295734 0.10878433985159249864 1.93092e-09 4.50234e-06
25921971.252566739917 6401 1.097669709232872437 0.19563485821519790986 0.073941431391310111221 4.5232813580949251531 0.94514989238263547033 2.2622537683667189867 2.1002097341399621477 1.9313566102960542104 1.93159e-09 4.50286e-06
25921971.252566739917 5864 2.0872966986012637669 0.41560252503538791524 0.17575208376625148232 2.7127505338618003172 3.4928118872572637699 1.0379000115929004622 0.70344985522814396095 0.43461634648922436996 2.76427e-09 5.07431e-06
25921971.252566739917 6243 1.1043728237529646385 0.053540180669323887697 0.11905661972472535159 0.45799112192110430497 5.2437507385958133099 1.8408626559671699141 1.7888661056117711734 1.7365939244011914244 6.87089e-08 1.48088e-05
25921971.252566739917 753 1.3451214402068767395 0.11812660999774961257 0.12708657342472659546 1.2607880474349681954 3.0709180433319192005 1.5598557336292417919 1.4415362772220241538 1.3243951331416186079 1.27811e-08 8.45356e-06
25921971.252566739917 6135 1.5758999541540879008 0.45274529530231277796 0.18619791934951329671 0.6284553666027613561 0.87029839479268145119 1.7698117405304973904 1.2868835395660487286 0.85226310379292380404 2.38172e-09 4.82852e-06
25921971.252566739917 6402 2.9677178189572073208 0.13370597973595602093 0.22950617853543398006 5.1920201160708039367 0.057013213828919155624 4.1204676506326896046 4.2361363766288739896 4.3549634426614360905 2.16272e-09 4.67574e-06
25921971.252566739917 4732 1.4158931607251208362 0.16161035261685416375 0.25648180507042833698 0.023172596398921427308 3.0558143337670742312 2.5649891383862239991 2.469881087246307505 2.3693066595796632434 1.92787e-09 4.49996e-06
25921971.252566739917 6242 1.8779413413385201981 0.32024491516172848282 0.26756502750493821319 3.2866621397073125799 5.5219189780333914896 3.7381880253933981173 3.9512651998580490265 4.1831421676089162176 2.33848e-09 4.79912e-06
25921971.252566739917 5118 1.6587301114683612457 0.32348892164432968555 0.23191015259760683342 3.3735940872910501476 3.0627680018027043651 5.0545475277894560406 5.3490155259889151651 5.6091348446530826521 3.95744e-09 5.71902e-06
25921971.252566739917 6395 1.7758366219850485468 0.121109981838824321 0.16130872778302271509 2.8304778626252162788 4.2749963579162342242 4.7692496913100699274 4.8900457620161992267 5.0092495329093793544 2.27089e-09 4.75243e-06
25921971.252566739917 6129 1.7373342478990747573 0.36627180952777232958 0.49064296683111524588 1.5293413539900220233 0.67166073498482259385 3.5509546409279817425 3.7333075694120103627 3.9376085629993049508 7.14833e-09 6.96495e-06
25921971.252566739917 5885 3.4879590115294041297 0.017939846145231089919 0.26773443437305516346 2.2760313061303660831 5.2686600139727479686 2.0400584393276273154 2.0239917281607371358 2.007862862513546176 2.25928e-09 4.74432e-06
25921971.252566739917 5080 3.2238872535547584697 0.12187534337109608151 0.23807345301012763916 0.31243316616915722816 4.3267842312825264273 2.332571171247010966 2.2402146718035926831 2.1446421319697290819 2.57476e-09 4.95559e-06
25921971.252566739917 5548 3.2119493182990819236 0.08520401393650101074 0.30507376582380146823 2.5225424931340141299 5.9773156304961334584 4.7122827471913648623 4.7975905781548346951 4.8824855178598207672 2.11518e-09 4.64123e-06
25921971.252566739917 5240 2.0154724661881031622 0.042037454168184620884 0.1297830844600763589 2.898393214418677033 3.2100226567118190779 2.0311914416898062541 1.9931636548181979052 1.954820406726817783 1.54708e-09 4.18172e-06
25921971.252566739917 5494 1.3069563586435903879 0.40407255389378488042 0.32817626642464631237 0.8843504106899244821 4.955179574125224029 3.5999990574856508552 3.8293584459548548615 4.0858687424463244753 2.97785e-09 5.20177e-06
25921971.252566739917 4963 1.9578098929969449671 0.1859353491211920284 0.2225816601676172124 0.34964343580411494372 1.1371899038704569307 0.15913237447933620272 0.13193035889018958629 0.10747094112099399299 2.1769e-09 4.68593e-06
25921971.252566739917 5818 2.0380814140319056804 0.49851887639994052481 0.28797362667146031434 2.6090024867396608421 1.6077872912691288931 3.5119191666055895595 3.7678649906550174542 4.0600611704808091673 4.47796e-09 5.95951e-06
25921971.252566739917 5310 3.4823776202022220794 0.031485384065395680131 0.33216314060308210765 2.3553879095910930097 2.6599163354884685084 1.4243646512807242033 1.3932824215223293951 1.3622918070815388525 2.51895e-09 4.91953e-06
25921971.252566739917 6997 2.8710915117552433529 0.15694899160099440305 0.17894088307733962973 3.9789532480639882017 2.4594827855424608032 5.1416515770993056478 5.2804583840942260764 5.4127571581094739983 2.77488e-09 5.0808e-06
25921971.252566739917 6793 1.2588767432791228007 0.14367423017972000276 0.29089455768043626094 0.93058991293010118184 1.1956233711104116146 3.614133251052624729 3.684355740995231443 3.7585640484061926259 2.0508e-09 4.59365e-06
25921971.252566739917 6702 1.8207475317786907532 0.51504821078597817774 0.19876884721082627161 5.5910815454533482338 3.6062813858099365127 3.2875794834458971216 3.3986612124946469216 3.5296104359925783989 3.70623e-09 5.59535e-06
25921971.252566739917 6411 1.5174751237413690585 0.49113470386764540576 0.029637169672251637703 3.5027949840755763233 1.4177899234338298129 0.38794741827681333834 0.22851536774251110518 0.11725777052711698623 1.36815e-08 8.64758e-06
25921971.252566739917 5401 2.0333724774297810001 0.039242168266990694325 0.081689929609494255081 5.7717632902916413684 3.8504839929860810166 3.1085525679780992014 3.1072297898289731322 3.1058815819124490076 1.17442e-08 8.21848e-06
25921971.252566739917 5016 1.4902677107312292115 0.3537932965287978182 0.26878339800765438383 2.6615417208580915975 5.7926145983177645959 3.3902069968956234369 3.4994355543412578591 3.623353281397031278 2.58541e-09 4.96242e-06
25921971.252566739917 5740 1.414789129353122954 0.35817732638558474889 0.15871785035888591464 2.5948288775063619305 5.679117277319966739 0.33277138564547636967 0.22987445481932430869 0.14826185888931342483 3.09097e-09 5.26682e-06
25921971.252566739917 6332 1.99798337992333086 0.14662257443773191179 0.02648819342427201351 0.39942665900174634253 3.8153565767502515271 1.1886083425749314202 1.0556809780138185495 0.92808474951644492901 2.19525e-09 4.69907e-06
25921971.252566739917 6272 1.6951493461515385608 0.39537164622258197388 0.18047950990643421565 5.7959938157149704097 4.5759724307207632066 4.6552379087799673485 5.0657649357393008671 5.4367064708036281218 2.92426e-09 5.17038e-06
25921971.252566739917 5691 2.0930585348609600516 0.51447533686323876356 0.38353826260824441796 2.8069427716692323393 1.0224351497935777466 5.0607534658557877805 5.5277688585837232438 5.8804889806846709632 4.69105e-09 6.05257e-06
25921971.252566739917 6501 3.0464416454630889319 0.22989979977255042831 0.44801895627827137414 0.64169839070694500993 0.45997702505014820273 5.6218803808372346253 5.7527515583722328429 5.869059599412596917 2.93548e-09 5.17698e-06
25921971.252566739917 6225 1.7523869046910507397 0.27227543608910315109 0.23895587404218968097 1.0239632765287451921 1.8276388182537175453 2.3905056847940944209 2.1805163339439985748 1.9573026485425355503 2.38341e-09 4.82966e-06
25921971.252566739917 6692 1.6920688798678522602 0.16909617726175249497 0.14382720782396471448 5.16516655472603059 3.3840493148299284343 0.25896319938642187175 0.21867015718030496929 0.18198784608181939326 1.32225e-08 8.54977e-06
25921971.252566739917 6140 1.9787904937018727658 0.15682288505000943624 0.083684153847247408353 3.9062484194932980408 2.243979729891885988 5.3287984553416958278 5.4517841173445518166 5.5676568265561101612 1.67728e-09 4.29587e-06
25921971.252566739917 6655 1.6476347523859169453 0.19577415965397490516 0.17252905828467138272 1.6470940356349430544 0.59094651608305237556 4.4198802728863864075 4.6141105995039817245 4.8089400638187607129 4.63012e-09 6.02626e-06
25921971.252566739917 6121 1.8473150435111160839 0.44782302437997029143 0.14369057724736905568 0.11975028857864786214 3.0203500935791156579 5.4534754170479731172 5.7520643234232302632 5.9788867820397371133 1.90564e-09 4.4826e-06
25921971.252566739917 5251 2.1446550298174611449 0.53435321606371377623 0.090246843146669003533 2.7436917903844673106 6.0081070470398829642 6.2613254719887372346 6.2711425880076365758 6.2775774981853107448 2.36533e-09 4.81741e-06
25921971.252566739917 6255 3.2513139285452150595 0.11995411728157727438 0.16984990618964201925 1.9294555056112188129 2.0655365144297284097 0.14519106604776491065 0.12875253022935537195 0.11335076960703888149 2.45838e-09 4.87977e-06
25921971.252566739917 2182 1.4945111201532332856 0.10946837465166080194 0.22645279718969646421 0.52689064374509242406 3.4680632907955133426 0.64449081643263350649 0.58131926188126958888 0.52120722468530100713 1.98345e-09 4.5428e-06
25921971.252566739917 5176 3.1023068954737778036 0.13261475172875744621 0.10564391665852919389 1.8152846068476833352 2.8639612762185877592 2.295167374013237005 2.19089799565122334 2.082973540716481331 2.68297e-09 5.02406e-06
25921971.252566739917 5288 3.1404547212582856197 0.18705642456338142376 0.24522403316293286957 4.2101789344072555465 3.2165864031790460942 3.4267222609032428338 3.4850751853218224774 3.5480698475058294328 2.94866e-09 5.18471e-06
25921971.252566739917 5231 3.1595550758150312554 0.09367126763124290767 0.23795858985466789015 2.7352171780887952757 1.091900518119857999 4.3747736296606154482 4.4646899508076991481 4.5555022894321117732 1.89135e-09 4.47137e-06
25921971.252566739917 5853 3.1178604382234342829 0.1621514321014793647 0.20796822326153524552 6.0809997365560519711 2.5916602043029102198 2.597665194122164678 2.506912860252751063 2.4107700826474998124 2.34516e-09 4.80368e-06
25921971.252566739917 6126 3.0312471130812990161 0.25285845553541658193 0.18975244111846903405 4.3582495859623318069 4.2932415553607583547 3.9325730882357681217 4.1328205213783189009 4.3443869551612950275 3.04059e-09 5.23805e-06
25921971.252566739917 6186 3.2283982889021549667 0.026597959846825541125 0.19962379090160642381 2.9118777573593597197 0.28213431824893381306 5.8077374613493848443 5.8197720087287709845 5.8316614034247820086 3.14704e-09 5.29848e-06
25921971.252566739917 5890 1.9958786839355233678 0.47815142956266643015 0.3798908335667031122 4.30039440119614369 4.6553082815993365173 0.40971243617648755997 0.24566060276631029868 0.12937553915882837874 4.73576e-09 6.07174e-06
25921971.252566739917 5367 1.1159914688624084089 0.078397559986970816182 0.39052818976620412572 5.4932448389167429781 3.0394996771087132714 3.2127770882676283115 3.2185892434590397393 3.2246196256134784797 2.85701e-09 5.13044e-06
25921971.252566739917 5160 3.025486147293589223 0.086265335183740313174 0.1911055845196030778 0.11359365896463480272 4.2729714803696356995 2.7613781370532062276 2.7279658338659045214 2.6932929548546846732 2.48083e-09 4.89458e-06
25921971.252566739917 6162 2.1175883718688988111 0.06584379815689070381 0.25972495608161666469 2.2765113873527047517 2.205336294202183911 4.0124282895802156901 4.0639269965812996332 4.1164054020265634648 1.62993e-09 4.25507e-06
25921971.252566739917 6691 1.4943319741542735457 0.35407652742524009515 0.30029800839071690843 1.8271872254718271034 0.0018528381580156195671 3.3841302210538306561 3.4908929378521240672 3.6120722407436280932 1.99622e-09 4.55253e-06
25921971.252566739917 5888 1.6680600976142043734 0.22908695322417993445 0.34872047638191583374 1.4942419879412749406 1.3634030893228865633 2.636239544277685809 2.5112950273085039576 2.3762745625096890478 2.79797e-09 5.09485e-06
