13404517.453798770905 0 5.3996267148616379217 0.03759275302842977895 0.029475359464755958999 0.066754507030319001903 0.23120261995577198744 3.3332080634307259537 3.3405046001842508829 3.3479330352704916862 0.000954961 0.000356051
13404517.453798770905 1 8.9841408943945459953 0.079875487683186918719 0.046885114894323169643 1.5709220603948856887 3.9716578810649671993 1.4147379087400837605 1.3362355061743602658 1.2585472883187702742 0.000285285 0.000238018
13404517.453798770905 6992 1.7196971674485268533 0.14804173619005134288 0.24456926395767883409 0.057902009133373830152 5.2870355963875379501 2.9815198389464212525 2.9559124081566721109 2.9285816639602644251 1.98059e-09 4.54062e-06
13404517.453798770905 6819 1.4680723087314850872 0.27701338745489684223 0.13976938580150291558 1.3268270688622769704 4.1440223013822787834 2.9663850809031591105 2.9091918757990860023 2.8453916978731821352 2.46721e-09 4.88561e-06
13404517.453798770905 6751 0.92564629704074841143 0.17322987848452320314 0.0051954556302143345761 2.0265569843299591213 1.0042007810954822755 3.0207428850331212722 2.9977049082742448505 2.9728651714633738123 2.66624e-09 5.0136e-06
13404517.453798770905 4781 1.5416825887450480437 0.33379417847667980368 0.10734812032146183458 0.20846424818304543081 0.55965759871335474251 5.6406844883449522854 5.8212062370255051036 5.9699851742442531233 2.90062e-09 5.1564e-06
13404517.453798770905 4977 0.99106754007804065409 0.23322048224595612331 0.20584775606476743426 1.6940540139506410355 0.069368352023709736742 3.6420113254915733592 3.7684378674154945799 3.9052432942823451789 4.26284e-09 5.8625e-06
13404517.453798770905 5588 2.7760968805882919597 0.20673772069609627766 0.085562579705496563665 3.4475205159811386224 2.7780586987137301236 4.1436439345630322606 4.3297016350554251574 4.5214848777147347292 2.40685e-09 4.84544e-06
13404517.453798770905 6582 1.7140527703075993937 0.11734453147058319933 0.051119094376642214284 2.5219206863372849448 5.6068934522804729781 3.5554103327360775388 3.6054464006152548983 3.6579461047826522524 1.86721e-09 4.45227e-06
13404517.453798770905 5771 3.1777564083863456545 0.12105512920620375983 0.32606259544647658855 4.7860646074278339057 3.2241051828658986445 2.8774540352132911281 2.843759604084263426 2.8082360553985905582 2.44735e-09 4.87246e-06
13404517.453798770905 6012 1.248129350161371498 0.2140173171591450707 0.059832037542467471358 1.0520548168383823118 5.1311670749279798542 2.8859573480385090072 2.8248198405137179279 2.7581531106946712839 2.36071e-09 4.81428e-06
13404517.453798770905 11 1.5316726028011447003 0.14775732028924418171 0.06747940110981454076 2.417921158154307637 5.657251886229682114 1.9480123102656288214 1.8062373698803952937 1.6625564445965834715 2.42862e-09 4.86e-06
13404517.453798770905 5225 2.8361458490017672496 0.55397924899271100418 0.68944453993500576239 5.8205686441621891092 4.4136613285270929197 4.005708306090387083 4.5629428471554618341 5.1107472745227697786 2.91553e-09 5.16523e-06
13404517.453798770905 6883 1.9267072306299901641 0.26441827877750073705 0.11652024411929701175 2.0566762118173516072 2.9630996988635365241 4.040542606603906961 4.269507375142115535 4.5084147156573992632 1.23696e-08 8.36184e-06
13404517.453798770905 6035 1.3097146954843970068 0.073179395230126509375 0.17800599718432585927 0.12562578865978732412 5.1208542842290771802 3.6280174932636723995 3.6634153992223064122 3.6998924829079706811 1.02512e-08 7.85432e-06
13404517.453798770905 5050 2.2095829253390135705 0.16233883384776490177 0.11814341500433370169 6.1655334296132826566 5.4451443368781760057 4.1425875689428126591 4.2862883508077871397 4.4341115553569343533 4.47893e-09 5.95993e-06
13404517.453798770905 6627 1.6233101615912686189 0.14041265567185978735 0.081558520264453510107 1.193983260696074522 3.3644782883486832326 5.5627431223813328387 5.6510917492945154095 5.734052477271780468 7.24481e-09 6.99615e-06
13404517.453798770905 2413 1.8544652439994100401 0.083453147070878710978 0.083076462842845519297 0.929037460598709397 5.7678081881753247018 4.2845066590320666222 4.3618728102139066038 4.4402516382563295139 4.92958e-08 1.32572e-05
13404517.453798770905 1776 1.7499481555640561403 0.06834035214314625184 0.15195762129273523988 5.9131228067172347806 6.2443890574788971648 4.7165941810132414602 4.7849774072306825445 4.8531377930345742655 1.13676e-08 8.12967e-06
13404517.453798770905 5560 1.7070221221989427818 0.095956515816831289278 0.042168284940547105799 4.8480939235842139823 0.19139130500347154018 3.3835652248237289008 3.4077388253748672753 3.4329768531071112037 4.37033e-09 5.91137e-06
13404517.453798770905 6484 3.1715766822615134579 0.14231526222510176849 0.22524011128451204566 3.1300551629038446677 4.2925325236702214227 3.2094562775352994954 3.2199015141022604425 3.2310346733708210643 1.88476e-09 4.46618e-06
13404517.453798770905 923 1.7508513871404276507 0.17188713145155395945 0.15146629429714164594 0.97762945421504066079 2.2824159623578226253 3.2000256440768315436 3.2110958787195871267 3.223032972544763286 2.53731e-09 4.93145e-06
13404517.453798770905 6946 1.4710807037185660295 0.4691871884133358428 0.073289380852411517564 0.45993437539234577338 6.0246213744017405034 2.8692555768113745529 2.6933506941268969825 2.4900134869934245074 2.99755e-09 5.21321e-06
13404517.453798770905 5448 1.9104844932868552121 0.18401045069126503728 0.14967414838108950015 2.5999501181874449252 3.1898171432458042318 1.6079377506019782995 1.422363816602876474 1.2403767253457362862 2.56033e-09 4.94632e-06
13404517.453798770905 6528 1.488601340535087747 0.20128156133665231486 0.089647734495772193886 0.93216830227223645977 5.0467030082778450151 5.7839540669173326037 5.8732755063464612277 5.9534915631980487305 2.31313e-09 4.78172e-06
13404517.453798770905 6764 3.2998776889662901901 0.022247368469448285805 0.30645281662021373048 0.33046372537189788732 6.2122628751135096081 2.4346726093325057327 2.4200982366978491811 2.4054036841601154073 2.4069e-09 4.84547e-06
13404517.453798770905 5259 1.6907825523254276234 0.045965163894697798341 0.19810809609204324544 2.289398636481811522 2.6991016001528755908 1.3504247835134357558 1.3057793738719343235 1.2614189429929498765 2.21606e-09 4.71387e-06
13404517.453798770905 3413 1.6498139300450720413 0.17476410366067743341 0.030175229794194118049 5.4793442095546547321 0.95426205118166695929 2.5139190269385123244 2.4026678597146529093 2.2849653690517390814 2.25655e-08 1.02172e-05
13404517.453798770905 2658 1.869239412800342226 0.29370526625913911944 0.14628683204069117818 2.3286685912678137811 3.8320712121593039079 4.3733269543130646184 4.669267065651781401 4.9626993018208134245 2.46497e-09 4.88413e-06
13404517.453798770905 6498 3.2603262981488780881 0.044170983671078578592 0.17113289701392128683 0.54595489205438851865 3.329575911575676006 1.79718957875742813 1.7539168151858379741 1.7104843595871184192 2.50157e-09 4.90818e-06
13404517.453798770905 1698 1.5786505529398942027 0.1200701763329417443 0.086746042578612111984 0.11155502946005940723 2.5076370707273687444 1.5720433197628747024 1.4516738211412225645 1.3324545460793528751 2.42949e-08 1.04718e-05
13404517.453798770905 6300 3.2775990444434452975 0.051935469230914535488 0.23096608159778148073 1.6706794863630745063 1.9555175058876674843 1.2058868393611246184 1.1577935837905699579 1.1102248608276974462 3.26125e-09 5.36181e-06
13404517.453798770905 6744 1.6453551463546847167 0.20110110229248343017 0.23202000745264073078 0.053460196318231706369 6.038605440076527664 2.5306355834543667882 2.4036751604198505206 2.2683846784538164165 2.29835e-09 4.77151e-06
13404517.453798770905 5974 1.2488583881767103545 0.2620279069853031495 0.040127869172424369959 3.1594571445570447388 2.763549358553430757 1.2836642290344841832 1.0384390156651659431 0.81267237120114155235 1.10219e-09 3.73481e-06
13404517.453798770905 3800 1.6166962296168432278 0.1687477674095752278 0.032558020843500241892 6.2226245646010065471 4.9324251376042802519 2.8684707937669111644 2.8185484368641708919 2.7649786520077865859 1.79108e-08 9.45995e-06
13404517.453798770905 5861 1.633311693760971739 0.17370352232192615149 0.08547016810350764604 4.8346857876014528443 2.3213669791264721631 2.2846308358450508891 2.1445181939326545262 1.9986269140739234551 1.95257e-09 4.51911e-06
13404517.453798770905 6719 1.1627579542148194225 0.18138007860902860546 0.12914517244974124677 3.1370222117876802592 5.6117253938054609819 4.2370809408607588153 4.4064010631766379333 4.5793560049126140754 2.09817e-09 4.62875e-06
13404517.453798770905 6923 2.0061385351203910865 0.1503913548532054556 0.12507850732747335942 2.7541728401486360589 2.4228268555134206963 4.4630863998645455837 4.612172101080686204 4.761808865818349723 1.67707e-09 4.2957e-06
13404517.453798770905 5480 1.8838747319447897155 0.10948712847850203267 0.11410416433330325403 3.7622496076033868917 2.1062739147030558051 5.0892267791161565071 5.1892326772233730026 5.2865062994292495446 1.6026e-09 4.23115e-06
13404517.453798770905 5093 2.024080217506915691 0.099144951799582728413 0.10047124246430498562 6.1539757538225554612 5.5317807242275227608 4.5839131625935509717 4.6830342131677715756 4.7821364513152984088 2.98948e-09 5.20853e-06
13404517.453798770905 6676 1.8876982059177287443 0.1770584712215212686 0.20051106746429464556 3.5589647209287287311 2.4878735706749042222 1.7191729649791933632 1.5407806067490050772 1.3638018893743510951 2.23147e-09 4.72477e-06
13404517.453798770905 897 1.4322239450773901481 0.065731219764665713146 0.14290261729269801427 0.87030847852838255641 5.7877273609044808111 5.5820731396281280112 5.6234732519240644422 5.6637592166412416006 3.39891e-09 5.43622e-06
13404517.453798770905 5996 1.7329628811100212804 0.046469431704173308484 0.077559545285230790945 4.7430621976941882423 1.4604539634009712223 3.9544584007163323669 3.9887705523000533958 4.0235954357278300719 2.28464e-09 4.762e-06
13404517.453798770905 5721 1.7699208454477437513 0.20704184869981034911 0.025325483666904503172 5.6758109285532372112 5.7215637286588858501 3.2838297056789955697 3.3169270975345148678 3.3530429524969891375 1.97529e-09 4.53656e-06
13404517.453798770905 6083 1.8864016771829570374 0.13230686689311252358 0.046464403325185213434 2.9444976626358370098 1.0988764082666726551 0.11011879401364756126 0.096419524314043325575 0.083682316290785874191 4.91269e-09 6.14644e-06
13404517.453798770905 6982 1.6303524045002415477 0.084229337321488559343 0.12050709715337247496 5.745752008206676642 3.090388694271954062 0.69477782696723633382 0.64246475753225407157 0.5919970152101146077 3.77646e-09 5.63047e-06
13404517.453798770905 6562 2.0365864163760543093 0.15462490944648313307 0.05981779263811898284 4.6630172438787873546 0.17029290793292509165 4.5043507404993228249 4.6587346091373449397 4.8131370055305655598 7.2003e-09 6.98179e-06
13404517.453798770905 5146 2.7949896885332097263 0.13722384870344564445 0.11481666289351837029 1.2707544598808242498 0.097900023777995878738 0.26699236694941147485 0.23288766001759905744 0.20121801681112286286 2.55901e-09 4.94547e-06
13404517.453798770905 5492 1.8728898217019542827 0.17994841539743125503 0.02984428895860857453 0.17258817598136458327 3.3115753216469490106 4.2546441815090467742 4.4237881681381034937 4.5962944638019047616 4.51271e-09 5.97488e-06
13404517.453798770905 5781 1.803701485227482193 0.15510001577648349635 0.17569810166359192682 6.1934201631245198172 4.4453251178272372712 3.5285369729013091877 3.5919865779344246626 3.6595047491233088088 2.03408e-09 4.58113e-06
13404517.453798770905 5427 2.9444218360197633721 0.066564227229031866506 0.1135536918306762344 5.8237600344325715085 0.78126674061431000684 2.6184383655609604347 2.5841588233517298612 2.5489456648062875921 3.52478e-09 5.50251e-06
13404517.453798770905 5568 1.8601805083837965604 0.5958599364475718474 0.51494754177207691104 1.7995435521238964949 3.7236236254420020941 1.8752481374143032955 1.2020151644063712393 0.64621643865444944321 2.09675e-09 4.6277e-06
13404517.453798770905 5928 1.7354958386836263351 0.20322879925169462512 0.15134195381410492365 1.7939619675523412745 5.2312204430827842216 1.5394228186206524445 1.3355206376605888163 1.1378907690474235892 1.85148e-09 4.43973e-06
13404517.453798770905 5044 1.8314952786795097861 0.28409867951920497742 0.187879572449206389 0.79515123971984058571 0.12132076931454764679 5.2455885972144864482 5.4772040721547199382 5.6821842243080942225 2.3978e-09 4.83936e-06
13404517.453798770905 6767 1.8206413100765028723 0.23684915142051063408 0.14392565304912927071 2.8883261560251827227 5.7690918288271788583 1.635010917715591372 1.3945414783699823236 1.1613617635060313749 2.88634e-09 5.14793e-06
13404517.453798770905 5099 1.4758424724556160612 0.17263988390450663024 0.19247970705980732564 5.7924012687947081801 2.2275487062426546636 3.9380692960049419327 4.0702817749193851427 4.2085379338080821654 1.59506e-09 4.22451e-06
13404517.453798770905 5021 2.7788125607163562947 0.1934715186348737459 0.1500829826031953862 5.1963989585492091905 2.2523192105511897765 6.1129717884552370322 6.1431499556234596682 6.1701543465132164812 2.06176e-09 4.60182e-06
13404517.453798770905 57 1.5392212191309704306 0.093372025875949907214 0.13751977304225179721 1.5172318807017548536 5.0896504695899986714 2.9922656843498685042 2.977668966290325514 2.9624315348311029972 2.40925e-08 1.04427e-05
13404517.453798770905 1124 1.8894560802195519145 0.17639456180500587279 0.079621599547519975038 1.3579770016342014305 5.1863305700582991165 6.1017298093571117334 6.1312319208503618384 6.1579326418497153384 1.32419e-08 8.55396e-06
13404517.453798770905 5020 1.8887235870421381634 0.35392649677799808972 0.16351198551026016603 3.1546376623741068101 4.0735440075063156229 3.1138836777460991989 3.1014832122966917716 3.0872912242341059574 2.26068e-09 4.7453e-06
13404517.453798770905 6161 1.7023173359093404233 0.090353185281852751998 0.096888587668412587406 2.6437885492513437669 1.7496959228636841388 2.6575337425569842686 2.6136477286209802706 2.5681314855564201238 2.19638e-09 4.69987e-06
13404517.453798770905 61 1.352011819951243643 0.096612331104376850122 0.055260526047800705152 0.44773713707142137608 0.44950498250663789568 0.55646968812799313397 0.50735000692074949669 0.46040967225119905359 1.38519e-07 1.87077e-05
13404517.453798770905 6451 1.5584365683261534041 0.086902945695664937653 0.11841081704996314627 3.2200805936111773775 4.5879699937703364299 4.7087332320290338217 4.7957591866058457697 4.8823602937634662524 2.57122e-09 4.95332e-06
13404517.453798770905 6876 3.1045149732422387956 0.037918643067728761975 0.10179740396263753377 1.6737334869671227633 0.082912069489269574207 1.9382258231585332009 1.9025863121146140422 1.8667357216568447598 5.7202e-09 6.46627e-06
13404517.453798770905 5132 1.7049735706158093418 0.19762328709441404073 0.023860374447093348621 1.2989490169644206663 3.4908902834084893918 1.0523070020934022217 0.88749173713853191092 0.73423674080481493576 2.32293e-09 4.78846e-06
13404517.453798770905 5470 1.4221499708830884767 0.024685169336768335302 0.061114961366687606259 4.4309311280614531725 4.4543801273559111564 4.3208843879757115047 4.3438122549336650735 4.366839594937038882 2.3944e-09 4.83707e-06
13404517.453798770905 6757 1.8813542082445260384 0.14726724190820403293 0.11083789295856531776 2.0176609270328578205 5.8614932782915456499 4.0058334840106279984 4.1240084589505912049 4.2465113303793993182 7.3237e-09 7.02145e-06
13404517.453798770905 2778 1.7603324136615123852 0.22832927735564795269 0.13195823085872643299 0.38235605122123933475 0.33454153612274406537 1.2476643432822132063 1.0368136187116911984 0.84027078129982535337 1.15158e-08 8.16485e-06
13404517.453798770905 5605 1.0499764841431900031 0.16006509447040609406 0.19451814194161329286 3.1127826953858406256 1.5763407133016749118 4.0884115405553789202 4.2253996761171839225 4.3668565261145149137 2.44051e-09 4.86793e-06
13404517.453798770905 5518 1.4372961516816866734 0.19200617364647712404 0.14905692965580008558 1.6802149023276773399 2.5256615047606851832 3.8224937324153849261 3.9542386309794186339 4.0936560482609944955 1.73658e-09 4.34592e-06
13404517.453798770905 5490 1.4724770754127263217 0.23964052707201285997 0.20052574862623651075 1.5500218323152612498 0.59232306901245390662 2.0524901203462762034 1.8250982881542676672 1.593164807250904369 5.31486e-09 6.30978e-06
13404517.453798770905 6674 1.4993080857954421692 0.046454276782556515324 0.10028813320447751978 6.1611290287270881194 1.500483637591388808 1.5245506957076335741 1.4781791621272422077 1.431923983943021117 2.73456e-09 5.05606e-06
13404517.453798770905 2768 1.4611472058877708058 0.03367616319499090044 0.041696599898197371503 0.56592796119507249308 4.7762196505298115667 5.4483982799386030393 5.4730841719744418583 5.4974777332590791801 4.52659e-07 2.77613e-05
13404517.453798770905 5194 1.8155762048347563464 0.10176306540843416126 0.061824410016635154841 1.7545927588618182025 1.5445255941970541524 1.9685498854055549778 1.8726643175425017329 1.7755026936599398457 4.75382e-09 6.07945e-06
13404517.453798770905 5920 1.6455779301883088905 0.20764216212522856875 0.1645571591077053808 2.3026480976746803719 0.4481994508269036559 3.6132448635012348603 3.7183701986743646906 3.8316027921483351015 2.02047e-09 4.57089e-06
13404517.453798770905 6324 1.4614916803653927868 0.16653610361879556123 0.10594578097383119952 3.1495092878524215685 2.5965701580890869771 5.6132090050906597867 5.7108492471905787369 5.8010447522114647612 3.61321e-09 5.54815e-06
13404517.453798770905 5952 1.5552517033805595137 0.18856255172885000304 0.16575860944459006041 0.11213829561611264596 3.8160820514302882245 4.9460719974789428832 5.1266873285063638832 5.2992972986990611872 3.30338e-09 5.3848e-06
13404517.453798770905 2012 1.2807153804987529977 0.10396297945292524989 0.082880113237600430698 2.0780708306183792722 0.51601404742180034813 2.9278277403372920951 2.9045272083960855802 2.8801113818151220514 9.36497e-08 1.64192e-05
13404517.453798770905 5312 3.0465052963582044399 0.075756164150584878736 0.13227450107708740856 2.4030370255292332615 5.1466427495590796326 2.7294065224491359523 2.6979221780770896721 2.6654032796846078845 2.46345e-09 4.88312e-06
13404517.453798770905 5514 2.0059979788014596913 0.098033050953184278087 0.22079849251679345423 2.0490653465179047288 5.2400210989293158903 5.5608738162071222888 5.6235115887930904321 5.6835920321905621933 2.23079e-09 4.72428e-06
13404517.453798770905 6734 1.5283011037945342103 0.12637964411167587619 0.11093350303832320847 0.020922067963273647401 4.2019350949007669982 3.8964761271703860501 3.9875697769405737958 4.0821800179449772017 1.00692e-08 7.80756e-06
13404517.453798770905 3988 1.4879917666033894985 0.054273435598801114677 0.035208061699735428152 1.2167374173658123127 4.2639660307662126115 2.2681217077792230619 2.2257544207182862195 2.182711599639779898 5.91828e-08 1.40901e-05
13404517.453798770905 5949 1.5535890718866349758 0.10848060750865970436 0.16916787838945940292 4.8944724884864863057 0.20856533159946771816 2.246673254036867462 2.1588566725020168491 2.0685988258340408663 2.21075e-09 4.7101e-06
13404517.453798770905 6028 1.9314405340164979563 0.15412153752625634695 0.15824999734272354734 0.28610364493036055666 5.1188490801396895336 3.4278791830991108824 3.4751723874814155479 3.5256360210289874324 2.1303e-09 4.65226e-06
13404517.453798770905 5572 2.7008518499270635083 0.20605615001466209835 0.42261780302908458218 3.1259276292979403244 2.4160567462226967272 0.12351044029187716045 0.10025439346256254103 0.079630947192577933302 1.63405e-09 4.25865e-06
13404517.453798770905 6521 3.0172949700049529476 0.088273394080914002746 0.21296145217898873603 5.9375948581251440928 1.7335201644581810232 1.9681902563136217665 1.8852640418162613933 1.801319473037067409 2.953e-09 5.18726e-06
13404517.453798770905 2010 1.7899582072099844421 0.084739334015218534257 0.047876366581109656984 4.7291898488888772789 2.3536505384207861979 6.0736371701887001961 6.090591890009491749 6.1068114225461194167 1.54172e-08 8.99881e-06
13404517.453798770905 5455 1.8032506536182564272 0.079449968967326700664 0.13423789890344664522 1.2310004729755743558 1.6837946580608249558 5.1044187662785303061 5.1768247190262632884 5.2478589064095206851 3.36325e-09 5.41714e-06
13404517.453798770905 6780 1.9286059870598886157 0.18999866144642468813 0.1488044397473889946 2.7113987859846475637 0.35999177829076500768 5.1159057388444750814 5.285446011404636657 5.4450918873410616428 3.2776e-09 5.37076e-06
13404517.453798770905 5422 1.4652380031204446098 0.17595084901516933051 0.15600914883492467133 0.38867535670819614024 2.3502625172344218107 1.4106603236779136079 1.238462425830014757 1.0721389943853227855 5.73994e-09 6.4737e-06
13404517.453798770905 5540 1.8092279416147856175 0.17117211328511322543 0.10955552886474946572 5.3380689949468766997 5.8217250042049890624 3.2303757629444236343 3.2471019655416459848 3.2651287276516760549 2.31531e-09 4.78321e-06
13404517.453798770905 1936 1.365072182003385759 0.14559649609697300487 0.064272888584477952389 6.2089785586919878924 2.9765523063561230011 1.9610561266687467352 1.8220330402116031721 1.6810074422939722538 1.41895e-08 8.75332e-06
13404517.453798770905 5469 1.4850722400437563753 0.073700944272629131948 0.11856366155114350658 3.2521432680013675487 5.6750195209834748411 3.1236768879127918552 3.1223041035533154464 3.1208826073499782439 2.51139e-09 4.9146e-06
13404517.453798770905 93 0.89426374829596722016 0.059978372678876706869 0.037244013716647886292 0.84234046815506069539 5.2997394138170248468 5.8965037655206673506 5.9185297739624180835 5.9399197109869321665 9.2225e-07 3.51938e-05
13404517.453798770905 5660 1.7958730742733266528 0.16593371938220777273 0.16703302811875961331 2.5936244344177685761 1.7116825189070288271 1.4884440601068975596 1.3234304973416735063 1.1625476736687481161 2.91299e-09 5.16373e-06
13404517.453798770905 5178 1.8619337642468392069 0.20218406475348335571 0.1127266020189751361 0.65273820990672060116 2.5001811245196083888 4.9263057365258102749 5.1210875450551114341 5.3066194896876313081 7.29677e-09 7.01284e-06
13404517.453798770905 5725 2.9578293263548549596 0.20222668070470053991 0.26336117770538081118 0.77310481939910347116 4.8542002067242391306 1.9345348918242251113 1.7370078916579088091 1.537568171852813359 3.15235e-09 5.30146e-06
13404517.453798770905 4194 1.3038352401196506847 0.47566913161102691854 0.23658332699974810032 1.9866539704159231761 4.8128458594302276907 4.3386117698527773001 4.8465590957040243225 5.3179532387118388925 2.52016e-09 4.92031e-06
13404517.453798770905 6053 1.6097969307972463948 0.26193012922817193733 0.095055316208916343368 0.010746736834724312029 0.31084024284120659321 4.5797234253630554335 4.8471028200898640392 5.1066598112802248366 3.14775e-09 5.29888e-06
13404517.453798770905 6403 1.8373736305517431866 0.17262150182324911829 0.090901610950417502388 1.5951537640336084234 4.1130312785341445192 2.0243228981150642731 1.862142039679654415 1.696795118942860281 2.19336e-09 4.69772e-06
13404517.453798770905 6765 1.6275649139633021623 0.23333613573127665042 0.07232186589884380401 3.5325233995113061169 3.6612025791158480104 5.7559646748925992199 5.8638604644167360291 5.9588618444275089914 2.03075e-09 4.57863e-06
13404517.453798770905 6958 1.7271806570546346382 0.021682798629102446875 0.17409010226064436377 4.551494077515651604 1.1852397288792206886 1.2643995976199620124 1.2437923365208123361 1.2232585325424254474 2.00486e-09 4.55909e-06
13404517.453798770905 6874 3.2789015611068448308 0.092252690118470356828 0.25537435585828494045 1.875508874031886819 6.0957230887092830329 2.7170744785685418954 2.6773268565322236867 2.6360191984307586033 2.61974e-09 4.98428e-06
13404517.453798770905 1959 1.415901519895911731 0.050928832810834802347 0.047867151868070445531 1.5170325975898835136 2.1063872954460576281 3.6794954326194524441 3.7061875967733235449 3.7334382740366507392 1.79741e-08 9.47108e-06
13404517.453798770905 3953 1.4660788873018899547 0.11110726839005580224 0.096003799198572589702 3.0472240438656084116 4.1885476984576479609 3.214115526839753656 3.222666495220263716 3.2316645234458172276 1.87457e-09 4.45811e-06
13404517.453798770905 6642 1.1138077751793136194 0.17382840761913653793 0.044686844813053273884 0.097187848134227927677 3.190487056195619342 5.3019659678694912586 5.4405734306433863878 5.5703161569380803542 1.26355e-09 3.90884e-06
13404517.453798770905 1615 1.287736105555982391 0.18619082051989435667 0.16313049237627139099 2.1650631574916401334 0.25249563741937663952 1.8596022026829295282 1.6751247821619810185 1.489946333044988025 1.02567e-08 7.85572e-06
13404517.453798770905 5324 1.5393051282397836044 0.038480247320160226865 0.21699408698065031365 1.9898680553620691214 1.8985098586976152379 0.68647783614388191431 0.66243843408820068941 0.63877149000969080106 4.64884e-09 6.03437e-06
13404517.453798770905 5380 3.3195799323878696363 0.031687355571917159847 0.17519832292491444026 2.015294441961501537 3.7361965272314257014 0.25951816262054577811 0.25150741740237897437 0.24362156796032488626 2.14422e-09 4.66237e-06
13404517.453798770905 5451 3.2546404812649352145 0.089874267624501236185 0.037921233984777771853 1.1401177965610642673 4.984319502535589308 2.2498067457335895192 2.1777170154946192682 2.1038935581286875021 2.58702e-09 4.96345e-06
13404517.453798770905 5538 1.8856685247605289302 0.1833582034705791286 0.19233394264353823044 1.1661678713390357665 3.3094335322924517406 4.7857399989326712131 4.9684175204668434844 5.1457988588066525537 2.97954e-09 5.20275e-06
13404517.453798770905 6532 1.9782154820037363141 0.20664043417545910342 0.055364975389192071231 2.7115947398563773341 1.8437194042517244252 5.2777340569902078116 5.4443920466502238042 5.5980988729604748144 5.62757e-09 6.43118e-06
13404517.453798770905 2966 1.1800001082323665624 0.1982287895419772572 0.091671233565393417386 2.9149766362285203236 4.7992485122642847273 2.6941534594595735186 2.599006733827502913 2.4966508551073793853 3.90041e-09 5.69141e-06
13404517.453798770905 3751 1.2615103896085062551 0.031636663003036254171 0.041802213310940312951 1.9319787614625174577 1.2001547285058444814 1.6616393973936312012 1.6300826170558200268 1.5985015370566655335 2.30157e-08 1.02847e-05
13404517.453798770905 6233 3.1047071275114319633 0.19105282463768216705 0.24225935971118844892 4.9132479621265492398 1.895325001762951711 0.6042987128556921439 0.50287693991161930285 0.41079935522340849108 2.38928e-09 4.83362e-06
13404517.453798770905 5382 2.0432921423753018786 0.13078608578396916373 0.2030823608792458046 0.5381534618985340801 5.4230214115048758217 1.0366614128787114968 0.92737365097186041929 0.82273862790181062632 2.55203e-09 4.94097e-06
13404517.453798770905 5567 2.0063879168443352619 0.27784510653487975995 0.093550600801279207297 4.4254450342382041228 6.2348353775052238746 2.1506965346361748281 1.8950482816314975221 1.63168187290895772 1.31986e-09 3.96606e-06
13404517.453798770905 117 1.1418292209697136208 0.36210392189425055776 0.092841212698869288178 1.6103167148949486531 5.6806807974481356993 4.3977336618445974636 4.7716795299001404373 5.1331471737248790532 6.87268e-09 6.87425e-06
13404517.453798770905 5708 3.1471905159509723227 0.080938561038514961199 0.25557727505514771238 6.1749519885224533056 4.8788557881063159272 1.9097409864544181435 1.8322760901459633764 1.7540887520558423596 1.65544e-09 4.27716e-06
13404517.453798770905 6956 3.4626438135743180524 0.10505121388387958503 0.42178860963381376026 1.0252269776629761022 0.7883953525516521621 1.4727606319194890272 1.3685558963171733371 1.2656457297890111313 2.20649e-09 4.70707e-06
13404517.453798770905 5471 1.9962716216268172609 0.079599756289401635279 0.071017117056076980997 2.2106454395546273339 4.0056702593057957884 1.4578428427695668823 1.3790198301266098913 1.3008793619588727708 2.7508e-09 5.06605e-06
13404517.453798770905 5235 1.8347491536410995838 0.090722082032491033199 0.14309921716449236495 1.6371530247234067357 1.693486327481816156 3.9124321517906142098 3.9778837371870432449 4.0452142589638881987 1.69779e-09 4.31332e-06
13404517.453798770905 5270 3.1024778917494888475 0.37868949827326997548 0.25138947685494961171 3.1843776601514881541 4.7326920088345616477 4.0339562285108669926 4.3798203646119082677 4.737760284338645711 2.61601e-09 4.98192e-06
13404517.453798770905 1888 1.2438319350325903745 0.13891223006912778448 0.10588446483471444792 2.1818694550561108514 5.623881854423834703 5.0912907526390727142 5.2175469427238692077 5.3391087630106195405 1.07624e-08 7.98276e-06
13404517.453798770905 6473 1.9214121275747468864 0.17122803323499241612 0.10723129379508458681 2.2475523061371331934 2.9125334764345138794 2.6841728712827164216 2.6016471698786074462 2.5136206818110728989 2.97483e-09 5.20001e-06
13404517.453798770905 5815 1.7670644665395613959 0.18350734523914477569 0.12791449593812251329 2.0945182526531396228 1.1406220797444981407 0.16678597717646889698 0.13863160600168084047 0.11327309686932518495 2.67562e-09 5.01947e-06
13404517.453798770905 6211 1.5170826251762925541 0.10295977203346855233 0.078452420660900398786 1.0252293984662042003 0.26854431011655455208 5.447988288571765203 5.5219329335744493648 5.5929575361896199936 2.33777e-09 4.79863e-06
13404517.453798770905 5003 1.8471415646062601112 0.19540520600887917313 0.11209786102247983053 2.2412536899294503989 1.3593473546420404841 1.5297288511550373169 1.3340106423246447243 1.1440578264233871586 2.56915e-09 4.95199e-06
13404517.453798770905 6536 1.9228582357837817884 0.20545049666952916456 0.04656828095654480526 5.1279288057342053975 1.8119167050366731253 1.0242159859449515569 0.85628603336267328228 0.70108580855987678859 2.77887e-09 5.08323e-06
13404517.453798770905 5873 1.4900814092609002692 0.19645821245122332965 0.038109261476727072926 0.06247541782632950319 0.62283297769189394089 4.1694319650261890686 4.3479914382349145185 4.5315499369853347034 3.51811e-09 5.49904e-06
13404517.453798770905 6368 1.6079199949225573274 0.24397412470996646117 0.072262473319203490707 3.6339377591709061122 4.2521100591521889811 3.6237441799154304078 3.7525872732950418253 3.8925509382771630307 3.51985e-09 5.49995e-06
13404517.453798770905 5898 3.1881882855700762747 0.25848271486956886367 0.44841580303918043837 1.7643564295887295135 0.50601082385034357181 0.0054387322520503206605 0.0041747947719137507017 0.0030956856198688740417 2.49608e-09 4.9046e-06
13404517.453798770905 5792 3.0983709867226316703 0.089993184669179840385 0.36039663751422867932 5.2075055941136767501 2.0924422620278884111 2.1989269701009024338 2.1240122297686419017 2.0474425000577012312 2.20777e-09 4.70798e-06
13404517.453798770905 6955 0.83458020456859871583 0.17246964662152103331 0.047684199932050912174 4.8722736035818616784 1.9654793083796477937 3.2246469941271964643 3.2404291130899132156 3.2574476626921962108 1.85814e-09 4.44505e-06
13404517.453798770905 5782 1.8527447715213487545 0.093520279926100458034 0.14148386182226405094 0.8753969078161234485 5.5535795540667765025 6.1607596333550453949 6.1716966036510720883 6.182101472162234046 5.0598e-09 6.20718e-06
13404517.453798770905 6417 1.5738632735681135077 0.085115668068433431026 0.067893495961346639334 1.2910736846552166579 5.4984192488816967526 2.476314438895855119 2.4218655240113133864 2.3657590203318235034 1.63097e-09 4.25597e-06
13404517.453798770905 5737 1.6505552960950946595 0.31602692484767758163 0.16465431258549292903 2.3928095286868478198 2.9435474440056745848 1.113561787443793083 0.84363468582129697015 0.6075422797380362061 3.30498e-09 5.38567e-06
13404517.453798770905 5750 1.9181741675576855499 0.20064192224549998178 0.12672600833200625692 0.51417148120240063758 5.022232252555260068 2.2399232233535708581 2.0706694352861081398 1.8945773784995489919 1.52873e-08 8.97346e-06
13404517.453798770905 5661 2.6382762511379529435 0.16564350744624081746 0.12903688305017962934 5.8749076840212932638 4.4860285707151934531 1.5960609205520350784 1.4293536885385655921 1.2653643542010430956 3.01386e-09 5.22265e-06
13404517.453798770905 6303 0.801876908733993643 0.16206163466471876222 0.19434625471848893108 0.92842306418381947974 6.0811273875054849825 2.6883803906579863963 2.6113337464000125898 2.5293699870382448935 1.48051e-09 4.12085e-06
13404517.453798770905 5241 1.7910883313235765879 0.14976515983548219224 0.10985287963048040449 3.4236503875703943045 1.015309883469377672 0.73235483783239696542 0.6370630098447142009 0.54797713323288199661 2.63706e-09 4.99525e-06
13404517.453798770905 6290 1.4536234408284454123 0.15615480113288396358 0.089063953721525479512 3.9030067251969748909 0.88680782601700780532 3.0291682836107889365 3.010049587423881956 2.9895676938898132491 4.66797e-09 6.04263e-06
13404517.453798770905 5215 3.0276234221759881216 0.12755018363873932286 0.30189932690846010832 6.1073658665450585303 1.4207295944480111682 6.0624238369316278963 6.0888175978163605606 6.1134534296943421339 2.09099e-09 4.62347e-06
13404517.453798770905 6358 1.791335608739861307 0.064423858481794618602 0.20101107833241207978 2.0790042881834382982 1.7117553286708027116 5.0639838815318336529 5.1238466064636156716 5.1828935740429322721 2.40091e-09 4.84145e-06
13404517.453798770905 3761 1.4037675836090033332 0.030077636478036410411 0.13389983355806356347 5.8111607074504370019 1.0356379845708281184 4.8544813360366099175 4.8841970907791658618 4.9138319019045262337 4.38307e-09 5.91711e-06
13404517.453798770905 2057 1.3211644616915165784 0.072699636570032838412 0.18409850858941831375 5.0200998371693117406 4.5252309315373020482 3.6663453802319576624 3.7039978441210710258 3.7427629238637445397 1.66245e-09 4.28318e-06
13404517.453798770905 5673 1.9998104535367922097 0.10566632561053898587 0.048001335550817376963 1.505323197664446111 2.7886116827922178274 4.3314577865461352246 4.4317176520399552686 4.5332492222468951937 2.67237e-09 5.01744e-06
13404517.453798770905 3324 1.8258430909484073545 0.082058690072965276285 0.061160240521730344088 2.8999811900975931422 2.3135984785511016781 5.3422989033542309656 5.4071281556888042275 5.4701673403461832379 1.99813e-08 9.81126e-06
13404517.453798770905 5034 2.7616715752280009966 0.19232266695897551334 0.11223772905106814413 1.3395018125956719146 6.142639374597234081 5.544258243227573324 5.6661027499950895603 5.7773918473772649662 2.20492e-09 4.70595e-06
13404517.453798770905 6957 1.057809517941203703 0.05469521285751478834 0.14144045038578734186 5.4152922338484987819 6.2160211098128854701 4.5895963981803262755 4.6440896665671900223 4.6986573579956534275 6.68595e-09 6.81142e-06
13404517.453798770905 6308 1.8228834399684248346 0.1355219374382247155 0.12030461656679070082 5.3423264252962541221 4.1147452288936339215 0.41310806313306958071 0.36166879136948260065 0.31371631093695040438 2.73381e-09 5.0556e-06
13404517.453798770905 5344 1.9509896351751150334 0.18022833768455420733 0.064733348657125516779 1.3973774223576653775 0.059999412017065503755 2.7084301160282207022 2.6253483703226083712 2.5363845344114701597 2.73146e-09 5.05415e-06
13404517.453798770905 6577 1.7396035992673131165 0.15483152516911188878 0.1890323455118315954 1.777212186631410118 0.62147269171541630328 1.376172081116772139 1.2258935703285329666 1.0801803313787048388 1.63583e-09 4.2602e-06
13404517.453798770905 5484 1.2170793142959879241 0.17907950514511869478 0.057730734348629145214 2.9279300240693610924 4.117056101567415638 5.5284120668286460543 5.6443419170789841388 5.7511211755103079923 3.31273e-09 5.38988e-06
13404517.453798770905 5123 1.568567673989046396 0.40060191151774304785 0.18303936453264707529 1.0987663060464434306 4.6099682137673916316 4.3293131984832404768 4.7439453593129847775 5.1443478266786986097 2.85229e-09 5.12761e-06
13404517.453798770905 6241 2.0079772915854081639 0.1926123589843090067 0.056976006066812488748 1.6244250038251493162 4.3164712932341444684 2.8088415230170715731 2.7389336026405883828 2.6634553466271544409 2.40528e-09 4.84439e-06
13404517.453798770905 5511 3.1527151293060002857 0.085193778857826654716 0.24613879338169517008 6.0457595709328382227 0.84335418678035922735 5.0124664867627188869 5.0929423177529216105 5.1720412697129081181 2.90982e-09 5.16185e-06
13404517.453798770905 1788 1.6457511162158358076 0.15363401334758369776 0.077132630613336264358 1.792130890989995784 3.9899943409935327843 0.6102470427555433119 0.52700119950665691437 0.44973194257942777918 3.37316e-08 1.16823e-05
13404517.453798770905 6090 1.9513708760305745749 0.085836509757508269725 0.053915978690140281548 1.0794281439062354266 3.9719110071526051442 6.2776570321345195325 6.2781128366424141518 6.2785482379420241017 3.39778e-09 5.43562e-06
13404517.453798770905 6826 1.7974330242711968886 0.23945974807832245967 0.18519727982597350424 2.4019014485936640568 3.3178966295220977401 4.3959614599848029215 4.6348236683371997202 4.8735634373601186553 2.5665e-09 4.95029e-06
13404517.453798770905 6891 1.3617649243306064744 0.15852018099283826658 0.22984806040583491415 2.2335478092597149669 2.4996624731642129724 0.88528824596389499302 0.76786860166368553493 0.65775992833954721739 4.39964e-09 5.92455e-06
13404517.453798770905 1399 1.3834056918311634643 0.27346984453010658722 0.060538659923589997758 0.18590980973882784144 1.0175995694240420608 2.4628850578411687344 2.2671947258148845705 2.0574003008592400832 4.64728e-09 6.03369e-06
13404517.453798770905 6432 1.8786420886150905218 0.10851156096689658359 0.14326511948696601939 1.4394862511957282614 1.8030262805409194016 3.2189476659842610751 3.2278404524889046101 3.2371877371314647931 2.86603e-09 5.13583e-06
13404517.453798770905 5597 1.7985546455948158151 0.37533159858230180639 0.16198587825926383243 5.3604815425855338873 0.56667978841005739454 4.4798593255036571747 4.8716718301208610242 5.2422522128130921715 2.41109e-09 4.84828e-06
13404517.453798770905 6928 3.1874747845987587702 0.08273014160187545929 0.17525057568810920028 2.4014405319359655167 4.7155301133163902705 5.3412077147641578989 5.4066104410250002132 5.4701928596464197696 2.08658e-09 4.62021e-06
13404517.453798770905 5187 1.9244206294683998681 0.082565181375215429549 0.077636405280410270002 1.8063999429110917383 3.6429022438821121455 1.077158118168355605 1.0057557021182621515 0.93602388707746453367 7.38199e-09 7.04003e-06
13404517.453798770905 5640 1.7008475110776173356 0.092215116686193809858 0.050417008212186247007 0.75355513386428807365 1.4448882450450988291 2.5425346545847151702 2.4883727054191338013 2.4323292806250091935 5.24602e-09 6.28242e-06
13404517.453798770905 5842 1.9359037280741095977 0.016546355080930809367 0.19346026365433657834 3.4710655006265818123 3.2485782234786246825 4.1713611348732086981 4.1856057649785558539 4.1999089107717750835 2.75394e-09 5.06798e-06
13404517.453798770905 1444 1.5984606617189478506 0.16035942121712828956 0.13406457404265123556 4.303927994960637271 3.7739289430366844691 3.7454395107607734161 3.8435293820785818575 3.9470731027188006301 4.82654e-09 6.1103e-06
13404517.453798770905 5566 1.6022269105690547519 0.12318582292976182346 0.12001559115629213681 5.1301208994523239681 5.8158153628146411762 1.691046496648860975 1.5675226965549411418 1.4443375336945691867 1.33774e-09 3.98389e-06
13404517.453798770905 2364 1.6155689691755659165 0.12028288419898516826 0.15737675796462655131 3.8927453752550928989 1.8892990736842600885 1.0646511715555362354 0.96215782569240337896 0.86347447383595821169 5.09377e-09 6.22104e-06
13404517.453798770905 5424 3.0294690749191168777 0.058880180222188459316 0.21574296710579557446 2.9732060705861176331 5.4650903886623911632 1.3752191415721737311 1.3177562741318746831 1.2607510847020479972 1.80053e-09 4.39863e-06
13404517.453798770905 172 1.638627811137594259 0.17443519313628208511 0.15292305224004035247 6.0429858132602394249 0.53712216389521993953 3.2112883487158776497 3.2247059757110796419 3.239187178393984734 2.7327e-09 5.05492e-06
13404517.453798770905 5929 3.2015437492442599954 0.078487103232317403934 0.20737856935116552592 4.7186689624042053026 0.12078988267483849184 5.9019873344262983039 5.930200958134923539 5.9573339255774495626 3.18574e-09 5.32011e-06
13404517.453798770905 1642 1.6912959426619396108 0.029882369489470709395 0.069938021402898786771 0.61983982570436479964 4.5540517802754907351 0.72520121082829724912 0.7055961234791572334 0.68621777355498780882 3.49461e-08 1.18209e-05
13404517.453798770905 5862 1.6111127040350110562 0.26007961175651911345 0.19502655852086314692 0.5687000656572792634 4.7776149228191178153 2.0875526032162627921 1.8426128043278440227 1.5920820688473324989 2.59002e-09 4.96537e-06
13404517.453798770905 5069 2.731373574806031268 0.085853716275213778908 0.10941788679482039592 4.3470308560048538382 4.2173067448984529193 2.6798412590647666676 2.6399920269440877441 2.5987110183831618748 1.18876e-09 3.83014e-06
13404517.453798770905 6759 1.9698630406474439969 0.39691702976148862669 0.25592590218491706455 4.3342931511181301829 4.3067744998594017503 3.5657656212185728783 3.774955985269444092 4.0098749353788578631 4.8924e-09 6.13796e-06
13404517.453798770905 1810 1.8525477733394413171 0.21520519539031909839 0.14125939135830617444 0.35015294123532691994 5.553428100823025737 3.8638099498210634053 4.0202441303366853731 4.1859260834749791869 7.36354e-09 7.03416e-06
13404517.453798770905 5072 3.1165267493982256042 0.094299301982166822134 0.23769500841193361151 4.0980687723139572753 1.506407724246599189 2.2121681545534372937 2.1342757705950901048 2.054554975339371925 2.73643e-09 5.05722e-06
13404517.453798770905 4722 1.1889521917024565845 0.091751138113674662877 0.16666723550551162947 0.43035767000235192192 2.0540470797730980834 3.6131012891148985844 3.6566422384778993759 3.701836830752612606 1.70563e-09 4.31995e-06
13404517.453798770905 6175 1.5173879377516834577 0.082402045296776846306 0.080789146141208620366 2.2098376657507858845 5.0854770222577787564 3.6323731201212283715 3.6727406254100714023 3.7144791966543100337 3.23411e-09 5.3469e-06
13404517.453798770905 6799 1.8375871695421841512 0.1651915496292152008 0.017862431193187939399 0.45798301657950296617 4.1602854221352458808 3.9484346578693747531 4.0757057394273354944 4.2085316549384188534 2.97873e-09 5.20228e-06
13404517.453798770905 5182 1.7833323228314517106 0.066144322280783332535 0.10822918136552286961 1.7152500075304126792 0.20914419101050460426 4.2670605121653828462 4.3276651884997550113 4.3889745016959889057 9.37786e-09 7.62462e-06
13404517.453798770905 5372 2.0318498293889195594 0.30171469148691892892 0.17649257434231099828 2.5079657293945918362 1.4499226004858734029 4.0140120559418361879 4.2751962798250913167 4.548532844847925638 4.85789e-09 6.12349e-06
13404517.453798770905 5855 1.6449224829983417617 0.17603099416834636082 0.084298127697817873405 0.78960104389413587889 5.9995570757913228022 5.2043408608440593355 5.3541480947169484139 5.4951566632991442063 1.62587e-08 9.15964e-06
13404517.453798770905 6156 1.7809454686203367579 0.052724295312846405914 0.10253450371070724212 1.2247197601389592236 5.6546341544054667949 3.3925410871699868132 3.4059862254203912002 3.4197643470991674342 2.69058e-09 5.02881e-06
13404517.453798770905 5095 2.0501581321490989218 0.161931744240316422 0.064701482251980121929 6.1359660083061031699 1.6656787158524695158 4.1811815555710918346 4.327516881910168145 4.4776027457689338007 4.6491e-09 6.03448e-06
13404517.453798770905 6507 1.8498495763569924311 0.40150780527114798835 0.13658945551896040094 4.4161240088105877533 2.9765948382740394784 3.6585507877994403181 3.9105136414708949744 4.1897061889331137507 1.72019e-09 4.33221e-06
13404517.453798770905 6653 1.7579826625522412265 0.16658554765237745809 0.082846292378167568637 5.119574277306822907 0.25509831915142239245 1.2843674319280489193 1.1274922790004442419 0.97700898984083872634 2.19009e-09 4.69538e-06
13404517.453798770905 6463 2.3383035619485013079 0.26382025632004724169 0.21288608257589514139 2.300476838895364029 3.3183623890796236644 0.87959655639327649634 0.68955382969238854241 0.52171322624908755827 2.40859e-09 4.8466e-06
13404517.453798770905 6633 1.1010757708875240635 0.32497163120047040108 0.21140166023126000239 2.1909583821905216361 3.8720434903188629683 3.4756970499243053929 3.6055737825034959165 3.7510024480962664839 3.02269e-09 5.22775e-06
13404517.453798770905 6942 2.8489692519952782845 0.14634812781338557564 0.13287058179733421404 2.8668156431940299278 5.760364416645581187 1.0555026831586631353 0.93210512426499247951 0.81460562549142456756 1.34834e-09 3.99439e-06
13404517.453798770905 193 0.88076277912496325762 0.3243257730933097327 0.29997793495913221973 1.0828044661606883725 0.13774000479731399182 3.1260073012068190224 3.1197735489117208729 3.112697612394095259 2.99462e-09 5.21152e-06
13404517.453798770905 4502 1.5267069009917639821 0.1442555688928762736 0.043998854329818030962 4.3092315935845197927 1.14920011064341554 5.46170579818822155 5.562795426901219642 5.6579576140047675992 4.58456e-09 6.00643e-06
13404517.453798770905 3593 1.6417253493784931262 0.12930450929451228759 0.054768740030146915998 6.1555799524093997022 4.8912528575786700102 2.2920153182107094736 2.1902183223367135412 2.0849367597099939253 4.05946e-08 1.24262e-05
13404517.453798770905 196 1.7563833205340553256 0.40511465295604520698 0.16353918078722756713 4.3050577179590501231 1.9895603671668824486 3.0887802376188133735 3.0604521174006205086 3.0276169548863771652 5.83048e-09 6.50756e-06
13404517.453798770905 6147 1.637624544448105457 0.19093309351729853551 0.12122652731273161897 3.0540802410911496168 1.9323582692735599142 3.5300336109629046888 3.6101230449007402079 3.6963437597644959176 3.37103e-09 5.42131e-06
13404517.453798770905 5386 1.7300268667764300279 0.056523517493067068629 0.19226317923520672148 1.2871484092184182213 3.0671598412403149325 0.965015637857778108 0.91925791836799042311 0.87431313982553915398 2.3788e-09 4.82654e-06
13404517.453798770905 5301 3.0371095505863006103 0.19865473804208252928 0.18112451225956527345 1.1749024322180552371 4.5840920723439495532 1.6035063681770918009 1.4029739323252499172 1.2071101260389569543 2.88595e-09 5.1477e-06
13404517.453798770905 6457 2.0414900664842923206 0.26430196963801638743 0.55453165503731915997 0.00092243560136644870383 5.7579790001313417847 0.29254745916119656579 0.22382840469916764903 0.16516284396654842825 7.63173e-09 7.11854e-06
13404517.453798770905 5100 1.6943103969929453889 0.17940541189563871671 0.11554541209515586941 2.4901835744805809192 3.4243929028701565187 2.6961225603776100002 2.6113131103421580725 2.5205744254500839219 3.86655e-09 5.6749e-06
13404517.453798770905 6055 3.23468337202955869 0.088246167828910621056 0.072287030155754050664 1.7883641208446703352 4.4975660180286149981 5.554559913357980605 5.6115377036968068225 5.6664512264080615367 3.0525e-09 5.24488e-06
13404517.453798770905 5142 1.4549455437131204594 0.13301968763702717857 0.10901836496949557365 4.1045350410599716895 0.80046587989807849173 3.1327620942624716527 3.1314977667021679508 3.1301549708085749657 1.02472e-08 7.8533e-06
13404517.453798770905 5984 1.482367712586483588 0.19801106583183733512 0.1933925390055368787 5.0550684068801841065 3.6579988883575955683 2.8733474233223703642 2.8147025294785845695 2.7511212966502545108 1.83318e-09 4.42505e-06
13404517.453798770905 6291 1.7702448052432724346 0.23124575261623075972 0.08903671309211878826 5.5600930577356484363 2.5391707642438077208 6.188592414667227537 6.2084197579779676346 6.2256928707128640355 2.82649e-09 5.1121e-06
13404517.453798770905 6390 3.2037468306717125088 0.13056205136488285845 0.31722843739171058264 0.55373094942639333738 1.3675430521418572294 4.6910378497623153038 4.8221269162188606927 4.9519036150127107021 2.74624e-09 5.06325e-06
13404517.453798770905 5954 1.4426981213055463105 0.24378905111196758071 0.1180963258401729471 2.7315320640439098021 2.3723491121163915452 2.5995228954620284156 2.4569211029767701326 2.30274436771761426 1.68237e-09 4.30022e-06
13404517.453798770905 6542 2.0613303997221179564 0.13578044137882913645 0.16233109447738428011 2.6093766728499758756 5.4961933570979137897 0.381322335106528576 0.33358836020816307055 0.28912899965605975972 2.35942e-09 4.8134e-06
13404517.453798770905 2329 1.3179341003799249776 0.29132454947797797873 0.14979631683258531893 3.0596802163015097697 3.9250983787226498833 3.1079302777721888873 3.0961561335210516788 3.0829239138153430311 2.01911e-08 9.84548e-06
13404517.453798770905 6286 1.2303726547202842312 0.12394685212888997827 0.1528639072778199548 2.0143744079850489648 0.20725188748715381304 3.2308860124146350223 3.2427145530194487755 3.2552269441361318947 2.66284e-09 5.01147e-06
13404517.453798770905 5405 3.1650098508993642632 0.0020039742569517970255 0.13277967370113633039 1.5511922156962658637 3.3654918957521706702 3.8354417842206078859 3.8367243170044504907 3.8380078355797149214 2.93677e-09 5.17774e-06
13404517.453798770905 5098 3.1838717122688775518 0.070930221888439531908 0.094415645066678627328 1.6831537111443064525 3.6418246899526223181 2.730865068270391216 2.7015564293106391069 2.6713421238968395599 1.90652e-09 4.4833e-06
13404517.453798770905 6419 2.7187659629536593542 0.48008245160362778003 0.56197004684751161729 6.0219580867948865333 0.39904618905043715005 2.5983283262356295928 2.2629981941550556535 1.8934102828720231759 1.9765e-09 4.53749e-06
13404517.453798770905 5368 1.6344724621336006454 0.24256591943102220887 0.11444312543258874926 5.8022845974982928396 5.1780859001494761173 5.3380506109608250043 5.5236902714010636117 5.6907103307797175518 2.65835e-09 5.00865e-06
13404517.453798770905 6721 2.4575803533254210187 0.35846021483663220719 0.51624400653652446902 2.5473627693034588404 3.8729636423907720655 4.1774244519689371913 4.5261198086901082149 4.8783793784810312033 1.66278e-09 4.28346e-06
13404517.453798770905 5510 1.6230239948891971302 0.20110566927842127294 0.10267065641669763376 3.2019259522674463625 0.026049733510384486673 1.8846002420508876085 1.6857424494734403186 1.4859638835218300645 3.25682e-09 5.35938e-06
13404517.453798770905 6261 1.6869097418071792305 0.21036208566212591387 0.11000138451416299756 4.0836804261616110878 0.82968877412726460552 2.4342820850304396352 2.2841660904218699102 2.1250984751201889011 2.48402e-09 4.89668e-06
13404517.453798770905 5274 2.1172302794004451698 0.33390318851774619668 0.28414222466713079385 3.2019101811762680221 4.8337998747501602637 1.9047585211275883665 1.5639305065471198475 1.2300351880110778069 5.75566e-09 6.4796e-06
13404517.453798770905 6437 2.2076860393997894683 0.31389571360482021456 0.409700534407632877 1.6971783421581490003 2.0149010789880232863 5.7624343506834598827 5.9027894356507211171 6.019335170035751581 2.58679e-09 4.9633e-06
13404517.453798770905 6695 1.4289569555917687183 0.021793927127231122604 0.16145843274489898866 0.56329082098544358548 3.4721714649443367051 0.96919961750478700324 0.95134048316169617099 0.93359598734049498159 9.88303e-09 7.75914e-06
13404517.453798770905 6034 1.9636786070268883453 0.22019709588342922801 0.20878462564162325599 0.80628404583443058495 4.976008791288466071 4.3657032320090625177 4.5827699610462886426 4.801119869701651055 2.45369e-09 4.87667e-06
13404517.453798770905 6113 1.5806802758815312604 0.18611680659564258655 0.096770808117565512707 1.9144944235048084735 2.8656986337110175178 4.8069515289789812584 4.9917001682672204055 5.1706041236302020536 1.07283e-08 7.97432e-06
13404517.453798770905 5971 0.73082423720783196153 0.11724797595154300145 0.21758944752096703867 0.27696807256222844007 4.9676692075207213861 1.5013821827591353752 1.3846215642340813368 1.2693996944025263129 5.17058e-09 6.25216e-06
13404517.453798770905 5748 1.8250211418102726402 0.061140615956438743028 0.094746159848797945058 1.1162660810558360236 2.0518475757703891205 4.5094994969866739609 4.5697957008989673611 4.6303157880679925995 2.75123e-09 5.06632e-06
13404517.453798770905 5053 2.967047464180932792 0.13038346428715241743 0.25729663868526247983 0.86866481525772420991 1.5713308909496639387 3.912381744659165772 4.0080322829461874079 4.1073881694511165108 1.90259e-09 4.48021e-06
13404517.453798770905 5116 2.7136199329190051621 0.14215561856491926163 0.10610936450355763772 5.3846402674125748433 2.6290289406561577756 3.1212507128981084037 3.1181208855124302737 3.1147845481669333978 2.56354e-09 4.94838e-06
13404517.453798770905 6595 3.0339528162924165322 0.062195296723640880465 0.19050591391649954187 2.4031213196847782676 4.3699047103321415619 4.6919706356178680906 4.7542326798269884947 4.8163735357719463792 2.5233e-09 4.92235e-06
13404517.453798770905 5266 1.7142948406666072003 0.23503563344136113589 0.13086878359430442753 5.7656787032783407554 0.11789733664624338361 1.9286270424389759803 1.6966705898553942067 1.4634944902928719301 4.85139e-09 6.12076e-06
13404517.453798770905 5762 2.0707786123139433343 0.098907152190768760081 0.091422666816487696551 1.537575323803723748 6.1532066403164238366 3.888812781714030109 3.9587100351805455389 4.0308307776871803441 4.50081e-09 5.96963e-06
13404517.453798770905 6628 3.3313353657079916026 0.082647425993848624981 0.22532916812582173827 0.070900413591651625933 0.63551575922488934278 1.1381935613747626856 1.0643469367424958083 0.99207404958769118686 2.5094e-09 4.9133e-06
13404517.453798770905 6808 1.7174531167491153827 0.1967405447539258001 0.20078268673251273291 2.5042239946916500237 5.4940946702895878673 5.7433651143530282113 5.837396009493722282 5.9222246645361504847 2.07842e-09 4.61418e-06
13404517.453798770905 5481 2.0686509944689808194 0.22045020364415543468 0.1204144171632172966 4.4959747698146657058 0.86578396519003553156 5.3707981030517775167 5.5356798406684353253 5.6855444063637206042 2.0621e-09 4.60207e-06
13404517.453798770905 4662 1.3034953870610752613 0.26611959089624709351 0.15487115539991844204 1.5302803248650080903 4.3642085163631030298 0.64437456755027788802 0.49775678790401600704 0.37069646431135744313 5.28399e-09 6.29754e-06
13404517.453798770905 3089 1.6208513802956499017 0.029836890609364574017 0.1331102710568900227 1.7793830959287495475 1.362577940984213809 2.378066191130417284 2.3572060715822851229 2.3361295569042446196 1.46985e-09 4.11094e-06
13404517.453798770905 5878 3.2145953821368160597 0.065680989525654556727 0.069884567217903009739 4.5705732431679537697 2.0941137069244364355 1.3198533984228457694 1.2566976117132051538 1.194230049781385361 1.44428e-09 4.08696e-06
13404517.453798770905 3948 1.6819110799307681603 0.25170708665995289444 0.11932612511432573454 2.5742261870334264273 2.8265526864930183848 6.2069767980285464049 6.2242504198728516585 6.2390761627532063116 1.17788e-08 8.22655e-06
13404517.453798770905 3872 1.2942187238308451303 0.16401227319378874903 0.085999419044376038124 2.8748986697481115904 2.1538370353375917432 3.3236288922464942708 3.3561619360981675975 3.3910845130508238121 6.86931e-09 6.87313e-06
13404517.453798770905 2498 1.4766385598075002505 0.21517237701306404785 0.17742443765946627754 0.99607056442476882285 2.4823288369458729186 2.3577630028982445864 2.1915944703122747228 2.0165701500326136397 5.39185e-09 6.3401e-06
13404517.453798770905 6200 1.8525130012303956395 0.13366694962119007872 0.11108779691845563353 2.5434999127492328164 4.2949611684280109003 3.9529547199504722066 4.054960911161466619 4.1607671921131803572 2.64335e-09 4.99921e-06
13404517.453798770905 5535 2.2354333265811141551 0.21181061973345657878 0.34783179195622959679 0.96707706655705527599 0.84194658448865644651 3.6970630888371940337 3.8211943833540495952 3.9543138185195694234 2.07392e-09 4.61085e-06
13404517.453798770905 5450 1.7719699550004965882 0.18270789017557573231 0.21119721003540886661 1.0041727256277446223 4.1412165608610091994 3.7886321888137608482 3.9083777189818329489 4.0351447667709994249 1.88249e-09 4.46438e-06
13404517.453798770905 5733 1.8500248837712582883 0.064017078977515878835 0.15152045419840473595 4.1178123371815491538 3.7779477005383821364 0.90092293003463042034 0.85167823367956785319 0.80351261871426393757 5.33623e-09 6.31822e-06
13404517.453798770905 6450 2.7437825404395956852 0.21925394883742729824 0.21584210710399756583 6.2742425484668817859 2.5074346642175084909 3.2990803450595715951 3.3381711600201491308 3.3809947193784570807 1.74846e-09 4.35581e-06
13404517.453798770905 6407 1.9328848977222843342 0.14250928538552923297 0.1093288847805686248 0.88594997690295340664 5.6597923647273891135 2.6115745694515553055 2.5344283663650619687 2.4531209941891454207 5.15346e-09 6.24525e-06
13404517.453798770905 5576 1.7758669549410814881 0.23582434944998817428 0.14595612355658219017 3.643619010423075455 2.5356124430684938709 4.281094949567465946 4.50883463473651247 4.7397902134092255721 3.16141e-09 5.30653e-06
13404517.453798770905 246 1.2611737173148309665 0.18453048226700161094 0.10330258941712387732 4.8012831148706762718 1.4084203801517420906 3.9885096989897093067 4.1368526220843122587 4.2916553343402741305 9.52298e-09 7.66375e-06
13404517.453798770905 5992 1.9761300381806961024 0.32267596497543321599 0.18987184119944600091 0.33546416211239332705 5.7773697995385058235 5.5057144513140992004 5.7129664774945467798 5.8871522129187612293 5.52752e-09 6.39283e-06
13404517.453798770905 6196 3.1446006105943942188 0.25462856230424396609 0.012345946338883908786 0.91925538358565017649 4.7124689936907104837 4.3674105176157151931 4.6208411946810761251 4.8744034813849292931 1.25424e-09 3.89922e-06
13404517.453798770905 6421 1.7625331767339049716 0.040660386944000190268 0.077582683889800940769 2.7439329533707352837 6.0083699074208549717 4.5009834217779864929 4.54092018277634768 4.5809842936534179714 6.6141e-08 1.4622e-05
13404517.453798770905 5394 1.5077660049799113118 0.14069677869274130333 0.064046155943481689055 5.7528909098476104234 3.2569258711490514102 0.17599601310019646894 0.15285064616521118475 0.13142869520448660636 4.23442e-09 5.84945e-06
13404517.453798770905 4243 1.7352994531750243201 0.062292948438675589673 0.17572060635877148616 1.0865976769888816555 4.1375745169262714285 3.7813964936983199827 3.8195742243239849678 3.8586457487666785404 7.70334e-09 7.14074e-06
13404517.453798770905 5711 2.3277527053525024492 0.39890482859134762661 0.80442206596499288285 1.1525662799104330336 5.2164153406498545706 0.52313352047016470348 0.34742122796005719954 0.21160440885213846474 1.73005e-09 4.34047e-06
13404517.453798770905 5322 1.7973840499623461309 0.21823130891632674944 0.075304635421219193181 1.0209096964904267324 4.1671822416714991988 5.2280318449913485424 5.4097765835111166766 5.5770557980593649106 5.00791e-09 6.18589e-06
13404517.453798770905 5046 1.9977794020559238586 0.12531368754608052107 0.17477845972644653894 2.0028886390622369085 3.769137798495661329 2.1495535765325071154 2.040587931751032702 1.9288503972714936552 3.3008e-09 5.3834e-06
13404517.453798770905 5351 2.9794719151786455136 0.13348473588100315257 0.13532664432384566844 0.31013531468881005981 1.8233653093819768287 5.1631767935788603907 5.2803077391460133683 5.3928383422567280903 2.44807e-09 4.87295e-06
13404517.453798770905 5321 1.6534451642769689705 0.15836221889453638845 0.17441160765479402084 1.6754062509325140518 4.2807812800709772461 5.3665868597378638682 5.4870564574531037749 5.6002305977728585873 3.33881e-09 5.40398e-06
13404517.453798770905 6337 1.8345953442411846446 0.15216979257868645803 0.10021636569506942038 5.8035527013853389633 5.0629887146235947881 4.9414323422466583935 5.0876888866189542426 5.2292673166123462281 2.57504e-09 4.95577e-06
13404517.453798770905 6131 1.2709793861689120398 0.15583877683788366353 0.03785018335185278554 1.373187272371026113 6.2129845679270632175 5.3657276274707825792 5.4844305041840666348 5.5960871173927735356 1.45631e-08 8.82947e-06
13404517.453798770905 1239 1.0440602310147761855 0.13093031155063583615 0.13339199256592645937 0.84932786722618913711 1.0199108978877353682 4.3951162100462228821 4.5224932794377004086 4.6510699782259115054 1.31823e-08 8.5411e-06
13404517.453798770905 5775 3.0447456344289056673 0.085070902529853359431 0.044063381714553956359 1.2384092204556891303 0.37427929343763183256 3.6036383754449476946 3.6431316768670503059 3.68403169024646715 3.02463e-09 5.22886e-06
13404517.453798770905 261 0.86290993390188841516 0.26381504977587361127 0.091665589424960933207 6.1716934159037277752 1.1229907361303381741 2.2569891833054311903 2.030850060030537918 1.7944642193821771503 2.34124e-09 4.801e-06
13404517.453798770905 5313 0.82151220865526941584 0.21657991462308623376 0.10457672089754926903 1.16165694899699945 0.81723802681513957324 1.8618787696534293552 1.6459428400002096282 1.4299741508841896653 1.41091e-08 8.73674e-06
13404517.453798770905 5927 3.4924570072148752864 0.040908301276090380805 0.15402441933708529986 4.063691397409838757 0.07998164059423344685 5.6067264426746374895 5.6319434802806238594 5.6567410508709246031 2.21586e-09 4.71373e-06
13404517.453798770905 6445 1.7956217994326868492 0.030297986588772939098 0.10413885916846692126 2.471010912303735374 5.2851102697983094458 4.2339179482629454299 4.2610069866277342499 4.2882704820965589221 2.3322e-09 4.79482e-06
13404517.453798770905 6807 1.6737758746938993237 0.035558829314089761275 0.12489196740896940652 3.7410993512135015671 1.0063045788547202442 4.7880331204549957391 4.823450169247609054 4.8587899221365882241 2.57067e-09 4.95297e-06
13404517.453798770905 5242 0.9028075982532212107 0.092101521357092500097 0.0088431929151485677565 6.0318121277713911965 6.1349814342885844454 4.7734123814036175659 4.865215173396865822 4.9562432320574778544 8.40992e-09 7.35271e-06
13404517.453798770905 6123 1.4446318206390700301 0.094472556652227354657 0.14089314101821409642 1.4328300447468651502 4.7409581244667240441 3.5718768546049322055 3.6131423477610677963 3.6560581503663689418 1.87233e-08 9.60087e-06
13404517.453798770905 5407 1.5819852001845164935 0.10071068888412203213 0.1522953706831959575 4.7419889310097769197 0.19025499287923669511 5.6819582250600868534 5.7367745391754381146 5.7891062261911088171 5.11323e-09 6.22896e-06
13404517.453798770905 5704 1.8232211825014865703 0.17095745030370942952 0.12563367248007159538 1.7142116631968744578 4.9796532686162073844 4.6667267338072271343 4.8390238068222348744 5.0086123187392068701 1.97064e-09 4.533e-06
13404517.453798770905 5968 1.4220288144877910597 0.22754669229077981174 0.1495455796236900281 2.079682237336245354 2.9239323177550251565 3.8429089214267442287 4.0056872528326437077 4.1787382581730616593 1.90606e-09 4.48293e-06
13404517.453798770905 6005 3.0314574922978976268 0.32607945350394557105 0.31607767286092669501 2.9702993867014071405 2.0373628670661187989 5.4176296492429312224 5.6468736138669504143 5.8406407893220411154 3.36675e-09 5.41902e-06
13404517.453798770905 5476 1.9262739515540459045 0.2906316333348723524 0.19240190041679436361 1.3239203417934124474 4.2342527539159853234 2.3135223351995906071 2.0714689619528554587 1.8165094887405752733 4.35596e-09 5.90488e-06
13404517.453798770905 5997 1.8166904685974258893 0.33654352391562131208 0.13440858183194023812 2.8185309416292172457 2.7742502681465528447 6.2187895932056571624 6.2378071129473182665 6.2530736096721053485 4.37918e-09 5.91536e-06
13404517.453798770905 6710 1.9782532448489942301 0.26746806145197443705 0.12450374515037322676 5.3228767189814698568 6.2053428013804401431 2.168858315582003371 1.9262095734130117997 1.6754575253918106981 2.35382e-09 4.80959e-06
13404517.453798770905 5938 1.3554692219058002145 0.072188093441068634792 0.29551759354905626775 1.5776700555262623826 3.1133215169261352351 4.9245735128776857437 4.9946723615319088552 5.0640033879833774577 1.88863e-09 4.46923e-06
13404517.453798770905 6827 3.1206149170237504897 0.009604311418410256887 0.16139040046929248318 0.77461809903715539427 2.5006374555432229201 0.16199552850067422405 0.16045374072936774423 0.15891929701061843772 3.04652e-09 5.24145e-06
13404517.453798770905 5420 3.5012699192036778051 0.056782401579399496838 0.28609903079462728481 1.8779928795804643471 3.5556282882964991288 4.5562508254313369704 4.6126219766925808941 4.6691220220500593285 2.55489e-09 4.94281e-06
13404517.453798770905 6167 2.0754293780194670305 0.16256591675196963021 0.16486095542563825034 5.1677069569954889872 2.3111989146974303289 3.549838613309774793 3.6200562458568770197 3.6949041698178435311 5.7681e-09 6.48427e-06
13404517.453798770905 6036 1.481411460025122917 0.18373457145118310407 0.016867168506156396401 2.6758073206787678089 3.1448981894772787271 2.3311755900483892567 2.1879891005739895427 2.0381523918023365383 2.34807e-09 4.80567e-06
13404517.453798770905 6312 1.4945228522193154674 0.14501959974645539653 0.16955781223467641938 0.99819961371348697732 3.9729220561610345541 0.091686216490865043993 0.079241505979522522396 0.067761957067597397564 4.34831e-09 5.90143e-06
13404517.453798770905 5195 2.7805094805330394792 0.11914422318540093815 0.10576187092794098188 0.80718082503331123334 2.045735401897865291 2.9836380002280216139 2.963650326989375472 2.9425612315427813748 2.26107e-09 4.74557e-06
13404517.453798770905 6686 3.3805098337073200554 0.50359752384320610741 0.60490415673110975447 3.4105949866941664972 5.476215592433619328 2.8839831012326997417 2.6981648701436919957 2.4821022700922217297 2.71129e-09 5.04168e-06
13404517.453798770905 6056 1.7945980657760856047 0.1023249424118815587 0.078680180595008600286 3.6386115968808181442 1.8970707178818564387 4.7640913474106092451 4.8661887775364540687 4.9673058872314319601 3.00235e-09 5.216e-06
13404517.453798770905 6170 1.883944968309660295 0.047598356556554394237 0.18346827322605835375 0.87716146359898417018 0.5128270214602580479 4.6385541429146002201 4.6861243372634202586 4.7337062773413904893 6.44558e-10 3.12323e-06
13404517.453798770905 6886 2.7819719827195807937 0.11937137804004711861 0.36136330709626535151 3.9249310617011494706 3.5038489044795899652 6.1583287770858863297 6.1724105409418923429 6.1856068499931815552 2.88448e-09 5.14682e-06
13404517.453798770905 6185 1.6947389996974862036 0.10540580897120986614 0.11531293936863754035 0.56929424611360535113 4.6163922570091830977 4.950002037217276829 5.0513831662503987374 5.1507902900126243395 4.56223e-09 5.99666e-06
13404517.453798770905 6037 3.0262885820879676935 0.15802205759501386506 0.23427222246754483836 3.1584454423557026814 4.6864279782550823938 5.4957236516948322347 5.6023132629887353318 5.7017835438958321959 1.83549e-09 4.42691e-06
13404517.453798770905 6149 2.1390913709828365263 0.1551023616859798504 0.11836045122035786237 1.6750180016951774498 0.54911747497701424159 4.6939629520063306245 4.849890944099353618 5.0035293706012629045 2.75102e-09 5.06619e-06
13404517.453798770905 5846 2.7812771629417403219 0.11315219373348057996 0.18445369227563998549 6.2185559991386663015 3.735351688301086881 0.18972886702211563814 0.16945144480283827471 0.15036926920929286067 2.37403e-09 4.82332e-06
13404517.453798770905 6333 1.668647624850461586 0.18391419566786854078 0.139350635698291897 1.6414084139811107033 2.3036373902084932297 0.41046189917323167018 0.34227073127604507041 0.28054416648501612208 1.94245e-09 4.51128e-06
13404517.453798770905 5488 1.7574000876385726944 0.21155600348540601341 0.077651666253074458357 4.4643769793922203348 0.11985696960784543441 2.1277225657948766191 1.9357838968987328698 1.7381634686005424939 3.37985e-09 5.42604e-06
13404517.453798770905 6244 3.2351510340262401577 0.11312067167151050595 0.29650458157394982139 2.9342553475263568608 5.3455368140710772806 5.9721085331492105297 6.0050612144575135076 6.0361187564540781381 3.08558e-09 5.26376e-06
13404517.453798770905 6192 3.1959366817829013563 0.16186407962264282023 0.38649810609427637242 0.30069802855823141163 2.9965076247371467133 5.6368909516917966585 5.7289603298255871167 5.8141468779322904581 2.79503e-09 5.09306e-06
13404517.453798770905 5914 3.1944230850223056528 0.058090596529766239109 0.14475876910386223373 4.6016635399616241386 3.8731838102461244588 2.4057940966534339111 2.365917804179773487 2.3252428821967225936 2.63408e-09 4.99337e-06
13404517.453798770905 5144 2.4380705666377124885 0.58851182129023316136 0.1637993008316888377 3.8559338424408422519 4.506491172419607949 1.8185587358762655974 1.157996272530268822 0.6189187961146480621 2.44844e-09 4.87319e-06
13404517.453798770905 6164 1.942979316233159448 0.11111070929490222958 0.031682723117454132666 2.0768171099119907552 0.3479399644551930959 1.6521215130310960006 1.540644506986507789 1.4295843010291373609 5.09634e-09 6.22209e-06
13404517.453798770905 5361 1.7711551425319163044 0.31277195826180087534 0.142592281656323705 4.1568161331064432673 1.6193533584427057814 4.3912852781515914202 4.7092356058067101898 5.0220060090033999955 3.09083e-09 5.26674e-06
13404517.453798770905 5650 2.0043457043575725329 0.063714876383716201325 0.074083625475247286141 0.57814626978408178992 3.2545372313971192568 5.2614249705062947626 5.3149274394183860792 5.3674221028484403462 9.54988e-09 7.67095e-06
13404517.453798770905 6814 1.8445982620787113593 0.27675444114648728444 0.074649038254287827798 3.3141756496764731565 4.5377825092752770431 0.99841990636121979996 0.77887779120417488521 0.58446300395827577301 1.89305e-09 4.47271e-06
13404517.453798770905 6631 1.1722392685897349285 0.15525171693737310763 0.15618027281713095511 3.5629966180924799168 2.1355278619821516095 2.2079477144867398763 2.0764683377874830761 1.9406465047356598053 2.32153e-09 4.7875e-06
13404517.453798770905 3400 1.5034057640725173588 0.12954957141660458642 0.035281556241702823062 2.1514316167475096009 2.3615999441374251333 2.2193930538781807549 2.1115779319594074614 2.0005142334934991055 2.20416e-09 4.70541e-06
13404517.453798770905 5798 1.67332069725248056 0.092406011585087183269 0.20262238870249030254 0.96408951971328349373 0.99116128094317157426 0.84715559510997873183 0.77984774347379581805 0.71487050020879816525 2.01067e-09 4.56349e-06
13404517.453798770905 5551 1.6777922255333235224 0.30842389962145377869 0.12701741160645418915 2.0035944879222360449 3.4149836411944547443 2.2733071050830009341 2.0061846628529802494 1.7265347622637221559 9.09521e-09 7.54723e-06
13404517.453798770905 2928 1.0202206388237848866 0.025133453698710665758 0.091197621536312237223 1.1800853971559261968 0.94952154431668933654 2.5892601050400814167 2.5759286952931064185 2.5624577555117715733 9.69793e-09 7.71039e-06
13404517.453798770905 5185 3.5248790397224909476 0.040009426533629918743 0.25166990640850767091 1.1942880898102685716 1.1149821157466943689 4.9170723990172202633 4.9560986114182368212 4.9949257395681430083 2.64564e-09 5.00066e-06
13404517.453798770905 6227 1.6040238347665154439 0.063016044106249821666 0.14310364659358204564 0.97515361503759989681 1.8213501443826762838 1.2961967309842719054 1.2360143422431020266 1.1764968251455396597 6.71025e-09 6.81966e-06
13404517.453798770905 6979 3.1242312427335416913 0.58094717478846769065 0.44078994135554527833 3.7632424161712663135 2.3288321291299909355 3.1430195625472183707 3.1443641884970174871 3.1459743018098729195 2.0418e-09 4.58692e-06
13404517.453798770905 4406 1.4775647850403952344 0.22545549575866016823 0.16863609666131315623 6.2141697884726081469 0.28305347569627492543 3.86782956584676052 4.0332786390176202929 4.2087127347342727646 4.822e-09 6.10838e-06
13404517.453798770905 5453 1.557859741106235596 0.22283976137920710747 0.14544848032217766454 0.29766225124186568296 5.9497280122327680374 4.9030845845691573004 5.1191858273553325631 5.3238402870346490658 3.03837e-09 5.23677e-06
13404517.453798770905 5134 3.5274069367428748656 0.10516688449488884038 0.36251317594137327793 5.8616658519355242518 4.7272756538697233708 1.864648319960530598 1.7622336057972554091 1.6589879332965411507 2.31886e-09 4.78566e-06
13404517.453798770905 6863 3.1154758366772150602 0.14169733457383268393 0.03882867914367939266 4.1860114657393800996 2.4088868888524288536 4.3049163894732629387 4.4392664495836537952 4.5757115347000532068 2.72515e-09 5.05026e-06
13404517.453798770905 4313 1.6327432501531085052 0.14464102532560624281 0.19494707668304883663 1.6073470716443194473 0.13183030768114201159 3.5488139502983226947 3.6105031358764554383 3.6758685323794528799 1.98502e-09 4.544e-06
13404517.453798770905 5577 1.8136450330562969846 0.23486140651643405697 0.11546574645132229309 2.6439354465955364759 4.1130950786968725197 3.1568038177725856741 3.160916624187668944 3.1654547966518831181 6.01747e-09 6.5764e-06
13404517.453798770905 5417 1.9657043389096922059 0.21734140791463435471 0.1034741662151319741 0.9225371756084814745 5.1402616150066693379 2.7113898762358519257 2.6095489666404518836 2.4992926284880025989 6.2485e-09 6.65951e-06
13404517.453798770905 5880 1.7990820413426018565 0.19222586559616974822 0.059719591494741867954 3.9807780167805524307 2.3926341161000039826 2.0403842273866623636 1.8598986559526353712 1.6756501291068603976 2.24295e-09 4.73286e-06
13404517.453798770905 5030 1.9359889343105656234 0.29910259486692625241 0.01875905249988262663 2.1645801926646623947 2.1384770452988584033 1.7757727430408869473 1.4688665914652161426 1.1713164405542395574 2.14686e-09 4.66428e-06
13404517.453798770905 6137 1.6415798584704404117 0.29245489546820679916 0.031352599592431508457 3.6215560072171157913 2.7895376190411353967 2.4935975575081688049 2.2894210393056226849 2.0692867705749145024 2.35406e-09 4.80975e-06
13404517.453798770905 3887 1.3629635452627448799 0.36950482040055754318 0.090635048448282878875 4.9677201185930259797 4.5164397328148302435 4.1544708503132490307 4.5122476100416797351 4.8743765533543079727 2.52093e-08 1.06016e-05
13404517.453798770905 3103 1.2535485423642509506 0.28911640832314694505 0.098569932630973342014 5.9220648394049426599 1.4133264320816618653 0.50614319390768747198 0.37947516837709405202 0.27237690243848355909 2.18756e-08 1.0112e-05
13404517.453798770905 5607 1.918472463208872103 0.091295381292241392646 0.11506366941334780774 0.87952525105567702646 5.5778249370529549012 3.1911948351191190554 3.1959480514961349229 3.2009080050596825373 1.18158e-08 8.23514e-06
13404517.453798770905 5029 1.996125580984739134 0.25758669302535175394 0.14794934550327404343 0.95581994020936811296 4.391504666934693546 0.92125978258971041868 0.72852389076841939097 0.55703066860138372718 1.87308e-09 4.45693e-06
13404517.453798770905 6282 2.7962886668861024475 0.029082995320298135611 0.057380650354018777892 5.8421362475387743629 5.6064092087854824342 2.5321536102297463877 2.5153021836989890581 2.4982553805876723807 2.68214e-09 5.02355e-06
13404517.453798770905 6604 1.7825187726577675917 0.15451821782465041677 0.094014671632389829048 1.8437174374431031243 2.5533455018690500715 3.0639856354188528265 3.0509213968260131544 3.0369302251092182843 1.08355e-08 8.0008e-06
13404517.453798770905 5362 1.5439013752528687462 0.14384658082093174092 0.18035898315020237881 5.7039743624619063667 2.5820441274353842509 6.1447786386389831037 6.1633945746703853175 6.1805848800589657799 1.49782e-09 4.13686e-06
13404517.453798770905 6068 1.6145892845423392981 0.16919842253315675595 0.084182632087452191616 5.058003605372697109 1.1901180973468363788 2.1812336737919273411 2.0346774817080364173 1.8833594879606652128 2.08722e-09 4.62068e-06
13404517.453798770905 5877 1.6492217354522309414 0.036622937678745158541 0.17628328867172327055 0.26604746652240474081 4.5082914417292112574 1.7276219376365840041 1.6913364583409140618 1.6549792628983983622 2.13222e-09 4.65366e-06
13404517.453798770905 5479 1.612946722427605728 0.22860751973402057557 0.11059425161398357684 5.3832880999605459138 2.9411597489198002542 2.8957907573205270424 2.832301894325296665 2.7627176228386098877 2.12255e-09 4.64661e-06
13404517.453798770905 5257 3.1581661958214275465 0.11069526192597475833 0.21917729612995831556 4.8188632786183758228 1.3499643102313791942 5.5698775777301205991 5.6395774004963534765 5.7060040148894710654 2.20895e-09 4.70882e-06
13404517.453798770905 6565 1.6786452184427687051 0.012705541002564758185 0.085166572275865576325 1.4511485106787009869 2.3972279594983594286 2.9665629434491980199 2.9643364161978489335 2.9620960548945713953 1.21046e-08 8.30169e-06
13404517.453798770905 6327 3.0307188394261221909 0.12834917495483535999 0.21523475803850311561 5.7667710865160648481 4.7788224866195241347 2.9082989924377016244 2.8765132919402085498 2.8428876231316806411 2.25041e-09 4.7381e-06
13404517.453798770905 5595 1.381835105793365992 0.27628025149721358034 0.080004956588880071777 4.4066603845510394777 1.1173602986977817508 4.5918390726733102625 4.8744819444761793292 5.1471406243860888807 2.78921e-09 5.08953e-06
13404517.453798770905 5226 1.2980173479006718029 0.2689497127976014923 0.17267766609043389003 4.3530397131941587219 5.3641845349823089606 2.8897341961403482102 2.8110483141579214461 2.7237585471190666198 3.2729e-09 5.36819e-06
13404517.453798770905 6709 1.5490934003081155979 0.26180692120758658481 0.10800611813686199214 4.6553895184577189781 6.000068597468790621 3.4604617199356919599 3.5560185067149028271 3.6614388473780778988 2.29225e-09 4.76728e-06
13404517.453798770905 4581 1.3517557986049149044 0.10522534699318507323 0.12330853305174546697 0.8349145500187853397 5.8669400738538719509 6.0077692580513923915 6.0350764721054632744 6.0609167810220325734 2.62777e-09 4.98937e-06
13404517.453798770905 5923 2.995342886350899736 0.0034441737024948990836 0.13379031431626822735 0.96039992470159341043 0.041739412730163044651 5.8674857150075130363 5.8688743919513841618 5.8702608759063412691 2.22479e-09 4.72005e-06
13404517.453798770905 3796 1.8530072612553836198 0.18750691774899924669 0.12457357482556333239 0.96494867385786253777 4.9050924147375267736 2.3381540133131943904 2.1926755556955903614 2.0402727226521442105 8.15222e-09 7.27683e-06
13404517.453798770905 1253 1.3129170003689152324 0.30675737247588569234 0.1431085776746447713 1.5240795719309236933 2.1797037522314597346 0.52074293783802538815 0.38333345952539077395 0.26860188650153277168 5.22993e-09 6.27599e-06
13404517.453798770905 6311 1.4923966088925593176 0.10700057902753258576 0.13448583680944414809 0.14164973783558817977 0.23124759679014203484 1.981258370504361821 1.8807950511411468675 1.7788947660969123277 1.23412e-08 8.35543e-06
13404517.453798770905 5437 1.9827818030501564994 0.15416506535327489935 0.098593159350442258204 1.6714105200465336765 0.48654764429511426771 2.9235797389433759719 2.8872911161500027788 2.848507892277540865 4.54448e-09 5.98887e-06
13404517.453798770905 5114 1.4103990102737069545 0.025720083217728555158 0.027938948616283893617 6.1967451485867623973 1.1511412419101161309 4.8515057457250900796 4.8769348299486710019 4.9023075081157090338 8.67957e-09 7.43047e-06
13404517.453798770905 1517 1.1708196241633019863 0.26771237177556722608 0.22648941746202316816 1.0423822046818815856 1.5181838747411160462 1.2723971641854037173 1.0231026113605954375 0.79454913879936805987 2.17631e-09 4.68551e-06
13404517.453798770905 5753 1.9529982950266784325 0.26144165926774720621 0.12020892387637654997 5.7791414575740169823 5.0433838061095741523 4.0732225972335278641 4.3041433004873201895 4.5440993441999415481 1.44813e-09 4.09059e-06
13404517.453798770905 5766 1.6856411125972523557 0.16836970357115974006 0.099726529066257285638 5.515618930605523218 1.5393445814610371425 1.6491836105632802223 1.4794031796748918772 1.3117361582206907844 1.13863e-08 8.13412e-06
13404517.453798770905 2957 1.5277585986190695966 0.30874968095706306626 0.17447505011687627907 1.9155978127102821773 2.6044801562009847196 1.8127533242035129835 1.4960562270984927302 1.1881684953812818861 2.55608e-09 4.94358e-06
13404517.453798770905 6197 1.9814738202671888789 0.16294243336752531337 0.091203928366182032694 1.8531355597902978705 2.1708136611939869987 1.1997561431469614401 1.0515671332600005083 0.91010019971877231804 8.02678e-09 7.23931e-06
13404517.453798770905 845 1.0547576688411739454 0.18583202406709145582 0.084569996788744924987 1.95634115719920465 4.5627284533327543414 2.5477218975002946522 2.4341086510613187954 2.3133320193554247624 4.26604e-09 5.86397e-06
13404517.453798770905 6154 3.1890825999594722973 0.10482953226915525669 0.26974208138585509253 5.7268179237688610073 0.77454795433002632254 1.2946447745678306696 1.1950197703822531548 1.0975049378111425558 2.04677e-09 4.59064e-06
13404517.453798770905 6209 1.3921555218994414727 0.1844193884556108165 0.10093564783758347814 2.8747176391445368182 1.6057130015574605508 4.8804968138320781179 5.0605907544574204593 5.2339427299579837083 2.89646e-09 5.15394e-06
13404517.453798770905 6392 2.9683118782698749705 0.19600062332362341855 0.1186368608621879428 1.9049857152581242126 3.220417783366817055 4.1693677415479601933 4.3474767360277475348 4.5305717143576753614 2.75286e-09 5.06732e-06
13404517.453798770905 6347 1.7200545393619635082 0.2842684200394785532 0.069583192583859795888 3.0101911801057741336 4.2989245693608877374 4.7512035992531487238 5.0376417949195388957 5.3070060132333551906 1.27077e-08 8.43734e-06
13404517.453798770905 6735 1.9940428963554177599 0.17075687869149769327 0.1278685675577719838 1.860001863763435237 2.7130402162933364707 4.2370314481474853352 4.3959116618292517487 4.5581883516074928053 2.32036e-09 4.78669e-06
13404517.453798770905 5485 1.569747525646758568 0.3173819914510087048 0.19084687032794070416 1.8911811764774797417 3.7634738137928627211 0.37139551492799183219 0.26882872043801997464 0.18453129898944997667 1.60307e-09 4.23156e-06
13404517.453798770905 6816 3.1016628036381401756 0.099230577540916423129 0.20086815874216154554 0.30223998587792599846 5.1545233558990108946 2.5672142493481411307 2.5108274065289100108 2.4523048907642230887 1.76213e-09 4.36713e-06
13404517.453798770905 6572 3.0012587115645521507 0.10215779382545682463 0.13687941632660341473 4.1416961193147923126 6.204293493159960704 3.037877008097438214 3.0267038694148378219 3.0149928874699853942 1.66053e-09 4.28153e-06
13404517.453798770905 6740 1.8174542674074736226 0.057673228259922527938 0.1119019698454891687 2.6527717030175348434 1.2410961191406111315 2.3420582987745293124 2.2998269081512447976 2.2568130306016471742 8.24013e-09 7.30289e-06
13404517.453798770905 6480 1.726989449006385513 0.08835983608087781549 0.066930625007333932608 6.1936156135762949759 0.16920233203907969477 1.4672521028779801355 1.3796504287019948354 1.2928998746414304133 5.51174e-09 6.38675e-06
13404517.453798770905 5642 2.837402730825839825 0.13461426706639983975 0.042008330850853058125 1.8875063760020212023 2.1078619538823875068 4.9305400508416079575 5.0604774494173216937 5.1870184218168819967 2.80041e-09 5.09633e-06
13404517.453798770905 5478 1.887654347877411487 0.14098713900119311249 0.14948344969209564903 0.98102216307808409734 0.53798934882865923068 0.47058280419677395168 0.41017184166937359358 0.35395083425459894499 2.28234e-09 4.7604e-06
13404517.453798770905 1447 1.0802029614742427732 0.31934726369104005084 0.11987106172862903308 6.0387189003097070383 5.741480938820016533 5.7941959055862284345 5.9285565060638711898 6.0394473805637183261 2.94046e-09 5.1799e-06
13404517.453798770905 6815 1.689616926317334844 0.29657613650637404401 0.13312852631285437832 5.0259306614584398076 0.56409061347635380823 1.5935914571646363491 1.2915343173750621908 1.0064478000648255929 3.57143e-09 5.52668e-06
13404517.453798770905 6044 1.0230435565714552926 0.35728039400364580702 0.10394760110806530728 4.5319963053953138399 0.97892383259678550367 4.4516983209531133525 4.8222376688961521296 5.1773646258150574084 2.72625e-09 5.05094e-06
13404517.453798770905 6667 1.8017919768972328054 0.39435818613254802756 0.24594700937738661617 5.9328815670002574834 0.086892460863533083071 4.4913022380534375344 4.9052228799419230754 5.2922716707987023099 1.85586e-09 4.44323e-06
13404517.453798770905 6040 1.9935033568596298714 0.1707218761927204731 0.10874914201315695472 4.3077367233667631652 5.7202295583208453422 4.4330369133397038439 4.601966259493320166 4.7716483717808255705 4.48499e-09 5.96262e-06
13404517.453798770905 5950 1.591708308934960181 0.083558201716542782056 0.13686062394004847032 0.78841292701301057821 2.9527102596082608343 1.8200493132744974822 1.7381311085818700324 1.6557400333078060584 6.81029e-09 6.85339e-06
13404517.453798770905 5158 1.7227210491738695897 0.1067328074777173369 0.19530313522253867076 6.2002136556880280693 0.70713201769756650616 1.3544582860971114968 1.2511940563187309294 1.1498661496046769237 5.85576e-09 6.51695e-06
13404517.453798770905 5252 3.1645849441364548582 0.12913758519884072085 0.20374040931220588346 1.1556842009845325059 0.35353864776075699661 6.064382997824262489 6.0908543997141340043 6.115538705729889557 2.42859e-09 4.85999e-06
13404517.453798770905 6104 3.3372421484175909256 0.11048495609872575896 0.10628782111000321942 2.7812936553616438573 3.7270835852458414905 1.7100636739056596092 1.5995742487672810483 1.4891350396076135087 1.75259e-09 4.35923e-06
13404517.453798770905 6267 1.8290828352951284952 0.2268371505411226341 0.14870027749507322423 1.1786126440863080589 4.2673638742829407278 4.6637739420081425479 4.8936071982272002501 5.116729859982705797 1.78459e-09 4.38561e-06
13404517.453798770905 1284 1.7133020342828642057 0.05862307554543790683 0.23857728991876275826 1.386131388485398519 3.6917981567305795387 0.99738478349510062415 0.94887745601583883825 0.90123084627259275603 3.64405e-09 5.56389e-06
13404517.453798770905 6952 3.1869687969546460771 0.092197569087164199519 0.082492633316874272587 2.176781038061302187 1.1791984481670529927 1.6452526286723825333 1.5528623319083629806 1.4606795890916448588 2.57429e-09 4.95529e-06
13404517.453798770905 6649 1.6369976903512084565 0.12762213839707498009 0.24216921085433065763 0.56121950450573698799 3.8069255468393086161 1.8842519172723473098 1.7600528925076841524 1.6347095280606049883 1.58536e-09 4.21592e-06
13404517.453798770905 5517 1.8615952025421036442 0.16440354077697569291 0.076311562174790806279 3.5152515771580246096 3.4076832031904125131 1.299846985995760873 1.144128108905841934 0.99446340726326343251 2.41819e-09 4.85304e-06
13404517.453798770905 6425 1.0941565703903843865 0.0088280772347974524605 0.032669678251750204623 4.0818023749075909024 3.5034965386123242403 4.3077526306332831751 4.3158820424714257058 4.3240251989356845996 5.02719e-09 6.19382e-06
13404517.453798770905 6573 1.8419493187257891531 0.20646943294578762318 0.18405406216822814414 3.4733132263044947941 0.74608360630030179372 2.5807215992437284591 2.4590875194035968221 2.3288592013270195125 2.46875e-09 4.88663e-06
13404517.453798770905 5342 1.9421831503567552613 0.43353920377135740649 0.10130435246764080137 6.2014926010456079553 5.2635445582188387093 3.3967610271273644962 3.5442072206031101089 3.7140787989933312652 2.15151e-09 4.66765e-06
13404517.453798770905 6180 3.0724890438497878264 0.043081170457489277592 0.20716292349875745082 5.8660599322440072356 4.5758160369430926906 3.4243564816621772096 3.4366361489791250605 3.449163354895979694 1.88472e-09 4.46614e-06
13404517.453798770905 377 1.5600188636258103259 0.15888042758498543972 0.097464831492055190032 3.0535791341504707752 3.4503419210598953448 1.7406829182629901531 1.5812679484580982603 1.4223962317990550552 1.8845e-09 4.46597e-06
13404517.453798770905 1442 0.57594763893657696663 0.07938133043857205362 0.04352642248229861982 0.74486918604984686532 4.9667767578543351448 2.7033750523364750151 2.6683820427858617741 2.6322042852218956455 7.70371e-07 3.31449e-05
13404517.453798770905 6119 3.0900617912051955294 0.11799806212374380765 0.23464732131069462873 5.6285539934373325366 2.3638021615862774283 3.6630751086867410216 3.725235904805110021 3.7902608298207929316 2.96829e-09 5.19619e-06
13404517.453798770905 6350 1.4844553947603713606 0.15744352115468729369 0.11059173276615463788 4.7434793965593877729 0.882129105828408977 1.211585227398588982 1.0675337017341304247 0.92961101895404896212 2.60101e-09 4.97238e-06
13404517.453798770905 5289 1.957053386696894659 0.081095419942237109701 0.035278782612974110555 1.2961014961180268301 4.6294388642723252048 1.6366084320616935965 1.5553827033450531303 1.4742969165284269817 2.13423e-09 4.65511e-06
13404517.453798770905 6619 1.7680568004353296452 0.078033977781494248682 0.087796084150101302845 4.9460440923376047806 5.755751588618116088 4.7192372737715029274 4.7973279586317216783 4.8750806124720309498 6.69672e-09 6.81508e-06
13404517.453798770905 6346 1.5233273947906469381 0.23566686655467128375 0.06060194317767800265 2.2627187116183757887 5.2052238739014375923 4.2110516691666344258 4.4325338184764060401 4.6590321728291206327 4.07714e-09 5.77611e-06
13404517.453798770905 4296 1.5483525884365023639 0.11473573373891003679 0.089102186783739670273 5.892784328649481651 1.1714130090666339257 3.6047117468722555955 3.6589174190652204999 3.7156607498176192905 2.40121e-09 4.84165e-06
13404517.453798770905 5360 1.6675689654813379281 0.11088021431638596381 0.092089139751944396051 5.2243556054590598592 2.0676019711936999279 1.8055260414654137335 1.6960449846563836473 1.5860333355075175721 1.47972e-08 8.87652e-06
13404517.453798770905 6823 1.7758462543576323256 0.1538694726942581581 0.24536435237124304409 0.014160507055721666125 0.39512214364121350796 6.0246139965037865949 6.06143455375454554 6.0952762737683467975 1.69817e-09 4.31364e-06
13404517.453798770905 6677 2.2645662900315395305 0.099623160077880593133 0.23901479116019894167 0.43769571085183711645 2.4359617368786161684 2.5453993495778184375 2.4869214245544699615 2.4262610338820165268 2.33048e-09 4.79364e-06
13404517.453798770905 5841 2.0344173761302126735 0.040959940360241246793 0.11832736913652856792 6.1418115076394155238 6.1593019439989245001 5.1325600395079788996 5.1696586021245813924 5.2064103715527521032 2.76225e-09 5.07307e-06
13404517.453798770905 6791 3.1430936608171338165 0.25069198311673424051 0.18864710785711627516 5.5296817364561823283 3.4631847066797369905 0.60273657643120259753 0.4722148573826034923 0.3581851346493394872 2.20531e-09 4.70623e-06
13404517.453798770905 6266 2.9618808616072649365 0.16790271672730289199 0.15005362549205689127 5.7176380309477536912 1.8992890299759541683 3.5846775193929016901 3.6631325364649205412 3.7467843375933425065 2.89198e-09 5.15128e-06
13404517.453798770905 6897 1.922596193840797385 0.29553890868774917999 0.090453367861286368412 2.4591651337280264755 1.4391166041596765712 2.1929898687679143521 1.9252303941653436947 1.6480612822390250383 2.6229e-09 4.98629e-06
13404517.453798770905 6969 1.1793756476824786006 0.079915812552840526095 0.07373088694737216231 0.45634927580784950818 0.85972780258236747297 5.0837494202633877194 5.1572361747890687056 5.2293742952631836474 2.41679e-08 1.04535e-05
13404517.453798770905 6004 1.3539423160941774782 0.11693740809042099671 0.12951410678073599358 1.0905543631001162197 3.7950416383324956371 1.0656193250166436925 0.96585437952355823743 0.86966925517795135026 2.14847e-09 4.66545e-06
13404517.453798770905 6778 2.9768170022040876255 0.056480263253960695524 0.11922336183667166243 1.0287857531180542026 2.6777152114835303109 5.6865733777198048671 5.7176037206950001135 5.7478718849973624572 2.33115e-09 4.7941e-06
13404517.453798770905 5681 1.722804338189793727 0.47444426919516080599 0.087426938128118178439 5.3211324248774065637 0.84256127734886565595 3.267767326122304361 3.3524267081370906496 3.4517162974912483087 1.72101e-09 4.33289e-06
13404517.453798770905 5931 2.7325851692888556421 0.098383519659646437305 0.48855384590811162804 3.1045635750265083708 4.9768387720468627577 5.0183183676924354444 5.1109193309330906985 5.2015927611833259192 2.66585e-09 5.01336e-06
13404517.453798770905 6985 2.8215096701102129195 0.2524046047161657147 0.2806855408869133317 5.8749879709207144529 0.85607241835361158611 5.6886229645087436069 5.8183462892013251277 5.9314939493821583483 3.31546e-09 5.39136e-06
13404517.453798770905 5788 1.4575936052511258012 0.24979276818795831394 0.0762251901197870535 4.3040879919120289543 2.8120492152963167953 4.057407074501449884 4.274703495987801638 4.5009495694927554865 1.43499e-08 8.78617e-06
13404517.453798770905 6138 1.3709098072701169091 0.09367122981798541026 0.0061231795662140984723 0.074069219326528906722 5.3042200750276125021 2.9700992183086047937 2.9533021291088239479 2.9357687569626986779 1.20875e-08 8.29778e-06
13404517.453798770905 6726 1.5907681226554635234 0.1945993766834085148 0.16292452801017587305 0.13428989471755403695 0.37993122415137520198 3.4490373462132479787 3.5146150377831752998 3.5855332053316044671 2.92983e-09 5.17366e-06
13404517.453798770905 5559 2.1478145210267629572 0.10296842165814285019 0.13037160894899513242 2.5167739615768662809 3.3456728559113204646 2.6423834454226371449 2.5906230416204736322 2.5367176724006572641 5.44342e-09 6.36025e-06
13404517.453798770905 6737 1.78305927156160271 0.27848840815770670165 0.16164620456354586442 5.7741428959341547511 4.087095150183783332 3.6543296744931237363 3.8130587173218586372 3.9863159504597778238 2.16814e-09 4.67964e-06
13404517.453798770905 5663 3.1674078108853698232 0.162828003435625146 0.35595175864231576313 0.52809002842749097617 1.0769374340836079806 3.7821737890667286308 3.8869382023410388172 3.9973723517622596901 2.69499e-09 5.03156e-06
13404517.453798770905 5227 1.8191634649317405259 0.15550161619845812022 0.091568323283889974107 0.18018922842718779198 5.4416923162899388799 2.6686528305279848539 2.5920905880936158105 2.5108778999518222008 5.94474e-09 6.54979e-06
13404517.453798770905 6118 1.9429682836790744815 0.23013028459638318335 0.097102713626165015892 5.4273895705419992197 0.18107990898915687916 2.5971684696741159648 2.4631686562635914939 2.3187465329797940505 5.68798e-09 6.45411e-06
13404517.453798770905 6356 1.7113404240027223491 0.063928695834962620537 0.031508098443228348129 6.2416791316677757706 0.056638123352274249989 4.6654805282377367348 4.7294784835691459079 4.7933978444077229852 5.8318e-09 6.50805e-06
13404517.453798770905 5831 1.9252388988994226793 0.31856446411163330534 0.033121084254038139771 3.3666231483193378438 2.7552222116025317789 3.5264093379501111336 3.6708788184768743612 3.8317275309089096069 2.32205e-09 4.78785e-06
13404517.453798770905 5138 1.8069437690353280512 0.15335907640872478708 0.13952628435087191527 3.5278875960635311948 6.0103449716824224325 4.3715975088109990665 4.5205686474179369583 4.6711149377458189846 2.37553e-09 4.82433e-06
13404517.453798770905 5736 1.8298074494344531704 0.19880154376858685805 0.078732372343615367183 3.666954136107897444 0.67081863890469506373 3.6962693736944953748 3.8117674765600551012 3.9352476893367547284 1.87923e-09 4.4618e-06
13404517.453798770905 6132 1.8401747228070151063 0.26214912981292110006 0.10215690775363900356 4.3168808216972811564 3.4797908659525749187 3.5292189312872244145 3.6441577373389217875 3.770428427745740052 6.69157e-09 6.81333e-06
13404517.453798770905 6509 0.9726653537807814498 0.39438372775559699113 0.085857562140099263903 2.3004783935441328602 1.7368605611000988986 3.4709401317035459833 3.6356042026714625592 3.8226058273511354102 2.65616e-09 5.00727e-06
13404517.453798770905 5256 1.8244629363156161794 0.29637459906523860864 0.1106594407877067171 2.387903245284100695 4.0950336268595659561 3.1255871854785164388 3.1198678893399027778 3.1134297275050260012 4.61883e-09 6.02135e-06
13404517.453798770905 5698 1.8785002922542595183 0.063606891055261266521 0.11481723736530211055 1.6407534088451118937 0.29191800210877438815 2.0081152200829834875 1.9496642894468043661 1.8905681487315650902 4.80918e-09 6.10296e-06
13404517.453798770905 6504 1.7068064973292229602 0.23739906346921163527 0.18127859048256877994 0.8601032970161239799 4.718604368669595317 6.195703503309193394 6.2144914702192100009 6.2307865001055340315 2.41361e-09 4.84997e-06
13404517.453798770905 6076 1.6501682126414178864 0.14790043911244721286 0.062696212866044390144 2.3594464804356025667 2.2613046056675041307 4.1186855575595835433 4.2471278698806154139 4.3793071500633500293 2.07184e-09 4.6093e-06
13404517.453798770905 5828 1.6563092921477975406 0.31409522747181173319 0.076175600276142244049 3.7354871053871780973 1.2659623606639047733 6.1263413001463424834 6.1697594571838525468 6.2053096327579755354 2.18531e-09 4.69196e-06
13404517.453798770905 5964 2.2199415176920722637 0.25695436871958848846 0.19902051262430175971 2.2366513865162156449 4.10070166835811456 1.6810366899086504056 1.419002243512710093 1.1650024948378820966 2.1711e-09 4.68177e-06
13404517.453798770905 5425 1.9557402454828913818 0.20942852014063173538 0.17119168949127691604 1.5987181645657020379 4.9595907274134818365 2.7191674319399972148 2.6231365807935738133 2.5193564354789210746 3.49187e-09 5.48533e-06
13404517.453798770905 6143 1.7759632790067951813 0.072481691283400581649 0.11647983440043496728 1.9953392970009202756 3.2316069606682580329 1.6175037715783384673 1.5449146308474517308 1.4724572145809813328 2.16561e-09 4.67782e-06
13404517.453798770905 6182 2.0026524604181505929 0.032092217548633845958 0.14803413283940677903 3.1683775572958272626 4.6111472187490871733 4.5236497848558911983 4.5552728160359698961 4.586969741710452908 2.64006e-09 4.99714e-06
13404517.453798770905 421 1.3517414981053250678 0.23769942866359350386 0.21695933977752940303 2.2741786581272918077 2.6201219295572464318 5.5718305744752782971 5.7158455687825613367 5.8435829752949857152 2.69558e-09 5.03193e-06
13404517.453798770905 6415 1.6874719208108146518 0.11522117014787049138 0.11670149354925282714 5.3423964231042138096 4.9458510433729250266 3.440275956606031027 3.4762797735487978024 3.5141268937829814867 2.43409e-09 4.86365e-06
13404517.453798770905 6920 2.2635136267218762818 0.20310409464775958099 0.33352764692336767105 3.5301250174214091615 3.6207719088121383955 3.8060059966097847806 3.9434644837118897343 4.0894270591173640383 4.48089e-09 5.96081e-06
13404517.453798770905 5689 1.751644601693221226 0.11807000245283370832 0.19413461163749104466 0.71746410150986039689 5.2846089581803443735 2.241861783806792463 2.1455949951876647219 2.0464986323724105866 3.02594e-09 5.22962e-06
13404517.453798770905 6098 0.98876076845813354321 0.30455842854575793099 0.12633772464839546079 1.0744012835871057376 2.8070533962433366071 0.58447499529047597377 0.43245125779929322052 0.30481153392644977362 9.90655e-09 7.76529e-06
13404517.453798770905 5578 2.8805426071914195241 0.087360287065127897876 0.2091024733952225878 0.76604952042821294889 1.0523287419691638167 1.752533852663481273 1.6658157571178793255 1.578849547986696189 3.04211e-09 5.23892e-06
13404517.453798770905 2992 0.93126921655665728661 0.10422946982760737666 0.12081633060661040036 5.0123861852791602445 0.83432443771699482671 3.5076698935899925935 3.5469953160917313539 3.5881022533403208463 2.07761e-08 9.93967e-06
13404517.453798770905 5643 3.2621143333850226576 0.036952016203606913303 0.10339925199457539184 6.0337347841035038343 0.50088426033812571969 4.6098710271293370511 4.6467071039379437281 4.6835794412821343258 2.47115e-09 4.88821e-06
13404517.453798770905 6683 1.5835217214696115651 0.16329140214197288006 0.15200128509995353143 1.7380256464654522119 6.1518954494369992858 3.1122426903878870341 3.1069865632807363021 3.1013368141015980051 2.07491e-09 4.61158e-06
13404517.453798770905 5234 3.1145230889396513518 0.16397572372752008962 0.066469179313240353557 2.2011717264193215726 0.5661177441782885289 0.57560831667987100158 0.49161002867572173303 0.4142059673488666105 2.35138e-09 4.80793e-06
13404517.453798770905 6292 3.3414132696627323327 0.025137114276820922421 0.31440982998746003219 0.26172603371110564341 6.1798504726052092551 1.4275762584417670542 1.4027384218845246888 1.377955452439663997 1.7586e-09 4.36421e-06
13404517.453798770905 6557 2.0222397755821992504 0.0076696955346092395012 0.091701005857473552596 1.538358017624605667 1.8446157361764223825 3.1714481091958446335 3.1716779417939782171 3.1719086519873225249 1.93092e-09 4.50234e-06
13404517.453798770905 6401 1.5228556013831229254 0.12847221646038689546 0.17329264127401466933 0.41265819494337152573 1.7435916464710410345 2.8456617483371586808 2.8055709118580463013 2.763209261548627893 1.93159e-09 4.50286e-06
13404517.453798770905 5864 1.8690279168496348738 0.17300264760653544238 0.044764654008919442518 3.5450052935419926747 3.1163924687905519839 1.4219086300480199281 1.2521296234782501866 1.0878369697991661091 2.76427e-09 5.07431e-06
13404517.453798770905 6243 1.3005454966820795271 0.25264882585813353 0.063886746892801091202 5.0660774820315683797 1.6151940962499331533 4.8777096553652885547 5.1245200140218454266 5.3560143745911341639 4.47711e-08 1.28386e-05
13404517.453798770905 1707 1.2682034260327670339 0.31025077626073993553 0.19838206600726765449 0.12477436494238207387 0.59354148978428633576 4.0256448330576084516 4.2975359725631143704 4.5814699055481051815 4.20296e-09 5.83493e-06
13404517.453798770905 6135 1.7402252744327111333 0.30912272932364415201 0.13475807620020438526 1.917234988192471512 1.5535315605577626474 2.6783843564997233955 2.5137828850931169811 2.3322123612335654563 2.38172e-09 4.82852e-06
13404517.453798770905 6402 2.9769031543961621544 0.17765264668133876058 0.25698468018070930174 5.8604204599958640287 3.099764833352988358 4.9436534283305881843 5.1140439869716836085 5.2775581909295858907 2.16272e-09 4.67574e-06
13404517.453798770905 6658 2.6988180761313627087 0.39724849349939084231 0.76227161362007334056 2.0321893954345644495 4.1843173928533623496 4.0689157439831822316 4.4429738865631236422 4.8258923336046795072 2.90725e-09 5.16033e-06
13404517.453798770905 5886 0.82486902196113920382 0.26598024905906836324 0.077232671199526342631 3.4164085698447799189 1.4219638391677793532 1.7825510672628819275 1.5116530356170596594 1.2461378409725285543 7.52132e-09 7.08405e-06
13404517.453798770905 5118 1.9887654445933751202 0.27059433837479701657 0.16253502099977501505 0.57967876865577794288 0.16193007493409822262 3.8185253470739954906 4.0114456714465713816 4.2182431058407816593 3.95744e-09 5.71902e-06
13404517.453798770905 6395 1.6123266522726493744 0.16571759770261698663 0.15864431705541170992 0.36554690174603632347 1.8290841471755805436 2.6250318543265409588 2.5362268210758740494 2.4419230783467846813 2.27089e-09 4.75243e-06
13404517.453798770905 6129 2.0675564003113007239 0.20963617611468327029 0.055034641041248139048 3.2269747942194952905 4.1225081757955859274 4.6723560667541184088 4.8842833177263589306 5.0908299828481027305 7.14833e-09 6.96495e-06
13404517.453798770905 6850 1.8836668381268224515 0.46285762777442951421 0.29077756378950253557 0.43952931249022691995 4.7157313031937846404 3.6403229625926734059 3.9373052330094773232 4.2679533337329838005 4.53979e-09 5.98681e-06
13404517.453798770905 6099 3.118928816463438114 0.24695953431294495606 0.2311311067111750106 4.3543317593688666278 0.065551004925353817399 3.6213232970032120939 3.7514086397204806644 3.892846470427196337 2.8329e-09 5.11596e-06
13404517.453798770905 4427 1.7067723514368768889 0.38715022410365973471 0.18191214004317876607 1.5945819012446744711 4.0577005205550067402 3.0725831513689785268 3.0378216393187678079 2.9977187325932619366 5.29375e-09 6.30141e-06
13404517.453798770905 5240 1.6052809988885219372 0.21233415813698960917 0.161984831496849363 2.293283190323388343 3.1379723856575441054 3.1499690064862067018 3.1519845249425442191 3.1541910344833397062 1.54708e-09 4.18172e-06
13404517.453798770905 5494 1.7558220573643554818 0.21864806176792472847 0.07085600525886552592 3.629671211180974133 3.7501976089714150753 2.0568803284458812008 1.8512503669199138479 1.641144914945662503 2.97785e-09 5.20177e-06
13404517.453798770905 5346 2.7208281558828355529 0.28177016943125299253 0.14284052570861516251 2.1114974749650703423 4.9018029333444355089 6.274891956766968093 6.2769772208223546528 6.2787264631309609442 2.35234e-09 4.80858e-06
13404517.453798770905 5818 1.5035140055493703137 0.147462166618773316 0.06520784977994437126 3.8015244413591338102 5.0917734909939280641 1.6698869829302711576 1.5215243001502956055 1.3742410966762013125 4.47796e-09 5.95951e-06
13404517.453798770905 5310 3.4800620874850780595 0.10831504554048532185 0.35046001838361179326 0.98818696332147792916 4.624409282158814527 4.7627654412972741937 4.8708609155906259502 4.9778187280363610512 2.51895e-09 4.91953e-06
13404517.453798770905 6997 2.8536883616089379068 0.18892351311042129836 0.12565025389170619841 2.372377998858280268 4.4770136641924676013 3.7296785110231911453 3.8444237889907886263 3.966540259007456104 2.77488e-09 5.0808e-06
13404517.453798770905 6793 1.3132068546597392977 0.060944296877486731079 0.17738971522023117 2.4189269190654361097 3.3878137117083659824 3.2072751638126537621 3.2114046560609010861 3.2156558443201377351 2.0508e-09 4.59365e-06
13404517.453798770905 6702 1.7008283456806803091 0.12996153046766162342 0.14407860941724859316 2.553950618197783573 3.217698000141699044 3.4350704469777486594 3.4753364253448797427 3.5179095504609305678 3.70623e-09 5.59535e-06
13404517.453798770905 6411 1.4331462572250166509 0.15331178804932940607 0.023224456838068074233 1.486139658435368105 0.84860580522761530631 5.1108706497329485785 5.2486630105250053901 5.3804526411615380965 1.36815e-08 8.64758e-06
13404517.453798770905 5401 1.7905040311016235943 0.15004314812227151354 0.057188251098263746808 3.299147012792400524 3.4714984029365676399 5.0200983395525797803 5.1604641598890035326 5.2956954481980069716 1.17442e-08 8.21848e-06
13404517.453798770905 6894 1.162657659027630519 0.19142772484728023952 0.051779006958356452173 1.7643612501947962823 1.8294690686446717365 5.9556166473392568861 6.0125566724496888327 6.0637324327977184524 1.64258e-09 4.26605e-06
13404517.453798770905 6758 2.6974138646386998097 0.1058147602649915503 0.73785243906433628513 1.2917573775688555582 6.1997094561833119286 1.0831654676464892439 0.99175830455120195239 0.90319246659329732729 3.169e-09 5.31077e-06
13404517.453798770905 5902 1.9230136198739902209 0.26142910747939762661 0.088223770197617276678 2.2780889901447438639 2.1686459208906536666 3.7696620025965206224 3.9444031924841302938 4.1324521236119604595 6.63699e-09 6.79476e-06
13404517.453798770905 6272 1.8014326166064222878 0.099346225915843633381 0.16942432556207367988 0.66403996783412211347 3.9995707052704116968 4.7815188577444649454 4.8804522008440427427 4.9783986967625732944 2.92426e-09 5.17038e-06
13404517.453798770905 5691 1.909286935734416657 0.15641675504390403773 0.094888989831676096021 5.6805364529282478259 3.71071518733570338 3.5944178531414592292 3.6684847852721267358 3.7471388587810250392 4.69105e-09 6.05257e-06
13404517.453798770905 6501 3.0388759280380539529 0.21020243320210235671 0.41480020656737442986 2.521124293389432669 6.2504491401391293337 1.1730387365588785809 0.98535963585910912865 0.81016203183636747998 2.93548e-09 5.17698e-06
13404517.453798770905 6414 1.6907669794554884835 0.20835653693336417258 0.15025977010038110704 5.0074346227246913088 4.8884191222428423629 3.2910291801726394567 3.3260368885817537254 3.3642495240385850153 2.40884e-09 4.84677e-06
13404517.453798770905 6692 1.6804682729467015356 0.070145713382920388268 0.180202817615393307 0.40593335756903542455 2.8713288539969439306 2.3375060749919276404 2.2856735859608248163 2.2327013875867072201 8.86651e-09 7.48344e-06
13404517.453798770905 6140 1.8972992419698979649 0.25103319720236610957 0.08064203570230875362 3.1151507999254803849 2.8537362447797756104 1.3797226350574156584 1.1363799533093650318 0.90866376523730674197 1.67728e-09 4.29587e-06
13404517.453798770905 6655 1.654704795925943106 0.063975191728521993428 0.16921765047406905902 0.73572774483728264894 4.1208204773712875379 6.1586056519337910586 6.1663181279154528625 6.1737777205777115697 4.63012e-09 6.02626e-06
13404517.453798770905 6121 1.620003911350099024 0.1482839214494683644 0.20261807022967417979 0.542614382417705432 5.5181372201715941372 4.2445337202657675846 4.3820315230971775833 4.5222972067355353687 1.90564e-09 4.4826e-06
13404517.453798770905 5251 1.7391205085689300791 0.29693357897912647791 0.17994568921104681092 5.7703826501784369896 3.4421711231471854298 4.0775844504412939173 4.344799975845745621 4.6218973489674493038 2.36533e-09 4.81741e-06
13404517.453798770905 6394 1.2938510388845239074 0.15670919825217904942 0.18530125572487890495 1.2911817043724906906 6.2239618972537709141 1.7222745850275393842 1.5648460126901062583 1.4081395886713226062 1.34783e-09 3.99388e-06
13404517.453798770905 2182 1.31905423145273204 0.19559280903500358972 0.12533042244038519741 2.5585406688091745231 3.0101472928153323316 4.1549363962486882684 4.331315683300237751 4.5128778363830734932 1.98345e-09 4.5428e-06
13404517.453798770905 5176 3.093591597804460136 0.1047560400227477706 0.12957809596437258604 0.008107350063218403749 4.7276283714534343972 4.040516879255424243 4.125458723864475985 4.2126832798231435007 2.68297e-09 5.02406e-06
13404517.453798770905 6907 1.8402875606021626975 0.36708689569779306971 0.20887190949699396825 1.9606550710536176929 3.0801278114073431524 4.6787116036214424497 5.056742842324061904 5.4022794531892026626 5.67218e-09 6.44812e-06
13404517.453798770905 4971 1.9168578399872406859 0.11481838257166213091 0.11794100579339905632 1.386149287037109934 6.2593475453720825996 2.0075540558093698529 1.9006637768547882672 1.7920357944149440943 1.60974e-08 9.12926e-06
13404517.453798770905 5853 3.1206594323004446245 0.11931272423901093105 0.26400921884962291752 5.9575398178316403275 5.9462659255508532041 2.2566839965857901085 2.1604442150421703239 2.061279051571724974 2.34516e-09 4.80368e-06
13404517.453798770905 6126 3.0387801657696917879 0.21984682221264303936 0.22757092021791527903 6.1585820942969276004 5.3411098612560037324 0.3625394256373119517 0.29107479574259509381 0.22798272024704252514 3.04059e-09 5.23805e-06
13404517.453798770905 6186 3.2457811432349035208 0.036879294067167875393 0.15375722610139480606 3.5366980748374419186 2.2670412484930246855 1.7633252695528982557 1.7269908022443536399 1.6905604611125746306 3.14704e-09 5.29848e-06
13404517.453798770905 5890 2.0842210976876578421 0.3854253013348797885 0.47365790093426318741 5.7257795272718121637 6.1018916234065043724 3.5636576151011940539 3.7639702683186571086 3.9886611188817595597 4.73576e-09 6.07174e-06
13404517.453798770905 5345 1.3373428141016310278 0.31833634692261947308 0.19508796888866145047 1.3204265454106511868 0.30274438217883142821 5.5302880100918061501 5.7292957980755900849 5.8967404519510289163 2.62039e-09 4.98469e-06
13404517.453798770905 5160 3.0206740994392378141 0.10244774540731201029 0.24071124388027179131 5.3198357238511384537 1.6050968688196491918 1.9794157863269328246 1.8832650264040478039 1.7857780497233168848 2.48083e-09 4.89458e-06
13404517.453798770905 6162 1.9201869606078374453 0.22473027215086235908 0.054379260472317975106 4.8874208436412915901 2.1480900769593040955 4.5454603198874012904 4.7732744273638658683 4.9975882863864251604 1.62993e-09 4.25507e-06
13404517.453798770905 6691 1.7127485556022132851 0.29872225803038221503 0.041513592506468154075 4.7433645238430752755 3.4076364957771985154 4.2157268172187754018 4.5036006289275789527 4.7958354690283773181 1.99622e-09 4.55253e-06
13404517.453798770905 5888 1.2929727835586639628 0.33904870351907434589 0.091757185998737597621 1.2593177213340733811 5.3748022437337947821 1.8797975941836599922 1.5318282465859203167 1.193036935132873122 2.79797e-09 5.09485e-06
13404517.453798770905 5767 1.4526174126510378315 0.25995023287737900608 0.13728049983095214071 3.4855314186995260961 2.7628528314715508074 5.1458241193744527209 5.3722589646775631422 5.5776383493771639621 4.97944e-09 6.17415e-06
13404517.453798770905 5210 2.1442934279685794685 0.12293548706927429071 0.16344511647410783772 2.4878968848396199043 4.9665648330112848186 3.5068056272931791284 3.5535658466178978721 3.6027914539554939388 3.1045e-09 5.27449e-06
13404517.453798770905 5710 2.0571391426509624267 0.19108908702837171245 0.020647491640180232197 0.46872282073449650364 2.0836407918016193186 1.4746501648276550966 1.285006143074620244 1.1016677847642915022 2.11851e-09 4.64366e-06
13404517.453798770905 6704 0.94321840421380354069 0.20876238535032759502 0.15947006713884631646 0.92491986341999332666 5.4703459836924430704 1.727947668968519368 1.5167478883399136969 1.3082903506254417447 2.12708e-09 4.64991e-06
13404517.453798770905 6474 1.2715460344863229736 0.12015912369100530122 0.41074982486029776307 0.46342477877228316352 0.98203924836748446303 3.8805566167617908668 3.9655186508477449081 4.0536936491739359312 2.46607e-09 4.88486e-06
13404517.453798770905 1588 1.5969875725353659401 0.16267767098336025078 0.16728016717356047893 0.31529787558755795196 4.5774116141253298196 3.9404705878186407908 4.0647710734593509585 4.1945102818771902164 2.82908e-09 5.11366e-06
13404517.453798770905 5364 2.6885504222196692226 0.13002461152154420887 0.085777786283389098609 4.499004067145699004 5.0191240393492249083 0.71769381813135224579 0.6358900792182474726 0.55866926119269766371 2.91675e-09 5.16594e-06
13404517.453798770905 6586 1.8205286961896069986 0.22289946302575561199 0.12307613188018198813 0.30960628738074963406 2.9359952399714996929 3.2353672838028852965 3.2591797699532558674 3.2853295167849503322 2.89513e-09 5.15315e-06
13404517.453798770905 5219 1.4263779758243899654 0.045942052934006313847 0.098493493666335474312 0.67990591647045783841 2.5680321652594897408 1.6350087343278694174 1.589077471844638767 1.5431430956199494453 4.41937e-09 5.9334e-06
13404517.453798770905 5236 1.8098962002206455679 0.14118216627552365727 0.088650325087557435566 2.2047090029847979942 1.5143519618746894562 5.2759718015049648088 5.39141186558523966 5.5012779567775291767 5.32813e-09 6.31502e-06
13404517.453798770905 6100 0.84964706229357078726 0.15091299463002072478 0.0064953011024316224115 1.9229538177373579622 4.6926021125050638716 6.2624470581412907677 6.2653725553321324426 6.2680605889012266374 4.52552e-09 5.98053e-06
13404517.453798770905 6351 1.3330979109767526758 0.38202644076464598033 0.19077651217462496258 0.51629996416230528045 0.57457815719115701292 3.4890685342616101217 3.6549407141453404968 3.8425525647000911 1.91819e-09 4.49243e-06
13404517.453798770905 6895 1.7946347157763118396 0.15900922419686464027 0.18629600766757858921 1.1578493239020459793 1.6157171962641276863 5.023037871571440327 5.171494526489225585 5.3140382231062766039 2.5437e-09 4.93558e-06
13404517.453798770905 4732 1.425457007298601253 0.37005208975690989659 0.099046442224936359633 4.3196315000388363359 1.8439747587373291893 2.3976789096536461621 2.0974418696627101788 1.7775325770828511729 1.92787e-09 4.49996e-06
13404517.453798770905 5872 1.8214825297423260508 0.15486779090343655296 0.19415362150448081668 2.0232995781475846542 2.2567663208296568911 4.4481000223935485138 4.6013215750072120613 4.7552351253747549009 2.5416e-09 4.93423e-06
13404517.453798770905 6828 1.4420193646769274842 0.29263959653479837408 0.11884553598795701002 4.4939955041538350855 5.8642977381015652938 3.258845073752137278 3.299946738254312617 3.346093983128769267 7.8219e-09 7.17719e-06
13404517.453798770905 5692 1.5522693534079852196 0.19222856716844793912 0.080885202692564495131 4.2983491542626195425 2.5716836177896862381 3.9136836342969840707 4.0589077486336151424 4.2115318840929143462 2.38697e-09 4.83206e-06
13404517.453798770905 5921 1.7805516867021735639 0.13616689134481527179 0.11350891655047348761 6.1441942210006299518 2.9177459696795517985 3.9635926821013254262 4.0686004201868115615 4.1775104439439854076 2.32801e-09 4.79194e-06
13404517.453798770905 1123 0.7346700304273023896 0.063545380890068725588 0.059289204039099659138 1.1207304634381622943 5.0976097961247877066 1.6720444283074222813 1.6085777455833383254 1.5450777127682255863 2.21592e-06 4.71376e-05
13404517.453798770905 5717 3.1760273805018255366 0.064010514241466129337 0.26111848385042213394 5.7225852671049732834 3.3599832545122589877 3.6111085368233455384 3.6409505877658481232 3.671602788975536491 2.31886e-09 4.78566e-06
13404517.453798770905 2895 1.6956008120132632921 0.16441966767204241329 0.042168278819630741761 1.4120789284244372741 3.3334970100429144324 4.7893613331174869074 4.9530072237883446817 5.112690097491470631 8.03321e-08 1.56008e-05
13404517.453798770905 5459 2.9751698457024198241 0.27546775349596791527 0.23611524564295754969 5.9993820651971363489 1.3778291968174911641 5.4652293468473320814 5.6517150367399420219 5.8143325050791734299 2.51526e-09 4.91712e-06
13404517.453798770905 6313 3.2214567253425325788 0.034443161804910416013 0.37710122856709277217 4.9273495100993418561 0.81008338379421984676 2.4064886072612616807 2.3830839398185172939 2.3593925643064492803 2.33149e-09 4.79433e-06
13404517.453798770905 6204 1.7157145235077202461 0.19316892508109023696 0.085789547739131388759 3.8751811249653909108 0.85783483178831654303 3.3788282196798857804 3.4294449466516563341 3.4842843566436285663 2.26769e-09 4.75019e-06
13404517.453798770905 507 1.7222659889218789875 0.3051745719566508197 0.12359825225409899752 2.6867198753273426881 1.3837109850946041067 4.8651621798350657144 5.1647126326657843975 5.4391970075377775728 2.42673e-09 4.85874e-06
13404517.453798770905 5371 1.4258678409201814841 0.08481353131864598216 0.061548727880393068468 3.4050899475847793418 2.1618347678254261623 6.1062563956343218763 6.120610585017939087 6.1343384617823524252 2.54912e-09 4.93909e-06
13404517.453798770905 5623 1.5461120587899013223 0.096267190639726663015 0.14708618046016957992 5.67806677285412853 3.7580934530195095888 3.4815456357145855293 3.5152499291824965688 3.550389647116553693 2.3084e-09 4.77845e-06
13404517.453798770905 5151 1.5069874027233829406 0.086968642062645873381 0.15435704295028948585 0.8123861879024456556 1.4880663074787423561 1.2460725811835322574 1.1646696664160165469 1.084775237324655528 2.88747e-09 5.1486e-06
13404517.453798770905 6332 1.9477930279928989954 0.26271693597421369448 0.20361528127316377845 2.124118805695489165 4.4531542245253108447 6.0258411676735601503 6.0860903931322880567 6.1375359700098268689 2.19525e-09 4.69907e-06
13404517.453798770905 6843 1.9018698936237243835 0.062245778927347394927 0.10486424503671980257 4.216504762875693757 0.60820351087290580594 2.6271986261456450329 2.5956915338947568195 2.563374244292319748 3.16465e-09 5.30834e-06
13404517.453798770905 6609 2.763783037693436917 0.21473139698662888075 0.14932159565033883974 0.54175815405124583268 2.7091806647088274573 3.1529960676992510038 3.1557754978365357701 3.1588208976938974004 2.84425e-09 5.12279e-06
13404517.453798770905 6404 3.0536592315192589986 0.18197282465180006361 0.29511781960955313364 5.1487611464008367079 3.081268633280900282 4.6058797191094544843 4.7896231931435009344 4.9710535423395372234 2.07676e-09 4.61295e-06
13404517.453798770905 6730 1.7954974139768997698 0.24728922516521831265 0.12090620916274681662 4.3939196025174158677 1.6635986854245727873 4.0121394901024238777 4.2203789551892612053 4.4383359953600010073 2.57888e-09 4.95824e-06
13404517.453798770905 5328 1.8576326778977620968 0.48843620621974881413 0.19690826574909162106 2.7556716184729719288 3.9947041207119111661 2.8182866880658488107 2.5989769202149255456 2.3467593225080909392 2.1043e-09 4.63325e-06
13404517.453798770905 5285 1.4528798695640041672 0.091947163002477572125 0.079458300039852672314 0.92012850139472035504 5.8888831103346399587 0.21718197446066664358 0.19818262666558084106 0.18007934680097451019 1.90393e-08 9.65459e-06
13404517.453798770905 6171 1.873343701954503171 0.29058792887068546351 0.059144330775354997387 6.2082688826562488771 5.7933613628120346206 0.069026233885395860135 0.051185543326225428629 0.036318136289417352058 2.39216e-09 4.83556e-06
13404517.453798770905 519 1.7563867027486501637 0.072158715939936571293 0.090335021852742197757 6.1243235395849273672 4.7460491624678287081 3.9398974984054087045 3.9929691148669586021 4.0472460447899676339 2.06436e-08 9.91849e-06
13404517.453798770905 5290 3.1767251171974515422 0.069410885558406673623 0.16599712035835467727 1.2829511355321980837 5.6118599309460490687 0.094332614820977739312 0.088005608354878514521 0.081904943195147461577 2.68653e-09 5.02629e-06
13404517.453798770905 6124 1.7534728772627505844 0.18485925757332793973 0.063590567006523102123 0.11737432137012758504 0.39409328425123696382 4.6963178499339237604 4.8824999780736497712 5.0646909737935530416 2.21026e-09 4.70975e-06
13404517.453798770905 6809 1.751422188862202578 0.1497059623548598617 0.20325341467802554574 1.6368759194333992735 4.8392927429347025736 3.974710850062307621 4.0919331399783605008 4.2137359338984907708 1.72631e-09 4.33733e-06
13404517.453798770905 5074 1.8790329997037202858 0.12767299089625017139 0.049522859185540259175 2.069040314510055989 4.3540735602293718642 5.6287249418164524428 5.7029521732652703747 5.772944923687149732 7.61828e-09 7.11436e-06
13404517.453798770905 5569 1.7889401456619700159 0.35487986335409760219 0.048871836173989546825 0.75718957544421383599 0.15134969422122521165 1.5839891479735261903 1.220373852206445342 0.88706083186922246586 2.77052e-09 5.07813e-06
13404517.453798770905 6268 1.7811438695122820963 0.20767164014642047754 0.062704556373274697445 2.6069702333239659353 3.0753582597803088561 3.7847662073481482814 3.9220195915007955989 4.0681338003078817422 2.30383e-09 4.7753e-06
13404517.453798770905 6061 2.0223142065033994363 0.29547834478968193483 0.21628514364816273097 2.5789783663534668889 5.3593161454303697155 2.9296758061227530234 2.8551229911865005917 2.7716304063713956829 4.03777e-09 5.75746e-06
13404517.453798770905 6189 2.1099374825140637668 0.13382686432135715293 0.048168567632995373806 0.76563051102438006712 2.7556711250795475898 3.1866551234506816925 3.193146764631842327 3.2000430338602665614 2.99935e-09 5.21426e-06
13404517.453798770905 5249 2.0081393126193165521 0.19907127105077385143 0.14897067548969986084 3.2394363260691019235 5.0242879263143453983 4.3444755275473827538 4.5385308168905478254 4.734601028799029443 2.29779e-09 4.77112e-06
13404517.453798770905 6732 2.0705333483751089396 0.1507632551784572339 0.053450831811818588779 1.7460124875796645405 0.82884792605429546963 4.4021988506088920445 4.54974464605761586 4.6985182094582444989 1.92356e-09 4.49661e-06
13404517.453798770905 5002 1.9816012793871815578 0.079812888363871459241 0.12729729054994201598 1.4580930209081317539 3.3996608078158878641 1.6469263235111564203 1.5670169669729410167 1.4872046486145074073 2.79003e-09 5.09002e-06
13404517.453798770905 5196 3.5428098199086317521 0.092967417967188797912 0.21365669821389265959 5.1200754057682411613 0.28116577333461784116 3.7759619660284857723 3.8333174202634094918 3.8926182175177772571 3.02458e-09 5.22884e-06
13404517.453798770905 5625 3.0412022183748605997 0.2506197643972465916 0.041114203129420191785 2.2173297268838023655 0.19962610930348914651 5.8518507343896164485 5.9472172659560982311 6.029842402842302107 2.295e-09 4.76918e-06
13404517.453798770905 5412 1.8554716129168955518 0.080831233444613126427 0.069403236631758694064 5.3453324992274406924 0.82488582597122273032 0.30251069596950441731 0.27928863522704966416 0.25700573409213456344 3.18558e-09 5.32002e-06
13404517.453798770905 1960 1.585564008435327521 0.20845460503418947185 0.13662391155068887016 6.097128499591632611 0.21447247207891265153 5.2998041285201367145 5.4651845933711520331 5.6173106813225084366 2.62083e-09 4.98498e-06
13404517.453798770905 4112 1.3123944221060763748 0.17981930647637089926 0.10182104784842928302 3.4044563923240165337 2.5097466231828002847 2.3512209200204061688 2.2138286891488885288 2.0699226859780583965 1.73305e-08 9.35665e-06
13404517.453798770905 6435 2.3250106559455838706 0.57945154117096420165 0.10029552465142299589 2.3590343416004837529 2.2384431451239841238 3.5041548918326572704 3.8242197882842501322 4.1897573132182950317 2.19619e-09 4.69973e-06
13404517.453798770905 6912 1.5994256290041093393 0.086453564762774826047 0.093443319272181538104 1.0958797710140548709 3.0444078571967012614 2.5361933086931256476 2.4850920924491162189 2.4323252824815702056 2.09119e-08 9.96126e-06
13404517.453798770905 1487 0.94426565003438178714 0.083163217201872779993 0.072581482512310127597 4.490808328532313709 1.5458580922851745676 2.965502480580259892 2.9502847498123849768 2.9344718378771093015 4.32124e-08 1.26878e-05
13404517.453798770905 5367 1.8084924595157931826 0.24361675705532243041 0.15850787642589364568 1.5872938216172380876 5.9723648241762372635 3.0252980085292637824 2.9925820187130267591 2.9564147227397921114 2.85701e-09 5.13044e-06
13404517.453798770905 5016 1.7409845232292331385 0.20089701967918038861 0.14656631199717012892 0.35313392968232881763 2.9289511653572182226 1.2130799892374788396 1.0299986940651877365 0.85777001723042478609 2.58541e-09 4.96242e-06
13404517.453798770905 6362 3.0453918545427054454 0.1229203793191133709 0.22895696898745768189 0.2921568721018181769 0.47488356575315898711 3.0349272049600082291 3.02093262449504385 3.0061370101931026433 2.92709e-09 5.17204e-06
13404517.453798770905 6813 1.8131119307789094197 0.20729320289644745379 0.16584994256127710832 1.1053584154007525253 2.9921325083283192292 5.2598880903490297101 5.4291636157366376381 5.5854478839657462075 1.73747e-09 4.34666e-06
13404517.453798770905 5654 1.7296783428784558989 0.13204669574476632365 0.078698654867683709435 5.6245335511679561691 3.8858545185090158647 1.2774657133191946734 1.1530526798824922707 1.0323611196477553431 2.37573e-09 4.82447e-06
13404517.453798770905 1465 1.4698841636995867432 0.21436435861507044387 0.13853577284590776197 5.8360164485265739742 1.1375615549699218398 0.66008557740973428096 0.53774124501363962381 0.42794439331558292716 4.65109e-09 6.03534e-06
13404517.453798770905 6017 1.4961830541750078538 0.17776295603395644851 0.11273810197861904026 1.2483015809463267054 5.7862202385840388885 4.8435971274010825027 5.0187394690848954326 5.1882258779363583656 8.45242e-09 7.36508e-06
13404517.453798770905 6976 1.8758236994600550052 0.1626904281136641317 0.031558074697316543245 4.198678875468180749 3.5606624858136632916 3.42045661639103038 3.4693825026470670458 3.5217609043548021575 2.49674e-09 4.90502e-06
13404517.453798770905 6716 2.0569514616928104012 0.10698535797336032604 0.10748287707505511934 4.7603968307554023198 1.1459202239088279729 3.3766709419368776679 3.4030356209406762424 3.4306886349125575997 2.33978e-09 4.80001e-06
13404517.453798770905 6906 2.0759160093347754916 0.53149913410245375189 0.54654982820999054027 1.5738661735791550367 5.741376790072954428 4.668974247853570958 5.2355526828536307349 5.6959600120039066695 2.85032e-09 5.12643e-06
13404517.453798770905 5804 2.0031856071439086975 0.27135873484525191435 0.11236044849121194777 0.27553019912088055898 0.65843340347458034767 1.6332882456325255038 1.3566546341262899489 1.0914939629022244461 2.60554e-09 4.97527e-06
13404517.453798770905 4318 1.8004609048830799711 0.25521928709992780515 0.13054395488054895691 0.4591410793928809575 2.2102721154127618064 5.0300707305376972656 5.2658993163385741099 5.4830103991607037628 1.32396e-08 8.55345e-06
13404517.453798770905 6760 1.8658643903344349635 0.079177704557292588605 0.10856983571966145885 0.63851484815060399747 5.0943015148500654377 2.8916955524719591963 2.8713009125957049683 2.8501594680921624736 4.55433e-09 5.99319e-06
13404517.453798770905 5747 1.1502036165219711172 0.18227119538975181112 0.22564540906997010428 0.99853301012010398097 6.030566810565731295 3.1530255583061865821 3.1553396677949097082 3.1578452735869788626 2.03788e-09 4.58398e-06
13404517.453798770905 5262 1.4196480314878412443 0.17530345836842339824 0.062918187810612397071 3.8620789307319918215 3.8106817620118524914 3.1021753576551809317 3.0945392713809516394 3.0862936941844560934 5.08958e-09 6.21934e-06
13404517.453798770905 6225 1.6997783975721256766 0.022409277345900920769 0.15025613515410726762 3.8747143766797806919 2.4433761402449567512 3.5130311642361018443 3.5212515626817366687 3.5295565235289836359 2.38341e-09 4.82966e-06
13404517.453798770905 5131 3.5505835593809518258 0.060817024900479549343 0.22891983450820596602 2.4056773640936568448 2.464803747354705532 4.6928112087035724898 4.7536903841514259739 4.8144555454034154707 2.25296e-09 4.73989e-06
13404517.453798770905 6576 1.1956073041148971292 0.34351268760865566465 0.15764290826635363185 3.7383447007974450749 5.1475288249681563357 5.2482516369517231425 5.5258186544181624456 5.7618154137064374609 9.90665e-09 7.76531e-06
13404517.453798770905 6342 0.83979876544879372702 0.14336189639696234055 0.14995769466594827124 3.1828273847068673241 3.6745238767853893869 2.5590569827480273979 2.474752353480323297 2.3860821245385896994 1.70662e-08 9.30885e-06
13404517.453798770905 5048 1.6960575068509420316 0.2470039792712561133 0.18020910228935874131 0.2161004590604041764 3.3453182643677248365 3.9706812020893429427 4.172111311222736596 4.3839334981920012879 1.54672e-09 4.18139e-06
13404517.453798770905 6746 3.0050241236869612571 0.31983159168849273346 0.16070726486329653393 3.3695603042729702636 2.2025534732236073943 1.7498075375323067782 1.4198879035650560088 1.1036912244939056649 2.1751e-09 4.68464e-06
13404517.453798770905 5957 3.2109138301605613108 0.062836265970043089779 0.10692429788486995657 6.1426380815377745748 0.35066928615649312073 2.1349423621111336402 2.0808944237784947617 2.0260574271840869898 3.45473e-09 5.46581e-06
13404517.453798770905 6153 2.7592955338869873394 0.56316837621479243214 0.66564369630563458013 5.4309579605433100369 4.681001042031441628 3.2678995369623278222 3.3797104836035307684 3.5125472517617644108 2.21408e-09 4.71246e-06
13404517.453798770905 5773 1.9134464388659253586 0.10559316528745145425 0.15486722865632843171 6.1347756350180597806 4.5706235008216999915 4.3983029251171927854 4.5005972960029794194 4.60383107184789786 2.82024e-09 5.10833e-06
13404517.453798770905 5291 1.9519002673088481359 0.12460873213118216218 0.18747544471484017814 2.1459964341279893496 5.1575186296139552411 2.638010907428909757 2.5741666536139828914 2.507194044406627853 2.6037e-09 4.97409e-06
13404517.453798770905 5693 1.527020768570672038 0.28873355640864689642 0.15549067590318740861 1.3191359936484228221 1.341310405859643673 2.2676914537528487514 2.0190915126123329948 1.758888490154569606 5.43449e-09 6.35677e-06
13404517.453798770905 5467 2.8995127068711066265 0.10496357688516118334 0.17925618929132083879 4.8801283658629097673 2.2598970191931000429 3.3589140404979893617 3.3828367075257239627 3.4079136437441723828 2.43648e-09 4.86524e-06
13404517.453798770905 6366 1.6987772617542016285 0.10540139554291218238 0.19265252060131823897 1.0755031860583363912 5.9945884685439745354 0.43935828240150093249 0.39645839682485850552 0.35575723957284344223 1.97281e-09 4.53467e-06
13404517.453798770905 6102 1.9176177976004176173 0.13839890667582491202 0.15741049339940979546 6.0210987847067993783 4.7215929846755138044 2.9685704355977766689 2.9428693476847320731 2.9155469228432466799 2.19362e-09 4.6979e-06
13404517.453798770905 4788 1.1666171442797865776 0.20214148428935094226 0.12561527938748098809 0.1328363197520427974 0.52373094866580882645 3.3564738314887936355 3.4048439669527104101 3.4574454714567113278 2.35845e-09 4.81274e-06
13404517.453798770905 5548 3.2086411261200589173 0.14417055505742679133 0.32986319932854984982 0.97299562314671284025 0.92898021899423521841 5.1324828173257488473 5.2608340410006118049 5.3838600000919880628 2.11518e-09 4.64123e-06
13404517.453798770905 3541 1.7696806428171971692 0.038002328891237925623 0.12298598664165653893 4.6132612803825994163 2.8192253327734611013 1.6273787702913411479 1.5893872768226879888 1.5513915149897981038 1.91401e-09 4.48916e-06
13404517.453798770905 6752 1.7281959228883303492 0.15662430338000243868 0.13752144963234425035 3.9081408716172956197 1.6062845033550774421 3.4011053883226467498 3.4448731381445090172 3.4916493900491567537 2.54013e-09 4.93327e-06
13404517.453798770905 3318 1.6682918596271412159 0.14271709938714705057 0.15938197147667529374 1.354973152026508032 0.23373191905346915598 0.38837998445141114212 0.33744919236965176257 0.29019824041625030819 1.57481e-08 9.06274e-06
13404517.453798770905 5647 1.8397270799741822778 0.19488254257243092793 0.020958032008443348154 1.4959207156383882431 1.9010347468220019085 2.9851631405977219202 2.9512114706611765058 2.9143332226296618792 2.57441e-09 4.95537e-06
13404517.453798770905 5528 1.4432020770125131293 0.19330066062907969027 0.072395594424889811447 4.1124027192874530456 0.42999257620709518957 4.5131032353764037879 4.7075345942920234776 4.9008329773543239938 5.0086e-09 6.18618e-06
13404517.453798770905 6950 1.7943567996347757898 0.20479711399661626459 0.17242185905783594113 0.89228227282207828175 4.2714737835488865159 2.568924254712241062 2.4462290841874012592 2.3150228152799039449 3.07555e-09 5.25804e-06
13404517.453798770905 5170 1.6213660051225071701 0.27027551304921088038 0.12441523916060368005 1.4177735892418787955 6.1634273722986669952 0.54661185366622910831 0.41870197491782978894 0.30881473589385288747 2.19546e-09 4.69921e-06
13404517.453798770905 5780 1.9799615931383947043 0.18060244842120640185 0.20019579409582929919 1.3803328450823049156 4.3463877057726598707 3.7531483732652204388 3.8660013474091239338 3.9856852777971103485 1.95079e-09 4.51773e-06
13404517.453798770905 5516 2.5402243697244282217 0.18919643252991499849 0.26950127593044814756 5.7134604756913587309 0.1716755437087204017 1.9985670637416397266 1.8181775690076873442 1.6347408454279901413 1.64805e-09 4.27078e-06
13404517.453798770905 5423 1.8793630212498912968 0.25989415487475531208 0.069591209896864500428 3.6513278094992300815 1.5687982643210225397 3.1629746787386139317 3.1694896424764733567 3.1767389664532954541 2.52578e-09 4.92397e-06
13404517.453798770905 6335 3.1220090640763134004 0.070152962738367491413 0.26014082151974443624 5.7770316326090149772 0.55962463933420969475 1.4020970635868617027 1.333287758844061921 1.265104187634670696 2.80706e-09 5.10036e-06
13404517.453798770905 6792 1.8672223623474175636 0.26326021649143954706 0.10065999823705443217 2.4849453560008627484 2.5041087942525330767 3.3242434836722472014 3.3802922991374328987 3.4425373715401241803 4.30438e-09 5.88148e-06
13404517.453798770905 5446 1.5708277509656485282 0.005240005126275523728 0.066838213603235233085 0.33061596389981301458 5.0621394424741721352 5.5033438253579411992 5.5070215923900800448 5.5106924621758297533 1.15731e-08 8.17837e-06
13404517.453798770905 5130 2.0048404017163519164 0.36413779875601021141 0.16923349936010667616 1.893584734380524992 5.1300055477945871729 3.0249946009396766478 2.9710328403079304671 2.9092262511513466983 1.98119e-09 4.54108e-06
13404517.453798770905 5316 3.449082716958985273 0.12911819121817133538 0.24120880342112616113 5.678269949744485956 0.66866096910296102251 4.1055565348217673005 4.2160439887756364641 4.3295813588073244205 2.96988e-09 5.19713e-06
13404517.453798770905 6073 3.226597821409495026 0.061304569905763432736 0.24916474330960050598 1.1965835847607495523 5.7799847098186312166 0.308052340898312349 0.28997609859894446505 0.27244732451162306797 2.87152e-09 5.1391e-06
13404517.453798770905 4994 0.84698990440822463643 0.2619442854894963868 0.22522315644112972377 1.2492910939632893008 0.45129003784815346911 0.068931565677772463352 0.05272468749209809763 0.038920154827437131173 2.5994e-09 4.97135e-06
13404517.453798770905 5899 1.8498668563709868007 0.36276492188668274519 0.20455328163320737889 1.6438920382805881637 4.4611891277749009532 0.20270112043778104605 0.13886328707689646333 0.088650297656667320645 7.73132e-09 7.14937e-06
13404517.453798770905 6108 3.1447452044849577568 0.17462580421390253016 0.23065609190089100822 0.30181888323848649058 3.3410437717453724815 2.9226082197806579899 2.8807932736118009309 2.8357654891788439677 3.24647e-09 5.3537e-06
13404517.453798770905 6832 1.6437495833884043783 0.085607436412461962449 0.034423977340966201155 4.7241843937330401104 0.60296429672766160834 4.1621917455689043663 4.2369414918850720753 4.3130540345034802385 7.86044e-09 7.18895e-06
13404517.453798770905 5288 3.1519497742691688913 0.24661208033444143028 0.25270385261479566541 1.0775591541310003407 3.6324919331191449778 3.3956256239595017377 3.4672262783759721927 3.5461197459619158145 2.94866e-09 5.18471e-06
13404517.453798770905 5895 1.0663891834623560051 0.15633845749076169529 0.10089783805993245147 1.8866033610572714441 5.4134052630399365214 0.42454592860517392783 0.36410238303981634633 0.30842859090599916705 3.55807e-09 5.51978e-06
13404517.453798770905 5778 16.444725182582530465 0.27290845221673337706 0.51742797127594708506 3.9769093499171912498 0.88964360216158744343 3.4995677196216172788 3.611522187348982893 3.7351015366145232655 2.56945e-09 4.95218e-06
13404517.453798770905 6029 1.9319604014573243944 0.18901267031695861975 0.091304115675228503246 4.5067372599643960029 0.91015591123167738363 4.3337751983353562935 4.5169603300688887515 4.7023750537328661281 8.02494e-09 7.23876e-06
13404517.453798770905 6295 3.2434349878210375628 0.09023270373279143608 0.28508396248316586474 5.9553901231135446537 0.88110331772329253397 5.110264940690796287 5.1921385144738305684 5.2721848983521644172 2.30061e-09 4.77307e-06
13404517.453798770905 6085 2.2406560011618879003 0.44589077813837924014 0.14035909997134865534 3.1566642418787100866 0.34433892722715181423 5.0680313076986864829 5.470244939088191316 5.7941005031596617414 4.93102e-09 6.15407e-06
13404517.453798770905 5668 1.6308055407323251984 0.080366650169727590902 0.12095720274076518508 5.7215687428334671694 4.0742214550789022098 4.4195369542670057683 4.4974731267679448621 4.5759908893626892734 5.17696e-09 6.25473e-06
13404517.453798770905 6343 1.2074078787340531971 0.031835863402085204377 0.17496407220998366761 4.3812377803735955695 3.439063820407055605 5.252209104061250855 5.2793014832702880312 5.3061570420060721887 3.59373e-09 5.53816e-06
13404517.453798770905 1147 1.3669087514380386938 0.027377215100990150154 0.050603705653558414546 2.7279652650298511496 0.49711581084755163129 0.97225386404570912635 0.94980584375056775759 0.92753988484086813404 7.2768e-09 7.00643e-06
13404517.453798770905 5076 1.2229782797446437925 0.33011433827161562604 0.13298788118404145098 4.5505779136273307728 2.7190259450577713984 2.388066727645768772 2.1243756028957125892 1.8435644275872500319 1.5547e-08 9.02399e-06
13404517.453798770905 1969 1.8170849125125732026 0.13763178381551058327 0.078608440542325200284 1.5575551490662815635 3.9306346493987431856 4.6722245042707957197 4.8105664278294906211 4.9475354408731107014 2.21709e-08 1.01573e-05
13404517.453798770905 5111 1.6446589715917077079 0.081382826132503596761 0.15210912869103634937 0.18942715167806858934 3.6770236566548977208 4.4630013182276542238 4.5427579345351292162 4.6229726827590305049 4.25901e-09 5.86075e-06
13404517.453798770905 6503 1.8738858620134033472 0.13092608523869217474 0.12016876439219827122 4.8215023151737863571 2.0107892936664386596 2.8874687703892032431 2.85216916186887115 2.8148028909091529215 2.13987e-09 4.65921e-06
13404517.453798770905 5276 1.8125386495872730652 0.29579965555112974762 0.10607513703172810615 3.0840180061673847511 3.5025864101099664083 1.0979002689237815638 0.84722181694281417652 0.62553655343478009598 1.69322e-09 4.30944e-06
13404517.453798770905 2850 1.7906684615586208054 0.28770509208260430789 0.085066484696128250031 2.067763770531509504 2.0202292662940180001 5.8574666992030257617 5.9644176121504788313 6.054583402487288879 2.86233e-09 5.13362e-06
13404517.453798770905 6960 2.985727066363930593 0.17270696726540391008 0.047047199909653517058 1.5898990874728546885 4.643528401626967117 5.9630223916741282864 6.0135997629281590093 6.0595971503404459924 2.28045e-09 4.75909e-06
13404517.453798770905 5258 2.9893342135842582152 0.20846623970032635009 0.28759841372527317205 0.96335160739247382988 1.5831317504843580579 0.36922828716122069181 0.29999340020280684804 0.23838872835128219196 3.58569e-09 5.53402e-06
13404517.453798770905 6045 1.9748769035486108958 0.20222982865133654062 0.04888507754135711092 4.5123962020252132987 1.9681069486782163391 0.44691403207078472803 0.36609539534927043603 0.29370271543585713125 2.95219e-09 5.18678e-06
13404517.453798770905 1410 1.5801050800738585256 0.13285399910880796304 0.076128805176170571967 6.0429670074379515654 5.2223308422063112744 5.8073134226769269617 5.8650078255262574345 5.9189592573711200529 1.96181e-08 9.75145e-06
13404517.453798770905 5063 3.467363191242030851 0.16154726837854618826 0.40023430539311988241 2.2779856182490787475 4.0142768232748569091 3.9000807018085690281 4.018807231807793201 4.143030806146185796 2.23728e-09 4.72886e-06
13404517.453798770905 5955 1.2143747871363161916 0.12602480199881621603 0.18892472650481392793 2.5202615579642304589 4.2225031863002637778 1.1194302506384232743 1.0087434343853038943 0.90210592770373687621 2.24745e-09 4.73602e-06
13404517.453798770905 5999 1.4686422099648441808 0.2754283430838967428 0.13433673285239711159 2.5419768633083670295 5.8296210962502419406 0.48891351875819694106 0.37168739712750875626 0.27165509421273242863 2.29222e-09 4.76726e-06
13404517.453798770905 4105 1.8103117004269457802 0.17627656610711886498 0.079928930578064300017 0.4068098427559341812 0.99492064899335586059 4.0886033838802902096 4.2404115280278737998 4.3974159507190275775 1.26705e-08 8.4291e-06
13404517.453798770905 5278 3.1484099875344577768 0.02117748800068897444 0.32266759193137523054 5.3330699381490171973 1.9171559131041364665 1.2058940402611415532 1.1861838158465951576 1.1665534727780937363 3.13887e-09 5.29389e-06
13404517.453798770905 3487 1.5753695372142428877 0.41860736597878117626 0.16461329857263595766 2.8755503263599626607 2.7425639069102598633 4.8700055992327895282 5.2829271043289747212 5.6352314439915529576 7.96126e-09 7.21956e-06
13404517.453798770905 3069 1.695062364261052279 0.2302744950419614578 0.087501647708950872073 0.40928197713947056524 4.4120981043068789873 2.5895083408802133107 2.4537955590669615624 2.3076088684341922175 4.38223e-09 5.91673e-06
13404517.453798770905 3113 1.7536344017496061642 0.037341741206816124465 0.19957140819424407097 0.95489752978719322218 4.8775861732973266882 1.3220386475435290663 1.2860033176819463119 1.2501657081915700243 1.79427e-09 4.39353e-06
13404517.453798770905 5489 3.2287416245091038469 0.087736676175543593104 0.31867254106064973884 0.55991316583068906354 6.2714951744790861099 2.7338486893796747346 2.6975287748440934799 2.6598359811003358111 1.80848e-09 4.40509e-06
13404517.453798770905 6937 1.725835600390037694 0.18407397339602724062 0.10246708972334155063 0.43070768850099910852 2.6041725050672295261 5.557060444162652324 5.6722056359927366387 5.7778033837160851505 8.944e-09 7.50517e-06
13404517.453798770905 5757 1.6865881167560119458 0.071373882725318582576 0.25547030901619766086 0.88581241353751405398 2.8019546207304570906 5.3108930219526957472 5.3687546020059402352 5.4252980844809455263 2.94097e-09 5.18021e-06
13404517.453798770905 5435 1.8617597527271871893 0.19917252215354708245 0.10196970155303608507 5.4208843712929644099 1.8827927708576321919 2.774478236656713559 2.694826732749594278 2.6087740160483203766 7.17242e-09 6.97277e-06
13404517.453798770905 6255 3.2621319957089625063 0.12055783030311377491 0.15566758925453927365 3.6142438016681257551 3.1063997338831970119 3.1920415681841585176 3.1985356179969905988 3.2053968289196932417 2.45838e-09 4.87977e-06
13404517.453798770905 5181 1.6055672876240756342 0.20396334571003363334 0.068568884578623590098 1.7172074710980271828 3.7094064800281016936 2.2336592424320085293 2.0606109939956493982 1.8806296450392212538 5.47157e-09 6.37119e-06
13404517.453798770905 5784 1.3058757452875733307 0.17712055452206834638 0.12719573186035026957 3.2926992790630440489 5.9205806559282496693 4.7629452475035733983 4.93998447600493229 5.1125374018716982505 2.79482e-09 5.09293e-06
13404517.453798770905 5004 1.804185124063293566 0.41398742382455433475 0.224427594779961187 3.9411724451892138354 3.7884308034538571874 3.8954358399690693915 4.2441846969498016051 4.6136188379761753353 2.5143e-09 4.9165e-06
13404517.453798770905 5406 1.7704040377889682656 0.044772457412690279399 0.01715098857495639742 0.059117878249647246025 1.3414630123925794791 2.5365302391240462931 2.5105735679581009379 2.4841592552312641295 4.61584e-09 6.02005e-06
13404517.453798770905 6756 3.2196723917167813234 0.041772298304462489316 0.32067545028245419969 6.1117459808493599382 4.5642715698360385446 0.85385651843428922447 0.82278314268873475879 0.79216230551862132359 2.22448e-09 4.71983e-06
13404517.453798770905 6230 2.1244506181027005276 0.39076863350421192633 0.11595460515219657704 5.5018147705677629133 3.8132081322033060111 3.8792160078295392367 4.1986744306433188001 4.5390046544159803332 3.21494e-09 5.33631e-06
13404517.453798770905 3770 1.6065848050192232943 0.26550542408838145869 0.11464069706742596733 2.2987722299223687372 4.3677520270684464521 3.7357659032961172407 3.9057989067262215421 4.0895191512457760297 1.55823e-09 4.19174e-06
13404517.453798770905 5300 1.8178646153304514055 0.21690055678982358978 0.029405406503076988306 1.5551550787427561584 2.0113337482550677215 1.7207507256485838898 1.5009713574289851312 1.2845993380349511881 2.06634e-09 4.60522e-06
13404517.453798770905 6634 1.8123962792703547375 0.077586334601471934613 0.10883898579065588719 5.2257558479099852633 1.7520181730724730951 2.5780256338429108354 2.5351130347433117329 2.4908904965620863869 2.7181e-09 5.0459e-06
13404517.453798770905 6217 1.2629934255421648714 0.16827234693770087848 0.12518342344603342053 0.061444006264957995445 1.3712948793567030226 5.9801944233305137644 6.0269709102863719963 6.0696145472828799683 1.48722e-08 8.8915e-06
13404517.453798770905 6836 2.0853527073874418285 0.11081947428108587794 0.11546120289058042774 2.3530808690064932698 4.5161353437227349517 0.77671467243545144754 0.70180294918417029937 0.63025838297129832544 4.61039e-09 6.01768e-06
13404517.453798770905 5086 1.9737602438997581267 0.11625895251860383917 0.095782708221861273534 3.8341771054640707561 6.1693621429808080947 3.0413108550304843725 3.0289127685997074835 3.0158404269553233945 2.82e-09 5.10818e-06
13404517.453798770905 5068 1.8327585029987785159 0.23130338733432873055 0.14709373971486067179 0.81792542315549265908 0.34461463568033023908 2.9548236934879010818 2.9056246897570741083 2.8515496042978161206 4.16264e-09 5.81621e-06
13404517.453798770905 6279 1.9931547601871064668 0.085740895739233408124 0.080099703394396218337 1.4252682259274176424 4.3033782643700213555 1.244136015563236608 1.163928381452734806 1.0851869618618599223 1.20562e-09 3.84817e-06
13404517.453798770905 6761 1.6998377869532819151 0.1982356417601723042 0.15725070680516009536 0.17734467587133309618 0.7639067372044449078 1.3404602278781554414 1.1504552875232922915 0.96947609309189608506 4.88068e-09 6.13306e-06
13404517.453798770905 6842 3.1072237357904159971 0.074638655560468752936 0.094086774052692126458 0.65737150970945557038 0.95595869104692643425 3.835532799456939923 3.8847402086212285965 3.9352413901012641695 3.94698e-09 5.71398e-06
13404517.453798770905 5358 1.5013489860179598523 0.074257498044978345608 0.073971632616812041383 2.7711427808285855612 2.5940519803933219656 1.8349563991558697218 1.7625037014427338278 1.6896065746937802832 4.52702e-09 5.98119e-06
13404517.453798770905 5669 1.2048614184356469803 0.019141624771300193297 0.10180898529720132373 1.519141815036581411 2.150754120091468824 4.9650700091751085452 4.9835607268737369679 5.0020028725197871466 5.45549e-09 6.36495e-06
13404517.453798770905 6977 2.7693559117949040349 0.32270335994940740898 0.11804019919998527677 5.9420692981444611647 0.81339527746986095558 2.4406920959554785355 2.1970466181370507108 1.935582370243970507 5.37795e-09 6.33465e-06
13404517.453798770905 6443 3.1883323260925977571 0.21801529752271606166 0.24947438289753512408 2.1057238964084796784 5.6496318981233315526 4.09021189924556694 4.2812703236606086676 4.4793369698069804841 1.88164e-09 4.46371e-06
13404517.453798770905 5298 1.8884683016357834973 0.080753247220359550274 0.077016162403176893769 2.9682473382138967466 4.0770337752739198578 0.60136693565598742239 0.55708848711376690588 0.51439285991971384071 2.48769e-09 4.89909e-06
13404517.453798770905 5399 1.4889198606809195269 0.1542905093715886411 0.07584106544411539641 0.87324988692356564357 0.23479953502942516042 6.0718837314144504802 6.1021399685204222862 6.1299211975266327812 2.19916e-09 4.70186e-06
13404517.453798770905 6367 1.4816149181485780417 0.24016216361199804741 0.21597236911411932248 1.6209488573708141779 2.850315777307202314 3.1658373607187035859 3.172565582538111606 3.1800029189008327535 1.45694e-09 4.09887e-06
13404517.453798770905 6202 1.9296408661955610775 0.31485197752913052227 0.028516388519916929106 2.5473835193893346052 3.0734410816723047866 1.4352138234286069274 1.124475785547625506 0.84046625398016816533 4.75227e-09 6.07879e-06
13404517.453798770905 6269 2.0878979857326736003 0.12043186842498722344 0.10786287436830566122 0.90856012664615637409 2.0298352235863310611 5.9639657018924152609 5.9998359610349627502 6.0335054597595183523 6.27461e-09 6.66877e-06
13404517.453798770905 4189 1.1103731970465418044 0.037330072935609692752 0.051395345622820901021 1.3435700787347821805 4.3202729523215417373 6.1788112113184885388 6.1826308540921788293 6.1863782366146526925 1.11001e-06 3.74362e-05
13404517.453798770905 4755 1.680253845686823011 0.034679007623008809014 0.047351509427854314438 1.7018604188374102382 3.9843292878088902853 3.4633734272120251241 3.474527608467032902 3.4858613400219922163 2.13585e-07 2.16126e-05
13404517.453798770905 3337 1.4442841049597792136 0.11116688490381647358 0.19580010617378998394 1.4531698811988429387 6.0802359622374240189 4.41955717415832261 4.527962789502395502 4.6372444662411318461 1.23471e-09 3.87886e-06
13404517.453798770905 6722 1.7702903584010969418 0.14195463871869698491 0.18879181191176117038 2.0654711001498369249 1.1965824855604507704 4.8649149010764025647 5.0041978386933543277 5.1401513537286929179 1.78527e-09 4.38616e-06
13404517.453798770905 5374 1.8974419553164456609 0.11336997182207489421 0.046221364543360669852 2.6020156043415667568 1.777766847607685996 4.8704277292799478261 4.9816358406166303396 5.0909212634365497152 1.21754e-09 3.8608e-06
13404517.453798770905 5438 1.1058015919514112557 0.19441498672456095087 0.19499974057167857033 3.7793922470171530392 0.8666344637346822255 5.4092635097541448275 5.5506313811407785863 5.6806504042630239226 2.41055e-09 4.84792e-06
13404517.453798770905 6253 1.9953845687007047971 0.16995655664489861536 0.060517329293228443177 5.594788695298699821 3.0593421779863092524 2.6848685439911750272 2.6031289573947047344 2.5159722295808193415 1.17298e-08 8.21512e-06
13404517.453798770905 5177 1.7403740703906174225 0.29071993514233984701 0.15121639154237662139 0.52604042254317529004 4.3856523016939990001 3.8613871627884397419 4.0810165640095341644 4.3156909855039975454 2.10151e-09 4.63121e-06
13404517.453798770905 6001 1.7712407257242592795 0.077523826300450057736 0.17023069473698232423 4.3685449865076781961 4.3113664186436206904 0.33522368577317401828 0.31058592963853087765 0.28689336262640202646 1.89847e-09 4.47697e-06
13404517.453798770905 5626 1.4691401110173334388 0.18573041685607913354 0.14952038141878029598 0.71097123994807964742 4.3369609566241402732 0.17097145415211889574 0.14179012785584285683 0.11554354051066337283 5.23731e-09 6.27894e-06
13404517.453798770905 5630 1.953723514808827888 0.10771684623161273398 0.18038466278123618802 6.2345051424079755975 4.1246125543518914469 1.0620615433295477192 0.97019465584084574328 0.8813287169434843582 2.87655e-09 5.1421e-06
13404517.453798770905 5678 1.9740860356283713717 0.14826338181257131543 0.075350238092720248084 2.5267769394518957426 1.9065433946186187697 4.2097135216818823977 4.3450180060687344508 4.4833884868574500615 1.85255e-09 4.44058e-06
13404517.453798770905 6069 1.5624586715760284683 0.20498961521837077981 0.20396249543460262532 0.026579959251810360982 5.0273251938694238916 3.6902304317268330713 3.8086236639983566121 3.9354417388906393072 2.30644e-09 4.7771e-06
13404517.453798770905 5564 1.751040707366927629 0.10782698104116661408 0.17163316597508879169 2.6215511341826789327 3.0876087634039062202 4.1185073743309645877 4.2108636680250661755 4.3054117852047077974 5.64605e-09 6.43821e-06
13404517.453798770905 5077 3.0807589644630692938 0.12151871524896536159 0.32704483066117312484 4.6847899230900855727 4.8337686050143968686 1.3684826899092554786 1.2505828980073494527 1.1352411906302863898 2.69841e-09 5.03369e-06
13404517.453798770905 6591 1.4951650483927756419 0.09220052540792279816 0.21435317079559415565 1.6206397649695967189 2.2231288737989203241 1.5456855401012499218 1.4534897396901091948 1.3619228652773347488 2.63066e-09 4.9912e-06
13404517.453798770905 6465 1.9472923344357875308 0.19885457917177012943 0.097611259567850994223 4.3211561289889504067 1.6641815823627814641 5.1617412330327212544 5.3346668741535738789 5.4962467212230805558 2.98606e-09 5.20654e-06
13404517.453798770905 5694 3.1328652191496497714 0.11639382363676270549 0.32560274783122400422 4.8501109344573229976 2.0666729596889896747 4.2177670328535263877 4.3233925615467025949 4.4310906193746895099 1.21025e-09 3.85309e-06
13404517.453798770905 5553 0.94638070799965190449 0.34732005573028057466 0.068896654649785685209 2.0421139431599701908 3.1426322021345134416 2.2715402840456295763 1.9641704850787784498 1.6433783943497437541 5.50583e-09 6.38446e-06
13404517.453798770905 5820 3.0754791040296969307 0.16259749406039469832 0.058869517298967270758 1.2699430931991189109 6.0252241499304304284 1.4092465215321048344 1.2501269454065995212 1.0958179170703867822 3.12834e-09 5.28796e-06
13404517.453798770905 5026 1.5963067952411507111 0.19102786418238773547 0.051362638475324400023 4.9113847921603808189 1.7707346635444909388 3.7980467274776277264 3.9252737466371785402 4.0601187089039560973 2.52074e-09 4.92069e-06
13404517.453798770905 5667 1.8350920394094019095 0.10619816418142055681 0.13867931666681485026 5.8253530106440383207 4.7000486152943610207 0.3191019569479390805 0.28730229358983488952 0.25720933110383259468 3.20823e-09 5.3326e-06
13404517.453798770905 6492 2.6965736961519595205 0.45315893740749635388 0.069305691699082280777 4.4100621595958848786 2.918294134429630482 1.9954315675091056637 1.5201533826856157283 1.0675754312185954387 4.60217e-09 6.01411e-06
13404517.453798770905 5363 1.8959425061087684661 0.17993823018179225248 0.092405682734634342346 3.0575037897580688018 3.211457673630620846 5.9681414862842743219 6.019880783364692789 6.0667137745776535951 1.92803e-09 4.50009e-06
13404517.453798770905 6622 2.8918006833614344764 0.35631311649154584487 0.27582457491033024466 0.87684498782481568036 1.0601837694892246589 1.6179379403428091333 1.2508988927453135176 0.91266236840161540922 2.90674e-09 5.16003e-06
13404517.453798770905 6538 1.3855251098719860714 0.40283635001044976187 0.05589684223250813988 0.80316172816292041858 0.14057788882398591923 2.9040341755754481845 2.7797649014735066331 2.6371671857731113775 4.1002e-09 5.78698e-06
13404517.453798770905 5688 1.9510905012456336571 0.156508614140765695 0.18692171910684454716 1.0132873357029281713 1.6975298907090008438 5.704809774977246839 5.7855291252136282765 5.8602412244359403104 3.26046e-09 5.36138e-06
13404517.453798770905 5990 3.1533093938616998386 0.046298393361945348878 0.1611624237468200771 1.0753622095046264651 0.32006994115685460933 1.7383177274539596269 1.6924739257776959533 1.6465178437621914576 2.30118e-09 4.77347e-06
13404517.453798770905 5080 3.2393000715158488667 0.11815179268302614113 0.25186880991679189146 0.23800129284506477134 1.6075363036526573168 4.5549980855421310366 4.6730606003395278591 4.7911210308418086257 2.57476e-09 4.95559e-06
13404517.453798770905 5739 1.8812048488836672355 0.2057042979097063462 0.06689402608264052863 1.1535743952285033576 5.3775212549097766157 0.9658911314785678659 0.80475594531514982322 0.65651278473176821748 4.86337e-09 6.1258e-06
13404517.453798770905 5806 1.0387363365165778184 0.05079600062617213585 0.11081071715301536729 5.9117306804394722519 5.6682320743226384252 6.0069674268700516961 6.0204983449852935706 6.0336888611657419901 2.32886e-09 4.79253e-06
13404517.453798770905 5776 1.89080969147175737 0.38741003365825354976 0.26270251229948143878 1.571093092211176101 6.0602570140619640426 2.9357353598978921383 2.833160880108070323 2.7155568356905472882 1.75506e-09 4.36128e-06
13404517.453798770905 5107 1.3508740503909535402 0.20535307982635012114 0.171076987448793294 5.4740851317399927822 3.4915907473352194579 3.3554453960254280176 3.4044581268520883732 3.4578188489195396116 4.08288e-09 5.77882e-06
13404517.453798770905 5018 1.6445997838667496538 0.10275269369590499247 0.1809794254576659045 2.0932013295353408822 4.1988983136341575531 4.0855082517220910887 4.1714913610162849267 4.2595757827281062191 1.65949e-09 4.28064e-06
13404517.453798770905 5713 3.080483749343387867 0.1480592884309407109 0.16977421709168552533 4.0206718119936653011 1.2680722788401563861 3.5035784531078610904 3.5602313724520771032 3.6204200057362601051 1.49134e-09 4.13088e-06
13404517.453798770905 5209 1.52555847603702599 0.21655471847022580989 0.040705365309226845816 2.3822001044107290468 4.3986003168734706392 3.0129939964564100841 2.9814645180235719302 2.9469360149868384369 4.75685e-09 6.08074e-06
13404517.453798770905 6615 1.4670536705579051429 0.1364277905218431175 0.007924956276531985172 4.1131985323596254034 3.6621058499990502 1.7203779596135382324 1.5836547592113339178 1.4472382469707096853 4.67657e-09 6.04634e-06
13404517.453798770905 6617 2.743326999923960674 0.15755397566562076572 0.028047972250276897305 0.57080672291757506009 2.884324514765804981 4.8749330034701969794 5.0290995253228878425 5.1788175592361396227 3.93262e-09 5.70704e-06
13404517.453798770905 5885 3.4993382104341126393 0.072138218595953651491 0.24609548294874336594 2.5604860826018400743 3.9461735107340385476 5.9151755835918979898 5.94031335660035964 5.9645657393299575944 2.25928e-09 4.74432e-06
13404517.453798770905 3982 1.3917584562216525068 0.071764686064917981856 0.033102339205092819185 4.7670448226261878943 0.3371313586781354843 3.2331585339500050758 3.2399727990367530595 3.247021635896290892 1.70782e-09 4.32179e-06
13404517.453798770905 1298 1.4185250574749015406 0.15483636834264513649 0.11979171959273496317 6.1952022577532490644 4.9867834875689691643 2.7727921209050903073 2.712254525680055206 2.6478009312056669522 2.27299e-09 4.75389e-06
13404517.453798770905 5047 1.7986352688713731496 0.23485026881524961873 0.15873333450738760786 1.4894057115183034767 4.6853617165061569594 0.64234738714244987712 0.512264030226359246 0.3971517214671158591 2.89941e-09 5.15569e-06
13404517.453798770905 4963 1.5941935485302216602 0.14886388869538155766 0.17198987442268109938 0.2915555257544269474 1.2958111032270565044 0.36233682272082212705 0.31275586470198929456 0.26695312909992108263 2.1769e-09 4.68593e-06
13404517.453798770905 6639 1.6482714760254204567 0.13962581447258665124 0.13531388549082207229 1.8660088906527296793 3.2753871629107602637 2.2805067971210557509 2.1690889200051746144 2.0537163209265520969 2.07227e-09 4.60963e-06
13404517.453798770905 4858 1.3715052476669449266 0.24381068154156335104 0.16928475529111047804 2.5967147434311770304 5.692555817311281352 1.2267528359918125069 1.0039785837066397267 0.79829648983880030499 4.88084e-09 6.13312e-06
13404517.453798770905 1267 1.2122065790561975529 0.14669914455525609465 0.24705729571106654907 1.5121367827023823871 3.0687892548858521913 5.5293888883555402103 5.625113387764750783 5.7148334908745592742 2.48068e-09 4.89449e-06
13404517.453798770905 693 1.2114898223366206143 0.32743240641341853081 0.25760584168535666238 0.81665041208032917996 2.8488270395075034891 4.327973787492981117 4.6581167027267236236 4.9850670046711078598 7.32683e-09 7.02245e-06
13404517.453798770905 5830 2.0780771054977869028 0.26827535328464252595 0.18453394471771494834 0.90899540690280933308 2.8725381948308008617 4.8158892189100459547 5.0823394808274082735 5.3324647306165600114 2.51554e-09 4.91731e-06
13404517.453798770905 6023 1.714885004182242545 0.085702191445882647258 0.073699894998976125948 2.5091918189870190403 0.45140596856672304815 2.0096270070861144141 1.9304994497571092982 1.8502820816176230867 3.26695e-09 5.36493e-06
13404517.453798770905 5740 2.0243976879367933108 0.21540200513829024787 0.17651170181700062689 0.27916241044071254951 3.2582954300754054522 2.8568394983070946047 2.7884844588224817485 2.7139950206055170057 3.09097e-09 5.26682e-06
13404517.453798770905 6155 2.021134246458316408 0.080475164918566391425 0.11135856734867503881 1.2719526795107918282 0.86925661309421164979 2.7710812419280825836 2.7407575138562485506 2.7093571167980345926 3.03729e-09 5.23615e-06
13404517.453798770905 5191 1.91339967675204492 0.14922598145781079682 0.1748295619066407014 1.3108030870834876946 5.146433979297248662 4.1862602456509341309 4.3209086051581477861 4.4588449285762239427 2.79475e-09 5.09289e-06
13404517.453798770905 6978 1.8067723594085975947 0.37587944731241612617 0.09379520925798451314 3.3532390471972304269 3.5231765424209422477 6.1256965744720899281 6.1769951884253240237 6.216834898591100611 2.46129e-09 4.8817e-06
13404517.453798770905 5211 3.2166084899680758014 0.1248562343992983964 0.242779249553764509 3.2226112226459204813 4.011114771355828168 4.9373901443154055713 5.0577468326976262603 5.1752308518139020777 2.07199e-09 4.60942e-06
13404517.453798770905 5231 3.1540683621866065778 0.095371805138183843309 0.19532948112166206855 3.453459984370451874 4.6936501842598223888 3.9675605834827178953 4.0401596719516073009 4.1147819436855908037 1.89135e-09 4.47137e-06
13404517.453798770905 5962 2.87761483536563345 0.1498561728138098903 0.15883024277622134757 3.4602040751482117109 2.1041836316002764384 1.9501080504226651069 1.8063431502528790595 1.6606249751304777984 2.88829e-09 5.14909e-06
13404517.453798770905 5989 2.7244805618982592677 0.27444341204016442504 0.10459477232372327293 5.1822399802163641169 0.83692676884646943769 4.9052319659436083299 5.1711116764185316441 5.4171828055273296698 1.60714e-09 4.23514e-06
13404517.453798770905 5869 1.6010447403375553943 0.15924678201975228653 0.097863460114223532749 3.3854593717291914245 2.92553081071215626 5.7093427093120032723 5.7908158775214140235 5.8660942504627442418 2.00715e-09 4.56082e-06
13404517.453798770905 5060 1.8163700974407346322 0.15527368624204876402 0.080824458307184168793 2.954936089123453069 1.4986985107134429551 5.1717150222485042121 5.3068510912353215048 5.4354875565101785639 2.03606e-09 4.58262e-06
13404517.453798770905 6888 1.6684090051967743751 0.15655088369501976575 0.16316543595294405455 2.12123306723339633 5.7350119008593889447 5.0758704945401129649 5.218846271120467506 5.3557450871319867147 2.28028e-09 4.75897e-06
13404517.453798770905 5027 1.779247514196274027 0.20995229888904456961 0.16463185229851276525 0.16761561321342044462 1.3291505179219536004 0.99037516912884382414 0.82298704395678734524 0.6690541356527586192 1.92434e-09 4.49722e-06
13404517.453798770905 6690 2.8454379809008667479 0.088061769445846913018 0.10812244930787248687 1.5268363817860621801 1.6196652792444412583 3.9063430483102625779 3.9694195171967203706 4.0342737549913900708 2.63564e-09 4.99435e-06
13404517.453798770905 6526 1.7269885937095623696 0.20932323783492867708 0.064145772016662799819 5.3126081110533025509 6.2249493411610963278 4.5006555262544720719 4.711518989407577962 4.9208421480257751313 1.74858e-09 4.35591e-06
13404517.453798770905 5245 1.4826857786492169122 0.20726359471850169802 0.098359720160618904772 2.9633038840907630629 5.474854055123245189 1.2204547559941290036 1.0310441534175383005 0.85324596553655140951 2.53784e-09 4.93179e-06
13404517.453798770905 6159 2.0123307158964860442 0.15540333655158453108 0.049780155648150324621 5.2877233532278342665 5.6420306606469745603 2.3783778282214687039 2.263952935482703932 2.1444115797928988698 4.4573e-09 5.95033e-06
13404517.453798770905 6127 3.0168475387659148268 0.3408579677250541673 0.33216160937527483554 6.2160033521050905847 0.34539554804869398996 3.8427264627207602388 4.1030633287620901228 4.3825785004463293504 3.18976e-09 5.32234e-06
13404517.453798770905 4750 1.6811733663783208215 0.22310431321108395442 0.069644981388550630808 4.0360018058154025766 3.9828172204017149305 2.5827317951749644287 2.4504292485160075188 2.3082149686493238505 3.28876e-09 5.37685e-06
13404517.453798770905 1127 1.2453810419600175319 0.15659510248422872647 0.010901756685374063352 1.1364923104187758529 3.6537739165701785815 0.27413139409030845561 0.23448845625615249988 0.1981042933439184639 1.29908e-08 8.49954e-06
13404517.453798770905 6775 1.503685316770474234 0.12005746406101741597 0.058313959270468437857 3.4225493490652558748 2.4305081100499910107 2.475148790002630772 2.3969975513242860465 2.3156377150817233357 4.4281e-09 5.93731e-06
13404517.453798770905 6089 1.9400195313441568334 0.090265102736206984102 0.13964199614227931767 2.8345742727138980577 4.7368979299678235506 2.2456896042384437706 2.1730472399625280211 2.0986631479639412667 2.91473e-09 5.16475e-06
13404517.453798770905 6263 3.4642488332702563447 0.029721158563416692766 0.27165623700018309838 1.7621486612378836067 0.70494730180365849925 3.7644245088782963826 3.7819772761047225629 3.7997357842966135166 3.1828e-09 5.31847e-06
13404517.453798770905 6103 3.3504630829461197195 0.049273320288293218083 0.12975398896083489841 0.73989110294743443141 0.71213583853742867813 5.6337937643903748253 5.6630313719118641202 5.6916670763246806075 3.07621e-09 5.25842e-06
13404517.453798770905 6054 1.7567173989255451261 0.18254928654624294482 0.076023103977681624754 2.4236398094293569727 3.7254483293107090169 3.9750856507049094901 4.1201043207604923779 4.2715595156262402554 1.03293e-08 7.87422e-06
13404517.453798770905 4670 1.0559190875514268271 0.25470693559636842229 0.16941637712226731427 0.41385100926216106254 5.3825522507937106909 3.6356125726439274537 3.7739918678368251648 3.9245444741829942359 5.11284e-09 6.2288e-06
13404517.453798770905 6657 1.7443405629502237719 0.14538807584792776129 0.078537781105208342991 0.29536811139013646743 5.3014287386550513759 4.2533172969409056563 4.3885275876696150377 4.5263574723901900398 9.52311e-09 7.66378e-06
13404517.453798770905 6951 2.9944556382232989655 0.060851955050118963775 0.035661270445314828537 1.7998936553567173036 5.9552332163785202113 3.1115574897139608446 3.1096709444332235606 3.1077287759052252269 2.54062e-09 4.9336e-06
13404517.453798770905 6810 1.8727043454774601194 0.1662299406449085637 0.13825150328225788154 1.3818268508298210406 2.5168157542815641214 2.3280943178555517648 2.1992075395126500226 2.064733748861767193 2.57322e-09 4.95461e-06
13404517.453798770905 6641 2.0604335603354426709 0.036218268917931478734 0.14915001655956097726 1.8076242986977499871 3.6347950940019209121 2.1951553252638249525 2.1654479956328018808 2.1354468210662775896 2.45986e-09 4.88075e-06
13404517.453798770905 6221 1.9951417225497309893 0.18748108111496716854 0.16702675426272670101 0.85129342284425468801 1.1143448037868368683 4.8693003745520604397 5.0528960431884319959 5.229612981542484107 2.14299e-09 4.66148e-06
13404517.453798770905 6725 1.7925551147769038796 0.23525402259390174042 0.14333925243421277718 1.8660004930814753088 5.2427150383548752899 0.51853153385482175786 0.41148403985682563411 0.31738950434404844536 4.94994e-09 6.16193e-06
13404517.453798770905 5707 0.98839032725667197443 0.10490036874967920144 0.18164843530593574594 6.2653684077630682481 4.5039872292394340647 2.3886190705810714796 2.3138527996191373681 2.2366037306512582816 2.27392e-09 4.75454e-06
13404517.453798770905 4769 1.5936873184712394558 0.04528074610921321852 0.031055399409106343445 3.0744008250567760321 2.4314318751257073536 2.8960039544972548953 2.8847419804105651764 2.873239049660156752 3.82773e-08 1.21851e-05
13404517.453798770905 6914 1.8854661738670517312 0.27019938363659296021 0.1608542574159805838 0.96313090283188784735 3.7507019752271681945 0.33988759114699568231 0.25868984827134938742 0.18956900529201625716 4.41745e-09 5.93254e-06
13404517.453798770905 6913 1.9852258297132465703 0.01720971553678853419 0.037158102536746159816 2.2710968085782283765 1.9262822349977712921 1.917884040756729247 1.9016522285710808493 1.8853758880135855769 4.44786e-09 5.94612e-06
13404517.453798770905 5534 3.2769511367758035192 0.087896400298819996055 0.13319439375758129751 4.9266622004358469056 4.4972241184497345756 3.5325850969408980617 3.5675686735610829814 3.6038883255460110178 2.18919e-09 4.69474e-06
13404517.453798770905 2174 1.3751825099778216543 0.18828852165647272376 0.088772823775037493221 3.0106601092540992148 2.3384754071305748901 2.4486820093955827815 2.3179391426188642455 2.1798043854203790204 2.03153e-09 4.57921e-06
13404517.453798770905 733 1.7405464626769844294 0.12203900624957525478 0.10816874600261484896 0.81752865931920803977 6.2156695060576385714 3.3298323514801446699 3.354221448245823467 3.3799753664660814323 2.10139e-08 9.97744e-06
13404517.453798770905 5309 1.1585032391555789566 0.27309864569621133956 0.18938753024522805846 2.6099750099512468715 2.4296969414074824911 5.2675738996020475824 5.4870936484102026398 5.6822574921919235535 2.20889e-09 4.70878e-06
13404517.453798770905 5934 2.0523676381689268666 0.32158777205989497183 0.14298281345795149644 1.5621931378988562766 1.1577460614241841252 0.88169308787938416305 0.65196471314637660655 0.45684155338129683877 2.95537e-09 5.18865e-06
13404517.453798770905 1475 1.0237688618595464085 0.23355533142630255372 0.060628943661513605423 2.3243723007475303177 1.2885454078539240186 2.7172760758488467836 2.6080873987253836432 2.4893117633768553354 3.50237e-08 1.18296e-05
13404517.453798770905 5323 2.7958312357158012773 0.060184129769835656432 0.085816965233296696458 4.5048924201923057353 5.9576630040831126678 3.7365143278583285991 3.7711349815894212867 3.8065698856546368312 2.25995e-09 4.74478e-06
13404517.453798770905 5796 1.7076722407746169896 0.21672399300989522719 0.14045872707955242564 1.1413982611294095637 3.9246221559841134585 2.6995430931169352995 2.5954851540892209805 2.4829263352943957699 7.64873e-09 7.12382e-06
13404517.453798770905 6237 1.8347336709008257305 0.072448811138522362096 0.12004632480553922846 5.9995201652454959174 0.892316121705527876 2.7307133533022427407 2.7007436795111545713 2.669829234069940771 1.89473e-09 4.47403e-06
13404517.453798770905 5200 2.0479210857761360742 0.016381448667981947376 0.15929329510313175455 1.7774054769165448242 5.4982553325491849705 0.8224845385152291799 0.81054545894308505094 0.79867442659102838576 2.18438e-09 4.6913e-06
13404517.453798770905 5979 1.6348674430675824709 0.35423193307110678596 0.27274969406058685584 0.68464114162423694854 0.76966251484621239776 4.4910455540082665493 4.8589627173870892918 5.2093963233007976044 3.8601e-09 5.67174e-06
13404517.453798770905 3020 1.4192614184733924887 0.013911043055750717951 0.12078125084578184012 2.325486561485521797 3.3207184877597550887 0.75294437278457859719 0.74347978699919059498 0.73406404829954274849 1.84633e-08 9.55624e-06
13404517.453798770905 793 1.5471107615491044296 0.31505284206466421804 0.078394122578216554609 1.5631341006574255292 5.251236916863644133 3.8037567481971001904 4.0305834750043736392 4.2752018947747281175 1.51413e-08 8.94482e-06
13404517.453798770905 6618 1.957933810001255992 0.20839110582691161566 0.19638496160301729954 5.7000900063727311107 1.2450377611275380563 4.9426445640775424906 5.1423051267722144075 5.3317327883848637526 1.98254e-09 4.54211e-06
13404517.453798770905 5741 1.6889463871015379937 0.23483967876244432604 0.15910867508738910092 0.98978351854677981692 3.6916586045993944332 2.0974853126178296669 1.879352440121344836 1.6556035238031125978 4.83963e-09 6.11581e-06
13404517.453798770905 6184 1.6764584836422502523 0.025557278652438154831 0.06422252194110598944 3.2626008092724725351 1.9728919435090570556 2.7325345049902063366 2.7222470113318015805 2.7118410361766089878 1.8099e-08 9.49296e-06
13404517.453798770905 5807 1.8715702183284148585 0.16612848908440119855 0.034886115937880518567 2.214235465216590093 3.3050812584085265122 5.213993288407734461 5.354771572169419791 5.4877857708020583161 4.88354e-09 6.13426e-06
13404517.453798770905 6935 3.4883059154456796946 0.044389192897612742006 0.45960643426386604826 5.4657806650950675476 0.75651146687907933064 4.4974967629280158121 4.541085892363731169 4.5848253815388613219 2.603e-09 4.97365e-06
13404517.453798770905 4786 1.3041196702525312823 0.36800963149361559656 0.12669567310453741515 0.53896475358634632347 2.7312415046251068418 2.8435799913399675276 2.706844030257899103 2.5518448423148463178 5.42602e-09 6.35347e-06
13404517.453798770905 5525 1.5721163498013797089 0.11953415487438219522 0.1566270313377027823 2.4803818548728355786 2.1714693458056064657 5.9408501588487778733 5.9789623918116765466 6.0147690708125534087 2.22151e-09 4.71773e-06
13404517.453798770905 6499 1.806858000242304696 0.42999944259184447182 0.11924315397758765422 0.50141463837363087208 6.1749740951832494673 2.4069759958786804965 2.0469284878242417491 1.6647560036939652583 2.00728e-09 4.56092e-06
13404517.453798770905 6270 1.7014140542890494601 0.072682522906487231906 0.11906035843235206195 1.5254990616084234123 0.33941196396789441447 3.3846505665464801105 3.4028071679226026269 3.4215777242984373174 2.07589e-09 4.61231e-06
13404517.453798770905 753 1.7030503679610153878 0.081873518918231732999 0.049294893147582070914 4.2865407002439432915 5.3908894049522144698 4.9215599620330321429 5.0010643588612309074 5.0795501000193734598 9.5243e-09 7.6641e-06
13404517.453798770905 5204 1.4228114264624236451 0.27443703200148561461 0.13068232808980356774 2.4313941283171849328 3.3704495515604584455 2.0072701407199242674 1.7393677311849280454 1.4688207194474245387 5.21728e-09 6.27092e-06
13404517.453798770905 6739 3.1960238426707254789 0.039855217714829471731 0.14364465317120636567 2.6969161012363240815 3.5777155401183153849 3.1812201781443758541 3.1828318601199314664 3.1844749918440906633 1.84353e-09 4.43337e-06
13404517.453798770905 6996 1.7760268806192880398 0.18158770814424937678 0.06350268232297862081 0.1864794331202955513 4.9462480943602997741 3.8885917732973172001 4.0217662014058568332 4.1617429851718616973 9.30536e-09 7.60492e-06
13404517.453798770905 6207 2.9217126113088607298 0.046265719661792673034 0.20891984009160832758 5.0243897634421230691 2.7457427307869237687 5.8336261141890703996 5.853331100957608335 5.8726117972281119961 2.10618e-09 4.63463e-06
13404517.453798770905 3539 1.0017959889358274417 0.052127074658006297692 0.27420883570107201788 1.6188448096226191186 3.5460150401630712302 0.32741895338212317901 0.3110481373671484806 0.29509429977876494577 4.11193e-09 5.79249e-06
13404517.453798770905 6242 1.3042931342305854603 0.2738243625656427982 0.048086563276298517622 1.4140720194737848026 1.1436739694696951286 1.1739180701074407587 0.93084111358016641269 0.71120043034771807111 2.33848e-09 4.79912e-06
13404517.453798770905 5277 1.9028922963691836667 0.20444925897266746917 0.042647668545863312572 4.7238571768230723791 3.4583146406912144144 5.3210906740497048162 5.4808130417531719658 5.6278134582210155301 3.07432e-09 5.25735e-06
13404517.453798770905 6413 2.7292663163616541766 0.15949659203925986573 0.1935699081656798437 6.0882453042694244516 6.2671943497783342281 1.2741703994006070566 1.1244558967552669149 0.98058473031400517073 2.71272e-09 5.04257e-06
13404517.453798770905 5651 2.7377062187615339717 0.1563749992905353603 0.14350045878194195303 1.7139386215659038193 3.997876291679949734 3.4905670766647998171 3.5486466406944852103 3.6105564024388585587 3.34796e-09 5.40892e-06
13404517.453798770905 5426 1.8434989070047680393 0.12325780770540803455 0.12874011223973139129 1.9046262086178509243 2.6170067314832881067 1.6074046695464183632 1.4836356613069914268 1.3608457509208624625 2.09851e-09 4.629e-06
13404517.453798770905 4460 1.5285891590208957602 0.19891077133510240427 0.043683096573936971985 1.224642304024296191 0.14835393779106967327 1.1492966862908393644 0.97365418617696952719 0.80916573714788486704 1.068e-08 7.96233e-06
13404517.453798770905 4541 1.8285469933627656047 0.055175593019702970365 0.16003088323315831087 0.97965810098797911909 6.2236809984268210982 1.394534615456527904 1.3404476031514869216 1.286729372193416765 1.04208e-08 7.89738e-06
13404517.453798770905 2302 1.2869996940945613861 0.12068634277777398611 0.12760483198658756354 2.8712028337702002467 2.1646145358444472961 3.9742729101974729744 4.0676155820379626959 4.1640724493581586785 3.55428e-09 5.51782e-06
