6505133.4702258715406 0 5.3982570950209005645 0.061550145370907312359 0.04077638886555781661 0.62439587722212708254 4.214175405453381984 6.2727252271289293262 6.2733503891181436884 6.2739557199959259393 0.000954961 0.000356051
6505133.4702258715406 1 8.9992141904139941744 0.038586374916788533651 0.013068940866091992639 3.9335734104801574063 5.9016845098762473754 4.3543964843718176994 4.3907921715420465958 4.4274002965413004063 0.000285285 0.000238018
6505133.4702258715406 2 1.3782135744787304965 0.12641860071241417529 0.049466703567037792477 0.62670914974835867373 4.628641874810075052 4.3830552850788508934 4.5055252499769204988 4.6292485922229165141 4.6381e-09 6.02972e-06
6505133.4702258715406 6819 1.3949510315619857437 0.15319484038865158193 0.14062289374503625372 0.69910567662674960587 1.6973974188498552884 2.7304148928007858643 2.6641642976503447926 2.5937717869219043543 2.46721e-09 4.88561e-06
6505133.4702258715406 6546 1.6351269513233541719 0.12615365955075813487 0.11145740279875515633 3.5047028738443906093 1.3214065802014722806 2.8152306012420225123 2.7720390047310217163 2.7264723974431275266 2.57345e-09 4.95476e-06
6505133.4702258715406 5731 1.2785564687385988503 0.14217389430739610368 0.071341404327414939535 4.8324409901610607676 0.45542788313493220986 3.462048345190783305 3.5103267567148952466 3.5615711918357546573 2.10535e-09 4.63403e-06
6505133.4702258715406 5844 1.8690588417412021816 0.13757289553234608448 0.11003196875559177748 5.868811326763640146 2.3979569465058148126 2.585500770586642183 2.5080215195747745938 2.426574710155669834 2.93098e-09 5.17433e-06
6505133.4702258715406 5588 2.7915893872019967858 0.13421006171171051546 0.16344443788610571455 6.1632877637247682756 1.9645379755010492495 5.4810906724283903202 5.5735968168570622083 5.6610375767153815474 2.40685e-09 4.84544e-06
6505133.4702258715406 1673 1.3417990315702763571 0.12873231943032523161 0.154128902805485829 5.4515837652100040955 3.7230379019620762904 5.5282246693778107627 5.6127754254362818287 5.6927577435366689684 4.71659e-09 6.06354e-06
6505133.4702258715406 5771 3.1982484284562877619 0.055469856543296960916 0.27663079397168977014 2.4790232175126085679 4.0503175479427779848 2.7881880570886776738 2.7684624313054055911 2.7482418909291745912 2.44735e-09 4.87246e-06
6505133.4702258715406 6012 1.4173605508663691399 0.19063074088094833503 0.15865111363501610553 5.9946901530155445315 4.4049740427044552504 5.7577936130943898618 5.84681706646653776 5.927387305995704736 2.36071e-09 4.81428e-06
6505133.4702258715406 11 1.4225260953322662605 0.12588166499690403577 0.10158506177850781804 5.8767420543373916075 5.9618731788593102294 1.0559687603908933795 0.94938708139261851482 0.8470378824294957365 2.42862e-09 4.86e-06
6505133.4702258715406 5225 2.8381232061026748781 0.20384858757039422961 0.45321277996145792333 1.1511473264128395666 5.1268766642595267058 1.1580819711766825453 0.97734916398880034016 0.80835504030996185865 2.91553e-09 5.16523e-06
6505133.4702258715406 6883 1.801922951798824446 0.024824854799183983245 0.11355772268278124804 1.6311880409685397542 4.7437812387233311284 5.627188249707373302 5.6421846818795851064 5.6570298889345407289 1.23696e-08 8.36184e-06
6505133.4702258715406 3514 1.2863921048939472858 0.20541912639728671097 0.06194929719087421266 5.3043336212153420206 0.62842234817119180246 5.3935943945645918873 5.5447009242583931155 5.6829824866152289786 1.82159e-09 4.41571e-06
6505133.4702258715406 1386 0.88567382188466636794 0.16078100818041718423 0.10532952461209560413 5.2896663888171335799 6.2801928068165286945 3.9897491886133709116 4.117822570056934417 4.2510121828442795078 2.099e-09 4.62936e-06
6505133.4702258715406 6795 1.0643722294953867902 0.14361087877476785835 0.05640750572057436768 4.8578669374182634755 4.7529728330967770944 3.6838566145425457599 3.7632247494033430613 3.8468583704845014104 2.75987e-09 5.07162e-06
6505133.4702258715406 5393 1.8025980430134249666 0.032299718549833086878 0.039314180681000496231 0.66034088681557578937 5.2568787759176824892 5.822840835280302052 5.8369889506653738209 5.8509274877504893198 2.51068e-09 4.91414e-06
6505133.4702258715406 1776 1.5986541437733425841 0.026058000664470410551 0.050203495918788906827 4.0279045830834396824 2.932972791316647232 4.7444633308324313248 4.7704999993714185536 4.7965140149079186216 1.13676e-08 8.12967e-06
6505133.4702258715406 5560 1.7754125970699488057 0.15977908896601919486 0.055756110011397311266 2.5325944213206268429 2.4677331197674798879 5.9337509215525710005 5.9849292054733176371 6.0318808896926743301 2.32788e-09 4.79186e-06
6505133.4702258715406 2535 1.3702012651351751504 0.037903308528805704225 0.081436149804750931902 3.8964937374305783635 0.081836761671129687468 0.22026563481753119733 0.21213173430677681464 0.20415140773401496688 7.23789e-09 6.99392e-06
6505133.4702258715406 4451 0.82609584183360540433 0.11585111778498206891 0.16827621018611690906 3.0134884094062086568 5.8576930200045733699 5.8234171800891534332 5.8724351884012522262 5.9186942113327276616 6.32663e-09 6.68715e-06
6505133.4702258715406 6946 1.3891722123157008717 0.25945177309203160121 0.17011729358737615048 5.6548591762778945835 3.2484362190984437113 4.4587148603846689099 4.7214699753147053585 4.9809110507039129345 2.99755e-09 5.21321e-06
6505133.4702258715406 5448 1.8716484361602172548 0.24807746853974282919 0.13592668616689954075 4.6559216018366171852 1.2282707553299043735 2.0966099526811436959 1.8649617693527462681 1.6275406053635703696 2.56033e-09 4.94632e-06
6505133.4702258715406 5337 1.6230156998185290007 0.18480525333700312252 0.13382366439756193666 0.70450297313475640504 3.0516689598329178601 4.5036581107016928627 4.6890811455971030952 4.8738362030026358696 2.31592e-09 4.78363e-06
6505133.4702258715406 6764 3.2769124038761976436 0.059307999415550670397 0.22500053433469424657 3.9155473210823847907 1.46712336623208639 4.7988438086720286435 4.857814081500988479 4.9164960489574749403 2.4069e-09 4.84547e-06
6505133.4702258715406 5259 1.7650105009443639581 0.061656897022093169747 0.14706796492542420496 3.9884811542735527645 6.1280557798461776642 3.0234510302476538257 3.0159468842630552388 3.0082203231968711599 2.21606e-09 4.71387e-06
6505133.4702258715406 3413 1.4644085218774391954 0.045675589432398661094 0.070261670961211442066 5.3259191674307304609 4.435029069391736023 3.6562981003193679719 3.6792504676674924191 3.7026421095108998927 2.25655e-08 1.02172e-05
6505133.4702258715406 2658 1.5298738950695593974 0.091401840793499999904 0.037228790500289606069 4.7495158732853886008 1.2044994135425881598 2.5041611365158229496 2.4475830377559160134 2.389120184936115443 2.46497e-09 4.88413e-06
6505133.4702258715406 6498 3.2406505854657439158 0.11165699739113871258 0.20201429267907439202 0.15774574496607932095 4.3002765249922338953 0.95341839345978551812 0.86501343387652174233 0.78003084906719721836 2.50157e-09 4.90818e-06
6505133.4702258715406 1698 1.2827861343723949705 0.14811468999310800632 0.073555163318105645787 4.5740116360359177605 1.1350164576432331121 1.2864914877841571172 1.1466872777243375392 1.0116947007302470318 2.42949e-08 1.04718e-05
6505133.4702258715406 6300 3.2699876403183223417 0.10115847990332997586 0.23083410497533782268 4.9635046646630867073 0.51791704752489842178 4.6495071138197250349 4.7509617305557805267 4.8520449651102941502 3.26125e-09 5.36181e-06
6505133.4702258715406 4070 1.0281719262866519937 0.21783243717495695546 0.038197953728618061486 3.7827362964458464134 5.8322463493696297121 4.8413502599929350012 5.0561133110836937732 5.2612038824868854192 1.62493e-08 9.15788e-06
6505133.4702258715406 6273 1.7828914281472552084 0.1256290603124730898 0.036964726979885717539 2.6075666858145161164 3.3092203275644989091 3.3449269926172195966 3.3720719800002725286 3.4007712103492151456 1.74421e-09 4.35227e-06
6505133.4702258715406 3800 1.6596413423874911697 0.15260328352732327462 0.08535742833656131956 3.4184410552952426698 1.7554289225142034603 4.0578855818251309273 4.185462225587508911 4.3173658841597273295 1.79108e-08 9.45995e-06
6505133.4702258715406 5861 1.5132058533606345119 0.10117625098293600572 0.065911325453292979315 5.7663378848700501678 5.0462447645487635839 2.891285794877011206 2.8648629466421038359 2.837220457302604526 1.95257e-09 4.51911e-06
6505133.4702258715406 6922 1.3186563764118912623 0.073641801180649904546 0.11219841665502360006 5.0082046301558031942 4.7144096788643201634 4.4155604375322674571 4.4868161451287118524 4.5585923155190837264 2.00926e-08 9.82944e-06
6505133.4702258715406 5822 4.8276476118342577237 0.36476840839410606954 0.29285156200493639433 4.9696929121834987342 1.3868566441600174155 1.6219049405406713582 1.2454484784897172922 0.89981596741317981802 2.14777e-09 4.66494e-06
6505133.4702258715406 5480 2.0123641733063921677 0.14441946547149339675 0.11037276446700887422 5.1622136757336383184 2.4584083693591094466 3.09575771749385531 3.0885856643481175432 3.0809340076659785801 1.6026e-09 4.23115e-06
6505133.4702258715406 5056 1.5204731555077901639 0.11061183114782692505 0.083252765264609993046 0.14610947821693362481 2.268226233812538517 1.4084356557959754053 1.3000220780688955813 1.1934404895306784944 1.5908e-08 9.09331e-06
6505133.4702258715406 6676 1.893100692281020736 0.029976878092756106819 0.20450552291069201694 2.9512863747066417908 3.2750526610850090314 4.0095919859469493218 4.032693439806172897 4.0560083801563102668 2.23147e-09 4.72477e-06
6505133.4702258715406 6694 0.88516126110250392678 0.24574504625720214324 0.12550026136003250565 4.794794527995387412 0.64662737030063344168 2.1111597637651193793 1.8834544143173610475 1.6496232515775932637 2.14224e-09 4.66093e-06
6505133.4702258715406 5129 2.7707334512893595502 0.48315979427036259697 0.022810871683051753972 3.8722047715347542862 1.9052449296217033314 2.3689210486207099571 1.9348658983739615014 1.4833745845013541764 2.0273e-09 4.57604e-06
6505133.4702258715406 5721 1.9636379881784014056 0.22629350616521842765 0.080066028391118732044 4.9296964628250830032 0.55105386829943636684 1.8946991459422706239 1.6700730525942999449 1.4448937903198133537 1.97529e-09 4.53656e-06
6505133.4702258715406 6083 1.8110854188427987221 0.10398871644542127812 0.063626673466848152061 5.0449843498609414638 0.84540149881830062295 2.7115179770326545139 2.6658884643640679002 2.6182653171671499415 4.91269e-09 6.14644e-06
6505133.4702258715406 6552 2.0229290717648034104 0.20518863546172849688 0.032862114522393709448 2.5242519723238197038 3.9660277896877933479 4.3231124028008487414 4.5221916345316683916 4.7236800921423114374 2.45231e-09 4.87576e-06
6505133.4702258715406 6562 1.871501624149322085 0.0032145878807916801294 0.10997294163240665943 2.6439520780002303546 5.0077085838263286632 1.0787611724820544978 1.0759300650515752906 1.0731011241042953674 7.2003e-09 6.98179e-06
6505133.4702258715406 6915 1.0696695211906730449 0.2292799296759347738 0.043004236332537464083 3.8893760835633868211 0.26140222277231833781 0.29731201658680461719 0.23606290094904816557 0.18243970425776645516 4.73216e-09 6.0702e-06
6505133.4702258715406 5492 1.7736945808285464743 0.079875897927095027007 0.016364678207514995328 4.2330710694415678574 2.907415650593465628 1.3640933425350634245 1.2864692735712035532 1.2098003418773306539 2.38141e-09 4.82831e-06
6505133.4702258715406 5781 1.8696020394525729724 0.12830228780020158652 0.086490668680856572226 3.5436033855185118391 5.5529364734050679075 3.6879677470266223338 3.7587788123298175869 3.8330328297331690557 2.03408e-09 4.58113e-06
6505133.4702258715406 5427 2.889710285946377688 0.04679245333892700226 0.018845762844990770341 2.7525672401666221312 1.4564654852296194942 5.16697611214475927 5.2086055018944588113 5.2497543255131899897 3.52478e-09 5.50251e-06
6505133.4702258715406 6989 1.6095748218032555066 0.073515317441355684802 0.083202924578138021117 1.5832470647785987783 2.3885984974409781856 1.4810910156959657957 1.4080455562551328352 1.3355017216015308001 2.23985e-09 4.73068e-06
6505133.4702258715406 5928 1.7926332909297491014 0.045688889551850485338 0.025511392053095854893 2.871125929132691823 4.0272162481164208714 3.460671552310055521 3.4753291350705173279 3.4902957017507261206 1.85148e-09 4.43973e-06
6505133.4702258715406 5044 1.7527827579426211724 0.22861299899254156065 0.13867276521081420282 2.3582819681414552981 6.0547297601113330145 3.3470289228645402346 3.4003230807839042171 3.4588145035998256738 2.3978e-09 4.83936e-06
6505133.4702258715406 6767 1.6759365301647193292 0.30093119965792347603 0.071867853890868665934 2.9671346045942708081 6.0294685045016578329 0.96375918641246172136 0.73220498423810798094 0.53102913381899763401 2.88634e-09 5.14793e-06
6505133.4702258715406 5537 1.7532217437547388261 0.079893600162482231175 0.11192488864547499305 5.4617858072808829206 3.5313440379139309222 4.2169892896103142732 4.2887247530225041103 4.3615548550807936579 4.42539e-09 5.93609e-06
6505133.4702258715406 5021 2.7856901181940645351 0.19109594496758625093 0.17438840481334647037 0.63363430076381443978 4.8742467117272303412 4.293881621861028286 4.4767858796254440534 4.6626025577005014711 2.06176e-09 4.60182e-06
6505133.4702258715406 57 1.2942500035016757387 0.087422024590580044157 0.12478985455367432034 1.4168208424031032422 2.8246490016222520758 4.7844978166616689563 4.8715301338931746855 4.9578474718506582164 1.59734e-08 9.10576e-06
6505133.4702258715406 1124 1.4137527083645125003 0.11463464585908887672 0.11830258707157273457 1.3184438249086665174 1.6669622987249732571 6.0299313980236997068 6.0572272922568588527 6.082910052863111261 8.11026e-09 7.26432e-06
6505133.4702258715406 5020 1.8498996029515599737 0.34977067260913230484 0.22269642737370345942 4.0740125406800036245 3.2051633473307905575 0.51649345337451746385 0.36264310421660850281 0.23856312188553485676 2.26068e-09 4.7453e-06
6505133.4702258715406 6440 1.4228251261627375968 0.12257651706283155535 0.10315548200319045458 4.3908291518053363944 1.086878679068486786 3.4508763143988980815 3.4906529349661998829 3.5325759314360736241 5.23921e-09 6.2797e-06
6505133.4702258715406 61 1.4059067576565718038 0.027833057266734479579 0.01831662344577137877 3.8419741722602949174 5.8343306031510167031 0.24835978322500892879 0.24160781586207097371 0.23494836582541744896 1.05454e-07 1.70819e-05
6505133.4702258715406 6451 1.8617817812060759586 0.37798438408901852137 0.20209569143507713496 3.3232354111143598274 0.70131436219891518657 2.7719000521348102772 2.5987232393570569577 2.403458399030395487 2.57122e-09 4.95332e-06
6505133.4702258715406 6876 3.0835687182343196611 0.1034590259594699857 0.1971727193458393812 0.62401388890411990662 0.33980553912311672882 2.5201748348065398098 2.4571419021358438251 2.3917301846296381562 5.7202e-09 6.46627e-06
6505133.4702258715406 5509 1.620854665150071483 0.14127902266825084765 0.17378084647091360249 1.7212546997555231432 4.7231197364461898758 5.6842519853995971957 5.7598312368378810078 5.8304408060700012584 1.73864e-09 4.34763e-06
6505133.4702258715406 3312 1.1648330674181224254 0.18975598092421172569 0.14319214906810698307 0.029078199021529013701 0.93014483852260043673 5.7483537724820159553 5.8384688566601576909 5.9201022455439940018 2.44733e-09 4.87245e-06
6505133.4702258715406 66 1.4063933955041723056 0.090106073889061819027 0.13966866623255264068 2.7860347674205505619 1.360921428873748118 2.8990890124717703102 2.8764146534429713142 2.8527995589321171188 7.5273e-09 7.08593e-06
6505133.4702258715406 2778 1.3390234699394567564 0.064354747876571000154 0.078864065780466022226 5.9192702578556364301 0.61133407401278505588 3.4641136112244863554 3.4851752384862417777 3.5068539361006392241 1.15158e-08 8.16485e-06
6505133.4702258715406 5605 1.0826975398136688966 0.16460181341518601017 0.096980300488342996434 1.0986861209334255474 3.3983082242662634442 3.4454044925629427887 3.4992288227143459878 3.5568494897794198373 2.44051e-09 4.86793e-06
6505133.4702258715406 5518 1.5451013105413873294 0.04772164648116891672 0.052651360873762237391 2.1770319818044354676 3.9687625265889048265 5.5759710334154028999 5.6064389953896078822 5.6363251403978607001 1.73658e-09 4.34592e-06
6505133.4702258715406 5829 1.5318371126564460649 0.6284055490327703497 0.22518512384188402176 4.5390019777333741047 5.3661165163294342051 2.0407635311642788878 1.3228872306873029618 0.71369354667507223233 2.45517e-09 4.87765e-06
6505133.4702258715406 5052 1.6230884082971501758 0.10463813616748562918 0.054326616209890384035 4.0429778568269982841 0.54218030330974398279 0.22649454238733954248 0.20407895719221164077 0.18287243619644508175 2.05358e-09 4.59573e-06
6505133.4702258715406 2768 1.1645432438535598951 0.028800623731561125068 0.018501540232289039045 6.2224758360396377199 3.9125539506328381734 2.2291213723984344419 2.2061332686301029504 2.182952459213802765 4.09165e-07 2.68421e-05
6505133.4702258715406 6176 1.0606813373455976635 0.29414050649814643679 0.031229857835319979609 5.7326286445215730581 5.8714764153478284925 4.1892410586265551586 4.469131502858565419 4.7546120750911615715 2.15802e-09 4.67235e-06
6505133.4702258715406 5920 1.7174834144186776896 0.10985864862276181753 0.060170039657044767367 4.11268779342568358 0.38511531745091792667 5.4439876824695794255 5.5230303976121994936 5.5987267110432528128 2.02047e-09 4.57089e-06
6505133.4702258715406 6218 2.6251597728413735844 0.099053300710266911633 0.10878435021005596062 2.9870350983016900059 5.0640615208086785515 2.8790187844468819733 2.8519480456085721798 2.8236572684765155472 2.72586e-09 5.0507e-06
6505133.4702258715406 5952 1.6011201338295830698 0.26845224857860733314 0.08175631403325649138 6.2412867951728845384 1.0875048043780555229 5.3722693356135398091 5.5709634418143609835 5.7464015871758320486 3.30338e-09 5.3848e-06
6505133.4702258715406 4143 0.81211185248996708985 0.12052846967794832167 0.1851071154065292157 4.5483293297266964572 1.7494287313147824925 2.6422141905766021175 2.5810549645024298826 2.5169770062816190226 2.62778e-09 4.98938e-06
6505133.4702258715406 5312 3.0375023869329811355 0.057462253744079413997 0.21183435790267821086 0.12829739522630054238 4.4194456595481010908 5.3239804648418793676 5.3702926971921263188 5.4157611857715748371 2.46345e-09 4.88312e-06
6505133.4702258715406 5969 1.6172115495017573839 0.15597507589873702005 0.1569937171358447292 1.7296270192984481984 4.4559589990045864738 2.7745678148650583239 2.7138212344549819122 2.6491158998961465976 2.00206e-09 4.55696e-06
6505133.4702258715406 5110 1.4689287582894605677 0.11369253038475647666 0.11980357258032582612 3.7499104477972124982 6.2011349913710445136 3.962460730148317456 4.0492455164941461021 4.1388421680566001015 1.88235e-09 4.46426e-06
6505133.4702258715406 3988 1.3636383351776164563 0.07444524811485493665 0.037430903418686697903 5.245077553120724545 5.2474216895160417096 1.3119000164562850674 1.2405472883389956351 1.1701249412019307794 5.58031e-08 1.38167e-05
6505133.4702258715406 3637 1.4912838048758567666 0.10099185476704340692 0.064032670597245697208 0.51941323041415776718 4.8043943300191269685 2.5592597324556374261 2.5011324815575948222 2.4407833363639639401 4.68902e-09 6.0517e-06
6505133.4702258715406 6028 1.9251644889985737308 0.075085425459216426081 0.081406292338322111535 4.8150982295072406458 0.97462334456862276255 1.0379107332023982391 0.97438007047877950306 0.91225785505928014274 2.1303e-09 4.65226e-06
6505133.4702258715406 5572 2.7192714400755222393 0.13655874556247010743 0.44985081936323489948 1.1917646379460424821 0.20921957471656232874 2.9398989298455422414 2.9104352416477898835 2.8791490453319528164 1.63405e-09 4.25865e-06
6505133.4702258715406 6521 3.0349662097252601001 0.033428486813082990137 0.19337175213547619368 6.1385820205802401617 6.2574098730058391737 4.7739482660469274578 4.8072853797441217338 4.8405634622570934411 2.953e-09 5.18726e-06
6505133.4702258715406 2010 1.4885553451495454613 0.044676206822113838368 0.064023994474213183348 2.0627849718219462005 0.37790079609157151141 3.5185747890993015474 3.5353778171837140221 3.5525194797637227317 9.24877e-09 7.58947e-06
6505133.4702258715406 5455 1.9097179472457717075 0.10637099266249339102 0.1226869214319384338 1.5378795669333542584 0.95679860562834251336 0.16320448094480383139 0.14673899301812665108 0.13118617593704823276 3.36325e-09 5.41714e-06
6505133.4702258715406 6780 1.8296468085193797748 0.1662982362499907385 0.088567521133050483573 6.2109288237097342034 2.2377139415902980168 1.2308066153093273343 1.0775179273911221767 0.93104489876791562963 3.2776e-09 5.37076e-06
6505133.4702258715406 5422 1.4202857248348608188 0.013391393796573863861 0.14591683074100902928 3.4732679932848826709 4.0246475422505625374 2.1674867106479851486 2.1563671315149228747 2.1452067874191529384 5.73994e-09 6.4737e-06
6505133.4702258715406 5540 1.8692753481002200022 0.11176903333947404984 0.081248100166064637917 0.50483157971882852699 1.9864615374618099786 1.0891576498278634499 0.99238317693324440416 0.89879547496512968152 2.31531e-09 4.78321e-06
6505133.4702258715406 5552 1.4856455115479414442 0.10999814573914133697 0.13357645730045400456 2.2158503080481359859 5.3290372099633396274 3.7156212838958944111 3.7784237831249938289 3.8438342585457716538 2.51442e-09 4.91657e-06
6505133.4702258715406 5469 1.2786507449162383132 0.17377158517539609273 0.16011915983618568715 1.5916457101016916464 2.8142903848525775423 2.2209912429871576656 2.0740793901996799065 1.9218548124321668258 2.51139e-09 4.9146e-06
6505133.4702258715406 93 0.857389114706908817 0.051723485548276632029 0.018411467858228940109 3.5968313353393575049 1.47121120203975142 1.7108771920380705378 1.6594515300051018158 1.6079311780612421945 8.96648e-07 3.48651e-05
6505133.4702258715406 5794 1.2360085490965100341 0.058282803257266528607 0.11430920922586897126 3.8499881899572816479 1.9717552610551787318 4.3115257948797536258 4.3658387837525349795 4.4206566773118476377 2.17467e-09 4.68434e-06
6505133.4702258715406 5178 1.8419027520616642057 0.060859540747770231317 0.12593259757804631249 4.9487906446227389878 0.011197929718700001117 1.8915603307184505333 1.8332073955747261174 1.7744312393463865796 5.23234e-09 6.27695e-06
6505133.4702258715406 5725 2.9613173437745232697 0.18067378398287736729 0.1788664839774561921 3.7992441816287314538 5.013256641676890446 0.84466548142466357785 0.7163908021654979974 0.59774829631566739341 3.15235e-09 5.30146e-06
6505133.4702258715406 5586 1.4750968292140527183 0.090058254664239292819 0.03697878421370133506 1.0082693617000608732 6.1500846292004069937 0.23936911082518302907 0.21887293435435936639 0.19931862296363273002 2.11391e-09 4.64029e-06
6505133.4702258715406 6053 1.5515314670897080163 0.090928609666038329173 0.054351873963910314613 5.2436156964053912688 1.9568005936073709083 3.0040405767839959417 2.9909563937628496078 2.9773109903193213377 3.14775e-09 5.29888e-06
6505133.4702258715406 6403 1.8565796895832742397 0.061168005122882347646 0.077122570145726057622 3.4465331158738057304 3.8432385368501207346 0.98431534687127697492 0.93418123402817487833 0.8849952697709800864 2.19336e-09 4.69772e-06
6505133.4702258715406 6418 1.8217295957751655777 0.10131900275045004067 0.098513196351613249724 0.6261250595690029952 1.7188540010880890563 5.6176752858981577887 5.6779692930087444225 5.7356136995938102885 2.1313e-09 4.65299e-06
6505133.4702258715406 6958 1.4249370313209528405 0.11552139414487208602 0.042138447292810070344 5.054409476566533499 1.3052033754406109356 3.8652134818349863643 3.9453988760250622292 4.0285745927480265394 2.00486e-09 4.55909e-06
6505133.4702258715406 6874 3.2707351886244220296 0.12088464803019195737 0.32737855871570986643 1.0873567322957689019 4.5010670495086060328 2.0907282054511791003 1.9822662597417561869 1.8714713814419556837 2.61974e-09 4.98428e-06
6505133.4702258715406 1959 1.6353878066305269634 0.13657356621899716109 0.14410460133367519742 4.989652099049666667 1.4453575825241551378 0.14001310148205337036 0.12208238253153276542 0.10545054191849899394 1.79741e-08 9.47108e-06
6505133.4702258715406 6548 1.2308890243333148184 0.54666371891782872261 0.2430534940469138705 2.6742730235329092991 2.9809482606921222647 2.9611628652752948199 2.8104746113962919551 2.6327539406848434744 2.57521e-09 4.95588e-06
6505133.4702258715406 6642 1.4912461274464257066 0.16807179497369345578 0.051744691094849852575 0.21362592645227776456 3.0352700098906222337 6.0391616727917796226 6.0769516540666366211 6.1113685266925603656 1.26355e-09 3.90884e-06
6505133.4702258715406 1615 1.5645196742079918728 0.0323860890636179094 0.11307585057729932498 4.6016752697125902216 3.357653798302463688 4.1104549455969010552 4.1374014493730140174 4.1645798256309252139 1.02567e-08 7.85572e-06
6505133.4702258715406 5324 1.8810358728086808977 0.19616634535395024996 0.085609824966707853688 5.032660888686445233 5.8367067503618255131 1.8078983881903198938 1.6113981831297259362 1.4153935067278868853 2.44962e-09 4.87397e-06
6505133.4702258715406 5380 3.3022261775087637936 0.061707475044607634773 0.23790038686720643701 0.18890950343955942303 4.6346892706427649244 2.0139709269643919498 1.9574377316626461187 1.9002854567709197564 2.14422e-09 4.66237e-06
6505133.4702258715406 6731 1.8587402815078124529 0.030415699877142446383 0.11073473800310661141 4.207421476105529301 1.7485549140093943343 1.4057502087617981257 1.3758179395729490668 1.3459785607218530679 2.18177e-09 4.68942e-06
6505133.4702258715406 6391 1.3317914636278285201 0.17167122726722811032 0.10556496634160189574 4.6057064704450274562 1.4345882627220798433 2.879778824387368541 2.8309418720936885272 2.7784656975415118474 1.23883e-08 8.36605e-06
6505133.4702258715406 5434 1.5591693812790667906 0.13492765619947935662 0.10909480014270513115 1.2509126598243089923 2.3072964267013422734 2.865531089363576811 2.8260130741781228636 2.7841359173837125773 2.47919e-09 4.8935e-06
6505133.4702258715406 2966 1.1692771862515198844 0.14496152810533294297 0.049443120083081291971 4.1253711555947951695 5.9840508189478720524 5.5063046406248403741 5.603348077120616999 5.6944805264136162393 3.90041e-09 5.69141e-06
6505133.4702258715406 3751 1.0443533530767665773 0.091578433471286274647 0.13853884800915108877 4.5990849618255857933 1.4792449493063097865 0.099946906048469438821 0.09118979537475450925 0.082850345880048914537 2.30157e-08 1.02847e-05
6505133.4702258715406 5465 2.6619094791135564648 0.3499744866833472412 0.068082728114098808869 0.15026747411524413178 0.19387803030396691395 5.9890696848325708501 6.0783312389777677254 6.1495245475123487822 3.18145e-09 5.31772e-06
6505133.4702258715406 5719 1.7476283206971467976 0.035827470190144025675 0.067212261081391375117 5.7407542327790066494 0.92847992127160106079 2.7995096928641576284 2.7872812242837614605 2.7748510752860302553 1.00263e-08 7.79646e-06
6505133.4702258715406 5340 2.9465844156399230158 0.16592743716679803079 0.15193509076361561005 4.459376451037504907 6.1582813272376863978 2.2579898898001307117 2.121810444414519381 1.9804412606193961821 3.20434e-09 5.33044e-06
6505133.4702258715406 117 1.4686253910032391889 0.061773403799306861317 0.11461644232931174348 1.9895432441511557986 4.7521583720708129306 2.5031340974583073944 2.4653509049021531396 2.426689014677474443 4.39609e-09 5.92296e-06
6505133.4702258715406 5708 3.1596861559445690304 0.042092366003601777713 0.15428201501647056948 2.9408646107577993689 0.96170988813509883375 1.0254685954433799822 0.98985818603636355206 0.95467115019673787213 1.65544e-09 4.27716e-06
6505133.4702258715406 5945 1.6190884882884666318 0.19948576577659277165 0.10994249276331163889 4.1844691873770596402 1.7287109292850031395 4.1715806290499770626 4.353284182270609648 4.5400451111572905916 2.66758e-09 5.01444e-06
6505133.4702258715406 6151 1.6595090911160570446 0.040395277375303989542 0.11639068968665575166 0.57745940077669843937 5.218209256875781854 2.3841945145774423587 2.3560184395643699595 2.3274496367766084326 2.10594e-09 4.63446e-06
6505133.4702258715406 5235 1.815177865991889572 0.063217284936096074244 0.12276373143219532214 2.7992531717487043608 3.8070762437612111206 4.1775519943725942795 4.2328738377522192593 4.2889613960935033532 1.69779e-09 4.31332e-06
6505133.4702258715406 6625 3.347637694308259082 0.60397298098512963715 0.49088492222525087483 1.9520217437405897876 3.0947604894356199878 2.9863280904514488689 2.8310141381470907973 2.6464342422906490526 1.8891e-09 4.46959e-06
6505133.4702258715406 1888 1.5268165512273570439 0.17954494882154828361 0.15323767059884535469 4.4494684834241322591 2.3654835670517755375 1.9057976016489859283 1.7300553451528846161 1.55278252612996015 4.42279e-09 5.93493e-06
6505133.4702258715406 5376 1.2687507095789929412 0.15702143229223980425 0.083620183425048816295 2.0116391734937519864 2.4768845207196603653 5.4916140053510842378 5.598012542964466931 5.6973767721183232737 3.00581e-09 5.218e-06
6505133.4702258715406 5038 0.90493995021928608224 0.23192321532313481258 0.093577115319136816574 2.4516434132751556696 1.3851874735529416949 6.2466069564270121361 6.2543016054372104762 6.2609994750217872195 1.69972e-09 4.31495e-06
6505133.4702258715406 6211 1.6513577421979825921 0.099346128030753835803 0.095751299895286315356 6.070248530842318857 4.0355587832266799353 2.0145603028593139783 1.9227137501576634371 1.8294561979889014669 2.33777e-09 4.79863e-06
6505133.4702258715406 5250 1.8860243491802661797 0.15777333802536314122 0.18569027471145357899 0.75174356960233623681 5.3125199299189507229 3.1469132528066969812 3.1478308269773265238 3.1488150380324322342 2.35168e-09 4.80813e-06
6505133.4702258715406 6536 2.0319462255411169238 0.17512398066484599624 0.1690807684805654687 5.6309438643782883105 6.149823593915132669 4.9139035321744612972 5.0834117536298268902 5.2466197745819460607 2.77887e-09 5.08323e-06
6505133.4702258715406 5873 1.4044625373426518067 0.072867122534686981639 0.030664024889469523871 6.0826555267821706963 5.8914166426545504507 4.2232390777258554948 4.2887467730708657143 4.3551722772302490228 3.51811e-09 5.49904e-06
6505133.4702258715406 5444 1.7331303702872002948 0.10042414986098185947 0.053542834748695936065 3.7995859308725430381 1.8685300563311251221 2.2439045870095237767 2.162679441422783011 2.079338291569017283 2.45597e-09 4.87818e-06
6505133.4702258715406 3344 1.1740210164765907397 0.089421370163243224516 0.043219291607831791802 0.71887565177008705408 5.6767020888601891215 4.551455454594540484 4.6404791550079051987 4.7296694248020809681 4.78095e-09 6.091e-06
6505133.4702258715406 5792 3.1139378342612902273 0.22674892028919516052 0.37287991203272163876 0.81513252480995901372 4.0837482030431679902 3.9112936864473484277 4.0851106583044085596 4.2686929276687006762 2.20777e-09 4.70798e-06
6505133.4702258715406 6955 1.6052964298699334833 0.08149500147782266779 0.088043776958942762678 1.3608591822244080483 4.168324880664785681 5.1261339749118608466 5.1996370653579973009 5.27164805657528035 1.85814e-09 4.44505e-06
6505133.4702258715406 5782 1.7650050757847204341 0.01728284589551826525 0.10391345416089228793 2.5840012766381246223 3.6953871254544616853 1.3942333665075599125 1.3772441407681106362 1.3602840143581307331 5.0598e-09 6.20718e-06
6505133.4702258715406 6853 2.7722543887105506322 0.48242244883299428837 0.54989016868345308442 5.1709081568298786991 5.9043980088900633874 0.85956227037537580316 0.52897987094119591767 0.28552398130452005809 2.62932e-09 4.99035e-06
6505133.4702258715406 5737 1.7704250328478625676 0.10850839123992724045 0.065595877762656087939 5.5644838946652876999 1.0433014936542222006 0.58824658758040082596 0.53048808186335616455 0.47558778372063154061 3.30498e-09 5.38567e-06
6505133.4702258715406 6158 1.1967330406567455725 0.16880176050410855559 0.022779850592898102934 5.1221889205465203077 4.2032861348530108359 0.96901856919940021484 0.83549850703888028924 0.71030988751357526656 7.65078e-09 7.12446e-06
6505133.4702258715406 5865 1.7311684408573022598 0.048459652744151773818 0.058184518010984419278 1.2904979161918694874 4.5223756745402301505 5.0862289848592618924 5.1309645300298418746 5.1752406051407611187 7.09329e-09 6.94703e-06
6505133.4702258715406 6303 1.4623583626914107292 0.11590934438382081983 0.17073786476040148097 2.0268714309936757267 3.9756703752707802657 4.2196033470541003396 4.3248681352024886948 4.4321826582615386769 1.48051e-09 4.12085e-06
6505133.4702258715406 5241 1.7560773263953837198 0.090153133093360232619 0.071211503246503646269 5.2178079059214184099 4.8768625396421860785 0.92340016306679817415 0.85328184591454903085 0.78535666030482609301 2.63706e-09 4.99525e-06
6505133.4702258715406 6290 1.6090571035915697262 0.15439323506918073425 0.067162685122446663666 3.8300993603392377018 0.77001337829858973461 3.3623091728874481277 3.3990981360432117597 3.4384173188335012128 4.66797e-09 6.04263e-06
6505133.4702258715406 5215 3.0552808489099332334 0.16742772538058900422 0.32719936657575710015 0.95060576608058711123 4.2597594650190107046 6.2515989896839823103 6.2565102521690612036 6.2609758663189127859 2.09099e-09 4.62347e-06
6505133.4702258715406 6358 1.7644364194456159112 0.11068625325723574493 0.038896121527233713799 2.6678666743987315968 0.56107419923096835124 4.3119497156780699498 4.4163602822165994866 4.5222319659914500534 2.40091e-09 4.84145e-06
6505133.4702258715406 3761 1.4741392881270802828 0.14387540226110462349 0.13124797418545045002 2.6361706444045158726 1.3838257569551353221 6.1490291695587133702 6.1670796283140143501 6.1837468733750071692 4.38307e-09 5.91711e-06
6505133.4702258715406 2057 1.3034819393039240865 0.19700671721021928429 0.18372484738846711627 3.8362009016101059622 2.12079201137858675 3.0734017704897884649 3.0583518784380689937 3.0419718182025752284 1.66245e-09 4.28318e-06
6505133.4702258715406 5673 1.9530499591657273228 0.05713684851593694991 0.0042867710193011249187 1.1036305355337283629 3.7060646131153371918 2.5596918237573724753 2.5274966998489669656 2.4945733115316985895 2.67237e-09 5.01744e-06
6505133.4702258715406 3324 1.7797358389335835582 0.072467619752511439057 0.064282579680262033617 6.2423717379638041791 3.7264270891533533003 2.6242656436230866746 2.5872147218361907228 2.5490667158581494789 1.99813e-08 9.81126e-06
6505133.4702258715406 5034 2.7644650725561654703 0.19964562338479929782 0.070613735068458305388 4.3477812314023225326 1.4650873293978852185 1.0164858259197042667 0.85400945703699870926 0.70349252215762536622 2.20492e-09 4.70595e-06
6505133.4702258715406 6957 1.3656443374487567954 0.25364050061222026544 0.041212598396775865228 0.98479710674946707716 2.7346141862583608351 3.9354481994530186029 4.1369035421147213327 4.3496897120931254932 4.55935e-09 5.99539e-06
6505133.4702258715406 6308 1.8937637222564689399 0.14957093027489024029 0.061456227489934879549 3.8492418286555900586 1.7727873961797782076 3.2310227930092207949 3.2455442116217629867 3.2610643559919298973 2.73381e-09 5.0556e-06
6505133.4702258715406 5344 1.8582946313411474737 0.11093588153593327006 0.12697945974075225406 4.3436102072823059572 0.72225291819730585985 3.1972969228830403488 3.2038568544858945231 3.2107597262713780673 2.73146e-09 5.05415e-06
6505133.4702258715406 6577 1.8076109684688557167 0.23442143087457853468 0.14790337468943212662 3.8901521100891582883 3.4946666936330288422 4.435544013234616223 4.6708132199365426374 4.9050320761314534224 1.63583e-09 4.2602e-06
6505133.4702258715406 5452 1.4793570501875166201 0.043385140076071339321 0.16908026760070843375 2.5987777123974229454 6.0347504230015571736 2.8199842144257796228 2.8059758092492197434 2.7916868412831932211 1.87068e-09 4.45502e-06
6505133.4702258715406 5123 1.2421586919641407487 0.24119100783948310696 0.12338570435476990672 1.1713918237545104528 3.7970367252546926018 4.238721998223198284 4.4684413179898712087 4.7024911518504843855 2.85229e-09 5.12761e-06
6505133.4702258715406 6241 1.7846932432049875672 0.023452665033491280205 0.16796371193117598519 3.9133614124794990907 1.0990785881418168035 2.943457062849192063 2.9387862657278831513 2.9340624535820034602 2.40528e-09 4.84439e-06
6505133.4702258715406 6183 1.792661182804451192 0.041947646734127735924 0.029150638236982454043 1.4549290478769472124 4.7919013478352043833 3.0574648314091099621 3.0538631738430752627 3.0501878473567152206 3.31464e-09 5.39091e-06
6505133.4702258715406 1788 1.5006553640557493967 0.13450693719786460667 0.029648618106570105019 4.2556019481039193408 1.4114753810082181218 5.0937955775810941361 5.2159782613170673216 5.3337869854074639875 2.60808e-08 1.07224e-05
6505133.4702258715406 6090 1.9315979225114328077 0.12712039812409930972 0.12080066518274391874 4.7943689659215973364 0.78426556003063285782 0.93135691453182356536 0.83277357334989876581 0.73872985860663664681 3.39778e-09 5.43562e-06
6505133.4702258715406 6826 1.8188641101186504567 0.18428834348995712378 0.15850769818663865141 0.3910218825346054583 3.2355292112858453635 3.5066749518528124163 3.5793162005754246557 3.6574321111405572182 2.5665e-09 4.95029e-06
6505133.4702258715406 6891 1.5224563253486687042 0.046264427694331720919 0.10377732375413552257 3.1952113958309480424 2.6236516051186473675 3.4939293169117791038 3.5102576901021578237 3.5269300244479588891 2.97992e-09 5.20297e-06
6505133.4702258715406 1399 1.6203042432923335792 0.11008243280796445318 0.16002147497570431978 2.2835207472109306792 4.0916972846194390456 0.2181097825599979112 0.19543998511388499528 0.17406217893202782787 4.64728e-09 6.03369e-06
6505133.4702258715406 6645 1.6690330393993706437 0.19350647422047892454 0.083478656558511402097 1.6509231305815132984 6.0686066004343306446 3.5588561624490768764 3.6457327485323456351 3.7392069593376264791 2.03845e-09 4.58441e-06
6505133.4702258715406 5597 1.9449413969506283983 0.16954734634860263442 0.077758236240691544494 0.001358670464764850927 0.12484021257813968098 1.6930594087628765276 1.5221837377867137864 1.352836687760664125 2.41109e-09 4.84828e-06
6505133.4702258715406 6672 2.7140109221621493418 0.090653029198067336392 0.085678599398243043828 3.4199592929759772275 5.1388952346936438431 2.7132093071801470785 2.6738531207119189403 2.6329804103570118023 3.02735e-09 5.23043e-06
6505133.4702258715406 5187 1.8084840784989875129 0.21176825287576206414 0.1359072512031875013 3.488525165698888042 4.6470492453952711998 2.545736254247688457 2.4140234830177340619 2.273185677664934623 4.88111e-09 6.13323e-06
6505133.4702258715406 5640 1.5989269795332483604 0.035576206956948221161 0.041821873678995410972 2.0674775740937705315 3.99451202784094761 5.4556224612966266463 5.4815117766667045274 5.507074030092907968 5.24602e-09 6.28242e-06
6505133.4702258715406 5842 1.9166150808317161669 0.1293009453559195443 0.16669335884434877126 6.1421478341299247106 3.3171031904856680406 1.5012298974025017895 1.3724581826646162774 1.2456921326745000744 2.75394e-09 5.06798e-06
6505133.4702258715406 1444 1.3822716013878468821 0.030421048425008194449 0.17139705570280544533 2.7218838192057934755 5.9305509242993608154 5.443802814528507561 5.466219593458480297 5.4883987406295515754 4.82654e-09 6.1103e-06
6505133.4702258715406 5566 1.6566552651246664318 0.092660062569103779362 0.018461174534097613692 0.65842222868101007993 0.52131442431958896488 4.422280207180988576 4.5123963252157919257 4.6032094908468845773 1.33774e-09 3.98389e-06
6505133.4702258715406 5503 2.0766764544985623075 0.49533985090449644817 0.091296621623325621697 1.2796138217896046996 5.9868543795005102481 1.9760459661917002538 1.4448390708990692666 0.95342336815909423109 2.63499e-09 4.99394e-06
6505133.4702258715406 4442 0.96459092518692757245 0.20005579553062077802 0.097730145233453399878 2.9888540454383578648 1.5912485400745008945 4.0977952545152227515 4.272680455569293656 4.4537060987072507601 2.65569e-09 5.00698e-06
6505133.4702258715406 172 1.6583824581734176729 0.091569730856693273835 0.093053544116255937357 0.39195528966256881764 3.9456468831500846051 1.6281047305862870189 1.5363159957353202945 1.4448006928024337281 2.7327e-09 5.05492e-06
6505133.4702258715406 173 1.0857150933512575985 0.13247556277855276896 0.077849636280279868594 6.1105999591759818657 4.3473675833623701692 3.4981684806648236652 3.5476943275724424076 3.6000262911846894198 1.21942e-08 8.32214e-06
6505133.4702258715406 1642 1.4863067459124124081 0.12897671151729508954 0.071982016398955336878 3.3383766275573130144 1.3749095253277898721 4.7884331462733484841 4.9167677723395364353 5.043060124211676154 2.00158e-08 9.8169e-06
6505133.4702258715406 1144 1.2852194055464543077 0.10459119887929003989 0.0029155214036584355813 5.0781198617898937187 3.2762687463186472847 4.0160074925680007141 4.0992197743316403091 4.1847574239906304427 1.14633e-08 8.15242e-06
6505133.4702258715406 5069 2.7361236758317390994 0.031404021902034763569 0.18725726641901291325 0.85657767523351724392 1.5181729233376932697 3.2810401140293659061 3.285475196512781082 3.2899781127332294872 1.18876e-09 3.83014e-06
6505133.4702258715406 6398 2.4230321066120836804 0.41532019733174957432 0.33236213969070615981 0.95273957316450308408 3.3101958706884819783 4.3312082438779482274 4.7636281799332964582 5.1784032941755340218 2.41801e-09 4.85292e-06
6505133.4702258715406 1810 1.6751960523688813609 0.11065017628758935797 0.040225897819161852975 0.14776699915519309059 1.0416082819953058625 0.41692958260390144964 0.37416027750576802413 0.3337186303988013969 7.36354e-09 7.03416e-06
6505133.4702258715406 5072 3.1241912095540294025 0.13314850387749818661 0.28810722337925365188 1.4984554334739577097 4.2800508914176242925 1.3395799367655014667 1.2115352935543428625 1.0868874046464376271 2.73643e-09 5.05722e-06
6505133.4702258715406 4722 1.3062319875135446345 0.085169169720096901677 0.089491202581227488611 2.149023788457840034 5.1903216090449273423 0.68363295250994737806 0.63147826887546743002 0.58119962082591891672 1.70563e-09 4.31995e-06
6505133.4702258715406 6175 1.4457127353862320174 0.063562248819741887229 0.13182204338677577793 5.9370027184760942873 1.2170944492612052468 4.8413694620278668879 4.9041897218296632843 4.9665864015413543342 1.62585e-09 4.25152e-06
6505133.4702258715406 6799 1.6595377182834449847 0.11583201202970865029 0.058500576614842723921 1.8117285809390750728 0.35790485373975339245 1.9361785125626835846 1.8254391524906492528 1.7133423371814771041 2.97873e-09 5.20228e-06
6505133.4702258715406 5182 1.7675548572588324348 0.078298386959843535582 0.059480724890968977858 3.9231127007584261079 5.467425503724893332 1.5545839336360924854 1.4762653440915329828 1.3983165380607585071 9.37786e-09 7.62462e-06
6505133.4702258715406 5372 1.5836264628048448699 0.31998008815593181886 0.087134543047919413294 2.7794562705181404816 3.454977036019479808 2.6790961172767038256 2.5076154749021677404 2.3180740666442773978 3.11368e-09 5.27969e-06
6505133.4702258715406 5855 1.8414144948845376781 0.040100228114733453555 0.051290158331216251231 4.0897178073747291194 3.646219408159933284 0.26048181506421197451 0.25034652675623420004 0.2404121083344260279 9.07774e-09 7.5424e-06
6505133.4702258715406 6156 1.5098102429824358239 0.027347324412873588728 0.01901537167552828228 0.13025428807405523002 3.9205875400124536867 4.2658598714069384528 4.2906757363343288603 4.3156271345113257354 2.69058e-09 5.02881e-06
6505133.4702258715406 5095 2.0357455603325167459 0.19516508404747140437 0.096290300494591737901 3.5951497325654750981 1.5202959203589483383 2.3774894548707710129 2.2309663368482146595 2.0768077820525334687 4.6491e-09 6.03448e-06
6505133.4702258715406 6214 1.7947551097348926064 0.11078094428997510568 0.19024134769294498426 4.8594038448396004171 1.1776456691122527687 3.4433040539291122073 3.4781711752632724632 3.5147576380563085863 2.31862e-09 4.7855e-06
6505133.4702258715406 6653 1.8043594900150607963 0.085453749142333321198 0.14888278024078885342 0.71323327027376026699 2.7196971394155466939 1.1987923204550194889 1.1202998862115687295 1.0433717673086013722 2.19009e-09 4.69538e-06
6505133.4702258715406 6463 2.3689576464155628344 0.21479483340792859813 0.25433265215815525906 3.5347690754005323122 3.5585454205647630843 2.5461147489283129097 2.4123618114375680044 2.2692448127470932207 2.40859e-09 4.8466e-06
6505133.4702258715406 6633 1.4877533574393071447 0.17440107822055922471 0.16273028342261755541 2.842031265453146105 4.524000613796733461 3.9435772114834901636 4.0779110958592976743 4.218370461891636225 3.02269e-09 5.22775e-06
6505133.4702258715406 6942 2.8505435529877880541 0.078651052598781912018 0.21113428917552418129 1.5560568552569997713 0.71807199935631393917 0.9083314022882096328 0.84770816314941521696 0.78873828908023457807 1.34834e-09 3.99439e-06
6505133.4702258715406 193 1.0305588810905379482 0.14517122856364059191 0.13408717720523921635 0.50583859665614705481 6.2512902147445172929 3.0655149704418214185 3.0535522921600790625 3.0407878693826426719 2.99462e-09 5.21152e-06
6505133.4702258715406 4502 1.591258362064329912 0.10309830873894462733 0.16965204889764087803 0.28781962468227390017 4.9522781675636107224 5.5894554178896243002 5.6530058011214459057 5.7137605822690966662 2.31392e-09 4.78226e-06
6505133.4702258715406 3593 1.6586049368828783557 0.028170294636596919513 0.051003738305888828009 0.12481684794826097828 1.1915906804467926161 0.2224108425276638823 0.21628001987869446832 0.21023473655713520447 3.2828e-08 1.15771e-05
6505133.4702258715406 196 1.3971203839207395614 0.12090739326081384464 0.085348322822373992591 5.4756379854378529615 2.5161542988912035668 4.6335849846534937768 4.7549921822139715744 4.8757898666274197552 5.83048e-09 6.50756e-06
6505133.4702258715406 6147 1.6847053228017190296 0.068862196001975670145 0.15428228380382086327 3.2034565644502213111 3.2607368893118184872 1.6568531220907936063 1.5879873368925803145 1.5191353160909177866 3.37103e-09 5.42131e-06
6505133.4702258715406 5386 1.9114101514054380182 0.16261644414300857608 0.0548910064136050313 0.90287590786027560608 0.18177880707728452658 3.7916271123829652367 3.8975110516491122681 4.0090589760437262967 2.3788e-09 4.82654e-06
6505133.4702258715406 5301 3.0194456593614593665 0.14710528449541077078 0.22184628845108031459 0.22225675298007185887 0.70646798432361390674 5.7119539138285428947 5.7872047296273629868 5.8572112960652491509 2.88595e-09 5.1477e-06
6505133.4702258715406 6457 1.9821675377363690007 0.44556567213361308877 0.45842941374386753095 4.8155526109136523871 0.53467240941638205509 1.8118091115612047215 1.3371775811902704145 0.90371568765650711619 7.63173e-09 7.11854e-06
6505133.4702258715406 5100 1.3280276265186197193 0.25407966466263054439 0.072773366487373966627 0.4151209118892639216 5.1429286430930636342 4.7299772233627876972 4.9862581609842191455 5.230868696476433044 2.27428e-09 4.75479e-06
6505133.4702258715406 6055 3.2483441337156548911 0.10988632579678639378 0.036300037232727906666 4.7638121702483076092 0.2572411557509698965 1.4258331377176824972 1.3177359289759005279 1.2113494023370725561 3.0525e-09 5.24488e-06
6505133.4702258715406 5142 1.5593244272902633263 0.1837779591137375379 0.11516908057092105355 0.39790459585098419959 4.4232765080823508441 1.9341804531132487099 1.7555031610130136244 1.574851240133532615 5.19426e-09 6.26169e-06
6505133.4702258715406 5984 1.5547040622361461004 0.16196442945295999594 0.075262801560534900447 2.6463253058387756766 2.2393792242719845476 3.4171523070648603948 3.4652801616469361967 3.5167953337242541245 1.83318e-09 4.42505e-06
6505133.4702258715406 6291 1.8647041827289474458 0.25938404477644899648 0.16264440405861485539 1.4312737735363225688 3.4231313807484253786 1.4694578799737618713 1.2118050237186483997 0.96895627462307076794 2.82649e-09 5.1121e-06
6505133.4702258715406 6390 3.1946333473254475699 0.15460887938151457455 0.25161505943037143496 3.6387473720338090466 1.5688165800003803785 1.9000333248742136139 1.7493329300886515387 1.5971816159701786031 2.74624e-09 5.06325e-06
6505133.4702258715406 5954 1.431029027665930542 0.22038608578589705123 0.11045982480248253688 3.6814908169298656837 4.3224547933518309151 3.3765873782672812808 3.4348466253988405583 3.4985533676973785688 1.68237e-09 4.30022e-06
6505133.4702258715406 6542 1.9776828691510033309 0.10204864380526688927 0.10872534950752289762 1.7396879073123923121 4.0622383824610270864 5.3123011684405376798 5.3943343843596025522 5.4735596440309901567 2.35942e-09 4.8134e-06
6505133.4702258715406 2329 1.2118629927772068822 0.10487104435125967072 0.045587848828869501072 5.0414269850124160399 3.7513635893499679419 4.3735092852100532212 4.4743683812774657227 4.57628275227896264 1.80151e-08 9.47826e-06
6505133.4702258715406 6286 1.6129662778858844252 0.10321326705416931924 0.044684099521557087142 5.8799870202535728936 5.7961991637331609084 2.0502557660504816539 1.9562591043809740565 1.86061915898866026 2.66284e-09 5.01147e-06
6505133.4702258715406 5405 3.1621951556054237464 0.062918841877402140184 0.10415920183961217826 4.9486434253850166698 0.34408445335683468524 5.5119540976564325163 5.5548772276566431572 5.5967565062017019528 2.93677e-09 5.17774e-06
6505133.4702258715406 5098 3.1601978610083159005 0.08064234354638832869 0.14868464283205776177 0.24193017441124597955 3.5194937404719639495 2.1769129967482490073 2.1089904402983266074 2.0397480408822925568 1.90652e-09 4.4833e-06
6505133.4702258715406 6419 2.7950716903236574318 0.37562890489712869035 0.51416139685812678461 0.75175511462021538112 3.6865476031056805262 3.2742170522636051544 3.338104690322444501 3.4114461186893709765 1.9765e-09 4.53749e-06
6505133.4702258715406 5368 1.4565964747728321615 0.02494314847547419306 0.14680814220713431228 6.1184503093374971172 5.3920967195785571846 0.57206869469692478436 0.55870342784067328346 0.54548138349872032915 2.65835e-09 5.00865e-06
6505133.4702258715406 6721 2.4416771775132146693 0.14280376993309695788 0.18859278363266626655 2.9633131586744667629 2.4171453271630958248 1.6296078030606984122 1.4859571412126726386 1.3436669915439896084 1.66278e-09 4.28346e-06
6505133.4702258715406 5510 1.6245575746919560522 0.28075505045112292279 0.12939797352247989215 2.1898361289831851373 1.2567818983176082259 3.7525883092623071313 3.9382740837222627306 4.1390251961003992065 3.25682e-09 5.35938e-06
6505133.4702258715406 6261 1.7311612161368723495 0.060023476289484498092 0.14261277843155856226 5.6642943552775122384 5.5267302331264378523 5.3556452164605792277 5.4028565959310155264 5.4491315914961457878 2.48402e-09 4.89668e-06
6505133.4702258715406 5274 1.951838803394418731 0.13185586510212110589 0.12745377267322127723 5.4638286210126443265 2.2805243085759063781 1.4624727175652336708 1.3319364295342386306 1.2038241701469829525 5.75566e-09 6.4796e-06
6505133.4702258715406 4188 1.3502584435504965121 0.092829127404590081052 0.096509464636497094281 1.33586661050169897 3.6840600838563251074 3.4101302873992787035 3.4359706785781596317 3.4629045566843164039 5.10361e-09 6.22505e-06
6505133.4702258715406 6695 1.8386164165493528166 0.12995759443473473005 0.18568178119111344859 1.442770688226147735 0.44774225528763883508 0.024323725276975786957 0.021343918426922955239 0.018570324734585048204 5.61749e-09 6.42733e-06
6505133.4702258715406 3901 1.3365828546223696982 0.071995246967347645284 0.02515820783421014728 5.4422487338698992687 5.5141523990419312184 3.3527370018321196454 3.3683969021376771735 3.3845860967081167203 7.004e-08 1.49039e-05
6505133.4702258715406 5001 0.94300187411066305199 0.16921147261447544441 0.13748811722907519628 5.4991768123916333622 4.2624222225720664881 4.6956646656065306189 4.865912016948231944 5.0331333032129395022 3.43442e-08 1.17526e-05
6505133.4702258715406 5971 1.259627605927814864 0.55296559340110562619 0.22979178302437305859 0.7527837107743896583 2.5525337791198503545 5.0885829406226559257 5.5833514237195194241 5.9395113786045721227 2.72325e-09 5.04909e-06
6505133.4702258715406 5748 1.9570495431146097687 0.11596504604486347623 0.03202294990622914922 5.0199543597306792719 0.94513461572913026743 1.9779733561034913425 1.8687179772259192578 1.7578613515290517633 2.75123e-09 5.06632e-06
6505133.4702258715406 5053 2.9562546439382959562 0.13276332060382470268 0.29579253422544760088 1.4339496356509806585 3.1497544424191614709 5.2073869969569193117 5.3210090063703541219 5.4299330503075262655 1.90259e-09 4.48021e-06
6505133.4702258715406 5116 2.7195665541365245943 0.20010437008369941214 0.1757732776376417505 1.2020642850007454694 3.2254780598168317773 4.0796951488084420845 4.2526456050364220829 4.431972417207646231 2.56354e-09 4.94838e-06
6505133.4702258715406 6595 3.0299581243225706118 0.059667803209182031232 0.28420450069412861449 6.0449674676975178045 4.7344882969622030799 2.4236346973494224954 2.383448878318934927 2.3424228004315730267 2.5233e-09 4.92235e-06
6505133.4702258715406 5266 1.547644949857826413 0.09259635321708784006 0.024134956896139644206 5.6652231066328591069 3.4928858148541386264 3.7130222457148467363 3.7652357196501577974 3.8193116483629028224 4.85139e-09 6.12076e-06
6505133.4702258715406 5762 1.965277071897209904 0.032715012137460551533 0.14203199352822359902 4.9524280920546921436 3.9998473492542552243 3.1856724075669697882 3.1871383583981240939 3.1886278715819336149 4.50081e-09 5.96963e-06
6505133.4702258715406 6628 3.3125062142140211385 0.024944445531260083654 0.14033963750564110162 3.4266602213753065698 4.8530504641314688996 3.9055033708117226077 3.9229178300466873708 3.9404842296118260947 2.5094e-09 4.9133e-06
6505133.4702258715406 6808 1.6560602764577889712 0.18883818640689226109 0.18312754799357625068 0.82163855478657987774 1.0959213963596905472 3.0839717729748454822 3.0718446810926161028 3.0586842769309696699 2.07842e-09 4.61418e-06
6505133.4702258715406 5481 2.0465823026941176721 0.087967516832452144482 0.13669933817649279617 2.9458899234387576627 5.9047613340474383037 0.25451075076045781564 0.23322850072597328674 0.21289746471998716171 2.0621e-09 4.60207e-06
6505133.4702258715406 4662 1.298132928742043779 0.27196897915806350632 0.04821387039999686791 6.1601702491307950282 2.9743805090329451524 3.4048968178010907693 3.488140527268640767 3.580515589933377818 5.28399e-09 6.29754e-06
6505133.4702258715406 3089 1.4320839434250185462 0.10377715951367995351 0.11354498010622748883 5.0492461594910968969 5.6670884132840484426 5.2886714999476343024 5.3734672485108827544 5.4553817431549678219 1.46985e-09 4.11094e-06
6505133.4702258715406 5878 3.1994526207685765051 0.084007207291480159861 0.014586869674482581469 5.1963976908223923346 6.0209145718365748579 5.5531977813054158588 5.6075984288439331138 5.6601327886453907112 1.44428e-09 4.08696e-06
6505133.4702258715406 3948 1.594782049967901072 0.15643375241397067255 0.020942668765181512991 1.4791139972937261682 2.2821173643964725031 2.6735601823724906012 2.5972237092821801596 2.5162100550140116262 1.17788e-08 8.22655e-06
6505133.4702258715406 3872 1.3732669015929115375 0.014517779382551708814 0.047591855427730679617 1.5104727874401417953 0.92055208712900338242 2.0258618658385687539 2.0127792860567179645 1.9996565888459045812 4.66657e-09 6.04203e-06
6505133.4702258715406 2498 1.4968612481348697596 0.21909958118477168565 0.13991682844755759518 5.0706219834193673179 6.1307903572322617336 2.59896928957166784 2.4725887386010967361 2.3367020990468834185 3.65469e-09 5.5693e-06
6505133.4702258715406 6857 2.9131379244005048967 0.56453141855409993966 0.22623138053695771021 4.99729330185294085 0.19771006668741569756 2.1345416179705165582 1.5275721672358477665 0.96356803149880598802 2.85565e-09 5.12962e-06
6505133.4702258715406 6297 2.7222275394455235364 0.22771438387116310631 0.17512164547677466775 0.80543198599478438293 4.5192460900820599079 2.6982722457916512582 2.5878927691314403958 2.4681519188143958843 3.1612e-09 5.30641e-06
6505133.4702258715406 5450 1.750303575271320744 0.26712448429610680112 0.023745138241009024205 3.0709095508682278108 1.5735489114373180097 5.2133065743268280912 5.4363849860429569461 5.6365052545999265732 1.88249e-09 4.46438e-06
6505133.4702258715406 1273 1.285859098710433468 0.15501851441047687086 0.17492295847270106224 1.5473938430485894013 0.1471614463220027591 6.2322170100207703314 6.2395885202682217496 6.2463446887147640041 3.64337e-09 5.56354e-06
6505133.4702258715406 6450 2.7489372527476847452 0.15177809363611030613 0.18498416985708704408 1.917869245455583016 1.5016005303753974243 0.78830739142680872344 0.68566419123113730993 0.58956023989936623408 1.74846e-09 4.35581e-06
6505133.4702258715406 6407 1.9359447025590759139 0.23346628262713350899 0.14983204117249873666 4.60152148871628075 4.1421498481673637571 4.4025669686902970668 4.6354165604159867087 4.8681915693663508904 5.15346e-09 6.24525e-06
6505133.4702258715406 5576 1.8266554326338386716 0.23065527231113058804 0.17969781822304570218 5.7113611310379912567 3.2271352073370160873 2.1698339518945344295 1.963842475961962597 1.7507754385760994076 3.16141e-09 5.30653e-06
6505133.4702258715406 246 1.5869190487833424452 0.093737095567605135948 0.076478578511736838852 4.0379219789468798751 1.6101714587153466152 3.4603384791443030366 3.491150289597464873 3.5232535790513783702 9.52298e-09 7.66375e-06
6505133.4702258715406 5992 1.7542900022502210255 0.29390092284575158876 0.19048890911622440303 1.1895340527029072408 2.9182510277147089006 1.5592936590178396727 1.2615147512618913872 0.98155869665875372654 5.52752e-09 6.39283e-06
6505133.4702258715406 6196 3.1323015347051139656 0.28369825085052113867 0.059039787579045467647 1.2891425018341169384 3.8485578787239504983 3.5082335298450102457 3.6281561279479728199 3.7608108641855109155 1.25424e-09 3.89922e-06
6505133.4702258715406 6421 1.5446471543451287811 0.024003842122543441601 0.076020389944204555532 4.2653915265018067515 0.54586370318256582923 3.7816520689091843721 3.7961293957985740022 3.8107427378675451379 5.82615e-08 1.40166e-05
6505133.4702258715406 250 0.96797438525728773939 0.13097531972685966251 0.10217233750796129998 3.1323468319504259583 1.6671506953397408068 2.8657765032807649419 2.8275378219383862088 2.7870772312973906004 1.76053e-08 9.40585e-06
6505133.4702258715406 6359 1.6594573533255438935 0.27982599193133972371 0.18570946281826813951 4.8805330318479871465 3.3932282673404006168 2.5536176660328728794 2.3743729034309168924 2.1801354464844404646 2.41024e-09 4.84771e-06
6505133.4702258715406 5711 2.3040275249784696321 0.41117013331589102876 0.47858923876973352707 0.42841145172338596092 0.55081355168297319036 0.90422378553851834315 0.60798861568151807422 0.37312096800592348123 1.73005e-09 4.34047e-06
6505133.4702258715406 5322 1.5853747627224850092 0.21951613540049022544 0.15582223711027703983 6.2533087744606810077 5.2211352427133768117 3.3172027957926717434 3.3607902186513869403 3.4085232249208643474 5.00791e-09 6.18589e-06
6505133.4702258715406 2093 1.3087643909635053863 0.044829393752331740675 0.085426624005651000116 2.4510098616279245576 4.2800569656946354513 3.0440124801137780075 3.039543014439614943 3.0349761273170638987 1.29944e-08 8.50032e-06
6505133.4702258715406 5351 3.0132983177068384251 0.061627403887077221445 0.11500853383221475157 0.8609773136064525767 5.720155757606381286 4.5384122152740857814 4.5994741709621944636 4.6607091249598191496 2.44807e-09 4.87295e-06
6505133.4702258715406 6058 1.6435380295418451357 0.18560674957190051448 0.10189596623111259188 5.160709781742612634 4.4752599760107747429 0.099021487923039025469 0.082089439350684606511 0.066870191716209295696 2.04985e-09 4.59294e-06
6505133.4702258715406 6337 1.7921939773290385123 0.13898732147876027843 0.1186814470143633532 5.5342227319432080179 5.6801001959037371591 0.71687714854857675917 0.62975688220775538628 0.54790053624219425821 2.57504e-09 4.95577e-06
6505133.4702258715406 3776 1.445330985769177623 0.069925508695207222454 0.1358600860194774107 0.17715853344100773725 5.7520651631378552082 2.7299147576169708884 2.700973437806811539 2.6711502349283096081 2.26546e-09 4.74864e-06
6505133.4702258715406 6660 1.9848423002566146778 0.064091563032623879992 0.11138925863381515802 1.0467141821294390081 0.82883949295217584918 4.8372752113857906409 4.900658479529864664 4.9636175180497073001 1.90857e-09 4.4849e-06
6505133.4702258715406 6496 1.3109721089101840086 0.073053230393194570902 0.11968256024233711599 1.7176470182492420413 3.4429014942443991742 0.67728860178010563686 0.63272396703682309838 0.58952440606905986975 2.30992e-09 4.7795e-06
6505133.4702258715406 261 1.2594032940430364143 0.14349010305122145148 0.13513525714256485744 2.5301775346070685124 2.8991454207806151011 0.68269225558557888878 0.59657094910135832766 0.515956911845814159 2.34124e-09 4.801e-06
6505133.4702258715406 5313 1.7031648052190080378 0.05839164140238620182 0.13290009137869815414 3.8022411152602124673 0.13307910419393204071 0.33418811698854350434 0.31553463972819673078 0.29741426759818223591 1.41091e-08 8.73674e-06
6505133.4702258715406 5927 3.4935750236974296712 0.097289216124157626431 0.15028461084220243182 2.686606485180734083 2.1574991906885263582 6.2604196792136450611 6.2625364167297270512 6.2645451883394320802 2.21586e-09 4.71373e-06
6505133.4702258715406 6245 1.9088865870916498224 0.090322900864965097179 0.084885330113180765266 4.3026581202560283401 0.17126212239662466641 0.007682880713474117898 0.0070176306692897316708 0.0063837831126003436247 2.49438e-09 4.90348e-06
6505133.4702258715406 5868 1.4342157462071944973 0.054078102399142451151 0.053602975994933299564 4.4413330307695257915 0.79443284109539002991 3.6746189485580234013 3.7027727400324885743 3.7315523307625015903 9.40389e-09 7.63167e-06
6505133.4702258715406 266 1.3477365711729927256 0.17136190672829551551 0.16005717785803155739 4.8508203741120219377 5.2505560897593657188 0.33682153970096490037 0.2840766593259725914 0.23604884576412318853 4.96117e-09 6.16659e-06
6505133.4702258715406 6123 1.4020300729518664351 0.052768140918365576131 0.083918875624000299762 2.496953828261205377 2.2769602562883570762 2.7804786838205286514 2.7613499246501040929 2.7417652469610880317 1.87233e-08 9.60087e-06
6505133.4702258715406 5407 1.4507555802898812747 0.021105692800395425834 0.14794213757634094852 3.4583474012988855151 2.5996044360190144751 1.4989436494749610596 1.4779067864122938936 1.4568920830426095314 5.11323e-09 6.22896e-06
6505133.4702258715406 6026 1.552010740626130092 0.077788025117940376441 0.016131395217165427763 4.5318118717241597793 6.0692346038708793188 3.7295312341016693125 3.7741816295825478811 3.8201726127747264172 4.61539e-09 6.01986e-06
6505133.4702258715406 5968 1.5396934756048954451 0.10965977395324902344 0.10062878653569261311 1.2579607511505399575 3.4106714258822536934 1.771171684652654843 1.6622956795471492963 1.5530946284460762641 1.90606e-09 4.48293e-06
6505133.4702258715406 6005 3.0185133136506787643 0.26355362158578699017 0.37827811133562044832 2.2728414504493832382 0.7188453260875651285 4.754187664488084053 5.0191936443954139335 5.2704402267337231436 3.36675e-09 5.41902e-06
6505133.4702258715406 5476 1.725321588123728267 0.075553758123894337873 0.054620894982894720171 2.2910244132703385667 2.5280797433768684712 4.9376443211927769639 5.0107442527224224094 5.0829601400287822699 4.35596e-09 5.90488e-06
6505133.4702258715406 6968 1.8305759081843921976 0.15463457435258012862 0.17527752728333242938 5.2759107147041506281 0.2589290849845807263 3.1816360054179626538 3.188388707620946505 3.1956223547174937849 2.30371e-09 4.77521e-06
6505133.4702258715406 6710 1.9379363791836150543 0.12115277245167747899 0.15596558399653512317 1.1709335395722131334 4.6873467616776132161 1.9782804665092326157 1.8640044160835769205 1.7480222518390733377 2.35382e-09 4.80959e-06
6505133.4702258715406 6685 2.1510446400418845592 0.10631737289999479423 0.14363902783208401526 1.6029405430180854175 0.15879706184465233743 1.5684006980011260257 1.4618958895298479472 1.3562083189310458753 5.95104e-09 6.55211e-06
6505133.4702258715406 6827 3.1210558436537012561 0.086054753691626142964 0.19962886736408988475 0.72846773779393814152 3.0729210711085643837 3.7261846820892201571 3.7755271891560635567 3.8264990894507464603 3.04652e-09 5.24145e-06
6505133.4702258715406 6370 1.5174139370307067054 0.077115767378495264639 0.13802811951229670973 1.3891571053397242519 2.684978904749138362 0.22640250986991194981 0.2096953587147303566 0.1936427908505894413 3.33821e-09 5.40366e-06
6505133.4702258715406 6524 3.2643991797626861207 0.23834128354290048946 0.33956664913187872834 5.3510124508508116747 3.3417273046657953728 2.6241984488066520953 2.4907401560086772641 2.3463375511367878801 3.2456e-09 5.35322e-06
6505133.4702258715406 5410 1.9825203550076146986 0.065576177589677139834 0.048680340356218335107 1.0956764125133822141 0.43141481882981830287 4.8767329836279555977 4.9411270972040624017 5.0049952318163395404 2.70077e-09 5.03515e-06
6505133.4702258715406 6312 1.2945418506539947412 0.087504137692370295709 0.09630707941607831446 4.34061513998193238 0.24392121457358695302 2.0466656119371875455 1.9671789685831526651 1.8864595840519915448 4.34831e-09 5.90143e-06
6505133.4702258715406 5112 1.3475900310209636412 0.38802587915465847068 0.17245943538513527904 3.2507582012753708511 2.2491694903039354259 2.1656435364493051843 1.7928646112168322713 1.4143670950167495093 2.87656e-09 5.14211e-06
6505133.4702258715406 6686 3.3654466169515737661 0.2373685813220550167 0.46385708713854556517 3.9333421235841621311 5.5991484259992363448 2.8025579969670171288 2.7122726529882754676 2.6134673614967649513 2.71129e-09 5.04168e-06
6505133.4702258715406 6056 1.8323156803407669724 0.18102721926690082399 0.073857611179503207532 1.9794936053538347842 4.7182907003733394191 3.1073651371204444871 3.1004917030423801982 3.0930534069059381075 3.00235e-09 5.216e-06
6505133.4702258715406 6170 1.8850244238088302851 0.071248709239564000928 0.032687126784258460632 1.9054060866819326758 5.2660172358971628626 2.9775596193413567114 2.9654852481512352647 2.9530025795883005912 6.44558e-10 3.12323e-06
6505133.4702258715406 6886 2.7755950770355610757 0.25901638569466839401 0.32710515006274498706 3.9080333976617542824 0.0096316060821154837052 3.4242508539963543157 3.5083438514070914849 3.6012231337521849461 2.88448e-09 5.14682e-06
6505133.4702258715406 6185 1.786705425418681159 0.054395917980182499629 0.072049524339972817466 2.9378510074145793851 0.78186410729093169802 1.1948136305106933364 1.1446914628245052903 1.0951594853885693315 4.56223e-09 5.99666e-06
6505133.4702258715406 6817 2.6430527430390711174 0.32880242357718558743 0.3906548363339525376 4.4424676368604583132 1.874107430418171516 3.1770294939277894386 3.1914484305884078807 3.2078343407935885345 2.14676e-09 4.66421e-06
6505133.4702258715406 6149 1.9802328780835782851 0.21152351139413097525 0.10579627289691748149 4.5719185945252682757 3.2367177310330084161 3.5980930776038628771 3.7023243259402676131 3.8148137918454994022 2.75102e-09 5.06619e-06
6505133.4702258715406 5846 2.7852618239638857744 0.20514654578136901075 0.15354970634115935879 0.88475843098321305114 4.5393093284664667308 2.6927749209831972621 2.5936164818486551198 2.4867431739679037861 2.37403e-09 4.82332e-06
6505133.4702258715406 6333 1.6702372701860053184 0.14526220013945717602 0.12572666716061911552 3.5440344379994250801 4.9073915624482067344 0.4979979213444674091 0.4324695102813018166 0.37158805522733162618 1.94245e-09 4.51128e-06
6505133.4702258715406 5488 1.5679712809062411605 0.15350948326416546941 0.010176542291997247788 2.4310973758829521607 1.7724966096809098293 3.132761350653544774 3.1312834932383628583 3.1297009673917628447 3.37985e-09 5.42604e-06
6505133.4702258715406 6244 3.2285285523643247885 0.041399625605281070717 0.34977053582356604222 1.9014924019677235112 0.51978273107971972866 4.89042908805394827 4.931037236881622654 4.9714512014932878969 3.08558e-09 5.26376e-06
6505133.4702258715406 6192 3.200794626614731353 0.21758459493622622771 0.31785625544517059904 2.0806355601091164331 4.9233667443119335516 0.073088288959411579215 0.058598434207899452453 0.045855613225950608847 2.79503e-09 5.09306e-06
6505133.4702258715406 5172 1.6285156338780488738 0.080197818243194496368 0.11482980368863555942 1.6518175265949281982 6.0664124931339813429 5.245006835354324437 5.3127980718480252165 5.3789696570166780631 2.19922e-09 4.7019e-06
6505133.4702258715406 5144 2.2602521163945135108 0.53424578991464810596 0.28957219876024509198 5.8895431552472228276 4.8415441372896186323 3.3607772107762654556 3.5358196845924099172 3.7410206215646191197 2.44844e-09 4.87319e-06
6505133.4702258715406 6164 2.8265636333967734117 0.23140662776757545127 0.26776961096603990597 1.5040114631972874015 3.9461944114660068017 1.3486765357903545137 1.1265314386874158981 0.9175881797747790225 2.69882e-09 5.03394e-06
6505133.4702258715406 5361 1.841523920195433428 0.12457575351711189238 0.15156679209911358419 4.6846934382023350807 5.9525038658082811693 1.2060729543464145941 1.0919096806515580234 0.98134764093990101141 3.09083e-09 5.26674e-06
6505133.4702258715406 5650 1.874808596522785864 0.13451564771811402865 0.10171106364427338897 4.0553714336423407616 5.5967897866158882181 5.5405779830824899435 5.6275666493642741983 5.7095740806387977884 9.54988e-09 7.67095e-06
6505133.4702258715406 5562 1.6751740393847835975 0.37070314013078886628 0.11435001599253022397 5.5856744663830619757 6.1715991225280752985 1.1988838897136058215 0.86722022183691416242 0.58454665465691935111 2.04245e-09 4.58741e-06
6505133.4702258715406 6631 1.4779106850543688445 0.054520884156719247315 0.094881389528311765869 1.200469898000461777 3.7189988942298564112 2.7097334040696603452 2.6863170330553383103 2.6623436618272857679 2.32153e-09 4.7875e-06
6505133.4702258715406 3400 1.5073640668070562576 0.20036010395263897932 0.16442396051698721093 1.2255355549481918853 4.0946058533152580594 6.2171779391149053495 6.2293042008855099567 6.240094602106717403 2.20416e-09 4.70541e-06
6505133.4702258715406 5798 1.8146001486078102705 0.091103560510865669309 0.10636006768259187449 3.9735979499819040761 4.2108720803992731874 5.3175342009308588231 5.3906826919591930292 5.4616199772399953716 2.01067e-09 4.56349e-06
6505133.4702258715406 5551 1.6474416673901024488 0.14528670542725860559 0.11818381017941835542 6.2643171957241854386 2.9993280346739035203 4.6847018684880250561 4.8307431459167666787 4.9750134716954113046 9.09521e-09 7.54723e-06
6505133.4702258715406 304 0.68788548973633845129 0.091498595147358779966 0.14596840390026660783 2.281463696860071444 3.152152687119436969 4.9794555789311170102 5.0667832005833215447 5.152595787551253359 2.35212e-08 1.03594e-05
6505133.4702258715406 6787 1.6354859459512953723 0.070095309697684266004 0.1654868897103484171 2.2394191855865970275 5.101904021905320441 5.0817750613673045024 5.1463815899823988076 5.2099786513895933737 5.13164e-09 6.23642e-06
6505133.4702258715406 6227 1.4918694921533193209 0.13239871541191519655 0.13257428992172723414 5.5287454397842630271 1.4287562472672121761 4.4252618432898502832 4.5550668928691253612 4.6858305348905062715 4.04266e-09 5.75978e-06
6505133.4702258715406 6979 3.1052791937755999108 0.22299688530954939192 0.4013793201831905022 5.8481848057141521124 0.72428221310660889642 1.2121877628209301037 1.0094726753916112294 0.82069438034400044035 2.0418e-09 4.58692e-06
6505133.4702258715406 4406 1.4912370694981638142 0.18351356021366413418 0.034970116911227880352 6.0664451998929562748 4.6738653370486078487 4.37346023149551133 4.5530730328302748688 4.73426258363034691 2.6382e-09 4.99596e-06
6505133.4702258715406 5453 1.6002809756411695563 0.079946949320367333147 0.11620889878048611121 4.0228963000814559337 4.6853175095842418685 6.1058158202611423349 6.1194084521085549966 6.1324434564898062661 3.03837e-09 5.23677e-06
6505133.4702258715406 6077 1.9284606315873917826 0.22800022647666093323 0.15310431024887161122 0.22035473553815559944 5.8415944700642228327 3.2987159576550162399 3.3395196186559554796 3.3843529432185288641 3.10523e-09 5.27491e-06
6505133.4702258715406 6550 1.7525984500401752264 0.15075486450913910819 0.095255516023018224625 1.2513697408299440106 2.8859833255261619911 4.0445412252581931511 4.1692900988770151827 4.2983530447901685534 2.018e-09 4.56903e-06
6505133.4702258715406 6911 1.7614886940157159501 0.17499233478650633167 0.034226846676992640772 5.2593723989694236565 6.092697207262525616 2.8186438539691787142 2.7575877284213996532 2.6920291745869020517 1.55328e-09 4.18729e-06
6505133.4702258715406 5577 1.5607482384820268173 0.1591691976771291428 0.14697577320162882875 5.406060638757614889 5.2216351758531498461 3.4182882563343084392 3.4656930731668356138 3.5163814860391124917 6.01747e-09 6.5764e-06
6505133.4702258715406 5336 1.3967460418897688079 0.17269353669694928466 0.0274170269794717196 5.5734312933000236256 5.2692833872701747566 2.0666567247354032943 1.9073419606008543692 1.7443363543014889228 5.43163e-09 6.35565e-06
6505133.4702258715406 6611 1.4505305652548516893 0.025123629321924422636 0.10672481791102143844 5.960382551380003946 5.8955180871629160322 4.0972239458430355086 4.1178942443885659941 4.138707452775672202 7.5829e-09 7.10333e-06
6505133.4702258715406 6453 2.6910943726056681946 0.09038508530361639981 0.28650104043511892549 4.1394771487637864738 3.2923444709669289487 5.9749281579840820555 6.0012688773048026292 6.0264137310334593423 7.56111e-09 7.09652e-06
6505133.4702258715406 3054 1.4362984458207934679 0.54615903798758880239 0.13224897320961839786 5.6368402306725329254 3.0445228513603956877 3.6604853953413529766 4.0526915589405616558 4.4842542576067785376 6.91593e-09 6.88864e-06
6505133.4702258715406 6797 1.5255078153536523189 0.049274036332861197163 0.04612751355263809 1.9050454050277330076 0.74451029019471737236 3.0501249748390066863 3.0455082111525197952 3.0407810244250010889 7.02759e-09 6.92552e-06
6505133.4702258715406 3103 1.5426549995003424609 0.16129771798478292899 0.1002648645065196964 5.7380658263871886504 5.7142333916845515773 4.9765854974871874816 5.1297590528822167855 5.277210678259255161 1.33937e-08 8.58652e-06
6505133.4702258715406 5607 2.0343798108516217837 0.23944392737748107503 0.14566817990120753401 3.8896746821033301167 1.0696688577233248729 4.8134865012374703497 5.0511704283944585114 5.2770044435974821084 1.18158e-08 8.23514e-06
6505133.4702258715406 5029 1.8198470015365788566 0.18407507600483818955 0.052073273441552180019 4.6755835077118348408 4.5185429745890406394 1.1970419530085560922 1.0302520859750743387 0.87242082538808818359 1.87308e-09 4.45693e-06
6505133.4702258715406 3807 1.5529303756148542526 0.12427202373921306111 0.14111305582468408604 3.0932703811511350622 0.55133769939710841612 2.3830421147096503276 2.2932173003307112502 2.1999875365130932003 2.20274e-09 4.7044e-06
6505133.4702258715406 6604 1.6828603268403798943 0.11667090108224476008 0.03188500223953492918 0.86295632348615203266 6.1439166865303453946 1.7643295524040261135 1.6482668698090510162 1.5319459046576877626 7.5209e-09 7.08391e-06
6505133.4702258715406 6705 1.3420149429976713229 0.16347180278779416263 0.10176633669391055292 6.1178655167336835063 6.083483080997518222 3.5278210295718168688 3.5949080362696261837 3.6665002613472581494 8.48184e-09 7.37361e-06
6505133.4702258715406 6068 1.7613809521933863067 0.056878511192494228543 0.11388055615673457754 3.1310665328391227291 3.7337401429097112349 4.8037032782731312608 4.8602289032015502102 4.9164869590688606849 2.08722e-09 4.62068e-06
6505133.4702258715406 5877 1.5272783768453670472 0.076409877443659179885 0.11716528047874942564 6.1075389772126049692 4.6939303092810815698 2.9586609090286963841 2.944196659206139266 2.9292114167976088801 2.13222e-09 4.65366e-06
6505133.4702258715406 5479 1.4454849370322915281 0.09972722786935377115 0.16360497944119767322 0.37288450948625684322 1.3879294550377634376 1.2618009990772363071 1.1680543489633194998 1.0763063208884271482 2.12255e-09 4.64661e-06
6505133.4702258715406 5257 3.1518830103314940949 0.10160301507644400876 0.24273897983436826253 1.4521550598806709509 3.4757617044564637077 1.064678570786445011 0.97778430749867817351 0.89352887516083712161 2.20895e-09 4.70882e-06
6505133.4702258715406 6565 1.8126609406027702764 0.089580624454833474024 0.096927906817158432373 4.6624414581215436471 5.9496561875297526711 5.8781099032662931236 5.9120790883560312423 5.9445651944236823638 9.85083e-09 7.7507e-06
6505133.4702258715406 3239 1.3159296362355834553 0.16214056459949122146 0.071843049936129665944 1.0357746331491231029 3.7631455875213228879 2.2110932567695402717 2.0737114142488919377 1.9316468888015396743 6.46074e-09 6.73407e-06
6505133.4702258715406 5595 1.5126852473633192186 0.20721737341990392745 0.010992523860807065089 4.7929598870728566951 2.372622150169126698 4.1125791245527310025 4.295854145738653429 4.4853536904395365781 2.78921e-09 5.08953e-06
6505133.4702258715406 5226 1.2210356832678370687 0.13730279047026497374 0.1299833113814629626 0.2658348788775444782 5.2341979835236607244 5.4472901474309827208 5.5450369816592539607 5.6374306865959340485 3.2729e-09 5.36819e-06
6505133.4702258715406 6709 1.4522991792621000595 0.10470992205545924525 0.11140327696590689166 0.04936615512441867859 5.6106663671556029627 5.1728964640492804961 5.2647478751243008688 5.3538862995587095384 2.29225e-09 4.76728e-06
6505133.4702258715406 6064 2.9424542977713135095 0.022921073341541003954 0.23835903447004516686 5.3563347290031639858 2.3743981037249666244 2.5254215423394281714 2.512048481711565362 2.4985530952364172208 2.5296e-09 4.92645e-06
6505133.4702258715406 5604 1.7739949856779415605 0.10445654225530649761 0.084863672383579322189 1.82666580500957898 0.279254909421586206 2.9835778363259155554 2.9661971770950832372 2.9479697653279575142 2.82443e-09 5.11086e-06
6505133.4702258715406 6396 3.0494412423476910945 0.65329074200108916415 0.39735793647657075001 2.7048684452372397935 0.77653676440064700603 3.3108301090875937867 3.5078888727110992818 3.7418713694614353926 2.16739e-09 4.6791e-06
6505133.4702258715406 1253 1.4280595382062768461 0.035023315750190964213 0.12949188566292318958 0.27822435127240413566 2.2385503709494383173 2.1754601671195583634 2.146350031916666623 2.1169692858035982219 5.22993e-09 6.27599e-06
6505133.4702258715406 4263 1.4252855057905411407 0.050523602553536439697 0.10105735246113399517 5.6118385059056228314 3.7385166217405623179 3.4061907278945455779 3.4197426108554886959 3.433615239320263246 2.54907e-09 4.93906e-06
6505133.4702258715406 5437 2.0691239872446796078 0.078895950416441096298 0.14793606753312021906 5.9936138203765274568 3.3002422936994020297 4.2071514723757115206 4.277616807121125575 4.3491727538419127086 4.54448e-09 5.98887e-06
6505133.4702258715406 6822 3.0853762361471970266 0.12149626797707359371 0.26376120139011061116 1.7478783220642954976 2.51974070664227634 2.8588736284988134351 2.8227421593914621134 2.784656092317052245 2.03075e-09 4.57863e-06
6505133.4702258715406 1517 1.3597753400183081318 0.17727636399055976546 0.16221647694803781325 4.1331635961108936783 5.4004222161326431717 1.3148750485961135936 1.1462276165443940901 0.98469047252625985234 2.17631e-09 4.68551e-06
6505133.4702258715406 5753 1.8430322526508220449 0.19938348393219398891 0.17627798031134572776 6.0371978881907608638 0.34964030494137249283 6.1083435979962397155 6.1402149632020934789 6.1686238750342301529 1.44813e-09 4.09059e-06
6505133.4702258715406 5766 1.0985872945899621822 0.20011866456890853305 0.095449485471732112285 2.8063435253379176437 4.9083470418336947461 4.0963261502985046647 4.2711123471221297265 4.4520610759947096824 4.18628e-09 5.82719e-06
6505133.4702258715406 2957 1.4667672578085941826 0.19219212164404067544 0.067537567646493434914 2.0945238422758247765 3.349098092217574596 4.9815572937746352977 5.1633670123473365265 5.3363440081324045039 2.55608e-09 4.94358e-06
6505133.4702258715406 5180 0.82751653648923839679 0.15484586002806782767 0.17815975254544857975 4.5838111478787713082 2.6707960463303193066 4.0529729402791740966 4.182088382460183773 4.3156669485677348064 2.74689e-09 5.06365e-06
6505133.4702258715406 6991 1.5299577670318975642 0.20073820121948648953 0.059025452544069316463 4.9865285834487309558 2.7253176942055459264 1.1552940471150012769 0.97751313236911852034 0.81107917018501352047 2.18061e-09 4.6886e-06
6505133.4702258715406 6154 3.1691250564960808944 0.052697937731982148757 0.19066186470946269726 4.451967763799860478 5.9676834863844607781 0.3823289874592235571 0.3631250509610803312 0.34440688926018853122 2.04677e-09 4.59064e-06
6505133.4702258715406 6209 1.6168133045226187328 0.19282655494795372664 0.097930222285355458811 3.4932409922376330691 2.9739008654517551378 1.742023374750214515 1.5475971063742521849 1.3548224390940759587 2.89646e-09 5.15394e-06
6505133.4702258715406 6392 2.9729134620975292691 0.27684713279612305215 0.083560910377727976028 2.7790098705680388314 2.4126992064000205573 5.9672351458110091116 6.0445523986623834745 6.1099920003793810608 2.75286e-09 5.06732e-06
6505133.4702258715406 5764 1.0774145238842915973 0.35604294492965349317 0.068711615767965431023 2.9827590667918228995 3.0879762506027894631 4.0591407429983812349 4.3853505652535877957 4.7225224772247109684 4.71198e-09 6.06156e-06
6505133.4702258715406 6735 2.0621780995590639485 0.10213830142353337582 0.11062028569767312636 1.7738839622087034797 4.2824721560707050827 4.3472785186319473638 4.4446388208511935503 4.5431377874996590194 2.32036e-09 4.78669e-06
6505133.4702258715406 5485 1.4546260419465986136 0.21021723048185578242 0.1163684666511667215 3.4019527074382849285 3.8158958745867570528 0.23173482650558707707 0.18749435588844909351 0.14831033678529018105 1.60307e-09 4.23156e-06
6505133.4702258715406 6816 3.0864637982080784795 0.12257314802202885773 0.16243135937523525691 2.3479246469366596983 2.3220194111028966688 2.4045976328168561231 2.3180161912868268992 2.2280988481376531318 1.76213e-09 4.36713e-06
6505133.4702258715406 6572 3.006328823114962745 0.23680649798465777667 0.22111729004486579964 0.59856774222310205058 4.6298275997597881926 4.6265283589374019968 4.8671888575180100034 5.1011637195378876086 1.66053e-09 4.28153e-06
6505133.4702258715406 6740 1.8785947042841846244 0.17156599969921965121 0.069817632166873741517 4.2227814223484170242 1.6790374146813640266 3.1212958465759372828 3.1174560604596441848 3.1133154437939776216 4.59326e-09 6.01022e-06
6505133.4702258715406 6480 1.3949790376247448442 0.045891799694319272696 0.036290662031405046539 6.2523700465952680716 2.9769074727639686095 1.2751162099422368446 1.2314915874412297736 1.1882162491341967669 5.51174e-09 6.38675e-06
6505133.4702258715406 4254 0.68378556746875929218 0.024010771801684923504 0.16366012127689189004 2.5188129488744550599 5.6375801454262006729 5.8984583258418181728 5.9073717530554574751 5.9161844128501304141 2.35858e-09 4.81283e-06
6505133.4702258715406 5478 1.9718972619274357516 0.13749769555303376078 0.11011146567097500337 4.1882498341290892441 2.1742889792479789257 3.157471310924654162 3.1598276632635995398 3.1623347961232894932 2.28234e-09 4.7604e-06
6505133.4702258715406 3607 1.5837263553812956918 0.028356351129153349599 0.099034334943394766726 4.3252376165290700172 0.70838556717703760057 1.6327705984570166642 1.604440004755300242 1.5760997003477907885 4.86878e-09 6.12807e-06
6505133.4702258715406 6815 1.5616295113615585866 0.098464194942084012907 0.17183833391531488921 4.7685656041116768478 4.6058744595697875823 1.6793356146231150916 1.5807649233215144147 1.4823056206760381048 3.57143e-09 5.52668e-06
6505133.4702258715406 5265 1.06775593950463632 0.11774640071176871448 0.091710029588079333696 0.50300445379508329502 4.8804499845934214974 5.0046081725012303565 5.1157484693415806731 5.2240454331794587972 4.6213e-09 6.02243e-06
6505133.4702258715406 6667 1.4238838101941366787 0.29241224716986907728 0.066797287536110958039 4.413035551646542487 1.0250106705992396705 3.2525407320546992906 3.2914101693248589697 3.3350549472754682512 1.85586e-09 4.44323e-06
6505133.4702258715406 6040 1.998167041153452006 0.10073867221446419773 0.12882832772495528273 1.8841088326424839661 0.86545964640094275033 4.0553129680693889014 4.137777632074512546 4.2223380363261142634 4.48499e-09 5.96262e-06
6505133.4702258715406 5950 1.6546821158684803521 0.053902608659564650584 0.07915004552229218393 5.845520803630330775 4.5872056618767942382 3.5269796200550764809 3.5477763420820438434 3.5690736085494272345 6.81029e-09 6.85339e-06
6505133.4702258715406 5158 1.6339092219693023278 0.096759634406749353563 0.16650908259342619977 3.6455753862411524047 0.58808542231243077225 4.7948869143255921088 4.8910852674623992442 4.9863041265877461328 5.85576e-09 6.51695e-06
6505133.4702258715406 5252 3.1664654349148806389 0.085738970290873683933 0.22605190265132132921 6.1222408469503690753 3.3168579830085831439 5.5097819597334671826 5.5679819978496869481 5.6242071213326667589 2.42859e-09 4.85999e-06
6505133.4702258715406 6104 3.3070308420111520498 0.077975500127787200633 0.15470993283013390052 1.8099662833185647948 1.855342956035156865 1.748406240736811057 1.6710450150635924871 1.59346100597486795 1.75259e-09 4.35923e-06
6505133.4702258715406 6866 2.8281482420191661475 0.33328972545755497503 0.26560543628470673072 1.9478913754140381176 6.048703600011867465 1.9731485906247039352 1.63789075469869716 1.3053509267510272629 2.29084e-09 4.7663e-06
6505133.4702258715406 5506 3.0667637569562979927 0.69076752728025714312 0.37774691538033511318 6.2164418598159763008 0.94547852640632168431 2.6665195245331054785 2.1113247777868746624 1.5190352341028332539 2.1242e-09 4.64781e-06
6505133.4702258715406 6952 3.1993715111643643567 0.15976364891034247617 0.092734195498088534126 5.3492393321472704315 5.4305995939645388404 3.4910999965802216316 3.5506438036288052729 3.6141880277765965346 2.57429e-09 4.95529e-06
6505133.4702258715406 6649 1.7754793645787996237 0.15338582033818423667 0.18493272258286821974 1.4691923543375340344 1.5298970280261046106 2.8529442635075663581 2.8055231437817775841 2.7549397155478754229 1.58536e-09 4.21592e-06
6505133.4702258715406 6236 3.2207664202795802666 0.16009491136019923796 0.56886794498979897927 4.9043196116407248297 1.794178323538332176 3.6747405774922903277 3.7626857895112504337 3.8558489396338480049 2.68304e-09 5.02411e-06
6505133.4702258715406 6963 1.8052991311317312384 0.067098723729708653618 0.032938242922396047951 2.9271487320602531668 4.1923260606238716974 4.4457339485164348858 4.5110896278542202964 4.5768334679244659924 7.18093e-09 6.97553e-06
6505133.4702258715406 6573 1.7007725565267246548 0.19009011162752195712 0.15457615969536950273 2.9007791658681574276 0.72690343251942590719 3.9302061934045413594 4.0759015511227190132 4.2287698322143700835 2.46875e-09 4.88663e-06
6505133.4702258715406 5342 1.9928186925440507515 0.19727515555930683067 0.10732984923844078595 6.1268007647257807236 3.5826925484725498094 2.2367362294859467475 2.0701844566803897507 1.8970013827695009212 2.15151e-09 4.66765e-06
6505133.4702258715406 5302 2.5128656481368043529 0.40073797421995827062 0.26533045663141169301 4.5244392051658124387 1.2246140405566869891 0.60841360657008147772 0.4050670685852952313 0.24714408645491972583 2.1776e-09 4.68644e-06
6505133.4702258715406 377 1.4532243043302317531 0.09205585284595171891 0.0049871634529333663463 0.07405292965077109324 3.5581101606219678324 1.1032248965505759841 1.0225958575805460526 0.94402952577146592716 1.8845e-09 4.46597e-06
6505133.4702258715406 6774 2.9727775147626753771 0.45154199802359151761 0.39416585428307249206 5.1105016968128058608 6.065896088162595845 4.4993376262966293666 4.9810512778763200714 5.4163950381281962265 2.82574e-09 5.11165e-06
6505133.4702258715406 6119 3.0982707587840252472 0.11832671075896494806 0.25872867510948971415 0.52082102796597296024 3.6335478487463430675 1.7737916357445764337 1.656212622027221304 1.5383173013869870793 2.96829e-09 5.19619e-06
6505133.4702258715406 6350 1.6947255783481962599 0.30093255523957279651 0.029252716620122912877 2.4793746828227329893 3.8495948309768555085 3.6305899778674426415 3.7976905262727980173 3.981268275026358161 2.60101e-09 4.97238e-06
6505133.4702258715406 5289 1.9545710262519380152 0.059597989019863108207 0.024409017439748891681 2.641124244671796184 5.1480398924384322967 3.099552926778170292 3.0969689546397707325 3.0943103544585390807 2.13423e-09 4.65511e-06
6505133.4702258715406 6619 1.8584659424418763507 0.11829506189216727752 0.12033414341275348869 2.5480081644479222192 1.3200917412197183953 1.7985799553397758821 1.6814973363749858848 1.5639263706108976759 6.69672e-09 6.81508e-06
6505133.4702258715406 6097 1.4133197185754999836 0.064271586504952543661 0.13353401536205214417 1.5380485508002343931 1.7645532545378008749 5.1281299226025485183 5.1862163184337450872 5.2434070022831553715 2.41443e-09 4.85052e-06
6505133.4702258715406 4296 1.4347799687768376664 0.14268624591238623922 0.16700865977113324434 2.4417124171318258519 0.35722927575521629118 3.4669550705099578813 3.5161317924215684805 3.5683326501978473999 2.40121e-09 4.84165e-06
6505133.4702258715406 3716 1.2117923183099512663 0.076464169518390912028 0.16957455502060767016 0.51277759077606044347 4.1701928621168082856 0.54904677113191158178 0.51035235413198087873 0.47300077479970303873 1.94606e-09 4.51407e-06
6505133.4702258715406 6823 1.9098629677856375775 0.093742902935388214281 0.032317021973991701123 5.7182631924582647542 3.4609273856759537047 4.6728175786024639393 4.7667993361270113439 4.8604035109787586677 1.69817e-09 4.31364e-06
6505133.4702258715406 6677 2.2942875953062991101 0.18028011694505022278 0.27481080533871232729 5.0215574136334737432 0.36610749243146278875 3.0283837867146687906 3.0058124399655707926 2.9814091131448456906 2.33048e-09 4.79364e-06
6505133.4702258715406 1988 1.2482410352987414193 0.07836237024832737319 0.20782751894809806115 4.5590473567100637808 0.77832524426309457333 3.1668280564369402086 3.1688892554993186579 3.1710280163015429622 2.81385e-09 5.10447e-06
6505133.4702258715406 6791 3.1087247349194897517 0.25183352867684616339 0.16428673259639345328 1.660022429329580218 1.7358061645985558563 2.6790874230362478059 2.5502870267161479312 2.4099035727830018239 2.20531e-09 4.70623e-06
6505133.4702258715406 6266 2.957244851231200844 0.10509889127390231733 0.18236011181975042561 0.8143770039189893728 2.1221130779220835905 0.53261049481634026304 0.48142986206202281751 0.43276413749437031564 2.89198e-09 5.15128e-06
6505133.4702258715406 6065 1.8367782861703576547 0.11134058670511344513 0.056228962346159573615 0.2251846566847144071 4.4233788494670829294 5.1210780785804956849 5.2212585546741800968 5.3184918211923690734 1.59227e-09 4.22204e-06
6505133.4702258715406 5779 1.6551641115395534509 0.23680814937520841545 0.034454405731888161635 2.0165179477256547358 2.4665041880171783006 5.7570266317111062904 5.8662106774347897442 5.9621170683673758717 2.27065e-09 4.75226e-06
6505133.4702258715406 5238 2.5712355868493004252 0.12607929778670851073 0.43257293442117383808 2.7230873994229285451 1.2022721438113919135 6.1064893692385844304 6.1274342826401619888 6.1469919651276088146 2.87499e-09 5.14117e-06
6505133.4702258715406 6778 2.9683806796870149114 0.15149842763363985387 0.1369245674123275025 5.6912441527938604224 5.114646595620355285 0.51472837095302270694 0.44440738180350397579 0.37927473826196012041 2.33115e-09 4.7941e-06
6505133.4702258715406 5681 1.5692727227742562235 0.48895652328172561907 0.19278092913512870354 4.7290207053449284658 1.1547014012767935487 3.8048381792664738299 4.2043310134189759708 4.6315278869192049171 1.72101e-09 4.33289e-06
6505133.4702258715406 5931 2.7331889776465798647 0.20664992689172081985 0.41945235974752392849 5.9735164538037786031 5.168088732200201818 2.8084491292275415297 2.7326885418707158593 2.6505236987873006527 2.66585e-09 5.01336e-06
6505133.4702258715406 6985 2.8348424424315137315 0.23740998405188681875 0.27560396779940082856 1.5187053173859774713 2.8926590957453512942 5.5331343499355307713 5.6837378868910732876 5.8176813529548097037 3.31546e-09 5.39136e-06
6505133.4702258715406 5788 1.4966420439330860859 0.10502477746540929415 0.023425166101859788703 3.7835945782484761146 4.4857381612106284052 1.0282333973935338101 0.94048567713949049462 0.85564199337193669326 1.43499e-08 8.78617e-06
6505133.4702258715406 6138 1.7041784382097577843 0.037568845496904021419 0.096515143685538234974 0.023392769714778615525 6.2110233721593166578 0.50257708092891340002 0.48476806835111457827 0.46726086752712719941 7.09388e-09 6.94723e-06
6505133.4702258715406 6726 1.4868012761030693358 0.094720601973897783354 0.12244058553862154082 4.1549969772853660999 2.5032542328371478746 4.0198062479514833356 4.0951154250763739384 4.172356248321624328 2.92983e-09 5.17366e-06
6505133.4702258715406 5559 2.0138571109501639533 0.087573436093124665258 0.097859452855405495986 5.2475019173750796497 4.3096020660506297872 5.3240856586851803556 5.3941239594168415294 5.4621230341684690046 5.44342e-09 6.36025e-06
6505133.4702258715406 5627 1.0474709188665412007 0.34892968448371786128 0.014212026735613621231 5.7106002140220288865 6.161795352812723614 2.7232052627932938904 2.5484497976327062929 2.353408642471717549 2.09812e-09 4.62871e-06
6505133.4702258715406 403 0.9877373634332072827 0.25833367034990312172 0.15932621792313550468 4.6401041662455000392 1.4393692960143507076 3.7318140503848686862 3.8956263052111368417 4.0724775536599304715 2.05583e-09 4.59741e-06
6505133.4702258715406 5227 1.6798790655831921104 0.026755855682319966415 0.10767137693119509245 3.1152367967265597315 3.2060953830107701279 1.5384833655691023679 1.5117498386558203549 1.4850406114053769091 5.94474e-09 6.54979e-06
6505133.4702258715406 6462 2.6517460265853918244 0.087195355746459507484 0.23272192551219372803 0.211418539889916407 2.7157484515916059387 3.3689514622591225645 3.3895177816072172838 3.4109149166766901118 1.71715e-09 4.32965e-06
6505133.4702258715406 6356 1.545249930359972268 0.13947684321305561794 0.049246486771791983528 0.46357003536281332634 3.9973321207192302751 6.1207714954882064262 6.1419689344428354261 6.1615999490419319784 5.8318e-09 6.50805e-06
6505133.4702258715406 6884 1.5823597636745936335 0.15223247565822875527 0.13432238997311612971 5.8287171416313814376 5.654523884642570053 1.7697134798002014389 1.6175962222713506922 1.465530428271257346 2.95837e-09 5.1904e-06
6505133.4702258715406 5233 1.3679528513304932691 0.067493133957407233647 0.14461872869930803009 1.7975850249714253604 5.9742678263971189523 4.0535844195483008434 4.1081286708294939558 4.1636702947886847781 2.55146e-09 4.9406e-06
6505133.4702258715406 5736 1.9207871682222550369 0.067220785563956803044 0.07077335782916872875 2.7881100990190610389 4.1441077411709299483 3.7592657780244911336 3.7993339908175038921 3.8404281384250311682 1.87923e-09 4.4618e-06
6505133.4702258715406 6132 1.5602413958366725399 0.24591261137348180421 0.066474075217603553756 0.56469434926821071574 1.1954294276152119814 5.1388791962750568487 5.3542498147869048708 5.5512216576213901931 6.69157e-09 6.81333e-06
6505133.4702258715406 6509 1.1512405748655758497 0.17019646778584832103 0.16298125732687007705 0.97546648733233376483 5.4236781584189799332 3.0318951826211280043 3.0113779818551940082 2.9892784811123540578 2.65616e-09 5.00727e-06
6505133.4702258715406 5256 1.8428912466063609443 0.27709653766149899834 0.059667290466817575478 1.5283871082846396394 3.3244031284752786348 3.9661964175414095024 4.1947467709624390864 4.4355404217459568628 4.61883e-09 6.02135e-06
6505133.4702258715406 5698 1.9230064697369440019 0.16951985478029321652 0.069361137692089208651 5.4980322294612582468 1.5135807499270601539 2.2201417271399388476 2.076980033781369972 1.9287177695738295657 4.80918e-09 6.10296e-06
6505133.4702258715406 6504 1.4119306487288292296 0.086750902758101169909 0.14008891673293025204 2.0364267022257336315 1.3476365105321539417 4.8034315111080942984 4.8895923137785066714 4.9749847434361633702 2.41361e-09 4.84997e-06
6505133.4702258715406 6076 1.5141207050323228778 0.09953438614176667032 0.060626587648256034802 5.8089049184960321881 2.6412612629234426542 3.4859478881627072866 3.5212895367782937051 3.5581808579942038051 2.07184e-09 4.6093e-06
6505133.4702258715406 5828 1.8986506791982717957 0.24382317001282471924 0.11099464333338948663 2.8847972587556203194 2.8362931483573747826 2.4514958188532127714 2.2777041888522036039 2.0923074367742682256 2.18531e-09 4.69196e-06
6505133.4702258715406 5964 1.9821240445801249219 0.21195362733133174538 0.037534774731312448015 3.358300609007902171 6.0129905348959553635 3.5656870949298302698 3.6633817039154270567 3.7690261560695224041 2.1711e-09 4.68177e-06
6505133.4702258715406 5425 1.901799483077946995 0.09551946151677032093 0.094437349194057926272 0.44491736258321096242 4.3465259876400104133 3.8908383248739637494 3.9583872177352774635 4.0280166317320773572 3.49187e-09 5.48533e-06
6505133.4702258715406 5237 3.1297171464832502785 0.30414910249326432279 0.34077997739819443357 4.9405834877398993044 0.37686594402401757398 2.1281656320695399032 1.8420170626719487572 1.5489862614930265394 2.44371e-09 4.87005e-06
6505133.4702258715406 6182 2.0925562697202386708 0.092989061707532516543 0.17067297335254069668 4.582126936616311319 0.53014694751938595818 5.3052326835149186124 5.3805244322621872399 5.4535188149119724343 2.64006e-09 4.99714e-06
6505133.4702258715406 421 1.438623954687567208 0.26285355530247378475 0.091465744209082378013 0.31890038699165040859 2.653808281801357527 1.765852826516156604 1.497994709705267935 1.2358374186380167714 2.69558e-09 5.03193e-06
6505133.4702258715406 6415 1.7557801965241321973 0.14439950726922451407 0.12448473079034122479 6.1947324807349595233 5.5784546961642194063 2.7425803315767018908 2.6821607565840421827 2.6181283856105657115 2.43409e-09 4.86365e-06
6505133.4702258715406 6920 2.312330416451339854 0.20517772998851516175 0.27347093131825761514 6.0154936810284471704 0.59646186146081014989 1.1498084979813469886 0.96872325715436879978 0.79962330230705180867 4.48089e-09 5.96081e-06
6505133.4702258715406 424 1.0052965089848324709 0.15482047880805366313 0.13342733938202674948 2.053524367584148802 5.4451240602535300184 3.5375730291493923119 3.6022799190357468468 3.6711075037459783843 5.19423e-09 6.26168e-06
6505133.4702258715406 6098 1.3941754814766245119 0.11491585492706753169 0.09920771282701681959 1.6670117340807710793 0.26738793796364390687 2.3140261800453796326 2.2257453221002072574 2.1346079711293532988 9.90655e-09 7.76529e-06
6505133.4702258715406 5800 2.5426250689105920344 0.51400327298253212227 0.024871335507417456634 3.7072688220105822765 1.0782537994902163803 3.0081016945734573298 2.9067152938032227993 2.7870945429033970875 3.1009e-09 5.27245e-06
6505133.4702258715406 2992 1.2925457015217420853 0.19445960461456288093 0.050106413340654125388 1.3501684274060246072 0.51201098580774795366 1.1422450956981122783 0.97108465252913445109 0.81055856364152911731 2.07761e-08 9.93967e-06
6505133.4702258715406 5643 3.2651359673481072932 0.037169232176426481029 0.059665452412841914198 5.7637662134124418856 5.9166354662561593258 2.9346671375140065408 2.926886479650631312 2.9189671897376543441 2.47115e-09 4.88821e-06
6505133.4702258715406 6683 1.5390835106286164802 0.11752926413682304729 0.033484554598184973484 1.710064340358683932 3.5935108382786395964 4.149698949378890056 4.2526026814005737364 4.357926219913239585 2.07491e-09 4.61158e-06
6505133.4702258715406 5234 3.1191897888572017727 0.20017652939999208694 0.075530839615618017291 2.1292564909183977484 4.9059164879515906321 2.5809408055354410294 2.4634759480415886479 2.3378997040131146434 2.35138e-09 4.80793e-06
6505133.4702258715406 6292 3.3260363787441886707 0.010004811665105393242 0.21899597046359192687 3.2905804016148518798 6.0738614799553687362 5.5976486170859223179 5.6039582530669367344 5.6102431938616561524 1.7586e-09 4.36421e-06
6505133.4702258715406 6557 1.9433923482400059513 0.15354055663875817994 0.077349477613492340078 4.1373942284301810091 4.3052285271659727073 3.5097230367765455128 3.5696056610977362489 3.633334799132132531 1.93092e-09 4.50234e-06
6505133.4702258715406 6401 1.4842554923838735537 0.055144594601562908764 0.066748743249275557798 6.1939567276633331616 6.1253885962757079753 3.8613542223041812385 3.8985000755902130543 3.936366575140535673 1.93159e-09 4.50286e-06
6505133.4702258715406 6107 1.7428781583948507183 0.35089539656937751566 0.14975658731563676329 2.5728853332623513595 5.5024318831375911287 0.17664165791678634876 0.12261013622015688729 0.079694519569686719795 1.60826e-09 4.23612e-06
6505133.4702258715406 6243 1.2425591525956722894 0.074675454835035709467 0.05607838459992958019 2.0124470876587112755 2.5554478980428667612 4.3718938189908271852 4.443241495924667106 4.5152284804651250383 4.28475e-08 1.2652e-05
6505133.4702258715406 5758 1.6983642468822288674 0.08193107245049315035 0.066364953701347734194 4.6672966998822706941 4.2206243312539015733 2.3748506597233327575 2.3161946977230765121 2.2559902906069879691 1.95847e-09 4.52365e-06
6505133.4702258715406 6135 1.3813218469708956615 0.056965901565365656412 0.14200300105535920703 5.743889587776312311 2.7839921035899930502 4.2347548739913811744 4.2860475650945586423 4.3379141537308392174 2.38172e-09 4.82852e-06
6505133.4702258715406 6402 2.970683517460812606 0.13631362342708458479 0.16638915371125573284 4.0980315477829378779 3.6384760873648644974 2.3802493220821347997 2.2809202136633652813 2.1775561670933152314 2.16272e-09 4.67574e-06
6505133.4702258715406 1880 1.4826030670035117431 0.099311498062469263926 0.086559966138843646988 1.4237765054863280589 1.7136724088302666136 1.6649471347728717063 1.5654466278674055157 1.4661365509132633367 2.31964e-09 4.7862e-06
6505133.4702258715406 5886 1.0894320070716696502 0.05569484126345892322 0.12710616417823822344 0.77147886602850557214 4.0561361849730221962 5.595910958467630536 5.6305238618663704386 5.664347505681206485 7.52132e-09 7.08405e-06
6505133.4702258715406 5118 1.7818775208676662647 0.19316355250517755482 0.083401010188483962193 1.3269320651336369288 4.7372238430581452562 2.650210570550275424 2.5496323932793285572 2.4418492919095569071 3.95744e-09 5.71902e-06
6505133.4702258715406 5706 1.3422079870412670921 0.07914602535131881611 0.17095904643735862494 3.6276680207044655901 0.64394282705503513853 2.5903671806665382604 2.5474066317017873828 2.5030979582192602884 2.56684e-09 4.95051e-06
6505133.4702258715406 6129 1.9862395649661668262 0.24941070237495346906 0.10778931473155724252 0.82187393571384115276 3.678170148599674949 4.0754286146807663371 4.2948696086673514571 4.5228553411124243766 7.14833e-09 6.96495e-06
6505133.4702258715406 6850 1.664896553230309495 0.26986124312615628051 0.054633725453691925344 1.7445243194084378846 3.1576401280534271976 5.4494007136421096504 5.6352464377728166411 5.7981196498117029137 2.77025e-09 5.07797e-06
6505133.4702258715406 6099 3.1221538122911072222 0.18455566144040569387 0.16775168109975335806 3.2930175005139132871 4.3328492743001625342 6.1966643940586827455 6.2113852270570291125 6.2246249558013477809 2.8329e-09 5.11596e-06
6505133.4702258715406 2760 1.5450453561349353215 0.027385442117196942546 0.12506741492764805734 4.3811262636633943046 0.29828874950907130481 5.0699328305823829766 5.0954674265694457347 5.1208679274304893525 2.21384e-09 4.71229e-06
6505133.4702258715406 5240 1.8325699740735625909 0.12552247445202061038 0.1278153459584321916 2.9296317730872809548 2.8411354639270807176 3.7356739151149356282 3.8100655669049956487 3.887862927932927537 1.54708e-09 4.18172e-06
6505133.4702258715406 5494 1.6205142484058172592 0.12797999122367767488 0.13436473350855493436 2.3623841053504679444 1.3092828099705635658 0.12633752464707637131 0.11111582571311102996 0.096924468235689148488 2.97785e-09 5.20177e-06
6505133.4702258715406 5346 2.751870599392951533 0.1587683468840908052 0.20568360008757877178 5.8933855803758161684 3.8808197419778771575 3.3559859202118600408 3.3928543821501637723 3.4323283634706300838 2.35234e-09 4.80858e-06
6505133.4702258715406 5239 1.3570347710345509462 0.049416952685700524239 0.14669623514063995229 0.34495391459621371766 1.763912233339381963 2.5219101796854825892 2.4926046579155265448 2.4627380175308446475 2.41405e-09 4.85026e-06
6505133.4702258715406 4859 1.5216011754502705156 0.0068239063901247114241 0.20719220418385170257 1.8645834925607069898 1.1797324433063807181 1.8776516759447881011 1.8711397626143584372 1.8646213287993791408 4.26554e-09 5.86374e-06
6505133.4702258715406 6997 2.8500424783008768692 0.16375605615928862102 0.1571717133659387422 5.308107903504875047 4.669502780397067454 4.8341640735061268686 4.9958364578864147276 5.1530581560061357038 2.77488e-09 5.0808e-06
6505133.4702258715406 6793 1.6636647868825578112 0.11142048599363578443 0.067339227595158923645 2.5021334662470189336 3.0469485289729485444 0.49267821017004981288 0.44230462038522511126 0.39461404054932658347 2.0508e-09 4.59365e-06
6505133.4702258715406 6702 1.3498562042042716591 0.01606205103112846172 0.10041892079934330861 2.6750127721989382934 5.6433062160906821703 0.83689503168501266916 0.82503107165188249716 0.81323238904388117643 3.70623e-09 5.59535e-06
6505133.4702258715406 6411 1.4979939844246459302 0.063189091106654618479 0.096223809780267094416 3.8695717744266135973 0.35058339309505603953 4.6831721334736018392 4.7464347917219678052 4.809587264582520838 1.12671e-08 8.10563e-06
6505133.4702258715406 5401 1.5751590403331974244 0.094802760235883701267 0.021713654024080219357 2.7744830115876726317 1.1304050523180420029 1.5493197985101001546 1.45449291653908519 1.3603306078668235823 1.17442e-08 8.21848e-06
6505133.4702258715406 6117 2.0005287490314893617 0.21956560038012035152 0.18133857890667490209 3.5881870402341093929 5.4922804791095956034 4.2692001125935181705 4.4792761898412400967 4.6929029870470380104 2.17631e-09 4.68551e-06
6505133.4702258715406 6758 2.7008589225462587002 0.1564785687295629224 0.37980236061846622819 2.9006752127541757247 5.3378788203669937928 1.5504667829120799549 1.393624797623907563 1.2395957230428511497 3.169e-09 5.31077e-06
6505133.4702258715406 5902 1.973927231110147229 0.1720372017074742188 0.015303215765642771626 1.8503214878379041775 4.2785023925365006647 2.7698363750619297008 2.7013704332673094122 2.6280584126070944961 6.63699e-09 6.79476e-06
6505133.4702258715406 6272 1.8470927751354859758 0.049896971899760875213 0.067343414307529769758 6.0376268019501502238 4.5252888103030626255 4.9066258100811284137 4.9553704172339063661 5.0038016637599085357 2.92426e-09 5.17038e-06
6505133.4702258715406 5691 1.7970416627775296359 0.12069167263428082215 0.10677707770222659434 1.859536009757749353 1.3994929602546215541 3.798077829338623701 3.8756974719652612649 3.9565515768962451482 4.69105e-09 6.05257e-06
6505133.4702258715406 6501 3.0378919543577120876 0.29660817638655129214 0.40013233486846211395 5.0380857892167378864 0.62099522905433834907 2.5225158172976076543 2.3222850610463092735 2.1055613920949145523 2.93548e-09 5.17698e-06
6505133.4702258715406 6414 1.6319197023143809933 0.095961567679007195308 0.12161895308084233469 4.7289843728891955976 4.1334764775884771382 0.023391803219338844905 0.021245304202723063608 0.019206724870218794265 2.40884e-09 4.84677e-06
6505133.4702258715406 6692 1.5093864467237354532 0.12468138039977615106 0.14490463412315962577 3.0364300733251470277 6.0556732090731992812 6.2265879288697929539 6.2332519982008109949 6.2394751652660209729 5.44616e-09 6.36131e-06
6505133.4702258715406 6140 1.8800927903483604098 0.13530030657271871486 0.17467286038425780537 5.7164145805714454696 0.086023028925644368092 4.3645818575451773569 4.4952124078326054502 4.6273344715379032266 1.67728e-09 4.29587e-06
6505133.4702258715406 6655 1.8621647188421850405 0.060448469467580326353 0.14436307963240455066 1.475470204447052236 2.2489667771113506234 1.9369640619652432889 1.8798682120890679581 1.8222840154241071176 4.63012e-09 6.02626e-06
6505133.4702258715406 6121 1.5839746994574683825 0.23904127642997016756 0.046658867272930677761 2.0793562344352856108 0.7945801935253155035 3.5193148827879277007 3.6200512945842402424 3.7301086352575780758 1.90564e-09 4.4826e-06
6505133.4702258715406 5251 1.8820104719123840198 0.12132185663057226677 0.097447765118719498201 0.55121557121553665937 1.1281879753734507243 3.273140683334146317 3.2901389650598251713 3.3080946738363214976 2.36533e-09 4.81741e-06
6505133.4702258715406 4455 1.4156256982481805196 0.14411974437396418702 0.041056462564679103988 0.35027979648090401543 1.4638818247512328519 3.135899778729514864 3.1350106141743001587 3.1340620191856829457 1.20315e-08 8.28496e-06
6505133.4702258715406 2182 1.4566931123760711309 0.065356130970950304659 0.18887683807539615288 4.8485160467749022217 5.2574463285192418738 0.87078239249563371693 0.82178497594206778576 0.77392060217574842884 1.98345e-09 4.5428e-06
6505133.4702258715406 5176 3.0942073555682547692 0.10682409721127961166 0.15036003002160414077 1.0655402817442314323 5.6468905368549577872 3.5385640357180481175 3.5821291816038374201 3.6276816289207820532 2.68297e-09 5.02406e-06
6505133.4702258715406 6907 1.8638749674744283791 0.36017461228082919833 0.12649574817909275959 2.1914546539085284493 1.3027522892361680373 2.9675773705420143145 2.8885891523546018966 2.7984327759339726605 3.58406e-09 5.53319e-06
6505133.4702258715406 4971 1.5896813971573777735 0.16629021327969742416 0.10296197837974846445 3.8855729505814573521 0.88203186435658009756 5.4630641063030971338 5.5787677974196361319 5.6864556913254853399 8.25409e-09 7.30701e-06
6505133.4702258715406 6105 1.3209778351170389232 0.20725520857685236775 0.072524481089948425461 2.2832738184766876444 2.1476028489386909115 4.0478521236111770776 4.2237325138600319008 4.4067314772273942225 1.02968e-08 7.86594e-06
6505133.4702258715406 6126 3.0304515027855889464 0.1769294365981348427 0.23907157031785425394 0.17695860090289330935 2.0701730985716570999 5.1688971893726449736 5.3226138321056382097 5.4676109001238515361 3.04059e-09 5.23805e-06
6505133.4702258715406 6186 3.2476691087053151108 0.029236319405473779748 0.26546787265933763367 0.97593465334365403496 3.4952116184694466128 6.1194826944389273393 6.1241806464485977202 6.128809793751735846 3.14704e-09 5.29848e-06
6505133.4702258715406 5890 2.8274415498110272438 0.4775546528094598564 0.1263762085595680762 1.5659025115809419582 2.7147455636978952143 5.12606200164748671 5.5423161557879856431 5.8646318777979864478 2.68218e-09 5.02357e-06
6505133.4702258715406 5345 1.2527168867732720869 0.1168668597823199623 0.10988848532676409597 3.5567777787838066317 0.44130373765099506489 0.45997682854648586082 0.41052678563234962228 0.36388611023013095469 2.62039e-09 4.98469e-06
6505133.4702258715406 4059 1.5094956149407614543 0.10433971198432821781 0.076539587369063730171 4.3056487703661208144 0.76052016597203531134 3.082037598241507137 3.0754672373597995438 3.0685727574732557521 2.39751e-09 4.83917e-06
6505133.4702258715406 6162 1.8546286966357234949 0.11948301125686829061 0.06365373410825364564 5.4086472826796265778 2.1581689903783645157 5.6108570790748455437 5.6821632143304370288 5.7497291543177162509 1.62993e-09 4.25507e-06
6505133.4702258715406 6691 1.4825431637008894548 0.039054223259163856063 0.13887265836682791131 2.7338779497826650733 4.1802732630037526818 5.8454423596971789578 5.8617153403368922326 5.8776925098701511274 1.99622e-09 4.55253e-06
6505133.4702258715406 5888 1.3652533351219195978 0.047191172729987289347 0.16888013484869618397 1.0459680711451613266 2.7785703036404707511 2.1949865387302636144 2.1561413843518915101 2.116806527474715427 2.79797e-09 5.09485e-06
6505133.4702258715406 5767 1.7194130860741074773 0.18789470935556495945 0.056217155995678502745 6.030372099078860515 0.6501863025326120038 1.5853121035488662027 1.3960548058800110738 1.2110214493544910752 2.8735e-09 5.14028e-06
6505133.4702258715406 5210 1.9007456471168393541 0.10492996769105671084 0.15760211672148305428 3.376085548253888291 1.3433185238891336422 4.0664442800119040555 4.1531595955430509193 4.2421049726135109381 3.1045e-09 5.27449e-06
6505133.4702258715406 5710 1.9863730059087407742 0.030308917302696497531 0.10093969525063349602 4.8581412282054614593 4.6126186346760587043 5.0580096183901623874 5.0863851528606662811 5.114598961025750512 2.11851e-09 4.64366e-06
6505133.4702258715406 5724 1.8367549605627575549 0.34753663022920239234 0.15799091003012408208 3.7790592950138401918 6.2252839341841994525 3.4028061952429413672 3.5147452760367579039 3.6414407645846313955 1.39525e-09 4.04018e-06
6505133.4702258715406 6474 1.0191579783667934489 0.14362155724422381864 0.092630064731745564988 2.102528757535444992 5.1960994338873067733 5.7562468672780306989 5.8245585610618402228 5.8881422920412420652 2.46607e-09 4.88486e-06
6505133.4702258715406 1588 1.6358031980433951347 0.11955994346917118987 0.065229111446710077993 2.9519682493307475291 2.311472761955692512 5.4311949940159136574 5.5180122551619881222 5.6008268637861586825 2.82908e-09 5.11366e-06
6505133.4702258715406 5364 2.6970132060782869843 0.27166135234357757788 0.22543914822451810442 6.0713854679835979056 0.34894187246561303439 4.0693731206941095024 4.3098391767862711532 4.5597852954069733045 2.91675e-09 5.16594e-06
6505133.4702258715406 6586 1.6219276584214543657 0.037222203076463636351 0.090683966658752279688 4.2860927403552153692 2.6944834660733878451 3.587138164963465492 3.6034584661734960775 3.6200453945035926395 2.89513e-09 5.15315e-06
6505133.4702258715406 5219 1.6453449041877308279 0.19291928769659760778 0.026802383832508831774 4.8299246692929029834 5.2732409301745564179 5.9811433063016989919 6.0341352039682192299 6.0816866215475329227 2.30015e-09 4.77275e-06
6505133.4702258715406 1801 1.6350697152625992548 0.030240829286883069704 0.027919871767236023596 1.3215519353065003916 5.9459054631586543138 4.9629433413240970907 4.9921350605483940654 5.0212002951215790603 6.74028e-09 6.82982e-06
6505133.4702258715406 6100 1.373169618072100695 0.092357447115527291359 0.0950950495477232427 4.9434396346522424537 5.1089044927510283145 1.5450479153886318429 1.4526991474481194544 1.3609850041948285959 4.52552e-09 5.98053e-06
6505133.4702258715406 5378 1.2780096009563619575 0.3187207594978087033 0.057502606680955317686 1.898374951996953941 4.7859782755021633704 5.6221548277098225554 5.7996174148745751609 5.9478037418428257865 2.49028e-09 4.90079e-06
6505133.4702258715406 5701 1.6319067758790148925 0.31645485457357247494 0.16440447598030491494 3.0176469858586547623 4.6789062543420749662 0.0095647442462225510523 0.0068921634774503732698 0.0047111221538663552999 4.9259e-09 6.15194e-06
6505133.4702258715406 5279 1.3007425131309930944 0.15949546708970555042 0.11311257431803091456 5.3796169517040581809 3.5528817107749097737 3.2126394762329342214 3.2250260374947203879 3.2383178504930514308 1.46905e-09 4.11019e-06
6505133.4702258715406 5872 1.9023852243288679187 0.064416647329625251195 0.12781248810206641275 3.1642959733681617074 5.1617341179905160686 6.2778184259169584891 6.2781536907462855979 6.2784778092399369243 2.5416e-09 4.93423e-06
6505133.4702258715406 6828 1.5623388917896465777 0.055987240538143787094 0.12416880683028945487 0.60359938490289677393 1.3745810477048039377 1.0017722455921036495 0.95528035366529751027 0.90956813544177128605 7.8219e-09 7.17719e-06
6505133.4702258715406 5965 1.7615554240276467546 0.26668160554661962669 0.045850599056682296573 5.8491538303201764393 5.6421981371673286532 2.4703402712090718474 2.2818735165667125564 2.079819721324960291 2.63265e-09 4.99246e-06
6505133.4702258715406 5921 1.7470097646955042858 0.20800118049674956588 0.12406668078913732356 3.1123563703747394449 1.5398819227718849589 3.2392835553724905751 3.2621918174506627786 3.287215823963399508 2.32801e-09 4.79194e-06
6505133.4702258715406 5339 1.8387820320237995286 0.34438329321067256972 0.10086601411880993795 2.0681479741018859997 1.0498705958620559997 0.23943123232252713772 0.16761293676454389057 0.11015974190909094688 2.94605e-09 5.18318e-06
6505133.4702258715406 5717 3.1904153763238394248 0.072507474037159819202 0.20650077494811397427 2.166820269001553001 5.9078633552090806802 2.5700843338723360354 2.5295819870812548125 2.4879254035027655867 2.31886e-09 4.78566e-06
6505133.4702258715406 2895 1.3321382919287128033 0.035409326442370755994 0.017516845392971259338 3.7447435441426430991 5.5625428206666960307 3.5976979823560237826 3.613550816053442194 3.6296490024503285099 3.76676e-08 1.21201e-05
6505133.4702258715406 6644 1.831119628317112058 0.16751874439204605949 0.066468793904216436075 1.5195152635925739393 2.5873216828045348947 3.4278658943853028696 3.4796893034689282409 3.535253947074599612 4.61706e-09 6.02059e-06
6505133.4702258715406 6313 3.2346977682100446216 0.098616495437793771917 0.28925486803587402429 3.7664702000276499838 0.86007599705418791292 4.0086921875906922352 4.0865175697719156034 4.166441599584954858 2.33149e-09 4.79433e-06
6505133.4702258715406 6204 1.5687839835784400666 0.094989265167177955318 0.10034054794477853534 0.059947731054116201732 6.0850850853951614639 5.8899396587467283126 5.924880881195546678 5.9581923669353953343 2.26769e-09 4.75019e-06
6505133.4702258715406 507 1.5000609701390010819 0.20972766415805260687 0.097265664611344837542 6.1742980704413055193 2.7406982455996757864 1.3988589035840497399 1.1943394868275307719 0.99929841463577706584 2.42673e-09 4.85874e-06
6505133.4702258715406 5371 1.5946144904716146318 0.093125772183086610867 0.1203985131874522746 2.9350017187431127752 1.5864423799028919415 3.0450577565563641258 3.0356241859148433981 3.0257742493904111747 2.54912e-09 4.93909e-06
6505133.4702258715406 5623 1.4322490291782252747 0.2193324035615301093 0.069286148450908302543 1.0229698838538838768 3.831971936263260492 4.8438108620640276669 5.0599302250411959392 5.2661493965623114022 2.3084e-09 4.77845e-06
6505133.4702258715406 5151 1.5595392538703241048 0.20221525775336463004 0.13016750388843889574 6.1009826491925780445 2.355067992883991046 3.3582613391132838387 3.4070454617012950749 3.4600958748495669326 2.88747e-09 5.1486e-06
6505133.4702258715406 6320 1.9888891575012006552 0.12412567410782071597 0.099262916892075142572 4.3244691929359539984 0.48891140535699934011 1.4895811196238577523 1.3661658207432569867 1.2446298880028927591 3.64687e-09 5.56532e-06
6505133.4702258715406 6843 1.9664725473185198368 0.10348799833389887848 0.11284007974230562954 5.6385801580853494031 4.0955906565123045837 5.0866268255006392707 5.1813426969145526257 5.2736583014488580545 3.16465e-09 5.30834e-06
6505133.4702258715406 6609 2.7636858148183796047 0.28768172245593004455 0.11530607277757343176 5.4428286812482813417 6.0560707935237498845 3.2028238342607644462 3.2238984288866987526 3.2475495718838565118 2.84425e-09 5.12279e-06
6505133.4702258715406 6404 3.043419427088597029 0.23815726841770215594 0.27199087848242609056 5.6917062086225360673 5.0060040987353069397 6.0843160819198347511 6.1269918696264387137 6.1640394045167985482 2.07676e-09 4.61295e-06
6505133.4702258715406 6730 1.7800936764609185392 0.10547618577813906715 0.13244892908725411362 2.4038366414387759562 1.4444500440777694461 4.4400522278897449624 4.5433034806588095122 4.6472754781527134682 2.57888e-09 4.95824e-06
6505133.4702258715406 5327 2.6929022283787467096 0.37870412897529903695 0.23973007029203721729 1.1050276985934477381 5.5848444798182841353 4.2908752208655904781 4.6763622166485836473 5.0548206069143102326 2.89309e-09 5.15194e-06
6505133.4702258715406 5285 1.5644798734509477445 0.065330499883255760407 0.045353860012355175224 4.5442781366834319456 5.1345990956396594385 0.15544595311565445606 0.14563757420788331354 0.13615659753620337757 1.44912e-08 8.81493e-06
6505133.4702258715406 6171 1.7274343032634174033 0.11273287147446425793 0.053155693912630759546 4.4673803543658401338 6.0402463423860748293 1.1508383336932910268 1.0499848753064884299 0.95219861269639738399 2.39216e-09 4.83556e-06
6505133.4702258715406 519 1.5183697918833674034 0.078287880051378155866 0.0071514234880239125822 0.77413312238052889303 4.4335082386051789527 2.4018592048729310306 2.3474421679559283049 2.2916018934541972918 9.35307e-09 7.61789e-06
6505133.4702258715406 3991 0.92093191893585479857 0.18392522089040602706 0.26308373297975817806 5.6294923053011416414 2.618111511662023716 2.0193942726603584248 1.8456737765809378971 1.668653390157564198 2.18079e-09 4.68872e-06
6505133.4702258715406 6124 1.8401249909724337606 0.16544304783935112613 0.11668445588317739869 0.99468500173062857073 2.4778445590342763616 5.305242558098106187 5.4370693606391178321 5.5609384458388078087 2.21026e-09 4.70975e-06
6505133.4702258715406 522 1.2312317776629388977 0.098228372519834253329 0.1722110619744393889 5.5467560546901264473 1.8551224880406491646 4.7116880707405393025 4.8100784632945270403 4.9078385002203956944 3.95336e-09 5.71705e-06
6505133.4702258715406 6763 1.4411073445611526367 0.34770217591367863497 0.22538098232334949356 3.4805522292300010712 6.222453354529378089 2.5626746889554565811 2.3326257508384791173 2.0810373335139913387 2.58565e-09 4.96257e-06
6505133.4702258715406 5569 1.6048735624403887012 0.25111616422219806832 0.11641124328643910613 2.700740761839209636 2.4780535108923280596 0.2034625377309164096 0.1576319055393533286 0.11821171151996393012 2.77052e-09 5.07813e-06
6505133.4702258715406 6268 1.8716468713706282401 0.14619947024814969327 0.18925689480887508687 0.18679743874253035285 2.4677436831464447664 1.9524582062105730884 1.8124353304477809345 1.6704833824605855863 2.30383e-09 4.7753e-06
6505133.4702258715406 6061 1.964621128143828388 0.20848601357347482099 0.065907759897351661516 3.3683180632152942557 2.8926831555253076367 6.0403303694703263105 6.0863099539217202505 6.1270910699462568516 4.03777e-09 5.75746e-06
6505133.4702258715406 6189 1.9863825166364974528 0.087242073198162087277 0.069711100393173464074 2.3647686545923995993 0.53965476382594557148 1.2022546732112340262 1.1220221173567210826 1.0434187889361266066 2.99935e-09 5.21426e-06
6505133.4702258715406 5249 2.0162836218276209976 0.20903453006153654981 0.1597637317395316503 3.3551219512102088416 4.2320614701783600964 4.1560288775611979872 4.3455605711857812068 4.5406879400493513899 2.29779e-09 4.77112e-06
6505133.4702258715406 5124 1.7332829303923651398 0.18943234545982734485 0.10175012558481118241 4.4005491048174558699 5.7858548224333121723 3.1703836059082495247 3.1764678969682265119 3.1830730569729985824 1.59235e-09 4.22211e-06
6505133.4702258715406 5002 1.9500809344630620767 0.036735724354529097901 0.099258161139006303997 3.817803858146281204 3.193863420003710818 3.799834191016302043 3.8226445802355608627 3.8457737826221931599 2.79003e-09 5.09002e-06
6505133.4702258715406 5196 3.5587397711380517329 0.13425327429182101757 0.15368921566118809441 4.3709134969332072984 1.315354584248812797 4.5372588467666714607 4.6714368509108643579 4.8055775644019993464 3.02458e-09 5.22884e-06
6505133.4702258715406 5625 3.0277804909354348872 0.29781129392628480357 0.067443735048619266048 1.9301766728952169938 4.017346908884592338 2.7460604552178335958 2.6096536872031856902 2.4586022074900504286 2.295e-09 4.76918e-06
6505133.4702258715406 5412 1.8815594827640682585 0.19422709762092360553 0.15734690307198725967 1.2831167170805251043 1.1576469493552405954 0.45071249259871332127 0.37226016062148958863 0.30161554736179824188 3.18558e-09 5.32002e-06
6505133.4702258715406 6848 1.4929399419667435112 0.13643557300868144888 0.11091230642352767344 1.1611613150302104724 3.8994997477187336443 3.1915720840329124819 3.1989234243561299742 3.2067410967304650349 1.56036e-09 4.19364e-06
6505133.4702258715406 4112 1.4314854726939958418 0.21842652011607063822 0.084023409251788125363 5.2448854464463119385 2.4749049548458894598 2.9966469835645592745 2.9607936617104493315 2.9215171660888104022 1.73305e-08 9.35665e-06
6505133.4702258715406 5115 1.6092701600503467319 0.091125776708234490497 0.060478987360694048958 3.1925081234694689947 1.5231956188828448262 0.74165492432680557577 0.68199704306552499933 0.6245564004004144909 5.97679e-09 6.56154e-06
6505133.4702258715406 6912 1.5475593414798207714 0.084288072503416050507 0.12435811847417846399 1.2003048747335653967 4.1008656116724733209 4.4404314922876633176 4.5226530694879159 4.605428514685916852 1.09941e-08 8.03965e-06
6505133.4702258715406 1980 0.87887294464116993975 0.048804508478251046322 0.18332247880718829935 6.2657410689372765589 1.6180994025581147966 5.2117317421770579244 5.2541008491310092765 5.2959178839533347372 6.84183e-09 6.86395e-06
6505133.4702258715406 6893 1.613106329078210166 0.15485379486213934896 0.15426666961304602577 3.0724745770196104644 0.6047293189222745502 4.6418607052015321557 4.7978077942663635014 4.9520969969602832705 2.17604e-09 4.68532e-06
6505133.4702258715406 5016 1.7918092186107885677 0.20447138224311769972 0.15740614055690788087 5.6038222701897337785 0.28985078625797372487 3.5115157077522858309 3.5941484362472668757 3.6835567088704856964 2.58541e-09 4.96242e-06
6505133.4702258715406 6362 3.0674382789856124987 0.14402654286302532527 0.15416903706116316664 4.3024367625985515673 0.51444532167024625835 1.3123783254400376297 1.175162537955246167 1.0422616866336131825 2.92709e-09 5.17204e-06
6505133.4702258715406 6813 1.8350538746844975435 0.053498172410787171727 0.12805958820381277419 4.487273078106606583 1.5986492552824553837 6.1475316813181439812 6.1545847552035626293 6.1614457019805897176 1.73747e-09 4.34666e-06
6505133.4702258715406 5654 1.8046882984048382426 0.13291553227619698485 0.14083330174467564855 0.83287512650437867112 4.2581868541123135685 2.3207069100877970591 2.2184450652203282495 2.1124443236992456185 2.37573e-09 4.82447e-06
6505133.4702258715406 2102 1.2889362852565271478 0.20873734564767151833 0.062876820533860997009 3.8768832432509858776 2.5579705620978980818 1.1482287507825441608 0.96423818091841817512 0.79273647062370655725 2.21357e-09 4.7121e-06
6505133.4702258715406 6017 1.6598078235958275695 0.11608514620517937366 0.12323787366023086776 1.8198780534451945989 1.7230418036105661361 0.73394987069369532762 0.65920026922799945801 0.5880998729792957791 2.86977e-09 5.13806e-06
6505133.4702258715406 2651 1.483757486996475361 0.15558504896461100575 0.16584999416317261489 2.8208855248358379875 5.7588638546677470842 2.6992413384506277474 2.6271632599290648535 2.5506094764825264498 5.26839e-09 6.29133e-06
6505133.4702258715406 6716 2.0263712499131214528 0.11012573677087653112 0.14340497459323708895 3.4385114690689513317 1.5966337502635534751 3.9885929312207157871 4.0744510286740407423 4.162917840961603666 2.33978e-09 4.80001e-06
6505133.4702258715406 5375 1.4941880039915982348 0.14966658003282984346 0.17767101138509008851 4.1843667678176625913 2.04419577208894232 3.1254655352838103255 3.1228407747668129879 3.120034409669345532 2.59668e-09 4.96962e-06
6505133.4702258715406 3519 0.9856861338925104743 0.19216429039803992196 0.068625272698985176345 1.2401049782398669841 0.61832629890495782732 3.8363664668403321123 3.9703457413501532791 4.1119879811116124557 2.06062e-09 4.60097e-06
6505133.4702258715406 6285 2.387768916540954578 0.62984995491781148313 0.60248497268329048726 4.535399716623650157 0.21298624020708714633 4.1814631190187014909 4.8947523401971739787 5.5141580187773024946 2.67072e-09 5.01641e-06
6505133.4702258715406 6476 3.569404154806706142 0.29343953337351308397 0.32992825431494438027 2.3120033405308619834 1.4305360659922368161 2.9450045994764995072 2.8763154044133663056 2.7993823579971350846 3.86122e-09 5.67229e-06
6505133.4702258715406 5747 1.3166694078726657313 0.22251709060613217295 0.10545723199504758449 4.4161651082525832379 0.1102857645168936751 1.6940247074830707685 1.4682153845569214656 1.246868024620433113 2.03788e-09 4.58398e-06
6505133.4702258715406 5936 1.1053320778996604812 0.085031774055735906415 0.060097659467003454459 5.2944558731634572268 2.0399694400880523659 5.9411865452503755947 5.9686515851963752866 5.9949581289142832574 4.60088e-09 6.01354e-06
6505133.4702258715406 6328 2.009310226882330408 0.51237067393447455199 0.19707444963087289436 0.25462391583869559142 3.2573196611088568453 2.6957103708225700345 2.3818585082610765902 2.0289741099763141108 2.25127e-09 4.7387e-06
6505133.4702258715406 5131 3.5457175655101074163 0.014661643661787791479 0.28949807956256168318 6.2731978012614337814 1.2341767258702314169 4.1652149994104892272 4.1777844685531899671 4.1904003759791841333 2.25296e-09 4.73989e-06
6505133.4702258715406 6576 0.98395058416212732855 0.25344931341258508661 0.068842864071522777425 5.1601706638596347432 3.9645426916410695384 3.361622392140759974 3.4259225419888519326 3.4970187007057504935 9.90665e-09 7.76531e-06
6505133.4702258715406 6342 1.6062484014347708783 0.064064427399070991709 0.11730835843853180955 1.037598995048742978 3.0919195187885648579 2.9546973558956834971 2.9423938666170172951 2.9297165398638251865 1.70662e-08 9.30885e-06
6505133.4702258715406 5048 1.657890273154202454 0.17105949692962807429 0.10390942678853949677 5.382728029420110083 2.5588101852945563941 3.2249697548821298909 3.2406691918796290963 3.2575894609296005555 1.54672e-09 4.18139e-06
6505133.4702258715406 6746 3.0353617977184037535 0.3942828123539596219 0.23454560371928007134 0.34627556622961508381 5.1393974946240428281 0.80472469393603818233 0.54695476872075765584 0.34189274324800533744 2.1751e-09 4.68464e-06
6505133.4702258715406 5791 1.6984110990314806866 0.25154883167488462092 0.055345949517519969774 3.360124834095462365 0.73004434499135806291 4.5629633995222045328 4.8192657437928794195 5.0693792663055106118 2.55464e-09 4.94265e-06
6505133.4702258715406 6153 2.7445168655360525634 0.052039424591017242883 0.46695010140168607959 4.5252052379818437089 3.6794497219477659833 1.7721216746957306754 1.7208429448356559188 1.6693882294768618291 2.21408e-09 4.71246e-06
6505133.4702258715406 5773 1.8737723566716533163 0.094506685616418090179 0.066483635299013757458 1.8849569678024884478 3.5737996651688819227 3.3356660906597985772 3.3548229543418344178 3.3748222834384140612 2.82024e-09 5.10833e-06
6505133.4702258715406 5291 2.011333573755345494 0.2484691906626046165 0.1437398291848382692 5.7854517545804249323 5.9134150548924448998 0.087269914623985561652 0.067726516449579152179 0.050911425407040938884 2.6037e-09 4.97409e-06
6505133.4702258715406 5693 1.3954287656759163383 0.096111551938509828807 0.084863730728102382272 2.6493386156728417902 2.3420932096110838039 1.6960626514399610443 1.5999782613883328786 1.5039076301384579626 5.43449e-09 6.35677e-06
6505133.4702258715406 5467 2.8862208502987787284 0.069376078857642076159 0.22490588458218302437 0.74977886037354690707 5.4260302470361816418 5.4112940636882083112 5.4632948643142853484 5.5140137094286405528 2.43648e-09 4.86524e-06
6505133.4702258715406 6018 1.3577752086234087248 0.10321154475983811138 0.13261310455932093233 3.7147662210765037827 3.200606179275969243 1.6988731668364327465 1.5956418118715871568 1.4924621216197744289 3.42036e-09 5.44763e-06
6505133.4702258715406 6102 1.9732660135857724715 0.19579358363140927923 0.12072778274899916007 4.1913031604108423878 1.506911785654726943 3.2536515694895102868 3.278167196832092678 3.3048245638310711492 2.19362e-09 4.6979e-06
6505133.4702258715406 4788 1.4581261878350459948 0.29558593632185831135 0.085311685205323797843 5.6398644442573573343 3.6406616550643895458 1.3247705124523863063 1.0438096647893109203 0.78832690883048694985 2.35845e-09 4.81274e-06
6505133.4702258715406 5768 1.1647736966413602122 0.14030808920746637436 0.051808165095417822721 0.24723721831231326718 3.4713067942641493424 0.97054801124464995521 0.85876372393158151297 0.7525455347386327265 2.35407e-09 4.80976e-06
6505133.4702258715406 3541 1.7168093492634106667 0.101277109628989892 0.18567979289604097382 2.4312994786539197101 2.7628604205245603787 3.1330673296801050398 3.1321553983700174406 3.1311996346256791846 1.91401e-09 4.48916e-06
6505133.4702258715406 5735 1.2254815504075562416 0.067105639200208927475 0.1582791537109954072 0.91950874375732993826 3.8893039399429039094 4.2086118882082912407 4.2683989488099154386 4.3289983576640036489 1.71969e-09 4.33178e-06
6505133.4702258715406 572 1.4713739058397732329 0.060573482951223917015 0.076911731456021065201 2.9278842190994072148 3.9076925010281344797 1.1138217400655119338 1.0601446968886731881 1.0072988026412912355 2.80564e-09 5.0995e-06
6505133.4702258715406 5647 1.6865414585513531787 0.11840688612097007015 0.077666246472508956855 0.1941057045214819865 0.49897030711676781944 3.0886937875573501344 3.0820147817528460443 3.0749645240365235388 2.57441e-09 4.95537e-06
6505133.4702258715406 5528 1.2574192146318772245 0.11107569508058172392 0.049237915248523514422 2.31114351934136808 2.3374067961017983563 3.0947375722267955744 3.0892113530980922498 3.0833957240761002971 5.0086e-09 6.18618e-06
6505133.4702258715406 6950 1.9011431646550542851 0.11538498029540668333 0.066286725166780746665 1.2406213342158654012 2.3183871400731654866 0.91223522510052845735 0.82386462879636868095 0.7391977962333666774 3.07555e-09 5.25804e-06
6505133.4702258715406 5170 1.3794153852087904788 0.073806804024757532989 0.1389869569560023832 5.1034241889943325887 0.80875198209012910677 1.0244819715027388973 0.96254137675485706982 0.90197208492203040375 2.19546e-09 4.69921e-06
6505133.4702258715406 577 1.0309572741770216542 0.19289595425224995151 0.080303755447489064134 2.8366157587549594155 1.4721387634140497003 3.5659854734283356059 3.6539167438118425046 3.7484751630203669848 6.45491e-09 6.73204e-06
6505133.4702258715406 5516 2.6647168850018472241 0.34932395030568552663 0.099954653283698569055 0.07865777666070099261 4.1649108666963341463 4.1162016951727427028 4.4452874184480259956 4.7822243245485980268 1.64805e-09 4.27078e-06
6505133.4702258715406 5423 2.0053663242817769685 0.12384585553236682198 0.13214122279207254906 4.6565208136211904133 4.4211816847202989322 1.7253518837148325016 1.6014811686831467163 1.4776936126984403508 2.52578e-09 4.92397e-06
6505133.4702258715406 6335 3.1548741472320749324 0.010432210075965529794 0.27827161648727799514 0.63118541124032168099 5.5556509641267703969 5.4482075865375252377 5.4559139826422740072 5.4635929980004238615 2.80706e-09 5.10036e-06
6505133.4702258715406 6792 1.9376387715062775019 0.090328560066005689211 0.062744141513587925463 3.1091394050019767192 5.9581650656790632326 5.5259910485138288294 5.5861654992181719592 5.6441506043603686393 4.30438e-09 5.88148e-06
6505133.4702258715406 2451 1.4064564058820978598 0.034533127756550527354 0.020819954176396097273 5.0899821843958443779 4.5278635642980198384 0.24950328470968735628 0.24111418691215119603 0.23286820329993287992 2.34429e-08 1.03479e-05
6505133.4702258715406 5190 2.8160879420434690168 0.20977307328425101596 0.22423283891168699355 5.3329041516238877563 2.99235418839385936 2.007135067889624036 1.8065306376278149614 1.6025592372487311721 2.78537e-09 5.08719e-06
6505133.4702258715406 5012 1.6797803994669426864 0.045151522779332167734 0.13420447968548820938 3.263223328249951205 3.6982213721686987284 3.4268062373347580873 3.439798076691168216 3.4530638336995060911 2.35357e-09 4.80942e-06
6505133.4702258715406 6073 3.200320453883563232 0.10057444904396681262 0.18614616362835559316 2.4353582850462616172 2.5118671807731010048 5.6815025350796002357 5.7362843551873048398 5.7885873641012040025 2.87152e-09 5.1391e-06
6505133.4702258715406 4994 1.1953216086853337696 0.30477872760885615921 0.084629074553583580331 0.6904843659607887707 1.5155789392732095244 3.2161399967490011953 3.2436778752921049396 3.2747372665898275557 2.5994e-09 4.97135e-06
6505133.4702258715406 5561 1.7373648342474259376 0.062051048548327457366 0.053715635957511304044 1.0217625688848659404 2.0845501329217794861 0.96102199661842013789 0.91100505994095559714 0.86197727354218933726 6.03166e-09 6.58157e-06
6505133.4702258715406 6108 3.1910077455661287615 0.47489796296186020941 0.20439743520530004317 0.43419875811651720277 4.3062046612413213964 4.7676446917646613244 5.2552374385615969743 5.6618644070116683764 3.24647e-09 5.3537e-06
6505133.4702258715406 3767 1.0167998020781725543 0.075534948202360868708 0.12982688034326980708 2.4942724547685259928 4.8190000912385251297 1.7620074317800642483 1.6872402226313367724 1.6122167920695273935 9.73382e-09 7.71989e-06
6505133.4702258715406 5288 3.1723599487815614673 0.36669769870477336715 0.24091024377774225562 6.1332299169283546192 5.0012983324832518406 3.8753327401512840389 4.1694065628821075364 4.4833626819513954231 2.94866e-09 5.18471e-06
6505133.4702258715406 6426 1.6033805214501768432 0.02956085633453897632 0.035272399617476295208 0.029546843502142011717 0.24362670032692532174 4.2442504583899554049 4.2708122575843461277 4.2975376055522378493 2.64273e-09 4.99882e-06
6505133.4702258715406 5778 18.487395716956882552 0.45418260619915146181 0.47067266526432777196 4.6956865993416894156 1.8409620040844270061 2.8785865675797426277 2.7163367827030948654 2.528961987862230032 2.56945e-09 4.95218e-06
6505133.4702258715406 5000 1.3504457341305415863 0.14080437219825142625 0.084045287533610651964 3.2660909882036097684 5.9521088553927690157 3.2199774787345494254 3.2318990909215870033 3.2445973561064338497 3.87387e-09 5.67848e-06
6505133.4702258715406 6295 3.2340903391821904656 0.092957060248902378952 0.27361969321572493508 5.7048845233767773166 4.6078151340216768617 3.5714997501601541963 3.6120381566873938084 3.6541740524371570942 2.30061e-09 4.77307e-06
6505133.4702258715406 6085 2.3472858982371680447 0.41028580978189083117 0.22511201855439139097 6.0832393962295148171 2.6219338214209044757 2.3693665648280530789 2.0191447093126306811 1.649409796815838547 4.93102e-09 6.15407e-06
6505133.4702258715406 5293 2.981816471102169519 0.61173025041515727285 0.6571914488938982446 0.68073348779597375735 3.3270499309962811019 2.3466112850780658228 1.72636854755747704 1.1220261453150321973 2.92684e-09 5.1719e-06
6505133.4702258715406 6343 1.5507090020482041659 0.042024490264258189398 0.056055872461723062206 5.8693303584662697148 4.9478236603692424822 4.650300056531674997 4.6923107304701519027 4.7343267502240129474 3.59373e-09 5.53816e-06
6505133.4702258715406 1147 1.4863749022637164909 0.12545543180027585173 0.028113024090474440786 0.67312684817507439927 5.523849483641271263 4.8931822966372777728 5.0155422225399295399 5.1352768734114988547 7.2768e-09 7.00643e-06
6505133.4702258715406 5284 1.6367921687787840845 0.44994122623436078046 0.080800454978172078779 1.859470034674533645 0.69473794328301963219 5.1797190501847714117 5.5584673336824810264 5.8567443149525253432 2.78129e-09 5.0847e-06
6505133.4702258715406 6220 1.5383638878944965178 0.11937698000185371916 0.08321352417539892854 4.6556739218260290158 2.8710216799465859694 3.2916796351152322053 3.3107206707895660003 3.3308145469012431228 1.97518e-09 4.53648e-06
6505133.4702258715406 5111 1.8071942267203797705 0.058003515471257961755 0.060757139034244393716 4.5038913233076600662 0.50263842488401877517 1.8773141667516186626 1.8214930704477789725 1.7653027559252634227 2.90837e-09 5.16099e-06
6505133.4702258715406 6078 1.4512971822873041994 0.13456942496777826723 0.069263326172016748128 0.21122842747974984734 1.6405771576710097559 4.3562492371335359564 4.4858269950908615797 4.6169574215918851579 4.85738e-09 6.12328e-06
6505133.4702258715406 5276 1.6487601433969023557 0.14571508326002177713 0.082556257728807230789 6.2783870356822104597 2.0260072668269981655 5.0066452767249387534 5.1437139789443486748 5.2760833964018800657 1.69322e-09 4.30944e-06
6505133.4702258715406 2850 1.7275977643167579334 0.094504758618323747577 0.11250517407723630015 1.5414227926656831613 5.3690464360081069373 2.33044883368431055 2.2594865154967496146 2.1865213668217968745 2.86233e-09 5.13362e-06
6505133.4702258715406 6637 1.9049233268583187773 0.067618401111071022025 0.025583830727601994393 1.7478027489177594411 0.29701410569454594901 3.282956227398144744 3.2928247355709499011 3.3030118713795819652 2.31786e-09 4.78497e-06
6505133.4702258715406 5258 2.9903357276132274123 0.19635332213490999664 0.23192336462477469716 4.1299286805348618401 0.80025272220472820628 3.8354023321710122296 3.9724458717679400621 4.1174541586755761813 3.58569e-09 5.53402e-06
6505133.4702258715406 2923 1.3045382231402351536 0.10499737659137371726 0.096238787299323377833 4.7460445003392681684 0.35065735933446345873 1.3949667408398771506 1.2923378272586392157 1.1913849182549061112 3.04377e-09 5.23987e-06
6505133.4702258715406 1410 1.7413592312837047338 0.095062721783951531496 0.10841612342506960764 0.18521800314739023108 4.660836342239550234 3.8721394212221751374 3.9380315377040524538 4.0059890726081803791 1.34872e-08 8.60645e-06
6505133.4702258715406 5063 3.4776055741362523754 0.10712800075913370135 0.40212011826680083004 2.6072541796678456727 4.4090803834960823337 3.2780941385277575506 3.2935354462331463132 3.3097502147046142795 2.23728e-09 4.72886e-06
6505133.4702258715406 5955 1.5654343590645967144 0.193508921817962809 0.15687966896025093422 2.3852848089160696432 2.858785676209884663 6.0065547982817868444 6.0553169290933865909 6.0990308883829724707 2.24745e-09 4.73602e-06
6505133.4702258715406 5999 1.6737552130067312461 0.11910725486693563013 0.078503255378278583021 2.8480846462575688527 0.47665704534945468884 2.7327154745057189444 2.6824449303383537391 2.6296584695970359746 2.29222e-09 4.76726e-06
6505133.4702258715406 4105 1.5927901277635638788 0.042403625626485502709 0.06166401990229294916 5.7425862396417199918 4.7657062906940215186 6.1117207253400076539 6.1188109088691229331 6.1257496343705213349 1.26705e-08 8.4291e-06
6505133.4702258715406 5814 1.4804481371369684339 0.039025033775083192711 0.084418606535792029 2.6273766168332004511 5.5519645255064329348 4.6472508223584787501 4.6862525493199616022 4.7252642545992991074 3.09992e-09 5.2719e-06
6505133.4702258715406 5449 1.2475245178069545027 0.016192341192316713622 0.027191765811308703932 0.69580972228530080237 1.6735145139026648131 1.1464980657613947912 1.1317898592217532361 1.1171329664777154278 2.58219e-09 4.96036e-06
6505133.4702258715406 3069 1.4941918128942539568 0.15132053895441258118 0.072954815917923840352 3.5829489616119722939 4.3068576665028981409 2.0756307651025673877 1.9375492967166130232 1.7962920873551770917 4.38223e-09 5.91673e-06
6505133.4702258715406 5543 1.490779059885516622 0.20904224279253605379 0.12630742737633243733 6.1441842699639845904 3.9699849900689128113 2.7027913337550133477 2.6035670442191061191 2.4964451156768645568 6.50851e-09 6.75063e-06
6505133.4702258715406 5202 1.853747459160079103 0.054830768533166894529 0.09364880614248542734 5.7682864003421743249 5.6146989842035939233 4.8909460248563005891 4.9446708706582951365 4.9980290843772152698 2.34286e-09 4.80211e-06
6505133.4702258715406 6937 1.3448111047562316678 0.10897859658831272889 0.065547096253494738227 1.8336204204621893155 4.0548896830613792019 1.5143519640860862996 1.4056644899110761759 1.2981683627093931754 5.15552e-09 6.24608e-06
6505133.4702258715406 6219 1.340277766919780511 0.5674370409779843083 0.28920713319765845029 2.6192464876213552571 0.38859523737203788274 3.4355497362297606756 3.6909786407706448585 3.9872736482688555526 3.0209e-09 5.22672e-06
6505133.4702258715406 5435 1.7924552948708556421 0.090093800004809349025 0.12010114577723214613 0.46398498276630167902 4.9671734237003741796 1.3942951800052842959 1.3061762797339364628 1.2192184697277645977 7.17242e-09 6.97277e-06
6505133.4702258715406 6255 3.2062354383953048931 0.13995003584821488762 0.21595719533274140844 6.170932128809504924 4.2354388913449536602 1.4462190606691178729 1.3080957261129650959 1.1729470704826765459 2.45838e-09 4.87977e-06
6505133.4702258715406 5436 1.5803565137122703721 0.062200532660716942313 0.080540668181705313278 1.0050364649840002329 3.4857233998911283379 1.5707109390572935315 1.5084703939668928641 1.4463906318696690967 2.73828e-09 5.05836e-06
6505133.4702258715406 5784 1.4881828925836055877 0.20269122613438089742 0.16200284314190571688 4.9800464686270418113 4.4879581236363010888 1.8657750005922293379 1.6644734706209283193 1.4626709433403362048 2.79482e-09 5.09293e-06
6505133.4702258715406 5004 1.8026112006739980487 0.38919971453988499999 0.14451214949021307099 4.4996128710686038588 0.75119679385967041974 2.6345178210178450406 2.3965420087321471776 2.132661084683813435 2.5143e-09 4.9165e-06
6505133.4702258715406 5406 1.8782570293970937136 0.15912971905096773284 0.075949200198523011962 2.9623356336061821281 2.1123987349509301126 1.7927286828114439299 1.6340374086981170887 1.4752257980442278207 4.61584e-09 6.02005e-06
6505133.4702258715406 6779 1.4278044363926789551 0.082021148798531354207 0.05619179419097589806 5.6365112920970430466 2.1698757238447883289 5.6736502494435132604 5.7191450117099282835 5.7629939291167291415 8.01496e-09 7.23576e-06
6505133.4702258715406 6230 1.9748222032716735708 0.095976289385757432293 0.1025532871462018214 4.3319392550617035198 5.619924503268954652 3.5531138270402640167 3.5933626577133521707 3.6352619367524927618 3.21494e-09 5.33631e-06
6505133.4702258715406 3770 1.5820754125435292359 0.20284714124996111595 0.066315168831957066464 3.0142890783654512354 0.42467629053354905011 3.8316668967166340742 3.9731171436963896859 4.1230129362827803163 1.55823e-09 4.19174e-06
6505133.4702258715406 5300 1.6177428658663590699 0.13332032870665974644 0.10019971542593192337 0.70954969061041794909 5.080890727018898545 4.4478817277978066613 4.5792561112714178506 4.7113966752648579472 2.06634e-09 4.60522e-06
6505133.4702258715406 3174 1.4746300248363892749 0.050971493839350949517 0.10329200336479434086 2.6117104259672294653 2.9571163237810220714 2.2963633118993667104 2.2575535877548733588 2.2181370216422915398 3.19992e-09 5.32799e-06
6505133.4702258715406 6217 1.5985133430331563975 0.046904059308413265095 0.079260951745809424263 2.1499563512884893868 3.1617367792889976563 4.1435470979494102295 4.1835875265956836699 4.2240850709361605908 9.40155e-09 7.63103e-06
6505133.4702258715406 6203 1.4617883816563308486 0.1371716337386415796 0.14108498902292448962 4.500288319624180744 5.5511386350463389761 0.95679884836986583974 0.84855650750468591959 0.74563293502656768919 3.45957e-09 5.46837e-06
6505133.4702258715406 5086 2.0474895563127986087 0.083876859205003678754 0.065943695044160297036 5.4785228237683885055 1.6003942458428099815 1.4755667776806493663 1.3923035290371792438 1.3097592710670837857 2.82e-09 5.10818e-06
6505133.4702258715406 5222 0.86863686922014504699 0.084868396086897002206 0.081689102821506320851 3.271834590881175675 4.1913372026806952064 4.1670447482837298381 4.2413388207285809273 4.3169643859777480088 2.18622e-09 4.69261e-06
6505133.4702258715406 6279 2.0322434974483813974 0.076552688910570557135 0.12406232470699658788 6.2284497343214901832 3.4386311174159827075 2.5321747989069804952 2.4868760780126080157 2.4402605085166890753 1.20562e-09 3.84817e-06
6505133.4702258715406 6761 1.5792146776893638549 0.10844377457579830459 0.10199223101883563014 4.0350497623867624952 5.2673069474897120656 1.1668281530315911532 1.0689894782934528106 0.97391520742270731859 4.88068e-09 6.13306e-06
6505133.4702258715406 6842 3.121040273655148134 0.069504885342692820926 0.04053437475870386858 5.5704212198502940367 4.6155693346229176299 5.7270658503991134225 5.7627432976551968835 5.7973055522763372593 3.94698e-09 5.71398e-06
6505133.4702258715406 5358 1.7051263264263043506 0.099137289642425685532 0.056044473747722971246 5.8690489697856005336 5.633645892873483163 4.5686496681282378063 4.667631079999525312 4.7666690868561865102 4.52702e-09 5.98119e-06
6505133.4702258715406 5669 1.6066720107003698015 0.18507707541814991115 0.11004647738904198284 1.0211591189819757552 4.3308766325632053196 2.0014183496426944942 1.8253501395994566892 1.6462370344927816923 5.45549e-09 6.36495e-06
6505133.4702258715406 6977 2.8007935930277580994 0.34063119841188238546 0.13439316649390320446 0.041062358995477381274 0.11347485044458165138 2.3591889251177122766 2.0783018920943332475 1.7806040143013257548 5.37795e-09 6.33465e-06
6505133.4702258715406 6443 3.1682612756848933522 0.20174193311805066475 0.27943671617633858428 5.8177768292882019452 0.6528016719891822639 3.4599838181471582743 3.5306019668858392713 3.6071170199467568196 1.88164e-09 4.46371e-06
6505133.4702258715406 5298 1.7992533344365175818 0.046213374591252506796 0.031109869220447918664 3.4169600201417149599 1.2383248819275594066 1.3864976691129717867 1.3412421284805211563 1.2962410263196466609 2.48769e-09 4.89909e-06
6505133.4702258715406 5399 1.4894505422808177464 0.10959145159929227498 0.11864193912042066137 4.1037701891237601259 2.7158238298775554398 5.3092599071596859872 5.3973951501026551369 5.4822644298371745464 2.19916e-09 4.70186e-06
6505133.4702258715406 5280 1.59579716991614462 0.084466931875020814791 0.065227653700510632162 2.1629898034775325577 4.4346975151385272795 1.4592866200076968219 1.3756369029651105418 1.2927734266164212507 9.63191e-09 7.69286e-06
6505133.4702258715406 6202 1.944223005315208086 0.15249782994654961787 0.052249435065366972575 3.2433580850322485389 0.54235068214798820563 3.4608021761575455955 3.5127091811240429564 3.5680134609045088823 4.75227e-09 6.07879e-06
6505133.4702258715406 6269 2.0068703416320947674 0.13057564039385327614 0.084986905923160729892 4.0444600434996065275 4.9785509570928976331 4.2349410407761940434 4.3548873365374038968 4.477207202592385471 6.27461e-09 6.66877e-06
6505133.4702258715406 4189 1.0651123522761354323 0.041359163783472506493 0.021566655901130892675 4.7845057147705762901 5.6302410669802522847 3.7656920959085256051 3.7902829836531508612 3.8152698445192561039 9.85919e-07 3.59857e-05
6505133.4702258715406 4755 1.4468577226517655987 0.029555274477291421098 0.055977042800266739453 0.81503854609825310273 1.8742866799593151939 5.6722886286532325784 5.6890420636226020079 5.7055870775268058281 1.05694e-07 1.70949e-05
6505133.4702258715406 5656 3.0349246298230352359 0.14872573527456026121 0.26062992334317830467 3.3208405564907343965 0.49609129073258295684 5.9255327030698152768 5.974452117265405704 6.0196427243552816932 4.39232e-09 5.92127e-06
6505133.4702258715406 6722 1.8206793139240169399 0.29595407930934591878 0.02609337614791111537 4.6463090615050761656 4.4252940140540477643 3.7901907222878001846 3.9974051515712729632 4.2208812142756970687 1.78527e-09 4.38616e-06
6505133.4702258715406 5374 1.7688237164039546379 0.058850612634421935188 0.11405435629807234021 3.7428053632556270713 4.7342044957240521086 1.2363163599413451443 1.1812256575041841788 1.1267845917341174911 1.21754e-09 3.8608e-06
6505133.4702258715406 5438 1.3291662634614702654 0.14506928027278168103 0.14402860310003282041 0.12965882241904305716 0.1465499467843250081 5.9613898671262592899 6.0045238997291869865 6.0444279528379789568 2.41055e-09 4.84792e-06
6505133.4702258715406 6253 1.9287778843856866473 0.065074161240619390889 0.096348510053796770913 1.5182637939434180385 2.4914738563111260561 4.1828695182940283104 4.240016256264809158 4.2979642245423441693 4.63453e-09 6.02817e-06
6505133.4702258715406 6470 1.5513825053231771189 0.12073799393768103183 0.041038116930193616061 1.2233178062960303745 1.6616825980397149642 3.515178372077398361 3.5620396303955761397 3.6113210813319689407 5.52153e-09 6.39053e-06
6505133.4702258715406 6001 1.8555510387242797332 0.083782168224960096303 0.11227642846160039436 0.59010483440627914398 2.3722625951774651831 4.5875330923814257034 4.6711981120525685185 4.754909214242066362 1.89847e-09 4.47697e-06
6505133.4702258715406 5626 1.7341496578365838133 0.11488376492370759585 0.091980075417040479957 1.4518381083686895394 1.5718888276190219333 0.97595175769710384994 0.88353747063638965464 0.79473370409431765005 2.91869e-09 5.16709e-06
6505133.4702258715406 5630 1.8959913528924690063 0.10858998643422465569 0.080652440691814181184 2.2401829398989545616 5.7086075527823245679 2.850188439710217736 2.8171793716231445792 2.7825660173050463797 2.87655e-09 5.1421e-06
6505133.4702258715406 6027 1.7592980274510585659 0.03927604462500985244 0.10192407037996327468 3.5871186067288856059 2.3564056723855917319 5.412889422280646734 5.4425505038084542875 5.4718137758848284236 2.32786e-09 4.79184e-06
6505133.4702258715406 6069 1.6654792378971672306 0.25937367631501551113 0.13165377134330205622 5.677976301181658414 3.0282696840299827556 4.3981818180073428692 4.658343479478407545 4.9173384436067211212 2.30644e-09 4.7771e-06
6505133.4702258715406 5564 1.7779059856559955577 0.066671789804662887069 0.078024313354407806576 4.8488263353179164028 6.0997181610547128727 0.62084446064048315339 0.58304743159548511056 0.546339914223684886 5.64605e-09 6.43821e-06
6505133.4702258715406 661 0.93123436456902364267 0.1948661229929294636 0.027768458383861660543 4.6046921712196686727 4.9234600352806010548 3.7600748978220779328 3.8839332764299641099 4.0156656088053548359 4.33358e-09 5.89475e-06
6505133.4702258715406 6591 1.714597863364116348 0.013549816026779262085 0.15851842064070156835 4.7294653471062906291 0.2743657243011173863 2.3855897019941911807 2.3762478641559030557 2.3668607456132773059 2.63066e-09 4.9912e-06
6505133.4702258715406 6465 1.9633845721851916899 0.15167517265129318305 0.093406711924127819313 5.315811151893162112 5.0884132429967099398 2.8080222487442267898 2.7542052399032241894 2.6969068013899515357 2.98606e-09 5.20654e-06
6505133.4702258715406 5694 3.1364462888796649231 0.12763313482770638485 0.36834886502955449528 0.3384691013238016466 4.3340069932845839418 1.7788128010077961516 1.6519072809428527737 1.5246937643441351717 1.21025e-09 3.85309e-06
6505133.4702258715406 5553 1.384684794571171329 0.38888436350708616152 0.16563213622814926262 0.66634303818245432804 5.705719677789101496 4.6810535689429624284 5.082763090877177703 5.4452779820006718126 5.50583e-09 6.38446e-06
6505133.4702258715406 5820 3.1407137432894183249 0.16356804896630666724 0.099425482175492907455 0.11894768296043296829 5.2801620961288415756 3.8478098082738569907 3.9616975971654615485 4.0813014039959520929 3.12834e-09 5.28796e-06
6505133.4702258715406 5026 1.4878738147997385699 0.048592314914270046122 0.089994825876390460717 4.8269483809972246746 3.4153521111375999553 1.0327132365293871796 0.99148231989230961592 0.95081840513282389615 2.52074e-09 4.92069e-06
6505133.4702258715406 5667 1.8734466868591044264 0.13540633321136255618 0.11669089730302675822 5.681163440316759683 1.2634576170856144373 3.0893223769020088376 3.0816972541884974923 3.0735918860875659497 3.20823e-09 5.3326e-06
6505133.4702258715406 6492 2.768962853519289613 0.40068132311114879052 0.055467804978680042283 5.4979949807460943845 1.344649146785473981 1.8712037438118023225 1.4516494059500972824 1.0538087537182976305 4.60217e-09 6.01411e-06
6505133.4702258715406 5363 1.5670941820912900333 0.031830012518560595047 0.065844001435609728068 4.2110685738650381893 6.1270261559654741745 5.8140682612371819005 5.8282604609718235977 5.8422464031105398874 1.92803e-09 4.50009e-06
6505133.4702258715406 6622 2.8974192252696835403 0.34443353872570403595 0.34549992008426322343 1.1644917344627554456 3.7172200842029017309 4.2740198473534611878 4.6185175437562664413 4.9614346487651044271 2.90674e-09 5.16003e-06
6505133.4702258715406 6538 1.2288309861749413532 0.30744558564562324277 0.053602523489073482243 5.3723664123749319543 3.1862654500568456939 3.8438995202175778587 4.0742306762473639026 4.3211692026243682108 2.46314e-09 4.88292e-06
6505133.4702258715406 5688 1.8569703984960423959 0.066719450191957407892 0.10618102339932072864 5.9614051856811274277 1.4042417545296255188 2.566346419546192692 2.5289645070370934121 2.4905995131875284798 3.26046e-09 5.36138e-06
6505133.4702258715406 6373 1.8016835915323774486 0.13023745655552981804 0.095805437011351621268 2.6963385936933881304 4.9793154569851472147 0.50462930965289332086 0.44483426769731110317 0.38879201143073749414 2.53206e-09 4.92804e-06
6505133.4702258715406 6378 2.1097861943650055849 0.30932204821097808445 0.16357759317969691737 1.430708835509361343 0.077566970192152848163 0.36449909922013568053 0.26612349340939311926 0.18477384315646316892 2.37178e-09 4.82179e-06
6505133.4702258715406 2445 0.90186769832176560957 0.17208052484121164061 0.1627449254043703275 2.2520978879870070521 3.6001800542673136896 0.77408558970781637942 0.66008438241031841542 0.55456744197230589677 4.17305e-09 5.82105e-06
6505133.4702258715406 5806 1.341973440403280593 0.2944475067457948958 0.11182907986352798313 4.702580571688473654 1.0203374393579058843 5.1226835789019471434 5.3817118834472452704 5.6126299714536047603 2.32886e-09 4.79253e-06
6505133.4702258715406 5776 1.8392392084007331832 0.20196807837464039737 0.097381383861404699487 0.69876927513786391 5.6434387173299249696 2.8170475156691554552 2.7450380618705043645 2.6670293849396409236 1.75506e-09 4.36128e-06
6505133.4702258715406 5107 1.1981075542641208553 0.16504444139054694207 0.075783393502208501458 5.8534153452641843884 2.1060465862944335314 1.5404015473781322854 1.3750902426966282732 1.2131963990912275619 4.08288e-09 5.77882e-06
6505133.4702258715406 5018 1.7952190963976821791 0.038502332913771163125 0.12687903139564654653 2.5713577580841278092 0.07826640834835407734 3.8907878534925690595 3.9173932121974437415 3.9443559257068829815 1.65949e-09 4.28064e-06
6505133.4702258715406 5713 3.0872329919166205947 0.19251765834064177296 0.20536014053887324815 6.1820432525919670752 4.5732063311741395495 1.7000386527000992398 1.5054960000573267553 1.3133886563010450654 1.49134e-09 4.13088e-06
6505133.4702258715406 5209 1.7636728796787899398 0.082430336313719529406 0.1266945132218568193 3.8783391900804393693 0.076257826023275784855 0.4712523675620128305 0.43509899751153208181 0.40035459615037849446 4.75685e-09 6.08074e-06
6505133.4702258715406 6079 1.5699843555200421186 0.08831711624555210749 0.095767780826141207795 6.2238339508932210009 1.8010634352102186106 0.07665384496810577486 0.070163722452319166045 0.063972147872764964505 2.06443e-09 4.60381e-06
6505133.4702258715406 2999 0.70559080483540115303 0.05799566219357354252 0.08523938325218410883 1.2217319041405707569 2.7087101885167221837 3.2324343051584008002 3.2378566213910091598 3.2434308953969619438 3.05258e-09 5.24492e-06
6505133.4702258715406 6800 1.4074900298815460342 0.063384355000357134324 0.092337658474604358827 0.83870810758238001359 0.70102902202309047563 5.4194818157233948241 5.4667356795924799684 5.512925068921694205 2.65837e-09 5.00867e-06
6505133.4702258715406 3982 1.5719085212492331927 0.047326761910339659734 0.0312313802683380215 3.7397940770908526531 5.1587685262137332742 3.6868334581078059387 3.7118981249097795505 3.7374493325434734459 1.70782e-09 4.32179e-06
6505133.4702258715406 5603 3.1878733530513030381 0.40952615791001650836 0.40421797977660428591 5.8107714718754639449 4.102817810262504139 3.7428949680461345295 4.0350643709494971034 4.3541885308055272574 2.73212e-09 5.05456e-06
6505133.4702258715406 5047 1.7136461036117305312 0.022887621016000992552 0.11426387174029431493 2.5552587366208334707 5.3993370240401397098 4.9698172872786345877 4.9918884009009438785 5.0138878370193058487 2.89941e-09 5.15569e-06
6505133.4702258715406 5365 1.1018132747926112636 0.12902584848631856729 0.059513694443830214564 4.9371143094408784791 0.35829856782044006147 0.12703908159360774444 0.11161472189731115601 0.097243420370688615773 2.05527e-09 4.59698e-06
6505133.4702258715406 5188 3.2102974922355844711 0.25755449333650071164 0.39316635574200653469 5.5357239888326246202 5.6839754210462736239 2.7248087637950821893 2.6044708941868388585 2.4726892296692515316 2.40354e-09 4.84322e-06
6505133.4702258715406 4858 1.1475144210291037261 0.14090375454796705279 0.10429683821210068706 2.0890579762624672533 5.9973539837408331721 2.0708192585479738845 1.9423562038654165196 1.811067420566228936 4.88084e-09 6.13312e-06
6505133.4702258715406 1267 1.1961600925221707037 0.17877263022294573314 0.14855690616825320549 4.1732228170979661641 0.76871872102687566208 3.9197118176412284463 4.0546895361692492088 4.1961703117931516971 2.48068e-09 4.89449e-06
6505133.4702258715406 693 1.3223744644888451027 0.054935643409846600382 0.076639678940370478677 4.0223614624819790109 0.20616847449237821199 3.1704687360237504556 3.1721008866858797504 3.1737766161239133744 7.32683e-09 7.02245e-06
6505133.4702258715406 5830 1.9154184030508307757 0.15305543845064537023 0.046002793498238429837 3.9658564523824626491 0.02543863117004266719 2.2420359230700244169 2.1155816056238236911 1.9846826888015012269 2.51554e-09 4.91731e-06
6505133.4702258715406 6023 1.6704765860821810808 0.14632610568490184155 0.022851281116548848027 1.9423140363432869204 0.63597750038898059888 3.0544344835668315596 3.0406157597686758187 3.0258653007480504904 3.26695e-09 5.36493e-06
6505133.4702258715406 696 1.4063723474022622462 0.09383598266363415985 0.032902884235437898641 4.4895344248922901542 1.151337581795860876 3.4811485273663036466 3.5139216844500564818 3.5480578888897134071 1.56636e-08 9.04651e-06
6505133.4702258715406 6155 2.0566825172785399012 0.10146387656627552099 0.12393696449379447422 2.1913933197687267551 2.6718385611394248613 3.4857006175060387676 3.5217406614151363087 3.5593896358999024265 3.03729e-09 5.23615e-06
6505133.4702258715406 5191 1.8286620214473467971 0.12853318093323609639 0.014592464309161180466 3.9339297328280125043 3.8314915037426202638 1.7051586658895019344 1.5763166475112506681 1.4477854250293151761 2.79475e-09 5.09289e-06
6505133.4702258715406 6978 1.9677904396646712648 0.13729620882383952729 0.062525489403532447108 5.1265117041486529814 4.499512608517401091 4.5595138686567482367 4.6970842828307564076 4.8343644122643523175 2.46129e-09 4.8817e-06
6505133.4702258715406 5211 3.245129636094878478 0.048927204988879181846 0.33933741142341655728 1.0580517067867138969 0.077788597000826048555 5.0859612631143065187 5.1311299837892878628 5.1758299558433087384 2.07199e-09 4.60942e-06
6505133.4702258715406 5231 3.156789731105408503 0.027407331736819511708 0.21188221951380800667 2.2023628806705080052 5.4682173348321354567 5.0147302831241216126 5.0407915472577933258 5.0667341975666992937 1.89135e-09 4.47137e-06
6505133.4702258715406 6057 1.503746440263086237 0.18627972835132303175 0.12817307510155206973 1.5913415665712256075 1.2213581534945323614 3.1551682349257048621 3.1579838769799559728 3.161037092897093892 2.11922e-09 4.64417e-06
6505133.4702258715406 5989 2.7141266181149283909 0.34531896827956787277 0.1472715063205959074 0.8239766296861229522 3.9949110987344464974 3.2725070229616397555 3.3289766837100529528 3.3933059326841337189 1.60714e-09 4.23514e-06
6505133.4702258715406 5869 1.7234785627095807747 0.2409852992226231283 0.16363094379668691181 2.3071068557678544586 1.6337088741660446001 0.053295317208719439339 0.041684130795797261215 0.031641776862850870544 2.00715e-09 4.56082e-06
6505133.4702258715406 5060 1.8476406025567653213 0.15499285542950541616 0.1536358448626503892 5.3002002092488060825 6.109184285149519944 4.9900187702570280024 5.1365822426100020692 5.2778382472917755308 2.03606e-09 4.58262e-06
6505133.4702258715406 6888 1.7796650765203056999 0.046882833003929244575 0.12789541425118292062 3.5856809623758634231 2.8326154546148711866 1.9041844365746858347 1.8595232257921052721 1.8145810071002230757 2.28028e-09 4.75897e-06
6505133.4702258715406 5027 1.8819508575450361043 0.075588037232679122779 0.1846916733714639991 3.382372417765556083 3.8020920390531229849 3.487743230391337157 3.5143719696374935424 3.5419015307169727791 1.92434e-09 4.49722e-06
6505133.4702258715406 6690 2.8352675494073613649 0.083688749184395214153 0.22196964713469102826 0.71765621896234133015 0.2862934448832968326 1.6590907483975232406 1.5753207252477838818 1.4916328326238643687 2.63564e-09 4.99435e-06
6505133.4702258715406 6526 1.6579869288978870134 0.11614567215716360693 0.10969787747724595028 5.023162417916098299 5.6115124319324127811 0.11395687711145348342 0.10143042002524040035 0.089669905562087037776 1.74858e-09 4.35591e-06
6505133.4702258715406 5245 1.6611726790713372548 0.094876300204205080147 0.12897613362239851442 1.6552471538434949672 3.833101259662909932 1.3594290594004350137 1.2674377096230313722 1.1768935975749665879 2.53784e-09 4.93179e-06
6505133.4702258715406 6159 1.9047459000672701812 0.20044000368429804038 0.088292827745293428476 2.3026567551868963868 4.2973352621285503261 4.0008306227725665138 4.1646787624259111738 4.3357982271683024322 4.4573e-09 5.95033e-06
6505133.4702258715406 6127 3.0194706066669638744 0.25389203925626674385 0.32846970756583748763 0.060079982265991704882 2.9128577354386990805 4.6853907495420816787 4.9428875422275391216 5.1900648004924567758 3.18976e-09 5.32234e-06
6505133.4702258715406 4750 1.6417609185853119236 0.10159599667131405387 0.026219554525411130352 2.32761478816241274 5.5838034488059928862 4.5299989945870580144 4.6310169438049140211 4.7322767717405049837 3.28876e-09 5.37685e-06
6505133.4702258715406 4654 1.5493860064466482562 0.18841931119777147186 0.12487632813135032817 3.7008385165163311115 0.021782765534298340754 4.2447614495923700062 4.421607406267519913 4.6021168917393353581 4.06605e-09 5.77087e-06
6505133.4702258715406 6775 1.6456065975089502196 0.22926204849057488233 0.047740820133641635736 2.2704370455968674314 5.6377989241897212835 1.3283195279656281329 1.1097558666514699688 0.90443104519400896457 4.4281e-09 5.93731e-06
6505133.4702258715406 6840 2.6846589039942845289 0.056511017555118371603 0.16610364251680972969 2.4505227894425969382 4.2252118367816722255 3.2632578949054078521 3.2703200560205201164 3.2775744984664916259 3.2421e-09 5.3513e-06
6505133.4702258715406 6638 1.4219455389983650662 0.10141169198265977125 0.11817059391422472803 1.7349250201554606843 4.8232130110693969272 3.6695653191335133592 3.7231267244050578746 3.7788328244026287983 2.37819e-09 4.82613e-06
6505133.4702258715406 6103 3.322094351534190082 0.048730869113811720039 0.074940181572532266197 4.1085049784357465796 5.1569744133932440278 6.2817172551496325283 6.2817871334710408959 6.2818552676688312886 3.07621e-09 5.25842e-06
6505133.4702258715406 6054 1.8307769338246135948 0.041621129997454785199 0.04787062023388360954 0.80773173585811020025 0.30277252912414243102 1.285027884725671532 1.2453156959221494127 1.2058797939820009582 1.03293e-08 7.87422e-06
6505133.4702258715406 4670 1.3502635505085767154 0.16851860105224081288 0.11797967006797309419 0.1354568999448573785 2.8230926768271991101 2.1082173935970289769 1.9560838470712456072 1.7999192749797627844 5.11284e-09 6.2288e-06
6505133.4702258715406 1471 1.5202157956088275803 0.10492464639080065214 0.13007805413732442812 5.7460191466480843303 3.279304739591496709 1.2029521872780088998 1.1066727955681143758 1.0128476815028610858 9.04311e-09 7.53279e-06
6505133.4702258715406 3165 0.77592387000545326448 0.22783642714934276841 0.086316694662069995414 4.9736105839252040539 5.817760730743305686 4.0381467838211415611 4.2318984412293039199 4.4339365613405492539 6.33044e-09 6.68849e-06
6505133.4702258715406 6810 1.6237491377614303723 0.10593227571272725851 0.042978920273630351334 1.447743178708971401 3.2735810266359623988 4.0241968770468563577 4.1090631233131045263 4.1962933876938945943 2.57322e-09 4.95461e-06
6505133.4702258715406 6641 1.9832611163279272315 0.02636641948779993444 0.16310330485743096407 3.43738136554320306 2.2649979296498283787 5.6806865805558448557 5.6954702280805209469 5.7100893777745556079 2.45986e-09 4.88075e-06
6505133.4702258715406 6221 1.9678033708078082054 0.092359011089331019551 0.13915602276104696577 5.26851166863927034 2.9798179382973590812 1.1356414648345800611 1.0533630034565324429 0.97309455807865541388 2.14299e-09 4.66148e-06
6505133.4702258715406 6725 1.4738923133914660912 0.063538107215956124429 0.071320854610595382783 5.0706474676678237046 2.3032693406433155658 2.053779946501228526 1.9966240397958308073 1.9387600674231271203 2.4899e-09 4.90054e-06
6505133.4702258715406 5707 1.2283798531737486481 0.2194118030485086579 0.10747676764866050114 2.923267489255369167 0.63144408666935547547 1.4486501168248080429 1.23198201466328916 1.0250439011173408943 2.27392e-09 4.75454e-06
6505133.4702258715406 4769 1.6358103934998164952 0.079135446788913335614 0.089413436171334098601 3.2765266740855403249 1.1689240317562408222 1.9459889812091479833 1.8711909275203699732 1.7955991816866623267 3.36602e-08 1.16741e-05
6505133.4702258715406 6914 1.7195193163718773821 0.20255685800323486312 0.072506465423027702255 5.2457135244115935535 0.035035777739262398411 5.248335656038912056 5.4151869993261136926 5.5697453082045109696 4.41745e-09 5.93254e-06
6505133.4702258715406 6913 1.9377428789764896688 0.044498682090139518586 0.082598015883343825494 0.83783142767947982321 4.9267384791760786555 0.87555494973817182824 0.84185134672729400318 0.8086607788292290433 4.44786e-09 5.94612e-06
6505133.4702258715406 5534 3.2764197272508548409 0.16659037437000082105 0.16866125486673647083 0.04288567255239406073 4.2379080611284178914 0.81815656694308591668 0.70247829197949729352 0.59484238375648834651 2.18919e-09 4.69474e-06
6505133.4702258715406 2174 1.3399950204502051321 0.15751678138568422916 0.11353205597077697941 0.1803608994206994387 3.3061477920679287479 3.95523307104133659 4.0769158291371390135 4.2036839082749768437 2.03153e-09 4.57921e-06
6505133.4702258715406 733 1.525035070552450911 0.025885060627180694198 0.062482731080360946752 5.3846644632566951216 4.8984808742030852002 1.0285964802329496948 1.0065682932901922619 0.98469537378572191688 2.10139e-08 9.97744e-06
6505133.4702258715406 5309 1.1954453483417208925 0.20157744772424757151 0.088863409826382175338 2.5966405526844824614 3.8402544042211981257 2.4234975779244622984 2.278618146319350668 2.1254636557751256376 2.20889e-09 4.70878e-06
6505133.4702258715406 5934 1.9160308735697582083 0.32877116788766985733 0.083425847431405186772 4.2380520273863631076 1.1324830000220298398 1.0881980130461108569 0.8122095705001937116 0.57358453062924130705 2.95537e-09 5.18865e-06
6505133.4702258715406 1475 1.3698658711340885308 0.034336156216878931102 0.087806013582508835036 0.052298182384033359282 5.5597938956695038826 1.8839700455689361025 1.8511235023155423463 1.8181276589842134683 3.50237e-08 1.18296e-05
6505133.4702258715406 5323 2.7909793554006854244 0.13056278619959185705 0.11454979877768342589 6.2362323212760824021 3.8035239062666685861 5.8874158732132411131 5.9350739669275078825 5.9796119416645820976 2.25995e-09 4.74478e-06
6505133.4702258715406 5796 1.6867352573102314395 0.047455594400774209207 0.12391534333979248306 1.7035820437106361513 3.8606733187073620783 1.4630978284139293244 1.4160194539527113378 1.369131145978113917 5.43667e-09 6.35762e-06
6505133.4702258715406 6237 1.7181574827604795264 0.074664250364793974257 0.023497819175972704808 4.6565221190605710078 3.1284202951328725639 3.8167825742663352706 3.8649118312059984603 3.9143303373376463483 1.89473e-09 4.47403e-06
6505133.4702258715406 5200 2.0558757213118332707 0.13828632317075306712 0.15763205639125746349 1.7639745999575322521 3.9993012694003158281 3.4371754559282097219 3.480527346559127988 3.5265051400550966321 2.18438e-09 4.6913e-06
6505133.4702258715406 5979 1.7936004610771942858 0.13311514034886925972 0.1628540512628305903 1.0019867172133298805 6.2453627942351825908 2.8523979673578554461 2.8116613788715931754 2.7685350005202256085 3.8601e-09 5.67174e-06
6505133.4702258715406 5326 1.6553885519623214861 0.10173526994593232176 0.14354000997644139614 3.8023575610696962457 3.6675779747243355544 0.30403670431255330753 0.27491959245823327507 0.24730156452376095277 7.21032e-09 6.98503e-06
6505133.4702258715406 6021 1.3989900170356734943 0.2403335386448339217 0.10095189037293789136 4.7095608256493903809 1.3414924279630915382 2.604816620214393641 2.465712590815356986 2.315363739342419791 2.07244e-09 4.60975e-06
6505133.4702258715406 6618 1.8920772780509382827 0.059186684312355027082 0.046781795925665191349 2.2521239022231829274 6.2291719776433476241 4.4556829152160473129 4.5133984940294631372 4.571417226063209327 1.98254e-09 4.54211e-06
6505133.4702258715406 5741 1.1264441474017878875 0.11412449158956679274 0.065776500233424198272 0.19875567106330779832 0.22398761533223127129 4.6828828285548365074 4.797399834988389955 4.9111121948401361692 4.83963e-09 6.11581e-06
6505133.4702258715406 6184 1.6865459752591152043 0.10174106174543469383 0.11240447096387834458 6.166831110054503462 4.6601773826363439568 3.9989757196685999929 4.0787265441146374201 4.1607160426537914688 7.55739e-09 7.09536e-06
6505133.4702258715406 5807 1.5041213269601889646 0.10674668083652243122 0.046609414998260143004 5.1806692755972507669 6.1241901245945893351 1.7191084208512352749 1.6124881406725091182 1.505834220330714901 4.88354e-09 6.13426e-06
6505133.4702258715406 6935 3.4939169770342295429 0.048658203887269789456 0.42285328747747780165 2.1380363635744821238 1.8528039057709253523 5.4022497818772263756 5.4392266212600866027 5.4755879021615569968 2.603e-09 4.97365e-06
6505133.4702258715406 4786 1.0753176595910212132 0.16325295114519891571 0.14392051435384742297 1.1382332207399645796 3.3923041706377503601 3.2238011157768613479 3.2385009881619493122 3.2542968089708779189 3.70633e-09 5.59541e-06
6505133.4702258715406 5525 1.7662159566551460799 0.048706719770472584052 0.066647833466835559868 1.2398021363566984476 1.5672859069734759174 3.4990313711971881006 3.5164806966160355728 3.534315555827004296 2.22151e-09 4.71773e-06
6505133.4702258715406 6428 1.449310725792915644 0.11343810065256333675 0.10566718023424688522 2.3957180218279217065 3.7049409068239316234 5.7989366203507266562 5.8493670708624598831 5.8970494607340295801 2.54419e-09 4.93591e-06
6505133.4702258715406 6270 1.9062975499670029578 0.16019930099582593841 0.10552341807416507069 5.1753711137811162502 4.2480091914995679048 2.289805192971286818 2.1618494930669158727 2.0288273181970573056 2.07589e-09 4.61231e-06
6505133.4702258715406 753 1.4990444172191663696 0.20925610595491966892 0.048025258105259253927 6.0959756334630101904 1.078349214862996952 4.7449858367859478747 4.9549701220063901985 5.1580994593914546442 6.96967e-09 6.90644e-06
6505133.4702258715406 5204 1.2281202238367099344 0.055455335505177644206 0.15056383248563132149 3.930362466222211637 1.2572962157788978299 2.0033232672528478169 1.9523541394489978273 1.9008868364443174404 2.66821e-09 5.01484e-06
6505133.4702258715406 6739 3.2023595669389006702 0.071671847991068612926 0.21185151766768503534 0.73982874937094944556 3.9799212600991542566 5.1855176039358399365 5.2483498708160345458 5.3099717726490380798 1.84353e-09 4.43337e-06
6505133.4702258715406 6996 1.5012036640876877946 0.26221326655540172501 0.10551475475789934277 2.2647987257095931746 2.7373771545663312388 2.0285675323233061107 1.7755189189976670061 1.5187813424919474059 4.62929e-09 6.02589e-06
6505133.4702258715406 6207 2.914239327539247526 0.067538077595776360718 0.16534389277944494534 5.2959935585121131751 0.068882057306949059927 3.2199731208153767881 3.225452060586983194 3.2311091278198511567 2.10618e-09 4.63463e-06
6505133.4702258715406 3539 1.4401001947530580605 0.0467077765244154966 0.12648153463773506577 5.5863373716470885455 4.4210021269609036665 3.2672570705532821833 3.2732533264371581616 3.2793851524392323427 2.55157e-09 4.94067e-06
6505133.4702258715406 6242 1.5727164816503362843 0.20702414117980513786 0.11693048109830667114 4.1547014887189162025 1.4002521657561957102 4.0261635831532149865 4.1991460671020206519 4.3794965564576724404 2.33848e-09 4.79912e-06
6505133.4702258715406 5277 1.9383200015026524898 0.14233568902920490373 0.11751402058588719668 3.9938720388984694232 4.6618979970365099774 2.452695595030629061 2.3565106882333104465 2.2558959865826562208 3.07432e-09 5.25735e-06
6505133.4702258715406 6371 2.8037143826841064431 0.27653054635848334231 0.26527955260378455193 0.17682614045569927663 3.1289267036115506748 4.4429739348286796385 4.7235754790927000357 5.0000887234259616676 2.27708e-09 4.75674e-06
6505133.4702258715406 5651 2.7853599577574557067 0.11202636166241211613 0.21681996063833572363 1.581155071207412055 0.76372184988446434328 5.4317649875980693608 5.5132360013877788063 5.5912174222183361749 3.34796e-09 5.40892e-06
6505133.4702258715406 5618 1.7858531966673782954 0.060529614900065233096 0.11239537489363987666 4.0808472657697443253 3.9490974484438257086 4.3371802385505047184 4.3941679343628585741 4.4516585700731123865 2.08811e-09 4.62134e-06
6505133.4702258715406 4460 1.5718092264303622496 0.10522267813693576832 0.17085999305244048418 4.6051299864124333183 4.6773059730624542141 4.6037104677419931065 4.7091095194495578014 4.8143316317592024234 8.50531e-09 7.3804e-06
6505133.4702258715406 4541 1.6485644704912427727 0.14299225726176795215 0.15242822149830995149 2.6693452035783460374 0.59157877314653983802 0.0046098176182042096063 0.0039916703159714487723 0.0034208938829866195226 8.09289e-09 7.25913e-06
6505133.4702258715406 5941 1.4295112698703813514 0.15833645450392527798 0.060947588391447787837 3.753788537496149047 2.0241741889499600404 2.6941988987936191791 2.6199644681778293531 2.5410666084754649496 1.64181e-09 4.26538e-06
6505133.4702258715406 5194 1.6264118258065816125 0.12141395659336873258 0.085472533740645451061 0.14029960384707243493 4.1533167120746217194 2.9522611947478911709 2.9278672856875500585 2.9021151463261096737 4.75382e-09 6.07945e-06
6505133.4702258715406 6981 2.6724682055409165748 0.74610512697048081421 0.22736648448934571043 0.4181703997543782525 2.1733832947801796642 2.6544446298611616974 1.9864517559638878996 1.3038760916718017402 4.02877e-09 5.75318e-06
6505133.4702258715406 6035 1.6760814443948224284 0.11815530130334206405 0.10897996571895893214 5.7312332657287008431 6.2415729757095341768 2.6245474945392990307 2.5627713925254851368 2.4981360018210612139 5.24599e-09 6.2824e-06
6505133.4702258715406 5242 1.4096869582036701818 0.11602019789505864378 0.077780124658262173032 6.1847567280223954 4.9323858546673413628 3.165551996524766043 3.1685132270381202169 3.1716361800554810912 6.62026e-09 6.78904e-06
6505133.4702258715406 5853 3.1322261760975673717 0.13626279861509954516 0.19436422014486173793 4.7472861983813876563 5.4962248001606992531 3.1573842174985271569 3.1597048398694291826 3.1621727221237723171 2.34516e-09 4.80368e-06
6505133.4702258715406 6435 1.7688295573207877265 0.52465869311577839618 0.33497234032925282676 3.9550718532633339919 3.9194244114324297001 0.2881335608980424845 0.1616524891652909024 0.077209002657901940059 2.19619e-09 4.69973e-06
6505133.4702258715406 2364 1.5646744666885166186 0.16353458189610942108 0.14125882369819914297 5.1642580029503362127 4.9045792303287178981 5.4767302662872250352 5.5890516849705260682 5.6936679908412139994 2.77188e-09 5.07896e-06
6505133.4702258715406 1936 1.73910614695789012 0.16458702972275593424 0.10029758828713045138 1.4152860508308051646 0.55187245413823338147 1.0426383498574083308 0.90545523159787899559 0.7759735844325568177 1.18379e-08 8.24026e-06
6505133.4702258715406 5146 2.795566522711120605 0.093595302218132184202 0.15259202419591369471 0.55044709009209302764 4.3842142836339679235 0.49674239095830324819 0.45381688439130762891 0.41278477317444661754 2.55901e-09 4.94547e-06
6505133.4702258715406 5990 3.1269413149064710922 0.026158715653576421201 0.091266633287375317773 4.8044063588401932918 4.2557979531418670405 1.7648969372873564154 1.7391615299942462247 1.7133726978336472069 2.30118e-09 4.77347e-06
6505133.4702258715406 4781 1.287880187411463373 0.082679103176130849806 0.10820905114178837325 0.34539523098718954985 4.5854507011576943754 3.6334051932924631423 3.6739913573712486006 3.7159593944465068027 2.90062e-09 5.1564e-06
6505133.4702258715406 6437 1.9759652231396531707 0.30368940429853680252 0.15944188103029038883 1.678106131782639121 5.7913780688298466259 2.8328634645597174924 2.7220317059980931873 2.5983209360725751935 2.58679e-09 4.9633e-06
6505133.4702258715406 6260 1.6416107014685494825 0.0066563690690806670558 0.18156792103356012014 2.1152526110908493884 3.443271782602139286 4.1356240270190065544 4.1412137952485696957 4.1468135737367592952 2.41332e-09 4.84978e-06
6505133.4702258715406 6759 1.4748512615618361021 0.082137355534205383489 0.11104091826246058339 2.9948167941914216605 2.2097133071023842277 3.0753796766112495575 3.0697028871726526056 3.0638031367228308888 2.57453e-09 4.95545e-06
6505133.4702258715406 5535 2.2132109559147310485 0.25888648585093254617 0.1952486560901064705 6.247994582598289881 4.1823068616196881209 3.1932206370153073394 3.2088699775997890917 3.2262740315045856931 2.07392e-09 4.61085e-06
6505133.4702258715406 6894 1.5800823207921914637 0.1760327197161573598 0.15040579228947451029 2.9229915090012834611 0.41190242035756291505 3.2293086297710722476 3.2463572461676322156 3.2647655254476859454 1.64258e-09 4.26605e-06
6505133.4702258715406 5536 2.7663510537585787041 0.15378925253061587197 0.21892259266482960722 1.4999434812851004661 1.9060638267410248137 1.9730054968698813589 1.8264594191964096392 1.6776689600659562274 2.74594e-09 5.06307e-06
6505133.4702258715406 5704 1.8196761386731876708 0.071439309691170863048 0.14344780871631704344 5.2330341117957885899 4.8316694348052839914 5.9633512513397413102 5.985101794878138648 6.0060827181882574521 1.97064e-09 4.533e-06
6505133.4702258715406 5165 1.9317685086390954385 0.1183775638543016484 0.10006654447654991791 1.1206385674674725905 0.38582080035170845944 5.7721080690377224442 5.8273367974738405906 5.8794494822403580159 2.50088e-09 4.90774e-06
6505133.4702258715406 786 1.1849285090630605755 0.13476648426874612841 0.088780260663866891746 5.8396383848053199372 3.7576439666859924316 0.5271523027289380936 0.46283054581331711796 0.40265964975998919106 2.6529e-08 1.07834e-05
6505133.4702258715406 5109 2.5780214531238270226 0.25221512899154469034 0.36352622891965463703 0.050246507674502401131 6.250830772333980434 2.4594035104187996765 2.2803924007868925372 2.0890556716366019963 2.21793e-09 4.71519e-06
6505133.4702258715406 6327 3.0404169597722399132 0.13379691124600978647 0.17255146048982353268 5.4592750469553035231 4.2941139667071395181 1.4235833926685552697 1.2921233183373730391 1.1634881161652941284 2.25041e-09 4.7381e-06
6505133.4702258715406 4735 1.0710119525056143175 0.158481749236141084 0.084028227682269571175 4.694711423066443956 5.2270274158049829794 1.190658416806100961 1.0470578690714484882 0.90981971806942596448 4.13347e-09 5.80259e-06
6505133.4702258715406 5236 1.8691075767643816619 0.26953676358255024281 0.11174078871318546269 5.1183361450673610094 5.7328499739870082408 6.1718747348394549235 6.1987151403080149592 6.2214558898431215894 3.14636e-09 5.2981e-06
6505133.4702258715406 6863 3.1402087209560232139 0.14156061425427571288 0.066544363971854758599 5.5203954049618548794 5.9247044130506552051 1.3416519149073604655 1.2055078674599715161 1.073287315380401008 2.72515e-09 5.05026e-06
6505133.4702258715406 5484 1.5559276396817818267 0.098395890184781245602 0.026205778319989703889 3.9295360464958273283 3.5029450888413031784 5.8787226002129200353 5.9158502439921711868 5.951187116480839201 3.31273e-09 5.38988e-06
6505133.4702258715406 793 1.0028468456598864655 0.22596795106180309065 0.10692920753181986426 5.0814668028104534869 4.1100773065807851836 4.6296488306624592468 4.8589629436403729557 5.0825078978740716451 1.22648e-08 8.33816e-06
6505133.4702258715406 5199 2.5780278263095737223 0.49694366055029470797 0.20386756581980264302 3.302703538722417953 2.6174817379062806921 3.6531983852565859117 3.9892104778610208982 4.3617721611598465614 2.39728e-09 4.83901e-06
6505133.4702258715406 6951 2.9742385654558263219 0.081146190372967511029 0.024541582973763621106 5.7573361950239814178 4.7432886238263023415 1.7422077442245655909 1.6616033004449506372 1.5807914421857951481 2.54062e-09 4.9336e-06
6505133.4702258715406 6569 1.5748503547302308281 0.12215268198977487224 0.073292800072108713061 5.6282231355908365344 4.8607918933257439065 3.0920795065242083766 3.0856153046838667997 3.0787810918157285656 3.03689e-09 5.23592e-06
6505133.4702258715406 5290 3.1882174283187083574 0.067608010820664560248 0.14400778844856615413 5.0083852539855264752 6.1481674473963590088 3.3914445802281645292 3.408747493496686598 3.426595215873120992 2.68653e-09 5.02629e-06
6505133.4702258715406 5908 1.0749668958742686353 0.047337347909049684591 0.11568071352755376902 4.1773427773129796492 5.8370380483265309479 3.4419688175837364064 3.4563069369099581607 3.4709599668105068915 1.41972e-09 4.06366e-06
6505133.4702258715406 5511 3.1856502540550448721 0.029151031750401429354 0.16349254498276391545 2.286157245811732075 2.265347233205069255 3.5540752657642076251 3.5659220469930521524 3.5779238107100828081 2.90982e-09 5.16185e-06
6505133.4702258715406 3318 1.4718733350969226414 0.22858047727384825376 0.14152263802627643163 0.39518452294240363765 4.589949262298137711 3.1794309689742781266 3.1893409171457660634 3.2002510912371540108 8.11014e-09 7.26429e-06
6505133.4702258715406 6089 1.9610590729933838894 0.091319218375990426906 0.11229483863929015652 4.390659049042602291 2.5282875436602845198 2.0269470670627307562 1.9431523709962108537 1.8580910050798384869 2.91473e-09 5.16475e-06
6505133.4702258715406 5321 1.5825466300974522227 0.080070202282713803799 0.085277402440962990493 5.5472062350456896596 6.2575940781419872039 6.0964231825885537575 6.1107496398230747303 6.1244882774195312791 1.78553e-09 4.38637e-06
6505133.4702258715406 6639 1.8726081402436904888 0.15186849052910206259 0.085690248736306595667 3.286963805349966794 5.2302212135795311809 5.3838619033609713682 5.4979055785667148015 5.6052800989307112189 2.07227e-09 4.60963e-06
6505133.4702258715406 6707 1.7536707420864887652 0.035584222304454161956 0.064895893088177961094 0.72358539770210705822 3.1794890323939415389 2.8604378541620909537 2.8503896089544502601 2.8401732069284761906 9.44992e-09 7.6441e-06
6505133.4702258715406 6467 2.1435250060892525603 0.33900454111611783015 0.059831127997592124801 2.7781265885749490963 2.3043628122725645646 1.6571710521245397452 1.3074104455995652074 0.98009681639125623143 2.08317e-09 4.6177e-06
6505133.4702258715406 5328 1.7385225298260233995 0.32373451668895231181 0.052040658141143676663 2.7924231473460485731 4.2290493742000627719 2.951077766182765405 2.8758140199178434671 2.7907817038628541795 2.1043e-09 4.63325e-06
6505133.4702258715406 5733 1.7772298911903012808 0.057157066406407719406 0.10280172740952740751 3.4111245055424563866 2.7183111040887690812 0.86791422672282747541 0.8250675817971017123 0.78308036441001493966 5.33623e-09 6.31822e-06
6505133.4702258715406 5660 1.8043995354773461059 0.12418452537652591161 0.013356141659209947239 3.2393163589259494906 2.207402330103029886 2.6380756106011582496 2.5744702285355716143 2.50775740927086499 2.91299e-09 5.16373e-06
6505133.4702258715406 5634 1.4082856300732982113 0.18642378504864057231 0.11804050145630159974 2.6771708735002630597 6.2661092856393940664 2.1726779794769481846 2.0093016828302165955 1.8405159591122131069 1.63706e-09 4.26126e-06
6505133.4702258715406 5938 1.3287233844598937971 0.087476884116103964528 0.10396237518310459669 2.2862906926209323188 1.4324685354378490221 0.30098425580378629363 0.27604609337725555251 0.25220395589734917463 1.88863e-09 4.46923e-06
6505133.4702258715406 5974 1.2275498091290228952 0.21304164460568209005 0.082357998148554351081 4.7047453591228780567 4.679517372416587051 3.3934235344680931945 3.4533644089539095035 3.5187139659856807583 1.10219e-09 3.73481e-06
6505133.4702258715406 5130 1.7975738570981836251 0.046180169534471807169 0.090194605286560231017 3.8375955675389104016 6.1529356720401295888 2.51312568512358947 2.4854460784413525687 2.4572730286888564422 1.98119e-09 4.54108e-06
6505133.4702258715406 5567 1.8738688621078245511 0.17855954065902443495 0.14996570667386885378 0.71559079925605861838 2.6115930958920703375 5.8817155638290401498 5.9466522839677340428 6.0056156058645582263 1.31986e-09 3.96606e-06
6505133.4702258715406 5099 1.2311771689452220002 0.08044284730787387705 0.19267037017030011481 5.1732407301256291277 5.9355584252722239924 1.6803844905580143099 1.5999833168832766628 1.5195747309851661555 1.59506e-09 4.22451e-06
6505133.4702258715406 5983 1.8967883221936527871 0.23805284081978531074 0.013796311611059802055 1.4247497886244604448 3.6462700170283040002 1.8000579034072685669 1.5593843526738579985 1.3213470128719033703 2.29788e-09 4.77118e-06
6505133.4702258715406 5527 1.6024670877915090372 0.13972087741680419559 0.16638332193306962226 0.1354579488496915618 3.1625318057921094628 3.7272999059425302448 3.8096930723534647711 3.8962495878943697036 2.37258e-09 4.82233e-06
6505133.4702258715406 5303 1.1025504345889027835 0.20525622063170684273 0.039877500161122181321 1.8422293839509320534 3.3718277709883182069 3.5013122008404580221 3.5821514247978276657 3.6696819030753453639 1.73716e-09 4.3464e-06
6505133.4702258715406 6928 3.2269442122668774431 0.043552840781420340543 0.17945870061267155116 4.7005711990339849038 5.2242437713243905506 5.3590005658111650177 5.3933239377159800654 5.42716381925177771 2.08658e-09 4.62021e-06
6505133.4702258715406 6704 1.265988970284970927 0.015752722037884431955 0.13414262496015544324 4.8506539488878077648 2.8593755868400037023 6.2648996884396010998 6.2651854877044357295 6.2654690185464225749 2.12708e-09 4.64991e-06
6505133.4702258715406 6110 1.5333035547222528816 0.27151704081634331356 0.11551530106317527136 1.159953882748943732 2.0167791369151282233 5.6723550245556273453 5.8146667510544673974 5.9372743382997494876 2.11495e-09 4.64106e-06
6505133.4702258715406 1866 1.4221395167148671579 0.096882901124599296594 0.13606211808500273674 3.5456162558224071368 0.176677963559122575 4.5228825653283983854 4.6190615135695622939 4.7155227950411742199 4.15901e-09 5.81451e-06
6505133.4702258715406 5972 1.7681957028386439124 0.27987587113174994258 0.11908439994410870144 5.4280197903210440913 4.229288954355586938 3.7426285971214690029 3.9251737009611145091 4.1227158896738602678 2.46946e-09 4.88709e-06
6505133.4702258715406 6814 1.6633780180499693202 0.033200127620595522304 0.1221903559050216137 0.61700917213673023287 3.0811082523931379029 2.3901001897757874204 2.3671497650625292763 2.3439323197215653494 1.89305e-09 4.47271e-06
6505133.4702258715406 5074 1.6106058066003943186 0.053472322495120828967 0.15715545294518495911 6.051136113774446379 0.19673255091613936485 1.4062825882427592017 1.3537368726877634373 1.301519281264881478 7.61828e-09 7.11436e-06
6505133.4702258715406 5804 1.9421734798884353612 0.030134944649789257437 0.12021278051632054706 4.0118100171802257847 2.8429841629543690651 5.0896383105713844941 5.1175040590787705952 5.1451997923477064134 2.60554e-09 4.97527e-06
6505133.4702258715406 5185 3.5254125519682588674 0.00396742202879989906 0.29306062451205761032 0.76411657357811546554 4.7760971990152825128 5.0650815139264500075 5.0688021862864474087 5.0725202730431488973 2.64564e-09 5.00066e-06
6505133.4702258715406 1465 1.6502248600420481583 0.028923614618679576588 0.076374195461420588127 4.1931432553999101742 5.4407463033936389607 5.41403636314524217 5.4359269912359531318 5.4576043182649067731 4.65109e-09 6.03534e-06
6505133.4702258715406 6582 1.764419734946483187 0.21555214134015221461 0.13501941621145763239 2.8411022350076811094 2.6466273038929259975 3.3811091443347058849 3.4389689013049533628 3.502128400289710175 1.86721e-09 4.45227e-06
6505133.4702258715406 5739 1.8393718162763281754 0.1145042220339491934 0.027425864045917614648 5.6747697450172802647 1.7334261888584514555 4.8093823839292149103 4.9229696318051336945 5.0349444220611969669 4.86337e-09 6.1258e-06
6505133.4702258715406 5119 2.0540418847835000271 0.60937471253109898317 0.069418323356145408831 0.54325356647109179775 3.1339962235260658829 3.6303089145468243615 4.0786340515191294998 4.56967405734875598 3.36748e-09 5.41941e-06
6505133.4702258715406 5548 3.2078979563099032646 0.11543038154435836251 0.34532655641287945958 1.5374302533903632106 1.9371273966283384382 4.0363436775188619166 4.1300155384035228678 4.2264183287732075556 2.11518e-09 4.64123e-06
6505133.4702258715406 5914 3.1924322569948544448 0.10088192934006570689 0.1226182577922595579 4.8392831572363652626 0.55001066524186759121 3.8524862775380270818 3.9210840503770079124 3.9919957497036371308 2.63408e-09 4.99337e-06
6505133.4702258715406 5262 1.6978552385509630973 0.15601138805532241416 0.15393440370134470196 4.9973539909547390891 2.8479745657593342756 1.653300096653429696 1.496167276535564028 1.3405901392116417181 5.08958e-09 6.21934e-06
6505133.4702258715406 5490 1.3241858916857629502 0.071206045077290419654 0.089171752191957776024 4.6817061697277342347 1.1494241296126259666 3.7096562942839321764 3.749197070504167506 3.7898487642207410175 5.31486e-09 6.30978e-06
6505133.4702258715406 5459 2.9769401717517345318 0.18567129913429883392 0.1886497900541714845 5.3738328116478326635 4.1288916257682402033 3.7284408830754456332 3.8408095909532882217 3.9603110870750017902 2.51526e-09 4.91712e-06
6505133.4702258715406 6658 2.729874796777538748 0.15294975316796882714 0.47743350909347287425 1.8314053290017695552 5.6349264018957123668 2.8245881837525450564 2.7728577707644772588 2.7177292286615011285 2.90725e-09 5.16033e-06
6505133.4702258715406 6282 2.8134356148844323897 0.048017645124634765474 0.056544852723997438004 0.62231822199449315924 5.2241610516462060332 2.5164720885530540428 2.4877995757534687726 2.4585951646264816439 2.68214e-09 5.02355e-06
6505133.4702258715406 5678 1.9882260484979084048 0.22385422053935088993 0.1027612574936938028 4.9239907353623042496 0.58489627467711724496 2.5063166930334914717 2.3585345086112163848 2.2006165030972635321 1.85255e-09 4.44058e-06
6505133.4702258715406 6980 1.909326547595603607 0.10069257267376817422 0.17271572466035178817 4.6087803229320662979 5.8472258875281273305 3.4446693346080525799 3.4763206675153859315 3.5093994152776861739 2.66988e-09 5.01589e-06
6505133.4702258715406 5841 2.0817482390937049885 0.15186688154798846928 0.16325884108279581364 1.3564101100182903714 2.2393365586724094385 4.3805954663327266729 4.5284319109498287759 4.6777364275728130494 2.76225e-09 5.07307e-06
6505133.4702258715406 6045 1.9119623390343951641 0.079235661063965664996 0.14027947674559310132 5.5084456982006635428 4.1721356685827100108 4.0860529024323879455 4.15185655347939786 4.2189669535188709659 2.95219e-09 5.18678e-06
6505133.4702258715406 6634 1.8736064947354751364 0.085870060333637227012 0.079282976788041942262 2.5789996544538529299 2.9565052812257968107 0.091371728329559920301 0.083844514070728320965 0.076653213195046268624 2.7181e-09 5.0459e-06
6505133.4702258715406 6381 3.057188657617698091 0.061460420618469353837 0.24675375298217719355 1.323703243356775916 1.3177889143594307964 3.2481340276365862074 3.2548822775832233489 3.2618302209662499713 1.78827e-09 4.38862e-06
6505133.4702258715406 6484 3.1810082478246690663 0.12920874721309102973 0.22886714138466879298 4.7364788314679904246 5.9069689341087414647 4.7193605530545292837 4.848869998040436613 4.9768772219912458254 1.88476e-09 4.46618e-06
6505133.4702258715406 845 1.3525448525419934143 0.13490360645692733854 0.079841604954885347922 1.7580696697677375973 3.5261365527656542973 2.2615324897587472108 2.1524696127583586858 2.0397516492424330181 4.26604e-09 5.86397e-06
6505133.4702258715406 1239 1.521194647223546248 0.10075951410980592271 0.15238610213372255631 1.2438047105082168375 2.4789373978373907548 6.007578321923006115 6.0337924308888437608 6.0586614572672452539 2.31746e-09 4.7847e-06
6505133.4702258715406 6015 1.3290194507950932046 0.098417708973229642289 0.10692004729226103898 0.6076460448838645334 5.8193560799798795813 3.6773233940787641849 3.729903599102606826 3.7845211686425197506 2.36736e-09 4.81879e-06
6505133.4702258715406 6809 1.7788003272263799293 0.053919641877450602552 0.12306887733002021268 3.6429498327739602281 2.8108469451125430716 0.41477306252003276477 0.39355335667745161565 0.37287665466167313477 1.72631e-09 4.33733e-06
6505133.4702258715406 6960 3.0010265544327157095 0.21095037362840141082 0.12552908557438394177 0.30331376620815009293 5.0038719113201786115 2.8288858622625236983 2.7558694297075305712 2.6765037138238914061 2.28045e-09 4.75909e-06
6505133.4702258715406 6832 1.7601353361590290625 0.051917825948139782744 0.11203792101862102004 3.2111143856549051456 6.2366536558089897824 0.71024755112401516399 0.67703050677588094697 0.64450496185389594128 7.86044e-09 7.18895e-06
6505133.4702258715406 5310 3.4971828938983620105 0.043574097780222351139 0.29095247662608514361 3.9159173677593535068 4.5639049791755637031 1.0143412727239344839 0.97774891307995037693 0.94161546892559222499 2.51895e-09 4.91953e-06
6505133.4702258715406 6387 1.5097565399588084301 0.35693061834654904452 0.13574159987828179896 1.3447102767374723431 4.0898925526521781038 1.219177175429340565 0.8962173196833158606 0.6174652292121703967 1.76953e-09 4.37324e-06
6505133.4702258715406 4589 1.2043753168372897111 0.11411536583049050608 0.035137063279594801801 5.5398647063037662619 4.4627350527402498415 0.54089279784164145948 0.484714415306467028 0.43154171118817341579 3.1377e-09 5.29323e-06
6505133.4702258715406 6807 1.6251040923224060464 0.14165218549017780103 0.16187209135082247791 2.8919924706863624486 2.2913620439387152317 5.1820424135201470506 5.3048802050143883946 5.4223880703735876097 2.57067e-09 4.95297e-06
6505133.4702258715406 5033 1.4391215253113289751 0.15720483544544941457 0.13182074540642244043 0.47592185406816905902 3.2309816513402798144 4.1445630122658716488 4.2836275292872247888 4.4266023979648201347 2.08208e-09 4.61689e-06
6505133.4702258715406 5949 1.6146844470732519827 0.14547654363102566211 0.10444885809672800614 4.8770901096167253996 5.330389470019404996 3.8716497250560113486 3.9747184535846473707 4.0823765205900048869 2.21075e-09 4.7101e-06
6505133.4702258715406 6445 1.8421206935661282866 0.12896824887798846726 0.057395228792993364941 5.4012839884849768168 4.4029347137940400003 5.513606640711543605 5.5996653091175208061 5.6811121343295631902 2.3322e-09 4.79482e-06
6505133.4702258715406 6752 1.9329606974844832923 0.097157916268403046733 0.11275526423021492439 5.7555058801272371838 3.7163099861125776791 4.9913046845918334071 5.083625187569985826 5.1741646678870560905 2.54013e-09 4.93327e-06
6505133.4702258715406 5538 1.9441440847284356952 0.074688582197372385685 0.13201554566273346336 1.5284937440571804146 6.2390318432734037657 3.0008004386708089228 2.9899014699891557356 2.9786152700126899973 2.97954e-09 5.20275e-06
6505133.4702258715406 6724 1.4667017239818760377 0.16607639355436548678 0.04604897670244732788 4.4682286974913516531 3.5656751245348892176 2.2692245139118707442 2.1340731241441943666 1.9936538766244835674 2.83334e-09 5.11622e-06
6505133.4702258715406 5757 1.8279923392119503678 0.22894972382600056737 0.15437225965274117834 2.4825747671270605998 4.1651100982876414491 5.0962887159221921252 5.3017457669842498191 5.4920712983086499293 2.94097e-09 5.18021e-06
6505133.4702258715406 6267 1.7611033106705902274 0.14028679894099563286 0.1140274132217274361 1.1052546243642877855 4.1009546172145121545 5.5930887064546785936 5.6781617976488378829 5.7579543213392803125 1.78459e-09 4.38561e-06
6505133.4702258715406 3487 1.3046172287124115918 0.10605746011070558976 0.0084980167520996643948 0.92800168295155360809 4.0103996302504612004 2.3783966618394494219 2.3019778854145345193 2.2230302036152891354 7.96126e-09 7.21956e-06
6505133.4702258715406 1996 1.3415644316744121944 0.091468341923389068215 0.12471953300333939174 2.2020358244349731436 0.93581256548013913577 4.067540739832056218 4.1428345010408706983 4.2198637702242738357 1.47503e-09 4.11576e-06
6505133.4702258715406 6976 1.9433264794510551887 0.14011566135088060481 0.11230060924339389794 2.285443215765681213 3.3022263531684146187 4.9692052194910223406 5.1028055251888391197 5.2323775690698717256 2.49674e-09 4.90502e-06
6505133.4702258715406 6956 3.4730780443863245033 0.10019023039077595838 0.37687799986607700697 4.5875468086733830475 0.045860869658513318814 4.7081572414553090056 4.8085362532114395151 4.9082637460638691707 2.20649e-09 4.70707e-06
6505133.4702258715406 5181 1.4645031210366068475 0.043939079109011840163 0.056224671664249881164 4.4357140352783481774 5.9607472978044651057 1.7657111635159625784 1.722405662115624736 1.6789705949338398216 5.47157e-09 6.37119e-06
6505133.4702258715406 5862 1.5317833663595081806 0.16875331445467001146 0.12783860175065947518 0.19002228500081191909 4.4949445494263748913 1.4278870960176575089 1.2620408586671589823 1.1012674686845336236 2.59002e-09 4.96537e-06
6505133.4702258715406 6895 1.8189779770952081428 0.20277753143874585606 0.11766060372286606117 4.2369929388658853497 6.2662495517125291755 3.9322351727869655491 4.0888735795294994801 4.2534946373475976955 2.5437e-09 4.93558e-06
6505133.4702258715406 6969 1.7305606328198495092 0.11302110525273054153 0.059079445044345577087 1.944693106134209204 5.1384690287222412053 0.77292451035416287475 0.69688030569722447805 0.62434014123657277651 1.06542e-08 7.95593e-06
6505133.4702258715406 1633 0.95570397776593607464 0.14615287165667581459 0.012518972126110278209 2.7074677285540462712 5.4150583307107460485 3.0153894375497070079 2.9954407170471095689 2.9741561555002125061 5.91548e-09 6.53903e-06
6505133.4702258715406 5114 1.6552482840488449423 0.012310901511093487806 0.068134469068603084607 0.20859208710749924109 2.7167911100353250298 1.2048039393200784541 1.1933333600977500399 1.1818891130172304305 8.67957e-09 7.43047e-06
6505133.4702258715406 5030 1.776224140262454787 0.13892627072104019037 0.048146396622273338051 0.49709944655217613851 3.1558719376582184957 3.0279076129413287077 3.0108912685873110426 2.9927850664459012542 2.14686e-09 4.66428e-06
6505133.4702258715406 6179 1.6789300773606308237 0.22098985873917223466 0.09516069389988579541 4.8662491872550681649 2.9096506485306568024 6.1998749919112450257 6.2166265467729742156 6.2313245000647601302 3.08808e-09 5.26517e-06
6505133.4702258715406 5394 1.6048256774209446185 0.08805323591046772258 0.10997549463782474444 2.5694839283375801031 0.22960848277732462397 0.044849317525213788782 0.041060789108902200073 0.037446269631629489072 4.23442e-09 5.84945e-06
6505133.4702258715406 5996 1.8577948134429671523 0.14398233802944018778 0.069840696324217910185 4.1259716080361412693 1.1075626627990193818 2.6620184553526518023 2.5906852857810016566 2.515316209483368759 2.28464e-09 4.762e-06
6505133.4702258715406 6751 1.6439821919926915772 0.13523119544197673148 0.061262415537182458858 2.0747763844725670701 3.8025664639630174513 1.6698135758938874584 1.5339194295087323905 1.3987801744736989562 2.66624e-09 5.0136e-06
6505133.4702258715406 6142 2.6557064509437529054 0.16248445278408413239 0.37718462030971738885 2.1105182379701008522 0.74697045289844099525 3.610796425906324103 3.6905371258865500295 3.7753194131847647164 1.8801e-09 4.46249e-06
6505133.4702258715406 1969 1.7158060827929386694 0.086987225232856263402 0.029888273712267557358 3.268115998264505162 0.89707884284279282294 3.7129857836657214065 3.761901757590069284 3.8124662751977878017 1.98672e-08 9.79255e-06
6505133.4702258715406 6167 2.0491714665879312562 0.11236509552024155634 0.16840420808936645836 2.7426551514518715535 3.3292126143557658757 5.0334593597101742191 5.1384552915113044236 5.2407747848846559791 5.7681e-09 6.48427e-06
6505133.4702258715406 5360 1.5789132118282160899 0.014695754700030209255 0.10454119615136482635 3.8156693637560170629 3.9892962780894718477 6.1930394928270748878 6.1943529191223420938 6.1956566618457866724 5.49004e-09 6.37835e-06
6505133.4702258715406 6747 1.4904110654643489831 0.038451670334101274717 0.15230637524867901567 2.6450432102429104475 3.0005289773663319508 0.22958413144506750747 0.22099133086096897638 0.2125628418878985626 2.21376e-09 4.71223e-06
6505133.4702258715406 5635 2.9682555582517125004 0.68501074482017321188 0.5539278142603935029 1.5730876341169974797 3.3220843680214264815 3.637144248648153777 4.2003744492750252348 4.7975389292160199872 3.06016e-09 5.24926e-06
6505133.4702258715406 884 1.4278396267293262945 0.011949728679173802007 0.12531866692065044 5.5745713733085455743 0.32159810341572764303 3.2114988693000152686 3.212338584250577167 3.2131832739053973746 2.12252e-09 4.64659e-06
6505133.4702258715406 5138 1.6621052160113340967 0.16146227466485241209 0.051211530453866602186 1.761569854369969379 3.6724115157499830353 0.19543581327610928811 0.16620609254180959691 0.13949346331994363912 2.37553e-09 4.82433e-06
6505133.4702258715406 5672 1.5903686055295083168 0.16479717434367122109 0.054045631164690001447 2.7966248425911741649 3.0270352926666439508 3.0789241426399267532 3.0675942275544794136 3.0554106222428334405 1.89005e-09 4.47034e-06
6505133.4702258715406 5517 1.803566157769025402 0.1205066705514736547 0.098069985959265026931 0.93020372157437414273 0.27720191083971812418 5.3057122017347317922 5.4026325382546023235 5.4955541423537441759 2.41819e-09 4.85304e-06
6505133.4702258715406 5642 2.8631494255061893384 0.24873039521269710295 0.12103299625106908599 0.40628107674287450291 4.8465638989304888895 2.3447653758779929412 2.1471869422661447047 1.9386426171003880992 2.80041e-09 5.09633e-06
6505133.4702258715406 6737 1.8105130000347238184 0.15626298436461685815 0.14917579333349306747 2.6396371830904388212 2.3744466158710837433 5.5314857568278084088 5.632935918606439607 5.727535173069508545 2.16814e-09 4.67964e-06
6505133.4702258715406 6029 1.9361894340172633999 0.15761423656513068314 0.081111204740265480106 1.8120897955417514247 1.601469205660575934 4.0821638452166091326 4.2163806156993910434 4.3550006435717376618 2.8298e-09 5.11409e-06
6505133.4702258715406 5003 1.6116420392039667586 0.189364411837360469 0.066614696773977438715 5.5323235118232165775 1.1527218274621133798 0.30161730460713598312 0.24960801760269879512 0.20283043593200494881 2.56915e-09 4.95199e-06
6505133.4702258715406 5880 1.7947866934514402626 0.2266222750961625898 0.035664700859899860219 1.9026760815427041784 0.50611569340622342139 6.0218081834760193161 6.0752056013606390295 6.1219993767670386475 2.24295e-09 4.73286e-06
6505133.4702258715406 5179 1.7116117487470920988 0.066090366242377046602 0.18069930289314609095 2.4664700207683711852 2.6912725572335896018 3.8897488395271135886 3.9358688431377686356 3.9830148384284163043 2.12661e-09 4.64957e-06
6505133.4702258715406 894 0.86465487495547910246 0.21751970549249596831 0.1548752242709295901 4.742464425113491977 0.50510285728611004075 3.5291951079167982464 3.6217836276433090781 3.7222665423966678766 2.56661e-08 1.06652e-05
6505133.4702258715406 5076 1.3952598009658001565 0.11105762317393173821 0.10132034727929722928 3.4240256629420695589 4.5639724376084078727 3.6500973944788404069 3.707094386366155625 3.7666034483479799988 8.99692e-09 7.51995e-06
6505133.4702258715406 2309 1.2085734708208817345 0.10020212365407071831 0.074975492313732572391 4.8387011022251122938 0.22421975891522133439 0.83835455546358372825 0.76612049004067439562 0.69664586210275303291 2.2627e-08 1.02265e-05
6505133.4702258715406 897 1.5371668422604256588 0.082272763837440754386 0.076941938664205997145 2.0701298399848320209 2.1607727334347957004 1.8003224189500577346 1.7193560617153302861 1.63798950910068708 3.39891e-09 5.43622e-06
6505133.4702258715406 6324 1.5593370967018198581 0.057353111407846206482 0.12727813337841215047 1.6607275619685375467 0.14081585497902432413 4.3414367834009990332 4.3954821742744520918 4.4499793238852429766 3.61321e-09 5.54815e-06
6505133.4702258715406 5899 1.8642906032477073452 0.33153895452223586249 0.19886083931226167243 5.0097478023387074231 0.87776014484252806724 5.9850516991621738327 6.0711664479870011135 6.1409335098408392994 7.73132e-09 7.14937e-06
6505133.4702258715406 6118 1.9399140942319987868 0.13460082954915775222 0.058546091141324758944 3.1743975211414872106 5.649699292483810531 2.7922033184542138784 2.7427858598292766956 2.6905177936194695221 3.1773e-09 5.3154e-06
6505133.4702258715406 5382 1.9684399901302531699 0.0952471040992331347 0.10660525229307407646 3.9701704442074992052 2.4778151255813902765 3.7044603429792046789 3.7575317456151302586 3.8125584067568425439 2.55203e-09 4.94097e-06
6505133.4702258715406 1756 1.4332622402925614402 0.19555085705210034641 0.10228586904086343912 4.1133505450447325202 0.9044785249844981001 2.0495047934060375283 1.866406913191274386 1.6793381836461391821 2.3895e-09 4.83377e-06
6505133.4702258715406 6233 3.1118542418363412949 0.15155858937895042016 0.27433515310456252356 1.286176628623391105 5.2638235548770984096 3.4288908839049150323 3.4754843105374484402 3.5251534305684826265 2.38928e-09 4.83362e-06
6505133.4702258715406 6131 1.5746143490819559663 0.072379017547151203171 0.10895489610434068439 2.547603690384157904 1.1472612238626476167 4.3264617290817932727 4.3945075621527101006 4.4632603708208122839 7.53548e-09 7.08849e-06
6505133.4702258715406 2302 1.1411041352736166488 0.12177284038864324978 0.17146128738711308159 6.0432351562559052383 1.9789459697153772844 3.0135976121298884145 2.9969894328225441527 2.9794419905175502095 3.55428e-09 5.51782e-06
6505133.4702258715406 6906 1.5424421868010089742 0.42435029610993085791 0.08455266708163809708 0.61416680673709200811 5.1202440967091842339 3.5173302523952134635 3.7227526119460985221 3.955718306154891728 2.85032e-09 5.12643e-06
6505133.4702258715406 2930 1.4000299331015271243 0.20312349600912743552 0.070960624663563898196 0.089978935675671445349 4.9422806147811062516 1.1035660674777987289 0.92884644252320225366 0.76615878721315444633 2.36539e-09 4.81745e-06
6505133.4702258715406 6216 3.1935003202475660267 0.18830307055701797636 0.38430424095781107185 5.1050710940672665572 5.9803944979291197015 2.2588565470399304402 2.1029766538686218702 1.9407153721256007461 2.01751e-09 4.56866e-06
6505133.4702258715406 6606 1.5736705747756358775 0.083255427705175660824 0.062808171442361684922 3.1044734884652864793 4.6236024557692436687 0.21735262151893156024 0.20007186323843081932 0.18352569943100743854 2.89957e-09 5.15578e-06
6505133.4702258715406 5367 1.635442595258957077 0.12216339788451846537 0.15213907220323966141 6.0550949097736683768 0.06766196992656932363 3.0696134909344126029 3.0602204962219108353 3.0502907636239888767 2.85701e-09 5.13044e-06
6505133.4702258715406 6988 2.442854095782104995 0.56918515855669926662 0.27194192652675613919 1.9080922169550482703 5.6198486544292896028 3.6293602277178949045 4.0283343042858339444 4.4694623541742179995 2.59659e-09 4.96956e-06
6505133.4702258715406 6180 3.0609786489909334151 0.060253336576421373527 0.18749862652349855163 1.7650036865761808969 1.9422147477637090596 2.7379887747938274067 2.7136293052867213049 2.6886230443224254927 1.88472e-09 4.46614e-06
6505133.4702258715406 6836 2.1205878897736765154 0.11815288177703948957 0.16721629146051517067 2.5829545253078558531 5.8876521782750375067 3.1572303919041688758 3.1592012813798597826 3.1612816839839261718 4.61039e-09 6.01768e-06
6505133.4702258715406 6007 1.7588651170297593396 0.33726671769109134447 0.076154641334394493346 1.6989818716275248978 0.17382092970827056622 4.5538330690064316997 4.903004811756263237 5.2341628682085286073 2.63753e-09 4.99554e-06
6505133.4702258715406 6449 1.3885806426873967823 0.16379950205547816333 0.035132559177060228295 1.8753134699576272659 4.8529467492479918533 4.8093610740895584854 4.9718410703328022038 5.1301583160905934733 2.72155e-09 5.04804e-06
6505133.4702258715406 3337 1.3892547181811707446 0.10727618279482735442 0.17232563353665378281 3.8453342666657110982 2.0871588031748999903 3.5781383558997772454 3.625949269721917112 3.6759012525060925647 1.23471e-09 3.87886e-06
6505133.4702258715406 6367 1.4887591544297225088 0.36578603579941348922 0.1077959581202597994 0.69895930044896203981 3.1030477313490441027 2.290273205853599503 1.9674457173218289352 1.630059086150645653 1.45694e-09 4.09887e-06
6505133.4702258715406 4194 1.0360264755372132761 0.11838734009281548509 0.06759942005423956457 5.9634302572934325681 5.3563259666595621766 6.2732577300467795567 6.2743710277773683259 6.2754145133588457028 2.52016e-09 4.92031e-06
6505133.4702258715406 6368 1.5381980189749726584 0.23260123330855234092 0.13164235845393537638 0.14250535963310895227 4.4758117649280961814 4.5409889502272759998 4.7770361601430213483 5.0091515124402485881 3.51985e-09 5.49995e-06
6505133.4702258715406 4427 1.3575374585985395814 0.090033424983494758642 0.11563012344069095727 5.7657675752598445129 2.1273779000610835155 4.3298050927495337348 4.4148815144284903056 4.5009597813989454806 5.29375e-09 6.30141e-06
6505133.4702258715406 5177 1.8135725414616226114 0.30396575855006541245 0.15275258893805310212 1.9595489513213883992 5.8616760860647527664 2.1742811750837574003 1.8949332366627955615 1.6067962014559875605 2.10151e-09 4.63121e-06
6505133.4702258715406 6395 1.5275160679386443618 0.20436458385974942686 0.090943913242810051067 4.3892536355094051714 1.1794852544073168854 4.9730520977635270796 5.1668364853698101058 5.3504588184422727792 2.27089e-09 4.75243e-06
6505133.4702258715406 923 1.5609657867720869717 0.1227872399698317768 0.069209091097751085364 2.1494840255431828524 3.2306848082151589097 2.3472926248876451183 2.2554627584257707085 2.1603480733610700426 2.53731e-09 4.93145e-06
6505133.4702258715406 6615 1.5372669287406137695 0.32665014051046020738 0.12205492636786594018 0.81512848400207249533 4.0914138106234787529 2.4747179052516896647 2.236529473831367909 1.979630839382362506 4.67657e-09 6.04634e-06
6505133.4702258715406 5631 2.6170926245461858528 0.038492619964042476544 0.11918565422982703439 1.0921039113916879426 4.2202563200912255326 0.91713111180800255262 0.88691808090811075083 0.85708136324713646292 3.10559e-09 5.27511e-06
6505133.4702258715406 6880 1.1829246159202475575 0.18729711279631214293 0.1065706752266331464 5.61242287085897118 4.509285498967130934 5.6805555591120509007 5.7798483027709348647 5.8701913199842481461 1.78966e-09 4.38976e-06
6505133.4702258715406 3020 1.3018441290936599852 0.086161143665883996312 0.048529078555104764037 6.2737209904515367498 5.8591334030739385952 4.2215122012381929295 4.2991829930533844717 4.3780926576507610548 1.84633e-08 9.55624e-06
6505133.4702258715406 928 0.90230489969498717251 0.099905902547065023045 0.2334001331451975858 3.226106146695192578 1.2029870897591505852 4.6716691205872029613 4.771863070968747067 4.8715923336387740861 2.07553e-09 4.61204e-06
6505133.4702258715406 5668 1.6491115921579793113 0.17761029558899915637 0.1069269535998783327 4.2919738884500393539 3.8690588301448554098 2.5025898441906200276 2.3876755253865877826 2.2661013415856161579 5.17696e-09 6.25473e-06
6505133.4702258715406 5957 3.1828124438085425574 0.035981881120879619096 0.12261804068773297927 0.36370053103989530285 4.1623275853512335942 0.19290682231902511745 0.18612620016367148468 0.17946763073795354848 3.45473e-09 5.46581e-06
6505133.4702258715406 5831 1.8452341430044609805 0.037229613274527409428 0.068935954179293101873 4.0914228140078794382 5.1919080866035454136 5.6074163142208002242 5.6303768069734303481 5.6529908118762639546 2.32205e-09 4.78785e-06
6505133.4702258715406 6213 3.0647488374614937356 0.15704272627196796952 0.20598836059903455342 1.4459027578809302561 3.2183635701896484704 1.9360953937876337339 1.784503159271140893 1.6310329239797378698 2.32072e-09 4.78694e-06
6505133.4702258715406 6473 1.9320529280609068934 0.16298342556783021462 0.064123704983894302956 1.1155029309277424421 0.89758747479527212221 0.4712233602265246124 0.40183666957794783592 0.33809232480726825187 2.97483e-09 5.20001e-06
6505133.4702258715406 5046 1.9924545932703408013 0.03631282565402015744 0.12823866099295549992 5.6842222010188843129 1.5387955104933421779 1.0031706499104269259 0.97284081557807045026 0.9428286902389773072 3.3008e-09 5.3834e-06
6505133.4702258715406 5940 1.478746705672197459 0.12778986959844493287 0.079523860920912334271 2.8267169740199991068 2.9171830545469736862 5.7478109414496447727 5.809829733853131728 5.8680859985212068253 2.47659e-09 4.89179e-06
6505133.4702258715406 5417 1.86212832160143682 0.097616433492733120647 0.026255491519005250828 5.4832864122422204645 6.0402053811940952244 6.0264209230271905682 6.0501463064175000639 6.0726894003545668355 6.2485e-09 6.65951e-06
6505133.4702258715406 6657 1.8003936259056192437 0.07666836869968053636 0.081152813036480309083 1.8024749685140082356 0.16775955541464238063 1.9996560600393971097 1.9287248992456393903 1.8569154247661563417 9.52311e-09 7.66378e-06
6505133.4702258715406 5641 1.9355652560735339129 0.17567018981116017118 0.047200928172746757505 5.2054379153988170614 6.0634217069826972235 3.4360656743070157049 3.4921921052740421132 3.5525279387535255715 1.66045e-09 4.28147e-06
6505133.4702258715406 6394 1.4166209476846727267 0.30596889508213176434 0.12712389895905387704 4.1552011282258982661 6.2064365437981123819 3.7491501657680941229 3.9538227776365690858 4.175902050913010477 1.34783e-09 3.99388e-06
6505133.4702258715406 5068 1.8079444245765952104 0.13031316713621715619 0.10142699951396817737 4.8635761610657501919 4.7735176483415848736 5.2605712417533849745 5.3684781372125334187 5.4717362042640971254 4.16264e-09 5.81621e-06
6505133.4702258715406 4243 1.5913208784107604199 0.058682314438842135551 0.10152387899820941586 2.5111012852901466452 2.7646017493480936622 3.2444737967916799093 3.2506871324885593388 3.2570763577102499475 7.70334e-09 7.14074e-06
6505133.4702258715406 3424 1.5013787027628653359 0.05148356993533339393 0.045854229307745575372 5.3032446199266365383 4.0865603121225921868 4.6014758675751767925 4.652812166124027371 4.7042043952720895561 3.06896e-08 1.132e-05
6505133.4702258715406 6037 3.0261822156661586369 0.097154406132360482395 0.27049777248066703139 5.3241150765706679593 0.053246172366017370525 2.6558256965234865454 2.6083210724648533407 2.55893230230120583 1.83549e-09 4.42691e-06
6505133.4702258715406 1123 0.7180445124877395946 0.055551687565709453875 0.014122788459589193794 4.9714484242090941635 5.7161573773747305083 0.14632254234386446456 0.13843377930374475837 0.13076808820345034445 2.09418e-06 4.62582e-05
6505133.4702258715406 6916 1.5910368544955082459 0.090862422254184727066 0.033903308429962870918 1.032325488538287761 1.1656423239247322154 0.20235304602649653583 0.18483580610280328504 0.16813664320661789175 2.44035e-09 4.86782e-06
6505133.4702258715406 5923 2.9991376452261500063 0.047598011062349343536 0.098774887091290702879 4.8006813331474003093 0.93840217330532726958 2.3632965715256277761 2.3292871474940128884 2.2947369464080251689 2.22479e-09 4.72005e-06
6505133.4702258715406 4732 1.0568882102285845903 0.12759729023372004542 0.12709281869863517378 2.9516916492876328348 0.015029139175486252653 5.8688996569849321006 5.9176065270443025668 5.9632212679034228842 1.92787e-09 4.49996e-06
6505133.4702258715406 5362 1.6159220867329906479 0.041145510325871006985 0.086464391663425302359 3.1086078853519740761 3.5207020137653106673 1.9935323004266247704 1.955677789468772465 1.9175423635485238094 1.49782e-09 4.13686e-06
6505133.4702258715406 6583 1.8217126953160764913 0.14777120098821697192 0.11316471365516891923 4.8911840133360025007 3.0111261332018948167 5.6594085180307835969 5.7412171425855671458 5.8174409425490383185 1.35064e-09 3.99665e-06
6505133.4702258715406 5889 2.9132367051699410432 0.65203864644594777822 0.56460693178122300928 3.5913397243136495618 0.12106914842408213195 3.6947695752532214719 4.2494479313600086456 4.8328549140079086754 3.34682e-09 5.4083e-06
6505133.4702258715406 6197 1.826761631737799485 0.060123900808115693373 0.084297912171443389884 3.0053629383573032818 3.4091660619806360977 4.2953123045597330076 4.3509964809030581279 4.407236700871214552 8.02678e-09 7.23931e-06
6505133.4702258715406 5050 2.1783794406682917 0.10228702620458121619 0.20772255602367256655 5.9377302450443059101 0.40979354252034161377 1.6600993422207328543 1.5575726507400455834 1.4552945676466775282 4.47893e-09 5.95993e-06
6505133.4702258715406 5470 1.60000682308073916 0.11310532758682322052 0.14435553900002323635 4.4318120340459650208 2.9157980281659603428 3.3803780091407253927 3.4087799370601321591 3.4386419571078268298 2.3944e-09 4.83707e-06
6505133.4702258715406 6332 1.921824337738357702 0.19649408219757072414 0.057400582533246501116 2.8352886580338410027 1.1310505159386339269 4.2278780316516542115 4.4114578529587724631 4.5991216695305086049 2.19525e-09 4.69907e-06
6505133.4702258715406 6454 1.7899708175716033676 0.14660600595578235361 0.10692153787387638497 3.5320685009509458219 1.9454652126873346329 2.6704280562850999381 2.5988462956690763228 2.5231258146605402004 2.21205e-09 4.71102e-06
6505133.4702258715406 5568 1.6150808719673706015 0.47906589952613626293 0.055414618067892391917 1.624032114988086084 2.9999029226407123438 1.7764938518106396792 1.2612537414029711957 0.80495640279718394527 2.09675e-09 4.6277e-06
6505133.4702258715406 4963 1.6163813269124189809 0.10311956935093175014 0.050894233059389837326 6.1018664304538781096 0.66274394603455433206 5.6680049446233873311 5.7252420672674713131 5.7798379472984411365 2.1769e-09 4.68593e-06
6505133.4702258715406 4313 1.1911714699852973265 0.1267355292174414394 0.054572165729450852756 2.6330050039027086406 1.4087032127772785017 3.2252045005811678102 3.2365508636951481058 3.2485673647686312826 1.98502e-09 4.544e-06
6505133.4702258715406 5134 3.5241246145413160917 0.066916807162622840566 0.38094709227733752899 1.116361987418323265 3.2243873886765199721 6.06656754764531847 6.0805096344101627892 6.0939793823600085787 2.31886e-09 4.78566e-06
6505133.4702258715406 6650 3.0625601457976281417 0.1589374411863080927 0.20248794340480580356 2.7023941888403255618 1.7222225687746086642 4.5282527752530690179 4.6875022893320092976 4.8463905143137475662 2.63999e-09 4.9971e-06
6505133.4702258715406 3953 1.4538041467252513783 0.20147447429829581922 0.07650166677113871827 4.6766726432487910614 0.59852420084169410952 3.4484385095904950269 3.5165055541995928756 3.5902837903367319505 1.87457e-09 4.45811e-06
6505133.4702258715406 6532 1.9620482867486808143 0.14449504132130103207 0.063144294508657286547 5.8527590580776012175 2.4910627127027518135 4.9320516587997849101 5.0713840431960832689 5.2066675783038300906 5.62757e-09 6.43118e-06
6505133.4702258715406 5132 1.5069060042424164969 0.14692734784271302417 0.10461886966435529622 4.1510293346644075996 5.6180505282115449361 4.4867585843274531143 4.632901777589168546 4.7793652104521129331 2.32293e-09 4.78846e-06
6505133.4702258715406 1707 1.1695911980226916249 0.1484817322374270554 0.044918789581212988093 2.6715185252599202848 6.1569371971438435764 1.4767108531278947403 1.3293644096732406545 1.18518915121699564 4.20296e-09 5.83493e-06
6505133.4702258715406 6789 2.8039025916180353448 0.51101874182589124285 0.33759548894478746961 5.3582637517320090836 3.9140490701510204374 2.6483717354305493785 2.3083626252780136134 1.9301538802290947316 3.23242e-09 5.34597e-06
6505133.4702258715406 6059 1.6101166905722730238 0.034061643557692963813 0.095856847890721935679 5.9600069686148904324 4.0631689054786708226 6.0207311299834982421 6.029427899741006236 6.0379788302142651801 2.18381e-09 4.69089e-06
6505133.4702258715406 5424 3.0410133051201273524 0.089079116873254371445 0.21086920617374318998 2.8538746467024740383 2.7305292564065712924 2.1117770547799286085 2.0335061957604949612 1.9537940893980252355 1.80053e-09 4.39863e-06
6505133.4702258715406 5514 1.9846465856177120113 0.044878048217612424853 0.091251471334173814287 1.8841441208027553955 1.6576070404611562559 0.20185186589922324285 0.19304379074135727401 0.18443407043805473688 2.23079e-09 4.72428e-06
6505133.4702258715406 4318 1.4171765896785215588 0.12064872553958951029 0.049151037775813186115 3.5607370353134260021 5.3726219239391301841 1.7762656225879436267 1.6563828454414024627 1.5361757293400268853 1.32396e-08 8.55345e-06
6505133.4702258715406 4977 1.3646785943443529021 0.17657132080216966785 0.021650968951655160527 4.6155479473665046442 2.7362816528620985679 2.7148194895191219977 2.634701158262382048 2.5489824983809121761 4.26284e-09 5.8625e-06
6505133.4702258715406 5740 1.8573129475216874074 0.11817672645437338197 0.11929995501621787346 5.4431793577894289626 3.252044086602276618 2.2891198534293617506 2.1962713781308740302 2.1004672695730270959 3.09097e-09 5.26682e-06
6505133.4702258715406 6757 1.7726744321720631081 0.096859531112573463152 0.16368764303176758235 1.766434967179315807 2.7180263165782747592 3.0228720946590335039 3.0107906227835417035 2.9981572957407012225 7.3237e-09 7.02145e-06
6505133.4702258715406 5663 3.184441928477224959 0.11024431113966266793 0.33494309016459850037 5.3632252452681905552 0.27411902620299233302 5.0418842087882662639 5.1445875416294715166 5.2446945617724125555 2.69499e-09 5.03156e-06
6505133.4702258715406 5898 3.1292177201976012491 0.40701568432937723641 0.40998912371811052635 1.7100987984753936999 2.1684253101319845847 2.9474735611622921994 2.8438521862431782594 2.7244497231467432741 2.49608e-09 4.9046e-06
6505133.4702258715406 6432 1.840050430690937544 0.10220622782208704793 0.12926625378655842713 2.854977309742554592 3.9945673458658559341 3.0467735723546045534 3.0365502031510489545 3.0258339429818894573 2.86603e-09 5.13583e-06
6505133.4702258715406 6336 1.852203221369167041 0.0224116489339446813 0.10380991699903832637 0.86904204810997731645 2.0808358801678417116 1.7630651437944802051 1.7410173811464182414 1.7189296400573987889 4.9853e-09 6.17657e-06
6505133.4702258715406 6225 1.6798061687843577339 0.11573733455818854821 0.18143287639007504852 0.17275511443531696432 2.9226893403117206738 3.4612815204775277955 3.4999013190303949195 3.5404893392736340729 2.38341e-09 4.82966e-06
6505133.4702258715406 1960 1.4276864381794669434 0.086705662892712281886 0.063040567513979545167 1.0032684148196273632 1.3718454107258737373 2.0716496060418010394 1.9938664031780950481 1.9148053372421733886 2.62083e-09 4.98498e-06
6505133.4702258715406 6004 1.5155348950421212439 0.20198837740806882546 0.059129858242823414571 3.1772769772468283378 5.7290847890728002767 1.647708341742770477 1.4433262515916871482 1.2429766695677919586 2.14847e-09 4.66545e-06
6505133.4702258715406 6346 1.6721362410027214018 0.025044474015007988504 0.15880546961628283498 3.7786429414629387757 2.5714692878901028728 1.6949018841882181885 1.6700088253875564615 1.6450875081822007306 2.4605e-09 4.88118e-06
6505133.4702258715406 6982 1.5240082053742283197 0.12286091816793114073 0.0939572209778098133 4.2555813076065582834 4.7453042980571371601 0.020482624372625029413 0.018103400989197337284 0.015879322010407363741 3.77646e-09 5.63047e-06
6505133.4702258715406 5689 1.801063082358682621 0.086537867323886130677 0.20542820944912157377 4.3088846514404206545 3.4982270010307749963 5.1807366707187290089 5.2565796077089190774 5.3306167862223388099 3.02594e-09 5.22962e-06
6505133.4702258715406 5408 1.9819916859575390511 0.03393487538482272553 0.040090661313163536428 2.0841869639781038792 2.2363663678091558751 1.9233455201078339947 1.8913035636137782713 1.8590967967739271405 3.0092e-09 5.21996e-06
6505133.4702258715406 5845 1.7650635832703220895 0.07446700943973222353 0.053734865645939752787 4.0856574620189016755 5.4824284452307656679 5.0308011953012456985 5.1007776411155756335 5.1696983827953815194 1.71925e-09 4.33141e-06
6505133.4702258715406 5692 1.5765980039531515278 0.041937314645216786091 0.15961118255410683409 4.6056672111209602249 6.2490553148983396525 4.0769039824263888505 4.1110917212381901109 4.1456733329294301882 2.38697e-09 4.83206e-06
6505133.4702258715406 6379 1.669685624821567016 0.18370117898894056108 0.060860523983978974394 5.557904271885543146 5.7725906264038640003 3.2230971854025365353 3.2397154858662924326 3.2577118549256196545 2.25373e-09 4.74043e-06
6505133.4702258715406 5398 0.89425524916893406324 0.20646433472628494821 0.025707728689305587438 4.2854744349580613516 1.007423764063213989 6.1147829846580208368 6.1464989358730406366 6.1746320028157715143 2.43176e-09 4.8621e-06
6505133.4702258715406 3963 0.94483321760104566067 0.2308355208540777137 0.19440736834868130312 0.71532769513202121292 2.568213952909390585 3.4460129989620904567 3.5249220968007004551 3.6112569693641929369 1.71892e-09 4.33114e-06
6505133.4702258715406 6528 1.6445821954978623314 0.072625517836909000979 0.14699494936000570555 1.1460783800539637856 4.1841378985230974763 1.3338419564795993555 1.2637793811703552649 1.1945498806390066893 2.31313e-09 4.78172e-06
6505133.4702258715406 6626 1.3419908574580430294 0.1645862110823108071 0.082550197300335192985 0.83911018724517072442 3.2041825028382167062 2.3732685340123587103 2.2509637185372155521 2.1230032961920377588 2.35792e-09 4.81238e-06
6505133.4702258715406 5661 2.6286023227668855462 0.25330732005095280002 0.13354764761665163797 4.8322896342949457349 1.5171044669086786172 2.1075456849656108993 1.8717532289354645858 1.6298312451459320283 3.01386e-09 5.22265e-06
6505133.4702258715406 3407 1.3443810252724994747 0.058371783685474465386 0.17784973957814673162 5.3374356837154417477 5.4043315205692534775 6.1076178082490475418 6.1175367586761391081 6.127161800965107652 1.6608e-09 4.28176e-06
6505133.4702258715406 6627 1.5887068335981557876 0.10780515563027691373 0.025555553749754451182 1.9928993987317999981 0.81683935509218774662 2.6381463463119185775 2.5834049395817091366 2.5263059542230172916 7.24481e-09 6.99615e-06
6505133.4702258715406 2012 1.6063823874829634697 0.043518943234621798588 0.04165338832949702641 3.4541488227246261999 0.63956572929980248787 3.5789550196033133034 3.5977667071134318277 3.616937524771749235 5.2939e-08 1.35761e-05
6505133.4702258715406 6458 2.8553183328559419429 0.33062122061852705635 0.31343048879979790167 3.2091493655075713498 0.3503754793165499426 3.7412988100562016847 3.9637414778426802719 4.2059579279914531824 2.12869e-09 4.65108e-06
6505133.4702258715406 5750 1.5397221176978073132 0.15387249599447935799 0.072767701273376755866 4.8583629305882745086 4.7385161643965574285 2.1353467011834577072 1.9991336444569109965 1.8591623564821826431 1.52873e-08 8.97346e-06
6505133.4702258715406 6000 2.6408512188454089653 0.32553164730343342459 0.1828844298632899823 3.0889269670274956958 0.59266136186211959558 3.8428242307577065162 4.0891182483580141849 4.353441383326422276 1.56815e-09 4.20061e-06
6505133.4702258715406 6734 1.7002023542275663814 0.092917631572867642742 0.040842918264835367803 0.66773084855567177431 3.7680627959784782632 3.088283169951372642 3.0830794653600843702 3.077645660437057451 1.00692e-08 7.80756e-06
6505133.4702258715406 5864 1.9889387552856361285 0.17727596265818476584 0.16125079172916184644 5.9231658423718140938 4.8589976392358558144 4.8422450331996653716 5.016959338886507247 5.1860763318869054217 2.76427e-09 5.07431e-06
6505133.4702258715406 5489 3.2160833393209009579 0.086028720828222132733 0.28031751838989660275 5.3769555877035344338 0.74110538575254614191 3.1943973511413035204 3.1991509520781047371 3.2040998852125088803 1.80848e-09 4.40509e-06
6505133.4702258715406 1447 1.3932358871470771344 0.1076026380160990531 0.095754521859328547984 3.7743459322598078565 0.10278481654540200241 5.8422854257328538097 5.8861891143103646229 5.9277936635450316771 2.94046e-09 5.1799e-06
6505133.4702258715406 1127 1.6420830285941423465 0.12170149302076602171 0.077776461281713199503 0.57443500530560021033 4.0373237512111224135 3.8231409554741113688 3.9038866366519928697 3.9879315448741636807 1.29908e-08 8.49954e-06
6505133.4702258715406 5278 3.1665244108716339433 0.070192018391861940585 0.30002376059645086137 1.8372373138397066761 3.6754310958946261323 1.7903757806699363009 1.7212829940561849007 1.6518842694172524155 3.13887e-09 5.29389e-06
6505133.4702258715406 5895 0.80355899558542442929 0.076755570352823432323 0.017659760084914870315 5.7135252513347776215 5.2516323078471689456 5.7506867217397177328 5.7884568170345165328 5.8248998025653309085 3.55807e-09 5.51978e-06
6505133.4702258715406 5962 2.8979306373445670175 0.07802824849382884731 0.20533000875659171425 6.050425351586296685 2.3958400615192676497 5.0314553826543644277 5.1047272909633303328 5.1768267606810685066 2.88829e-09 5.14909e-06
6505133.4702258715406 6161 1.7250363370290926479 0.10435548322595178394 0.081958791791330268262 5.528943015641240244 4.2361123973807810472 0.040726622322879456328 0.036677787266844369407 0.032851117165384011165 2.19638e-09 4.69987e-06
6505133.4702258715406 6366 1.7665328214381408323 0.134594855199899055 0.12269675206100148779 1.1836570120774001502 4.7724118242350339614 4.3198004249609311955 4.4478654506558674697 4.5777787176795392554 1.97281e-09 4.53467e-06
6505133.4702258715406 1442 0.57416219542339708148 0.067578262781708892115 0.022915308673907324594 3.0055808497759053388 1.5350500182688264772 0.8436508642235297506 0.79422869264246376275 0.74602354607503074124 7.70371e-07 3.31449e-05
6505133.4702258715406 6558 1.2518899922788808698 0.086327723275548301496 0.17265215683617646247 4.6583454377048072459 1.6127595412783377604 0.42094155197807398006 0.38694555991433032816 0.35436879500894202799 1.61664e-09 4.24347e-06
6505133.4702258715406 5674 1.5830048555454938608 0.15347199850813644795 0.14555274625276823364 2.9557277757235653759 3.7232648281485141162 3.5272815853102974515 3.5898150380953204319 3.6563243077986249396 2.46004e-09 4.88087e-06
6505133.4702258715406 5420 3.4842889365878209063 0.098430719518551687552 0.34890791123482817193 0.26918181500508159276 4.3359601619677796691 2.0895327448304645834 2.0017508146973965744 1.9123198680889930134 2.55489e-09 4.94281e-06
6505133.4702258715406 6113 1.3567145523324211087 0.15034709030193246782 0.10141961565933511891 3.9948326929662796303 5.1555225089989047405 2.3691903620331915548 2.2577442061582133626 2.1414980598701198744 1.07283e-08 7.97432e-06
6505133.4702258715406 6200 1.7787427382449461088 0.076574021947238044006 0.074222241444291667256 4.6029801646440207108 1.9843855273012520612 6.2689411028181449836 6.2699930734707018942 6.2710032265633266491 2.64335e-09 4.99921e-06
6505133.4702258715406 1320 1.6890750046370182069 0.056547630980875639162 0.12778917481200569028 3.4582278772404309031 4.998347310324897208 4.2266759077656494981 4.2773825142470833782 4.3286637126590585822 1.6152e-09 4.24221e-06
6505133.4702258715406 6503 1.9487616220309842419 0.27952635207316273158 0.18193644659147287235 3.8869126971335123955 2.4434396111744107749 3.5206058479654882554 3.6421014561204025917 3.7762383237176786466 2.13987e-09 4.65921e-06
6505133.4702258715406 1487 1.4910559000875736047 0.056425318811567384825 0.0073564403366422901134 1.7748669269929668868 2.665370960537832179 4.8861181697311026895 4.9414541567212086903 4.9964055947634067323 4.32124e-08 1.26878e-05
6505133.4702258715406 3113 1.8262449051754012785 0.10019585029693578448 0.094636573652818273272 5.5731381795054222295 6.2655647436533401518 5.8659820916439633365 5.9048926139020716519 5.94189838957784211 1.79427e-09 4.39353e-06
6505133.4702258715406 5446 1.4712779810864291541 0.1116127266693216491 0.047867382865413046766 5.7791835536818654262 5.8870029248763486862 2.6520504849045991591 2.5966811268901901499 2.5388275146457712772 9.18361e-09 7.57161e-06
6505133.4702258715406 6034 1.9726115354007724978 0.17500723357471900665 0.1157696200443774498 3.7138591501153737084 6.1334140140170223532 2.7064790390476334281 2.6257198010058706572 2.5393897304754915467 2.45369e-09 4.87667e-06
6505133.4702258715406 5606 1.388102840217102063 0.063139673563131465395 0.048092513626296615192 4.7443642370149436971 2.2228914884162245258 1.0396742719609053385 0.98604977682878858225 0.93340063286107055607 5.08172e-09 6.21613e-06
6505133.4702258715406 6417 1.4963919532272322854 0.15705423001972376729 0.026080841032333025586 3.8998936670462320819 0.94381234338902197933 1.1876916363457139525 1.0455579996047461577 0.90967397864476562397 1.63097e-09 4.25597e-06
6505133.4702258715406 6413 2.6922992577277429227 0.28094211497502613595 0.15343390597130393549 3.3632961132626992828 3.2619001734683470417 0.99977775329134865867 0.77682435817338235662 0.57987880274935044156 2.71272e-09 5.04257e-06
6505133.4702258715406 1023 1.0056725363090155412 0.33881910763574046852 0.11173295023000397175 5.1942141239661232532 5.7300225380411049514 3.879417146307358788 4.1475003413701685417 4.4336832974076481051 2.93114e-09 5.17443e-06
6505133.4702258715406 6678 2.7982628150529511579 0.099318189113880295249 0.24056515591790858521 0.071804286364701722101 3.9128081052788177274 2.1782340327179703365 2.0941391719172930408 2.0081143906281546663 2.0813e-09 4.61631e-06
6505133.4702258715406 5426 1.620812222935993141 0.066951018584559512936 0.1135194841158919804 3.4294006728157739872 5.1732754724665976909 4.7049673509342326838 4.7719832998539422064 4.8388154659207174291 2.09851e-09 4.629e-06
6505133.4702258715406 6719 1.3874306373712472773 0.16155238239382122001 0.10188957083120037117 3.281276584675477892 5.8946597322206937264 6.2139738172865133237 6.2243761459448734286 6.2338714305717672914 2.09817e-09 4.62875e-06
6505133.4702258715406 2413 1.5915292830119647238 0.063740361662239189422 0.023306860695928178356 6.1863523408746701193 3.7160448870839513091 2.78279309960418475 2.7596990119315929491 2.7359443583945162182 4.92958e-08 1.32572e-05
6505133.4702258715406 5885 3.4811162299420987942 0.072309060526659307833 0.24317057007810505276 2.6045918737417652622 2.6328197804270727644 4.4989096238195172006 4.5701865811731989808 4.6417657732239083757 2.25928e-09 4.74432e-06
6505133.4702258715406 6674 1.3932754817968040495 0.16925958170675739489 0.090502619429195504952 5.1646554997281857169 3.2268119843493954235 3.1604657243047276083 3.1639829639052563515 3.167772421819389006 2.73456e-09 5.05606e-06
6505133.4702258715406 5793 1.6214522306483973857 0.16051384508218666247 0.025601400119937826882 5.4758186616650883494 4.9300884293149769277 1.2328628587695251717 1.0846866167436548523 0.94276716924957715271 2.32188e-09 4.78774e-06
6505133.4702258715406 5160 3.0212038796201734492 0.1156648515519661663 0.25795858007780181342 1.4307971914428514459 4.6863960958302754989 3.4350863397061215387 3.4706315038637880477 3.5080067026425885146 2.48083e-09 4.89458e-06
6505133.4702258715406 6732 2.0805155644438606544 0.18808101524588535791 0.09454613627771872586 1.9647657533389262241 2.1442306555832342241 3.559604259928164538 3.6439069212894006355 3.7344595067163686153 1.92356e-09 4.49661e-06
6505133.4702258715406 6648 1.5921675497210667771 0.09762635537081224002 0.12044212799192316465 6.1017061344511853704 5.185724296022941715 4.2846729909809049275 4.3754995851247819871 4.4676381140550800453 4.54805e-09 5.99044e-06
6505133.4702258715406 6765 2.0009483953331743677 0.26333579099467907536 0.088152660131349785955 6.1896507250717354154 3.7049085242681831787 2.8756208173163657627 2.7947390593651948443 2.7052205675221498993 2.03075e-09 4.57863e-06
6505133.4702258715406 6036 1.5231768160957492864 0.099677192371486311728 0.058618300101151710191 2.5997226025026298757 3.1820083648941346333 1.5956110610775806613 1.4956750720523377396 1.3962789967547137859 2.34807e-09 4.80567e-06
6505133.4702258715406 6311 1.7140630964451106788 0.098796769063528994126 0.044154030180776876469 5.6595955759238680827 6.1809013601508011604 4.4745115106108750425 4.571821163641246244 4.6696434608177161962 1.23412e-08 8.35543e-06
6505133.4702258715406 5818 1.3217334512168350535 0.043234108662139010548 0.051246558928068508543 3.5051064262106494951 6.1797017925005848227 3.3655617151931767062 3.3753754224027088249 3.3853909944467570625 4.47796e-09 5.95951e-06
6505133.4702258715406 6760 1.8053873734963601372 0.050840040449948692425 0.12065670229887959231 0.38531793375133971402 5.7976337171263452319 4.6490863851153720887 4.6999282980480003857 4.7507643916179569388 4.55433e-09 5.99319e-06
6505133.4702258715406 5316 3.4695690547405191317 0.11173871924937592293 0.22501713205296652864 1.889938391268864315 3.6271974357693670399 1.9295862398176051311 1.8226293418946233338 1.7144151636537374728 2.96988e-09 5.19713e-06
6505133.4702258715406 6137 1.6476905907588406119 0.13211433173743686309 0.015132015175017119249 5.5652230806156648413 4.0731719611586729712 1.2886919908610854346 1.1637155386022743908 1.0423975189155478827 2.35406e-09 4.80975e-06
6505133.4702258715406 6143 1.6865445861668313388 0.19476373874581659473 0.080528945915644439824 5.0510402994431089496 5.7462626042863877984 0.88604613491764350197 0.74289085957768052904 0.61114879088632412252 2.16561e-09 4.67782e-06
6505133.4702258715406 6992 1.8739174714150113044 0.16231026604304610306 0.13503664341091958789 0.05297599767528545639 4.6808429324844897934 3.308055504899696686 3.337499283014380147 3.3690939342368171339 1.98059e-09 4.54062e-06
6505133.4702258715406 6756 3.2186693586864896233 0.076237160934435319048 0.33954891544122550728 1.0282976687404670191 3.9880443900609456875 1.9449560406457369055 1.8729155395679544238 1.8001313064727793023 2.22448e-09 4.71983e-06
6505133.4702258715406 5978 1.7229664255591539135 0.24514894724145208649 0.096832848697579618213 4.1306120938953760913 0.97263071475440121549 6.0150345950919970051 6.0739075406997580231 6.1248380873203327468 2.0309e-09 4.57874e-06
6505133.4702258715406 6044 1.2013962656848777844 0.19163536346641038555 0.10198096135874785972 2.197942953435676916 4.5483289821935155572 2.156631730164563443 1.9867622582945281273 1.8114683245333151884 2.72625e-09 5.05094e-06
6505133.4702258715406 6263 3.4744592533832481251 0.070879795769981254749 0.31939638180766100062 6.2027529102643086389 4.6305596979641023836 1.3234779053330778531 1.2552873035075022834 1.1879062370946207317 3.1828e-09 5.31847e-06
6505133.4702258715406 6507 1.8957396279881526535 0.16091256733359285414 0.15181162551278898354 0.15920307349950499343 1.5738152769976712086 5.930464252283901061 5.9824528407334520708 6.0301183419984107914 1.72019e-09 4.33221e-06
6505133.4702258715406 5578 2.8660604347836087236 0.063828906604972382444 0.25769001854130330065 0.90128970307677946927 4.6438022764221287275 0.41135175585037964119 0.38653189123130199389 0.3624697689590207772 3.04211e-09 5.23892e-06
6505133.4702258715406 1298 1.4051783533379387237 0.12833664265619137979 0.11975787782194111109 2.0165742097261900589 0.93445883015422648299 6.1574372162878132642 6.1726282225379742741 6.1867878611816902179 2.27299e-09 4.75389e-06
6505133.4702258715406 6897 1.8475978069632934542 0.3971756481588685217 0.077869643580126365889 2.6199378123033500998 4.7048572163034343419 3.9944513217709385344 4.3517764770305840116 4.7234061366118238467 2.6229e-09 4.98629e-06
6505133.4702258715406 5186 1.511239936995046218 0.22861837780997340541 0.081364381569456120658 0.86170662101375228303 2.6505047364474791927 0.7077806963762212078 0.56955621894285191065 0.44627184382336310131 1.92365e-09 4.49668e-06
6505133.4702258715406 6529 1.0986535140229882757 0.19708301330953315045 0.10081121057521749695 2.3020427775304832529 3.1134072036733035915 4.5787757728332012519 4.778025118155090567 4.9746837569323361095 3.12265e-09 5.28475e-06
6505133.4702258715406 5471 1.9088888156402377128 0.16093295464497867076 0.05945181795632380195 3.2870494342102403174 1.7197778057767736382 1.756312118994880711 1.5950388054390094439 1.4341531384474059951 2.7508e-09 5.06605e-06
6505133.4702258715406 6835 2.6033988610304925615 0.25478274349511259578 0.23833474577735669353 2.5635613168030233489 0.41692774492102196993 0.054864172496480595465 0.042285381672349499349 0.031515006457668873208 1.54881e-09 4.18328e-06
6505133.4702258715406 5929 3.2199821868981191031 0.08344611451115128975 0.20750013087268723289 2.2549762504161172672 3.2256244685174220166 5.6854385923434538341 5.7309036783604172527 5.7746820978014277159 3.18574e-09 5.32011e-06
6505133.4702258715406 5093 1.9251066467561532836 0.015135047168053687716 0.12574686058549844336 1.0605430378075091369 1.3051422927044142863 2.3746964584197267634 2.364136142445687927 2.3535193768668865033 2.98948e-09 5.20853e-06
6505133.4702258715406 6427 1.8754902340333852173 0.044646667567035509816 0.066293731111101761311 2.5398356354955367031 1.6518203372294566478 2.7922064970522888494 2.7765879300193856416 2.7606511365318375795 7.8433e-09 7.18373e-06
6505133.4702258715406 5997 1.792699391726949365 0.12252585196444412685 0.10196385136043208119 6.2658303413578151364 3.0738525230604780702 4.6685694072972214741 4.7916169383318658603 4.913758439775831377 4.37918e-09 5.91536e-06
6505133.4702258715406 3887 1.2788511598629992427 0.057488061056790475123 0.067298283212442799872 5.9769932491004214015 3.833623573068893009 1.8623851335270265039 1.8068329259904367667 1.750938867789744835 2.30943e-08 1.02964e-05
6505133.4702258715406 6744 1.5290940151308323181 0.14676208036613572205 0.12973210141906957316 3.5958310465405936007 4.3066009547839314564 3.4551375570905640267 3.5040757485098619206 3.5561171515368421581 2.29835e-09 4.77151e-06
6505133.4702258715406 6425 1.4869553725224724516 0.11357474551694189679 0.058388041043919716722 6.1212940851252479746 5.8931524513764941275 4.0161190893772094057 4.1067943046224328896 4.2001713402577438572 2.58684e-09 4.96333e-06
6505133.4702258715406 6499 1.544464972419366422 0.16958445510991035365 0.094067096323754331721 3.7006781018508982939 0.27772507805723306573 2.2449622079219273552 2.1042284071684536073 1.9582048357250461112 2.00728e-09 4.56092e-06
6505133.4702258715406 6351 1.4038069674483784066 0.12762675061054279402 0.037137952051366336648 1.3913977341699870216 3.6549170058651840876 0.95318153730662324996 0.85252812359290341959 0.75643200567594959249 1.91819e-09 4.49243e-06
6505133.4702258715406 4037 0.82853205190970469207 0.17455585982358090558 0.19413030198689701367 3.1121313014946068165 3.4420364082853920351 5.6260566593692198367 5.7264284460910719332 5.8186699841559397228 2.74772e-09 5.06416e-06
6505133.4702258715406 5077 3.113278218046641399 0.22395225578136004896 0.31375348539844410967 5.083575476416161365 0.2747525616874311738 2.2347972319569149313 2.0433216005633796364 1.8439096332634861142 2.69841e-09 5.03369e-06
6505133.4702258715406 5780 1.9550849789367086284 0.23254169596005744292 0.11004042637032672436 0.74436840477879295808 5.8877430805040562589 0.90207738173017426586 0.73011043824728216745 0.57501630609057285959 1.95079e-09 4.51773e-06
6505133.4702258715406 5080 3.2492995023032054114 0.033654495904992712263 0.29099179002950054107 0.7151784015672323358 5.5643743693974299092 0.049464552469147174407 0.047827575503389535561 0.04621857614804122244 2.57476e-09 4.95559e-06
6505133.4702258715406 3796 1.5542918825164990793 0.035901632364710417411 0.054646427838736730265 2.6137206815203959387 4.8047956649211727154 4.3780828162269216364 4.4122055575272112193 4.4465017503136872179 6.24365e-09 6.65778e-06
6505133.4702258715406 6347 1.9304839259496970882 0.0090038135411541070363 0.026259162182821666615 5.6000410104643281173 5.9988081394497330123 6.0176444805026676477 6.0199971880472995522 6.0223396220379568078 5.19394e-09 6.26156e-06
6505133.4702258715406 5874 2.708793646697447155 0.22995162499588600591 0.46225391580239888478 0.51199171866205284154 1.1845338047425548744 5.3814178928464349028 5.5515119737240823383 5.7051462476187779771 2.14922e-09 4.66599e-06
6505133.4702258715406 4740 1.1235089288011927966 0.084147582801621212401 0.11976739698589174143 6.1485470495381262523 4.4070820271554325132 5.3798939673188979071 5.4443924476232137266 5.5069845210756094289 3.57914e-09 5.53065e-06
6505133.4702258715406 5195 2.8085991980244315869 0.21933247493406254902 0.055504703621829208637 3.5486224520101528057 1.8845642550135977 2.2809213466146700533 2.099915505165098395 1.9105763030267213232 2.26107e-09 4.74557e-06
6505133.4702258715406 4581 1.2015969925798211104 0.12303610880902950131 0.17060893523363879209 2.2311310491597375893 2.3201218020987477431 1.7504490276770143797 1.6277298562410984495 1.5048930998431919726 2.62777e-09 4.98937e-06
6505133.4702258715406 1284 1.5528487705543549957 0.23626750694430129207 0.071005130820429959715 4.0037177463288742274 0.44913094593055785664 0.97264393355449896283 0.78764294354343811211 0.62020198121095770905 2.02885e-09 4.5772e-06
6505133.4702258715406 5815 1.7372982238401737387 0.041534512564041621563 0.068906568220576294714 0.50350127977582115335 5.2043292940098275778 1.3839451959268258552 1.3432785945035272679 1.3028144555696581364 2.67562e-09 5.01947e-06
6505133.4702258715406 6617 2.7449154288456139028 0.24018147234561001979 0.062873985558897713122 6.2654818157554181823 6.1819085034627958564 3.3098597170833414793 3.3562477136752932871 3.4074088693660682381 3.93262e-09 5.70704e-06
6505133.4702258715406 6923 1.9494247097762589238 0.19314018115449385626 0.045351670576083497055 3.0647854323027390322 3.7073745690878245895 2.585096152278921533 2.4729302366422998283 2.3531954911418231369 1.67707e-09 4.2957e-06
6505133.4702258715406 5270 3.0896155074089115544 0.18027354401138237505 0.25885717467329183439 3.9448781079129093818 2.0417554278643450516 3.6554824962868810445 3.7524342396857042203 3.8558314038591778861 2.61601e-09 4.98192e-06
6505133.4702258715406 2928 1.5339900765360658941 0.10627511800163869093 0.11646793841378551282 6.0940806047276740998 4.1532411520063670096 1.46365902050799912 1.3583909164145515636 1.2545041558940472903 9.69793e-09 7.71039e-06
6505133.4702258715406 5451 3.2649195926961476211 0.081830213437288717993 0.059605596759112637606 1.635179343714813216 4.0634901852292486524 2.750647006427923813 2.7181848750421040428 2.6845633210817023695 2.58702e-09 4.96345e-06
6505133.4702258715406 5775 3.0652412109287281439 0.061425286963914950411 0.083064271861099492344 6.0306751303831420685 4.0105453664996684182 4.4736402041763989601 4.5337988799515809291 4.5942472056239180844 3.02463e-09 5.22886e-06
6505133.4702258715406 5432 1.6234447174768609212 0.067048632975298394499 0.089465613972310314983 5.5129563842951494479 2.6499649116071695154 1.7877746813176345064 1.7217713328678896367 1.6554853844695895937 4.07102e-09 5.77322e-06
