28878850.102669399232 0 5.4005101976873657321 0.023931170104449721314 0.013621310979158807175 0.19433578742027929342 0.34410326880587793763 3.0064303787219905928 3.0031664640785402653 2.9998643328157164056 0.000954961 0.000356051
28878850.102669399232 1 9.0423773781570382368 0.089034697080271382741 0.061671972663000784731 0.82760722033376266094 0.26006948898605669607 2.462627476571338736 2.4046050689171680759 2.3447683853316578784 0.000285285 0.000238018
28878850.102669399232 6992 2.1435504122879631694 0.19565161540161293829 0.080273465934336568628 1.6364217792562349985 2.5219215098042195855 4.5713552675811204296 4.7690620841386257567 4.964399582718556303 1.98059e-09 4.54062e-06
28878850.102669399232 6819 2.0306799172202523174 0.19575969721062097539 0.2398826837447882443 2.373975033161047854 0.46689143208279509922 0.73410606229948038859 0.61088994198905566257 0.49860283109135339341 2.46721e-09 4.88561e-06
28878850.102669399232 6751 1.2082182986303218186 0.36400665599135556549 0.17710940015186604768 0.24219295704163426586 0.54537475559271086922 5.815506963704231147 5.9607094683227055398 6.076068909996449996 2.66624e-09 5.0136e-06
28878850.102669399232 4781 1.6036764910756244884 0.3215127523808662402 0.061387947852725575915 2.4558424889875882791 3.7054667190646837227 3.3457023983895988195 3.4255209269364352842 3.5155859068548656055 2.90062e-09 5.1564e-06
28878850.102669399232 5740 1.4057369608444902909 0.41448314426647392406 0.19324170444859428697 0.39127525228129578228 1.6541243406393173476 3.0567254121694871216 3.0097970976168073598 2.9553280697781434405 3.09097e-09 5.26682e-06
28878850.102669399232 5588 2.7633720678161819428 0.24994855814551500406 0.1345847522478650915 0.92841952978428587961 4.1819715941884361143 2.7493208857766013864 2.6394302103495452805 2.5191244357857374148 2.40685e-09 4.84544e-06
28878850.102669399232 6582 1.681736614084999637 0.21738042620099889968 0.25704662651144521979 5.8092298603349128427 3.1753102703659226158 3.3065475762908902446 3.3470670255031138574 3.3914194964558497247 1.86721e-09 4.45227e-06
28878850.102669399232 6171 1.4663778060752350463 0.15960337320383430337 0.28402251112380721976 5.0537690185409491761 1.8941017392276848774 2.7616804745865279891 2.6973323856587168024 2.6287364403129571677 2.39216e-09 4.83556e-06
28878850.102669399232 5921 1.5106773232418988506 0.16628616942493651409 0.24815630003575669948 1.7959196699332262703 0.081588257367933847419 4.5592603449417072881 4.7265026830342655728 4.8927722909141273533 2.32801e-09 4.79194e-06
28878850.102669399232 6443 3.1977161177692940974 0.18779478053407028249 0.25789982158174068472 3.9174891152694657492 5.2807914132922544326 1.8497777077913695187 1.6632861387985855561 1.4762940184117123721 1.88164e-09 4.46371e-06
28878850.102669399232 5990 3.1334279250073970857 0.085161470651822682165 0.18282575533396588918 0.6959382425358360269 0.049890630243829552082 5.6531137019106587616 5.7016979209748503976 5.7484743467684902285 2.30118e-09 4.77347e-06
28878850.102669399232 6883 2.1806493675137357258 0.18503519358247466631 0.14786080329795492361 2.4692946398473991643 5.7910017943734439783 3.3021360622081128433 3.3349969770487879472 3.3705608993109756888 1.23696e-08 8.36184e-06
28878850.102669399232 6035 1.7421079409441062591 0.21151131243741927435 0.10946851309979034605 5.4063094047327373559 2.905536560479125896 5.8913479967383226565 5.9656614918759069965 6.0316985209131637191 1.65258e-08 9.20954e-06
28878850.102669399232 6793 1.0342071696061703179 0.14914310950313849902 0.25238749029002172097 2.9706144020814662099 4.8876528843908371158 2.1579794758690997725 2.02789032125276103 1.8940584181894573046 2.0508e-09 4.59365e-06
28878850.102669399232 5467 2.9514339661390924796 0.16778684374250352196 0.14930942632789279134 0.070335566286103476386 5.7967042191097846171 5.0444164674964095951 5.1995778056584409654 5.3478430498106366286 2.43648e-09 4.86524e-06
28878850.102669399232 2413 2.1343417717195487526 0.25575360163315635775 0.68376576503742969582 4.7540396265148370247 6.280790230630858062 2.2602353015380982626 2.0423277006193285565 1.8144835420029636897 5.65036e-08 1.38742e-05
28878850.102669399232 5694 3.1255971309956422921 0.055863199620775849663 0.31408233687406406087 5.5297354091806374399 4.2930616954390554696 3.2262433954241309664 3.2311057245429464224 3.2360995359611051114 1.21025e-09 3.85309e-06
28878850.102669399232 6253 2.1711959238349769485 0.26053496034723655495 0.22223907549253901772 2.3620244655089175367 4.0633695166763867945 3.1534340377896832308 3.1570529394885689101 3.1610807240038845123 1.17298e-08 8.21512e-06
28878850.102669399232 6484 3.1519922780158813325 0.12924213923648458779 0.23663721756832650778 4.1847497256586105863 1.4272314252843953941 1.9188674172673072515 1.7942639092580705551 1.6682353946208809958 1.88476e-09 4.46618e-06
28878850.102669399232 923 1.7106869862524201054 0.15347998210221117099 0.061724648166622160528 3.7964648297969150192 5.8340105659459924325 2.9488597923676307389 2.9168651061555714854 2.8826635089640340048 2.53731e-09 4.93145e-06
28878850.102669399232 6411 1.410606092263630762 0.28719810551012431299 0.17483331183177766577 5.1630737692889567825 4.7388534459273374821 0.76094632458962641053 0.57856613709120396916 0.42151931993464852866 2.69469e-08 1.08398e-05
28878850.102669399232 5448 1.7562174124125198293 0.075583271378557484454 0.20475679595893878093 5.3097573290594795026 0.90363043289238320632 4.4362834408842664047 4.5098341098239167479 4.5838721420897607928 2.56033e-09 4.94632e-06
28878850.102669399232 6528 1.6478109686981539106 0.18589312694245405111 0.27010622073199674897 1.930495405946058618 0.34332258084777744767 2.4783817229809232963 2.3538804695193618066 2.2221303616469376685 2.31313e-09 4.78172e-06
28878850.102669399232 6764 3.2684696175728640277 0.010630401900607775248 0.280690840155409016 4.0114223596321387788 0.53830731909720108685 5.7113167626615535255 5.7170445270101790669 5.7227464508977252677 2.4069e-09 4.84547e-06
28878850.102669399232 5259 1.4634376248853855351 0.12108734699521087053 0.19200871900851068652 0.95958884310457137623 1.0259666268324896254 6.0646181555036742239 6.0894936005954587444 6.1128008408223966086 2.21606e-09 4.71387e-06
28878850.102669399232 6618 2.4616831445365376929 0.51617630660084157235 0.74060111749189316832 3.6434780316059685035 5.9131407611245414557 6.1157574169794983732 6.1884552599966529129 6.2372795662402378269 1.98254e-09 4.54211e-06
28878850.102669399232 5328 1.6780201951664714954 0.51708520824939352423 0.50792631121634446156 4.089616598336974107 0.6766622349821582727 2.9540064008024251585 2.8111697157305703954 2.6434049792573572901 2.1043e-09 4.63325e-06
28878850.102669399232 6498 3.2257187880965081384 0.063908650323307406027 0.15005361104669284744 5.3924503523709299557 0.49019028558124455586 5.7724105257236937305 5.8028331095452472255 5.8323647564741891713 2.50157e-09 4.90818e-06
28878850.102669399232 5668 1.2824372986229231053 0.18684468770503664947 0.14300322131658166347 0.8393021241283806777 4.4010768866267060417 5.1162101804794470894 5.2829745380555808154 5.4402201956268232408 5.17696e-09 6.25473e-06
28878850.102669399232 6300 3.2582232486081927902 0.081801165029240036075 0.26456037022254919044 4.5715550069018506818 2.4679812021855194182 4.8310103976097815703 4.9119362872227494421 4.9921142237712361478 3.26125e-09 5.36181e-06
28878850.102669399232 5204 1.121944003827310965 0.43809442819298360927 0.27829075205163361639 2.9966286384980027613 6.2254254796800312377 3.2452628627683410834 3.307211940222328117 3.3794375786725048272 5.21728e-09 6.27092e-06
28878850.102669399232 4755 1.7373022838971643456 0.026340970924619483418 0.010453075888872771435 2.8628235144698073178 6.0556968806746729328 5.0129380282347737463 5.0380035407769661049 5.0629604072864715647 2.39615e-07 2.24572e-05
28878850.102669399232 3800 1.7827043561965216778 0.051226101739080119601 0.10329099595615807983 1.0112393716264587162 1.5359656297961690186 5.7456369680167291847 5.771316793564237102 5.7964077033732079869 1.79108e-08 9.45995e-06
28878850.102669399232 5861 1.3881715928701081619 0.15454344496748512183 0.2217734890001898107 0.37083457133832381514 5.4992331934907694446 3.8467641722415488736 3.9537779083716646511 4.0659443312042418128 1.95257e-09 4.51911e-06
28878850.102669399232 6719 1.5519641015959524388 0.10744097407194745653 0.28883536713816826413 2.1559097917427672009 6.0408067550287602998 6.2325393818760694842 6.2377157525556627959 6.2425993625944151688 2.09817e-09 4.62875e-06
28878850.102669399232 6923 2.1529472282374011449 0.41894197893697265878 0.36935002413845657854 4.2153836905582346972 3.5614628782618358294 3.5851413532760516567 3.8191444322862513339 4.0817739101254080225 1.67707e-09 4.2957e-06
28878850.102669399232 5480 1.5300074280010909078 0.49066908515694251935 0.20725954904626153752 2.7837448124114207992 4.467034503261270828 3.8142415963870694995 4.2196284001095012428 4.651922730265678041 1.6026e-09 4.23115e-06
28878850.102669399232 5093 2.0720562633069512515 0.13777592123581700045 0.32771178686213836562 1.3146355880194890986 0.058966876731014368496 0.88613771360762194629 0.78348790501762322069 0.68625189620791904321 2.98948e-09 5.20853e-06
28878850.102669399232 6676 1.8515616589973140638 0.12772717232692110123 0.21963568214857642769 5.3446059237268954689 1.9174156094525209859 4.6380064460169947438 4.7663402106119248103 4.8938815380331917027 2.23147e-09 4.72477e-06
28878850.102669399232 6526 1.141959912890582407 0.25031591686334858649 0.12746545981744245024 3.0699417425824870875 4.074881513286078949 2.2580081840218477751 2.0449326352993484335 1.8222297207470472546 1.74858e-09 4.35591e-06
28878850.102669399232 6951 3.0168584869760488587 0.034602711024140801743 0.0819507249801739307 5.9942324926851719979 1.1577548987950019299 4.8866918319066261489 4.9206751627607641097 4.9545299964113720392 2.54062e-09 4.9336e-06
28878850.102669399232 6202 2.0491401811818032996 0.40009534072475344546 0.58224107560954874163 5.7578478524835441377 2.1709022799642601065 1.5571221461553477194 1.1466775847513093201 0.78202999500362913032 4.75227e-09 6.07879e-06
28878850.102669399232 6083 2.1368278541058223219 0.21327230935714977522 0.12830704626191158368 0.55391848013412503526 6.1892645295899804125 4.4776588187970478572 4.6920716032740577006 4.9052998951872943678 4.91269e-09 6.14644e-06
28878850.102669399232 5773 2.1556894704716942357 0.25234427621039351441 0.36385567909661387098 2.2757914049727632211 2.9225548888523600333 0.23374966622168769081 0.18094083275256769849 0.13553018662490848301 2.82024e-09 5.10833e-06
28878850.102669399232 5027 1.5671776450496228694 0.63940188955438770346 0.24632799652417403102 3.9608631902115574164 2.2588334742046032311 3.5238670375274012692 3.92420432416901388 4.3750681383209775177 1.92434e-09 4.49722e-06
28878850.102669399232 5146 2.772681710326289739 0.052819289283040568583 0.14360583896702472373 4.2392430042336926022 2.4207384337580069023 5.9280085134061826224 5.9459446494234233782 5.9634217305421621802 2.55901e-09 4.94547e-06
28878850.102669399232 5492 1.7760321011683888326 0.17452271413122658061 0.24863677410281098679 0.23843522261587879463 1.8487194700616571552 4.1444522012625952812 4.2997628180101825635 4.4596379888505639499 4.51271e-09 5.97488e-06
28878850.102669399232 5047 1.8188393765537949065 0.048822849895267306231 0.28006785122434352253 3.0325846453831668548 5.2342138110391527306 2.7827594778504685102 2.7652024512332640249 2.7472568428854100553 5.4862e-09 6.37687e-06
28878850.102669399232 6657 2.3802474617012290281 0.19214199212175706033 0.32359095508298640897 1.5641860599957404521 3.4895441347342019967 4.7322412286860204844 4.9251786060931062039 5.11298694795893649 9.52311e-09 7.66378e-06
28878850.102669399232 6413 2.7559706684481422023 0.23819597603134617936 0.13340568202678396159 4.1671425541455500152 1.3404231395468491073 4.4332811071409281567 4.672456408095921887 4.910462494480688278 2.71272e-09 5.04257e-06
28878850.102669399232 5928 1.506656615678145128 0.20276220310501899546 0.26914139659815605743 0.26861576921349988867 6.2246052926344095368 5.5240449350494227332 5.6551269175642771003 5.774264873195621206 1.85148e-09 4.43973e-06
28878850.102669399232 5018 1.3763471322509306383 0.17399931734994300569 0.26194570609298289954 4.0587607774719742793 1.8684666605322968191 2.8834502054674904237 2.8345536729632883066 2.7819645673194899338 1.65949e-09 4.28064e-06
28878850.102669399232 6615 1.7146222646962816505 0.33455962032631880732 0.19074639509208196619 5.6108639436092211383 2.129379522805900038 5.4883607530714115796 5.706891005591530508 5.8891994021128519776 4.67657e-09 6.04634e-06
28878850.102669399232 5423 2.1228490373839332683 0.3507464615677244324 0.79087098738769334716 0.38210971707548757603 4.7522536296335609052 2.4867862855390172605 2.2305714050024181283 1.95343606303900863 2.52578e-09 4.92397e-06
28878850.102669399232 5626 0.99692994363191889118 0.18359647132291695426 0.22430455999769449704 3.5976436777944837964 5.7999278795421309596 3.4611756857770350493 3.5249353502658968829 3.5936045863500041264 7.93289e-09 7.21097e-06
28878850.102669399232 57 1.0176138771639855474 0.11835861418588465577 0.16960565153257106674 3.0550271610484540652 4.858067095056889606 2.5118352035219708718 2.4383885205318374112 2.3618501434706815623 2.40925e-08 1.04427e-05
28878850.102669399232 1124 1.9288427112242210182 0.080953086701576665307 0.18372481157814654629 1.0117035781893020108 2.4158686742584025708 3.2554694338757927952 3.2650699626773764805 3.2750404507623751549 1.32419e-08 8.55396e-06
28878850.102669399232 5020 1.7022072684306042145 0.2138630946342629513 0.23843430125706693845 6.0199180294934144797 2.770323147648461326 2.5919233497403233457 2.4675667089437802737 2.3340869309051326397 4.40916e-09 5.92883e-06
28878850.102669399232 6161 1.9475120461088228918 0.2201446315548805932 0.13984776824626424241 1.5830747620098641892 5.8645305836574390668 1.2899838232855267428 1.082993126764577152 0.88852515243985574767 2.19638e-09 4.69987e-06
28878850.102669399232 61 1.5188414237291805176 0.10962736447160841002 0.053908564120693433508 0.63900301473790255269 5.7050985549909603023 2.4548571674181256519 2.382078012298181946 2.306591946343491184 2.97121e-07 2.41265e-05
28878850.102669399232 6451 1.7408671723221851302 0.41905619569877022856 0.14833353408862706702 0.30238630956336259858 5.0070123622719746592 4.4548684094786956678 4.8974550521908701839 5.30935548402052504 2.57122e-09 4.95332e-06
28878850.102669399232 6876 3.0489492231527295374 0.14801680594742760988 0.14235349197629412754 3.1256445321817376559 0.81665228026133085404 5.9754484837974075617 6.0175395996734657444 6.0563988041636251936 5.7202e-09 6.46627e-06
28878850.102669399232 5132 1.258635173412357311 0.080879276871403463223 0.29008720678083288469 1.0811048854052405233 3.1533808866323509434 5.8039095539272302915 5.8399671127377059676 5.8746521033662792988 4.5221e-09 5.97902e-06
28878850.102669399232 5470 1.669225210758060518 0.19114336215503743843 0.32371641212179974589 6.2352134332312134646 0.47242526349248425976 0.33236934105427590191 0.27469810387774201699 0.22284924889885374122 2.3944e-09 4.83707e-06
28878850.102669399232 6270 1.9592139501341867547 0.2523306419720663385 0.20531890482915088336 2.745449957405560415 2.1141181925428078614 0.66734702959648595222 0.52338547637460208772 0.3972667694169613184 2.07589e-09 4.61231e-06
28878850.102669399232 2778 2.0896640605512781796 0.37171579492382245125 0.3455320197156874773 0.97943015550683254489 5.4270874318926152213 4.1324447018955243749 4.489192038275893637 4.8516873470772585719 1.15158e-08 8.16485e-06
28878850.102669399232 5605 1.5032162144523715241 0.33733127269741769449 0.27245877462057227492 2.9339337287734705839 0.79045552058436241438 3.9673321502307508091 4.2548879313723455553 4.55752775343923755 2.44051e-09 4.86793e-06
28878850.102669399232 5518 2.0550730656937390428 0.45346089665437461225 0.20975589993696572289 1.9130063247308894958 0.82401582516873683737 3.8244374883785399177 4.1919706015870854543 4.5853983631820973699 1.73658e-09 4.34592e-06
28878850.102669399232 5490 1.5740284229314287501 0.10543673586671763187 0.2910109106288489289 0.057940198553307946383 1.3233221375094983419 4.7432566377267617597 4.848667817836615157 4.953126986657989228 5.31486e-09 6.30978e-06
28878850.102669399232 5374 2.0521552921116041901 0.43375650819964750582 0.48914810288781873648 5.8067036456402529865 5.9485351505682801942 3.4261987704649308206 3.5898897370018740816 3.7778934787332238976 1.21754e-09 3.8608e-06
28878850.102669399232 2768 1.5102547101432719501 0.048905405363507167826 0.040824624446015263246 0.36481551782382426463 0.94319695909310208304 4.6112931781657700014 4.6600888410972247655 4.708927376115997987 6.30548e-07 3.10044e-05
28878850.102669399232 5194 2.0121267724273876887 0.029775488727430597657 0.082462984028725205832 1.1744437323387442174 4.992658447155549517 5.6457797679803709556 5.6632934203533906725 5.6805914061505831114 4.75382e-09 6.07945e-06
28878850.102669399232 4105 0.7478120323951459314 0.20663852658194759027 0.043029536441328904151 4.2647066277603604689 3.3138555957564190813 3.0309810463919890644 3.0052526246494193352 2.9771667239732346744 1.26705e-08 8.4291e-06
28878850.102669399232 5888 1.5685673122551837544 0.18369145516946047691 0.33769699213447790243 3.7160416490587118155 0.93055693380073101206 2.8284009055374133013 2.7658244443718831285 2.6984120232226449509 2.79797e-09 5.09485e-06
28878850.102669399232 5952 1.9139711052090448984 0.44883141993744202214 0.50988426789317342624 5.6226732013391584886 3.2702084934940471861 2.4207876674611190637 2.0446385539819562638 1.6452586530086854566 3.30338e-09 5.3848e-06
28878850.102669399232 6639 1.3979060174569357677 0.24964706156279817262 0.34874322788752137869 5.9034319345386681022 5.9452324447712276978 2.3696283613509061539 2.1756103049626611678 1.9702486635131422066 2.07227e-09 4.60963e-06
28878850.102669399232 5312 3.0044076730899096361 0.049120181055402743764 0.17850897379735458648 5.8609709748399803075 2.444421577896445541 3.3676528234680978002 3.3789394483524208823 3.3904888129350436721 2.46345e-09 4.88312e-06
28878850.102669399232 5514 2.0620533896995922873 0.40117038184388309485 0.23290432396704063844 0.58755452906452265704 5.5256178438287664179 0.38273372727491927758 0.25196714068326830915 0.15195156685579491729 2.23079e-09 4.72428e-06
28878850.102669399232 6734 2.0066357320397707475 0.16117943707248746921 0.091443125791567422822 1.7990254010740949209 4.8902256634805230107 2.2125219619303080343 2.0761363580927469918 1.9351027526950879132 1.24231e-08 8.37387e-06
28878850.102669399232 6073 3.2470674201981215568 0.089895700779292542215 0.23383535288572246391 4.4287552193175114823 1.6982229971289277692 0.62965467873138925015 0.57848504993713889544 0.52933402634030279899 2.87152e-09 5.1391e-06
28878850.102669399232 5364 2.6261868056234942692 0.065884683796447532367 0.0088242184050604261653 2.470982258892159944 5.1238710958514177563 3.5617306628321805384 3.5894667736580241346 3.6179981564164589436 2.91675e-09 5.16594e-06
28878850.102669399232 6028 1.6105011767704688896 0.16977494725195479974 0.11626119135252813153 4.0312333417000347779 3.2000810811799071942 2.3135080634447504622 2.1799976075859559543 2.0407642707202970911 2.1303e-09 4.65226e-06
28878850.102669399232 6691 1.5447747606985453572 0.28275838001038833269 0.26695904934708020173 3.423280296609002793 0.49869900726570270955 2.6093695673472696583 2.4424806505601894813 2.2605148158792696123 1.99622e-09 4.55253e-06
28878850.102669399232 6521 2.9880832746689693913 0.087255424532502665058 0.16301339366295894417 0.037852488861383773444 0.14589633387120920505 4.1202846646398416652 4.1946044426636532876 4.2704222401402693876 2.953e-09 5.18726e-06
28878850.102669399232 2010 1.850508976349566348 0.25312946646130846107 0.2162538753095723798 5.8933219179464542137 2.6405567123083844017 2.9414245920132526813 2.8828952913536669556 2.8181393371048835128 1.54172e-08 8.99881e-06
28878850.102669399232 5455 1.8935692588741883657 0.14452924806947636815 0.18505962100950371085 0.31576954229884801606 6.0542106516950129347 1.0995031207002163853 0.97434774938561541369 0.85477354422035667358 1.18753e-08 8.24895e-06
28878850.102669399232 6780 1.961395466302973789 0.36912235610726495949 0.27962613084956788878 0.10139745612231949867 2.53871034946176799 1.7690818382227548877 1.3840818970127224397 1.0213750931249989673 3.2776e-09 5.37076e-06
28878850.102669399232 5170 0.91480818131196928178 0.26487709752406207731 0.27075650642400300727 5.7396841302794285866 2.548629282077356617 5.2487417110062715153 5.4647757508978047625 5.6581518905550671761 2.19546e-09 4.69921e-06
28878850.102669399232 5540 1.8628426861721159025 0.35449924906670643443 0.14860533067788991857 5.7385205312036946523 0.80308515748382713895 2.5421046909648699064 2.29972934408082752 2.0353134886236428081 2.31531e-09 4.78321e-06
28878850.102669399232 733 2.0636169533598063275 0.067518341013743890522 0.087172128137387352997 2.7127811990868893055 2.4709810247065244759 2.810196020470614009 2.7874777895596838384 2.7640651104175959496 4.51209e-08 1.28719e-05
28878850.102669399232 5469 1.3958725432920866538 0.4076879585181976684 0.13358502987233450421 4.3244017465194728445 1.8710935361258067555 4.2813804477994583664 4.7002159905402152162 5.1078737434877465873 2.51139e-09 4.9146e-06
28878850.102669399232 93 0.96957613149046051326 0.068304054706742736713 0.026489131611783397341 1.3265629617235481508 6.258762747740276744 4.8435126782576194415 4.9109822060809857902 4.9779437507996666668 9.74894e-07 3.58511e-05
28878850.102669399232 5525 1.6679970445326346429 0.44443655133719350836 0.18663290409892624444 1.0520072800014472758 6.2700515710635524869 3.6572966989014892292 3.9457339798898578564 4.2658328376368999102 2.22151e-09 4.71773e-06
28878850.102669399232 5178 1.7311859111082017471 0.35454224958494329201 0.22556075919521012541 0.84543164312301999352 5.2551241715229854989 2.3795999335919839623 2.0900029815127516564 1.7821847544843825162 9.33283e-09 7.61239e-06
28878850.102669399232 3770 1.5670643819013776454 0.23932438439090300553 0.20469104288807468683 1.5185300310875746721 0.72491830163961146205 3.3688261017173477541 3.4308578922454726623 3.4991247103796774276 1.55823e-09 4.19174e-06
28878850.102669399232 5688 1.2624977044995426834 0.076378036274599339639 0.28083617918056891227 0.20186021508347465336 0.22098123476624759176 3.7389101190166833533 3.7833275023629555633 3.8290463299239552164 3.26046e-09 5.36138e-06
28878850.102669399232 6053 1.0381020396536191353 0.14984182111020658001 0.11966538324321115971 1.003518461880291035 4.663001788915724255 4.0371223869499583969 4.1604012996771135846 4.2879891983957696411 5.31336e-09 6.30918e-06
28878850.102669399232 5181 1.369252480363545077 0.25426652641900054919 0.22568605250853762678 1.6633514559899240659 4.5165777398509590057 3.3448102937926593725 3.4045289121994679604 3.4706171076125533759 5.47157e-09 6.37119e-06
28878850.102669399232 5623 1.4108710228898790895 0.39483115621368020109 0.25913682764089607247 0.64028491020054434379 0.23797257245185673979 2.5067878593874017845 2.2163225020324230918 1.9009379599930249505 2.3084e-09 4.77845e-06
28878850.102669399232 5316 3.4889266205136304499 0.074710373467148899485 0.19679199752990989003 2.6568969183934139089 2.6719932571443276714 1.057856143629008816 0.99386643010586994684 0.9312485883849854762 2.96988e-09 5.19713e-06
28878850.102669399232 6874 3.2686780023239441206 0.10687152656586393351 0.25834104353692133316 2.4427065986779026296 4.4470854972453572884 6.0459207444363736172 6.0698641067077137023 6.0924895549428486063 2.61974e-09 4.98428e-06
28878850.102669399232 1959 1.1053922788663197441 0.21338714162047925371 0.052035975841322065771 3.362504917587337161 2.1075990496311338696 3.4948507883515529393 3.5779012503239222553 3.668077966574623705 2.04943e-08 9.89451e-06
28878850.102669399232 3953 1.4954619221564247056 0.14468092178172306528 0.37371000728104297739 3.9612225542197996297 5.7326936059108417609 2.5755331474911691281 2.4924757055973687514 2.4050185209766810068 1.87457e-09 4.45811e-06
28878850.102669399232 6642 1.6428377463730077235 0.30525397084177219309 0.16555355200587779096 0.71529902971588354976 2.4657558442456091186 1.6609046141591481405 1.3476000842323909712 1.0499179531421214406 1.26355e-09 3.90884e-06
28878850.102669399232 4189 1.1492674248370211565 0.051859055187606875603 0.02968462089783756308 0.21219732699239360341 0.25254864874909199735 1.5248120880137507882 1.4730462947819935593 1.4214348007971837617 1.29416e-06 3.94015e-05
28878850.102669399232 5324 1.8108169430411098499 0.030274688502962519843 0.29595760713044283463 0.98771743474667872409 1.0795260995064810405 1.0976805326992964407 1.0709115455595124011 1.0443413347009899983 4.64884e-09 6.03437e-06
28878850.102669399232 5380 3.3781055971186315645 0.038532020231676976374 0.21131262739403311457 5.0768140046338725568 4.4172412939728680215 0.31432006570293546943 0.30261733331826051741 0.29113403507484142407 2.14422e-09 4.66237e-06
28878850.102669399232 5451 3.2606273614700342911 0.066237039811618991791 0.052945825750178261704 1.1015127998665550368 0.69082340847675982598 4.0077366913990832842 4.0593512751888791712 4.111959497636638261 2.58702e-09 4.96345e-06
28878850.102669399232 5538 1.6467221882100036012 0.28845190026047695664 0.14741779401488774859 2.9043779654722570172 3.6302499058665751441 3.7791387396897828665 3.9774699572328704456 4.1914681105468281075 2.97954e-09 5.20275e-06
28878850.102669399232 6532 1.9250464991652540547 0.17679955037268094142 0.15778432290375962732 0.68778301534960195607 3.6719161670271240894 1.9239167719664713729 1.7518189731965785327 1.5779083107842160061 5.62757e-09 6.43118e-06
28878850.102669399232 5853 3.1192035411042260407 0.13389302106574910156 0.17530580774587703474 2.1971870019300312471 2.1277345112107322045 2.3806832859002686753 2.2832645595256195747 2.1819409234290709776 2.34516e-09 4.80368e-06
28878850.102669399232 3751 1.5298257039993243822 0.18109910787505612006 0.049829293502837830598 3.9184305408031043783 4.0401212707361384702 1.7418901180652239802 1.5596124202384484825 1.3785246381623448286 2.30157e-08 1.02847e-05
28878850.102669399232 6233 3.10927268877496088 0.14833257238554570234 0.2275331317479723503 5.8057728111544752991 4.9184321471494207856 0.12139351339872303526 0.10457657051398325243 0.089092717420597780653 2.38928e-09 4.83362e-06
28878850.102669399232 5382 1.9915439279719984178 0.33563263464339065933 0.34047728758415241046 4.391654479088587415 3.3323142240487397814 0.88270555494793201401 0.64325689138792840893 0.44194289047154516892 2.55203e-09 4.94097e-06
28878850.102669399232 6255 3.2601626151905245266 0.10594807145838978923 0.19019233775232269323 0.066009920063198501694 4.8952119647632681421 1.5499888291153183228 1.4439814220592503968 1.338884138989199446 2.45838e-09 4.87977e-06
28878850.102669399232 117 1.5511291091801986397 0.090773482598966837021 0.12764550938515101253 1.5478785406746704556 0.48589815912308570445 3.2653597241583338651 3.2771196384978646954 3.2893842690625820779 1.39228e-08 8.69812e-06
28878850.102669399232 5708 3.1408118296295124416 0.16265813400414866341 0.19528550746725051313 2.2523468661915946321 5.7639484954899051772 4.857506660351587513 5.0172971985509100534 5.172452646423002065 1.65544e-09 4.27716e-06
28878850.102669399232 6956 3.45750731956830748 0.15993332648842753518 0.4009460517668165247 3.544469723276723272 2.0954084527688485728 4.9849575120857254618 5.1364064156555500062 5.282176594517404844 2.20649e-09 4.70707e-06
28878850.102669399232 2850 1.6637445621797035678 0.29532890669196831812 0.37206197417786257553 3.6370069274679561744 2.4734561445539955393 1.389907600455211778 1.1026227842660818457 0.83907304635666668524 2.86233e-09 5.13362e-06
28878850.102669399232 5235 1.7172613259936582164 0.35133292773376040286 0.18288136531128634799 5.064470810852564675 2.199520768977085261 3.7914991291908397564 4.0467781307869135077 4.3231154291826339175 1.69779e-09 4.31332e-06
28878850.102669399232 6722 1.8119728567274211439 0.31666559345438061168 0.21714237664960001073 2.3534529873292568958 4.8031569303427037454 1.3932684121267215893 1.0847440169114248576 0.80475340898703218162 1.78527e-09 4.38616e-06
28878850.102669399232 5002 1.1480390849955175447 0.16705859020244828717 0.37138169061537812388 0.37268063216509772495 1.1826284434668778989 1.034494133188080367 0.89605518652993620954 0.76560436475905668807 2.79003e-09 5.09002e-06
28878850.102669399232 6473 2.0175989112829650907 0.11294153165236195391 0.28364143631903310228 2.8055018982215726986 3.045202656681033293 0.072407038241743409968 0.064648616664055830183 0.057352187860296138799 5.43469e-09 6.35685e-06
28878850.102669399232 5815 1.58329765734611283 0.32817023546481849383 0.24151775593424051891 3.4136339386771443749 0.72907857747198057119 3.5250794748886895569 3.6745149622504449383 3.8412426929860301605 2.67562e-09 5.01947e-06
28878850.102669399232 6211 1.8033132619155003429 0.33274229279713385399 0.19919875337654852077 0.81940458662079918017 0.12399691575788272802 4.8533845964064763479 5.1815405267701288849 5.4783307536005612093 2.33777e-09 4.79863e-06
28878850.102669399232 2174 1.146346370116655411 0.2351844269187217118 0.34795305973135026711 0.059826846444061977659 1.450717603741130457 6.0610377569102595885 6.1081064024201294771 6.1490721985928882276 2.03153e-09 4.57921e-06
28878850.102669399232 6225 1.8514928223337310254 0.23157760121658504948 0.1771383793043364574 5.7214875431647840287 5.5566977323859649829 2.4656978818990844537 2.3043727129768556416 2.1323604235419750808 2.38341e-09 4.82966e-06
28878850.102669399232 5873 1.6672066278651727078 0.37635007183820690102 0.16983053808120118777 0.13396192798861331075 2.2233334317035278183 0.96428226007230277705 0.67740630386447420186 0.44151981730905232038 6.23622e-09 6.65514e-06
28878850.102669399232 5741 1.8813828598855257823 0.40917600438206802593 0.18427675841654828082 1.8871001604422781295 5.7067403804628602515 3.2744495776776618712 3.3463578034245027304 3.429558515325089374 4.83963e-09 6.11581e-06
28878850.102669399232 5780 1.2285455022764300015 0.12018537274047087771 0.043037678077061179704 3.4519033609211455804 4.1685200521837737497 0.40031724112386835035 0.35579029093460756705 0.31392596739649231141 1.95079e-09 4.51773e-06
28878850.102669399232 5080 3.2276462856038659055 0.13401952324703469976 0.24648686292514163099 3.4101448593134149334 5.4486588916698508456 3.49884946940851016 3.5490874708299857687 3.602200818353123335 2.57476e-09 4.95559e-06
28878850.102669399232 6155 2.219516540423171147 0.27981444735644972477 0.17188443564938388208 1.1063385694411920213 1.3161484443773514563 2.818189061689505337 2.7133446287119409313 2.5971439347181100032 3.03729e-09 5.23615e-06
28878850.102669399232 5782 2.0085187023947574936 0.22935173527537536242 0.13105002029660103857 5.8451484834397779977 4.1681529269425112716 1.8995422262360661669 1.6719508390801969266 1.4437714940793489049 5.0598e-09 6.20718e-06
28878850.102669399232 6417 2.0636433958763973351 0.39684565258373949437 0.37018101494805222273 1.3182069506188136554 0.70509156702113406912 1.4650967240811434422 1.0676763444687336069 0.7200068155026638772 1.63097e-09 4.25597e-06
28878850.102669399232 6237 1.1161956744793015694 0.12410520105314765127 0.36471893271320521279 2.8188333240686498371 2.8339898817203645898 3.7018511692570461591 3.7717171190333296238 3.8448455285472897813 1.89473e-09 4.47403e-06
28878850.102669399232 5750 1.6445715575357033877 0.38222521568700335015 0.10752601790912463819 2.1238157458502491259 6.2323295925597994582 2.4694115176099806774 2.1785435105513775156 1.8647608790308112248 1.52873e-08 8.97346e-06
28878850.102669399232 5661 2.7514123402099355253 0.24951412383587687205 0.093772965705042593543 5.375194669467871833 0.70750642250946338407 1.1694204681338000729 0.94796770388103779315 0.74530442951020381415 3.01386e-09 5.22265e-06
28878850.102669399232 6303 1.8531705620600114059 0.55912257760147221486 0.08517812911933465847 2.1563919866377250223 1.8580093718834889138 5.4324970847425229081 5.8104166846322273798 6.0650148067682181363 1.48051e-09 4.12085e-06
28878850.102669399232 6335 3.1008618071693430096 0.097735221794155557884 0.23308797534883476943 0.46212783796301631911 4.8670507962524105494 4.2085162965771338861 4.2963320710928911694 4.3857294692806467751 2.80706e-09 5.10036e-06
28878850.102669399232 6290 1.5722826286400402029 0.31770395994235894888 0.1279957525216460501 0.6752568614285330284 0.0076098858530166610392 3.44400665281502949 3.5589267105469390984 3.6876999930713618703 4.66797e-09 6.04263e-06
28878850.102669399232 5215 3.0621250382181823824 0.061312129512793633879 0.27804562185074555014 5.4632366466848951703 1.1581506185086056782 5.5896675887848914499 5.6279889795502615613 5.6653473753794285628 2.09099e-09 4.62347e-06
28878850.102669399232 6358 1.7483113457526431311 0.21219108838069467016 0.14534990517062568172 1.3594634054091072617 4.5393672585552895526 2.0463053113170901476 1.8462921913684231523 1.6421027379416863745 2.40091e-09 4.84145e-06
28878850.102669399232 3761 1.0568930334890684897 0.16474133591242445807 0.24222836776316580831 2.0403522412109253992 6.1040109446524981607 0.79685355384758782549 0.68484389998404648914 0.58063641919802955194 4.38307e-09 5.91711e-06
28878850.102669399232 5048 1.8708123205158591063 0.12033538718208669493 0.09995130408259861321 0.47672230073552579466 0.1526912380578847872 4.7862537201171111434 4.9060208594478735833 5.0241074005487105225 1.54672e-09 4.18139e-06
28878850.102669399232 5673 1.8190229898679788345 0.22979027871722490506 0.20579511659554206027 4.5098928929486437056 2.6227913394765391963 4.6155685390408445201 4.8489584360309514466 5.0766091092857745792 2.67237e-09 5.01744e-06
28878850.102669399232 3324 1.4417168156276038982 0.17305507939765149561 0.031899191995497060137 2.04648329327543399 5.8207166468611299948 6.0040339897212842146 6.0483574038544132279 6.088623100982644587 1.99813e-08 9.81126e-06
28878850.102669399232 5034 2.8230432202920168194 0.17955991308595417588 0.14311437073996077785 3.1731611435068205473 0.30579983108839686734 5.223328541160185523 5.3742589625777315021 5.5159037825096950414 2.20492e-09 4.70595e-06
28878850.102669399232 6957 1.4895871684739294682 0.063454611991245857272 0.29068250071341428242 2.5487917759563876174 4.4322452544982109401 2.0277390172082681019 1.9699430634845533916 1.9114764322992638945 6.68595e-09 6.81142e-06
28878850.102669399232 4112 2.0886369736289158716 0.18899709662577704461 0.11359271354257538533 0.59381601554022012124 4.3692485810432728499 4.0831836841006214911 4.2461820908122138718 4.4150093639837395543 1.99037e-08 9.79854e-06
28878850.102669399232 5344 1.9664572964250166542 0.17253592775359150036 0.24215761798497392743 0.19718185998092790934 0.26705830402109265176 3.6633121101627570404 3.7569409657022254656 3.8565361186863209575 5.14004e-09 6.23982e-06
28878850.102669399232 6577 1.8093608671671708166 0.26183316991456134781 0.33491033120840041359 1.5306518450639148288 3.8908400392756430364 2.222352429942223484 1.9928489031216740646 1.753991578682332797 1.63583e-09 4.2602e-06
28878850.102669399232 5446 1.4580694190359160256 0.24785908796440458968 0.1063603204090537574 1.1314626239473917213 4.9646817737253225999 4.5203838365009119116 4.7722877240038688029 5.0197023031049479158 2.99275e-08 1.12255e-05
28878850.102669399232 5123 1.4411127686776128431 0.37659369901512845802 0.18935543425781206639 0.31590640275247300339 1.8238311429008682296 2.7097573348509453872 2.5114408845526527969 2.289526500434392986 2.85229e-09 5.12761e-06
28878850.102669399232 5200 2.2620959558061755068 0.39622197348277599094 0.50129041875629476444 5.5903730801502895531 2.1327011327445406508 3.2862381140435816818 3.361051733938595909 3.4473099347378233226 2.18438e-09 4.6913e-06
28878850.102669399232 5511 3.1577630692433555915 0.088972211235484488512 0.17582593261927392803 5.832492940188691577 2.8126451355169526103 2.4389742538590137855 2.3793534982531325817 2.3179143839795157689 2.90982e-09 5.16185e-06
28878850.102669399232 5957 3.196211451589514585 0.034286343958268607202 0.098423311085870837656 0.66001671451597732077 0.43796447141808786396 2.4784180030375684289 2.4570159678846836826 2.4353351651821699697 3.45473e-09 5.46581e-06
28878850.102669399232 5962 2.9089471797846977452 0.14596035150697875271 0.17195234850530438653 3.2405526251334313415 4.9886284080119587259 6.1514858566686676511 6.169449286882441541 6.1860144682049993392 2.88829e-09 5.14909e-06
28878850.102669399232 5160 2.9963620583699310806 0.082499339512083810777 0.17621258888633684059 0.5395151641411832788 0.31310184040579863707 4.7665338653421107651 4.8488223716859488732 4.9305550772360406953 2.48083e-09 4.89458e-06
28878850.102669399232 6891 1.7289870787862526846 0.28535441468348826666 0.070487971676542485189 1.3908615150633056867 5.1933849938429865745 1.3186940929250563492 1.0480540445511647984 0.80080776093100580759 4.39964e-09 5.92455e-06
28878850.102669399232 1399 1.5974089210921125215 0.28258961320022296659 0.14913384025072376482 3.6397708293439285931 3.2376500298613146711 2.7766705753916474109 2.6578322672827954243 2.5263966318224002627 4.64728e-09 6.03369e-06
28878850.102669399232 6752 2.1033651644952255921 0.49479433617323548278 0.37644965238269550989 1.4799608536179966745 5.2203826605692258411 2.1344573898075256402 1.6245035623053176721 1.1304226636201653022 4.12549e-09 5.79885e-06
28878850.102669399232 5597 1.5893786427350544699 0.22060742227407401095 0.39256110922810077968 1.6048187222833460996 5.4898932655185204155 2.6561846764340715232 2.540678625070910357 2.4159479346743379935 2.41109e-09 4.84828e-06
28878850.102669399232 6928 3.1856025623409274239 0.089046915863963835291 0.20147169329804084925 0.94066096318410630239 1.2351481426542045838 4.6968731011321516178 4.7860890717762272217 4.8748942588655035379 2.08658e-09 4.62021e-06
28878850.102669399232 1123 0.7441390749009746397 0.10553462585695595755 0.033080605356130561578 1.8137479730941492573 5.3862807242958670173 1.2001120146886337103 1.1034006319234892501 1.0091851521815486947 2.24683e-06 4.73559e-05
28878850.102669399232 5640 1.5991975656669694672 0.28898251661648149957 0.24306638490929910468 1.0758375482205662088 5.5845310742151195171 0.95654386533190638442 0.73507113248022515339 0.54126792001859957981 5.24602e-09 6.28242e-06
28878850.102669399232 5842 1.9801496479286624375 0.34093503313863027238 0.79703670310082674888 5.478209524539875197 5.9648911145738310324 5.5935648163976061653 5.7898516292370123537 5.9513064195101899045 2.75394e-09 5.06798e-06
28878850.102669399232 1444 1.8994075153011702461 0.19970573940114905165 0.096436455039032600856 2.1488144751620823492 3.4399696432614503827 1.7457566982571799397 1.5442332860939820272 1.3445979982488687199 1.72307e-08 9.33865e-06
28878850.102669399232 5176 3.0916055605790040417 0.13843081646990318401 0.10387633399316337224 5.9448832597210952144 1.1079170335992918339 0.54929616371897072025 0.48076711152065204624 0.4167484703861905615 2.68297e-09 5.02406e-06
28878850.102669399232 6404 3.1143176909710499345 0.18387349793822402311 0.27047767396903066306 5.8319871256915076785 5.5081262685294438697 0.34193483446867550812 0.28476152979906282914 0.23310620680759500112 2.07676e-09 4.61295e-06
28878850.102669399232 6140 1.9541352078346605481 0.030617165296516108547 0.21912117673520367656 1.9917051648188841551 2.6615285113599109756 0.34107556456588278282 0.33097749758070005299 0.32102791001235703172 1.67728e-09 4.29587e-06
28878850.102669399232 172 2.0437691998540308269 0.33310730399689447712 0.093056244191953782496 1.6940394506805267483 4.6236356224284644867 1.0913109478518736584 0.81122437100208555361 0.56967799412220532229 2.7327e-09 5.05492e-06
28878850.102669399232 5929 3.2441876896409209685 0.15342156631826364688 0.20274302785852185704 3.9955358229119917191 1.2794868930221774406 1.7736120075823342823 1.6203540124075979101 1.4671208064715151043 3.18574e-09 5.32011e-06
28878850.102669399232 6162 2.0907612310884808871 0.054436630765133692256 0.1917248306717056483 3.8575075279988513266 1.3637534173665466497 1.4172044505617964472 1.3636049863482104794 1.3103326163445130348 1.62993e-09 4.25507e-06
28878850.102669399232 6775 1.706465485491547085 0.27512169297249011723 0.21299900461016435527 5.7906074170874681784 2.1659730411169899611 2.4902322061048924873 2.2993799500946248138 2.0941066496275562159 6.39874e-09 6.71246e-06
28878850.102669399232 6061 1.6029341413976074815 0.15737080033044018035 0.24262027175404429769 0.87196221834837661646 3.6213955886723709909 2.4911297078076759526 2.3888761097495763153 2.2812936683239990465 4.03777e-09 5.75746e-06
28878850.102669399232 6895 1.8638677200978517323 0.50117303781858091316 0.33374682242716502412 1.3223694603115203616 0.036358221346451564948 2.0608245968979010954 1.5308415697477406603 1.0300685106762479393 2.5437e-09 4.93558e-06
28878850.102669399232 1810 2.1174490131730170361 0.45195507955728897453 0.39989748635657179632 2.0582501594991624572 4.8013635207552924911 3.2034381452796631962 3.2422043440811738613 3.287599630878995427 7.36354e-09 7.03416e-06
28878850.102669399232 5072 3.1118045819891251291 0.082477803081827963383 0.24632076566908162052 4.720122926318902401 2.1148353603923291111 2.863558597038719622 2.8399457189395840295 2.8154421259831496904 2.73643e-09 5.05722e-06
28878850.102669399232 5231 3.1541026431744039193 0.090111494455610174903 0.25313581828857745215 4.1168575634830757437 1.0985466922580333637 1.8257245975581508635 1.7373988552878578684 1.6485350563161367266 1.89135e-09 4.47137e-06
28878850.102669399232 4786 1.4327723741501083854 0.23333546312331279737 0.16247880271273482111 2.5981091940261444861 5.5394339282220421694 4.8817412264230188867 5.1094097701530776234 5.3245957158518502084 8.41208e-09 7.35334e-06
28878850.102669399232 6756 3.206137983807470615 0.047336965447270909491 0.30267147081107337314 5.618726175318768945 4.7864750969771536759 3.5863955054946372591 3.6072195011174255086 3.6284729940237760992 2.22448e-09 4.71983e-06
28878850.102669399232 5182 2.0255668029179085821 0.075790994144731796411 0.029794306447009897415 5.28329364500921006 5.6873571569035217266 0.85585408582483712969 0.79994540859028084867 0.74557916003617941136 9.37786e-09 7.62462e-06
28878850.102669399232 5372 1.9199177313516535559 0.14729686245893325314 0.2874959911022856307 0.82848703288702030267 0.29136142566874040361 4.7912483164739558816 4.9377736095350890366 5.081345072412560171 1.39548e-08 8.70479e-06
28878850.102669399232 5855 1.991939501580006322 0.15293016067265557956 0.24966373128181601482 2.7286085157138431079 3.1236157922659919528 4.5925806221494305248 4.7464257932472797563 4.8992673773222064071 1.88487e-08 9.62226e-06
28878850.102669399232 6156 2.0684748219121527057 0.27982899216925355423 0.13737176409414739164 3.2392987097776249072 5.3364836783616578231 5.9650392213119589613 6.0436498296411080844 6.1100396476924609956 2.69058e-09 5.02881e-06
28878850.102669399232 1410 2.0048934421827953045 0.01411800576339632303 0.19066123534803977591 6.2214312353255438737 5.4012928527160530834 1.7981795310411430311 1.7844025356015054129 1.7706053924810838396 1.96181e-08 9.75145e-06
28878850.102669399232 6507 1.9152162353659516469 0.59372408754345029624 0.51690485091210247592 0.74205890768119742162 5.8237842622824427252 3.268344533671303509 3.3916622729765153466 3.5385920122944560795 1.72019e-09 4.33221e-06
28878850.102669399232 6653 1.7704507440006673757 0.22022262510865972529 0.22330940521240813523 2.0114367637842529568 5.3904430186197584973 0.38566773853885455425 0.30968410534323848049 0.24256954609730985162 2.19009e-09 4.69538e-06
28878850.102669399232 6914 1.9599905854313459663 0.1365659926290976045 0.099115869162822251015 4.0817675607036418839 3.6799994686936341459 2.2417391733154712341 2.1296020132891309018 2.0138092227299271286 4.41745e-09 5.93254e-06
28878850.102669399232 6633 0.99425859357715828946 0.25844735145863745318 0.21580246338877001611 6.2447005811262270569 1.2289943611405407253 4.6199545464373841241 4.8834264768280304381 5.1381027481389294209 3.02269e-09 5.22775e-06
28878850.102669399232 6942 2.822094411775567302 0.19153639266767769067 0.17327810154453432423 3.6798025702371166545 1.141306495562597112 1.2595410929802861588 1.0812694804421087991 0.91222799548168320705 1.34834e-09 3.99439e-06
28878850.102669399232 6832 1.7495989079750249306 0.16417942376042934938 0.24710290258201497715 6.1423383538131322013 0.063899226550586205042 4.3221272294823682714 4.4796354349938987127 4.6393877537244421205 7.86044e-09 7.18895e-06
28878850.102669399232 4502 1.3227096388434886887 0.18190605605325257943 0.21072512966116321853 4.8422223651239963971 3.9877240236377624605 5.7216436861928414714 5.8122231949256146777 5.8947619517592935168 4.58456e-09 6.00643e-06
28878850.102669399232 5426 1.8104168990191435995 0.19915302320543037951 0.084302486356055403305 0.77292484106801506716 2.1387831132074004437 1.8648423138113885411 1.667173633302842406 1.4689448192949636773 2.09851e-09 4.629e-06
28878850.102669399232 6089 1.9120608690343150471 0.45015881518321754218 0.29525449885206617173 0.27794769394850799005 1.2753528886943272802 0.32026496037839269349 0.19825719968807883897 0.10959348297209424439 2.91473e-09 5.16475e-06
28878850.102669399232 6690 2.8982956890629236746 0.1112581124624977269 0.11190727571877261137 3.8573557123940807045 3.2231975623606614612 1.7579232596365708119 1.6472298585382461056 1.5362965775509023203 2.63564e-09 4.99435e-06
28878850.102669399232 5386 1.8206155490778588302 0.48343040850104401773 0.3447712708771613066 4.7359570218247650786 3.1771387520493736822 3.1800426916166739666 3.2067353656583543753 3.2382050652128024915 2.3788e-09 4.82654e-06
28878850.102669399232 5291 2.1830846757552433424 0.070691543445422305725 0.4959751430537273631 1.5005183742117302881 2.84612066332544833 1.529299062419011479 1.4587129121280157928 1.388464942055911866 2.6037e-09 4.97409e-06
28878850.102669399232 6457 1.9397400689605681645 0.390955404151121233 0.33521756813332698188 2.7056279692075695387 3.8309886484197814838 2.7321439039477493083 2.5334865412585414468 2.3101282015590847152 1.33039e-08 8.56728e-06
28878850.102669399232 5818 2.0398020462046795309 0.4420982517101205711 0.24705059380950641912 3.4439397594228258193 1.6272196118390569453 6.2737084123350745912 6.2772907729953200118 6.2798967211619256545 4.47796e-09 5.95951e-06
28878850.102669399232 6055 3.227936974327427766 0.071107968857888781411 0.067160239983460365276 2.2676521237143911769 1.5061793483709273733 5.3101366380098218301 5.3678174261456126359 5.4241908897552653102 3.0525e-09 5.24488e-06
28878850.102669399232 5142 1.2981853175148057034 0.21809053552638116291 0.17800715511681236558 4.6956719168127509789 2.186498276466299906 2.7352363062299280827 2.6382144124566413446 2.5330102680122736913 1.02472e-08 7.8533e-06
28878850.102669399232 5984 1.836448327554264015 0.52041789871477683871 0.54473753900656585181 5.4229547734715968232 3.1469590208343873883 0.93990954307096818976 0.55575317559534231915 0.28118939624755900919 1.83318e-09 4.42505e-06
28878850.102669399232 6291 1.5542794606746428432 0.20693003194884246332 0.15741028014503019583 1.438020104717198322 1.5492016258129728268 2.3264366848664610465 2.1627797309996874553 1.9910618327567644048 4.97801e-09 6.17355e-06
28878850.102669399232 6390 3.2382770258719988377 0.077729452626752140731 0.30727288695510429628 5.5847533720436501881 5.8876275885594013815 5.385606294228560742 5.4450092311485533969 5.5027952090947724884 2.74624e-09 5.06325e-06
28878850.102669399232 5954 2.0418648489554453995 0.45817725945909787422 0.1964413498252713941 3.3478105482245665847 4.9072993411137417752 2.9353803265596409844 2.8053027242768928673 2.6541101306403316329 1.68237e-09 4.30022e-06
28878850.102669399232 6332 2.1020313712526674799 0.20471125909240148188 0.1356465020655699405 2.4076781945347831559 5.2435116693310002134 4.5558093364971350425 4.7627891968957598579 4.9672405091113835951 2.19525e-09 4.69907e-06
28878850.102669399232 6732 1.4799327912907616067 0.060274165177546849825 0.16531261536096258924 2.4909750394492604642 1.573017377730324462 0.052788679481938716176 0.049698554461088971512 0.046704248564839422053 3.70815e-09 5.59632e-06
28878850.102669399232 6286 1.8313803192647095663 0.36313985935780657144 0.1280808132005786526 0.20769128271577297351 2.306816188714104765 3.1637092494163834289 3.1739480160383766183 3.1856954878787733243 2.66284e-09 5.01147e-06
28878850.102669399232 5405 3.1844152328427015597 0.025060910730468052843 0.17052167572067700174 0.31056094804847300672 1.1820622564114682262 0.034754690681521545337 0.033894518625826777769 0.033045253753438891264 2.93677e-09 5.17774e-06
28878850.102669399232 5098 3.2008149071464089275 0.059264626312429485866 0.11301313990232250695 4.6164293255500039592 4.3782630756830505092 2.8844385225612478862 2.8689073541905156794 2.8529462947995729571 1.90652e-09 4.4833e-06
28878850.102669399232 6153 2.7751921171254525511 0.1933877724889637717 0.83382768623690772802 5.0119400728417158319 1.7265899809832592204 3.3089057538319677221 3.3448769917923777406 3.3839194929197642381 2.21408e-09 4.71246e-06
28878850.102669399232 5368 1.9299015806351367264 0.53510641695493910142 0.15912557246500444452 5.0997681639435299417 1.6705003660566180024 1.6233227461217172305 1.0511715240329471133 0.58669618607024776047 2.65835e-09 5.00865e-06
28878850.102669399232 5796 1.6981548969605360089 0.27457086977905154068 0.24385208853209988655 5.5109156148589732993 2.6604997685661637696 5.731443681444641669 5.8623690990173606963 5.9745328335688263621 7.64873e-09 7.12382e-06
28878850.102669399232 5895 2.2057298324916430055 0.37286877121366168719 0.22238714560450317803 4.3704620325081329213 3.6006973055766069436 3.8823506990837577391 4.1845330720674089875 4.5066503005826037409 5.57854e-09 6.41245e-06
28878850.102669399232 6730 1.9465493156372724037 0.2549184601768501035 0.10296800784684713437 5.2215930765847273776 5.2212802171490446668 2.4123303215760314444 2.2217234339651366071 2.0189300928390689904 2.57888e-09 4.95824e-06
28878850.102669399232 5548 3.2071281195587082458 0.1338340600152403137 0.31800030681833180157 3.9646376013684418993 1.3261878178279331575 4.3360190099151019183 4.4640398558956837505 4.5937678246272817262 2.11518e-09 4.64123e-06
28878850.102669399232 5131 3.539108107080678689 0.058634092295249094773 0.26790957939589732373 6.1380198090727304816 2.1573936323250544334 3.3949164687859698653 3.4100538870956840221 3.4256064688555816211 2.25296e-09 4.73989e-06
28878850.102669399232 6295 3.2576854440264777502 0.017644537952225317762 0.26049514764026615588 4.7674738175612345614 4.9416043741571327175 6.0117437716315631491 6.0164351170204071195 6.0210861812570932727 2.30061e-09 4.77307e-06
28878850.102669399232 6725 1.5918037562904219229 0.092591543730545664004 0.21019316355472758562 6.0376506560020173353 3.655551681504932926 1.5383324372839084493 1.445796019129300003 1.3539269089863326112 6.2698e-09 6.66707e-06
28878850.102669399232 5278 3.1463933120552036726 0.011416194384623705449 0.3048485359175235887 3.5351163872258561938 2.4497619137067694339 0.54790897718398623439 0.54199090273155936526 0.53610194349628170762 3.13887e-09 5.29389e-06
28878850.102669399232 5669 1.6073556893551208535 0.2559756767045472392 0.18012104788297139679 1.7657812896093136867 5.1385653377448372581 5.5689200070026751987 5.7238619904159628859 5.8596859489380515029 5.45549e-09 6.36495e-06
28878850.102669399232 5748 1.7516613526231195053 0.079170795860262183075 0.21154774229894235393 5.0764503553571458383 1.4769795838970141144 1.8931935650881368538 1.8170637050692795 1.7402815605792458786 2.75123e-09 5.06632e-06
28878850.102669399232 5053 3.0015200551221594694 0.17143336279804793909 0.25962731129840410649 5.5727344563769110053 4.645141616106767124 3.8511190019558454445 3.9713796524076316885 4.0978610625697662329 1.90259e-09 4.48021e-06
28878850.102669399232 5116 2.7098431527552850895 0.18737506231220513175 0.085597045827949858054 1.5793702742633852765 3.6308066263193934375 1.985051910838576017 1.8056312645983629839 1.623399130280643643 2.56354e-09 4.94838e-06
28878850.102669399232 6595 3.0524166470901841208 0.080266884772582952623 0.22594849915215300951 3.4206153791817790477 1.2190143834432640713 3.7467204869393420097 3.7940103621355376617 3.8427411370689772419 2.5233e-09 4.92235e-06
28878850.102669399232 5290 3.2062995301000087878 0.044692059274810215508 0.11655878067341869653 5.7512731853952807626 1.121680734323523998 4.8367132562032715271 4.8809526494667938579 4.9250112771023770719 2.68653e-09 5.02629e-06
28878850.102669399232 5762 1.9946316726956998533 0.38508600816423188551 0.20703608696226322161 1.0731080648897386443 5.3182063549868558994 0.96982693431295585729 0.67522710828738830013 0.43451962360078189018 4.50081e-09 5.96963e-06
28878850.102669399232 6628 3.3085896486817354401 0.11276557443544119042 0.20238655912589914587 5.59416677063887402 6.171444251699938377 2.4672434802370859508 2.3933771575047986246 2.3166591316790037247 2.5094e-09 4.9133e-06
28878850.102669399232 6808 2.0825182535843107523 0.42262801836176439041 0.19956194521233294736 5.3927691875400025623 3.8849212273717972366 2.8137203305205606974 2.6334905262333956344 2.4278735381909606339 2.07842e-09 4.61418e-06
28878850.102669399232 5481 2.3686385097660433985 0.23464571485378843407 0.78956383362088999878 5.2620451373567584952 2.634421153619946665 0.74814359056805224135 0.59951875274585764153 0.46712103032648466527 2.0621e-09 4.60207e-06
28878850.102669399232 4662 1.4893866711771381883 0.3488789204810823219 0.12442754152271126578 5.8402511027185219916 2.1221612676959242805 3.9850061982472908539 4.2882953157314700476 4.6062677712044592937 5.28399e-09 6.29754e-06
28878850.102669399232 3089 1.2699593967832922825 0.066672431652412253444 0.2000602883704533097 3.8304474462352651187 3.3140585597534770734 1.1891296686526580118 1.1279653421376314437 1.067723985817120802 1.46985e-09 4.11094e-06
28878850.102669399232 5878 3.249673652628731535 0.039847590266334879938 0.060246899446960419655 3.2633438270220223032 1.0867404796724102756 0.35504811748033454633 0.34144462155366911427 0.32810170905410623865 1.44428e-09 4.08696e-06
28878850.102669399232 5489 3.228766651195367654 0.046245967406521822085 0.28699713498080287044 2.0142177339693825289 5.0143837930812464876 2.5046582182935055449 2.4766197733404613501 2.4480842637455051403 1.80848e-09 4.40509e-06
28878850.102669399232 1298 2.0471008255808231802 0.49254150011718506041 0.4687967452402715951 6.0248062513496281056 5.4018161113598317513 2.2353385072848395154 1.7500780064187115848 1.2654309419884803845 2.27299e-09 4.75389e-06
28878850.102669399232 2498 1.9358080978766130098 0.49549683471107541788 0.40137094102375298066 0.37808219337966719742 5.809123701161512443 5.7295566265513055981 5.9561029798358493537 6.1152969021249319326 5.39185e-09 6.3401e-06
28878850.102669399232 5358 1.8460093116089555387 0.411412761007147465 0.31064184674297690147 4.7292526260024185802 4.4117700623831597184 2.4728204484138238683 2.1544057656886881347 1.8110903959972024513 6.59336e-09 6.77983e-06
28878850.102669399232 5535 2.3149356599237806975 0.28805376022233170064 0.12487217562362427914 2.1251592339123579478 1.7930728554273978048 3.6940437919771804687 3.8701378115051996431 4.0619196319928656536 2.07392e-09 4.61085e-06
28878850.102669399232 5713 3.0574398063360836986 0.16284823632937781013 0.18879137738537665747 2.3252249471318551244 2.3227649470344862159 3.4128419282085316055 3.4605253212196416257 3.5115869120369396228 1.49134e-09 4.13088e-06
28878850.102669399232 5569 1.9269431449231091413 0.16065055815724879618 0.31414467434708615023 1.6495400673016542559 4.2760604248915754511 3.2547938936056834969 3.2746543941394432586 3.2959678130065648283 2.77052e-09 5.07813e-06
28878850.102669399232 6450 2.7035735667384224179 0.13443904703804088197 0.16788847856052260821 5.5002751028322185434 3.2510366196819675544 4.8849015744581212317 5.0162353594979283145 5.1445161224580644443 1.74846e-09 4.35581e-06
28878850.102669399232 6407 1.8311384808746100639 0.31700585239732781417 0.2149469514927787317 4.9495252513937515459 5.3572311839777269071 3.3054562961416515954 3.368667750047964482 3.4400348566551137708 5.15346e-09 6.24525e-06
28878850.102669399232 5576 2.0190089478965362879 0.50276783793244628207 0.36892346173997925263 2.1445885195279212887 0.26380908949686210363 2.3838929422850707596 1.930854128995815433 1.4603255446858145472 5.46785e-09 6.36975e-06
28878850.102669399232 5647 2.0160761422774631235 0.51862581374013461133 0.4574559510793467787 0.67650334148649926558 5.0531195329246454406 4.6159141815774056283 5.1730124777996939756 5.6375847872800690652 2.57441e-09 4.95537e-06
28878850.102669399232 5992 2.0052690010851184077 0.1441108791873825512 0.12565657944082966879 0.80602478994477022578 2.7191022154648480935 6.0748027420466197412 6.1027873634312754803 6.1286438921050327977 8.41385e-09 7.35386e-06
28878850.102669399232 6761 1.2296762259065745493 0.19280211630690344271 0.12086310077832125576 1.9985308765271936338 2.9727761645590047301 2.3991536618427096172 2.2576410028830644627 2.1085566404776132643 4.88068e-09 6.13306e-06
28878850.102669399232 6421 1.7609786662518627232 0.068014610422126656197 0.066086660309158301585 0.24372947310648709895 1.4424850855416120332 6.0503961666659975549 6.0656007960779270149 6.0802832269658333431 7.66894e-08 1.53613e-05
28878850.102669399232 5394 1.7072876465124811052 0.28367736794392006683 0.20479271957123695858 0.47749247460115479269 3.5949070541148739899 1.7640628319578739447 1.4737532549442455831 1.1914105846991427384 4.23442e-09 5.84945e-06
28878850.102669399232 2895 1.6471463289333871938 0.1239058468549624481 0.040544888217535178521 4.0749911124846160959 4.769259627840127358 4.0059084759407941334 4.1044229561632681325 4.2061263026714694746 1.06911e-07 1.71603e-05
28878850.102669399232 6189 1.7280816899102933171 0.1603460066265671724 0.10738464397386364435 1.2661101233529348242 0.21898833551915466988 6.2120954566952892861 6.2227049192166363767 6.232396796766705549 2.99935e-09 5.21426e-06
28878850.102669399232 6576 1.0970153577355210572 0.289270609255572686 0.12454425941095961794 1.266953202379549337 1.6512325117064696745 5.7165372215507135323 5.8573860374916160154 5.9768689200347937529 9.90665e-09 7.76531e-06
28878850.102669399232 6129 1.5345056581031519816 0.40722539135849977754 0.46852615119387930331 3.1035649807037315462 2.4412646624403109286 1.5921605712115347586 1.1709801695917088082 0.79587159820116348818 7.14833e-09 6.96495e-06
28878850.102669399232 5351 2.9687248292765082702 0.1533230128339449494 0.10194424305761941307 1.2290527609126602471 3.9768592135657518938 3.2286688260508062953 3.2431980124282384637 3.2587496616074864697 2.44807e-09 4.87295e-06
28878850.102669399232 5321 2.1448614634723135453 0.33524067376407029606 0.40525323365983667578 3.6003568006091790643 5.291589224215885956 5.6651356448470808758 5.84005872307799212 5.9837985796894876955 3.33881e-09 5.40398e-06
28878850.102669399232 6337 2.1234386105692100166 0.31311258560874438706 0.35161823801194203032 0.99604705155351402901 2.8778074058480642705 5.4034915345716179047 5.627064096580566499 5.8180778138501496599 2.57504e-09 4.95577e-06
28878850.102669399232 6131 2.0005320976757876572 0.50163695591443979716 0.41516364561887775242 0.76841633920864693685 6.1954576739186393297 3.3170422433868727019 3.4445890545021278228 3.5942682152034861609 1.45631e-08 8.82947e-06
28878850.102669399232 1239 1.8719133142785018276 0.39634231164829653027 0.29438626552845564843 0.74984597203486202943 0.20076530379421661521 2.924523152222091138 2.8131344218428413484 2.6852807075073723553 1.31823e-08 8.5411e-06
28878850.102669399232 5775 3.0319999446813263866 0.14284987984817484885 0.10576233949071900398 5.8951211876181810467 1.675091955020838963 1.2856703609422348578 1.150813477580920452 1.0203778331776898192 3.02463e-09 5.22886e-06
28878850.102669399232 6935 3.4975019477356150688 0.016745499356584057915 0.42331702816646921139 0.7086138967953756751 5.8963732932264223408 0.5229575592841018139 0.51465380904833080145 0.50641111275390315871 2.603e-09 4.97365e-06
28878850.102669399232 5807 1.7302656564451832644 0.21386689479762291399 0.22574540001672452338 2.0766205592634130461 2.9274816990928296256 0.70081343225537395814 0.57212320171652542022 0.45633173899115969663 4.88354e-09 6.13426e-06
28878850.102669399232 5927 3.505309301677161482 0.0770213122817954704 0.16047911581385798652 3.5739913745840974357 0.75084352075197535736 4.5334565440299989802 4.6098483517568036305 4.6864650953193915939 2.21586e-09 4.71373e-06
28878850.102669399232 6445 1.3655898275373585804 0.15946409588818213909 0.088430866329875221221 3.7570163363693946934 3.7170515956635394872 1.9545868639991466065 1.8014612588121912129 1.6462206348494210495 2.3322e-09 4.79482e-06
28878850.102669399232 6807 1.8253379497868618131 0.3027997899704086282 0.14101686909171198825 2.0185826633103127747 2.996191687108347157 4.1194010637636608863 4.3990959511616614108 4.6871566104493851412 2.57067e-09 4.95297e-06
28878850.102669399232 5494 1.1876678210812101621 0.31576672729704918785 0.35401972977008794308 0.51447537906901819049 4.1908542631078704588 3.2944397342647913085 3.3531688669804160519 3.4194802667411567931 2.97785e-09 5.20177e-06
28878850.102669399232 6123 1.8723159039639043488 0.4334051404354762882 0.27374299924159511965 0.048024356376907696708 1.8116801472146488727 3.5650230875041741818 3.8004157285614037498 4.0657405764808567383 1.87233e-08 9.60087e-06
28878850.102669399232 5407 1.8966168633153708267 0.56050664044051679014 0.51393527019821394486 0.29584574337996100146 0.39615498016584871355 2.2664444341853409171 1.696562780972562523 1.1404831238031367668 5.11323e-09 6.22896e-06
28878850.102669399232 4750 2.0585634774138532599 0.24130725473416694826 0.28800889054973605186 5.6980049470817597523 5.100643776343356528 3.4102554366125215068 3.4839397201976516349 3.5649462952418002892 3.28876e-09 5.37685e-06
28878850.102669399232 1127 1.332871161869952692 0.43596744710197826711 0.090488229714286771976 4.0088481629340222412 2.6274914364249788434 3.1632303910516483825 3.1761154421095123546 3.1911632646149827863 1.29908e-08 8.49954e-06
28878850.102669399232 6005 3.0413413689768034054 0.11937782714248382221 0.44730219137116633554 4.2863576398357547959 1.167370556507932422 5.7930225673056412461 5.8465796985962832366 5.8970605151931874133 3.36675e-09 5.41902e-06
28878850.102669399232 5209 1.7380511231602151501 0.30562967323131201569 0.15181492038040217407 5.4488726467278905119 1.2557436551222445065 4.5402947382251603869 4.8546740267265438007 5.1572151742196741253 4.75685e-09 6.08074e-06
28878850.102669399232 6996 1.374720790762665068 0.15350387520276920217 0.12368295943397913939 1.4649417927055534694 0.3192682950166537692 0.76072518261907884352 0.65998549230522807196 0.56587143888780788714 9.30536e-09 7.60492e-06
28878850.102669399232 5406 2.0464761050288120536 0.26339583023603130307 0.28063300939154667279 0.1419982381454913678 5.5298961098373657919 1.4469531810144282691 1.1866905089810493301 0.94248731081258974029 4.61584e-09 6.02005e-06
28878850.102669399232 5938 1.7195018956977066171 0.12251418524267936039 0.25210795473822900092 4.5309381699267472499 1.1232091473210503718 5.9464410271256076257 5.9848411703743940038 6.0208527321795495268 1.88863e-09 4.46923e-06
28878850.102669399232 6827 3.116509735966694894 0.16502127194032858992 0.14840774055207092696 1.4918095567514795263 4.7968696239026709094 1.7731251279873427862 1.6079671293573896129 1.4430598466433881555 3.04652e-09 5.24145e-06
28878850.102669399232 5420 3.4214119007048600096 0.090551375604264669472 0.30110893831273649601 3.8278424721014463472 0.36924695446023708678 2.1304639683832320429 2.0517128226490357612 1.9714325689998608571 2.55489e-09 4.94281e-06
28878850.102669399232 6167 2.0032538604926397596 0.1258852703147437524 0.09985964545412108484 1.8433768821760356804 0.024220544652073867226 1.784194066957332625 1.659160534909895679 1.5337664156634689405 5.7681e-09 6.48427e-06
28878850.102669399232 6036 1.8956934683171022815 0.51125180933923630722 0.30929932286242567407 1.6222486418664869845 5.264350953691051771 2.4067642884842892492 1.9516145344115300997 1.4769883778985477552 2.34807e-09 4.80567e-06
28878850.102669399232 6586 2.003758489277430499 0.11133866831832624211 0.21542102073413085805 4.3486749916531532989 6.0357088053365552938 3.6976332146481145635 3.7594996133832787599 3.8240014896091572005 2.89513e-09 5.15315e-06
28878850.102669399232 5195 2.7620571064568948394 0.096761787574155544434 0.099191626748857397722 2.9930739459892916621 3.0443295840015074383 5.347054889138359357 5.4229381372582921017 5.4962839401918612836 2.26107e-09 4.74557e-06
28878850.102669399232 4963 1.9891093847851277765 0.24470935818463973588 0.21105186767769953948 3.9971889490619729735 3.5334129437503656312 2.6258492463192535382 2.4886651458530790748 2.3400006990363246828 2.1769e-09 4.68593e-06
28878850.102669399232 6056 1.4959285040303345049 0.20519625300204000218 0.26055789656988165293 0.20375092943591666117 0.41734040655124332586 3.9198972250563643982 4.0767968674504402316 4.2419224633243652889 5.38932e-09 6.33911e-06
28878850.102669399232 6170 2.3063430430645421865 0.21339599443354195785 0.19602138268169366775 2.1479556460290738507 1.0689492399998390404 4.7983920089914189333 5.0106994593468510146 5.2146706944226943747 6.44558e-10 3.12323e-06
28878850.102669399232 6886 2.7765808137625977992 0.1246598115098930537 0.49482436356359438268 0.63765373955019510888 5.49592906577354956 2.5001320687997607983 2.4213360252186637567 2.3391132078043774811 2.88448e-09 5.14682e-06
28878850.102669399232 6185 2.0860580816498308643 0.3494480143062209665 0.1635426734848646757 2.204506321194033891 4.6349409915043713326 4.9800391468715217158 5.3091637687930237632 5.5982105362198630871 4.56223e-09 5.99666e-06
28878850.102669399232 6037 3.0474783693957876451 0.32669911249294730782 0.26302620353621819493 3.3085794507025978461 4.3280049803446551948 4.6098566560003897408 4.9466329738966487994 5.2644099644042281483 1.83549e-09 4.42691e-06
28878850.102669399232 5776 2.0211086495149666042 0.69326007661971134066 0.12766781109886363166 0.78832335007171927543 5.9919815726682852386 3.0010775469273576199 2.8138721590467419276 2.5907216680814117993 1.75506e-09 4.36128e-06
28878850.102669399232 5846 2.778127489095991276 0.15970971542334871929 0.11161846341026952778 3.0001949498187556742 1.8455510619889547996 4.1063998571804880555 4.2446371080171374501 4.3871914734735231178 2.37403e-09 4.82332e-06
28878850.102669399232 6333 1.6907064984742947722 0.1777106667834321696 0.064240530967799955309 0.6315321437310013053 3.6648156574020278597 0.49664774282549351003 0.41756472293414131913 0.3454967172194756686 1.94245e-09 4.51128e-06
28878850.102669399232 1147 1.0440305978420418853 0.11615735890511075246 0.1612882466865763198 3.7827442986543178272 1.7780673813545686546 5.2738412691593250514 5.3694584960799112139 5.4614302162592034406 7.2768e-09 7.00643e-06
28878850.102669399232 6244 3.2237464773493833547 0.047743662253494259518 0.33386617254995964998 4.5561262799880450913 5.3296594514548125687 2.8950311672236699323 2.8830953491933675181 2.8708907288512031108 3.08558e-09 5.26376e-06
28878850.102669399232 6192 3.2000701120616983353 0.15413624890659757827 0.33054739508893210553 1.2471861527521606039 0.47789053023147309851 5.4978792671549321369 5.601723021777682554 5.6988179741931297428 2.79503e-09 5.09306e-06
28878850.102669399232 5914 3.1970227287627444035 0.060984310010020879866 0.12371761523942133298 4.1872472538443767931 0.090452655559291536558 5.8337545965343702292 5.8595631425210426002 5.8846316658064274918 2.63408e-09 4.99337e-06
28878850.102669399232 6739 3.1835659755582526032 0.095058348084939278677 0.20919358957140701816 6.1573747081545748827 4.1423017814963420946 3.6199918297118496291 3.6657807733061025246 3.713358455634684141 1.84353e-09 4.43337e-06
28878850.102669399232 6164 1.8604808162897628065 0.23854340155021919179 0.17402413030594152121 0.73359361714875703786 1.5004812205515101198 4.9874642975788310295 5.2120399902151008931 5.4214214187620175522 5.09634e-09 6.22209e-06
28878850.102669399232 5361 1.6438771460840584382 0.36456276028631345865 0.30226049763950135763 1.1230777640651639082 2.8052322692140254645 4.5583832521722520426 4.9379709303582028923 5.2932971669274397897 3.09083e-09 5.26674e-06
28878850.102669399232 5650 2.0237770083146138234 0.22897390307341566884 0.25190761730452254641 0.56524240272729475709 1.6659405684984638363 2.7960647337411783653 2.7078939996359139286 2.6116723208186551908 1.14639e-08 8.15256e-06
28878850.102669399232 5401 2.1307341953842198201 0.22599182106487011867 0.084729025762388110454 3.0953902748802923917 4.7449478733416192711 5.3960428351913982681 5.561198049271167676 5.7105509365899607133 1.17442e-08 8.21848e-06
28878850.102669399232 6655 1.5907729215792267841 0.27944749149853631565 0.14349331849006444206 1.4772432628983585001 1.2880892052973886841 2.8533723410963469647 2.7595633452267378516 2.655384132384078999 4.63012e-09 6.02626e-06
28878850.102669399232 3400 1.2274255105418752088 0.22955141438363002582 0.25451294346704389504 3.6201065436992667657 0.72103941659912018647 2.9660822554760821745 2.920210613545735967 2.8698061401163816875 2.20416e-09 4.70541e-06
28878850.102669399232 5798 1.5420411659948036753 0.2579934273738868078 0.09144567848551621303 3.9238497303212134248 2.7065706833374605367 1.0890047091634580401 0.87064471237460883124 0.67334565625714737358 2.01067e-09 4.56349e-06
28878850.102669399232 5551 1.9997478350102091404 0.3982878459050190334 0.13045187101552693787 4.7328312645186274565 1.3571915697022214342 5.2060664716275768527 5.5361156315782062975 5.8067489373149747678 2.00606e-08 9.82423e-06
28878850.102669399232 2928 1.7160611987143361556 0.35527761651754474759 0.10964502527492345219 1.5303225096406876116 0.65266182383356630137 4.0176952323883963203 4.3347421185927110798 4.6649850590562236263 9.69793e-09 7.71039e-06
28878850.102669399232 5185 3.5382649492357165499 0.037961128414204063641 0.24393647906439794304 1.507249635407683197 5.8759801543012306624 1.9630598230917986058 1.9277164548983631853 1.8921477376709070484 2.64564e-09 5.00066e-06
28878850.102669399232 5885 3.4692720219404353799 0.10948872816144669673 0.26306687709247011941 2.2237013013894095792 4.6930858343959318546 2.5088311203964055451 2.4409043807054686681 2.3703121851106385698 2.25928e-09 4.74432e-06
28878850.102669399232 519 2.0145406125141356313 0.14604850504471972306 0.090979694812225189726 0.081274820226294022807 1.7604581565627419604 0.98873877872789728283 0.87097677833774134193 0.75925574395874528832 3.92741e-08 1.229e-05
28878850.102669399232 4406 1.7309467056008516206 0.26123227362434681131 0.11957733307700006697 2.1368008065041910193 4.7652173888148352532 3.5144583619623634974 3.6248728050205238915 3.7462638281011781949 4.822e-09 6.10838e-06
28878850.102669399232 5453 0.91694653836382278289 0.14972643602742732871 0.21684410668657216892 5.5017507318510494585 0.59020686338085215361 2.7736472542108150385 2.7154097321907402218 2.6535130960056005911 3.03837e-09 5.23677e-06
28878850.102669399232 5134 3.526558800817549244 0.050267594270499267595 0.340148666642805797 4.6311953056827306341 1.2051857470350368917 4.1427833323295830681 4.1857169493832158125 4.2291725149700489794 2.31886e-09 4.78566e-06
28878850.102669399232 6863 3.0974977543090016496 0.10619981020591359733 0.062406398277005281638 3.2857811975014397099 5.0830087666104324384 3.3116780596533743619 3.3307030320336385998 3.3506670254683315058 2.72515e-09 5.05026e-06
28878850.102669399232 4313 2.0653344549761749604 0.42629381982307329446 0.35253547375415383858 0.66080005512348105601 5.4087891666265672796 4.6295171393254550551 5.0764606721523328758 5.4748129431664231959 1.98502e-09 4.544e-06
28878850.102669399232 5577 2.032854949016747792 0.57159952191219320916 0.46406961024357090695 2.2240583011109862355 0.16328694005721886007 4.984265545510487172 5.5282864811643399605 5.9199550378634757664 6.01747e-09 6.5764e-06
28878850.102669399232 5417 1.9187078512434747601 0.076434302067628911992 0.093294737668892582794 2.9889981698400833743 4.3240083709916090626 0.9225014713326382676 0.86288124937711130347 0.80481263875947461894 6.2485e-09 6.65951e-06
28878850.102669399232 5880 1.7404247595799258175 0.29783690742684010289 0.19416185040466196754 2.3460200571159361971 2.8896252674364291124 2.3808203802508027813 2.1457211038832388894 1.8957664803396965247 2.24295e-09 4.73286e-06
28878850.102669399232 5030 1.5573907914270561648 0.31989280194764407872 0.31040426686286265445 0.52628873161576839035 5.9025926425035217804 2.3389753629479130836 2.0738323228557886679 1.7935668861337372704 2.14686e-09 4.66428e-06
28878850.102669399232 5240 2.0707756196531321713 0.12763857472231321388 0.2225096287222508018 2.569691950125715163 0.79173561023271099568 3.1432609578827257479 3.1434894118024092613 3.1437315111720938177 1.54708e-09 4.18172e-06
28878850.102669399232 3887 1.6489282816173549406 0.57542189546455502214 0.1211431053322671314 4.8533697179464034832 2.8866659873257907165 3.3835267677203839654 3.6016238495886883086 3.8570973955760479157 4.23017e-08 1.2598e-05
28878850.102669399232 5625 3.0306796495099983524 0.23607218741162216968 0.064151759294489324459 1.4850336808664696964 1.4420367698116380861 3.3276844312598314879 3.3778859816289728002 3.4331506153788593494 2.295e-09 4.76918e-06
28878850.102669399232 6997 2.9064057023917775346 0.19695660896976924237 0.1919535700019111002 3.5736191652505642224 0.45927065446230702639 2.8681320444605464814 2.8087437995201787189 2.7443908182338896395 2.77488e-09 5.0808e-06
28878850.102669399232 6029 2.0036654572653977979 0.17095275497548975685 0.11662443854357235073 5.9632095452178743855 5.7168280326687899162 2.7816442918513906157 2.71569047118021345 2.6450626162909642858 1.2969e-08 8.49478e-06
28878850.102669399232 6282 2.8098466689638086358 0.11063076202380785207 0.075841849346122855446 0.091086897128348082164 0.056925109717535164744 4.0521728567852139946 4.1428502233311821357 4.2360178960134202697 2.68214e-09 5.02355e-06
28878850.102669399232 6604 1.3643552587267586684 0.15677044007744928011 0.15574112940524237336 5.0844917888372860304 1.4167810127678754917 2.5589866584253795345 2.4661421716203650867 2.3681216189292415564 1.33847e-08 8.58458e-06
28878850.102669399232 5362 1.4755250276924578579 0.3051390713235138108 0.24111263661424944815 6.1611335238643070156 2.6092660120269242086 3.8279871345810012606 4.0523926042958731131 4.2934507781488964184 1.49782e-09 4.13686e-06
28878850.102669399232 6068 1.1755418426658192921 0.37246343131350173605 0.25015591051195346095 4.498614543449034997 2.2827163463686037659 3.6005916512909661442 3.8068911413831032498 4.036810579136047572 2.08722e-09 4.62068e-06
28878850.102669399232 5877 1.2139068701323059152 0.32835004289049662951 0.10488462936898973465 4.0978656760898495293 1.2124995871730939179 3.602918994855233592 3.7795654646667578014 3.9751203138541510995 2.13222e-09 4.65366e-06
28878850.102669399232 5479 1.3779594909186920759 0.17459995583045825884 0.27355998962898758764 2.1011723666855735004 5.7023388486462636138 1.3055628011869411242 1.1399712370851731169 0.98132596602401622743 2.12255e-09 4.64661e-06
28878850.102669399232 5257 3.1927441775589779915 0.15314952799233103042 0.18207802373525938666 1.2630377838611483998 4.8732017075551112839 4.8038142535360819352 4.955864097864473905 5.1044966439109371592 2.20895e-09 4.70882e-06
28878850.102669399232 6565 1.4939912378142157223 0.28304002287681073735 0.027494393286904988266 2.5227375156995464067 0.92426066364803693975 5.5038892036924940143 5.6875119924571730934 5.8463161915919572564 1.41094e-08 8.73682e-06
28878850.102669399232 6327 3.028308618351209347 0.16249886191615439679 0.15215002052395937282 1.5295912324549043593 5.944096409849867868 0.049603486673269130136 0.042104986575584701924 0.035264995617552086227 2.25041e-09 4.7381e-06
28878850.102669399232 6313 3.2348459230510959728 0.080204217060866667133 0.3366586102901136246 2.4927012166699755724 3.4270737623745484157 2.5236784375254575075 2.4755722586398665186 2.4260171385429294411 2.33149e-09 4.79433e-06
28878850.102669399232 5890 1.8988865845756961459 0.27323697121284984402 0.62369305882908054883 6.2101947392070693255 2.8074888198559633246 3.52454809238128286 3.6439244831917023681 3.7754800533919583572 4.73576e-09 6.07174e-06
28878850.102669399232 6709 1.1409356750661840962 0.45929213865301382613 0.046478337069849745555 4.2511661832193574639 1.598795844434581559 3.1339185720875888386 3.1289856299843856746 3.1231954765317655465 7.37402e-09 7.0375e-06
28878850.102669399232 4581 1.7895277500492570155 0.33490686306799383187 0.22489393013446895564 6.206910133364453408 0.40097994994118352219 2.5354597086035060016 2.3075448637754556458 2.0594937266704209655 2.62777e-09 4.98937e-06
28878850.102669399232 5923 3.0514309429229093951 0.0041063663849987674243 0.17468025524640920509 2.4980037257991067889 0.56351248098380213314 6.207018245328979944 6.2073300757840597086 6.2076412665231730514 2.22479e-09 4.72005e-06
28878850.102669399232 5691 1.9761799488175253448 0.58428206877928745566 0.15935685774632887823 1.0018027212627533817 6.0050328342685093119 1.9686670787247146919 1.3135452882285785225 0.74849017174390219953 4.69105e-09 6.05257e-06
28878850.102669399232 2182 1.5487847634215810011 0.12154454388209749716 0.16491652947991602973 0.87524527642683724871 2.5331994931825714268 5.4718463706157685067 5.5567026443635345601 5.6374379373963590112 1.98345e-09 4.5428e-06
28878850.102669399232 6842 3.1506527886297863716 0.072198118844147826656 0.1236772213596692982 4.0062122172450651547 1.7948181501793465387 3.7479191986410342885 3.7903699739712291006 3.8339929869419857589 3.94698e-09 5.71398e-06
28878850.102669399232 5437 2.1053622635128701468 0.10569395275117531019 0.14541784902249327294 4.9059358475313175063 2.5179055796549181245 4.5323939427995973972 4.6375741555529348403 4.7429724480878574511 4.54448e-09 5.98887e-06
28878850.102669399232 6001 1.8331175421990830721 0.1134251593838609129 0.31999850362472903598 3.2924651088985266156 2.0035154492806515059 2.6120816663402091073 2.5516540915546603863 2.4885545444772270152 1.89847e-09 4.47697e-06
28878850.102669399232 1517 2.0945123064380699596 0.24222948933799132165 0.20007574687491336274 3.0914272664902830989 1.7230802338722581712 1.9568120382499256671 1.7190842759304294507 1.4795131403259813574 2.17631e-09 4.68551e-06
28878850.102669399232 5753 2.0053243370303452942 0.26578286821386648553 0.26523365988554270523 2.0088216071744700031 6.0755531526683199672 4.6717760211525529712 4.9420398459957297632 5.200844832303556764 1.44813e-09 4.09059e-06
28878850.102669399232 6121 1.9057538132589266766 0.45513714080724920752 0.22355050239567361703 2.5541729710705660672 4.4716750805972713678 2.8853827023784663908 2.7266439928834662609 2.5431586639989887111 1.90564e-09 4.4826e-06
28878850.102669399232 5717 3.1663991549865633246 0.078547126480171841623 0.22466382981993354706 0.26848218961206210542 2.7866124364429323279 4.5000670739739199178 4.5775731057171888949 4.6554075031038255617 2.31886e-09 4.78566e-06
28878850.102669399232 6197 1.9743021370903797163 0.19561687690577381216 0.22131106313632195604 5.4986237957334420656 6.0937772576137767544 3.0809761878385528711 3.0677018310974513149 3.0532606886323665485 8.02678e-09 7.23931e-06
28878850.102669399232 5211 3.2091737565016451583 0.025588805757095642313 0.26340318221103309337 0.22453666251783488406 3.4332273554108527769 2.4529992188485696403 2.4365741797393027923 2.4199914079222337726 2.07199e-09 4.60942e-06
28878850.102669399232 6154 3.1391062065305983531 0.092412163071977956874 0.2307039436595751114 3.1016790409143681906 2.9834776664830560122 0.2205390274878331891 0.20115641217851390476 0.1826922255482301416 2.04677e-09 4.59064e-06
28878850.102669399232 6204 1.6823052188625697845 0.21861126319490684078 0.17338519995208273583 3.0827194414680842982 2.7940809148642005155 0.4682016746722752476 0.37737510534209817159 0.29682088877086643119 2.26769e-09 4.75019e-06
28878850.102669399232 6392 2.9906809615503604505 0.23979072097410880637 0.19271407088152631149 5.5637410884769211705 0.58665474163176922762 2.2933155406744085703 2.0954518312133805225 1.8879137880644183412 2.75286e-09 5.06732e-06
28878850.102669399232 5076 1.4980054350787963546 0.30799246665122570477 0.16831469614025876269 2.1547706260579837512 0.43309225273106810583 1.2246953774317916874 0.94468372106360309903 0.69511384180737367799 1.5547e-08 9.02399e-06
28878850.102669399232 5288 3.1494362240387903107 0.18278605266753691905 0.23998267768500794461 5.9203307984473836356 3.3855685553169023727 5.1836370123962778322 5.340961261104601121 5.4888110166540355905 2.94866e-09 5.18471e-06
28878850.102669399232 5459 2.9478915503589693259 0.18326832861710909417 0.19443522283890893321 0.24621808525024771463 1.4612558554485735041 0.50878741503105884281 0.42552383098145857288 0.34987103962681959102 2.51526e-09 4.91712e-06
28878850.102669399232 6816 3.0939692710822099819 0.089736408150330806976 0.17932481122610319235 5.1571108356717809684 0.33640910909657512073 2.1244177366718015598 2.0461195787890118503 1.9663309145580147863 1.76213e-09 4.36713e-06
28878850.102669399232 6572 3.0038394801101842013 0.12507425876970801326 0.17251037474404934402 0.54671523702605395734 2.9279813701575481133 2.9309200696378034934 2.9029459624182374355 2.8733799224316807219 1.66053e-09 4.28153e-06
28878850.102669399232 6740 1.9738706344292575867 0.41077196024663215068 0.16770106589534566899 3.6743966078701979505 4.2026985662316462822 5.6105147426422963264 5.8387524341327559085 6.0153621609578111773 1.33102e-08 8.56864e-06
28878850.102669399232 6480 1.3965842601412559176 0.09498755059725860761 0.11718729008112828416 4.2890388100591971821 1.9645985727185220071 3.0153545099019187781 3.0027742688477494504 2.9896305600072841102 9.59462e-09 7.68292e-06
28878850.102669399232 5642 2.8545439741027403002 0.16648149682884932909 0.096181859773697531146 2.0177284278580094323 0.59416371210208618336 3.5150540527360356613 3.5813736958497566221 3.6522517534722012122 2.80041e-09 5.09633e-06
28878850.102669399232 5478 2.1769073584889326867 0.26522062238213078844 0.43240900699775702831 4.4209065949547801111 5.4172545088984431771 5.5052107395563822934 5.6776867420878369686 5.8286429144299649607 2.28234e-09 4.7604e-06
28878850.102669399232 5258 3.1579488813139882097 0.40269898402438397689 0.38528702205512405099 1.059434197342411732 0.2555488775898152598 3.2662106685445748688 3.3322312774373101796 3.4085370921889324158 3.58569e-09 5.53402e-06
28878850.102669399232 6815 1.6370502846443282241 0.27596881878724816017 0.25380756695461542671 0.54952455392436638792 4.9644336495856471458 5.5682535441492406747 5.7346449357776672073 5.8785467523134933288 3.57143e-09 5.52668e-06
28878850.102669399232 6617 2.7501964414872519527 0.20819574789238534662 0.037899075598751635896 4.5582641756106223596 0.98736902168435036753 3.139141121709265736 3.1385643656456441164 3.1379338899359119353 3.93262e-09 5.70704e-06
28878850.102669399232 6667 1.8067048805643548537 0.39008386117456128606 0.32713041585327745642 6.0110899952648138012 1.2955384721023148753 3.2426539440054864549 3.2939973574349221686 3.3532180947453342768 1.85586e-09 4.44323e-06
28878850.102669399232 6040 2.2903976501680509692 0.29879260730132434221 0.55633255125756753134 5.2751253787881910995 3.36293880407644874 2.9220188293397657553 2.8437750788244149369 2.7560990033394796583 4.48499e-09 5.96262e-06
28878850.102669399232 5950 1.7306684466474948625 0.1164765948119384914 0.074826116922179636282 1.3368762929114907934 6.272754920665448708 0.21139291097818124765 0.18819655455131251154 0.16640522823450235035 6.81029e-09 6.85339e-06
28878850.102669399232 5158 2.07179249476355265 0.069054221507981031203 0.14245409260822561315 6.2580777803619040967 5.8076426385064916502 2.2679964413504545284 2.2138033832583765559 2.1585395429555274127 5.85576e-09 6.51695e-06
28878850.102669399232 5252 3.1470868652483083849 0.12768033889044014262 0.17050506205058318931 2.0849520379457469055 1.2255896848367009433 0.39024765885574885793 0.34421387134057496171 0.30112727704095765269 2.42859e-09 4.85999e-06
28878850.102669399232 6104 3.3326053897924867719 0.082000408156875592702 0.13912442499239283111 3.4447187267877494854 4.669619429096714569 4.3396306152540136125 4.417251114184251648 4.4957059927956937173 1.75259e-09 4.35923e-06
28878850.102669399232 5196 3.5317233093749162975 0.10558099928377835675 0.19045669336549700401 3.2609803308049101211 0.38619282646273200843 3.103548404228487545 3.0992964459931542365 3.0948321015028379399 3.02458e-09 5.22884e-06
28878850.102669399232 1284 2.3250472170316069942 0.23600153628760608959 0.21655377890409613362 1.7148173352865909713 5.9855811944767891575 2.6043652878383296567 2.4680303080416159389 2.3208186186015047348 3.64405e-09 5.56389e-06
28878850.102669399232 6952 3.219001221667761925 0.11933860720956325496 0.12923566205091935322 0.036859249814100526754 5.2499187461594054582 4.8532781809209994961 4.9707339871102504958 5.0861122377472014477 2.57429e-09 4.95529e-06
28878850.102669399232 6978 1.2642566987854022553 0.0091732609884113951865 0.36939909162402295717 2.1008415013688179762 4.1650767490189100073 3.2380162093582276484 3.2389034268455150212 3.2397946758132287748 2.46129e-09 4.8817e-06
28878850.102669399232 6692 1.7508729512539753514 0.24577839374522397753 0.13402298045401825344 1.0946606890362389208 2.5003748330942898725 1.2327116906116322159 1.0075510648721077711 0.79973884261633720882 1.32225e-08 8.54977e-06
28878850.102669399232 6425 1.815227973770269454 0.06116793728566296412 0.023998259270657941455 0.8174672182195700243 2.9201701417129846128 4.5372752139459313625 4.5978688578592388225 4.658636128902288398 5.02719e-09 6.19382e-06
28878850.102669399232 6573 1.8489882271581374873 0.056965265743950721511 0.19207664271293542479 4.8254405261585944231 3.3343795586443887302 2.2462365813704092687 2.200943298922337199 2.1549187301803991446 2.46875e-09 4.88663e-06
28878850.102669399232 6836 1.6314318825180678108 0.20491093517375691402 0.13998045216358220855 0.054948593630656739073 5.3928649587491559458 3.6283654106178584442 3.7349051928241370213 3.8494730459969779268 4.61039e-09 6.01768e-06
28878850.102669399232 6180 3.0624238658908593536 0.12207678943488833867 0.16548415769589147617 0.51612108682481427913 0.079042218737715802535 2.6781190723273811116 2.6201787751953404815 2.5593715168159727469 1.88472e-09 4.46614e-06
28878850.102669399232 6809 1.8685461046191893519 0.1627823957527573806 0.33569178910032754226 1.7420695464380910877 5.64222575706565177 0.16332357083313250867 0.13867206169893320222 0.11617096917071265127 1.72631e-09 4.33733e-06
28878850.102669399232 5678 1.7978759779425079746 0.23275222598105407834 0.2870459542907071171 0.88979775863221088894 3.4066951106740082089 2.5860714132650208796 2.44796428199932814 2.2991584864060556903 1.85255e-09 4.44058e-06
28878850.102669399232 6119 3.1017693916801629683 0.11136274487104315389 0.20817478586693216602 5.5569662606669254501 6.2583266350188067051 3.3961979490848408503 3.4259392340564174262 3.4571798615857707304 2.96829e-09 5.19619e-06
28878850.102669399232 5063 3.469416461492112802 0.12451488804923514786 0.41929655950274674625 3.0139478076926984329 0.69877954313961232469 3.4111726433099569533 3.4465942459972223055 3.4839854062175841243 2.23728e-09 4.72886e-06
28878850.102669399232 5289 1.7012924764412797884 0.17898045980170959601 0.084819758564109823396 4.0461076037984202713 3.5038607855059438201 1.6726899503770151778 1.4920191225358641063 1.3135937383417668478 2.13423e-09 4.65511e-06
28878850.102669399232 5310 3.4677372186949484423 0.098913797444108456092 0.33012304809929621241 2.9145913364538293955 4.6769694892705384603 0.80573704066774065602 0.73661304778612612942 0.67016445096296339834 2.51895e-09 4.91953e-06
28878850.102669399232 6054 1.9055051684435524439 0.20777007262237923157 0.14354047802552138968 6.202550772067663587 2.9299175287310550431 3.8658722645871375079 4.0166563230912899485 4.176137371470366233 1.3494e-08 8.60789e-06
28878850.102669399232 6960 2.9921927525106846169 0.1545753538021111817 0.1048711292944352752 2.6639961401068870117 1.4872913950687125517 1.28778427811032814 1.1418934494893830944 1.0013191353749040235 2.28045e-09 4.75909e-06
28878850.102669399232 5360 1.7035106270471307433 0.17958164709876048293 0.049641379678124424035 6.2406147515322984987 2.7309734735300268405 4.2653177364789360837 4.4348193615743811691 4.6075273862399228619 3.45603e-08 1.17772e-05
28878850.102669399232 6823 1.8280850825367498391 0.11126886513765614495 0.13132320716558690266 3.3042972774171848194 6.0126822650260880465 1.2987246021720626477 1.1929021976812417272 1.089484053480955339 1.69817e-09 4.31364e-06
28878850.102669399232 6677 2.2971660392208961277 0.17935052433027270924 0.18775539686212086576 5.7723938210018168604 0.74419587489993577201 0.67117922594681223014 0.56625896708284673142 0.47004123082739857065 2.33048e-09 4.79364e-06
28878850.102669399232 6017 1.9135846886729197536 0.38840426506979208732 0.21240121532848205144 6.1643988046514728296 1.5842505414004750541 1.3161494434613425497 0.94808073880598420224 0.632580884300284918 1.07446e-08 7.97837e-06
28878850.102669399232 6791 3.1789129633923010054 0.2824131039272610999 0.11137680036110202131 4.054235491525219004 6.2424131611939301933 1.5617679897399332489 1.2758378459264607674 1.005620974218508934 2.20531e-09 4.70623e-06
28878850.102669399232 6266 2.9401881415618866811 0.13852576518005063622 0.13269023629167747691 5.7758624248835257475 5.0215523714858933957 3.3956765231628378565 3.4331876485904078145 3.4730110708766863681 2.89198e-09 5.15128e-06
28878850.102669399232 6897 2.2549268740788481757 0.35861372865909152408 0.24350914871378323556 1.7117123523261963403 1.3562049196450631783 1.6015951574709794691 1.2329241219090740778 0.89458565211978502418 2.6229e-09 4.98629e-06
28878850.102669399232 6969 1.5864471335931207285 0.21824584172359709489 0.22026697482435697584 6.0477813428783324667 3.6299977988600473644 3.7065760977089361461 3.8368354254900141065 3.9766375751738363142 2.41679e-08 1.04535e-05
28878850.102669399232 6230 1.8532515829217046655 0.19770895227421189655 0.29121711626085389213 5.8772456990804951005 5.9233690117556356824 3.5684148138275402218 3.6592793994561003679 3.7571198904131972718 6.03494e-09 6.58276e-06
28878850.102669399232 6186 3.2245945106584255058 0.011049555506441304659 0.2102081522977191641 5.4939332526934698819 0.7345630734515270488 3.8225499269831391125 3.8295362061343620752 3.8365521193091205454 3.14704e-09 5.29848e-06
28878850.102669399232 1465 1.6873268421372613624 0.49790759014184549081 0.24277842599590016004 0.25820825957901033521 0.25531046562531378719 2.7679190391226726753 2.5103827494017254551 2.2165565452357407494 7.44584e-09 7.06027e-06
28878850.102669399232 5931 2.7142066899760077803 0.14366294637442358906 0.723717257943795933 2.2310879020319864807 5.9783219626880903519 0.21135514149743681034 0.18305934889358912998 0.15690713979033982239 2.66585e-09 5.01336e-06
28878850.102669399232 5323 2.8006054072348178785 0.16600902698307140604 0.10258695552677828122 3.4269900476711332438 0.88370812006775634195 0.31290113484380843722 0.26524299258712058514 0.22172476027714085878 2.25995e-09 4.74478e-06
28878850.102669399232 5788 1.5999941376239890101 0.1739654483012127717 0.09988378318619757501 3.3976498065081242039 0.14296994966475878863 1.3266876626129844308 1.1604952508026087354 1.0009688008348600619 1.43499e-08 8.78617e-06
28878850.102669399232 6138 1.9022690756843161353 0.15120592713203220847 0.11232437781385284925 2.637789018188635648 1.6846343514921990892 5.4322281888572137021 5.5410128667311164818 5.6432115312693102993 1.45536e-08 8.82754e-06
28878850.102669399232 6726 1.832110983729118292 0.13099009661389776626 0.084971848737900354531 1.9058756602164710348 4.0194097802699673139 2.7918634879361086121 2.7438265494168438963 2.6930862494256020412 2.92983e-09 5.17366e-06
28878850.102669399232 5559 2.3599611569215936946 0.39268575971088032217 0.45369976157735053546 5.7601474677047477257 0.14086978686407267136 1.5879539458250886419 1.1830789953962772554 0.81954053505284074621 5.44342e-09 6.36025e-06
28878850.102669399232 6737 1.6638829424003278579 0.18028673555984697785 0.20580287690484674878 0.87319707159605997049 2.7873136213527871519 5.7959851154161663445 5.8747170709791554088 5.9463276922215833054 2.16814e-09 4.67964e-06
28878850.102669399232 5663 3.1504614416070233496 0.13989779571668539693 0.33023794459154964809 1.3283100750962806291 2.5632233699132949134 0.64987269518997925477 0.56935646073398205047 0.49393893835837843209 2.69499e-09 5.03156e-06
28878850.102669399232 5227 1.7638634506136658953 0.30271966277008804935 0.11478989420397406329 2.3633550703068681997 4.1827880969156581159 5.5122858129261560478 5.7060626693214304694 5.8712310174228186099 5.94474e-09 6.54979e-06
28878850.102669399232 6118 1.6910326179716392847 0.15635669726665432644 0.11011665062211443977 0.57326854554344852666 1.5843666893456604949 2.9123971055311348444 2.8736935386379292012 2.832304970586437598 5.68798e-09 6.45411e-06
28878850.102669399232 6356 2.234499172314195814 0.34035312515536453315 0.65998619191347462909 2.0104929700384737146 6.1076225806038220156 2.4949550155915396488 2.2503968945784480482 1.9856621276741570625 5.8318e-09 6.50805e-06
28878850.102669399232 5831 2.0181149222468444115 0.65452115491670914693 0.43848482393581084127 1.7345130637230758985 0.29184928727253395264 3.7105526865302431716 4.2800920658400780638 4.8744010943817697168 2.32205e-09 4.78785e-06
28878850.102669399232 5138 1.7559684851443186915 0.25796171018724206592 0.26031873081335621389 2.8651656225191914906 0.27292439958317143978 3.723924667144349776 3.8856449456311237256 4.0603559261242745393 2.37553e-09 4.82433e-06
28878850.102669399232 6501 3.04650429050063698 0.24487813441062927788 0.45350734019139915532 3.0308789073730273422 3.4132797778728769522 1.4856211205572802392 1.2416693118200283763 1.0099350436680880616 2.93548e-09 5.17698e-06
28878850.102669399232 6132 2.2392440520228586998 0.29459794484523627034 0.52026156935741230125 5.7688349163328123126 3.6334621740849568639 3.4487595971539946049 3.55502895600679647 3.6733861764356330326 6.69157e-09 6.81333e-06
28878850.102669399232 6702 1.8239985842418087181 0.41534499706565675137 0.34714558089396641005 0.031647744592844091749 5.7712178056485017308 3.1645389450801992837 3.1772925335705668459 3.1921171506982726207 3.70623e-09 5.59535e-06
28878850.102669399232 5256 1.91797663111232497 0.37088931605616309861 0.38062470511917656513 6.2163912368696809807 5.6068626808891401936 5.4719043325564431512 5.7169620311748463592 5.9159250781560039911 4.61883e-09 6.02135e-06
28878850.102669399232 6023 1.8650181504354290674 0.12283680111895391163 0.22917133274884168848 5.7836618868472076116 0.9419924140662380152 3.9713433705047105349 4.0661915378138262511 4.164261896320386569 3.26695e-09 5.36493e-06
28878850.102669399232 6504 1.9077194571787718935 0.32037461202303413321 0.2964055484892632597 1.7278585552670344683 3.2068007745357456351 5.0478601430534943972 5.3404935962553015116 5.5997223786375531773 2.41361e-09 4.84997e-06
28878850.102669399232 5667 1.9747633195469653788 0.1298073347992989568 0.19834078289289591712 1.5453836293998577389 0.5913591868363524684 4.9661274721313333202 5.0901218208027527723 5.2107781518155809053 3.20823e-09 5.3326e-06
28878850.102669399232 6362 3.0252926526164984899 0.095385493952609451407 0.24043441883025615247 5.6233782143381310092 1.3830705474365696528 4.7527327356671200675 4.8480024528894070102 4.9425121723018650144 2.92709e-09 5.17204e-06
28878850.102669399232 5964 2.1942411359171356544 0.23301597356145548057 0.54338862943938515127 6.1704498929773023974 0.012242957467176773453 1.6029796504910354127 1.3670337892490633802 1.1388384171656960042 2.1711e-09 4.68177e-06
28878850.102669399232 5767 1.8477764976013579812 0.50017567576214971847 0.27762696819870341658 0.16036676585776232784 1.4582110025493311145 4.1950722711428358735 4.7198640023977036506 5.2200257043283713188 4.97944e-09 6.17415e-06
28878850.102669399232 6126 3.022232857842950704 0.22406659400493841861 0.19834177083543119702 4.9777131254075621669 4.379529067248315144 3.7610458265436021996 3.9059709734748810916 4.061044863049149356 3.04059e-09 5.23805e-06
28878850.102669399232 6182 2.0849480677711995646 0.29780775101347228828 0.25347265883253550234 3.4791943429306404489 3.4064449252086155262 2.1843683656655406011 1.9129499431408709675 1.6324048338628323052 2.64006e-09 4.99714e-06
28878850.102669399232 5367 1.0417455315356793921 0.17297269516023447422 0.28499203652652860264 1.8695711754430937024 1.3446317935405798227 5.5845367794569851227 5.6895262286781136396 5.7862867684120686818 2.85701e-09 5.13044e-06
28878850.102669399232 6415 1.8966426062191936719 0.44295113876573766198 0.19867926082674514099 2.5538508827731063455 0.055244463883016695083 4.9018695724858449836 5.3344197803757831267 5.6944047591643007777 4.5356e-09 5.98497e-06
28878850.102669399232 6920 2.2760532184599102656 0.069091633741485969367 0.12536487741224347503 4.7524249503107256487 2.0934023600094140427 0.16878002084465579258 0.15754337914002483623 0.14670342101756247977 4.48089e-09 5.96081e-06
28878850.102669399232 6103 3.321934503134409411 0.050962628547879383623 0.13959939439775451153 5.2384226015681178978 0.68780787459211389923 3.4080978270287025644 3.4218666214601460851 3.435963849570363049 3.07621e-09 5.25842e-06
28878850.102669399232 5534 3.2654799950050326096 0.13324273270030942418 0.11205150956921249017 3.6765321606476741856 2.6262558616489690699 4.5127054298407118793 4.6454548216904321123 4.7783991899898943245 2.18919e-09 4.69474e-06
28878850.102669399232 5578 2.8774172763527881003 0.046145663545702653163 0.17760597804156719182 2.3041495815163659522 3.7714242358789191734 4.6009554721023491197 4.6469493499190956953 4.692996242888610503 3.04211e-09 5.23892e-06
28878850.102669399232 2992 1.6358747431349063284 0.33762958250851565767 0.2022351720022153021 0.66829200424069701292 1.2640632489196661492 1.9010783597758704744 1.5558382160549724116 1.2182464043206491233 2.26492e-08 1.02298e-05
28878850.102669399232 5643 3.3035906316138925476 0.027792605835459453095 0.063974483697883707811 2.3299686154884402534 1.2720563198467083055 0.24567701750619311274 0.23900614609019776857 0.23242660403968121163 2.47115e-09 4.88821e-06
28878850.102669399232 6683 1.7204438261599144244 0.3256899038395036361 0.1045772805454444343 1.8924240373171523633 0.11994908536461186543 2.6827274809454095816 2.5086775953840056985 2.3160327667799611717 2.07491e-09 4.61158e-06
28878850.102669399232 5234 3.1151514924706842358 0.17200569038257523813 0.092650288174241951511 4.0960197779264326812 3.7225676787524344391 2.5775114086263535285 2.4776226066885600474 2.3716243892693156248 2.35138e-09 4.80793e-06
28878850.102669399232 6292 3.3662954128750053329 0.019916802218420275733 0.30844669050100992358 5.1343034213059457471 1.5265109127107492348 2.6018255856147951555 2.5915004838561350731 2.5810886607379162072 1.7586e-09 4.36421e-06
28878850.102669399232 6557 1.8920336901384109396 0.06693249235843451439 0.22007326707225902118 1.4702685508680493065 4.0994550374993039554 1.6411349901421241615 1.5741603425674071115 1.5072282289328078342 1.93092e-09 4.50234e-06
28878850.102669399232 6401 1.1780330262247109552 0.13874452698608918944 0.063312902408727736447 0.68618843787137762114 5.0292367148476522232 3.4616073301577436894 3.5085648816049110899 3.5583451558845484719 1.93159e-09 4.50286e-06
28878850.102669399232 5864 2.0760667948678745987 0.48185857257192549197 0.549463900693633156 0.92103038140980753035 2.0425181054089094346 2.7119041330218616181 2.4345453124179865512 2.1215339594988211758 2.76427e-09 5.07431e-06
28878850.102669399232 6243 1.6393449063336087423 0.29830411136681622697 0.11730483610728588417 2.5770773609575448049 3.8722331411315136229 5.282513889806915941 5.5188225475792656027 5.7252720109840442575 6.87089e-08 1.48088e-05
28878850.102669399232 753 1.4500490217576493812 0.30043462694288403103 0.20841949581383481527 0.96761732946686951351 2.0138877809143953534 2.0063078035972430335 1.7103140146235391583 1.4127986555570817284 1.27811e-08 8.45356e-06
28878850.102669399232 6272 1.3692598045823991537 0.2305364263674586911 0.18521554599276984776 0.91027906422192217395 4.6521929275538989046 2.6242217594026047145 2.4957558320305430755 2.3570035804134970014 2.92426e-09 5.17038e-06
28878850.102669399232 6402 2.9837778316184642158 0.20086522688663607794 0.22230078847564305189 5.9924239105770720215 5.6461084875674618644 2.5518618197177995732 2.4287651303621520249 2.2974042035577673104 2.16272e-09 4.67574e-06
28878850.102669399232 4732 1.4517894934400603635 0.19320578108584121613 0.24330634705466958057 1.7204310274381342527 3.2595254610867265832 5.0226326570188186693 5.2025080145566722223 5.3729689989778357528 1.92787e-09 4.49996e-06
28878850.102669399232 6242 1.9521203517847334208 0.2422355777732550508 0.28679704203396222395 3.9019042622325295078 0.71722394239192233112 3.3830436608038394475 3.4497867063331915105 3.5232660288116339764 2.33848e-09 4.79912e-06
28878850.102669399232 5118 1.3982258971935386249 0.30856663951973833937 0.29385932310799206535 0.21271041853439678904 3.1952360761035030201 2.3426006216114334535 2.0892009759062299956 1.8211766685851522585 3.95744e-09 5.71902e-06
28878850.102669399232 6395 1.367378257551070897 0.10035043891280956418 0.059600842416813439029 0.3241967796780483857 2.8572144995831370018 1.8752955582389210232 1.7779266651209555405 1.6797212071792504418 2.27089e-09 4.75243e-06
