12616016.427104720846 0 5.3987690554989340441 0.039915459280599030478 0.031084956292130351552 0.10103877045263891243 5.6599298496942012093 6.1201995988162218865 6.1265538576863427522 6.1327803413901476048 0.000954961 0.000356051
12616016.427104720846 1 8.9994716013889277662 0.079340302687427935457 0.044029343144465042659 1.6625011373634217549 3.013525163534410467 4.8365625099938203135 4.9149898410086461098 4.9927073609699172962 0.000285285 0.000238018
12616016.427104720846 6992 1.7606657005671839666 0.097824874066663874972 0.220556766514407393 1.9824505035140627118 3.592689529521313041 2.6566476641892071697 2.6088723781360165788 2.5591892238451192654 1.98059e-09 4.54062e-06
12616016.427104720846 6819 1.2408162891367520153 0.22593711926937787293 0.087706722928354158286 3.4825214916398121723 0.73167557417741801995 3.0435643612642691025 3.0182837005347726844 2.9904941797593149744 2.46721e-09 4.88561e-06
12616016.427104720846 6751 0.94097098332167861123 0.088113910643138573797 0.039902271071128071755 5.797067292412557471 0.11190477156037209605 0.900080157988951024 0.83279155023054352025 0.76760378273621876488 2.66624e-09 5.0136e-06
12616016.427104720846 6558 1.6224348478046930477 0.27581972818442568318 0.012765404730734477429 0.80338437639977833271 3.0510192054729823319 5.6593261969373997999 5.8065386525969842069 5.9330853463948551862 1.61664e-09 4.24347e-06
12616016.427104720846 4977 0.91614784456577569305 0.17781516732878988041 0.17586856230412847846 2.0548141841641647254 2.4326224411103152256 1.7316676485561453003 1.5526414392073721871 1.3748555750082460669 4.26284e-09 5.8625e-06
12616016.427104720846 5588 2.7759793151252236676 0.25741931878073159856 0.086522115695907786392 1.9773075729483367002 4.5867169226444248764 1.9917885145390086254 1.7406401692020869731 1.4869248122080744867 2.40685e-09 4.84544e-06
12616016.427104720846 6582 1.6768918284652398754 0.13318266884851590048 0.13515077840178507662 1.6701486648244179278 0.97643991727206980169 0.28066843448518735693 0.24585341622372769432 0.2134388632684076359 1.86721e-09 4.45227e-06
12616016.427104720846 5771 3.1835927423307008866 0.095682915240099017384 0.272529674288596091 1.8282928191801659512 4.1315622631276349708 2.0996754855423489516 2.0148733430394796251 1.9284709446788423914 2.44735e-09 4.87246e-06
12616016.427104720846 6012 1.2486502216086852179 0.1506132369309410024 0.094971536256216029792 2.429047787632942601 5.6669170573609015662 3.0360991364540508286 3.0188501398084759408 3.0004098766676174925 2.36071e-09 4.81428e-06
12616016.427104720846 11 1.4244505600461361272 0.1263379860515217723 0.088937688564669811764 0.33006778573285894263 3.4977918716045679481 0.26066959928970617755 0.2298679639912772632 0.20108198494210258178 2.42862e-09 4.86e-06
12616016.427104720846 5225 2.8369217983441337161 0.23280779763600034649 0.74293674150564570358 1.9114531739206961358 2.3470564971816636479 4.7953414037370158951 5.0272572589887261074 5.2486195688037282636 2.91553e-09 5.16523e-06
12616016.427104720846 6883 1.756602173795170696 0.1501876769711258941 0.032262153433341086983 1.1099526596721334126 4.4547106261585094344 3.5977008118059590203 3.6690379642047594722 3.7446315506644931581 1.23696e-08 8.36184e-06
12616016.427104720846 3514 1.5843825511588285337 0.5289028099627782753 0.17404628174760214399 2.7895492977120395217 1.0615422245096894915 3.7947189772292921894 4.2372903963194570309 4.7076159671178823274 1.82159e-09 4.41571e-06
12616016.427104720846 5050 2.215344263326537888 0.081813391345963021317 0.15017691259896276401 0.18483996521640036481 2.0675920727780296993 0.98369857080357026025 0.91700933048321364716 0.85206698480299236653 4.47893e-09 5.95993e-06
12616016.427104720846 6627 1.6171407958262133953 0.048100246721879874601 0.082443663989748505738 5.9881478071785014805 0.12657766626344052474 2.4842624019999077767 2.4542870428470537902 2.4237695124426266169 7.24481e-09 6.99615e-06
12616016.427104720846 2413 1.8399974284554534432 0.042979780587562035898 0.043024374567520909385 2.3928825153596418041 1.2833137986045357604 2.0307634573951802714 1.9918665071492438479 1.9526409227045513628 4.92958e-08 1.32572e-05
12616016.427104720846 1776 1.6038751555710679675 0.10178490165543858936 0.15026956198667953957 5.9332743820912474675 0.62422929449087327658 2.6136722397367275761 2.5599083967992344313 2.5039845170815535624 1.13676e-08 8.12967e-06
12616016.427104720846 5560 1.7200745878623309171 0.14254763294223346537 0.15197859748401315594 0.17597441037631017524 4.1400343755052615435 3.6397926944871330512 3.7128234710098029225 3.7898943955318742383 4.37033e-09 5.91137e-06
12616016.427104720846 6484 3.1837968291301166346 0.1116759158318465367 0.2247316040489443778 2.75279083233130617 2.862637029867903582 3.1169510268950828547 3.1140270676139065742 3.110949045400945856 1.88476e-09 4.46618e-06
12616016.427104720846 923 1.6425195676271995282 0.11675682247236343625 0.12699052382075631806 6.2672994303566991192 2.331569554073149142 1.8831485710992639238 1.7697379614164883144 1.6552840162262187906 2.53731e-09 4.93145e-06
12616016.427104720846 6946 1.5121273508746422287 0.41583606636310849192 0.10970494063024539833 1.2039717319359939385 3.749631025629903025 2.7073248449621361011 2.4799306675866428229 2.2244289455405099609 2.99755e-09 5.21321e-06
12616016.427104720846 5448 1.9115261950438928729 0.06804957477976047997 0.21352009909095204243 0.98578348404005722294 4.7622359315449491746 3.6437315779830616869 3.677527959034545546 3.7122771634256590545 2.56033e-09 4.94632e-06
12616016.427104720846 6528 1.3899850051373388027 0.13266313940303331442 0.025178845605289400245 0.6057646836611032537 3.1243580217370947594 5.3017787214536644669 5.4084913136382173349 5.5102900177404032789 2.31313e-09 4.78172e-06
12616016.427104720846 6764 3.3066586271652118612 0.019884691491880102099 0.25043838976688853615 3.9812609008693846668 1.3798740993072353689 0.48139744078533780458 0.47227006135996352221 0.46322433561250841993 2.4069e-09 4.84547e-06
12616016.427104720846 5259 1.6772405575353910301 0.028949103322943051109 0.19005669709507436171 0.48277004380791166405 3.1381213745255758241 6.0618449340204216824 6.068113124509641132 6.074291382752013746 2.21606e-09 4.71387e-06
12616016.427104720846 3413 1.5982148667621987048 0.06890295648894402547 0.096494856489245342535 1.5208846689202073499 5.4107295068911476221 0.21118345803060550869 0.19719504030258963589 0.18369560713264920793 2.25655e-08 1.02172e-05
12616016.427104720846 2658 1.8714657126099798479 0.25840703683957849668 0.056177966197835910167 4.4827231922962429422 0.41963166561141695965 0.72168799286555329608 0.56394577016508462552 0.42582071568493468083 2.46497e-09 4.88413e-06
12616016.427104720846 6498 3.2587481315411981342 0.04864804993854799503 0.12091679798644454358 3.9735645212767449763 6.2549574240426482064 0.27586571687145877707 0.26291067968566572688 0.25026742558102554881 2.50157e-09 4.90818e-06
12616016.427104720846 1698 1.5542920614664015311 0.22105662836041323205 0.047856828002586511428 3.9101823556282853112 1.5345718201609832576 3.4544957958572597434 3.5315664148830392399 3.6156042193483552971 2.42949e-08 1.04718e-05
12616016.427104720846 6300 3.2858094144104832424 0.092523695049944551516 0.26432153687992487878 5.079772311213735847 1.1238261005228877831 6.1949092267592504868 6.2027229015281619695 6.2101595501563151558 3.26125e-09 5.36181e-06
12616016.427104720846 6744 1.6761990298865958593 0.11459256896726977004 0.22476917971434307031 2.0801768133443321318 0.36812493276493457595 2.5070413723618645285 2.4356064322175892123 2.3612605345469406259 2.29835e-09 4.77151e-06
12616016.427104720846 5974 1.194586611034339052 0.35247994054202003156 0.11075316861785798606 1.8524905311644344064 1.6034515900337362737 4.1674075935678676075 4.507948634186034198 4.8530880947794159397 1.10219e-09 3.73481e-06
12616016.427104720846 3800 1.6407514257749713504 0.14382450729281556767 0.0093959717255145298875 5.4438106615527974697 2.0772067180272943965 3.8788742355878276236 3.9814749116447734067 4.0885615378074477988 1.79108e-08 9.45995e-06
12616016.427104720846 5861 1.5163821451764591952 0.18407799278346503868 0.12548868575063967801 4.2426511270243807417 0.34021414077768408202 0.93507625732668464558 0.7937226993390674723 0.66248087998571092427 1.95257e-09 4.51911e-06
12616016.427104720846 6719 1.2208634837049825439 0.24122944025227344156 0.1285259882988006308 4.32278495288154474 4.9782312723651225284 2.8184708089179171253 2.7305717692093174342 2.6341896573559493433 2.09817e-09 4.62875e-06
12616016.427104720846 6923 2.0105121895987405622 0.11949537846641619665 0.16691338328862970197 1.9046623986476995949 3.2494389896554807251 0.44525227180850002195 0.39626370375962155501 0.35014156163437176739 1.67707e-09 4.2957e-06
12616016.427104720846 5480 1.8998275619405489145 0.12729655335791656423 0.11012015989511156344 5.6654693105520115282 1.0153499266046883687 4.5652133039687186056 4.6926712710019984343 4.8199430794714182014 1.6026e-09 4.23115e-06
12616016.427104720846 5093 2.0119740399230847672 0.099376533572387668047 0.12898097510571585045 1.8319601549690291975 3.7856816808556366105 5.8114910180599546052 5.8548292836015765062 5.8961079028108631661 2.98948e-09 5.20853e-06
12616016.427104720846 6676 1.8821736392178600727 0.093921255721452198695 0.18661224884683624836 3.71699530476066764 0.10425575818663622429 4.8194006412359309266 4.9124561706852674092 5.0045040004368015474 2.23147e-09 4.72477e-06
12616016.427104720846 897 1.4574548449866537858 0.075565294213485456609 0.13255959527515964735 4.2236038186453495058 4.2464681642664121597 4.1788579424505050142 4.2452680370334414661 4.3127379061599651067 3.39891e-09 5.43622e-06
12616016.427104720846 5996 1.7974978413204782957 0.13557424245701790722 0.092673378966195402162 0.50625645241545591535 3.8185725410792543677 4.2508750851256751346 4.3764770746871084484 4.504474087717199815 2.28464e-09 4.762e-06
12616016.427104720846 5721 1.7618729543745823563 0.20765480573611422299 0.050513737161324276381 5.6106604822449313019 6.160034142298425941 2.5335136223314655979 2.402455307055578082 2.2625685187675026455 1.97529e-09 4.53656e-06
12616016.427104720846 6083 1.8903546434155431566 0.19239035141566127041 0.041094457948983288686 0.59857364248169131482 4.7403850999860779325 1.478976570838902882 1.2878805433705495798 1.103138562465795669 4.91269e-09 6.14644e-06
12616016.427104720846 6982 1.61270305153168092 0.13864425910946556741 0.14793612337541575674 2.6800477289606057241 4.6757851102711889268 3.0713476447043501771 3.0608392639217867348 3.0496554344582382789 3.77646e-09 5.63047e-06
12616016.427104720846 6562 1.9777112640062792792 0.13835689765725020517 0.076509928995884074476 1.0204229396544550745 5.3871675456264416226 3.7815228284901789557 3.8693861355828289561 3.9614244329522940724 7.2003e-09 6.98179e-06
12616016.427104720846 6915 0.9440420916293934539 0.23637156607127071672 0.044251347308164837302 0.36595934061438500917 0.90011208346163917859 2.6754459225758879803 2.5549036828964939438 2.4240467980239834844 6.99762e-09 6.91566e-06
12616016.427104720846 5492 1.8085557067573321266 0.21444436584898082798 0.062586283283594085214 2.6799526760328093999 1.6945030909842333511 2.1805847365926389614 1.9915039347542538017 1.7957590796081133178 4.51271e-09 5.97488e-06
12616016.427104720846 5781 1.7634417189672073611 0.1611902726795999552 0.1846934355508634551 1.7297843530999099659 2.8711331366567462986 1.7422347915473808122 1.5804721801584331597 1.4192894529089663536 2.03408e-09 4.58113e-06
12616016.427104720846 5427 2.9454289017676615892 0.063607564521738019225 0.10891587698165110243 0.11418389592805622268 5.485103175092862493 3.9958146261942117938 4.0448427306937926318 4.0947964893711938927 3.52478e-09 5.50251e-06
12616016.427104720846 5568 1.8745687948813527512 0.53213260856957123046 0.48884165338368296139 2.0443266711936436408 3.4782843844008848322 3.147364710381230779 3.1520378026444495489 3.157595905990614682 2.09675e-09 4.6277e-06
12616016.427104720846 5928 1.8014431187954274005 0.22106906266149622953 0.083267257918813564199 4.3334353553020283911 0.17289727811401514601 0.91298055771174035922 0.74757306016015911965 0.59727682847955643197 1.85148e-09 4.43973e-06
12616016.427104720846 5044 1.7412504581924712621 0.23212448944556846042 0.15952444971733723 5.6286850632465554867 6.0101574379928317526 0.56419286715399985521 0.44985541723365096711 0.34891948584289561586 2.3978e-09 4.83936e-06
12616016.427104720846 6767 1.7606239341918215047 0.25590028069466647098 0.098843225293533620857 4.1418368019800935187 2.6061539791097083629 5.2923762499685151894 5.4948698244562494963 5.6763457629900955226 2.88634e-09 5.14793e-06
12616016.427104720846 5099 1.4836244410988110864 0.19486894006285665482 0.16353564058306130358 2.3858001239692674389 5.9392365641655260333 3.6312458679152896934 3.7324947401975445693 3.8410582488415490054 1.59506e-09 4.22451e-06
12616016.427104720846 5021 2.7850298287424015697 0.1830702007892742178 0.079234565856278568741 3.1269791702818214851 2.8002945006101573888 2.1969196810018685184 2.0390849908532797663 1.875723757559251581 2.06176e-09 4.60182e-06
12616016.427104720846 57 1.5909746457108224771 0.059642596658549706934 0.11860196893790790618 2.449574757613327769 3.2398275406778354046 2.1965872029969037982 2.1473528116577660363 2.0973517499595244473 2.00445e-08 9.82159e-06
12616016.427104720846 1124 1.7718948038334769723 0.090204632482726199161 0.047571143095096031506 0.8974282316657243852 4.5187206324085167353 3.8435319886494530017 3.9039638100755369443 3.9662625756640701447 1.32419e-08 8.55396e-06
12616016.427104720846 5020 1.8701132495750325546 0.29495179853269937187 0.12932473650621811867 6.2385652098631840801 3.2742119453515039496 4.383508363994785384 4.6814003269068615865 4.9762105161611573934 2.26068e-09 4.7453e-06
12616016.427104720846 6161 1.7706386483241061125 0.15654641622573231552 0.13152675739297062241 4.7593451990819541919 4.0560108198114654954 3.8149069094283918346 3.9194808312562061658 4.0293414318608595792 2.19638e-09 4.69987e-06
12616016.427104720846 61 1.5115163993506455231 0.017020986205582105261 0.042971202140484943133 2.1068383036364055627 4.541940631435702258 5.8844773349261796369 5.8910343826608118079 5.8975394111475809567 1.38519e-07 1.87077e-05
12616016.427104720846 6451 1.6534128448723279803 0.22250396787798354392 0.097637893000852876702 1.0047330452720688587 4.211767557631628911 0.031203752706624884872 0.024885341591502189301 0.01934882582913852872 2.57122e-09 4.95332e-06
12616016.427104720846 6876 3.0985533834176823831 0.026822747862608947028 0.1292429821051907235 1.036413708178441917 3.9950319254194246454 1.2749518399558512627 1.2493911146884637553 1.223941894073800718 5.7202e-09 6.46627e-06
12616016.427104720846 5132 1.7059341622018822093 0.19011980830177890867 0.056856093458916803773 3.5734244473897445182 3.1955209121050360821 4.1331934692980967228 4.302264992312067271 4.4766184297416105053 2.32293e-09 4.78846e-06
12616016.427104720846 5470 1.6184636911932996917 0.16744727550961815976 0.13808643963735456328 0.11926698637374280598 5.7882019085855604956 4.1932430472152883993 4.3457580137005997756 4.5020768013182141942 2.3944e-09 4.83707e-06
12616016.427104720846 6757 1.8108905701565070068 0.043132951767437567592 0.09430979769540243085 2.4682838976541532361 5.4297527831588814351 5.8938750805821928935 5.9099329306609726942 5.9256611800890270914 7.3237e-09 7.02145e-06
12616016.427104720846 2778 1.7343362919417091295 0.20914585189159906609 0.1523155154728996763 1.3225447615787040423 4.2268832353617682429 2.6381266055780039359 2.5257960282584193124 2.4049915015664780071 1.15158e-08 8.16485e-06
12616016.427104720846 5605 1.0126451607780821984 0.1277522163616101325 0.29553332231024925791 1.1997478526733342807 5.8073849699920030432 1.0512168248818665184 0.94340922921797853995 0.83998561783193248509 2.44051e-09 4.86793e-06
12616016.427104720846 5518 1.4073989143741103547 0.021467196775547793541 0.12548522118638205658 2.2271171056779843767 5.4774099725954483731 0.50891869930734145999 0.49855520711883566376 0.48829051427102898586 1.73658e-09 4.34592e-06
12616016.427104720846 5490 1.2941858807217738736 0.20633687240107520533 0.033314165052895132468 1.7992317624983267255 0.95275814368167277557 2.9895305090545063464 2.9543075436711947468 2.9158892339181625708 5.31486e-09 6.30978e-06
12616016.427104720846 6674 1.4691916873097246032 0.15336243378283495598 0.067836656794502958601 2.6997050086770122412 1.4685283359482612653 2.7718933150447004898 2.7118461667669961912 2.6479491880285168648 2.73456e-09 5.05606e-06
12616016.427104720846 2768 1.353557332734944163 0.051205966139299612105 0.046699667008870557328 0.29543337708022765487 3.7514098638677104702 2.0256056043118069177 1.9790592490316041285 1.9320618063036789636 4.45517e-07 2.76146e-05
12616016.427104720846 6176 1.4807711582995248811 0.23767495419614437235 0.093854365701642364361 0.63826446069598974375 4.3141671749774328504 4.9480410206275555751 5.1751065616819005299 5.3877882653959021653 4.04806e-09 5.76235e-06
12616016.427104720846 5920 1.6811608706548206715 0.21507059075143369897 0.19061256232361240004 1.5379239294021698203 4.9808961633961228443 3.0378512224257683272 3.0125823212463251899 2.9849128956008139646 2.02047e-09 4.57089e-06
12616016.427104720846 6324 1.5574415038772466691 0.1589943333181617624 0.18956461208413896702 0.36803865398526663943 5.6220758366416454521 1.4492224342251514013 1.2922408886072735967 1.1393752067885329904 3.61321e-09 5.54815e-06
12616016.427104720846 5952 1.559042720098256618 0.23049480989025472599 0.14039129824186868944 2.9678298982859199207 3.8487005374382938783 1.6110156421617376488 1.3775290325189237794 1.1513255895015617192 3.30338e-09 5.3848e-06
12616016.427104720846 2012 1.161083562035239769 0.10090202039481067919 0.02930030173505220048 1.0414543772256177334 5.5304224134141106717 3.9993408232376737033 4.0784324643173643921 4.1597282362622545193 9.36497e-08 1.64192e-05
12616016.427104720846 5312 3.0518000215542047115 0.02278894869134194881 0.21193043006568063058 5.628161898655579698 5.1714885811569715202 3.7461816551936051312 3.7592595543071190001 3.7724574257636689367 2.46345e-09 4.88312e-06
12616016.427104720846 5514 2.0100332156592082278 0.041719235435643632626 0.2242330498438406261 1.4997313902599906932 4.2359602312482715902 5.9524290406249393826 5.9657210615101261553 5.978744076467574331 2.23079e-09 4.72428e-06
12616016.427104720846 6734 1.5132738240913996552 0.12448486200980102279 0.060050684822570789267 5.0256588967572266569 0.59336254758334827653 1.6741922142788876471 1.5492446724498716293 1.4247887192998556216 1.00692e-08 7.80756e-06
12616016.427104720846 3988 1.7395307278292388986 0.13974581844673866771 0.064078293515534748281 0.62286200105189393206 4.1253670737522911693 0.096409958067225312583 0.083774869426668133188 0.072081370882344536488 5.91828e-08 1.40901e-05
12616016.427104720846 5949 1.5703678280757729091 0.089745630090080283359 0.17775687660355429798 2.7910859919399970686 2.3403039701994470256 2.1098272146174643638 2.0308689593042057453 1.9504550573857803997 2.21075e-09 4.7101e-06
12616016.427104720846 6028 1.9510392152107054464 0.20208873008032607332 0.13966044110206971007 6.2136123898518604847 0.077121583111182875903 1.561807594748276351 1.3585108556003671065 1.1609586271293115267 2.1303e-09 4.65226e-06
12616016.427104720846 5572 2.7049150266542500987 0.23828963609574457805 0.43900066317413133365 2.3031638454108604996 2.5970609020386952182 4.4499548325978919294 4.6898514315712178657 4.9280805516778585229 1.63405e-09 4.25865e-06
12616016.427104720846 6521 3.0219421046213841286 0.092881762852933549834 0.21575302091981135577 6.2621938781184169898 6.0001210047987996177 5.5441545291731424427 5.604748965061380872 5.6630393672414420791 2.953e-09 5.18726e-06
12616016.427104720846 2010 1.7607229935902526385 0.11308960535169197692 0.041317268770635809383 5.1883777850849197577 1.9269483746559814552 3.9044861896322022865 3.9861910094667853954 4.0707486126819540928 1.35956e-08 8.62944e-06
12616016.427104720846 5455 1.8861895652049245342 0.12705309719111557154 0.0084190818393800256891 0.86785837038747781769 4.5393045937644682652 4.2308760837788277342 4.3472508838649943641 4.4659279368629523077 3.36325e-09 5.41714e-06
12616016.427104720846 6780 1.995657810666043197 0.18789070737734858696 0.10088746183629743181 3.7792658842711008838 4.47760025974685405 6.1986807695689432052 6.2133008213074969461 6.2264207814040641864 3.2776e-09 5.37076e-06
12616016.427104720846 5422 1.4489251507073954706 0.17837384111494242189 0.19120172724463233016 1.0537611331026994765 2.1874075627005247213 2.9477348004068657517 2.9097467582211136161 2.8687610122632420939 5.73994e-09 6.4737e-06
12616016.427104720846 5540 1.8406703307056315744 0.1359230236804506442 0.11725822510307037927 4.9343839381220666596 4.5059528488041591388 4.7004011156744960331 4.8368477570003127752 4.9717194159279314292 2.31531e-09 4.78321e-06
12616016.427104720846 5552 1.6382538466276335143 0.30222099363866994359 0.1226194472134278235 2.1927114883985354687 4.2430667971401296867 6.0633805285556112707 6.1219851908042404176 6.1704925304462321378 2.51442e-09 4.91657e-06
12616016.427104720846 5469 1.5109302825318213781 0.055696311206612489353 0.1433565992892266161 6.0742952082979391193 3.4016806720455043944 0.19678885671841261917 0.18618063486881031299 0.17587086370142926417 2.51139e-09 4.9146e-06
12616016.427104720846 93 0.88865225475959952472 0.074918513225984376125 0.041754548487410371449 0.85849858033366444054 4.464331557406648443 5.9975577937115573945 6.0179614036851969416 6.0375994451235523997 9.2225e-07 3.51938e-05
12616016.427104720846 5660 1.8015341223511665003 0.1628271241948887893 0.075126486207227227698 4.3922223345322581878 2.5715273455824649851 3.7143627319529550768 3.809701256015892934 3.9105730435264738354 2.91299e-09 5.16373e-06
12616016.427104720846 5178 1.7982656215873147332 0.20950222566472065377 0.064233179097918036149 2.8701856009965243111 2.6090359166797094659 3.1872510101212601086 3.1980646710597211424 3.209889397051469917 7.29677e-09 7.01284e-06
12616016.427104720846 5725 2.9592891640617491333 0.19865017753463787287 0.27154763304014750691 0.91255430990772268274 2.0824679990376058214 0.24878723809596930971 0.20376743285997542254 0.16356853383153141523 3.15235e-09 5.30146e-06
12616016.427104720846 4194 1.2972856409885897833 0.40541246437693717608 0.24225717726753301373 1.8071117022271399044 0.48854720642432131195 3.0440773100316089739 2.9918317247359835775 2.9313434789966130722 2.52016e-09 4.92031e-06
12616016.427104720846 6053 1.4976564563322136703 0.18975849086627696871 0.043683867261558304018 5.8620813670041718169 1.5590246904419473584 5.8455255758601269989 5.9201749047966298889 5.9875562584765944507 3.14775e-09 5.29888e-06
12616016.427104720846 6403 1.913334369245092148 0.10365550876300638761 0.031119315193322411722 2.509500706717588514 3.7544267426998376713 2.3767189021555541473 2.3019805555946923903 2.2248210374188279737 2.19336e-09 4.69772e-06
12616016.427104720846 6747 2.1015626181319171373 0.57085195632241503283 0.028642304662667688459 0.62035657295334212247 4.635721782975292804 4.0896177741501613667 4.693743432008591121 5.2644961610165816879 2.21376e-09 4.71223e-06
12616016.427104720846 6958 1.5971588271280332538 0.085663386204904629073 0.15897457195481767833 4.9991224515264303108 0.019416955026064948442 5.1604563737837230164 5.2363576158991733678 5.31052843772652583 2.00486e-09 4.55909e-06
12616016.427104720846 6874 3.2761619405097062163 0.06354558268073469407 0.27433131231486229673 1.3536719354931769921 0.14711988106380227692 4.5862460526382751169 4.6495828393097502484 4.7130031318701224308 2.61974e-09 4.98428e-06
12616016.427104720846 1959 1.6223101823799486176 0.11818841417482048306 0.11352949893752224686 1.7142955604638068223 3.0808373768151047223 3.1924007664014961705 3.1988034006985865965 3.205561360219614464 1.79741e-08 9.47108e-06
12616016.427104720846 3953 1.5726200343040646068 0.15314140056180647331 0.16659253953483835198 1.8730437054128379337 1.9627287693758015408 5.7604638392786844392 5.8325288877107617225 5.8992306218853221011 1.87457e-09 4.45811e-06
12616016.427104720846 6642 1.0902856221033876416 0.22394737589521601651 0.16699136491039262564 5.9682865082609302121 4.2213226053594823384 3.7029573773662773917 3.8363335761212784547 3.9797016477931426159 1.26355e-09 3.90884e-06
12616016.427104720846 1615 1.2326414565638399434 0.13440038219252650742 0.097928032182016955254 3.4156613255957348763 4.7531864338094234057 3.9744902413239979744 4.0790411218931250659 4.1873746320069216154 1.02567e-08 7.85572e-06
12616016.427104720846 5324 1.5096544603610471125 0.042220035794094647186 0.18865092366270622137 2.2535897756065579323 1.7580819899047390731 0.30230730395190219539 0.28998048245524982169 0.27790835890130077823 4.64884e-09 6.03437e-06
12616016.427104720846 5380 3.3185656479185507983 0.024151411606496680368 0.24209777985113134502 0.099450059169656476743 3.9561821915838915054 2.8891908649764861394 2.8830872829170983707 2.876913315787780423 2.14422e-09 4.66237e-06
12616016.427104720846 5451 3.2580163007085647386 0.035977955598717401009 0.062789947222711986474 0.65512710385925965184 1.6262301433438139942 2.2849662427823851374 2.2574485387174716422 2.2296241707511068597 2.58702e-09 4.96345e-06
12616016.427104720846 5538 1.8863574424788862594 0.17909088893552566057 0.11863765815465253384 4.052704490794186043 0.42280608426940585742 1.3730597365226671069 1.199549089361828802 1.0326586597348046404 2.97954e-09 5.20275e-06
12616016.427104720846 6532 1.935635354374314554 0.24214376749934868327 0.10321881595874454751 1.6318086451715434482 1.8448174805074959437 3.4472340180218057348 3.5309675542392073844 3.6228877936062477971 5.62757e-09 6.43118e-06
12616016.427104720846 2966 1.2019700151322545434 0.14905695266945739874 0.13480560468546651243 0.13333764285436186525 5.6365321778793537888 6.225298624715034812 6.2333669283364407931 6.2407896328187977275 3.90041e-09 5.69141e-06
12616016.427104720846 3751 1.4345895488782884897 0.078224995540115638271 0.069495337359379419362 0.30319994466178101789 4.9743418688721448007 3.2687552011492546633 3.279092507159164338 3.2898145723187073308 2.30157e-08 1.02847e-05
12616016.427104720846 6233 3.1043724995053021409 0.17675963944027800467 0.26743002668711679526 5.9137495838558784556 0.86001027738833790703 6.0687500892970591693 6.1036230323653430929 6.1351921100861588343 2.38928e-09 4.83362e-06
12616016.427104720846 5382 2.0494297004840205112 0.11660090165105181648 0.20602365501165401107 0.93372156977657638777 3.4038240732194666727 5.8809198143197232156 5.9243791212033114491 5.9653243085495510911 2.55203e-09 4.94097e-06
12616016.427104720846 5567 1.9503404347128499019 0.2680194054242099333 0.15755457606290007577 2.1331624174879371125 5.1585102560888600465 6.1956998316446751929 6.2166978254791631642 6.2345046346038177631 1.31986e-09 3.96606e-06
12616016.427104720846 117 0.82014968862286008466 0.24182051109903798802 0.072225872889619194273 1.4754933904927705068 5.1336253886326961293 4.1642638139178611567 4.3871538984849500764 4.6162971232118286125 6.87268e-09 6.87425e-06
12616016.427104720846 5708 3.1508614193339581355 0.10361628361735157611 0.25392251331877124798 0.44811168768272846563 0.51426366706615844748 1.2077013786034418441 1.1124109152539525258 1.0194911351084530171 1.65544e-09 4.27716e-06
12616016.427104720846 6956 3.472632692993948389 0.073680866144811743568 0.44271659651251676904 5.4823594583289985138 6.0172580866326432769 5.8453625148353909324 5.8756297580659966329 5.9048343690709170772 2.20649e-09 4.70707e-06
12616016.427104720846 6151 1.4280461668961803579 0.18901044161681435085 0.060607392232396611886 3.6812137611561368544 0.74680893098298684052 4.0523573585423031673 4.212045366199694385 4.3778864868943987432 2.10594e-09 4.63446e-06
12616016.427104720846 5235 1.8089455312892550598 0.15667107654442435916 0.063785587364185714065 1.8581315718409425752 1.1372808124626296866 4.6355784916017013231 4.7933863077831198041 4.9495437396854651269 1.69779e-09 4.31332e-06
12616016.427104720846 5270 3.1120730750466663039 0.25751040185666440596 0.30763316258310979823 2.0429890099881302667 5.5876527611576634058 2.5713430465886619736 2.4127576669641546125 2.2412554703583347226 2.61601e-09 4.98192e-06
12616016.427104720846 1888 1.3945059395398100577 0.041408652726709960223 0.099169089204215951638 2.2259807469456167617 6.0365380978679654689 2.1563842343710666327 2.1214637226593509034 2.0861762836105710583 1.07624e-08 7.98276e-06
12616016.427104720846 6473 1.9048329489614135301 0.091779006487816602866 0.11686003048890399036 0.47217897582206602713 0.88917747212656494948 1.5387124280008852573 1.4469864376647139093 1.3559099681480006883 2.97483e-09 5.20001e-06
12616016.427104720846 5815 1.70817672934404996 0.23858672785434906216 0.062856922180636889963 2.5849760640824190894 0.56448339518517520741 5.1788398812603970711 5.3831841932644799442 5.5700757626750423412 2.67562e-09 5.01947e-06
12616016.427104720846 6211 1.662163252541726477 0.05359222925007504218 0.051476826979966319731 4.8734938056198586764 6.0500317829366423439 0.40776857580250813751 0.38701237362396190278 0.36678541011553600359 2.33777e-09 4.79863e-06
12616016.427104720846 5003 1.8496534222200093911 0.24671952729056503828 0.1493388936771302411 0.68851175398572639352 4.6000627652721277627 2.7690084197484199358 2.6658263449815655655 2.552823920013549408 2.56915e-09 4.95199e-06
12616016.427104720846 6536 1.9773946800383042088 0.12432267664679795549 0.1663719789492509038 1.5161455452831102964 4.0068921933902021948 4.1870455675301823106 4.2983956176311997055 4.4122157287349130783 2.77887e-09 5.08323e-06
12616016.427104720846 5873 1.4379031574824896467 0.095987752047823754475 0.11983932096268604117 1.3281961601657403804 4.383587979600764406 3.7577346099984536565 3.8155892306692451577 3.8754964943652518983 3.51811e-09 5.49904e-06
12616016.427104720846 6368 1.537357303316802204 0.20839562005210574003 0.066225864413405152731 1.6905884479299670975 5.0570755705505661126 4.9797499567756275951 5.1768289539832910151 5.363149758253393351 3.51985e-09 5.49995e-06
12616016.427104720846 5898 3.1594535146879811904 0.44730922136315809379 0.39527118385875537054 0.24044431481916453408 5.0139523846969886733 0.7001154529429592932 0.4437965637898466098 0.25173480648009105565 2.49608e-09 4.9046e-06
12616016.427104720846 5792 3.0919256159106227599 0.11088247248091262498 0.27885884119108522716 3.0848081144210754978 3.210998670514256137 3.7697071909065753559 3.83811838168148034 3.9092557564992724828 2.20777e-09 4.70798e-06
12616016.427104720846 6955 1.2623157719863549175 0.15333340929677205522 0.023060735966722478718 4.0511371741804564905 4.2378686644426553087 1.9895655083326819756 1.8443418157786601874 1.6967094733645688986 1.85814e-09 4.44505e-06
12616016.427104720846 5782 1.8115057995123657886 0.064859933344439305025 0.018939179606330472372 5.8685472605831936477 0.41330975305545386567 3.7148482797706319225 3.7510468938270187245 3.7881740197193654041 5.0598e-09 6.20718e-06
12616016.427104720846 6417 1.7373628334366253423 0.050519571914810254554 0.18303714283162200727 1.3624838407752897229 6.0087067568327192646 1.9129879546340662344 1.8649689084905871628 1.8166195372373721284 1.63097e-09 4.25597e-06
12616016.427104720846 5737 1.7308125121006929792 0.27393918556879764958 0.093659956043350103827 5.8689085565503376074 2.3536782257010924191 4.9059174224826493926 5.1712490634058276839 5.4168514260515046033 3.30498e-09 5.38567e-06
12616016.427104720846 5750 1.8638135519959269093 0.038586984051664101336 0.15868829531841888159 0.62900197583594885664 0.74280701934245785267 3.5044292093556945744 3.5183814271125242179 3.5325789834822596269 1.52873e-08 8.97346e-06
12616016.427104720846 6880 1.0869782569856896171 0.073551253653114240239 0.34730252787675042203 0.3136780752642683856 5.5681888578805196488 1.9408071521692757955 1.8712418917240913885 1.8009853870095069439 1.78966e-09 4.38976e-06
12616016.427104720846 6303 1.0213701731667261807 0.17242226265963472853 0.16722065100942007376 2.0293879565712398261 0.67911717470622534609 2.4410678359484858646 2.3212606371380317682 2.1951557706550541837 1.48051e-09 4.12085e-06
12616016.427104720846 5241 1.7158839663714000601 0.098393266819350538865 0.090479151638092905618 5.1829914489048531934 3.6758066237545294896 5.0496535702197551387 5.1411710562353594156 5.2306570553643485511 2.63706e-09 4.99525e-06
12616016.427104720846 6290 1.5072693663341876213 0.065387145397464638275 0.10459254335922534007 1.7116828121898735038 0.53017438413659223606 2.3715794777364918033 2.3249238550585857865 2.2772651812578605934 4.66797e-09 6.04263e-06
12616016.427104720846 5215 3.0341903567680024167 0.058555065488812049757 0.2165738124053731839 2.5946154329539043992 5.1167064562014443752 4.2665508297144878469 4.3200913670311393844 4.3741981853253459889 2.09099e-09 4.62347e-06
12616016.427104720846 6358 1.8049165567373339769 0.065570208100835400411 0.17169909296212240712 4.8806812041747988928 0.12885886236272628413 5.1645246846562757881 5.2227185788872443339 5.2799340643545242813 2.40091e-09 4.84145e-06
12616016.427104720846 3761 1.499437577246893083 0.12051380031893529909 0.076779322004483424591 2.32646446208435842 3.4076028709082053503 2.8297297538073333811 2.7903553965641525458 2.7488914437110838485 4.38307e-09 5.91711e-06
12616016.427104720846 2057 1.2764734008730793668 0.054490942255261708149 0.24176292009199584765 2.2667592235023308334 4.3369802558142165338 5.5332808080580164756 5.5697166754966307423 5.6053788351406632628 1.66245e-09 4.28318e-06
12616016.427104720846 5673 1.9878239373838513249 0.10422201656357955868 0.14533040086931919843 0.57667614227397945292 0.51256081130764430398 4.3726788256186157611 4.4728751150494998612 4.5741219490164741757 2.67237e-09 5.01744e-06
12616016.427104720846 3324 1.7733714136316671706 0.0080922937506139845654 0.14670338542833569195 1.6025246562327730704 4.8222526746272524889 4.3029695165775425636 4.3104050628399264156 4.3178522924067275213 1.99813e-08 9.81126e-06
12616016.427104720846 5034 2.7636271353039467691 0.10924126981086544619 0.1682823485638420824 5.1547209368908033511 5.731396852867348457 4.4993985882179066138 4.6076407361786291261 4.7162832455274710242 2.20492e-09 4.70595e-06
12616016.427104720846 6957 1.1051741306026663381 0.019134827927257475749 0.16523586330419490209 1.7664899765366266493 1.3681548665062419623 5.0664159601915095266 5.0843059488712816218 5.1021325750648678365 6.68595e-09 6.81142e-06
12616016.427104720846 6308 1.711488592235227868 0.17330813881241960428 0.14842104161192565259 4.7875374045242988785 5.534863385376687539 4.0814026067415998256 4.2297911821321179104 4.3833062008370520246 2.73381e-09 5.0556e-06
12616016.427104720846 5344 1.931348913854103122 0.23572696779713531168 0.062086611444907964519 3.2722161534486797763 1.8791306189344505473 1.9893247115703343031 1.7607104367796964084 1.5292217331762525401 2.73146e-09 5.05415e-06
12616016.427104720846 6577 1.6027331484293507735 0.1926888073479722796 0.16148605031459856152 2.6296328242230697647 0.85802718195206639784 3.1823890294824601632 3.1911760099066448504 3.2007262533500098201 1.63583e-09 4.2602e-06
12616016.427104720846 5452 1.2728161168661944469 0.072544672588356673426 0.11395238013358802154 3.3534725725768295135 0.64336938706004997979 0.98077318271850222331 0.92162709079721416572 0.86383899913871353693 1.87068e-09 4.45502e-06
12616016.427104720846 5123 1.5939463639459918731 0.37800408852631595114 0.13339969681966754034 5.7534735335940014878 0.5089572521437971675 2.5121658960193467003 2.2391931195911776165 1.9425293769131788402 2.85229e-09 5.12761e-06
12616016.427104720846 6241 1.9355661955058003354 0.13392566490487176067 0.015336828531849339141 5.5410715783272603829 4.3807473619459251779 0.80540787839876093468 0.71278136393794400139 0.62520194399911077632 2.40528e-09 4.84439e-06
12616016.427104720846 5511 3.1692749216340079244 0.046664747772243997392 0.24564566810861640511 0.046403970931809292166 0.059675393386081118652 0.98298712908989782644 0.94463480590119297542 0.90682315548652159265 2.90982e-09 5.16185e-06
12616016.427104720846 1788 1.6677270120600760084 0.11169210690158709598 0.009632836057481183531 2.0667216122568032866 4.2216683221009461136 2.1502143252064218615 2.0535675927345415914 1.9546405750710962312 3.37316e-08 1.16823e-05
12616016.427104720846 6090 1.9525328820219209902 0.052156569269716755721 0.064002112705183647479 1.4630350990420031287 3.7025437528103561924 3.6736810314891377161 3.7007673630915127738 3.7284357338666813675 3.39778e-09 5.43562e-06
12616016.427104720846 6826 1.8473094805938461427 0.19688125298896691495 0.2063272270609122494 0.73225194208857913303 0.045305756762936501281 0.58546940058948149233 0.48409321903906948892 0.39246351019280723005 2.5665e-09 4.95029e-06
12616016.427104720846 6891 1.4521310687346646873 0.22557627149766615315 0.16130840567874027425 0.15864021095317187848 0.099405688685736279253 4.46446797708268317 4.6914136725518229554 4.9169403232014836647 4.39964e-09 5.92455e-06
12616016.427104720846 1399 1.3594895771740593826 0.24165999256626305436 0.010799534088356077186 1.2258946401634294165 4.6553971622101011363 3.8068534630002996977 3.9740455214834833342 4.1527735136578254327 4.64728e-09 6.03369e-06
12616016.427104720846 6645 1.6612205588534472156 0.18208805041049733187 0.10321137954749529109 5.9557401641554914562 4.6915998929773259363 0.89517118179479149287 0.75987429329698863434 0.63444652273241031182 2.03845e-09 4.58441e-06
12616016.427104720846 5597 1.8503121352655640397 0.34547983686512068191 0.17219492026349639269 2.273302932693656242 1.8324026484534854387 5.5241774851141380864 5.7405530510880602435 5.9189560462566008781 2.41109e-09 4.84828e-06
12616016.427104720846 6928 3.1920416511144593663 0.10351751074030807187 0.23932432302909006916 0.48367279470787194473 5.9319008321401431871 5.8726100600010555652 5.9121519967670979057 5.9496852331945930814 2.08658e-09 4.62021e-06
12616016.427104720846 5187 1.8961423864475317469 0.19064976367304148352 0.15494769677342334901 1.470182119860860448 5.0527655664217521192 0.79141659384090490281 0.66338683971611267509 0.54598683003025738625 7.38199e-09 7.04003e-06
12616016.427104720846 5640 1.7248186294935872187 0.16334637443494534614 0.095477536580699837176 1.9826773663986732021 5.3409430362617200672 1.7682749809140616559 1.6047417665387819774 1.4414894944992584502 5.24602e-09 6.28242e-06
12616016.427104720846 5842 1.9510113403690609868 0.022572273965109405924 0.19121370753007430054 3.5534760216994385473 4.481318483994455093 3.8243203532145360057 3.8386888661232334563 3.853180131369453143 2.75394e-09 5.06798e-06
12616016.427104720846 1444 1.5295722160474514162 0.17133175682586859745 0.18094295396245166363 1.0302692458141553544 2.0559587324189494417 3.8836210980906971102 4.0080306039217612479 4.1385900609144030682 4.82654e-09 6.1103e-06
12616016.427104720846 5566 1.6347743487362271786 0.15867212959081278267 0.098505965376844750736 3.934789879547925473 0.52287927267363365491 2.0276637030149551322 1.8793979243569933768 1.7282215878172759727 1.33774e-09 3.98389e-06
12616016.427104720846 5503 2.188338075702456198 0.36983277741957637508 0.39972071023053062921 0.76946958616051452928 2.4946613747802288685 3.7866170504401477359 4.0571802445577995755 4.3504283305656077374 2.63499e-09 4.99394e-06
12616016.427104720846 5424 3.0249001124721033307 0.028578684865443241409 0.29704270983777208981 5.1573874938875983176 6.0878435645650483821 1.4849200393269876841 1.4564776399129459872 1.4280854957778064129 1.80053e-09 4.39863e-06
12616016.427104720846 172 1.5198121821658747699 0.085512668814561210162 0.13730186687154358194 6.0870944347461559687 6.0713537314078589446 1.902612268020848596 1.8205157050233233829 1.7376554843749736357 2.7327e-09 5.05492e-06
12616016.427104720846 5929 3.1985176852409371584 0.12168181989233034512 0.20591809847966968672 1.6306658720511164606 2.9984851032656920644 3.6158803681176245881 3.6748476511501526609 3.7367032771200512364 3.18574e-09 5.32011e-06
12616016.427104720846 1642 1.6415540394671970237 0.15719864680291889547 0.059956509460681033097 2.5867854729643524614 1.9663202791601264163 4.0322153721468021459 4.1614535104778980212 4.2953922895211471555 3.49461e-08 1.18209e-05
12616016.427104720846 5862 1.6232444527329275008 0.25400011777513659128 0.1580644220699262692 0.53405749581347727872 4.1144317241483756575 2.8611234856455891595 2.7795626630297776138 2.6896025858828025434 2.59002e-09 4.96537e-06
12616016.427104720846 5069 2.7309070560190629173 0.079456050659739124731 0.1487458142163007313 0.016088593182744061194 0.55224554258596947331 1.1559620155318177659 1.0843103060210463884 1.0140726528183046096 1.18876e-09 3.83014e-06
12616016.427104720846 6398 2.4289114356651135829 0.53829985723293083399 0.35927328860941631916 5.7708919018490441033 0.053502537518606091416 3.6152145648966955704 3.9714825079187843215 4.3686708428975062901 2.41801e-09 4.85292e-06
12616016.427104720846 1810 1.6943430105067960323 0.11223963000388434419 0.034772429073570344793 1.2368650117320709736 4.452835061006368278 5.8108872865247560568 5.8596556102503152275 5.9057839469414705746 7.36354e-09 7.03416e-06
12616016.427104720846 5072 3.117951175248111273 0.11586567122022484178 0.27896876444396395689 0.73608915839999011776 5.9687564026276556106 0.68359129098478543796 0.6133607253251388558 0.54666626302889809175 2.73643e-09 5.05722e-06
12616016.427104720846 4722 1.3959756270145040613 0.19052292135069787138 0.10380589624397619508 4.3201683852019803211 6.1070083404240653735 2.3201741012200391978 2.1698190269904422678 2.0124686143464538546 1.70563e-09 4.31995e-06
12616016.427104720846 6175 1.5315840136312313113 0.043931156079417457705 0.12813848062617783086 1.6890202763391157781 4.8047598404898073099 5.5330531528219442094 5.5625407775292288193 5.5915295897802854697 3.23411e-09 5.3469e-06
12616016.427104720846 6799 1.8502148439394527912 0.15424682675907055995 0.14259040512733608952 1.3507150746411114017 5.6187442443058168706 4.5170896444135681946 4.6713355738241864046 4.8254524364107114209 2.97873e-09 5.20228e-06
12616016.427104720846 5182 1.7815847232581811799 0.11691083413039284056 0.062442241385056870828 4.9497044342280833717 5.8256033389482118068 0.6987105115684915102 0.62652582107615917284 0.55797702686430161734 9.37786e-09 7.62462e-06
12616016.427104720846 5372 1.8121183209128495228 0.24233724920734678321 0.041284774124996939659 4.5127165157311139865 4.1812076803060467256 2.4829396497727467263 2.3165335117660954545 2.1385154978569063111 4.85789e-09 6.12349e-06
12616016.427104720846 5855 1.6017838995624433807 0.20698690563569416279 0.075143978551122078691 0.056177891730100779077 5.4800213473641754547 3.17427035791737433 3.181905407453927026 3.1902473597624791957 1.62587e-08 9.15964e-06
12616016.427104720846 6156 1.7984231715419822795 0.061519889763514398751 0.15060334121810853292 1.5222072712789722626 4.7924722023586063813 1.6074519211189670642 1.5458650377807194864 1.4843642664603562409 2.69058e-09 5.02881e-06
12616016.427104720846 5095 2.0457113501966324165 0.11933886209930834321 0.085206792974986803046 3.5639054164867989272 5.0560647562629723595 4.7506094912859193613 4.8698740406618199472 4.9877360648395292486 4.6491e-09 6.03448e-06
12616016.427104720846 6507 1.840755661459962722 0.35047289041930196341 0.041846593205460497211 5.0164999023101755071 3.7144582099580749635 2.9850779524490982375 2.9164039670294599205 2.8381467741440498109 1.72019e-09 4.33221e-06
12616016.427104720846 6653 1.7751980702281755509 0.14751681458478549391 0.097548647366910268275 3.7510925638935872506 0.93720083779632901155 2.5597983123932714911 2.4729588533527842031 2.3815110334951747895 2.19009e-09 4.69538e-06
12616016.427104720846 6463 2.3265341351391981561 0.17175690210951125025 0.31571464349810435257 2.0500861373131202825 0.34602389211951251058 4.906204088223532267 5.0728368890853943185 5.2335565111368955726 2.40859e-09 4.8466e-06
12616016.427104720846 6633 1.1136988906390539178 0.33898508046111297531 0.18387826964204670444 1.6361490131717915109 1.3437389856517474307 4.4972825317488673846 4.8481308293933658149 5.1839976582552154127 3.02269e-09 5.22775e-06
12616016.427104720846 6942 2.8482520918921272468 0.12389237007759543174 0.13032225293528723609 2.5501307768505045992 5.7776682685479086032 2.7353540316541269384 2.6832420318340703957 2.6284234275903357592 1.34834e-09 3.99439e-06
12616016.427104720846 193 0.81007560269433265265 0.19133496199334221188 0.30331890146833473398 5.7345029467801911238 3.45296641242774216 4.32485973751832109 4.5098996866407308204 4.6973254831644224438 2.99462e-09 5.21152e-06
12616016.427104720846 4502 1.5862140829886475224 0.14209030660834556792 0.078735395310480640885 2.6787676071724120241 5.5593901949882180702 2.921726199207861363 2.8882482723018783055 2.8526343341124977826 4.58456e-09 6.00643e-06
12616016.427104720846 3593 1.5881925835021020177 0.058665481376605883856 0.024075851891522233317 0.96035673680749533698 3.8878628324389383764 5.0911868705442246963 5.1451415212942759325 5.1983989166937103477 4.05946e-08 1.24262e-05
12616016.427104720846 196 1.774606188856555633 0.35237024003356620661 0.14867956658653019852 1.7821527047007490463 1.9173400976902637005 3.461078271641926829 3.599084446635735457 3.7547261095427031385 5.83048e-09 6.50756e-06
12616016.427104720846 6147 1.7324252371908324122 0.16030292377972654716 0.16988239420661727097 1.7605738857071826509 4.8466139384514654864 2.4165469931900567246 2.3027939399872678905 2.1835540899129122216 3.37103e-09 5.42131e-06
12616016.427104720846 5386 1.9626549765284730942 0.17787211068021183125 0.1607252397704879987 0.66985242400714939404 0.45359323741863516455 3.4741207318673859028 3.538048106107911206 3.6067336276994934607 2.3788e-09 4.82654e-06
12616016.427104720846 5301 3.0381120054167083389 0.19484825537945546503 0.13439948233161655433 2.8172145708072191539 1.8635168898897622736 1.3701970964970811018 1.1816749160942621177 1.0013929839011144196 2.88595e-09 5.1477e-06
12616016.427104720846 6457 2.0663104884694583063 0.4759299923158822887 0.45632027346697129344 0.31602488641092496557 0.88611495064539491651 1.2371376866284014007 0.8022515578260659419 0.46009456532937259565 7.63173e-09 7.11854e-06
12616016.427104720846 5100 1.7433250114650293838 0.13014229108689590042 0.087060170359492927705 4.8425642535358832674 0.9811883532047414036 3.2915268152780927657 3.3123974468775934099 3.3345184460799184301 3.86655e-09 5.6749e-06
12616016.427104720846 6055 3.2305561849985742207 0.090565642651952923958 0.054103852081335217228 3.0014610075387362365 3.7169008835572809879 3.5693874986290907714 3.6086537538985590245 3.6494322118011450762 3.0525e-09 5.24488e-06
12616016.427104720846 5142 1.3982284971296410347 0.11908114557172785886 0.14852139620507279205 1.556794862833321913 3.7011354591121641278 4.924849505059319732 5.0400874351133779783 5.152831753369299328 1.02472e-08 7.8533e-06
12616016.427104720846 5984 1.4418424124086917093 0.2742342032560399212 0.20905937439488062046 2.6822694472134642751 3.4435573437885276249 3.4497245661813535911 3.5474732879201593683 3.655748630089562301 1.83318e-09 4.42505e-06
12616016.427104720846 6291 1.7175374457806402706 0.22945332382376501523 0.14471111088021654245 2.1454721813010371179 0.49976564255372707413 1.0499306618275918712 0.85982270165289120811 0.68595975165651323913 2.82649e-09 5.1121e-06
12616016.427104720846 6390 3.1992164734055288378 0.11674927495710583913 0.33694974834285335019 0.23989378651526827024 0.48474895534560907828 3.6823259461224240319 3.7457977506768216358 3.8121239579689802923 2.74624e-09 5.06325e-06
12616016.427104720846 5954 1.4021092633097085312 0.17599814803176064282 0.1679152937974695281 2.1837112587299309929 1.9380191776029020989 2.4699115994717484313 2.3514294165473921261 2.2263883367536716484 1.68237e-09 4.30022e-06
12616016.427104720846 6542 2.0804182973684999247 0.1222572008492860407 0.10289390184283950247 5.6115267992206687708 2.5506534049113489537 4.5612635546350794868 4.6835608271028306149 4.8057672297875990708 2.35942e-09 4.8134e-06
12616016.427104720846 2329 1.1872476307267358919 0.32645012855352711911 0.063612778465935979066 5.9715937116443464916 4.4165067928107273332 4.4536942060951236755 4.7895326720756257188 5.1150119055621541264 2.01911e-08 9.84548e-06
12616016.427104720846 6286 1.3516636238439103668 0.12681399069029014592 0.096744365334154161506 3.5629583749456621433 6.2001511410951515302 1.4146603022371653235 1.2902748154987120355 1.1684178334256456466 2.66284e-09 5.01147e-06
12616016.427104720846 5405 3.165421921544448125 0.0025346508025868483803 0.17684078375910036729 6.0222052766323699302 4.8091577311580158138 4.7695827622453750294 4.7721130880013227227 4.7746432196370021117 2.93677e-09 5.17774e-06
12616016.427104720846 5098 3.1818850364878916714 0.099866083712517775273 0.15842650073347366857 6.1597635015199223574 0.12999944089596765506 3.6650554663578098769 3.7173580125493468351 3.7717327896909282892 1.90652e-09 4.4833e-06
12616016.427104720846 6419 2.7111124698090081075 0.47697561356728324089 0.42829466223019452276 1.4067819263571241795 5.5674396529834826453 3.9362415139059692137 4.369992891660278822 4.8192814518675453073 1.9765e-09 4.53749e-06
12616016.427104720846 5368 1.6703528478412650315 0.17744501178301655409 0.087852635179840321555 0.96299674195677109623 1.7407434510125670002 1.4488853331574307326 1.2737080460216902988 1.1040363838298115073 2.65835e-09 5.00865e-06
12616016.427104720846 6721 2.4600124973225825364 0.33404802762316865294 0.57775508400646125029 1.839451901946366208 5.5560397332860524955 2.3897593497886595593 2.1227200660542648869 1.8382723476625408843 1.66278e-09 4.28346e-06
12616016.427104720846 5510 1.641583206911644055 0.24483769897312165909 0.14243262013983945535 0.51679345496740514143 2.118359495101137302 4.3039686398769347875 4.5428483107977459809 4.784175618298095678 3.25682e-09 5.35938e-06
12616016.427104720846 6261 1.7365055107630962272 0.23054938056864146545 0.18553181536083718228 2.3180669773718940441 3.3050075707285433424 4.1368612318674049533 4.3454664614623812469 4.5606695054584136528 2.48402e-09 4.89668e-06
12616016.427104720846 5274 2.0880409468846385934 0.32170213116443052703 0.20482210640173359462 3.1952498525393404627 1.2748374298660642978 4.1962878306404762796 4.5067315536553467226 4.8216544372980720823 5.75566e-09 6.4796e-06
12616016.427104720846 4188 1.4237312419122047924 0.12724933558621792651 0.077184329822039529634 0.80793740248835743678 4.2133129013983463551 1.3244996376964426332 1.2026382581494752255 1.0839156671053413739 5.10361e-09 6.22505e-06
12616016.427104720846 6695 1.7932031590616634986 0.17717908226887366108 0.062108319510940750152 3.0853092543501796641 2.4470820769741465917 0.18089578118037236143 0.15136174607416522098 0.12464589584448496073 5.61749e-09 6.42733e-06
12616016.427104720846 6034 1.9451236705091630164 0.084814619884874056788 0.19245990499921430961 0.69539455798094751415 1.1009791753182183172 1.9182352149690837795 1.8372162563727292284 1.7553939272024869922 2.45369e-09 4.87667e-06
12616016.427104720846 6113 1.5256752461318989766 0.15497711674463893194 0.10796105991146949521 5.2688922413186149996 2.5451483695859824508 1.6407111329947012823 1.4846389003698705622 1.3302366333784054753 1.07283e-08 7.97432e-06
12616016.427104720846 5971 0.87154483623550671467 0.11807670179689215562 0.12388128392031858005 4.89149247340739457 2.1158633233807200291 0.71859695067284701242 0.64395567955269472638 0.57306672642285327868 5.17058e-09 6.25216e-06
12616016.427104720846 5748 1.8870054135083491609 0.17369812923227806456 0.011900030151923476213 0.88460116603049654405 3.2098822869418417447 3.39462818259761967 3.4424925610916918828 3.49397317812974606 2.75123e-09 5.06632e-06
12616016.427104720846 5053 2.9612919995962307951 0.13708409560452017306 0.29635977019072329286 0.08893489249627732629 0.35339607160806707498 5.7234874225709990725 5.7925549053658258458 5.8571464662855170502 1.90259e-09 4.48021e-06
12616016.427104720846 5116 2.7161203012282180147 0.062188247843052532615 0.065398094456453476075 4.7403970878709245085 5.1900633425149402811 2.172448764904713947 2.1202226424633656698 2.0671869973077021676 2.56354e-09 4.94838e-06
12616016.427104720846 6595 3.0323287480481821987 0.091688379778714343415 0.19678083367157578332 2.0858963719588770047 4.848891951172924486 1.4808737248385783758 1.3898020422627797021 1.2996113738147578864 2.5233e-09 4.92235e-06
12616016.427104720846 5266 1.8032866721153930634 0.25222920092174594409 0.079891309232130822138 1.0869158122928219701 0.0080596427046943537598 5.260106114232105945 5.4645653494926147431 5.6487440300324918141 4.85139e-09 6.12076e-06
12616016.427104720846 5762 2.0631043157341588667 0.14203633827847222948 0.095213849959450314042 2.2386451242914486848 4.5225598329415834797 3.8413887187640320953 3.938569028047943732 4.0401599842012734243 4.50081e-09 5.96963e-06
12616016.427104720846 6628 3.3326029069916471848 0.05764476533788503998 0.21952018223743721692 0.55985756924265983603 1.3980488401432777934 5.5163796748486859656 5.555589469370708855 5.5939276302378742045 2.5094e-09 4.9133e-06
12616016.427104720846 6808 1.6502496778312234493 0.25862862561571797748 0.23253208178651227356 0.79732745749028466342 3.9551411411951931107 1.4987971715854846444 1.2402838976284529249 0.99565324371944230464 2.07842e-09 4.61418e-06
12616016.427104720846 5481 2.057038939174715253 0.19591055284914371537 0.083489047886272232946 4.6663290558741579162 4.6765438447846960912 4.7687233433285944884 4.9645150544921152758 5.1542317449732903967 2.0621e-09 4.60207e-06
12616016.427104720846 4662 1.4609554925019145877 0.36465179660166519016 0.13186750432719096526 2.5573836575285016082 2.5400048383295308341 2.7730261882215732072 2.6082487686885369449 2.4228540932217765835 5.28399e-09 6.29754e-06
12616016.427104720846 3089 1.4963376142564979165 0.14565729191340118232 0.19434237393234629621 1.3412834981222150343 3.0635234529981292262 3.9993811574711770618 4.1155875212185799583 4.2360661181438414857 1.46985e-09 4.11094e-06
12616016.427104720846 5878 3.2091355175905915686 0.054647474036199426839 0.11840792689482512734 5.849001701349114235 0.12095859011299578412 1.1285176232996134704 1.079672941680381637 1.0314846019151167056 1.44428e-09 4.08696e-06
12616016.427104720846 3948 1.6120054081417027891 0.19435942573419690005 0.030684758473567799036 1.9625146870710556968 1.6279148854282725623 1.6965176184225121414 1.5000454368586308984 1.3061722596036415833 1.17788e-08 8.22655e-06
12616016.427104720846 3872 1.4460545161156086458 0.14046375902738567065 0.13448913646359916818 5.3159836626847098984 2.6970294631459212908 2.1561344706484177891 2.0338492405453405532 1.9081773001879454021 6.86931e-09 6.87313e-06
12616016.427104720846 2498 1.4208574266800235719 0.22763617378429257254 0.16229043864859732382 1.7308877625780700882 0.57511359460923106024 1.6744528090805124165 1.4432907996540955686 1.2175025359717370765 3.65469e-09 5.5693e-06
12616016.427104720846 6200 1.8320707503630924151 0.14385844715522594361 0.1349755964676978004 0.9469855498966812668 4.4186053766873056858 4.8914775973636128725 5.0317354416788946381 5.1683205203688249441 2.64335e-09 4.99921e-06
12616016.427104720846 6297 2.6935079876926177889 0.083528471086822375646 0.29184699285045961892 4.2331746807671457589 2.0843490813115974625 5.2546241299587732598 5.3247528193975242061 5.3931034625304610231 3.1612e-09 5.30641e-06
12616016.427104720846 5450 1.7391816649456108834 0.16721843261506472156 0.1846594680394166299 1.8909001236006086621 5.2325837509667465497 2.0282010468314495277 1.8715941363190924385 1.7118837417188701444 1.88249e-09 4.46438e-06
12616016.427104720846 5733 1.8532540619012860539 0.079725642582973071937 0.16542170264627778509 2.2030278753692735805 0.93179034636835567085 1.6191558727706467646 1.5392847429470464249 1.4595986800697178243 5.33623e-09 6.31822e-06
12616016.427104720846 6450 2.7417183661451742793 0.082338190131504382374 0.077544233820632843535 2.9840067191347103837 1.4918126514313603259 1.7121401820065427213 1.6300534430405491104 1.5478597720131050952 1.74846e-09 4.35581e-06
12616016.427104720846 6407 1.8711674815009391448 0.15272975885400608131 0.096421034281132300681 0.80576706075581339128 6.1888152436978334237 4.6278129386431938741 4.7815908337326433752 4.9339550350020449088 5.15346e-09 6.24525e-06
12616016.427104720846 5576 1.720028321518831449 0.18874182212572074291 0.18049995031752580354 0.45185464956881954413 2.6951877850795202818 3.255007796149889554 3.2788131344236024489 3.3046311763659366179 3.16141e-09 5.30653e-06
12616016.427104720846 246 1.2214314760252467096 0.08157013472301737067 0.08202159192791946829 3.2100640024486257751 5.3830543512671704676 3.7100947990662538345 3.7556435523110849317 3.8026428822887621273 9.52298e-09 7.66375e-06
12616016.427104720846 5992 1.9058066191578886261 0.27300164362580642274 0.17093459422475326681 6.1125931526401053873 0.40102869305551763768 4.2515483896480148474 4.5156982796204898634 4.7834360874630981186 5.52752e-09 6.39283e-06
12616016.427104720846 6196 3.157079904324533004 0.20318895500691619427 0.059052877300363570967 6.0611702650213068466 3.947264677120797316 1.3157027305563910868 1.1226358623519585578 0.93951268773105400811 1.25424e-09 3.89922e-06
12616016.427104720846 6421 1.8175295323099802669 0.13839894831745672144 0.082324735431484025172 0.79445088761264037736 3.0335005399997521103 1.7360643161357665054 1.5975257642728910579 1.4591762534638865745 6.6141e-08 1.4622e-05
12616016.427104720846 5394 1.6809313542478130366 0.10864161016417733796 0.10142006405199660568 1.7274571659772692822 5.4256490802909924653 0.74275201783861322102 0.67193069009324613017 0.60430148924849924619 4.23442e-09 5.84945e-06
12616016.427104720846 4243 1.7281166437709318817 0.08626095152646438835 0.096925620124729536253 4.9659732442181052647 5.4627792979306635246 2.1019924468367130466 2.0258485065946314485 1.9483656337449619667 7.70334e-09 7.14074e-06
12616016.427104720846 5711 2.3367633149624169597 0.20739045926765820038 0.84215217087103444449 4.7400803962105628742 5.6273071793793265627 5.4508395471689663481 5.5954198787609401577 5.7270738703970138772 1.73005e-09 4.34047e-06
12616016.427104720846 5322 1.7866285253554050616 0.18221740169079356231 0.022675260470099052601 0.72726583900757280077 2.3438228497955373442 3.7507613591475696957 3.8643496588320997986 3.9848782512561107261 5.00791e-09 6.18589e-06
12616016.427104720846 5046 2.0087359263572874823 0.11978471544810667671 0.15585375220323957612 0.3570931892658449347 5.4446760045892901303 1.906699173236765521 1.7910351458516102774 1.6741437937776098011 3.3008e-09 5.3834e-06
12616016.427104720846 5351 2.9860759344207550292 0.14311378759602536026 0.062472534322935105444 3.2493008262148235232 3.995360178245629168 2.3614943046256118286 2.2549634522020611804 2.1440580356457248357 2.44807e-09 4.87295e-06
12616016.427104720846 5321 1.7198615912818511209 0.14308333504535747371 0.12372311079973188908 6.0458277142041030316 3.4152373207233526209 2.9418338006062674239 2.9111329152314207036 2.878449085648737249 3.33881e-09 5.40398e-06
12616016.427104720846 6337 1.8460223850195232043 0.053833234569055060659 0.082743641034507459109 1.8354413340069342109 3.5641913759170091858 3.3923831726042421586 3.4061106378492311819 3.4201850166100209449 2.57504e-09 4.95577e-06
12616016.427104720846 6131 1.297104573652318571 0.041718149835920620427 0.083483660670630163714 0.50658987845376313164 2.8559941820119933986 0.60085337306328390206 0.5776582088297077533 0.55487744511680281434 1.45631e-08 8.82947e-06
12616016.427104720846 1239 1.0024319948132509595 0.08664324252278735039 0.21365215832412179364 1.0992980526805407049 2.1876788480688005301 3.7284026663113079003 3.7782600643395274354 3.829771124682124217 1.31823e-08 8.5411e-06
12616016.427104720846 5775 3.0400507294373837475 0.056435154238629367529 0.021271043841984228762 1.6905175732762207641 3.0344039583530455495 4.5152338291220690536 4.5709135376371872184 4.6267848499764498982 3.02463e-09 5.22886e-06
12616016.427104720846 261 0.93367806948891451935 0.18603398367707496552 0.087147526989915874429 4.7325938109325615955 0.70551691409401018351 0.86681559997820234464 0.73215359526401857515 0.60779492030306658812 2.34124e-09 4.801e-06
12616016.427104720846 5313 1.2777556607011941736 0.050682701283506340073 0.046892481254189488649 4.3272093368655628609 1.9757074581673894631 0.42073707307987279203 0.40049254714136478528 0.38073278300253016182 1.41091e-08 8.73674e-06
12616016.427104720846 5927 3.4618414806076911461 0.13624278815085572036 0.20459215678324768617 0.4490843213694353242 5.5399477242390551268 2.3404629259563640709 2.2373384334952928221 2.130256468764335942 2.21586e-09 4.71373e-06
12616016.427104720846 6445 1.816382835563481235 0.17335231659513347657 0.097406030789905062584 1.1398653401270053553 2.2744122366783194877 3.6000434662833620258 3.6838670549303085267 3.7733316604681199635 2.3322e-09 4.79482e-06
12616016.427104720846 6807 1.7269555673048977429 0.13718531674054559866 0.11277526298554335638 3.5799904876650576746 0.76901674467391578638 2.9964022960395984008 2.9750012989986074352 2.9522529741003653569 2.57067e-09 4.95297e-06
12616016.427104720846 266 1.3348603269814867112 0.19469535818997671384 0.19233523987137693401 0.51423369887242897924 2.9133256100183020365 3.3558700221298867206 3.4021030487314858348 3.4522514640266930286 4.96117e-09 6.16659e-06
12616016.427104720846 6123 1.5000548193540628183 0.092040617666591675872 0.11312598065538874426 0.15295391370748043225 3.2376153326008969557 3.1213395091350046862 3.119381268782151384 3.1173370872962293809 1.87233e-08 9.60087e-06
12616016.427104720846 5407 1.4854037925313323676 0.065184089094304537015 0.16119950498536700367 4.6258645326953624632 3.3239143719980748237 0.33651111236692055062 0.31560917808259492112 0.29537632246305189909 5.11323e-09 6.22896e-06
12616016.427104720846 6026 1.4729111594038872823 0.17668031894980321117 0.083508282423767704605 5.3112724293770581241 5.8284258727686912849 2.5348154147202741626 2.4253650391035832534 2.3093666559478100986 1.19536e-08 8.26704e-06
12616016.427104720846 5968 1.5377813173283929604 0.21313326327857695652 0.060195568904214041828 2.903250055311146216 4.5233402289506106086 4.8616556844339156029 5.0707391393809757574 5.2703334842713909225 1.90606e-09 4.48293e-06
12616016.427104720846 6005 3.0204904409747412863 0.22556861954679566229 0.36364524829730415778 2.6553272465730097807 3.0445528253309359634 5.7825225172993617306 5.8821352968102988967 5.9701939589820476328 3.36675e-09 5.41902e-06
12616016.427104720846 5476 1.8857994649494944639 0.27969300951129222321 0.078307942271087505048 6.169501395907282415 5.5256382720771046735 6.0960142024782637549 6.1425809132842053017 6.181777530649986474 4.35596e-09 5.90488e-06
12616016.427104720846 5997 1.6951687577313561128 0.23427722755495181128 0.066004603387023227934 1.2199003245440203091 1.806444436733581016 4.1130963104428133192 4.3225966358417835522 4.5393002572188736465 4.37918e-09 5.91536e-06
12616016.427104720846 6710 1.9607977115527290835 0.13858786883662913003 0.1892019527060974371 0.65025607731411894097 1.8624051457349430905 2.2685571977117331421 2.1569631570645291241 2.0415101498379586431 2.35382e-09 4.80959e-06
12616016.427104720846 5938 1.3731271685839978591 0.053644999747729675554 0.27100202685975449679 0.780812820015844955 3.9932577924746368581 1.8286552833964679898 1.776400643669522994 1.7238855263499692771 1.88863e-09 4.46923e-06
12616016.427104720846 6827 3.1324719268277689821 0.084031446866246750638 0.11352868885865864679 2.4144116841844374122 3.7833691617391727036 1.8346867517809486436 1.7525646281279729788 1.6699175509017900598 3.04652e-09 5.24145e-06
12616016.427104720846 5420 3.494490610893717264 0.040004808848436990143 0.31509227943733986166 1.0974714700968493108 0.68746223288653285355 2.5440965986294759027 2.5212041786816015154 2.497947331529557502 2.55489e-09 4.94281e-06
12616016.427104720846 6167 2.0681001435448136405 0.14891333229610101418 0.17461766746118678739 3.2686264694913225171 4.3764798459777631834 2.6380120767540122806 2.560715855286026521 2.4789986016804634872 5.7681e-09 6.48427e-06
12616016.427104720846 6036 1.5270550696843350202 0.017741046508574137563 0.11447908906811189722 6.2083051615553994651 2.1722461208469154847 2.5503126730901519714 2.5403493072415148646 2.5303137611359165504 2.34807e-09 4.80567e-06
12616016.427104720846 6312 1.5552782574421886164 0.17181086862144406835 0.057851335201139497677 5.1685415856849372673 5.1052386703466856588 5.0691421381346195574 5.2262582422018857287 5.3758795814415716308 4.34831e-09 5.90143e-06
12616016.427104720846 5195 2.7806852802628765353 0.087602263140340433378 0.12422183846353417047 0.48090673099654357436 2.4576700411652994127 1.0581170723583630533 0.98327724535173999243 0.91036426925660363096 2.26107e-09 4.74557e-06
12616016.427104720846 6686 3.4286442700179549092 0.33640085695616067651 0.51627035553559252889 1.8809047796875233427 2.3547651484506024744 3.4280439173142793763 3.5453256344051684579 3.6774820311128282313 2.71129e-09 5.04168e-06
12616016.427104720846 6056 1.7544328101490760385 0.1046085437760933684 0.072466246018196664447 4.8390751309955586379 5.1650151212457657834 1.5991858340790834347 1.4942718017116862761 1.3899694024631441547 3.00235e-09 5.216e-06
12616016.427104720846 6170 1.9022354762684856588 0.10536354126661795494 0.17325840626971750202 0.94821469852054929284 2.1140062734496751773 2.9014382464189476529 2.8749495761694348062 2.8471868482584739013 6.44558e-10 3.12323e-06
12616016.427104720846 6886 2.779474221650971355 0.21682331638732435519 0.31166671373049498195 4.1074694005109879669 4.7662736247728085814 5.012204859301935933 5.2145758697776498636 5.4046284478836774667 2.88448e-09 5.14682e-06
12616016.427104720846 6185 1.7123817409807571277 0.078007601865258957563 0.11903473784435499028 5.8559745646293377419 4.1287933653425437086 3.4379620993879900226 3.4616633920075430275 3.4862072129753562955 4.56223e-09 5.99666e-06
12616016.427104720846 6037 3.0196411644761149695 0.11105535436776042824 0.31929724031626510738 5.3079467461147871177 2.0180307193931965593 3.8269422520194447124 3.9005964124027512341 3.9770245953199889755 1.83549e-09 4.42691e-06
12616016.427104720846 6149 2.0737939127663027605 0.20193699783188412411 0.11651292423411216403 2.5557689348469838642 4.79371528113899803 1.8246671972394079564 1.6226646400548723204 1.4209992190949365387 2.75102e-09 5.06619e-06
12616016.427104720846 5846 2.7900439806059726955 0.16020780978518334159 0.096412595393059699611 3.7759658461420499975 1.5911831129967828335 3.2816777018930989307 3.3061446936617553405 3.3323884052545666989 2.37403e-09 4.82332e-06
12616016.427104720846 6333 1.7530386928182069006 0.26188785954122889565 0.15401425022107453899 1.9268544382182890562 1.1335650105236740881 4.9912673864524386147 5.2371939324722536213 5.4638373653440650557 1.94245e-09 4.51128e-06
12616016.427104720846 5488 1.7050486607364252478 0.17023985388868584367 0.12599810078575998662 2.9223489100566406584 5.1712492032517918261 5.8232940499756296049 5.8939500222581555633 5.9585528143154533609 3.37985e-09 5.42604e-06
12616016.427104720846 6244 3.2300323160055248728 0.11958786181560539241 0.34912828810083795794 4.9920632323464078084 1.8215620060394386304 2.5024596416398985355 2.4272814444875208117 2.3489397758579624309 3.08558e-09 5.26376e-06
12616016.427104720846 6192 3.21791104925032867 0.23858913602089154571 0.27760944385867297735 3.4975436058493429847 4.6716577727270891529 3.6326490845442700461 3.7602736106207643729 3.8986460319095956883 2.79503e-09 5.09306e-06
12616016.427104720846 5914 3.2026238011869270217 0.078823408319241755615 0.1769773035997540267 0.61566156243413039384 5.6224782261010153306 2.1476403878509593426 2.0800384836976677505 2.0112166451240276466 2.63408e-09 4.99337e-06
12616016.427104720846 5144 2.2114962831476554506 0.73296177391351746699 0.21322132454177517014 1.5791628880391792578 4.1677623151822658087 1.3835358690800021453 0.62873887750447166045 0.19766553775266598736 2.44844e-09 4.87319e-06
12616016.427104720846 6164 1.9866838552153389674 0.15623745779685452306 0.16261997465329186552 1.231306114119128825 3.5739474845099938882 3.0953234393712376615 3.0874328809186080136 3.0789752319138523617 5.09634e-09 6.22209e-06
12616016.427104720846 5361 1.7498324908422921986 0.26310853273715628653 0.16065733866793013851 3.1598115174104242087 0.27522433666773699068 2.3393117913741963143 2.1277896918530285753 1.9044504447944883285 3.09083e-09 5.26674e-06
12616016.427104720846 5650 1.9799175669452828696 0.047276959726969741693 0.10957982481460704083 2.0007447788590506654 0.24912757547290448334 3.4809378680174369869 3.4970425813636589751 3.5134955402805747582 9.54988e-09 7.67095e-06
12616016.427104720846 6814 1.8899893389641870822 0.28385203987119561608 0.12048932507178164442 1.6864545030887545529 2.1120866912118492209 1.6908041573215439879 1.4000621153565473431 1.1203372030607434695 1.89305e-09 4.47271e-06
12616016.427104720846 6631 1.0760066562240240273 0.11066259181255713728 0.21010011910674325497 1.0662233628124462292 4.0960689050356648977 5.3094099445717670704 5.3983749363456574599 5.4840050836359361952 2.32153e-09 4.7875e-06
12616016.427104720846 3400 1.4763302566990852416 0.18078300149101100835 0.035215291831548048429 6.0049444307043255975 0.76954051467565420808 5.9753437578223538296 6.0261515370248259771 6.0721089063576760836 2.20416e-09 4.70541e-06
12616016.427104720846 5798 1.7209617232806193599 0.089543398141916100141 0.15262666155455592576 1.0639187907324003657 5.6569057578134414044 3.1423748450731423532 3.142448322437080499 3.1425249419240008919 2.01067e-09 4.56349e-06
12616016.427104720846 5551 1.6764034148867814622 0.24889094439584236174 0.036220938817264979048 0.46262593109778316069 3.3026686201104773488 4.7214375669120034473 4.9726779644173948469 5.2131851780373628102 9.09521e-09 7.54723e-06
12616016.427104720846 2928 1.1976972647653951753 0.14987996725457813918 0.033503930796622206911 0.16827553573683920463 2.240915981627892517 3.5837200986120674173 3.6528991515586146654 3.7262379778136445196 9.69793e-09 7.71039e-06
12616016.427104720846 5185 3.5258132190952822249 0.022585811899668097741 0.28239526748238980014 6.0105405506809805871 5.2250610313225376302 3.0030776543057529082 2.9999234968632606524 2.9967344763216332559 2.64564e-09 5.00066e-06
12616016.427104720846 6227 1.6032566772805665334 0.11561104873411415239 0.16315241939394137249 2.0685897200597413992 6.1032988972255912685 1.8302741690108417227 1.7165863609324716332 1.6022017785836317749 6.71025e-09 6.81966e-06
12616016.427104720846 6979 3.0717529761554889234 0.36045023686885885317 0.48101938903821844784 5.3543529282696624705 2.7376389103267180225 3.3845357765474939349 3.4939839358057196428 3.618390858837477797 2.0418e-09 4.58692e-06
12616016.427104720846 4406 1.4116073200561636281 0.17597009206570429773 0.14957154707927594606 5.8567156045342008142 0.87579288382231845755 6.1577810742662588694 6.1781692203585727441 6.1966149627130757693 4.822e-09 6.10838e-06
12616016.427104720846 5453 1.5569946136368724154 0.22507291914720684023 0.085070341608883909279 0.014179807536514538527 3.6022315891894951534 1.8914952073029114299 1.6679913598489251036 1.4439807218415314782 3.03837e-09 5.23677e-06
12616016.427104720846 5134 3.5368694908235873697 0.11256906728864644884 0.36705208187672155873 0.031160031974217877737 5.0615966655583264355 2.3826440087695517356 2.3016561899232930166 2.2178371824592995054 2.31886e-09 4.78566e-06
12616016.427104720846 6550 1.957232120456845248 0.19789886081756816183 0.15540774820454061889 5.7761270378572380224 0.078892328550788981545 0.18275161562838898588 0.14968038738313296787 0.12016929344588149486 2.018e-09 4.56903e-06
12616016.427104720846 4313 1.6283375761762446388 0.18611980033686315039 0.15954179114225339187 0.77842667879416849175 3.7642478969717023674 3.1784217613138436853 3.1860509467184785493 3.1943227897925345893 1.98502e-09 4.544e-06
12616016.427104720846 5577 1.7997807905664924277 0.20969319392282087522 0.05586108251395443397 0.65741911247638495919 0.23404819493090564531 0.2949990020919677769 0.23904050360164502687 0.18939133664537541324 6.01747e-09 6.5764e-06
12616016.427104720846 5417 1.8473882670293655384 0.063649933321430512967 0.015642729642866011475 1.2871504852161994581 2.9804057099731040559 2.5160708622545282509 2.4777804022504099635 2.4385641482927700174 6.2485e-09 6.65951e-06
12616016.427104720846 5880 1.6206169788451452174 0.16796275662164400488 0.020554057530447866764 4.7903304017891787936 3.4257464544374749416 4.6853170134278139258 4.854403460755926325 5.0206753162056934059 2.24295e-09 4.73286e-06
12616016.427104720846 5030 1.8545314016548328784 0.28104710581453723472 0.092558220195039564437 3.3997279524991008692 0.52978998253878450964 2.4648925121790177251 2.2633476713225455512 2.0470483436243829267 2.14686e-09 4.66428e-06
12616016.427104720846 6137 1.6733505310334944038 0.2945943036229440315 0.1092962051041205529 1.8246474683454751986 3.2255795993871108074 2.9084100176204490396 2.8268813401777057592 2.7356920372690920473 2.35406e-09 4.80975e-06
12616016.427104720846 3887 1.2139178830588399638 0.33484034045975402671 0.14209273469229866116 0.75613931433180503472 0.71652557368523628334 3.1075165724356597075 3.0933246816117634381 3.0771688924320770298 2.30943e-08 1.02964e-05
12616016.427104720846 3103 1.331829001122881051 0.22066341158910529607 0.047871867133496864843 1.4494163793602976575 1.7387642168891295213 3.9387760045696205147 4.1117057667031779999 4.2937419710492550351 2.18756e-08 1.0112e-05
12616016.427104720846 5607 1.9319250886178636062 0.11669250472256482987 0.063932157752298504616 1.7374310853125463083 2.6524297301400108218 4.7689693446898946405 4.8853571216227971163 5.0003083721930057237 1.18158e-08 8.23514e-06
12616016.427104720846 5029 1.9310136356276539349 0.21507432450327151896 0.037712824986790641213 4.8540251661238764669 2.7495931215039073336 1.6834213963088193733 1.4653703438774567935 1.2514901493488421735 1.87308e-09 4.45693e-06
12616016.427104720846 6282 2.8040051238485270702 0.073109167155169144103 0.06032075719725858709 5.7753645978710288489 6.1380268459198266129 3.1112338771175518382 3.1089273527789851315 3.1065396445175244011 2.68214e-09 5.02355e-06
12616016.427104720846 6604 1.7653822981418796356 0.072983843077608398509 0.068828990184374355676 6.0025511696987567944 5.2506821692261951284 3.1074794158035983216 3.1048923843867775041 3.1022144589468223508 1.08355e-08 8.0008e-06
12616016.427104720846 5362 1.6024695250949869685 0.19027225282466042611 0.14986258820534678615 2.9252974378253573384 4.7275164138792842294 5.1837857011566921273 5.3473549604220655951 5.5005416053774318641 1.49782e-09 4.13686e-06
12616016.427104720846 6068 1.6975491440280894295 0.10713053725011043027 0.13170935930072438791 2.6722892927962487164 3.2360842317390381417 4.4216613396815720449 4.5261071357210687083 4.631384277424099416 2.08722e-09 4.62068e-06
12616016.427104720846 5877 1.6717457100307901996 0.07562522402239836572 0.033467983540572662782 1.5988799193452838399 2.5246173264988960305 3.1749130603041457732 3.1775353095354801347 3.1802528957250730812 2.13222e-09 4.65366e-06
12616016.427104720846 5479 1.588309989664239863 0.21928923562334576292 0.10208557429476350364 6.1668673626992331904 3.0596311053486298093 4.0743408272786396651 4.2647036581531017063 4.4623822672960091751 2.12255e-09 4.64661e-06
12616016.427104720846 5257 3.1638920104122982835 0.050468239280563653715 0.21453335084394895005 4.9005265617213051854 3.4952914616887911237 2.3032973227935999994 2.265109792811342615 2.2263252957675820909 2.20895e-09 4.70882e-06
12616016.427104720846 6565 1.6937855323894746018 0.023463365343742506597 0.05172725945580423923 4.7190588212894342135 0.35722469753502283929 5.0604405374680840879 5.082411242970092502 5.1042865912028956288 1.21046e-08 8.30169e-06
12616016.427104720846 3239 0.83793178254395128679 0.063629383483885845751 0.092792278799474658957 5.6815234055629604271 0.56475804243745320044 4.8300621424883303234 4.8930591261328331143 4.9556528457000101895 6.46074e-09 6.73407e-06
12616016.427104720846 5595 1.6385296120090548921 0.28799387627197403638 0.08377716698599323164 4.0582228555402375392 2.6454002699722352077 1.9455406273589628263 1.6581442021300158984 1.3712482739414939559 2.78921e-09 5.08953e-06
12616016.427104720846 5226 1.2842226864573140777 0.23004391820711925232 0.23459452088728294239 2.3192899444350754123 0.61386148599118539604 3.8261779406909712797 3.9879093343907685565 4.1601764310275592962 3.2729e-09 5.36819e-06
12616016.427104720846 6709 1.5631481655478363102 0.27005961442487713686 0.22623186063840891591 1.5256801736526013347 3.5519363723734378446 6.0154487126471751779 6.0796956529101304767 6.134271516363049237 2.29225e-09 4.76728e-06
12616016.427104720846 4581 1.3573318257780710994 0.1297533111726093813 0.023690506032338350811 5.8354309063848370798 6.1678395610468292887 3.7712216694668545536 3.8521713906372858638 3.9368059142991307375 2.62777e-09 4.98937e-06
12616016.427104720846 5923 2.9947244431802331199 0.043318408302914529484 0.192840013783405817 5.7191485099542385129 3.6073432477876177238 2.4950991805365942966 2.4685343558401600106 2.4415305161087754726 2.22479e-09 4.72005e-06
12616016.427104720846 3796 1.889568135409785743 0.12348686818390865183 0.11494196283669032288 1.7892368888767429258 4.6343956933167813617 0.52227571328183297616 0.46360649289697769548 0.40838602790028849521 8.15222e-09 7.27683e-06
12616016.427104720846 1253 1.1934760298566251535 0.21575588097541703592 0.1021203578572845716 3.2590900369098796396 1.7909713230003765361 3.4214024496178745416 3.4887406251395880474 3.5621445081672611366 5.22993e-09 6.27599e-06
12616016.427104720846 6311 1.4879551532530881364 0.094449370478469948931 0.13537025767101235063 1.6201183121924251918 4.3989980980670226884 1.4481221984683918524 1.354781446049069249 1.2625271385463439078 1.23412e-08 8.35543e-06
12616016.427104720846 5437 2.0299451297682700179 0.19374297591956154974 0.024616691079943395226 2.9935069870651118684 4.0595489769826951232 5.2932505879132785154 5.4481282657495029298 5.5917566751739364861 4.54448e-09 5.98887e-06
12616016.427104720846 5114 1.8784995832577977559 0.085272314489110073721 0.089512643944920838868 1.6068223138281063633 0.40936053461516641594 3.5747286323365834448 3.6120262140532766182 3.6506778340846777198 8.67957e-09 7.43047e-06
12616016.427104720846 1517 1.2007073926480948955 0.27251894383304076097 0.2405611640736695922 0.22232263507600832919 0.20633858915823494184 2.81299445417386762 2.7098753522942455874 2.5958449358613968627 2.17631e-09 4.68551e-06
12616016.427104720846 5753 1.9272356285657317176 0.31591737406493547446 0.20404593018496677836 1.2829487794134999401 4.710389082478330991 3.5452408369296311008 3.6946191640002825629 3.8605595052224361829 1.44813e-09 4.09059e-06
12616016.427104720846 5766 1.7406390793327015665 0.2120873546737149784 0.10646034591601291619 3.4457194393950305589 5.7456329065858895433 0.17294764202196707958 0.13956143033105899987 0.11005820814753355941 9.36827e-09 7.62202e-06
12616016.427104720846 2957 1.46100220554978244 0.27613037905664822302 0.12089506918555624482 6.142502754782908525 3.30975737955154381 2.5844490335110643642 2.4157374547932639608 2.2324489252072319267 2.55608e-09 4.94358e-06
12616016.427104720846 6197 2.0155788021326923598 0.22719612782544892915 0.088713083704616599312 3.3925508022456005719 1.2101257102277409583 4.1971216876843380206 4.4086903576769360669 4.6254892953519242127 8.02678e-09 7.23931e-06
12616016.427104720846 845 1.4705667247782079343 0.12295871902923183328 0.070548827043622877597 5.6271907356142154555 4.7061293160214194842 1.4561591405791132203 1.3345518508839990801 1.2150084552632298696 4.26604e-09 5.86397e-06
12616016.427104720846 6154 3.1959213878579362245 0.071488914840538583806 0.27308350203420733715 5.6609505245724340838 4.3035945267233444156 2.1095409910728557534 2.0469707347863534963 1.9834346038091341669 2.04677e-09 4.59064e-06
12616016.427104720846 6209 1.3674441547559599286 0.22069641872408043981 0.085989522306201993107 1.7277488565240042284 1.6985014895738126395 3.0107178144036916834 2.9779274986738371034 2.9419682241038973558 2.89646e-09 5.15394e-06
12616016.427104720846 6392 2.9724679729632832448 0.22423125460584236723 0.088450048489283783493 3.1915696907708350771 1.8702404788154902704 4.6495045642513170847 4.8768239621426117125 5.0980305621286428064 2.75286e-09 5.06732e-06
12616016.427104720846 6347 1.7299235189698800585 0.27402089256488809665 0.027424198856399982505 2.9049345594878790422 4.0400343618160112769 3.1232117203224549762 3.1172434622795370807 3.1105719344284414873 1.27077e-08 8.43734e-06
12616016.427104720846 6735 2.0593933709080141092 0.20253935798920219558 0.13023751908678041223 1.5173871624933303881 3.0131446262209875542 4.4325623310949815448 4.6342959217603034716 4.8362179978036987649 2.32036e-09 4.78669e-06
12616016.427104720846 5485 1.5833731732453912855 0.27464866366224649497 0.17107352003666437268 0.84006134622304595716 3.4069088461189500627 2.4981814644520898838 2.3095495280515501157 2.106499385447470285 1.60307e-09 4.23156e-06
12616016.427104720846 6816 3.1028146893543064877 0.049061587336890227773 0.18556831753266286866 0.41501671464933898026 1.1757858038674970924 5.4562789112018030835 5.4918078107070584792 5.5267064041310973721 1.76213e-09 4.36713e-06
12616016.427104720846 6572 3.0054532266052387257 0.10928121411400952556 0.12868067682396891471 4.0995584627943202349 5.2534661622540310688 2.7675018906978281485 2.7253007925139614009 2.6811105516096587209 1.66053e-09 4.28153e-06
12616016.427104720846 6740 1.7253326647562174934 0.087858632178370255073 0.19134167414222941206 1.5683076939360469648 1.227805277378804405 2.418287834475570719 2.3580548474863625152 2.2960450958318325831 8.24013e-09 7.30289e-06
12616016.427104720846 6480 1.7259235618802493128 0.13864987659254784935 0.075097702668068755383 3.7265617388128258192 0.69293632517821579508 3.3910136758127444878 3.4278899643421865129 3.4670449936524030399 5.51174e-09 6.38675e-06
12616016.427104720846 5642 2.8367080831672386587 0.1957494330547657202 0.099518356938237961806 0.44133521320451202241 5.1327478273663800223 2.9609015893215988591 2.9215596605407556652 2.8788350328627334562 2.80041e-09 5.09633e-06
12616016.427104720846 5478 1.9280227283623601053 0.13270296142777196491 0.18715047501429418753 1.3667117288098238337 1.7435831325751294241 2.8145622213323275851 2.7688679051402718123 2.7205435320111064357 2.28234e-09 4.7604e-06
12616016.427104720846 1447 1.0731372411866582084 0.18547975015441894864 0.057741878511536802454 5.6506497335114325153 1.2630056247021632654 5.8420860494991808665 5.9157028180138642171 5.9823395981804887711 2.94046e-09 5.1799e-06
12616016.427104720846 6815 1.6650739577538202774 0.2809820335725514151 0.14643426236756049152 3.6616339245832807414 1.2322316249351337181 0.94500691832146455074 0.73141157769708076142 0.54373782129273628971 3.57143e-09 5.52668e-06
12616016.427104720846 6044 0.99098753633025238319 0.31201666866191424266 0.14114455637266742905 5.7061954088296698018 5.7207546950668373142 3.6246767311835688119 3.7974309831759911482 3.9877061939212841146 2.72625e-09 5.05094e-06
12616016.427104720846 6667 1.753842179119126099 0.35537312660525149921 0.23788362485055375428 2.2917966426995306506 4.779336614833415986 3.9697672896990785496 4.2763615719276177884 4.5984847816526936981 1.85586e-09 4.44323e-06
12616016.427104720846 6040 1.9281446896935396929 0.21000449972737642024 0.17477847335254018124 6.1630513113476261822 4.0395072857545137879 4.0091215077021828961 4.1826124580173651424 4.3638295460384286528 4.48499e-09 5.96262e-06
12616016.427104720846 5950 1.6097680282501727334 0.032094010721195893876 0.10504187787938733256 6.2455083229245289544 2.724922762237612428 1.0283050328166583043 1.0010394789799215154 0.97401528971349282671 6.81029e-09 6.85339e-06
12616016.427104720846 5158 1.6322891474301075565 0.048459001823611361215 0.21324777427669339147 1.5098487323058360499 0.60414918081887614143 0.46841258204567887136 0.44698625641198719283 0.42603986032577217946 5.85576e-09 6.51695e-06
12616016.427104720846 5252 3.1653157551470796349 0.14018412247366818235 0.21688835306997911179 0.45425071119436483125 4.9649126719668608132 2.4684352560919609054 2.3755503539923483736 2.2783623113652700098 2.42859e-09 4.85999e-06
12616016.427104720846 6104 3.3340774442714780079 0.06772718467887547944 0.14967977478130736757 1.0854413282551336195 1.0096668007776641307 5.3454264596508256346 5.3990055054637995369 5.4513853920414696574 1.75259e-09 4.35923e-06
12616016.427104720846 6267 1.8564929767639299918 0.13006026362546421749 0.047172258411510514797 4.6441924541532468851 5.2942091589744197933 4.2586353413079187646 4.3793461450086041964 4.5022598515239300454 1.78459e-09 4.38561e-06
12616016.427104720846 1284 1.6760797702549181665 0.097159838041820614785 0.19981516140282651328 2.6912927461261002549 2.8662490504005022629 0.71634197644434094432 0.65467759951760362558 0.59551663090314810312 3.64405e-09 5.56389e-06
12616016.427104720846 6952 3.1907054753726500351 0.13677138705880070857 0.079819435531902016567 3.5345134473387376239 3.5031029888130214012 2.2217024403824585654 2.1077569813369638752 1.9902337934407183795 2.57429e-09 4.95529e-06
12616016.427104720846 6649 1.6846594340955056701 0.21901556845250252925 0.21415057519005620268 5.8331164325204438725 5.7783434986715924708 5.8474313736523422236 5.9324157550770575398 6.0076740165772148927 1.58536e-09 4.21592e-06
12616016.427104720846 5517 1.8461249179151304478 0.13417284461893483338 0.10183614932583126556 2.6306467001709616937 4.0808936491148308789 3.6158657243751202159 3.6813219653171729284 3.7502739001764298088 2.41819e-09 4.85304e-06
12616016.427104720846 6425 1.2523047344450275453 0.088845138607591495061 0.043497656320913472006 3.8399443160308166512 1.5176837954862858471 0.1864692868379876356 0.17065753907737932216 0.1555689360533044352 5.02719e-09 6.19382e-06
12616016.427104720846 6573 1.8319453270217669338 0.1850822777046922385 0.20355572049499381926 2.3132077403331479104 4.3547167918543259191 5.4005756956979009686 5.5364980376529393524 5.6622079817893116171 2.46875e-09 4.88663e-06
12616016.427104720846 5342 2.0528607517764814183 0.33164804134923270285 0.071917815935145429362 6.1628011832979616713 4.8628872320381253402 0.023634795313849790016 0.016744408116681836624 0.011191417456534388797 2.15151e-09 4.66765e-06
12616016.427104720846 6180 3.0636505942655460899 0.13689262644089383869 0.16368890836412061662 1.6747286269327812391 4.808906621133613335 3.327963622594373394 3.3552943580105436538 3.3843263880764515861 1.88472e-09 4.46614e-06
12616016.427104720846 377 1.4161725484190368363 0.1179490603587278752 0.10366288074357145332 3.5736449438263404588 3.0524653205570864145 3.008182298354942219 2.9914577445343324413 2.9738159236704899691 1.8845e-09 4.46597e-06
12616016.427104720846 1442 0.57588605937130887824 0.067020500872322336106 0.062421057734552733154 0.55000947764586538558 4.4178501758643342612 1.3017743389612916882 1.2376853636219682375 1.1743490010428352388 7.70371e-07 3.31449e-05
12616016.427104720846 6119 3.0958309061217694769 0.13468822256491438938 0.17731615234380029844 1.779524197402815533 4.3899806539538523964 1.6107488865641221842 1.4753929136921808407 1.3413171797412490882 2.96829e-09 5.19619e-06
12616016.427104720846 6350 1.444682756726668682 0.18756772993457779264 0.13071533309689056801 2.6334774586793776585 1.4441705997545988271 1.0299445120974022316 0.87555266940356324401 0.73151985143096642794 2.60101e-09 4.97238e-06
12616016.427104720846 5289 2.0241200983548952586 0.077039547450421935748 0.077570224089940395529 0.80084033192247683353 6.1296101515450187591 4.0826804345912641736 4.1464643199765518489 4.21149287515426618 2.13423e-09 4.65511e-06
12616016.427104720846 6619 1.8212124282467525571 0.12498050099043180039 0.094028765877341533019 2.3194900625024810203 0.45453103027455571405 6.2723097687398521316 6.273593772820917458 6.2747925092100018674 6.69672e-09 6.81508e-06
12616016.427104720846 6346 1.3535935695724625738 0.067029000374378658322 0.10268942023448703049 2.8676513129007821234 2.2707653951295685424 4.6079865825620025532 4.6749348185385990462 4.7419168097906903014 2.4605e-09 4.88118e-06
12616016.427104720846 4296 1.6349756467241365332 0.10957421997732558205 0.064330014702520435521 0.41370273153953968093 3.4360377715430621137 3.4123317479683095144 3.4433661112704929685 3.4759331023779029834 2.40121e-09 4.84165e-06
12616016.427104720846 5360 1.5648807587874216107 0.11912338197767786963 0.11128649195740070166 0.34080939817232835942 4.1624300791476027683 3.6791490133455431177 3.743653402363861904 3.811117986601691765 1.47972e-08 8.87652e-06
12616016.427104720846 6823 1.8173407663051146521 0.14445415262422908742 0.19732204382712237312 4.1857227593075565508 3.6139144190496979014 5.7665393894876366687 5.8339859258777391204 5.896714344267464547 1.69817e-09 4.31364e-06
12616016.427104720846 6677 2.2687458540104930016 0.15362098488526723661 0.25960677955670108386 2.8028811423975787953 0.9141773048248071909 4.7551405546887313136 4.9087267129033955726 5.0593962675246935135 2.33048e-09 4.79364e-06
12616016.427104720846 5841 2.0405851130961454309 0.046692376765919758885 0.06426585112735075378 5.3138001194106161407 4.5300174549589558026 5.1810265203425345248 5.2222664539033845088 5.2630197618565937034 2.76225e-09 5.07307e-06
12616016.427104720846 6791 3.1362818769368630001 0.27753889277081866815 0.16793366841706458548 4.5330902697483557162 0.12622466863313300256 3.3004625409958778803 3.3525146860107395419 3.4106206691442602086 2.20531e-09 4.70623e-06
12616016.427104720846 6266 2.9633564929505022967 0.114589913985987224 0.17428656402040743068 6.0001092799449367021 2.8086159892201436605 5.2741330786778082285 5.3684732772241936516 5.459272829965759577 2.89198e-09 5.15128e-06
12616016.427104720846 6897 1.909796136197560612 0.29895893998777445244 0.087594372832827227526 1.9369374218547676936 5.666041859125586555 3.4062892855447688412 3.500128850074301301 3.6050347042564414579 2.6229e-09 4.98629e-06
12616016.427104720846 6969 1.4431478244973960923 0.065786873600534118145 0.055858081886799554328 6.19322146013753283 0.33784481691057610675 4.0440580008905246956 4.0968117509207768734 4.1505228039885952995 2.41679e-08 1.04535e-05
12616016.427104720846 6004 1.5352450544144500277 0.31479248295133155366 0.094847871853560097866 1.5823924639466067088 4.9296197701461501595 2.2385646929035654118 1.9586011450056093341 1.6671847069147243126 2.14847e-09 4.66545e-06
12616016.427104720846 6778 2.9757552763673915663 0.090437696286853497263 0.11967429754499593619 4.4893170886643867235 0.36820715358141220541 1.5064719007902946935 1.4163596104077613713 1.3269982733933403107 2.33115e-09 4.7941e-06
12616016.427104720846 5681 1.7853797336096384196 0.45748732546815057409 0.068865069753572330513 4.7312567601061585876 2.560751420390101174 3.5631468101955867667 3.816166285921172463 4.101896579078799121 1.72101e-09 4.33289e-06
12616016.427104720846 5931 2.7346876572872913513 0.13194816405806403248 0.50551626687976658481 4.0825131217745198597 1.1530178128853554309 0.70910577560449739032 0.62698800540322952024 0.54957292043546535076 2.66585e-09 5.01336e-06
12616016.427104720846 6985 2.8332198880939292174 0.19276131818153446895 0.25007998114525054056 4.5807964842376645009 0.56659014037443244938 3.5139703104364796715 3.5917827857924944368 3.6756603155025913132 3.31546e-09 5.39136e-06
12616016.427104720846 5788 1.3781285577801456466 0.14273202431744203 0.13423914967573871704 3.8866313226945425896 0.92418892728443635676 2.4671875590687970536 2.37235620534503866 2.2730736827587252336 1.43499e-08 8.78617e-06
12616016.427104720846 6138 1.5987187739087740379 0.18304560761360813559 0.071205071690599905376 2.6788307581225674348 3.1173683417391817585 5.9170009692624052633 5.9778364525108624861 6.0328647050345542979 9.57307e-09 7.67716e-06
12616016.427104720846 6726 1.5087500244244760328 0.14796325254174091945 0.14958651429010694223 5.8772902328835066044 0.64479479639403802782 3.9351182906304966735 4.0468960265885076666 4.163285771745492525 2.92983e-09 5.17366e-06
12616016.427104720846 5559 2.1378481369377033694 0.12612853901191212191 0.1465718330019196991 2.5191580841857108553 0.72119713356088344103 1.5209017317641819744 1.3949898818386350374 1.2708055120813084304 5.44342e-09 6.36025e-06
12616016.427104720846 6737 1.7674946538338320856 0.28769781871440980314 0.21150799052906640862 2.2156163917947724329 0.78012581182102558319 5.7971982353748368055 5.9185425616940987581 6.0211400780592185811 2.16814e-09 4.67964e-06
12616016.427104720846 5663 3.1705005718291521255 0.069597095093860084081 0.36868177279338854024 0.46990896481585114897 0.38438676463876508826 5.6520757892792072852 5.6920605411840288212 5.7308466741024028934 2.69499e-09 5.03156e-06
12616016.427104720846 5227 1.7811783307775868046 0.056384166300332501376 0.058634499988406682536 1.0873643891355466717 0.83878662505883705425 5.6017766721795112517 5.6365549308696509812 5.6705264176922041131 5.94474e-09 6.54979e-06
12616016.427104720846 6118 1.9790268095144567528 0.28116015325244692047 0.033588715091947912716 6.2620612822998182878 3.6963675885330542492 5.3500952623926938401 5.5617105888916675838 5.7474148053350635479 5.68798e-09 6.45411e-06
12616016.427104720846 6356 1.646172783048250432 0.076238795412043744437 0.088253226171721890769 0.017666395597615475871 3.577646436265481622 0.99703068179561304962 0.93422962587277846858 0.87292285594550111938 5.8318e-09 6.50805e-06
12616016.427104720846 5831 1.9057022620171137905 0.087680687106976087919 0.094474533904774615767 2.294840165203360538 1.5555599089267209134 4.8537313405010085177 4.9401165139991078945 5.0255334568968548226 2.32205e-09 4.78785e-06
12616016.427104720846 5138 1.7181363594657776961 0.13540320452496953929 0.13818163093650606688 2.7222557742483917131 0.37020783937974599542 3.8343123964712413354 3.9259190642016137396 4.021560918886163627 2.37553e-09 4.82433e-06
12616016.427104720846 5736 1.8743647521905031361 0.14602415316263600564 0.076598732372941458202 1.5151608254692210398 2.3865221959758891046 3.2830247320655012722 3.3053402259042137246 3.3291446138609837035 1.87923e-09 4.4618e-06
12616016.427104720846 6132 1.868444266174887014 0.25178686259577121032 0.12055541082603775382 5.6899569358474817449 1.1031251708966469671 4.6269182568113969012 4.8832955806215485595 5.1314141556661985177 6.69157e-09 6.81333e-06
12616016.427104720846 6509 1.3722452438851104883 0.51750494738406715989 0.028219325555970051211 4.944748176487141933 6.1227393208227205434 3.1586181047454893189 3.1717848531138059798 3.1874070920295598519 2.65616e-09 5.00727e-06
12616016.427104720846 5256 1.8175350567325860851 0.19302268550488904664 0.10138440979142292198 1.4423181736517620699 5.4845385578243313063 5.566547924317291951 5.6856389340215285344 5.7942365293029309825 4.61883e-09 6.02135e-06
12616016.427104720846 5698 1.9564957122378225929 0.083768835377504707873 0.058699104534164998903 0.38324544173522584467 3.477686874668646233 5.8049432561238489825 5.8421718978351417917 5.8779291387172643013 4.80918e-09 6.10296e-06
12616016.427104720846 6504 1.6448167412073684268 0.17350939843831442166 0.10708404442956739877 5.8902318827043300686 1.8016497183939592652 2.9954534944471862268 2.9675855157757076164 2.937545772168001168 2.41361e-09 4.84997e-06
12616016.427104720846 6076 1.6762284065839201386 0.1190774242910335734 0.053240530775449775025 4.318807228407712806 3.750884620013577031 2.8727457625516192863 2.839066407499992728 2.8035893518093146781 2.07184e-09 4.6093e-06
12616016.427104720846 5828 1.6650706282106491063 0.29020644481767776668 0.019696935520369714817 1.1902485321004820928 5.9235810871759184693 2.2579070018599254333 2.0061510035503724581 1.7430148647691203756 2.18531e-09 4.69196e-06
12616016.427104720846 5964 2.1899868100242065871 0.20390143353774953239 0.15013428565756620214 2.022080582436629026 0.89912855567825900049 3.09124553083041409 3.0796856590160643918 3.0670707953743412411 2.1711e-09 4.68177e-06
12616016.427104720846 5425 1.9418839009931994077 0.048266282754218729767 0.080480677035036640721 4.171305053211272984 0.36350426688042825063 3.6466411616160083753 3.6705117491818834985 3.6948669364120432235 3.49187e-09 5.48533e-06
12616016.427104720846 6143 1.8226295743516962578 0.14801068359593796964 0.10860030892497644917 2.5412328976309512818 6.252635259224576636 5.304018296071366656 5.4224909548232318457 5.534726775591292558 2.16561e-09 4.67782e-06
12616016.427104720846 6182 2.0279798142752714085 0.064708797850485791359 0.1976455138200981787 1.262254011070667703 2.0092555161127734209 4.6005314864524748941 4.6651144530824248946 4.7297509561693846791 2.64006e-09 4.99714e-06
12616016.427104720846 421 1.3810901811169393749 0.30656303350082148018 0.13751912848751454699 5.0292417325493117275 3.2683453225873231318 4.2289989192669352747 4.5268151824815392459 4.8281146944520587638 2.69558e-09 5.03193e-06
12616016.427104720846 6415 1.6056013686953043429 0.15790997625734151666 0.19301520363517873924 1.9304150141503542137 4.0403668282430489356 5.3862221365684614938 5.5043943341113479306 5.6153133635913317079 2.43409e-09 4.86365e-06
12616016.427104720846 6920 2.2753158591094679863 0.12633021603912603092 0.38336647946655982855 1.8979297981081693081 6.1566758586211172144 1.7099229725638196431 1.5833648797338863989 1.4570446416622266916 4.48089e-09 5.96081e-06
12616016.427104720846 5689 1.7530361210683562678 0.097857074723283504758 0.21334320641429210808 0.92062314035859804662 2.2351600177982611228 2.5054244646840033717 2.4447709846005416523 2.3819679271371860807 3.02594e-09 5.22962e-06
12616016.427104720846 6098 1.1152613346251964987 0.21575320709747852765 0.11827575348777123743 5.6674662247826930184 2.9727154810799616413 4.3050848701434425436 4.5138473609908613682 4.7253621548037560984 9.90655e-09 7.76529e-06
12616016.427104720846 5578 2.8781044242099849129 0.094004020324130868613 0.17825406464470816559 4.0236476305609789605 2.1594995483153027749 3.3793066730138439091 3.4025553693120769161 3.4268094209944814921 3.04211e-09 5.23892e-06
12616016.427104720846 2992 1.0667470671930383563 0.13730668936449624828 0.14520528240216645788 1.8512880058836012065 2.8645865951744604594 5.76922779730771218 5.8331876393042030315 5.8929110284426649002 2.07761e-08 9.93967e-06
12616016.427104720846 5643 3.2598355596105932364 0.030128755171001192492 0.087095410407343643033 5.3118203114294333389 0.74415044101340377392 0.58126423838900354024 0.56492350615740738462 0.54879404066247572391 2.47115e-09 4.88821e-06
12616016.427104720846 6683 1.5167467331782711337 0.17032623842426497518 0.094772890570346837724 5.1851185701784228144 5.7194988095885923585 4.0956239360467883159 4.2426333940386182775 4.394509716011729239 2.07491e-09 4.61158e-06
12616016.427104720846 5234 3.1240520696342208851 0.1508230380600827647 0.054696795417615351464 3.0898189305700158869 5.9228923020147741241 0.97048994105002539534 0.85060679420989937505 0.73723602123769804706 2.35138e-09 4.80793e-06
12616016.427104720846 6292 3.3346851770927532499 0.030074673829675765274 0.24976668935122753323 3.79245231042617581 0.56564067536442619311 2.9492821223968399558 2.9434465933006741523 2.9375263334255334868 1.7586e-09 4.36421e-06
12616016.427104720846 6557 2.0051144304430259524 0.070548337346632863931 0.046994163242427444693 2.5264117350880317403 1.8757608017615285956 1.7013773663051010576 1.6310478374130508161 1.5606275151901429776 1.93092e-09 4.50234e-06
12616016.427104720846 6401 1.5424938233009974908 0.23146915504402634789 0.10893220918512713791 2.2298207109773668932 3.5345498808891688824 3.539712847620065439 3.6416292359308322091 3.7526088912752579851 1.93159e-09 4.50286e-06
12616016.427104720846 5864 1.9918877126306366865 0.14071300887530249768 0.1495625728259942222 0.98209168227383403238 4.3801654896818904561 3.4603100823119121721 3.5078035105107252534 3.5581900420008634178 2.76427e-09 5.07431e-06
12616016.427104720846 6243 1.2191569191923508075 0.18525662806425827189 0.20768259736682831429 0.50814224731378443423 4.9328918841961719721 6.2198676719625325404 6.2306834988385881857 6.2404053391043792232 4.47711e-08 1.28386e-05
12616016.427104720846 1707 1.2791003303385433121 0.28459106003949918851 0.19022026641346700959 2.3879880476932884292 2.0571842277717200531 3.5476774095956185029 3.6799585195892077216 3.8258779453346254407 4.20296e-09 5.83493e-06
12616016.427104720846 6135 1.4981855386966078658 0.33955305963719228934 0.05488568742526614419 6.0104452685335889583 3.9547872984022078846 1.0067136468021011808 0.73790830090349646131 0.50947676991460444373 2.38172e-09 4.82852e-06
12616016.427104720846 6402 2.9744278704316799988 0.19960556126946199518 0.23823679485895296604 5.9893487932644360328 1.985952805744946259 0.18627983887482560399 0.15230577544285256453 0.12202209529275744038 2.16272e-09 4.67574e-06
12616016.427104720846 6658 2.700917614005024614 0.31264355296612744706 0.64501328388249445922 1.1451211509295811108 4.2818839213104560315 3.4982176356269594208 3.6297774631874974993 3.7764146402718572482 2.90725e-09 5.16033e-06
12616016.427104720846 5886 0.88381596341377066661 0.18581300810601233953 0.22024346591276985907 1.1222706144001117767 1.6916810589643918039 2.9664599298315055265 2.9304829460000010322 2.8915467407097468211 7.52132e-09 7.08405e-06
12616016.427104720846 5118 1.8575075081955800815 0.30057427749380766224 0.06072338511214642881 3.296171305279626651 1.3993166185498420173 4.9566175172330542154 5.2425035010985636674 5.5018237097755386955 3.95744e-09 5.71902e-06
12616016.427104720846 6395 1.6266321869496411789 0.1231641725820352834 0.12416262775720662836 3.4224838730496114358 5.3153005571980891375 1.5982588360869041111 1.4746182316328126927 1.3520232682866581975 2.27089e-09 4.75243e-06
12616016.427104720846 6129 2.097396785976215039 0.21092477159408640208 0.015937360204163756455 5.9980999109756174548 4.5755518369587608873 2.1726067291226107692 1.9860032895087413873 1.7930001934372330474 7.14833e-09 6.96495e-06
12616016.427104720846 6850 1.9122227423804856183 0.4132872178566520116 0.29133760658024571155 4.0600551381032587983 0.11211956495166115755 3.387403782428788368 3.5204365692805317245 3.6732894445895043489 4.53979e-09 5.98681e-06
12616016.427104720846 6099 3.1352520797973850719 0.28516295695741178395 0.25829204789439746959 0.41808070652452911098 0.74084106489425549658 2.6281947379398373776 2.4647601599874064959 2.2861549271060543909 2.8329e-09 5.11596e-06
12616016.427104720846 4427 1.695310231036206261 0.31090791075158391576 0.13020247081359492825 2.482569334782902537 3.6006244509099309958 1.4273960793290569882 1.1213008808028759322 0.84127655613539031876 5.29375e-09 6.30141e-06
12616016.427104720846 5240 1.6669090307479477175 0.14334448412679187679 0.21314086401341172938 0.95578835896142333439 2.0692517835321244668 3.1646363425717458639 3.1682140612810196778 3.1720296425126601747 1.54708e-09 4.18172e-06
12616016.427104720846 5494 1.7259545802745956955 0.16525219501643875764 0.13324313578330565511 1.5633759205212289789 3.9398677892566502656 3.509892043239448256 3.5748179404254702973 3.6441908621913032817 2.97785e-09 5.20177e-06
12616016.427104720846 5346 2.737074489978053915 0.21548038482023715301 0.18004083153385586069 4.467373567011440727 3.0614111045147978096 4.3294297531913903399 4.5394900370268889134 4.7517576472744966765 2.35234e-09 4.80858e-06
12616016.427104720846 5818 1.4930168383147437439 0.25370687381197915 0.099495715594968253681 2.3709293858675115629 3.2569401431652953427 2.9011440159008916595 2.8309557624951966481 2.7534064236882844767 4.47796e-09 5.95951e-06
12616016.427104720846 4859 1.6648608627050722752 0.096427448932008358318 0.17910818868543221249 3.9701748663947364903 2.2834855906941187165 4.759988450204430066 4.8562357722707716334 4.9516673067182317425 4.26554e-09 5.86374e-06
12616016.427104720846 6997 2.8549339166545419921 0.11860527402899227745 0.1443624105159158344 1.7499143746662821908 1.6878991319654996772 4.6320734118031499094 4.7511433848752702147 4.8696596031913124136 2.77488e-09 5.0808e-06
12616016.427104720846 6793 1.288255951716665626 0.070610703297124363664 0.21098356361533357473 2.0231060744302697962 4.6011692101035874813 4.8179728580297016549 4.8879885272946950181 4.9575133774970661094 2.0508e-09 4.59365e-06
12616016.427104720846 6702 1.6885049112577923403 0.071548805558206182709 0.019462392302836674374 1.8289737459436130607 3.253025711063957548 5.7863079523630407408 5.8194122683504110327 5.8514178935926972613 3.70623e-09 5.59535e-06
12616016.427104720846 6411 1.533627332429266632 0.088216551087355932204 0.053422545130066070862 1.2404398351887258034 4.3055182313412494466 5.0629974973859352971 5.1447223688304530853 5.224822163970216593 1.36815e-08 8.64758e-06
12616016.427104720846 5401 1.8079466303759992307 0.044684977368686672194 0.062186880416713996578 1.9912808195161750824 0.93575283079258719798 3.2783839231077003262 3.2846184813381267276 3.2909878196674440254 1.17442e-08 8.21848e-06
12616016.427104720846 6117 2.0648288883512595504 0.17131389174230021721 0.12303017041667571596 4.4625695283504658306 4.9983748279437190121 5.8117982832390273629 5.88454734570468041 5.9510451388277800788 2.17631e-09 4.68551e-06
12616016.427104720846 6758 2.7009122575198625249 0.19591838004361283865 0.44602000019666737662 2.2773228924568065246 4.6814603571032673557 2.1421153371608299132 1.9667448378782421692 1.7859844367327455394 3.169e-09 5.31077e-06
12616016.427104720846 5902 1.9138178851611558073 0.081484201169163494871 0.10254132345801794668 1.3152213686437168594 1.9958343757061389745 5.1819991668745188917 5.253433092723880371 5.3232790193715970872 6.63699e-09 6.79476e-06
12616016.427104720846 6272 1.8030918516926750517 0.16965530378123014343 0.076072028206103245451 0.67797047841264357348 2.7286639355606014945 4.7527515543071920945 4.9225107730915311777 5.0884345964450838906 2.92426e-09 5.17038e-06
12616016.427104720846 5691 1.8130500109993863411 0.18035095626712505101 0.063445953496978499397 1.5209543837962926638 5.0565045949709332973 6.2032513687784192058 6.2165644434796867301 6.2285706940517044927 4.69105e-09 6.05257e-06
12616016.427104720846 6501 3.0444597207929602334 0.29898227157734069692 0.46831310083967120361 0.27192900125738395101 3.9147609568176457984 1.8250343024177557716 1.5194392647948595787 1.2208511965808077626 2.93548e-09 5.17698e-06
12616016.427104720846 6414 1.7162147700412173634 0.2387480791988564055 0.13968696624981702392 0.020212646073618053405 3.5033717671283475248 3.5128270414984044123 3.611808075177502797 3.719979658083790941 2.40884e-09 4.84677e-06
12616016.427104720846 6692 1.5183380518966851369 0.089490611217796584009 0.13960477748280000765 6.0335005404196833112 4.9334761717317219265 2.4261679630001142804 2.3653081882874773534 2.3026080997310378606 8.86651e-09 7.48344e-06
12616016.427104720846 6140 1.8336826127035050771 0.080132712444913017924 0.035944988609297234827 2.9337988563339050252 3.6415023398944734723 1.3692935382154396429 1.2913218196954683314 1.2142982141399796259 1.67728e-09 4.29587e-06
12616016.427104720846 6655 1.6363044176137404584 0.047601765730826667289 0.20084175876439866459 1.0771824848482856041 3.6902717598526266762 1.517296717418886054 1.4698055182000648866 1.4224462948382528005 4.63012e-09 6.02626e-06
12616016.427104720846 6121 1.5638811831008432307 0.075540870750463173788 0.1634045610065539833 6.1048512594496608941 3.3638583981597269812 2.5944153967217227219 2.5537486708815140268 2.5118561055034134277 1.90564e-09 4.4826e-06
12616016.427104720846 5251 1.7079426052383310797 0.33034510879206635536 0.0839931077733099829 0.12447543616039571934 1.696589351851587546 3.314742132661576246 3.385044076414307046 3.4646749878376055243 2.36533e-09 4.81741e-06
12616016.427104720846 6394 1.4339986938986775122 0.16015420967362054006 0.1218374005346161415 4.0396719574837209876 4.5502012201688515347 2.9856131801843872609 2.9584074214184741258 2.9292333413265048137 1.34783e-09 3.99388e-06
12616016.427104720846 2182 1.5280380030543754266 0.25391790101416100711 0.036433634389352029248 3.5249393948217124795 0.34208016240235555872 3.9638417073265856949 4.1704580924309517798 4.3879932004481032592 1.98345e-09 4.5428e-06
12616016.427104720846 5176 3.0874590063315308086 0.13058687633068072342 0.092089381651179802457 1.7191010294526101188 5.9484207819333914102 5.3481181698946009817 5.4496033039237703477 5.5462825193881091224 2.68297e-09 5.02406e-06
12616016.427104720846 6907 1.8385298596840400354 0.34255357000279368362 0.099371674537892668022 0.96547228751385494316 4.5999159492337700073 1.8443183143564709781 1.4908965095181081484 1.1494357856443779831 5.67218e-09 6.44812e-06
12616016.427104720846 4971 1.8224294478490534743 0.11261209182682765939 0.11264316585194314446 2.0177707969046942971 6.058290089031753034 5.3969270750778841617 5.4813789108735360145 5.5623034744959536368 1.60974e-08 9.12926e-06
12616016.427104720846 6105 1.678637264818647834 0.1577702934104619481 0.064036057123105546984 3.9173319032683369123 5.1532305918562810731 3.265110355885622706 3.2863426455869340082 3.3091002279972823175 1.02968e-08 7.86594e-06
12616016.427104720846 6126 3.0367331860239921149 0.26436336046539549161 0.20782549945248124379 4.6438139151016635253 2.3894176253266135035 2.8875956044798476441 2.8098750545255493094 2.723780507483765323 3.04059e-09 5.23805e-06
12616016.427104720846 6186 3.2568901907363625448 0.02051563281551339879 0.23487141941491321284 5.9574345328433482294 5.7925767300159227702 5.8122458769018896518 5.8214708821170768616 5.8306102614880845891 3.14704e-09 5.29848e-06
12616016.427104720846 5890 2.0675686506257839881 0.40556091774574615227 0.45806154189105235952 5.7049925676211632464 5.8022105647416637453 2.4933554533595114755 2.1878900605684732383 1.8571293141442688501 4.73576e-09 6.07174e-06
12616016.427104720846 5345 1.3260710472506684887 0.21746845516500434847 0.10586561014239653788 3.4735795456622797772 1.400955990995317979 0.014609211253440392356 0.011712553743701904427 0.0091655010117316932511 2.62039e-09 4.98469e-06
12616016.427104720846 5160 3.0188003929843265638 0.092202731291964115656 0.24725919836826945608 5.8205982078432398907 1.0248167808563786174 1.1646615924028895783 1.0813480517295042116 0.99997062364439548432 2.48083e-09 4.89458e-06
12616016.427104720846 6162 1.9390462068947855734 0.088261439937907359976 0.10067305927791297959 2.7180605308218792615 0.60232682412723215215 3.1435718139422039741 3.1437549359936207694 3.1439457820034193425 1.62993e-09 4.25507e-06
12616016.427104720846 6691 1.683523966012321349 0.32324594368187031801 0.028838174624193340517 1.8836830463499159016 3.9567486415147472556 2.3206301437384908581 2.0482255842723846584 1.7611252910315320364 1.99622e-09 4.55253e-06
12616016.427104720846 5888 0.91813213813299410226 0.16269508690949635588 0.10842227412994373537 0.55258944779097640687 4.7912181966957714252 4.3026520464221427176 4.4576362609590471919 4.6150804683061821265 2.79797e-09 5.09485e-06
12616016.427104720846 5767 1.5197586376900467098 0.30226852608414733758 0.052428894471037060243 4.1823409509375419901 4.4680055050836884334 2.8628181315976357624 2.7628457099763341631 2.6510799548806969206 2.8735e-09 5.14028e-06
12616016.427104720846 5210 2.1280607007025347244 0.2666812035502010847 0.05181354827361117632 5.6507497330083946707 5.2276986391319715253 2.2266673953877993419 1.9930528917922882837 1.7497952375037650885 3.1045e-09 5.27449e-06
12616016.427104720846 5710 2.0421494095442107586 0.22279884730198812326 0.1539949694370808253 1.5164496566887284423 2.3360655919023920468 5.8250648457011653392 5.9156234058553964772 5.9956842228944866591 2.11851e-09 4.64366e-06
12616016.427104720846 5724 1.9119656082151745835 0.21373845914112837852 0.12325514891431695041 2.8173417854776259261 0.30120385071512384423 2.9537599022627700762 2.9085911063535108134 2.859239110332115974 1.39525e-09 4.04018e-06
12616016.427104720846 6474 1.213654812350969836 0.13861840296560659636 0.28752922223554455705 3.6522699650775249935 1.1670296024574842164 2.9634022934436812236 2.9368979274475930374 2.908721204666783855 2.46607e-09 4.88486e-06
12616016.427104720846 1588 1.6740702148375103953 0.10215205900482766943 0.10872067623231622402 2.17743109393602019 6.1029500441700434976 1.0932711961626704333 1.0044584745608176046 0.91825525946465103022 2.82908e-09 5.11366e-06
12616016.427104720846 5364 2.6855433427746921993 0.12297881765477562677 0.04464795618207500344 1.7199433213707411294 2.8466717473495783963 5.1061133460618730595 5.2173634213188755382 5.3249928641053045908 2.91675e-09 5.16594e-06
12616016.427104720846 6586 1.8106236865153084725 0.27650730691710778686 0.099856740562418097595 0.17238092524407064299 1.5685051378642136388 6.2520943418390544366 6.259777820512318236 6.2662495705847058858 2.89513e-09 5.15315e-06
12616016.427104720846 5219 1.4108485449860563854 0.034554882501209312207 0.12913658550211665199 3.1608121239391389068 6.0412667499675096749 1.0733491368841303615 1.0432238518557797047 1.0133673372262295143 4.41937e-09 5.9334e-06
12616016.427104720846 6707 1.76097376983904641 0.1705369066667536404 0.040204769461354705751 3.1908956208610326222 2.8090479110490464976 5.5137374464674380192 5.6261972730948528465 5.730350070216567282 9.44992e-09 7.6441e-06
12616016.427104720846 6100 0.88640257468809779962 0.22216832562676910867 0.092073479295607218997 2.0980594675975550167 3.2374394212532533466 2.6948652784495212842 2.586801884440556254 2.4697712834660126013 4.52552e-09 5.98053e-06
12616016.427104720846 6351 1.3076496520740692464 0.30640325515525934641 0.19586554210188558689 0.74618511742129822739 3.2690486035661039388 3.8638876063992513288 4.0980779216985574465 4.3484616975537235817 1.91819e-09 4.49243e-06
12616016.427104720846 6895 1.8246124174796753969 0.21974862801094804943 0.15352560321382643926 5.4941443769239288741 3.1488405818343903064 4.5012815600646387537 4.7230875755926042814 4.9428236275161827606 2.5437e-09 4.93558e-06
12616016.427104720846 4732 1.397432877132031237 0.31101928168879516834 0.19585113017404368052 2.0840256299154003017 3.0767781013553179292 3.2191554865410165753 3.2485371086216421332 3.2817355292974497161 1.92787e-09 4.49996e-06
12616016.427104720846 5872 1.8491033946063097915 0.14401388550356686302 0.19383789696878328535 0.5876601973795056999 3.4475528886392639016 3.5904262268142606018 3.6576005561463826865 3.7286587021492736405 2.5416e-09 4.93423e-06
12616016.427104720846 6828 1.5040953473979843391 0.28877394580607224084 0.092117145795378163609 1.1085443508365540044 1.5313101702946934068 4.8356447323173314956 5.1212906610796622431 5.3862575254265223634 7.8219e-09 7.17719e-06
12616016.427104720846 5692 1.574703363016842772 0.2032475354509143961 0.1769713612842153394 2.0146079298508432487 2.288260484611531087 4.1590145432332308317 4.3431988757236599241 4.53275157403628004 2.38697e-09 4.83206e-06
12616016.427104720846 5921 1.7671843104435176475 0.15838591678517685568 0.12980300558554591639 0.716841128435362962 5.2623927624469359898 2.5421566695205921604 2.4459716922895129443 2.3444681376605895906 2.32801e-09 4.79194e-06
12616016.427104720846 1123 0.73105102249409714688 0.063224173303575798011 0.062585276845039977678 0.74671662061190824389 4.594172908459976945 2.8046199094502952676 2.7830517657886160166 2.7608658798618987973 2.17939e-06 4.68772e-05
12616016.427104720846 5717 3.1754949459636723219 0.12631948939127810028 0.20468456579437263598 1.7832988762503647617 4.4505784620518076267 5.3155551971644552367 5.4162911744857993313 5.5125873644530534179 2.31886e-09 4.78566e-06
12616016.427104720846 2895 1.4886891909152157876 0.12700068143226511674 0.041519125511787054184 0.69324936143272508637 2.5122291745337346214 0.6543989821022599962 0.58055257576229024608 0.51089447212102079288 6.05854e-08 1.42006e-05
12616016.427104720846 5459 2.973203574636368085 0.19802204084671770623 0.18994737258362673349 4.3665400822141213766 4.3180128919570206492 0.69259434911840411786 0.57415047950989628323 0.4666004153201435134 2.51526e-09 4.91712e-06
12616016.427104720846 6313 3.2145734189495964728 0.12433815213640718456 0.35973642266928990141 4.5283138774191780129 2.471250058344301781 3.7128114519922621461 3.784007167444143338 3.8585019305404082424 2.33149e-09 4.79433e-06
12616016.427104720846 6204 1.6711372410215870055 0.19077859389256793254 0.15395773341484225716 5.6642135673497220338 3.9608197370321613917 4.2618677303257506139 4.4422954848162099495 4.6261575827797285498 2.26769e-09 4.75019e-06
12616016.427104720846 507 1.7273698084000272956 0.30866061823677104492 0.12948100818436894532 2.3946250532080362028 4.6336929205484356231 2.3913987933714095924 2.148662918561171864 1.8901195544595497111 2.42673e-09 4.85874e-06
12616016.427104720846 5371 1.3875351182719197762 0.10068109342175061982 0.15398019396572382167 1.4722495430672846162 2.404133814127633606 4.0602250958376657763 4.1429351232408384575 4.2277282936783411316 2.54912e-09 4.93909e-06
12616016.427104720846 5623 1.5141431781762890729 0.11090486405992834584 0.12938113773229881209 0.50502658015522527979 2.7448499689185332784 1.0423418613244495035 0.94895831125434271236 0.85881382509116510615 2.3084e-09 4.77845e-06
12616016.427104720846 5151 1.4469323977372958723 0.16630386480292411178 0.075813041096515057515 0.92293169007720632369 4.1454354317382140493 0.37966365020074072101 0.32209251921293163834 0.26944867095620395059 2.88747e-09 5.1486e-06
12616016.427104720846 6332 1.9501009893388032701 0.28221148999783424172 0.099248961396283572056 5.3732332929128983068 0.7203953055667510208 3.5965633452005896231 3.7417064341712422681 3.9010815285538775754 2.19525e-09 4.69907e-06
12616016.427104720846 6843 1.9150020508482856751 0.1559679968734325739 0.1612761546701243498 0.27719252897073137776 0.24788846464884684018 1.2978616872548327521 1.1501415935013150627 1.0077706104886803296 3.16465e-09 5.30834e-06
12616016.427104720846 6609 2.7391618115390521382 0.18860689037859548756 0.16973456713173751265 6.2603443570802435048 3.1854359501750999506 1.6352090374641021775 1.4446968652781666531 1.2575875150249515855 2.84425e-09 5.12279e-06
12616016.427104720846 6404 3.0476701621122899155 0.22581348738034781598 0.2330914127684467485 2.7009541354076116448 3.8024647324364893031 6.0804405974107673671 6.1218579563690447287 6.1581300297300822777 2.07676e-09 4.61295e-06
12616016.427104720846 6730 1.7679545885007523776 0.16243061329641270141 0.068708061677282994406 4.4428488080212682476 0.80681663215036680814 1.0286308488782021087 0.8944353348862305042 0.76776288743117504509 2.57888e-09 4.95824e-06
12616016.427104720846 5328 1.9618639633756689289 0.52556559189732421356 0.34690384925668060756 2.1906933591672017592 1.5059458495433180047 5.0378278740759929732 5.5215159355863532298 5.8842247830650888929 2.1043e-09 4.63325e-06
12616016.427104720846 5285 1.520457823006162057 0.053138926536708722126 0.065066454344131302578 4.9757844219688838194 6.0317179337563855412 3.0894467828249250196 3.0865995055155019955 3.0836787013847599681 1.90393e-08 9.65459e-06
12616016.427104720846 6171 1.733653125299348341 0.14548439844654301178 0.12702103603179687452 0.47207747406286892922 6.1164110431602400908 1.5098043820572231155 1.3647168086368139939 1.2223107640943986496 2.39216e-09 4.83556e-06
12616016.427104720846 519 1.9320790076808449509 0.16293998469125167694 0.033436985319899331648 1.4999990523888446781 1.8862393270173338777 6.0227149801598711676 6.0618528879069488724 6.0976230593308189398 1.36877e-08 8.64889e-06
12616016.427104720846 5303 1.2797329115993028026 0.38533019237334081852 0.13832004536191250255 2.2605905438295130772 1.5780143800623704919 0.73108511113591234665 0.4992614500988615811 0.31477411277849959292 1.73716e-09 4.3464e-06
12616016.427104720846 6124 1.704071397583451164 0.021304836084316616795 0.041830517566198453794 5.176688425153797013 3.7867520843214745874 0.86586909170589998475 0.84975184989808161262 0.83374943370306031643 2.21026e-09 4.70975e-06
12616016.427104720846 6809 1.7653787298204526302 0.13793429742604215726 0.11373366746480260969 4.0924518163704757256 3.0684809994948318845 6.0677122013365307751 6.0954648653600722596 6.1212061460744262575 1.72631e-09 4.33733e-06
12616016.427104720846 6763 1.3876747067748123055 0.60282046749839934829 0.11358854632870361845 3.3065805258844274128 4.4284105228604619953 2.1198057489905619555 1.4523766095475167948 0.85377794983430199682 2.58565e-09 4.96257e-06
12616016.427104720846 5569 1.8674999217134897744 0.33037197311804922251 0.044777086270648247535 0.21563423318449354005 3.5154691769146753089 4.465981389022629422 4.8065556155474862265 5.1354639079134392077 2.77052e-09 5.07813e-06
12616016.427104720846 6268 1.7194761726607676877 0.1072547932192411263 0.14072743451807062653 5.9537607591087153835 4.9460662372888144489 0.74864790989968088564 0.67823839230147209278 0.61094434636582728437 2.30383e-09 4.7753e-06
12616016.427104720846 6061 2.016411139027319166 0.24565973804155183391 0.17034056205042277798 3.5460992713102923446 2.9762302427039810659 3.9581172107608852961 4.1562623312043633916 4.3649026749115105162 4.03777e-09 5.75746e-06
12616016.427104720846 6189 2.0973280509170173502 0.1199777519193025721 0.069620518662216121508 3.352670623701628827 4.5328144585635881114 0.64259455262169373757 0.57377953271601200846 0.50865438770196891305 2.99935e-09 5.21426e-06
12616016.427104720846 5249 2.0020847630364517755 0.15990711398517762354 0.13214788731671522903 4.6126498865961860218 2.2283696503581800208 0.98283407838685310498 0.85481516279014291282 0.73417330306424721797 2.29779e-09 4.77112e-06
12616016.427104720846 6732 2.0658394162373521219 0.16414658619550759333 0.15129763425608611094 2.2391393035801709921 3.2650123617359207984 0.16511599496434214984 0.14000014132662091937 0.11709459245937110794 1.92356e-09 4.49661e-06
12616016.427104720846 5002 1.9605557662986143885 0.027040238054756127878 0.12833239180399796942 1.7445198622154818313 3.0697020477547223294 0.038663149675534635996 0.037631695822954280839 0.036614365963526983305 2.79003e-09 5.09002e-06
12616016.427104720846 5196 3.5425938705753656777 0.088797244317857626505 0.19921548522826681982 1.5149995325740268637 5.8100538258272695913 3.3409824041303779474 3.3594083564935770525 3.3785972149313359125 3.02458e-09 5.22884e-06
12616016.427104720846 5625 3.0361928858115625474 0.28188253700829202231 0.066517307872429959348 1.2910402542931715963 3.5938186278679271624 2.7197464887366269437 2.5843524111583144887 2.4352799704477350318 2.295e-09 4.76918e-06
12616016.427104720846 5412 1.8240317276980970718 0.14768110608255669014 0.046336081192946070029 0.29074748030492969519 2.2129366009992215147 1.9492310302267641386 1.8075879417369726809 1.6640277859842593777 3.18558e-09 5.32002e-06
12616016.427104720846 1960 1.5376180085416650822 0.11980936071672919352 0.13633850197891836387 2.0640580154348664443 1.3236760555035045339 2.9355968261136515807 2.909465781700169007 2.88190389345861675 2.62083e-09 4.98498e-06
12616016.427104720846 4112 1.3981775625362498072 0.083357960555645274625 0.14227813248186205186 2.1005961840291473841 3.4481024094391945489 5.0705877871724087669 5.1476247716316949621 5.2232113238913298048 1.73305e-08 9.35665e-06
12616016.427104720846 5115 1.1003979516807991246 0.15350312503017568555 0.07760144397849255693 5.0167041342284814931 1.9683172153956030037 2.4459488285537336338 2.3408471850634016143 2.230651088588521791 1.07577e-08 7.98161e-06
12616016.427104720846 6912 1.640445536439216756 0.048739887139877965949 0.1436492041128543673 0.73471330899328590736 6.0519651362834316899 5.3225047148470192582 5.3619189421311661548 5.4007338369249469068 2.09119e-08 9.96126e-06
12616016.427104720846 1487 1.6074924371779644172 0.090854768305332483935 0.05121670802537914291 1.4617321122263688959 5.2475956396691110228 6.0024784733084697308 6.0266424176816855152 6.0496957344528032863 4.32124e-08 1.26878e-05
12616016.427104720846 5367 1.7654948129496745857 0.23095096756379931979 0.13258041912651136185 0.1282577546114157252 0.60919565770838712826 3.1573941689585902637 3.1615837527129424522 3.1662004088805693058 2.85701e-09 5.13044e-06
12616016.427104720846 5016 1.8415562381834418293 0.29059990536874164002 0.091346920626611996519 3.7446879306201110715 2.6927549409721391882 5.4709386472407928181 5.6659170063556443253 5.83411905746363324 2.58541e-09 4.96242e-06
12616016.427104720846 6362 3.0357296509102407178 0.065215996434077008748 0.16890956954170896487 1.9329124769237056025 1.2217059107417054253 4.1545963174502178461 4.2109451473227945684 4.2681323657166396757 2.92709e-09 5.17204e-06
12616016.427104720846 6813 1.74348562093793924 0.2036394204976718636 0.062165149309718989445 1.1816993194452494187 4.8049926034634564687 2.0838081098456471274 1.8955258366584473162 1.7025292106452862839 1.73747e-09 4.34666e-06
12616016.427104720846 5654 1.7987119699169791254 0.16676495783963513064 0.20492170100316423054 1.2565506059359927704 3.6024027927760489121 0.20082291992895470734 0.16987218224230990482 0.141679503418093794 2.37573e-09 4.82447e-06
12616016.427104720846 1465 1.5182971417982085161 0.25090996396932296886 0.15931990764113168613 2.025349221529020749 1.2490495121090601227 0.55947119334042072492 0.43748797349596862949 0.33118611242987744392 4.65109e-09 6.03534e-06
12616016.427104720846 6017 1.5309011517555395354 0.27993210655170303047 0.093065297576553143721 4.7083704365046985529 0.37319960567543497554 3.7799454833401147091 3.9716143998244510804 4.1781891912664610444 5.44323e-09 6.36017e-06
12616016.427104720846 6976 1.8623536491370886736 0.20057299678738671478 0.13465617265160553795 1.1833704789350758535 3.6470514589725473442 4.5341901977266747537 4.7365666707272975344 4.9370810468236454582 2.49674e-09 4.90502e-06
12616016.427104720846 6716 2.0459439813017707976 0.032717232758696014605 0.14203409714835082966 5.4934243662349180326 2.3329509830706269824 6.0820768340888076153 6.0885108533900211825 6.0948399087690701137 2.33978e-09 4.80001e-06
12616016.427104720846 6906 2.0394544402583782983 0.54329883919238763923 0.56172770819989714663 2.484102770627413026 2.512565349573145479 2.5121930020456684218 2.0631252583695758318 1.5843516256762963934 2.85032e-09 5.12643e-06
12616016.427104720846 5804 1.8755578548509772574 0.15086219983505300135 0.11690483232767284738 0.066382936602543934912 2.809924692784322886 1.7650166982449386754 1.6142131444563720954 1.4634931114231206628 2.60554e-09 4.97527e-06
12616016.427104720846 4318 1.7790418831269414479 0.31386606372331338211 0.10391525647977724323 2.3903238297372060295 2.6570381542303187494 4.0362277287843362217 4.313728814028309877 4.6029821045738099627 1.32396e-08 8.55345e-06
12616016.427104720846 6760 1.8633414565956936126 0.099277467343630951269 0.16832189118381934989 2.0586417265000322985 0.63774166523478981183 2.3920517763903408337 2.3217120697066380153 2.2491338519473229596 4.55433e-09 5.99319e-06
12616016.427104720846 5747 1.2303583364790990906 0.21276968086100611632 0.15493045960340329215 3.3788065889560017219 4.8009177396474376209 2.9848778979013532719 2.9472943706192542557 2.9062132113997343197 2.03788e-09 4.58398e-06
12616016.427104720846 5262 1.433608184206032421 0.17073678208301906745 0.03202358534883139457 3.1716456317795569397 0.74724908315145077697 4.1083966896019941117 4.2569608938031784362 4.4102949568175349171 5.08958e-09 6.21934e-06
12616016.427104720846 6225 1.7126118274404018571 0.070341191751459225534 0.16606164742318677008 5.2686232768092491341 4.4984822925753800149 6.2729445264470129473 6.2736412234469582927 6.27431255547889144 2.38341e-09 4.82966e-06
12616016.427104720846 5131 3.5480083686153331968 0.12542996008559581522 0.23389200310599456145 3.9993410946436513953 1.5846491284665733534 1.1730485533081140836 1.0598368458514482171 0.95042733845955384986 2.25296e-09 4.73989e-06
12616016.427104720846 6576 1.3561019377670977537 0.45384288490802326965 0.22634744798566761026 1.026114463564052226 3.0076758675795964848 3.5092044233603592041 3.7305771218188041871 3.9826945095689403331 9.90665e-09 7.76531e-06
12616016.427104720846 6342 1.195114708141201243 0.21907876221221408986 0.042128635678579239021 4.6240874653138641648 3.106865767279989754 3.4623646402305410241 3.5404731686698780457 3.6255605085180873104 1.70662e-08 9.30885e-06
12616016.427104720846 5048 1.735690116448072029 0.25297266625959924369 0.10708325179578487285 3.7056759367067306776 4.3615916313254139425 3.6784980809275307223 3.8260961101334669543 3.9860477927357993444 1.54672e-09 4.18139e-06
12616016.427104720846 6746 3.0100779952658403005 0.25782261076574192193 0.25908141593088129806 6.1463745394011812806 3.1410423143861851969 2.1934476983177106924 1.9637822944842748818 1.7256135766271059051 2.1751e-09 4.68464e-06
12616016.427104720846 5957 3.2071660967649058271 0.04967687769805474024 0.039525277837999445163 2.1443416408968247744 2.7673180327694564262 2.6081853654777131801 2.5823592469308169761 2.5560038480305427022 3.45473e-09 5.46581e-06
12616016.427104720846 6153 2.7484177174818151812 0.55764079135246835683 0.73794059655428978495 5.4324048292575719543 1.8187858203953135572 3.492004819005960492 3.7830140090919770479 4.1166699567542623939 2.21408e-09 4.71246e-06
12616016.427104720846 5773 1.9057034138696911096 0.1146985175568836085 0.063852820237914262314 5.245092376790592148 3.0269027105866572747 2.9053696099848802525 2.8768436373591810273 2.846830816081728166 2.82024e-09 5.10833e-06
12616016.427104720846 5291 1.9648614548220022513 0.14040629764869022589 0.15991127411797104174 5.7154904661905074903 5.4031031823558395288 0.97144692241435459668 0.85951253323888388014 0.75315133246334742267 2.6037e-09 4.97409e-06
12616016.427104720846 5693 1.3381331615688649705 0.11758086862609792855 0.065615648329146389339 5.2125247167874819709 1.1490867723968898328 5.7965507247232030963 5.8489824747828382812 5.8984472576549737965 5.43449e-09 6.35677e-06
12616016.427104720846 5467 2.897790186180346339 0.069788476945923980099 0.19172371713669847382 0.41742905735025409575 1.2337291457987549226 4.3183184055032910464 4.383690438039542947 4.44974266817228159 2.43648e-09 4.86524e-06
12616016.427104720846 6366 1.776840384778245685 0.065932015517295092244 0.051546464895790483629 5.2582115740721011576 1.472213184121623275 3.4267691591739883883 3.445944501401544624 3.4657026698565340794 1.97281e-09 4.53467e-06
12616016.427104720846 6102 1.9175852311990386756 0.15253859694714222428 0.056770137238557220882 5.9399894146177896204 0.51112329358851604777 5.7485011907356575733 5.821813263630337687 5.8897199556514845398 2.19362e-09 4.6979e-06
12616016.427104720846 4788 1.1285071203216003877 0.20736878448291770627 0.11748846926749020869 0.24255228296893024953 5.5177140546043714764 4.9579109373633061253 5.1555723897200227412 5.3429075126299618859 2.35845e-09 4.81274e-06
12616016.427104720846 5548 3.2142283582738793157 0.10551758308178536827 0.32069388014204514015 4.411855875289649731 3.1801317698008984003 4.2281123966513778356 4.3240493549297118747 4.4217099974593034872 2.11518e-09 4.64123e-06
12616016.427104720846 3541 1.7777240333549320095 0.074397082354502958035 0.14177216189371619204 3.7826852561594113133 0.31486373231746989099 1.7689292749354854628 1.6953801469002931501 1.6215596814821811034 1.91401e-09 4.48916e-06
12616016.427104720846 6752 1.6977132870684534804 0.18609767141295227577 0.17532608682773936915 0.72105558491161092505 4.9807940614607222329 0.31894632156135915846 0.26490911514095361046 0.21618473347215766411 2.54013e-09 4.93327e-06
12616016.427104720846 3318 1.6503533421513354451 0.12098836840955576322 0.053589602972821295812 1.7003745520277055991 5.8549391023240620058 3.2067973858902982798 3.2152201467966126103 3.2241201707980393643 1.35718e-08 8.6244e-06
12616016.427104720846 5647 1.7924622717157312479 0.24143366318444992036 0.1386336421031349464 5.4004670615432974756 3.9044112976972411566 1.3572923496968058998 1.1249100026038367783 0.90708160184632402601 2.57441e-09 4.95537e-06
12616016.427104720846 5528 1.4817780098405031186 0.21274893812632778012 0.077103654837088517193 2.7611830240202945852 4.0808765890622229477 1.6452194930401347062 1.429709846060025713 1.2190748237430855117 5.0086e-09 6.18618e-06
12616016.427104720846 6950 1.7635841725393270885 0.1291681084402457047 0.062416722537629747147 0.14434480082271472501 4.455372971612831634 0.43535651438313577311 0.38370256113463985237 0.33534765865973925614 3.07555e-09 5.25804e-06
12616016.427104720846 5170 1.6777627403693204933 0.23069415689734074082 0.13995699897160543412 5.9587593872098381098 1.7398851420572933879 2.4046724208363969844 2.2330497126858319668 2.0511223077943974147 2.19546e-09 4.69921e-06
12616016.427104720846 5780 2.0503880771065490229 0.23405037772855491474 0.17744828693089709226 2.709391655836364432 4.0636143837065548112 2.44547291347224105 2.2784172278661531941 2.1005598870494441854 1.95079e-09 4.51773e-06
12616016.427104720846 5516 2.6240254902728477049 0.32017234484553824814 0.048874967840423957921 3.4112711863793978573 3.8528125667726089709 0.2634858742179326252 0.18960961368974579844 0.12926496463821915417 1.64805e-09 4.27078e-06
12616016.427104720846 5423 2.0067034369142819905 0.16965751108455437435 0.076221622330406524348 4.0282157766820549938 2.3988556957850950546 3.0590473341148936015 3.0436453526237730038 3.027054415053370473 2.52578e-09 4.92397e-06
12616016.427104720846 6335 3.1339940319619383757 0.028034136490275831516 0.20136660304788098208 1.7952713004838218858 3.0108214131554555948 3.7119411395100643247 3.7272609449914000379 3.7427569939603366755 2.80706e-09 5.10036e-06
12616016.427104720846 6792 1.8933937148424258012 0.22787046275620401192 0.13181303530542934355 0.46692696927874799417 2.5290904008048875617 1.8958609029607176311 1.6696382196125909569 1.4428799661992446346 4.30438e-09 5.88148e-06
12616016.427104720846 2451 1.0521684021519794872 0.28463294323461652002 0.052181671746732494199 2.3734647101551478166 1.5883062972724328876 4.7092186901609061067 4.9979719639707722578 5.2710765840240032531 2.57625e-08 1.06786e-05
12616016.427104720846 5130 1.9513815039001967122 0.34189846130981588201 0.13451064941062293445 2.6688320084483656558 1.5987754819883628343 2.6275771994843024615 2.4235354770491590592 2.1985926831663173964 1.98119e-09 4.54108e-06
12616016.427104720846 5316 3.4589771796419985783 0.12432263072094804079 0.21690056564440962639 4.9968145387116509326 1.3854029490699373284 1.1977000918892952708 1.0841864383381094594 0.97429477335510172864 2.96988e-09 5.19713e-06
12616016.427104720846 6073 3.2304439672459155375 0.061677435529172403017 0.20644098490766732423 2.6823253387975762863 3.9576179701015794521 0.4759675004792327524 0.44843719522943481515 0.42169646317533693303 2.87152e-09 5.1391e-06
12616016.427104720846 4994 0.91703946775953948389 0.3196409602698146446 0.13862835928684261178 5.7819982976247263906 1.3447996437919220725 2.7206129426641978419 2.5631635027856902731 2.3884128157041732976 2.5994e-09 4.97135e-06
12616016.427104720846 5899 1.8862826234227167976 0.26183201107941306285 0.15986826611454893476 2.9291286013567985336 5.4740384420170702384 4.1645917960412273118 4.4078355960813571102 4.6576183527941541485 7.73132e-09 7.14937e-06
12616016.427104720846 6108 3.1424935238520936842 0.19607460297046272468 0.1887845919411964557 1.1686169779974620031 1.8249169602677179913 3.7109299009301031091 3.8272425513304755285 3.9513923176814000904 3.24647e-09 5.3537e-06
12616016.427104720846 6832 1.6926432845758339063 0.18957342905625010343 0.023016694284911747709 1.6146382064784372545 4.1839586668482091625 4.7841924638607471465 4.9731427761580162539 5.1563078493528902158 7.86044e-09 7.18895e-06
12616016.427104720846 5288 3.1541410816624746438 0.2337849181666553644 0.21409238173412220574 2.4923668560678824413 0.0051725735577192229891 5.681223275955950669 5.8033662900405253993 5.9112857653393513502 2.94866e-09 5.18471e-06
12616016.427104720846 5895 1.3554739485123714626 0.15108983608640896845 0.047719776459604831831 4.4427285252584098885 0.57444240618509001539 2.653416603328543566 2.5770542737979300618 2.4962173013150312784 3.55807e-09 5.51978e-06
12616016.427104720846 5778 16.883968593478019926 0.36854533163320141176 0.51949203834895718579 5.7628313929500123436 1.8621667965520130039 4.2865831075756632984 4.6598630112346661747 5.0279000556198418792 2.56945e-09 4.95218e-06
12616016.427104720846 6029 1.9609331670250582658 0.16491522318829140992 0.096924392905719039537 3.2851535386714547649 3.0644122054346571993 3.6304276585380965692 3.7145237615804420628 3.8039238802027357522 8.02494e-09 7.23876e-06
12616016.427104720846 6295 3.251083882539013814 0.06509737905116258494 0.28310827210286193534 5.8028518793721106661 0.68527090828068037975 1.8066269663811183044 1.7427998354310150209 1.678663044323003728 2.30061e-09 4.77307e-06
12616016.427104720846 6085 2.2573763864458005202 0.52559898728854692607 0.20815340371590729251 0.51888012854778442495 3.9435513019766155196 1.4244333719647419567 0.8974110930526713048 0.48654248282741807685 4.93102e-09 6.15407e-06
12616016.427104720846 5668 1.570190873412163679 0.23329082750885773989 0.019990972522356365709 4.0094120989926498311 1.6267239632014263151 3.5125912883112069274 3.6089034462026026162 3.713997940229725625 5.17696e-09 6.25473e-06
12616016.427104720846 6343 1.1879917067616960757 0.057706380802897708215 0.19887586489095254727 1.5096675922485420784 2.0668705904810256158 0.84313677144033538635 0.8008286151155653565 0.75939929158562491374 3.59373e-09 5.53816e-06
12616016.427104720846 1147 1.3357975293826338525 0.09313193262357630231 0.13208313872365035069 2.1520542579066535005 1.2420208014810483199 1.2265838505050630225 1.1401400177679898995 1.0555117795730619701 7.2768e-09 7.00643e-06
12616016.427104720846 5076 1.2273097767211569309 0.19963238139103284263 0.13635972294759615697 0.30380501344487464976 6.182123880847530728 4.4994269127076123027 4.7001486310080871078 4.8997660575099954983 1.5547e-08 9.02399e-06
12616016.427104720846 1969 1.8162454315372467128 0.063193830131860292965 0.051442567294688885948 2.1250940936609112875 1.6293510115698357499 3.2828872173292253933 3.2920832809221054482 3.3015575042148608276 2.21709e-08 1.01573e-05
12616016.427104720846 5111 1.709361721655939359 0.097214422984245776882 0.1501194423770745856 1.1512292464204818554 5.087012515331680973 5.8657408660404488643 5.9035585908419463408 5.9395837078390369967 4.25901e-09 5.86075e-06
12616016.427104720846 6503 1.8614929408691072155 0.084562943378579141784 0.10235324717757297852 3.1288153637986617639 3.3671218625953760473 1.4367780326285586323 1.3533439277105823173 1.2707724210321789116 2.13987e-09 4.65921e-06
12616016.427104720846 5276 1.7946910274821932241 0.25974722789846604876 0.079982289461544842091 4.3067749124275094275 1.8381437938090183781 3.3172222654603862324 3.3702941619084367808 3.4291822440136923156 1.69322e-09 4.30944e-06
12616016.427104720846 2850 1.7759254083003761515 0.29876100272589778406 0.085450599897250206771 2.1636564527460602214 3.6126776778597933237 0.070790516055626848124 0.052026777763917453345 0.036490216707896629134 2.86233e-09 5.13362e-06
12616016.427104720846 6960 2.9942441133608568293 0.13004001423106428814 0.073144033631976621002 5.0943800642420695723 3.6023644692373761877 5.9647031315587479838 6.0032030147858073121 6.0391380942324603964 2.28045e-09 4.75909e-06
12616016.427104720846 5258 2.9911582458202521373 0.20355030006905330819 0.31463573104600528474 0.30822097766574380051 1.35167545759398533 4.4714949095820415437 4.6755725412752386916 4.8789849057794274501 3.58569e-09 5.53402e-06
12616016.427104720846 6045 1.8750686310140591839 0.16821988224328487949 0.049101750911543382005 3.3943652309449623417 4.5814351329627598375 0.30670241444447560175 0.25938081948540048227 0.21623542530725597954 2.95219e-09 5.18678e-06
12616016.427104720846 1410 1.5329605570118678415 0.12324086641362740069 0.065044507242871710262 1.9188828726908833122 5.4505934265638513736 0.092700615888664295028 0.081913324447611485235 0.071829540888530149512 1.96181e-08 9.75145e-06
12616016.427104720846 5063 3.4959557192031933681 0.14390081525681067132 0.40543144471414566121 4.0603917519507408684 2.2465417301720620458 6.2407509807526215795 6.2464738548889373604 6.2517554762490235021 2.23728e-09 4.72886e-06
12616016.427104720846 5955 1.284862970296005269 0.17769626843253324977 0.13563386687808964837 3.7445790647631356229 4.3345806650070981547 3.9996037220469746742 4.1432996655317388957 4.2929895913058508938 2.24745e-09 4.73602e-06
12616016.427104720846 5999 1.5026084306405067537 0.2608423828103954567 0.14436470947719245994 3.9403596411401902166 0.42481129929402761114 4.0280493013343727782 4.2516195868129837976 4.4852588900733323385 2.29222e-09 4.76726e-06
12616016.427104720846 4105 1.8311848882826871066 0.080525080273958729582 0.051703125167032744358 6.2084522639472314864 4.2249960632755172441 5.1022309416534392668 5.1756761057835571904 5.2477129041613386207 1.26705e-08 8.4291e-06
12616016.427104720846 5278 3.1506094378597961914 0.033080730714057891839 0.29605335854226855208 4.7303109577746180747 1.680181798038628882 4.017522322988195782 4.0432106098787770065 4.0691568730453191449 3.13887e-09 5.29389e-06
12616016.427104720846 3487 1.5064336722824225312 0.39825044957803273915 0.16280855043943068261 0.85619498618569633841 3.365625293826358444 3.2340651583653534651 3.2824204089999500233 3.3383199266950973616 7.96126e-09 7.21956e-06
12616016.427104720846 3069 1.5510474374820264476 0.2400046523579162927 0.02821429249194055966 1.2677541568012897777 2.8309806311994525352 3.0781082913588608818 3.0605187898253358725 3.0410819945934419728 4.38223e-09 5.91673e-06
12616016.427104720846 3113 1.7656199759827078122 0.021149290251254216494 0.19955602972311203835 6.1989532203181552106 5.3618183826704814976 0.038652607135494704282 0.037843791606616966616 0.037043613301872987953 1.79427e-09 4.39353e-06
12616016.427104720846 5489 3.223845568629482905 0.093757148412525512238 0.3169394753784599561 0.7742818782193977567 5.7346483684071687392 2.1748947425061344596 2.0954823060954779201 2.0143372483205941315 1.80848e-09 4.40509e-06
12616016.427104720846 6937 1.6397515111469305182 0.015278056779989302241 0.039431121310827418891 3.1310963528143642698 1.2395875040235506681 2.8168465058356768616 2.8119359354947124352 2.8069901496891125348 8.944e-09 7.50517e-06
12616016.427104720846 5757 1.7298041627435840617 0.15201575355353780239 0.22160955113138525174 2.1444813864812903859 1.9831692426536506879 0.66203692117532131345 0.57344645696178409011 0.49097328731608680386 2.94097e-09 5.18021e-06
12616016.427104720846 5435 1.8748575222448609079 0.038867027652202991439 0.13962953694908866731 0.32082659968437321485 2.8394432206391173601 3.100417123697927213 3.0987848960788313413 3.0971215938938980727 7.17242e-09 6.97277e-06
12616016.427104720846 6255 3.2501043740936101933 0.12753477325007722687 0.1495977795986530301 3.4774603407014375023 2.7470579148036073924 0.57821151031683482024 0.51181070600144595861 0.44934969256275025806 2.45838e-09 4.87977e-06
12616016.427104720846 6110 1.6814546378647836633 0.25315452277123345892 0.070358074225056452256 5.161816108560157268 5.2754363892212969844 4.0861301259206870284 4.3106978021653965527 4.5437015037339065771 2.11495e-09 4.64106e-06
12616016.427104720846 5784 1.4371449884206053405 0.19078381620327869439 0.1134175349201156785 1.0368727118923133368 5.3255744531161823829 4.505154865812359688 4.6968065242805625559 4.8875671785630245836 2.79482e-09 5.09293e-06
12616016.427104720846 5004 1.7204568163181648277 0.41542030038829158567 0.24042356781787466158 0.97092488327395543024 4.4825681310931537737 2.8689089788247681412 2.720951085298507266 2.5513157933665593369 2.5143e-09 4.9165e-06
12616016.427104720846 5406 1.8138070993374588724 0.17128669060547255243 0.14396039834991167239 1.8635227991128624492 1.9563938163370639955 3.4364701545874631883 3.4911197397455371316 3.5497774710316409852 4.61584e-09 6.02005e-06
12616016.427104720846 6756 3.2250889419596542318 0.033237396228644994212 0.23776926980953386193 3.2532029551240650989 4.6245591540673700592 1.0819919609871342381 1.0528681333422773569 1.02398992945250078 2.22448e-09 4.71983e-06
12616016.427104720846 6230 2.1128575602342811735 0.25274810499257993612 0.077257131166157136382 5.3954412138790965869 4.7490551100925850747 3.1359542239619280224 3.1342921007133619504 3.1324469161993437893 3.21494e-09 5.33631e-06
12616016.427104720846 3770 1.6764299345342252856 0.24206529597835027556 0.048811080768548932574 5.5136156415561705657 1.4451895227869886451 5.2529589553107314259 5.4504691185431175526 5.629539762270808545 1.55823e-09 4.19174e-06
12616016.427104720846 5300 1.7190093651765196991 0.26460416212820092596 0.12154961343296430409 1.7270843274811518153 2.7660845880438920119 2.0474224009219148535 1.7936456946165155735 1.5355847509721896049 2.06634e-09 4.60522e-06
12616016.427104720846 6634 1.8485796825574034585 0.0029073287313671793142 0.16093447363442001108 1.9491545045297367089 3.3603046554605748852 3.8030498625164055326 3.8048377939408086768 3.8066277701129291877 2.7181e-09 5.0459e-06
12616016.427104720846 6217 1.2109166050038586704 0.1247202730091967332 0.048545491176272811962 2.0993886284447991208 0.17706946196248235514 3.2278029427042742583 3.2393009225718589761 3.2514677437211010336 1.48722e-08 8.8915e-06
12616016.427104720846 6836 2.0746566408072588672 0.10464387074900398378 0.074924650419155358616 5.3259091231811197531 4.2392033008424467866 4.9327542597549598469 5.0339013819565323615 5.1331831523501172398 4.61039e-09 6.01768e-06
12616016.427104720846 5086 2.0169925702644202481 0.14005404165480941914 0.10023792920806612328 4.6156735770010479669 2.2478797958387057854 2.2657225884444676112 2.1526333560650301457 2.0356245762908398156 2.82e-09 5.10818e-06
12616016.427104720846 5068 1.8984502090653068151 0.13266614335963333726 0.084334812010977616703 2.5296385553939511048 1.8654512207513331834 4.1655364107925407779 4.2833070316238428532 4.4039467337495787902 4.16264e-09 5.81621e-06
12616016.427104720846 6279 2.0402587553937361342 0.13119712581624165537 0.093727608154340197322 0.73059546694952037793 4.9616601432430895713 3.5140979629280848506 3.5651785544226624047 3.6191047807306135908 1.20562e-09 3.84817e-06
12616016.427104720846 6761 1.7155303029742261511 0.21623259097244465488 0.11611308556802164837 5.3779727610432459528 1.862941274624232868 5.3913055420301487786 5.5503198199851011552 5.6949798951548213921 4.88068e-09 6.13306e-06
12616016.427104720846 6842 3.1131091849392400484 0.087600340472851548346 0.10337262418347638315 0.2556599923043966216 5.4962561494206401136 1.8689454013690789402 1.7840040225490121362 1.6983871983377332171 3.94698e-09 5.71398e-06
12616016.427104720846 5358 1.5417950928533206145 0.040485865249954754164 0.043094446411649639517 4.2183124365216215779 2.0146061475829109 5.099215823306911588 5.1364369045802202862 5.17333697239805268 4.52702e-09 5.98119e-06
12616016.427104720846 5669 1.2447938273080703109 0.065454951395430990835 0.096539076339869064891 0.32662419354211269518 2.8233912053770979789 3.6645268807360307228 3.698204586949937589 3.7327852623668515974 5.45549e-09 6.36495e-06
12616016.427104720846 6977 2.7729462114910603532 0.31108168153641924114 0.12095075983039257905 0.34404312958522481614 0.54645538893260447999 0.52143431455544309028 0.38206689602604715361 0.2660834728359262602 5.37795e-09 6.33465e-06
12616016.427104720846 6443 3.1851032612572787173 0.22638655128895585067 0.28984454217238825313 1.0421316769488808696 5.629363085979988135 3.9770456252708137335 4.1608000339067112705 4.3536118577671452101 1.88164e-09 4.46371e-06
12616016.427104720846 5298 1.8664496997702533232 0.17615228036519189891 0.11654721831724820791 0.40143779187724443203 2.2846647288753025862 4.7550114589128060771 4.9312645026367327716 5.1032141818213911932 2.48769e-09 4.89909e-06
12616016.427104720846 5399 1.3240533646684358171 0.078925477645042776964 0.075069254661507420212 4.8273691937985949707 3.2154007723240236594 5.6380040547447034527 5.6840761542156084118 5.728582783668496603 2.19916e-09 4.70186e-06
12616016.427104720846 6367 1.53867222718589991 0.27391685913924307405 0.1905325908554325598 1.2104567269949113584 1.9406932456429881739 3.9971041262002624528 4.2281348239020282165 4.4705573858655558439 1.45694e-09 4.09887e-06
12616016.427104720846 6202 1.8231886547472304638 0.19307698818037266619 0.041772206202738491887 1.3255219507498430254 3.504327764431835579 3.2770051863234863632 3.3061283220800201654 3.3377532299221952528 4.75227e-09 6.07879e-06
12616016.427104720846 6269 2.0867879794354933232 0.11737021270575742626 0.074189611280281272943 2.3915073340094630261 5.0379472080524703159 6.1461416725847293208 6.1613446213580012056 6.1756097327191623592 6.27461e-09 6.66877e-06
12616016.427104720846 4189 1.0993825498924445494 0.0074880792101848763637 0.038903013185072228552 1.2102824886444034647 1.7902402133775887627 4.9910858997466753806 4.9982777116852243893 5.0054618602456137921 1.09809e-06 3.73018e-05
12616016.427104720846 4755 1.6190723608356165641 0.028447360808556219902 0.014935721251885259939 0.20064390035529097722 0.63497162175435595266 0.45669169504882045629 0.44430275236798283389 0.43207526786093453097 2.00236e-07 2.11526e-05
12616016.427104720846 3337 1.4761306395711188966 0.16557209419552681995 0.07333483114023427174 4.582271562992396241 1.1021365945895980065 1.9188922143914795004 1.7579304433139568697 1.5952489979319308677 1.23471e-09 3.87886e-06
12616016.427104720846 6722 1.5745470504677456791 0.032413397845748745385 0.15319470775875293489 2.2564412974880827534 3.5038992166046498689 0.44093959902004831175 0.42730241064138607676 0.41386973872055354828 1.78527e-09 4.38616e-06
12616016.427104720846 5374 2.0284850682263733113 0.2354664713676433152 0.10148884323472466551 2.5734997604747560374 0.53319943231080668689 2.9061320992742269986 2.843118065301448727 2.77387618677141079 1.21754e-09 3.8608e-06
12616016.427104720846 5438 1.105772908415056266 0.20546285461763547087 0.16095553822738770111 4.0655627455166669648 1.7437080248768221935 3.355413052223883863 3.4044483039261939084 3.4578356019048634984 2.41055e-09 4.84792e-06
12616016.427104720846 6253 1.9515634624044440049 0.19031295866401307104 0.12942100827006217112 0.74078700711659439815 4.6931382507959584771 1.4105036320679542605 1.2242999282560003138 1.0452975880420314336 1.17298e-08 8.21512e-06
12616016.427104720846 5177 1.7399549326678154237 0.28659225325499537718 0.16088002545483795491 0.67261146325235054988 3.4606847057719889449 0.74286988912885321135 0.56460664908019086994 0.41125584740290410668 2.10151e-09 4.63121e-06
12616016.427104720846 6001 1.7931342306277453513 0.082804969587113586016 0.17615782619086567395 3.9227218298164441279 4.6131005570470833277 2.4300713720642184157 2.3741658890042516283 2.3166755924387030241 1.89847e-09 4.47697e-06
12616016.427104720846 5626 1.5126944509728734722 0.1417910550005576642 0.11521886414529115827 1.3378680047517521601 3.3005675178993860719 1.0115304568774816651 0.89526341813483945042 0.78461338989559881174 5.23731e-09 6.27894e-06
12616016.427104720846 5630 1.9045881224103855534 0.17777666356372087697 0.19217701500784237223 1.9558559144773406402 1.52850830663664361 3.5946311857848627369 3.6798898519033511612 3.7710314565304305923 2.87655e-09 5.1421e-06
12616016.427104720846 5678 1.9431144856497659656 0.1492023593125013925 0.1294846525762604339 1.8650902045754644831 2.6638065712283927056 0.2589519881406013857 0.2231327746564596981 0.19011640912609101273 1.85255e-09 4.44058e-06
12616016.427104720846 6069 1.520303007744404411 0.13899321560492078342 0.17949554926086402906 4.961844257306475825 5.9648868038949434123 3.0234353800752282737 3.0057441673300946405 2.9869201731691039647 2.30644e-09 4.7771e-06
12616016.427104720846 5564 1.6792477618475580847 0.097141591326151396912 0.15520339154937506931 2.3976653026520597933 2.2283622381563481518 5.6831028393015525779 5.7359534140340784347 5.7864986465840466678 5.64605e-09 6.43821e-06
12616016.427104720846 5077 3.0933934552236919124 0.21589526207152429094 0.29833897256830183009 2.2815469233450000885 5.5812912038011859295 3.3670551083899455946 3.4217021229707125229 3.4813887112928707523 2.69841e-09 5.03369e-06
12616016.427104720846 6591 1.7041298735238363804 0.11650347458728885219 0.078499526523000850986 5.1043265619228108676 3.7152058243616705724 0.87236405096132085824 0.78613141924681617656 0.70369063857834501796 2.63066e-09 4.9912e-06
12616016.427104720846 6465 1.9572310801200873964 0.11987357926458766522 0.10883326254754441265 4.0408827494139760717 2.1597072178518974539 4.8531747722344187324 4.9711577116687628575 5.0870401937043636664 2.98606e-09 5.20654e-06
12616016.427104720846 5694 3.1367374963816208044 0.12150810822626741114 0.27416391331650413754 3.4600653091174811138 3.3910816931144331932 1.8750468156735842218 1.7566615135739280795 1.6372461717373698598 1.21025e-09 3.85309e-06
12616016.427104720846 5553 0.99382905578440572381 0.15022198141016954165 0.22203667321179570981 1.5388610101678790176 0.79343178667957658945 2.3815950395026073139 2.2715956825049659074 2.1567769685386868339 5.50583e-09 6.38446e-06
12616016.427104720846 5820 3.0592417374740232816 0.11280725529692979536 0.056848552483893227683 1.6999624019439416589 0.80782764962133213338 5.3005799440318410731 5.3918006754957676918 5.4795582343967206285 3.12834e-09 5.28796e-06
12616016.427104720846 5026 1.5328874557909841769 0.058732896330102847549 0.11498619207360399885 5.5361366807771252851 2.7655088249043497939 0.68622386133674706521 0.6498094913422064467 0.61427404904001547958 2.52074e-09 4.92069e-06
12616016.427104720846 5667 1.7869862975991537279 0.10855623815252084252 0.10860460368734095593 3.9200693498506926638 5.1784848970191976747 2.5190962453394676324 2.4527000870981749969 2.3836927657879929399 3.20823e-09 5.3326e-06
12616016.427104720846 6492 2.6731793047227245808 0.34239674855856139235 0.10823449370905618983 0.2395632788752374287 3.9854132431858961816 5.72000845134476954 5.8836539972184906944 6.016841746838604621 4.60217e-09 6.01411e-06
12616016.427104720846 5363 1.8796976073217090963 0.14458823774907636484 0.16437435587122600777 1.5894016070389562767 4.9308672709788297084 5.3949417100869618835 5.5026815619406628244 5.6044192607439260456 1.92803e-09 4.50009e-06
12616016.427104720846 6622 2.9046175574236356987 0.25346347818907682958 0.25893795696472754475 1.1725155701350302717 5.3508340527114137686 2.9316134471864669919 2.8701807346763108519 2.8022292199190301787 2.90674e-09 5.16003e-06
12616016.427104720846 6538 1.35728809192197164 0.39408826806727381697 0.055823021174400376532 5.8221569283879652801 5.0533524020112299269 2.1918694010908752468 1.8169833681652127755 1.4347773669347934078 4.1002e-09 5.78698e-06
12616016.427104720846 5688 1.9126008295232383993 0.18308824377852936371 0.12244468271442873752 4.064339652812310355 0.96042115665358496202 2.879958183509389702 2.8275324405639987724 2.7709723097557898974 3.26046e-09 5.36138e-06
12616016.427104720846 6373 1.6534325957188362732 0.072235579414546405297 0.037299176454064747466 5.9092392044846882015 4.4078610955610022515 2.1762601477719041299 2.1155564046990495974 2.0537768064961494652 6.95589e-09 6.90188e-06
12616016.427104720846 5080 3.2308102540371725908 0.11654637766726097525 0.18827858983627543399 3.4025181172982854605 3.1483106196479146988 5.6464902645546768412 5.7128722818388588678 5.7757951535159897105 2.57476e-09 4.95559e-06
12616016.427104720846 5739 1.6814804888653769321 0.039019823087060041822 0.11129934994053308772 0.42095566428454694874 1.882726520419468752 5.6224656668023520467 5.6460560394761261094 5.6692685569205885088 4.86337e-09 6.1258e-06
12616016.427104720846 5806 1.1623801738064443168 0.26227845659428872249 0.10725124463289620325 1.1852481900537072956 4.1921295315492619338 4.5017797671992259012 4.7687290869724865416 5.0305913905274541875 2.32886e-09 4.79253e-06
12616016.427104720846 5776 1.8569173001759851083 0.38197064616719061947 0.083132107403856361771 1.4036302667187152693 2.368592655492532284 2.5731365043429672568 2.3178631983614375045 2.0376170447406911634 1.75506e-09 4.36128e-06
12616016.427104720846 5107 1.2389215914715556721 0.21184061823079150533 0.24266949549042030054 0.96530066514943269063 0.96188253341461882329 4.2120161380017204777 4.4095611249087616201 4.6117623556763023274 4.08288e-09 5.77882e-06
12616016.427104720846 5018 1.6883172314820527049 0.15039215707062922323 0.16386357150343686118 0.54291474798278893665 3.5827301832630280565 4.509708971169473557 4.6598726930850506989 4.8100575100060236622 1.65949e-09 4.28064e-06
12616016.427104720846 5713 3.0742963190573058263 0.18730161273080692119 0.1524345708701710933 2.9826667931756700725 3.8960685794241971536 2.9941014774980412305 2.9634697509251926029 2.9302831850381436674 1.49134e-09 4.13088e-06
12616016.427104720846 5209 1.6546315133370537165 0.11498493152849612042 0.073683677327355132092 1.4504491857748795791 1.8897206855005483916 1.2269590040684554832 1.1205165374950023516 1.0169926866552894129 4.75685e-09 6.08074e-06
12616016.427104720846 6615 1.4250332705683490531 0.035456209940546747073 0.080275202851660995562 2.7906016250888767694 1.3591551708873275128 1.9912348407761415459 1.9586231512425202883 1.925800164406824333 4.67657e-09 6.04634e-06
12616016.427104720846 6617 2.7422005566422913425 0.22291136195045185842 0.074025633900522469499 6.1208164420210060541 1.1707330996785483279 4.9365594244424322312 5.1504554327303289085 5.3523180651498769578 3.93262e-09 5.70704e-06
12616016.427104720846 5885 3.4746311924300141705 0.0722268688322752761 0.30336365132474341078 0.51911261201741099036 1.056657696674905722 5.6532082694944065793 5.694599154187965695 5.7346984748919309638 2.25928e-09 4.74432e-06
12616016.427104720846 3982 1.4370374529516047879 0.11027075180157415446 0.029343152239787402558 3.015219295416177836 1.4768700329966411022 4.262886712917742571 4.3648717115041044678 4.4685506034613409199 1.70782e-09 4.32179e-06
12616016.427104720846 1298 1.3985123068425207027 0.062160320319244774523 0.14186111151305419442 0.22152693652513893996 4.7217738566575642167 2.6314487369177301801 2.6002209614483917655 2.5681890012296277881 2.27299e-09 4.75389e-06
12616016.427104720846 5047 1.8052334107359129245 0.17959675536696664833 0.15056595219775589789 0.70635791477939224858 2.5448675692378395219 5.9433365922262710868 5.9989337625199423698 6.0492997165246586988 2.89941e-09 5.15569e-06
12616016.427104720846 4963 1.5631904865186143638 0.1780779743139110638 0.090149136973118479399 5.5780136570475855606 4.1766045626798575796 0.071491848176298680717 0.059722878649263393125 0.049093870659900507025 2.1769e-09 4.68593e-06
12616016.427104720846 6639 1.7326882862558736775 0.061350869049494834162 0.10869091319831424014 2.3110445147318992021 4.0136907772356105184 2.3896104541810223587 2.3467072684398586624 2.3029160403887991571 2.07227e-09 4.60963e-06
12616016.427104720846 4858 1.3297637867249032517 0.11631974899884446606 0.15415448636084738698 0.63664446848969269421 0.21662068220384547712 5.5877693325824537851 5.6593122869090706217 5.727264302485287395 4.88084e-09 6.13312e-06
12616016.427104720846 1267 1.3737989163926562775 0.21128468562070756853 0.16332254538569793145 2.4167945216620245752 4.6902239182579430476 3.9202285401868395276 4.0823093070265006332 4.2530232270295451613 2.48068e-09 4.89449e-06
12616016.427104720846 693 1.1702755510430147279 0.29965913153738454877 0.22900128258740115594 5.2565357836902331101 3.1157908542670647023 1.2480502425926234267 0.97242954132413361723 0.72483417736020006039 7.32683e-09 7.02245e-06
12616016.427104720846 5830 1.9641386997740282183 0.28156719193497820042 0.036790856217442394205 3.6886192267036368442 0.41819842194117401446 2.0883676070883177012 1.8211153048660777554 1.5483235892124849187 2.51554e-09 4.91731e-06
12616016.427104720846 6023 1.4972714825883417511 0.0975821090572385752 0.011929193894274367493 3.5971959743903632045 5.16768356724585054 5.767686686794677442 5.8139303258594718926 5.8580590950359159308 3.26695e-09 5.36493e-06
12616016.427104720846 5740 1.936468232942654133 0.30124594507705637625 0.11688703225672800179 4.2281469270427542995 2.0442759592836452498 0.24818414377369157897 0.18230083656997420061 0.12768712741721754966 3.09097e-09 5.26682e-06
12616016.427104720846 6155 2.0472250069716437793 0.092719162278671676813 0.068548869359646338872 0.45765474848532949892 5.7550022098240649626 2.0914584334468022675 2.0089916230205142611 1.9250326706689515621 3.03729e-09 5.23615e-06
12616016.427104720846 5191 1.9175002664069771274 0.14677161947490988125 0.13385631074548265396 2.3796503760449523313 3.4397253603230382168 1.3839564399862718247 1.2411577340766515309 1.1022883876476374798 2.79475e-09 5.09289e-06
12616016.427104720846 6978 1.9000148003397565599 0.39135807827787627566 0.18318324111174288937 0.68098722000234201968 3.1138128836346115058 4.5451019889433910137 4.9552944217525887183 5.3351634967952028532 2.46129e-09 4.8817e-06
12616016.427104720846 5211 3.2283412583674224727 0.033652992790283123292 0.30894274088163181657 5.8658655468099274444 1.6777479092162903562 5.5809682484371112565 5.6024346112421810062 5.6236150163295635096 2.07199e-09 4.60942e-06
12616016.427104720846 5231 3.1594204547982611686 0.073388392242411504274 0.21569045734628813915 4.3179359543217419315 3.0487865446078514786 1.8642914568002577624 1.7932205431790853023 1.7216400338777193557 1.89135e-09 4.47137e-06
12616016.427104720846 5962 2.8856615209873015537 0.13798493323968805124 0.19344030114913873808 0.94354855720214747539 1.0672124642537836881 3.1562421693881477225 3.1584244942665438138 3.1607469250133592986 2.88829e-09 5.14909e-06
12616016.427104720846 5989 2.7245351658164298492 0.22894903662621118867 0.10568922692614249326 0.68941482702710166208 1.8604485490269799808 1.4521394223254726619 1.2258325515026946562 1.0103714285052192157 1.60714e-09 4.23514e-06
12616016.427104720846 5869 1.6501512619255416237 0.22367516601225950756 0.083885579616557223726 4.903930867088261536 6.0840323145576480357 0.70576601826736662382 0.57069355779263597483 0.44986069325612831893 2.00715e-09 4.56082e-06
12616016.427104720846 5060 1.8402623608293910973 0.04232135092309863289 0.13825910702871335722 1.8952565429269676578 5.5434257578682197831 4.4652041195135723228 4.5064654076161572149 4.5478926166479425319 2.03606e-09 4.58262e-06
12616016.427104720846 6888 1.5825210304730870092 0.20281457105144343189 0.12798335623218307089 2.8802092650759205661 2.222854156230769096 2.5944148328112932589 2.4776933079330607512 2.3527204628262152752 2.28028e-09 4.75897e-06
12616016.427104720846 5027 1.8442732518141460307 0.22222674698841582419 0.16786086487832035941 1.8185625325145828857 1.9024313603211633339 4.0792798485525931795 4.2730365483004888461 4.4741578207221142094 1.92434e-09 4.49722e-06
12616016.427104720846 6690 2.8391278590881321442 0.15192138619040906899 0.1553099960369782595 0.75868747824721716189 0.16313704915805460338 3.2520558268635388899 3.2702850342684604001 3.2897822370667100245 2.63564e-09 4.99435e-06
12616016.427104720846 6526 1.620786787410106955 0.11015136267349238952 0.12297268969904413816 4.8559469824194385623 2.4413956441500261896 4.0310036162005911109 4.1198546054291877994 4.2112282433063521481 1.74858e-09 4.35591e-06
12616016.427104720846 5245 1.3135412558855148468 0.16301848945428515369 0.13873332648752875751 0.83644436116138620729 0.20488885922158750486 1.0212077731262740876 0.88721219049336230711 0.7608216653212703795 2.53784e-09 4.93179e-06
12616016.427104720846 6159 2.047489611422935063 0.17597290337091767154 0.016956946723032682856 1.5416204453714974498 1.6439814850486358377 1.5754534879475805553 1.3984886853693814235 1.2251216361168610902 4.4573e-09 5.95033e-06
12616016.427104720846 6127 3.0302545091348283002 0.36600256218568383293 0.22064949080278672966 4.1903305219536459703 1.0855918030715430156 2.2323144606877720619 1.8968826265682341425 1.5501671907649292592 3.18976e-09 5.32234e-06
12616016.427104720846 4750 1.7702498575305509743 0.26400021535087048186 0.13049551507358506108 1.7959731480219149891 1.3464732000690535774 2.800319239677521832 2.6974141861645151153 2.5839690139051771922 3.28876e-09 5.37685e-06
12616016.427104720846 1127 1.4778409432187902262 0.12104237951834868892 0.027382262419179202728 2.1510007520565723738 0.38055680639710809388 0.3815564306279261575 0.33873892051413978521 0.29851678730349001656 1.29908e-08 8.49954e-06
12616016.427104720846 6775 1.6321542689135213333 0.1461722659833651905 0.051696704542278641703 1.1609687339707424059 2.9421544826348355883 3.8322132413277345542 3.931369809244043001 4.0351808273239351266 4.4281e-09 5.93731e-06
12616016.427104720846 6089 1.9772845204162750044 0.033550367813696128916 0.19567209443700908644 1.0087038193084298943 2.990231546021143938 2.8181758356425676837 2.8073379291676410219 2.7963312199438461469 2.91473e-09 5.16475e-06
12616016.427104720846 6263 3.4480138150735784031 0.091338847296976832801 0.31631065111252887334 6.0923326271844411295 1.1254390959808353578 6.0308476147730365469 6.0527291819558435293 6.0735929488403925802 3.1828e-09 5.31847e-06
12616016.427104720846 6103 3.3388221405205844583 0.087295451493911949137 0.14260126567512779183 0.21059833388390059028 5.5291363455323443432 6.1828895165071013906 6.1912817191986562193 6.1992931954344108192 3.07621e-09 5.25842e-06
12616016.427104720846 6054 1.743686062559893335 0.093590799560952148139 0.10786848410363464312 0.5968773972427937613 0.83489984341317269312 2.8034286603432558849 2.770873530538827012 2.7369669131757592417 1.03293e-08 7.87422e-06
12616016.427104720846 4670 0.96176982720669312865 0.076828596225774731243 0.11596236863679644513 3.1924699541574663719 0.0029840067853598756416 4.7739718575097747078 4.8505494658362700022 4.926645963313954546 5.11284e-09 6.2288e-06
12616016.427104720846 6657 1.6654783877277359316 0.073962874842926032426 0.12374271691821321639 5.8747704162182952103 3.7551952740774190431 4.687898435910051731 4.7619738468883401339 4.835845815615712695 9.52311e-09 7.66378e-06
12616016.427104720846 5408 1.9076890129972317034 0.24323834015039849654 0.20517978670061531865 1.9983540747627805967 2.1395713269964176106 2.8274225317379113598 2.7410092741989302567 2.6461571203461855539 3.0092e-09 5.21996e-06
12616016.427104720846 6810 1.9114768532039563276 0.21289943166247127238 0.18730176042509191769 1.8082310835763140133 4.0413041174090160723 2.965189426829658359 2.9229189217641327048 2.8767335559220224006 2.57322e-09 4.95461e-06
12616016.427104720846 6641 2.0324728890303269679 0.036465463391179106512 0.13881845317546215313 1.602969855084745987 1.2343869675421486054 3.6197887435182272142 3.6368508200610847325 3.6541813529390378967 2.45986e-09 4.88075e-06
12616016.427104720846 6221 1.9954350795827200393 0.1802518727202828408 0.18696579121029915926 2.2340659560537461381 3.394831258077330105 1.4351180210107221669 1.257701235374790949 1.086212338892545537 2.14299e-09 4.66148e-06
12616016.427104720846 6725 1.6364734118811203878 0.12510448259288048378 0.12066823881080084024 1.263127413327839621 2.4367480487710886372 1.2075886913050606353 1.092872770100108637 0.98178601106439744584 4.94994e-09 6.16193e-06
12616016.427104720846 5707 1.0609714081514167727 0.095715468552639529354 0.17294537438463594703 1.2370728740706304905 1.528155936950601923 2.1245650266056501643 2.0409042083679280744 1.955572008887708213 2.27392e-09 4.75454e-06
12616016.427104720846 4769 1.3729027719250024298 0.1233676116109904547 0.11484804887593863532 1.7915091130196854063 5.955513989651989526 4.4038353446447437989 4.5239440864097346662 4.6451276895100050979 3.82773e-08 1.21851e-05
12616016.427104720846 6914 1.8034815642381190059 0.25331474580533236418 0.080139327093552190084 4.2881172284916644344 5.0676121382527909986 2.6108651456532858681 2.4645012380088933135 2.3057922716332237556 4.41745e-09 5.93254e-06
12616016.427104720846 6913 2.0048050897694129624 0.080706512346594441731 0.070917775699201116013 0.77883346821798660198 3.7607641268075640006 2.7755951319361393814 2.7455321627602766732 2.7143966554912521971 4.44786e-09 5.94612e-06
12616016.427104720846 5534 3.2765893644359938008 0.12043693211843090052 0.12733084415199460993 4.6872005922189288185 2.3385069579986685895 0.81833427512820855476 0.73364410045242522962 0.65300185615782058157 2.18919e-09 4.69474e-06
12616016.427104720846 2174 1.2904211463503358903 0.10705245853702052838 0.10501988369411074942 5.8018814137782968032 1.7034620857395519344 3.9620882098026619644 4.0435596135813867136 4.1275474138996965934 2.03153e-09 4.57921e-06
12616016.427104720846 733 1.6711874822511096905 0.130304176394840876 0.029594143947781870185 1.7006912447919888542 2.90918238818088426 2.4230556908081939405 2.3325104002314813734 2.2382152507469497138 2.10139e-08 9.97744e-06
12616016.427104720846 5309 1.1673036721902583235 0.25539029198755935912 0.2271573772797616797 2.0886994655638941865 0.71141960674041693213 2.1248690894191599732 1.8889324409739385313 1.6463576121198728597 2.20889e-09 4.70878e-06
12616016.427104720846 5934 2.067066573735998336 0.34301528561171301668 0.20497665781930976547 2.8091620467946962769 4.3358829232856468394 3.7471068427021232417 3.9816370567041921014 4.2370711950188919559 2.95537e-09 5.18865e-06
12616016.427104720846 1475 0.91291118751143141008 0.2706099152131762331 0.11347748055637305042 3.1082218003570050158 1.1025232190304943281 1.4199179504668348883 1.1544024408225523892 0.90691521443133460423 3.50237e-08 1.18296e-05
12616016.427104720846 5323 2.7973037634217368108 0.14679417714431286512 0.10259860845091864356 0.6602773311953947788 6.1035051835896902972 4.2617095046825950178 4.3987635612890985115 4.5383973163998065914 2.25995e-09 4.74478e-06
12616016.427104720846 5796 1.6516417250551025386 0.20613560499800778758 0.033120540184557296925 2.4131676015167591309 6.2571477904129508829 0.078985831644973178434 0.064091650998311947007 0.050889122836271311057 7.64873e-09 7.12382e-06
12616016.427104720846 6237 1.7717888040510949565 0.058812123183799330794 0.039352890417103429666 1.6175915166299275061 2.0688124364698032842 3.1325564264817140625 3.132008405243662974 3.1314447438788488576 1.89473e-09 4.47403e-06
12616016.427104720846 5200 2.063585563170830639 0.040426737568016429814 0.15539591319306642059 2.4124021674717348596 1.3557639988657121943 2.6333162573879986823 2.6132803586719899336 2.5929021919881516389 2.18438e-09 4.6913e-06
12616016.427104720846 5979 1.7553898215127194948 0.40822931779870164082 0.30346647101509116595 1.2844942936847838499 2.9664035225647120697 0.14619481682179591431 0.094868185495647502914 0.056198276499570737341 3.8601e-09 5.67174e-06
12616016.427104720846 3020 1.4048834979332343043 0.064906634037219648747 0.049793275069798650923 3.2236787747414221705 0.75901352886485307092 1.1858015285124363647 1.1263259491379604693 1.0677257397966515295 1.84633e-08 9.55624e-06
12616016.427104720846 6021 0.80698380235646982594 0.12101477813044343723 0.21337032133933012124 0.16009280435764577932 5.8240318475844761181 3.2457898908030449192 3.2592348125146917148 3.2734384370356499616 2.07244e-09 4.60975e-06
12616016.427104720846 6618 1.9404470827942952305 0.20805313707802644552 0.19991872494785861702 3.0573935787092376692 1.5665248264601774331 5.9059176296558906216 5.9764769463576303821 6.0392928178273317386 1.98254e-09 4.54211e-06
12616016.427104720846 5741 1.6120981759783221676 0.28331185212610160429 0.028243807861804019754 5.0311103413181932353 4.4101346006071793227 1.5342428519879203197 1.2486750835289639472 0.97993509015646051985 4.83963e-09 6.11581e-06
12616016.427104720846 6184 1.7182601771271837077 0.09233451806186479538 0.14229969304885692338 0.55226637673448009114 2.1704714184046669523 2.9522273166079235907 2.9339808492088246261 2.9149485279316786901 1.8099e-08 9.49296e-06
12616016.427104720846 5807 1.8090835974042835943 0.050251021655837009583 0.05024271548423062117 0.26185025012665019695 3.713640138247154443 4.3008415473913697014 4.3473856520410389948 4.3943262656915749176 4.88354e-09 6.13426e-06
12616016.427104720846 6935 3.4968515572960194859 0.035663391347557693578 0.38521934733182688904 3.2588054623066611271 3.5472137728201618145 2.7746937296199041256 2.7616798968081583965 2.7484545044359705024 2.603e-09 4.97365e-06
12616016.427104720846 4786 1.3007514017303392073 0.37081988961411443961 0.15880527769255703419 2.70998240692548098 2.5690906147357801537 2.7645138129716064768 2.59253545424000853 2.3990107702473211226 5.42602e-09 6.35347e-06
12616016.427104720846 5525 1.6922698003055720584 0.1469108514196271198 0.16523923983460211962 0.72085836929136792861 5.7126629148862466678 3.2291214508931846972 3.2430592631380896762 3.25794024397803339 2.22151e-09 4.71773e-06
12616016.427104720846 6499 1.863121678952103899 0.39459365564575116236 0.062886699851319879939 3.3647157463280437106 1.5539050556209081932 3.6189851204908234372 3.849159949523325519 4.1056406857281251277 2.00728e-09 4.56092e-06
12616016.427104720846 6270 1.6746309038743090181 0.055112806345834340627 0.088454154117041855487 1.1278976463808114694 4.5550384028559003369 0.72610491463909698773 0.69022803299307922131 0.65513699078579334945 2.07589e-09 4.61231e-06
12616016.427104720846 753 1.7219575010248044933 0.16918983340630169843 0.11735294801457844815 2.3164403648485110132 2.011295385106680822 1.8348065699191100641 1.6669471008942697843 1.4985387427319918352 9.5243e-09 7.6641e-06
12616016.427104720846 5204 1.4376065807757216763 0.21212490917566281801 0.0549725259916809747 2.9616185331961779603 5.0398735217616774662 1.2500944544343497444 1.0537621571929147724 0.86936430214096149793 5.21728e-09 6.27092e-06
12616016.427104720846 6739 3.1819838651545269137 0.036782032772861947278 0.13726825301354209086 2.873442588252812957 4.0823738490747558672 1.4400964911572033955 1.4037071076241918188 1.367437336614364618 1.84353e-09 4.43337e-06
12616016.427104720846 6996 1.7359687475191700745 0.17715624672137536555 0.099078353401308202897 1.7744118006483795558 2.5670942023247032004 2.6587400775068386061 2.5687708525459616027 2.4727511793174601351 9.30536e-09 7.60492e-06
12616016.427104720846 6207 2.9248088753298193687 0.069531968882084987937 0.22255201512429018118 5.3636314985119000198 0.58148487473266374792 1.8363685281917840886 1.7685994738864956322 1.7004233325198676585 2.10618e-09 4.63463e-06
12616016.427104720846 3539 1.0112945396463337566 0.16406510489739781211 0.18194996594292392467 4.760176711938336247 0.004557446479235870325 1.1186002204440819163 0.97543892602096005096 0.83960153091453249008 4.11193e-09 5.79249e-06
12616016.427104720846 6242 1.3094929383471309858 0.13131067892067788128 0.03524566235418864768 3.695086249326639205 4.5757141474501308309 3.1791637501399563348 3.1844669622060677305 3.1900950921315183173 2.33848e-09 4.79912e-06
12616016.427104720846 5277 2.0013876253058247023 0.28370864983201221632 0.15090318124098198171 1.2553686252055547001 5.2162497238055474114 3.3861768879412990074 3.4677413172727455937 3.5586407478924040326 3.07432e-09 5.25735e-06
12616016.427104720846 6413 2.7294196826114824894 0.21244863572758096448 0.15811996984820053669 0.97554293486843290939 4.5295312107318563832 4.2875608187428397855 4.4917207643466285916 4.6990178195586107535 2.71272e-09 5.04257e-06
12616016.427104720846 5651 2.7477834409085670764 0.24052346492362611241 0.22659685345517718846 5.280256673555992819 2.6491018282798739492 3.5613709689129935398 3.6732212517363724835 3.7951516965901292977 3.34796e-09 5.40892e-06
12616016.427104720846 5426 1.8220346907593831798 0.089494900468472138311 0.18195582098226370515 1.2296142389331197187 0.1204556605550068521 0.59753458619945065688 0.54889589343741440608 0.50220231997702469151 2.09851e-09 4.629e-06
12616016.427104720846 4460 1.4766033419117554626 0.056973767292680027596 0.094796804504022433302 0.80957322718538549111 3.9865611088639032467 6.0082908131349768155 6.0233550023837096887 6.0379925064843487093 1.068e-08 7.96233e-06
12616016.427104720846 4541 1.8196025290499224791 0.12018656229677909808 0.092263169464348551707 0.6793851290294553591 2.2593356400032091891 2.0657895040885461135 1.9566218104883585927 1.8452703908613845574 1.04208e-08 7.89738e-06
12616016.427104720846 2302 1.3733628547533018871 0.096438583917892103936 0.11727531254625624124 2.5109067833868201625 5.0563176557028919333 5.318272166778715615 5.3955628636943755438 5.4703580342156730154 3.55428e-09 5.51782e-06
12616016.427104720846 5194 1.710327505029279882 0.060650713165420311324 0.09635623674199111921 2.9981103306457304036 0.93205561691069294117 2.9480118402827844015 2.9359750770731141145 2.9235919138497870051 4.75382e-09 6.07945e-06
12616016.427104720846 5446 1.6437898708381573076 0.068882522736501430871 0.086819019744187639342 3.362966414491080247 2.6500100141453200031 2.9606278778344936597 2.9477801381493060617 2.9345132664805277933 1.15731e-08 8.17837e-06
12616016.427104720846 6035 1.3799455963994429197 0.080526564260721203437 0.13544348612108580987 4.7479749127789148133 3.6492791843542611296 4.6894224879349701851 4.7700897276288181104 4.8504822774631985993 1.02512e-08 7.85432e-06
12616016.427104720846 5242 1.287776655167585993 0.087380433004601132385 0.16889640774291270198 0.29144054016975357024 3.8255250397781201954 3.9702169172264767383 4.0366826141775034031 4.1048625383236680975 6.62026e-09 6.78904e-06
12616016.427104720846 5853 3.1184470294224064801 0.12142194343418175051 0.2476227317685087137 5.3410597497479068707 5.2936440567525178125 1.9126005427326815411 1.7955176630797393678 1.6771487237446285334 2.34516e-09 4.80368e-06
12616016.427104720846 6435 2.2740003301607791819 0.53790291766212838809 0.23723408671163459527 5.4338052276392048157 3.1865966627064943317 3.9301416586084045868 4.4400930189315523933 4.9581774154491791151 2.19619e-09 4.69973e-06
12616016.427104720846 2364 1.5311153039744966886 0.08550463344659242626 0.15582517662776618206 0.81303538727283208853 3.5247273917770138851 0.81631864931953312947 0.75570052497540118885 0.69706156083323933537 5.09377e-09 6.22104e-06
12616016.427104720846 1936 1.5378212425403614549 0.15048525010949562186 0.044636556235984836682 0.51560023123426013125 4.7738410536331024048 5.0450848208594791799 5.1844566442623802871 5.3184833175139205608 1.41895e-08 8.75332e-06
12616016.427104720846 5146 2.7838245123027367534 0.15020342092236352305 0.11352557803545916537 4.1419005294890123281 2.1917800840154813002 1.6399090636994551051 1.4887079518380668119 1.3390103197722154071 2.55901e-09 4.94547e-06
12616016.427104720846 5990 3.1475882869156737165 0.014245702610284512873 0.19070332680831134087 5.5886867411949108231 4.9276542099361408944 5.0732877553273301174 5.0865827861041976732 5.0998427232225251871 2.30118e-09 4.77347e-06
12616016.427104720846 4781 1.4190362774149514191 0.21710805978081179624 0.11315323317592819452 0.13283446918991745345 2.1248104260007649735 4.9273032919940220609 5.1362982262868381866 5.3341896026074655524 2.90062e-09 5.1564e-06
12616016.427104720846 6437 2.1113946854987650781 0.31496299682461814662 0.016213725758314173619 5.0538063582161028009 0.25109017007056183557 3.0805809436706468318 3.0570863442665090481 3.0305016518299563444 2.58679e-09 4.9633e-06
12616016.427104720846 5074 1.7948269173039395064 0.02052871931876546624 0.044856883997863319924 3.020163595938170964 2.8488268826921254728 2.9013335207201280674 2.8963989174796842541 2.8914156884768171807 7.61828e-09 7.11436e-06
12616016.427104720846 6759 1.5862579516165216109 0.2712729108987909088 0.17312996841610681087 0.67926925325926301724 0.020592785609639046446 2.8958037956217785869 2.818159849165822628 2.7319430136152358379 4.8924e-09 6.13796e-06
12616016.427104720846 5535 2.2406147682746118122 0.21441564357050768574 0.30081299840671510415 0.56241848509226077812 0.85923660824551595372 4.3535667369933843673 4.5639526312407658892 4.7760104613624667635 2.07392e-09 4.61085e-06
12616016.427104720846 6894 1.2099120820703970214 0.12840006924856547932 0.11115206398656249376 6.2515342281347248132 2.1051017900721902265 2.1832520352896032101 2.0738025607154759733 1.9613064664617552157 1.64258e-09 4.26605e-06
12616016.427104720846 5310 3.4917112062286870255 0.062826082341335090509 0.35926910746590862145 0.98926702836166935384 6.0672951192089659145 2.7038712147486347881 2.6764346552148543523 2.6482531352718852169 2.51895e-09 4.91953e-06
12616016.427104720846 5704 1.867674561281152501 0.17361047058231474094 0.043218541557830031374 0.79951886105593106269 4.6360255336940907611 4.526021038940093888 4.7003199656529313089 4.8739177922412268984 1.97064e-09 4.533e-06
12616016.427104720846 6765 1.699452687799422046 0.29588377850392805213 0.14992556144032204157 1.6926577425448405823 3.5634201763380808359 1.1628972804891359871 0.90228746698315664965 0.67009362712626563408 2.03075e-09 4.57863e-06
12616016.427104720846 5471 1.9949374411235085702 0.07938715627410571074 0.051003455691939751648 5.9403916918953720838 6.2545561592851770527 4.3356035387795088809 4.410600913034279813 4.4864002900038126853 2.7508e-09 5.06605e-06
12616016.427104720846 6432 1.8538590983153324654 0.17103815080125134296 0.10845925309867615605 5.5197816461592479342 2.3605423789577248961 1.2425706185907325896 1.0842008868703940649 0.93301513148644177331 2.86603e-09 5.13583e-06
12616016.427104720846 6327 3.0329991679355599032 0.12469624252309483015 0.16052789758690200195 4.232866192309591824 4.6906840611268476593 3.4927679269372395865 3.5385127066399997275 3.5867177402678769305 2.25041e-09 4.7381e-06
12616016.427104720846 5661 2.6400896268772569009 0.15495012818444853231 0.039809413209812974377 4.7292312919600920651 4.9217307690723526292 3.958439866008962138 4.0783448603009340161 4.2031786235888333181 3.01386e-09 5.22265e-06
12616016.427104720846 5236 1.9057203215427065413 0.20113976958194862421 0.084961529902443627682 3.1446646863924425652 1.1745490942772927045 4.0984391127863641913 4.274416091393572259 4.4565709278694427553 5.32813e-09 6.31502e-06
12616016.427104720846 6863 3.1143456749504099257 0.099062960791668389082 0.085102000380265260815 0.76470009487720369545 3.1644201827346276623 2.6694970987567989695 2.6222560807943526839 2.5730907080081792948 2.72515e-09 5.05026e-06
12616016.427104720846 5484 1.4020119018190375648 0.26022219438524663015 0.1181984328972928433 0.4006480660751672862 4.0973124168423407099 1.2261677740440677375 0.98874477619309997234 0.77137165527922935127 3.31273e-09 5.38988e-06
12616016.427104720846 793 1.5587039167216807378 0.26829282230679502019 0.094343920437330905382 2.5299319067388221782 3.3387775174405485146 3.6401991132248774363 3.7884452867045514957 3.9501394265810882978 1.51413e-08 8.94482e-06
12616016.427104720846 5606 1.4760851167209279033 0.24767411278919201911 0.12158654877472642453 1.3491964477213072016 3.1184864755640249179 1.8736925057246893722 1.6254725831470449027 1.3781685881529965876 5.08172e-09 6.21613e-06
12616016.427104720846 6951 2.9939282052419211588 0.060582941293902056734 0.012290934592120038651 2.8362392595999166289 2.6953848815317678067 3.6621922386216287926 3.6931662034505929881 3.7249133653194888005 2.54062e-09 4.9336e-06
12616016.427104720846 5181 1.490420329379743114 0.14880952142136452676 0.057553513108194079284 0.51229222138055796609 3.0521886494031571502 5.57492170824830513 5.6669672639685630955 5.7529721672602116556 5.47157e-09 6.37119e-06
12616016.427104720846 5290 3.1705227883323301441 0.05380459934412577111 0.18651924859655708011 0.93512782529022098199 5.6358051158986377516 1.6436647773111445758 1.5898715824352902537 1.5360767716097829538 2.68653e-09 5.02629e-06
12616016.427104720846 6704 0.90997011893028745266 0.13363021749696346596 0.20783856175755563434 1.6643945038418825888 5.5817268828783301871 4.2888988997992925079 4.4145782722239692575 4.5423262451132027095 2.12708e-09 4.64991e-06
