9462012.3203285429627 0 5.4005466572467319963 0.04516300180111596646 0.037608592367313065097 0.30728197304750975993 1.7768640517419660441 2.5100336879959486147 2.4828618348906932312 2.4552169420747786965 0.000954961 0.000356051
9462012.3203285429627 1 9.0339974751045932777 0.06514726096122791521 0.028392802984664525234 2.2019609803412869553 5.0433947466534458925 4.1366312135295455477 4.1923078993029250228 4.24884131705728052 0.000285285 0.000238018
9462012.3203285429627 6992 1.8507163988849641978 0.10355353905025850569 0.1243347562465817735 0.87271784977524791138 5.6496554039346582599 3.6609420271581347706 3.7148949680910452464 3.7710633731080509534 1.98059e-09 4.54062e-06
9462012.3203285429627 6819 1.375286686343703435 0.17288452315081798139 0.15087149484699677315 1.4821670786262730601 0.083862690118978136522 2.5323482847772944559 2.4251000657745107603 2.3115592393623942691 2.46721e-09 4.88561e-06
9462012.3203285429627 6546 1.6125909554853257166 0.027885816695318439012 0.14017867964068392306 3.2629856361757703098 6.2006945540294937658 5.0740729367772354763 5.1000301226882172045 5.1258469037020280012 2.57345e-09 4.95476e-06
9462012.3203285429627 6558 1.3568514288455730821 0.19377064204259089597 0.10121608083414783408 5.1870116653782911698 2.4352259904976656379 6.1693097071911386919 6.1895689230783172974 6.2076825448076418112 1.61664e-09 4.24347e-06
9462012.3203285429627 4977 1.389373992089330434 0.16119988055048870002 0.097417401376287807158 1.8048849437740295265 1.1369179406489591244 2.8240833150939210761 2.7692084538106169767 2.710557931486552885 4.26284e-09 5.8625e-06
9462012.3203285429627 5588 2.779169860030321626 0.27192039610932167149 0.071567568345665993901 3.7842168258680959347 4.5343875462840577129 0.2218643115883866257 0.16815449636741769401 0.12264503913723130701 2.40685e-09 4.84544e-06
9462012.3203285429627 1673 1.4477285695347295036 0.21519240404655295973 0.20995897177014685719 3.3396723518353748084 3.8664546824024439431 0.62293276773515837696 0.50634965566093925737 0.40198388251843786279 4.71659e-09 6.06354e-06
9462012.3203285429627 5771 3.1885535536468641027 0.041069484517380204502 0.3054385959747591972 1.4287155016107269123 5.5853483188795634007 0.26594185362522726468 0.25535346879050907498 0.2449798331773124227 2.44735e-09 4.87246e-06
9462012.3203285429627 6012 1.4018858488142815766 0.11938786258000098905 0.077141486159592417837 3.7831427020781025483 4.6366170171706349024 3.6622750011739473308 3.7251270418238888738 3.7909069952260638914 2.36071e-09 4.81428e-06
9462012.3203285429627 11 1.4567214547319020657 0.19875535231423382965 0.11476190294525963342 1.8442297757577157391 5.2955693756338293454 6.1604615551638124415 6.1828100601165241201 6.2027266943772163543 2.42862e-09 4.86e-06
9462012.3203285429627 5225 2.8391408732138745385 0.28616666855019434745 0.4043311608158692283 6.2669647648776329873 1.1897062666841653478 3.8949583449526845591 4.1178336350804851662 4.354893430761781481 2.91553e-09 5.16523e-06
9462012.3203285429627 6883 1.7936550666489796679 0.11788475426365846443 0.032365657628546824764 6.2049911611128605315 4.6915498493259342183 1.5538539101499722062 1.4358293101722603424 1.3190166269881482553 1.23696e-08 8.36184e-06
9462012.3203285429627 3514 1.3799032022128165931 0.31517965360048794121 0.071352686693754552305 4.4045392478176310647 4.6407098666328527869 3.2646340429287712404 3.3119073979365367677 3.3653280004764254407 1.82159e-09 4.41571e-06
9462012.3203285429627 5050 2.1929834727485215673 0.10155229235415154376 0.17565500263129399383 6.1923872448713970229 3.545157926355356981 2.5994065999471036577 2.5444871727083557822 2.4873892783629347747 4.47893e-09 5.95993e-06
9462012.3203285429627 6627 1.7523928274088445001 0.10878004060388379859 0.11632592161837267131 1.3209476080861846103 1.2126995137879783559 0.37073895636416892563 0.33312724752502775871 0.29755617994401672988 7.24481e-09 6.99615e-06
9462012.3203285429627 2413 1.7501111236812387784 0.072064661204221197588 0.055326502268809744922 1.1740732138498533033 4.8260630928097292269 5.4798418897003875472 5.5304930874660858109 5.5797569333920957746 4.92958e-08 1.32572e-05
9462012.3203285429627 1776 1.5286894727937041516 0.15138295751880642692 0.10476967015337408651 1.2419473321589191706 1.0531501339847928467 2.5682960303618345144 2.4801234753204797201 2.3871324321697429127 1.13676e-08 8.12967e-06
9462012.3203285429627 5560 1.7764119175674419893 0.082164038624888996454 0.077187494075055582132 2.4390845350895378196 3.3562705264440682029 4.0199799552872041986 4.0850157831300606404 4.1515335116958631545 2.32788e-09 4.79186e-06
9462012.3203285429627 2535 1.2274696876549591185 0.13753318791156091128 0.11353582134511049084 4.6269341418139591227 3.692885273797561041 2.1859720471420915899 2.0685643721928976824 1.947720777337240694 7.23789e-09 6.99392e-06
9462012.3203285429627 923 1.5014774710360301313 0.083238913266037203864 0.10844253238116115245 5.0027080044680847237 3.4682986447588879386 2.4311108712677547139 2.3749680938332593527 2.3172245927134245136 2.53731e-09 4.93145e-06
9462012.3203285429627 6946 1.4390788982344944191 0.25438978431964842652 0.043015526688043273507 0.84322561534468365441 0.051792385136110390131 2.443793553209210323 2.2598469748612863839 2.0634962286968465683 2.99755e-09 5.21321e-06
9462012.3203285429627 5448 1.9364955415773013048 0.15041627326186485236 0.14943644885462170624 1.8777648027503304196 0.54265775256530024429 0.35536227225193106616 0.3062236572586177763 0.26087914768945069666 2.56033e-09 4.94632e-06
9462012.3203285429627 5845 1.7472894339734286184 0.02067500524315518326 0.14782549137558309571 2.7297580626367490275 4.4159452665729812537 6.0831469852293791334 6.0872144710734197304 6.0912402849383111558 1.71925e-09 4.33141e-06
9462012.3203285429627 6764 3.2915366048514442809 0.04083670128986829212 0.3174535778011783882 5.6830267309205542148 3.4971810249681589688 2.881352978147453836 2.8706292378532585197 2.8596988935403109267 2.4069e-09 4.84547e-06
9462012.3203285429627 5259 1.6925799374558001542 0.040824518130129487659 0.082607622262133847957 0.49559345238823993007 0.46504984947971339526 2.1808272703873310405 2.1469592864286899392 2.1127255080150457722 2.21606e-09 4.71387e-06
9462012.3203285429627 3413 1.5967634826811438753 0.039546736260183540379 0.075008298209683410551 2.0273384973744872362 6.2118741291143777516 1.8796233452201698277 1.8417093583470678375 1.8036050117618016575 2.25655e-08 1.02172e-05
9462012.3203285429627 2658 1.7946495167869296328 0.2064038200576490123 0.016684131199933911055 6.1415650799284629002 0.059889648597092309812 5.1132908594095711763 5.2973604279558816899 5.4694450415344473271 2.46497e-09 4.88413e-06
9462012.3203285429627 6498 3.2498382362460596084 0.084207614048145348895 0.11727563099645584022 2.4050387896705149871 1.0278455091951741451 0.97323148637581247122 0.90513545731777222958 0.8389054263455861804 2.50157e-09 4.90818e-06
9462012.3203285429627 1698 1.3971793596391108849 0.26865801559640201113 0.06637431740948834813 3.4522773509114870194 3.7764092163392235513 3.2396822425099474074 3.2707084653398923457 3.305300163429639948 2.42949e-08 1.04718e-05
9462012.3203285429627 6300 3.2960734711194965563 0.061263040481957325989 0.31063684059798368775 0.26431380814213389918 1.0892701648413087856 3.2505966772184820002 3.2574773283423152925 3.264560896477204377 3.26125e-09 5.36181e-06
9462012.3203285429627 6744 1.5429519093829600074 0.21904007383061113723 0.17365672744852894693 4.3371800815542105312 3.5347993292471384663 0.92889505267964822544 0.76273469705262497698 0.61139967490994062693 2.29835e-09 4.77151e-06
9462012.3203285429627 6273 1.903943501923486048 0.075624037100518959331 0.04520398795362400024 4.7840220556304160482 4.9896655453875462527 5.7461191501310064922 5.7836399097064656871 5.8198658303752957011 1.74421e-09 4.35227e-06
9462012.3203285429627 3800 1.6725441356323877962 0.13366413051713504911 0.077983481132921209089 2.1245162067142624451 0.26659977807144613626 2.3848695261786252431 2.2880352077160925894 2.1873027777674773908 1.79108e-08 9.45995e-06
9462012.3203285429627 5861 1.6399101153319339819 0.14263847793455239343 0.17148053307969576831 2.5083947062441303011 5.648971849485327823 3.4487634497492392072 3.4952846821684455669 3.5446894665081027931 1.95257e-09 4.51911e-06
9462012.3203285429627 6922 1.0368572818330847873 0.17501407182851488886 0.15457528228711420182 0.5859062494455918868 4.1436464781832773596 2.6904282689704106524 2.6069454570631207524 2.5177692240984739236 2.00926e-08 9.82944e-06
9462012.3203285429627 6923 2.0370447886223121969 0.22952787614507888514 0.11720199119765253859 2.3015965395571211793 5.1665810570173942295 1.4891145814896782351 1.2604383968695334062 1.0418763712539067523 1.67707e-09 4.2957e-06
9462012.3203285429627 5480 1.957372784788284692 0.21146303676788655301 0.014402607916234960728 6.1155024364879624343 1.7140810211001913377 2.3994027350847799696 2.2427919950244326053 2.0773050774991972389 1.6026e-09 4.23115e-06
9462012.3203285429627 5093 1.9812253183951467062 0.12527974204768921318 0.095057139889690459023 1.060721906250819524 0.77462683600029458297 0.39366153725582386791 0.34807361661508040562 0.30534225253319002835 2.98948e-09 5.20853e-06
9462012.3203285429627 6676 1.8512597806694301994 0.057144519133662703692 0.22303472554590639265 5.4923241329365461993 0.43821389172831737291 2.9733362011386543777 2.9634809857843662506 2.9533566095202865576 2.23147e-09 4.72477e-06
9462012.3203285429627 6694 0.80976365450034548665 0.29641843750344271102 0.14266422874646683683 5.2333090654031977351 1.1703955305648556795 1.0608490501591874011 0.81566936879671581018 0.59982204688499196621 2.14224e-09 4.66093e-06
9462012.3203285429627 5129 2.6866588832659465957 0.53913438388061163398 0.13643553400965827138 5.7444588832997878214 3.1738279035175946952 2.7017014583660676763 2.3658749127125529021 1.9883575632353822638 2.0273e-09 4.57604e-06
9462012.3203285429627 5721 1.7992975295978661521 0.21288308869016567271 0.1142678565689135145 0.69462580467245194082 0.661250509130041908 2.7802345902557394908 2.6956212812741831009 2.6037974717057057461 1.97529e-09 4.53656e-06
9462012.3203285429627 6083 1.6509009137466972295 0.019923197620190666313 0.0995293561225511908 4.8103755592487376092 5.9021481354327880453 6.0715159475142650436 6.0756616867676882521 6.0797666083605417242 4.91269e-09 6.14644e-06
9462012.3203285429627 6982 1.4575789427294292278 0.10115493536062508673 0.069705868677621851681 3.847830974490358269 5.3467200282798010846 5.6815582367942303321 5.7366404097291496811 5.7892145296943509081 3.77646e-09 5.63047e-06
9462012.3203285429627 6562 1.9447216792330856983 0.16274570021770129458 0.14473609736748796473 4.3495819813692584432 3.6186613737144472935 3.484167620499546647 3.5437868154798750631 3.6074917255061942356 7.2003e-09 6.98179e-06
9462012.3203285429627 6915 1.1069309605396548957 0.31371122442637566774 0.12836418859819848093 5.2891874595978594087 5.0716492418043577217 2.4042380986138596199 2.159822102977802416 1.8989767710357063901 4.73216e-09 6.0702e-06
9462012.3203285429627 5492 1.7174413997133428644 0.020761807505593369433 0.095695095251518064172 0.98288760593035195967 3.7031598565618817354 3.507696035386262956 3.5152018702681764317 3.5227794740947362406 2.38141e-09 4.82831e-06
9462012.3203285429627 5781 1.7013915994809980514 0.09864991755290727915 0.16153449741442735266 6.2519890382888707592 2.2165408655495300039 2.4415302962517264618 2.375338326835639613 2.3069303994944769798 2.03408e-09 4.58113e-06
9462012.3203285429627 5427 2.9021274300001662638 0.08152404094639022214 0.10977271665254320632 0.83604070680449449338 1.8763308005458627647 1.194387690692155779 1.1196024976202629819 1.0462367968388115447 3.52478e-09 5.50251e-06
9462012.3203285429627 5568 1.5098544357308822939 0.41202166852163779609 0.16778538385156704926 2.1559665181632103881 6.0559938487956728181 3.1502222403865971501 3.1549655735115638144 3.1604753420640800954 2.09675e-09 4.6277e-06
9462012.3203285429627 5928 1.8231897665353848925 0.14025720202168184825 0.070683237529774803343 2.4923088652737956927 2.7478590754446532429 5.927752810362831859 5.9737560033673204885 6.016466438377057635 1.85148e-09 4.43973e-06
9462012.3203285429627 5044 1.8238560809529065221 0.25682954661364143512 0.17024784843486495678 1.4288077027693177889 2.1783790298300731436 3.1069164914906037822 3.0965011284984162998 3.0849242166014874122 2.3978e-09 4.83936e-06
9462012.3203285429627 6767 1.6688909183460738372 0.30728333101648663828 0.11137132536280676398 3.3549844858960842231 4.0414104444240717129 2.0959811480945136353 1.8022961135361461604 1.5032100624349928886 2.88634e-09 5.14793e-06
9462012.3203285429627 5537 1.8226143727075563294 0.18562105493517730426 0.07190182978629705568 2.215952740887814798 5.4990487571761521579 5.4671267625053019401 5.5951311680822986006 5.7130070793668865647 4.42539e-09 5.93609e-06
9462012.3203285429627 5021 2.7912385210261079216 0.19372750501028024317 0.13295971451623297965 5.1203984612921615849 3.4228145273516608071 5.1130112004306642604 5.2860558987744781234 5.4487708330708333193 2.06176e-09 4.60182e-06
9462012.3203285429627 57 1.5165119978501995224 0.074632026968331863226 0.031502707370296409439 1.911916701885515435 1.1429504415037174958 2.5573729199851449323 2.5148324591970365738 2.4710589977541586038 2.00445e-08 9.82159e-06
9462012.3203285429627 1124 1.508843825254838622 0.033033056788157336148 0.14991999200296984851 2.2325039426862507419 1.0764140708724030393 1.4044241710472216145 1.3719301117101394549 1.3395480969584157016 8.11026e-09 7.26432e-06
9462012.3203285429627 5020 1.8619796204132224027 0.24911292206218316192 0.16361396863255717182 0.3725125020089509742 1.733013196509105347 2.6688521605485822086 2.5391560372050587802 2.3979957461546348441 2.26068e-09 4.7453e-06
9462012.3203285429627 6161 1.8054809712084052276 0.17028481262682695907 0.078404057138540858563 5.5180686010241810635 5.0091863076289486756 3.1317314858878377848 3.1298812711100838513 3.1278870461264678404 2.19638e-09 4.69987e-06
9462012.3203285429627 61 1.5989300578540268649 0.024136353272344472642 0.0075670234239523731859 0.97290554758680636294 5.358994096953786368 3.2640747819570283816 3.2670598549486764561 3.2700802365827246199 1.34645e-07 1.85316e-05
9462012.3203285429627 6451 1.8513522650119484947 0.28035537692681467004 0.092050050499926261427 3.5916036269668616399 1.777155118563046754 2.1412584829327787617 1.8817768381868371641 1.6148689876404764831 2.57122e-09 4.95332e-06
9462012.3203285429627 6876 3.0894039281208534042 0.18274344314400570166 0.18071374785542293484 0.68897990800077701934 2.5097509160883340051 4.1446467478055044609 4.3077671646224500179 4.4757543201789946608 5.7202e-09 6.46627e-06
9462012.3203285429627 5132 1.3551939280333114013 0.047665360624868688411 0.15474553035671567702 1.0269520630584536569 0.52773918994684698713 1.0177485336291058893 0.9776731195731529489 0.93814905028034012435 2.32293e-09 4.78846e-06
9462012.3203285429627 3312 1.2758386864838855423 0.27122142707112539828 0.18014308695477240785 6.0585793405645711474 2.9574389122614030967 2.6000460941206173793 2.4387827247167690459 2.2634748786850971136 2.44733e-09 4.87245e-06
9462012.3203285429627 6757 1.7668425972024262016 0.094570233869094771917 0.0651460505629740394 2.4936157116376564957 4.9067722328961460576 0.42942011693904436065 0.39159260833380798994 0.35549884301260148423 7.3237e-09 7.02145e-06
9462012.3203285429627 2778 1.5771281543149424653 0.037092429445040868419 0.11538903568048512749 3.0179953782594015621 5.4150592477390286916 3.648243524989742248 3.6665452671283063069 3.6851349541585309844 1.15158e-08 8.16485e-06
9462012.3203285429627 5605 0.94918515884617271627 0.12617824942553504397 0.11596783213825156977 2.8447735997766927518 1.7695622470828245021 5.7085791693433147742 5.7739333500268923416 5.8354483077153984638 2.44051e-09 4.86793e-06
9462012.3203285429627 5518 1.7107000290305351964 0.068166954051072842224 0.0097521793152986844394 1.1515661769253884295 1.8046372664822889487 2.3889405314657383705 2.341106471422952584 2.2921834075711591261 1.73658e-09 4.34592e-06
9462012.3203285429627 5874 2.7121002997214116448 0.28021215217599793057 0.5452833568328668834 4.9315583737247941087 1.3551926083534218126 3.344624032321796836 3.4116442262313131373 3.4863995437834054414 2.14922e-09 4.66599e-06
9462012.3203285429627 6674 1.418039296010012329 0.1122648336163833277 0.17799678715675720797 3.6787810638628966053 1.6681204627397252516 0.90900057114920218559 0.82317949494218145556 0.7408544295495962384 2.73456e-09 5.05606e-06
9462012.3203285429627 2768 1.2319059424595080188 0.033402899867175726845 0.055501005668290380457 5.8647026894661999918 1.9097835000360434687 5.8109777796680432971 5.8259523662896217644 5.8406986436283876429 4.27935e-07 2.72464e-05
9462012.3203285429627 6176 1.4275666440992247352 0.12003264527600562839 0.12135586532948645921 2.5862056368854031696 2.0167285618494639188 3.79454728697312893 3.871375741646252866 3.9514024643629879208 4.04806e-09 5.76235e-06
9462012.3203285429627 5920 1.7285029638384510342 0.17692796002722160909 0.13331430240170466517 3.1829840885778857285 5.2155886629604752969 1.5729086699877810052 1.3950114457565370163 1.220810019650326872 2.02047e-09 4.57089e-06
9462012.3203285429627 6218 2.6233740539772751887 0.37658682248364655498 0.34585430256755844702 4.6093198128281906989 1.8443899217478907371 2.3166274475815908929 1.9884973895804030075 1.6442880174835852181 2.72586e-09 5.0507e-06
9462012.3203285429627 5952 1.5970559569312172687 0.2835022062470772819 0.13430732756775412562 0.84671049601366088488 6.2259999393132146039 2.2581402281424871603 2.0130374253322185218 1.7568095999696091702 3.30338e-09 5.3848e-06
9462012.3203285429627 2012 1.3537796897971832166 0.047020656038734891247 0.063274418017516612101 5.6760745971677897259 2.0738138200142914869 0.77733347138939179466 0.74488281535949063539 0.71300818668184418048 8.89641e-08 1.61407e-05
9462012.3203285429627 5312 3.0325258355319331116 0.038683457491051301269 0.21512614652926695391 5.7030234671639794541 2.4356217548717138399 2.1495082366686868447 2.1167679740370477504 2.0837081950588531853 2.46345e-09 4.88312e-06
9462012.3203285429627 5514 1.9943570154372300962 0.041949933439564178472 0.10046199431056665463 4.1972382797004010868 4.0182830656629340282 1.0885405641075764915 1.0517211414758234067 1.0152969233025217477 2.23079e-09 4.72428e-06
9462012.3203285429627 6734 1.5927104030896241937 0.041882293894964214842 0.098548506348942688238 1.3628517275108800177 1.1645632918736172901 3.7805471655529330199 3.8059609529763345215 3.831783980255714539 1.00692e-08 7.80756e-06
9462012.3203285429627 3988 1.555105009125261839 0.057760211853200980892 0.087088953262485294116 5.8806488039478708174 1.7587410081649423876 2.1578383012419761755 2.108934607718998766 2.0593379717284800989 5.58031e-08 1.38167e-05
9462012.3203285429627 3637 1.6553833165378695202 0.16556638244234958557 0.10834495549435108064 5.4233130865641507867 3.8236908009343375525 1.1257539326567160831 0.98074410041677240191 0.84317306915779988152 4.68902e-09 6.0517e-06
9462012.3203285429627 6028 1.8729962985834469613 0.10804079034611739629 0.077525441817428042413 5.7680212041678302626 5.8827096271947247885 2.102703751020398748 2.0067514668267554256 1.9088160424619640132 2.1303e-09 4.65226e-06
9462012.3203285429627 5572 2.7146056054902292232 0.23370211269456109271 0.32369457426618075679 5.1408368353269819906 3.2356462917925306044 2.2013663352050176769 1.9963016033808245187 1.7834386424914407954 1.63405e-09 4.25865e-06
9462012.3203285429627 6521 3.0181702761156032899 0.10170730952360930444 0.11997106388720972514 3.3242780023057481031 0.015345987345994559561 2.383459518337225802 2.3106837846639463052 2.2355684167230540638 2.953e-09 5.18726e-06
9462012.3203285429627 2010 1.5806892626676785074 0.036268034301593712887 0.055355883501378357059 2.7712100915909698706 2.8671714842235234144 4.4880908788404836329 4.5236016104215002187 4.5592252534763320071 1.35956e-08 8.62944e-06
9462012.3203285429627 5455 1.9120068434928836343 0.090791391568072948859 0.1311410162751894537 1.3706485506679961794 3.5053257675724176501 4.0690316432106072853 4.1438301044851479915 4.2203379925385844373 3.36325e-09 5.41714e-06
9462012.3203285429627 6780 1.9284920788628714394 0.12613812475543639824 0.11485395358771521845 5.3135317563514412598 1.2268558310860855354 3.4357001312032586782 3.4747758266468333765 3.5160296532966652805 3.2776e-09 5.37076e-06
9462012.3203285429627 5422 1.2251696753821204044 0.27926190508241993671 0.1185574224075213734 6.2687756962749787704 0.23033545283279566185 1.6431546986695573231 1.357961843010270897 1.0850011727191306576 5.73994e-09 6.4737e-06
9462012.3203285429627 5540 1.9083474566338676226 0.16648994579807302463 0.1709893502400828269 2.9970005152263041737 5.1593352599560091676 0.11091127425750862967 0.09378160708565620729 0.078190789390296569494 2.31531e-09 4.78321e-06
9462012.3203285429627 5552 1.5069086701486635871 0.22403731706598897788 0.12408043620319382516 2.8360866855992257207 1.3329833845368730394 2.6040520337478576529 2.4754934116775779707 2.3370554277237607366 2.51442e-09 4.91657e-06
9462012.3203285429627 5469 1.1258183392037526271 0.18544402960764183597 0.060790258112256391476 6.0829549083829848044 2.1693890866834739661 2.0458116674346453756 1.8724573433403224332 1.6953871673052194335 2.51139e-09 4.9146e-06
9462012.3203285429627 93 0.87815818063470496568 0.04314075472423128943 0.042053783452115758856 6.2130574006420458133 1.8507511428253700103 6.1258603812004963629 6.132481534253195754 6.1389584268442334292 9.18243e-07 3.51428e-05
9462012.3203285429627 5794 1.4732084077598308625 0.32911723230983924715 0.10059758683303211824 0.10957090354837638324 6.1097723484842081376 4.5699884023942063394 4.9100429373208456241 5.2327522462953721671 2.17467e-09 4.68434e-06
9462012.3203285429627 5178 1.7807036877554252019 0.084349343627768247345 0.060424861859111042572 2.8777187726502364562 5.2342905669567638682 6.1604323943643679584 6.170362500172093867 6.1798588534397440597 7.29677e-09 7.01284e-06
9462012.3203285429627 5725 2.9588059183822434939 0.22502270769983384602 0.22822616790288810518 1.7141265684219606502 5.1632734555549451017 3.1685382037615572592 3.1754692193983142801 3.1830907579950546982 3.15235e-09 5.30146e-06
9462012.3203285429627 4194 1.0669479730457851474 0.23400360999302804998 0.16644911126622852215 1.7079662554335730551 4.0617565979288965394 1.4442770517898140259 1.2133795577842803048 0.99416410878967786946 2.52016e-09 4.92031e-06
9462012.3203285429627 6053 1.4720068983328065126 0.080092104441940398241 0.10954283965901576159 2.5850024681480943123 4.7354217673384475518 4.6235681020845014189 4.7037152165646833879 4.7838043081936598711 3.14775e-09 5.29888e-06
9462012.3203285429627 6403 1.8727529346532294507 0.077865657740931681907 0.088081114660240170111 1.0496915396659356468 6.2731242523575563297 1.1488751310789280247 1.0788767573295865443 1.0102437992455262084 2.19336e-09 4.69772e-06
9462012.3203285429627 6418 1.8886741525681949305 0.20063995981776530653 0.065830122284271624933 5.7105426471802989141 4.7082987522204584607 2.8840075720916016344 2.8267752594779724795 2.7646485314901010355 2.1313e-09 4.65299e-06
9462012.3203285429627 6958 1.5827832892818876065 0.15319148057557555043 0.077943012613051185222 2.1261372528468238663 0.43246959274143548235 4.5050036790138028309 4.6579348528190083201 4.8108992638400103203 2.00486e-09 4.55909e-06
9462012.3203285429627 6874 3.2490793886273441338 0.10985428675013805822 0.31910837203691994057 0.30179730500018880912 1.1401001253590616891 4.9161077986492962566 5.022726325609523812 5.1273329396120805868 2.61974e-09 4.98428e-06
9462012.3203285429627 1959 1.5217420666691163778 0.068691433770576931783 0.064749631793970627291 4.4906607744030377916 4.5979806752158172145 1.2702358021717294889 1.2052310754974442375 1.1410786448733829523 1.79741e-08 9.47108e-06
9462012.3203285429627 3953 1.5848001164184362111 0.11227988759938657692 0.12088299156363133124 1.9142066646382740469 4.6292553118598371853 5.891874513764511434 5.9327024314437393215 5.9712538844219409384 1.87457e-09 4.45811e-06
9462012.3203285429627 6642 1.1202535440157439517 0.27271309268948196181 0.083154222512587402938 0.20587305419046877941 1.1536200397058899991 4.0889241182290785304 4.3333141209187955312 4.5866665998335198751 1.26355e-09 3.90884e-06
9462012.3203285429627 1615 1.3834354814549585377 0.098707174833141994585 0.086520414985828200671 5.6251261036148116901 2.1025164002901139959 5.3473260824103743261 5.4246809618704148193 5.4993890560400284784 1.02567e-08 7.85572e-06
9462012.3203285429627 5324 1.720310655682065315 0.15920661146271800068 0.097640892175658314245 2.2536988026830098164 4.7131080307234869409 5.0651392781374546814 5.2111920212939182306 5.3510002282953301744 2.44962e-09 4.87397e-06
9462012.3203285429627 5380 3.3017146707574061004 0.043878310701539142979 0.23234858998508992056 5.8875989709136113959 3.4436709683763084833 4.0652342866842907654 4.1007233619828831195 4.1366462147625782109 2.14422e-09 4.66237e-06
9462012.3203285429627 5451 3.2596785341932470459 0.040871232390435011106 0.058390816034290374259 1.1787551361911150494 4.5140194509190729732 3.426855268302871238 3.4385917406982851041 3.4505527885478612937 2.58702e-09 4.96345e-06
9462012.3203285429627 6391 0.87430569479857145332 0.14809045389734401543 0.20855742507251623374 0.15242336009412132958 4.2042104733684935169 3.7324259281388978415 3.8207872450811262155 3.9138127155502364651 1.23883e-08 8.36605e-06
9462012.3203285429627 6532 1.9092948140825785064 0.22128119863748343943 0.018983006698962055087 1.39139143678855004 3.5389633549941121871 3.0267711397159735576 2.9978882749940729546 2.9661985317458050559 5.62757e-09 6.43118e-06
9462012.3203285429627 2966 1.2703953145897792787 0.15397628245480915465 0.075421608874220072427 3.2005844417336177798 4.9025550948146765506 3.1700254522788715583 3.1747986206974303514 3.179910612502535816 3.90041e-09 5.69141e-06
9462012.3203285429627 3751 1.4216174022711389746 0.14527030225106890571 0.055340347630961163328 3.9808954075012445983 6.1648854743441914295 1.0564292216389226109 0.93384508844032110275 0.81706044260259524936 2.30157e-08 1.02847e-05
9462012.3203285429627 5465 2.654511203342071024 0.37615134631130131559 0.0067846273068018101912 2.60319525957154152 1.4197070318208400153 3.6909427571164830084 3.9343556070802052638 4.2022864245003983541 3.18145e-09 5.31772e-06
9462012.3203285429627 5719 1.5733078129923685484 0.12612898412693659966 0.050345084896627187443 5.3825911279792295616 5.4436912113366595634 4.97313705370989112 5.093380870053278997 5.2104659351314319693 1.33645e-08 8.58028e-06
9462012.3203285429627 5340 2.9186330272547027498 0.19084346183190831203 0.18161477060532996153 2.5275196680466383015 4.6343862518142824314 3.4860107734721621497 3.5574993470555495989 3.6346038260392963259 3.20434e-09 5.33044e-06
9462012.3203285429627 117 1.5037568513922821012 0.02521873401236737755 0.11494426911785453338 5.2074312507967341901 0.66881189527673245987 1.0086240418106997563 0.98742639042960311802 0.96637855514563331116 4.39609e-09 5.92296e-06
9462012.3203285429627 5708 3.1506320733763533148 0.068474873775829905864 0.21432570083385563131 4.8635245684112433651 5.0585537475205271107 2.9900430862180282787 2.9793303812746803061 2.9682681850283443303 1.65544e-09 4.27716e-06
9462012.3203285429627 5945 1.5974061960447858421 0.25949972966839257582 0.14385218758333140343 5.267140436009041693 1.6987411628680795239 5.2471251643296428213 5.459173222110427659 5.6496141226969145421 2.66758e-09 5.01444e-06
9462012.3203285429627 6151 1.7488105882544120462 0.21354221272012322008 0.12367863580504870336 2.0027934737472903315 0.098413136525357020057 1.1692994941758720895 0.97907524295274239723 0.80183907045648339373 2.10594e-09 4.63446e-06
9462012.3203285429627 5235 1.8821571869186883852 0.079985703323594364855 0.10001708751589349911 5.7075217201237444797 1.0150532327327028703 4.0465685277963725497 4.1111470297709313826 4.1771059378900972092 1.69779e-09 4.31332e-06
9462012.3203285429627 5270 3.0976808115771858887 0.13912276378312371516 0.35212455067571274414 1.1098151921250083429 2.1312319272375188639 4.1877222827593474364 4.3129467291723226907 4.441117477469604502 2.61601e-09 4.98192e-06
9462012.3203285429627 1888 1.3064383651553630461 0.14551954088053409286 0.082812845650155800237 0.47555902284516410328 4.965830093637523035 3.1703918209902246517 3.1749368221329987705 3.1797881511354133544 8.5818e-09 7.40246e-06
9462012.3203285429627 6473 1.9654840493863465767 0.12593271634496858158 0.096726124601766355626 2.1176357734623278972 1.9600493078426346472 5.0721798913482807336 5.1878146033448331309 5.2997811279868374257 2.97483e-09 5.20001e-06
9462012.3203285429627 5815 1.7140350459473736588 0.23911046299715327246 0.069248293899459106848 6.0804304593658526912 1.4560876035560850195 3.866465359157656323 4.0429478344700582326 4.230450747662384714 2.67562e-09 5.01947e-06
9462012.3203285429627 6211 1.6573784895933194594 0.042325675009025592876 0.059412778042177268045 0.38191798544296917672 4.2042032241878297683 3.7378807538202485361 3.762083282700020348 3.7866928862826583213 2.33777e-09 4.79863e-06
9462012.3203285429627 6336 1.8163560466079544664 0.14596157392338593439 0.088763137039780587445 1.1471373965885458546 6.0085396707300988695 2.4280117432775170094 2.3264052602708074069 2.2201665283542295626 4.9853e-09 6.17657e-06
9462012.3203285429627 6536 1.9978768878988426572 0.10686151632143486845 0.12347194143421276469 1.8091101280396693074 4.8855370951357723897 1.683651312691993418 1.5766205130702237724 1.4697608091762017768 2.77887e-09 5.08323e-06
9462012.3203285429627 5873 1.6221804650429585415 0.20557972058605072929 0.12296397146124384003 1.8764054151274356386 6.0784205526073185055 2.5506639576490877097 2.4241294368487991129 2.2889658310786251683 3.51811e-09 5.49904e-06
9462012.3203285429627 6368 1.4616495600390488896 0.14633628469137108241 0.17721342449570198774 5.6860536816728641796 5.5326181489236558875 4.0899684564359590766 4.2147001522063227696 4.3432841263898733786 3.51985e-09 5.49995e-06
9462012.3203285429627 5898 3.1695100087335017491 0.31303414258392064928 0.42201434556927536201 1.5991108553723969443 2.3058383303576146517 3.2645917916748983245 3.3114462037802643302 3.3643608718513862144 2.49608e-09 4.9046e-06
9462012.3203285429627 5792 3.1039238890317912833 0.097332062714477474152 0.35176494331585139719 5.5954245770037580598 4.3332620957424046182 5.0484656235277576286 5.1390508949011968198 5.2276573555602396937 2.20777e-09 4.70798e-06
9462012.3203285429627 6955 1.3845177595699373896 0.088131219805899982389 0.15736375611626385318 0.82254904623644975459 0.49326120582076421472 2.4118178411519233251 2.350961620507384886 2.288318189130314817 1.85814e-09 4.44505e-06
9462012.3203285429627 5782 1.8006185118369153475 0.031070636096042030666 0.031567761282011004564 5.5236293163157768049 2.0393084451797935941 0.38233830839699750603 0.37090825009749550656 0.35964632304988614075 5.0598e-09 6.20718e-06
9462012.3203285429627 6853 2.725749305396120814 0.65559145942843222166 0.32895558529866403275 1.3206323222193241396 4.7237978495193733153 3.8392456090792594914 4.487912614810772638 5.1270558087295565741 2.62932e-09 4.99035e-06
9462012.3203285429627 5737 1.7999722470442562905 0.275447544250561005 0.10673157037172643913 5.941978673564284108 0.32528711295911105772 2.4864957809371359687 2.2945193064576159259 2.0881138876833391649 3.30498e-09 5.38567e-06
9462012.3203285429627 5750 1.7202157210800785858 0.22294543792426352313 0.05287515168501558116 3.4308614888841240109 3.3106496182551778951 2.9648731177283873528 2.9202240377068906518 2.8712730121441056852 1.52873e-08 8.97346e-06
9462012.3203285429627 6880 1.0778237396374485968 0.068057532442268239836 0.34542141078578825208 5.6961217662826371111 4.0842131463935871238 2.0651643495604354861 2.0042193146352467181 1.9424548251277149458 1.78966e-09 4.38976e-06
9462012.3203285429627 6303 1.4572738716459789909 0.22337048982139537379 0.13800196000374065353 6.0597407397875215906 3.8121043238641139084 3.0506059460638415004 3.0274421531605746338 3.0019996381691780307 1.48051e-09 4.12085e-06
9462012.3203285429627 5241 1.8546658018216177766 0.023171273136402287945 0.077917043893012988276 5.7697442045744544714 5.8265029448073040186 1.3577120686323307375 1.3351181399492906277 1.312587408699196212 2.63706e-09 4.99525e-06
9462012.3203285429627 6290 1.5281633107383671977 0.019341001184326526291 0.1176581485721070186 5.4434718985318077955 2.3633738830939190478 2.2854631675906929011 2.2707603906046380793 2.2559671292058136594 4.66797e-09 6.04263e-06
9462012.3203285429627 5215 3.0446503986700426125 0.11495924846759021654 0.23682340959239914224 2.1299300941799597098 1.4804016195706941605 3.4439888388240174066 3.4803358134748054731 3.5185369944367241857 2.09099e-09 4.62347e-06
9462012.3203285429627 6358 1.7389075549668093768 0.072787472836267810838 0.087397229845539547988 5.4448629464677402723 0.83543348879861512035 2.6860309322508935104 2.6528824674079927171 2.6187096622556911285 2.40091e-09 4.84145e-06
9462012.3203285429627 3761 1.4795575228759434427 0.078391268350300052914 0.1064568474906094353 5.539944852227798755 1.9341223012990120811 1.9854485491696207689 1.912467558523838207 1.8386076178722672303 4.38307e-09 5.91711e-06
9462012.3203285429627 2057 1.3206968668841521097 0.26479999357862016307 0.14660526894161202138 3.2916594165370534064 1.8384283297103991561 0.7926700144428879824 0.61769194420296646975 0.4643316674607405603 1.66245e-09 4.28318e-06
9462012.3203285429627 5673 2.0257209585776694283 0.12111033204272927954 0.045653112210938269488 1.7575310315098886527 2.6545900934867456833 0.35962052407308153779 0.31915027155365754963 0.28115071135574659644 2.67237e-09 5.01744e-06
9462012.3203285429627 3324 1.722905897439819034 0.10699962327514399296 0.073583395358701494948 3.5524739843551604856 5.7823156592572875212 0.27012008294423756061 0.24289487849666985264 0.21716002119030675122 1.99813e-08 9.81126e-06
9462012.3203285429627 5034 2.7625429458630539337 0.19364441979425323082 0.14944726812763561852 1.1137873179088482178 2.4209813000448994202 2.8844322162260676023 2.8295337961697812901 2.7700813366823031636 2.20492e-09 4.70595e-06
9462012.3203285429627 6957 1.4978614584464180481 0.12980298405400939044 0.080116267293307952269 5.3047352003711019108 2.578338838678444489 3.5006131666512505518 3.5493809541189071943 3.6008582162232940505 6.68595e-09 6.81142e-06
9462012.3203285429627 6308 1.9510736690135310756 0.28854452452828055486 0.10440599739715165917 1.0926355296994734179 2.6434353726971151488 3.6417975162240323606 3.8038425849912735899 3.9812665145237029485 2.73381e-09 5.0556e-06
9462012.3203285429627 5344 1.9011839470659970264 0.12979788756339366573 0.093021988363695920499 2.1189897847001248898 3.876155871571350886 2.502814538080994744 2.4208533695277227871 2.3351945140035961224 2.73146e-09 5.05415e-06
9462012.3203285429627 6577 1.7181935264851215805 0.25094392537768506202 0.16495002560970722927 3.5215533752723597871 1.5785544828189632671 4.2488215002641176454 4.4895540482662843473 4.734293350566241898 1.63583e-09 4.2602e-06
9462012.3203285429627 5452 1.4505313344084957983 0.063999907506359685061 0.056642019862062159552 0.16170084229606523918 3.3789468876547625875 5.5464309700804230729 5.5884720609043618822 5.6294425726336756455 1.87068e-09 4.45502e-06
9462012.3203285429627 5123 1.6416912517972614971 0.37075807561804330348 0.1348271605117580263 6.2224462582778388153 0.65160857429410412589 2.7293357184611073407 2.5429027630372842417 2.333958079020542975 2.85229e-09 5.12761e-06
9462012.3203285429627 6241 1.7870446102541728273 0.097681592843899045508 0.076213518534993057729 2.0058809644876092193 6.1225894572721664133 3.2991610403707389843 3.315305996671654043 3.3321893797480517385 2.40528e-09 4.84439e-06
9462012.3203285429627 6183 1.8321074692372929515 0.058695082311474452985 0.091753263127522077802 0.79846516367767339517 2.3667106169424014794 1.3157078737991947381 1.2592962856666942706 1.2034259101711779483 3.31464e-09 5.39091e-06
9462012.3203285429627 1788 1.5324358443699275245 0.16115801309937341501 0.018460975652945597891 1.8523694219357629276 3.0897146979761962449 1.9268236535441432 1.770672867301085196 1.6127233332931190102 3.37316e-08 1.16823e-05
9462012.3203285429627 6090 1.9408222821710485739 0.081006730545836111435 0.12146585265773697515 1.8198057027618634862 5.7243403878246130745 2.0204657997560122595 1.9461143212767373356 1.8707463799565950957 3.39778e-09 5.43562e-06
9462012.3203285429627 6826 1.8535900642221374568 0.071333770314774197496 0.1192942345118422065 4.0184811845039192235 5.0748551274854074578 3.1206738793358472783 3.1191245523953772256 3.1175219528695063964 2.5665e-09 4.95029e-06
9462012.3203285429627 6891 1.4236296420516096894 0.15770086164500066173 0.13579864132330865534 5.9035761911465352014 4.4072882688404027007 3.1729173271159485381 3.1783156624107991028 3.184105610971752931 2.97992e-09 5.20297e-06
9462012.3203285429627 1399 1.584313162503704131 0.14745374327638774425 0.065403994718134406128 4.8982390222152014658 0.80017215061345836613 4.1015605507289389919 4.2282381464944940319 4.3587451075017282776 4.64728e-09 6.03369e-06
9462012.3203285429627 6645 1.6769700900345412276 0.12756296797525304432 0.065844622895432775023 2.5568655843681233897 2.1010020824680193385 3.6345126602654933556 3.6987250494215118124 3.7661745331983595975 2.03845e-09 4.58441e-06
9462012.3203285429627 5597 1.8327455063904725119 0.096599761909423015327 0.089717576726954684219 5.7798237745196336945 3.7809636660803151997 2.5390661984534772522 2.4819281173448186628 2.4227267790197886121 2.41109e-09 4.84828e-06
9462012.3203285429627 6672 2.7231710434094580364 0.27248099179811896553 0.13952457962805359104 2.5821391517477443323 1.8288706344949774429 3.6679146256820578387 3.8261449527110746871 3.998441833735743689 3.02735e-09 5.23043e-06
9462012.3203285429627 5187 1.9086107393248614716 0.19801103365700767345 0.15157700034950224999 2.9469750811762240872 1.2899164480520890486 4.3887992054684294985 4.5840151515389795378 4.7803968295978318537 4.88111e-09 6.13323e-06
9462012.3203285429627 5640 1.5556215778401001337 0.12785220381579989746 0.10678184906722049119 0.83620640371736065788 1.9976888462349897679 3.047298981292946074 3.0343865958053877208 3.0207063051484444038 5.24602e-09 6.28242e-06
9462012.3203285429627 5842 1.8842892301366584995 0.1728180479362519395 0.1427265643539136486 5.5982134798332605641 3.849151661827649562 0.69557586430660756083 0.59107591243517365598 0.4947722394987743022 2.75394e-09 5.06798e-06
9462012.3203285429627 1444 1.4862641939968843641 0.13389003429255771915 0.12230544123232581222 2.5331803245114454803 4.675450725185279488 3.2819498938953604039 3.3021069428695293269 3.3235060388954775767 4.82654e-09 6.1103e-06
9462012.3203285429627 5566 1.6751280268396817608 0.10392970582110595823 0.074151216990008733676 6.0286535179498885739 1.9192880204683333556 5.500853963479002573 5.5716687286490671482 5.639533073911706218 1.33774e-09 3.98389e-06
9462012.3203285429627 5503 2.0501502951228536276 0.47904582132447298681 0.36678553039687594728 4.2370317137007660335 1.573470765466227661 1.4229579067590876207 0.94583962318849168494 0.55733899442834211602 2.63499e-09 4.99394e-06
9462012.3203285429627 5424 3.0396058722367556015 0.034640930354888667397 0.28739775478614165705 1.0356131887059008001 2.907121963035004697 3.7213890736277841498 3.7406515372847688461 3.7601843623374584524 1.80053e-09 4.39863e-06
9462012.3203285429627 172 1.6861968704093273086 0.098048920706861719676 0.075398782133437008968 2.2738848140405218956 2.4203750907535761527 0.27710147084033065479 0.25142855138314329499 0.22703517144901744218 2.7327e-09 5.05492e-06
9462012.3203285429627 5929 3.1861577785528916174 0.045888963903259999411 0.15072408345659077389 3.0712819917630311828 0.58492386221416281522 3.0488601823214991349 3.0445091942744539892 3.0400611299198652127 3.18574e-09 5.32011e-06
9462012.3203285429627 1642 1.5122329142693720083 0.12858295208287040534 0.063012843938525173182 0.68233022708828705571 0.64765914601866947375 1.2125821187252017186 1.094473102750487481 0.98020313284015914146 2.26742e-08 1.02336e-05
9462012.3203285429627 1144 1.2618154196116724286 0.15043792033277975095 0.058866836437855736552 4.1576461160185527177 4.5739365821263433531 3.5726488058056351527 3.6405055885306247809 3.7124858107539573382 1.14633e-08 8.15242e-06
9462012.3203285429627 5069 2.7446745842325057652 0.070970977862049755558 0.2097718409481798274 6.2184736452220477076 1.1413229666413888808 2.1259568960800643289 2.0644354154525133005 2.001937352443645235 1.18876e-09 3.83014e-06
9462012.3203285429627 6398 2.4363649574134220721 0.55034993356558359334 0.28677536924293423048 1.4618367461368368954 0.60273894093493673996 5.6963017392221013679 5.9605541536651349688 6.1350497838055035871 2.41801e-09 4.85292e-06
9462012.3203285429627 1810 1.6865936112422394988 0.1365806986910801657 0.12271663604224046507 2.1574482387803812777 3.6547061378971199552 2.7233424302161619579 2.6638966856426349317 2.6011058555221313604 7.36354e-09 7.03416e-06
9462012.3203285429627 5072 3.113342580938435411 0.10879714887058845874 0.28409587030860455892 5.3442752357026046539 2.4715623385240181875 2.2088284024698747743 2.1182925486033319373 2.0253982200824869331 2.73643e-09 5.05722e-06
9462012.3203285429627 4722 1.3534742694788963746 0.22222463998561409193 0.14661929039875531977 4.8301485622223410132 2.0089201103933471693 3.394809642852043563 3.4580569093970576766 3.527215072429492615 1.70563e-09 4.31995e-06
9462012.3203285429627 6175 1.5970321197894936649 0.091160093108254555694 0.11314139538784470651 4.9921412872179926623 5.7621895606473172435 5.1221839780246121165 5.2044267957638599142 5.28477274739364411 3.23411e-09 5.3469e-06
9462012.3203285429627 6799 1.7419416669036149603 0.21302305982734334733 0.14174973281732247687 3.2379212018950727092 6.1515014828216889597 0.87732743443337057876 0.72259168360325110037 0.58171295217696139535 2.97873e-09 5.20228e-06
9462012.3203285429627 5182 1.8578094604343160512 0.11588587052719609427 0.048492288967605885752 5.1036506737839495429 0.0014479982233175255329 1.4348111870076449836 1.3206321594312244727 1.208353608270344326 9.37786e-09 7.62462e-06
9462012.3203285429627 5372 1.3988940449240507835 0.28587685365214787758 0.13159272467397087336 1.2324232649731676759 0.3211986756837588719 4.24771558753205003 4.5252031529005272148 4.8060862603323899478 3.11368e-09 5.27969e-06
9462012.3203285429627 5855 1.8104263216727165542 0.074455102468713910135 0.040401410300845791435 3.3914579579427268641 2.8125352540442709603 1.3945140394010904217 1.3216200012473851011 1.2494643795942432796 1.62587e-08 9.15964e-06
9462012.3203285429627 6156 1.784901369720923725 0.14132992605038111056 0.023576253890566372523 0.25718694687216037131 2.2660711029664635241 3.6990202830528979838 3.7789383012605726186 3.8630386941140040236 2.69058e-09 5.02881e-06
9462012.3203285429627 5095 2.0296609748546203811 0.12835163265301788305 0.043046567463325344227 4.9118950205992000235 5.8232090690046547365 3.4851386914789252991 3.5313466798726338425 3.5801152817710506504 4.6491e-09 6.03448e-06
9462012.3203285429627 6507 1.7913043283231473435 0.12199077705079218459 0.12655861904931137163 0.41602361326823034116 2.1910551380066065619 1.9350157360503736914 1.8181821534724431633 1.6999052798532370279 1.72019e-09 4.33221e-06
9462012.3203285429627 6653 1.8205225824281896507 0.13893328167796131778 0.035116567167313816888 1.5657974512000309986 3.1709933480586753873 3.9887343501901928455 4.0983172113326737929 4.2118685836247742316 2.19009e-09 4.69538e-06
9462012.3203285429627 6463 2.3613222755372813566 0.22867938049532127165 0.31131636069738449768 3.2324876774603183982 5.7044006461007725761 2.6059064242299543324 2.4747110748907035216 2.3332640314972619144 2.40859e-09 4.8466e-06
9462012.3203285429627 6633 1.3791519989146188152 0.048189277686665456246 0.088080665253722337238 4.3699420735974516816 3.9512073669050002955 4.8717675616332378752 4.9191834069883126901 4.966345969809299099 3.02269e-09 5.22775e-06
9462012.3203285429627 6942 2.8439110587892506565 0.1088134794831555896 0.13756565957163316427 2.072060220110182982 2.7321031156058799283 1.9007124483074324672 1.7956992368061917009 1.6896261416846130032 1.34834e-09 3.99439e-06
9462012.3203285429627 193 0.97299024239744391629 0.090423512555557306047 0.31129246345941991025 5.8297453326704085086 2.9491639607870463458 5.7679086495422460246 5.8108585691176122268 5.8519976054929294662 2.99462e-09 5.21152e-06
9462012.3203285429627 4502 1.6908680315871376099 0.1077747217832533827 0.16773974283461551282 0.29912591993193360373 3.5824172783328713798 1.292962678454820491 1.1906258678537477991 1.0905461108197100906 2.31392e-09 4.78226e-06
9462012.3203285429627 3593 1.7223525140788389365 0.072603301397158884201 0.032011593692529850819 5.8152227886461362871 3.090243913839320733 4.0182299423986069797 4.0754206869311015993 4.1337866689895932382 3.2828e-08 1.15771e-05
9462012.3203285429627 196 1.4631804550655924668 0.094971341363530734081 0.080317353558698595384 3.4298927400845586888 0.16420812395582520815 1.1184842542466144621 1.0346634772642941957 0.95301751692253922066 5.83048e-09 6.50756e-06
9462012.3203285429627 6147 1.6681513198928930031 0.17041327005540574113 0.16167124916777980692 6.2452213715329074617 1.9694178132262163405 3.1014376236132159548 3.0938996467542905222 3.0857752063246000063 3.37103e-09 5.42131e-06
9462012.3203285429627 5386 1.9189670720733364995 0.080544992965218706327 0.035437162686581473448 4.6078326621078264935 1.0085569051112666106 2.7505155271658296989 2.7185745274564188101 2.6855096472466160051 2.3788e-09 4.82654e-06
9462012.3203285429627 5301 3.0245036026969094323 0.20658116983666496846 0.24011720460932869936 0.61103461890533505851 2.8043161903344082653 3.4433665843549898788 3.512280993216353675 3.5871164895634759517 2.88595e-09 5.1477e-06
9462012.3203285429627 6457 1.9737131111903731817 0.47860169471126767782 0.38829722433806890258 1.0250386599531842169 0.5680778095086005397 2.9207203206500804704 2.772377485707311795 2.5996579830463000249 7.63173e-09 7.11854e-06
9462012.3203285429627 5100 1.5185195604400538727 0.2197372245627937648 0.093630860678390270824 1.6607558772399586555 4.912631233402335873 0.27436942387689128298 0.21993979383993481069 0.17199953290265040939 2.27428e-09 4.75479e-06
9462012.3203285429627 6055 3.2295326588607178309 0.11304883843544202837 0.074886144342372076843 4.993494697698602991 3.7821181288720504554 4.4839663966993681399 4.5957531984603248176 4.7080339553661962881 3.0525e-09 5.24488e-06
9462012.3203285429627 5142 1.6217966865788979725 0.054425302842909618894 0.055153811362122703854 3.519978628560327838 3.6087874930494638903 5.7542003928515619293 5.7810538917689600069 5.8072485146997765426 1.02472e-08 7.8533e-06
9462012.3203285429627 5984 1.5215439773238901289 0.23017839202145107258 0.086483596659063466383 3.6017101167469234291 5.6203360146620156002 3.5203049259943783866 3.616976575255970161 3.7223245830945037582 1.83318e-09 4.42505e-06
9462012.3203285429627 6291 1.7597143646339665768 0.22012522332862366481 0.14980003214755061025 2.3291647675023430253 2.6949844523018828824 2.9678141468084704435 2.9245370955246343669 2.8771319822988488113 2.82649e-09 5.1121e-06
9462012.3203285429627 6390 3.2070165224118416525 0.13258778636658133387 0.35327854794009805328 0.49359362952713969896 2.0870621798070279063 1.18034506679616924 1.0603806168418707934 0.94469227189138305079 2.74624e-09 5.06325e-06
9462012.3203285429627 5954 1.5528324933073320846 0.21418854493355801716 0.081771408155977984289 0.9725605813827662427 2.3906043776259520151 4.1418083472897428976 4.3349171940856159324 4.5340267439772192759 1.68237e-09 4.30022e-06
9462012.3203285429627 6542 1.9972089607092835539 0.062431818317602652546 0.11611924949610863411 2.2847137068758516243 4.6822901904356353242 3.9656523052955607866 4.0125022933756788746 4.0602573389597171882 2.35942e-09 4.8134e-06
9462012.3203285429627 2329 1.0806488147099755359 0.10854382679900810571 0.034211220062472257053 2.994670332678125213 2.5252327700417076528 0.80444136541105792926 0.72889900347417269089 0.65660351826133755981 1.80151e-08 9.47826e-06
9462012.3203285429627 6286 1.4686445228493465454 0.17234136652440729121 0.12761512368498198478 5.1623335195419102206 5.6868454340387808443 3.9536833077608348752 4.0875039776364223698 4.2272780648448717855 2.66284e-09 5.01147e-06
9462012.3203285429627 5405 3.1499617641276951296 0.05949932398883348017 0.17270046135838834633 5.8476461419904390837 2.787344064034960045 5.4978915536667010144 5.5391226640201196574 5.5794205133153127463 2.93677e-09 5.17774e-06
9462012.3203285429627 5098 3.1831967588997192031 0.045236353990260894098 0.068399348055433004112 2.3833609539977347325 2.3753833917088931216 5.7192711272411340673 5.743007158787562183 5.7662717082247789691 1.90652e-09 4.4833e-06
9462012.3203285429627 6419 2.7456314831380437269 0.42345842066423672323 0.44121427803844176507 4.6551930671147516705 5.5142448779984132301 3.2004067324731266808 3.2339676876111038695 3.273029065526086967 1.9765e-09 4.53749e-06
9462012.3203285429627 5368 1.587691403430818049 0.10837168603608104966 0.14364990948673206361 4.0372618323149929154 4.9426565938356867846 0.01559474142414902717 0.013987146169257563474 0.012471384981175092851 2.65835e-09 5.00865e-06
9462012.3203285429627 6721 2.4493609680085821623 0.34907742414493247995 0.44512052800712931244 2.0965809693218080412 5.1581137595461967749 0.10542323155267215029 0.073264016699924217058 0.04771207562584479922 1.66278e-09 4.28346e-06
9462012.3203285429627 5510 1.6410929145720947187 0.24018824095272692243 0.16059445082580664499 1.7079514738603851498 4.6953096518471930665 2.5667014673659074298 2.4193262097500980445 2.2605409095400039732 3.25682e-09 5.35938e-06
9462012.3203285429627 6261 1.6721664452310176507 0.10640754454914169713 0.16543894061692870912 1.0742695379580773363 0.69699268347104026411 2.9195066995539407095 2.8947129559301743029 2.8687091376462610093 2.48402e-09 4.89668e-06
9462012.3203285429627 5274 1.9689503487139126126 0.23062611488489648259 0.15666581038895449618 0.56552170386170763638 2.2934848931985145626 0.64814134092057584802 0.51921793303262053776 0.40478095657049006917 5.75566e-09 6.4796e-06
9462012.3203285429627 4188 1.365497605424532912 0.07599569809572888357 0.17306286241827315009 3.4285780239216916421 3.493017470648290157 4.443343294654260589 4.5174269213204336637 4.5919828824757109587 5.10361e-09 6.22505e-06
9462012.3203285429627 6695 1.7943264530389591016 0.10572800393998142698 0.16844355948923545041 0.96755215549007456133 4.7777430537270459965 4.798155605415432845 4.9032167428027646494 5.0070255263840275362 5.61749e-09 6.42733e-06
9462012.3203285429627 6034 2.0061915409662511856 0.19777390753200096984 0.087541606697963333938 4.8846022355209051113 1.5101610348252956229 4.1825153968969850382 4.3635377743905872094 4.5493989707196424988 2.45369e-09 4.87667e-06
9462012.3203285429627 6113 1.3832962967331761117 0.19072362049099472747 0.036145883397999761799 4.9634254857615927037 4.0446902269654048112 3.7440163903116805422 3.862345875427700026 3.9882140739805072016 1.07283e-08 7.97432e-06
9462012.3203285429627 5971 1.1558222950727359279 0.50991591959856885641 0.14819128978690865317 4.690915560363878356 2.1160411409131558713 3.8634237418398744701 4.311844820324101768 4.7814003603603687509 2.72325e-09 5.04909e-06
9462012.3203285429627 5748 1.9361943343981522503 0.038565046373142834735 0.060507528680476575789 2.9732711398861071395 4.3553192972439935815 6.0172907836198366027 6.0272430726447083771 6.0370060864920862542 2.75123e-09 5.06632e-06
9462012.3203285429627 5053 2.9526562915721745739 0.086219286555727830956 0.31078184461180041742 0.87158468179996562153 6.2614290257549196639 2.1307709891816037917 2.0559004125895197213 1.9796285539052678182 1.90259e-09 4.48021e-06
9462012.3203285429627 5116 2.7229120894005887088 0.11750653194141733038 0.16894910522508635453 0.44741631847172480541 4.1400296300842676089 2.8777127378954276971 2.8451039347653210854 2.8107727637962902634 2.56354e-09 4.94838e-06
9462012.3203285429627 6595 3.0316802016778749973 0.020574967715418761988 0.27818284745643245826 1.0041514726986977557 2.5425600439503344141 1.620299301673613801 1.5997376194511514491 1.579171267914530663 2.5233e-09 4.92235e-06
9462012.3203285429627 5266 1.4458010975521773389 0.081045804039869412394 0.15392768414582216896 2.5628031968778479666 2.9002971447435648145 5.6720808477855131358 5.7171530589792576293 5.7606168989156794069 4.85139e-09 6.12076e-06
9462012.3203285429627 5762 2.0158693689169098207 0.083301869638989459177 0.12448318241784206428 3.0385554931739271467 1.4523702817966830381 5.3309325064572217201 5.3972883597190657312 5.4618042168946079329 4.50081e-09 5.96963e-06
9462012.3203285429627 6628 3.3314581955206805652 0.049285698353864045018 0.2384763952812348764 0.34025844625040196911 4.4896846821484235335 1.0235223244769673379 0.98194889394004325478 0.94096382535793610113 2.5094e-09 4.9133e-06
9462012.3203285429627 6808 1.6392298311104154251 0.21986282817400906731 0.20843857722769096319 5.9097172724364783747 5.2732408248536444262 2.5308773818611305373 2.3906593497449706298 2.2406422477717002906 2.07842e-09 4.61418e-06
9462012.3203285429627 5481 2.0124275189993281465 0.07248490097236845453 0.16449399212299312123 2.7691626589853965967 0.14840399586397004517 4.0581778682583617979 4.1170560491092142996 4.1770707812391920655 2.0621e-09 4.60207e-06
9462012.3203285429627 4662 1.2309861118025484661 0.19426718617027538549 0.12657299938675520279 1.1557595053262179619 4.2498675033490904696 2.3076144260601365588 2.1524195239385162104 1.9900953031465067333 5.28399e-09 6.29754e-06
9462012.3203285429627 3089 1.4295795360968763799 0.094375379425925942645 0.15413723506120799445 2.5182938403876726774 1.1642550416916368494 5.990907593977981449 6.0169789283140842073 6.0418065750161034089 1.46985e-09 4.11094e-06
9462012.3203285429627 5878 3.19677387367783572 0.044343569417319594894 0.068420414403826665395 1.7022228999988398002 1.3845157278730055861 3.1487339953152346794 3.1490580083261860977 3.1493890457272746275 1.44428e-09 4.08696e-06
9462012.3203285429627 3948 1.5534361015331596967 0.15021613903283631553 0.048057371260215885067 1.6146066700864341037 0.41945776693674946545 0.5974843371067718456 0.51753408889461627318 0.44321635690318400558 1.17788e-08 8.22655e-06
9462012.3203285429627 3872 1.1310921468295944692 0.12704275347579671585 0.18866523451942221468 0.16438756819630742645 2.905251603142489536 3.6824855566819421071 3.7519370439025552244 3.8247515605744810685 4.66657e-09 6.04203e-06
9462012.3203285429627 2498 1.5057534200174982342 0.11854047993785046811 0.041556996401392619356 3.9441648820014743038 0.44716761519683873027 5.1240996502471896079 5.230483883843066728 5.3334676101200111376 3.65469e-09 5.5693e-06
9462012.3203285429627 6200 1.8374396140351214601 0.24605023121942434794 0.092799937614523556051 1.3123725593550148449 1.133981202815192324 5.0286477177275283879 5.2562740798724272295 5.4668204299381439881 2.64335e-09 4.99921e-06
9462012.3203285429627 6297 2.7086519567710296563 0.16501602366516121556 0.11160863876261899186 1.9509091705999439537 6.1204646919116596493 3.1826349541277441091 3.1900695137345302932 3.1980658396742267513 3.1612e-09 5.30641e-06
9462012.3203285429627 5450 1.694101916341139713 0.12973049242499590239 0.12840799067247088416 4.7426734227045130865 0.58619204196776919513 1.8370696061853508674 1.7093618036404751859 1.580874757862636093 1.88249e-09 4.46438e-06
9462012.3203285429627 1273 1.047796239075508673 0.31355816078686638004 0.15155005482085970314 5.988644242610871693 0.99205351476210379413 3.4496263180378341495 3.5646773661409292266 3.6934165473563815851 3.64337e-09 5.56354e-06
9462012.3203285429627 6450 2.7458414270707347526 0.054936710534644647708 0.18282245576670513865 5.5750884399044782214 1.1551764970234865704 0.50685281604979737224 0.4807926554102721628 0.4553854095110526079 1.74846e-09 4.35581e-06
9462012.3203285429627 6407 1.8979586994667181354 0.19431248420192301363 0.13472185729770649876 2.4467467678229417594 1.0190784775175611987 5.1880416564089317788 5.3545634207463477239 5.5101679442059241509 5.15346e-09 6.24525e-06
9462012.3203285429627 5576 1.7643634174924001101 0.17876825156586359511 0.17374079808596157304 4.5964613386898705016 0.41672752586469130609 3.3154125298902483721 3.3496131483533044815 3.3865329889533173358 3.16141e-09 5.30653e-06
9462012.3203285429627 246 1.5562715969877249922 0.05027559665483645468 0.1461620524322473913 4.8000456595588323339 0.036040558152645861545 0.32704488908050238782 0.31126017273960210341 0.29586284398645945615 9.52298e-09 7.66375e-06
9462012.3203285429627 5992 1.763386197444181569 0.30787342544557194657 0.18172658069627239952 2.3881213994242167509 5.5798546937059629869 2.3549416052227192253 2.1048441217043727391 1.8398409277922960214 5.52752e-09 6.39283e-06
9462012.3203285429627 6196 3.1312043072858752879 0.28117043743871766859 0.012921237282658367546 0.10829656829276056162 2.45697298319547075 5.8768318903712684076 5.9769640882329762022 6.0617251116867594263 1.25424e-09 3.89922e-06
9462012.3203285429627 6421 1.4543032355392200294 0.04197731947126447094 0.006944119920278602788 4.7132406977374161627 5.5814390132340827577 0.34771574569181523673 0.33368288044917226998 0.31993425957039661744 6.6141e-08 1.4622e-05
9462012.3203285429627 250 1.2805059326731849101 0.087798875130584597137 0.070445376712883561732 5.543737377155151691 4.2801066578041861987 5.5766261001002268571 5.6318743771751416105 5.6851006449560292921 1.76053e-08 9.40585e-06
9462012.3203285429627 4243 1.5104156289805916735 0.090468130827954282291 0.14906078058777380568 1.4620206931282435647 2.7694732231286298685 0.021415544725001251641 0.01955844626476722567 0.017789142997090699044 7.70334e-09 7.14074e-06
9462012.3203285429627 5711 2.2814587180026193458 0.58105912025468009485 0.54351215634973237822 1.068386717093657623 2.3505675863533133096 3.6501388758706294624 4.0767056682691915626 4.5442642927621577087 1.73005e-09 4.34047e-06
9462012.3203285429627 5322 1.6990142941599113424 0.22559477862411667082 0.094532429901480211076 0.55419142398340925926 1.2839417201663909651 1.4681018306675455154 1.2443359968027913887 1.0306563628692262391 5.00791e-09 6.18589e-06
9462012.3203285429627 5046 1.9719558287100154015 0.097694197112806413497 0.14588772125856205863 1.8277592052276112611 4.2733282252181439276 3.9433840374090665115 4.0162041713416885003 4.0911643844756584443 3.3008e-09 5.3834e-06
9462012.3203285429627 5351 3.0019958514454745391 0.10103402312248577211 0.11855560789968366819 0.48044144612082401169 3.0325051438777443913 5.3961985970209997987 5.4722471025822256863 5.5454900754485754177 2.44807e-09 4.87295e-06
9462012.3203285429627 6058 1.6037170270061968935 0.07448803227541095362 0.15430323127568809638 1.4407139228220522398 6.0163178208711389772 0.24967846139245758463 0.2318907550167216558 0.21477205848937486188 3.78849e-09 5.63645e-06
9462012.3203285429627 6337 1.7740780460327385537 0.077330154829316169462 0.11933837674343358848 2.5381446976676795835 4.9256659310536914376 3.334994145367359053 3.3504668203789882419 3.3665018983024537214 2.57504e-09 4.95577e-06
9462012.3203285429627 3776 1.5458628865285597431 0.11761066201312700419 0.047343578772897521034 2.7109429158013935712 5.9070700737220471765 4.3330573717952578505 4.4450197881092829988 4.5584516585603989114 2.26546e-09 4.74864e-06
9462012.3203285429627 6660 1.944808511104244797 0.14577674020105299557 0.078253674558452848697 3.5422851915219686347 1.1243791485175875788 2.1439715688077156663 2.0159140238460167005 1.8843417698630364754 1.90857e-09 4.4849e-06
9462012.3203285429627 5775 3.0571291860289435682 0.044094184077532121158 0.01141263982886552876 3.8781245844644018916 5.4932474126977801632 2.9991012021770662166 2.9926965313895670384 2.9861553109007283879 3.02463e-09 5.22886e-06
9462012.3203285429627 261 1.2992789393919044194 0.13668277558074265476 0.10618763167489983501 2.5118081366865134818 0.88861994332636173866 0.84407819968929009846 0.74600214867780489936 0.65323443666819147602 2.34124e-09 4.801e-06
9462012.3203285429627 5313 1.6434870316775802568 0.11088713587091755808 0.01361132559726463756 4.8279085794083540506 4.6874014483558168465 4.0970876148674149064 4.1908617730742019347 4.2870074986926880456 1.41091e-08 8.73674e-06
9462012.3203285429627 5927 3.4762183068058472024 0.099420151621110161577 0.19209172485689637866 1.3398551575852568618 1.0790332418944017512 5.5499294993083720939 5.6142320134869292403 5.6758889332848880827 2.21586e-09 4.71373e-06
9462012.3203285429627 6245 1.9898447017241731594 0.057712217772657732617 0.094078215178153415388 4.9877494827888009254 5.3373545204144434706 2.7443790591470689222 2.7214240971304506367 2.6978824550821967065 2.49438e-09 4.90348e-06
9462012.3203285429627 5868 1.3632924130791292949 0.068216183927354318017 0.065302853763372928353 1.7158185836663100154 5.11944538440891872 4.8799652021411876746 4.9468978750353000962 5.0132468847654463318 9.40389e-09 7.63167e-06
9462012.3203285429627 266 1.2273951431559138037 0.16586521501890327812 0.14826794981505561632 5.0559439326155857231 5.172447061601171292 3.332797161311325862 3.367369691005078991 3.4045008994025738325 4.96117e-09 6.16659e-06
9462012.3203285429627 6123 1.4529156400981291242 0.095888251726339551739 0.15726393082629905318 0.80613652476209651798 4.5683770417897946459 1.6240986830133885555 1.5279532864264175895 1.4321530239347124436 1.87233e-08 9.60087e-06
9462012.3203285429627 5407 1.5432401512440980795 0.14037429235904241853 0.12799922006244579542 2.858490290746434237 5.1549152374089786122 5.5221092573060870379 5.6146132171889906459 5.7016264862000607394 5.11323e-09 6.22896e-06
9462012.3203285429627 6026 1.7365009936955664305 0.022385815717966755373 0.049245041848196127732 5.7395570011598522342 0.54284508269262932156 3.0642067528756058437 3.0624563829243869328 3.0606867014227367996 1.19536e-08 8.26704e-06
9462012.3203285429627 5968 1.3716186175708888761 0.22709507401989315056 0.16697569861158936821 6.262416935489945935 1.7979369189924532257 0.94148222060991848537 0.76769796948737833997 0.60998481368435575334 1.90606e-09 4.48293e-06
9462012.3203285429627 6005 3.0252653504045796673 0.14398824973082810508 0.39378738529504059285 1.511351379641044268 3.2914165214416373217 2.0220975048582521261 1.8878036554239754352 1.7509899715233225859 3.36675e-09 5.41902e-06
9462012.3203285429627 5476 1.6238211410672609425 0.10703812588022514063 0.070153950673010931349 6.1313689931908408326 5.3970515214426235673 3.5533016141888054129 3.5984737389773218119 3.645693741042528746 4.35596e-09 5.90488e-06
9462012.3203285429627 5997 1.8166569294930006162 0.19300481924047174775 0.11395529471893825479 5.4023975281836946749 1.7454592725471027581 3.7423740706966315273 3.861993912189292999 3.9893165448432079678 4.37918e-09 5.91536e-06
9462012.3203285429627 6710 1.9211850820862417244 0.15772818943307553852 0.17584632461158880568 5.8719822859127033254 0.13605034280641442601 4.6149748843139146715 4.7738378057143604494 4.9312683013184539504 2.35382e-09 4.80959e-06
9462012.3203285429627 6685 2.1140002004928732937 0.32182072237351733168 0.49815420872569621258 3.7627781938362829806 0.32959908544799221275 5.8033681517419033469 5.9362718215662146903 6.0456898345623484303 5.95104e-09 6.55211e-06
9462012.3203285429627 6827 3.1347485996397055352 0.065513329391080635244 0.094892891535299686567 2.6862542564660296662 1.1286925772157074821 5.5121840976208815732 5.5568288123890807739 5.6003395010978369584 3.04652e-09 5.24145e-06
9462012.3203285429627 5420 3.4896689940302696442 0.041024738452799448807 0.27297991446124059145 4.2006648730557181182 2.8133945368878294779 0.90138963131482852109 0.86961224803327297206 0.83826611318554133945 2.55489e-09 4.94281e-06
9462012.3203285429627 6524 2.8869305108836154083 0.45197487126215030173 0.35534676142672649846 3.180189205014789966 2.9406837321368235472 4.956697153373514908 5.3881341157950002341 5.7407834871186036452 3.2456e-09 5.35322e-06
9462012.3203285429627 6036 1.5187872121658356761 0.15725365552772851974 0.11412937385069953089 4.6755885601539066698 3.127846443863634196 3.0811973491107238488 3.0708274488146947157 3.0597086470677488101 2.34807e-09 4.80567e-06
9462012.3203285429627 6312 1.4946983444619554859 0.14668890949275797952 0.081156202284566353322 4.7171692593178047304 0.22839075108602915898 1.5726440701891610807 1.4254041942881547911 1.2802629745983671317 4.34831e-09 5.90143e-06
9462012.3203285429627 5195 2.781755306488398638 0.14528180176366531362 0.063121034829277763989 1.9199670926879761623 6.011884605360595657 3.6135709767124790659 3.6845653762417711619 3.759630078246423146 2.26107e-09 4.74557e-06
9462012.3203285429627 6686 3.3549365958138466226 0.36250141547870340375 0.47680924791808593222 2.8078324201800142212 5.7481785044091973091 4.7543690701169403212 5.1221695190491498551 5.4546588188617199933 2.71129e-09 5.04168e-06
9462012.3203285429627 6056 1.8349557139534862227 0.16599788942974569306 0.1179935280216361515 2.4277838996362164359 0.23088003053109304452 4.3968458433439856492 4.5596213211146841005 4.7236859489382130306 3.00235e-09 5.216e-06
9462012.3203285429627 6170 1.9238109071713243026 0.10924959467190004103 0.1484111251216635452 3.0709896850663538359 0.66112751191567120657 1.2560127572210104674 1.1536469341352710849 1.0537657550808845475 6.44558e-10 3.12323e-06
9462012.3203285429627 6886 2.7804252486757063956 0.09711976671725232324 0.56491325299513239777 5.9770813822325390419 5.2790151060731975718 3.4436897198749152338 3.4740627699876487355 3.5057606099127442967 2.88448e-09 5.14682e-06
9462012.3203285429627 6185 1.7902387242012631763 0.099913651134982697788 0.098711570397127468279 4.527573764071018303 1.7940118784946035291 3.1200705428387718321 3.1178013439729452827 3.1154244916055211512 4.56223e-09 5.99666e-06
9462012.3203285429627 6037 3.0113133620149792335 0.056099465611899199113 0.26195804016638990497 1.6882668025840699144 1.7018643250257849964 0.085324482660584066718 0.080670054894359868869 0.076149414778832497097 1.83549e-09 4.42691e-06
9462012.3203285429627 6149 2.0528149061016782717 0.22672852279808305975 0.093964053510022391147 3.0070839761963510384 3.0534987443548144981 3.4555617730181258374 3.5351664641013491597 3.6221149095090954262 2.75102e-09 5.06619e-06
9462012.3203285429627 5846 2.7892409441759067334 0.108642530573927934 0.10281653384828358389 1.3209155061940083264 5.8676203193874201247 6.0832655821946870489 6.1038073782037125525 6.123191108876637756 2.37403e-09 4.82332e-06
9462012.3203285429627 6333 1.5849257568524892648 0.19157404868844246648 0.10696288794952109324 1.5808140656056821616 2.488934074441007116 2.9317409786085151246 2.8872607576766737836 2.8390609468419083505 1.94245e-09 4.51128e-06
9462012.3203285429627 5488 1.5308231807453607232 0.17127741708986660152 0.1505077613616019605 6.1650610261646994203 2.1536424753257339404 0.88866966113315715159 0.76180867510211391913 0.64358763906130156407 3.37985e-09 5.42604e-06
9462012.3203285429627 6244 3.2283197696568053381 0.11787434168232839571 0.39194317138157869218 0.017914575230222638119 2.7739749976774121798 2.5832339266493766772 2.5172806965752800856 2.4483785282557510854 3.08558e-09 5.26376e-06
9462012.3203285429627 6192 3.1998947019968415617 0.20979760308257447421 0.32832325604870571389 5.0242825058925584258 1.8465928571980751993 1.4773861328512862823 1.2689798080234644395 1.068665456214870968 2.79503e-09 5.09306e-06
9462012.3203285429627 5172 1.6382693409038984189 0.20094622285463067946 0.15904402982444487691 2.6655092742250894311 5.2590192812173235382 6.0192355165524134009 6.0674652548740706237 6.1104779640850681588 2.19922e-09 4.7019e-06
9462012.3203285429627 5144 2.3019397899024185428 0.45900462352196325089 0.32866232298571135262 5.831772360756279916 4.2646129642973154006 2.6750884452134386926 2.3976151155040534846 2.0867680700839832397 2.44844e-09 4.87319e-06
9462012.3203285429627 6164 1.9966251984998353297 0.10561777645516101654 0.063536874817458621756 1.3937068999770330091 2.2023990944361080402 0.23786877477123316571 0.21413472294720203859 0.19169073492423899241 5.09634e-09 6.22209e-06
9462012.3203285429627 5361 1.7592332463496569428 0.20218199347462781357 0.11961829246809045635 3.696393589154791659 1.9402134620418465261 0.32132153925682233053 0.26251959189319151733 0.21005040430791732664 3.09083e-09 5.26674e-06
9462012.3203285429627 5650 1.9401229744040797698 0.17730153289285952023 0.090533586975680743758 5.8632134227875711829 0.94548858030097882033 2.5750659169769010148 2.4714185879370305088 2.3612926318103961698 9.54988e-09 7.67095e-06
9462012.3203285429627 5562 1.8187592681620508017 0.36943473584876251881 0.1028699904457827663 0.79341794099473872404 4.3955837372691366483 4.1371303257296734301 4.4920686027567651166 4.8525731713054112149 2.04245e-09 4.58741e-06
9462012.3203285429627 6631 1.363264401689290084 0.085193725678830906078 0.034158351997101397968 4.2499591175758499872 4.1189063459639374543 2.2167287313133212656 2.1468059631568046086 2.0753588585611244532 2.32153e-09 4.7875e-06
9462012.3203285429627 3400 1.6220659965848109874 0.16322799318255501455 0.15851614849100087445 2.2774141319951182183 0.091789311123250783009 4.5142040566662871015 4.6776020942956897386 4.840731334100457417 2.20416e-09 4.70541e-06
9462012.3203285429627 5798 1.6591512755386781386 0.10148857874446495786 0.046653123144872292449 0.74446732808906834755 5.4596961784906667958 5.1168297550243053706 5.2084718600820867351 5.29772637549018377 2.01067e-09 4.56349e-06
9462012.3203285429627 5551 1.6811923977497418292 0.15373403097438384513 0.090116258642647509292 2.5664531093686440144 0.081631925301448249321 4.4414035334403978439 4.5932700979439333722 4.7459147282166327386 9.09521e-09 7.54723e-06
9462012.3203285429627 2928 1.3237719204381181992 0.054358714883094738646 0.13311228385718187894 0.89662330898725395301 5.5909514196856848756 3.1122703115974008625 3.1106308635510817595 3.1089480893244973991 9.69793e-09 7.71039e-06
9462012.3203285429627 6787 1.7198166502785510179 0.10156478113620080739 0.13410963245968185453 1.1742054336673353188 3.9964931596638892941 4.2879913300357763717 4.3827021452164096615 4.4787970307509503698 5.13164e-09 6.23642e-06
9462012.3203285429627 6227 1.5382281856615207527 0.071050154653364894219 0.091748737563987839416 5.2041048622243266664 0.96136138820933070281 2.2350707879149562807 2.1778174769852953752 2.1194603710125603513 4.04266e-09 5.75978e-06
9462012.3203285429627 6979 3.096492596091343863 0.16004250088582250289 0.43666880294566418064 0.78565607000920689718 2.7477086513461759232 3.2061413945732120112 3.2174396923182335684 3.229566806849141436 2.0418e-09 4.58692e-06
9462012.3203285429627 4406 1.4895528756897256084 0.24303124566569700438 0.13203661457133680779 5.6168230470506337326 6.0055136198806158276 2.5646319075743617688 2.4148065047227675883 2.2533192131985502193 4.822e-09 6.10838e-06
9462012.3203285429627 5453 1.6123797186465871345 0.2348406101691258574 0.064147168349721436775 5.5754165133593520665 1.0640493164840847395 2.670390232915726525 2.549583603358701378 2.4185356619280411472 3.03837e-09 5.23677e-06
9462012.3203285429627 5134 3.5354814599752431015 0.14913353280626859276 0.30841617495198908605 4.4728693310383249582 4.2998829086100514019 2.131278990229092507 1.9991715302473795912 1.8635134231243706271 2.31886e-09 4.78566e-06
9462012.3203285429627 6550 1.7591973331332240171 0.16487207145613536063 0.029345339842961642995 1.5540186036047345386 4.5698241953955678341 2.2284450109585840494 2.0902590518773789263 1.9471359122757756488 2.018e-09 4.56903e-06
9462012.3203285429627 4313 1.354290897333697119 0.066004584114217154656 0.15070762653353309002 5.4750152690991633619 3.9921893346076493536 0.65857732795408807647 0.61917373800871833289 0.58086715352171547355 1.98502e-09 4.544e-06
9462012.3203285429627 5577 1.613253226392942663 0.13394548739488407185 0.11173184765868918178 0.24612492625747664499 3.6720119887033537687 0.13162137672337198557 0.115067059537333094 0.09968833547582478527 6.01747e-09 6.5764e-06
9462012.3203285429627 5417 1.846767705987886643 0.042627943975492646467 0.011949434392729788024 4.1947391824318263076 5.9079190462587085619 0.56512207756444143847 0.5426885749829643002 0.52067379342458453007 6.2485e-09 6.65951e-06
9462012.3203285429627 6611 1.6879130373653841168 0.10586789526901385639 0.076183683944073057881 3.0615822401481511683 0.82651743660307452899 2.7386416573666476637 2.6948798916564338235 2.6491446215567795441 7.5829e-09 7.10333e-06
9462012.3203285429627 5631 2.6306104023077052645 0.18710406094745363204 0.18019643750304795149 5.5306147251002464316 3.4864321513671128194 3.1390139070064857485 3.1384763807603079933 3.137893314402600442 3.10559e-09 5.27511e-06
9462012.3203285429627 6137 1.4905544810764976837 0.18922097148448746573 0.084531482131495305765 0.19510981846762565084 4.3027677285098508975 4.9932487604194113473 5.1715093055286711632 5.3411350604635732253 2.35406e-09 4.80975e-06
9462012.3203285429627 3887 1.4639456884879888943 0.069883496193548180764 0.11613299749763046631 0.84833858495158454005 0.68751813622494051259 1.4450779124988031299 1.3759917582287193305 1.3074300721040836848 2.30943e-08 1.02964e-05
9462012.3203285429627 3103 1.3153349043140536434 0.14365677143945421168 0.053761712582535051141 6.1747864739721851635 1.378217489159544451 0.78137061933412110815 0.68470668329118977713 0.59385155663141120375 2.18756e-08 1.0112e-05
9462012.3203285429627 5607 1.9600317912805425014 0.10899051090605954561 0.079083657684883304495 4.1119717868422087648 0.12087167653322737626 4.0450909236943415337 4.1339061862560022576 4.2251631946704639731 1.18158e-08 8.23514e-06
9462012.3203285429627 5029 1.9095485629480701828 0.18761328618034681104 0.088723809229578551316 0.075981936537995661829 2.9151469093842399261 5.3829069961878195372 5.522752283717143662 5.6520619742043143319 1.87308e-09 4.45693e-06
9462012.3203285429627 3807 1.6517980550656499172 0.11501539645617633867 0.040315120182755785627 4.8489163511196009537 2.2940387390231729015 4.4490845202461350993 4.562084029648915795 4.6758026804968295664 2.20274e-09 4.7044e-06
9462012.3203285429627 6604 1.786968348680657126 0.06128611129971901772 0.17744300285281675023 2.2089304259085458249 5.4860772632063588006 5.8407650615719299836 5.8663183091551873716 5.891132917546503478 7.5209e-09 7.08391e-06
9462012.3203285429627 5362 1.6809037683414862485 0.24532149492985866335 0.017936598015011476215 0.86940769830852515643 5.8660379362214261079 4.651675397413427504 4.9009394124407439364 5.141913066446067937 1.49782e-09 4.13686e-06
9462012.3203285429627 6068 1.7545411804878097151 0.12890687510822054773 0.099624523201951961648 3.6251656778055805219 3.4817061218726417238 1.6648845030298506931 1.5354029294726263544 1.4065767862787823539 2.08722e-09 4.62068e-06
9462012.3203285429627 5877 1.5177077395775770974 0.08783915937654744599 0.10474022632517693276 0.64012144884197419437 1.7891878462426027419 2.943751659564819434 2.9256736593527152834 2.9068545433892318819 2.13222e-09 4.65366e-06
9462012.3203285429627 5479 1.4672762136275767642 0.17187137434089413968 0.16602835260114226501 5.9466950545990915344 5.470231388838507236 1.3898975656190744044 1.2225674917333870795 1.0610120834541532098 2.12255e-09 4.64661e-06
9462012.3203285429627 5257 3.1507050563613612226 0.11257859720918460267 0.2344110811477985723 5.2698421290126997718 2.9470026256193637693 5.3997637264444149352 5.4839855364264709081 5.5646816875964146831 2.20895e-09 4.70882e-06
9462012.3203285429627 6565 1.8133582728817758678 0.038357643984242420498 0.060441360540472374718 1.4465930331486438476 5.9254978018866912848 1.896673668462041995 1.8601008180368578948 1.8233372208449312168 9.85083e-09 7.7507e-06
9462012.3203285429627 3239 1.336852214863627486 0.053593726843819196326 0.15891369440079997077 4.9611771965899471581 2.0354699360068568836 1.6751299120410574339 1.6216526519356884162 1.5681282166467800376 6.46074e-09 6.73407e-06
9462012.3203285429627 5595 1.4764793609050561596 0.1152376000293370284 0.049610514471230500455 4.8674237003837319548 4.616238969983355922 2.0598709046332905892 1.9550493342538695085 1.8482150082205401898 2.78921e-09 5.08953e-06
9462012.3203285429627 5226 1.1262717667316988202 0.19297828061470562178 0.066814245146418621557 0.54003061294432508355 2.9837082609413561052 4.5636793439662026728 4.7585406110925347889 4.9513134089185708575 3.2729e-09 5.36819e-06
9462012.3203285429627 6709 1.4707518071435121687 0.16566259997431465045 0.1467066674879570487 4.4179132964961489449 5.4410196133404120644 2.5219556559267966023 2.4181157267553330392 2.3084479711109309186 2.29225e-09 4.76728e-06
9462012.3203285429627 6064 2.8836820983989599476 0.38435532112360792922 0.31224719572177039861 3.9769830748213554905 5.9607147396588393562 1.9566719408982322648 1.5614609435203987697 1.1771223704392959064 2.5296e-09 4.92645e-06
9462012.3203285429627 5923 2.9983021914433218846 0.083394223855699708969 0.093282546097783247685 4.1678680797099216804 5.349610282428900021 5.0696845622101704976 5.1467833434591439001 5.222432336918977569 2.22479e-09 4.72005e-06
9462012.3203285429627 3796 1.8515514995802859755 0.10919574322426162105 0.083068747227705297398 0.5990867472574524788 5.409760844466735108 2.3399035657902960139 2.2581373250624334759 2.1737360215480943104 6.24365e-09 6.65778e-06
9462012.3203285429627 1253 1.3847262748528934573 0.048415980231051092275 0.092645473391888680248 5.2176695806993889093 5.9174727231385464421 2.4723900018249240773 2.4417573988189671397 2.4105730690444993058 5.22993e-09 6.27599e-06
9462012.3203285429627 6311 1.6931255663492672525 0.12017248303988299629 0.11689338092122267265 6.2359032404172642927 3.7710348097592101269 4.9953339589567162804 5.1091072612039338807 5.2199464274057731927 1.23412e-08 8.35543e-06
9462012.3203285429627 5437 2.0846509622962963171 0.12981557384864500504 0.15440111145853968599 3.6307960229629054894 3.2750698515474185868 3.701022034331538535 3.7742213630760708121 3.8509770006584833624 4.54448e-09 5.98887e-06
9462012.3203285429627 6822 3.0701616996370462154 0.066852901475503961892 0.22485709289098373964 1.5752063218829917002 4.7429057854889959955 4.3500954023021227712 4.4134086498872981963 4.4772957778466748735 2.03075e-09 4.57863e-06
9462012.3203285429627 1517 1.3052931440320232337 0.28185491077051344488 0.15615807914464840955 0.59766380562609089377 1.1426540902820676582 4.4362647192858704059 4.7223832388446185249 5.0042240731649298979 2.17631e-09 4.68551e-06
9462012.3203285429627 5753 1.9352944338041693229 0.29602772105107699741 0.053129121474977482331 0.36282703489629641869 2.1257504976900505334 3.2090847335100765036 3.2331395486270539941 3.2602021291751053234 1.44813e-09 4.09059e-06
9462012.3203285429627 5766 1.5743652838921138315 0.32296794332377543046 0.04155827442508679137 0.49151244356510953581 0.75006532415591387064 2.4117386640433768896 2.160571721472738016 1.892164167483212811 9.36827e-09 7.62202e-06
9462012.3203285429627 2957 1.5429982863861155806 0.24793162439308621958 0.11480508241024972582 3.977181014854461516 2.0873903201174077715 0.81410013080444609823 0.64593831674387991448 0.49669637565830271342 2.55608e-09 4.94358e-06
9462012.3203285429627 6197 1.7728108270417308745 0.13773077160406163588 0.086408947538086131046 1.1833218609513835862 2.6130775174846374576 4.9211353343593415843 5.0544097593028514126 5.1841630044912818676 8.02678e-09 7.23931e-06
9462012.3203285429627 6991 1.384151844528337838 0.18717820437998311522 0.13801691626887638287 6.1391711026176096766 6.1602894307410558383 3.3581339979397104578 3.402822728949582487 3.4511650733877710095 2.18061e-09 4.6886e-06
9462012.3203285429627 6154 3.1656417389635858051 0.071966238935237819563 0.28954084380165656665 0.33699483169620758627 1.147966394873554119 2.0284382874100783667 1.9627716624693229974 1.896263612527034903 2.04677e-09 4.59064e-06
9462012.3203285429627 6209 1.4319214285505241779 0.18706751213044112148 0.061477136642868530914 3.283841269741419211 1.4851511472674263636 2.5449838239003059748 2.4300936286826182453 2.3079441849226411954 2.89646e-09 5.15394e-06
9462012.3203285429627 6392 2.9755824488984758958 0.22619494840521603418 0.16401407142783644422 6.0888082040240556481 3.8761684898077799488 2.2141527906562239458 2.017900380167390928 1.8139397252545008676 2.75286e-09 5.06732e-06
9462012.3203285429627 6347 1.3885748130084292207 0.025509283187489815992 0.088321003363824632237 4.8422708219567738297 3.3459877527202923631 0.13584857451773876824 0.13243639218238917321 0.12906790181869870482 1.27077e-08 8.43734e-06
9462012.3203285429627 6735 2.071844323364024909 0.11869683969748388852 0.10494959097567362061 4.7779574680023344513 1.4738401994415553098 3.0262612244662396854 3.0116918968473909146 2.9963164143386156191 2.32036e-09 4.78669e-06
9462012.3203285429627 5485 1.5988932469359087296 0.35015065552974816709 0.085227327420370882494 1.1824425970981280454 1.1001258719199433767 2.746572296392290724 2.5799348277582963007 2.3934480660624264381 1.60307e-09 4.23156e-06
9462012.3203285429627 6816 3.0808683514216776977 0.06158536259106154459 0.15745505268846135549 4.7383438293924591278 2.1995729048988659216 4.4234236010518390714 4.4830175940045080551 4.5429900059201413498 1.76213e-09 4.36713e-06
9462012.3203285429627 6572 3.0017434062956502849 0.15721835743530954144 0.18922410582367721332 1.1504240724186753919 6.2456873893675650677 5.3678637401888735781 5.4873685861127103891 5.5996909311182569979 1.66053e-09 4.28153e-06
9462012.3203285429627 6740 1.8481431225705122756 0.09870607176298250296 0.027497079478642494355 1.1783157876561143329 2.5562683207979746136 5.9574890917128833223 5.9877293650309386663 6.0164702107281078369 8.24013e-09 7.30289e-06
9462012.3203285429627 6480 1.5021409938262100248 0.10972805747546605926 0.16148875692410191718 0.77912926923996139728 5.7616364940631843439 3.2310205787588492932 3.241419830996268292 3.2523554889635382104 5.51174e-09 6.38675e-06
9462012.3203285429627 4254 0.9546253963811645038 0.27618606225961306322 0.13104817447615105253 5.9236504181000615432 2.2665150106159921428 1.8039281919824274869 1.522539440591199611 1.2466748969094649802 2.35858e-09 4.81283e-06
9462012.3203285429627 5478 1.9516543947846993756 0.08978869210540989243 0.1082590716249137025 0.81803356022523776581 4.8664355338628606518 5.3027130816674397096 5.375598757418337037 5.4463540602574225247 2.28234e-09 4.7604e-06
9462012.3203285429627 1447 1.309275650676892333 0.074123026523641014074 0.14632729709283165409 5.9680629979084809378 1.7792901990517588917 5.2169685302257589044 5.2807766809351450732 5.3432453387339515771 2.94046e-09 5.1799e-06
9462012.3203285429627 6815 1.5298861140345396681 0.13193115088001591828 0.21001174638845485076 0.94908009672826998404 2.8527685624579546264 4.8697328135678716876 4.9990808105338579992 5.1256271398815176354 3.57143e-09 5.52668e-06
9462012.3203285429627 6044 1.2423512033205446059 0.1584227481396226489 0.13134849555936986554 1.3111487005967434882 3.5072979147623519758 3.4536969757754256705 3.5066580728020002589 3.5632166420157149744 2.72625e-09 5.05094e-06
9462012.3203285429627 6667 1.8182089948384387856 0.37788270964200970647 0.21817904519582312362 4.4064432415967571544 2.7671828166837806329 4.8646325481058605433 5.2369542452801294274 5.5640275088670456682 1.85586e-09 4.44323e-06
9462012.3203285429627 6040 1.9272860225538239742 0.082701804694835415188 0.16187572222961260637 4.9548916944579790567 3.3900985060798607407 0.81543594479291103827 0.75680588133316095689 0.70002259707452085813 4.48499e-09 5.96262e-06
9462012.3203285429627 5950 1.6664076823672711036 0.11642223416696272087 0.10013881655093329059 1.2884961097852558609 3.2727332292260697955 2.3163458537033276841 2.2270350705856003515 2.1347945811237107883 6.81029e-09 6.85339e-06
9462012.3203285429627 5158 1.6298731889283297747 0.10685254202438297655 0.096317500646105891349 4.7424176706751000054 0.17360146437331425151 0.58658873443420644911 0.52982257831845891438 0.47582141364268082384 5.85576e-09 6.51695e-06
9462012.3203285429627 5252 3.1575780748291673028 0.20951853870266559654 0.15321170450166340937 3.929413813454025739 4.9145557402999529018 3.7027233060155757549 3.8264190075594801677 3.9589475554484718778 2.42859e-09 4.85999e-06
9462012.3203285429627 6104 3.326371691808348352 0.071385988886451950952 0.098685669954282531635 3.1563227895722629768 3.6909168927364888191 5.6047251674048821357 5.6483625915539823481 5.6906969656543235914 1.75259e-09 4.35923e-06
9462012.3203285429627 6866 2.8782069868700941306 0.45632903406622832287 0.22656683727658036287 6.0611152349988364207 1.3817030733445296864 0.01234695001310539067 0.0075439962502517931078 0.0041014843818953485369 2.29084e-09 4.7663e-06
9462012.3203285429627 1284 1.65440147269285176 0.09744680205687274166 0.16043922509831978762 6.2251839155535666492 0.34835009794655391602 0.55391599752108211518 0.50459369819799737567 0.45748286483536726443 3.64405e-09 5.56389e-06
9462012.3203285429627 6952 3.1921470531276172622 0.15701830112690343122 0.12742330226238970936 5.6133730308660361175 3.6137726184474954216 2.5804255768220132339 2.4903769950957750368 2.3951997670766851378 2.57429e-09 4.95529e-06
9462012.3203285429627 6649 1.7286711379503709729 0.11319932611709881964 0.19006615699088089122 2.0775211204357066919 3.4674398637588677019 2.3757936589876100797 2.293767537113518884 2.2088857873147174082 1.58536e-09 4.21592e-06
9462012.3203285429627 6236 3.232348094774132985 0.22080682266609355513 0.7798020723080032468 5.6249754957650779374 1.6222685517553321333 3.2934028800983927709 3.3314076072459188893 3.3730688148667993254 2.68304e-09 5.02411e-06
9462012.3203285429627 6425 1.4248626162210973334 0.16362522664926953953 0.084660592421325772672 6.2148177406045173043 3.3610366919629490745 5.7135904701485369372 5.7966204469293671764 5.8731303234796552459 2.58684e-09 4.96333e-06
9462012.3203285429627 6573 1.7817916346954221218 0.18615524516491951945 0.20215236222948601563 3.4789821416805581933 3.2041246774405256481 4.82556412440456306 5.0096794402715625338 5.1876687445640818908 2.46875e-09 4.88663e-06
9462012.3203285429627 5342 2.0641186683987489126 0.219742649460137357 0.18000381318088309879 2.139231663529196581 0.66210632786789158644 3.4411750983224824729 3.5146022567150816407 3.5946808126723026611 2.15151e-09 4.66765e-06
9462012.3203285429627 5302 2.6100802564384597559 0.64101830048146590801 0.27915421166622061966 1.0167428577437900294 1.615974896857355958 4.2041692935722805302 4.9387067100432346933 5.5633785739716064001 2.1776e-09 4.68644e-06
9462012.3203285429627 377 1.4545832144224568605 0.28681899438579466777 0.10193011812286059681 4.5950992366633318653 2.6815560263546531772 3.2119688398284371722 3.2360945443086750473 3.263159155657856747 1.8845e-09 4.46597e-06
9462012.3203285429627 1442 0.57372783575835184511 0.052142830468891253337 0.053608230185955001168 0.04786913080675637977 2.1608490987379767034 0.87031926814155768923 0.83109191425257578079 0.79257568242818199344 7.70371e-07 3.31449e-05
9462012.3203285429627 6119 3.0969721197100521515 0.11720618053348204335 0.23256202508726567246 5.9359107966582467242 1.6354353078833556712 4.0834002051712054993 4.1818322016295290666 4.2829255171789046841 2.96829e-09 5.19619e-06
9462012.3203285429627 6350 1.4723236685314764483 0.34036513808917351342 0.045497639236736824031 5.4472906956363082998 3.1125287446279843451 4.7771784939741364084 5.1199535448268891358 5.4324389964145769483 2.60101e-09 4.97238e-06
9462012.3203285429627 5289 2.0269025107495544091 0.10495377198511568473 0.062131848660914250349 2.6264788476784097782 5.2919814870352803737 0.72498767574309774808 0.65786730370433488257 0.59369535116261618057 2.13423e-09 4.65511e-06
9462012.3203285429627 6619 1.8415051246187308376 0.20344173899464546018 0.075146176382777443714 5.6577165271139264746 1.8519799772245015834 2.7697881708887837071 2.6872333300080382124 2.5979454506396613134 6.69672e-09 6.81508e-06
9462012.3203285429627 6346 1.556308815692441172 0.14856204189144789352 0.062002482577880539683 3.7311542077901180825 5.373299851395159088 4.5831401724946267962 4.7324471639694873915 4.8809793213256238431 2.4605e-09 4.88118e-06
9462012.3203285429627 4296 1.5625582820967525155 0.053211553955241706892 0.090428298805158124907 4.3997098533363425688 0.15813668666701205523 4.8539528072103133027 4.9064600494370758099 4.9586726757658032838 2.40121e-09 4.84165e-06
9462012.3203285429627 3716 1.0533617366710770202 0.077435288210824362864 0.19280652239805398662 5.5753824149794839471 1.7635204007294875694 2.9837270281935595051 2.9710497702765525929 2.9579076559153723025 1.94606e-09 4.51407e-06
9462012.3203285429627 6823 1.8163583764386357355 0.12576573975688584706 0.19236667767876372559 5.7559608773269932414 1.9274959484257876419 3.6079112318244703772 3.6680555993902066447 3.7312501658075882816 1.69817e-09 4.31364e-06
9462012.3203285429627 6677 2.2803554240332086778 0.18228201647312233802 0.20751590338048589435 0.75463275433566390227 0.55400439509606502764 4.1752989307809391661 4.3406547293159425394 4.5104866674992525333 2.33048e-09 4.79364e-06
9462012.3203285429627 1988 1.30777818900861309 0.060415219386708240989 0.13230693759724240777 3.779696396306177153 0.72846507684088013246 1.9589585428648048637 1.902353901027902916 1.8452291074469526766 2.81385e-09 5.10447e-06
9462012.3203285429627 6791 3.1285233236420806335 0.28698654892095742941 0.19486994022346204591 6.0975347734731446536 2.174503110547556517 2.1646976388140242165 1.9015638054103782828 1.6301338304953849612 2.20531e-09 4.70623e-06
9462012.3203285429627 6266 2.9569680578628498857 0.17225877434418154777 0.087520551935731272231 4.0176154418635583454 5.7632161209710286442 1.5932176072295842761 1.4198029443923181336 1.2495041061138569827 2.89198e-09 5.15128e-06
9462012.3203285429627 6065 1.920141373437177057 0.18907225545020475699 0.091853915717845652233 2.6661578749817196332 2.0266328367245383113 1.8570800416126849175 1.6695369875407648497 1.4813856840679338056 1.59227e-09 4.22204e-06
9462012.3203285429627 5779 1.7010798902377051167 0.2520006711332523075 0.075474703477680593622 2.1103600758737912635 5.6245114578372739089 2.8238354147667115157 2.7327887277136810873 2.6326154120734597264 2.27065e-09 4.75226e-06
9462012.3203285429627 6004 1.4846967031446780538 0.30972295598575799724 0.107171028194080864 5.0827770014751560979 2.0123085276848935443 2.292260583357177417 2.0274753127239835138 1.7494921732668524683 2.14847e-09 4.66545e-06
9462012.3203285429627 6778 2.9697203313477267272 0.033856927983376430835 0.1572723329877095122 0.13694305830445688277 6.2389621268175980973 1.2259273115981850211 1.1942388261563987584 1.1627540491684815738 2.33115e-09 4.7941e-06
9462012.3203285429627 5681 1.5954432042459603114 0.46189119294093494705 0.18502622787401398763 4.4800058239824345208 2.159695907488992539 3.2676201277974810111 3.348847444528992412 3.4438927437400148612 1.72101e-09 4.33289e-06
9462012.3203285429627 5931 2.7322320829425001953 0.30619732803430299573 0.53727205361568275421 3.4041307222410535083 4.4957019321722002658 2.9473117702098403647 2.8757545011308298655 2.7953109298524907445 2.66585e-09 5.01336e-06
9462012.3203285429627 6985 2.8341299687060428347 0.16038870538995139703 0.27206319266812056812 6.0696126257343552268 2.6033662813579607764 0.21165912688857241308 0.1802279702854433785 0.15147767640160830771 3.31546e-09 5.39136e-06
9462012.3203285429627 5788 1.5741819114987452011 0.043617140353145678056 0.076749583720525371699 3.3264557353879009582 1.6205878280492442833 2.4939761159422961789 2.4671853082188728301 2.439949260231131678 1.43499e-08 8.78617e-06
9462012.3203285429627 6138 1.6509789745094269886 0.062577024607419540203 0.12180424627875682808 0.22669537016772778326 3.2484376646231325481 1.9946740766503070486 1.9368501631793968443 1.8784190494039745278 9.57307e-09 7.67716e-06
9462012.3203285429627 6726 1.5635915418251840059 0.22098975553064378885 0.089321097236078131343 2.9556128459560064847 1.0676968726537383603 5.1668755620925681527 5.3579221313531038007 5.5344441346571118245 2.92983e-09 5.17366e-06
9462012.3203285429627 5559 2.082568938154350846 0.1137581862139017963 0.11697854831276348342 3.295909590165302383 0.61075621716841477227 5.807796352620480107 5.8574987416433410559 5.9044747492095543961 5.44342e-09 6.36025e-06
9462012.3203285429627 5940 1.3721353725925242717 0.30556525400460765596 0.071281171045966984501 4.2898657875290275854 2.4426383155912789746 4.3465608324968343368 4.6537970711819944825 4.9588379706569600813 2.47659e-09 4.89179e-06
9462012.3203285429627 5663 3.1768837743124889172 0.084260918735523784862 0.38683661688340964524 0.68903217511504222248 3.1920790964427911973 0.52815272801571511163 0.48711667757263682477 0.44767583639628161229 2.69499e-09 5.03156e-06
9462012.3203285429627 5227 1.7313028629298423677 0.14307515319298758083 0.085718007129133563793 2.4344364136665235243 2.0823426742309756321 1.4771944915613772764 1.3352040292421250012 1.1960811471069976442 5.94474e-09 6.54979e-06
9462012.3203285429627 6462 2.5469596527815641096 0.37951516564214970995 0.27256671500525275764 1.3698061821721823073 3.7964532191649698056 2.2909673730877520015 1.9535516495562275097 1.6014985405333155288 1.71715e-09 4.32965e-06
9462012.3203285429627 6356 1.5835595997000408985 0.18373789741089213701 0.079719989402082899743 5.7424403925800246995 5.4781499423335544563 3.2980235852042856237 3.3298005544249611454 3.3641776841964867728 5.8318e-09 6.50805e-06
9462012.3203285429627 6884 1.3517441266041436698 0.098177371486480480289 0.12092595423552060518 4.2474282344053486682 5.8835387870370920993 5.1002055746239589595 5.1895881080439743016 5.2767975774335882377 2.95837e-09 5.1904e-06
9462012.3203285429627 5233 1.4832219720529769003 0.027389891383620790927 0.082237451331239386221 2.333419787397911449 4.7307612642296330563 0.84641935015376756901 0.82608812315919233349 0.80594872767853309448 2.55146e-09 4.9406e-06
9462012.3203285429627 5736 1.9444589514331742652 0.076239231928730027965 0.10513504224788979002 3.2161443984743707247 1.8418112184380455165 3.1173662978138776403 3.1154434035730234065 3.1134500320267108897 1.87923e-09 4.4618e-06
9462012.3203285429627 6132 1.7087608455551668296 0.25321301984745125946 0.14536749108315946688 1.2279270991552633241 2.0017415977601333843 5.9332060035916747154 6.0119050323077569686 6.0797572868758109621 6.69157e-09 6.81333e-06
9462012.3203285429627 6509 1.2308004251265258766 0.29698590355666765195 0.031421172452341494807 2.7682997703184746285 3.9430071160264845709 1.2832962818241209213 1.0057555022891879748 0.75493108541124942512 2.65616e-09 5.00727e-06
9462012.3203285429627 5256 1.7903601495033785174 0.21596126022013442669 0.059575954507179958164 5.7100495690312049746 3.5237323639231559191 4.2996455458625346679 4.5082500488689198903 4.7197270693557049626 4.61883e-09 6.02135e-06
9462012.3203285429627 5698 1.9802815489476233157 0.22898540525845090254 0.10305286493304972872 4.4469342298674749969 3.1995980181719194668 1.9060689602774465445 1.6792012426338711606 1.4515599956601255016 4.80918e-09 6.10296e-06
9462012.3203285429627 6504 1.3694027123784613398 0.086443236972464421175 0.064509518256261541569 5.2799267580781181763 3.3008735052245072872 2.1294126086744591397 2.0542824524142049292 1.9777473638155971258 2.41361e-09 4.84997e-06
9462012.3203285429627 6076 1.6362142355990558773 0.028696933691220737755 0.04001470257920242829 4.9284927180800508495 5.638658714151661755 3.0527635613420840421 3.0501803401544314021 3.047560738940505054 2.07184e-09 4.6093e-06
9462012.3203285429627 5828 1.805065419218427003 0.27871121075576049675 0.11034490164849980465 2.4634185282984799592 4.9510421573670555517 4.2538134970517020861 4.5242449210702044837 4.7980377302959560382 2.18531e-09 4.69196e-06
9462012.3203285429627 5964 2.0412611749360229929 0.16340440940968928296 0.020870075660599615025 4.5369417929952371438 0.66327811252395241226 3.3034679343412194363 3.3323224454325974797 3.3632999185879630666 2.1711e-09 4.68177e-06
9462012.3203285429627 5425 1.9607073636013720996 0.10592289796626287723 0.077694039501838160766 2.4892509091308969715 5.593665873170810876 3.9388123939233525839 4.0176928405119234355 4.099067921925989566 3.49187e-09 5.48533e-06
9462012.3203285429627 5237 3.1388810454166842234 0.21484373469218542851 0.38976695877015188341 5.688177990208936663 3.4631831441216824885 0.4262336892635643637 0.34449754790772540991 0.27193970773144082731 2.44371e-09 4.87005e-06
9462012.3203285429627 6182 2.0647441765187060092 0.1157649657411542049 0.12309540653969955337 3.4075211014518025365 5.6496950182970326892 2.5184058243834006596 2.4472891823376188292 2.373216932802763246 2.64006e-09 4.99714e-06
9462012.3203285429627 421 1.4180151580392652555 0.31061387499963133418 0.083246097927829387775 3.4404051806448987527 3.1777447294445226866 5.3484813168903571068 5.5814806591614978259 5.78198829465444053 2.69558e-09 5.03193e-06
9462012.3203285429627 6415 1.7578160202508750221 0.13723199918951661802 0.15682257133775523439 1.0438463491205800526 5.2082423585597075189 2.9211908298828785924 2.888874921350828906 2.8545619418340852924 2.43409e-09 4.86365e-06
9462012.3203285429627 6920 2.3202075134879303064 0.17090628104563299061 0.38937769331742105861 2.5162980898059736923 2.3078776809636156742 2.4768595324097111288 2.3630587049243945152 2.2430420885913973095 4.48089e-09 5.96081e-06
9462012.3203285429627 424 0.78188433774896415329 0.25948328799622250029 0.17044183072157309544 5.1585306919599567266 3.1132449272688118569 1.3956788080903794746 1.1429105675114770158 0.90682097388571514252 5.19423e-09 6.26168e-06
9462012.3203285429627 6098 1.382053414882716158 0.2707824324197412591 0.053934638698021550307 3.0513827222158980135 5.0187427273149793905 5.0835082738616232945 5.327193228670669356 5.548391707456407751 9.90655e-09 7.76529e-06
9462012.3203285429627 5578 2.8734818742014516246 0.080379625632343007502 0.22280815676334284059 1.0663244281870749575 2.2737953891970601461 4.0054413600102130033 4.0682797245112087836 4.132554083546977175 3.04211e-09 5.23892e-06
9462012.3203285429627 2992 1.5062863719783214922 0.105210986410943938 0.033232708237139252372 3.0437372323807334595 4.8714442224964829009 2.289486040415600332 2.2072657022114849923 2.1226551082437730145 2.07761e-08 9.93967e-06
9462012.3203285429627 5643 3.2845570486227044782 0.021788538506158305896 0.036044298770232241491 5.0588043218115759103 2.8327432308790303495 2.5586248445596826429 2.5465187734912357875 2.5343047738408874814 2.47115e-09 4.88821e-06
9462012.3203285429627 6683 1.4128209500609123506 0.099445755650794637193 0.067724014759588363477 3.8439086325167881597 5.3137839988062953722 1.5480121724843545206 1.4485403579250339945 1.3498368611507574055 2.07491e-09 4.61158e-06
9462012.3203285429627 5234 3.144347157167068918 0.21325974703633399088 0.11603622562491180958 5.8043780082395901587 4.0072473984664096491 3.3138577962464497162 3.3552305260773711559 3.4004451036354539362 2.35138e-09 4.80793e-06
9462012.3203285429627 6292 3.3213292703920807014 0.039816771795060323935 0.30022342900272286359 0.97919631632607373461 6.2807909788099474113 0.48328820285568518944 0.46509954959212451708 0.44724125844841505772 1.7586e-09 4.36421e-06
9462012.3203285429627 6557 1.9867006345461384331 0.19825909798447052812 0.028461318241515248112 5.2988768460069106681 1.0842230699200723354 5.0389928578979734652 5.2222366465139220537 5.395280927085115863 1.93092e-09 4.50234e-06
9462012.3203285429627 6401 1.3759512913760705288 0.13983789710964192321 0.16157344031682108199 6.2463680655827999999 1.7795311937259572499 3.6207183678185184128 3.6897829831948647517 3.7626586062845435166 1.93159e-09 4.50286e-06
9462012.3203285429627 5864 1.9652232324046525758 0.16861727245452520774 0.13945018426339969575 0.45885247642792864609 6.1750953869213871528 3.705189326195856836 3.8028581496897406744 3.9064087302360825937 2.76427e-09 5.07431e-06
9462012.3203285429627 6243 1.3641209223809018791 0.087675287991672887222 0.043369601322165766966 0.31566452271010159158 5.7338608090358595959 2.5625489419897080623 2.5126541060593816646 2.4610758964083534472 4.28475e-08 1.2652e-05
9462012.3203285429627 1707 1.1686717869249743096 0.15941652649484572279 0.028491611387031632457 4.1611093870927202687 2.4365983529033092836 0.4712384478172368385 0.40328439495963092076 0.34072275576516680706 4.20296e-09 5.83493e-06
9462012.3203285429627 6135 1.4827731617000809994 0.051285076027215860395 0.078804003121678969923 5.8046867717089698502 2.9250165715907141539 6.2755901383940280169 6.2759701590823055994 6.2763401852905094103 2.38172e-09 4.82852e-06
9462012.3203285429627 6402 2.9725555980425633074 0.24041966720213409081 0.25105264211283156994 0.16463030443489104493 1.3188206420380692574 4.8941639880019067732 5.1278937136920506035 5.3478567206774467735 2.16272e-09 4.67574e-06
9462012.3203285429627 5641 2.0216780522615143134 0.22926592942021473132 0.035114611290696186308 5.8388037077260781516 1.5712924972010295921 2.5374611851940978013 2.391772792690395999 2.2355264699536876449 1.66045e-09 4.28147e-06
9462012.3203285429627 5886 1.0728008788362604076 0.16601263995624751524 0.1442329604083960326 1.1662722281279447323 3.682687514862917233 1.0674125060053651914 0.92688422368517420225 0.7941150610868090709 7.52132e-09 7.08405e-06
9462012.3203285429627 5118 1.7599368787376197254 0.15497901460763829906 0.11432382037996763335 3.1384192271266710961 3.2237456250883322895 4.5453406714991704263 4.7007965450486501879 4.8557651463797917302 3.95744e-09 5.71902e-06
9462012.3203285429627 6395 1.6340163067765560712 0.20542732687875953079 0.05965888317280389902 0.92720222440722610546 5.3547807294568166014 0.07571933847819031782 0.061485658040701579585 0.048862780612870811148 2.27089e-09 4.75243e-06
9462012.3203285429627 6129 2.0185785594899980921 0.1642477090197262124 0.069973848909003641405 2.8860517785824093551 1.1658235069890428015 3.5651387710375104234 3.6386132698307513955 3.7169280161989570743 7.14833e-09 6.96495e-06
9462012.3203285429627 6850 1.6293689135915898625 0.35546296180217579197 0.067701037413607320636 2.6751611760040647781 5.1945806377890839656 3.2093326828499253445 3.2397860389979222795 3.2746340870755998864 4.53979e-09 5.98681e-06
9462012.3203285429627 6099 3.1336682995680567032 0.24649366099443564826 0.27598763587207880699 0.16392097692067841841 3.7941553665070775203 2.3955506657752625443 2.2089654035729835435 2.0109846944339335728 2.8329e-09 5.11596e-06
9462012.3203285429627 4427 1.4521785238075726188 0.12316462069566673498 0.12992867244100558821 4.1252803352409479487 5.8469959631785091148 2.9791388551652446814 2.9578437361960525642 2.9353395086333429198 5.29375e-09 6.30141e-06
9462012.3203285429627 5240 1.773723609345433605 0.13023282830211385663 0.015196037246541281227 3.3806063895981388612 5.6748184209006709011 5.6878300686742679915 5.7573819859537298527 5.8227468812111649044 1.54708e-09 4.18172e-06
9462012.3203285429627 5494 1.7036410289796544149 0.1003157400607345151 0.044620183657024234392 3.7483878013988016775 4.3679283072600636473 3.1966993657541746821 3.2025314116182976854 3.2086407453881693463 2.97785e-09 5.20177e-06
9462012.3203285429627 5346 2.7408692446601925496 0.09202184107020756898 0.18981514894376191882 1.0134764126314255162 4.874046711948059496 3.2952043208291588172 3.3099877177507583959 3.325410608823021974 2.35234e-09 4.80858e-06
9462012.3203285429627 5239 1.16519060539550523 0.11807899820809195091 0.030177228260498900614 5.8150151640476179793 3.2767916614496379601 2.3243923900510572444 2.2343927486160093387 2.1413722273883166736 2.41405e-09 4.85026e-06
9462012.3203285429627 4859 1.5301185308972173882 0.055786493106606285797 0.21806483832900050435 3.191379246435279704 6.0836207892930653784 0.050631912222700879711 0.047882981773134623837 0.045212778778173562388 4.26554e-09 5.86374e-06
9462012.3203285429627 6997 2.8471889340188600848 0.18780559845094155214 0.12012404386996840266 3.7043741953527802302 4.1882529253393823154 5.1381601592253458577 5.3038549245131809684 5.4597568952507851137 2.77488e-09 5.0808e-06
9462012.3203285429627 6793 1.6828148821768571519 0.069103440160594969965 0.032865102892836471626 3.3490610213811611295 0.32768889100176801232 2.826201838522355736 2.8040122645294012216 2.7811248583413989977 2.0508e-09 4.59365e-06
9462012.3203285429627 6702 1.465954098411646811 0.16419534876806535229 0.063314814667540297854 1.4999301209236997057 1.6803165063237199828 3.166419719219113027 3.1708932976087638167 3.1757036387017620882 3.70623e-09 5.59535e-06
9462012.3203285429627 6411 1.5835869825702757474 0.062467300239546982854 0.069081668371686569263 4.2336354947132619486 4.1283311808701483869 5.9878612065556904298 6.0055310894920914677 6.0226534054371674287 1.36815e-08 8.64758e-06
9462012.3203285429627 5401 1.658900313014865846 0.17247486205975581797 0.046738273902687123285 5.6639507661617232159 3.4730221037816635388 4.5202340237424181169 4.6932579380931080948 4.8657012384935036664 1.17442e-08 8.21848e-06
9462012.3203285429627 6117 2.0383332302276579995 0.15842686635324637612 0.17031135969433361388 4.3977587811161429343 0.39306945119546832235 2.691803236867757132 2.6171589535774182345 2.5378309949825079705 2.17631e-09 4.68551e-06
9462012.3203285429627 6758 2.6996452064978244678 0.17877651560655627438 0.59459416861764280426 6.157049458925755836 5.0759332080936632181 2.4415966518374458971 2.3170574029104837877 2.1857939027972150825 3.169e-09 5.31077e-06
9462012.3203285429627 5902 1.9311575319499094672 0.15588420230059024663 0.05649111515308760656 4.4971520665002984174 3.0985363219636274934 3.207463924375942188 3.2186642251817736415 3.2306665750191094766 6.63699e-09 6.79476e-06
9462012.3203285429627 6272 1.9033618319228411409 0.16671940189273065647 0.12519242181992207286 4.7659991921322948372 5.9168741297972493598 3.0477141562661853591 3.0305407065865872518 3.0120642240930788347 2.92426e-09 5.17038e-06
9462012.3203285429627 5691 1.7991081202370262648 0.12450884581115638505 0.072461914133920279912 1.0132003460527201355 0.35738951751816611102 3.4855781632880269427 3.5303594836713836358 3.5775542574144094665 4.69105e-09 6.05257e-06
9462012.3203285429627 6501 3.0389193078544227689 0.20790603516372399562 0.48249341670722584174 5.5906679962919758609 3.2654278285221791656 2.1949124770896046854 2.0136728574316880014 1.8258250364749530892 2.93548e-09 5.17698e-06
9462012.3203285429627 6414 1.7264668473512378988 0.1784980912387663099 0.12285698583326733202 2.6729744815157290283 0.89309575154320097745 6.0604785353293593175 6.0970123655534784746 6.1300522432856086041 2.40884e-09 4.84677e-06
9462012.3203285429627 6692 1.5677827409962452609 0.18510657684733117234 0.077321273978097807 4.5000008518305989469 3.3955013301741909792 5.620515783968647483 5.7274131933196237298 5.8250753053470214482 5.44616e-09 6.36131e-06
9462012.3203285429627 6140 1.8413202022964234583 0.15960487259695047002 0.12951816685583605882 3.9948006468601571228 4.6983605206779790464 3.1304905061757319906 3.1285514237759048939 3.1264700389522501744 1.67728e-09 4.29587e-06
9462012.3203285429627 6655 1.7384164842800076123 0.026679328340604192837 0.073988427974082310312 5.8813245947111685297 1.5664765445539223787 0.46308257753021053738 0.45130332775094939013 0.43966743904985117197 4.63012e-09 6.02626e-06
9462012.3203285429627 6121 1.6157169899590559936 0.24293493857744094533 0.11652356183643505783 0.30363083935477647168 0.23340345032996134833 4.4824774144897503447 4.7283148374133894265 4.9712189684928125288 1.90564e-09 4.4826e-06
9462012.3203285429627 5251 1.7656919055020423581 0.17619600300622215161 0.14799521892161557335 1.2187536902641114001 4.1250475219318865072 4.9522100234953381204 5.120749614402649641 5.2824575586610400535 2.36533e-09 4.81741e-06
9462012.3203285429627 6394 1.2951733716776143712 0.18136848343341160916 0.089240578384571805914 5.3772803562624087448 2.3743244773322635943 4.3871757882850612731 4.5652182926291722254 4.7446261695081553 1.34783e-09 3.99388e-06
9462012.3203285429627 2182 1.501882164156449706 0.19303804152209136369 0.12562527562711242601 3.2898490040053438577 1.9599296632171494537 5.1211228540455016045 5.2928510890386979426 5.4542712973176126212 1.98345e-09 4.5428e-06
9462012.3203285429627 5176 3.0978240670746592933 0.16884984964664517815 0.1169242091969609626 5.5044419469179359794 3.1679911183151334697 3.2706926131431908189 3.2946030813038267304 3.3203381748974627463 2.68297e-09 5.02406e-06
9462012.3203285429627 6907 1.7764462523862671883 0.40374356433826741331 0.093254658497643111437 6.0912206357400755508 1.2803103680148599786 3.0103013879258986307 2.9405347309636518105 2.8599046968879915376 3.58406e-09 5.53319e-06
9462012.3203285429627 4971 1.712566987616662928 0.087556945943607286664 0.090318926727506632091 3.7340658763276031173 6.220250145752181048 4.5983653909205743915 4.685902329276420808 4.7734285645479364035 1.60974e-08 9.12926e-06
9462012.3203285429627 6105 1.5821108093532290084 0.27511054217392011401 0.031513524749635604683 2.8708591874184499204 0.23356176284785010178 3.8549736249791139997 4.0596084810331918291 4.2781557463344457304 1.02968e-08 7.86594e-06
9462012.3203285429627 6126 3.0323672619652923821 0.22272062460081964996 0.18979555753150936792 4.5787798470586267285 5.702050154859898079 2.8475218113785163432 2.7742675354441805879 2.6942840433195107686 3.04059e-09 5.23805e-06
9462012.3203285429627 6186 3.2628211773181474697 0.01130257994864291779 0.17252278186387540182 3.8178083004125435984 3.7994728792821770291 3.3037983146316078908 3.3056339237437772915 3.3074797090465914984 3.14704e-09 5.29848e-06
9462012.3203285429627 5890 2.0712124203676554046 0.31737273156017531406 0.43750166870282708453 5.0868034054300448332 6.0594837494063584771 3.0197464340834287988 2.9725189490118295588 2.919114850855530463 4.73576e-09 6.07174e-06
9462012.3203285429627 5345 1.2937049617763671794 0.051907517642240663669 0.096477392781142826128 5.9898690909856879827 3.1921479946482476109 4.1851667131479590722 4.2306423575926661584 4.2766421257695119706 2.62039e-09 4.98469e-06
9462012.3203285429627 5160 3.0291596802084157503 0.031968592282491270495 0.15819477066668555243 3.2203427950672427471 3.7656197317372419597 2.5841617434004025 2.5670135339089812376 2.5496391940476765825 2.48083e-09 4.89458e-06
9462012.3203285429627 6162 1.7999696338387740635 0.17892870788970471896 0.115338402567968068 2.9253260010299269034 5.4959504583422331692 4.7269826550480207317 4.9066259086701968783 5.0821899054507806426 1.62993e-09 4.25507e-06
9462012.3203285429627 6691 1.4917773834440484215 0.20122359529406858014 0.16675825915943948141 5.0332072111057994945 2.2017570742466663347 3.6887363478324428634 3.804430241853981709 3.9282543992792842147 1.99622e-09 4.55253e-06
9462012.3203285429627 5888 1.384082980789999251 0.092312742821672302829 0.086629859271866574422 0.26880838206117896316 6.0813094023513354358 1.7830492069996664029 1.6917885073929608275 1.6001506287793403338 2.79797e-09 5.09485e-06
9462012.3203285429627 5767 1.469276090974769744 0.17924112070153649934 0.013939242789566054156 5.3766900147753027284 2.2608573612589104584 2.9033768068135796803 2.8566404125522346646 2.8062536510047237925 2.8735e-09 5.14028e-06
9462012.3203285429627 5210 1.9738302785628449865 0.11394802826763558712 0.11575556728676936191 5.7959275826541638565 4.6666954366049360203 0.34380076937112852287 0.30723893396414181378 0.27277785726629527607 3.1045e-09 5.27449e-06
9462012.3203285429627 5710 2.0165287592385041648 0.071119635740699918558 0.072494096514191239122 3.1610715288998569861 2.3997892700743657102 2.4606660153652568646 2.4145712460421799861 2.3673017857398148678 2.11851e-09 4.64366e-06
9462012.3203285429627 5724 1.8611966752226327682 0.32562314372383599492 0.033957831185618472802 5.0305943745457630811 4.1642042632327465057 3.5471394496124810658 3.702890312636283987 3.8762146923733515891 1.39525e-09 4.04018e-06
9462012.3203285429627 6474 0.971332797334324205 0.15067335886899779762 0.27165661402515645095 4.7495497559931978415 6.0844171775662427848 4.6035351108429987121 4.7551358415380970968 4.9056715590955306538 2.46607e-09 4.88486e-06
9462012.3203285429627 1588 1.7278857316454010462 0.12768116955869365792 0.065129324691985415741 2.0250828926377217876 5.6222496851940420015 0.0021896908850558842625 0.001925871513597683703 0.001679974138326611327 2.82908e-09 5.11366e-06
9462012.3203285429627 5364 2.6894001622734324819 0.22506333952752924366 0.18775156090410419218 5.8376111583587366738 2.8066013242256682148 1.9200443077777631373 1.6980406248094446209 1.4747968410392515715 2.91675e-09 5.16594e-06
9462012.3203285429627 6586 1.5891245281533263878 0.026498217075735002596 0.086972358693072598923 0.72458755940947161545 2.833125464447478592 2.8256633636068877458 2.817323932030155742 2.8088811839419456362 2.89513e-09 5.15315e-06
9462012.3203285429627 5219 1.6522159322896186051 0.14875867329412631457 0.14275061722869553105 5.5812053090578466197 1.0366651305933882732 2.6031927630500972803 2.5212704385484920877 2.4347974123655506951 2.30015e-09 4.77275e-06
9462012.3203285429627 1801 1.4274388355506366644 0.055124275912310539971 0.10269494203857469639 4.52804652676394781 4.6414522772992752309 2.1791654688268691231 2.1331801480655903092 2.086545757470279927 6.74028e-09 6.82982e-06
9462012.3203285429627 6100 1.3884236116976482744 0.19621659939758639979 0.040776650481205371779 1.8030719744868939358 3.3577483085292705312 0.21287452940009826685 0.17471330561495296285 0.14060579533312539402 4.52552e-09 5.98053e-06
9462012.3203285429627 5378 0.78582639832312450867 0.072482998176287533054 0.18957747366937036104 2.6877760554119607406 0.13950963393384616107 4.7200647476050736628 4.7925890458454709631 4.8648390617890600041 2.49028e-09 4.90079e-06
9462012.3203285429627 5701 1.6850586645912430939 0.30580684258605744796 0.13628099665131795937 6.2480163426237602664 5.2828226410191474471 2.353452217597560292 2.1049984132786447866 1.8417980587501689982 4.9259e-09 6.15194e-06
9462012.3203285429627 4732 1.3008001903054848825 0.2831638256911618301 0.061602430601763756568 0.50858058285996887715 5.4426304331320372043 5.0961179275678949452 5.3490563354229445636 5.5767431405520930809 1.92787e-09 4.49996e-06
9462012.3203285429627 5872 1.8951552608859956184 0.096624680770782372941 0.15240469129655340175 3.4755520456351218783 5.616376333811941457 2.0861922237136778513 1.999915180466742104 1.9120511965919535502 2.5416e-09 4.93423e-06
9462012.3203285429627 6828 1.4930105027624789304 0.033987351590036199434 0.088818768396329239589 6.1631348546678896838 5.2365417324462484316 5.5189061598986848267 5.5421465338631881181 5.5650898535656185828 7.8219e-09 7.17719e-06
9462012.3203285429627 5692 1.6566359457729444848 0.099844368328574573113 0.16892105535486076628 6.0201953289401082259 6.202645428935621652 1.7405830526968726346 1.6411684351257707082 1.5415711911065101969 2.38697e-09 4.83206e-06
9462012.3203285429627 5921 1.7448334446083575422 0.21931591059808092092 0.14304368754215332493 4.7063362538986677208 2.7726647391206329374 1.4746754429512525242 1.2568764325329886411 1.0482783898671310663 2.32801e-09 4.79194e-06
9462012.3203285429627 1123 0.72872085415062926028 0.065147602719481861877 0.04599551895076278013 5.9451299261632906124 2.175797943139147872 5.0971832043634304199 5.1568824569336548791 5.2156995750178012372 2.16936e-06 4.68052e-05
9462012.3203285429627 5717 3.1915352750762902012 0.095425962202239048016 0.23155978432497117958 1.3834703154422278715 2.8817848487351942488 2.747045491930326655 2.7085874908275222595 2.6685467088056045171 2.31886e-09 4.78566e-06
9462012.3203285429627 2895 1.5769606504086748355 0.11166195027556216623 0.055004500312840765019 4.0183577276027389047 5.4763832253555326801 0.38999264372904285381 0.34951048584335514535 0.31127319871456637923 4.48779e-08 1.28488e-05
9462012.3203285429627 6644 1.6260311653862635772 0.11294791875064533193 0.087196130332897137105 3.9932977257553510242 4.9745728509546758289 3.9624142558945694148 4.0486011933667143126 4.1375662269971495988 4.61706e-09 6.02059e-06
9462012.3203285429627 6313 3.2284904618287137978 0.08480927477804550696 0.40585280353158131872 6.071757253847037461 2.0922657074232473562 4.6608187456698537687 4.7458031427017761672 4.8305650768423520347 2.33149e-09 4.79433e-06
9462012.3203285429627 6204 1.6047309490172669832 0.25262868898062801337 0.092098577536745523942 0.82284185628289885361 0.74248599784308932925 0.23468679328280345198 0.18161404409355857981 0.13598493071005435251 2.26769e-09 4.75019e-06
9462012.3203285429627 507 1.5578483274928165425 0.31557344263786479832 0.079932020365176992271 5.1375654079752948178 2.5790418028833221875 4.8817081345260460168 5.1899810567530062499 5.4702431815787582181 2.42673e-09 4.85874e-06
9462012.3203285429627 5371 1.6198758559062953477 0.17672489410958619471 0.0082793879544482418265 0.68542134393030762496 0.92440397092210346841 3.6448036470328664116 3.7379056911304293642 3.8371536248666773261 2.54912e-09 4.93909e-06
9462012.3203285429627 5623 1.5497086422668677752 0.14283378280839811869 0.095891267227365212245 1.5202184548578436818 1.9098371665047391144 2.3604038665931525998 2.2539838016308375579 2.1432069888357005993 2.3084e-09 4.77845e-06
9462012.3203285429627 5151 1.4710689645463377317 0.24964429365306717301 0.12686108186526984243 3.8137753302694039625 4.1985053108091250351 2.3458850489817564267 2.1476833160532886602 1.9384403068823214955 2.88747e-09 5.1486e-06
9462012.3203285429627 6332 1.8722324786330066804 0.10344011861868908364 0.093674311157780507098 0.81006652242352650273 6.1655752054759203062 4.6132395211155294845 4.7168880924293095092 4.8203271641318483631 2.19525e-09 4.69907e-06
9462012.3203285429627 6843 1.8951271634842472569 0.072177369289414372577 0.11875713332285033064 6.0669433316464518313 2.2211132089387750632 4.4685587262551536014 4.5392803163853017168 4.6103789280861695588 3.16465e-09 5.30834e-06
9462012.3203285429627 6609 2.7422862379952177569 0.17075568335583529711 0.1824280436524021165 0.43644525112219895169 5.226237528899009277 4.2924917261992741047 4.4549171269560758901 4.620044161079419176 2.84425e-09 5.12279e-06
9462012.3203285429627 6404 3.0447253180476434586 0.17729554572824099412 0.27078063230513860216 1.544765359200188426 2.3333502094690783402 3.3120172651439694356 3.3452505959573977101 3.3811091556390211466 2.07676e-09 4.61295e-06
9462012.3203285429627 6730 1.768674806127981336 0.10947544880658026389 0.044438332284241759129 6.1018773618008292914 4.5084621309671906175 3.1782863253601232323 3.1825484232502079252 3.1870308211593147973 2.57888e-09 4.95824e-06
9462012.3203285429627 5327 2.6898865369244764345 0.46325426570579836261 0.18571021648760813183 4.8592417374830514376 3.6393402599974464806 3.8062455306787064124 4.1774896708059756634 4.5760365626216223944 2.89309e-09 5.15194e-06
9462012.3203285429627 5285 1.5302167508214432612 0.10400263818203432653 0.1261081585952357198 1.2533695506736080016 2.0994901042122835477 3.7899144618401079398 3.8555943654066080484 3.9237018751605829969 1.90393e-08 9.65459e-06
9462012.3203285429627 6171 1.7496251252902552675 0.17811342800458931923 0.039377973021516868291 5.3859657370917082275 4.8240242672732147611 2.6616656397187288263 2.5716533872924305371 2.4755467806622157845 2.39216e-09 4.83556e-06
9462012.3203285429627 519 1.6262424199562337535 0.15706309473858948156 0.10290471146970840699 5.4121871266652483712 1.5007245599379062106 0.51612157801991564998 0.44317345383075013032 0.37582346328323645857 1.36877e-08 8.64889e-06
9462012.3203285429627 3991 0.88460650271188268068 0.059824628522763247107 0.34495540594851514804 5.0618227226491354642 6.040810069312894548 1.1036512657560382245 1.0509119756756224451 0.99899157823324569172 2.18079e-09 4.68872e-06
9462012.3203285429627 6124 1.8997577180766671567 0.21616146305641539827 0.008994650231321260625 5.6578069994243760377 4.7946041031218316064 1.1593961378323660583 0.96788989437242489711 0.78983963490655673123 2.21026e-09 4.70975e-06
9462012.3203285429627 522 1.8454348096195685169 0.4617960504328303406 0.049232971731214991706 0.18531080661372817397 2.0488694086153453888 3.2748087875466262986 3.360585129116447245 3.4609085994605903736 3.95336e-09 5.71705e-06
9462012.3203285429627 6763 1.465355717644385436 0.4932252147318444413 0.17787976448014677922 5.1245382658402203191 1.4522635226069771086 3.0857281163707015459 3.0457471623098384406 2.9985460944723132393 2.58565e-09 4.96257e-06
9462012.3203285429627 5569 1.59856710032628202 0.17957985379328095243 0.12669806986823142769 2.8590260102766853478 0.8714381172583105517 2.9166216833325560032 2.8723312823901232527 2.8245595403625372022 2.77052e-09 5.07813e-06
9462012.3203285429627 6268 1.8389613779220954637 0.086492634582157751355 0.19397526733538550392 4.8789982503430993077 0.965839547797057274 6.2170908589505913255 6.2225769122356400231 6.2278158831639958137 2.30383e-09 4.7753e-06
9462012.3203285429627 6061 2.0056514953389088518 0.23270125969365451635 0.083428835353094657479 1.8266844704710463176 4.1086799890867347074 6.0128035866867532988 6.0693748746847111519 6.1187506143362222488 4.03777e-09 5.75746e-06
9462012.3203285429627 6189 2.0426693724298479182 0.10856139689181858177 0.045131806140819026585 2.9615785788235364784 3.9884190797181897636 1.9922172636232156062 1.8906847075768071775 1.7876305734802142577 2.99935e-09 5.21426e-06
9462012.3203285429627 5249 1.952647653609877576 0.25493149283578236952 0.19533839105238823275 1.3803049902781505676 5.0379028875344760152 2.4027703840801666324 2.2103100615137680762 2.0057565858018047145 2.29779e-09 4.77112e-06
9462012.3203285429627 6732 2.0674328894382409949 0.14167909176102427837 0.058280361358424750962 4.8137741136844764966 1.4458873959324107794 2.6840163458964036991 2.616841706812456092 2.5458608392377035656 1.92356e-09 4.49661e-06
9462012.3203285429627 5002 1.9641966263629750955 0.17641051860267870088 0.12577526547567216553 3.4254564929622643987 3.9616733745912457998 5.3158031825475635657 5.45495206252526188 5.5849203739530155488 2.79003e-09 5.09002e-06
9462012.3203285429627 5196 3.5516420578696603627 0.11964318618106356551 0.18753767322406830753 4.9117747672054203889 4.6862357730959542934 3.6356548854477206412 3.6957545138353578018 3.7587144410040318476 3.02458e-09 5.22884e-06
9462012.3203285429627 5625 3.0450870125111162423 0.22196404674256375866 0.048768246686662748701 5.1246257207534480216 0.60632100826076384958 5.7521162573943520613 5.8558013905366186336 5.9478035897776901919 2.295e-09 4.76918e-06
9462012.3203285429627 5412 1.8404499608682427514 0.2035188388710143792 0.047293341308730835193 6.2705452177395804014 2.9879959555025936702 2.7395319175965791025 2.6506955168038413007 2.5547532209954333382 3.18558e-09 5.32002e-06
9462012.3203285429627 1960 1.364528256118813454 0.17884157341967782395 0.12340074188888298934 2.9358983352236300846 4.6132631082383976917 3.4722029580439275342 3.536164085343207919 3.6049130371484281454 2.62083e-09 4.98498e-06
9462012.3203285429627 4112 1.032926911044238949 0.13814133727775229632 0.051619953302378160376 1.9530097148675860108 2.7601255580850185822 3.4835340496117650488 3.533324198490243262 3.5860650920595453783 1.73305e-08 9.35665e-06
9462012.3203285429627 5115 1.3118890398907325778 0.1763040259405906085 0.062951120329654552954 6.1849371774816148672 0.63968747850033413904 3.0465226757103196498 3.0280184221297710145 3.0080378478692084698 1.07577e-08 7.98161e-06
9462012.3203285429627 6912 1.6967564581816749758 0.14723391976393943037 0.005641806895502253158 0.38857039153282685318 1.0215690466238689371 2.6003425218074380787 2.5189493462070520202 2.433084812348555559 2.09119e-08 9.96126e-06
9462012.3203285429627 1487 1.5076518256136135498 0.023488308917843134238 0.039960845563992201945 2.4291626389278873077 3.842848146857026137 5.4774327568064986593 5.4942413015625461981 5.5109088315232455102 4.32124e-08 1.26878e-05
9462012.3203285429627 6893 1.5946325455803955773 0.26089968495620563527 0.020004573155618293745 4.7917046038277959497 3.8653035191268436677 4.0458576543847311058 4.2722172078835889408 4.5082475396551133784 2.17604e-09 4.68532e-06
9462012.3203285429627 5016 1.7947597640250063655 0.28586297057370418928 0.11405077848594007139 5.2302667307391530471 2.991708214372974961 4.2869023623082211927 4.5680100983946960724 4.8508987967846755041 2.58541e-09 4.96242e-06
9462012.3203285429627 6362 3.07790377215395905 0.09679760643949766874 0.15097839890114372885 3.7934534790470877397 6.1062817549041676912 4.2757218384206385764 4.3654244683786833647 4.456453832431357398 2.92709e-09 5.17204e-06
9462012.3203285429627 6813 1.7274628301764485272 0.1519653947557591811 0.16447894122935555195 2.4142516091756398566 4.5501724812125505792 3.4796016966240599366 3.534214285465595129 3.5923580503786487483 1.73747e-09 4.34666e-06
9462012.3203285429627 5654 1.8293957727064231733 0.073037007711759471817 0.17643785621925103801 1.9890836583939683901 3.5920132937138475882 2.5556300298601950516 2.5139215580548506246 2.4710297468121118492 2.37573e-09 4.82447e-06
9462012.3203285429627 2102 1.225005154267703622 0.053085942541341649137 0.083465118304830054896 2.7212139670905046707 4.4080314009863474922 5.2084059603298751284 5.2545357673368666696 5.3000093431343398009 2.21357e-09 4.7121e-06
9462012.3203285429627 6017 1.6408636398861402572 0.14439326725461537615 0.099143352670405790472 1.3243279572890858109 0.1677166094480719849 1.246539280654723969 1.1122614843354106107 0.98278375432681031043 2.86977e-09 5.13806e-06
9462012.3203285429627 6454 1.6978965835407453522 0.093311059667043894095 0.11339804383843105073 0.40054316671987710841 6.1972898495062240798 1.0945998226532744901 1.0132776377030794368 0.93409662145680449896 2.21205e-09 4.71102e-06
9462012.3203285429627 6716 2.0337757096338981988 0.084110914986806811777 0.17795467717931118257 2.6714842935209888175 2.5099751084695554049 5.8533845120940961593 5.8871965839952506983 5.9196398956377587197 2.33978e-09 4.80001e-06
9462012.3203285429627 5375 1.5093094882615136765 0.15381411413017823109 0.17453953228417276589 5.6554240790524659133 5.1195187146247151944 1.4499349462780664055 1.2980412170268684768 1.1499132469107560262 2.59668e-09 4.96962e-06
9462012.3203285429627 3519 1.1843988296859953024 0.44112593942598082863 0.22016867081883079171 1.0196897701891622923 5.0298673069878274688 1.403834202579649082 0.96935378155822082835 0.60563651869470858102 2.06062e-09 4.60097e-06
9462012.3203285429627 4318 1.539125456327084418 0.23006841038325767657 0.0065665490908202164486 3.4613529706901244865 3.1648741309157815138 3.1225450740382107995 3.1175174198364912215 3.1119790041399832958 1.32396e-08 8.55345e-06
9462012.3203285429627 6760 1.8264037788678328944 0.14214349129795927906 0.10587423866573424103 0.66650382497892279865 1.0042220713229506046 3.5985156852687349982 3.6658399212559720226 3.7369914812471667354 4.55433e-09 5.99319e-06
9462012.3203285429627 5747 0.79267441147034223281 0.10549761135372485998 0.079965031589133400702 1.3538650883929934654 3.3552223039807733684 6.0552470496682442302 6.0779805583379689082 6.099477555227907466 2.03788e-09 4.58398e-06
9462012.3203285429627 6583 1.7935295045215204901 0.12791863724304367023 0.10340911967048729836 5.0941074808428483678 3.9103167281522965837 4.7944483609351999931 4.9216203603997517035 5.0467492011837631338 1.35064e-09 3.99665e-06
9462012.3203285429627 6225 1.714526165551849779 0.11732223050479237414 0.1698158957735394492 5.3181098737097851625 2.6349179714334436397 5.6348560756683099271 5.7027350221209882619 5.7670745952589115291 2.38341e-09 4.82966e-06
9462012.3203285429627 5131 3.542559406927400012 0.049129877912075931023 0.26966639668761455129 5.4143375020009365528 4.6220704167779649296 6.2726167382607096457 6.2731238117227752227 6.2736181234259165151 2.25296e-09 4.73989e-06
9462012.3203285429627 6576 1.3298010019502100043 0.33156395156682000325 0.088375158881259588406 4.9482439203174974907 1.7702430791986598635 1.9910967922144171549 1.6593472063435366071 1.3290823448571669196 9.90665e-09 7.76531e-06
9462012.3203285429627 6342 1.3035756013819177479 0.046361700249165388454 0.064727172451386330576 1.718928836109389735 5.4462681008662787718 0.19795514521152302034 0.18903542322777713847 0.18032352247494953801 1.70662e-08 9.30885e-06
9462012.3203285429627 5048 1.7099425681967703738 0.23957792735173030763 0.043479209488979528309 2.8003730191929179227 1.3666944664027800282 0.59304764121992237236 0.46976991244185006824 0.36131750445774774017 1.54672e-09 4.18139e-06
9462012.3203285429627 6746 3.0229237637222059476 0.34428320101209597404 0.16570523032394757212 2.693932249111744337 0.92830271026607302787 0.8185204277472222234 0.58830063117840991627 0.39724130722751144207 2.1751e-09 4.68464e-06
9462012.3203285429627 5957 3.1930614054088217735 0.021795474687155605431 0.048100943841580957872 1.7283365988118746248 1.4936740512697708194 2.7005134899636162871 2.6911149945299897013 2.6816253409432930788 3.45473e-09 5.46581e-06
9462012.3203285429627 6153 2.7497377535165021811 0.13884029958549815031 0.54678263158107687225 1.9220428517886232189 6.1027362898967449922 3.7469737588012574925 3.8311504164059320132 3.9194800660724400387 2.21408e-09 4.71246e-06
9462012.3203285429627 5773 1.9420892553988422513 0.18672521325717825191 0.12549524247463478277 2.5714165441066363371 5.4963376891172002203 4.43157608989372509 4.6168983659643885176 4.8027729029657360016 2.82024e-09 5.10833e-06
9462012.3203285429627 5291 2.0145734698270296725 0.12034387798359325039 0.18943300744842739292 4.9388066723095978006 3.8324501309545628835 1.3653395984205327629 1.2486687516741783455 1.1345148806515861217 2.6037e-09 4.97409e-06
9462012.3203285429627 5693 1.5839306584401640077 0.16065584050000750183 0.13278775245854329556 1.0885187453806903779 5.89471914662881602 0.75259864539393728222 0.64832064935854694099 0.55130883709489408862 5.43449e-09 6.35677e-06
9462012.3203285429627 5467 2.882037906655812165 0.042261186553222931939 0.092268440715186667012 4.0433997595925195156 4.1570132805567610035 2.6732230840315551745 2.6537701583401673844 2.6339621927129814871 2.43648e-09 4.86524e-06
9462012.3203285429627 6018 1.3745730148544235139 0.13932609304113618975 0.09394586121873943485 4.9498792520566166075 2.3638341047897482028 3.7763331228228169678 3.8642566902608268542 3.9564049016828439775 3.42036e-09 5.44763e-06
9462012.3203285429627 6102 1.9450537162458465534 0.11542253319562822966 0.11101715464710364134 1.6845355671528234875 1.1306544371669444704 1.9838375996105164223 1.8753496353662981733 1.7652387322118880952 2.19362e-09 4.6979e-06
9462012.3203285429627 4788 1.5906606471957711602 0.30539691168234789354 0.10928329965457073136 3.5775879070958462869 2.600066092127756967 0.37284930973432506285 0.27345422901596955212 0.19097906759742075411 2.35845e-09 4.81274e-06
9462012.3203285429627 5768 1.2899852375744365052 0.056152315627636444073 0.19173223169748560002 5.8268196751882985751 5.1699646996759414108 0.083398258777480874238 0.078844503382141856163 0.074421787537738884333 2.35407e-09 4.80976e-06
9462012.3203285429627 3541 1.7392667057220687621 0.11564268201944634396 0.087661529737587284838 3.7155206509571820916 1.4519317625830798768 1.0651760697290582058 0.96651740191962520754 0.87135365071659343084 1.91401e-09 4.48916e-06
9462012.3203285429627 5735 1.2219482819814337926 0.13658513803460969882 0.091779496734286841741 0.72876914925911129295 2.3103002851885681146 3.8947065728194893985 3.9934242255053571391 4.0962028961505998481 1.71969e-09 4.33178e-06
9462012.3203285429627 572 1.4537674526585786516 0.07183390023456148743 0.09830945215116165814 2.6014306434827783043 1.4325018175466239789 1.7172514721596920939 1.6457497312536997214 1.5741175184559890177 2.80564e-09 5.0995e-06
9462012.3203285429627 5647 1.7808575295509898595 0.15504118122315871386 0.03621376239245455847 0.3980752495700625726 3.00899090161379279 0.39002520549875324685 0.33472252808347102704 0.2837903977270692657 2.57441e-09 4.95537e-06
9462012.3203285429627 5528 1.41415164536361182 0.21120259136371355435 0.067730928006283899756 4.0311427513646780341 5.6737539356096098331 2.7280251955894669891 2.6329448406344462263 2.5300898783266170256 5.0086e-09 6.18618e-06
9462012.3203285429627 6950 1.8188801314764364569 0.027192444874220345064 0.03226131899885999188 2.533700902177530967 4.2946678450465665122 3.3854136023830760927 3.3920671873662713303 3.3988072077197659659 3.07555e-09 5.25804e-06
9462012.3203285429627 5170 1.5843013411071225072 0.25407517849344207761 0.092949219728705956278 3.1958031841486307378 5.6502338421671431945 3.9314981440913991939 4.132642874954511214 4.3452026172814939287 2.19546e-09 4.69921e-06
9462012.3203285429627 577 0.72925656234814517642 0.14223917911320063667 0.13312762432885411057 5.5824826602995942793 5.4909640148508227497 5.7954060307601826807 5.8584086815152884853 5.9170279035258896982 6.45491e-09 6.73204e-06
9462012.3203285429627 5516 2.6952483580886648085 0.37791968846047385711 0.070533939890078140023 1.7088248665751983868 1.2093818008044407986 4.6741893236215421581 5.0643128501961953702 5.4190703262286330499 1.64805e-09 4.27078e-06
9462012.3203285429627 5423 1.9553194466508814209 0.032128489852163419349 0.056291912284567161007 6.1668230195040747432 4.0473398813908580962 5.4746881445638440056 5.497674979986848065 5.520395801055411944 2.52578e-09 4.92397e-06
9462012.3203285429627 6335 3.1516120977194304054 0.055290623082498782659 0.23030111302326738976 1.4389976838339457732 1.4599902893180969343 5.5450081859937929707 5.5814931851823903486 5.6171838889547238693 2.80706e-09 5.10036e-06
9462012.3203285429627 6792 1.8782026105848166342 0.17557984340149040969 0.060264383136750115932 1.4704387660853661668 6.0855290147819278701 2.6387155781294264756 2.5463314319269194641 2.4478794126999163794 4.30438e-09 5.88148e-06
9462012.3203285429627 2451 1.2473624351678895827 0.14773482173182742039 0.032908011850354856875 4.6204379573097345002 1.5909248141258829357 4.1492398846707949644 4.2798507189835257591 4.4139798573399229298 2.57625e-08 1.06786e-05
9462012.3203285429627 5190 2.7677968244128687836 0.12734505826057193612 0.13220843520473576915 3.7204256797701611426 4.5078176406039114354 3.2642474417171620793 3.280950989431566267 3.2986401985614146604 2.78537e-09 5.08719e-06
9462012.3203285429627 5316 3.4621128389638831102 0.12345924029480753736 0.20881186743318319587 1.7798772319667124364 1.0703723271154650387 5.8805739689398297543 5.9265065518557973334 5.9696140683226870394 2.96988e-09 5.19713e-06
9462012.3203285429627 6073 3.223646102863736651 0.029992847886678913882 0.23685133923718648674 1.3625758200862017055 1.9871940902365694548 3.1849260556590404114 3.1862454046100330274 3.187584222771103537 2.87152e-09 5.1391e-06
9462012.3203285429627 4994 1.1826340294895336669 0.40975449127408491989 0.19248776829334557359 0.31080654620264258625 4.074099328547317711 3.4950961397052635604 3.6802618270565288228 3.8904634533774653526 2.5994e-09 4.97135e-06
9462012.3203285429627 5561 1.8414080329553670357 0.066958050529309767751 0.10914579094490142741 4.241072215934517331 3.8884040465913356499 0.47576510784838449419 0.44595311912734386661 0.41707290801901891752 6.03166e-09 6.58157e-06
9462012.3203285429627 6108 3.1330497725485719762 0.29463920177512220588 0.15968429465699887637 4.6015226213067812466 4.7942062028747480795 3.9658586858012374599 4.2110229098911036161 4.4693999264310875219 3.24647e-09 5.3537e-06
9462012.3203285429627 6379 1.7678782001314581329 0.18848608944516179187 0.14279037804748392904 1.4813329300343340833 1.8252126079185768681 2.5879856473606266398 2.4792978151506526174 2.3633924146582439008 2.25373e-09 4.74043e-06
9462012.3203285429627 5288 3.1691153012190116378 0.24947101359216913852 0.24357116806008005661 0.88719341647241534154 5.2123753322642443209 2.0516599033592548551 1.8140565423256731492 1.571930491173326061 2.94866e-09 5.18471e-06
9462012.3203285429627 5895 1.3644643616994167612 0.19774429051786301947 0.15099790177059840834 6.0432989294320327289 0.56433151474580756091 3.3367496963039418034 3.379678201623092626 3.4263147316191400193 3.55807e-09 5.51978e-06
9462012.3203285429627 5778 18.240157196218461877 0.41297213766160811854 0.56665697447652263463 6.0229495382876363507 0.65564209454328026272 3.4101002749187876439 3.5547119096485135792 3.7205070568904563544 2.56945e-09 4.95218e-06
9462012.3203285429627 5000 1.4700958431262198811 0.14895680879351635983 0.09871885032948915506 6.0888154756873245077 4.8263564981539577303 3.2369911552899388596 3.2524086352607413097 3.2688816665844111498 3.87387e-09 5.67848e-06
9462012.3203285429627 6295 3.2356850522310263152 0.037006797607264330097 0.21063837951237082691 3.9784334625357611337 3.3411389849430643828 3.7899323614313633612 3.8126208692704439684 3.8356313850308563218 2.30061e-09 4.77307e-06
9462012.3203285429627 6085 2.4167165940670169988 0.57574718059557605798 0.23988015740029497436 0.11257659670199891833 0.76655961341892453476 2.0248011779268817456 1.3862321590289086171 0.82026328022045569277 4.93102e-09 6.15407e-06
9462012.3203285429627 6678 2.7993650696452139215 0.39942639748360964091 0.30251587731779855384 5.7922993857510203242 3.4441213105247698856 2.2761336980459958568 1.9132763636204521696 1.5370467712573410157 2.0813e-09 4.61631e-06
9462012.3203285429627 6343 1.4589714233412010014 0.1712708393268063678 0.071136866831342904227 2.6215254639323841701 5.1957705717712494575 3.3889406315862671271 3.4350336467869575507 3.4845733664933162821 3.59373e-09 5.53816e-06
9462012.3203285429627 1147 1.4945685701359454622 0.14555079209178328759 0.19102760168497984195 0.5466564313019497412 6.036904748641173768 0.36441187308537775769 0.31560660782614574638 0.27042863538653844069 7.2768e-09 7.00643e-06
9462012.3203285429627 5284 1.6497610136066946929 0.48995648144213638231 0.1614750822886524273 1.1841901779581294196 0.013470234912354916643 2.3721787293794820428 1.9309099488846070969 1.4723808481864224529 2.78129e-09 5.0847e-06
9462012.3203285429627 6000 2.602234909095678006 0.53525952610893889894 0.50154945376429416193 0.94776536487284201993 6.0747040414260400354 3.1125746587027434131 3.0888596058741843997 3.0606468195522045228 1.56815e-09 4.20061e-06
9462012.3203285429627 5111 1.8397536040980269068 0.1649197307947439517 0.08734676946344201165 0.74988472720027610219 1.043832598446694071 0.73954917938780684317 0.63420003094768262475 0.53647959991438087801 2.90837e-09 5.16099e-06
9462012.3203285429627 6078 1.5002265736131419338 0.19254273211462791249 0.16382823140988320154 3.5565710040726323804 2.6841994015614192293 0.13387600169079458268 0.11021353477384690511 0.089035655209627709294 7.75695e-09 7.15727e-06
9462012.3203285429627 5276 1.7833352524718246723 0.24485800412623001665 0.1517737699107848115 3.0016915782896402831 4.5597542167184670348 3.1035149613973604943 3.0927069138593448194 3.0807416163368230855 1.69322e-09 4.30944e-06
9462012.3203285429627 2850 1.7418895139960794971 0.23224718747542588693 0.13099910377037848885 1.9007446202436262261 6.1624804332602991508 1.7348461013570697364 1.4990849896645599415 1.2674347137451129619 2.86233e-09 5.13362e-06
9462012.3203285429627 6637 1.8774932456657298374 0.17473579737350128371 0.05127688053553385028 5.4064071315338644297 4.0309755653410750398 3.6881546044586603905 3.7870416449644572765 3.8921552161720596175 2.31786e-09 4.78497e-06
9462012.3203285429627 5258 2.9849534312977885619 0.24603538905413874227 0.27367972375458987644 4.834219582953914518 4.8056056788522800716 2.9597954379938409275 2.908300899480823265 2.8514221053625354863 3.58569e-09 5.53402e-06
9462012.3203285429627 2923 1.2978874191176057451 0.083695409273871326783 0.12229536230367911431 2.1035181315501869648 2.0558397892627291448 2.6521437825520135512 2.6112173614569265112 2.5688794435760797796 3.04377e-09 5.23987e-06
9462012.3203285429627 1410 1.5608547442582965115 0.10153838755710375974 0.095683380522098557264 4.9874781254100968297 1.8732271073820037088 3.9683305183454327114 4.0458638531627109103 4.1256704646415842674 1.64182e-08 9.1895e-06
9462012.3203285429627 5063 3.4805131369575881273 0.050391919792134268197 0.46239650285268463215 5.9451738509311899961 0.43655471749141344651 5.2104170999401748787 5.2541817085326076864 5.2973567796413822961 2.23728e-09 4.72886e-06
9462012.3203285429627 5955 1.4328249882038004426 0.058367111077480805792 0.075704839217077088409 2.7872140057564624982 4.4874491192698240383 2.1428757528248079112 2.0929813739739921985 2.0423927659400082923 2.24745e-09 4.73602e-06
9462012.3203285429627 5999 1.427985666848112345 0.057145893021121316191 0.12470200685101286153 3.3264852587372795156 3.8409033345367475931 3.4626590175037605945 3.4812106682546275493 3.5002475052653587717 2.29222e-09 4.76726e-06
9462012.3203285429627 4105 1.5062582148973673313 0.088322539884589656989 0.096739739452200282366 5.2319010301264636809 3.156708341085381786 6.1050971454264919558 6.1201194798687490461 6.1344581250150680418 1.26705e-08 8.4291e-06
9462012.3203285429627 5278 3.1540560398585935076 0.070926616594776184521 0.2354326425845535975 2.8246398923291975436 5.9427939778424159201 6.1849692380050989016 6.1916952437098400353 6.1981752754173840003 3.13887e-09 5.29389e-06
9462012.3203285429627 5449 0.8658558271288153696 0.073418980101855671472 0.15632647496057863745 1.9315951364035961468 1.0329888589732314497 0.70837881210233999418 0.66185498893177374669 0.61673306234082303501 2.58219e-09 4.96036e-06
9462012.3203285429627 3069 1.3976525560286134908 0.17120453484585523851 0.15294798045674171116 4.865132174916798391 0.65115962976132146789 4.7742471692914785208 4.9450656361402023364 5.1116566693936480448 4.38223e-09 5.91673e-06
9462012.3203285429627 3113 1.7778575886661607264 0.07553138346417273552 0.14077422639905382007 4.0490901702151980146 3.4136142496908683519 2.3959641679304040096 2.343193533232911907 2.2890949480894668966 1.79427e-09 4.39353e-06
9462012.3203285429627 5202 1.8942186198749428883 0.039931884001549830532 0.12526849796434019746 5.7883636590990219517 2.5141862133527195233 2.9118290128800534688 2.9025506122417965571 2.8930958595686879775 2.34286e-09 4.80211e-06
9462012.3203285429627 6937 1.4952220103099973514 0.039292332412774182149 0.15592922804412082116 4.7395833255694368447 5.6272673196826517028 1.9759265677750026402 1.9395229549927028856 1.9028715757410881171 5.15552e-09 6.24608e-06
9462012.3203285429627 6916 1.4827995518429681887 0.0823903087287813779 0.12412226128773237721 3.9468966328123764598 3.8902257389178904745 2.8172989082666162197 2.789932629803181019 2.761552734683518473 2.44035e-09 4.86782e-06
9462012.3203285429627 5435 1.72505557454104963 0.029106861828444574591 0.086941097325167901455 4.0759575678051653824 2.4497355334287376216 1.3649525081476767685 1.3365405378972414763 1.3082286614140372638 7.17242e-09 6.97277e-06
9462012.3203285429627 6255 3.2250997109966208498 0.077627469042902241814 0.1398471812346872567 2.9839203593402321424 3.7760665808600628601 4.9469855714094617127 5.0218885972996405442 5.0958276822956332097 2.45838e-09 4.87977e-06
9462012.3203285429627 5436 1.4259905670169028546 0.061224321828556596548 0.067739946426800826118 0.95258463750310296003 6.1356214540040348027 4.2863864757669158934 4.3428918269734282376 4.3999840620655916723 2.73828e-09 5.05836e-06
9462012.3203285429627 5784 1.4627896949222911616 0.19523866734180270188 0.072594026569161348994 3.092653133796416931 0.73255383920874861392 0.65130498512190726501 0.54059705670150681733 0.44011786689469861722 2.79482e-09 5.09293e-06
9462012.3203285429627 5004 1.8749642701921385157 0.38052341438129955176 0.03354973747159511327 1.6994429766034251372 2.6958248206083652576 4.5477163842229426649 4.945498270864260526 5.3157296080512548286 2.5143e-09 4.9165e-06
9462012.3203285429627 5406 1.9641282432514377554 0.09380030582626720792 0.13978142764805367992 2.4422481934067015175 2.1432466878603810834 4.0352532222888699565 4.1107073560195468431 4.1880349147456072956 4.61584e-09 6.02005e-06
9462012.3203285429627 6756 3.222826323243966673 0.03386887661847681058 0.33108339891920601783 0.69188851868216150187 0.46289932730604771427 6.200831020744273836 6.2035716468517447808 6.2062652245187557298 2.22448e-09 4.71983e-06
9462012.3203285429627 6230 2.0358898606029525169 0.19956251200798746925 0.077732636753100825544 6.1558821421852609745 0.72077946037992546291 4.7992346773072132038 4.9976706483908852618 5.1891673269104074961 3.21494e-09 5.33631e-06
9462012.3203285429627 3770 1.598147059242196466 0.21633665160040169151 0.075218367292561510995 5.0790115795045780445 5.2580337794872047397 5.2612584258680001881 5.4374821742597321261 5.5993966625895437161 1.55823e-09 4.19174e-06
9462012.3203285429627 5300 1.722195307768525252 0.11908306393927539646 0.060660542817432418217 1.9241418304951851681 2.0024608751881767255 2.7441660434706944827 2.6952234003050539179 2.6438160300502135946 2.06634e-09 4.60522e-06
9462012.3203285429627 3174 1.6881043509151254511 0.055493116865358224632 0.083321522949162452054 3.6836824157614538322 2.9151976686695717511 0.56896635762492819843 0.53973177361969248977 0.51121353272811931312 3.19992e-09 5.32799e-06
9462012.3203285429627 6217 1.6569285375322231335 0.018951395073168335326 0.025394962220592641466 1.818405075784834013 5.9450299632625585033 0.85014500868992359806 0.83599284043304478153 0.82193161561358707434 1.25068e-08 8.39264e-06
9462012.3203285429627 6203 1.3012311801762641572 0.065849316478120575868 0.060035154308968260994 5.6174482490238135668 4.4952936221055264099 4.8260565297066460033 4.891284905477690792 4.9560833165918589671 5.46163e-09 6.36733e-06
9462012.3203285429627 5086 2.0104244644239588347 0.11448831100243754555 0.14700930833150713251 2.3644408362914868249 4.2989484896752081511 4.2974260463576623437 4.4049314423926357875 4.5140509489629936368 2.82e-09 5.10818e-06
9462012.3203285429627 5068 1.8193655979402867384 0.068644564700213170361 0.08097959568695961563 4.6004211105445849128 4.3078266461228782447 0.27782063342804030892 0.25957535184666852279 0.24195634092205409171 4.16264e-09 5.81621e-06
9462012.3203285429627 6279 2.0304848583054249112 0.022109052799270622475 0.097994233678209988203 0.52325964541886160752 0.63440583886097223765 1.7447532279503568109 1.7229343039737605725 1.7010806257009649656 1.20562e-09 3.84817e-06
9462012.3203285429627 6761 1.5719706006041536117 0.15968217157485453672 0.14935852864803461637 2.1601165371148134398 6.1723957000188507394 3.3100651241579330808 3.3393293430805575106 3.3706990061032882089 4.88068e-09 6.13306e-06
9462012.3203285429627 6842 3.1128293937674889058 0.053181212268866129289 0.068562929072621195403 1.2812929675650694961 5.8489427693442985756 3.9084587620121591378 3.9461033271943128931 3.9844199332273366743 3.94698e-09 5.71398e-06
9462012.3203285429627 5358 1.8261853020869147635 0.17819264137333792886 0.088045950111258930448 4.7584899750184366241 3.5670803065131333476 3.2186189487334213588 3.2338007562324984079 3.2502082881281904037 4.52702e-09 5.98119e-06
9462012.3203285429627 5669 1.4940882519207201451 0.1412315994691749621 0.041402429525940566413 3.9224916674368572878 5.1146585868082592441 2.5107089115070717611 2.4219508799131879151 2.3288629700141312284 5.45549e-09 6.36495e-06
9462012.3203285429627 6977 2.7893021740524095442 0.29417018808820816211 0.055692305853186449549 4.2844926577897393116 0.27587440172584815068 2.7542944798236197457 2.6224831884495842793 2.4765432643272822233 5.37795e-09 6.33465e-06
9462012.3203285429627 6443 3.1700510458994433094 0.26167305553364378357 0.21161177559826077621 3.879199588927474629 4.9012591473728317482 3.0971149306757097541 3.0834572269727780203 3.0682533198112458273 1.88164e-09 4.46371e-06
9462012.3203285429627 5298 1.8252878103551377631 0.16859730507327241877 0.084481444781984271764 5.9341583367204089328 1.7145986381782114538 4.735220764239773672 4.9042571546030657714 5.0697606486114867863 2.48769e-09 4.89909e-06
9462012.3203285429627 5399 1.4048200770133711934 0.10026326832953923185 0.13206470540343728803 0.69568881304614349492 2.016454449108667113 3.3963469833077586379 3.4229713287740510808 3.4508124700995939094 2.19916e-09 4.70186e-06
9462012.3203285429627 6367 1.46494844543109215 0.19677303593943568094 0.17383666909120598643 0.0084341298661627771976 3.4962715873592680182 3.6578877989526477066 3.7651611091959877875 3.8800639183569227697 1.45694e-09 4.09887e-06
9462012.3203285429627 6202 1.8869717967166244055 0.078275751691541495259 0.099499841289949486622 1.7689042417314124744 3.744337301648302585 2.3208094028826025124 2.2618909424620872173 2.2015756567476540972 4.75227e-09 6.07879e-06
9462012.3203285429627 6269 1.9936394633792531295 0.13775600132027382427 0.087629573875945845907 5.4100222442618850494 0.91474355448008315417 5.6097972148634651646 5.691642506022046355 5.7684610844666694973 6.27461e-09 6.66877e-06
9462012.3203285429627 4189 1.0616989340742162273 0.0080647221782593776079 0.031641235084518479215 5.9914514462906574011 2.3507471027702009359 3.7791011470093605062 3.7839169043095877143 3.7887481414406920521 1.02284e-06 3.64294e-05
9462012.3203285429627 4755 1.3998250059340386908 0.042107771655645900855 0.04157976446873742904 0.61409891794358761885 0.097858664149608143301 1.4919859951031422263 1.4500659646685281068 1.4082646981017403753 1.90585e-07 2.08072e-05
9462012.3203285429627 3337 1.4915676846273460132 0.12306833364430819211 0.13126688326382265903 5.6944158197412741984 0.04719369235286249159 3.7328930215615030441 3.8054486721756464185 3.8812782733823665282 1.23471e-09 3.87886e-06
9462012.3203285429627 6722 1.5037762594686854278 0.23264564056610961829 0.073425668443785313544 6.2583688790082732112 5.061457529495245744 4.9210697520114932146 5.1453847789820512659 5.3565602075062654919 1.78527e-09 4.38616e-06
9462012.3203285429627 5374 1.7318003410913809237 0.13463752269890411073 0.065883299909075224154 2.4518201448943535148 1.4730772515363048658 2.476276803616967559 2.3881492912008903673 2.2960364667268531313 1.21754e-09 3.8608e-06
9462012.3203285429627 5438 1.1455075079245935488 0.27259281917791877703 0.078221150862240171331 5.3629357138264746041 0.30949050956071438856 0.93390580205543627379 0.7282999312503769529 0.5468616535430506076 2.41055e-09 4.84792e-06
9462012.3203285429627 6253 1.9811553968426647288 0.24059166026682562989 0.055478258885528743127 1.5239848307428369711 5.9143878960950653223 4.5835309889710025288 4.8283144068312573438 5.0672912566139149959 7.30442e-09 7.01529e-06
9462012.3203285429627 5177 1.7846824846824491662 0.28567092277422928559 0.10979396113604314444 0.83101655398257912033 5.4356791667589092754 2.7600691222108113543 2.6345956366671465787 2.4958869166774420023 2.10151e-09 4.63121e-06
9462012.3203285429627 6001 1.825948797952379854 0.1145551952283659497 0.15123994493128509187 3.2618781025839491683 3.6672472875121622238 0.26487467962488248086 0.23636944271308682475 0.2095435291933088473 1.89847e-09 4.47697e-06
9462012.3203285429627 5626 1.7116278535857809562 0.059707161786159271277 0.11693261223642728575 5.5558523549505443029 5.9410475605525343568 1.3244535122545419981 1.2669322791566912656 1.2099604543577335836 5.23731e-09 6.27894e-06
9462012.3203285429627 5630 1.9334909832059807844 0.13623129070811149099 0.10414263158172054613 0.49767765024448040734 1.9818703444967225025 4.3084938317219467763 4.4376488713703592381 4.5687709080218068536 2.87655e-09 5.1421e-06
9462012.3203285429627 6027 1.7810443618375249031 0.12747674766581396089 0.1187052671028321349 4.2621970929260655225 5.2098774748616927255 0.95454537442147291415 0.85390274167033675123 0.7578043417988898911 2.32786e-09 4.79184e-06
9462012.3203285429627 6069 1.5434298550593750221 0.26008345624630108128 0.13279869653408529762 0.59240296478863030405 5.570485074898731348 5.7028627931777462479 5.8333198927854796878 5.9464157124299577006 2.30644e-09 4.7771e-06
9462012.3203285429627 5564 1.6593349569691726586 0.19347314552281533184 0.05383141125811358868 4.1478025189265901318 2.6927821467130437227 1.219661163541554405 1.0426843772069787075 0.87557001215137419958 5.64605e-09 6.43821e-06
9462012.3203285429627 5077 3.1002938357413127868 0.11721575586017210502 0.29552441255036421275 2.0195161991351024966 0.47255382774121762468 2.2968156921876046184 2.2053458368395970624 2.1109474365380864747 2.69841e-09 5.03369e-06
9462012.3203285429627 6591 1.854054258018704493 0.11251721215284003763 0.15627768382434853445 0.35824151756589356355 3.7971447143031240579 3.2949659072540362637 3.3132283252666394624 3.3324456142037179873 2.63066e-09 4.9912e-06
9462012.3203285429627 6465 1.9617149427618920665 0.038678412875116266467 0.1026603168490874407 5.4644876981741354882 0.18459200534441103092 1.4145448489648322354 1.3764426689693700645 1.3384924660182391243 2.98606e-09 5.20654e-06
9462012.3203285429627 5694 3.1452444709816256285 0.073942657560555458129 0.25327196020555070577 3.4984297771954375733 6.1024797284932486008 5.081376008313418069 5.1494999933590648311 5.2164904453863867317 1.21025e-09 3.85309e-06
9462012.3203285429627 5553 1.0811045345248462279 0.32912855455720924081 0.24182675617348159403 0.051485902774341715804 5.2417923108860851045 2.5864387854252646193 2.3787580389294662453 2.1513389936896611943 5.50583e-09 6.38446e-06
9462012.3203285429627 5820 3.1306594705459520611 0.10348460144881158063 0.099190671765774340862 0.40132562992627712761 3.6521800487838196325 5.8381627440809973351 5.8808259021391506849 5.9213494798912504891 3.12834e-09 5.28796e-06
9462012.3203285429627 5026 1.5652098016843949413 0.13158264152878415554 0.11345388046635575263 4.7872719367796907619 1.1940053747539851603 3.1431864365410930873 3.1434119691731239321 3.143651359391292921 2.52074e-09 4.92069e-06
9462012.3203285429627 5667 1.8395227725679965669 0.084010396152167557404 0.13115545773392006668 3.9903967026307820554 3.3299441313912629958 4.4376946206120333471 4.5195879616020082636 4.6020417615721349591 3.20823e-09 5.3326e-06
9462012.3203285429627 6492 2.7080574015657390419 0.40738819101797657529 0.1316959701681755246 0.61537417776755320986 3.2701947582661023972 0.43545935106469213505 0.28517291171296083041 0.1705650872827479958 4.60217e-09 6.01411e-06
9462012.3203285429627 5363 1.7170606044001321955 0.11957364876909942764 0.065179430055607542882 0.14274414773365329268 0.84737063597085748867 1.3316459493120040847 1.2168173827014383548 1.1046571914421596805 1.92803e-09 4.50009e-06
9462012.3203285429627 6622 2.9030751658934974557 0.36180151126627912994 0.29846289492471145266 5.4755652983285507673 3.8191716800062138759 0.20099476885740094612 0.13784241051829457247 0.08812859922116791922 2.90674e-09 5.16003e-06
9462012.3203285429627 6538 1.4902212604185431921 0.37972932147560251037 0.18138155423244589626 1.6155266473097456004 6.1442291549856475896 4.8453748223979165033 5.2219162560572129905 5.5534105301080964878 2.46314e-09 4.88292e-06
9462012.3203285429627 5688 1.896614161665903131 0.066337740420783011808 0.14105974200583207279 5.6872116472944496124 5.3427905448762560425 2.0869691929832261401 2.0282651919206537983 1.9687487412043187529 3.26046e-09 5.36138e-06
9462012.3203285429627 6373 1.5839657731056291379 0.040285650955953343499 0.024535999478774158516 0.52202436430256149436 2.2682925087899370453 3.4062978522040139318 3.417050890943207353 3.4280081016589831755 6.95589e-09 6.90188e-06
9462012.3203285429627 6378 1.9002636603732709908 0.47949975660218840945 0.45435453668377751013 5.0892218239273914193 0.14360752730055720283 3.4421345640036262736 3.6414670718447816888 3.8712986542250136246 2.37178e-09 4.82179e-06
9462012.3203285429627 2445 1.3084934547084154932 0.32317792762093672243 0.15796656154453952992 4.9476528434433619807 1.6405794382347851368 4.7744400933980077895 5.0996151736521335707 5.3988650299941758348 4.17305e-09 5.82105e-06
9462012.3203285429627 5806 1.3867457068810011833 0.32027253084239676317 0.061967684437531408981 0.38769555368687463881 0.73731249645975605045 1.720854580561314906 1.3904557194674804776 1.0753771581319655493 2.32886e-09 4.79253e-06
9462012.3203285429627 5776 1.8154043488578432974 0.28894062538651454908 0.02382279049928662587 0.27693563005030247259 1.3252644084145752679 5.725459501657296002 5.8641010264057440438 5.9816779445363490453 1.75506e-09 4.36128e-06
9462012.3203285429627 5107 1.2507333219851575201 0.24607618991042512491 0.11279699977954604773 4.5614701346237671586 5.9363400569134556761 3.9570205133295490718 4.1553602902028385913 4.3642370655576216976 4.08288e-09 5.77882e-06
9462012.3203285429627 5018 1.7239963737646439856 0.095722191716013052543 0.13522771672059125114 6.0478685755762571219 2.7910592372989220245 3.9811747437457376542 4.0549208870248190095 4.1306890271088541056 1.65949e-09 4.28064e-06
9462012.3203285429627 5713 3.0903677184640918618 0.18483264599093682246 0.20388350596226956224 1.4064979721891703868 0.96111704204226222625 2.5410890884337677953 2.4270864312396933649 2.3059758586368839239 1.49134e-09 4.13088e-06
9462012.3203285429627 5209 1.7231466008817530877 0.0055008764231733254038 0.047656455552713243573 0.52481045058057262942 2.6131087560936445691 1.7291083752064935197 1.7236739041639361769 1.7182371846549688854 4.75685e-09 6.08074e-06
9462012.3203285429627 6615 1.4762172191937377175 0.21030218069969924821 0.11795217951721730099 5.3964569978528960092 3.3542807834751471319 3.0466785297484220152 3.0241370343675781918 2.9994926178448748644 4.67657e-09 6.04634e-06
9462012.3203285429627 6617 2.7531306825037757946 0.20980558556581085927 0.032022963109690841255 0.97080607682330888331 2.9139420987780204619 1.2527949922901460145 1.0583507560974552142 0.8754951119429863482 3.93262e-09 5.70704e-06
9462012.3203285429627 5885 3.4830165787630082974 0.053198973246763460454 0.29110267269532952294 1.1731269405601623124 1.7152197848735277752 1.5138626192733990461 1.4608050448077889438 1.4079275500321375425 2.25928e-09 4.74432e-06
9462012.3203285429627 3982 1.3261424793933069832 0.044149299258286194003 0.13470267955476811217 5.3625694980612905738 1.9500569613281522052 3.9734043576477930948 4.0065433207404925753 4.0401437305125993404 1.70782e-09 4.32179e-06
9462012.3203285429627 5603 3.1403301660957323449 0.07277875261667217377 0.47158539718196201829 5.482225883834696667 2.310346917443251602 1.5770274925981533354 1.504169223136892164 1.4315519494328174943 2.73212e-09 5.05456e-06
9462012.3203285429627 5047 1.7401332269651645923 0.12003542455281986101 0.069452647178506660142 5.2893664755965206226 1.9478451529926614771 4.3895412586324784598 4.5058826564279037541 4.6233677166190512153 2.89941e-09 5.15569e-06
9462012.3203285429627 4963 1.5825136205514962473 0.053931672416480683219 0.098322698790530432822 2.7772320324561237115 2.3756303925538420074 2.6629074001868451305 2.6374390185207010617 2.6113864315829182772 2.1769e-09 4.68593e-06
9462012.3203285429627 5188 3.1959545258604338258 0.3731072597050510975 0.30561849784534672603 4.5212610211153974049 4.8245508392427725042 2.3936837451624093376 2.0892690070454014162 1.7651965995823351019 2.40354e-09 4.84322e-06
9462012.3203285429627 4858 1.1590136298026152417 0.03004318915603691395 0.18936280932626817219 4.7070952712470610635 1.356088111829103271 0.2487852163997124888 0.24149234388089160785 0.23430745716641912524 4.88084e-09 6.13312e-06
9462012.3203285429627 1267 1.4243308818887383538 0.24866719817455570918 0.10920285115363909112 0.99936722093648211462 5.3699331044561917636 3.8686242513707260748 4.0535098488015011142 4.2501257700466119616 2.48068e-09 4.89449e-06
9462012.3203285429627 693 1.3397243375508962604 0.40196509414253245307 0.14182881035462280295 1.4194451447316791537 5.1681222333172120997 2.9951702023036976819 2.9179398761446533328 2.8287868740442787541 7.32683e-09 7.02245e-06
9462012.3203285429627 5830 1.973531565539563104 0.24266916735646459902 0.0068047769747229050474 1.0367256815006566928 0.52236797406551549461 2.4000219583338711082 2.2175093383563706517 2.023842662909540735 2.51554e-09 4.91731e-06
9462012.3203285429627 6023 1.6386420486246888739 0.046194608391516241153 0.1119275517343871762 0.15714184372454953476 2.8616615621539147618 1.7991206519023554833 1.7538718958292249805 1.7084492722068063131 3.26695e-09 5.36493e-06
9462012.3203285429627 696 1.0681410986447101852 0.17609566923506447811 0.066530775104352735116 6.2293475534896609602 4.0986961160605472898 3.710532317386171286 3.8137833249237917954 3.9234383783686284097 2.31909e-08 1.03107e-05
9462012.3203285429627 6155 2.0637007079863831649 0.061330295486724403786 0.13527508056542097981 1.8741499840941477917 1.0736591225659259941 4.5721375702923392481 4.6331658617575959269 4.6943037941424421433 3.03729e-09 5.23615e-06
9462012.3203285429627 5191 1.8557721527685266949 0.055676289629623558486 0.13680398519443892624 5.2067900866979730523 5.7073701788810069502 0.0071362130084911693309 0.0067493672927068084841 0.0063735904175372367145 2.79475e-09 5.09289e-06
9462012.3203285429627 6978 1.8148125984910363773 0.27521915947980274408 0.11178376537093376308 0.060275188880094920929 1.2538917710573858066 4.010207476187897413 4.2447281113121260177 4.4903956709051326968 2.46129e-09 4.8817e-06
9462012.3203285429627 5211 3.2429520637179480858 0.054569285555108718033 0.29710458183014898381 1.4867569639405688875 3.2251957041477719024 2.9433175397466118106 2.9322647746714864958 2.9209251408401386563 2.07199e-09 4.60942e-06
9462012.3203285429627 5231 3.1618129084852912847 0.12681792240222622414 0.21810780338024909897 4.7657932260471067565 4.1818933861577640698 3.8609476837955418738 3.9490098724929696417 4.040636320718369312 1.89135e-09 4.47137e-06
9462012.3203285429627 6057 1.5030961999549130592 0.13499459226237051079 0.17522142073169288956 3.1072649277256991773 0.16882466567840659355 3.6263406169491170239 3.6935434490504377436 3.7643277736337776851 2.11922e-09 4.64417e-06
9462012.3203285429627 5989 2.7003150355516987169 0.25964518846339795788 0.098837783399982559462 5.0964411045312960624 5.2699423690503746087 1.8306637940743160087 1.5679111147674980042 1.3082670070048427746 1.60714e-09 4.23514e-06
9462012.3203285429627 5869 1.6949511353560391402 0.22732086013932933932 0.17398355258439701654 1.0285465807184128728 0.18511529806900756112 3.3747637143867388332 3.4346843070277484067 3.5003603522918567137 2.00715e-09 4.56082e-06
9462012.3203285429627 5060 1.8111129174966633659 0.085406954894509556908 0.087453289107581336226 4.4788857497544576347 0.89794563486776868277 0.4839663268208448943 0.44561159431713709411 0.40880035709499756846 2.03606e-09 4.58262e-06
9462012.3203285429627 6888 1.8255089942437359163 0.11111004860328289878 0.075828811660301212449 5.7968513734632445278 3.5528164216725057756 2.9322697910052437642 2.9077756425535064011 2.8820322943817333616 2.28028e-09 4.75897e-06
9462012.3203285429627 5027 1.8256327828216514231 0.057521164762954726801 0.16029463375085781229 6.2774833452993865635 0.77389844684624531368 1.1106899276812112198 1.0597699403434530652 1.00959750763011602 1.92434e-09 4.49722e-06
9462012.3203285429627 6690 2.82935085208770154 0.098226326184164713951 0.12724443278519648182 4.670655190746865415 2.6852884197329034421 4.4897480715271438356 4.5867614326076591169 4.6842136599538601871 2.63564e-09 4.99435e-06
9462012.3203285429627 6526 1.5831002591092839804 0.094853845894010621609 0.15447422018718406922 4.688453576050354954 1.3607688968994273715 0.0077031776361012127899 0.0070040875502145275716 0.0063397283410678711979 1.74858e-09 4.35591e-06
9462012.3203285429627 5245 1.5978220180548385887 0.13540863155117338623 0.15514123278788044535 2.8501508799498420643 4.7434316957476339027 1.6226689599614885218 1.486546631271383756 1.3516182815236039705 2.53784e-09 4.93179e-06
9462012.3203285429627 6159 1.9286256597394806356 0.20154124736530751316 0.05116282950285123976 4.229083619685063411 0.076119617074248566158 5.9393708433801570834 6.0019862392628420267 6.0579155115324700986 4.4573e-09 5.95033e-06
9462012.3203285429627 6127 2.9901699931015230938 0.30762841749050662266 0.25972944724169916286 4.1074900912993603797 3.3650642262288301687 2.648084619337587764 2.4750906495666296081 2.2849023372503318718 3.18976e-09 5.32234e-06
9462012.3203285429627 4750 1.6129258435967279706 0.14946895198120080384 0.11209309809523620993 0.74669029858004409839 5.2232988068242534041 2.9974975388941054177 2.974179660427563654 2.949273339372133762 3.28876e-09 5.37685e-06
9462012.3203285429627 1127 1.3016647112329557956 0.071306869006740214445 0.1213579035159488978 0.53672276737166124683 5.7644017635080837536 5.0093221520651773915 5.0768639715467980267 5.1434867660563714509 1.29908e-08 8.49954e-06
9462012.3203285429627 6775 1.6720434796211876005 0.16673119473634775978 0.093526807246892648684 5.563376165662698547 4.1613778120705173791 1.1079805563950864133 0.96341844434724888124 0.82650756992834040204 4.4281e-09 5.93731e-06
9462012.3203285429627 6840 2.6793420986817757523 0.21497610378996395708 0.35813333062199348422 4.5397153634319185045 4.3521392258228512873 0.63358910492329600928 0.51532494232210446228 0.40938093093262362121 3.2421e-09 5.3513e-06
9462012.3203285429627 6263 3.4665935934719334099 0.094361531715281582455 0.29766193666412432695 1.3899237565960440577 1.4547414432540295426 5.5374020604063582951 5.5993999769839772895 5.6590111649637373503 3.1828e-09 5.31847e-06
9462012.3203285429627 6103 3.327276293110843941 0.077379865948491777239 0.068265253768541589441 3.7222666814675120506 4.3190109431298990827 4.4497257714754159252 4.5252884768947359007 4.6013178863763144477 3.07621e-09 5.25842e-06
9462012.3203285429627 6054 1.8697371342634898639 0.12520016256887772643 0.089701833776630185424 1.6162909565933427647 4.6900803302999927169 6.206612267821583373 6.2156606239047933471 6.2241083021634731054 1.03293e-08 7.87422e-06
9462012.3203285429627 4670 1.2950446630883314381 0.23745912489815770852 0.13151237451788047594 2.0685986954031099216 5.0718752206680903782 2.1873409433726109796 1.9768581030675271837 1.7587083184948204551 5.11284e-09 6.2288e-06
9462012.3203285429627 6657 1.7579735836044962927 0.052470843652950759084 0.059463389489688565914 2.4076949258237223539 4.5167057108411068356 3.7913595811068723229 3.8238017405395607895 3.8568850909339280619 9.52311e-09 7.66378e-06
9462012.3203285429627 5408 1.9417116229003974492 0.088028118153838708082 0.1439635691874960044 2.8468102389670639774 3.2010618818540454988 5.1030273519336519783 5.1831924436435130588 5.2616434654791861547 3.0092e-09 5.21996e-06
9462012.3203285429627 6810 1.7476572464853266098 0.10460366053114873719 0.06529390018429473419 0.67150991247508240445 0.96160708513055159763 2.5400128625762414813 2.4779871840266558536 2.4135553926074071462 2.57322e-09 4.95461e-06
9462012.3203285429627 6641 2.0231542508071438391 0.076117515463756987848 0.095918877811164329761 4.026424493311052899 3.135737240371962109 1.0202916745685524091 0.95661697948248514134 0.89441019463053816896 2.45986e-09 4.88075e-06
9462012.3203285429627 6221 1.9909789902533074901 0.14568339286765641383 0.14039320007048339267 2.9917224455883548728 5.199181253569453709 2.5311098168787329321 2.4418465709952759113 2.3480230482956883087 2.14299e-09 4.66148e-06
9462012.3203285429627 6725 1.6193384107368844482 0.19934969561232160351 0.14501113308688529102 0.66684307153138433488 0.61705484977837565808 3.9091744727590591602 4.0596435649080220287 4.2180108130135245403 4.94994e-09 6.16193e-06
9462012.3203285429627 5707 0.92379438410434744355 0.2439488903180603574 0.064601884070569493002 5.8422321599280984117 3.1303017205596690431 3.7475350294634082182 3.9042700918445527591 4.0728045434458417517 2.27392e-09 4.75454e-06
9462012.3203285429627 4769 1.7372817708839916051 0.11711948258458879102 0.054793740323839872086 0.53292882505980732066 1.0569549028338955932 2.8494833652589126594 2.8136254874760426858 2.7758990518901192068 3.36602e-08 1.16741e-05
9462012.3203285429627 6914 1.7592768058894174832 0.24234242054267532418 0.13937628731845530528 5.8133356831509184204 2.3832595624832157988 4.1727010469554617345 4.3970387587710613175 4.6274307453249745592 4.41745e-09 5.93254e-06
9462012.3203285429627 6913 1.8905761968576750842 0.04586877077124695834 0.1091350012313056228 3.5193683469305092615 4.9261870254055217799 2.0726252020800530751 2.0319472277678296557 1.9908698645790512405 4.44786e-09 5.94612e-06
9462012.3203285429627 5534 3.2709012396204775186 0.15450934366772861583 0.1672184517818089966 6.0356651589764940269 1.5282217863323239726 0.61209451852165275287 0.52817069044796238764 0.45030506471750048059 2.18919e-09 4.69474e-06
9462012.3203285429627 2174 1.3630112743698461486 0.15069594423233984015 0.070168428652812836477 5.3757655967344106784 1.9636947445931649536 5.8658248421646375093 5.923264029947096887 5.9763392252618592337 2.03153e-09 4.57921e-06
9462012.3203285429627 733 1.6295685066954752607 0.079653482124238145223 0.019669791888398954066 3.2492218992887313966 6.0955895448880159648 3.8836646778238930189 3.9392004735927819148 3.9962074664853290962 2.10139e-08 9.97744e-06
9462012.3203285429627 5309 1.2907547592831682959 0.26409973058042701677 0.13087690620948647102 2.4606238317500674917 3.4882964187594565075 2.6447669824849855402 2.4996915195739477511 2.3415699262297455796 2.20889e-09 4.70878e-06
9462012.3203285429627 5934 1.93983862561881093 0.21288732689968406508 0.060885161070892569735 4.2527585147164046475 6.0735138891673923212 2.3782074478584775967 2.217105643031168416 2.0471551516393358128 2.95537e-09 5.18865e-06
9462012.3203285429627 1475 1.2734240034024606469 0.069169753916476547917 0.015760967726901612546 1.0824969832922155533 6.2625945523478279142 4.9801296445761078502 5.0462845611544562274 5.1116342654912658716 3.50237e-08 1.18296e-05
9462012.3203285429627 5323 2.7919899205514835394 0.060292613532379142616 0.06264861202639264437 5.2269155038872039398 0.0058121519420995873539 5.2591763783553542311 5.3099180449144194327 5.3597636541426583179 2.25995e-09 4.74478e-06
9462012.3203285429627 5796 1.689433021652018807 0.13309227558914488165 0.035906136321212048235 1.1649205724541786822 1.1541605789709274976 0.57351654609383728722 0.50486273908190260062 0.44048769451806835118 5.43667e-09 6.35762e-06
9462012.3203285429627 6237 1.6819795268702053548 0.071485808592791591498 0.088256901241428972749 4.3382833812558638797 3.8009750205686705371 0.16092226625551522834 0.14984496013918413571 0.13917321323104933639 1.89473e-09 4.47403e-06
9462012.3203285429627 5200 2.0251845948483566673 0.10705843885527496773 0.15763553918650757835 0.74059084736980451691 5.0257524946723606263 2.0275302824422571923 1.9289119520956288234 1.8286454099813427288 2.18438e-09 4.6913e-06
9462012.3203285429627 5979 1.8183702220145741002 0.23857810337785187449 0.070828852042793280508 5.8207533446567349955 0.096527841014331136615 3.0357852675414287447 3.0067238721719524719 2.9746445923537594425 3.8601e-09 5.67174e-06
9462012.3203285429627 3020 1.3723395454274998073 0.10608432729142144857 0.023408897604381619095 0.40699559016409753154 2.8316161371932300206 0.72590682318883925639 0.65801533226992126036 0.59313969812121580816 1.84633e-08 9.55624e-06
9462012.3203285429627 6021 0.9400917010348824876 0.15783257481853896209 0.075804949298511434264 2.6877574118430040961 0.33608947855945542349 4.01434455149566638 4.1423921129254566154 4.275271778380149712 2.07244e-09 4.60975e-06
9462012.3203285429627 6618 1.8875217158466877088 0.056116793870118725218 0.17654916148115537555 5.4429950681025820458 2.9012128904101550653 5.0340084176348174339 5.0868087360891758308 5.1390377580760855381 1.98254e-09 4.54211e-06
9462012.3203285429627 5741 1.7605213509998809407 0.30065228612302719036 0.12526215364993395496 0.78750780307658263535 5.3794384461840758505 2.661836703323120279 2.4976917366019883993 2.3172042167500519483 4.83963e-09 6.11581e-06
9462012.3203285429627 6184 1.5141429142076430203 0.11205252927209378988 0.076088914880017399778 3.1391394819407003602 3.5847791275716551773 1.8077368561457085594 1.6971230884660515326 1.5859634631817449701 9.51587e-09 7.66184e-06
9462012.3203285429627 5807 1.5906213135581424023 0.059542937739062502811 0.072990736341870129933 5.1107973677187112926 1.8131604707647785979 5.4129336901581668329 5.4576280505672238874 5.5013876916320212374 4.88354e-09 6.13426e-06
9462012.3203285429627 6935 3.4945418802022025773 0.018240781457429022794 0.45413569709088691395 1.0905124802006607165 4.8014019280163129366 1.7004061781460315661 1.6822960329951701652 1.6641685204964717926 2.603e-09 4.97365e-06
9462012.3203285429627 4786 1.0423684810735345252 0.15568306972931475474 0.20568509167592299858 5.7339643180587049898 2.3537061119597004755 4.6649164219763115113 4.821640055300788319 4.9763949480052618313 3.70633e-09 5.59541e-06
9462012.3203285429627 5525 1.7375439720876806327 0.039890231429340505809 0.15795076113301795284 5.0467485582129647526 2.1408755277830948671 4.4498430907934611866 4.4885774867463563709 4.5274727992341512461 2.22151e-09 4.71773e-06
9462012.3203285429627 6499 1.7459084625194110085 0.21584689529482589676 0.038785667145522673138 2.1890257015916780858 4.9210650538283662314 3.4730266275636174633 3.5522441496079251166 3.6384116858621062818 2.00728e-09 4.56092e-06
9462012.3203285429627 6270 1.751358071919567827 0.071321165592365634578 0.082956310456504547823 3.3663182820535371143 5.0471852995463617475 0.49446106125014821497 0.46160754088037814213 0.42984195145217896084 2.07589e-09 4.61231e-06
9462012.3203285429627 753 1.4716037873720033691 0.076841001420153418056 0.14786811228079907443 5.5368375592376271044 2.7863521271914981625 5.5896115012546392364 5.6373849964225781761 5.6836308136732247576 9.5243e-09 7.6641e-06
9462012.3203285429627 5204 1.2999439172638305173 0.052835585100516835322 0.16158111694128321489 0.42010877695512532926 2.4059637485385216848 1.834521350796053385 1.7831339770913186005 1.7314850297492934139 5.21728e-09 6.27092e-06
9462012.3203285429627 6739 3.20114691287602815 0.063544787570514377206 0.17592636076992271277 5.1023408122966475986 3.2719266382705156637 1.8082087545557503638 1.7459381281580503842 1.6833654589001172397 1.84353e-09 4.43337e-06
9462012.3203285429627 6996 1.7274866854936674621 0.18315477540216615338 0.056800355365305248145 0.37662765588461527555 2.7565168905037324976 4.4950955788481152808 4.6786165930017933334 4.8616669275303117104 9.30536e-09 7.60492e-06
9462012.3203285429627 6207 2.9148442800639160488 0.039616419690122743613 0.13727503452536488071 4.3111075159368752452 4.2181072442436260417 0.84812406747098190163 0.81878511277927590317 0.78985258905511723793 2.10618e-09 4.63463e-06
9462012.3203285429627 3539 1.2555242274687110626 0.10660252989235863286 0.019123180355999271768 3.8904832573198944168 2.9678571515612155451 3.7212986393056217693 3.7825823160756901764 3.8463294512980779061 4.11193e-09 5.79249e-06
9462012.3203285429627 6242 1.5160726999217180033 0.15465067597890946871 0.11405229962322398218 2.3420340785167552689 0.050892508416958699702 0.033732180017202531563 0.028863449848193393349 0.024400317583299954705 2.33848e-09 4.79912e-06
9462012.3203285429627 5277 2.0322616706469771586 0.30258245619676599203 0.10998219985362243933 1.559553190683699464 0.10166279256042305701 6.1826667112587969655 6.2096052494042934811 6.2318491997776739311 3.07432e-09 5.25735e-06
9462012.3203285429627 6413 2.7131117233940860167 0.22208704489343580879 0.21834311978021558875 0.93437052065166670278 3.6582964662924504218 2.6350438688700661416 2.5141820712669180615 2.3838057684171354289 2.71272e-09 5.04257e-06
9462012.3203285429627 5651 2.767868561143879802 0.28022026691433715717 0.19255355299146720283 5.337783625142890287 4.7259367628575663645 1.4680796385051249064 1.1895625363286028708 0.92946032178893678299 3.34796e-09 5.40892e-06
9462012.3203285429627 5618 1.7216788850850888171 0.13376999761266580857 0.14267446084306228959 5.1281809767353703222 5.2177643837810023797 5.0692683796911399696 5.1921332428619173527 5.3108023451535162351 2.08811e-09 4.62134e-06
9462012.3203285429627 4460 1.4896829771212389826 0.06693780537484342319 0.14055344418582724209 0.20383258524391664746 2.4814266863169205379 2.6015105306206613989 2.5660362129207996418 2.5296018538570339551 8.50531e-09 7.3804e-06
9462012.3203285429627 4541 1.705902570036359478 0.12747554456074583484 0.074932383532286955807 3.2667874237381884228 4.8915820633973581266 1.917473247968601413 1.7945695604683151725 1.6702723543720099375 8.09289e-09 7.25913e-06
9462012.3203285429627 5941 1.1254194678990805389 0.11300528337430393311 0.087080544808888146746 0.95540069997423870962 6.2605703990580181539 2.3508629070677669048 2.2669760023398386473 2.1802673060022761398 1.64181e-09 4.26538e-06
9462012.3203285429627 5194 1.6377975879458268604 0.033478829779245225517 0.15607078791673370533 1.6193931664643663737 5.4737946783070698942 0.0056450788645211582087 0.0054591494213810333111 0.005276384394969711733 4.75382e-09 6.07945e-06
9462012.3203285429627 5446 1.4553388444476313968 0.077652253476434035528 0.049640792436713251923 5.7504960935466042926 1.8126619055204706843 4.8036504895100984314 4.8807847736541294381 4.9573386284003069235 1.15731e-08 8.17837e-06
9462012.3203285429627 6035 1.5727783145009004429 0.055456059827906911686 0.080196205789733562841 1.3045972526548748061 1.4066477324360520118 5.714330979988770487 5.7435412958136531358 5.7720363176695519414 7.87864e-09 7.1945e-06
9462012.3203285429627 5242 1.3595720490540132985 0.1385346575181197748 0.09739433654542628549 1.2922370789818056203 0.01461113482224671474 3.4364448581931088533 3.4797774293577892202 3.5257397975707931437 6.62026e-09 6.78904e-06
9462012.3203285429627 5853 3.1284599110124209354 0.1224243952084209941 0.26054758689231916069 6.0446681347828903341 4.3625052016625218698 0.34072194810333100712 0.30191002859518112356 0.26550782190875038546 2.34516e-09 4.80368e-06
9462012.3203285429627 6435 1.8419591505766303996 0.52337902226086085999 0.15876502884756885092 0.85903000572576115879 0.99836517373864241964 1.8298421306416683407 1.2570826928611837925 0.75924763936209660464 2.19619e-09 4.69973e-06
9462012.3203285429627 2364 1.58276773337301635 0.085734789236514827304 0.050982650913563909434 4.9439883516888905035 0.70532379821826773902 3.1694809609560081753 3.1719834902998647053 3.174588641215860374 5.09377e-09 6.22104e-06
9462012.3203285429627 1936 1.781436530389097328 0.20007653788022972119 0.12201567186413869726 0.17616188691216599915 6.2158494087646767312 0.72323534931241040269 0.59905004493734959059 0.48623525102768794248 1.41895e-08 8.75332e-06
9462012.3203285429627 5146 2.795999564606725496 0.047891633210492202954 0.17778925760000399703 6.0112987910879791542 5.0405149678706946403 5.5096890220485015277 5.5426000912888859773 5.5749135321174181357 2.55901e-09 4.94547e-06
9462012.3203285429627 5990 3.1285713037609355069 0.078194581926564435403 0.15215917999151754025 5.2122293104150703158 2.5707048763771838118 5.7352437669710516488 5.7747155983533646761 5.8127839363983788701 2.30118e-09 4.77347e-06
9462012.3203285429627 4781 1.3537920645765681993 0.073673065268678603057 0.1310522036913665811 4.6214747737211876455 5.7713163716632713829 5.7736704136248553354 5.8085275354360330624 5.8421986369907195069 2.90062e-09 5.1564e-06
9462012.3203285429627 6437 1.9818923681169380302 0.32583566194661944815 0.15238189042576141818 6.1979298460031291285 4.2197275414194548304 3.1122347291668290836 3.1004249008380866393 3.0870147674980765728 2.58679e-09 4.9633e-06
9462012.3203285429627 6260 1.6474884489769676676 0.2065063587023872882 0.11749441923370133878 4.0732349207526485912 3.9825338743358393856 1.8142957165258251084 1.6072109046426115153 1.4008414467451173469 2.41332e-09 4.84978e-06
9462012.3203285429627 6759 1.5206410561242513779 0.19798605250889333984 0.085755537730897238302 2.5950887177436579023 0.033524231523466258009 6.27725047060762531 6.2783293565214863818 6.2792907632450818411 2.57453e-09 4.95545e-06
9462012.3203285429627 5535 2.209110620526009594 0.23088721149320440285 0.1453045357442049601 4.9931294161798236431 0.58428809518121993527 1.7914940974053277234 1.5581817326078142294 1.3273128911795459839 2.07392e-09 4.61085e-06
9462012.3203285429627 6894 1.4857936736843455616 0.1970218193618761271 0.16850545769250832584 1.7454889423683854766 2.2410631708834092279 5.8256249207133912194 5.9062768642948233477 5.9787902881450358805 1.64258e-09 4.26605e-06
9462012.3203285429627 5536 2.7651174040062431736 0.33370354845421329459 0.15522872258411085644 3.8812285959415664394 5.373803496239431432 4.737044170270698018 5.0757654106558973695 5.3876788054308359932 2.74594e-09 5.06307e-06
9462012.3203285429627 5704 1.8830921624387944036 0.10371903077489830203 0.080327368364717058324 5.4411760308772221251 3.2358473626767843001 3.8228152488111790674 3.8910385982769688518 3.9616954516647595597 1.97064e-09 4.533e-06
9462012.3203285429627 5165 1.8961049774697256165 0.21637019806743754136 0.059056380471911550101 1.1453764325846931271 2.7343131080158031843 2.3119244426780918289 2.1379412971588553916 1.9554464051846662809 2.50088e-09 4.90774e-06
9462012.3203285429627 786 0.6866780220774491017 0.093062400321162683237 0.18231514648416519142 0.56528272737206619603 4.1296332263440236332 4.7360940815869874143 4.8291624696794066551 4.9215910890111738141 2.6529e-08 1.07834e-05
9462012.3203285429627 6432 1.8237125416034547509 0.12444610371505242241 0.11472256523150163587 3.9677978867932832685 6.0046702071261801592 3.3673376267834407294 3.3971120262657272804 3.4285655241720438546 2.86603e-09 5.13583e-06
9462012.3203285429627 6327 3.0296902571261168369 0.19042691103078404624 0.13598503693513117052 3.1618110675881578864 5.7989533402507307258 2.8627046685557595573 2.8044301922167242935 2.7414349419257679763 2.25041e-09 4.7381e-06
9462012.3203285429627 5661 2.6368319372223210095 0.15850722294444816174 0.13029024814703948909 3.3279047082569399585 3.0218716455678080735 4.8231961254226263236 4.9800251275597124945 5.132889289996307447 3.01386e-09 5.22265e-06
9462012.3203285429627 5236 1.7759726435149274515 0.10802072916443676565 0.039106879238064003179 4.117293783394437412 0.062286696407824200528 3.8224709049312042275 3.8936333113488785784 3.9674255624315675206 5.32813e-09 6.31502e-06
9462012.3203285429627 6863 3.1301512244338716151 0.14672609579698528415 0.08917352300635553175 5.6307597986303346005 2.6323458643954937841 4.2822301182596618219 4.4203503256967362489 4.5608638811294808235 2.72515e-09 5.05026e-06
9462012.3203285429627 5484 1.4082996704395800425 0.15034588603366533244 0.1564660326135941526 0.11439986409657719457 2.7004358680296616235 2.4120153559482604422 2.3053107608964200637 2.1937306173755080074 3.31273e-09 5.38988e-06
9462012.3203285429627 793 1.4028837273400174279 0.18912311291569405824 0.069478471903058697245 2.8685931400161512883 3.0853200389228279121 4.249305160660342473 4.4271821311856180969 4.608665327529830158 1.51413e-08 8.94482e-06
9462012.3203285429627 5606 1.3092679917530651856 0.10813752701227077879 0.021139188840897476379 2.7513318253802250268 5.6987404916885582296 1.6450466333084303727 1.536559623367880878 1.4284854669670443705 5.08172e-09 6.21613e-06
9462012.3203285429627 6951 2.983951786643565196 0.079520301329699102921 0.071887046009297392302 0.94855442463960060184 1.9120514437880054004 0.61665491625213264548 0.5720513829556598262 0.52900243378352729273 2.54062e-09 4.9336e-06
9462012.3203285429627 6569 1.5552177425374460462 0.16560004886503687516 0.035702500776060241972 0.46785694006554090496 1.5148714848708833003 3.9191200454451888824 4.0433290419045313513 4.1732265622257154192 3.03689e-09 5.23592e-06
9462012.3203285429627 5290 3.1802073314834373718 0.050076529177841097584 0.12955495759643576026 3.8765190219303691244 5.4428898105944050201 1.8114712191662385443 1.7625249194881957848 1.7133659772052396431 2.68653e-09 5.02629e-06
9462012.3203285429627 5908 1.1276206552428866825 0.088034732100158066825 0.13339182265846674658 1.9362765158635406593 3.5207017732424490397 4.3099052475289898467 4.3924425403188198658 4.4760097091534545299 1.41972e-09 4.06366e-06
9462012.3203285429627 5511 3.1824046831770265165 0.03433732677614376172 0.14861164186538691756 3.9164998265130792632 4.2141320557752859344 0.11449238181465945519 0.11063427507582358766 0.1068431347682169269 2.90982e-09 5.16185e-06
9462012.3203285429627 3318 1.7695456338854156364 0.14208144200415656622 0.010981776376596037725 6.1616917740784673541 4.6652000412262939477 3.4372829196466723189 3.4819399105346637846 3.5293687489712399774 8.11014e-09 7.26429e-06
9462012.3203285429627 6089 1.9524045862777466009 0.044296814545726675982 0.12531187769973645141 3.2588566078437839479 1.8853395736714799735 3.0550623272557393406 3.0511457522529652486 3.0471447030410323542 2.91473e-09 5.16475e-06
9462012.3203285429627 5321 1.6867388291613132356 0.021623045702707305998 0.076601006738855836886 2.5171305670355241801 5.6374664263990830193 5.609380868244953966 5.6227611759168443228 5.6360258734619259613 3.33881e-09 5.40398e-06
9462012.3203285429627 6639 1.7223128691137110646 0.15120972303625709876 0.026516864536973709654 5.9190018214283313114 2.2412949523552700981 2.9563740979614445692 2.9261059416884136475 2.8937738388320561889 2.07227e-09 4.60963e-06
9462012.3203285429627 6707 1.6444625912436570125 0.13458673639692031454 0.14562699499866096908 5.7872286653089641817 5.7822040579116356085 1.9450379341683685652 1.8161839718811823019 1.6856290198872521113 9.44992e-09 7.6441e-06
9462012.3203285429627 6467 2.3568482881511099158 0.57434367548778286761 0.39773758355185223623 5.9002650353436800756 0.18721172295657007023 3.3942583753391675216 3.620734262942153503 3.8855168157620996183 2.08317e-09 4.6177e-06
9462012.3203285429627 5328 1.789187890335135922 0.32157915832554834212 0.15917709426658013805 3.0878253983959811357 1.2463372086107986636 3.551551299066905365 3.7064179085079880238 3.8785490122168289062 2.1043e-09 4.63325e-06
9462012.3203285429627 5733 1.7710591021286652413 0.069958277555668330061 0.099128657300592948332 0.38916827188527852721 1.8061499053104996815 1.3206220265994765839 1.2533671802672909923 1.186903949360378796 5.33623e-09 6.31822e-06
9462012.3203285429627 5660 1.8382451131057098159 0.076867380760462789002 0.15958090049424134005 6.0828938918774699829 4.3328602137357643542 0.35868819163547088769 0.33260577976670857581 0.30750803392385761548 2.91299e-09 5.16373e-06
9462012.3203285429627 5634 1.3238313034432833692 0.24580706018787173983 0.071488856558201377411 3.6978332369686950365 4.1902171519973112623 3.7112161365447389194 3.8613795197265416981 4.0234215368376657906 1.63706e-09 4.26126e-06
9462012.3203285429627 5938 1.3152923669069966905 0.11620839181398337492 0.18518995458229678408 2.350887898400523035 5.3882684432082026404 2.8190705570988869866 2.7799537125623534628 2.7388382958036627812 1.88863e-09 4.46923e-06
9462012.3203285429627 5974 1.1070309675137193217 0.15301081447836664684 0.12524782431283756901 3.598701581282541806 2.2118031991953941429 1.5190161214296789005 1.3662132094946248806 1.2163933187945237258 1.10219e-09 3.73481e-06
9462012.3203285429627 5130 1.8537798039446897747 0.1690923188384460818 0.087911384976493756049 5.9656866759963325109 2.7774494706660051158 5.2788174312533318044 5.4160397459606075543 5.5449701378302398425 1.98119e-09 4.54108e-06
9462012.3203285429627 5567 1.935050359547415999 0.26838822717573485033 0.13110664106397521 3.9402904456042380232 5.1513547363399965207 3.4678605822965185013 3.5684392958800272844 3.6795526769093696018 1.31986e-09 3.96606e-06
9462012.3203285429627 5099 1.2329826190001336172 0.2884736896527778649 0.16835878861138217633 0.95451807070445437997 0.67709747738614867174 3.9369069399107003981 4.1705180246535622501 4.4176664894707071696 1.59506e-09 4.22451e-06
9462012.3203285429627 5186 1.375625583083796899 0.13812315619977086345 0.12983259271845598581 3.0398546439222848825 4.2144730453419079197 3.0119954428747091058 2.9927343280942042547 2.9722493959765952098 1.92365e-09 4.49668e-06
9462012.3203285429627 5527 1.5341307958790815213 0.19018391266946269025 0.028297509289012933581 4.6747129832740803579 2.3995380403326374008 2.9597419924866930074 2.9214174314138263711 2.8798811472381999899 2.37258e-09 4.82233e-06
9462012.3203285429627 5303 0.95016773366766071884 0.13793884536463185686 0.20733905417327821996 4.7996933855012695602 5.8328452087527846714 1.1674982797429269699 1.043551005951614874 0.92434475549680938933 1.73716e-09 4.3464e-06
9462012.3203285429627 6928 3.2099953563366270259 0.10165887424064661004 0.18601166966648016721 2.2213027860951997106 6.2558715075683526408 4.3279578175772570603 4.4242081490167972646 4.5216748639010280186 2.08658e-09 4.62021e-06
9462012.3203285429627 6704 1.1936439118983024343 0.21826833920268598477 0.013376883911486286624 5.330958005914608222 4.6555771066297619853 2.8965701149548550575 2.836562113606510227 2.7710112627509468908 2.12708e-09 4.64991e-06
9462012.3203285429627 6110 1.7601632761664669502 0.30187695658548119315 0.097694849000105901671 1.5162829860605806509 0.49704821800607978943 4.860904370156945653 5.1575598305036089997 5.4300149860058288809 2.11495e-09 4.64106e-06
9462012.3203285429627 5818 1.5737882968140659568 0.14821030626504730354 0.089575680561446879846 6.1895056041190672502 0.53755139229397930212 1.8086185843462077028 1.6614581585732828284 1.5138565475286893669 4.47796e-09 5.95951e-06
9462012.3203285429627 6417 1.6035873323611569141 0.14512556478792484893 0.15238070281037249809 0.12134232846822057272 2.390016140043893067 6.100419846414300018 6.125160626743861414 6.1479987187149536254 1.63097e-09 4.25597e-06
9462012.3203285429627 6814 1.713392930796622915 0.11636811262041660275 0.034760524301880479925 3.5042361186859145583 3.8523733666046000579 3.6307446642488581112 3.6885748386459180637 3.7490993010830244714 1.89305e-09 4.47271e-06
9462012.3203285429627 5074 1.841900675487606831 0.11448101264421763068 0.085493550513378022138 4.8665023654264132347 0.41161562458150890986 1.3061089329588047026 1.1969996278024714886 1.0904237941904171283 7.61828e-09 7.11436e-06
9462012.3203285429627 5804 1.973508949304954907 0.097757563398223182305 0.12428652337291647145 2.4251801354305007052 6.1328718559703299107 3.3004222051402289928 3.3167084911964912486 3.3337400294266998912 2.60554e-09 4.97527e-06
9462012.3203285429627 5185 3.521972749887021692 0.066795138469070147735 0.20971248638816630816 4.0254504560383983502 4.9490080570949119831 1.195298317724452497 1.1338605624586013398 1.0733406540836958332 2.64564e-09 5.00066e-06
9462012.3203285429627 1465 1.6015388886246466615 0.11012586884974844004 0.092259231880270686776 2.4418413062015473791 3.3756734151863110327 5.1893726861028115493 5.2850054335528646732 5.3775647036147669056 4.65109e-09 6.03534e-06
9462012.3203285429627 6582 1.6899469239430879863 0.16998486651717639728 0.11573735948598977419 3.7280092521921210924 1.3234944465851310458 0.01658306164006353306 0.013967558219525057564 0.011593361899820171443 1.86721e-09 4.45227e-06
9462012.3203285429627 5739 1.8937046213110368953 0.13845517182341587903 0.068158055375903983664 0.70753917671735022665 1.2623897070263847553 6.1128356050239558428 6.1349069971718206418 6.1553617487630889471 4.86337e-09 6.1258e-06
9462012.3203285429627 6719 1.2213487479418057013 0.12635257965743368347 0.18201928600047148632 4.372087649527963471 2.3722940216344126085 5.2459755176137194965 5.3516890258455598328 5.4530886857543086066 2.09817e-09 4.62875e-06
9462012.3203285429627 5548 3.2024311631937352196 0.10054582248926705046 0.2894236216976509013 4.3499629547969194121 2.695393454065678096 1.893805251220559871 1.7967391721399161852 1.698748890743728035 2.11518e-09 4.64123e-06
9462012.3203285429627 5914 3.1930552436998720367 0.089001089513051398483 0.10506527006238616795 2.6396402914016667829 5.9329037348066684388 0.54778192587492913201 0.50304894847031944582 0.46014161132009950839 2.63408e-09 4.99337e-06
9462012.3203285429627 5262 1.6786110386560297858 0.25902531528715005971 0.062835730254005808804 0.77877464395396311936 1.5215270766895798715 4.0679760969439069385 4.2957682605509326379 4.532636980604548782 5.08958e-09 6.21934e-06
9462012.3203285429627 5490 1.0174974362270479133 0.032886847442931431418 0.19668870678003780306 6.2737100813290558321 3.7238212422645955435 4.8071030856009961951 4.8397976162268978584 4.8724178991094806435 5.31486e-09 6.30978e-06
9462012.3203285429627 5459 2.9788784870242168701 0.18316404808903100077 0.23083864359359207441 1.40864418030050631 2.9420983834439322635 3.1827679380758588934 3.1911449921747570002 3.200217485220007152 2.51526e-09 4.91712e-06
9462012.3203285429627 6658 2.7189967197192372872 0.25817480129380537823 0.86707135339622021242 5.3699096290785917063 1.6603870545800096803 4.1561008609059353347 4.3946082865655906602 4.6398565852079327598 2.90725e-09 5.16033e-06
9462012.3203285429627 6282 2.8036331492734993809 0.084001510342048391067 0.088277789338916654027 0.028408822227119597675 2.1832070852463143495 3.8946979516590096715 3.9540540626761297993 4.0150376569271468696 2.68214e-09 5.02355e-06
9462012.3203285429627 5678 1.891066614935754675 0.14331065713681889751 0.05355584460428709781 5.4690260064561027065 5.6517719388458154128 1.6336256851104036247 1.4894528869685519368 1.3466160942263205591 1.85255e-09 4.44058e-06
9462012.3203285429627 5740 1.8742414384293433205 0.22169580290699264502 0.12755182539347206805 0.80390312983501122091 3.1991726785382064158 2.9249890363761763545 2.8708165877164955049 2.8115175482134091567 3.09097e-09 5.26682e-06
9462012.3203285429627 5841 2.0601405126968135306 0.075936555440138747697 0.132429188225488631 5.8780480200212252839 3.1224294165552235469 4.6360457054330224125 4.7120544603770619929 4.7879910115684127803 2.76225e-09 5.07307e-06
9462012.3203285429627 6045 1.8895669556054945915 0.1463856611979378608 0.1230741843400535579 4.6938506664502623877 1.0864048850714995709 5.3369501665794922829 5.4512937990052616755 5.5595030434604835179 2.95219e-09 5.18678e-06
9462012.3203285429627 6634 1.9074238871904569681 0.074308685423764148092 0.058917708726786588436 0.28737966618975940847 5.8204052992040757886 4.3107062513365956846 4.3801779740115467376 4.4504237258373473551 2.7181e-09 5.0459e-06
9462012.3203285429627 5426 1.6143100666086240835 0.082434847857492277168 0.027563631632348439132 3.5972584777898766184 4.4111862528275391782 4.2996810727275640573 4.3765591085736179622 4.4543889107417529161 2.09851e-09 4.629e-06
9462012.3203285429627 6484 3.1745704852329925671 0.11150980966096352143 0.25918641426298488772 4.8788394007647841732 3.089757825324354279 4.8849471430145907647 4.9939881694279248947 5.1011058602192536071 1.88476e-09 4.46618e-06
9462012.3203285429627 845 1.411896182353905127 0.14386269004815263606 0.060070308477349697307 4.4681012844621683655 2.6655409217228021035 0.92402428624232968435 0.81354806576890492664 0.70899887745580891796 4.26604e-09 5.86397e-06
9462012.3203285429627 1239 1.5453436810063376772 0.14651020131395242618 0.13771858180234894387 5.826768523056695237 2.7048539449528372636 3.292130866643034004 3.3159561342218246693 3.3413729151197810729 4.29264e-09 5.87614e-06
9462012.3203285429627 5831 1.8870168935939655164 0.054330914577813971267 0.049938710307240660735 1.9373351548545318934 0.0045097027543855626799 0.60998872804719306284 0.57952308209118497118 0.54977011768679218129 2.32205e-09 4.78785e-06
9462012.3203285429627 6809 1.7654793828456221139 0.12464528372183426852 0.12919044654924144444 0.23647865479230811836 0.52477133189655877921 5.7027459668825057904 5.767933081316466648 5.8293525862920967384 1.72631e-09 4.33733e-06
9462012.3203285429627 6960 2.9940047851039337523 0.1981448553349730024 0.071079730997429729777 1.8611484878492627892 0.60215065178629167963 3.0396808378754429647 3.0170707717695917083 2.9924611150697000284 2.28045e-09 4.75909e-06
9462012.3203285429627 6832 1.7545873210657167984 0.11954695989734194506 0.049681455022590657877 3.0968406515459165895 0.68046427381993168648 1.3650361031065538775 1.2491416721047354788 1.1357258430398993188 7.86044e-09 7.18895e-06
9462012.3203285429627 5310 3.4969665073139930556 0.074323737682345306088 0.37929637757110229446 6.2047955918624024818 4.3396326259870141584 4.5336275159390160283 4.6073226519632033416 4.681236539485488457 2.51895e-09 4.91953e-06
9462012.3203285429627 6897 1.9732482483446656119 0.38842329668153596778 0.17562744729437060331 3.7402085015809798385 6.2559192088352038041 2.9638633119433670515 2.8746911494465687831 2.7722468661962036407 2.6229e-09 4.98629e-06
9462012.3203285429627 6528 1.609874158867647731 0.03045480870496782011 0.15539580918443213209 3.7747009037625427474 4.5696215784759939282 0.098370538694676698532 0.095423489734364083659 0.092521793925191567198 2.31313e-09 4.78172e-06
9462012.3203285429627 6807 1.6561313682788476598 0.18080081579202461617 0.18375557815693235875 0.26068394656733956394 1.4602177903244319968 1.4246984686328068026 1.2471673287835887134 1.0757523157002397696 2.57067e-09 4.95297e-06
9462012.3203285429627 5962 2.8967901882751596609 0.20027418103121086279 0.18844364824543052839 1.0878842233699876907 1.5512807604613270129 6.0617228221238876884 6.1021670245443511149 6.1382226479915589223 2.88829e-09 5.14909e-06
9462012.3203285429627 5949 1.5109559390669677903 0.068039501890075862467 0.065605471180362612271 5.1118836502547111422 2.9025954916237832748 2.8097488999528072995 2.7868194378306037073 2.7631840312804385462 2.21075e-09 4.7101e-06
9462012.3203285429627 6445 1.7717138759176298546 0.062502446394313126987 0.12067991672083325239 0.80434483836064230022 1.9746642323194196766 5.904544795133296553 5.9270177365354221877 5.9488113955924672993 2.3322e-09 4.79482e-06
9462012.3203285429627 6752 1.7943715636792241241 0.20045216499648246811 0.085333644436968753011 2.227361458857068488 5.3717141638237091428 2.8903366406784192222 2.8345288970435653653 2.7739400167371517369 2.54013e-09 4.93327e-06
9462012.3203285429627 5538 1.8871933123394677434 0.1187384832482547975 0.15178528909497709942 4.688947192726573121 4.9425196136723270612 4.2504048300818677575 4.359873800820127876 4.4713107332969865837 2.97954e-09 5.20275e-06
9462012.3203285429627 6366 1.7181281817033349224 0.12167713052556350384 0.18783678400471109926 5.2981567359395080885 3.497570853961719628 5.5279555071754788997 5.6080642247419492108 5.6841114386841624651 1.97281e-09 4.53467e-06
9462012.3203285429627 5757 1.7937670660822002677 0.1779239606589226308 0.16917757748397180273 5.418108719737984913 5.6389329113920192427 1.5555582279091384468 1.3769453077382942663 1.2023539240704503861 2.94097e-09 5.18021e-06
9462012.3203285429627 6267 1.8167138069435655456 0.053598695540872695608 0.15375376803051840624 2.2901514847306589928 0.2369025029865095 5.0542320250488064204 5.1043050081726795142 5.1538397922481156144 1.78459e-09 4.38561e-06
9462012.3203285429627 3487 1.1007457571492422765 0.17901093467395368108 0.1859305449271350108 5.5062262226099614182 3.3398219693846216138 4.3525169260589926523 4.5265279552480839342 4.7024558747626272748 7.96126e-09 7.21956e-06
9462012.3203285429627 5489 3.2254640934802680796 0.050749728486205895883 0.24120768093365332896 3.9693608944053826448 0.40632391986094518188 3.659130078408202813 3.684819752311232044 3.7110523488952074089 1.80848e-09 4.40509e-06
9462012.3203285429627 6976 1.8469314688779885358 0.15072424289242619677 0.10974380442017621362 5.0561540934982200923 3.1324532828092568337 3.927803703980312644 4.0410300357380481984 4.1590436598270112967 2.49674e-09 4.90502e-06
9462012.3203285429627 6956 3.4594976486594539722 0.13503735355820975506 0.36008737368406434909 3.5779796337039280196 4.519025530819347658 3.6061188392213461285 3.6707946724549871398 3.7389675615352571114 2.20649e-09 4.70707e-06
9462012.3203285429627 5181 1.5697023991853849001 0.043925040238138132742 0.15512117650690263049 5.8143237706531127884 0.34462716000227416879 1.2786819010909558081 1.2368680633956516957 1.1953693492093797612 5.47157e-09 6.37119e-06
9462012.3203285429627 5862 1.6643022060381129634 0.070526301580987854623 0.076441856996898760457 1.8916719438120228602 2.0801557075379903949 0.18270936240902152514 0.17030981649554308155 0.15835647646034720082 2.59002e-09 4.96537e-06
9462012.3203285429627 6895 1.8545896631826457313 0.17740759943158182499 0.16976362052718296791 1.9862499022122681591 4.2303940766853411759 2.9846915130166560282 2.9540440728253716252 2.9209662439183241567 2.5437e-09 4.93558e-06
9462012.3203285429627 6969 1.7013072175371302119 0.092132781745511635463 0.058476726107420405609 0.31029990693087677878 1.6820985632266729493 4.0291399359890691656 4.1028596331638453876 4.1784009177290055703 2.41679e-08 1.04535e-05
9462012.3203285429627 6351 1.4761413848120197301 0.083810472817137285362 0.084403269314739515217 4.7641439208754761125 5.6227196063129927239 1.6918484710696786166 1.6081289881306455314 1.524376913015162982 1.91819e-09 4.49243e-06
9462012.3203285429627 5114 1.8240174146408594247 0.15043623489579874275 0.0427725496398990504 2.8483128098180414689 4.8919159191821366406 2.2568372449290143855 2.134031665964395863 2.0068329985191799558 8.67957e-09 7.43047e-06
9462012.3203285429627 5030 1.822145623405930781 0.093727083306783531835 0.1104431023684318558 2.0203208360162832058 6.0241975566578283008 2.1672359984310953784 2.0874572682049850059 2.005964057658371047 2.14686e-09 4.66428e-06
9462012.3203285429627 1298 1.2687407957541476655 0.025144046567094312239 0.069325262605482260159 5.8257746170637254579 0.41931848434288893079 5.5918944195315907209 5.6077729373352225295 5.6234934781049554786 2.27299e-09 4.75389e-06
9462012.3203285429627 5394 1.54489862926645527 0.13036575389837815053 0.18732324127438437777 5.6669782776110810829 5.5091417883184607973 1.8587714432521549313 1.731034225032534124 1.6023385406684229615 4.23442e-09 5.84945e-06
9462012.3203285429627 5996 1.8891551502454566602 0.19627744484552164805 0.17424738550092802591 1.0880539295319879844 1.1506610989249679289 2.6270442741354975702 2.5203906911984659267 2.4061546682847478884 2.28464e-09 4.762e-06
9462012.3203285429627 6751 1.4161285222640231929 0.065166817990794947968 0.13466756868040680173 6.2435545827227372229 0.24123147793358873381 4.2507870839148740316 4.3100393316447354053 4.3700021527679098199 2.66624e-09 5.0136e-06
9462012.3203285429627 6143 1.783158134941505768 0.11404854882099572932 0.096486626349058565721 0.24827844162895174041 5.8440641916077487039 5.7157003923950364666 5.7743562141731938908 5.8299155360937753301 2.16561e-09 4.67782e-06
9462012.3203285429627 1969 1.7527224924131208361 0.11592810252337458488 0.060478648299869999794 2.5069046405847217329 2.2935290018153060565 2.086141596851803115 1.9820361408395354985 1.8757734376009731481 2.21709e-08 1.01573e-05
9462012.3203285429627 6167 2.0658447477679362514 0.20715130915144519541 0.18378974380747969963 3.3634037723846579304 5.0310903181295580922 5.0109801703122851535 5.2045483210465510737 5.3871137860768554262 5.7681e-09 6.48427e-06
9462012.3203285429627 5360 1.4635987764701627878 0.080693635010890885084 0.094726428867885251184 5.9781331951596561325 4.1471308594415514648 5.9278281794807057281 5.9549211667516468438 5.9809368224666181746 8.05688e-09 7.24835e-06
9462012.3203285429627 6747 1.5008773051926140862 0.24336792785513217119 0.059493083235607535642 5.7648330403853194071 6.0758823582664920337 5.5058528110659343824 5.6647907335563543185 5.8058778846208554114 2.21376e-09 4.71223e-06
9462012.3203285429627 4581 1.3364296879244808025 0.11986230727640465044 0.15081164298823448999 2.6627702172996592367 1.788523102839610246 4.2239280199352942091 4.3331328566155562498 4.4444777839998517166 2.62777e-09 4.98937e-06
9462012.3203285429627 884 1.1565812627989506822 0.043618389009418570557 0.05804508660810946824 6.2372582791258679435 0.92803469889122403025 1.5105531557184777025 1.467057172648159602 1.4236732796787179289 2.12252e-09 4.64659e-06
9462012.3203285429627 5138 1.657580364744957846 0.16567961150074231313 0.15679067789162498547 3.9067037268522506466 6.2045926982455394949 2.1337408240180679719 1.9863466319325184806 1.8347672990068781829 2.37553e-09 4.82433e-06
9462012.3203285429627 5780 2.0228817922819928299 0.25061689806757947441 0.1001912566246878078 1.4590748551059662397 0.92789222002692983704 2.6813650414154914792 2.5538534513165469519 2.4148911395812460157 1.95079e-09 4.51773e-06
9462012.3203285429627 5517 1.9011619120963187957 0.21044162831827764593 0.031874871753890261783 0.28284872179385878166 3.8590454385490979838 5.4073419908640056875 5.5600832253279044437 5.6993353251118721303 2.41819e-09 4.85304e-06
9462012.3203285429627 5642 2.852625629178813238 0.20255559266637732097 0.020157286870505306681 3.0816489020114077313 0.69319735893577905106 5.9490049139191523153 6.0102007593481809877 6.0648110971234627797 2.80041e-09 5.09633e-06
9462012.3203285429627 6737 1.8298662464635251368 0.21572581101075899435 0.16794885816931201528 2.8837137548270654896 1.545584469326198418 2.7847022437927391181 2.6998008523609615672 2.607565142814542547 2.16814e-09 4.67964e-06
9462012.3203285429627 6029 1.928962335965588748 0.14704120321299851692 0.079003425941873928195 5.4286598013192923773 1.6564583294935339985 2.5079036208448743928 2.414883477018792135 2.3171872737423031552 5.53056e-09 6.39401e-06
9462012.3203285429627 5003 1.6775134045006963035 0.1274223782689250517 0.099938964269388946837 4.9613424135935622061 0.18504697529483782326 4.2170324150130085172 4.3329974936392021689 4.4513588887160304708 2.56915e-09 4.95199e-06
9462012.3203285429627 5880 1.756017585256639757 0.26949255489798101815 0.057129931471466111059 3.3334440198727466331 5.112607596206936833 0.0067824550347692566521 0.00514499401851211801 0.0037584625526846408491 2.24295e-09 4.73286e-06
9462012.3203285429627 5080 3.2403921689264247874 0.11732526892454883671 0.28198011114482707251 0.29109112757878347066 3.0781627459626732524 3.1761949109579381556 3.1805224719190854366 3.1850887697256600184 2.57476e-09 4.95559e-06
9462012.3203285429627 5471 1.9592180242668606471 0.1273657514463321927 0.055214737145684832098 1.6234423448922241651 4.9890990980057345894 2.2461560798393107596 2.142280174426263617 2.0351529278923004007 2.7508e-09 5.06605e-06
9462012.3203285429627 5076 1.4230286114715950951 0.093988193086209786964 0.042026202910477247765 0.22103237122134905546 5.0707919885848555808 0.20226668985393417288 0.18417855710691366511 0.16696564913112521555 8.99692e-09 7.51995e-06
9462012.3203285429627 5668 1.6959035252976963903 0.1532582906314685911 0.13475710906821442014 4.1584443711404057709 2.839932220207020741 3.1329275980144162261 3.1314801617305652037 3.1299303649288576779 5.17696e-09 6.25473e-06
9462012.3203285429627 897 1.481110593995248248 0.057946094647461261762 0.054294293750421135369 2.5629307918960866353 0.10948539951483153565 4.8046545931745612279 4.8622329481348351976 4.9195297210429504986 3.39891e-09 5.43622e-06
9462012.3203285429627 6324 1.471284751301112248 0.076331184218516021089 0.037878167052082453714 4.3687065949514076735 4.5254709784871556266 5.3142819664105767075 5.3759367874395866949 5.4360714136983805389 3.61321e-09 5.54815e-06
9462012.3203285429627 5899 1.9195048031877162131 0.32076920702725408852 0.14251673444311435679 0.81510169241395391548 0.53304335150892301343 3.9028107366382855936 4.159442987373312306 4.4324114853368596911 7.73132e-09 7.14937e-06
9462012.3203285429627 6118 1.8789996743590089423 0.03592694957926656496 0.081994573309836574215 0.80491675012542507339 4.0151021167672471535 1.8878337384701235901 1.8534972541450955852 1.8189964062466299488 5.68798e-09 6.45411e-06
9462012.3203285429627 5382 2.0281450688862330267 0.13260330944936787878 0.13169876829627744086 5.1785295637099011401 2.281699462138075063 1.8342603491048434794 1.7035815479293423547 1.5721455469471370403 2.55203e-09 4.94097e-06
9462012.3203285429627 6765 1.9430533065491064626 0.26402154359738561062 0.10581840821182533774 1.4998417701631301391 4.381211375499500349 3.3729063701462345115 3.4437729525408400377 3.5223464033092701797 2.03075e-09 4.57863e-06
9462012.3203285429627 6233 3.1099891182418799573 0.18825341320377242393 0.23747338693269259835 1.5096337059999678232 0.79468987173774119359 3.4641776683013878468 3.5303330748610624035 3.6016854705193050989 2.38928e-09 4.83362e-06
9462012.3203285429627 6131 1.4060322078718443528 0.13061853537795511948 0.029745420521191341667 6.0601946882889983215 6.0569727498651770858 4.6132199887363700697 4.7444206328325417843 4.8749721648834949406 1.45631e-08 8.82947e-06
9462012.3203285429627 2302 1.3482774978793394816 0.14242374711279864874 0.025090091775236373489 1.7615165648665134235 0.28316633161072857217 3.9588574681549650869 4.0685220520891451912 4.1824297813256334777 3.55428e-09 5.51782e-06
9462012.3203285429627 6906 1.8633466447083912865 0.46958158852171982822 0.15082682031140948187 1.509825696022851993 1.3636086883943958625 2.4921764123226988197 2.1201388385594732711 1.7196477290389031722 2.85032e-09 5.12643e-06
9462012.3203285429627 2930 1.5118765233068105491 0.091635454910123745331 0.071379209098169638104 0.91917671533228528791 1.9628279920698619154 0.091560224452588281907 0.083531262040198964169 0.075885735161552864136 2.36539e-09 4.81745e-06
9462012.3203285429627 6216 3.1830767398775563493 0.35374244753748790293 0.43534196716042333763 4.5554870014438391124 2.8042356830825494463 4.4779191250771743782 4.8450648299136931385 5.1956983987900731137 2.01751e-09 4.56866e-06
9462012.3203285429627 6503 1.8898265930842290672 0.20526902210955427774 0.17950474271739497167 1.5163675347833696083 3.46904662795203933 2.0790939499368112919 1.8887853219707435581 1.6938072379036535065 2.13987e-09 4.65921e-06
9462012.3203285429627 5367 1.5660098596882563449 0.21755430507062986645 0.14220041091866947314 1.1857007860805279797 6.1642204659305877001 2.4294030275642204408 2.2727492628834258248 2.1066285780229057067 2.85701e-09 5.13044e-06
9462012.3203285429627 5470 1.7216630199310070104 0.084488546653265009234 0.11940736296783215076 0.80626882706863212125 1.0674043767348331269 5.0416701413904014828 5.1206404192240198014 5.1981853940713262929 2.3944e-09 4.83707e-06
9462012.3203285429627 6180 3.0716508681450189755 0.041355799021853989483 0.17956821828881683323 5.4510740959032091268 2.93772290545907655 1.2321315533220842386 1.1933793248543345111 1.1549341625423759083 1.88472e-09 4.46614e-06
9462012.3203285429627 6836 2.1070862413816620062 0.095548970248651304837 0.10496450454960123966 0.57189611706312981632 2.0182751189645511403 5.5203813235537664283 5.5843166785868616486 5.645788295350696373 4.61039e-09 6.01768e-06
9462012.3203285429627 5689 1.7975390012532403983 0.15455974971257091521 0.24861194452909632369 0.5730083374908310212 0.40169448786890282754 2.7750197023438936128 2.7149442138649102496 2.650983987065094194 3.02594e-09 5.22962e-06
9462012.3203285429627 3424 1.4544819885289004269 0.056996970348588124611 0.10359940003526865726 2.9108889408791540632 5.7119959548996828147 4.1967364846949193335 4.2470598219298709708 4.2979965275662728175 3.06896e-08 1.132e-05
