12221765.913757700473 0 5.399595162016657568 0.040438412961100130005 0.03189407037334787004 0.11801855370550233537 5.0844169982956639586 0.15467635330381074299 0.14856599034583928276 0.14258029354627521634 0.000954961 0.000356051
12221765.913757700473 1 9.0444262235144510242 0.078655900438214854109 0.042634756509112865797 1.7102835506949634059 2.5787698093873090421 0.40287991538881356979 0.37307575524498298725 0.3444071482235274706 0.000285285 0.000238018
12221765.913757700473 6992 1.7751235178258604197 0.052294865344813187824 0.22101464752324218033 1.7176276798398357748 5.4271315627934857417 1.7601987384026434036 1.7085609468283780021 1.6567615516002518472 1.98059e-09 4.54062e-06
12221765.913757700473 6819 1.2687980648123782235 0.16273864083979600048 0.11797180379329191835 4.9042066185908161913 1.2398182555803900495 4.3303108141381292384 4.4867969911353462464 4.6454121374612968864 2.46721e-09 4.88561e-06
12221765.913757700473 6751 1.1389303768505836256 0.15682082205988237544 0.071276586954681558916 1.743279754124487102 2.6787117881620825521 1.0846726280476903792 0.95031872912004333731 0.82272917298574488321 2.66624e-09 5.0136e-06
12221765.913757700473 6558 1.527622093160941219 0.25976387498807251841 0.099032771139651393222 1.7907576520200279013 1.9309754219261601182 4.7186856452302921028 4.9812422030533500816 5.2316743580380293821 1.61664e-09 4.24347e-06
12221765.913757700473 4977 0.8835379326268680833 0.11630351853956592822 0.17769878514133599645 1.0623171220104776769 1.7752068298735896867 3.8837711173720563806 3.9661455203496336352 4.051540716308924317 4.26284e-09 5.8625e-06
12221765.913757700473 5588 2.7785493902431621649 0.21909657301869633894 0.0930359186217713241 1.7690021348823448122 5.6423459134657676373 0.87102790957842979314 0.71299954084823202738 0.56968725148089272015 2.40685e-09 4.84544e-06
12221765.913757700473 6582 1.6728048524741621073 0.12646114609850406252 0.095386358639200016785 2.1736457546832710364 5.2286199921330700491 5.2299373484795204092 5.3368173113110852768 5.4394149190662979265 1.86721e-09 4.45227e-06
12221765.913757700473 5771 3.1899393845281656112 0.11545432072283176583 0.27303383359476224301 4.0482810103461783768 1.3068031632645091822 2.6579114389843465638 2.6011439104806379774 2.5417402574704111018 2.44735e-09 4.87246e-06
12221765.913757700473 6012 1.3661335168264068241 0.15402167903538235838 0.11830306167303016041 5.9545129866270229968 3.7056330809063990905 2.20805242105780275 2.0776843553578250301 1.9430294434358166278 2.36071e-09 4.81428e-06
12221765.913757700473 11 1.3958556685344951642 0.03784117375660146082 0.061228411872235349867 3.2538682358405237594 0.36057492540795071934 3.7225712261094536792 3.743680720296801212 3.7651126214228205491 2.42862e-09 4.86e-06
12221765.913757700473 5225 2.8346568041982935782 0.32421430983705251672 0.50523692942624998103 2.7799877747181120924 1.2413883815769342078 3.8941972173654355593 4.15205737191783264 4.4266924788866814922 2.91553e-09 5.16523e-06
12221765.913757700473 6883 1.7127161902767846779 0.094189231541238913059 0.057674659920092512244 5.3181708872666444421 3.1347336191104946401 4.2417467221757387819 4.3276697047680947605 4.4149740637348910965 1.23696e-08 8.36184e-06
12221765.913757700473 3514 1.6571896142555562204 0.5228864060012495818 0.25166212062097137458 1.1931881348653361474 2.0504981453927486612 2.626372825908401154 2.2617247807564728745 1.8587599211004537381 1.82159e-09 4.41571e-06
12221765.913757700473 5050 2.2071861903098657365 0.081612287172733125051 0.14930552476300354425 0.21655035006420778054 0.72696474368391650334 1.1160249727029287747 1.0439117187424964417 0.9733678682453608122 4.47893e-09 5.95993e-06
12221765.913757700473 6627 1.5756763563470010947 0.072390119757754028962 0.016292718304920093819 0.41578342688198188792 1.9106470140894469267 3.2096183163994709275 3.2147301971929618247 3.2200199139176550744 7.24481e-09 6.99615e-06
12221765.913757700473 2413 1.7733177913585405072 0.035825247855302777555 0.035812479018148407617 1.3581249560224029072 3.283502558388646797 1.4425801881369229029 1.4071225636601882858 1.371776108589540133 4.92958e-08 1.32572e-05
12221765.913757700473 1776 1.6251486954506151328 0.1592424978697354887 0.10370776139087284351 2.62975480268840478 1.3109911132994940264 1.3869255145134802287 1.2319481061920896092 1.0817604323565368496 1.13676e-08 8.12967e-06
12221765.913757700473 5560 1.7045365359756612378 0.11121744805366874653 0.042660685105675388851 5.9112678786726986502 0.064329914529045642557 3.7206063460758183048 3.784621747993348162 3.8513102124047189356 4.37033e-09 5.91137e-06
12221765.913757700473 6484 3.1674696562980164671 0.12486366144856583804 0.30301810475533336176 6.1695341047621781172 4.8272361345945649092 2.0661596336994287881 1.9526089586396124798 1.8367366335486439155 1.88476e-09 4.46618e-06
12221765.913757700473 923 1.6445066217559285437 0.1224405284931215504 0.12628298539701451886 5.6858696308380922702 4.2248635855925193994 4.6791904468444771581 4.802121638496002376 4.924069555160203393 2.53731e-09 4.93145e-06
12221765.913757700473 6946 1.4311372494439618119 0.32486369248103968976 0.12041034257164401344 1.3135266214829011133 0.90850071300101309379 3.0952300094972597932 3.0766569989663894447 3.0555765844734814607 2.99755e-09 5.21321e-06
12221765.913757700473 5448 1.892893465978569445 0.127729873985257536 0.16976718646000052426 3.2488566350078609268 2.3604165295527552715 3.5879271598947557464 3.6466722433077984888 3.7084778035080465663 2.56033e-09 4.94632e-06
12221765.913757700473 6528 1.4250220316282937727 0.044154172373906737381 0.084430772673252635352 4.9225741777241509567 0.60173756183675874976 2.8882527392099088814 2.8769387914424835451 2.8653891550868428872 2.31313e-09 4.78172e-06
12221765.913757700473 6764 3.2990507635377541718 0.035244284200467664026 0.31505139167440149306 5.9500235996222743395 0.14602360823526550071 4.8303053187342621655 4.865239732690362473 4.9000731055311543827 2.4069e-09 4.84547e-06
12221765.913757700473 5259 1.6817419492905048006 0.076026509497313696229 0.12920659867795417086 6.1925901498089217512 3.8640800044240823929 4.5350195374479067567 4.6104327496883747983 4.6860644508114397411 2.21606e-09 4.71387e-06
12221765.913757700473 3413 1.5064241116873917647 0.056965637734926258262 0.0018478798202850078587 2.9147351482448131677 4.5495864872643645427 5.8454446002252753445 5.8690022956094569651 5.8919276697038682755 2.25655e-08 1.02172e-05
12221765.913757700473 2658 1.8511429769848988247 0.22644246710414689394 0.08686709251827308409 2.9420621448074424364 0.31607042265153634242 1.7375086582574010841 1.5078913806522029617 1.2818967859041796586 2.46497e-09 4.88413e-06
12221765.913757700473 6498 3.2483703022964180995 0.048045976384117547453 0.13705539365574187505 4.5225918043248212186 4.4378060335347644383 0.78618035550343579043 0.75273175256374769138 0.71988584115595655177 2.50157e-09 4.90818e-06
12221765.913757700473 1698 1.5412673518450499266 0.20135893745265479038 0.06918610131409179409 5.0068273431415528663 3.3070570991094050406 3.812141548576339467 3.9492965023585240303 4.0948190240242485771 2.42949e-08 1.04718e-05
12221765.913757700473 6300 3.2807862504189784225 0.078519995602130659984 0.21595192303114160715 2.2917384658521795515 2.2503655649263589744 0.27795819203591215496 0.25716650223047066159 0.23719562763763155089 3.26125e-09 5.36181e-06
12221765.913757700473 6744 1.6688385377118484243 0.1294573912592861531 0.23862327866103724694 0.84887107264268690798 2.0424858553642524228 2.261717929609705191 2.1572944487011667114 2.0494714732576930771 2.29835e-09 4.77151e-06
12221765.913757700473 6273 1.9195588435360475543 0.016894200286428018298 0.11866686408964603749 3.0670004865834377128 4.2818873053076469404 5.8777225009756399743 5.8843354349708061335 5.8908964454278995859 1.74421e-09 4.35227e-06
12221765.913757700473 3800 1.6213547278363611426 0.10435647261753122628 0.089710641120810091786 2.0034648746258127971 0.84198350347295536356 4.9296833662163708212 5.0306392178851426777 5.1297553656806025302 1.79108e-08 9.45995e-06
12221765.913757700473 5861 1.5131042880302219 0.1714632173928072878 0.12639569174396111939 3.6308341654236953033 5.4743821740929519137 4.1440972020874689008 4.2964901804426913756 4.4533367696173211669 1.95257e-09 4.51911e-06
12221765.913757700473 6719 1.2756079818601722131 0.32479128994868844416 0.15476082810079927476 1.9145452888270477754 2.4023125613788884891 4.6856978943561058415 5.0178259278500583207 5.3275844637896714318 2.09817e-09 4.62875e-06
12221765.913757700473 6923 2.0183237030075380503 0.088398891650882618909 0.056912348342234707343 4.963187993210699922 1.4542625061502572059 1.8411801216209013887 1.7548577347771863177 1.6679520357987651646 1.67707e-09 4.2957e-06
12221765.913757700473 5480 1.9305985032480101893 0.16730419448564756713 0.10543343319959183613 3.3230587410959668837 5.7620425970508648561 1.6732540234862516293 1.5045902413581218049 1.3376525806587780121 1.6026e-09 4.23115e-06
12221765.913757700473 5093 1.9868583383640867623 0.041028625128430945557 0.082070401704443768365 6.0712445448263716585 1.6891277970005718068 4.685231085841197185 4.7262789704051098028 4.7673036377334572222 2.98948e-09 5.20853e-06
12221765.913757700473 6676 1.852749694280777959 0.066816689463922829262 0.18405024537760336645 3.3710232663947361509 2.1743051877589909537 3.7610834547554765628 3.8010039032180240604 3.8419392574316875155 2.23147e-09 4.72477e-06
12221765.913757700473 897 1.4523236460548101245 0.15832255853191140593 0.17890056762673031687 0.073239859609489213477 3.779771737084181904 1.7758813133298108067 1.617651447904733697 1.4595026484405231315 3.39891e-09 5.43622e-06
12221765.913757700473 5996 1.7864630761785527113 0.18209130448835258997 0.11484749155670398446 2.1944131587064061861 0.36312913252228457006 2.8995092557362034391 2.8511909722725197192 2.7990514742639565071 2.28464e-09 4.762e-06
12221765.913757700473 5721 1.746405154174929697 0.14732984080270503102 0.070898128483901368124 1.6153645291968670161 5.4801104425534328257 4.278557963787411822 4.4170704812478893686 4.5580223386051637036 1.97529e-09 4.53656e-06
12221765.913757700473 6083 1.8484655604121946748 0.14369711312472904785 0.0754618977403584551 2.9593371104794994331 0.40257953291157350106 0.3175943651562832537 0.27538873455969403725 0.23631446548661361184 4.91269e-09 6.14644e-06
12221765.913757700473 6982 1.6717561443073924998 0.14927878828046797777 0.16812629148046803751 1.792992337230472355 6.013216942176375035 1.849185644988557975 1.7020714292797889389 1.5540770669140258065 3.77646e-09 5.63047e-06
12221765.913757700473 6562 1.9980226007912609276 0.11817671021655498653 0.13842781003339540979 1.6333337086399510873 1.4326653425625435201 1.2783029429872905247 1.1667722088551291115 1.0581103221164143147 7.2003e-09 6.98179e-06
12221765.913757700473 6915 1.0626421942792776409 0.17232422818796980235 0.048198851173827821082 2.4094258116741191778 0.50142827634215725308 3.7661520201226967863 3.8752592035879920296 3.9906470527996273923 6.99762e-09 6.91566e-06
12221765.913757700473 5492 1.8504170240275343851 0.1917551682648089284 0.092412875701423050079 2.1508709195871480446 4.0232940518291062659 1.4419284076210225898 1.252904977425005173 1.0707573915632531136 4.51271e-09 5.97488e-06
12221765.913757700473 5781 1.7699045842872158651 0.12787483441678348939 0.15751819545500342357 1.8969139276673414596 3.6192041157637837578 1.6871306451781415969 1.5588154725680691826 1.4309498156738698071 2.03408e-09 4.58113e-06
12221765.913757700473 5427 2.9386310750702868688 0.057904479895716745586 0.053743641006803823112 4.4862510345310795401 2.2292903523452913817 3.8060507886330321448 3.8426167143479283972 3.8799651382860775861 3.52478e-09 5.50251e-06
12221765.913757700473 5568 1.8478663759420803636 0.5007844237247862651 0.21155875759076822606 2.3315240735249034287 0.91785291866114415704 2.4624979604067940286 2.0425470590384700031 1.5964612949375809325 2.09675e-09 4.6277e-06
12221765.913757700473 5928 1.7775843438315028777 0.23395242122140719188 0.17698261709722826196 1.3806238552225957861 2.9486284585096198541 4.5957037149340598248 4.8335074867833043299 5.0657459997011429209 1.85148e-09 4.43973e-06
12221765.913757700473 5044 1.7852097422318602415 0.2171386355842751803 0.17150725050809198513 3.2983251312772967623 2.8077308012733483977 5.4987244605241487605 5.642522017589757688 5.7723117148510088015 2.3978e-09 4.83936e-06
12221765.913757700473 6767 1.8030880229427515005 0.27055330674139821401 0.063614609178962111535 5.4007666083239413979 0.45867607923577352613 0.79255514814198846363 0.61401882506036009612 0.45813768488757278252 2.88634e-09 5.14793e-06
12221765.913757700473 5099 1.4544278045755656414 0.26184427291806006144 0.1455846488950118256 5.3899772537938019923 5.8277433354162049284 2.6920435987283832802 2.5606328587177844547 2.4169257784657482979 1.59506e-09 4.22451e-06
12221765.913757700473 5021 2.7898916061992249382 0.12382825762879028086 0.14057375162112692446 4.9565385316379639846 3.0086084805776645013 6.2009837450628673139 6.2105950058573435868 6.2195758443397739512 2.06176e-09 4.60182e-06
12221765.913757700473 57 1.582177237100953926 0.066242463720028996188 0.14060371415832476072 1.464774445174641393 3.9783589983064127082 3.8061670746711979696 3.8481552442047624041 3.8911613835065148592 2.00445e-08 9.82159e-06
12221765.913757700473 1124 1.6883402226271622126 0.041835019768108973326 0.027960810308844431804 4.0246729397553941965 5.4308309512691304022 1.5229404260127108461 1.4811828800420394625 1.4395157274137233561 1.32419e-08 8.55396e-06
12221765.913757700473 5020 1.81967546497813637 0.27335833119860053486 0.12892063944268988829 5.9810598286562095538 5.346443672978771211 4.7727198920525051307 5.0468314395150191132 5.3050439327920893007 2.26068e-09 4.7453e-06
12221765.913757700473 6161 1.7730742670070320788 0.20145328968994169472 0.15433696399036936353 3.1707951496689199544 5.9802060830457959284 4.2283673674270048082 4.4169221196143810815 4.6096456934940297501 2.19638e-09 4.69987e-06
12221765.913757700473 61 1.6305876640581566939 0.052450158248251797788 0.069509231233973511888 1.0552316390344518293 3.0106754083778204389 5.7428512013517538648 5.769255542483673338 5.7950402054515128825 1.38519e-07 1.87077e-05
12221765.913757700473 6451 1.6140597207781337552 0.19932127969920238053 0.099411672213638224704 5.6782360449320048446 5.1807557112814563993 3.8245153791744255223 3.9621198815584368624 4.1079244768223723838 2.57122e-09 4.95332e-06
12221765.913757700473 6876 3.0995690167495832945 0.060450489851814122322 0.15772095011996350999 0.3337128188040549559 5.9507010232812875827 5.947232024074898149 5.9666244303783422254 5.9854426780990692691 5.7202e-09 6.46627e-06
12221765.913757700473 5132 1.7066919186416167342 0.22889090918980728451 0.017034368230128441729 2.0537555384473931142 1.2776650062597822988 2.266887460768920004 2.0751713637974100735 1.8747827139156256759 2.32293e-09 4.78846e-06
12221765.913757700473 5470 1.5924422447821631188 0.13699532493241700637 0.13350756213577624765 5.3110169038730932201 4.1212730068409246798 3.6145585275217406718 3.6813267814860384242 3.7517297657078763073 2.3944e-09 4.83707e-06
12221765.913757700473 6757 1.8193573253509471854 0.065275771262130452555 0.07078836094093157727 0.86186516152860581652 3.0289166736064752072 2.5832259085091937578 2.5476228563636604818 2.5110909252547797266 7.3237e-09 7.02145e-06
12221765.913757700473 2778 1.6424631154517528309 0.18286169342976427155 0.12411316580993383973 6.2360360192977131177 5.1506212574250032077 1.9410029827375210321 1.7636133142709589094 1.5841403540624738877 1.15158e-08 8.16485e-06
12221765.913757700473 5605 1.0285285049356469589 0.15921282580199236367 0.28137466525299559272 6.1255991525559565503 1.0349147431712233391 4.9655871292538211748 5.1173689075049022534 5.2637030565583309283 2.44051e-09 4.86793e-06
12221765.913757700473 5518 1.3950742278146193165 0.13591949418351689793 0.027391137614864585759 5.342065447765406816 0.28299579883931369473 6.1214714963304555084 6.1420691333909207543 6.1611859765519820797 1.73658e-09 4.34592e-06
12221765.913757700473 5490 1.1171543944577309038 0.15706184829422714655 0.055584862506681133321 5.9900682955407837937 0.17525030392063603579 0.15420792953595197083 0.13169212549765263454 0.11106805095407054629 5.31486e-09 6.30978e-06
12221765.913757700473 6674 1.4657782484669488188 0.18469267241807837965 0.05783902166817642132 2.8662091242721787765 0.59887016314889407465 4.7330095423963811641 4.9183754470182341478 5.0991636601894700931 2.73456e-09 5.05606e-06
12221765.913757700473 2768 1.298756892550255948 0.090202894115909065809 0.021620060589285176184 0.46164209811131839967 5.0484042228205128211 4.4618914327147010113 4.5503918038128405854 4.6394136829923722232 4.45517e-07 2.76146e-05
12221765.913757700473 6176 1.498420937280878551 0.13528568440624372249 0.063954037096170715526 1.8707086941792154811 3.9401999024546952022 1.063842595863956797 0.94894747049621130941 0.83898688528277132193 4.04806e-09 5.76235e-06
12221765.913757700473 5920 1.6482544274231452075 0.1700501161876081524 0.17365883922140207263 5.5595725820784691606 0.12688981596241707961 2.8870704197276189085 2.8400511386376297018 2.7895475260294730901 2.02047e-09 4.57089e-06
12221765.913757700473 6324 1.5449697933249468829 0.13038500846632852803 0.077723473257176281526 4.3891742066992014415 4.5762992484204767507 4.8015185695444175806 4.9310058062160235792 5.0582874383382305794 3.61321e-09 5.54815e-06
12221765.913757700473 5952 1.5782169315924166053 0.22684320000997582056 0.13644940273530981045 3.3764075137057547593 4.5532161316582442367 3.7293334495580015009 3.870019420712321967 4.0210281398689717847 3.30338e-09 5.3848e-06
12221765.913757700473 2012 1.3770704949953189722 0.067445639359840298122 0.047545629710382918132 0.24254768139013166417 4.1644412659780360997 4.636612328416371831 4.704087987480341404 4.7715313031326171966 9.36497e-08 1.64192e-05
12221765.913757700473 5312 3.0559660613315586808 0.035992419742742420841 0.17117014451746506709 1.2125129519275690271 5.9142166725773748226 1.5679836553404933319 1.5319854246773294548 1.4960201089733267121 2.46345e-09 4.88312e-06
12221765.913757700473 5514 2.002510913897717959 0.041477324927443368074 0.14979043663745469916 4.8665067312664085364 0.10406299754278654224 2.1642042003621071444 2.1294027546013585273 2.0942302097619407419 2.23079e-09 4.72428e-06
12221765.913757700473 6734 1.4736583025823630777 0.13173939635543804871 0.083097865769932763302 1.4117236056430810809 4.1503305528712726158 0.04362569766425896528 0.038212922281965142068 0.033180000044779091317 1.00692e-08 7.80756e-06
12221765.913757700473 3988 1.6890493108112660803 0.098498829717517902282 0.01978632429993371078 4.7676389640697820482 6.0821084153920770277 5.8158820816443803636 5.8584778202672893599 5.8990646839728144712 5.91828e-08 1.40901e-05
12221765.913757700473 5949 1.5461679082293751097 0.026082912771901473059 0.15079777428606394585 5.4353557330141102355 0.70489372980035869265 4.9483869418444106358 4.9736727221158840706 4.998870358837559813 2.21075e-09 4.7101e-06
12221765.913757700473 6028 1.9772190391126331921 0.19165595828197459771 0.11430854954061171747 5.726363302346094919 0.80995188894075931252 2.3167162325651107224 2.1649452075132207263 2.006134239513176265 2.1303e-09 4.65226e-06
12221765.913757700473 5572 2.7030781315740970427 0.2512401571627472241 0.50521251542701473003 2.5044964369371101043 1.6905874016748767552 2.6398290091472951246 2.5017609225020618346 2.3517553574077179057 1.63405e-09 4.25865e-06
12221765.913757700473 6521 3.0146205898945925838 0.076490478315737728265 0.20222449171301395965 0.47485379653604414818 4.2398079959475225564 2.8999106627785731227 2.880869316959023152 2.8611516389507776204 2.953e-09 5.18726e-06
12221765.913757700473 2010 1.7482109152929365958 0.051323705587249489335 0.065818823820258887114 3.9888158678308864857 5.4211639457279714449 3.1395396710475163005 3.1394314561513172457 3.1393205355766164999 1.35956e-08 8.62944e-06
12221765.913757700473 5455 1.856741882221601081 0.092479104760635200133 0.08819288271099008647 0.96528878873678025663 3.3385475698498203734 0.45836652435903835201 0.41899936866775827626 0.38137456083489351677 3.36325e-09 5.41714e-06
12221765.913757700473 6780 1.9745984727167655848 0.21390815401913618188 0.095053214622423817803 5.0497774875578791409 2.8744622845889553631 0.39778597398265225227 0.32159373964816767577 0.25398186538980055404 3.2776e-09 5.37076e-06
12221765.913757700473 5422 1.4012295005376897983 0.11134034825502830968 0.15745400709458817756 5.3686693552444220146 2.6432673090626148671 3.6576297403022790533 3.7155378393252358471 3.7759900030592339348 5.73994e-09 6.4737e-06
12221765.913757700473 5540 1.8671001068003141299 0.0963778179022152931 0.12941236210466636192 3.623853591613066083 0.34669192114078700717 3.840061584124683236 3.9045452926391726045 3.9711480142920034808 2.31531e-09 4.78321e-06
12221765.913757700473 5552 1.5906701097352700103 0.30444466918667256738 0.12786440074278032641 1.3919366833144839468 1.9582702849740758477 2.174346265069608819 1.8945078781847579652 1.6058756533039819647 2.51442e-09 4.91657e-06
12221765.913757700473 5469 1.5120256662822852967 0.045792598102035265983 0.13658613396924743077 2.453007188965545371 1.2729433574041315591 0.29618298050254499021 0.28309731947177285694 0.27030602661322222779 2.51139e-09 4.9146e-06
12221765.913757700473 93 0.89235323345129702322 0.035153782599482576166 0.046749585624822322105 0.80814871053812309398 4.322949719132067159 2.2241756023625871563 2.1959538935027014261 2.1674487135495854595 9.2225e-07 3.51938e-05
12221765.913757700473 5794 1.6708042689089719346 0.480578024150189409 0.1848283600544427252 6.2181810632050629195 3.4510186213368942987 3.5123743990917861701 3.7548887189961743793 4.0314930693116028948 2.17467e-09 4.68434e-06
12221765.913757700473 5178 1.742894326907533431 0.21484644712273923139 0.036677189575883020756 1.2777045253768284372 2.0585454487348382457 5.2822202516357057434 5.4546891513023405551 5.6130128560467014154 7.29677e-09 7.01284e-06
12221765.913757700473 5725 2.9560516750029970368 0.22063806397495880351 0.26563178268872328358 1.4693787820897228347 3.1645090712709293967 3.8459419543806241393 4.0037255643313800491 4.1712411375498135158 3.15235e-09 5.30146e-06
12221765.913757700473 4194 1.1942279460418581127 0.35324832096595648601 0.23121337088251653347 0.48304232997148494055 0.80919514459745778279 3.1450572834504084696 3.1466042528399795764 3.1483745844497947886 2.52016e-09 4.92031e-06
12221765.913757700473 6053 1.5880704230314606207 0.24377095477368618259 0.039014949640975904455 4.8318160350230545674 5.2029166723698825336 5.7238555264300643444 5.8425782199346594226 5.9465437652808921243 3.14775e-09 5.29888e-06
12221765.913757700473 6403 1.8916769032302049869 0.010280723766945904646 0.075722970117565679971 1.3414618627610963575 4.1486145361842972079 2.5801652234619694148 2.5746677644278630481 2.569146598752745092 2.19336e-09 4.69772e-06
12221765.913757700473 6747 2.1141546154268282542 0.53446893321702804158 0.01246613489718014986 1.1187970566145208906 4.1449657338552166053 1.5938670459474488794 1.02653735350802644 0.56929318567412834362 2.21376e-09 4.71223e-06
12221765.913757700473 6958 1.5549513511468779914 0.045574282020892885325 0.1935291737107538157 0.62874514996373365161 3.9043728581562229252 4.3536566398190128524 4.3966898319887111057 4.4400118119761957658 2.00486e-09 4.55909e-06
12221765.913757700473 6874 3.2647989687877232434 0.085242863943624444523 0.26289818828791128302 4.3018425609106234475 6.009175142377384482 3.8429306589619072199 3.8998758179246020283 3.9584952901499632638 2.61974e-09 4.98428e-06
12221765.913757700473 1959 1.6107193321324293489 0.084621855999261905157 0.063633465281062395746 1.8310370937438078531 0.44675149639264299939 2.084320250265455865 2.0089460745596370295 1.9323177505901507622 1.79741e-08 9.47108e-06
12221765.913757700473 3953 1.5363780636462640583 0.096294844213168417912 0.19068604330996713481 0.62567077358334921566 0.75024340701068370496 5.5043293319661490415 5.5698557839292011096 5.6328668098906202744 1.87457e-09 4.45811e-06
12221765.913757700473 6642 1.1131442231267651977 0.25172434717796221548 0.13989537742660762554 1.949599689968458005 0.87738101399929158131 3.2524403838891142726 3.2848614479977169545 3.3208024428370848113 1.26355e-09 3.90884e-06
12221765.913757700473 1615 1.3152709526415606867 0.064451950118113290888 0.12787182876975228263 1.9329881321172697195 1.1397376687855629296 0.30877159712761409471 0.28975019672527907444 0.27133544677326337791 1.02567e-08 7.85572e-06
12221765.913757700473 5324 1.5217254225667316003 0.018786655869076983316 0.16426301804358331426 3.710628460142574081 4.8090738773082364332 2.6692949172650486389 2.6606754251239563835 2.6519848579260134613 4.64884e-09 6.03437e-06
12221765.913757700473 5380 3.3174707628376243207 0.065528585332992730916 0.16333056723887739992 3.6046154563594816622 0.95797095971989931762 2.157860830433173227 2.1022486821922181655 2.0457583270683108445 2.14422e-09 4.66237e-06
12221765.913757700473 5451 3.2628187343640293605 0.043219879654401840985 0.029753319358675409112 4.8155900203502675083 2.6925196370950779112 5.9390807647976204819 5.9533767631996079572 5.967374035410655253 2.58702e-09 4.96345e-06
12221765.913757700473 5538 1.8810863933937205239 0.1116065979850509593 0.18203499754088195428 2.229276299989902288 2.1704619859332030529 3.6303118947736590094 3.6855938040835640734 3.7433573266045025996 2.97954e-09 5.20275e-06
12221765.913757700473 6532 1.8857436172237036498 0.21945864877914769697 0.059155149369075205046 1.4406863608442956881 5.9185786165432645589 3.0511191774661505782 3.0285504992997287488 3.0037952222401518299 5.62757e-09 6.43118e-06
12221765.913757700473 2966 1.2975011522003250253 0.13653100431519701874 0.12364108749632179984 5.953885923006785319 0.82879649808960365043 0.1012144736469345746 0.088239778007617536426 0.076207940523556089163 3.90041e-09 5.69141e-06
12221765.913757700473 3751 1.3392048359831874027 0.090918231036413457713 0.059321458147059503985 2.5606975853028330903 4.0781415768961544188 1.9009383166175297664 1.8135154175579812907 1.7252621771762326475 2.30157e-08 1.02847e-05
12221765.913757700473 6233 3.1013542542756922238 0.15595946982375721857 0.19538522453593526462 2.2958645023381456518 5.0698438077915959354 2.4729834852370142784 2.3694208057681080959 2.2606090084021661646 2.38928e-09 4.83362e-06
12221765.913757700473 5382 2.0453497298138940685 0.10844479669278780931 0.19909191848261972857 1.2106939250925961016 4.6496901762218634246 1.5155717646446962288 1.4074026616139962975 1.3004022491023756736 2.55203e-09 4.94097e-06
12221765.913757700473 5567 1.900336868983268257 0.30062298450109598003 0.10606081017847711345 0.48277112285822798565 4.6445824742767900517 4.7071507001268511061 5.0127348554724742158 5.2999002172578615344 1.31986e-09 3.96606e-06
12221765.913757700473 117 0.71643386573646261617 0.049654464301468984044 0.14612560694120566018 0.39822876067346246742 3.4211872493433617137 1.9361808807435407775 1.8893686112735155191 1.8422125827443165402 6.87268e-09 6.87425e-06
12221765.913757700473 5708 3.1465045118463481622 0.095031714578700118845 0.26289586136896642143 0.13400111604878348071 4.2714985098237097105 3.5943665290431066062 3.6378908906956430869 3.6831424899160163378 1.65544e-09 4.27716e-06
12221765.913757700473 6956 3.462510436529830482 0.083687122846806946685 0.39765701967070204992 4.3174973007284389581 3.7481347780888949472 3.7213253072741503402 3.7689097217709974785 3.8180319504068243042 2.20649e-09 4.70707e-06
12221765.913757700473 6151 1.4402239117436528293 0.17652642998311834921 0.12539831029223175163 0.049550015989072590528 1.7115525918476024447 0.44015386707269982258 0.37002007730358077442 0.30618209175385530108 2.10594e-09 4.63446e-06
12221765.913757700473 5235 1.8730937575933395145 0.05295382546439680177 0.10605179563741513882 1.1043247361443790933 3.4917290590257974436 2.0167228404223340732 1.9683705298263562966 1.9195469474386113173 1.69779e-09 4.31332e-06
12221765.913757700473 5270 3.1140470273086968689 0.30596444046276816131 0.31861701098584871428 1.2392415219145540561 5.3522719422578646231 2.2040356107557488308 1.9272787906777739675 1.6405502830278133608 2.61601e-09 4.98192e-06
12221765.913757700473 1888 1.3456463998345273847 0.13293630648055182464 0.036962886956419194195 4.8172211455677462766 1.8003399679905496278 4.598156837222703075 4.7316342022272772638 4.8645458910885297499 1.07624e-08 7.98276e-06
12221765.913757700473 6473 1.8948545535858623001 0.1762380823531539964 0.10409152289277877335 2.0147502029161765691 1.0104904562513516986 1.299651072559964593 1.1328765245444281096 0.97326901782289054754 2.97483e-09 5.20001e-06
12221765.913757700473 5815 1.6582470761891321409 0.22774169353782652836 0.12056891564178649767 1.7018120467245110294 3.6798956853962825342 3.0507729783419854641 3.0271267204591443267 3.0011149449432106273 2.67562e-09 5.01947e-06
12221765.913757700473 6211 1.6155121948088118078 0.015190313124192259334 0.0040362762600550244896 3.6082195402631671577 2.2867168211330199945 1.4368617041158389114 1.4218221025638082544 1.4068000396608979496 2.33777e-09 4.79863e-06
12221765.913757700473 5003 1.848115396488221096 0.17946851301140634427 0.11671241387534879441 5.4109858736036420268 0.78791679603065856163 0.47506800495934731199 0.39850720976882214597 0.32886571709929118823 2.56915e-09 4.95199e-06
12221765.913757700473 6536 1.9820176796412107834 0.07847195864836270518 0.16765197385869909374 1.7906159656193532115 2.2712410577603274753 5.0838408446086127412 5.1560128248774210746 5.2268888695866655425 2.77887e-09 5.08323e-06
12221765.913757700473 5873 1.5009723315511420694 0.093213397968589822851 0.11256587415042310085 3.3241625382866377691 3.444225834114033713 5.0380896985050664938 5.1252367654598307567 5.2106185556639434964 3.51811e-09 5.49904e-06
12221765.913757700473 6368 1.5702165114084549735 0.17199108805277613099 0.079071632416643569674 2.3673329433576464353 5.9977111841636920886 1.0462980163313349014 0.9027931351340406918 0.7677697956534920154 3.51985e-09 5.49995e-06
12221765.913757700473 5898 3.1819689627893503747 0.29167393003023728282 0.50224750071379742344 0.20470555026591596981 2.6761434838793913826 2.9444653017814341744 2.8760986443073686125 2.7995674882617884727 2.49608e-09 4.9046e-06
12221765.913757700473 5792 3.0916084125190570475 0.086617187641877063653 0.36740912405156284093 5.6389682942375518593 0.60330817501949141057 0.23522221301676635163 0.21581673860459196779 0.19726807571755133885 2.20777e-09 4.70798e-06
12221765.913757700473 6955 1.4270072249821450505 0.18817994028564141717 0.09920754646225315998 0.55058477680712925029 3.6056726939169738699 1.9231651440834705014 1.7394371956357077558 1.5539268140825210907 1.85814e-09 4.44505e-06
12221765.913757700473 5782 1.8351946522632360814 0.13164896585588112266 0.10726974608787970267 0.71112093813394450237 0.37480629954270733295 3.5561017706753763612 3.6127687687986025367 3.6725287840485099089 5.0598e-09 6.20718e-06
12221765.913757700473 6417 1.7315428375397428074 0.10896190761955625026 0.11880700763854276647 2.6077272298548086482 1.3797858012216150936 4.267207185444561901 4.3681336117619800063 4.4707023999406283465 1.63097e-09 4.25597e-06
12221765.913757700473 5737 1.7110854780873874237 0.30960352690498965655 0.10736298783110613531 4.5343972934714500411 5.6070302084521816965 0.43094833917033736892 0.31519773721232324792 0.21921925901677388748 3.30498e-09 5.38567e-06
12221765.913757700473 5750 1.7318244406939429236 0.10806988650787956174 0.070869435880549086493 4.7910861051449415982 3.8617341035833203655 3.6738426902074992064 3.7315246715936885025 3.7916444392978796429 1.52873e-08 8.97346e-06
12221765.913757700473 6880 1.0571597611165617359 0.088883328633494462778 0.42576211087031884395 0.1085527127264556968 2.5797391116288550528 5.7258013101247726695 5.7711877392155317423 5.8147334274227029383 1.78966e-09 4.38976e-06
12221765.913757700473 6303 1.1307851306523724055 0.19062371529215124677 0.11034885326320713339 2.2760820284298097782 0.8302408854809356642 4.3463050362705315521 4.531816696386791854 4.7193410751650901602 1.48051e-09 4.12085e-06
12221765.913757700473 5241 1.7752631643652683202 0.18971441777152667219 0.097338262802684732966 3.516143582102086107 6.24998286008601589 0.93094234873696746213 0.78592028455740747805 0.65170190985782538995 2.63706e-09 4.99525e-06
12221765.913757700473 6290 1.5029938362540009589 0.071166082211818512682 0.11635750482775560066 3.159885991266005334 2.8304895417906625887 3.1793960526992623983 3.1821885653531398752 3.1850768238727518167 4.66797e-09 6.04263e-06
12221765.913757700473 5215 3.0332155793646671249 0.11824113280711941176 0.26638712284961274523 1.2008399962875617728 5.4010187964564408958 5.5658292005751750509 5.6404611243349513927 5.7113322909315984433 2.09099e-09 4.62347e-06
12221765.913757700473 6358 1.781649458647662998 0.096529754611845874912 0.17453451497193361863 5.5487018684614488606 4.5832942202224851158 6.1049943649723967809 6.1213644620483362857 6.1369169045756555292 2.40091e-09 4.84145e-06
12221765.913757700473 3761 1.4797991750962404822 0.073245529656564944965 0.14838460149622112461 0.63695030155308129949 5.1871409072223917391 0.61897118885578750191 0.57765720094366712623 0.53766054407751406874 4.38307e-09 5.91711e-06
12221765.913757700473 2057 1.2841634875994687448 0.14793839227251026625 0.24699423825012917222 2.303574922730875052 2.5870627134250239187 4.4400330364075619727 4.5859721967610918014 4.7327300457465568684 1.66245e-09 4.28318e-06
12221765.913757700473 5673 2.0008580981303816237 0.1486968032540685325 0.082517361338441744256 3.9152654277461631516 0.56049475951932148376 3.7937617091209467901 3.8901702937636737367 3.9913729434182405598 2.67237e-09 5.01744e-06
12221765.913757700473 3324 1.768162915570717697 0.054628872680563385356 0.11982786033092057698 0.54623994995491487181 3.538028941103733338 6.0176234582331415979 6.0316026412606147389 6.0452017951356555869 1.99813e-08 9.81126e-06
12221765.913757700473 5034 2.7606060592809114063 0.087327247764935042595 0.068426160740441041574 3.1288385917999033126 6.185778658080435477 3.1417178871587112532 3.141729345668800466 3.1417412826118140678 2.20492e-09 4.70595e-06
12221765.913757700473 6957 1.0094826615697876093 0.032461185735275101261 0.10454745545095599224 3.6388070765740940793 2.8918656004599587739 6.1522408916802824308 6.1564133180374991383 6.1605174734024306105 6.68595e-09 6.81142e-06
12221765.913757700473 6308 1.7110370189913512995 0.16575362322134953863 0.21414017867755966162 1.1661483063851774133 0.20092513301112099877 0.1088557011144890424 0.092112142070655905757 0.076865802108608272114 2.73381e-09 5.0556e-06
12221765.913757700473 5344 1.9256835606085931367 0.16537248400427620454 0.11484341988709644011 1.6350112003070407241 6.0444931023933596848 0.5755862271391253282 0.49091361309639108823 0.41295176487819862388 2.73146e-09 5.05415e-06
12221765.913757700473 6577 1.5960244365855282833 0.25611981340047079714 0.17632806846494253339 0.22202967533015072199 4.7127164269698837984 4.8033650517302231009 5.0583282979508918942 5.2992748983225341775 1.63583e-09 4.2602e-06
12221765.913757700473 5452 1.3964021096634895436 0.026287042049659314902 0.07104153031358878545 1.42730978137242559 2.922066094221177579 4.8045429775215913182 4.8306898804195341768 4.8567931919666378349 1.87068e-09 4.45502e-06
12221765.913757700473 5123 1.6091530748303810583 0.34142255095860057912 0.15545817037708434261 3.6979838454687516958 3.1929315070039203661 3.1134486174123319202 3.1014287389813226525 3.0877195592974366889 2.85229e-09 5.12761e-06
12221765.913757700473 6241 1.9390855553188059979 0.15342755952118519724 0.032522081671264892189 0.6964305860643718038 1.8295499695683927754 0.09598597968050821827 0.082249524033831011849 0.069644403754461681189 2.40528e-09 4.84439e-06
12221765.913757700473 6183 1.7662929038664405557 0.10826678207106192608 0.10979893358928603797 1.996203693944898605 0.65016467298060265367 2.7546385561878881099 2.7114988930729237993 2.6663564059057622835 3.31464e-09 5.39091e-06
12221765.913757700473 1788 1.6074093028878226885 0.1330944397487243136 0.10706628175168519945 0.75990849954603800764 3.9086027244015717486 2.4996091088876295494 2.4150803263516418262 2.3266701274010581635 3.37316e-08 1.16823e-05
12221765.913757700473 6090 1.987088863727817456 0.064100805125286305919 0.11629678109923527463 0.96353169226997137375 3.5188233667824175832 3.8014015984638969137 3.8417511513636228848 3.88305379394313821 3.39778e-09 5.43562e-06
12221765.913757700473 6826 1.8192467186990806116 0.22345248310126128444 0.17460586450382087342 1.5654489409091056906 2.4042873615261775022 4.0768448242548727123 4.2714684213913356459 4.4735497252222184983 2.5665e-09 4.95029e-06
12221765.913757700473 6891 1.3879577354327279348 0.19545959631963058523 0.15239567676640217164 1.8984603003818634193 2.0402894004949687634 4.7523107425997750397 4.9481148433680877119 5.1381690188289654841 4.39964e-09 5.92455e-06
12221765.913757700473 1399 1.54649037166644443 0.27383585877638766393 0.048664427220117559281 0.27807610338390054139 1.1169263170801313478 5.1884838956046781533 5.4206415376720347155 5.6286198066192296707 4.64728e-09 6.03369e-06
12221765.913757700473 6645 1.6082013373623669228 0.23005217836277547239 0.069246537580476760776 5.3279980249808609472 5.8111173101156996523 4.314422055070075146 4.5386070617053171361 4.7651941679759257653 2.03845e-09 4.58441e-06
12221765.913757700473 5597 1.8593875910169423982 0.28892396759237665149 0.15052999430076613452 2.4524340453345683244 2.4029854189036581325 3.4042973363939736942 3.4936495346871505596 3.5932789722557458845 2.41109e-09 4.84828e-06
12221765.913757700473 6928 3.1918191903348374083 0.089956115859273794166 0.24581875660537222394 6.1406892539599935432 4.8960203864683737862 0.50250220276142243403 0.46074516706865459303 0.420749266324848048 2.08658e-09 4.62021e-06
12221765.913757700473 5187 1.8911324715663115903 0.21258614391144972644 0.14215399749992291278 0.70399522775994460844 4.5055129855823379259 1.841223998217543123 1.6286710030579714115 1.4164407861047010329 7.38199e-09 7.04003e-06
12221765.913757700473 5640 1.699691912255895998 0.19913653303360756563 0.056009465947444582457 4.1301577547769774412 6.1919144117222977286 2.9373747652885517923 2.8921323278812440805 2.8429692962664852018 5.24602e-09 6.28242e-06
12221765.913757700473 5842 1.9529171975026715646 0.13210150439537529654 0.18601826481132932578 5.3167395257159224542 5.6375619638251235344 3.0914381816458003094 3.0843143468975537935 3.0767519331310180242 2.75394e-09 5.06798e-06
12221765.913757700473 1444 1.4993037077349640196 0.13887249464716514002 0.14070763698189911461 1.9376498908817065825 0.25437600926057568618 5.5323656888097074713 5.622888132366886893 5.7080657978618631887 4.82654e-09 6.1103e-06
12221765.913757700473 5566 1.5727314486838335217 0.10546724451412392565 0.097866525378070903796 3.3892440735820432707 2.9839747311634239324 5.7676113342546653229 5.8174518999335607106 5.8648149419463493359 1.33774e-09 3.98389e-06
12221765.913757700473 5503 2.1799785890881402395 0.37963815415667268027 0.2996470486039915504 0.10812231882406748984 3.9145906660735723115 2.3188265745538685358 1.9879824047737815196 1.6409047787143686836 2.63499e-09 4.99394e-06
12221765.913757700473 5424 3.0257364964963371357 0.10921338229602832459 0.21450882202050741698 2.4861963781210114632 4.5423916792434333445 2.0564422652440588202 1.9571071888144417894 1.8559422506514078322 1.80053e-09 4.39863e-06
12221765.913757700473 172 1.4888212846581314608 0.066938052199299852285 0.082708585106619617044 2.6732857643330110164 2.1475190691713637037 2.5561978398308404792 2.5181119658658515092 2.4790292140298100243 2.7327e-09 5.05492e-06
12221765.913757700473 5929 3.1939619222948216759 0.10413856730268239437 0.21882303513301820663 1.3154118996694246224 1.583893921020066875 3.2013855549417415958 3.2079686301123007119 3.2148758546616997833 3.18574e-09 5.32011e-06
12221765.913757700473 1642 1.6550556407336010079 0.1392408748342792435 0.029856655468504949419 2.9185203146632767712 2.3847687579519116774 1.5442475817642025149 1.4048598955468196703 1.2675316177942386187 3.49461e-08 1.18209e-05
12221765.913757700473 5862 1.6576986593894575961 0.26457802289681481289 0.13187174017129310588 2.7803111760935994567 1.836642359994676621 5.1428369496811807693 5.3735858770622852987 5.5824061528279464994 2.59002e-09 4.96537e-06
12221765.913757700473 5069 2.7303342134902943705 0.07049597451811301374 0.14019891545705026603 0.70882333316491363817 0.88450437197461062588 3.087124839215959593 3.0831418417903257989 3.0790236407566902166 1.18876e-09 3.83014e-06
12221765.913757700473 6398 2.4163675003830333843 0.46836988066080703641 0.23773801065159108625 2.473840254340348821 5.9163220987016327257 3.9265967607504781434 4.3468607483997399044 4.7842878098093910566 2.41801e-09 4.85292e-06
12221765.913757700473 1810 1.7358725205599863095 0.17409645441351537243 0.10318883925221468412 1.2980501602814227269 1.4974236138378773653 3.4436902207311450574 3.5006418987529723807 3.5618166535586270882 7.36354e-09 7.03416e-06
12221765.913757700473 5072 3.1118386699293876241 0.094014605250440211326 0.29339486824574967372 5.5671989072769276774 1.9645784273378059659 3.0213923662565185246 3.0095397183733587632 2.9971608641550542274 2.73643e-09 5.05722e-06
12221765.913757700473 4722 1.4053702798062852608 0.11227757217572251203 0.15695581111003392705 0.65202929514986851522 0.7654733952529286789 3.4250391711178211906 3.4583364751690441885 3.4933080217696588221 1.70563e-09 4.31995e-06
12221765.913757700473 6175 1.5062536805783401928 0.048747492801878178348 0.056717287611668186498 2.9601104273876313044 5.1198810640426675178 5.1272462190165590812 5.1714434640258071241 5.2151442194280770437 3.23411e-09 5.3469e-06
12221765.913757700473 6799 1.823910511396763301 0.20286196463128017276 0.14764217477787669464 0.84848027562416838965 2.4468459483318953929 3.4375860826230519862 3.5038557204218303553 3.5757482411530023825 2.97873e-09 5.20228e-06
12221765.913757700473 5182 1.7864765161657460979 0.18369277351058013736 0.082197500802125969543 0.1000466852969870285 4.3551212293530525699 3.3692780229179155604 3.4152377772142354928 3.4648794121472468177 9.37786e-09 7.62462e-06
12221765.913757700473 5372 1.7690055510180988652 0.33007364045973908162 0.15960503077206011913 0.88437374373873389732 5.3340571011253521405 4.0424785319833240749 4.3378803868948958566 4.645075797576177834 3.11368e-09 5.27969e-06
12221765.913757700473 5855 1.6550037851007639578 0.10276811236629775081 0.060466200578747707206 2.3360337399758890342 3.7925702995803769468 0.068771106367578702101 0.062036624472611996695 0.055665326215958550737 1.62587e-08 9.15964e-06
12221765.913757700473 6156 1.8606778747018035691 0.048800063247968775149 0.14164428278199675537 2.2312843118262648545 0.77008722146398878028 4.8148825637775214403 4.8633249601062518153 4.9115702043958213707 2.69058e-09 5.02881e-06
12221765.913757700473 5095 2.0234798809236633765 0.13324664505387381896 0.076298877233375278495 3.6264913583595497215 5.5338399862038771815 1.7821351450877371825 1.6496007240994883247 1.5167676046711480176 4.6491e-09 6.03448e-06
12221765.913757700473 6507 1.8582713063991498359 0.39251398514785834637 0.03269832973064779047 0.86513691463008890459 2.4541707610331817691 2.9870989474034379541 2.9082838191124760208 2.8175353823134368092 1.72019e-09 4.33221e-06
12221765.913757700473 6653 1.7599015802687927312 0.14880188611091035855 0.14859246032183145991 0.80174861173461475783 3.2969412967765863165 3.6930137015697690472 3.776694155550989862 3.8649722475789221043 2.19009e-09 4.69538e-06
12221765.913757700473 6463 2.3253815253788578943 0.24501153556597632388 0.29382725530135922476 1.7058680578165195119 2.947299817821900092 1.1592676684310376789 0.94289438720938267835 0.74461591329554821517 2.40859e-09 4.8466e-06
12221765.913757700473 6633 1.4815256775208580642 0.48696841629837644971 0.071642747348115196071 0.076594412350827367764 5.9935124061586124711 4.6680372054256960013 5.181842337986177327 5.6161284276708602903 3.02269e-09 5.22775e-06
12221765.913757700473 6942 2.8507982175666848335 0.19326080878850340761 0.13793997588107168029 2.6625238687601346932 4.7125185550559205439 5.4465884221448499503 5.5823299748829251499 5.706958390701456274 1.34834e-09 3.99439e-06
12221765.913757700473 193 0.80363924151937760065 0.15047265977417800809 0.32762991600232960199 2.2725116277263626152 3.8952220640569947818 0.047961656585388312557 0.041216060630245722474 0.035015926136955435877 2.99462e-09 5.21152e-06
12221765.913757700473 4502 1.6820914365571866256 0.22258154284717343585 0.051144224182426652192 2.3344867990668567437 0.78348713340836806385 2.6876876880974309714 2.577821645358896685 2.4588790948677345938 4.58456e-09 6.00643e-06
12221765.913757700473 3593 1.4950341307357597476 0.065750926724351094199 0.01945366074645805618 1.2874496689273384753 2.448146132006352893 0.44854059598801060416 0.42082063839323363696 0.3939607515453828479 4.05946e-08 1.24262e-05
12221765.913757700473 196 1.7465462847318100614 0.28973547146565969967 0.146678396466488975 2.1982032773570154838 6.0172988732439147697 2.1632973503019230499 1.8971274654936369775 1.6226828291177102237 5.83048e-09 6.50756e-06
12221765.913757700473 6147 1.6941999264364180355 0.17793635649482894556 0.18918332615425706433 0.75797442569735451467 3.586254019841358609 4.2138372687439016318 4.3780595471733168011 4.5461436670702699558 3.37103e-09 5.42131e-06
12221765.913757700473 5386 1.9501482979961999309 0.19862322940980844943 0.16524145250319061118 1.2184347300397908587 0.80381515289044802586 3.5855139516937430955 3.6801899776082014348 3.7820702671466190914 2.3788e-09 4.82654e-06
12221765.913757700473 5301 3.0355471007347820667 0.17339467746021966499 0.15081130799744582593 3.6202226422693799535 0.37281610855593988463 2.3060617159496334949 2.1686324548589999139 2.0253121312778730179 2.88595e-09 5.1477e-06
12221765.913757700473 6457 2.0044609075027199907 0.44002509277568280233 0.33768464008063592274 0.041440254210840209159 1.7115687716158138887 0.40111655433780485369 0.25219568213119214484 0.14239587536983766558 7.63173e-09 7.11854e-06
12221765.913757700473 5100 1.7681700213466335914 0.11397778073803636889 0.09083373719786098921 0.79001686745603438844 1.1974038883878592721 4.1991606734591417904 4.3015663176180236604 4.4060603025896227791 3.86655e-09 5.6749e-06
12221765.913757700473 6055 3.239214355708858406 0.086245627911148620148 0.11885948318710722049 0.66374390222479628942 4.2136411983567620965 5.3535253647501415131 5.4210031391933499734 5.4864863815005131542 3.0525e-09 5.24488e-06
12221765.913757700473 5142 1.4793147020853567586 0.074931839362616395328 0.13562749051928499333 3.0219197476723493878 2.9132912533693966495 3.9751909499437645401 4.0321671492555761773 4.0904216499437362486 1.02472e-08 7.8533e-06
12221765.913757700473 5984 1.5050810787526562873 0.34302698077614618422 0.19918053308751609842 0.10784261198402794735 4.7200418961672596652 4.131533504634903764 4.4561823553403652198 4.7880123268323586672 1.83318e-09 4.42505e-06
12221765.913757700473 6291 1.6943981506297685069 0.26964088925256485263 0.15875104828335076523 0.29304064637234022994 4.918269270874324306 2.4288173750984771715 2.2289943676928487548 2.0156826035318324841 2.82649e-09 5.1121e-06
12221765.913757700473 6390 3.2108653617705624761 0.1057548864440084474 0.34508566610505814198 0.068820050236995250481 0.29598417084382389053 2.0120418104233750434 1.9140038872652278545 1.8144166112453614659 2.74624e-09 5.06325e-06
12221765.913757700473 5954 1.4235940193155367517 0.15058483142280057465 0.1669910976674633396 5.4726465929154946011 3.4283732125758406006 1.3666052328447861886 1.220804783791033632 1.0793490655100317355 1.68237e-09 4.30022e-06
12221765.913757700473 6542 2.0629715841732094717 0.12794323167575558098 0.070393977009710118065 5.5198630443952447777 1.444686853974777252 2.2349595817739391634 2.129723761476738364 2.0212503735460272125 2.35942e-09 4.8134e-06
12221765.913757700473 2329 1.2951710397952103104 0.29003082781316563699 0.034797273410750735601 5.6301428846015584284 1.264682226041434987 2.6458809665181073356 2.4841150951994364071 2.3068708193006752794 2.01911e-08 9.84548e-06
12221765.913757700473 6286 1.459759486424907049 0.19912670473266735893 0.10259204068051684666 1.3357272015705388135 2.0561757728882930074 3.6379561240591682392 3.7429418529492681778 3.855598881631396857 2.66284e-09 5.01147e-06
12221765.913757700473 5405 3.1614242120681113057 0.063675878493625437393 0.16704428589115227766 5.2982381579170256813 0.73089685896093059547 4.5963161325198873541 4.659840960458462078 4.7234289452566198264 2.93677e-09 5.17774e-06
12221765.913757700473 5098 3.1770697001142447213 0.060370349524462345314 0.13776892150512703994 0.77468980105967699679 2.8980792896838782902 2.9214147361219486854 2.9078169141875016557 2.893831989885656597 1.90652e-09 4.4833e-06
12221765.913757700473 6419 2.7200417515531509771 0.38588830618439162734 0.54173329682115622941 0.87750164626719129313 6.1525677366813171787 2.3682555297467211552 2.0436912017452701917 1.700152784602605216 1.9765e-09 4.53749e-06
12221765.913757700473 5368 1.6643302473799472807 0.18598534660148524633 0.087578921564498313224 6.1984686992807587202 0.34825779068037887587 2.5031331883344929423 2.3823556706708308717 2.2543292756844750535 2.65835e-09 5.00865e-06
12221765.913757700473 6721 2.4505560338169325441 0.35294920230374393633 0.51853206344709679154 2.8134194386185717995 0.93262828523991792018 4.2305875961908929739 4.5799840244992831018 4.9298439549496952949 1.66278e-09 4.28346e-06
12221765.913757700473 5510 1.6846951332888551178 0.27100503757780053382 0.15542250686972108875 1.5177080731969549987 4.5001395915832818062 3.2591065466984723287 3.2966276218614893878 3.3384747694136929219 3.25682e-09 5.35938e-06
12221765.913757700473 6261 1.7259639226331020545 0.20157403376819099661 0.12884666465627622745 3.4157390259211224404 4.0723939088834306688 2.7679013300972017397 2.6858121005648301072 2.5970866045906104702 2.48402e-09 4.89668e-06
12221765.913757700473 5274 2.0609569899384414526 0.24701537335372006354 0.16363229226944592254 0.13630169295801350393 2.6037952302987346087 4.5454172023423335958 4.7967673280039413442 5.0429038845911202671 5.75566e-09 6.4796e-06
12221765.913757700473 4188 1.4530983300703772532 0.070740673575916429572 0.086653925643332824214 1.6124962138517930921 2.0750660072741053952 0.065896213181047505469 0.061391399555634419694 0.057051258061259081666 5.10361e-09 6.22505e-06
12221765.913757700473 6695 1.7190139722610318085 0.086622121040239238865 0.062660325547909873078 5.2546417633071396125 0.51919681770494330308 5.9528710904984940555 5.9799075578604110603 6.0057772514593068536 5.61749e-09 6.42733e-06
12221765.913757700473 6034 1.9764681136552317842 0.19263108020383079566 0.18914218898443832528 1.7294436095393965758 1.6888355896915479004 4.0316932139789294354 4.1923115125680396886 4.3594730432715369517 2.45369e-09 4.87667e-06
12221765.913757700473 6113 1.503413159735262461 0.20989463505659478049 0.17421108474485333395 1.2460282846093324594 4.406102791781906447 1.8187891952343357982 1.6083010173273244448 1.3985539840550942348 1.07283e-08 7.97432e-06
12221765.913757700473 5971 0.87248887468108071719 0.081972157114341373529 0.12338609539852081476 3.6939355008977363681 1.4102983980295875632 3.0380628990438376391 3.0292160046904714754 3.0200236245935596635 5.17058e-09 6.25216e-06
12221765.913757700473 5748 1.8728688911700337449 0.016822057501504231875 0.11131997950194803815 6.1334601171894478355 5.2957744498303540581 3.2319306106109051413 3.2334611436234919069 3.2350043877224621269 2.75123e-09 5.06632e-06
12221765.913757700473 5053 2.958881554798633573 0.12312448985128322809 0.20846849329407290963 2.4513976431657087396 3.086892644789603235 3.9305916680701895594 4.0222289120764109782 4.1171756379222221867 1.90259e-09 4.48021e-06
12221765.913757700473 5116 2.7079903165132233056 0.073326676662768944248 0.032197549346763443268 1.0535936125031322153 0.93140987552972831498 2.7589159681192847451 2.730533744588326428 2.7012338526623165258 2.56354e-09 4.94838e-06
12221765.913757700473 6595 3.0295392882627840692 0.072842024171838798408 0.20210363276631534979 1.9266872346679859707 4.9622396347030210961 3.6210460063874743142 3.6558139133152889322 3.6916417704503596831 2.5233e-09 4.92235e-06
12221765.913757700473 5266 1.7567158240638232058 0.24753876889870729539 0.068388905166904490063 2.4636401911456151659 3.5019824533031007618 2.2781174153032690555 2.0707304073185328619 1.8534868777265616213 4.85139e-09 6.12076e-06
12221765.913757700473 5762 2.0634053878157128104 0.1925766073023956193 0.045830889481967014565 1.3585729828646366801 3.4721304727425668091 0.69545653527499196045 0.5796790790826004125 0.47419418899727822092 4.50081e-09 5.96963e-06
12221765.913757700473 6628 3.3285848162898079572 0.065175868289367569486 0.17152099410435556193 4.1019050643825236691 4.1615370505228597153 5.6578649905946427623 5.6950683243335129546 5.731227593769924411 2.5094e-09 4.9133e-06
12221765.913757700473 6808 1.6306528304100087468 0.25596704568348915831 0.22998862786514281953 1.5077458045504483763 3.2855404686664977376 2.4736557977228570415 2.2945637388207935636 2.1027634781833155486 2.07842e-09 4.61418e-06
12221765.913757700473 5481 2.0635671398977062374 0.24702712931730816392 0.15418820605287811287 0.65649718074768514953 4.1334280909027834028 3.4860697990350471009 3.5820771776949809073 3.6874040589265248968 2.0621e-09 4.60207e-06
12221765.913757700473 4662 1.4156376653334663551 0.35490872448017812824 0.11989845281052567694 5.6021627089224370621 4.7344315585614999975 2.9287751037384239794 2.8344345696085091468 2.7271275774127730074 5.28399e-09 6.29754e-06
12221765.913757700473 3089 1.4620292573670605751 0.11967435586436159234 0.16217264593088659419 5.2675269800773847351 5.0821582461825141053 4.6065764408229190607 4.7266285932913119083 4.8462908163810149986 1.46985e-09 4.11094e-06
12221765.913757700473 5878 3.2061560792508094764 0.065706199641460918959 0.069335329073570539649 1.4547382403832112008 3.9032463924047537951 0.093742776714292500029 0.087780895191004446043 0.082020550531394870175 1.44428e-09 4.08696e-06
12221765.913757700473 3948 1.5316141919128041238 0.13308989081354272166 0.12078841453262860461 5.9036361202728198094 1.6404356035276788095 5.9307345248431566631 5.97415134858285235 6.0146291084175675934 1.17788e-08 8.22655e-06
12221765.913757700473 3872 1.4695515487771899643 0.20360613388918416544 0.12575781426419374576 3.6426123974402493388 2.3541768607272737235 4.7586444619016745605 4.962503465307622541 5.1597742093316529832 6.86931e-09 6.87313e-06
12221765.913757700473 2498 1.3779067894420842233 0.20005380228281349764 0.14937275137682623494 0.60449366622643596614 0.17272275762189878701 5.8725023116491401609 5.9463116661041803823 6.0124370653492720251 3.65469e-09 5.5693e-06
12221765.913757700473 6200 1.8361454566347643613 0.15621518504828518781 0.10865570243902551717 1.1230560193390395352 3.9008899441749629311 5.9981463033146216191 6.0392391258256097331 6.0769703795697154192 2.64335e-09 4.99921e-06
12221765.913757700473 6297 2.6933329197316959736 0.1923368612099080055 0.13882611319760862489 3.6122347640261627255 3.9822712228619270292 4.3090106097018949782 4.4941209066779812531 4.6818943725803361389 3.1612e-09 5.30641e-06
12221765.913757700473 5450 1.7397457698421898709 0.19548940892163524374 0.18240418022907151085 0.0031186834322009444366 3.2105549092228655716 2.5444823471625030997 2.4237799343116179784 2.2951989874011839987 1.88249e-09 4.46438e-06
12221765.913757700473 5186 1.2299079341050944691 0.20859584461235503028 0.16534415686263148615 3.0190558189520868559 0.91548410567827820383 5.3665473378993642228 5.5235058611249705507 5.667163537412080565 1.92365e-09 4.49668e-06
12221765.913757700473 6450 2.7405878067854461122 0.14959851214787905915 0.083163278400948836833 2.7292364965730349091 4.3690277596118356485 3.0015990129991423352 2.9789178536264682151 2.9546891375477737363 1.74846e-09 4.35581e-06
12221765.913757700473 6407 1.9260502101373675465 0.2160716971897012062 0.13464213919474743442 1.426093404599327652 2.737903007406238487 4.560151198925600724 4.7790420370564454799 4.9946339486133259911 5.15346e-09 6.24525e-06
12221765.913757700473 5576 1.7704851200875972861 0.2619129325663558383 0.18661513386162431605 1.3710159061187265905 2.7877123698076378133 0.77750379610878062042 0.60714183035664626154 0.4577146275436120848 3.16141e-09 5.30653e-06
12221765.913757700473 246 1.1909655184827940833 0.12204723361833366702 0.026095173405733813887 5.2007478969871883123 5.8687086024618428937 4.5994790881282874295 4.7218969631709457602 4.843938680189901369 9.52298e-09 7.66375e-06
12221765.913757700473 5992 1.8848401929550844258 0.29759082010225951231 0.11566455537906490669 5.7647993466670826024 1.9893010899147738346 3.2663111310237664675 3.3109205979978661993 3.3610705860854239724 5.52752e-09 6.39283e-06
12221765.913757700473 6196 3.1505256182847434232 0.20855401006814552889 0.038669892139997621983 5.4493274446965660474 2.2398609667346849328 1.4178000376966140017 1.2134012783330527796 1.0180255240906768144 1.25424e-09 3.89922e-06
12221765.913757700473 6421 1.8588575100690774011 0.089258014433386698161 0.031405905668365402539 3.8382557482029722173 2.1017025286319550581 0.92286805046239173134 0.8534590326304563046 0.78619786955091819358 6.6141e-08 1.4622e-05
12221765.913757700473 5394 1.6600350079114256641 0.027642753670237676933 0.096472090809680832724 4.8902683872549719268 3.0300125046632757631 1.6676717609018594235 1.6401182583413902449 1.6125418971208809182 4.23442e-09 5.84945e-06
12221765.913757700473 4243 1.7040256905874413551 0.045643838832770310121 0.1436560248546920604 6.262148733064549333 1.4009948397766769368 0.11359838143726325166 0.10853660801038146622 0.10359230140791267361 7.70334e-09 7.14074e-06
12221765.913757700473 5711 2.3511153968574509676 0.22655729272182753564 0.86309276334955953303 0.077308454093351838821 0.55912600322752359361 4.2055320059999212745 4.4172602067326005582 4.6340222257482661661 1.73005e-09 4.34047e-06
12221765.913757700473 5322 1.7237209156260742127 0.23182044493836456711 0.047527032457340578908 1.9436799259544599305 2.645603405141425668 2.9219380378592849645 2.8641107999311445909 2.8006071366598588313 5.00791e-09 6.18589e-06
12221765.913757700473 5046 2.0092637040947165517 0.082788275000752448163 0.17226907474016039945 0.50074716919972395157 3.2404473869484795578 1.2128114254633211022 1.1362879224520665566 1.0611925743621428708 3.3008e-09 5.3834e-06
12221765.913757700473 5351 2.9864376809034527405 0.14290514147548855073 0.088857030616833393433 1.104681930423415448 4.0725329354841939278 2.0655797294572204592 1.9348871331570796084 1.8013497222257537356 2.44807e-09 4.87295e-06
12221765.913757700473 6058 1.6311744626144126791 0.11066591308430029361 0.18663339771603446038 0.71475310473506248332 3.2928456092718501047 1.4450519892252522425 1.3357917267834182873 1.2281676577454943011 3.78849e-09 5.63645e-06
12221765.913757700473 6337 1.8571286257384422846 0.12860697326308545563 0.1231832990655454263 2.2277275976667016977 5.1471388972308504961 5.9153763337915661324 5.9591666728407659548 6.0001123861297083195 2.57504e-09 4.95577e-06
12221765.913757700473 6131 1.5170545845583605082 0.037537699139865994546 0.10192578433381373204 6.2320565002902705842 0.85895812226967027669 1.8086292858218220303 1.7719773400360279147 1.7351967288667777822 1.45631e-08 8.82947e-06
12221765.913757700473 1239 1.1103781858608037236 0.20022770328897362968 0.1220217078694017937 3.1976831524984121735 0.94603887927901708643 6.2246770551414911665 6.2354203038448083873 6.2449805445178556695 1.31823e-08 8.5411e-06
12221765.913757700473 5775 3.0413650212685414687 0.0057082294338880812737 0.091088039122469613429 5.9098948346534685427 2.4163268145840106627 1.014614147424495183 1.0097735439656230216 1.0049403211452381246 3.02463e-09 5.22886e-06
12221765.913757700473 261 1.0510996830515293432 0.10173709576474811167 0.23009849021334968788 0.81521640595416988706 4.5470848107457548792 1.6303800333934557187 1.5283377835448304083 1.4266923761549830107 2.34124e-09 4.801e-06
12221765.913757700473 5313 1.2990375873172421706 0.029954881420462903252 0.08410090078819550119 0.4677652383454163898 5.8878194493351747596 3.3295777621357305343 3.3352606017413353179 3.3410257049519391792 1.41091e-08 8.73674e-06
12221765.913757700473 5927 3.4561329354773326905 0.09954244276907495137 0.1511832359140554416 2.1528995897986127339 5.1651827129760885526 5.1859818937794717186 5.2727583086332572293 5.357076617838287369 2.21586e-09 4.71373e-06
12221765.913757700473 6445 1.8236407587226541871 0.12905646794231018237 0.05002122029882494908 0.49578313716477101503 4.0609193192544168483 2.9850428717387140765 2.9634561331082021063 2.9405878572726797948 2.3322e-09 4.79482e-06
12221765.913757700473 6807 1.6929474676886109297 0.11014277924489178362 0.19148722664610659527 1.7876973017349884199 0.36804545316304732028 1.6726350518613810614 1.5622201990306885389 1.4520814702598836554 2.57067e-09 4.95297e-06
12221765.913757700473 266 1.1885085570909557084 0.16339720433278012712 0.18484586062086630354 5.5906308421824322252 0.38845226733099302852 5.5182408813844041617 5.6256740087527399297 5.7255340305064494899 4.96117e-09 6.16659e-06
12221765.913757700473 6123 1.5154182511067286754 0.1985607845908766711 0.036556471096321867253 0.46265727154141622623 3.3783822359033273131 3.00456712890381894 2.9741522920974254873 2.9410603390041689664 1.87233e-08 9.60087e-06
12221765.913757700473 5407 1.5531016760432516666 0.064925215038801803447 0.20801289018722837754 1.7586437889183599292 5.2832382428295456833 1.2413812734412168481 1.1805406501862250046 1.1204970436203394168 5.11323e-09 6.22896e-06
12221765.913757700473 6026 1.5715613800291283741 0.20766449449503809888 0.07620243671256898832 1.978769072750904634 5.6335860709384872891 5.8314651394367027493 5.9151547710084395604 5.9898680010709597354 1.19536e-08 8.26704e-06
12221765.913757700473 5968 1.4891970055153695984 0.2126000391432056047 0.036784271548624430936 4.4704008040654112932 3.9103314585109254509 4.8758022214333918143 5.0835962650074808522 5.281716135365167375 1.90606e-09 4.48293e-06
12221765.913757700473 6005 3.0229795709966089667 0.23436777538945050003 0.40129779396163878236 5.722962410621834195 1.4069310441963336356 0.23012296981773572302 0.1815412117787880697 0.13922712434957121297 3.36675e-09 5.41902e-06
12221765.913757700473 5476 1.8592373612947643569 0.24868671150808766002 0.16744577627554052546 1.7901840598365725832 3.2024285481392933406 5.6730905480668223362 5.8040790007657179217 5.9187201651679037795 4.35596e-09 5.90488e-06
12221765.913757700473 5997 1.7530152706387944761 0.21595519152940920171 0.070802484288023756487 1.6250320198722332243 3.4942592085516968048 4.7742932882624149471 4.9901022188682926384 5.197783062271974508 4.37918e-09 5.91536e-06
12221765.913757700473 6710 1.9412254236985537759 0.20301570179494068946 0.12169089269039416734 3.8310543894865061176 6.2457091956964863044 3.1020456018104720641 3.0930083428140076052 3.083148844718540893 2.35382e-09 4.80959e-06
12221765.913757700473 6685 2.1412137561137121189 0.69038708980453045161 0.41904822165040445103 6.0107155555331077679 4.8695010632344644108 3.5282654110022337868 3.9996782762133613609 4.5220197381022861904 5.95104e-09 6.55211e-06
12221765.913757700473 6827 3.1318597801870340369 0.035619310873760891278 0.17578945612377774865 5.3845292481066850954 2.0180289590872364514 2.8737754025856006024 2.8641818275644266301 2.8544268956486851252 3.04652e-09 5.24145e-06
12221765.913757700473 5420 3.4885122232765133354 0.051952405423223761705 0.26964877835223621805 3.7130747594365418607 4.9322886611738248064 3.9105463588609135073 3.9473816247301893867 3.9848589087790626806 2.55489e-09 4.94281e-06
12221765.913757700473 6524 3.0857540864423889104 0.42891105301613285938 0.39898567118353567285 2.3188256142453091968 3.3045196406331172057 3.14378936650260421 3.1450674051694087474 3.14655776152931832 3.2456e-09 5.35322e-06
12221765.913757700473 6036 1.6532036601611788118 0.13933909658104298712 0.14864295193788340521 4.5562742956829351826 0.040564202476915028894 2.6383873287102144189 2.5664826396664781605 2.4906923275210886004 2.34807e-09 4.80567e-06
12221765.913757700473 6312 1.5294537650513666538 0.11286886595705930558 0.05905619512353344619 6.2746821557269338854 1.4375349343827505955 5.8079133733467598333 5.8572322393207310043 5.9038683991903084802 4.34831e-09 5.90143e-06
12221765.913757700473 5195 2.7850591680302398956 0.085316523654992953984 0.15173737061050762698 0.088942648726136941395 2.498296839924517343 4.9404875619187471614 5.0229024433296238783 5.1041388584971993936 2.26107e-09 4.74557e-06
12221765.913757700473 6686 3.4481819986298143377 0.35934585963705817369 0.4599171940885872778 5.0593804184048352113 3.2406801338817610159 5.7667668283495103765 5.9244609087053472507 6.050620094639744373 2.71129e-09 5.04168e-06
12221765.913757700473 6056 1.6788190042814132852 0.08480560207559627306 0.10113214109735099711 5.7829806425657466207 5.2884446113891119268 3.6528945913281805069 3.6960585856823948703 3.7407078294959412723 3.00235e-09 5.216e-06
12221765.913757700473 6170 1.9298966202340996912 0.16367396390327396127 0.098859707961542087062 3.7618225399044855628 0.43341144830594091619 0.58469269412055413504 0.4996391941006467774 0.42122154613458540062 6.44558e-10 3.12323e-06
12221765.913757700473 6886 2.7826132329495849582 0.17972002176322415812 0.44385059845493735065 5.5246732959197277779 3.9151180612599363329 5.7807051189857716622 5.8615058478424666433 5.9350640617498839902 2.88448e-09 5.14682e-06
12221765.913757700473 6185 1.7083616010155775466 0.054854504035415231622 0.06678867164137458623 5.681736080982695114 2.019029761138213086 4.9253554176700173883 4.9786889264289353463 5.0316098759893055359 4.56223e-09 5.99666e-06
12221765.913757700473 6037 3.0218478656247587111 0.15498206930120411728 0.30406357553173818387 5.1337886347518892904 1.0668161138171801117 5.9174049487273894243 5.9693790743705044122 6.0172191287893204148 1.83549e-09 4.42691e-06
12221765.913757700473 6149 2.057954765058518376 0.19942820176997491655 0.12037541276574989513 1.5485842560241760424 5.8714124941058694063 2.4884145411148175242 2.3555411050730241662 2.2144319629176543174 2.75102e-09 5.06619e-06
12221765.913757700473 5846 2.7910056295885592448 0.11747524673705481146 0.17183467156835555145 5.4030691200485412296 2.719285805489834118 1.0827660732645563169 0.98153138567061004593 0.88386840829039159395 2.37403e-09 4.82332e-06
12221765.913757700473 6333 1.7703094562175414328 0.28855573816106322438 0.17827882909478118267 1.0757120117386511637 2.2616479228072798868 2.6152160135492512616 2.4458629387216141993 2.260914370714087962 1.94245e-09 4.51128e-06
12221765.913757700473 5488 1.6838080771212033948 0.17014810685119158284 0.12200456327505145027 4.3812411180453949555 0.93456309771568946143 2.3858722268543739453 2.2606701874188428469 2.1294304774942087732 3.37985e-09 5.42604e-06
12221765.913757700473 6244 3.2410875695773428973 0.051736652212940041629 0.37458009001349762412 5.4478838811221557137 2.8858256522086871421 3.3738935449470188743 3.3861200351904483519 3.3986453645066654339 3.08558e-09 5.26376e-06
12221765.913757700473 6192 3.2096766409574133405 0.18347173186413126555 0.37761761294528684019 6.2830391735671993203 4.0758928911239173942 4.8212624251390394647 5.002877395835700014 5.1786624139539743084 2.79503e-09 5.09306e-06
12221765.913757700473 5914 3.2030607999704385769 0.073771648985206980664 0.1734371924234245077 5.3585594918711336732 6.1645937200884493024 3.9478103087350033817 4.0025072509447561231 4.0584585439317324429 2.63408e-09 4.99337e-06
12221765.913757700473 5144 2.3376839319442686005 0.52142183787772555803 0.23479151779549820023 2.4681936204719514549 3.4889712553930638528 5.280804485478858723 5.6869688359624923635 5.9797554146742744052 2.44844e-09 4.87319e-06
12221765.913757700473 6164 1.9744237469366163751 0.11561924135370800493 0.087737644123733929402 3.7694386880561485675 5.2730848222019428562 4.9615912571298315115 5.0723170550588374539 5.1805276650134066685 5.09634e-09 6.22209e-06
12221765.913757700473 5361 1.7958921947199435465 0.27318790595738934313 0.13263088487215279887 5.770366697477265383 3.3284041868834273181 5.0588820703247243671 5.307697707745788307 5.5338905775503430817 3.09083e-09 5.26674e-06
12221765.913757700473 5650 1.9745309915599418282 0.089749701982081736551 0.10580274339234869985 0.16521445166524401094 5.2410492184286869843 3.6571232148029819697 3.7032558817555392139 3.7510560920731288448 9.54988e-09 7.67095e-06
12221765.913757700473 6814 1.8799849174980678423 0.24372867305950748906 0.051699418218285581039 1.9532070230360911722 1.2983432014075970695 2.3934062672109250869 2.208793503462850083 2.0130086427626987522 1.89305e-09 4.47271e-06
12221765.913757700473 6631 1.0966845968061724736 0.17462169947995004327 0.16213002517957994519 6.086903532074353862 4.7563462645515652838 5.3284222027598522331 5.4648870673946881027 5.5923580782152910729 2.32153e-09 4.7875e-06
12221765.913757700473 3400 1.6050544160003021865 0.20252539229415419952 0.03738546405972328901 2.8335043556023111755 0.18275749659955614623 3.4651399273441927384 3.5371623788904766883 3.6152022945209449922 2.20416e-09 4.70541e-06
12221765.913757700473 5798 1.6942375086000975859 0.1069262224984641324 0.14384191597332321444 2.5113708650255839316 1.7049176521328306411 0.60349533068725402796 0.54522721117958616865 0.48977394934325374498 2.01067e-09 4.56349e-06
12221765.913757700473 5551 1.66709521406351735 0.24646894256889811947 0.066595511293611853176 3.2021468443168616957 0.22651479919926931217 1.9097460789147182592 1.6646411656064115103 1.4192567347271387579 9.09521e-09 7.54723e-06
12221765.913757700473 2928 1.0854493845092803017 0.067360415042205690206 0.096168815153541045704 5.3372262807954795605 4.6256646961935175 6.0817113373233100404 6.0947746475355470963 6.1073911130382665391 9.69793e-09 7.71039e-06
12221765.913757700473 5185 3.520927517323870326 0.072088491087584735673 0.25300168770619668734 4.9165216684658288315 0.75790167990698131817 3.383186119245866319 3.4010824456099211233 3.4195794483305501643 2.64564e-09 5.00066e-06
12221765.913757700473 6227 1.5847928195908751459 0.2038057385644798658 0.17284039059508993219 6.2740708459726937107 4.8762704335261730648 2.4036794344686787106 2.2539675500685416587 2.0959009614333572458 6.71025e-09 6.81966e-06
12221765.913757700473 6979 3.0882744355124285285 0.24250610395152852328 0.38057928144760033717 3.4920100637819966316 6.1905258220069940833 3.7070279610044458707 3.8539609495573627918 4.0124697211968225474 2.0418e-09 4.58692e-06
12221765.913757700473 4406 1.4185033159928943647 0.21811891204760386342 0.14252508781311765129 3.1809459998250217971 1.4501940692366772634 0.080640910066729104555 0.064619740548896686949 0.050534760288634079928 4.822e-09 6.10838e-06
12221765.913757700473 5453 1.5331574327523285195 0.26312736223098903698 0.037645642571780497943 3.1431186020361603362 2.0213596783488605446 4.0524384694466828449 4.2819584703900943623 4.5210849856070653985 3.03837e-09 5.23677e-06
12221765.913757700473 5134 3.5343823520060126953 0.060188355962353765061 0.31824423714553307097 2.0326762987429081164 5.8633259505911281551 2.527328222569627858 2.4917342463320513168 2.4553158562978572022 2.31886e-09 4.78566e-06
12221765.913757700473 6550 1.8136408266436216952 0.10031432338904253121 0.12392034917229222124 2.685444514350292522 4.3884527009838878442 3.3451970498726475434 3.3665844030225633432 3.3889643599944281327 2.018e-09 4.56903e-06
12221765.913757700473 4313 1.6096843036752690459 0.097887490574257107756 0.086406377801813455397 6.1566974599576074212 6.2027049373472316063 0.62636001924170880972 0.57105328297222779366 0.51814328249807106719 1.98502e-09 4.544e-06
12221765.913757700473 5577 1.734106427397056116 0.18288231262467719018 0.079097799213754371728 3.4774691261092485206 2.3431470138117784785 2.8940099174279874106 2.8443837943555609904 2.7908262371967813564 6.01747e-09 6.5764e-06
12221765.913757700473 5417 1.8527125510037676381 0.14954658291752084831 0.0782256140563688529 0.58814234994138381296 3.9179078109620260051 2.3778700056326216306 2.2679936193214267348 2.153344518940296215 6.2485e-09 6.65951e-06
12221765.913757700473 5880 1.7428935031891095164 0.25194094870943678499 0.11319797451405162747 6.0082543734264879376 4.949665310041423183 6.1746404245328507798 6.1992476238173619407 6.2203701397567563447 2.24295e-09 4.73286e-06
12221765.913757700473 5030 1.87836961554323012 0.26618417969193169936 0.10580772923801397278 0.51307976122504828087 3.2040593476792835759 2.5883461099626998703 2.4276895363778923098 2.2533951237844180859 2.14686e-09 4.66428e-06
12221765.913757700473 6137 1.7320841746422490637 0.24582264162150474496 0.12025473748830246834 0.97959940117973665075 5.9648682697929267249 3.6331521324476159229 3.7653667381321547225 3.9089523973119488787 2.35406e-09 4.80975e-06
12221765.913757700473 3887 1.1162259934738933964 0.30460939505240397507 0.087344280328344264808 5.9626346765611017986 4.3110516109467162948 1.6073463660212590209 1.2962763269367925112 1.0030728999072029417 2.30943e-08 1.02964e-05
12221765.913757700473 3103 1.4166052735453233957 0.15963965697209767103 0.10397365500139595096 1.4035287731871664008 3.0673628244549742128 3.3397294719680257202 3.3740568411711859831 3.4108340068335722961 2.18756e-08 1.0112e-05
12221765.913757700473 5607 1.9342091433920278742 0.093349360774522813222 0.017239579478310312899 0.95818764122267519046 1.0325922153862676645 3.6722509391908819687 3.721579017070544726 3.7727356364706552405 1.18158e-08 8.23514e-06
12221765.913757700473 5029 1.9370687253106471104 0.26328731506474756241 0.086817111837321991885 3.6094217393253118509 0.6438610938276244644 3.0877820328712197728 3.0711403626476223572 3.0526065092168890303 1.87308e-09 4.45693e-06
12221765.913757700473 6282 2.8012608863258181557 0.085135694843760337247 0.057793778991830586922 0.051792967223605330951 5.3920189227880888083 4.8933237474804300859 4.9765350045362275466 5.05871783703113298 2.68214e-09 5.02355e-06
12221765.913757700473 6604 1.8383029187070665245 0.14073644378588048842 0.10596680230861897642 5.9623944181753785188 4.9752353046132711256 2.1412080121662331322 2.0175917610850717665 1.8906705200063396166 7.5209e-09 7.08391e-06
12221765.913757700473 5362 1.5998169192102114078 0.21487307443939426821 0.17502149198328667556 1.770547716625682888 1.5264719608353487512 0.69029129402446087749 0.56273121418896698831 0.44809680521269235065 1.49782e-09 4.13686e-06
12221765.913757700473 6068 1.6628906004880250613 0.091213494107300577274 0.1361925332060771876 3.2536771726675719485 1.6646012595855124161 2.7883958478614969678 2.7553658051334899426 2.7210060563300140224 2.08722e-09 4.62068e-06
12221765.913757700473 5877 1.5623886110642244418 0.04087917974304366292 0.1160899069341940204 0.80247723213842303558 1.5888132905848406651 3.707035228648079439 3.7293310634817697924 3.7519977655557399387 2.13222e-09 4.65366e-06
12221765.913757700473 5479 1.6044289126673760837 0.23298032311717006837 0.063307850619224295685 5.1631017422356837443 5.1311768209599479817 5.3835077806739768391 5.5554229827180794388 5.710401612077611766 2.12255e-09 4.64661e-06
12221765.913757700473 5257 3.1591548922479582018 0.079127286028016871611 0.25475915309830510225 0.33333400517608480218 3.4061082747499775714 3.1473223588232865922 3.147795179833878354 3.1482859657552113575 2.20895e-09 4.70882e-06
12221765.913757700473 6565 1.8259931977620755816 0.10334143784567158264 0.040058456072716755458 5.8069387710882640619 2.5134943458841023656 1.2853327314603313347 1.1874152658514707248 1.0915758764126928249 1.21046e-08 8.30169e-06
12221765.913757700473 3239 0.80129887708876323948 0.1252096991228371925 0.11410362540114227237 0.39265194536422509675 3.0639418283468131676 3.9956378288197718085 4.0944132209748875795 4.1964657547824701922 6.46074e-09 6.73407e-06
12221765.913757700473 5595 1.6069183948811018858 0.29963021149632595996 0.066890772340225251869 0.59532371024846875152 3.0890534380681251569 3.3864082104152681829 3.4736743613546408049 3.5713573185358766793 2.78921e-09 5.08953e-06
12221765.913757700473 5226 1.3430312262023114123 0.242887403736200852 0.23618498193190720635 0.28795559281102944826 5.9553036534948979863 3.2066660334192844672 3.2249493974560268228 3.2451722623128818057 3.2729e-09 5.36819e-06
12221765.913757700473 6709 1.5501337948680109502 0.20573885128023675084 0.14802326172291954687 4.5923309579076763143 2.1564649312345638421 5.2049517069163799832 5.3791632616956501778 5.5408371120026052026 2.29225e-09 4.76728e-06
12221765.913757700473 4581 1.4644550067282073869 0.20074942105033199979 0.085093935623945293756 1.0565640014593735696 0.41713420493959779689 0.92242437257054454847 0.77038985959190942054 0.63058493746302901606 2.62777e-09 4.98937e-06
12221765.913757700473 5923 2.995476219223672576 0.075565451169017930355 0.18466206414773991829 6.0707837640665864853 5.3813567979053313906 2.4673171185028905938 2.4186423498915634589 2.3686482584125241324 2.22479e-09 4.72005e-06
12221765.913757700473 3796 1.8993141407106226559 0.1171450124275708049 0.131680472767365081 1.6245520055293067863 1.5060294393487452247 1.1921085216197888634 1.085311601172505247 0.98170282823621923818 8.15222e-09 7.27683e-06
12221765.913757700473 1253 0.8946449741373118103 0.056076102132479203888 0.16634137408000781999 3.0442465203531399176 1.5987296475235488469 3.9255070220309371543 3.9659289350690962728 4.0070942474163082636 5.22993e-09 6.27599e-06
12221765.913757700473 6311 1.5675906763544442679 0.12956684790350295189 0.10403896911367892242 2.4737107485020839448 1.2019522783596663373 3.0418427251119406485 3.0279886250613436971 3.0133009496939893168 1.23412e-08 8.35543e-06
12221765.913757700473 5437 2.0225241085126364204 0.20742643455787246332 0.10667632379194998127 2.4717028018699278569 0.31953167636199208967 2.5206105286830422507 2.3874178794719971286 2.2453956035835123117 4.54448e-09 5.98887e-06
12221765.913757700473 5114 1.8631366196289527171 0.19593171183178656469 0.060230791226504674929 4.931550214340038707 5.9526519389771808122 0.43125827847294673223 0.35541041694597602651 0.28723104778842412088 8.67957e-09 7.43047e-06
12221765.913757700473 1517 1.241899268707735482 0.33159368977813413748 0.23125194756455863532 0.094358562593531813967 5.2116056079896821984 1.5569330499671241164 1.2197550325741226551 0.90838353551172157374 2.17631e-09 4.68551e-06
12221765.913757700473 5753 1.9169741139105969108 0.3096938316146869985 0.16903282236823286011 2.8350044893386807665 1.6227201773365695914 0.33758812000508903184 0.24619202691572622532 0.1707157435863840278 1.44813e-09 4.09059e-06
12221765.913757700473 5766 1.6917892707697383958 0.26376854652500131282 0.16663071343437937943 0.91599106020818088503 4.1409581663260270901 4.7397343974141312728 5.0055983545849933591 5.2581095798656214413 9.36827e-09 7.62202e-06
12221765.913757700473 2957 1.4410621096187650192 0.28344142096839536338 0.10236280544448358998 3.0378657391137835475 3.228245384887626912 0.40916383744334022809 0.3076168769601116959 0.22179414675339698126 2.55608e-09 4.94358e-06
12221765.913757700473 6197 1.9967654332695516928 0.17366066350735764878 0.066905589754703051475 6.222537409266972297 1.7946281692637200411 1.0772128172144668223 0.9295124100210001572 0.79035319746412313613 8.02678e-09 7.23931e-06
12221765.913757700473 845 1.5846471690882786287 0.19633357598671480337 0.061241478109507238581 2.5111889458200167269 0.53068463205717819609 1.97674635708477342 1.7877404027815231302 1.5960089280965912284 4.26604e-09 5.86397e-06
12221765.913757700473 6154 3.1928366199716435858 0.081313649900874640508 0.26769353571295850802 0.053381150604729817044 5.0143377560210424804 3.0179979165413910458 3.0075341316964516736 2.9966659655786056504 2.04677e-09 4.59064e-06
12221765.913757700473 6209 1.4030997492300107954 0.20803101569554166561 0.08182390296301823851 3.8248250042398241888 1.9550457187725249764 3.3643900477171597707 3.4161646591510383963 3.4725691484804577236 2.89646e-09 5.15394e-06
12221765.913757700473 6392 2.9677412791964172811 0.20900555213216590045 0.15498451118948419758 0.8475890325178261353 3.452139587519997832 2.7870877814980636877 2.7057016055617273409 2.6174556369154133861 2.75286e-09 5.06732e-06
12221765.913757700473 6347 1.6489916418364714001 0.28381885806885198686 0.021104405609302767655 1.9122847000203233581 0.44538881039348571234 4.9213822566703164796 5.1948637115140297027 5.446284484742521137 1.27077e-08 8.43734e-06
12221765.913757700473 6735 2.0310822520938973668 0.17851620241256124788 0.025586431708960310355 2.9544399895129096478 0.87006018149231567627 2.1741908642931866424 2.0183509889360862211 1.85741719597871624 2.32036e-09 4.78669e-06
12221765.913757700473 5485 1.5947480873666464163 0.29760988329759663351 0.16179082459990951071 2.3202255036736096905 2.1772191888121428249 3.2810902800272589985 3.3309379522806414897 3.3869528747570645244 1.60307e-09 4.23156e-06
12221765.913757700473 6816 3.0986062797552800241 0.073047753315288455056 0.21721335974101013688 6.217384625240414131 1.9159133329867248374 2.2899503184242102627 2.2335747211673426804 2.1759922215110312216 1.76213e-09 4.36713e-06
12221765.913757700473 6572 2.9961769115038618949 0.11376296693583154429 0.12829788269794659139 4.2075489282789231282 4.7093398360233882372 0.23236450632974461894 0.20746600294956424326 0.1840330039769955961 1.66053e-09 4.28153e-06
12221765.913757700473 6740 1.7323110224838915716 0.080632609823198281296 0.092412233874750907003 3.7752855199060673108 1.5433551259238804665 3.1774937243526530928 3.1805145244274783956 3.1836521041194183468 8.24013e-09 7.30289e-06
12221765.913757700473 6480 1.7934391565358920317 0.22533301905724198444 0.092463260148666043259 0.07356867020941496027 3.5577535469136534196 2.7109067835399964785 2.6046786553519267748 2.4894238226795630808 5.51174e-09 6.38675e-06
12221765.913757700473 5642 2.8337259887599719477 0.14614284572924712835 0.037617282510941027485 3.5008912816835886517 0.13419203596014425695 2.2752218993302388839 2.1578048133667140362 2.0361260871063255884 2.80041e-09 5.09633e-06
12221765.913757700473 5478 1.9152923068529241757 0.15177419220800347777 0.16374449822661107934 2.6486249419192984256 3.6023694658504341604 3.389733127649817046 3.4302166272504073241 3.4734166294845931766 2.28234e-09 4.7604e-06
12221765.913757700473 1447 1.1456850637757738376 0.18566652632228541897 0.060111850697957137923 1.7391379803811211069 3.9905435579996995088 6.2194574217580216313 6.2303656714711461717 6.2401679503517035741 2.94046e-09 5.1799e-06
12221765.913757700473 6815 1.7024893778369638575 0.28075769606946160417 0.19501301749642452332 1.8519289841384047879 1.1302800571834425991 2.0281346187492044209 1.7554031822610873803 1.4794159827630877224 3.57143e-09 5.52668e-06
12221765.913757700473 6044 0.90009065879647276454 0.22289882573645750097 0.13724383803560660788 4.2885699834296735489 0.37289690860421836893 2.2035751554011224762 2.0091378180050201152 1.8073125509642389286 2.72625e-09 5.05094e-06
12221765.913757700473 6667 1.7558572217163936902 0.3436386492441891316 0.23156086516009527498 3.0407547148765714518 5.7405806574936004694 4.3614080037480382757 4.7121843019603941727 5.0558229440065121096 1.85586e-09 4.44323e-06
12221765.913757700473 6040 1.9294035952193817618 0.11686883416153702464 0.14283073476709967631 5.7957194059538235109 2.1765284459228637637 0.4388028345296649535 0.39149984237369434004 0.34690559304600643298 4.48499e-09 5.96262e-06
12221765.913757700473 5950 1.6524824247557703405 0.0098052826543467922621 0.071085830371193634014 2.732886728760890005 4.7268470689925230488 4.0445502964135258139 4.0522726251433880407 4.0600180227129420985 6.81029e-09 6.85339e-06
12221765.913757700473 5158 1.6756921157618038798 0.073981361603955589357 0.15442275420374473871 0.61173408700594156251 3.8618947070575320168 1.7866213280965159704 1.7137108720029314846 1.6404837439926891474 5.85576e-09 6.51695e-06
12221765.913757700473 5252 3.1547450443421758415 0.082843454900852306344 0.15458347932765503785 2.0395701383412729868 1.8487799624539638099 2.6801942669851035461 2.6418278652304896248 2.6021276986932990738 2.42859e-09 4.85999e-06
12221765.913757700473 6104 3.3194145577713602968 0.095785118406459021645 0.12380532337573600665 4.3275862013451540378 5.7831454973903460015 2.7501406742264955518 2.7118153985205903922 2.6719047737148295951 1.75259e-09 4.35923e-06
12221765.913757700473 6267 1.8565320049460583007 0.052509184199676560423 0.069714105595149386541 6.0981555179356714547 5.1363658535201235367 4.2270231580782127168 4.2740678758560193273 4.3216131303517739681 1.78459e-09 4.38561e-06
12221765.913757700473 1284 1.6652379174188920441 0.053304743293386601388 0.19714682491174023715 2.1496704210862676021 5.0327612651992446047 3.7045199442856473482 3.733641864876372285 3.7633892499281365041 3.64405e-09 5.56389e-06
12221765.913757700473 6952 3.1921127647326104082 0.1017043550516880529 0.14905437823155245902 5.9437369488367455261 2.2469789815211962392 0.06660509042305508276 0.060147028353166813452 0.054033501298087066589 2.57429e-09 4.95529e-06
12221765.913757700473 6649 1.6796677080875570542 0.21012524271105628704 0.19538433124313545064 4.5820611260515065055 0.24562283140579230234 0.46922071212623928105 0.3815052747993418758 0.3032718764227880226 1.58536e-09 4.21592e-06
12221765.913757700473 5517 1.8553623089353503683 0.15408665433794324628 0.095395589274494416165 3.6949005810759922852 3.043832432194617077 3.6586705141164048705 3.7407891769666190562 3.8276908378202163519 2.41819e-09 4.85304e-06
12221765.913757700473 6425 1.2608757230640146307 0.15084097929090889423 0.04524500432684689516 3.2119318545535233689 2.4565136168622863089 2.7963430881690567453 2.7410676133303768509 2.682254431514319748 5.02719e-09 6.19382e-06
12221765.913757700473 6573 1.7915256661964442664 0.21179676339403741281 0.20172599875799349101 0.48840745170430094335 4.4501525620870587829 6.0127681342650936003 6.0646292950369780073 6.1105511141745170178 2.46875e-09 4.88663e-06
12221765.913757700473 5342 2.0429314960004538726 0.26732511774062095444 0.086972526144404496695 5.8607120576446316562 2.9204052399052038425 2.7040102189974293267 2.5725920107876039111 2.4285597984290698825 2.15151e-09 4.66765e-06
12221765.913757700473 6180 3.0621186239167692555 0.057793239656860784237 0.15329823802907882602 3.9884782914183700697 4.566938701203679507 1.4487306037066267628 1.3915364700418462185 1.3346693132550881966 1.88472e-09 4.46614e-06
12221765.913757700473 377 1.4746149129981387382 0.18935466664473291076 0.063951908845275157178 3.1655175518043048299 1.9209120567841739824 5.2586160760784093071 5.4138617785588198927 5.5585083987524948057 1.8845e-09 4.46597e-06
12221765.913757700473 1442 0.57642060134752148848 0.080887542301114015442 0.073312749265732210513 0.47705162286985536291 4.6850350522496304606 0.70766551130202759445 0.65658130909422640631 0.60720653934061974422 7.70371e-07 3.31449e-05
12221765.913757700473 6119 3.0973471479579202104 0.096037359879040967714 0.23383756816272910362 0.2383611043875294988 4.1956782836059645092 5.0137602988288989536 5.1043250490929192864 5.1930800165930417478 2.96829e-09 5.19619e-06
12221765.913757700473 6350 1.418452045123705263 0.1888875481826562952 0.14032502191964643656 5.7744570391317715519 3.1546988013203205448 5.6464584856907649169 5.7516219603027032292 5.8473655809848219533 2.60101e-09 4.97238e-06
12221765.913757700473 5289 2.0243247695784747364 0.085795281491191491274 0.073815208153472561259 0.8235350355043975501 4.8169136343850524895 2.6435662385706506505 2.6009021565734116166 2.5567409131134675171 2.13423e-09 4.65511e-06
12221765.913757700473 6619 1.7984249503700977524 0.032434675880221926214 0.081257950796733272036 1.9690746643325105492 2.7060809186474736876 2.1421042477731511156 2.1145734344437747687 2.0868171160792297059 6.69672e-09 6.81508e-06
12221765.913757700473 6346 1.3438706572234837555 0.073572447758069162149 0.11282767739480427382 3.9352657035103653094 5.881368627991757414 3.391193575197074761 3.4100649672932719092 3.4295807054993732166 2.4605e-09 4.88118e-06
12221765.913757700473 4296 1.7455356718817234274 0.12925898632208379646 0.025282092023610206605 0.97286384808352355247 2.2703439859474610074 4.0432467812395564977 4.1492301590782965093 4.2585280633319007038 2.40121e-09 4.84165e-06
12221765.913757700473 5360 1.4419145062351348408 0.15390314230703808218 0.12949059609860183451 4.9562803985944583474 4.9177952347254993981 1.4038920643431387347 1.253441096661775056 1.1072232534481609711 8.05688e-09 7.24835e-06
12221765.913757700473 6823 1.8335011627682322732 0.11424975265782760792 0.18907322611732979567 3.9900411965000279757 2.7178598931389581494 0.24369980952881983849 0.21750017121696371691 0.1928462893864826555 1.69817e-09 4.31364e-06
12221765.913757700473 6677 2.280028120994672225 0.18304498841614211258 0.21027656986387954774 4.1445043900179108221 0.26833556389355867067 3.0642147537493804599 3.048498704617152999 3.0314829265052001261 2.33048e-09 4.79364e-06
12221765.913757700473 5841 2.0318106834247631198 0.014739067487216300084 0.12069883760451093069 1.9050253709316231632 0.80407203537360871781 2.7920451136881774268 2.78696192418998967 2.7818438700206300496 2.76225e-09 5.07307e-06
12221765.913757700473 6791 3.1538403972554007737 0.22310381259865855186 0.16876699253740409801 5.188571049122575829 4.1174538075951740979 2.7687111432189288607 2.6767829616261873404 2.5767760770558356676 2.20531e-09 4.70623e-06
12221765.913757700473 6266 2.9553693109917213988 0.16512739021989342181 0.093920602660227642255 3.3709494576675491651 3.5151101606048644754 3.5304538424898765925 3.5987190816305276719 3.6716015900618508283 2.89198e-09 5.15128e-06
12221765.913757700473 6897 1.9242046265208314626 0.35980572793263471132 0.15483889357440491774 3.2948153268025683893 3.3373362339382364183 2.4756447464522772783 2.2078314093221163006 1.9185969460279721499 2.6229e-09 4.98629e-06
12221765.913757700473 6969 1.4796983276335986535 0.10313787070542330959 0.096621455265012576308 0.045827097432922146714 3.5211534255845280406 4.2285643032706126121 4.3222957752204784754 4.4176852710915142097 2.41679e-08 1.04535e-05
12221765.913757700473 6004 1.4489151319919624239 0.32893350434988061215 0.10570381102084336344 2.6510689578299242442 2.7819148431028519752 1.340339978437021573 1.0258119961382794472 0.74452930773512959739 2.14847e-09 4.66545e-06
12221765.913757700473 6778 2.9759439134249880965 0.07601254823697636831 0.1646891466957098038 6.2724418502489305283 4.247008655036935032 5.9319005548395669081 5.9571895493690103507 5.9815327395790642839 2.33115e-09 4.7941e-06
12221765.913757700473 5681 1.8182832335845182659 0.47295124941720112499 0.077230088390779591534 1.8611750098577954926 6.0342521812320510932 3.4063601556362899103 3.5796756982978354955 3.7803036591023357893 1.72101e-09 4.33289e-06
12221765.913757700473 5931 2.7342385413042604725 0.27343131337336695763 0.61853521685641466021 2.4586711640893246233 2.033116451239803002 5.5802921242968288595 5.7428015901737881066 5.8834724502771997834 2.66585e-09 5.01336e-06
12221765.913757700473 6985 2.8312627184692211735 0.13365687265465078792 0.17713343428266467572 3.7189829998084240614 4.66198212453581462 4.5585286881080033794 4.692380753123891246 4.826010873299389381 3.31546e-09 5.39136e-06
12221765.913757700473 5788 1.3739248967214119368 0.17265469926668267076 0.18557407510887885538 3.861811064449291564 6.0084281173413351951 5.6971626265180370652 5.7868109837585022248 5.8690361550949257108 1.43499e-08 8.78617e-06
12221765.913757700473 6138 1.594092344791116167 0.1319367689383247888 0.089854708808808816944 3.7386803699660524636 4.9295777786605734505 5.0222626117995465833 5.1458103369079042366 5.2655474628394625114 9.57307e-09 7.67716e-06
12221765.913757700473 6726 1.4920224068158824959 0.19917652293137286246 0.14856470279302080861 5.0814211908312740817 0.049467721831203972926 0.93001122917899559095 0.77817171166998388987 0.63835407693977341825 2.92983e-09 5.17366e-06
12221765.913757700473 5559 2.1421082684199133084 0.12296571408819308158 0.040974229254793839705 5.1164641063175366753 0.027109276446077114342 0.17054986404047978166 0.15080188920588233348 0.13232863080043791304 5.44342e-09 6.36025e-06
12221765.913757700473 6737 1.7446982934755315142 0.31215728847863077888 0.21220353069931621737 1.7729316258179153021 2.7927689932931629713 5.1026543056607387427 5.3799507018833603311 5.6250982687966804008 2.16814e-09 4.67964e-06
12221765.913757700473 5663 3.1741755983725075119 0.058462326615902844573 0.36339228861139744042 0.73563411733087680222 0.10726843930763040047 0.80045453742433092525 0.75930607104205527502 0.71905953585580506537 2.69499e-09 5.03156e-06
12221765.913757700473 5227 1.8217668265769508817 0.10706077421622220425 0.11823877898786470941 1.8714244325718134565 0.78275660775063904406 2.4933143697043251841 2.4256106690022916084 2.3553404101506947299 5.94474e-09 6.54979e-06
12221765.913757700473 6118 1.9699828530143201899 0.25636601377188883433 0.020841964733608692173 0.83580501357071668167 2.5139310898376385772 5.4895398893920459571 5.6594344643176048848 5.8091736988949564946 5.68798e-09 6.45411e-06
12221765.913757700473 6356 1.6693993925449619464 0.1461253924530108439 0.066874775759199867053 4.3757992943978925027 0.61317426604392766265 3.6674050084627403123 3.7461055039182218351 3.8291575259046188862 5.8318e-09 6.50805e-06
12221765.913757700473 5831 1.9019813563461893668 0.12740953889899597762 0.14484339855411010323 0.6611208806135338012 5.2743280109111791987 2.0329320309037899328 1.9151953331655577895 1.79526746883065913 2.32205e-09 4.78785e-06
12221765.913757700473 5138 1.7325885271457801551 0.10811427809924412102 0.12477948059284672822 3.4982073046482944356 2.2586079294458518696 0.69477420025479286192 0.6281549684398818334 0.56462129724624465776 2.37553e-09 4.82433e-06
12221765.913757700473 5736 1.8810291498756874784 0.025610175917534755419 0.14563681512301984711 0.56104834288491656213 5.3435843877471951302 2.0089122870955948841 1.9855914666971876681 1.9621530618988747285 1.87923e-09 4.4618e-06
12221765.913757700473 6132 1.8444736510346093628 0.24838106005367105444 0.12065891017276851593 4.9019190351587607068 2.9623883329048905644 4.1578808250688972237 4.3866675041659064505 4.621988714435193657 6.69157e-09 6.81333e-06
12221765.913757700473 6509 1.0892225287380383758 0.43093375622719037876 0.045979670766597660614 0.82304314504785036632 4.7399301097300989838 3.7232096961391589751 4.0278328074250104862 4.3616770884835274202 2.65616e-09 5.00727e-06
12221765.913757700473 5256 1.808148870542808373 0.22021266228601588111 0.099923000814423457161 1.8747506102820619134 1.9570882852335853563 3.107732852881885055 3.099239023450099495 3.0899150060000790674 4.61883e-09 6.02135e-06
12221765.913757700473 5698 1.9538546367876266086 0.081970511959333164365 0.085524649218823717289 0.49004105250256108084 5.7340797899277466954 2.5927926882122425134 2.5484121456283692631 2.5025905460025708038 4.80918e-09 6.10296e-06
12221765.913757700473 6504 1.5061474031104691296 0.16542329146875281443 0.13903112589805524668 2.8208057501969645564 2.4647167398829514795 2.8508890443450098928 2.7990172851643029261 2.7434492981852294236 2.41361e-09 4.84997e-06
12221765.913757700473 6076 1.6958808308827122424 0.096347805338354977622 0.075606196105356321402 2.6608932087062950878 4.9562261151890520949 4.100265832085359996 4.1815144123655274555 4.2646013506448943176 2.07184e-09 4.6093e-06
12221765.913757700473 5828 1.7233366260434510586 0.27373640827034251277 0.10367508631546604181 0.051817609783700105397 0.76172145261561730045 2.7327347753051682844 2.6056698171757077809 2.4658905058765792084 2.18531e-09 4.69196e-06
12221765.913757700473 5964 2.2012582111238305771 0.26220727150485634294 0.13911046478016109162 2.5938334155729094732 1.2253783954641479514 4.0443996332964093909 4.2718078671663803902 4.5089753908209768696 2.1711e-09 4.68177e-06
12221765.913757700473 5425 1.9102509857772036472 0.10364216202331404115 0.11079924489683146138 5.8311252521925407422 4.2306700026626264943 4.2185522044655821006 4.3122996304151675062 4.4077567766289522666 3.49187e-09 5.48533e-06
12221765.913757700473 6143 1.840407878085420279 0.13841379335239484272 0.080711210559567231337 0.86036983515682352586 2.8201927758467171259 5.4071169215012533371 5.5093214343244447662 5.6060593813436687682 2.16561e-09 4.67782e-06
12221765.913757700473 6182 2.0357650756247189783 0.1058228525965987793 0.17365659873918537492 1.74441290023790474 3.3526376587073563051 6.0806519229274780258 6.1009429126671719246 6.1201217477461078431 2.64006e-09 4.99714e-06
12221765.913757700473 421 1.3810057817757541709 0.28920905497021442976 0.15148164445442705017 4.8220777113517296897 4.2156288051477961432 3.0856911464239935583 3.0663225952328301283 3.0445743624348984291 2.69558e-09 5.03193e-06
12221765.913757700473 6415 1.5781823298133335065 0.1478590361612679982 0.14446239403876995344 4.8360696585065507946 4.3593157221218667985 6.127513731504361516 6.1489871375842151124 6.1687700457097021101 2.43409e-09 4.86365e-06
12221765.913757700473 6920 2.273472435448957274 0.17372620560400819922 0.33404995240455070959 0.43484109137094428821 1.6473470128564124959 1.6134178353031725095 1.4383137179163090202 1.2661098737484401955 4.48089e-09 5.96081e-06
12221765.913757700473 5689 1.7868297617811244038 0.16538737623175064906 0.20930211057229694549 1.9508537202749969275 1.6389080857570184069 4.1079171748596268188 4.2515011331379142234 4.3996316574940728117 3.02594e-09 5.22962e-06
12221765.913757700473 6098 0.96238749750515184544 0.14856186212137642566 0.15573078167703041652 1.8340334382038245842 0.60336002910784536368 4.5906916479773620665 4.7400561247589747538 4.8885611306178029523 9.90655e-09 7.76529e-06
12221765.913757700473 5578 2.8791271075073021635 0.058004611240602903244 0.22095641018568717984 5.0002279285652733165 1.2858387053658086874 0.84851018561167357301 0.80577948498673002131 0.76393665833487400807 3.04211e-09 5.23892e-06
12221765.913757700473 2992 1.0815621156090453603 0.03851549570127978106 0.1143574096688569075 4.0966371013873645879 0.87133532107262268163 2.9471526363626470157 2.9395646289023700248 2.9318362435651805775 2.07761e-08 9.93967e-06
12221765.913757700473 5643 3.2613282062731556721 0.027185774261422546161 0.087404422548079965805 0.74273295703607911111 3.7659610603675361951 2.7071839488037423571 2.6955972794289864147 2.6838705298070979488 2.47115e-09 4.88821e-06
12221765.913757700473 6683 1.4564069016956280311 0.15319471755209082553 0.078492026375614379341 3.3340171196812891097 0.8457285596960013585 2.512088898847048668 2.4154102654606850464 2.313685909763915749 2.07491e-09 4.61158e-06
12221765.913757700473 5234 3.1364686396090655229 0.20620247244970774103 0.063839739570554970838 4.1016250010226933398 0.88320897091314243266 3.3739900858768439029 3.4274022807057726858 3.4855378360341497945 2.35138e-09 4.80793e-06
12221765.913757700473 6292 3.340841478847357493 0.046351424587499960583 0.23842030720472046079 2.6190186544247917588 2.7644488152442820983 6.0567198165006335131 6.0669027305086853374 6.0768497601125091023 1.7586e-09 4.36421e-06
12221765.913757700473 6557 1.9918162899617064543 0.070625586698839365463 0.090384764900311442837 1.65742114487783887 3.4211814452615096904 2.8618220680729411498 2.841609269408227334 2.8207391025234982429 1.93092e-09 4.50234e-06
12221765.913757700473 6401 1.5921461396068390393 0.21237192293797288456 0.096474067100310645362 5.7320143797113241035 1.2603348378749819059 2.2298876611393527725 2.0486008871201466519 1.8600132194573175681 1.93159e-09 4.50286e-06
12221765.913757700473 5864 2.0181498478208412806 0.086538766272202929941 0.107650988869903666 3.3565711553354997676 4.6535868432376537029 0.87779088485166301137 0.81290922428600587146 0.75005698268341969293 2.76427e-09 5.07431e-06
12221765.913757700473 6243 1.2033292101620611803 0.21372522240479935318 0.17808369156523981558 1.5746642151878360583 1.79047467827585427 0.5828286512642631978 0.47378279861708061382 0.37626945614085532954 4.28475e-08 1.2652e-05
12221765.913757700473 1707 1.1912032159805099329 0.21920643711463300152 0.14802373723215561663 5.12545267059273435 1.7594132558296577962 4.6096511850935559806 4.8320060336255163946 5.0496461106386840711 4.20296e-09 5.83493e-06
12221765.913757700473 6135 1.4557249293495280185 0.33051909396361706106 0.097857981828895199139 1.0861071577261915966 2.9440217421571692746 2.8057706470298025003 2.6724657241408582564 2.5230354931752634329 2.38172e-09 4.82852e-06
12221765.913757700473 6402 2.9706860724747654601 0.21377534032930012309 0.15709934048692159037 2.5116824467610325833 4.8004326507619285991 2.4961935978449574236 2.3540392382962602724 2.202551804661542878 2.16272e-09 4.67574e-06
12221765.913757700473 6658 2.7004999246942613667 0.095623272111163726272 0.63138368723666882243 5.9239994080918263464 3.2698157689114584201 5.0060602917061807204 5.0964830594046306445 5.1851390553631127034 2.90725e-09 5.16033e-06
12221765.913757700473 5886 0.86659262142972537379 0.18166960950122024165 0.21669914920074354048 0.69567518642203041157 3.2794311689519743958 2.6291813959741623385 2.5316501164095486232 2.4275860653179082149 7.52132e-09 7.08405e-06
12221765.913757700473 5118 1.8084864714655448648 0.19716978246360294946 0.1146851680906971066 1.468026590802970599 5.2531305773125378522 4.5161046797975918921 4.7146181485850426895 4.9117874411617075125 3.95744e-09 5.71902e-06
12221765.913757700473 6395 1.6414131426501623601 0.18866973649826027093 0.13653890918171238122 2.9907620963543131154 0.7151335889648270383 2.9794364128904553546 2.9455168499082224898 2.9087598651959409857 2.27089e-09 4.75243e-06
12221765.913757700473 6129 2.0982645030451352319 0.1603863602776451347 0.13101802755368877063 2.6257454683094412218 4.5908458140324341912 2.9899050715126396227 2.9633982258793980513 2.9349692813419112625 7.14833e-09 6.96495e-06
12221765.913757700473 6850 1.9292189848130065766 0.42120275322730477141 0.25081730492125609011 0.29638762028328941023 2.6144219465798794744 2.2326543032164289926 1.8347765886794800139 1.4281646872086066757 4.53979e-09 5.98681e-06
12221765.913757700473 6099 3.1413206139132721084 0.24272219450134033258 0.26469226048450744671 0.090609282334998708652 2.8179594037260149442 1.7629094788732810883 1.5164642854099605884 1.2741002571933410792 2.8329e-09 5.11596e-06
12221765.913757700473 4427 1.6001367544557647538 0.25840901196969962017 0.013527228731872857972 1.146126254279890011 6.029213958419519237 0.45031072917572778636 0.3480919966312806535 0.25994742727501485291 5.29375e-09 6.30141e-06
12221765.913757700473 5240 1.6585455660651429177 0.14754900487585509428 0.14661578119453971825 3.8337861799851347122 5.4421648194332101767 2.7864916068630627421 2.7310670101728593551 2.6721814784166926238 1.54708e-09 4.18172e-06
12221765.913757700473 5494 1.6986143946723482046 0.14360553718603519258 0.13067639317990714654 6.0056973087379601495 3.1376928531533225808 5.4798335113040916866 5.5786847282202600695 5.6716913403257027682 2.97785e-09 5.20177e-06
12221765.913757700473 5346 2.7383342825842285073 0.18120631319695040817 0.24060837609391508285 5.6080844087120009789 5.2471531479234148065 5.6789434735311354885 5.7754191723080241516 5.8635264723254509889 2.35234e-09 4.80858e-06
12221765.913757700473 5818 1.5159249867987003579 0.22040135442959923884 0.093119789059749186189 6.0146773457479429936 0.28151594448699274187 3.0484415030466753826 3.0250924634852296435 2.9994737065725129987 4.47796e-09 5.95951e-06
12221765.913757700473 4859 1.6031262203762159935 0.074840572881824413143 0.22829213908062909177 1.2055430773113429144 2.6146896485425057399 5.4504464371400720424 5.5045127980814338997 5.5570759569669494482 4.26554e-09 5.86374e-06
12221765.913757700473 6997 2.853528116662962244 0.20506150683342164176 0.1541901000531260002 3.8993269456163965891 2.6610942002726933886 3.4162404256870555486 3.4786599684239107866 3.546478086189774892 2.77488e-09 5.0808e-06
12221765.913757700473 6793 1.3793203268397518091 0.080440906549839194528 0.14285742200682516323 3.223427360556982979 2.8737013367925459129 4.9473807922325931941 5.0249707410319279788 5.1015137071683049896 2.0508e-09 4.59365e-06
12221765.913757700473 6702 1.7679972370791867675 0.18625495092683275189 0.017261917481468287 3.4937997622423124788 5.368112099191751696 3.3557266365321423152 3.3996844606343090689 3.4472234342102927585 3.70623e-09 5.59535e-06
12221765.913757700473 6411 1.6244381139799117797 0.17886311421062564553 0.040879961293413993872 1.0194827921244267177 4.2054431496599962159 4.1258205867805974876 4.2835567612356726386 4.4462241680787304432 1.36815e-08 8.64758e-06
12221765.913757700473 5401 1.8092341298259213556 0.061667813487466742461 0.11014828987520222658 1.9860473336259141242 0.62331248731371291516 5.4729587391695764254 5.5167375902620561234 5.5595091911854268574 1.17442e-08 8.21848e-06
12221765.913757700473 6117 2.0528456743539194029 0.17980321642606281185 0.22074005538254998227 1.7036553863384047425 4.7338598413723600444 1.6457368399254663771 1.4642300363666123086 1.2854468104184479937 2.17631e-09 4.68551e-06
12221765.913757700473 6758 2.6977993581382921917 0.23447507319572172269 0.52171335349047043284 2.2789850777433202644 3.878464641370477306 0.28125228498506127384 0.22203493869091467383 0.17039999606284994549 3.169e-09 5.31077e-06
12221765.913757700473 5902 1.9003350447788054378 0.18767069907758812675 0.099010449245023238185 3.233294825515004689 2.4638247102795922672 2.4910734509859624453 2.3672165702468128679 2.2359840429682531493 6.63699e-09 6.79476e-06
12221765.913757700473 6272 1.862970643591388642 0.025786727230772597819 0.13613547108692114485 1.4398865765357919955 1.1439947507862242571 3.9472912793446077728 3.9660618210356193281 3.984994113283677919 2.92426e-09 5.17038e-06
12221765.913757700473 5691 1.8208848931193422072 0.14533128993485894265 0.049029919905019883619 3.3379347631610789549 6.1469556835996357336 4.3077450739712404015 4.4458101710674116092 4.5860080391605766437 4.69105e-09 6.05257e-06
12221765.913757700473 6501 3.0373871128184908308 0.3074195890401407727 0.44551249285970628833 0.27449782176831361014 5.4022623917608010302 0.40609625169173513282 0.29748404646248366445 0.20737454099313223921 2.93548e-09 5.17698e-06
12221765.913757700473 6414 1.7282667223495262743 0.31030717567602977836 0.10715374141828216958 0.63748792268483356338 3.3599981425382217104 3.6319181524823691554 3.805763212006608498 3.997038484905657274 2.40884e-09 4.84677e-06
12221765.913757700473 6692 1.5810019304721854017 0.13961414001393690487 0.1252532744206980575 0.88710948360305086347 1.1641133945402104555 3.1200702850218298146 3.1168231726154966843 3.1133653564333618746 8.86651e-09 7.48344e-06
12221765.913757700473 6140 1.8584069053154874673 0.14946050233046873079 0.086788995559946138791 1.5518763250921010499 5.63511630464451585 1.7079665404636892312 1.5578105323952360362 1.4083626317139175121 1.67728e-09 4.29587e-06
12221765.913757700473 6655 1.5845928504784052571 0.065455207231492423814 0.15840240935478441808 1.3609353414628795331 1.839274639093019692 1.5863024385831234753 1.520775006368771276 1.4554016708645454159 4.63012e-09 6.02626e-06
12221765.913757700473 6121 1.562790625603392769 0.058143300851656427863 0.19631627303436929854 1.4023004058477028799 0.96027383779198960401 4.048480991660246886 4.0951411092037934836 4.1425554858365210009 1.90564e-09 4.4826e-06
12221765.913757700473 5251 1.645074999615466993 0.39422723260650277544 0.0058296544695697989288 5.302904768335484853 6.0212742468676605512 3.9488504630137897244 4.2914098101575834932 4.6512167618000450631 2.36533e-09 4.81741e-06
12221765.913757700473 6394 1.3402047618661856454 0.2081227153008398667 0.14669925264798069908 1.8502852688936772818 4.5285168164421634174 4.3111898395705647857 4.5125248410996094961 4.7165045740875966018 1.34783e-09 3.99388e-06
12221765.913757700473 2182 1.5502176262539364426 0.26848470023660558903 0.074158927185539166849 1.7783474044975420281 2.5999546736841048222 0.39772061291701255037 0.30371685565403994111 0.22342140349365779972 1.98345e-09 4.5428e-06
12221765.913757700473 5176 3.0868618172216142348 0.16350193488484243698 0.088636771463854638342 4.875609127307818369 0.99655673624716667458 3.3305780184475044514 3.3642185191789142351 3.4003183473647964341 2.68297e-09 5.02406e-06
12221765.913757700473 6907 1.8093079292351270659 0.36458451727592927627 0.077667365648590780403 3.4179017468924040024 3.8313241337799186503 3.9729466301994600386 4.2899026029990761089 4.622430032225022245 5.67218e-09 6.44812e-06
12221765.913757700473 4971 1.7556142037754793872 0.086447725131474556504 0.047315125315217955448 5.4462442131358219655 2.0246563059371585069 1.3195441795203219915 1.2365948910763526758 1.1549300979796930378 1.60974e-08 9.12926e-06
12221765.913757700473 6105 1.6402848386598329888 0.14752137720547653377 0.1097640942968488853 6.257105450350619158 3.331685565335083421 2.04973660881679276 1.9136454282940833505 1.7747096916976599079 1.02968e-08 7.86594e-06
12221765.913757700473 6126 3.0367191770919959026 0.20221109489357383393 0.16951412372889537727 2.7543626876468740861 5.9297096112251335143 3.5173951148807596212 3.6002123914712806929 3.6897334467056563945 3.04059e-09 5.23805e-06
12221765.913757700473 6186 3.2569761303890789605 0.034843968934377217428 0.2402555565165491458 0.03063673162180738721 5.1024976073280834399 5.43013214650852305 5.4560888177419597511 5.4817328901586579448 3.14704e-09 5.29848e-06
12221765.913757700473 5890 2.0700250598864862184 0.46700057383728110771 0.38684983375021642082 4.1243908859591602578 1.2939353582767441075 2.3499959392427332006 1.9292696942202751664 1.4919547001313582246 4.73576e-09 6.07174e-06
12221765.913757700473 5345 1.2513203729853394908 0.16664818626557267867 0.13025951987838763069 4.5381667281365194455 4.479848985697157282 4.6248874511209070448 4.7929055490572682885 4.9590138438409798738 2.62039e-09 4.98469e-06
12221765.913757700473 5160 3.0204506593423494643 0.07350586420880823868 0.16693376076992044732 2.480784002873143379 4.7107022697939706646 3.9561025296777652116 4.0110157052426700375 4.0671710084442525002 2.48083e-09 4.89458e-06
12221765.913757700473 6162 1.9580877579533819688 0.15232192762908558503 0.14775453570136998227 1.9830274531132348059 0.54866354847800402617 5.5935535990214386715 5.6855328218300451582 5.7712448932612847585 1.62993e-09 4.25507e-06
12221765.913757700473 6691 1.464534428806663513 0.2875787995300810862 0.06717797437080949563 4.90095643999344599 5.4907631759821082795 5.6303372227583992071 5.7898102350179856401 5.9260078820599719762 1.99622e-09 4.55253e-06
12221765.913757700473 5888 1.0972591871538455166 0.030870285909775720817 0.060847396350292959344 5.9328434174387618683 0.27833558415252779294 1.5676179190527501639 1.536744398616922691 1.5058920085479696738 2.79797e-09 5.09485e-06
12221765.913757700473 5767 1.545207272553163369 0.35823925060624756123 0.095832337977627191083 2.4517437524967746754 2.5520751298676769281 4.3398084178038329739 4.7057411098609307487 5.0639724444509219836 2.8735e-09 5.14028e-06
12221765.913757700473 5210 2.0962712599557939974 0.18048884632066461431 0.10193969977196412624 3.4600188153895898857 4.8982199001831672192 1.221826528915858523 1.0563510840397791757 0.89922366252360497185 3.1045e-09 5.27449e-06
12221765.913757700473 5710 2.0573519454649087379 0.20523766563922987705 0.092179740119446004765 0.83074470245938936142 2.5121018408920283704 3.9219719243602728653 4.0792093357557366318 4.2446617119014486974 2.11851e-09 4.64366e-06
12221765.913757700473 5724 1.9596668649291089093 0.24002726856178746573 0.095278747895105708743 0.49978330916285229613 5.0769526237354032361 4.1305463504211115122 4.3477921245520549931 4.5720418216320979354 1.39525e-09 4.04018e-06
12221765.913757700473 6474 1.1507765340447042579 0.1548322507214353605 0.32010198804494210956 2.0232953910527848862 3.5768487819412202455 4.2965875067546308586 4.4434502225113714502 4.5927167833818600684 2.46607e-09 4.88486e-06
12221765.913757700473 1588 1.6591297016504753525 0.11903452998526412032 0.13681147681594141297 0.072902375731462062958 4.5033151602718231032 3.1097862438498031779 3.1057461289456682607 3.1014800684990158075 2.82908e-09 5.11366e-06
12221765.913757700473 5364 2.6862436291415012768 0.17751704381570057589 0.087419423242715690869 4.4344692842278297107 0.71312163333774203355 3.185481590258205653 3.1941030285752098905 3.2034202319523488178 2.91675e-09 5.16594e-06
12221765.913757700473 6586 1.7923435868306913932 0.3365240512081074109 0.12265898545659663366 0.91443859635405355668 3.9797850348665937403 4.1384570779947171815 4.457064155912393133 4.7826785379437355417 2.89513e-09 5.15315e-06
12221765.913757700473 5219 1.4767672262316449139 0.095493643292372518139 0.1228534539103216805 3.3090197134702026283 3.282605872466136443 4.0089213614977365907 4.084208084482463974 4.1614717894375212737 4.41937e-09 5.9334e-06
12221765.913757700473 1801 1.6691046034340051296 0.10516825456391604154 0.10118343456914613565 0.0079119337013654946617 4.2127676601733128336 0.88987963935433711526 0.81061126821716400492 0.73439493941500910701 6.74028e-09 6.82982e-06
12221765.913757700473 6100 1.12863570246440581 0.068276878259308823593 0.025194757600724378144 4.7923738702505387366 2.2076678228092707634 0.92523587514737359871 0.87174804577225872837 0.81948517099637863126 4.52552e-09 5.98053e-06
12221765.913757700473 6351 1.2888891405202267393 0.32350225209195726528 0.094695519481642120851 4.4460894812565223688 0.52423926279698307429 3.2030131947014730542 3.2274766608966132253 3.2552261875917856138 1.91819e-09 4.49243e-06
12221765.913757700473 6895 1.8481771061483047713 0.22365916118283785119 0.16449948214924289824 5.9741988285299436612 6.1536994879905622113 2.3750104947547887591 2.2043299174508663718 2.0240739028740830641 2.5437e-09 4.93558e-06
12221765.913757700473 4732 1.3634552949631237873 0.27227234535616112732 0.16641144631202933746 5.4320696304328803805 1.5603892059527406655 3.763242330757387677 3.9449072182200661807 4.1408511224122124261 1.92787e-09 4.49996e-06
12221765.913757700473 5872 1.8784211089212252688 0.11547031947061102419 0.13063001687576791809 4.6792223619732373763 5.8719341759775831591 3.8384807914167633491 3.916259974611343786 3.997028964738709611 2.5416e-09 4.93423e-06
12221765.913757700473 6828 1.4749286486530208684 0.24069959399496876351 0.14326220821571272745 1.5315299422702766119 5.898196962120953124 0.59046593425072468886 0.46714280070044267301 0.35874685513054799246 7.8219e-09 7.17719e-06
12221765.913757700473 5692 1.56497963683852781 0.1535863562345390898 0.15526798664032734343 4.9191499316874400805 2.7892232694466736476 4.306863506500943295 4.4530373984292870304 4.6014872848489130064 2.38697e-09 4.83206e-06
12221765.913757700473 5921 1.7553942556067205771 0.13156615842607605193 0.12652191786944658181 1.6065476384040651148 3.6350893862552413616 4.5164041042311762197 4.6475161019701189957 4.7788055100207511572 2.32801e-09 4.79194e-06
12221765.913757700473 1123 0.73434321155261961245 0.057041567251709002218 0.058409489155009722272 0.67683013337580122393 4.120077334957931825 2.6657077635743715582 2.6388750511403933352 2.6113919285855278218 2.17939e-06 4.68772e-05
12221765.913757700473 5717 3.174275480184549636 0.090097961893317146664 0.20517192412591819806 4.3594218098888140034 2.1763572077313484421 4.5493445685738134188 4.639026195921099216 4.7288818085025683402 2.31886e-09 4.78566e-06
12221765.913757700473 2895 1.5356325745596890453 0.10461934386409348086 0.0049237977522546732059 0.93811083580805132431 2.8040929160131100595 3.2509543794946957895 3.2630340533403949799 3.275707966707977814 6.05854e-08 1.42006e-05
12221765.913757700473 6644 1.4692284579070629125 0.14551839845785977112 0.13502372894968076023 3.9381147325670848858 0.77543124085347936436 5.6637534118036807484 5.7438722997937992076 5.8186027830477504708 4.61706e-09 6.02059e-06
12221765.913757700473 6313 3.2214115205375022377 0.011713366246531466477 0.37265783025398258044 0.78426313030616401356 3.3698040700434175321 3.6000624319007847873 3.6052740293594460752 3.6105127597570847442 2.33149e-09 4.79433e-06
12221765.913757700473 6204 1.6619444115657908689 0.18519994352280183536 0.22130872704231296932 1.0792678719709516422 1.4942863559277939078 3.2022050754089272928 3.2146849323388839714 3.2282095682061244801 2.26769e-09 4.75019e-06
12221765.913757700473 507 1.7463736315114322117 0.31816792963697188013 0.12600752688373223487 0.93776598581882653072 4.8323715643942746212 4.2282115711382246559 4.5385928382193032604 4.851967703768340634 2.42673e-09 4.85874e-06
12221765.913757700473 5371 1.5520881906117238724 0.080785449969750747212 0.095260407578244069016 5.9663992590883188072 4.2322245102052598043 0.74485675904659720548 0.69160236933517260649 0.64007965635337127352 2.54912e-09 4.93909e-06
12221765.913757700473 5623 1.4385587196290536838 0.023159298754173673202 0.1117206841390804839 1.4625163692409663962 4.1281120045060148982 3.1803681122010516447 3.1812765326624758977 3.1821953422708637582 2.3084e-09 4.77845e-06
12221765.913757700473 5151 1.5355408701307520225 0.16090985723368125826 0.06764089954399468696 2.0096671415702824781 3.5707271797095136989 5.1530424759999498008 5.2944085370226572351 5.4288252587834282537 2.88747e-09 5.1486e-06
12221765.913757700473 6332 1.9684399562558847485 0.28869957037169985403 0.14900448319805653652 3.0380262789962051428 4.3022470635495224656 2.5724109133223631574 2.3913769804390461182 2.1945426094272280082 2.19525e-09 4.69907e-06
12221765.913757700473 6843 1.8899223994963449957 0.19039174537807679322 0.12367912661189638113 3.4840344318580904748 2.4555272655835804763 2.5107191146562666262 2.3880015531033000897 2.2577237304449222499 3.16465e-09 5.30834e-06
12221765.913757700473 6609 2.7376730002653242302 0.25143558485542533143 0.094036959983247417338 1.8115128442261467789 5.5129642213991676414 3.6060388558614540067 3.735085234035405044 3.8757030365902260804 2.84425e-09 5.12279e-06
12221765.913757700473 6404 3.047663814203785293 0.25337164262845507379 0.24602391133087517239 1.4855887388578719044 4.8358004657834179341 0.83596740991897500184 0.6605028134520835037 0.50505576522624306968 2.07676e-09 4.61295e-06
12221765.913757700473 6730 1.7680759212544516767 0.090312652641760637895 0.099086105237463931172 5.2695502465616490539 5.2135848936778872442 5.8900993396343190867 5.9233697762988395397 5.9551690042787610579 2.57888e-09 4.95824e-06
12221765.913757700473 5327 2.8327066828026454814 0.54954542774830539287 0.22576886010628913204 4.7632098112287186709 5.8504032903808242949 3.81021045221360799 4.286206223796410697 4.7865950442344633586 2.89309e-09 5.15194e-06
12221765.913757700473 5285 1.5224492695699576306 0.053564892139794255399 0.11138014754903623194 1.2232837584143150256 3.2903644510516056876 5.6640365278330113696 5.6944779882818190586 5.724221845317935653 1.90393e-08 9.65459e-06
12221765.913757700473 6171 1.7684861077202527202 0.1761995949843279119 0.07745869767722805832 2.9725533538380690679 5.9441041000527103932 5.9906753933160539205 6.0378627738132690794 6.0806562309232310426 2.39216e-09 4.83556e-06
12221765.913757700473 519 1.7576178462627982668 0.18446298129615937289 0.044746139649021500484 1.8349377337494849893 1.9573870905117523034 1.3038350487415255596 1.1291111888711520272 0.96235063803447085107 1.36877e-08 8.64889e-06
12221765.913757700473 5303 1.3661954989427422813 0.38768280281515155039 0.10993791315032055977 3.2507610957954784503 2.7769973328206742913 3.2693469036041711284 3.3335861590196040893 3.4075622985584832492 1.73716e-09 4.3464e-06
12221765.913757700473 6124 1.7149571662876406108 0.070760747265723789035 0.067611389526341936218 0.95502228671597122478 3.4198874318709568954 1.8065058939441298591 1.7370686553062577584 1.6672837996457483545 2.21026e-09 4.70975e-06
12221765.913757700473 6809 1.81265873796161614 0.10490809301868561643 0.12393729211960416436 3.5825564549280457527 3.4674130358684460695 2.2472262849987258981 2.162448906605614507 2.0753730792926581294 1.72631e-09 4.33733e-06
12221765.913757700473 6763 1.4644718980067921166 0.57161378570345844352 0.17907854361161726353 1.8422360340668306744 0.32166566595438145226 4.500483757571462462 5.1355691020637639355 5.6567594624462689268 2.58565e-09 4.96257e-06
12221765.913757700473 5569 1.7262284762779429581 0.2169429319579018467 0.089546145791939243952 0.42030286785920489834 1.0769954761509101804 5.8138482831613043089 5.9042357289345828164 5.984492633177113774 2.77052e-09 5.07813e-06
12221765.913757700473 6268 1.7177788894892116467 0.032540904352232932761 0.11341902469354685212 2.498652490424810857 4.7081908743169593734 3.6299729201679955537 3.6454674140495693102 3.661178890068036651 2.30383e-09 4.7753e-06
12221765.913757700473 6061 2.0292053219602594893 0.2438524616793593669 0.1529084646194945607 4.3171469280530292423 2.8623353589008346809 4.1018777304218740909 4.3193770028993068166 4.5446380912674939623 4.03777e-09 5.75746e-06
12221765.913757700473 6189 2.0981488946324957645 0.18610074369401452543 0.045093809861000914985 0.21115581593284271644 4.4958556329840426713 0.43680105552869741281 0.36363721558350337038 0.29744565601022154855 2.99935e-09 5.21426e-06
12221765.913757700473 5249 2.0040076166567968308 0.14916142947658117546 0.17759545298620998954 0.36520334102199303317 6.0156562126066974727 4.2735147722584780894 4.4135403468657949944 4.5560903612356602466 2.29779e-09 4.77112e-06
12221765.913757700473 6732 2.0576258354025687147 0.17080923946734116736 0.18274539617178867101 1.7430296594276923905 3.5622673173906131971 5.7428544179293332661 5.8252437413891628992 5.9007589677894998204 1.92356e-09 4.49661e-06
12221765.913757700473 5002 1.9274005464467398596 0.0095443375248516464787 0.050075673179298639537 5.4897425344575658812 3.8557564804654753665 0.22474665767537455041 0.2226294146683805153 0.22052207357327605064 2.79003e-09 5.09002e-06
12221765.913757700473 5196 3.5396081297383150677 0.098570848857900600359 0.22870651958548704474 5.9054648065649111288 1.7800227751267290177 4.0843251121226948896 4.1666240305702189062 4.2508755392139967455 3.02458e-09 5.22884e-06
12221765.913757700473 5625 3.0470915140036662905 0.23265122455679351776 0.052021436394203979248 1.661571447512529387 0.18945005900280878497 3.7257181665325616038 3.8697490740399906883 4.0245772342392491794 2.295e-09 4.76918e-06
12221765.913757700473 5412 1.8079372612487927263 0.12085811637495792736 0.093104106052584720277 0.92694015135639340475 3.0421562315225347817 0.501611636703065078 0.44624387347515226399 0.39408389371300533988 3.18558e-09 5.32002e-06
12221765.913757700473 1960 1.5879966786786972044 0.080067384901330487801 0.08621404911539816418 2.4346369011271087324 4.1123992671542515254 2.0821033729235476351 2.0107943868538478149 1.9383532210353562331 2.62083e-09 4.98498e-06
12221765.913757700473 4112 1.2693219733264744509 0.041270486877185152963 0.16025992245970044348 0.14804488171804500163 3.636553537855931495 4.4216069239690183323 4.4613919812866802417 4.5013692689585953488 1.73305e-08 9.35665e-06
12221765.913757700473 5115 1.1476565715125253142 0.18961898208377539476 0.070727691001864309572 0.62707666125205385743 2.6173896842313970623 2.9110733365076404411 2.8628705383110073512 2.8107011787565512329 1.07577e-08 7.98161e-06
12221765.913757700473 6912 1.6826812681690546114 0.12289961269326706017 0.13796944009012598875 5.4091183869667096573 5.1453853814020922286 1.9657599313640394811 1.8492543271143431216 1.7310887539321826445 2.09119e-08 9.96126e-06
12221765.913757700473 1487 1.6413006425873293281 0.085103515134167501133 0.030368750972274569794 1.5324137871964860214 4.6648820613837571614 5.5327041626242809969 5.5890765099955910244 5.6435172876623109772 4.32124e-08 1.26878e-05
12221765.913757700473 5367 1.7568174360077060125 0.20209373116933057601 0.13469970389006796774 3.402068126236410528 3.5504773333593493412 4.1350410291570192101 4.3157475700068088642 4.502151490242695786 2.85701e-09 5.13044e-06
12221765.913757700473 5016 1.8258159285618573708 0.27565415370010437623 0.14815050764143355977 1.6024019859988334336 0.86008993975726644177 2.0317368365358321469 1.7647826428890489581 1.4942987733074308832 2.58541e-09 4.96242e-06
12221765.913757700473 6362 3.0409762693562356617 0.096012715535180329085 0.23995771258645282042 0.034198903716603133718 4.157010800949395346 3.4240856448439243032 3.4522090437047325828 3.481554906547477124 2.92709e-09 5.17204e-06
12221765.913757700473 6813 1.8244358346297133711 0.17992102304780699384 0.07103552309588850866 0.66668533345110558841 3.9596364055352917255 3.3965463035995404617 3.4466869725659305956 3.5007322143745103205 1.73747e-09 4.34666e-06
12221765.913757700473 5654 1.8585240228885775426 0.18775661496680240425 0.17944246050357615108 1.7262658632800063074 0.25506481334152164564 4.9423292555132256609 5.1223982045939537855 5.2945930154402329748 2.37573e-09 4.82447e-06
12221765.913757700473 1465 1.6099242160637112775 0.33492659900387944383 0.13974299514477320217 0.7347116314861530384 3.134128782934575419 2.7056752702262190091 2.5334950780983054308 2.3421491321333145486 4.65109e-09 6.03534e-06
12221765.913757700473 6017 1.5334353452650473226 0.26414753188071515844 0.10731804316202422922 5.1142877764042848909 0.59369027184428291299 3.2743369449455457243 3.3153977629897237733 3.3610771583777760974 5.44323e-09 6.36017e-06
12221765.913757700473 6976 1.8766871694476234822 0.19188792276802554837 0.13312759305941443411 1.6286339014863790986 2.8514079260923894665 0.48670865514026628862 0.40330862820240209743 0.32799959294230129903 2.49674e-09 4.90502e-06
12221765.913757700473 6716 2.0454657106422486912 0.086113551137340385577 0.13913305417933974351 4.4972107315094511648 5.7657701984452218724 3.7264434756898436873 3.7758400556418103555 3.8268684876001288764 2.33978e-09 4.80001e-06
12221765.913757700473 6906 1.9752163545423089275 0.42656138536240495451 0.45539546570927263991 1.2741525204325461207 0.55763728737549866921 2.3457626087607521548 1.9707014191292990812 1.5777966021027693966 2.85032e-09 5.12643e-06
12221765.913757700473 5804 1.8670766164119465547 0.10420172990709039573 0.073152082439049526119 4.347988182810294866 3.6454446390620343088 3.3315932807245585145 3.352392847209158866 3.3741962721691209914 2.60554e-09 4.97527e-06
12221765.913757700473 4318 1.8662542104977435375 0.31967501673543546881 0.18155816899042739876 1.6686653478070889722 0.55193317885350767771 5.7204947500972922469 5.8739723479594498912 6.0011670070124356613 1.32396e-08 8.55345e-06
12221765.913757700473 6760 1.8555883466910196855 0.071346669572903392842 0.13506093957771883596 2.9031964112740662465 6.2501950537513852879 3.3651919610517104786 3.381603875575710294 3.3985639440219834739 4.55433e-09 5.99319e-06
12221765.913757700473 5747 1.2559347250335977098 0.21167126061714394702 0.23952475302931097723 1.2418179592842490955 5.1438499158836812342 0.31530759052884926863 0.25506524771976213373 0.20165877974019891239 2.03788e-09 4.58398e-06
12221765.913757700473 5262 1.4528690023506414253 0.1455062835219477213 0.12116140904787219001 5.0384663572668140219 5.4241971723316231291 3.9865656933586888222 4.1014362525442802365 4.2206207198960861149 5.08958e-09 6.21934e-06
12221765.913757700473 6225 1.7094884630287312532 0.095011848461834844115 0.17896554850651189006 5.8620925523527080969 3.6083786580496211016 1.5783948442945792134 1.4832078198378044753 1.3885601918463983395 2.38341e-09 4.82966e-06
12221765.913757700473 5131 3.5449709021775834827 0.062401291792498397859 0.22591981493166626849 3.7278165394483471218 2.6581984924971377993 4.0101954512754574012 4.0588528702151407401 4.1083956781913730794 2.25296e-09 4.73989e-06
12221765.913757700473 6576 1.2850297308617366632 0.4618481131924737082 0.15201850058964150314 0.11176048539715455199 4.8553036430682103841 1.9783028900135335437 1.4905019570762088055 1.0301418544697624746 9.90665e-09 7.76531e-06
12221765.913757700473 6342 1.1772398306471867357 0.26709935228584619216 0.1319526504824284352 0.77662136143095927832 3.3108531378050281013 1.111667424765926393 0.88266977676770397299 0.67635230593391193477 1.70662e-08 9.30885e-06
12221765.913757700473 5048 1.7975978772663332439 0.26602328306703287852 0.10905794904614884988 3.7713351892398172538 3.0982587905644933812 5.7796129239974973757 5.8963427140634880885 5.9967043100118511134 1.54672e-09 4.18139e-06
12221765.913757700473 6746 3.0187970189710213731 0.26030008167290180632 0.26148469910132826621 6.0649092266086714886 3.2859168667475557868 2.5163196667146792151 2.3430744804354168842 2.1566155697641899991 2.1751e-09 4.68464e-06
12221765.913757700473 5957 3.2085008918860182803 0.059975066271261735784 0.1042996556287913712 0.298536515483427356 5.4053477522758326401 1.5964868785398060869 1.5364493281200239938 1.4765096351531943331 3.45473e-09 5.46581e-06
12221765.913757700473 6153 2.7502883818139074457 0.45622051554265308226 0.56660357320874998877 2.6339523115843026524 4.6681320952896712129 5.9246014069308001737 6.0625824592067054652 6.1624116748971946578 2.21408e-09 4.71246e-06
12221765.913757700473 5773 1.9341298748077608849 0.22827221373506151325 0.11280098066895828668 2.0460654580994082075 1.5392443904427781654 2.9552669109393159275 2.9069279721454237553 2.8538508314258157483 2.82024e-09 5.10833e-06
12221765.913757700473 5291 1.9644014098175386351 0.091872981663117164741 0.19393748824650364204 2.7289406600627192923 2.6511690146814461677 3.1815025300273589437 3.1853530736516439958 3.1893721908838372769 2.6037e-09 4.97409e-06
12221765.913757700473 5693 1.4087355416463682722 0.15323730564688778366 0.026714456014275078655 2.4503443190590239453 3.2723702488407013789 5.5123122438593661343 5.6140018851281565659 5.7090619931457933234 5.43449e-09 6.35677e-06
12221765.913757700473 5467 2.897137677280535506 0.095477281507078376466 0.15518564772563978038 1.1369829113164107159 5.0307294711416385979 0.837840918939849022 0.7689531918815717404 0.70255988072172748105 2.43648e-09 4.86524e-06
12221765.913757700473 6366 1.8309897932973318024 0.053777651074552498822 0.061645145648977640873 1.9780703773934353862 3.1825432711719838785 2.8296641334955183744 2.8127144264478753932 2.795345235729202571 1.97281e-09 4.53467e-06
12221765.913757700473 6102 1.8962571251190645238 0.14941037950758542796 0.1220748896266885819 1.4683134048139612204 1.5174060467727090717 0.52905095358593079435 0.45786467129912872265 0.39182024399170445328 2.19362e-09 4.6979e-06
12221765.913757700473 4788 1.1787799464767432234 0.15247321627158524904 0.088536863458578030084 4.9571184204587579458 5.6823692689589648808 1.5048250357255394949 1.3528517482834372387 1.203985447349808835 2.35845e-09 4.81274e-06
12221765.913757700473 5548 3.20368516387275859 0.14991230341486580513 0.27329810046430297321 3.2986578541994471259 1.6093435739111503491 2.3995659939692020046 2.2917923898224588086 2.1791859778455684449 2.11518e-09 4.64123e-06
12221765.913757700473 3541 1.7742392818685757128 0.12782019778618122774 0.16609102894040547738 1.8256016748477028599 1.8493693007179414778 1.2490832634705977267 1.1298843574008898827 1.0142885199020650333 1.91401e-09 4.48916e-06
12221765.913757700473 6752 1.7048037149553152414 0.19245218694998694753 0.15264458882657608307 1.9136182186296992747 1.1216086819454453849 0.8422366788909667612 0.70630112095137198569 0.5813949886064252448 2.54013e-09 4.93327e-06
12221765.913757700473 884 0.95105872480506026267 0.14187779491914770391 0.056115495668813124286 5.6819514039872833777 5.6636903326544700832 4.1323339766836006959 4.2562999022639456115 4.3836752166775996287 2.12252e-09 4.64659e-06
12221765.913757700473 5647 1.7928769385046841034 0.22399834848739857973 0.15201418083116266522 4.0170385026208688117 4.9238722601002793411 3.3353216285661657636 3.3844620594372458733 3.4383311550141035795 2.57441e-09 4.95537e-06
12221765.913757700473 5528 1.4398565418945878935 0.20897394537267105497 0.084446724451390592359 3.6280754466779301382 5.7824858103785086172 3.0939611056766289643 3.0827131148705024799 3.0704159335490057714 5.0086e-09 6.18618e-06
12221765.913757700473 6950 1.73075866719276239 0.12396597253974532549 0.11045056000602783419 1.8818007919781654103 3.9527927870545771505 5.0651600773144478396 5.1793604629555076713 5.2900541142744916812 3.07555e-09 5.25804e-06
12221765.913757700473 5170 1.6639413974894792236 0.25101450819063220177 0.12420057892562598456 2.8652473990019280414 2.6479114643341667978 3.747588299949943913 3.9095490657084295272 4.0839204788591327855 2.19546e-09 4.69921e-06
12221765.913757700473 5780 2.0972086644223431051 0.22454976937966850126 0.25197284935831854025 1.866445734263875833 6.2680862723308941042 1.2449279228633274297 1.0377578923909223096 0.84436057264163477676 1.95079e-09 4.51773e-06
12221765.913757700473 5516 2.645053085315527408 0.25444230284825009036 0.10329630355300027655 0.58601777246239472596 3.5571153987522388107 2.6617126772614683183 2.5270022205361066803 2.3802846946941196293 1.64805e-09 4.27078e-06
12221765.913757700473 5423 1.9992705705613031952 0.16196179646682873354 0.029971525106736257582 5.7567106548392432686 3.6882788114383142641 3.5119218492825274858 3.5757601829988989728 3.6438902731522722078 2.52578e-09 4.92397e-06
12221765.913757700473 6335 3.1394019954567760067 0.054052768516933108467 0.2593666491002646346 0.2557914492292344133 5.2520002474761051658 2.8564373713107729102 2.8408157208559137175 2.8248019206534951131 2.80706e-09 5.10036e-06
12221765.913757700473 6792 1.9067321952762652515 0.22688203297577053119 0.12447138088026342417 2.5519505586104132 5.012762898037857795 3.6705580442872349778 3.7991664599500984956 3.9378363898662698261 4.30438e-09 5.88148e-06
12221765.913757700473 2451 1.1221370507789143467 0.17477375042713277908 0.056658696046135881286 1.6849171762223036364 0.39231191507007695529 3.1005936413574244348 3.0926780847673676078 3.0841325108151753653 2.57625e-08 1.06786e-05
12221765.913757700473 5190 2.8119590637638873787 0.58843322494194860717 0.34871375985716651646 3.0938615289277149323 3.3399214180016625342 3.9528469845116771531 4.5431998127318671266 5.1232311653248316929 2.78537e-09 5.08719e-06
12221765.913757700473 5316 3.4789897757858079252 0.088063769630947974498 0.21529804024462756429 4.8277902390688129941 0.40185508001327979732 1.7803977172480560665 1.6933491018826161145 1.6059458278769902506 2.96988e-09 5.19713e-06
12221765.913757700473 6073 3.2335213167344503127 0.019321886634270642874 0.22885755132815624457 1.7145294401066852874 0.83772706105307803703 4.0904963557761835347 4.1062907893274456228 4.1221710034010188295 2.87152e-09 5.1391e-06
12221765.913757700473 4994 1.0919546197482083993 0.33373018693892336772 0.10164987946632528248 3.0785752046971470719 3.5965521382260137173 2.9362599501983779327 2.8520926482989885642 2.7568216664429785467 2.5994e-09 4.97135e-06
12221765.913757700473 5899 1.8590392493933352025 0.29859928431477888999 0.17866415688019124386 2.2064667259686898682 1.3220070940037293994 3.1254380578478975217 3.1196119023949488991 3.1130489943311743239 7.73132e-09 7.14937e-06
12221765.913757700473 6108 3.1469657861494422235 0.19390757700025376686 0.2209736590712353399 5.2640173737668618514 2.6862798321650012134 0.20321610768586850782 0.16716693440028684847 0.13490275978685711822 3.24647e-09 5.3537e-06
12221765.913757700473 6832 1.7078521337857113238 0.12631221100383749345 0.02724397322369545224 5.4038474648372591957 2.0411059581148864872 0.31244354781497285511 0.27568347502791479275 0.24130070168489689553 7.86044e-09 7.18895e-06
12221765.913757700473 5288 3.1721607238964928399 0.29400577493056762046 0.18748611330554396104 2.1210678387305037518 2.3301392757465939631 5.1127650044361878656 5.3728372513369437868 5.6050187009391061466 2.94866e-09 5.18471e-06
12221765.913757700473 5895 1.4050866291296648658 0.2347470239343560916 0.034186283019098644143 6.0436099552628226306 5.9807670125386387383 1.5009634015113435535 1.2665066328199716672 1.0425438843535896893 3.55807e-09 5.51978e-06
12221765.913757700473 5778 16.929318749038937852 0.38056728218344798576 0.53066530021535340822 0.84677978139341503194 1.594039947391496348 3.8625365108843223716 4.1667325465757389935 4.4920364356711077747 2.56945e-09 4.95218e-06
12221765.913757700473 6029 1.9145009301572379901 0.10776654706041458032 0.16465556227772484843 1.2356849949619077567 1.2563624116248892637 3.1381452367420474836 3.13775135057088983 3.1373373876263777049 8.02494e-09 7.23876e-06
12221765.913757700473 6295 3.250316209116733468 0.024481118881488184158 0.2906194013373703533 6.141691889546648575 1.9818165207047235832 3.6085569186104216044 3.6197011339068407842 3.6309649109546611179 2.30061e-09 4.77307e-06
12221765.913757700473 6085 2.2900407759597101176 0.51987539577529495727 0.20583475253534036509 4.3394968014104975396 5.8638182958529831978 3.4473844721828266202 3.67678817360845267 3.941929423602722693 4.93102e-09 6.15407e-06
12221765.913757700473 5668 1.6597487546198939068 0.21660484717314207326 0.083209692088584988334 2.197865400842919037 3.8265581022296748515 5.4090062915034105018 5.5657727115937527529 5.7081768048153005424 5.17696e-09 6.25473e-06
12221765.913757700473 6343 1.2390406356628240747 0.11869099317076277356 0.14782914399736279965 0.73070689936950294907 6.0237875742317097405 2.5968577670417349879 2.5318452208746018428 2.4638755862156922483 3.59373e-09 5.53816e-06
12221765.913757700473 1147 1.3171172506804476043 0.084347927359675070602 0.1353684343774831933 0.082536410219388345322 5.0782520753955138204 5.0098059227974340857 5.0895643071627345577 5.1679833055554080801 7.2768e-09 7.00643e-06
12221765.913757700473 5076 1.3948541738874211671 0.19352947184825439186 0.10960265872453030245 1.1935031655428818276 0.57330104595301478732 3.3319799234022258183 3.3728699188531479081 3.4172309316298705717 1.5547e-08 9.02399e-06
12221765.913757700473 1969 1.7866634567017707358 0.099317574066760921925 0.10051514760320831576 1.9463408481322050925 4.4639145231123009694 3.0004940916653364269 2.9857667483034977529 2.9703530530639170593 2.21709e-08 1.01573e-05
12221765.913757700473 5111 1.7134542711102305201 0.11941702157017568264 0.041363924001731701419 0.18398616783634585969 4.1073027648066542383 5.3419910785350452898 5.4354883504229771773 5.5250222707456844162 4.25901e-09 5.86075e-06
12221765.913757700473 6503 1.8594683501283519877 0.12634061968169790768 0.11632320549876082327 4.509376744696678152 2.2548988032734547104 2.6411407318509234621 2.5767116634776687789 2.5090795970253476632 2.13987e-09 4.65921e-06
12221765.913757700473 5276 1.7731144569344752249 0.27067766232539658411 0.087866205638999092531 5.4664741121818680725 5.4890732989707275991 0.19530369882926074121 0.14816327448511742992 0.10820535606942807694 1.69322e-09 4.30944e-06
12221765.913757700473 2850 1.7482571347533435446 0.29789682363889335992 0.10691508191485539492 1.2579404108961396158 4.1849750974486443766 2.4818153794286774705 2.2701949023240199921 2.0422354657483645646 2.86233e-09 5.13362e-06
12221765.913757700473 6960 2.9961750705152407903 0.15407860910621973272 0.10685142754178554581 5.9197350810112787656 1.0801427797503673212 5.1457356001718776994 5.2817679505395460637 5.4115384927751879474 2.28045e-09 4.75909e-06
12221765.913757700473 5258 2.9916666059667007538 0.17872765265339254914 0.25704729618804744717 3.5295769757968460389 3.695264103712546877 3.8947863825517292646 4.0265014452795409028 4.1648111301718895305 3.58569e-09 5.53402e-06
12221765.913757700473 6045 1.9057009425039750372 0.19928246122504456039 0.11839806580355306809 1.9228968444549068284 3.687063017955176214 3.4556696162546849393 3.5244157507909967819 3.5988558605298242021 2.95219e-09 5.18678e-06
12221765.913757700473 1410 1.5039189966155244171 0.093665223250049847725 0.088554812456324530356 1.0234631737847399435 1.5947055385482757917 2.5337318411653106942 2.4779867134292632436 2.4202925397329786428 1.96181e-08 9.75145e-06
12221765.913757700473 5063 3.4618694461349295288 0.10265489377703995721 0.44105115167657504838 1.1270663495048196534 6.2117924605363263879 5.2393085760059854294 5.3259757820867017486 5.4099051901307868562 2.23728e-09 4.72886e-06
12221765.913757700473 5955 1.3334432763691412838 0.069473608429980834855 0.14781049973762333538 2.1185654630556189915 6.2109834444936877773 6.2052582376514084928 6.2104917027058181844 6.2155375429709094348 2.24745e-09 4.73602e-06
12221765.913757700473 5999 1.5143272313178732791 0.19192154635951125252 0.15989983551953426688 2.4174984722549148763 4.442361929782090435 1.393941317794129553 1.2069826499368785377 1.0276230288146686043 2.29222e-09 4.76726e-06
12221765.913757700473 4105 1.8141259777007381349 0.036286862678098219526 0.073801213679629898423 1.8335780083028423437 6.2162511666896911322 4.344649899304940277 4.3787410267807587161 4.4130268125861009665 1.26705e-08 8.4291e-06
12221765.913757700473 5278 3.1541875452854641892 0.058011707109871690768 0.30261518134242548772 0.90051440411037808609 5.2014996858784190437 5.1644249346850781279 5.2159884881094598086 5.266798110497289187 3.13887e-09 5.29389e-06
12221765.913757700473 3487 1.4021706054802058894 0.27662978644752284074 0.10120626265274193512 1.0694759708809549181 0.31228367186685207502 4.8162635970767606608 5.0910892681978916485 5.3481187114134867144 7.96126e-09 7.21956e-06
12221765.913757700473 3069 1.497155476708343258 0.23741783210695666106 0.071355450121385569084 0.015741360702649656589 4.4778126547504539801 2.3135483133367542585 2.1209924804907256402 1.9186123022846708341 4.38223e-09 5.91673e-06
12221765.913757700473 3113 1.770091089966875586 0.060584097629254395068 0.18739158920348220061 5.7305161620615026052 4.9761308964032151536 1.7264048136628611374 1.6662330352214360651 1.6059246332284065062 1.79427e-09 4.39353e-06
12221765.913757700473 5489 3.2221726015146372468 0.099538304102692626296 0.32065432598401744091 0.55069630158449045521 4.3665504004692863305 2.5329932936982348934 2.4735262515156799523 2.4118653348019725158 1.80848e-09 4.40509e-06
12221765.913757700473 6937 1.6194200242659866351 0.090425263230424809957 0.082636989690117831908 1.2836606389549420904 3.8914604391221421231 2.0738389247566337836 1.992724830217034393 1.9102297834113843855 5.15552e-09 6.24608e-06
12221765.913757700473 5757 1.7591464353440631196 0.15293839798644739969 0.18683854553738013515 2.998479296618178136 3.4068465335894835277 4.9591651749757348355 5.1053355083590599151 5.2466176773822112978 2.94097e-09 5.18021e-06
12221765.913757700473 5435 1.8456543281220931796 0.080162870466293029148 0.12186584516455854776 2.4752162668600483642 5.1779587303621461558 2.3610912426654899754 2.3029523006559355913 2.243332374755901526 7.17242e-09 6.97277e-06
12221765.913757700473 6255 3.2475377283927908678 0.098243280294163820576 0.21372190962571116502 0.37292833196405811291 1.4593113741113732384 0.40474757983462877897 0.36765042164695438398 0.33233944265605874779 2.45838e-09 4.87977e-06
12221765.913757700473 6110 1.7469737724189264849 0.23681856412007615265 0.073517255565312397692 2.9939175453911701652 3.3029533369774068952 4.6569237843906465812 4.8972345573963806942 5.1300188330838212281 2.11495e-09 4.64106e-06
12221765.913757700473 5784 1.4393185025633623564 0.24493301531907454849 0.047567965061198209942 0.72412933238500021282 2.2446464619915138528 0.96836245149604760485 0.77749897584729033007 0.60567865920167407445 2.79482e-09 5.09293e-06
12221765.913757700473 5004 1.7172105706614260168 0.40310546242975375808 0.20757566730522533649 5.9613208828382004967 4.2771012078550807445 2.2939564656002202625 1.9313055829065479685 1.554112826164151473 2.5143e-09 4.9165e-06
12221765.913757700473 5406 1.8640237503894772075 0.13248742627153609064 0.10515664580646663651 4.0416968181735626331 0.55616374112326927293 4.7313787502278792374 4.8640658224451893688 4.9950321743272230179 4.61584e-09 6.02005e-06
12221765.913757700473 6756 3.2252095973619718805 0.086627133707064846169 0.2872476411552114528 1.2096116274663071266 5.2984374542177130607 2.7331128552143164612 2.6972124657085081445 2.659971603981813093 2.22448e-09 4.71983e-06
12221765.913757700473 6230 2.0730932179388026348 0.24538861453413773894 0.21180883750310186553 2.0046802465225965761 2.5712576284899104628 2.6334868067262466873 2.4976450611480127684 2.3503242575026015437 3.21494e-09 5.33631e-06
12221765.913757700473 3770 1.6916637444771640553 0.26799760082796497684 0.056316705457255381018 4.8562968824634298315 4.8043239700002740022 1.7592935373404541277 1.4858170502735228435 1.2187865365661285644 1.55823e-09 4.19174e-06
12221765.913757700473 5300 1.7031581992890096888 0.17861227662736189892 0.11439217015410438338 0.75712857519760046188 0.19829640013795638009 4.2470556321972257052 4.4143532761294714817 4.585091454614112827 2.06634e-09 4.60522e-06
12221765.913757700473 6634 1.9130215450647458653 0.14853097969262618605 0.079101983342777279495 4.1351101197260211606 1.6917507543122469738 3.6557006673631464722 3.7342172535228308483 3.8171777455846713778 2.7181e-09 5.0459e-06
12221765.913757700473 6217 1.359649313385892011 0.11172779898401678789 0.059286484703103645155 1.5355286726624595151 5.0272566951929542611 4.1936802687670970968 4.2937140771068511569 4.3957917740939480566 1.48722e-08 8.8915e-06
12221765.913757700473 6836 2.0871151571105972522 0.12262310102018322833 0.035135368302558631082 4.0753385924324252443 1.9397660794137949747 1.9962339084659055377 1.8813232278345382031 1.7645648584103956757 4.61039e-09 6.01768e-06
12221765.913757700473 5086 2.0041087028760977695 0.15996464430395765377 0.15968813804439019322 1.9050580669765677655 2.3193850824438539959 3.7494154922510944949 3.8477868147510010388 3.9515947275966447627 2.82e-09 5.10818e-06
12221765.913757700473 5068 1.8854174036316397878 0.15946621955772899426 0.077258137493139505958 1.65091144220672148 3.4566546756832541298 4.0618853200452651464 4.1959248925715524337 4.3345920408360232301 4.16264e-09 5.81621e-06
12221765.913757700473 6279 2.044989596231368445 0.16023346718767808583 0.11935813143419322924 1.4098150918434999568 2.9705751814428884572 3.9600541662758841355 4.0845062910119569466 4.2141789255091453015 1.20562e-09 3.84817e-06
12221765.913757700473 6761 1.7316172821988293773 0.25492865324514313308 0.11709138203222914376 3.1042511785690178883 0.22516953412452875294 3.4374147004818382811 3.5236223191863502713 3.6186608893953629007 4.88068e-09 6.13306e-06
12221765.913757700473 6842 3.1254852240335204705 0.034000172346994643469 0.081476033378852188993 0.73587386512628616408 0.36511113779234505294 4.3511636892983576175 4.3831684706921940631 4.4153426516959797254 3.94698e-09 5.71398e-06
12221765.913757700473 5358 1.6892704051296014711 0.024745157306714195972 0.11105200117818882222 1.8661854554377137472 4.8821795237009695256 1.1868525156678024768 1.1640122939974655303 1.1412863912028681224 4.52702e-09 5.98119e-06
12221765.913757700473 5669 1.3175329400903104116 0.20102056910036641968 0.032574551789905335786 5.8239807255735085434 1.2727376317635226144 3.0463644202333250988 3.024882628994753464 3.0014747387095548348 5.45549e-09 6.36495e-06
12221765.913757700473 6977 2.7805809414615714203 0.25460930790770253118 0.11019892499078656756 5.7029630339362480385 4.2072290595364059129 2.5957233619038375672 2.4448945892630544741 2.2815146683091018787 5.37795e-09 6.33465e-06
12221765.913757700473 6443 3.1905536357772659173 0.21412453144949278316 0.30022475377421914411 0.21897297767815937508 4.2518180302038386387 1.8802616854826437187 1.6676808348807889981 1.4545604690967279815 1.88164e-09 4.46371e-06
12221765.913757700473 5298 1.8809787153506278834 0.17518072763388004009 0.13611383509945065851 1.6987621688611920234 0.68597964941185651799 5.2529278388134290623 5.3974740536372980415 5.5331279164606677057 2.48769e-09 4.89909e-06
12221765.913757700473 5399 1.2712418454647622656 0.12291422238864906091 0.18296875917802984945 1.4254573698770836021 3.9574018623497111413 3.3657480066346723291 3.394926810112854465 3.4257331807125281919 2.19916e-09 4.70186e-06
12221765.913757700473 6367 1.5561785336331115381 0.2909158202597717513 0.15970192402983895974 2.3013617833279074176 1.147899687031561422 2.895592503438008336 2.8110303832156344761 2.7166064074077143076 1.45694e-09 4.09887e-06
12221765.913757700473 6202 1.8623448306034537936 0.12938253522550954844 0.028019719760652917612 3.7259381761048921966 4.8318643995055747808 0.41743506041325484368 0.36772284848953873393 0.32121093386422894245 4.75227e-09 6.07879e-06
12221765.913757700473 6269 2.054652741739719346 0.16889173550190131334 0.081384604658421608181 1.1998204750167926758 2.6865706250923131471 3.7009950175950914186 3.7982080203188877121 3.9013062087906495989 6.27461e-09 6.66877e-06
12221765.913757700473 4189 1.0879316507215142096 0.032880374607316263658 0.043787041613424025621 1.0385880348457912081 3.6671328548701667138 1.8058927356966762989 1.7737879590284533204 1.7415826892892571909 1.09809e-06 3.73018e-05
12221765.913757700473 4755 1.5621020532626208599 0.052784154597296281675 0.051622759073572596633 1.1460635515954504804 1.0734574388712987414 2.9796690156841867392 2.9709255334295887607 2.9619606823863731115 2.00236e-07 2.11526e-05
12221765.913757700473 3337 1.4775834022524989564 0.1652566274049062367 0.10429842249635323803 3.5226649080645255907 1.9151852186531912459 6.1929290490596997643 6.2067794533782292277 6.2193937453269212412 1.23471e-09 3.87886e-06
12221765.913757700473 6722 1.6107317756601162717 0.019725592303553172308 0.14591406358725611536 2.7765932606746441813 0.61510687636672023437 0.24230011753159697019 0.23761167705030419861 0.23296862606683826913 1.78527e-09 4.38616e-06
12221765.913757700473 5374 2.0461943453571711515 0.26489052578037231012 0.15775999218768316235 2.2427140586254834531 3.6891763823881280615 3.6357218889007305584 3.78061290312336995 3.938596076490067599 1.21754e-09 3.8608e-06
12221765.913757700473 5438 1.0626728200318198425 0.14921806535028686591 0.1680109556842218077 4.2460559081731927833 2.6272734691143777574 4.2426525682604037115 4.3809407271951297247 4.5220371599230002602 2.41055e-09 4.84792e-06
12221765.913757700473 6253 1.9099930431173695045 0.088275348582388030172 0.062260513092759407761 4.9946214458597220087 0.89841566953752627356 0.58135431096437517606 0.53452227749373015797 0.48955216564308451366 1.17298e-08 8.21512e-06
12221765.913757700473 5177 1.6847661000189921854 0.27151929214942821522 0.063997264248740651227 0.87451151936110738117 4.1985640285902974256 3.7590205551191178124 3.93910591290068135 4.1334109141435853019 2.10151e-09 4.63121e-06
12221765.913757700473 6001 1.7997802482661973134 0.062144345138020563868 0.16825531020136769156 4.046175672767958531 3.6418722428120107182 4.8799244841873532508 4.9409226242499260096 5.0014511943119197568 1.89847e-09 4.47697e-06
12221765.913757700473 5626 1.5251582657250037922 0.17428266010996057434 0.1437768805986530396 0.36509963938892064927 4.0237050175332953472 4.0256251675897338771 4.1691978612887350408 4.3183949110584345377 5.23731e-09 6.27894e-06
12221765.913757700473 5630 1.8814875969522373289 0.11599966818885801279 0.19564179713230842039 1.1348956258922811013 1.3957437096368243701 1.2147638906914162149 1.1079412974970439532 1.0041469563513036878 2.87655e-09 5.1421e-06
12221765.913757700473 5678 1.9350653154067216644 0.16373537497143211827 0.13222583064304047062 0.79254028018772548769 4.0240806395461632405 0.52902806678529057383 0.451396111572641201 0.37997110044877480117 1.85255e-09 4.44058e-06
12221765.913757700473 6069 1.5406296044608367435 0.14144602498082622932 0.20509775935112070644 2.4015800500192749922 0.94168847244487674519 5.8467623141372504492 5.9032020108923877189 5.9556650427359736355 2.30644e-09 4.7771e-06
12221765.913757700473 5564 1.6719631660687894747 0.13889466916112247485 0.13822130168860363719 2.8604228489193390672 1.4427522695314098922 2.241803781903201287 2.127658138637077645 2.0097479679747971559 5.64605e-09 6.43821e-06
12221765.913757700473 5077 3.0949274781160327485 0.22325278652585828221 0.28362292826504309495 2.2642261910483338916 5.3013044851122739232 5.79429883476602825 5.8907762824848823868 5.9761515947497594325 2.69841e-09 5.03369e-06
12221765.913757700473 6591 1.7997154890499402757 0.15417010998507951758 0.04215001772287618742 4.958930284999734539 5.7070331120505377598 0.68407687080726164996 0.59168449439573045368 0.50569458189427796135 2.63066e-09 4.9912e-06
12221765.913757700473 6465 1.9390352039135305695 0.06138566729123424992 0.12306924154732287735 4.2917473885539552114 2.6493117682204121444 5.8686143656350031605 5.8926856183502902553 5.9160521054070409619 2.98606e-09 5.20654e-06
12221765.913757700473 5694 3.1351922597239756385 0.12011473207953304865 0.34959547409409563734 5.9574922707065232075 0.73995503722410993497 2.8759532526915783102 2.8423542232443868016 2.8069452931899880888 1.21025e-09 3.85309e-06
12221765.913757700473 5553 1.0651341461915406761 0.20876255840370755434 0.1995142879377664602 1.9828082843703225269 3.8621733355921405995 2.2644555530440335644 2.0908397642252762871 1.9096761179781747142 5.50583e-09 6.38446e-06
12221765.913757700473 5820 3.0582619271263600247 0.13098151004929475816 0.06190758344779867528 4.9250180085236836547 2.2916889389791865739 1.7505817983007549987 1.619800240390395718 1.4889759672934443913 3.12834e-09 5.28796e-06
12221765.913757700473 5026 1.5885185763826641381 0.068443284253574876441 0.090286421935552668705 5.2621797656076170213 4.9741639019452810189 0.19143497829318745218 0.17882157110453134052 0.16664756005860065224 2.52074e-09 4.92069e-06
12221765.913757700473 5667 1.7744614770078435129 0.054462454066207581505 0.1669480619723974768 2.580263519631488478 5.2815346000441065755 1.8305455963197536651 1.7775121824814770211 1.7242092203614440837 3.20823e-09 5.3326e-06
12221765.913757700473 6492 2.6785921998376940323 0.34188570626725012236 0.11468207943126443316 5.9002875380851333986 2.4454355031584671387 3.0591142575857763752 3.0238884982897653586 2.9837399847972796429 4.60217e-09 6.01411e-06
12221765.913757700473 5363 1.8767289767515951127 0.16655757894272135711 0.10934576874436705007 6.0808497395384772943 0.76174844746512404559 1.9193039270534526519 1.7573650400291096485 1.5936978210385268628 1.92803e-09 4.50009e-06
12221765.913757700473 6622 2.8973522937882156825 0.14670085416174349913 0.21648661909361013866 2.5781906691153251288 2.770555289623139128 5.5763146907730369861 5.6669599602950384565 5.7517470274838347066 2.90674e-09 5.16003e-06
12221765.913757700473 6538 1.4080270337928351143 0.39691924052395616274 0.16839767028554658568 2.3322586325226413173 2.4567780154928566816 3.8335616126010849669 4.1451839764192239812 4.4799480272019849281 4.1002e-09 5.78698e-06
12221765.913757700473 5688 1.8936084591419570788 0.13572318879001943337 0.19960005178095963085 2.088488277228757628 1.9126828464933283147 2.4434800754609300455 2.3510714942710322362 2.2546103106908566005 3.26046e-09 5.36138e-06
12221765.913757700473 6373 1.5102833153911898734 0.038977160009545493147 0.13193470925849290487 0.9472842013548847806 2.8135305162630537268 2.068417179567626718 2.0338357185891786649 1.9989628913929997633 6.95589e-09 6.90188e-06
12221765.913757700473 5080 3.2272937950954396769 0.14590633885586448693 0.24204333744820175078 0.85115021589185102524 4.727870791926772398 4.868835422734083096 5.0118536961570701038 5.1512664062207074167 2.57476e-09 4.95559e-06
12221765.913757700473 5739 1.64644043272727858 0.0363267897816652377 0.070422039040313882952 2.0233600027020561818 2.5511330544756143368 1.6630491843191654855 1.6268082249838002884 1.5905384049188227014 4.86337e-09 6.1258e-06
12221765.913757700473 5806 1.0812402419280537913 0.2540044946783177604 0.071981958648373686738 5.8589791562412161241 3.6186279181080474032 3.0237181283896608086 2.9888854408856366796 2.9502477007965617339 2.32886e-09 4.79253e-06
12221765.913757700473 5776 1.8966563043705655378 0.3436875697652779782 0.16527906488926150108 3.064187522981777434 6.1487411391595383492 3.6394667280497143835 3.839310820478582631 4.0601200378523438772 1.75506e-09 4.36128e-06
12221765.913757700473 5107 1.2042399840469715233 0.26874187141379241028 0.2122132828286823758 1.5272103275900017483 3.8835542381218637331 2.3023351793418984634 2.0790317883336228988 1.8442576650677537931 4.08288e-09 5.77882e-06
12221765.913757700473 5018 1.696642919986229181 0.14461704004204622986 0.09255289720523657282 5.3777546847592949675 3.0728254223643078902 0.54860667292661879912 0.47724859221177784452 0.41082064270040247189 1.65949e-09 4.28064e-06
12221765.913757700473 5713 3.0762778580451635158 0.17233008987000522638 0.19673696599836917875 4.9532970196485619496 1.8901079642236124911 3.2805562341622307443 3.306867541398583743 3.3352198873482272745 1.49134e-09 4.13088e-06
12221765.913757700473 5209 1.6629110089806964368 0.16025616450062502016 0.11214115426499098038 0.24882007172162795561 2.3751045987212968669 1.3575488456518709501 1.202858698796414938 1.0533282954358076378 4.75685e-09 6.08074e-06
12221765.913757700473 6615 1.4503148621887929082 0.07488268944153576856 0.12827481145909902516 0.16811222670035674831 0.90381078589388785804 1.0424122135877158524 0.97887370395445794102 0.91673084603770216283 4.67657e-09 6.04634e-06
12221765.913757700473 6617 2.7406940697057904366 0.23904144407276964324 0.010693783948122667291 1.4199253503888344952 4.6576092943560478687 5.3170682018390493795 5.5032063104665889242 5.6713156691294743794 3.93262e-09 5.70704e-06
12221765.913757700473 5885 3.4718003738297649186 0.091627352643997406201 0.24494930060289543672 2.6060597006094305961 1.6796958219082411823 6.1917925086015515035 6.199806144578196232 6.2074371074862053632 2.25928e-09 4.74432e-06
12221765.913757700473 3982 1.3966367835288453492 0.080514331238901018506 0.029336409213387940054 1.4220214163797364471 3.6230725774718703924 2.3657723674197725927 2.3076389378090080839 2.2480105181708465167 1.70782e-09 4.32179e-06
12221765.913757700473 1298 1.4287403516523142777 0.060420764579630949209 0.099852863990638640601 5.8278971362960403368 1.0096711661895654277 2.6081356666400248301 2.5765633478741793994 2.544211619425789106 2.27299e-09 4.75389e-06
12221765.913757700473 5047 1.7957181485613915584 0.16183162451317972819 0.095421171872150947757 4.0082365197440879001 3.7474004764503967557 2.140218815349832493 1.9969615393916659851 1.8496045119205468676 2.89941e-09 5.15569e-06
12221765.913757700473 4963 1.598238300983849669 0.19354805051030987695 0.1185677673959513595 5.4168651068061315357 0.093750974636858316891 3.748898635350591757 3.8699803670656782728 3.9988189818738320014 2.1769e-09 4.68593e-06
12221765.913757700473 5188 3.727759538110880122 0.41091492218093589317 0.50985422690608361851 0.9933961188910370721 3.7652403389903623676 4.0243510282598018435 4.404304654789709339 4.795872147166504007 2.40354e-09 4.84322e-06
12221765.913757700473 4858 1.2872417324317970699 0.11571751675340241627 0.18680813416750199907 1.3983150071081447141 3.4542121569436203821 1.5504230255567363894 1.4346063671491311453 1.3199603399077315391 4.88084e-09 6.13312e-06
12221765.913757700473 1267 1.4323268695760498215 0.2691816987518089177 0.20030678910304094975 1.3980421959123576769 4.3955118497067617866 1.7918281031000149461 1.5176937428540986375 1.2488914855640174117 2.48068e-09 4.89449e-06
12221765.913757700473 693 1.2121759537599055001 0.29012155498560349143 0.22491040937579306891 2.5621191914761096697 5.690090049778461001 2.3394052260870297211 2.102879280350351987 1.8528663929218707196 7.32683e-09 7.02245e-06
12221765.913757700473 5830 1.9764668371830405036 0.24312544540617503364 0.065232294021756606628 4.0244312481394564074 5.4720359193824217314 2.2664039456328062272 2.0613705925045042733 1.8469187667573792044 2.51554e-09 4.91731e-06
12221765.913757700473 6023 1.5822243702605662818 0.18332850403636685721 0.060851674797251030513 2.9065569973715188468 6.0625600659180802765 4.5288348137741616384 4.7132201163330140758 4.8965485570489137856 3.26695e-09 5.36493e-06
12221765.913757700473 5740 1.9247552653272221868 0.35282361460524253038 0.18061651057538569143 2.2758157690790028482 1.9285917615145493631 2.806555244243273961 2.6620196764587502614 2.4992267314286258362 3.09097e-09 5.26682e-06
12221765.913757700473 6155 2.0380777828326994694 0.13373925298129391015 0.062484862506877895949 0.025566007945393116191 4.8051699805852798875 4.1727222712041083241 4.2919509065127083858 4.4140428378429383827 3.03729e-09 5.23615e-06
12221765.913757700473 5191 1.9165041192201368592 0.097734186491801808283 0.097104906704284787988 4.3504325958536949059 4.1496745646091444115 0.0022782482538833766401 0.0020654740166629651475 0.0018636067374583169254 2.79475e-09 5.09289e-06
12221765.913757700473 6978 1.8665715932873576666 0.34834110326662415247 0.053497416208803348636 0.55082049529168708446 2.3829823767636169052 4.7108254452969688941 5.0667237546767047718 5.3934250403274450747 2.46129e-09 4.8817e-06
12221765.913757700473 5211 3.2318815052251488318 0.094403347083629504666 0.29895395670711405467 0.74816291403024814954 5.2209198167215893349 2.481106903575056144 2.4208263847058026919 2.3585238985524048516 2.07199e-09 4.60942e-06
12221765.913757700473 5231 3.1517042908009593738 0.058455120318042300132 0.20570773244058221385 1.6185257629788711853 1.9849664639960706847 3.3964840170724777124 3.4116649705737502885 3.4272608629040068884 1.89135e-09 4.47137e-06
12221765.913757700473 5962 2.882507256896325476 0.18257901437397908162 0.16663363016037699427 4.3291650393369653926 1.0112520001210825171 1.8251971971201705891 1.6432736943774779448 1.4611740110565429873 2.88829e-09 5.14909e-06
12221765.913757700473 5989 2.7022023437377358235 0.2999397306510425687 0.14043187527011549709 5.9412176201206028381 0.089341439848800774381 0.85669268208462345804 0.64666224124037430254 0.4659407839080710878 1.60714e-09 4.23514e-06
12221765.913757700473 5869 1.6343502647041971976 0.16877142444996576232 0.10899244829739195006 5.1720213314758129997 0.0064421341013433837397 0.58517263568464505941 0.49754802807936732156 0.41699810354713667815 2.00715e-09 4.56082e-06
12221765.913757700473 5060 1.8139940372692784365 0.098393040757189159651 0.11985189576865021288 4.8950605540180873732 5.1148110455937576546 4.5109381521412554861 4.6084616123185258019 4.7063237645828888134 2.03606e-09 4.58262e-06
12221765.913757700473 6888 1.6262312124386943957 0.13247312356456819593 0.13492598936853117397 4.3668871643192286314 2.6955468063916740995 0.28530652573865744603 0.25010769388793296919 0.21731949577996384493 2.28028e-09 4.75897e-06
12221765.913757700473 5027 1.8776484782981082144 0.13481935233426900478 0.1027547988615866853 3.9502509794774800511 5.2438796036512123067 3.4692464613107745208 3.515811001631666155 3.5650935531274763335 1.92434e-09 4.49722e-06
12221765.913757700473 6690 2.8393756083124173095 0.16859374433972337815 0.12822451736757042862 4.573456054075731636 1.5399265228816318984 2.2667893793300284422 2.1291901981130303412 1.9862046345149728666 2.63564e-09 4.99435e-06
12221765.913757700473 6526 1.6425381850255345029 0.15591361222705793499 0.20864314919809728854 1.1062299059189097949 2.7875838800293988307 5.9086312422304523295 5.9621070238902742489 6.0113117886482756447 1.74858e-09 4.35591e-06
12221765.913757700473 5245 1.3828697192079761891 0.21959343030626424231 0.10614977245935902639 0.52899995916163211618 3.8880882902884126295 2.3341883942120298379 2.1606393697379426833 1.9781510819310956784 2.53784e-09 4.93179e-06
12221765.913757700473 6159 2.0719512094010390513 0.17868769600962661204 0.11611941094383543271 2.1111106262772931785 6.2747785021141222472 5.01261760484339014 5.1798416445075119441 5.3393595543382597057 4.4573e-09 5.95033e-06
12221765.913757700473 6127 3.0288405424641156038 0.34878117911148648345 0.20746041347417187861 2.5722134565503536052 2.0191922028996382998 3.728643859985543596 3.9622020711616263711 4.2173569368162313609 3.18976e-09 5.32234e-06
12221765.913757700473 4750 1.7916654542436483144 0.23251055714782811745 0.091105227992767601197 2.7157176164832845799 3.0273050213055423541 4.2993153146512295137 4.5249893158852261266 4.7534290807616885743 3.28876e-09 5.37685e-06
12221765.913757700473 1127 1.3859235893207237922 0.12905722596683161241 0.10603771448279175615 0.086213029836805246675 3.1314391917271153787 3.7078497328609194561 3.78136562554496658 3.8584145094885804461 1.29908e-08 8.49954e-06
12221765.913757700473 6775 1.5412858037361876207 0.19305852158832792487 0.032410619175032927275 4.7710722899731443647 2.6283273601830119404 4.3806485483900114986 4.570382688879615074 4.7614978909814942298 4.4281e-09 5.93731e-06
12221765.913757700473 6840 2.6845429335793995484 0.21530349137686202732 0.20445830731839959027 2.4154926310951903012 2.9033820891689985366 2.4934920131076130367 2.3497178790589070552 2.1964925043448646491 3.2421e-09 5.3513e-06
12221765.913757700473 6263 3.465699956601788756 0.050296481802412633388 0.30559319850286614795 0.91525295110972115786 4.0554379469081354159 2.0426121951685618505 1.9972716238595509264 1.9514802257915364603 3.1828e-09 5.31847e-06
12221765.913757700473 6103 3.3386436084754436138 0.08594901918284862663 0.087395075251156612017 4.3112333019905628717 1.1577390999926089332 0.23827758501860493712 0.21877028549256694046 0.20011682287877369246 3.07621e-09 5.25842e-06
12221765.913757700473 6054 1.7953435794269125836 0.025200517846038099357 0.06671379149072821646 3.3886887669508523047 2.7919033428660062768 2.4766786906083355646 2.4609722674752214644 2.4451142040903230956 1.03293e-08 7.87422e-06
12221765.913757700473 4670 0.97387141545353039795 0.16294955443883388235 0.1735047853893744163 0.54987604751822882765 3.004033862497627716 0.15512479566909948003 0.13168021883421612839 0.11028494236612336465 5.11284e-09 6.2288e-06
12221765.913757700473 6657 1.7240517893780566983 0.088893206662243262617 0.086594378360243473569 5.8882725412826690814 3.7491611100435564552 5.0542840158190873723 5.1369167067556942285 5.2179191621062432915 9.52311e-09 7.66378e-06
12221765.913757700473 5408 1.9360075161722878345 0.16963161623195255334 0.1955123569107532211 2.4263496770800503377 0.066862877800043227228 0.24954500587258243716 0.21057785188612346272 0.17512059956800329896 3.0092e-09 5.21996e-06
12221765.913757700473 6810 1.8259420778278534492 0.15844007216971042751 0.12730106422259854226 3.5313910137511941301 2.8419411240926635287 3.3952686329130590259 3.4386236392004745355 3.4849962757079628872 2.57322e-09 4.95461e-06
12221765.913757700473 6641 2.0303711366988497211 0.040603307761675998255 0.052940561386093924756 5.5086063784207306426 3.6950331277794439266 0.89978348400199348323 0.86836949187618572843 0.83737794016092803595 2.45986e-09 4.88075e-06
12221765.913757700473 6221 2.0146255512055315506 0.16577382972506507497 0.12110216260633362151 4.7608314800845601411 5.3658361956412186089 4.4731670917245640595 4.6382381895118953707 4.803556487594851987 2.14299e-09 4.66148e-06
12221765.913757700473 6725 1.6549216161561381977 0.16604528387031475267 0.13803779121648246386 2.0230610467983747291 1.3096173777348043554 2.1600871974252275898 2.0145670382797171705 1.8646050433706002902 4.94994e-09 6.16193e-06
12221765.913757700473 5707 1.0054561098110423867 0.2080099345866338878 0.14675840281137300658 0.63506545223847554738 5.3901156942775241276 2.5181435069606066257 2.384096361094192762 2.2411717968361939413 2.27392e-09 4.75454e-06
12221765.913757700473 4769 1.4674308252969807675 0.27859124665540918597 0.038302758833521785564 0.57924428836147390243 3.6024198549560981775 2.3245383672524710938 2.0959805807380149645 1.8549346372057449184 3.36602e-08 1.16741e-05
12221765.913757700473 6914 1.8262904275025435563 0.22904347574815486777 0.085061054316330181324 4.5643814478176034655 1.3234594923130269528 4.8831121406833943865 5.1065091367992287985 5.317992943649543669 4.41745e-09 5.93254e-06
12221765.913757700473 6913 2.0119410561360742129 0.086421312340620434767 0.059093032308989226764 0.23842624312726237723 3.8942321170459268664 2.6635771066978048971 2.6221609279295816641 2.579262520752508614 4.44786e-09 5.94612e-06
12221765.913757700473 5534 3.2670671093210534863 0.11810014828091118522 0.11864689478367816677 4.5684905829144044631 5.0019244967202807217 4.5533312425464433915 4.671321703449096141 4.7893222765218688153 2.18919e-09 4.69474e-06
12221765.913757700473 2174 1.3448650955852747835 0.18690206192232203253 0.09583797432275359407 4.6402064656567523215 6.1211068242732009637 4.6015888620970732958 4.7904073434060370218 4.9767408699926685145 2.03153e-09 4.57921e-06
12221765.913757700473 733 1.6826937197309210781 0.16054681997914987956 0.06749134186463918994 2.6849240891059595882 0.31166874036286507099 4.7755293059605001815 4.9356412454332616591 5.0922037025528181786 2.10139e-08 9.97744e-06
12221765.913757700473 5309 1.0702960186435730439 0.25993607812896274423 0.14313276459830998055 4.545203667932554481 4.9618324196379122171 4.7874693271793509197 5.0471464475648089021 5.2926534789797008429 2.20889e-09 4.70878e-06
12221765.913757700473 5934 2.0496012575252611221 0.39113055062350376989 0.30204707091226795646 1.8218771420495356583 2.5330722554646754041 3.7902645414973443749 4.081957064755496134 4.3979017521203722652 2.95537e-09 5.18865e-06
12221765.913757700473 1475 0.68444512246106514741 0.16364810103552032694 0.21715863750959776834 6.2428193078230140856 4.048477228606242484 5.1077343931947059019 5.2548426393526046496 5.3949981695511723956 3.50237e-08 1.18296e-05
12221765.913757700473 5323 2.7950667795445163222 0.13516930774464622211 0.10954730482516154833 0.36533946155759872143 5.0520596033109459455 3.4810599491985065868 3.5293602340698084774 3.5804708155663869107 2.25995e-09 4.74478e-06
12221765.913757700473 5796 1.693008795135896527 0.24084900134714867792 0.090275072145893114905 3.1298686808762190559 0.59479030988324632645 3.2641270326572136007 3.2981268229387592505 3.3356741451585616431 7.64873e-09 7.12382e-06
12221765.913757700473 6237 1.7603131470947563919 0.086848551584881306109 0.068448441055662459509 0.60995587639475412622 3.7180891424154918212 3.3685499465992885249 3.3889950692244088515 3.4102630893050367433 1.89473e-09 4.47403e-06
12221765.913757700473 5200 2.0636315802955915721 0.015944972461048052131 0.089351772615870878047 3.9806982189384338966 5.2345264942571159139 5.9030178682088045861 5.9088915361461049613 5.9147212618185109889 2.18438e-09 4.6913e-06
12221765.913757700473 5979 1.6863210912580468559 0.37932000017358441513 0.19523845976054468587 5.6187350693944475566 0.2406537492271564882 6.2552735757518362902 6.2644610910993430153 6.2715631457368674617 3.8601e-09 5.67174e-06
12221765.913757700473 3020 1.3958598680775351486 0.023008575022509459435 0.10859039635381453892 0.44133170226503931621 3.026564535920127863 2.7209312162101437771 2.7114344197775150924 2.7018395074622181262 1.84633e-08 9.55624e-06
12221765.913757700473 6021 0.96409744469896851982 0.23927368057821873926 0.094503073201558748795 5.4190655184920268894 0.05962512579500822002 3.7307117512430352235 3.8804835230647292121 4.0416267952250102269 2.07244e-09 4.60975e-06
12221765.913757700473 6618 1.9480010676141077397 0.11132295105602843521 0.20413822865079148117 5.9485861345353274743 3.3299783280255592643 5.9511348707113445045 5.9857086911001946561 6.0183384040547229787 1.98254e-09 4.54211e-06
12221765.913757700473 5741 1.6465594628296658097 0.24285361854727077757 0.1393986957992780773 1.9117771902534117512 5.0923867440987589106 1.5772105747367874962 1.3317169455538988565 1.0957709589938333661 4.83963e-09 6.11581e-06
12221765.913757700473 6184 1.7160381682795908809 0.020722521782341948859 0.011652340558019603362 5.3876002508774405442 1.0648037383761050911 0.50358911443799236896 0.49367796293220134185 0.48385822535854761117 1.8099e-08 9.49296e-06
12221765.913757700473 5807 1.7514502995065825974 0.079565897575295793653 0.058871341598744394985 4.0329351079332234065 5.9179445916519792803 3.00773394274038397 2.9966611192636918304 2.9851698397937549423 4.88354e-09 6.13426e-06
12221765.913757700473 6935 3.4898588989412342443 0.049154749713020688684 0.38993411625467017112 2.3818458640170572238 3.3008152667256851487 1.8666980934480457144 1.819320240923364862 1.7716756944341023328 2.603e-09 4.97365e-06
12221765.913757700473 4786 1.2930106949992103971 0.33795850048962061685 0.12035573509305212692 4.4624585056053582832 3.5742141255062209737 5.4904500652873942101 5.710565578110629481 5.8936835746540836567 5.42602e-09 6.35347e-06
12221765.913757700473 5525 1.7440921078516549159 0.18202545670085884533 0.11509358573505802659 3.1839262915081532057 0.060858677652821963067 1.7414191774451717176 1.5581766960008271994 1.376165733347072484 2.22151e-09 4.71773e-06
12221765.913757700473 6499 1.9604780634815546225 0.41821202254512573893 0.25766383040537610416 2.0854056819589952276 2.2364155635127800359 2.8365414569164593139 2.6704965001664988655 2.4806854078629569926 2.00728e-09 4.56092e-06
12221765.913757700473 6270 1.7434291141158251293 0.10081843352692237969 0.088304679342507033657 1.9947724728490718871 1.6990301874526987369 4.3079741014527623832 4.4027109215117850027 4.4987335967181545371 2.07589e-09 4.61231e-06
12221765.913757700473 753 1.6999085672766498512 0.12237366513483512176 0.085120837503793345125 1.3206607277319220017 1.168571757031191094 5.3746629968563794932 5.4679375116648518684 5.5570127556735346985 9.5243e-09 7.6641e-06
12221765.913757700473 5204 1.4410726968617988408 0.23732059592603391152 0.043951206590962618725 5.8559504658865684235 4.3383775205120720386 4.0049557301676266263 4.2028232879576901126 4.4099938315612376982 5.21728e-09 6.27092e-06
12221765.913757700473 6739 3.1840378405976701437 0.029439843060956844001 0.2153198787666994185 6.0880148482950318112 4.9441638366726055054 0.042951327917711015769 0.041705291084974796534 0.040477849754027357687 1.84353e-09 4.43337e-06
12221765.913757700473 6996 1.7356944848143731619 0.11209731241644942112 0.024797914526939714847 3.0655292385048147352 3.5164700949298794974 1.5889631316932764094 1.4765336208829087372 1.3649339577811927526 9.30536e-09 7.60492e-06
12221765.913757700473 6207 2.9208804677594257804 0.045619653485173841667 0.22008404576469289826 5.317773400105964221 6.0693043897096305983 3.7106525959739085074 3.7357278987133257786 3.7612654340049189727 2.10618e-09 4.63463e-06
12221765.913757700473 3539 1.0789117824076883689 0.10336543916060665638 0.17265634148845951379 5.027019440174401943 1.8107269372597869506 4.2980038977158745439 4.394820943531527746 4.4930178651907590748 4.11193e-09 5.79249e-06
12221765.913757700473 6242 1.3101686783865578168 0.14710238514286363976 0.067414966513626661815 2.3023197887652098181 1.2247033513785772207 0.06041057419129435696 0.052094778310939053589 0.044434977877083788045 2.33848e-09 4.79912e-06
12221765.913757700473 5277 1.9801842789569419345 0.27504753626191658089 0.057829368804206707222 2.9799209556189776293 4.3339811958095024735 4.5432246662473065868 4.8244928092990910784 5.0978138566884600991 3.07432e-09 5.25735e-06
12221765.913757700473 6413 2.7255918351668841915 0.22474994525547525859 0.14493940631898466487 4.2219039174849477547 0.7755679424183243853 1.9097330064430371177 1.6874962649154858774 1.4642750043321111075 2.71272e-09 5.04257e-06
12221765.913757700473 5651 2.748868794828156048 0.12140063058160302512 0.11644540497274200042 2.4938318262433929462 1.0184992642149535147 2.4983774053238994028 2.4215868196069800788 2.3415365721693617296 3.34796e-09 5.40892e-06
12221765.913757700473 5426 1.8180049661963673113 0.073373529237869467012 0.13613212172633623598 2.2617612096429975388 2.3209318824010529703 4.8034350245900867549 4.8763273988181747853 4.9487171480100116128 2.09851e-09 4.629e-06
12221765.913757700473 4460 1.5785372860368036552 0.074587425375535226779 0.041320034128188333489 1.3304193882442578722 0.86191197703813815512 1.3781256325261503903 1.3053688691179947678 1.2333934612489092508 8.50531e-09 7.3804e-06
12221765.913757700473 4541 1.8070676758461801104 0.046197410754685551415 0.092009145670733025191 3.1518236346703512041 2.9318282234591799273 2.4606160138016734962 2.4309869003030040169 2.4008526511896937095 1.04208e-08 7.89738e-06
12221765.913757700473 2302 1.3351971539692188973 0.17774891292575917268 0.097401560016166552347 5.6550810753618341309 4.1952818120141239788 1.0239505492282838794 0.87797648147312890021 0.74120793330901557638 3.55428e-09 5.51782e-06
12221765.913757700473 5194 1.6923872967139674817 0.09134761595956648883 0.15189398982598315002 1.5944349737585603588 1.7861268672358614484 5.5106334487794716992 5.5724770361881947878 5.6320695473877080417 4.75382e-09 6.07945e-06
12221765.913757700473 5446 1.6035523607345940622 0.08810127339261548951 0.11159791548586586729 5.2442476345703088469 5.8447494132401516254 4.3009088674437592204 4.3832209898787688473 4.4665922488850755556 1.15731e-08 8.17837e-06
12221765.913757700473 6035 1.4053706682536173389 0.1711765449646270032 0.12575238730746265969 4.920234232656585327 1.0781711229046748723 3.8166248000172839916 3.9320417268481615558 4.0536916386208732277 1.02512e-08 7.85432e-06
12221765.913757700473 5242 1.2976119345837464625 0.051631091531381956283 0.12588131113257297611 2.3410494891711288723 3.2401526196357144372 0.1432758551001499514 0.13608267742205423789 0.12907824563566377973 6.62026e-09 6.78904e-06
12221765.913757700473 5853 3.1193579186817865789 0.11896118480655723526 0.22668740956777880258 1.1824051971284765816 3.2792313597936391112 3.3033949043012422742 3.323830767572904854 3.3453902312784942197 2.34516e-09 4.80368e-06
12221765.913757700473 6435 1.9269711018464581453 0.50713768755030996793 0.14605279043131544348 4.0195109171457676922 4.0263991559050120728 2.9445649221946661456 2.79931388723892427 2.6291009617323632952 2.19619e-09 4.69973e-06
12221765.913757700473 2364 1.5434756738510282403 0.050746393228487549076 0.11425094539697427942 3.1305970120561585901 1.2949723770387486788 2.7735912206490676013 2.7548806522541648967 2.7357418902939047989 5.09377e-09 6.22104e-06
12221765.913757700473 1936 1.5757764117556913863 0.10805254325742803811 0.040050935483403569959 1.4161336457557618385 3.6761114834492412129 4.8677374382350215853 4.9738124869405835327 5.0781937336117266568 1.41895e-08 8.75332e-06
12221765.913757700473 5146 2.7824709578622561779 0.011527179272650688729 0.046068453455895344573 3.6158654755879040543 4.009013204795004448 5.4739972257638234154 5.4823069352312607805 5.490583078563100905 2.55901e-09 4.94547e-06
12221765.913757700473 5990 3.1457534166684633092 0.075960690408711117882 0.19926175983338337283 0.36302879599332338323 5.7029428963612112113 1.0935104593946254337 1.0271258531453020257 0.96211749523042799925 2.30118e-09 4.77347e-06
12221765.913757700473 4781 1.5066320980220542225 0.23029195754773990057 0.026605424516139491303 4.8487971162231779942 4.8077920224922765513 3.4598798220167985562 3.5419902444623598825 3.6317544838957909192 2.90062e-09 5.1564e-06
12221765.913757700473 6437 2.0252166946353171717 0.23175639227736094528 0.060763529495666497582 5.1310783720204629077 2.3361083191400697778 1.8616697267508013347 1.6297813569925558852 1.3984280151711969697 2.58679e-09 4.9633e-06
12221765.913757700473 5074 1.8557748684441457421 0.079480111304178840959 0.05534956952756438231 2.6092721107302510042 4.3994021008172161658 3.8194849864613411583 3.8709960563590142257 3.9239635853515704156 7.61828e-09 7.11436e-06
12221765.913757700473 6759 1.6085929051416627544 0.28522606742986111872 0.1088575531625663867 4.5116378055672399228 1.3018842107618151527 1.1322238943441889081 0.88513869928517030505 0.66437291975898371543 4.8924e-09 6.13796e-06
12221765.913757700473 5535 2.2492969607909025775 0.22677036402806691195 0.18143634112459958163 6.0774007460835060002 2.2457514546093015895 2.2812506780345769286 2.0935216173860302646 1.8970337559883578837 2.07392e-09 4.61085e-06
12221765.913757700473 6894 1.0761554513443760683 0.029285288301955706564 0.12029542665981533822 2.2428897830755070153 4.8538479165307872876 3.3901352148160479594 3.3974444215809058711 3.4048556360686590416 1.64258e-09 4.26605e-06
12221765.913757700473 5310 3.4971139347568587219 0.08504634612581687958 0.37204882211912781997 0.47177572050181854069 4.2329118096152242856 1.2535247301387151264 1.1736805555820155611 1.0952524877919977975 2.51895e-09 4.91953e-06
12221765.913757700473 5704 1.8740284628350110108 0.16363607411262620639 0.029466190538734955695 5.6060547584140083544 4.1808516313850301316 2.6721620851721819001 2.5917685828023828698 2.5062626407825501218 1.97064e-09 4.533e-06
12221765.913757700473 6765 1.7921357734269285356 0.30187100422703866398 0.058210818366892853881 5.0180481651650712394 0.55602257762805651353 3.0451855401870657758 3.0100293679373235634 2.9704286985528338683 2.03075e-09 4.57863e-06
12221765.913757700473 5471 1.9915554261172605521 0.055768831166767229846 0.015977224083642094926 1.6234377289773398445 4.1597728426727504925 0.94370128176419665333 0.89924355753286600024 0.85558456704098795331 2.7508e-09 5.06605e-06
12221765.913757700473 6432 1.8378076168710235638 0.16003461013244715816 0.10534710958507952083 3.1245682613846579301 0.29879772829637635256 0.18588443712718730194 0.15830077716454163395 0.13307284788364182049 2.86603e-09 5.13583e-06
12221765.913757700473 6327 3.0332171447874674008 0.18249764593215470065 0.22869998921253703594 0.0096263449380416376416 5.528898132389228337 0.4301921176927928081 0.35939143882193208546 0.29520617404557308872 2.25041e-09 4.7381e-06
12221765.913757700473 5661 2.6453377034698122294 0.17838393946961381142 0.095345100837775989544 5.2943894262074611134 2.6903923099157953658 0.36066738019496491496 0.30214820958152321939 0.2490661820843931562 3.01386e-09 5.22265e-06
12221765.913757700473 5236 1.8979177366490020962 0.10054634998652552114 0.08575342503931022986 2.1946577235727926514 3.5149211567142706336 1.3428506345344730644 1.2458382833741661333 1.1505541148249966987 5.32813e-09 6.31502e-06
12221765.913757700473 6863 3.1233593964790493658 0.10118798811125760684 0.10316953551576210635 5.890922381177145617 4.2455366970024277506 1.0936793160701303584 1.0056687278823068787 0.92021342032859976268 2.72515e-09 5.05026e-06
12221765.913757700473 5484 1.3555949050164777248 0.17826116273652972688 0.1485317496225527778 3.9507798587613880414 5.8943348190921547314 3.6879549433303226991 3.7890019663935494698 3.8965151905791501896 3.31273e-09 5.38988e-06
12221765.913757700473 793 1.5385169725108560623 0.23186747058427953361 0.095778970449918343633 1.478335977491745945 4.3828611298218378423 3.944002618732815435 4.1275438119922149838 4.3208743464112009391 1.51413e-08 8.94482e-06
12221765.913757700473 5606 1.5082320818515904115 0.29949802406106307284 0.073069343849678974889 1.4173258688726160237 3.4918932392087866923 5.3491512253802726562 5.5740742749892584484 5.7690952149372707325 5.08172e-09 6.21613e-06
12221765.913757700473 6951 2.9935782245857867068 0.069329489910604419345 0.098720262425374280535 6.1879114227422507 0.05057318298146240565 2.0188608133332510697 1.9553660956384435465 1.8911004369305735029 2.54062e-09 4.9336e-06
12221765.913757700473 5181 1.5169841380763626759 0.063372126193986966225 0.11310835742924368885 5.989233279440486335 1.411929119733404292 0.83884247889410690213 0.79264217130127656574 0.74750787947944197231 5.47157e-09 6.37119e-06
12221765.913757700473 5290 3.1711576725037224911 0.069295308188756871148 0.15223608718839554133 4.1836980231570031208 1.1491224127585788484 1.2643427062369656522 1.1989048212334596499 1.1343464238564213709 2.68653e-09 5.02629e-06
12221765.913757700473 6704 0.97172919135577029426 0.12601204611363286956 0.24808855823987746581 1.0811147811357766368 0.26867962526480104746 1.5097642475707551135 1.3841343713954570305 1.2603112575559811681 2.12708e-09 4.64991e-06
12221765.913757700473 5511 3.1687620128661384555 0.041707363181133792762 0.17133812613910184841 3.7418234880142779986 2.0992964488611449703 5.8145726216397228825 5.8330730104328178953 5.8512184931560069501 2.90982e-09 5.16185e-06
12221765.913757700473 3318 1.6714975115706318665 0.086963642527745230182 0.048054261906669747118 5.7420870563631680739 3.9034524715200800138 3.9102868001333264125 3.972796164456785295 4.0370399515682811042 1.35718e-08 8.6244e-06
12221765.913757700473 6089 1.97817218476403478 0.042545272410725247514 0.15214999295874950813 5.9710946474164732223 2.5162174594789874504 4.975432092308272658 5.0163006698862870891 5.0568962286005305629 2.91473e-09 5.16475e-06
12221765.913757700473 5321 1.683151412509894751 0.13447479356023939179 0.053978354934167777079 5.3235504150815486923 1.910292898335131051 5.4052273578896983253 5.5047880546891283515 5.5992080654130980122 3.33881e-09 5.40398e-06
12221765.913757700473 6639 1.7406704888819404253 0.058447889495882296429 0.13561741191790580019 3.3661469039383855595 0.4919296626799670169 0.32253367336681526556 0.30449253873900505862 0.28696932981518341599 2.07227e-09 4.60963e-06
12221765.913757700473 6707 1.8324358207291853162 0.1840431044345602063 0.032204592155181795132 0.47014901752684201686 3.8583088150533240146 2.7756704979518094234 2.7029798385398362548 2.6248196771876712852 9.44992e-09 7.6441e-06
12221765.913757700473 6167 2.0585894891903975257 0.19381940981384129796 0.17528048290824294053 6.1055999467932773328 5.3011202685770113519 3.6142589420069621831 3.7117653730849871074 3.8163847205329251011 5.7681e-09 6.48427e-06
12221765.913757700473 5328 1.9874932437017336362 0.40471601942018209375 0.51455982799212962586 2.4679262741998595487 0.42414972018779384388 4.0194815196659270384 4.3912279205997748477 4.7752506269215881929 2.1043e-09 4.63325e-06
12221765.913757700473 5733 1.8464025982391936154 0.030722534989283716705 0.10415163024117055079 3.2258286466889956046 1.9441862507314098263 2.5340598904742366315 2.5162943324874502693 2.4983112292240163832 5.33623e-09 6.31822e-06
12221765.913757700473 5660 1.7907868773752251279 0.15770289152946856404 0.10637522148814866629 3.1624501761281065271 1.9088708562323166706 4.3629050722869990864 4.5158728876770446448 4.6705404360351732151 2.91299e-09 5.16373e-06
12221765.913757700473 5459 2.9827769603618352612 0.20591169835892034201 0.25862669946835409318 6.2463249667212750182 4.1345773218702799312 3.8698102356599179963 4.0197218499806481873 4.178180280358633425 2.51526e-09 4.91712e-06
12221765.913757700473 5938 1.3550857592971199406 0.047740203420863908113 0.21345461671498050515 4.9181492133363704511 0.088474489642731760086 4.3220070957724274763 4.3665784764163220188 4.4114925091477035224 1.88863e-09 4.46923e-06
12221765.913757700473 5974 1.1588757769348916327 0.37289877409813537712 0.1780634361005626054 1.2091436783062787796 5.53255140896721187 0.23389139099589908999 0.15846736193642366186 0.09962208656013918362 1.10219e-09 3.73481e-06
12221765.913757700473 5130 1.9712568453999121942 0.3065789196642204617 0.19286566682013861485 1.5737799696601579846 4.4329621021908494072 1.5226794594026389351 1.2137341907587892997 0.92649190345177923067 1.98119e-09 4.54108e-06
