93825.412731006159447 5799 2.3248979463295083236e-09 4.7898079778785619497e-06 33.548820844672228247 -36.984476701176134839 -2.7005763071565178635 0.075555254747744021726 0.015518970960808767603 -0.0065088271406130646102 0 0 0 -3
99656.410677618070622 6174 2.055167539516487133e-09 4.5969087433380796881e-06 27.221735339745769977 -41.954310887479778103 -0.61636969326670254521 0.12561672578346819162 -0.075163834583629143826 -0.018914107712945583961 0 0 0 -3
108671.83572895277757 6424 2.7245130730005401419e-09 5.0498650269802548225e-06 46.009742104250058503 19.524991036309835124 -1.6333795221497520167 0.019544772473358888731 0.076047528928930407943 -0.0094443163613042082488 0 0 0 -3
143681.19917864477611 5127 2.5707016332426404872e-09 4.952988993339203704e-06 -2.9491637036462443611 49.904861099620369203 1.7087062843266140888 -0.082683906041148905186 0.12057089002738488603 0.0041596654401457539355 0 0 0 -3
180256.5585215605679 6925 2.087479617480308877e-09 4.6208749904041501245e-06 31.864390154462352456 -38.258167102216653177 -4.8883026665740230143 0.21061268884858477812 -0.14775850373463952914 -0.011638931732314597781 0 0 0 -3
204839.04722792608663 5628 3.7339015537755655871e-09 5.6092452155723196465e-06 -48.477497028315845284 -9.6631552162528038252 -7.5404822968337956723 -0.0044600159594132982727 -0.06871805366750828592 0.0010270728865532719517 0 0 0 -3
222059.63039014374954 6974 3.0660495647087313026e-09 5.2526266016302566194e-06 36.929325647129395804 -33.684504978024918387 1.3082923329388154166 0.052496035981314491392 0.04659875197627279253 -0.004339692873346212218 0 0 0 -3
225449.67556468173279 5062 2.5304087017685656592e-09 4.9269750442587475012e-06 -20.705403624509429505 -42.833649904261591246 15.401630167022416273 0.046326281538456436093 -0.066371439343929070076 0.028321880276837119866 0 0 0 -3
225567.96714579054969 6072 2.2493457693754210126e-09 4.7373507979448464908e-06 37.041531900859929749 33.574537752842473992 1.0143943245312836421 -0.032175364587826195406 0.061678097511381736739 0.0032272119216679010824 0 0 0 -3
228843.17043121150346 6020 3.0943407183171661735e-09 5.268732900326398609e-06 -20.357607954492433322 45.606257763303659658 2.5936975091804397309 -0.083478363011444525754 0.026541750539660263764 -0.0011356273103132342572 0 0 0 -3
231706.13552361394977 5976 2.5449119657779819977e-09 4.9363702500862628389e-06 48.805106638268419772 10.892771055299142802 -0.44773822522241318866 0.054331054872022409297 0.079863559522880572805 -0.0062119836800133779869 0 0 0 -3
232163.97535934290499 5805 2.2643079772297904382e-09 4.747831570298004457e-06 49.869526409309301584 1.0803625249757369264 3.540915888559374114 0.037629523023797982473 0.066457381737804147037 0.010522974997471951433 0 0 0 -3
235923.51540041068802 5633 2.5331086230617554852e-09 4.9287267660831665962e-06 21.17379829414879211 -45.232705139841421271 2.4631868848536671024 0.075529973659736057701 0.004298082770959949471 0.0095202244598975183792 0 0 0 -3
236008.78850102669094 5790 2.5615491925646052678e-09 4.9471039796549061442e-06 24.722846287727175962 -43.180960134350947044 4.9469589881485340754 0.064406557408204542781 0.013306107719620282812 0.0072163946148714143078 0 0 0 -3
239588.48459958931198 6491 2.0413706883359855007e-09 4.5865989071496950823e-06 39.883099534794276053 -29.654961423812824961 5.4925526754621527559 0.0516060872244896926 0.047552740177405766753 -0.0047094157169526255219 0 0 0 -3
240617.95482546201674 5683 1.7151894980501559991e-09 4.3280025503875625079e-06 44.200559992029113232 20.647817222552166783 -10.980340097857610004 0.0011834361241969981217 0.072498009550470796092 -0.00077324617223795393678 0 0 0 -3
247879.67145790555514 6148 2.5834189720423253937e-09 4.9611430907246375921e-06 -30.368297124454041835 -39.70640720756789932 -1.2260892519943153989 0.029428012148412958926 -0.061434340703723971933 -0.023789153746967037217 0 0 0 -3
249396.02464065709501 5243 2.2853936457476965257e-09 4.762523630722379441e-06 1.6695726372552599504 49.885763255298023466 -3.0476606927360707644 -0.063150725175514496601 0.047638333199352601854 -0.020833681214222025263 0 0 0 -3
251697.1334702258755 6905 2.1639511393426121352e-09 4.6766258067859771733e-06 45.933825183345170728 -15.13435411780517903 12.703884210528867627 0.046712138266064844039 0.056535780061533098817 0.0078312132478389889778 0 0 0 -3
252497.59342915812158 5156 2.0106002082378178188e-09 4.5634368615115816366e-06 -10.143717586086211213 -48.943261068826821258 1.4942238304764730028 0.054404832911784821448 -0.0573125963406147243 0.012536032216916823817 0 0 0 -3
255493.37166324435384 5143 2.4444349270259596285e-09 4.8705308503244992661e-06 -36.398843264267817688 -34.201167844006612029 -2.4969444807812459786 0.014918669999425055589 -0.075801558284944850485 -0.0051697215223153059754 0 0 0 -3
255830.68583162216237 6383 2.8714407653050949789e-09 5.1390568925584551382e-06 13.615821167727181873 48.110638610666434545 0.51219302859242776815 -0.064570588808419870919 0.035240600563850248139 0.0012705936634157541723 0 0 0 -3
255836.84599589323625 5653 2.7915621257968206852e-09 5.0909547574385895707e-06 -29.888516094807386025 40.106910757392689959 -0.20248311410139310795 -0.13598142345483210658 0.074035070207408223975 -3.3099428330602929384e-05 0 0 0 -3
260901.733059548249 6728 1.8375628131189003373e-09 4.4285770273202183008e-06 47.351930006212725743 -16.013150127960152247 -1.3201660521947502502 0.051964988421252085449 0.04992302123498625066 0.011107841930683108947 0 0 0 -3
267685.7494866529596 5498 2.0666418341364290401e-09 4.6054479377094541736e-06 -17.65722870285408419 -46.617124167784297128 -3.9400107436085147761 0.051316598636481226825 -0.04809493657080188278 -0.0032275850400968848428 0 0 0 -3
267844.81314168375684 6264 2.1849966187076039539e-09 4.691737743496926829e-06 -20.582018828254366127 41.933731805233179557 17.869257220803135056 -0.084067715257368461068 0.040918269580137556218 0.051081681314608044786 0 0 0 -3
269775.47433264885331 6903 2.2379118879541736078e-09 4.7293101863845894611e-06 11.304636308622420415 -48.663369524451994153 -2.1988233164190940094 0.07180753386307622832 -0.035242175465229043374 -0.019431970353067019863 0 0 0 -3
274504.67351129365852 6495 2.1447362602909567128e-09 4.6627425461272288147e-06 -44.60520209568981187 22.588403090258040606 -0.7414760073511241778 -0.056958565161322020909 -0.039529231115682593456 -0.0040899885467367324068 0 0 0 -3
275353.7412731006043 5103 2.0064219841196736917e-09 4.5602735797399131015e-06 11.811266442446592961 -48.581565847508848321 -0.79970363453946058385 0.070502986538553011342 -0.011099729216282768623 -0.010382458761975556227 0 0 0 -3
277276.64887063653441 6448 2.1944792795684376987e-09 4.6985151684311905491e-06 -41.9714062335086453 26.907068114536478731 3.9433065822831916414 -0.083617004555695970125 -0.018052261637506304692 -0.0015145421624106593719 0 0 0 -3
277912.5749486652785 6599 2.4858380267042819483e-09 4.8978755673212678786e-06 -44.449877099707165939 20.472859674617218673 -10.263695339306357468 -0.038387828823937868161 -0.056714386060109769905 -0.010303302949456687176 0 0 0 -3
278267.31827515398618 5803 1.7602259213117848422e-09 4.3655564576952608316e-06 13.129398713373118923 -48.233543319349344358 -1.341321730594805306 0.090956235350731856615 -0.039843591531130359562 -0.0039172300231827394262 0 0 0 -3
282861.7494866529596 5591 2.1397025363479613102e-09 4.6590918493920546747e-06 42.320716043232700088 -25.579590411976358411 7.4256272587140212948 0.066972944055011737752 0.038003800475990993923 0.014580704030759537165 0 0 0 -3
283259.31827515398618 5926 2.1681288837998965208e-09 4.6796334513677151682e-06 -23.654909816401499256 -41.025443094443339476 16.04661446401244973 0.050955608323229387158 -0.037909439993237287192 0.0018695281138691175523 0 0 0 -3
284209.90554414782673 6502 2.4938791996302703547e-09 4.9031510885004672375e-06 -48.045905483662728841 12.073679021981119419 -6.8189510278505887086 -0.05966579174293258625 -0.061013720758806268274 -0.012254615646691254319 0 0 0 -3
284944.04928131419001 5619 3.356413071438370946e-09 5.413464248711649806e-06 -35.803884872009042795 -34.833738032584300015 -2.2548783877566824785 0.034945754413074715805 -0.068468158181368934945 -0.0024258527760993818523 0 0 0 -3
285362.03696098562796 5960 1.9123385778370553753e-09 4.4878506990008866745e-06 -48.132768931582262439 -13.592961066382533986 -0.15746373407908592634 -0.088761879281452654711 -0.085051554837071441373 0.00031119440975284378597 0 0 0 -3
288819.4496919917874 6566 2.2924136411678280945e-09 4.7673949608365202247e-06 -32.38915965481336201 38.038371426297238997 2.3149415640221753243 -0.092505294202971488637 0.013225976680036444222 0.0013251693362834617539 0 0 0 -3
289188.81314168375684 6224 2.6346582834519225812e-09 4.9937282302002820598e-06 -42.167373001533590582 24.773325106305115639 10.4149678758299995 -0.053438601957383549679 -0.048014573486091227661 0.0048196103263695661348 0 0 0 -3
292353.01848049281398 6195 2.6987373062170763488e-09 5.0338894756738344373e-06 -34.52651716696164641 29.16503206959914607 21.417723677199518306 -0.084428642049783259038 -0.011105192550642982441 0.04473000311063994594 0 0 0 -3
293407.91786447638879 5104 1.7313444887335563769e-09 4.3415482773075334818e-06 -8.0662496921408557427 47.614770533745314651 12.969839267613206601 -0.075859169120547825793 0.013442290219512419494 0.014868005073665488749 0 0 0 -3
297524.41889117041137 6875 2.1233584153367986507e-09 4.647198689141481566e-06 -49.19264366217824147 -8.6181793233699561796 2.4430234136836124215 5.745385604630008999e-05 -0.06989756857241220811 -0.00024285547949632978583 0 0 0 -3
298907.03901437373133 5680 2.5157694204232933314e-09 4.9174552492350098336e-06 49.318704889037050521 -6.2556631418860098037 5.4148104932103802156 0.053389679414608690045 0.057256639301248607454 0.00012571955676173086924 0 0 0 -3
299425.51129363448126 6727 2.1594117068231471569e-09 4.6733533839853737548e-06 1.8385995995096651168 46.705795724220457998 -17.776239139608144058 -0.068130885852302203176 0.045568321866792389774 -0.038612456110042291113 0 0 0 -3
302308.5667351129232 5675 2.4923727190641438461e-09 4.9021636055392036563e-06 34.505732102452867593 -36.20903771846193564 0.61409888067599438521 0.17249967666792820342 -0.086852567235623012731 0.0021921250583849102508 0 0 0 -3
306231.14579055440845 5573 2.4870444490531907672e-09 4.8986677818368390262e-06 42.397605288824507852 20.422466484547236121 16.91549692889858747 0.0047820849564597610326 0.077980772731603378856 0.023670711103762020339 0 0 0 -3
307142.65297741274117 5039 2.665565134542149605e-09 5.0131793044127210567e-06 -26.014960515912331829 42.463006050495344823 4.5495625013444662699 -0.081460856658168448452 0.013575411750904731525 -0.013489257089775684439 0 0 0 -3
309125.81519507186022 6441 3.1501264227970607157e-09 5.3002066122245149139e-06 -28.514943543284505978 39.393300509256228281 11.64017456591348143 -0.075310954050231859735 -0.012248229647497770045 0.0088783166349225475095 0 0 0 -3
309793.56057494867127 5937 3.4140409825063396289e-09 5.4442707507140670917e-06 -29.548302568802323975 40.304268255932328202 -1.8816851916532832956 -0.10433376490868785658 0.033188078515531370394 -0.0065045645658724756191 0 0 0 -3
313938.82546201231889 6193 2.1856374441837299047e-09 4.6921963698653885807e-06 -0.20354449794878543001 49.96725408686208425 -1.8829681656840164816 -0.072383874893148000829 0.022720433136054086348 -0.0022396170700762579008 0 0 0 -3
315407.35934291582089 6513 2.5296899733019782907e-09 4.9265085198139591246e-06 -27.981938274036920689 40.993697846172203469 6.0825842972503041395 -0.067720857439007756118 -0.012998495312904931667 -0.001036131340707102319 0 0 0 -3
318469.51950718683656 5441 2.0622170505996193271e-09 4.6021587576946169473e-06 46.355015323713786302 11.177573336063879594 -15.05548670150532331 0.00256728037983918779 0.067956511937006497392 -0.013794622785323685729 0 0 0 -3
319105.06776180700399 5416 2.6988301981882130045e-09 5.0339472313941109927e-06 -15.661805225380852846 -44.830783797398446211 -15.678005532480462136 0.051295539721055431748 -0.060523984427435902067 -0.021000734444837437787 0 0 0 -3
320247.4414784394321 6630 2.5252109586222106921e-09 4.923599212062537147e-06 -27.943447315957588017 -38.689464770351150946 -14.940751101309793114 0.020323492608176996904 -0.074738096677481366537 -0.041062075485526303154 0 0 0 -3
320407.11293634498725 5826 2.6107375350542000819e-09 4.9785691399229169729e-06 -41.886721421990237957 -27.328199440615879467 0.95869936111561515624 -0.09425252670856856807 -0.14076890980128267672 -0.00036568065219921516186 0 0 0 -3
321158.3080082135275 5901 2.1025271103042005569e-09 4.631951533699925477e-06 -47.422832721479267093 15.879793201153601601 0.36755250050494547853 -0.11485896437147187499 -0.028365037137182864957 0.0060613755063187307881 0 0 0 -3
323495.24435318273026 6679 2.3132403744148825047e-09 4.7817888274323814399e-06 -10.206352809901231282 -48.84196639343480939 -3.2348300141199834989 0.076237810295403413141 -0.030519038834264027721 0.00067055041354381183377 0 0 0 -3
329619.49897330597742 6948 2.5098351381247389013e-09 4.913585718328325137e-06 -28.071143799828259802 41.30710171675138298 -2.4103675263744794854 -0.051312641794269017725 -0.027024489462295867015 -0.0057079731366520298358 0 0 0 -3
331996.30390143737895 5682 2.3291926726675288501e-09 4.7927555281540589027e-06 -44.091619721982709734 -23.585851072646654814 0.55716023353392274409 -0.00036515147272376413277 -0.077742738887463039288 0.0037902832743112141282 0 0 0 -3
338408.39425051334547 5600 1.598009542254373189e-09 4.2271071944193086157e-06 -24.971346044994135127 -43.3270250932582357 -0.13965399110418930118 0.03289120717735836974 -0.099268920409156760631 -0.0075844631682739898498 0 0 0 -3
341937.06776180700399 5085 2.5455902507713307966e-09 4.9368087679976574685e-06 -38.853702558607530193 27.31590802761964909 -15.658717303560099054 -0.08744538722779640616 -0.016004985562623259832 -0.034970490684947341808 0 0 0 -3
343155.54825462010922 6597 2.5804911496403489041e-09 4.9592682062208352217e-06 -44.657842249068920637 18.64431091306108712 -12.591494650857441684 -0.049873653031945956726 -0.05069213760465949431 -0.0092031656556304363564 0 0 0 -3
344067.9753593429341 6067 2.1515856083654051839e-09 4.6677008573400441754e-06 -44.401362396303049707 -22.953790964999921442 -1.7071570984681816441 -0.032172854243096245253 -0.089996449664937111512 -0.015690284389711262047 0 0 0 -3
345100.79671457904624 5463 1.7489804568824808391e-09 4.3562399210579109821e-06 49.564431766541510171 4.9941459171173523401 4.4823393109426810099 0.10188152324703017571 0.080417952512620904937 -0.0013156849611985930656 0 0 0 -3
347854.39014373713871 5208 1.9399649957868762464e-09 4.5093585618855393845e-06 -48.572880092874690661 7.77242556022487463 -8.9639306063795629598 -0.018144262542177096165 -0.068093716765323636375 0.0016857073052722239964 0 0 0 -3
348261.35523613961414 5966 2.1328242729018483121e-09 4.6540941358000391869e-06 12.325236917102136758 48.369994151634003288 2.9457704552067363046 -0.057994851474148380321 0.038874866523126772044 -0.00037926446678267293185 0 0 0 -3
354715.63039014372043 6847 1.8288197915839030077e-09 4.4215422174581678249e-06 -37.418019105545837988 33.169376307405045168 -0.53466880681603456971 -0.073548328235559554122 -0.024123809125839119905 -0.010953580724149366427 0 0 0 -3
354840.34496919915546 6584 2.1699394933789435264e-09 4.6809357465873362584e-06 31.916920271371438389 -34.304608962976445241 -17.468819101977651087 0.070017364255060027256 0.019065484070258074262 -0.028346614748670725253 0 0 0 -3
354892.05749486654531 5159 2.2082363274383157405e-09 4.708312951638753855e-06 0.013505344707667444465 0.48474925355372855407 0.099946919026570033018 -1.9078514119249019299 0.29292391946773160827 0.058345325751863595654 0 0 0 -2
355306.69404517451767 5916 2.1957266661902460628e-09 4.6994052436440685212e-06 -42.114266232254351507 20.122591808104328237 -17.944948907895742707 -0.061106379664305335297 -0.041228634203971589733 -0.020198834876625968576 0 0 0 -3
355960.62422997946851 6973 2.4934866470659808615e-09 4.9028938125357713105e-06 27.479322550392943469 -40.22138143962945378 -11.292934133807065678 0.063163330115744445448 0.0028462703633699887491 -0.0078016536661014599871 0 0 0 -3
356706.90759753593011 6643 1.7366190432877375089e-09 4.3459526612852642785e-06 -31.340948348740909069 -38.684387350219097357 -4.62664161758760617 0.041955790594670777649 -0.051411816466485134314 0.0052789024977618666939 0 0 0 -3
360702.39014373713871 6571 2.8460398709077160201e-09 5.1238585460375679796e-06 45.305761647625153898 -18.097596441765347208 10.952285732766355864 0.032851769748885782663 0.06641738125028102957 0.0097377357023543092279 0 0 0 -3
363013.7166324435384 6555 3.0360907128859794588e-09 5.2354624954339088288e-06 -47.259251602764173583 -10.775563239444094776 -12.286575418707151641 -0.02133914240780850069 -0.074253441561447142139 -0.018852144086291738878 0 0 0 -3
364372.87885010265745 6315 3.0232829838076938902e-09 5.2280901974484182744e-06 -34.303802189160833791 34.583424388694709251 -11.309317373663779094 -0.078561006423578980118 -0.0096768209844312232104 -0.0093737243743667719026 0 0 0 -3
366737.7412731006043 5893 2.3233390744856695149e-09 4.7887371973647625971e-06 -19.872195404384829232 -43.297134181663537333 15.241241175297957966 0.021037518313137184428 -0.096732129323884905037 0.050975687869310518097 0 0 0 -3
367025.65913757699309 6374 1.8103227153642020475e-09 4.406584866996918212e-06 47.405400237721984524 15.619250234406862887 3.1463917029675854131 0.053855777718353856076 0.088415241564689356357 0.0030133844895811408467 0 0 0 -3
367237.66735112934839 6931 2.9771402958918877362e-09 5.201355910727696404e-06 28.936243877628829324 39.750010883618948299 9.112998405341269148 -0.048141648074042323047 0.068008987781149027319 0.0089226939433401826485 0 0 0 -3
370399.16221765911905 5071 2.6264057292681747367e-09 4.9885088162845035169e-06 3.519699412984767406 46.382163617098605357 18.370127996649138424 -0.056597038487752299174 0.061703788183122325328 0.046529174554518271112 0 0 0 -3
374737.65913757699309 5987 2.821401771692169193e-09 5.109029966104807819e-06 -37.085701385956639342 23.204401214733287873 24.218608237996665622 -0.055375640788003700765 -0.046370774012970648881 0.022590312093685747941 0 0 0 -3
384991.50718685833272 5728 1.7621210742034153945e-09 4.3671226258834522853e-06 -46.2613528496361468 -18.629588121755116248 -3.614073370533845253 0.0076939102055657761919 -0.066759895052130646675 -0.0071164240801591558891 0 0 0 -3
387440.5585215605679 6482 2.5381779026936873704e-09 4.9320123793525076609e-06 49.142237300460536176 9.1876132588565138093 -0.93377545273389839231 0.0095482476089936308555 0.065208914359714431619 0.010168882251648077991 0 0 0 -3
391635.20328542095376 6208 1.8215676034934746953e-09 4.41568993040395131e-06 34.952692454014751888 -35.756154864926784853 -0.84671380484253244703 0.079445020824589762665 0.011225611392368189945 -0.0054556289979638128429 0 0 0 -3
392036.92813141684746 6309 2.5094415661932032913e-09 4.9133288687203076472e-06 44.810708309898615198 14.544415357469596017 16.754365938192801622 -0.0073377381491714580714 0.061490967531883156116 0.0084737344605947326204 0 0 0 -3
394410.87474332650891 6682 2.0849826528547971501e-09 4.6190318163266865846e-06 -44.799075088947688528 -21.888750974009379746 3.74190126367931164 0.028018844528041212533 -0.074257023676745956275 0.00064009162232674294852 0 0 0 -3
397844.63244353182381 6278 2.6785171490018174682e-09 5.021285888953725375e-06 -41.089293938599077194 25.990376785008454164 -11.671587066264832444 -0.04412795466586368065 -0.066164090538076272829 -0.010266334902864061515 0 0 0 -3
402181.07597535935929 5709 2.598224112254407198e-09 4.9706022033983298937e-06 -49.281350112001646835 -0.82023376514002765969 8.4484800036322820205 -0.059865780072054362859 -0.063318085106322488653 0.026538580214025036391 0 0 0 -3
406835.53182751539862 5193 1.9045850730428824173e-09 4.4817772094247766815e-06 2.256091474139351849 -49.899922176386816375 2.6618109160216336662 0.067631547069284259077 -0.11030626337824514516 0.014413243354446023808 0 0 0 -3
407076.5503080082126 5917 2.5345089114800234732e-09 4.929634789740433089e-06 0.30669436682836848096 -49.628715796619367495 -6.2480353978734299858 0.059857055795527372433 -0.13606179240375901318 -0.0083220527392794882426 0 0 0 -3
411072.14784394251183 6970 2.3659247924687441864e-09 4.8178186685806006562e-06 49.866795959611607714 3.6398191383634301843 -0.52912823475486703284 0.0099049059566488194956 0.06858575252919379972 0.0034267865342971276163 0 0 0 -3
418874.266940451751 5867 2.4071626790768454828e-09 4.8456489985409532519e-06 -49.321509665772246933 7.4332935837842288862 -3.5586235204178371383 -0.061553468842479280854 -0.067397286539906758884 -0.0013537734972956236897 0 0 0 -3
419293.56878850102657 5836 2.4651571128402015031e-09 4.8842551104133529044e-06 0.40897445666837173306 -0.2169387975979716332 -0.011715908156252249558 0.84595090436999043071 1.7769963082372499663 -0.32932639731826968132 0 0 0 -2
421246.75154004106298 6096 1.6904231902602086701e-09 4.3070702208482422897e-06 -48.000084925386346413 7.7113546896104097073 -11.692818953077752653 -0.021841579633347745631 -0.066491689067385742473 0.0018744307530940166814 0 0 0 -3
423576.96919917862397 5341 1.385645251645085845e-09 4.0308888639926834023e-06 -0.16032559577683441754 -50.005163580922051381 -0.10891952282792446982 0.077775036742812303503 -0.033428095726046588854 -0.0027035651206115617583 0 0 0 -3
430151.9835728952894 5863 2.3665649436412554953e-09 4.8182531504319992777e-06 3.1928273609495656515 -49.861110843893683864 2.1503488708606681712 0.070162838044961969852 -0.051593771866290077943 -0.013334589899897851539 0 0 0 -3
431750.94866529776482 3396 3.0715393268596394486e-09 5.255759675325509765e-06 0.4355091301050859065 0.23992585446876890654 -0.004370455960121783813 -0.69498045660037788274 1.3466602387217196934 -0.012607445614758398811 0 0 0 -2
432105.85626283369493 6965 2.6279993897171976968e-09 4.9895175943874052563e-06 -6.4574631952991827788 49.511318865031583414 2.7521546233042739615 -0.082830602285402718521 0.029349357300324115799 0.01265396746715886922 0 0 0 -3
440907.00616016425192 5355 2.3823743237219063278e-09 4.8289584839587999107e-06 -47.938765561668482462 14.176202501163825076 1.3425090931278560458 -0.065280655315361035829 -0.06157583568424581516 0.013651253649434268861 0 0 0 -3
444378.56262833677465 6385 2.1849477499431413564e-09 4.6917027653900062443e-06 -18.873965153938904393 44.91139616683017266 11.300712334257505987 -0.088800384809544524733 0.013423606764366267582 0.023711546150257594573 0 0 0 -3
456861.65092402463779 3569 8.1809364919493821776e-09 7.2853621564184148956e-06 -0.47763295229757840588 -0.1417183540639727346 -0.00059041548524507573344 0.38796385590254889308 -1.4501149045205303789 0.0097334061897245346962 8.9501032278329012127e-17 3.4575824957952140096e-16 -1.7181386407105938212e-17 -2
460091.30184804927558 5824 1.6834153109952074212e-09 4.3011101286392181713e-06 -23.971357609974031533 -43.045673042298425059 8.639458760536049553 -0.009974409775822487903 -0.14436673407758926491 0.022698462433797743365 0 0 0 -3
460565.48665297741536 5558 3.0347339013712738869e-09 5.2346824798470114663e-06 26.866889641471942696 36.830969642446625301 20.535258761093597712 -0.066860146398612999019 0.050205963766831486483 0.0034620957138424383881 0 0 0 -3
483279.93429158109939 2645 2.3990575163997595609e-09 4.840204284574117793e-06 0.35220083790430900539 -0.34763371676087723161 -0.0013768649931176998348 1.0747574124896317471 1.0626396236991311195 0.0097556071414606135295 0 0 0 -2
493129.34702258725883 1057 5.745611361079342314e-09 6.4758317078956558523e-06 0.11411809692891410062 0.48636931846457109874 -0.018215926209074941727 -1.455722731308102702 0.37377366049244853397 -0.042039779819175990272 1.033363798666517709e-16 -8.687821454598513068e-18 8.5603527630315476913e-17 -2
493645.65092402463779 147 3.2134241584921735893e-09 5.3354717306028788103e-06 0.49798723155832219645 0.040151000014778455427 -0.0015302449553444481302 -0.096913654613775157554 1.4822628754494795444 -0.018553980667109341157 0 0 0 -2
495345.51129363448126 5307 1.9709352467697769435e-09 4.5332282909955440672e-06 -37.131126290281159186 -25.142240461876269819 22.123160703703241836 0.021833803348076229883 -0.0623947600635547453 0.019483838359873703605 0 0 0 -3
506254.55441478441935 4329 2.4948380059959921952e-09 4.9037793694169549085e-06 0.037008613025770742411 -0.49854434368505462505 0.0057725889850766551673 1.4816093378435477579 0.087047547897164179176 0.020675610228913732236 0 0 0 -2
507774.99794661189662 3300 2.4302381506249989613e-09 4.8610835227271287373e-06 -0.49067859539635827471 0.094015864869089776912 0.00053416514899120811667 -0.29684653238834446398 -1.4542437615533789774 -0.0036196692184424050613 0 0 0 -2
511094.98151950718602 4599 4.8938088814276802918e-09 6.1385501275846907602e-06 -0.045777022356927890567 0.49691212036254600592 -0.0014445452420977088377 -1.4933655278948241296 -0.12135592707161581283 0.017859303136953781632 -1.1421300519622647532e-16 2.4239585712525538473e-16 5.8899624307734174934e-16 -2
513128.64065708417911 821 2.422380560489541282e-09 4.8558388183042747196e-06 -0.011355880304325991978 -0.49986379277509013219 0.0022069394582685782427 1.4820391853067682586 -0.057161943584071110702 0.041024907707026735115 0 0 0 -2
516093.28952772071352 3290 2.2477662291278111893e-09 4.7362416475160824082e-06 0.37302071964884370159 0.33093216878971420947 -0.0018393782624326578731 -0.97555995870220246768 1.11878829089608689 -0.017793165388272476346 0 0 0 -2
527484.30390143732075 6048 2.0372264523493262302e-09 4.5834930159765425924e-06 37.069478351879830313 -29.053086319831937345 16.794559148805149107 0.049212961409937014401 0.037650397852895825523 0.022656638054153174777 0 0 0 -3
528142.73511293635238 1008 3.1021700186345050685e-09 5.2731728068180233428e-06 0.49850620817946866836 -0.034651106738719399114 0.0028958279380730694332 0.12613933683328570901 1.4706654140751607152 0.0074244322066206033459 0 0 0 -2
528865.03490759758279 5835 1.3166804985246007488e-09 3.9628740793009324778e-06 -33.202009079472119879 35.348809881367230901 12.182609577692870673 -0.06555969638426926982 -0.02954273441602099301 0.010946324090696318843 0 0 0 -3
531204.45174537983257 4283 2.3061875425157789223e-09 4.7769241527297903548e-06 -0.33284842538757725139 0.37306484029217501508 -0.00086734140910044242156 -1.1169677573024270334 -0.97046012898466671448 -0.010636317137806938771 0 0 0 -2
535124.05749486654531 567 2.4354166883055806841e-09 4.8645338628950563116e-06 -0.47518212777313656447 -0.0057076797942187977239 -0.010623489522180317932 0.10918714135005697097 -1.5312087631203437077 0.024057694982966729841 0 0 0 -2
537726.53798767970875 4017 1.4937691716911328426e-09 4.1331195667860655358e-06 -0.42998204033257853007 -0.22521792790560871134 -0.005526021562776671503 0.76204192401548487279 -1.3127306667701588161 0.011539330763780464642 0 0 0 -2
541404.63244353188202 6345 1.5256824919562717844e-09 4.1623461335221012623e-06 47.027453005565710953 -14.600525846109634998 8.8227584080929677413 0.17035868211999224964 0.0099189856463121530566 0.014364454545804766425 0 0 0 -3
541436.99383983574808 5081 2.4482277449338405615e-09 4.8730486088347110628e-06 -27.171157984102720206 -39.205346236160934836 -14.99491230241381956 0.060161317778736907169 -0.054773817740722152703 0.0032226512631403692911 0 0 0 -3
542156.69815195072442 3494 7.3076539427576181894e-09 7.0163212055251576821e-06 -0.38048334643165937496 -0.32361219843122723816 0.013446243898123788965 0.95430989763360618561 -1.1608511723017260753 -0.032331163458576145375 6.9405691535411023795e-17 -4.7018881969940659287e-16 -4.1915315595880594075e-16 -2
543073.21560574951582 5456 3.1951462838777379743e-09 5.3253364808786279663e-06 48.375815433652043396 -7.7565920393791980558 10.019479825260564354 0.058630136840645795393 0.057563092588444185471 0.074640977357981100337 0 0 0 -3
549175.03080082137603 2722 7.4666536249931368574e-09 7.066843495643605023e-06 -0.076665337828715485191 0.4845482893283189485 -0.0075380742841944063659 -1.4823316950013947224 -0.2485932891533204625 0.020901575783656891477 9.338490299901879073e-16 3.5609190278974889307e-16 -4.4129343307809461762e-16 -2
553526.96509240241721 1398 2.0606761729330447897e-09 4.6010122358660785808e-06 0.46497569564817170518 0.18239101399478468979 0.0021508921446814930831 -0.52267915635403749963 1.3827425442273155731 -0.0037721893267221931478 0 0 0 -2
557501.45379876799416 602 7.4447707270841973077e-09 7.0599330222086806346e-06 -0.32893214900974310222 0.37563936596546249058 -0.0029638777026104465642 -1.1225910484796846056 -0.95894170602149997329 0.0025493643464758568296 -9.1614977934949262374e-16 2.2153769681478690504e-16 1.2852680058795436631e-15 -2
558512.83778234082274 2798 1.0280097456287286213e-08 7.8616894115975134163e-06 0.47449318845783727827 -0.14863957852685602545 -0.00047469801540327854778 0.45471479212088139477 1.4049702752121522309 -0.0010814847501308295918 6.0475024041886410938e-16 6.1415438239939886659e-16 1.255763310812740428e-15 -2
563270.06160164275207 2910 5.6011915430778348398e-09 6.4211125133402863747e-06 0.33750603516168264928 -0.36598814721475242395 0.0019710120127453454285 1.1194648571044178986 0.99942114639269308274 0.022484096195239017951 -3.0778890570508078864e-16 -4.9372945059671967022e-16 -1.0719806711004092871e-15 -2
569498.72689938393887 4041 2.448545191150827088e-09 4.8732592188693697079e-06 -0.31843606651719524869 -0.38132100723512890594 0.002588782186216022612 1.1508895294804251108 -0.95127271177744188169 -0.005896202577107502972 0 0 0 -2
581735.17864476388786 729 2.2671079665931419747e-09 4.7497877826978143008e-06 0.23227202868461346852 -0.43924431566374616542 -0.0076359708027427817059 1.3204010763593243549 0.6712113057289177398 0.040144578630006692854 0 0 0 -2
586178.41478439420462 2100 4.5018602735869555743e-09 5.9700890466495828892e-06 0.054514423250909459229 -0.49540099934301606854 0.0012194973353565705804 1.4636977636206700559 0.1416110847347257784 0.018398504700710475307 3.5473099040875140071e-16 -2.3464895796929613039e-16 6.017483141099919153e-16 -2
587936.80492813140154 1435 3.5849559618008071311e-09 5.5336465165666155075e-06 -0.13178735750434011909 -0.48200910758705411974 -0.0054182766113172456043 1.4197078686076030074 -0.40772114131390868597 -0.013703193163378458996 1.417459952386128146e-16 -4.2975519150724296474e-17 -3.1353943203397313943e-16 -2
588327.40862422995269 2080 3.3158620761022574609e-09 5.3915746698982162761e-06 0.49602420551891784894 -0.061651150275026524172 0.010532937463561993507 0.21001332358395780053 1.4818931931672820745 0.012284850847446857416 0 0 0 -2
588459.33470225869678 1254 2.7881023216052059279e-09 5.0888506800418920479e-06 0.49490163626074706871 0.018744991308841215533 -0.012507718863942998005 -0.058154254119800873057 1.4783179883583130731 -0.098081342309289595849 0 0 0 -2
592240.65708418888971 1843 2.2540821327382812386e-09 4.7406735543712161926e-06 0.0063126592514843472143 0.49987926335852767012 -0.001721009678567274109 -1.4632577653037213139 0.042749387290887924662 -0.018833388156948065173 0 0 0 -2
592339.20328542089555 5457 3.0234551935423121521e-09 5.2281894616077494975e-06 -48.323865061666843701 12.66288077114436561 -2.1411649496025271233 -0.030649575103617328342 -0.078620388587118131274 -0.0061155786498747902527 0 0 0 -3
593545.13347022584639 3495 1.6721686965699872558e-09 4.2915103877017430795e-06 -0.37267936710828275526 0.333139004069140654 -0.010959799000386245826 -0.98319164032812067511 -1.0784252336262154515 -0.017231344279328243696 0 0 0 -2
595568.65708418888971 3211 1.1781912349488250888e-09 3.8187573859327845189e-06 -0.39082002266067938923 0.31131310154290503522 -0.0021683494539336883519 -0.93493321512622029612 -1.1387108647722186117 -0.015507305397456448703 0 0 0 -2
601904.0492813141318 5400 1.7442225777055675709e-09 4.3522861345047695082e-06 44.300748225165357042 17.087711409212911207 15.679757938514963911 -0.0046073750917908383104 0.058191971006705776881 0.023082618558912196965 0 0 0 -3
602588.05749486654531 746 1.9079823397362918669e-09 4.4844403876523524505e-06 0.088743144320733893804 0.49203995785143345154 -0.00060301000495901850833 -1.4355831431038694745 0.28075587847148253395 -0.021597890998863798762 0 0 0 -2
607322.46406570845284 5117 2.1850904511247349407e-09 4.6918049031418663882e-06 -27.37171295488245093 37.961433038198684642 17.612315804067403491 -0.068623658544003707238 -0.02195250512197697082 0.030715715537287198444 0 0 0 -3
615012.81314168381505 2071 2.4393083920355719495e-09 4.8671235976435852695e-06 -0.37606459267815411929 -0.32913639194361138385 0.0023206229563946544937 0.96002947754901424293 -1.1235045478215099912 -0.0098234256407168842745 0 0 0 -2
616782.07802874746267 2035 2.1977208625844086137e-09 4.7008275064779938142e-06 0.22351178126345044861 -0.44615310190844642557 0.00076443098234268123687 1.3182348347873300565 0.64577612324720301551 -0.02895018455496789489 0 0 0 -2
619002.80903490760829 5330 2.6261441383914191145e-09 4.9883431917445688873e-06 49.52974155870386852 6.8212199038812446616 -0.78499924978133372999 0.0090875349142603006891 0.084073011979107284408 -0.00097843033983626434905 0 0 0 -3
619454.71868583164178 235 1.2601534506317907705e-08 8.4137825309479050069e-06 -0.49767698498050844114 -0.046301818373400201179 -0.010381862459835130424 0.12064092803178069757 -1.4638268565124468168 0.0038899667028442718418 2.7499582127546050015e-15 -4.8375377230561435152e-16 -2.1684794048380884632e-15 -2
621969.79055441473611 796 1.6427591649805200249e-09 4.2662022261864990201e-06 -0.094090688483371515138 -0.49093402157490656501 6.607374325870214607e-05 1.4458296824892398202 -0.30132165068052563228 -0.057815214941890451239 0 0 0 -2
625426.10266940447036 3406 2.1852987401119378681e-09 4.6919539770991362633e-06 -0.12171567247158493474 -0.48407174791903156974 -0.0032388117282356413545 1.4537269211966843407 -0.3869979261535064774 -0.0099742130988390680091 0 0 0 -2
625775.40862422995269 1394 2.8766476906076764864e-09 5.1421613187035923107e-06 -0.22759403604698982826 -0.44464667945456398668 0.012406618887148924968 1.3140646648236438132 -0.6965033293366409417 0.014985746785616304091 0 0 0 -2
628787.08829568792135 1466 2.7611652351965818097e-09 5.0724090721983486517e-06 0.33099121090346206309 0.37176984348234848321 0.0015944497613376398034 -1.10833651811025935 1.000609042327115894 0.0040809634582206037734 0 0 0 -2
629823.75359342910815 1074 1.5350948688652311409e-09 4.1708881641467874266e-06 0.43494886137899352319 -0.23494436487869069241 0.0039435204264231899993 0.71865446592066983822 1.3159720909551664292 -0.025549142091552970446 0 0 0 -2
630678.89938398357481 2916 2.7198925826951572176e-09 5.0470087300634303067e-06 0.44909148563306117152 -0.15111988385033700566 0.0059863279165876708346 0.42054346197750441805 1.5008147538966820633 -0.026649339635275829524 0 0 0 -2
633180.28747433261015 1717 1.5413073920428284853e-09 4.1765071139134560244e-06 -0.27061962989434185101 0.41993368556284776938 0.00041730087479518518986 -1.2351429729598697449 -0.78332998552709498519 -0.04380201723705253597 0 0 0 -2
634516.71457905543502 4519 2.5390822253310816975e-09 4.9325980489445244448e-06 -0.021324492984249952821 -0.49932402056636465693 -0.0023400286447337911681 1.4624755074605200189 -0.082434774034678359733 -0.01246806323176109961 0 0 0 -2
635765.48665297741536 4839 1.8684560094555052471e-09 4.4532570507050838246e-06 -0.19783835989600326299 0.45888675586925420369 -0.0077219746552135261689 -1.3927014628965135312 -0.56200372556537192548 -0.0036226981537004500876 0 0 0 -2
637592.52566735108849 2403 2.7596361248397343775e-09 5.0714725466360232762e-06 0.33257406718228799125 0.37154535937051208494 -0.021616966829336205225 -1.0954279655709031616 0.99593268429296666344 -0.018243287288229222132 0 0 0 -2
638502.43942505132873 1350 4.6283552077293022546e-09 6.0254899399810888107e-06 -0.4971512889680682612 0.051365049093530561197 -0.011300743571292478848 -0.18677067963170915221 -1.4895427788769346478 0.025466792995103033209 -2.1653427623633792445e-16 -2.3491504263922116466e-16 -2.1361106610772960934e-17 -2
644728.85420944553334 4208 1.9685642525019403015e-08 9.7626263996769716778e-06 -0.40437809224498555416 -0.29356355303300907256 0.0074810533529465067515 0.8501676776793729573 -1.2075673862448639273 0.027355479755135771874 -2.78466299742453759e-15 1.2603173474636828367e-16 -3.3492040066849778433e-15 -2
644969.54414784396067 5403 2.5966007306791149241e-09 4.9695667698581365724e-06 -20.429804401731093577 -45.639773236825689651 0.3055603853567812056 0.059943566850292596959 -0.051654507699527771325 0.0036354015324317583147 0 0 0 -3
646151.14579055446666 5521 2.2737487882286424712e-09 4.7544209608591069463e-06 17.244550712837327211 -44.973630861748397081 13.432221558639604098 0.086396722582505205978 0.0019055557123340176925 0.018778799111408447237 0 0 0 -3
647787.84394250519108 2456 5.2843470840621430328e-09 6.2976799139199956751e-06 0.020308616205185623521 -0.49928272398773354546 -0.014819652139313471348 1.475580250747392963 0.040942400287350640131 0.016118034805285889888 -1.4342026454700143033e-16 2.4145283797567551775e-17 -6.8254589869680374805e-17 -2
648611.67967145785224 3034 2.7475837331644799437e-09 5.0640787490054178633e-06 -0.20181505386947409808 -0.45578562852488879731 -0.0019517200093874134768 1.3348289518344786941 -0.59635951817178223244 0.0028843358028750229992 0 0 0 -2
650485.05954825459048 1723 7.1394598324572003333e-09 6.9620732755781012039e-06 0.35133226921742061188 -0.35478965974651271997 0.01593730372598574016 1.0525410793739509163 1.0228815286091104131 -0.0045090558319046255761 -5.7709313052779912715e-17 -2.1612491332476172092e-16 8.3774043908054741265e-16 -2
652301.83162217657082 3448 2.6834724110238690887e-09 5.0243804443674728748e-06 -0.48296231196159417065 -0.12795399903897686222 0.0017714464145173166101 0.3580491551418263918 -1.452926024732964283 0.069378401583195262181 0 0 0 -2
658931.94250513345469 2406 3.1300902946459502206e-09 5.2889455226481911661e-06 0.48194406373580617187 -0.13047163918499374291 0.015491684798051750041 0.41500209901678147828 1.4273798635933607759 -0.064879685084868590761 0 0 0 -2
663698.69404517451767 1079 1.2230044373977066925e-09 3.8665724244040341716e-06 0.09558872782447408456 -0.49061112344262891583 0.0041141517869750857117 1.4452032920689674711 0.2653369257304826756 -0.0025822109182561852128 0 0 0 -2
664950.11088295688387 1412 4.7758915462479867182e-09 6.0888455389231395574e-06 0.46744987042741503735 0.15974369530593102162 -0.0050423196345880652233 -0.4990359292448526829 1.3901623865467689356 0.016796082832519373257 -2.9090326953405941148e-16 -3.9850684546812287228e-17 -1.1626551985989547513e-16 -2
670647.50718685833272 4289 1.1778046743292755211e-08 8.2263635074092511632e-06 -0.016354011118639114053 -0.49847407117465314386 -0.012314791401600917731 1.4851310972044515779 -0.059671221076091580937 0.0056990469844309301489 -5.4580920412259028001e-16 7.1317404726565858449e-16 -4.8572295703283735299e-16 -2
677769.19917864480522 5891 2.3871804691325123716e-09 4.8322035781511912922e-06 47.159672417630304153 -16.60566851957337775 -0.71348216463635083517 0.04545286371852295948 0.05145203235353748572 -0.012592396907962781841 0 0 0 -3
686936.11498973309062 5223 2.4879630161436856075e-09 4.8992708002972871765e-06 0.33378960736857976599 -0.34741280675182484305 0.055739120704878561408 1.500044270964759896 1.2389714122142985175 0.02450050370277419981 0 0 0 -2
692115.74537987681106 341 4.0259928692912201963e-09 5.7518533608647301624e-06 0.48170315263469742906 -0.12741518478829966243 -0.0016019597162616112419 0.36733296348897759298 1.4090519936814125401 -0.0044238819093840179089 5.5587268898440134757e-18 3.6880582755076676971e-17 4.2232814174034889156e-17 -2
692562.51334702258464 3387 4.6501661191534004585e-09 6.0349400593073367622e-06 0.49232868148357483706 0.086004280288264053911 -0.0033843946277895085167 -0.23459547666248820041 1.4710274972189394393 0.03506902992859460555 1.1720209440318699008e-16 1.6615554387640104234e-16 5.2899145866282253938e-17 -2
697264.37782340857666 2428 2.1309047203596949486e-08 1.0023932854635823406e-05 -0.44098224727129592404 0.2336661566370464016 -0.014138182142469861435 -0.69892867422745674766 -1.289157719347542308 0.047469381803460830582 4.7388090899148082978e-16 8.6090813089609891522e-16 4.0306399646522468046e-15 -2
698467.48254620120861 3868 5.3779411945977807278e-09 6.3346431499723413258e-06 -0.095900533586312550205 -0.48997595925593001587 0.022195954235928079534 1.4222386320574453844 -0.29047178926024352918 -0.034710333632045016483 2.609086528736289592e-16 -6.1337939589850964263e-16 2.4031236538606766145e-16 -2
701237.37166324432474 5632 1.9505174385347361636e-09 4.5175200027433602202e-06 -39.630943927209500544 -30.012612803122188154 -5.3654918240759306158 0.042244673619191312752 -0.07182787754828182103 0.00056451472106678669306 0 0 0 -3
702583.37577002053149 2439 6.8212030743400142271e-09 6.8570470819477000144e-06 0.42661773262032887111 0.24147838695796292052 0.0038830095491121795377 -0.79092521826654194061 1.2896406283941763693 0.055994514557856187031 8.8531640958716580456e-17 -1.7209700364891716129e-16 -3.7059760489428125872e-17 -2
707896.88706365507096 2881 2.3734256586540640722e-09 4.8229047262960774142e-06 -0.49855354166086374157 -0.037316477263307189227 0.0040356946543326178631 0.096458934048198358147 -1.4471638942087914348 0.01293706380104560523 0 0 0 -2
717082.06981519504916 1401 3.3515492555202719573e-09 5.410848080629353803e-06 -0.49947278184438587134 0.019445937691560652438 -0.0059283467518215556685 -0.096482172531194287934 -1.4775001350842373871 -0.045237720427504568566 0 0 0 -2
719349.96303901437204 6743 2.6791949735341632277e-09 5.0217094147965779253e-06 -34.819677294860191807 30.707067299578646669 18.569318563462132943 -0.062193173789618479141 -0.061420332813639545722 0.010939677444726011307 0 0 0 -3
732275.02258726896252 1757 2.1745130696908590275e-09 4.684222104499965123e-06 0.32346233856771772208 0.36854754577343318278 -0.0067543894008340573179 -1.1478496351744706949 0.93569491273745453164 0.038337313518890449304 0 0 0 -2
733324.71457905543502 3135 9.8488641358649126216e-09 7.7501871020867708423e-06 -0.12203335353471000957 -0.47351245506986155975 -0.0012291134995488215732 1.4696336875898337038 -0.33422817143801625273 0.052676735502912491738 1.4886681727342045919e-16 1.2277526613993617365e-15 -5.3892379248629038269e-16 -2
733505.49486652982887 1777 9.4185844915664152815e-09 7.6356383596512744449e-06 0.23458183870970025775 0.43329180669086814204 0.039121670468650865393 -1.3142903645023804593 0.68663633429302195488 0.04930460366066972272 3.6541178418553324133e-16 1.3338020497043583275e-15 -4.6884693729759409384e-17 -2
736344.41067761811428 6652 2.274736908705381311e-09 4.755109582861527203e-06 -2.8003564555439814932 49.541503101848562096 6.187954666371587642 -0.062958147079764770204 0.030795532282457613316 0.023830453638548580036 0 0 0 -3
737733.25667351135053 1608 2.4958999086122629159e-09 4.9044750187921121989e-06 0.019495799527089296976 0.49851273528815603919 -0.024269960293683948832 -1.4755296859979203372 0.073372909581938511314 0.014392404918960563162 0 0 0 -2
742729.33059548249003 4435 5.6327458718968819157e-09 6.433147726745654102e-06 -0.49524457841902297384 -0.066344465675880898159 -0.013769369371189948623 0.18384461446347608038 -1.4312943893203933232 -0.010697839802648396318 2.4566552211859025634e-17 2.1624100741927456237e-16 4.3859737558852203318e-16 -2
742821.1252566735493 1512 2.2321544372200067641e-09 4.7252510223685659441e-06 -0.47028240120326436635 -0.16957938820592494134 0.0024837358808655466726 0.48325661651830142951 -1.3793990337626222953 0.013748511384025382392 0 0 0 -2
745535.37577002053149 1197 4.3991765248611087552e-09 5.9243485472303406548e-06 0.079586608773651132398 -0.49007532501466866126 0.026038166472671618601 1.4448064859131017901 0.23412548897592549979 0.040998695831173943838 1.8812601302231551927e-16 1.7392502576819768014e-17 -1.0454631004524876974e-16 -2
745548.5667351129232 1934 3.4433487940471423354e-09 5.4598051518792493797e-06 -0.17211264700081158052 0.46264826933917801988 0.0036898894861068236468 -1.4024993491226025455 -0.51722665343946949701 0.049337847695551606542 0 0 0 -2
753522.8747433264507 1392 1.6868078966197988486e-09 4.3039975311950253562e-06 0.38791218984440034578 0.31510142798136292486 -0.0085652605941517415827 -0.90943029414351927997 1.1471607840909889831 -0.0040335694813066558587 0 0 0 -2
753918.93223819299601 2399 9.0141780609643437334e-09 7.5247518532927414519e-06 -0.44260165488902863951 -0.23239974291472997869 0.0061095303618851678346 0.66068753388043544028 -1.285810434728566598 -0.049337759662175212361 1.1493464742252619468e-15 1.3846778229225652236e-15 -4.5209603779863691689e-16 -2
756226.23408624227159 5347 2.3517141724719284526e-09 4.80815342428596468e-06 -22.156646762240896464 44.792650281794060163 1.7684055278057171368 -0.073422423690147842201 0.0051955214795074309772 -0.012252652749479011132 0 0 0 -3
761645.07597535930108 6173 2.5179053062827508688e-09 4.9188464938732979703e-06 -18.914742854561197305 -39.514353440796554651 -24.107107179677708331 0.053928794135092987527 -0.043939152986607749041 -0.019366119689832681644 0 0 0 -3
762115.02258726896252 3130 5.4472747773537906375e-09 6.3617495250100309718e-06 -0.34818569386543934963 -0.35695694222264223727 -0.0040508454905153800166 1.0487506505671331247 -1.0472319484955350255 0.0405671524285332874 -1.5211905863811116568e-16 4.1733850676060749301e-16 1.1703860444788140901e-16 -2
763076.46817248454317 3902 8.1224044456184513493e-09 7.2679457232344954181e-06 -0.47235088601191999036 0.16143656789704291521 0.0091732958024603843128 -0.49759096571615790694 -1.3910358974661454212 0.031667897369096746629 1.0470940495193045322e-15 -9.8033216170288983018e-17 5.1386733208048691915e-16 -2
767092.32032854214776 2824 1.506100784297655006e-08 8.9289724565441149173e-06 -0.38682409582490157041 0.31625626980247717457 0.0048304157656312634792 -0.95539154653986535504 -1.1331212239042101064 0.03499410708772741907 1.8208176972769364577e-15 9.0015247739739147272e-16 -4.204653729577122352e-16 -2
770536.68993839831091 3997 5.5650145607584121696e-09 6.407258413827847931e-06 -0.49611465384054465044 -0.059964584926218984784 0.0013347597653085275203 0.15264886422558240908 -1.4556163697288984071 0.014897698243406228349 -8.3488137319597980025e-17 -1.6404019978819108131e-16 -3.8823624136549466982e-16 -2
784338.79260780289769 4766 2.3278344714480769311e-09 4.7918237615137827842e-06 -0.25537181033468742131 -0.42981995236625253343 0.0051246454033975208375 1.2522554662673710535 -0.76422664054954891899 -0.0035735983722213525773 0 0 0 -2
786715.13757700205315 4311 1.3440215632312439559e-09 3.9901162660310306868e-06 -0.19310876508694396758 -0.45830643074834426232 0.0013509902561746232278 1.3404981006219427453 -0.54982983182414058021 0.0087256930318477393671 0 0 0 -2
787594.11909650929738 5491 2.1118417830141217522e-09 4.638781656439868348e-06 26.075569212085543569 -42.511570327604161434 -3.6638240139229267811 0.069986340816488079586 0.008653783773047990166 -0.00024533417185268539514 0 0 0 -3
794932.18891170434654 1094 7.5183647829541455581e-09 7.0831200540510567149e-06 0.49566227828915437881 -0.057280830344619948491 0.017461828023865286902 0.19515834998359840591 1.4692553455034438326 0.058223223228874111668 1.2655190881289779975e-15 1.1078794648221223836e-15 1.2021547562855612102e-15 -2
803355.00616016425192 1294 4.8077621349438100857e-09 6.1023595970155533101e-06 -0.27640158160020072975 0.41650353091346303813 0.0097296181301843760736 -1.2539226725928500628 -0.7878292421642980603 -0.01167440751080516502 -2.1668989403940673414e-16 1.6104335237796998504e-16 -1.521979346317741657e-16 -2
803763.48254620120861 4115 1.5698191157303028222e-09 4.2021028326031671559e-06 0.36120640929447683787 -0.34283653014854081897 0.0037562726881571928579 1.0375413211218635912 1.0549883169034401931 0.080770586703099819803 0 0 0 -2
809053.43737166328356 4815 2.3208885487465366034e-09 4.7870529759949389484e-06 -0.43436693761110162226 0.24728366562274103901 0.0068823145645080180746 -0.73466236169331466943 -1.2623629896634847025 -0.0089823855374385804667 0 0 0 -2
820842.90759753598832 2233 1.6713019791821743232e-09 4.2907688019395029766e-06 0.41827099140695200852 0.27303592570336654433 0.00086276774562895795165 -0.78860326566882410493 1.2502149143550913557 0.042388935896501007961 0 0 0 -2
825298.94045174540952 1520 2.3176935792296238552e-09 4.7848553245938436399e-06 0.44239824467512489647 -0.2315290486811516224 -0.0078406251032282995445 0.67488899485837750003 1.2776260648377690821 0.027130802496179055178 0 0 0 -2
828323.33470225869678 3877 4.1636581503188147455e-09 5.8166798403330782021e-06 -0.087395363853191285197 0.4920674837598059681 0.013698285436192714909 -1.4454230034700190632 -0.23319274886324103946 -0.020845383674787398148 -5.9468348399438637076e-18 1.2572884460920975566e-16 -6.5965271636912969086e-17 -2
829354.98973305954132 6844 3.4328655682962600941e-09 5.454258753403544503e-06 -15.302058765720373046 47.586899439489691588 1.5448332704200427035 -0.093731630694785253444 0.024185105763854491956 0.0035830866164841003972 0 0 0 -3
832796.17248459963594 608 1.9627867818346300702e-09 4.5269723989124010814e-06 -0.46382627497356410107 -0.18630560079442870514 -0.0076831080688626101835 0.52760280228352662846 -1.3352477841782197654 0.0073542224268674030729 0 0 0 -2
833562.66119096509647 3073 1.8515381335286788552e-08 9.5652066857901893324e-06 0.4601287038805244034 0.178860287251424388 -0.0029272003710109051854 -0.5688997961338052578 1.3266397340657358761 -0.094926282970391975824 -9.5603568098672343051e-16 -1.0146240335850872189e-15 -9.4418093758128079592e-16 -2
836357.78234086243901 1950 3.0788867046134146679e-09 5.2599470764436329914e-06 0.18535329060557001468 0.46399994154319562645 -0.0096008724849446658994 -1.3716544666665813068 0.57555584403837323215 0.05011081165293918005 0 0 0 -2
838093.35523613961414 2787 2.3408061998234390569e-09 4.8007080035502105409e-06 -0.060510613184840980616 -0.49465607187267268685 -0.011181007862719243018 1.465701762646441253 -0.18948500224852429796 -0.00016729438296874814566 0 0 0 -2
849206.76796714577358 2117 2.121473915557523334e-09 4.6458234719464769092e-06 -0.43824463767749116672 0.23685551428309356559 -0.014079717998129844675 -0.70012190394545181782 -1.2892115162929613792 -0.017695422780084596459 0 0 0 -2
849502.14373716630507 559 5.3587895507511992355e-09 6.3271146725537188006e-06 0.47787658531552623664 -0.14657967236792457388 -0.010451133660312618423 0.44727588760522746236 1.3995696072942873656 -0.0042793125215520970428 -1.3714398146233386289e-16 -7.5359202300526808698e-17 -6.7949362716121723616e-16 -2
849769.85626283369493 3645 5.0051583328052270382e-09 6.1847584868908169554e-06 0.47319089179169154802 0.15816982405517587829 -0.026741049531508451209 -0.45264309123170437532 1.4071397053611871542 0.0031656439227039918742 5.1142134747706119648e-16 2.1099761221979122046e-16 -2.1624983512988389569e-16 -2
852665.42915811087005 2656 2.2107298114230489112e-09 4.710084453883856276e-06 -0.3738577780218492741 -0.32856689017572116018 0.00069662039518376300037 0.96597847530933267368 -1.1177912433640870837 0.01968085690179017036 0 0 0 -2
862362.15195071871858 4913 1.1131724816186141164e-08 8.0730496908321565917e-06 0.28376453529932987863 -0.40870813917616261035 0.0013566684032953134874 1.1916632459033045244 0.82970549456138065203 -0.025968441449378962954 -1.7905052292357548588e-16 -7.7589989515102413181e-16 2.200432258437121623e-16 -2
880238.52156057499815 6664 1.9822061232646879108e-09 4.541853024042586633e-06 -23.638551785541810801 -43.828704029242857132 -4.537628147489424002 0.057493360415614341852 -0.051879839466808450044 0.0019768150228411354892 0 0 0 -3
892567.60574948659632 149 1.8091427768495647607e-09 4.4056272791191726325e-06 -0.05308504145446840683 0.4968661108647191571 -0.015779219469981183022 -1.4476135290525720123 -0.14339952223263238706 -0.024225161620305555449 0 0 0 -2
899571.28542094456498 1451 1.6780765331469500242e-08 9.2566546183394519986e-06 -0.48805635535042868334 -0.086797369239411795161 -0.019797704467559237157 0.27222681456486158558 -1.4516636947988919015 -0.011060096568619186622 -1.4046335553996545454e-15 -2.222428295189535287e-15 -1.8173153946674124519e-15 -2
904801.92197125253733 2195 9.9473018930533090442e-09 7.7759221622498654922e-06 0.41348977628339050883 0.25931078167124727019 -0.00066103575523663638848 -0.82403788444163428295 1.2353054021872278412 -0.017343319489996067428 3.2265316909516174869e-17 -5.6339240528359513145e-16 -2.1942652946906942615e-16 -2
916897.87268993840553 4950 2.7453785792352129669e-09 5.0627236114183064039e-06 -0.49131002046784527648 -0.082394801425035732456 -0.00093106137109447801789 0.231548548962980133 -1.438163628837017205 -0.055574788243920827946 0 0 0 -2
919156.84599589323625 1977 6.3494296002368593676e-07 3.1076233488498878916e-05 0.42674376710681782843 0.26044239930708862341 -0.00016133887111266262773 -0.73897578766415572549 1.2134292088472575788 0.00013110563946106204981 -2.6296748475274623492e-13 -9.3339287245879656694e-14 8.1512748127308627693e-14 -2
942511.9671457905788 4832 4.8311148994780190367e-09 6.1122239822992843419e-06 0.10431528027907489842 -0.48895895788737303578 -0.0057277977884189661476 1.4059953371121640675 0.28833215101740583552 0.0096997955298342847241 1.9082328483743335676e-16 1.7054028683361394489e-16 -1.0443164027474789376e-16 -2
949256.87063655036036 4376 1.1294206598048869713e-09 3.7653213571124051324e-06 -0.11436167247119648216 -0.48560037794058913407 0.0020724344041656876311 1.4782343908115682662 -0.37412265624340707015 0.011215715375950828861 0 0 0 -2
949688.0164271047106 517 2.2195364777802219529e-09 4.716330533578675719e-06 -0.1454049517416297066 -0.47783107507062705377 -0.012705189987171116098 1.3840340262928341186 -0.43145454105589231553 0.024571578383347402602 0 0 0 -2
951770.13552361400798 852 5.9884842961689619099e-09 6.565822079764875024e-06 -0.29330804618056621758 -0.40129412975560152521 -0.0087712926834158776862 1.1946111000250780876 -0.86883279089986786836 0.011521297546831822667 2.5791918793152117043e-18 7.4220145905656938727e-17 5.7753435693243030009e-16 -2
954634.11909650929738 1984 2.6496597678427019381e-09 5.003188230077351566e-06 0.087375100294992430472 0.4920893681742699588 -0.012077951621057748596 -1.41396839539898167 0.26114481433950581524 0.045484322286309018801 0 0 0 -2
955949.81519507186022 156 1.4790777266884219614e-09 4.119524949176599472e-06 0.4743371090095104825 0.08892012556742916185 -0.0054664977296499939197 -0.36104296766540239227 1.4905059667634636966 0.015179634213008599483 0 0 0 -2
959014.94866529770661 3428 6.3767818578681905291e-09 6.7047716592179817648e-06 0.42764053897262632731 0.25822623406884170905 -0.0040289446794956199419 -0.76028290270661225136 1.3136489619747933055 0.025026340085078278841 6.0930066006784025308e-17 -2.8358442740706957884e-16 -1.899856064562700272e-16 -2
967521.90554414782673 1151 2.9820459647187885477e-09 5.204211237747407552e-06 0.39257869911368931115 0.30686718082192188106 0.0010933347504170421501 -0.9029427707989877705 1.159596351639058831 -0.0027151530601777097013 0 0 0 -2
967833.23203285422642 3023 7.2563327930981472106e-09 6.9998575574963602282e-06 0.46022985207301869703 -0.16594611781233542525 0.0040175818800495090646 0.50842094002383741991 1.4297448780349275577 0.038343837338826673722 1.6953053786465097071e-16 -2.2262036077224783059e-16 2.0359527959032220408e-16 -2
977718.3080082135275 2741 4.2753844910807434403e-09 5.8682489657306959884e-06 0.49690882267801744776 -0.048483691278053693552 0.023284399611976036581 0.15298416277444643052 1.4477304821986867189 0.013204047634931300251 -1.4311912683967141248e-16 4.1949136180166609992e-17 5.4646294433700859085e-17 -2
979604.33675564685836 3458 2.206524187497108836e-08 1.0141130448437152541e-05 -0.40379910170598320995 -0.29483637018084363213 0.0026718762086032524054 0.84307955634820130886 -1.1778473886230844681 -0.011336264741896253175 6.8884549792351492934e-16 1.6367815281046272383e-15 -2.5463724708666610776e-16 -2
983132.32032854214776 2246 5.2289811217378323265e-09 6.2756083139744339873e-06 -0.1777398007120572776 0.46577274637530047263 -0.002513728450317474078 -1.3537539948327192985 -0.51054233352730382656 0.0058447918243088323523 1.6795553821551728886e-16 -3.3526484550075767524e-16 -1.242858306547587476e-16 -2
983545.82340862427372 4627 2.3501852509699836916e-09 4.8071112224010204919e-06 -0.4899582395672643087 0.042482197217935328826 8.0410828868265917771e-05 -0.10717908397462418135 -1.5104499302115650394 -0.0059173875499164063294 0 0 0 -2
993865.06776180700399 2390 3.1679697552649414164e-09 5.3101951366210383448e-06 0.20910849213395577006 0.45171601994735077756 -0.015222822480984483581 -1.3550945990453775458 0.63862983202608358813 -0.021974772388030250347 0 0 0 -2
1004722.1519507187186 2025 2.6325328660204175002e-09 4.9923850310377627004e-06 0.48684461391217148662 -0.02170378780020070994 0.0047276311023114834381 0.0091032737844363772334 1.4674046562378963987 -0.050902543278796986981 0 0 0 -2
1009622.7351129363524 9 6.3571610528630817079e-09 6.6978879271033708439e-06 0.44902062268933989886 -0.21774550743696594046 -0.018882328946657169627 0.62724674963822613094 1.290012327492371158 -0.045856134212069063483 3.2029700394272901893e-16 3.5105612572662701421e-16 -1.8259733100032999663e-16 -2
1024557.963039014372 2576 2.2360705354545561345e-09 4.7280127393202886008e-06 0.49854649607285567159 0.030222863064203034367 0.0056416899295556651589 -0.054128901841122414873 1.5128976926223483002 0.004007130448962869726 0 0 0 -2
1027795.1704312114744 4284 4.7787146864777743125e-09 6.0900450551928268295e-06 0.12272030740332945387 0.48381189773191252135 -0.0099459004992694336617 -1.4380338074795668835 0.3813892291810166979 -0.027505077142753034392 5.4978884510626204566e-16 -5.566406045718119196e-17 1.5697908484851218657e-16 -2
1050184.3613963038661 4333 2.5963803432544887127e-09 4.9694261679554963261e-06 0.052603147195433269667 -0.49437477475589586273 -0.0007038672287243070199 1.4843226203979178468 0.13097835495016718621 -0.017033675549553310702 0 0 0 -2
1062540.3367556468584 4134 2.1664183590962469732e-08 1.0079312589929843155e-05 0.058991368664528004429 -0.49597795349777096252 -0.012875692595439898122 1.4770286921693041027 0.15531300577643808447 -0.022263135327201661467 3.0144520226779322465e-15 -1.0559298433106356466e-15 -5.3087688547926146697e-15 -2
1063695.9014373717364 4101 1.8598190922150397271e-09 4.4463847402534437166e-06 -0.1007192137936644416 -0.47844523825107232451 -0.0020610252226281196818 1.4553355800896214944 -0.24203012494922818143 -0.010687634506902616779 0 0 0 -2
1081228.6652977413032 1658 1.6264395503622119278e-08 9.1607165878457483651e-06 -0.26563010609471815471 0.4228521702236505142 0.023504719228777906648 -1.2272389986123111161 -0.7581379281626522415 -0.04806748482898011432 9.897281358766504271e-17 -2.7159752550202789263e-15 1.0280379306799077903e-15 -2
1084102.6365503079724 3575 2.75010398598056814e-09 5.0656266373432010228e-06 -0.18599630387701671097 0.4544406842812922509 0.010068896534433362938 -1.3129147520134329952 -0.60501501827050785387 -0.022942280815359067381 0 0 0 -2
1091401.42915811087 2273 8.9532941934616851615e-09 7.5077722561820558407e-06 -0.23525381838069250873 -0.42941505344999741922 0.0021185651428404792332 1.2948349243613550552 -0.66441122640397021204 -0.052305709210469675252 -2.0758102546042105908e-16 2.1564929696626528242e-16 -6.6023241744361758715e-16 -2
1093326.8501026693266 1015 2.1914550568275970347e-09 4.696355827202647131e-06 0.47315612403457657509 0.15562316733372716371 0.02902571240816424758 -0.45315428338901025951 1.4156532193673285747 0.03155330814811904 0 0 0 -2
1099410.0698151951656 2549 7.1317464196942425827e-07 3.2303439733065043436e-05 0.40786432699293984072 0.28883715290115397067 -0.00024906653814002591195 -0.82041782145323283171 1.1635354017453609643 -9.3151073047129037956e-06 6.9335159545639277916e-14 1.7726905150153689863e-13 -1.2433265807296685685e-13 -2
1102480.5913757700473 893 2.5862170736497977254e-09 4.9629335828120153432e-06 0.43604617640273979351 0.22155056944111753414 -0.0086425907590167872635 -0.71442487574711543985 1.3245611552703553393 -0.093759916606634116643 0 0 0 -2
1107724.435318275122 6541 2.8039192397440892374e-09 5.0984555649732312581e-06 -7.9191396839609735636 48.863681228377551236 7.0730126658391494487 -0.083489819457228983679 0.007329907558592606287 0.0054521250754886278755 0 0 0 -3
1116021.0759753594175 2673 2.7653267876685790087e-09 5.0749561249303252818e-06 0.44508768596977626997 0.22762084015278741256 0.0056626305955010608831 -0.65241977934661010696 1.3370142162917750817 0.0072849848374808810758 0 0 0 -2
1125334.8501026693266 3091 2.4844473409364145454e-09 4.8969620354975576426e-06 0.44510137292928486641 0.19372223069488958558 0.0047420939806199881653 -0.64146916458138270034 1.301158204844326205 -0.0074403209818725817709 0 0 0 -2
1129992.2299794661812 405 2.8140250488132122577e-09 5.1045734589219024792e-06 0.34604534556917049271 0.35999015106956905319 0.0021671956500793269733 -1.057249475827218621 1.0397811393145299785 0.019606555460422132181 0 0 0 -2
1167582.948665297823 1456 4.4908543496459751741e-09 5.965219951059688006e-06 -0.41522552267460877129 -0.27518808117400683777 -0.028432392567636587816 0.80133599062874227847 -1.2385240299427833222 -0.079215177378180942624 -4.2147257629210279131e-16 -3.7804237227653300376e-16 4.8965641267399314132e-16 -2
1180725.0266940451693 986 2.8267732345788399443e-09 5.1122701483388960608e-06 0.40531968753254649096 0.29177883387299580198 -0.012807436626622203946 -0.85310810435128769935 1.2181030204914600201 0.035565250324631730861 0 0 0 -2
1186908.9117043120787 3941 2.6721101167727340632e-09 5.0172790418324748934e-06 0.40594495336847807865 -0.28966015967096270245 -0.001230520399297488441 0.8828804915989246771 1.2108611113892362443 -0.017406220579517781011 0 0 0 -2
1187892.5995893224608 3156 2.7526009397996041609e-09 5.0671592835834042712e-06 0.13179750434318851515 -0.48136751950239337061 0.024041551135790088789 1.3845484892019668255 0.37054453690035388247 -0.022391289145664964449 0 0 0 -2
1213100.4681724845432 3026 2.1344306970996486114e-09 4.6552623166098088971e-06 -0.43719832914155132286 -0.23545321032009738915 0.00053156738975749422485 0.70159171236599582322 -1.2961217618738121171 0.017325492362020064596 0 0 0 -2
1218297.0349075975828 2355 1.0573741667049367473e-08 7.9358424456853750387e-06 0.36884130518130203713 -0.33661689462539567952 0.018109731271926159113 0.99184870777399791741 1.0702165797989335871 0.017138913660342244838 -4.5679819520195458142e-16 2.6405079738836201754e-15 2.2671831289363426731e-16 -2
1253174.6036960985512 4353 1.1098006274207146967e-06 3.7433904413953964744e-05 0.49827597111978844113 -0.041301955618759392252 -1.5797761716090719987e-05 0.11775487605085382947 1.4114364792834277473 0.0001748606843299765185 8.5361903021443439354e-13 6.5637140278634573563e-13 8.0405355659847419313e-13 -2
1255497.067761807004 245 4.5136139891628579395e-08 1.2873350978613379023e-05 0.38100873580530630891 -0.31744842962422725741 -0.0017966291876750080207 0.93134490848373396865 1.1376214763261125462 0.012387823702736572989 3.0896748562749174392e-15 -3.1392274838064325376e-15 -3.049816508052979428e-15 -2
1278347.0882956879213 4478 3.8776719788552441131e-09 5.6803334132286883437e-06 -0.49747217236337348822 -0.038061737846945956076 -0.010282444951520506443 0.069084720543379635194 -1.4992994163107820071 0.067958292007875675811 2.382472134833721974e-16 -1.4548967811811211748e-16 -1.9211178988441149314e-16 -2
1295553.0184804927558 1013 6.6549406391526603066e-09 6.8008761661326255774e-06 -0.28196307803923437163 -0.4125049023080368249 -0.00031645392216135114632 1.2451291035888336634 -0.89553632361287449637 -0.0020650552816874967813 -6.9843716214950129357e-16 1.0884626583698209656e-15 1.0206865546298629674e-15 -2
1301418.2505133470986 3182 9.7265231556706715518e-09 7.7179627840024514653e-06 0.19647644540185235651 0.45951707896940752196 -0.0051614443363618266875 -1.3377759510737137205 0.58622574356815160268 -0.0041523818685178211577 -7.6753438250253586221e-16 5.3444834579317502702e-16 -7.8665150126450882734e-16 -2
1314384.8213552362286 1656 8.5440713890761631616e-10 3.4308765736877362092e-06 0.23880194190995734926 -0.43844540057901904007 0.0040799159586836367467 1.3348053659886602862 0.69885413780926153304 -0.067457368252831759192 0 0 0 -2
1320644.9445585214999 2358 2.6127088765104130012e-09 4.9798219136922422591e-06 -0.49699407372285464568 0.042405581889159792153 0.0023011111079698507234 -0.16042010554808994183 -1.5179485613996286375 -0.0064962647450467064791 0 0 0 -2
1346723.548254620051 4785 4.2288831845399713631e-09 5.8468959857325666346e-06 0.25060464006386151681 -0.43249110719553834903 0.0052641827492421484208 1.3105650379123985338 0.72812905034060748655 -0.069864697861427724201 -3.0001381118054550279e-17 9.4791281054671136438e-17 -1.3051160217440464174e-17 -2
1351198.9650924024172 1095 1.8931268710631346799e-09 4.472771497040599162e-06 0.32461276712800612998 -0.3802224670055320277 -0.0017598861551112645468 1.1675991800381984032 0.94244357521066934869 -0.07529903188412785664 0 0 0 -2
1361704.7556468171533 3823 4.2847856088228898662e-08 1.2652019053808637503e-05 0.49896306169691967414 0.030075552260271590926 0.0089439516270954783073 -0.059621103326353702689 1.4959258847598522202 -0.029659502805748704651 -4.0667884185434340608e-15 8.3634659810483875957e-15 5.3045825965635028207e-15 -2
1379374.2422997946851 1582 4.6234557195779811754e-09 6.0233630332328331073e-06 -0.27431316065524774528 -0.39410025270439708045 -0.019338473669122786813 1.2926903640475388979 -0.80810972630238775416 -0.0015379849131247030729 4.0626120006810992235e-20 3.3233574534259963559e-17 -1.924205942546673378e-17 -2
1403282.4147843942046 2180 2.4308156416453864224e-09 4.8614685343433782142e-06 0.066394072992456559801 -0.49499475422127137136 -0.011463768133711466427 1.490183811821637061 0.16425047165279818562 0.046206508424186047701 0 0 0 -2
1424506.9075975359883 3771 2.0512810517119961685e-09 4.5940092062474176019e-06 0.27515445159168788747 -0.41626423793045502775 -0.031446978523072363632 1.2423393379857536889 0.79817024913097511796 0.0053659934483247075446 0 0 0 -2
1434814.4394250514451 2094 1.5102600550216606043e-09 4.1482735146177521495e-06 -0.46552645381960677806 0.18144195418623687566 -0.0044290170334962061793 -0.55422275017666877694 -1.3653609526015819675 -0.0074903485823982597983 0 0 0 -2
1449480.8049281314015 3650 2.9250488487472539786e-09 5.1708409497005723744e-06 -0.10354096356342130936 0.48700299243778344405 0.02672418508664787043 -1.4816556991164029355 -0.29020536324119783345 0.0058773653271352553629 0 0 0 -2
1454418.1026694045868 737 2.5522484884126944252e-09 4.9411092544196403575e-06 0.49357641009651531672 0.079404332486968806637 -0.0035095209684239095545 -0.21792083913588214394 1.4336128154857261663 0.0052866923385011766953 0 0 0 -2
1483232.6735112937167 6769 5.2144843917355401951e-09 6.269803486345313978e-06 -0.3146545387444296682 -0.38767510317468306669 0.0054807859993322828943 1.1278242465636407754 -0.94540969653920836624 -0.00090759441429492969996 2.6549505689979998989e-16 -5.2664434209192806815e-17 -1.5189663900976045942e-16 -2
1486056.0985626282636 4205 8.3299835293585561994e-09 7.3293397303172216578e-06 0.44501583173480474542 0.22324186633924536505 -0.0010371666851011528479 -0.65041888296321981322 1.3056307924278367505 0.034231259357446898461 -2.0463214449417809066e-16 -6.0841479535030737602e-17 -1.8550823863731832196e-16 -2
1494612.5503080082126 2296 1.579246595185263984e-09 4.2104978973023603331e-06 -0.11362491958927214974 -0.47774796994369894687 0.03004930053836721987 1.4375071587883292423 -0.2926714946043331711 -0.031109757195885157088 0 0 0 -2
1495663.5564681724645 2635 2.2447719748680751384e-09 4.7341376604135603897e-06 0.35376983623512869848 0.35224212766570706101 -0.020267748651844927354 -1.0439555173445784764 1.0874058089639828673 -0.032684793757700815464 0 0 0 -2
1496779.3182751541026 2814 2.617807079999448167e-09 4.9830588670047693911e-06 -0.19697894088555739645 -0.45917172146280782474 -0.01661611325140313622 1.3617290955458682955 -0.60829692291902714985 -0.08174345005400550368 0 0 0 -2
1507195.367556468118 1362 8.8981310903806522404e-09 7.4923214999902242801e-06 0.46430818005160567896 -0.18279299984726851691 -0.015314235728767994563 0.56120992776451850137 1.3749511085805365962 0.02392898919468858937 1.8625882225530324403e-16 3.6383804203068255671e-16 -1.4985776840392660344e-15 -2
1516091.9589322381653 3066 7.2868569263833243859e-09 7.0096589127334085794e-06 -0.20517684109413261706 -0.45582446243317131795 0.0030545335440604957748 1.3446892520593862752 -0.63877745228535065536 0.011435076054035963819 5.6466600729794323066e-16 8.5760599879690623834e-16 -7.7225281334977256557e-16 -2
1539445.6509240246378 5264 3.1603104641748485873e-09 5.3059121461720384322e-06 0.49709473572771045724 -0.04950174778951699911 0.015530500285037046951 0.19057812946372776342 1.506363028257170722 0.0038738841923774379461 0 0 0 -2
1560516.1232032855041 2735 7.6502595740637344033e-09 7.1242999402204258352e-06 0.2681963072162766859 0.42073613013594940435 -0.0071049404107838640826 -1.233687300428228939 0.80895697997400495272 0.026434290396890235131 7.0447106303187230055e-16 3.0451093979888471473e-17 -2.2977166208281271557e-16 -2
1580552.180698151933 4580 1.3556540466358567135e-08 8.621174387022964e-06 -0.3556539158516215382 -0.35056421342432914079 -0.0039238996594592083847 1.017335794940459337 -1.0827992646272890376 -0.066163432394963736516 5.9857135344880436159e-16 -1.2234649002524093296e-16 2.9162474181299166522e-16 -2
1594491.0554414785001 4372 5.0027552473259442158e-09 6.1837685160405624164e-06 -0.45657850827373225311 0.20304883251066738192 0.008442311249884570587 -0.63503451501207208718 -1.3570475320536272701 -0.026252640316898608747 -1.9900995320151752284e-16 -1.1440799827307741071e-16 -1.7580340300778091661e-17 -2
1620473.0841889115982 4531 2.8161467112930777525e-09 5.1058560181379334023e-06 -0.31864118997282026013 0.38522945591995771952 0.0065632126252426056454 -1.1561170614429054915 -0.92871955270156303364 0.008591597710611126662 0 0 0 -2
1621326.2915811089333 4169 4.4072612997597668353e-09 5.9279755679143252949e-06 -0.48561732054417927618 0.079035232133912475261 -0.010259513736540323142 -0.17673749933579174787 -1.4466861293087791562 0.0041747303049218323356 -3.3404767014123610356e-17 -3.2824663571236972103e-16 1.1723385067483962136e-16 -2
1627332.4188911705278 1948 2.4449077103576595809e-09 4.8708448366417422622e-06 0.49692775954029266838 -0.053574805537871111882 0.0092083540383197486079 0.16370709770117872206 1.4331332299228607408 -0.079768444718391978698 0 0 0 -2
1634911.6221765913069 862 1.0607977641343583098e-08 7.9443981869671639222e-06 -0.33090753196217714827 0.37451260586606066605 0.00031427991577412427507 -1.1480117003167211731 -0.97575989440914789874 -0.021016877342616167856 -9.8906937658786540877e-16 8.4919695741359688281e-16 1.9198393826099084059e-16 -2
1641443.6796714579687 5856 3.1420562899990193986e-09 5.2956766406421076568e-06 41.288035052583389017 -18.794216337316456134 -21.029020362583477066 0.042936369960011273872 0.074586171266305942296 -0.0065602989072116296015 0 0 0 -3
1657300.8952772074845 3167 2.1419552775294807361e-09 4.660726351797493051e-06 -0.022282993007335143848 0.49908477502231368694 -0.018050563643311434009 -1.4511780358557178072 -0.0480344550072809226 0.00026850586241587514171 0 0 0 -2
1660674.8418891171459 4557 4.2456126116228398828e-09 5.8545959318038160406e-06 0.25333032349200312883 -0.42980409914934342153 -0.021639915793490591828 1.2757133460089358223 0.7202643041986982464 0.013449693102642403669 -1.6790238591007820014e-16 -1.6653123294879077494e-16 -4.8690407507956938162e-16 -2
1664008.5256673512049 662 3.7806837432159015466e-09 5.6325742015544364108e-06 0.49993640280483164773 0.0004023174238585842076 0.0026555967793715951238 0.019167972018978143844 1.4770197510058706847 -0.007817042009100419811 -2.9640532323702297915e-17 2.2157332130617331857e-16 -1.536986218546809541e-16 -2
1775751.0965092403349 4050 2.3709044735994280556e-09 4.8211964018339425493e-06 0.49500136724479620876 0.068179776406185818582 0.011111472197137373108 -0.17816635306557207508 1.4855018450002894781 0.086504025840551584947 0 0 0 -2
1791010.3819301847834 2145 1.3550967751433483012e-08 8.6199929171660642871e-06 0.37648584202634455265 -0.31727588157205788288 -0.015633136965212224984 0.95047282687576306603 1.1561122102133698508 -0.081801349590417224422 5.3821097827290258889e-17 1.7261815487780016972e-15 1.8426902920136793983e-15 -2
1842837.1252566734329 6881 2.7167759247321342514e-09 5.0450802455825863012e-06 -0.4723548215819385887 0.1638758257320231948 0.0046279286958845963773 -0.49147494507594935431 -1.3703528787390608645 -0.0024359240035371032378 0 0 0 -2
1893709.8316221765708 6014 2.0642168340568124725e-09 4.603645886583909857e-06 -0.02690235837843569025 0.49770399779546847796 0.00040415176069633800601 -1.4830851020095756621 -0.062911974726434227723 -0.003494645979421923121 0 0 0 -2
1948568.8706365502439 4673 2.0080642727411723128e-09 4.5615174594807430649e-06 -0.35230469509007789064 0.35414184003711735027 -0.0014818952380346867969 -1.0563450499521676029 -1.0138620360365866446 0.072900728736085051995 0 0 0 -2
1955570.8418891171459 4216 5.6710741163582199878e-09 6.4477062920223155785e-06 0.33011382920089227255 0.37488376998330635859 0.013485181632686544378 -1.1138974677324600115 1.0185797058496783851 -0.045669543478569205042 1.1649892833294418207e-18 3.2467297061544375456e-16 4.4698294987329570457e-16 -2
1963560.5256673512049 6561 2.541262640711937132e-09 4.9340095872546357316e-06 0.22574783927278518902 0.4458514828413682185 -0.003930123353128225222 -1.307978102162065559 0.68145342885669935029 0.019371732745772748258 0 0 0 -2
1975903.7207392198034 1182 1.811523130607031715e-09 4.4075586460237712062e-06 0.087534009683082655839 -0.48835395003763792943 -0.00051989837581329029301 1.4732937814551427813 0.25920471687613771961 0.038502711855725471612 0 0 0 -2
1998982.1930184804369 3787 5.0922289049005078373e-09 6.2204162080535215897e-06 -0.45595296850524258403 0.11368462317687186292 0.00032231196751333554551 -0.27132869947822629841 -1.5369315813477038013 0.030829696545747058839 1.1597054132030727786e-18 1.0523841554433899661e-16 -6.9722159492098544952e-17 -2
2008112.6735112937167 6932 2.1940971315725112252e-09 4.6982424184737494433e-06 -23.756956859939762694 -44.01206054417837521 0.26895394080115170299 0.013257464603986957724 -0.10296743254071727414 0.020434923098637827743 0 0 0 -3
2027984.1642710473388 1216 2.6876164610980463414e-08 1.0830268804980242652e-05 -0.15259775861456764678 -0.47541123381993893871 0.024583533090596920018 1.396784813259360547 -0.47102340165786815707 -0.040098459554723360487 -2.4124132762592124058e-15 2.0331648408928189717e-15 -1.1075136200873198651e-15 -2
2064508.1067761806771 2063 1.5719815806178005108e-09 4.2040314477010291835e-06 0.37548143520148064001 0.32560509723988517727 -0.012729790896737152792 -0.94221181131933129382 1.0656915947705216663 0.037121396520081582915 0 0 0 -2
2071791.7535934292246 6636 2.9000704549521297714e-09 5.156080090032532894e-06 29.449851077948558498 -40.411576375277412865 -0.085187961073559234637 0.070224643463411492994 0.012421024103562019331 0.0034942808780660315586 0 0 0 -3
2072920.9856262833346 6178 3.4018748866633043975e-09 5.4377960819349688634e-06 0.013698793626202205448 0.49923372587299835734 -0.0022485681987906981465 -1.4852581916918328186 0.072188063869682045359 0.0074877051477238321803 0 0 0 -2
2105778.5297741275281 447 6.733445003227554837e-07 3.1690511148779007165e-05 -0.4067510896575941004 -0.29064282150076053979 -3.9535198694059354389e-05 0.8254429975287093102 -1.1588020071586389026 -0.00017485911035429173191 -1.4555307700235321969e-13 -1.1056452958284415878e-13 2.74186003488258134e-13 -2
2208762.6447638603859 3064 6.7424006056694210451e-09 6.8305392205669052222e-06 -0.44760576772715920946 -0.22086962897858905541 -0.014223064203864363431 0.63891338130041541721 -1.339236821297669966 0.082447341438682181236 1.0559907871973239153e-16 -1.9546605888813503568e-16 -1.283444577242480272e-16 -2
2219322.5297741275281 2354 1.0797924322359577867e-08 7.9915354723814252725e-06 -0.2016451059026024839 0.4547750795718770167 -0.0021496067876085925806 -1.3157582091621926601 -0.58702726353049972108 0.00093700005856000114814 -1.4543146739763921402e-15 -1.5062412997182839259e-15 2.3140950794670325285e-15 -2
2227374.9322381932288 3928 1.737725593807502884e-08 9.3650594272134783658e-06 0.23130093717735603076 0.44116950087991868568 -0.0010068631629657764925 -1.3056996982640149962 0.71057632593988939718 0.034568461446794082614 2.9421825313577198968e-16 -5.5209566409877417091e-16 -6.1232872643549478953e-16 -2
2258160.6570841888897 5905 2.2493131960831560225e-09 4.7373279302797858203e-06 -21.268696149567855258 -45.258119822283767064 -0.48445351368958672333 0.03229411451073196937 -0.081664869352369995337 0.0015803327031495653134 0 0 0 -3
2309833.1498973304406 1135 2.8243546562623915873e-09 5.1108117182137239833e-06 0.4974453742497396691 0.0018024859824353237862 -0.01411158802868046902 0.011585085464819648224 1.4574632860719891614 0.1250557682070049248 0 0 0 -2
2331980.7310061603785 2126 1.4920213710215263722e-09 4.1315069373447248617e-06 -0.028934332743597503124 -0.49900970914503661735 0.0034417846444835730954 1.4740540243213806626 -0.10394354508148359595 -0.00068309869755688653204 0 0 0 -2
2333142.8172484599054 1985 9.8365604906327481982e-09 7.7469584628468381231e-06 0.47615655386664668125 -0.14937592918498762695 -0.0241956767697243183 0.4701902138994631386 1.4160369399384160616 0.059366818554967691612 4.2804884936768906771e-16 4.7259192916957884677e-16 -5.2323527394165825472e-16 -2
2342450.8090349077247 2713 2.1223979412607154393e-09 4.6464978831276414594e-06 0.29800693080977275207 -0.40042595135064040779 0.024182981704335200501 1.2044342926889133327 0.86892351420827662611 -0.016878738073480538395 0 0 0 -2
2347532.1067761806771 3527 6.3793838199025728208e-07 3.1125025500001569456e-05 0.49856643302877218238 0.031367944833573427332 0.00069198318984801769627 -0.085242407099737960152 1.4397336351806133692 0.0070470313141171797913 2.6094133324166735194e-13 3.3439309493245522392e-14 6.7812750397920911458e-13 -2
2394440.7885010265745 599 2.0365078876825771869e-07 2.1272188391891597197e-05 -0.4813246663588929275 -0.13452639294229695732 0.011426541022074869838 0.37277173110163586145 -1.414897731891578303 -0.042397925118575832681 -8.1683393929135053375e-15 -3.6171269780764047086e-15 4.7020725974133705181e-14 -2
2430266.1848049280234 4600 8.270886494709298503e-09 7.31196592209397522e-06 -0.28554872210493537077 -0.41030435946903470734 -0.0081251594383588542775 1.2389132957686472825 -0.91153903739927366612 0.024620675041983491188 -1.3626862480632290816e-16 4.6080467520844294537e-16 -1.4242139788132187182e-15 -2
2433457.5112936343066 6926 1.6799782678254761417e-09 4.2981809299940519793e-06 -16.090697092597281426 -46.364916858636547659 9.5817567870252648987 0.05312358389470071135 -0.045657118971406049357 0.003237850745168888416 0 0 0 -3
2451518.5708418888971 379 4.65583953909152567e-09 6.0373933648108316717e-06 -0.15562159117118901097 -0.45694281390622765171 0.018990901398358007307 1.4304786383529142224 -0.40306411266655778336 -0.083264162734462632276 -3.3714907507467962259e-17 1.0392087374188689069e-17 -3.4544950371080580408e-16 -2
2456837.6016427106224 4267 1.0421744866141501072e-08 7.8976330430521273602e-06 0.15246299791942283242 0.47572327925581092689 0.002716495226217450782 -1.3802821079457150422 0.46253193224250782611 0.0016591077794091751638 -2.3162626218182977771e-16 -1.1714324841113534481e-15 -2.4937820190696676374e-16 -2
2470356.1560574946925 4720 1.0061488429152435589e-08 7.8055626839448234445e-06 0.24065269887024878792 -0.41605384176222359738 0.0069932379061572302187 1.2328996850909821337 0.84121090728453795649 -0.0027054264139473602549 -3.2797001863872089355e-16 1.0600852954625358655e-15 5.877626387801658712e-16 -2
2491095.9507186859846 6177 3.0122915420839194067e-09 5.2217467589846401345e-06 0.17189506911147414692 -0.46520409606361062815 -0.012542592875434464481 1.4066249124947911575 0.50297121883645845575 -0.10240389778065728255 0 0 0 -2
2504676.7638603695668 375 5.5270118967678199942e-09 6.3926403472548141212e-06 -0.45798506440647573923 0.19209872902508917658 0.0026729113895474863188 -0.55852868354908369319 -1.3537244507095667068 0.043061230525872067065 1.6489793307151826748e-17 -1.8394249855589967073e-16 1.1569133975519113648e-16 -2
2509323.8275154004805 2111 3.1821933073036635623e-09 5.31813051120220306e-06 0.46456365148936668019 -0.18091663488589732056 -0.024210245202813878568 0.53530414868638143133 1.3593310012691206534 -0.073397382980434522359 0 0 0 -2
2663136.032854209654 6157 1.7628051989623746677e-09 4.3676877157248756881e-06 5.4929372888498910754 49.649949277604186193 -2.2942428940031187601 -0.057152827195324246157 0.055677324824335037989 0.0023542185179988390706 0 0 0 -3
2694368.6735112937167 6939 2.4154252407847413818e-09 4.8511868809561139326e-06 0.030103895597875414414 0.49804038207163103813 0.015571088399713382475 -1.4837253886485741727 0.11995357695301657464 -0.004038425957009516773 0 0 0 -2
2694958.8336755647324 3430 5.4575258787850219395e-09 6.3657377011291582932e-06 -0.35893040749895538388 -0.3470806457194120509 -0.0055327730109446847731 1.0220626524628046994 -1.0831480186278348299 -0.03038156480688010419 -2.029833560613275546e-16 1.4820025970290186797e-16 1.2218903114534037496e-17 -2
2698910.9322381932288 4053 3.4780725129052696341e-09 5.4780965518298601954e-06 -0.17921608562914873031 0.46552844279505056768 0.022750384192225601987 -1.404245066110481277 -0.5139432341740645116 -0.011968889518513173287 0 0 0 -2
2725488.016427104827 5638 2.8299113780217278205e-09 5.1141612449644127707e-06 -0.073654138666391491541 -0.49360478707033733636 0.0080037645480532295522 1.8416010195676593142 -0.47648574513133573616 -0.033986892278986033378 0 0 0 -2
2730428.8624229980633 6987 2.1927244674415275849e-09 4.697262447546042064e-06 47.73097261101137434 -9.5227027013511360565 11.451738663394904094 0.0158935006762431566 0.06220585644032035344 0.014855229052471517759 0 0 0 -3
2746584.344969199039 578 5.3798722541323294845e-09 6.3354012535404685737e-06 -0.34337358526791400548 0.35066837292253127956 -0.0086661788396360257131 -1.0051507520530806872 -1.0649741176531821729 0.13599114382281174418 -3.3810269838412495013e-17 3.812190842369437478e-16 -5.1712500599330012101e-16 -2
2750787.5975359342992 5230 2.7380901232475488451e-09 5.0582394526700340641e-06 47.10224864989441329 -1.7903962424782404739 16.69302725342048177 0.020699359171214203046 0.064558688968763641713 0.029488893922382276858 0 0 0 -3
2796246.6694045173936 5149 1.7567525505074278918e-09 4.3626831180260019276e-06 0.01558379969728811848 -0.49914697547748015927 0.016398137081393961145 1.481926045655337143 0.022893747893881578881 -0.068921061220824100801 0 0 0 -2
2830339.1704312115908 5909 2.2446918812377597021e-09 4.7340813549497797762e-06 -0.13318731820795398635 -0.46064163445263189844 0.010363991124688538489 1.8437106419698312543 -0.63489999143008879479 0.0065923189224266001696 0 0 0 -2
2859340.0739219710231 4207 1.4451484467609822409e-09 4.0877810421775776067e-06 0.3561824710211451972 0.32495264143200175422 0.00096175427756516583284 -1.1232414355050357457 1.0592343280592362298 0.012623621791129425659 0 0 0 -2
2859538.3655030801892 3722 5.1262529696477037256e-09 6.2342395074990953341e-06 -0.49068319720700215303 -0.095043565091086759655 0.0011518290520733023147 0.25391717827284471243 -1.481387261009974976 -0.0067731995201869843459 9.8540830034019595256e-16 5.0861099218036915508e-16 -2.7643916863525610211e-16 -2
2912471.4250513347797 3008 2.6094652061114190282e-09 4.9777602488449100899e-06 0.24785633737788556608 0.43236045407919598826 0.0016987507268834036844 -1.322449235701619541 0.78792597594537572281 0.047913155462107448468 0 0 0 -2
2919567.9178644763306 2834 2.5582374789291088088e-09 4.9449710962572441777e-06 0.26319211719208540634 0.41655937987168267789 0.021695448288104289547 -1.2847141840256055545 0.77208482597193450747 -0.06982287418379438948 0 0 0 -2
2941550.4887063656934 6306 2.4599726096038487082e-09 4.8808286608989299353e-06 44.354030133665631297 22.288621691480326348 6.0423587715097637485 0.011491619204463645459 0.077156637091974414333 0.0061828126795571832983 0 0 0 -3
2964390.5379876797087 6338 1.4445905585889184713e-09 4.0872549559195618335e-06 0.49514266039535215214 0.064518833753857529612 -0.019039672346789160429 -0.17811064853198446678 1.4515631449398895825 -0.028750581867595992325 0 0 0 -2
3104444.9938398357481 3159 2.3854655880313871056e-09 4.8310461960722420269e-06 0.25960920949058846618 0.42624103971174803762 -0.001295499913147401096 -1.325705678394005993 0.86155274213362142977 0.00099404399809070254426 0 0 0 -2
3141178.4147843942046 6043 2.7409209015957401339e-09 5.0599820082985001301e-06 -0.29843016348700285301 -0.40063755310463244896 -0.0082506111281620189007 1.3990717196056119409 -1.2823061274173361834 -0.12210811159048673424 0 0 0 -2
3143213.4373716632836 5541 3.1293976861077771248e-09 5.2885553912990747669e-06 0.27262830550717487288 0.41292286067047379028 -0.052223991828254302805 -1.4693234267772812274 1.168063246504127628 0.077760467223534510128 0 0 0 -2
3159909.7002053386532 3011 1.1320030164853957182e-08 8.1183168942582429098e-06 -0.4171898047720289382 -0.27476456178468472435 0.017739986020322964788 0.7918969811548733917 -1.2233575278973380929 0.022535347572251195059 -1.6014848653517018551e-16 1.1587435975927719296e-15 9.7993530842220907603e-17 -2
3224644.1396303903311 5594 1.0243660387591048273e-08 7.8523900176829788462e-06 -0.32498822466476051662 -0.37913412989022698962 0.014778486358163056905 1.3046936353787139673 -1.3166413006190813562 -0.04933761983199579787 -1.0107897865018653322e-16 6.697250852408935038e-16 -1.7516328682604390388e-16 -2
3268480.7885010265745 6964 2.13589771789299832e-09 4.6563286122715636598e-06 0.20233497671442829402 -0.45520267778149803295 0.038889534803621922388 1.7892080368911211785 0.60668619616210239798 -0.098597122582330776197 0 0 0 -2
3269548.3367556468584 5876 2.6946991357952528716e-09 5.0313774550974848881e-06 -0.24406305197819888608 -0.43440280460196140089 0.0043505939335020385114 1.5477280432792759335 -1.033944490109646841 0.082777361678424796199 0 0 0 -2
3338352.0657084188424 6873 2.0773242643105096938e-09 4.6133694606102172757e-06 -0.26496505972675421514 0.41897434554241719251 -0.061369737308380176155 -1.6895413223358470844 -0.81181239351420719785 0.094749412064134980183 0 0 0 -2
3343189.6016427106224 6334 2.5275187236442265552e-09 4.925098631401498997e-06 0.06053403373082274358 0.4794794987052155566 0.09103379761385917146 -1.8433203149677670485 0.37191982469444651027 0.26085393698785203087 0 0 0 -2
3385088.6406570840627 5184 4.9410547957138183751e-09 6.1582412028216405194e-06 -0.47046248994627909434 -0.15195572441463439661 0.054374369984973053294 0.44556013984858511279 -1.8401275028387114041 0.017626843521531078418 -3.1360369936506854423e-17 4.0069333651759459803e-17 3.0169333681288343397e-17 -2
3412357.4373716632836 5507 2.6043107983010441465e-09 4.9744806089818411403e-06 -0.036794418879367789266 0.49483322559627046511 0.047694783397584185336 -1.8871799670993689713 0.075438969400418554034 -0.028327948472645331224 0 0 0 -2
3450341.4209445584565 6581 2.8673360910444080645e-09 5.1366069942312914953e-06 0.021376300961290253116 -0.49691183780132014425 0.041390118594651047201 1.8668486238517278952 -0.10537275852020931699 -0.20505779213185962306 0 0 0 -2
3451785.3305954826064 2176 1.6843984318808897338e-09 4.3019472538736429565e-06 0.097033668735587150223 -0.48957705732821449329 -0.0053366983500570727011 1.4507732315930754741 0.26003543990219751825 0.060739478581971872995 0 0 0 -2
3453263.5071868584491 3772 6.4977429085033344289e-09 6.7469006180373787792e-06 -0.49615876196776653728 -0.056447998137624133541 -0.0078183230766227969355 0.13346315282626017296 -1.4678656316909191037 0.068812309208243715997 6.3427240243067866193e-16 -6.7450406064847144547e-16 2.1603222807230315978e-15 -2
3464311.3264887062833 5166 2.0686804541273463693e-09 4.6069617740883528792e-06 -0.15628819302473553887 0.47451414183162865523 -0.0053809775681902963576 -1.8381177747962347269 -0.38723558859690798695 -0.02293979212170098661 0 0 0 -2
3475813.6344969198108 2452 5.4131221655462204921e-09 6.3484262866205853833e-06 -0.36139483927104854022 0.34509681234152300711 0.0056600393179943135624 -1.0977701822850838287 -1.0861934975134270864 -0.048343133319542146153 -1.4730399412092110897e-16 4.2525487682599518864e-16 4.953556208862334843e-16 -2
3487461.519507186953 5173 2.2819558821390990901e-09 4.760134451271823985e-06 -0.0062336903816541007484 0.49958087070112672246 0.018986421429864175359 -1.8748015839670810756 0.17591174980583290655 0.044995822026738525878 0 0 0 -2
3495470.6529774125665 6472 1.8836348128277601039e-09 4.465283539119549329e-06 9.4301967096096213083 -48.978953583410977046 -3.7338183313456427825 0.085801827304555960962 -0.11914937268393314962 -0.0058947040256671079383 0 0 0 -3
3525630.4229979463853 6145 1.2023767568459741584e-09 3.8447106659472469488e-06 -0.30527441021149076539 0.38662715631351068923 -0.011200283105539519946 -1.5467251635617365046 -1.0877599638628068224 -0.10612107903312568979 0 0 0 -2
3537770.1848049280234 6613 2.13546574129117136e-09 4.6560146832835883058e-06 -0.23309327023990472627 -0.43974805790460202992 -0.043895964517032676211 1.5876545951346598962 -1.017586612316142336 -0.16553839765816355523 0 0 0 -2
3554991.8850102671422 2879 2.6076352640150663287e-09 4.9765963905533231693e-06 -0.0058285180741036914792 0.4984631540654835824 0.033988195626583200815 -1.4668399699582628237 0.0032883219511751103289 -0.083101657455607644276 0 0 0 -2
3563309.2566735111177 257 1.9132655074097136974e-09 4.4885756838686700725e-06 -0.49932035694251086788 0.017038308235120133705 0.013591693861423774503 -0.082221823659419088215 -1.5089045477608489243 -0.053761173277421810124 0 0 0 -2
3568578.9075975357555 5125 2.8276646058776107891e-09 5.112807445533250648e-06 -0.48412011537485677426 0.097665333054693853621 -0.065624912494611317704 -0.53293388531692609256 -1.822689233895197658 -0.070953626376735273729 0 0 0 -2
3569261.3552361396141 5329 5.0581607486866576993e-09 6.2065131626661082875e-06 -0.30005487316781798146 0.39638215941890686533 0.0014369330111171669129 -1.5977294700931017335 -1.0185650699330859315 -0.014744505005304629763 -2.4686794460733578855e-16 4.9598199563484800227e-16 1.7246340947339235612e-15 -2
3573973.0266940454021 5951 2.3554174536370413265e-09 4.810675925526193142e-06 -0.43384447263729258859 0.23037201510498270252 0.086706665127573509522 -0.99992214627447439934 -1.6010753812336717683 0.1687713405940131639 0 0 0 -2
3574177.7577002053149 5418 3.4685575818432667754e-09 5.4730965300579913354e-06 -0.043207507086215915515 0.49143568019938982383 0.072815509499869313093 -1.8864771316003488 0.032807756172862634347 0.14640659054413732165 0 0 0 -2
3585287.5236139628105 6699 2.230849431555892558e-09 4.7243299867151998474e-06 0.49744268003244873633 0.021732166626031335088 -0.0092811437042145551041 0.060510510941461877199 1.8756538084345681927 0.03633948838403931042 0 0 0 -2
3594363.4661190966144 6531 1.9951101499828473719e-09 4.5516874322153743447e-06 21.090651187977709213 -45.324884355672587333 -1.0119388479523818702 0.061151361098622770973 0.012863337136374476677 0.016551321414349767086 0 0 0 -3
3619570.7104722792283 6050 2.7941322171052877657e-09 5.0925166314773833527e-06 0.3935526734573110974 -0.26549287514505282015 -0.024814021650963160454 1.0807613275672254272 1.6166179984520128166 0.1965857680491255588 0 0 0 -2
3621875.7782340864651 6771 1.4680877308537631618e-09 4.1092964672674012926e-06 0.47227750771502879923 -0.14522585291704906418 -0.063132956702809647775 0.75643500438629684979 1.7340574051174062475 0.088681897538302786876 0 0 0 -2
3631034.6283367555588 2849 6.6488683578842859741e-09 6.7988070567819056412e-06 -0.49894568409578265999 -0.030462486730548167524 -0.010985226979554627361 0.061787336057840841486 -1.514614572553900862 -0.028025973310313336689 3.557069716722075947e-16 -8.9862119880098376211e-17 1.6877963806553405703e-16 -2
3650656.1642710473388 3647 7.50234256186955784e-09 7.0780849153782167919e-06 -0.2847423836839861333 0.41005929269700625017 -0.024093565726681389488 -1.3006271733675740521 -0.83862943550252566638 -0.062293278037990756912 4.9070590809516714171e-16 -1.1676295849206499399e-15 5.1039134504793133754e-16 -2
3654708.632443531882 6115 2.1719855312592362836e-09 4.6824065039190449674e-06 -0.37452626753383205793 -0.3117674804328927074 -0.0583738252729211482 1.1563948939305965791 -1.503031025558978051 -0.19357318593835484699 0 0 0 -2
3662775.2114989734255 1999 2.8674380206030556585e-09 5.1366678597714418941e-06 -0.11601269550337087177 -0.48606874807992805909 -0.010465550450948764988 1.4012000971003499838 -0.34515055722284754269 -0.003777392167818441511 0 0 0 -2
3677709.7494866531342 6533 2.2771243473189858655e-09 4.7567725682726518012e-06 0.15140815694004730596 -0.47342764120440877784 -0.017853904905466812941 1.8486639597039640215 0.43361974411021469988 0.01661935628777945137 0 0 0 -2
3681685.2073921971023 6322 2.3278045674266477883e-09 4.7918032423838348015e-06 -0.20514648531109883067 -0.44897108688865761117 -0.072317437752888805158 1.6395918730259717577 -0.94242546694560003218 -0.088812700875231048725 0 0 0 -2
3684952.9199178642593 5870 2.1780540015431161592e-09 4.686763288942042499e-06 0.076723491606696100908 -0.48759281118835706703 0.073196161912131740834 1.893677321352758236 0.12290164524307979621 -0.06976286707881522442 0 0 0 -2
3690194.3162217657082 5956 2.6644767384429014012e-09 5.0124968890736460364e-06 -0.46320412393593241029 -0.18029697221312770972 -0.0028768463415044334165 0.51251586555174455384 -1.8120909803659832615 0.068738932931904098145 0 0 0 -2
3692145.8562628338113 5549 2.3994865047344340736e-09 4.8404927683377159444e-06 -0.49359805038863080462 -0.076920139394961326018 0.0031959509483751005927 0.058611108408634010614 -1.8762694475423220553 0.10745314364388701411 0 0 0 -2
3694636.3367556468584 6870 2.2241052142806365588e-09 4.7195643774980303251e-06 -0.49617925472326940284 -0.0031063022677280515554 0.00093920674495758655047 -0.13368917134005986469 -1.8895478448536682237 0.022557365142099571054 0 0 0 -2
3697528.9691991787404 5102 2.6097803349437397255e-09 4.9779606184622247143e-06 -0.4579088907758798177 0.19950381476272033288 0.0076499570041590114408 -0.89346110168928083439 -1.6511963678915846376 0.0077521774620146616241 0 0 0 -2
3698651.367556468118 6086 1.8088183916358764563e-09 4.4053639489224123981e-06 -0.33788052532505580272 0.35826111853417214048 -0.067736495887778483405 -1.4578029468549738024 -1.1876619864786865932 -0.2355747658494198038 0 0 0 -2
3721831.2114989734255 6556 2.501061050329211234e-09 4.9078532609709567437e-06 -0.20324681390655416346 -0.45449751145531219754 0.024282054425587791535 1.660198856250902022 -0.91150577115817088547 0.072815549344730667869 0 0 0 -2
3730802.2012320328504 6188 2.8424597260802127218e-09 5.1217091438475676859e-06 -0.37829132949089544491 0.3130254144418402884 -0.056496251192746302361 -1.3290997895488045888 -1.3625750929704638637 -0.099525528929476844708 0 0 0 -2
3735487.9507186859846 3311 2.7280185335803285711e-09 5.0520298806220508819e-06 0.19575055646490172045 0.45916541467636995399 0.013751113593768972063 -1.3708008641151774309 0.62462093226363546439 -0.013229408090909090812 0 0 0 -2
3753167.4579055439681 6940 2.2282529777900299036e-09 4.7224964151276973247e-06 -0.48943214279012575707 0.008439546013429040025 0.081812735814223991326 -0.11626254438127071877 -1.8557446747370778262 0.37875219176136909471 0 0 0 -2
3754110.6365503082052 6567 2.5120441052325853294e-09 4.9150268178318309631e-06 0.49864468261734079535 0.012669518300032728969 0.032391133790367218626 0.01086760785163260086 1.5720413779424502465 0.0084160744161059525964 0 0 0 -2
3758521.6591375768185 6436 2.4625436208425285908e-09 4.8825284489551779992e-06 -0.42927746305832581442 0.23854353946147133225 -0.071671286591964852852 -0.99932067843302918586 -1.5943097807078678851 -0.29495415892137749614 0 0 0 -2
3760563.4168377821334 5133 2.0669280101595280289e-09 4.6056605060612509626e-06 -47.068823754792859404 -0.34052394410226816124 16.935714119327883509 -0.1118904962700659339 -0.061446537806163825657 0.034427373987420545332 0 0 0 -3
3761764.5667351130396 5287 5.5843435789222626528e-09 6.4146679724653692602e-06 -0.38345474778305849162 -0.31142712532935534764 0.038564252525039754982 1.1016185824336508503 -1.5551453800410985906 0.056402129053050184537 1.7154033522359058641e-17 -8.5582657850773267567e-18 2.0537601093172228388e-16 -2
3762195.728952771984 5723 3.0440519510332774699e-09 5.2400346452678919703e-06 -0.45579487834390153278 0.20289613155882307849 0.012755199395241023988 -0.96055715512653994104 -1.6184474008055667049 -0.05480102295116515837 0 0 0 -2
3767981.0431211497635 5915 2.1192282186764401538e-09 4.6441836065818425727e-06 -0.40383233568887816345 0.29369190075873347068 -0.022745522577455715846 -1.2688673255987097388 -1.4050580271836288215 -0.01244291998840197852 0 0 0 -2
3768637.7987679671496 3799 1.9324843979724478937e-08 9.7026151099168485097e-06 0.13114387590185164201 0.48173606323252843309 -0.025426878627990107812 -1.4155080301603573112 0.39874793450861401034 -0.07857446236835466391 -3.1552052646248212172e-15 -1.5261645978759617337e-15 2.0524128337435962617e-15 -2
3780601.3963039014488 5356 4.9177904456937622216e-09 6.1485608864220651679e-06 0.043460067826475108632 0.49124137776757575979 0.0049904141130694065764 -1.8723166370051931295 0.26615347590892968199 -0.085992969950027586812 1.4890127044081821692e-16 2.0483045463998622663e-16 2.1908716692756332424e-16 -2
3793821.2731006159447 6742 2.2704649034433948426e-09 4.7521309844743252679e-06 0.039159332925231042644 0.49719358867465479612 -0.0013760010203416747025 -1.8555270412642659306 0.2986337908752979553 -0.079048750894758920693 0 0 0 -2
3805195.4989733058028 6804 5.3177551169856506813e-09 6.3109235100038547952e-06 -0.20007059645962146921 0.4568711656179142433 0.016068674573524864557 -1.7825930080265510735 -0.60465505828282462009 0.096767535121730530179 -1.7500391763005071498e-16 3.9709742118609689707e-16 3.7874488109649789932e-16 -2
3805638.4558521560393 5332 2.1363621168852929555e-09 4.6566660562724527343e-06 -0.45762197375739532834 0.19013658209265232868 0.059557513369908506029 -0.87889713559499593742 -1.6683105192912763837 0.18580200064217555767 0 0 0 -2
3812157.3552361396141 1355 1.1780479038118943832e-09 3.8186025245320726447e-06 0.052927854921215426731 0.49199182845268102371 0.0011381339210288661783 -1.4745035594791338074 0.14801260248508041339 -0.011226867216103818617 0 0 0 -2
3815216.6899383985437 6316 5.3500033128811734636e-09 6.3236548150471316718e-06 0.22238436237104969306 -0.44773544891609440288 0.002169023637600985422 1.3396612758342696381 0.63938473586790511849 -0.011991914621257718232 -1.232792933552062843e-16 -1.0493209350006191215e-16 -3.047222461963653858e-16 -2
3834247.112936344929 6461 1.6829768680014024223e-09 4.3007366903220741863e-06 -0.43327106850363633628 0.23344250211914860382 -0.064772165123766697881 -1.0193814246711800919 -1.5976257617804388023 -0.12331982567490616665 0 0 0 -2
3835793.8562628338113 6865 2.6010104361766919978e-09 4.9723783858199286059e-06 -0.30678625903369366457 0.39234943820084844379 0.021120051870946697503 -1.5992993622776863205 -1.0012039228422213721 0.017892744930947002135 0 0 0 -2
3842512.4599589323625 5126 2.2874573192733606392e-09 4.7639566934203493831e-06 -0.43544526134655819893 0.23241421100625181406 0.068404624968469260327 -1.0241918378588237282 -1.5933979164690939001 0.078755938130849675871 0 0 0 -2
3845568.903490759898 6094 5.5199230915792503442e-09 6.38990616523383089e-06 0.0030981369119407200195 0.48993052794196079169 0.067147200622843961071 -1.8779831704567180317 0.099017825150515395571 0.29308904972791988142 8.8656176731266454728e-17 -1.2196260733657253692e-16 -4.720785826479796859e-16 -2
3847785.5277207391337 5433 1.9812042976182788744e-09 4.5410877299988071512e-06 -0.10700360897614027977 0.48682731633084608269 -0.0053362173134734172328 -1.8615099454828689662 -0.26138502803467172919 -0.04063485729714506195 0 0 0 -2
3852562.7268993840553 6755 3.3737875176361968843e-09 5.4227890957205513678e-06 -0.19171348524142484138 0.45910922019145267159 -0.045219916469146366478 -1.8103096937512574982 -0.56362101640545125836 0.0050343346815678322384 0 0 0 -2
3874246.4887063656934 3666 5.3078945715054152054e-09 6.3070203810972241931e-06 0.47202161785224772128 -0.16351476584729104924 0.020269860405010251686 0.49815679284791064552 1.3888544980695656239 0.037988973401883632808 2.9253913362173618404e-17 5.2997919778056810065e-17 -3.6317199882943693993e-16 -2
3877990.76796714589 6025 2.2642608379817916105e-09 4.7477986226652571037e-06 -0.49219837176382891242 -0.062174136875640238775 0.05281415448924477174 0.091504475789774691874 -1.867883890768293309 0.33650676295997711263 0 0 0 -2
3880717.7330595483072 5082 2.4640860621603932484e-09 4.8835476446790268754e-06 -0.47959659367720236522 -0.13845726041679604079 0.016512999352079320986 0.362249845964917494 -1.8578464731758765893 0.011467509367873563939 0 0 0 -2
3883388.4517453797162 6372 2.6111085613450228577e-09 4.978804972712105169e-06 -0.47929507868736298537 0.063544681546667064476 -0.061745655153498196777 -0.41730243009311740465 -1.8836305366781957993 0.046340670655194052263 0 0 0 -2
3885202.7597535932437 6688 2.9926074408324996312e-09 5.2103478960548614809e-06 -0.46544342411328365472 0.17652536035957180904 0.046669017441702827231 -0.79795553308762268152 -1.6987333848661514413 0.25985998765629975127 0 0 0 -2
3888892.271047228016 6041 2.4572356387682628253e-09 4.8790178489937303176e-06 -0.457613684265363585 0.18199071131894342668 0.08491637513752446631 -0.79760252167103695697 -1.6947917498184854601 0.29357694160302733044 0 0 0 -2
3890015.8521560574882 6070 1.2624100745910872036e-09 3.9076616762879363344e-06 -0.44969895585477792643 0.20175315238331809065 -0.080535262868838011774 -0.94234983827751916952 -1.6455244497066112697 -0.07869964267394367885 0 0 0 -2
3909691.4825462014414 5821 2.3550706124865060005e-09 4.8104397858876324424e-06 -0.16486860023522270646 0.46755767061735376 -0.063004012349480720268 -1.7982065648217500087 -0.48373397072789980911 -0.38237779550866202172 0 0 0 -2
3913869.2402464067563 6486 2.1239945420628637327e-09 4.6476627201003774956e-06 -0.23857349777529249235 -0.41625936169540661558 -0.080776334289870910244 1.6389358117495624878 -1.002665229907956812 -0.12012193926688966017 0 0 0 -2
3921150.5708418888971 6024 2.8664265470764133932e-09 5.1360638113090263733e-06 -0.017298974753504562513 -0.48833315871406662856 -0.097751869336877697525 1.8899743655963459066 -0.27893377442678057854 0.0369314588911490993 0 0 0 -2
3934396.9774127309211 5070 2.7751958881280503462e-09 5.0809862485388131357e-06 -0.49210712923951027697 0.08301002174729910088 -0.021392654494127073123 -0.4621295388334685228 -1.8210765211449357892 -0.055600310904734731587 0 0 0 -2
3938087.5564681724645 4362 2.4327859145077426799e-09 4.862781650899573959e-06 0.18578141916934520772 0.4606458184183138127 0.013520966336861499346 -1.4289045230148895715 0.62899317278675703768 0.10769581643658535097 0 0 0 -2
3955658.7597535932437 6344 1.9246042073636576078e-09 4.4974251966502119739e-06 0.069122960395681665169 -0.48299398791538777909 -0.10454093713896889239 1.8965272135947393028 0.1180922488743161719 -0.21475408165482540168 0 0 0 -2
3960043.9589322381653 6945 2.3845290915401095031e-09 4.8304139155907234516e-06 -0.038299980043354164838 -0.49353268736472577505 0.033362853678473670949 1.8763392925586803717 -0.28744569382307788574 0.1098849071481163564 0 0 0 -2
3988405.1909650922753 7001 1.7229150009437404322e-09 4.3344908365797863949e-06 0.47146838968320298191 0.11833488280460889575 0.08361550135991448196 -0.31788587421032549196 1.8825646469450671994 0.11763353722941502499 0 0 0 -2
4000051.0882956879213 6116 2.784860495580732561e-09 5.0868775857113152479e-06 0.4025498584420642012 -0.29067346742017602379 -0.054689031680856738105 1.2541377760201650737 1.4179865964707527581 0.019739522413382750571 0 0 0 -2
4028111.6878850101493 5366 2.0030623625320727253e-09 4.5577268650958019074e-06 0.15519104901241506655 0.47249077874538097932 -0.039248102779942513341 -1.7440426132145283589 0.74233883647058429567 -0.10904113425080709521 0 0 0 -2
4036473.0349075975828 5482 2.3161746804442125722e-09 4.7838098457013787234e-06 0.1326018834464350038 0.4718311600670734296 0.084881643457562799826 -1.7777967361499540377 0.64239453069253027451 0.17888834221391400336 0 0 0 -2
4037152.0985626284964 5676 2.6171476481041705678e-09 4.9826404170315374964e-06 0.43050504405465284119 0.23435958566566053585 0.062737750416674731291 -0.72232586149474853343 1.6698229391167276336 0.58363782582981771352 0 0 0 -2
4065682.5462012318894 5213 3.0116638351824100156e-09 5.2213840280280441757e-06 -0.4676710782075179651 0.082917946422185584421 -0.086468298615039046462 -0.39084149679120239185 -1.8962443750503619189 -0.013128989764445590793 0 0 0 -2
4073388.7145790555514 5150 3.196943195663993377e-09 5.3263345954914810893e-06 -0.47262411528884307188 -0.1086453677365547682 -0.11950630703629099016 0.26748425377288642668 -1.8692000228603726786 -0.24122179524692119457 0 0 0 -2
4101385.264887063764 6537 2.6995382970924781816e-09 5.0343874493845293752e-06 0.071652961712244986336 -0.48349933646402681875 0.083168415009920504399 1.9040627110229570995 0.10141113178740447653 -0.034716449105733362956 0 0 0 -2
4109232.4435318275355 5384 2.233410411413630998e-09 4.7261371140705799799e-06 0.021573039451036387509 -0.47782516455448403869 -0.091806930489555321762 1.889496743762414166 0.062305281903974725488 -0.35199465738782670376 0 0 0 -2
4110127.1457905545831 5505 2.2485490204138846101e-09 4.7367913871263522241e-06 0.0053122009051651160327 -0.49788313315366899969 -0.0018909591103790162562 1.8845788051394836149 -0.14700895407900738121 0.10043606566814972103 0 0 0 -2
4137921.1498973304406 5205 2.0460990728673822918e-09 4.5901374577295538516e-06 0.28849335644696155745 0.39928166032999212742 0.079060445507931273457 -1.3958066646658380261 1.2975215851429862113 0.036293851136155734494 0 0 0 -2
4146944.887063655071 5744 2.7739068649898165612e-09 5.0801994544524409615e-06 0.4566399357185549901 0.170589615040518644 0.082202238721507406294 -0.51879437706840325628 1.8139252470775684145 0.29577500351787000543 0 0 0 -2
4147138.9568788502365 5765 2.3070714221906200316e-09 4.7775343498327489864e-06 0.46505732877458144658 0.14275438356999489709 -0.092808970421358494285 -0.38188346199921852087 1.8623815386522062365 -0.11969223802893726172 0 0 0 -2
4147310.9486652975902 5529 3.4182674869253636774e-09 5.4465164516931066589e-06 -43.665727521887177431 -20.609532924827821176 -12.996355236894114427 -0.0088211226294778854323 -0.065887388475933700294 0.0088263594180856240479 0 0 0 -3
4149353.0841889115982 6984 7.0743483428113384652e-09 6.9408440297286982587e-06 0.35517413505529693563 0.34724948673034922164 -0.016753487637845950603 -1.2156809498144749426 1.4599486915873849391 0.035924123678603467336 3.0825494956647688042e-16 -7.2581568639507952372e-16 -8.2486138319154692957e-16 -2
4151740.1067761806771 6885 2.7872363927074504778e-09 5.0883237936953770644e-06 0.45822394566949015138 0.19228872156273676963 -0.03956756262877300645 -0.57835124691735129154 1.8041163215459992131 -0.041415065195458088121 0 0 0 -2
4191324.5338809033856 5267 1.9087952421208254926e-09 4.4850771676017901459e-06 -0.055997322958525067027 0.49591152748656042171 -0.00097525908433477833184 -1.8760996450990288231 -0.043845880592695153644 -0.090145702123383339432 0 0 0 -2
4198908.3203285420313 1500 2.2593670289192108053e-09 4.7443756396153830809e-06 -0.49063426626902523209 0.094003974872257298201 -0.019204455529064898278 -0.3523455864084815703 -1.5311149929049363561 -0.063218847009780795854 0 0 0 -2
4215854.6694045178592 5350 3.2888048711103245751e-09 5.3768696410468134125e-06 0.3677355652757027249 -0.32142356602908028762 -0.087535513866536379668 1.4088205336811860935 1.2706519648973475523 0.061529359424617131868 0 0 0 -2
4217514.0205338811502 5268 4.914740046213956641e-09 6.1472893501928779867e-06 0.40785480169397142491 -0.28457232203227211809 -0.0189623425570929309 1.273820506148038767 1.4032258687759275873 0.18493782254467386328 -1.6529973956889975883e-16 -5.8762607476047437887e-17 -1.8026334509918494468e-16 -2
4223587.6632443536073 5596 1.8489555103292578456e-09 4.4377104159898944448e-06 -0.40424122839637338656 0.28854902830152789894 0.046282999709514695275 -1.2509072584064930833 -1.4309100019013787364 -0.082655338300124683859 0 0 0 -2
4226842.9075975362211 5079 3.1642995884096993179e-09 5.3081436825553214768e-06 0.48932003490119607703 -0.088316589168017503586 -0.030724137196650815745 0.59384761599934343668 1.8301696515424725753 0.094001201914887977384 0 0 0 -2
4264566.8829568792135 5664 2.6530102245304449199e-09 5.0052961617092419787e-06 -0.44470530949700165513 0.16378857110325126256 -0.093150884073793752127 -0.61243031720064655676 -1.8140141875418767103 -0.3327282960251646271 0 0 0 -2
4287942.455852156505 6841 2.5918165761792551448e-09 4.966512803753319523e-06 -0.42630692494304062157 0.21138601262589293284 -0.13882162521166266367 -0.90434921586540872873 -1.6621246534936204853 -0.29209565022057015771 0 0 0 -2
4298291.5646817246452 6066 3.2436291840862200756e-09 5.3521367925596944077e-06 -0.08782638282980273492 -0.46898583255822501314 0.097510336227173435852 1.8560333621033966445 -0.52323909936874191118 0.12475780863513481755 0 0 0 -2
4304866.3490759748966 6900 5.167404826933490479e-09 6.2508772011222221276e-06 -0.24603480017582482486 -0.43077328478787763055 0.016716835197278290259 1.5645584597715951336 -1.0542527152946794544 0.17945195547904943534 5.1944246713035650882e-16 7.0969318704799149598e-16 7.0626302971994541432e-16 -2
4312725.3716632444412 5808 1.7151801545649508021e-09 4.3279946914500559365e-06 0.10501779313968585827 -0.46413377419432000348 -0.14806285766564919459 1.8602334367956623318 0.30775455455902034352 -0.28179361619784931703 0 0 0 -2
4314542.0944558521733 5904 3.0491551540020672552e-09 5.2429612303360711216e-06 -0.16256352803360915593 -0.45927274049844879489 0.094316560969028240269 1.7311711306330852533 -0.81705989963218406125 0.058436871119960279164 0 0 0 -2
4331210.5462012318894 6605 5.0982521330484393427e-09 6.2228678013910502766e-06 0.1943373609526280188 -0.46031848060197383399 -0.012746694132171245556 1.4254866262365337715 0.55904056221513442893 -0.056460511824428780137 1.2750163759240142458e-16 1.4623843662076257577e-16 7.4730171172627255006e-17 -2
4354903.3593429159373 6954 2.8608136024571016268e-09 5.1327091955258647405e-06 0.032635228379088394857 0.47479683250645915438 -0.1341162225354489701 -1.8884154671562973782 0.2895978300334004496 -0.1385762161842176432 0 0 0 -2
4373599.080082135275 6033 2.2260290407243656592e-09 4.7209247756822653064e-06 0.41057277731262198373 -0.25295899869675236848 -0.035036669638281670025 1.0383525165045397465 1.6324383497451473435 -0.18112270555972140307 0 0 0 -2
4378636.9774127313867 5797 2.1998942000165936926e-09 4.7023765534465532693e-06 -0.25033415587565471805 -0.43082669244228433136 -0.030757058426140106155 1.3197433788607462191 -0.81048523757013568591 0.010592772302929110914 0 0 0 -2
4381943.047227925621 5786 1.6049291709172998548e-09 4.2331997517698598e-06 -0.1140260268365612395 -0.48641964633568279819 0.017353516783381768562 1.7885121325798523095 -0.60359164734594628055 -0.095391867955749234942 0 0 0 -2
4391404.8295687884092 5295 1.9059894905023922336e-09 4.4828785411138529534e-06 0.47966099041811877113 0.083126495629294194778 -0.0909886899893705553 -0.22926480611834809675 1.8859483419721421171 -0.19554995621555210095 0 0 0 -2
4393535.5893223816529 5428 2.2709026065694846452e-09 4.7524363388146804326e-06 -0.24100175861379294351 -0.41714261127753199387 0.11204567833504701369 1.5956800945168747585 -1.0405828607508778028 0.099610323965560867987 0 0 0 -2
4415181.5852156057954 5385 2.3735013444760557533e-09 4.8229559913844737064e-06 -0.4859950370653082774 0.065759767385916226279 0.054950358688928724327 -0.42736026572062851825 -1.8689904826266368065 0.042279033773283715425 0 0 0 -2
4431696.6570841893554 6452 4.9722510883593556679e-09 6.1711744325438966835e-06 0.41922935350144202582 -0.26866254247206644568 0.002507687701371230822 0.86520853742693559774 1.3029028622483909139 -0.0018815273608781839156 3.6925326848876791052e-16 5.680835090785969657e-16 -3.0195654900538475471e-16 -2
4433430.7843942502514 6466 2.3612822244582205049e-09 4.8146653284450593264e-06 0.17207444748640848831 0.45548378964340813235 0.11003467045934894886 -1.6743119953787861665 0.90050882671452092687 -0.11578672057556162189 0 0 0 -2
4436973.7494866531342 6768 2.0978659831130857518e-09 4.6285261177945478259e-06 -0.46496526738905452625 0.10990521349452550548 -0.13874946233965412823 -0.63132499409693498826 -1.7998418209783504373 -0.061031117635971778024 0 0 0 -2
4445543.3264887062833 6544 5.4697478995268198194e-09 6.3704861392363112279e-06 -0.43375127322035222921 0.19510495127115906611 0.11505805521444530115 -0.87230779994958951296 -1.7063714263921210268 0.15316395217538597562 -2.6584946480984411103e-16 -2.3466199031343957033e-16 6.0569487203201731267e-17 -2
4456495.8028747430071 5610 2.6830383308182281158e-09 5.024109514098511088e-06 0.19144100747996228851 -0.4520177853196354345 0.07960407682308581756 1.7710409673131983777 0.55802383558146728681 0.41519094886927471189 0 0 0 -2
4458314.2012320328504 5255 2.1044419326419192737e-09 4.6333572505104348747e-06 0.43663307875069568009 -0.24278919344528462898 0.0082475348756887410795 1.0906391014450589338 1.5385453163526008336 -0.17626889252764735283 0 0 0 -2
4465496.6406570840627 6051 2.9812982015789052701e-09 5.2037762072683678107e-06 0.46006504201861742054 -0.16350423719973408709 -0.055849005476830651529 0.7627164144012649194 1.7648473442369294606 0.041448147069085158889 0 0 0 -2
4469476.2053388087079 5531 4.6381146106935726258e-09 6.0297221058129238668e-06 0.49436043619161568197 0.070129037405404853756 -0.0099596605797991205611 -0.15897803299261506482 1.6307012893602319537 0.0016002859901388050493 -1.9852190053410103439e-16 -8.8566848571863574756e-17 1.4671841466042430701e-16 -2
4532030.6694045178592 6623 3.6819534789290301128e-09 5.5831106793725473762e-06 -0.45253585550032804363 -0.17667629729360520563 0.094644132646917969454 0.60111635715270250735 -1.7860856551165644746 0.31623053282683982745 -2.0960394161697040107e-16 1.8957203969553676154e-16 5.0212538439292447702e-16 -2
4533278.422997946851 5716 2.8557299071140055484e-09 5.1296671004368503305e-06 0.39299286046594206212 0.2753236606846383161 0.12865743298401918771 -0.92974910209317940257 1.6425155675311799985 0.263172013558729323 0 0 0 -2
4538160.6735112937167 6032 1.925536063320066174e-09 4.4981509348273170657e-06 0.44290707227722347916 0.20853437264693047704 0.081778267784332475676 -0.63059163897603431881 1.8032609731560023114 0.10493247652594532571 0 0 0 -2
4609637.4209445584565 6966 2.7612237613479862476e-09 5.072444910507972846e-06 -0.49048430836071116312 0.08150804385300111643 0.051043978275545909273 -0.59486204841720657921 -1.8101235860994211446 -0.031967104683400478227 0 0 0 -2
4615409.4620123207569 6093 2.4160321883717690126e-09 4.8515931820264497656e-06 -0.10660502721001458015 0.46691617472144925083 -0.12277006236206969292 -1.8847364127965722247 -0.30376080631213314698 -0.10311604089632996073 0 0 0 -2
4617267.351129363291 5542 2.2651911915061513856e-09 4.7484488019299596212e-06 -0.4734582646761948399 -0.085512083548538397881 -0.12094878527668295742 0.12221558547362679215 -1.8980603680718115545 -0.1384050023084702763 0 0 0 -2
4648812.2381930183619 6738 2.4778565046310112776e-09 4.8926279183471812445e-06 0.067288529154362161644 0.47809516358070086595 0.12715301676997214919 -1.8531400123256660528 0.43501967891242054876 0.034791204948748925829 0 0 0 -2
4662197.3059548251331 5035 2.2916316138319780996e-09 4.766852787420142732e-06 0.42451229852278754562 -0.20649286135304106837 0.1311087679934722916 0.87677953496526706001 1.679065488756840363 0.31243239241761427971 0 0 0 -2
4668374.6694045178592 4039 7.5369382894415854637e-07 3.2903981944556387267e-05 -0.48540406176732109333 0.11911333635187257296 -0.00571131677364933657 -0.35998935039649559986 -1.4062093548453986624 0.002986993818654019861 1.1595758835207495584e-13 -1.0942811667420592269e-13 1.208437772678815259e-13 -2
4693618.5297741275281 5263 3.4163992976536489368e-09 5.445524040783307864e-06 9.8108490659368019493 46.63073599232095745 -15.16539596703695203 -0.045718806176868742597 0.065091152791430045843 -0.0057756178225756840336 0 0 0 -3
4701373.6016427101567 6587 1.5142065643002554395e-09 4.1518837009319494428e-06 -0.13774307879760080975 -0.47970834619806107524 0.025155890283606711227 1.5363200643236227805 -0.51052702412506512086 0.014293212924220869559 0 0 0 -2
4731705.8726899381727 6523 1.3946527560942339155e-09 4.0396043841414469412e-06 -1.2604973762101405743 -49.449522926018715907 -7.3472135622882754902 0.060540541783284620991 -0.044759558667778739927 -0.010794381058963586212 0 0 0 -3
4733812.4024640657008 6545 2.0688320903190148011e-09 4.6070743361918889408e-06 -0.29148415930008220176 0.39489653347869146938 0.093789221500702874001 -1.5507702266584202366 -1.0098963633884392443 0.41819849427543420717 0 0 0 -2
4733978.3819301845506 6949 2.8178277776848248772e-09 5.1068717767260311929e-06 -0.48123520992740898006 0.030967035979542228974 0.050838842589771428282 -0.21828737304160722443 -1.887223346000526325 0.34571513349709226404 0 0 0 -2
4739814.0287474328652 5849 2.7941831185097110875e-09 5.0925475551720397784e-06 -0.49013036501887874419 0.011381003035370172716 -0.086355649435047823759 -0.2386287551309689281 -1.894664324328782401 -0.014171903765948457021 0 0 0 -2
4739856.9034907594323 6663 2.0916687094003473239e-09 4.6239639364884590705e-06 -0.48567430155281915427 -0.042149989175139492004 -0.08159225251005101931 0.08334438699798214778 -1.8917667008241525473 -0.33053424249487406428 0 0 0 -2
4751962.184804928489 5563 2.7890197626308100092e-09 5.0894087906433501585e-06 -0.14526348819367373988 -0.45356263698433263443 -0.14682910825044440117 1.7651283244802595807 -0.6979530997148607474 -0.20482145661709608153 0 0 0 -2
4758634.0862422995269 5986 2.3719022455177803431e-09 4.8218726247386086608e-06 -48.109319276725322823 10.619939740793833849 -8.556039743071924164 -0.052920625084454886444 -0.065644114045046345063 0.021506150618914216671 0 0 0 -3
4762962.7761806985363 5659 1.8637663467056954538e-09 4.4495281660756546779e-06 0.39058247496004894206 0.2548893950033632172 0.13672789830246115383 -1.0204356425160614474 1.6051737952072229199 0.3271668972762155625 0 0 0 -2
4764305.1334702260792 6781 2.4244422872212736966e-09 4.8572160549382387612e-06 0.076796944994603183465 -48.731873271020099025 -11.304026552005808526 0.057693531072484226241 -0.18787202032813046793 -0.044177327614226769015 0 0 0 -3
4770631.3100616019219 5275 2.3892607402600652398e-09 4.8336068200590190798e-06 -0.3207345677062123368 0.33681145025264541681 0.031015602419421431368 -1.5358058271326924249 -1.2558521014751247158 0.32158894481280575484 0 0 0 -2
4786855.5236139632761 5925 2.6912187318033584424e-09 5.029210389347648952e-06 -0.19839135972987684275 0.43301731857621605926 0.1317591340790977561 -1.7797044818498519714 -0.68200229332620709854 0.20759389402540082137 0 0 0 -2
4808093.1581108830869 5136 2.8754089786476139877e-09 5.1414231248163153441e-06 -0.034328321454904692223 0.46512181392177259776 0.13886719399672028952 -1.8994117115737545465 -0.090145349000288782504 0.32037102411673484825 0 0 0 -2
4810030.9979466116056 6259 4.6311897209558212636e-09 6.0267197393919170258e-06 0.14238887014327603064 -0.47802365806642754809 0.027836099711089332814 1.4835434549240806845 0.41106973854359535325 0.10435249502232209207 1.8037930181186850888e-16 -1.4880795886093468662e-17 -1.2173254751672627973e-15 -2
4825032.032854209654 5154 7.4854117047117078584e-09 7.0727564327637710903e-06 -0.41877487367363708248 -0.27095116364388760477 -0.033076953289365870758 0.78562952860516266362 -1.2618120353567050529 0.04693567255407509603 -1.2875440682077043946e-16 -2.2643749673776358852e-16 1.9636627377785926805e-16 -2
4847389.1088295690715 5409 2.7171420448704741638e-09 5.0453068649973102687e-06 -0.32854962765621537057 -0.35383292164105784039 0.11601002091112037895 1.315564498100764812 -1.3321035117196571296 0.38526499914629119825 0 0 0 -2
4875344.7885010270402 2469 7.1047467131015450595e-09 6.9507713921107724242e-06 -0.1253189235751082653 -0.48315614207773105448 0.028512595878415127049 1.4955150275611337474 -0.43626165422397339411 0.072760179959104512304 8.2594985201015945136e-16 -1.1150615869313805093e-15 9.0813993692457291916e-17 -2
4892076.0739219710231 5314 1.9522476400161002304e-09 4.5188553594826355676e-06 -0.47096274105908642049 0.093604285913801099639 -0.10541634491466037038 -0.40341269692196485286 -1.8329183757685161282 -0.38393575309335353785 0 0 0 -2
4919736.5256673507392 6766 2.4854988020352358961e-09 4.8976527644163004872e-06 -0.3705021970484761451 0.3313900218742669157 0.053884383447915407128 -1.0579077246443095994 -1.1257615344019513692 0.026511419972674529072 0 0 0 -2
4926116.2546201236546 5087 4.1161252734933336056e-09 5.7944604069458468686e-06 -0.47268735518133503382 0.12665333172825501973 0.081363602045511795868 -0.5833132494461392703 -1.7851099870012157034 0.18781512785413692623 -1.9225758536632265634e-16 2.2128857446636799296e-17 6.6163661953818858017e-17 -2
4928204.0574948666617 6540 2.5417893853364877864e-09 4.9343504655039514858e-06 0.047644483742065972531 0.48532806006371026486 -0.10408159658042066831 -1.814508810664004157 0.43337829299207830669 -0.37246774164429624632 0 0 0 -2
5024333.8644763864577 6640 2.8019627442315279487e-09 5.0972694363682289137e-06 0.32431221992529385423 0.36931575928735743686 -0.064726248418792986516 -1.3345142419858520011 1.3657621407352484866 -0.018764913291786308042 0 0 0 -2
5033727.112936344929 5145 6.7513825795461742033e-09 6.8335710043030772307e-06 -0.017462276747487716355 0.49960780191714726506 0.0050953906144510872217 -1.5582991761670657027 -0.0077136464367670420222 0.078841050905795809212 -4.4802540702756554487e-16 -3.8792335474286515537e-16 -1.0890028386831120422e-16 -2
5046511.4579055439681 5851 2.3772389623305779347e-09 4.8254862774997112041e-06 0.47488176940206172638 -0.10793865968426299973 0.073909484680447737337 0.50211182164916323689 1.8155259234358955833 0.38171498623778077341 0 0 0 -2
5047942.6694045178592 6899 2.5707709969368688318e-09 4.9530335407783995211e-06 -28.574212044739962124 -41.00883723064708164 1.4979866888398121194 0.026558856539741420438 -0.066258271235909382835 -0.00087220036239206118808 0 0 0 -3
5051895.0143737168983 5746 2.4263231106975630147e-09 4.8584717670481740646e-06 0.41799374139591610744 -0.25763828097490037994 0.067848451204611706644 1.0993846906076985004 1.5524564635130571055 0.22037484159138484574 0 0 0 -2
5052180.9117043120787 5084 2.1118581964179589084e-09 4.6387936740698515071e-06 -0.44316246997005370734 0.18112358755328517024 -0.10583900170886288705 -0.7607051677909554277 -1.743044370581883884 -0.27014706689915057858 0 0 0 -2
5064396.4681724850088 5550 1.2063555113601850021e-09 3.8489468084135622218e-06 0.43304672209573513708 0.21876521081142216718 0.082541161107965790866 -0.77715958869509516038 1.7408681438632203076 0.24367109651928497982 0 0 0 -2
5089403.4004106773064 5501 4.5932625508030702661e-09 6.0102226641565271526e-06 -0.4837586408825407247 0.11319629104358716609 0.010389525131271998629 -0.58353961309076396446 -1.7943975468334656398 0.27927172239185477087 2.026574931105469158e-16 7.2713044307142686669e-17 -1.4110442059036004088e-16 -2
5117736.7392197120935 5639 2.9415469883519241822e-09 5.1805444191880058202e-06 -0.42322350707934153213 -0.26568562895999120466 -0.015333213148122394609 0.79092174350978361463 -1.3604570352584193227 0.057709377483864059133 0 0 0 -2
5135120.1642710473388 5857 2.6771711859339435478e-09 5.0204446775234532328e-06 -0.44959456597233737885 -0.13817541616126308157 -0.082467965035176421518 0.64332791077453765904 -1.7829471419321063497 -0.4997173617785773958 0 0 0 -2
5171553.0020533883944 5985 3.109224689491317577e-09 5.2771670360780705171e-06 24.113576272831085845 43.630426980770579348 -4.0677027805693137807 -0.0070258590619345431816 0.10462188556592444399 -0.027363214982016798027 0 0 0 -3
5172360.7556468173862 6409 2.3032161336167013971e-09 4.7748716605803547024e-06 -34.158856357936798531 -36.524794285914474301 0.77418068416377561203 -0.020575054984150149134 -0.11599259970318223645 -0.00046865587261843308321 0 0 0 -3
5212879.4414784396067 5228 1.5274122078624297669e-09 4.1639185352130737437e-06 0.14697797427133751924 -0.46578124368512963116 -0.096163288778588262851 1.8495342164216084235 0.45087057707127464745 -0.20593685453351004422 0 0 0 -2
5226288.1149897333235 6910 2.1985491226813132255e-09 4.7014179695187897459e-06 -0.15995946610743988492 0.46791042160769347191 -0.071614550625132167294 -1.7527373690966652209 -0.45249556710798743975 0.04596863063932769139 0 0 0 -2
5241310.2258726898581 5155 2.9423804482359472492e-09 5.1810336592864490173e-06 0.17828568486831489204 -0.45495483292624466776 0.064437844821318493449 1.7467201777828631482 0.6102388778346283793 0.51415565680191166464 0 0 0 -2
5245155.1868583159521 5299 2.3959056687958233408e-09 4.8380836918121111791e-06 -37.488627670876070397 32.376880705460223453 6.8379298438280509131 -0.055958346473939386823 -0.027122889996821920866 -0.024426500798061894643 0 0 0 -3
5245827.2689938396215 6668 2.546374131907299987e-09 4.937315457832038552e-06 0.46253261358194747155 0.11672480338463084304 -0.099398496549503306818 -0.46646301216703273118 1.8014426010800697053 -0.49806421028549469066 0 0 0 -2
5283558.5379876792431 5462 2.5681623053986044629e-09 4.9513576090991312338e-06 0.16994079328529740347 0.45950325245510337258 0.097309270443523721017 -1.6887642482216254081 0.80755784474521374872 0.37763132127321857867 0 0 0 -2
5319947.8275154000148 6252 2.4836476244179004587e-09 4.8964365528770719806e-06 -0.014355788532951113332 0.4724490892403100939 0.15249847478561975866 -1.8684407247298011612 -0.019718274235802201594 0.37564777038031632594 0 0 0 -2
5326659.5154004106298 5261 3.2382862490155388892e-09 5.3491964816308030205e-06 -0.41444042907655759267 0.15710452075722217136 -0.21800372519790184311 -0.64458513707841191831 -1.7734735520032056666 -0.31479469785139840843 0 0 0 -2
5333335.6057494869456 6194 2.2171346148470188984e-09 4.714628666509021217e-06 -0.2665571925689979027 -0.40844061948808885187 -0.095687136452342974602 1.4792866631943419886 -1.1942832251516470876 -0.19713705584945090399 0 0 0 -2
5361344.5256673507392 6201 2.1642633674539195135e-09 4.6768507200313834423e-06 -0.17938386957049423653 -0.45540842710638218538 0.070825488872394662399 1.7069240081906573714 -0.78489508410491659607 0.38124028524989100886 0 0 0 -2
5372797.6837782338262 6488 2.7314249131376083712e-09 5.0541317692579918022e-06 0.021540052262804892935 0.49512294956232377752 -0.0088330182581177890677 -1.8732531873327975536 0.20900276028004280415 -0.37866646020130406702 0 0 0 -2
5381398.735112936236 5009 3.2053157733242186728e-09 5.330980312071652233e-06 0.26287826712748058045 0.39671887514119336116 -0.15143824745678907684 -1.472679827150780163 1.1887512269006836885 -0.18715079180767887901 0 0 0 -2
5412405.1088295690715 6860 2.5143040729530253028e-09 4.9165003153895646832e-06 0.44232757050008575384 0.19808225223116948666 0.10349148510415123736 -0.6513504997445498379 1.8060016518849137945 -0.026597287951417275531 0 0 0 -2
5423363.9096509236842 5637 1.8363354926738380229e-09 4.4275908490290895661e-06 0.40475536417858420934 0.25802752626553021598 -0.13388727213407711214 -0.86812575261908542235 1.683686589834724856 -0.17758979742619585007 0 0 0 -2
5437903.3100616019219 6318 2.9751202634114581582e-09 5.2001792463119259045e-06 -46.556747048206169382 17.08222845400218759 6.4972619418609740549 -0.1218831199116509334 -0.015245821794134960595 0.0096681129229318641533 0 0 0 -3
5438083.3182751536369 5454 1.9233487832581894958e-09 4.496447090069572095e-06 -49.172172655381814366 -7.7691728176469823097 -4.7175574275302905036 -0.028988163330648096527 -0.062873748088387901301 0.00097038941795388417109 0 0 0 -3
5447668.8459958927706 6375 1.9952073709981102986e-09 4.5517613650565552432e-06 0.48126132162199597442 -0.067901373640756851335 0.091476897597222578407 0.38657353456369153433 1.8630926202204101116 0.21448972309047995011 0 0 0 -2
5471027.7453798763454 6293 2.5765341953857959699e-09 4.9567320435045552872e-06 -45.78293212368463827 12.925435521040864018 15.409411639455528942 -0.050563649513142863712 -0.0490496602437374557 0.032424314406739956906 0 0 0 -3
5483771.2854209449142 5473 2.206796778979025029e-09 4.7072896134012625152e-06 -0.46923669910748877498 -0.1117502338498304465 0.12448410414788677048 0.1629223533946052016 -1.9146339296944208108 -0.16856957002145220303 0 0 0 -2
5490142.0616016425192 6136 1.8546537265150199102e-09 4.4422645368721312866e-06 12.584192655932653793 47.085746744851356027 11.18179435046858039 -0.055896548684204343249 0.042958343893632691679 0.0096962296793174310855 0 0 0 -3
5540269.9466119091958 6673 2.3598818715156428079e-09 4.8137133648676589968e-06 0.21154919122551235633 -0.33013287900318405432 0.30512943273545767298 1.7002826353687980898 0.86759194033793018974 0.010251679285655415641 0 0 0 -2
5540569.3305954821408 6019 2.491411609467576636e-09 4.9015333998724228915e-06 -48.408565944623461519 12.313686555745873008 2.3930840311316186053 -0.051222543973229853198 -0.050353705539817543435 0.021590814022054257565 0 0 0 -3
5551488.8213552357629 5884 2.4221664841345164561e-09 4.8556957701920736728e-06 -0.47825111738794129357 -0.003073817239157627685 0.12175064378796096598 -0.04971511576224633272 -1.9025260834563761936 0.19390265256154065598 0 0 0 -2
5560495.0965092405677 5318 2.1308593048515238999e-09 4.6526644264853641341e-06 -0.40749601071763980054 -0.26697613750093696083 -0.087117081037717203351 0.87812414769430502393 -1.6973483592478419979 -0.13103716618375041425 0 0 0 -2
5561689.7741273101419 5292 3.6628048905768007698e-09 5.5734152321064551634e-06 -0.17536337102807020294 -0.46672078085664042701 0.0044118200231734929634 1.7138556283129984248 -0.81869597532555771213 -0.018831732517783458802 1.70090753959239149e-16 -3.8306243486640480262e-17 -1.7338334547832894891e-16 -2
5598722.5462012318894 5113 2.3052231865874601486e-09 4.7762582199877281569e-06 0.13189046260585499115 -0.47383958777732415601 0.05796135953379366601 1.8849438457036273853 0.34239377863068093388 -0.074032937414961821898 0 0 0 -2
5628264.1806981517002 5508 2.5154559198471609481e-09 4.9172509791772717866e-06 0.023979800320141356901 0.49420362129829903397 -0.059366704934701988727 -1.8808980681769560395 0.24812304142861424383 -0.13833876163322089692 0 0 0 -2
5645913.9548254618421 5161 3.024054199094103857e-09 5.2285347076389379254e-06 0.28799615737099959478 0.3831509417263295747 -0.10928387156564298155 -1.4803522363174581589 1.1887512286631283231 -0.3141941796438872947 0 0 0 -2
5675567.2279260782525 6824 2.8456761518962011806e-09 5.1236402632954785504e-06 -0.15184217667079008551 0.46942740428495788318 0.074892549667745444975 -1.8687255044797370651 -0.39097528282612398209 0.030276332641013019992 0 0 0 -2
5735086.6365503082052 6022 8.2055840247925457392e-09 7.292671269583580645e-06 0.053069221255753494526 -0.49396178839397414384 0.017090894897763553306 1.6158310525947168212 0.13607243055862067171 -0.016525329401179043171 4.7982171892019715548e-15 1.9472229304402257815e-15 -3.2749387338188828947e-15 -2
5739456.8213552357629 6181 2.5800546086134559305e-09 4.9589885377389851111e-06 0.39724251676652627685 -0.2715408016183831208 0.13096839440519891795 1.1820361918077317842 1.5004550745671265677 0.14187271329181391777 0 0 0 -2
5756908.8459958927706 5883 2.017700138091296013e-09 4.5688020949931287281e-06 0.29530777527874663146 -0.36072120372273314137 0.17824597587818691302 1.216642253419651265 1.1548197995866664733 0.89771212947750200772 0 0 0 -2
5766476.1067761806771 6009 2.3766032938359121759e-09 4.8250561310015424233e-06 -0.24107384685655000589 -0.3979916505562827167 0.10843264919110061351 1.6283048116861904564 -0.95866465136336453945 0.51933795918978542527 0 0 0 -2
5787370.2012320328504 5703 2.5348277198098317979e-09 4.929841475768821738e-06 -1.9334357335105365472 -49.961674536544819603 0.44040558989011846514 0.061198867763800825215 -0.0096327250745712762053 -0.0014602994967055373497 0 0 0 -3
5835915.2361396299675 5008 2.0110097594392425092e-09 4.5637466917397249841e-06 -0.44718243164131943335 0.17375208664604355202 -0.13017964718772634392 -0.60069785299389144573 -1.5921093320055679232 -0.86083697486851185054 0 0 0 -2
5848399.4743326492608 5616 3.014027012846628652e-09 5.2227493676773400854e-06 -0.41610198744479415245 0.12396629794115658629 -0.24567868645192228461 -0.68902990702332578277 -1.752978203338729335 -0.027096633551350682301 0 0 0 -2
5916654.1437371661887 5783 1.6796047753668915587e-09 4.2978623827892882604e-06 -0.46229817324169875103 -0.13751549190002701484 -0.11394082193637664058 0.3410704791732618868 -1.8716997798511418871 -0.14580381192576355454 0 0 0 -2
5924305.9548254618421 5217 2.4986779111552316492e-09 4.9062939475463651556e-06 -0.41228053982995732651 -0.24783453841098734838 0.08909518540550649679 0.92583516576410829213 -1.661599141701348481 0.2929659539927898515 0 0 0 -2
5976896.312114989385 5348 2.5141808533101633567e-09 4.9164199990220824372e-06 0.48551997378671973848 -0.027307415574900885391 -0.11555340879011440081 0.20997544471781051656 1.769866891234116224 -0.070808986134153373282 0 0 0 -2
5996462.5708418888971 5742 2.9451373325130436907e-09 5.1826512896137873511e-06 0.43604325523963721745 -0.22187260354432089549 -0.10075980393119041145 0.90108984402680436521 1.5958563944600963058 -0.44969058606349460172 0 0 0 -2
6036675.8767967149615 6669 1.4756300277479792032e-09 4.1163216170374268313e-06 -0.42822575453590516759 -0.22329190883640503973 0.1205871760037066226 0.74777065569569534098 -1.7215916183167332409 0.15844358733041044585 0 0 0 -2
6067589.7659137574956 5756 2.7689129088047554918e-09 5.0771489394254271953e-06 -0.089906602083751827048 0.46542539754131123653 0.11538136173907111159 -1.8420230173460301337 -0.37977155341332907712 0.42273597665427159464 0 0 0 -2
6070789.1252566734329 6397 2.8769231318956449633e-09 5.1423254354678865218e-06 -49.161615233916897694 -9.1683419364977734034 -0.15921926352237755764 -0.056670368947216838429 -0.075628057676546150967 0.0012051530136874329547 0 0 0 -3
6081267.5811088299379 6849 3.4777143790187649068e-09 5.4779085205430507022e-06 -0.067716516306301294259 -0.4829378947650045939 0.10312938033517728142 1.7501562423798584511 -0.31689128477629724401 0.67785866793150562071 0 0 0 -2
6093485.7823408627883 5837 2.9068933511498512703e-09 5.1601204340328099852e-06 0.48173128627614048014 -0.0015089678099472264225 -0.11318783861136097468 0.12894099305890979745 1.8990125484307347481 -0.16417357585320910274 0 0 0 -2
6114281.8726899381727 6665 1.888170336828180873e-09 4.4688645884234033702e-06 0.39760318452497456221 -0.287853150621971976 -0.092484466587815880589 1.205171464841311435 1.40618934459074163 -0.32364786824834751444 0 0 0 -2
6142864.0164271043614 6821 2.0520832681866551768e-09 4.5946080043404359273e-06 0.26530804713172856379 0.40329608463326760415 -0.064335412571640354651 -1.3204638168778088936 0.8333897834400293414 0.17508310098252716225 0 0 0 -2
6150941.7823408627883 5579 4.5048033270211465712e-09 5.9713897284850467697e-06 0.066727401507294475946 -0.47392656346888062391 0.063570343051531294498 1.8738810808723591617 0.26488587870262852997 0.4261969330683272883 2.098800823668936067e-16 1.4760745863811505458e-16 1.7702641501215937262e-16 -2
6151849.4291581111029 2353 2.1985583138239505314e-09 4.7014245210126037541e-06 -0.4602706866938742758 -0.19136189539730116826 0.010696716114824259686 0.54415755996870329714 -1.4345472438019353234 -0.11237015124422179702 0 0 0 -2
6152201.7412731004879 2884 1.7630716111996947107e-09 4.3679077337664641559e-06 0.43775649584537584813 -0.21344072757357207548 -0.029176120383649487011 0.72293589040138006574 1.4149715286132258374 -0.011236825456414616803 0 0 0 -2
6181042.7926078028977 6516 1.9177623173996731635e-09 4.4920894807887804849e-06 46.991550550668328867 3.9386877252977221531 -16.633927075742256818 0.024126304901358891497 0.079058996070164408443 0.01728617268188743436 0 0 0 -3
6323122.7433264888823 174 4.4623066194907085239e-09 5.9525530507403484341e-06 0.082505238945920933435 -0.49073283819454682764 -0.024011959722570069137 1.6868368528011012941 0.20517572856089927313 -0.031438329416611759948 3.1628061831528283604e-16 3.1304739933704262981e-16 -1.3948012049506199053e-16 -2
6384321.577002053149 5593 2.0776865890503912767e-09 4.6136376647202342411e-06 -43.601784019997694486 -22.755316981811269272 9.0185739963204056835 0.016583384388245331342 -0.072458706364333366756 0.025233321300464267578 0 0 0 -3
6393335.080082135275 5206 3.2722301405801495164e-09 5.3678217443464548781e-06 -0.47546432447745612393 0.14308390094477865806 -0.05228929434919760838 -0.74833207780590271785 -1.7491433373128610906 -0.018554997649955277256 0 0 0 -2
6420415.0308008212596 6620 2.1972036395138058842e-09 4.7004587051375977018e-06 -0.20336475160270001128 -0.44293943940291102823 -0.040719206609329108848 1.7184006916509022567 -0.88410606006433578585 -0.070521414964179018892 0 0 0 -2
6420617.5277207391337 6696 1.998663482406480983e-09 4.5543880460388322387e-06 -0.39964457540562414728 0.24646198766636492894 -0.16851857056071992136 -1.0483556473629760397 -1.5774091364147553307 -0.30726470471817141084 0 0 0 -2
6430466.0205338811502 5751 7.0040489598539901547e-09 6.9177765443262903328e-06 0.30482298733182727757 0.38083805366008449678 0.092400389132804766623 -1.3663117247803808763 1.1545184308619711455 0.66746887571087420987 -2.4022598625291478538e-16 2.1379873562982139363e-16 4.1227137171875282635e-16 -2
6464785.3963039014488 5058 2.5492638396702383359e-09 4.9391824268937371394e-06 0.39998848913858159326 -0.29349975961937463387 -0.015144062052018675626 1.2157419606989152694 1.443633783038814844 -0.02263130975927337904 0 0 0 -2
6467337.2813141681254 5218 2.7091159731967229043e-09 5.0403342466268227776e-06 -0.21958450195076775757 0.43617394081504551329 -0.079335290727562998714 -1.7230843756010663093 -0.76984310864187133205 -0.34325477050225888798 0 0 0 -2
6511577.0841889120638 6981 4.0287716769335632736e-09 5.7531763983275954654e-06 -0.33069536428426077324 -0.36401587803485863093 -0.078295587110001257924 1.2414397762680251525 -1.4475157709678367901 0.051991594787715054993 1.8577660002386341632e-17 1.3814270035942504025e-16 -1.5135052298984043156e-16 -2
6534905.1827515400946 5889 3.3468198072959544459e-09 5.4083017584787211908e-06 0.29818635799644671591 0.38755416418371607667 -0.089323363597996779939 -1.3645216491160978567 1.3420790771710082723 0.13039139851251338453 0 0 0 -2
6555096.2135523613542 304 2.3521210470798067901e-08 1.0359449899517907424e-05 0.47704098142638495794 0.11947834561901350681 -0.052290349339385817917 -0.33691683832664515164 1.5243190308416156853 0.19084380082040861004 -4.7472367248350923776e-16 3.1356120488973839785e-15 -2.8772187567880763715e-15 -2
6564723.9260780289769 6625 1.8890951320399738423e-09 4.4695940618105663823e-06 30.517636258107302183 -39.291560872131917392 5.0547811100438151399 0.082278289582875849262 -0.0085277839253250203172 -0.0098588750408083354604 0 0 0 -3
6565186.5462012318894 5822 2.1477681321441849738e-09 4.6649386485781495584e-06 -41.381826241704800395 27.797983807179527105 3.9290280638009695835 -0.069712502410350291049 -0.028037794722553768118 -0.0028213913297213664456 0 0 0 -3
6568151.8193018482998 2999 3.0525796954052062156e-09 5.244923306098941084e-06 -0.18314421019721349726 0.46508840872727397198 0.0092180752191897696868 -1.4465657326937746419 -0.52721154857336605115 0.002882956225290433331 0 0 0 -2
6587397.3388090347871 5506 2.1242006032683307563e-09 4.647813014274023398e-06 0.41236641629587522662 -0.22209300997027200952 -0.0090515543328656463545 1.0267500509445992574 1.6872538192334938234 -0.1029019724150353754 0 0 0 -2
6607918.7515400415286 5635 3.0601561210248403743e-09 5.2492589767426176339e-06 -47.343644165493749654 -13.162482868563408545 -9.255472015702777 -0.0048213568306583231074 -0.060391789740534926323 -0.014226957352806499438 0 0 0 -3
6630463.5400410676375 5829 2.4551725728286371455e-09 4.8776520114751994536e-06 -0.10275922130645415153 0.48483932120645539809 -0.064512439055705167457 -1.8149955865316247383 -0.25743917591977494297 -0.1500937360551888311 0 0 0 -2
6688829.1088295690715 661 4.3335768287797096425e-09 5.8947533582824095515e-06 -0.4400227552519228591 -0.20001906454993653717 -0.042762976659517053235 0.70362401816876418703 -1.4071519873165450054 0.18653619978557431369 1.7221848299210942171e-16 2.1844370909699629911e-16 -5.1394763337272454195e-16 -2
6691727.687885010615 5199 2.3972803756901605566e-09 4.839008836104865257e-06 0.29713920812011251904 -0.3822710097217875691 -0.12195971080540200793 1.6036416240451483173 1.0031047275353575099 -0.20055428093054611383 0 0 0 -2
6775282.184804928489 4143 2.6277778153164074247e-09 4.9893773634513171307e-06 -0.3792068222812698397 0.3141039781628039429 0.042571113177091786384 -1.0731293198768856456 -1.1868787603151880194 0.081734523017350832474 0 0 0 -2
6878430.7515400415286 894 2.5666065207829854053e-08 1.0665222072983730929e-05 -0.27121510959444034006 -0.39055152277259591598 -0.04106647912541470935 1.3696477723352240563 -0.84096242027608114622 -0.16505121935478064832 1.9688032834635267044e-15 5.2061010082144549001e-15 7.1857236543216755398e-15 -2
6939771.69609856233 6835 1.548813016564154739e-09 4.1832755124284668919e-06 0.32086143987875020978 -0.35906906455839793235 0.071445112415240139003 1.4431733173947531856 1.2519674137030014638 0.25909609514206449754 0 0 0 -2
6944103.8685831623152 5800 3.1008979844739122334e-09 5.2724519594831270846e-06 0.43019665139670459908 0.2506959140595333424 0.030724632340089288313 -0.81833893341631880336 1.6866165566157467204 0.29422682846305125981 0 0 0 -2
6957965.5852156057954 5398 2.4317618379933460818e-09 4.8620992289663093278e-06 0.048100127843189073584 -0.49750184573021666301 -0.0067509814883338972735 1.5200674722215197221 0.11377371259398937064 -0.12870667299568233632 0 0 0 -2
6981545.7084188908339 4451 6.3266278112128780415e-09 6.6871474660245062727e-06 -0.30017126295891805032 0.39275985107289307363 -0.023593129860441583445 -1.2857494150783663756 -0.90353990689033525374 0.24136470226646486448 8.3110127075548873987e-16 3.5622147964139268534e-16 -1.6248417184503281875e-16 -2
7033937.8398357285187 6142 1.8801001365401776606e-09 4.4624887272635834444e-06 -0.44944461208328534418 -0.17680238797316691346 0.099051719248327826928 0.58904612068727957297 -1.8205758154015181383 -0.033841442115147828129 0 0 0 -2
7087167.2607802879065 3054 6.9159287972887014592e-09 6.8886424381036823298e-06 -0.44610319580103163783 0.1871564127013312373 -0.12497590071462982841 -0.80782374192271155788 -1.6470664874893374829 -0.14967344889614656034 -3.1711112497751152229e-15 -1.0975415601559548401e-15 2.1711952471141380821e-15 -2
7141874.4804928135127 6476 3.8612232066320212879e-09 5.6722901906377938723e-06 -30.964228922486647377 38.995724695470698862 4.5884744766782965542 -0.082328996302445708877 -0.017824874555362548584 -0.0049284871355811735172 0 0 0 -3
7347194.5297741275281 6650 2.6399931647107899843e-09 4.9970965336463242577e-06 38.459560919205053153 -31.878296791458691217 -2.4272253805641859081 0.10069138631380478155 -0.0013464108851245545212 0.0030814880883154099553 0 0 0 -3
7424739.3675564685836 5119 3.3674804854711910561e-09 5.4194078276644150384e-06 -0.4663269571415323278 0.17436993642229708934 0.044840831725826139909 -0.81556436105635998768 -1.6890899907201173402 0.050942054059671233734 0 0 0 -2
7436360.344969199039 6381 1.7882708856860809517e-09 4.3886192834567442717e-06 0.45448737654783588624 -0.19155970765012048096 -0.041482352922340232082 0.94146807051896297391 1.6257681955099148041 -0.4182410728950958223 0 0 0 -2
7440439.4579055439681 5293 2.9268424098875030025e-09 5.1718976072070037194e-06 49.280676418347496792 -7.5992050756227351727 3.9183577756042828888 0.14058154388489993436 0.05900392604933218238 -0.0073330371843268512405 0 0 0 -3
7582116.7802874743938 4037 2.7477190207640202827e-09 5.0641618639505318837e-06 -0.49899004799435175972 0.0018700026054503276259 0.03060809570138700933 -0.076297936423658202498 -1.6061950111168430411 -0.072198469273919430034 0 0 0 -2
7673446.5051334705204 6396 2.1673854794784758844e-09 4.6790985419902250502e-06 -44.08655095440346372 20.224274613301790993 12.164190578749813909 -0.046835053205558245526 -0.035574482633949071342 0.035748643575817272422 0 0 0 -3
7678363.5811088299379 6857 2.8556467804250065207e-09 5.1296173272448109933e-06 -0.061611003261409100218 -0.48508736590697992819 0.044640762177287698909 1.8961540421033493686 -0.35456683146503775728 -0.009645089565312590929 0 0 0 -2
7719346.0041067758575 5731 2.1053549999878999142e-09 4.6340272548224257826e-06 0.39839342687257717213 -0.20499089052664468125 0.00035545933599849814828 0.56846666442434079514 1.5583536044819221722 -0.25471584564810317852 0 0 0 -2
7755751.3757700202987 6774 2.8257420947307470554e-09 5.1116484610975161884e-06 0.23415755854824096827 -0.43420527062211122793 0.051183920406991940955 1.7873159798531075282 0.70747689875035701945 -0.074305628913798965618 0 0 0 -2
7943202.2833675565198 6795 2.7598699226193653882e-09 5.0716157618383743278e-06 0.20596232674946846064 0.45275377620202306161 -0.049474078444223905382 -1.4112860163531251168 0.69470903504500358672 -0.018778063385416061265 0 0 0 -2
7946112.4106776183471 6371 2.2770820947736557617e-09 4.756743147102053544e-06 -7.8628445374045847771 -49.091100710954918895 -5.3724922816028355399 0.052294789051459213136 -0.050277967487770677812 0.0077663023835061054459 0 0 0 -3
7986909.6509240251034 4735 4.1334687520635619018e-09 5.8025874094407490402e-06 -0.20297616351291764003 0.42781475409017183376 0.018840155862638655743 -1.3740074421493897461 -0.85109828679189369893 -0.032973228023326230096 2.6440961032301823972e-16 1.6615162075146485754e-16 -5.9072106533568409726e-17 -2
7999751.4579055439681 6988 2.5965935924236053753e-09 4.9695622159466241961e-06 -0.41521900798279287592 -0.24175697184131300643 0.096672700166614236594 0.78638205497184154869 -1.7535304426650855092 -0.064944091641944451387 0 0 0 -2
8046653.4702258724719 6789 3.232424635124748307e-09 5.3459670098745939255e-06 -0.19242130912502289353 -0.43814498266058254927 0.1110350199055704784 1.7059991902974209754 -0.87636804274697832629 0.16848897819939276377 0 0 0 -2
8115244.30390143767 5238 2.8749898269906971648e-09 5.1411732889656968509e-06 -0.38859872011775892231 0.26318680098522689859 0.16579922857437351391 -0.9714412700480525853 -1.5052733260121351488 0.65052110801175100363 0 0 0 -2
8156493.9137577004731 6213 2.3207171771724940856e-09 4.7869351497143725405e-06 26.487358656162424353 -41.344183909564478085 9.559413052346053874 0.11832876603287208195 -0.077152298488340778637 0.018068993777545443169 0 0 0 -3
8188014.4394250512123 5109 2.2179326675265112979e-09 4.7151942720234591631e-06 -0.059765502882267597384 -0.47044992524477940998 -0.1522706362648017786 1.8262731287402456104 -0.2632207470847670594 -0.47322194389316585283 0 0 0 -2
8244929.4127310058102 403 2.0558334151318115779e-09 4.5974051568669592742e-06 0.49268320335360876738 -0.061959481499069962718 -0.057188475185079010177 0.25339401437832631547 1.5938645274275426988 -0.088373234807914868849 0 0 0 -2
8336062.3080082135275 928 2.0755322142979389441e-09 4.6120424703354396162e-06 -0.4728233465028635063 0.11542771007836068187 0.11450987734812753671 -0.42142715015684456548 -1.553045786768962655 0.097637003698418364794 0 0 0 -2
8466987.6303901430219 6458 2.1286898120724110679e-09 4.6510848838354435644e-06 -0.36143652104499318645 0.31369793395999845398 -0.079748813973426230239 -1.3608782378994730422 -1.3870364594636956923 0.033912170732924018512 0 0 0 -2
8562830.5708418898284 6548 2.5752072871479779938e-09 4.955880996131951161e-06 -0.48756281574235788012 -0.034364121222960113122 -0.10335508250394642715 0.031570603253870045679 -1.8276070359860365766 -0.2176927128870758954 0 0 0 -2
8679455.3429158106446 1386 2.0989998891567369448e-09 4.6293598806890242826e-06 0.052234163915216950957 0.49698888308382521695 0.013305447633984824468 -1.4612426576023516134 0.17019232003021006472 0.058042428585014481379 0 0 0 -2
8690280.8377823401242 5180 2.7468864112339211874e-09 5.0636503008007519464e-06 -0.14716214239815100795 0.4748493452333139575 -0.022522592959841256088 -1.5054363900152956113 -0.44495887197678390956 -0.13843348232292099209 0 0 0 -2
8715681.9712525662035 5936 4.6008778170842310916e-09 6.013542321641890669e-06 -0.40159077319108504867 0.29778461449289805874 0.0065827118526278491709 -0.98345521644359334967 -1.2322786977377666595 0.012101370922129617638 1.1170110853478049598e-16 -2.2625779540213373367e-16 2.4459174550540624902e-16 -2
8750880.8542094454169 5279 1.4690484001146785783e-09 4.1101926021856409314e-06 -0.2885938798070952771 -0.40449941216560481028 0.042892731864289490584 1.2490750190454034119 -0.93070903038892982551 0.085852031298933345616 0 0 0 -2
8787555.8110882956535 6219 3.0209012513331253926e-09 5.2267169459686628838e-06 -0.19136893768700208307 0.44382540774361423086 0.12399446002119932086 -1.7258141965418023478 -0.60971461729514941918 0.043743402536435035954 0 0 0 -2
8825615.5728952772915 6817 2.1467570548770221799e-09 4.6642065158943255281e-06 0.36071439809834215939 -0.21940833624578384708 0.2638136894039403435 1.1767123802314676251 1.4982654486205826405 -0.046666845993727515407 0 0 0 -2
8933169.6919917855412 5222 2.1862200274016307438e-09 4.6926132355907423959e-06 0.49977240604407807689 0.012495509719761078993 -0.0052576668449008474512 -0.008036509055587597733 1.5118702572079849578 -0.10532043115719361137 0 0 0 -2
9118908.5995893217623 1023 2.9311431908005960783e-09 5.1744296092040876163e-06 0.022973834653794832777 -0.49796603565717750817 0.028528620386780327578 1.625279070687451588 0.0073132419695415605901 0.0043307841036728288511 0 0 0 -2
9173441.5112936347723 6328 2.2512702582999388477e-09 4.7387014692390438977e-06 -0.41459184472903243268 0.12305153900576909498 0.24935161948467074455 -0.71046348788796354068 -1.7340516773902170389 0.0058403469196177584116 0 0 0 -2
9223476.3531827516854 6015 2.3673577968365959195e-09 4.8187911652287246874e-06 0.48109435889485291371 0.065015395101911482856 -0.010424871410790717899 -0.20394908716633194934 1.575867754983004021 0.063122142668334560445 0 0 0 -2
9254686.0616016425192 2309 2.2626993762071587866e-08 1.0226470206610792883e-05 -0.23424789883977489846 0.43254181578647321604 0.023881316401432855362 -1.4051933910996059485 -0.70305961352168300227 -0.051693361989811385804 -2.7228284370251889562e-16 4.2080425693689451675e-15 -1.884342334387866165e-15 -2
9279885.3880903497338 6285 2.6707208019192384191e-09 5.0164093435520076234e-06 -0.23248322190167544643 0.41272834703067412532 -0.14705983985056675367 -1.6912469569707790917 -0.84018055729559737443 -0.12603335507639548685 0 0 0 -2
9305125.5030800830573 6453 7.5611064595625377878e-09 7.0965171398488703392e-06 -0.3357476805100413908 0.34226983579427666671 0.13210606103049213345 -1.3436227589031171092 -1.1891028007471289296 0.64127906401138168313 1.9147302221178459623e-16 1.0939968602377564164e-16 -1.9832974605323694538e-16 -2
9456444.7802874743938 5656 4.3923198046888980402e-09 5.9212689766914614433e-06 -48.87818392117635824 10.442474901873081805 1.5394184208867232044 -0.042124274983816628604 -0.04634973371770780004 -0.000565387201616093381 -9.3927247793117460621e-17 -9.2524944654142912888e-17 -2.3645825328301916307e-16 -3
9489565.0266940444708 577 6.454907760810994285e-09 6.732042028221658014e-06 -0.32715452869318861762 0.37605033404022669696 0.020258185088227225606 -1.2311755355955547042 -0.99066060401186428752 -0.032527361392966455678 -6.2518762912239543892e-16 5.2785265356935430772e-17 4.2436849959476997256e-18 -2
9542788.7310061603785 5302 2.1775988869008994118e-09 4.6864368257810522562e-06 -0.37660223870332720786 -0.30620447483977841774 -0.099243404393117184981 1.0519122591565872593 -1.5986103716652724227 -0.044290167799338558963 0 0 0 -2
9651552.4763860367239 6000 1.5681457677589948229e-09 4.2006092252406200042e-06 0.38777653287906033164 0.27544939616067715127 -0.14951315231739764622 -0.94001438566370565386 1.6510525778471558667 0.080174241187521616547 0 0 0 -2
9723109.7330595478415 5465 3.1814499460584893384e-09 5.3177163733621454685e-06 -0.36885529328475824551 0.33220272574723141989 0.016436763389398322682 -1.3672774808518286527 -1.3208570546259650325 0.12931825469475083379 0 0 0 -2
9807577.85626283288 6462 1.7171461323423841441e-09 4.3296476747553271793e-06 0.42258462551842307375 -0.24536819539089896325 0.083697582014706062292 1.0080883267044136176 1.5762220728467237763 0.36139647964804416658 0 0 0 -2
9825150.2258726898581 6218 2.725862255122721911e-09 5.050698455817841429e-06 0.22886824481565198885 0.41696909464792947242 -0.11006521673857483368 -1.6023540111446670231 1.0576068741060018485 0.13529323735944109863 0 0 0 -2
9850551.8357289526612 6694 2.1422377415194245966e-09 4.6609312159404140622e-06 -0.4263414819064292316 0.25879700267198563202 -0.021218163509960429741 -0.95609214567908329396 -1.4027159957795316547 0.10389526889417209643 0 0 0 -2
9851121.9876796714962 6678 2.0813037852566456538e-09 4.6163135186240560488e-06 0.05955738226519659978 0.48431688716786081006 -0.065654356957016157814 -1.8766140271109317261 0.3091952935171530803 -0.28609368148739033888 0 0 0 -2
9923556.6981519497931 786 2.6528992723513861107e-08 1.0783433354958020981e-05 0.28646201473750881883 -0.40421519669434385902 0.067426450292455100688 1.2498091598835898708 0.86397325447318118474 0.11842185335130146762 -2.3824288807219983822e-15 -9.5738872051853582156e-16 -4.1329409514419488779e-15 -2
9928797.6673511285335 6378 2.3717831538766489671e-09 4.8217919223774034345e-06 -0.47278980719606750194 0.028344069810624719641 0.15858178401547631808 -0.3260632921688056407 -1.8311340778071698576 -0.090879507625201264021 0 0 0 -2
10209674.496919916943 4254 2.3585781983823273183e-09 4.8128267859231642372e-06 -0.22373945077762913414 0.44619650976171787438 0.020225950059169085782 -1.4613206513976129131 -0.67328397859176802864 0.24455925599459704678 0 0 0 -2
10259166.800821354613 6236 2.6830401938644381951e-09 5.0241106769774159592e-06 -0.40010192176196657243 -0.17701408296905193906 -0.23569354152803023705 0.62785391218308717054 -1.8107967962256390493 -0.19749615565151942831 0 0 0 -2
10383247.260780287907 6064 2.5296011036359703732e-09 4.9264508286477956618e-06 -0.45921067568875878484 0.1466920045224592295 0.12274256567647667815 -0.68756486232888425203 -1.7708228977208035904 0.2596939759165560746 0 0 0 -2
10494985.544147843495 6467 2.0831737542209445811e-09 4.6176956296965160226e-06 -0.47509733235708323518 -0.11765562926830552826 -0.099907169167223988659 0.34465461153910825765 -1.8293996251698529942 -0.25809840364359065701 0 0 0 -2
10517766.882956879213 6216 2.0175102664422198348e-09 4.5686587778265295084e-06 0.060901338798117626849 -0.48219782914603126489 0.10398179858878101034 1.8960502089483632915 0.13099209161838668014 0.19914007078778803161 0 0 0 -2
10533602.644763860852 5237 2.4437148630017116464e-09 4.8700525613988080351e-06 -8.882919212899162531 -47.755762133813540515 -11.868360208192749283 0.05958654762680467426 -0.025296588806465340749 -0.020853209751028400215 0 0 0 -3
10596590.291581109166 5129 2.0272980946783931208e-09 4.5760350521173051599e-06 0.48751412105223940197 0.021367332108451968925 0.015918010406488103392 0.0063520827386434070699 1.9210238497399765301 0.060391661069674723583 0 0 0 -2
10661401.429158110172 5603 2.7321156274838742001e-09 5.0545577577941457273e-06 0.31372099434565198228 -0.35377722415956991409 0.13744766919753587109 1.4864239485237420446 1.1968053881228277735 0.3261740878326931381 0 0 0 -2
10678358.718685831875 5631 3.1055878255021742718e-09 5.2751086636923438588e-06 -0.33669344479966800687 -0.33779946468340343868 -0.13195227503025530602 1.1981776903480727547 -1.4373902185690672351 -0.40271062019488756967 0 0 0 -2
10679388.550308007747 6822 2.0307488105462428994e-09 4.5786299091304164509e-06 -1.052273858580349053 49.687946731573752857 5.5392610504013717332 -0.063509607482588797955 0.043434054222115138499 -0.012661572089941390551 0 0 0 -3
10806063.704312115908 6569 3.036886642336019022e-09 5.2359199581265525485e-06 -0.18517211908350442173 0.46334388717743502095 0.014464846216415501792 -1.4685562753142089587 -0.52860329180976750596 -0.059736313673163558835 0 0 0 -2
10858094.636550307274 5449 2.5821938051825232402e-09 4.9603587052169433456e-06 0.37383207307337668057 -0.32993463968687652965 -0.0015071057468885498253 1.119581389126467208 1.1748404989771565887 0.048972426230137464098 0 0 0 -2
10863597.89733059518 6866 2.290839609326371862e-09 4.7663035711793998186e-06 -0.42809981814285152923 -0.24268054540692474141 0.078128054188189549611 0.70243465887333789155 -1.7817273095893138013 0.11748284587240172272 0 0 0 -2
11046612.221765913069 6391 1.2388259152823472373e-08 8.366045695091925397e-06 -0.20683088891267673026 -0.45417218253682684059 0.0065133165633027619718 1.3840636730267079635 -0.67216325487945649542 0.28087169891491864382 8.2152544669283139927e-16 -2.7240590837979987353e-16 7.4744448733599557481e-16 -2
11220403.548254620284 5536 2.7459413508061157835e-09 5.0630695214847609161e-06 -0.044253900087775584204 0.48550651795106924968 0.1085731678424800839 -1.8615197917669217276 0.033206920744054381489 0.41082921146499989939 0 0 0 -2
11465159.178644763306 696 2.3190944578887959769e-08 1.0310734826664382294e-05 -0.0035213771627929202172 -0.49670532019455632122 -0.019546897489515591834 1.5644143193514596923 -0.029948489090712949318 -0.045875956010954420383 -1.4057900028202727069e-15 4.9192180740947969441e-15 -5.3775002523777609428e-16 -2
11515477.256673511118 5874 2.1492245957025898878e-09 4.6659928868226338599e-06 0.48476875987717538141 0.01570514425172497841 -0.10017889483087236147 0.10794388913003703789 1.9075877138188543913 -0.086897745670168488608 0 0 0 -2
11619383.342915810645 6922 2.0092595235607028402e-08 9.8294409245956666831e-06 -0.17979984581350100248 -0.46536292086230990339 -0.032176095515590870388 1.4406509005259342526 -0.59879583552717441375 -0.13146892160224812884 6.2694064219246037706e-15 -7.8568102230984477545e-16 -2.6931649085386092073e-15 -2
11650628.106776181608 2102 2.2135731596366371887e-09 4.712102893324340318e-06 -0.36829490791196306532 -0.33662154738266975018 -0.018953922138811096082 1.0155963040241535733 -1.1553931605376832614 -0.15558456876056686591 0 0 0 -2
11902512.509240247309 6853 2.6293151485263250881e-09 4.9903501550070501015e-06 -0.25037266824162140999 0.39361226473359495204 0.17111105357984190967 -1.5536813104942508446 -0.95450446729650395561 0.55744468900634291941 0 0 0 -2
11930287.080082135275 5436 2.738283294229153773e-09 5.0583584020178260334e-06 0.095535259703288549771 0.48406007324271410619 -0.01787042671224515003 -1.5466739165277905155 0.32202019060654524241 0.090257356416533054966 0 0 0 -2
12010125.585215605795 6672 3.0273471739210916009e-09 5.2304318503827242724e-06 -0.38927327386598759018 -0.29543696400158303561 0.082693962914607122006 1.0602488692554425942 -1.5672834987166022191 0.28259563036698798211 0 0 0 -2
12055286.16016427055 3991 2.1807876565107732904e-09 4.6887232399505401783e-06 0.49119228927123398387 -0.063706873930787458193 0.067395993340205573308 0.22045155651861930712 1.5599181432825677263 0.3645511587978183532 0 0 0 -2
12062612.156057495624 1273 3.6433658591088437568e-09 5.5635381000316552137e-06 0.44225099735487810593 0.23132761650132460662 -0.02599560530270703107 -0.69848331737258939622 1.5114158405656508144 0.006429356363794584521 0 0 0 -2
12122860.977412730455 5340 3.204338473521179374e-09 5.3304384522391258394e-06 0.45691658100363391481 0.13811216086832686645 -0.13427014833956887885 -0.34890764497576293168 1.8777786848970163813 -0.15278167821120244851 0 0 0 -2
12305339.285420944914 5190 2.7853677622799068625e-09 5.0871864278654205203e-06 0.45427640098426591564 0.15903995340116247603 -0.11804527291471179906 -0.53902718158625229083 1.8346736250099899834 -0.16647304691246037067 0 0 0 -2
12364604.533880904317 6685 5.9510385618704550805e-09 6.5521081882685068733e-06 0.37482022173284434974 0.20308984765016072083 0.25578235632428830693 -0.82682812562314855764 1.689052864309906532 0.15440747869392570935 -6.3005178183995029578e-17 1.1050579443447775844e-16 -1.5705848692922729302e-16 -2
12410642.956878850237 5327 2.8930897431307446821e-09 5.1519397277032732155e-06 -48.554852087879467604 -9.869979977191126963 -6.734775365018542459 -0.014069051615857693788 -0.069178421103008286286 -0.0032712645555237986929 0 0 0 -3
12495619.827515400946 6524 3.2455970688490518144e-09 5.3532189404245053192e-06 0.41831878628765895023 0.25835378225420829734 -0.064491253193312586545 -0.78726739567472958647 1.7487827499532313524 0.089038630404339444424 0 0 0 -2
12506442.858316222206 5188 2.4035401484460611906e-09 4.8432170448206165881e-06 37.646843134374321949 29.182092174492151315 -15.224312204878296839 0.0033209362564543855323 0.073340890320306315053 -0.034299252990360754034 0 0 0 -3
12574446.078028747812 6840 3.2421019984294909201e-09 5.3512966852588308818e-06 40.915610218502521889 -27.676276340811266863 -7.7733973010324000086 0.065683451775594495214 0.021490760218707310319 -0.029736901178165402182 0 0 0 -3
12600373.831622175872 884 2.1225200989731378409e-09 4.6465870267407394817e-06 0.41367139283355008894 -0.27645692954658684926 -0.030748570278993463123 0.91189253387985558241 1.2644997057660387618 0.029187938034069823429 0 0 0 -2
12764524.56673511304 6021 2.072442443180889589e-09 4.6097527391193885308e-06 -0.19974025671199557852 -0.45822389646012323672 -0.0028634841737225709586 1.4141163306279564971 -0.70853926103061781738 -0.051629143535508799367 0 0 0 -2
12827108.533880904317 3239 6.4607413998848657606e-09 6.7340694508691408956e-06 0.3632139152109116198 -0.34126399870482099219 -0.028453921235180132387 1.0919608077844236149 1.1076489344240667556 -0.00076540483183441311056 -1.8450261967196788298e-16 1.9123153467997147936e-16 -1.9702706720522388454e-16 -2
12889515.219712525606 6747 2.2137572061955455146e-09 4.7122334849403525611e-06 0.1625481773529803553 0.47208044822023964571 -0.0046268637609748726816 -1.7345499128314119108 0.77174581774554495972 0.060779953754811710809 0 0 0 -2
12929343.770020533353 6297 3.1611950332474227731e-09 5.3064071405731683381e-06 0.0090601375640461407485 0.48459775644653474425 -0.058462536920731743295 -1.9130577537007802391 0.068172582530083375429 -0.25280386091725309816 0 0 0 -2
12968752.065708419308 6398 2.418010632120951187e-09 4.8529171138022277407e-06 0.45926565453011125584 0.16486964731968392628 0.098494157378331864683 -0.50568253306722232843 1.7010920108258000827 0.6928608027535663183 0 0 0 -2
13024492.533880904317 6763 2.5856541806113750515e-09 4.9625734940046132814e-06 0.2276781061241287818 0.4400600082920350653 0.065002646106190470343 -1.5327362119764083026 0.91621032920698519675 0.12924896716960271315 0 0 0 -2
13128886.537987679243 6915 6.9976199371492277088e-09 6.9156592853232507767e-06 -0.38693062958421731157 -0.31064365681650124573 -0.0044755617281999164614 0.98732797957221529739 -1.2766318581181927971 -0.092157770110308998013 8.4374798739447883101e-16 2.6619224840269765775e-16 5.6907503319747874199e-16 -2
13204409.051334701478 5503 2.6349921078738711059e-09 4.9939391314328104569e-06 0.44859484509346742032 0.16058570277656017411 -0.15137536408492408002 -0.4681030134785626462 1.8206625022386000445 0.0030683418106822479311 0 0 0 -2
13452188.008213551715 5242 8.4099216013809337186e-09 7.3527102869313586432e-06 -0.29928515122021792649 -0.398871158088442479 -0.025231107277392653132 1.1916194177950345523 -0.95980977800845090897 -0.098202881538311095899 4.964950118662136401e-15 -1.524360027316436385e-15 -4.9706338260007293941e-16 -2
13485389.89733059518 6509 2.6561562127581087745e-09 5.0072738375519259993e-06 -0.4774497283451771823 0.10572854598617884014 -0.027647219003301921891 -0.44196798982292456737 -1.6759347657254530795 0.032996758951265720006 0 0 0 -2
13604123.186858316883 6686 2.7112942738069542695e-09 5.0416848005697281976e-06 9.304603701138894678 48.12641094328999003 9.9344014791563690636 -0.045122951964842103467 0.087505488409853629528 0.0011501128947929196728 0 0 0 -3
13606984.952772073448 5568 2.0967483818132039353e-09 4.6277040497659705613e-06 0.44525387552470779839 -0.16425070592039817119 -0.15538430260677338346 0.75312180788758542604 1.6944475793269366815 -0.11405073811152366403 0 0 0 -2
13667576.591375770047 5886 7.5213220826872372519e-09 7.0840486319979295105e-06 -0.4932720546306329501 0.078567754866391753543 0.010171122019427237052 -0.33188105290292851945 -1.6007257760970317051 -0.10052959683645913691 1.1795488658994442304e-15 -5.8384289183384765978e-15 3.3023881217092599771e-15 -2
13808022.209445584565 1487 4.3212424611401298167e-08 1.2687800755235467725e-05 -0.12744364393980003869 0.48154805294856711795 0.033000734696533216839 -1.506667174029273415 -0.3708337584051278335 0.15483873117878188541 1.0309672120430711509e-14 1.2547171943957048146e-14 -2.0642215803851912697e-15 -2
13834488.837782340124 5144 2.448438349458499205e-09 4.8731883366658977332e-06 0.22242488824165385086 0.43138035236138111417 0.098111011930613709064 -1.6145900722626804757 0.96885418317634119934 0.31132925557513896342 0 0 0 -2
13931603.597535934299 5707 2.2739197049136119149e-09 4.7545400871104999025e-06 0.32266267953850064076 -0.38176842495602919536 0.0080908146341477013563 1.2747276874357444942 0.98946098588638953242 0.21234763282918434069 0 0 0 -2
14061791.885010266677 6979 2.0417995779351643664e-09 4.5869200976826488689e-06 -0.39454978318564309925 -0.25875503629514234882 -0.15199079260370956801 0.95120995486592752055 -1.669512744273784044 -0.13070657104192404119 0 0 0 -2
14110289.724845996127 261 2.341237962906161857e-09 4.801003149877567378e-06 0.35403795001443072454 -0.35038729768527737685 0.042042636820649570417 1.1359090564267226853 1.0861576990759862493 0.1010189893633271635 0 0 0 -2
14131092.106776181608 5313 1.4109054675766372534e-08 8.7367406500030599087e-06 0.40701280385215388158 -0.28777862428721656674 0.033531565236403236552 0.98285967875810331673 1.2787094975381918527 -0.030009571921346692158 1.442807407873186964e-16 2.5724492245625659414e-15 3.1046823463500578994e-15 -2
14228013.831622175872 6435 2.196186975582967851e-09 4.6997336131784951877e-06 0.0937271180534249293 0.48744331277688901505 -0.045359195470709372244 -1.7814812459939459721 0.47249294927422730295 -0.46877752466568772816 0 0 0 -2
14305467.006160164252 6985 3.3154591233794528589e-09 5.3913562613663106276e-06 -0.2256843183004298703 -0.4411625443198104457 0.060709647485696537073 1.5856833078414709348 -1.0666212636407881309 -0.14534564042233183434 0 0 0 -2
14407572.451745379716 1936 1.4189535983088299985e-08 8.7533212922533994968e-06 -0.24074503938940347569 0.42808200847941602074 0.015535086143143906484 -1.384719488906561935 -0.75952026200034006287 -0.064220661451070359949 2.6708484336703219803e-15 7.6006857129859166625e-16 -1.2136257650947407495e-15 -2
14475800.164271047339 6098 9.9065515957901238012e-09 7.7652893015165071905e-06 -0.29869403271482192208 -0.40080590129516469045 -0.0048129252267143330865 1.2649935687788087524 -1.0312747964600232908 -0.17067889422066045979 3.2482115938642044677e-16 -1.3593928324918443319e-16 3.8263331006703229474e-15 -2
14577041.971252566203 5516 1.6480485369937367826e-09 4.2707761072240974794e-06 0.30227338464381520167 0.39492334240286780522 -0.043269015720253538315 -1.3683342214798639436 1.2992328594488415927 -0.21730780468723556731 0 0 0 -2
14591494.40657084249 5077 2.6984127743124495908e-09 5.0336876870788440421e-06 -10.871832852861896157 -47.477331416665428776 -11.342536144827519706 0.043886652618682228666 -0.080381155639273102476 -0.0095324357506852107347 0 0 0 -3
14607179.597535934299 6342 1.7066219913325989888e-08 9.3088475419687627052e-06 -0.27977759046641087481 0.40998426257501324743 0.059819882877153431056 -1.3378453911064642767 -0.81377814109030843781 -0.22935081519904107483 -3.5519032318366940001e-15 -2.2680190565478325559e-15 7.7084209984180117842e-16 -2
14848098.529774127528 6492 4.602170922975520042e-09 6.0141056502728374664e-06 -0.48174680205132125455 0.11151981252178783111 -0.024999658881939054028 -0.56224012253264143979 -1.8136780217539314464 -0.19946572727094383226 1.1480654138524225683e-16 -2.4626967690774494094e-16 -1.7516292705570408261e-16 -2
15080386.595482546836 5971 5.1705805464048397051e-09 6.2521574677094739686e-06 0.36081900791218873836 -0.34568645868578473657 0.011447850256466574406 1.1375593962352126276 1.0960487613863620915 -0.25106222423146007383 -7.8171908622918923465e-16 -1.77487640592507097e-15 -3.1863381149632420077e-16 -2
15087781.453798767179 6704 2.127077478819225735e-09 4.6499102970194399593e-06 0.47710634660411543884 -0.14532470735877137114 0.028413608171251047985 0.499586363868079808 1.4922500873138737632 0.067248061912652673522 0 0 0 -2
15159946.579055441543 5968 1.9060554864142525931e-09 4.4829302812106985342e-06 -0.403018900070597208 0.29586938061534145961 0.005619388444837994899 -0.98368098113292445905 -1.2445429623800638996 0.060429682520605008944 0 0 0 -2
15247796.56673511304 5804 2.6055438625887418706e-09 4.975265575018537942e-06 -0.30686764580509157119 0.37792010761498295857 0.1130094334650403598 -1.4585551413455715153 -1.0927982076555635693 0.45873816387499544156 0 0 0 -2
15276917.963039014488 6894 1.642584322408849557e-09 4.2660508669673971488e-06 0.49723408002034474862 -0.038851046683074666466 -0.011906390963786742457 0.16109790958379668901 1.5224241210293441018 0.28080086084515021305 0 0 0 -2
15371127.589322382584 6045 2.9521866203591206236e-09 5.1867829465179358852e-06 0.38618650067012294524 0.31379384650120267786 0.017672395673627494528 -1.0591207046858546192 1.5524657272617741199 -0.081149371257296210036 0 0 0 -2
15600156.024640657008 5710 2.1185087244052591709e-09 4.6436579684128795393e-06 -0.29635388480769375708 -0.3720651506135304043 -0.1426085891478219847 1.3951567209302342398 -1.0592402438608237158 -0.70089786003476362009 0 0 0 -2
15607548.829568788409 5830 2.515539718596990192e-09 4.9173055822554867812e-06 -0.27636331701716176923 -0.32044982710537234238 0.25884539941763029525 1.3141475345659616725 -1.3594776259042689048 -0.036133565507243031734 0 0 0 -2
15653325.568788500503 6658 2.9072512092360545313e-09 5.1603321738330375148e-06 -0.33951918124948810007 0.23850121922693376386 -0.27004812337791400667 -1.2313475053227533884 -1.458883006879666322 -0.10700316562470305048 0 0 0 -2
15660893.207392197102 6955 1.8581412732445870301e-09 4.4450472493802707655e-06 0.47237683906122446276 -0.16309273680588498578 -0.013288896851689475584 0.58984902486955170797 1.4837965055309085827 0.25647870352874574396 0 0 0 -2
15721609.363449692726 1267 2.4806846482227921066e-09 4.8944886385864076574e-06 -0.10497622568418078781 0.48849589897943390682 0.0026819851339265313346 -1.6309723767454455956 -0.26337530739777070821 -0.053878700547644459151 0 0 0 -2
15761325.355236139148 5934 2.9553731260463446638e-09 5.1886484304830886115e-06 -0.45114308366886307633 -0.14541793961727655926 0.14232770988019569081 0.49400717336538396696 -1.8206744151337315163 0.12740949607070245486 0 0 0 -2
15956798.554414784536 5346 2.3523354340106839207e-09 4.8085767832452450089e-06 0.24919722513405065389 0.41524352796165608925 -0.067008022652612866943 -1.5746802336989891291 0.94299933238832622795 -0.59470431598430673059 0 0 0 -2
15997831.65503080003 5792 2.2077739558776874924e-09 4.7079843119998072138e-06 45.94665787784521882 18.872794239273236627 -5.7879458485675581159 0.016231886224302740501 0.070879363716344151447 -0.025183253236740549968 0 0 0 -3
16024561.297741273418 6850 4.5397877733330584013e-09 5.9868078854932642598e-06 0.099396539082961740674 0.43760192418934112935 -0.2160701453032991548 -1.7947344346974680729 0.53207823101574935887 -0.06882765127727079324 -1.0513245019817058329e-15 8.9609755440161306394e-16 -7.6462325369399461684e-16 -2
16033095.540041068569 6044 2.7262536269868353959e-09 5.0509401660840676067e-06 0.48854316716108170393 0.10459229708573955508 0.013026954243552697418 -0.26543835216366035157 1.6440618627549781205 -0.034537226751821907544 0 0 0 -2
16123646.521560575813 6792 4.3043768370593435204e-09 5.8814837343569269855e-06 0.15977601548628067585 0.46894185372055585681 -0.04567309712088947482 -1.7270545850665479648 0.73925976115150793255 -0.10645992125567772801 -4.5520429251008877654e-17 -5.6158464907179785404e-18 1.4499853902621304539e-16 -2
16213664.049281314015 6149 2.751020625657256695e-09 5.0661893843749115129e-06 0.34884222999291192302 -0.25595607196346820134 -0.25042379038336087804 1.0076200589822410514 1.5161231039733271686 -0.46914020929671518267 0 0 0 -2
16243678.439425051212 6085 4.9310179640514555826e-09 6.154068603282395501e-06 0.34777912755207895934 -0.34684444256468827117 0.051049950269131019742 1.3996006096803759178 1.2683194882680708382 0.27667002054471928618 -5.2424066181300341554e-16 -5.3867151891873317636e-17 8.3575854970315298348e-16 -2
16280440.772073922679 5898 2.4960842829715623578e-09 4.9045957818044079861e-06 -34.515979051382743137 -36.062484489410572053 2.9610429332662233648 0.015801241205559157094 -0.063942288504635638735 -0.0050949509193269643809 0 0 0 -3
16309181.667351128533 6099 2.8328996348346719654e-09 5.1159607184124472718e-06 0.12601329301301833485 0.47357995755809734195 0.079928430570596509241 -1.760930652393218443 0.68570176010465777594 0.29967446641287576181 0 0 0 -2
16312146.316221766174 5225 2.915528758895537713e-09 5.1652250465558930249e-06 -0.17414734967374270735 -0.38302585861473509299 0.26331723125536360408 1.6960136852253540063 -0.87561749201204841508 0.17932693330755228311 0 0 0 -2
16333036.369609856978 4670 5.1128369660520247646e-09 6.2287961781382466658e-06 -0.49241021848017285656 0.059241829066978030083 0.061194210035728467678 -0.23642495983325600983 -1.5374554326827252204 -0.077741434072450668613 -1.4902202623681032821e-16 -5.059910457660571627e-18 -2.6225007992874506091e-16 -2
16354072.098562628031 5427 3.5247838547794184453e-09 5.5025116227462583248e-06 47.170297429086126328 -16.558771365147222809 -1.3284542065546387501 0.066207456502562517242 0.040343451519886039391 0.013844064247011305183 0 0 0 -3
16552535.770020533353 5955 2.2474480541277205176e-09 4.7360181627104976714e-06 -0.39572926147578396661 -0.3056018820655976298 -9.0322988777562601107e-05 0.9047393105715848538 -1.2621362574900369946 -0.30125554527230136159 0 0 0 -2
16576348.008213551715 6758 3.1689976471191666984e-09 5.3107693967426263833e-06 -0.27994590699941251932 -0.27798493291840459252 0.30345409615508966983 1.2889953576410462244 -1.401039163403701826 0.15337057215482205463 0 0 0 -2
16789423.211498972028 1442 7.7037111435331787696e-07 3.3144906772180440541e-05 -0.025154909989340813736 -0.499153686547509301 0.01198373654899448186 1.5000005119390182884 -0.10412010232091192807 -0.046723231775230050777 -3.1133785610331982286e-13 4.2690866534275367898e-13 1.4419081204128238591e-13 -2
16846620.780287474394 193 2.9946224336971069232e-09 5.2115170502183877607e-06 0.40361518719140915268 0.28419807136905711475 -0.077013922558190478496 -0.82795325404306252537 1.42953784770103276 0.33578726978932993408 7.100347560982224016e-17 1.9391522117697070974e-16 -2.6198359831173571421e-16 -2
16863166.603696100414 5210 3.1044956354404458374e-09 5.2744901981912882899e-06 -0.19822757712846339473 0.44582558919869758052 -0.10920740875011883397 -1.7340964219369638943 -0.63510781701537288857 -0.22127790841836400548 0 0 0 -2
16938792.574948664755 6351 1.9181932427481280142e-09 4.4924259163376264418e-06 -0.48273590917840558667 0.11156358277570264936 0.040066265875379321326 -0.53682059919516644797 -1.7871569320492179944 0.20299387789837186613 0 0 0 -2
16988297.379876796156 5249 2.2977873084081818944e-09 4.7711171516104075222e-06 0.38482009720480231385 0.31284896711741561059 -0.063105777290744013985 -1.0724338576821363933 1.5176560590932974826 -0.27706637461384076015 0 0 0 -2
17360470.997946612537 5270 2.6160055958851327499e-09 4.9819155485579013959e-06 2.3836320958113383917 -48.391578635175889644 12.384800046803659868 0.059779457952342747451 -0.060177137983785912445 -0.0044451703649914329347 0 0 0 -3
17405208.459958933294 5974 1.1021870272879451564e-09 3.7348104912383917628e-06 0.48655017979265408057 -0.10285222399437912721 -0.051534676421666231194 0.42594748328080977995 1.5933233385833314166 0.092586824901444153557 0 0 0 -2
17416500.780287474394 1615 1.2294590349740508007e-08 8.3449068391249410254e-06 0.23374700815629109729 -0.35006285327535957563 0.00054954879803711682157 1.2305389522059917429 1.2325562721410971978 -0.11225681991037554652 7.0002322857819979536e-16 -4.6305579861202720389e-15 -5.5967270298009943273e-15 -2
17584637.075975358486 5572 1.6340483258353633326e-09 4.2586482520874776382e-06 0.39270125835165226036 -0.09396282936748692749 0.29447673641931026989 0.66890372468016967566 1.7835142524550291476 -0.023840502717632092167 0 0 0 -2
17608978.299794662744 6419 1.9764990988241338819e-09 4.5374899759072120147e-06 0.20783629188765792573 0.41256779762090983743 0.1668475020785324392 -1.6720679305259460445 0.80447307720941296783 0.48901973639928947302 0 0 0 -2
17626299.006160166115 5979 3.86010373925354441e-09 5.6717419569771918337e-06 0.47636803052605625197 -0.14000931444202099896 -0.00521923300045797154 0.6746441675230095969 1.761017762125989039 0.1489013980414673477 -7.9850254537514550892e-17 1.0300946284580517204e-17 2.5799393128365286497e-16 -2
17689717.930184803903 6200 2.6433469516634199246e-09 4.9992117039367050694e-06 0.29061265978524303266 0.39571464466917510849 -0.029546553601528892374 -1.4715372832367474842 1.2125954319664453696 -0.00026056937723928667514 0 0 0 -2
17730013.059548255056 5026 2.5207421341857443136e-09 4.9206930928136912869e-06 -0.49762018744594943565 -0.021752643715144528991 0.036229287700240558889 0.025714409095536974736 -1.5529783237384409134 0.09753652465014990558 0 0 0 -2
17734968.164271045476 6196 1.2542434106452708722e-09 3.8992170818315605112e-06 49.311580529973674913 -6.6066127126918221535 5.0466286672016211767 0.072690162350404624592 0.048390320674189732375 0.016069824924474000738 0 0 0 -3
17903348.238193020225 5725 3.1523549406977072631e-09 5.301456172770887038e-06 0.4829871067550834951 0.037324357855116035987 -0.10633097647329330104 -0.019967459770932564217 1.9184459018564046229 -0.10198940603997641574 0 0 0 -2
17957358.702258728445 6906 2.8503196544347667565e-09 5.1264256244486423772e-06 0.11730815593714333245 -0.47182334189396007984 0.091320409992902834562 1.8741920290360283285 0.31583881440527278306 -0.010657994987923665245 0 0 0 -2
18411443.876796714962 6950 3.0755459429203900023e-09 5.2580439438253397401e-06 0.23962231755689664126 0.43235790803016432848 -0.065452002627380212463 -1.5685678368600985966 1.0148660327467446951 -0.25286772739714891145 0 0 0 -2
18745640.410677619278 5711 1.7300490208882569561e-09 4.3404651615356140094e-06 0.38416169230216684616 -0.15181956626825002243 0.27886184713694817106 0.85262436930408180835 1.693452957930802194 0.055728338567191969266 0 0 0 -2
18808047.556468173862 6977 5.3779506005812360442e-09 6.3346468430531319133e-06 -46.470196096792307117 -16.465168134771591468 8.3445363991214396293 0.0056735931625871965228 -0.064094445247257825216 -0.0041318198094829850994 -1.7242463061108873751e-16 -3.2239261042471824648e-16 -1.5873961976045807695e-17 -3
18830862.718685831875 6631 2.3215323532226289442e-09 4.7874955710243018346e-06 -0.43500256618185551005 -0.24301339936207749792 0.033321742781221526386 0.73834665265700549774 -1.4397230545721373396 0.014856056416484382868 0 0 0 -2
19201236.845995891839 6350 2.6010092273724847506e-09 4.9723776155253338947e-06 -0.19864931859935677783 0.45852408859072746328 -0.00015942452125531709128 -1.4412966603262504783 -0.5626868065541968944 0.039028470706080911623 0 0 0 -2
19233309.092402465641 6622 2.9067383601034422118e-09 5.1600287225291892792e-06 -0.42112646844903922627 0.21986162747519960581 0.11625703001813535165 -0.92880326937585033775 -1.6536401719175655156 0.37839185422667903635 0 0 0 -2
19244846.225872691721 6562 7.2003000342277424156e-09 6.9817935545814304406e-06 -0.33414506037222180268 -0.34420856189804988068 0.1363157223105307958 1.2021781156938147195 -1.4413591273198558262 -0.1460653811448141548 1.7485917669339721431e-15 -7.6999393860911160712e-16 -1.650885980693913138e-16 -2
19489543.622176591307 5309 2.2088926082117695753e-09 4.7087793372889132299e-06 0.43997328401429258715 -0.23700385754795325055 -0.00030115835072033281337 0.8594650519405343525 1.4231350006157572619 0.094407275951282593196 0 0 0 -2
19547852.139630388469 4427 5.2937453964584568409e-09 6.3014112174694593928e-06 0.48676027518172315656 0.074260297754192197695 -0.03388007353028130858 -0.1672063464548213807 1.8929880478149421208 -0.14283587215757828637 5.0686004086671008408e-17 -7.8662133436167949879e-16 -6.5821716724700835535e-16 -2
19973508.599589321762 507 2.4267283126164893993e-09 4.8587422108998989993e-06 -0.49072621945766820017 -0.083129327529387633811 0.035984894635821947084 0.20894315439616584218 -1.5732499976437692712 0.063916748366189199415 0 0 0 -2
20290756.550308007747 6108 3.246466387194835851e-09 5.3536968428371779988e-06 0.34724884071443690159 -0.34582019107016037651 -0.069994087442874927674 1.4226090004646179121 1.2526069028527395677 -0.17910440415126793745 0 0 0 -2
20306885.995893225074 5630 2.8765505529698084872e-09 5.1421034384809455702e-06 -0.25198477974748423325 -0.3446270683453180883 -0.25676053774489765447 1.4607440573524514971 -1.1719432392399589116 -0.14349911875413168261 0 0 0 -2
20372538.266940452158 6263 3.1828021295524038716e-09 5.3184696472842969681e-06 0.030260914547066142255 -0.42521422165259958881 -0.24944912285795509121 1.8377685683760616175 0.26196236542490580756 -0.55055862594253912601 0 0 0 -2
20415773.913757700473 3988 5.9182799522246984761e-08 1.4090139946271685662e-05 0.48685714679757097212 0.075915858331821212124 -0.079664786389060174288 -0.16939266526423851777 1.8486224456289435114 -0.30522696795331655251 -9.0369476834507306973e-15 -1.8861959183482942654e-14 5.5176984467832768634e-16 -2
20417484.517453797162 6760 4.5543265560175185799e-09 5.9931920419963384845e-06 -0.47136117698317964164 -0.16099302569947473995 -0.028853568910416467486 0.46500191476967916993 -1.8125132893293178782 -0.17811906266029575718 4.0732995247603161743e-18 -1.3576098133305226292e-17 8.4472034381462328588e-18 -2
20471716.468172483146 5484 3.3127314874042177106e-09 5.3898773619254870338e-06 0.38683269462461256083 0.26934343617536410376 -0.052572283484635280726 -0.98969676836357045602 1.3599075166758594069 0.068687056102047075457 0 0 0 -2
20502736.361396305263 5044 2.397803540328273433e-09 4.8393608202665150598e-06 -0.48722479997040568644 0.10996757660236336496 0.016011835476100640119 -0.40710362347128836724 -1.5485526930871638118 0.1114391132533780332 0 0 0 -2
20611566.340862423182 5099 1.5950615088041931473e-09 4.2245061827455632059e-06 -0.011448020728470977708 -0.49846838161238238296 -0.02988025649880849885 1.5745919199851456938 -0.084286405873622877172 -0.025993483337467038208 0 0 0 -2
20781598.488706365228 693 7.3268288597490788016e-09 7.0224526706020885328e-06 -0.11128833949123041747 -0.48657214523194908251 -0.029195217837999516003 1.7080098845696722876 -0.51508879475050417529 -0.17017306424796724285 2.5476517457592908226e-15 1.5086195896014776501e-15 -2.2569180727337098559e-15 -2
20786563.926078028977 5566 1.3377426594428841736e-09 3.9838929848797826813e-06 0.25607824775448534416 -0.41633423544418035611 -0.10417886253443378597 1.4720631909657297953 0.77615207306447175917 0.12906513469237579361 0 0 0 -2
20805270.505133468658 6241 2.4052803483051833345e-09 4.8443856172701607013e-06 -0.49134943347825382753 -0.059858493247148605865 -0.041196923280842963344 0.089047260063227398619 -1.8687873204102760649 -0.2341347345858248441 0 0 0 -2
21063270.76796714589 6716 2.3397799875029461649e-09 4.8000063555723097408e-06 0.41532690685018069932 0.13878344703729733611 0.23661131171328206313 -0.53784837162380561004 1.7939931953444585577 0.21353583811080162347 0 0 0 -2
21130301.092402465641 5820 3.1283426117502900005e-09 5.2879609801763212759e-06 44.272018016939533425 23.269220649180351046 -0.1582908272148777773 0.042231376132841641491 0.093465883016309439513 -0.010441983750582629203 0 0 0 -3
21158606.718685831875 5766 1.1386269800245211232e-08 8.1341209996765720321e-06 -0.023205811760696509055 -0.43139528752554728852 -0.2505975740835685861 1.8529095856651647267 -0.30941489842411062927 0.041037604084274655059 -4.216963132643734029e-15 1.7240867113040239335e-16 -3.7801125183037535598e-15 -2
21219529.24845995754 5277 3.0743245347103923077e-09 5.2573477998439945409e-06 0.40306730489832365283 -0.270024423852918527 -0.11310949195349088992 1.1492766764399169332 1.4674134965682839038 -0.25522539346318184883 0 0 0 -2
21305073.511293634772 5301 2.8859549588604016616e-09 5.1477010947164914215e-06 9.0855721491493621755 -48.241386169182895571 -9.5286355222557652667 0.064961874391169738274 -0.041304495181422450079 0.011277573636061579213 0 0 0 -3
21596883.843942504376 2057 1.6624479162502962138e-09 4.2831783079184989195e-06 -0.28282810230041222077 0.40728639328200355596 -0.0077060248095238989899 -1.2747602835950744282 -0.84981723480334137033 -0.22983370933841670847 0 0 0 -2
21816953.281314168125 6721 1.6627815739624183537e-09 4.2834648371710210072e-06 -0.25867267139583788316 0.42308044095149005548 -0.031062330814247411659 -1.7007971696868371403 -0.85971975845013104411 0.078544211972653640852 0 0 0 -2
21832686.965092401952 5438 2.4105548862035637769e-09 4.8479241154876192001e-06 0.017118134180236298236 0.49927028536762796396 -0.0068519364774739096799 -1.7083620747399579365 0.22612464310934385359 -0.093489841442814747285 0 0 0 -2
21885516.583162218332 1475 5.9318592026059768303e-08 1.4100908130630467391e-05 -0.49890877054614074515 -0.005181885389174658435 -0.0067951376349316581701 -0.02037356117764845681 -1.552719088614950893 -0.22362991204923315935 -1.1052717372609380005e-13 1.7205846538600260941e-14 -1.0396167174918303977e-14 -2
21959327.523613963276 6765 2.0307518624477207553e-09 4.578632202786876891e-06 0.23935240272982430398 -0.43402632867713930587 0.02185504080432678839 1.5102028573168004844 0.77139056417995488513 0.02269424672372970242 0 0 0 -2
22007311.39219712466 6499 2.0072784910988794736e-09 4.5609223881698463391e-06 0.24393390353826943651 0.43002118343845385784 0.052254331867865773387 -1.5602560654451211875 1.0367006440873920425 0.19710164814769967623 0 0 0 -2
22123287.112936343998 5276 1.6932201454902753213e-09 4.3094443885810242192e-06 -0.39467356576561168913 0.18110476516367871036 -0.24586843274588765507 -0.91449992771056431984 -1.6400561972082399187 -0.077098713421913142585 0 0 0 -2
22226702.045174539089 5841 2.7622452906166072682e-09 5.0730703592854750072e-06 0.46773303974179092357 0.1381053898736046559 -0.081356624398103066786 -0.41885150310570878895 1.8088357395579879316 -0.40636636970175926686 0 0 0 -2
22257611.285420943052 5681 1.721009181813179595e-09 4.3328920339050164344e-06 -0.49573625210622423998 -0.018199342246188483091 0.062065374370980898322 -0.010121955268214159404 -1.6946914595003321757 0.17748079109748027271 0 0 0 -2
22480140.386036962271 5733 5.3362304235421074242e-09 6.3182236755243942165e-06 -0.41513254372152291749 0.15346081370472874905 -0.23057375624270590175 -0.7981084138458466315 -1.7017709969739767129 -0.078825143062418265294 2.6655960337053669304e-15 -5.9258131615955257772e-16 3.0902749712503254192e-16 -2
22486198.537987679243 5778 2.5694463691044059823e-09 4.9521826866591244854e-06 4.2379099037164866814 -49.181285893237266293 7.9695214921252439666 0.073169704348235109492 -0.00096877232977089181454 0.041835268803988655273 0 0 0 -3
22496775.704312115908 6159 4.4573009039772892996e-09 5.9503264044166394967e-06 -0.40633525968051315003 -0.2660877113338404043 0.1053943607381853248 0.94207812299250248689 -1.6334719520623861566 0.19506959686550492949 1.0461087754243232532e-16 1.268772445221059789e-15 -1.8112783411318627769e-15 -2
22710684.665297742933 5654 2.3757348774378757254e-09 4.8244683638095159974e-06 0.41265192554836988004 -0.28212908704896955125 0.0072568814930998063947 0.9553849140411583285 1.2850104286647290319 -0.12543940858965418883 0 0 0 -2
22773396.402464065701 5274 5.7556571425689628692e-09 6.4796036832048791571e-06 0.36307210312408277897 -0.33457786862542693296 -0.072828149721027662933 1.4962716054353091266 1.1684022273062653063 -0.15282928784215626949 2.9093372876718200225e-17 3.4415432522454442423e-18 2.834474918726717474e-17 -2
22902391.638603694737 6503 2.1398714289218738157e-09 4.659214431121429527e-06 -0.43757671585494389843 -0.15006573553325638914 -0.18881179936532754837 0.46927317606103241543 -1.8157908073438746577 -0.058281645783953700546 0 0 0 -2
23025606.702258728445 2329 4.6614897182646158884e-08 1.3012429271654887874e-05 -0.47950656950673681278 0.063418441315021140126 -0.011546633195176365244 -0.14804953855437585908 -1.678544487578902844 -0.055034593633098038978 6.3688110872071815825e-15 1.2432760855511717843e-14 -2.1663303908069817594e-14 -2
23129790.800821356475 5069 1.1887590851381336778e-09 3.8301409355184306654e-06 0.16781576946921666904 -0.44562797523387115417 0.068609752520110922624 1.7416867309062729063 0.72956886990595704034 0.4474626532898512421 0 0 0 -2
23338064.180698152632 6127 3.1897595924612213069e-09 5.3223421391068044246e-06 0.49038391462498059914 -0.0518339003540612131 0.066661291510073342192 0.38325075115190831987 1.879747889275080297 0.042941877298877953462 0 0 0 -2
23724823.868583161384 6813 1.7374708406428783792e-09 4.3466630964870966663e-06 0.36960147100494916694 0.32181842199517568526 -0.093246235257458079393 -1.1113718835564163623 1.515139420621723243 -0.020545261479285679279 0 0 0 -2
23729507.022587269545 793 2.3733982068674476865e-08 1.0390593188453989702e-05 0.44109754107080684227 0.16672859700276232431 -0.0037288573311543512546 -0.67495052201259486679 1.4992660825177333006 0.043251880520551261311 1.1756626145740121332e-14 3.9450521851698118558e-17 2.7425501505233480113e-15 -2
23785467.268993839622 6102 2.1936202403784115078e-09 4.6979020031606517761e-06 -0.18938828210620525794 0.45276631544919515582 -0.081467470265686472986 -1.8100170316840855644 -0.55229563903423761762 -0.12207301293891294203 0 0 0 -2
23822849.971252568066 6538 4.1001960059377728558e-09 5.7869759542466183504e-06 -0.00057988382628120611288 -0.49888155738690964647 -0.019490168673394987764 1.7154372300653049077 -0.10065850062908733575 0.0062574021448007499657 6.7866191623785064732e-17 1.6419672188669470944e-15 6.898957389940044468e-16 -2
24013784.854209445417 5236 5.3281290600555619642e-09 6.3150246537613251329e-06 -0.39239291216947186358 -0.29120184004927540666 -0.083656236773330436285 1.0512325587781794489 -1.5652353268637606565 -0.29136427121401703433 -1.5037921389257321143e-15 -1.5363230700508183448e-15 -1.4350642005527701453e-15 -2
24014941.141683779657 5471 2.7507965379431748195e-09 5.0660518231107994468e-06 -0.4177921410667321811 0.13785478949157409234 -0.20997219866696698043 -0.64466508825160162566 -1.8012734956353571025 -0.22308202067416127434 0 0 0 -2
24064571.975359342992 2658 2.4649671644129922136e-09 4.8841296579081979051e-06 0.47703322630568151252 -0.0899311294194120453 0.11220567258064183258 0.49243153170866338364 1.7652536209272495782 0.43380755039436691423 0 0 0 -2
24092708.681724846363 6261 2.4840219890969940604e-09 4.8966825567503973851e-06 0.47991439446212197373 -0.11849958406307627146 -0.070992069069910582191 0.61682319379312711138 1.7810378539281663812 -0.17963446859141762868 0 0 0 -2
24134021.158110883087 5130 1.9811915031620425682e-09 4.5410779546526760419e-06 0.44893722481405501368 0.17996843339349266611 -0.10132595838627729556 -0.64589339229574138646 1.7281431531487041475 -0.42134006172163285253 0 0 0 -2
24165068.024640657008 6403 2.1933588844801234566e-09 4.6977154207034544739e-06 0.11189762300457734012 0.4810493223089199466 0.067891634504602976774 -1.7673058405774486612 0.55334801811477296596 0.32408133308314407417 0 0 0 -2
24199991.162217658013 5450 1.8824874778119130196e-09 4.4643767432684781056e-06 0.24833034771137410535 -0.42955035445926631477 0.054418094603470225368 1.664063418365524516 0.75254626543460800825 0.45146327466949648377 0 0 0 -2
24247950.685831621289 5902 9.0656091803027048356e-09 7.5390357476966917127e-06 0.38425537920587199414 0.31906414287763462667 0.01131269046287212629 -0.99162658962520500161 1.3096714575856964746 0.10217076819572275259 -4.9809483626726608549e-16 -5.5325337086679568036e-16 2.0078553012400126354e-16 -2
24618181.190965093672 5488 3.3798495171611450881e-09 5.4260350298276504257e-06 0.35985272858333877677 0.30646294628034947971 -0.14834410923404300897 -1.1128024638439746319 1.5254323096642066204 0.044315306987423558338 0 0 0 -2
24625301.667351130396 6609 2.8442529181725505659e-09 5.1227859433549337401e-06 -0.40104149758025198214 -0.27802876780702107107 0.097902564044285544931 0.91928082161039958997 -1.6008745967322612902 0.46379769618292499 0 0 0 -2
24688785.330595482141 5485 1.6030660951443707308e-09 4.231561086382364162e-06 -0.11768470653388883596 0.4355703964067899614 -0.20893999597341006425 -1.7851372892595762654 -0.4636094860919547922 -0.27160834557930307875 0 0 0 -2
24739333.53593429178 4243 7.7033420546007109726e-09 7.140739652254446511e-06 -0.32023067718061470899 -0.36090839152136228174 -0.11470607018667686172 1.3472604582091458614 -1.2530663422266061779 -0.41977815765909476386 2.5290014530246357017e-16 -1.6555692796829721172e-15 6.0886806109774424974e-16 -2
24762754.086242299527 5869 2.0071485010385463306e-09 4.5608239319138478709e-06 -0.37772875466328081906 0.25818302874429654992 0.20064549075252471888 -1.129768490188387764 -1.4653594801121037072 0.13436392617254591664 0 0 0 -2
24764577.100616015494 5187 7.3819885543984725395e-09 7.0400313681496180026e-06 -0.49848522795329991419 -0.029567632838892059927 0.015547631644026589995 0.035237987974629625398 -1.5500556655068615797 0.095193721528245678343 -1.935221846722041528e-15 -5.6514881203678910015e-16 -6.6484725052682798393e-16 -2
24795157.338809035718 3539 4.1119268747966295015e-09 5.7924896432354936205e-06 -0.49057818273562647793 -0.01301974479042271142 0.095014826924062767421 -0.078562743309082347376 -1.837841110941253131 0.12088276137090635254 -2.4936850419356013837e-16 3.0327004181346469592e-16 -9.5488505393956209179e-17 -2
24863779.498973306268 5595 2.7892141134715178346e-09 5.0895270051639353474e-06 0.35705523932582849955 -0.33609616715592810499 -0.097128711021529590131 1.341832986816634099 1.2548585842517541167 -0.15801185572159665016 0 0 0 -2
24952841.330595482141 3337 1.2347052120205331263e-09 3.8788641144819730635e-06 -0.05043239347635146419 0.48287892679631699844 -0.11878071785609438382 -1.8218305555661791217 -0.087367896140297565677 -0.17618799489516576151 0 0 0 -2
25026027.646817248315 6759 4.8923968929642573341e-09 6.1379596947943331454e-06 0.34641545415474411795 0.28195630219674261419 -0.22440020263093343744 -0.97905462171964108276 1.426600416282700623 0.052504577062539213583 6.9968455489487267848e-16 -8.1411698688438601878e-16 -9.2179319015076941699e-16 -2
25098266.381930183619 5021 2.0617624720991111807e-09 4.6018205785873229395e-06 0.39378651067763026372 0.29447434799197819144 -0.049519240537486158837 -1.0050807603670595114 1.6289922091043063102 -0.085877323317866779973 0 0 0 -2
25202667.531827516854 5771 2.44734608498758574e-09 4.8724635750790925957e-06 -25.602918291149432406 42.923425803869150741 1.4946238578760593363 -0.05664713409637508329 -0.022075999442745696671 0.010432398440502504977 0 0 0 -3
25435960.328542094678 5298 2.4876852652951517106e-09 4.8990884788219338274e-06 0.48678812922179992562 0.021768543464833603474 -0.0048675260336557609614 -0.11498203352841758484 1.6074004536915316166 0.0082056723980927712137 0 0 0 -2
25577137.018480494618 5989 1.6071388226488633227e-09 4.2351416043709801544e-06 0.4775919174531935707 -0.1189597696225832002 0.039128331668458485315 0.60978983178010737198 1.8147666890222069469 -0.036677268927124813402 0 0 0 -2
25587232.903490759432 5949 2.2107471486201977663e-09 4.7100967664768705876e-06 0.49022688143740683619 -0.09387148469436323861 -0.015157418560338154975 0.34326520500403567837 1.5409569945856340656 -0.10926587067806210751 0 0 0 -2
25686982.866529773921 4541 1.5272143231100583525e-08 8.9705031123992457864e-06 0.025838566563111741575 -0.48475067801227994524 -0.11268991824068706753 1.7880564508450873529 0.061808629637510256738 -0.58805955391427378043 4.1607502425162252614e-15 -3.0806070411112264679e-15 -9.8293399370725006e-15 -2
25767718.340862423182 196 5.8304830881232481903e-09 6.507562058383286188e-06 0.49829181796746868649 0.038515479404702186728 -0.0052177428638310900319 -0.046261744686214786859 1.6632203085932060205 0.13584976453859259893 -1.4938864286734485981e-16 -1.2960444433451180198e-16 1.6414462692783752975e-16 -2
25885572.336755648255 6100 4.5255219227681944276e-09 5.9805303142018710518e-06 0.48897497780483800689 -0.10033111261486810095 -0.0027719768272004524472 0.3357992209221377089 1.4935390339119494207 -0.040495661061031903993 -4.2032073908053124953e-16 -1.1592401705203038082e-16 -3.2619926632168131477e-16 -2
25909140.254620123655 6746 2.1751010111479197059e-09 4.6846442373494149244e-06 15.714929264101215267 -47.423248248476298272 -2.1514298951806782867 0.073797098737551955483 -0.026288574929329410618 -0.010758025068650617362 0 0 0 -3
25929331.334702257067 6324 3.6132110915609029182e-09 5.5481464545631164318e-06 0.27280788970672481542 -0.41876197145803706334 -0.0097979621036368581138 1.3489213439764531355 0.80786632786895007374 -0.10725401574337067867 0 0 0 -2
26175458.069815196097 5806 2.3288629259475278043e-09 4.7925293453484451089e-06 -0.11164800274481406772 -0.48202258798253355687 0.068567367769082482321 1.7518269206893626322 -0.54838728971555117386 0.081367010817686991064 0 0 0 -2
26386590.817248459905 6826 2.5665026985955873315e-09 4.9502908180759765277e-06 0.34290506653690633332 0.35666222440013173323 0.056099128614289756056 -1.2627290368092354278 1.3963910273053332656 0.17880664938690848942 0 0 0 -2
26616696.213552363217 6778 2.3311496860351618418e-09 4.7940974610701160929e-06 -0.35042184795626463156 -49.219848394067760466 -8.8882757291484164597 0.051586775464514990353 -0.15839515514682245279 -0.03033325924806363344 0 0 0 -3
26638224.147843942046 5245 2.5378413380982672791e-09 4.9317943733405866208e-06 -0.38135169266322516135 0.20660950494127283683 0.24507891198566955637 -0.95832614224719947504 -1.6001824171072254188 0.16917029643086445301 0 0 0 -2
26720392.082135524601 6735 2.3203553211399606347e-09 4.7866863370605680869e-06 -0.42646940172786323986 -0.10727885214662544189 -0.23425469127801659686 0.089060079213007653509 -1.8490935129537311443 0.34433928599736246534 0 0 0 -2
27018303.014373715967 6366 1.9728134351708070406e-09 4.5346678028055188643e-06 -0.34559689312488417468 -0.25299416827525955664 -0.25673863028982463197 1.0273084772391041231 -1.5766132839729030124 -0.14895577148526220612 0 0 0 -2
27166841.297741271555 3069 4.3822258373641138607e-09 5.9167296184637616625e-06 0.48561139330714847562 0.1115238377498237593 -0.018409355665335885854 -0.26129555516862679188 1.8783293745993365764 0.12324804431627561785 -2.9170894949878711929e-16 -1.4664087185266021673e-16 -3.1764764008474848607e-16 -2
27224782.948665298522 5424 1.800532653585773571e-09 4.3986270336092282669e-06 0.42401271101652820983 -0.23850232787099348575 0.019625569474451109303 1.1450918052427987437 1.5324204550710984751 0.30824286416593998927 0 0 0 -2
27299824.459958933294 5517 2.418188657454400187e-09 4.8530362090858005308e-06 0.044810050446193079587 -0.43900638513705508847 -0.23285354159084106773 1.8726342230283479218 0.015421052070810828752 0.017374375812297018773 0 0 0 -2
27360272.821355234832 5736 1.8792333786522292311e-09 4.4618028609862199377e-06 0.49732331025752152254 0.0018689646710595595683 -0.029185761452563286494 0.16902093334026016547 1.8857819693663133709 -0.16188868170040665584 0 0 0 -2
27503848.62422997877 5251 2.3653273712696074778e-09 4.8174131176076494395e-06 0.34485761959302174695 0.35665703945741039638 0.036671431328243846159 -1.2281440543482322614 1.4282205102494123228 0.044923132011690604382 0 0 0 -2
27559605.453798767179 6135 2.3817226694291213259e-09 4.828518153143259223e-06 0.25898400609365851421 0.38512955231014406321 0.026254844178076060246 -1.500487572427552152 0.82156171963464974528 -0.0053794750729325695876 0 0 0 -2
27728581.223819300532 6542 2.3594159186496836173e-09 4.8133965253958645961e-06 0.45542362456130525139 0.1935041330958072181 -0.069207727634680318851 -0.60250966527720495325 1.7607890871404530131 -0.14334935509718038649 0 0 0 -2
28016146.743326488882 6207 2.1061828021661592973e-09 4.6346345245703419484e-06 48.776891529807357983 -6.2355148254590870849 9.118463218968416939 0.12545222725305002487 0.060106856840102362849 0.01238189013379232227 0 0 0 -3
28044831.162217658013 6814 1.893047207465668708e-09 4.472708757440900843e-06 0.37944624133783771969 -0.32471620162154096745 0.013671116533188006417 1.0596754838869439919 1.1643989337970888087 0.1974871663700252522 0 0 0 -2
28079360.049281314015 6888 2.2802786680020386794e-09 4.7589679487914140886e-06 0.48787519564081027745 0.10153444739523694029 0.00170596463858808489 -0.21827957624578869789 1.8733303343034533039 0.11879966523258352062 0 0 0 -2
28160409.921971254051 6367 1.4569431572598713186e-09 4.0988718560508840467e-06 -0.23498461793554908938 0.41140177561866458911 0.15938183318470072747 -1.651077744959916771 -0.80123784936650621624 0.11596134616392229921 0 0 0 -2
28228691.613963037729 5607 1.1815763396098685767e-08 8.2351352021593571202e-06 0.030535097859017298894 -0.47971129358716185775 -0.0051715524616642678454 1.6273303417945543803 0.17181419314824011857 0.094915047895929138821 8.1465544499320479189e-16 3.9381429269523454426e-17 -1.1007746207144974468e-15 -2
28243600.772073920816 6619 6.6967222086152104554e-09 6.8150790819580027452e-06 0.46388891363092704667 0.17350863129570068266 0.021731206245461879428 -0.54609803381998445193 1.7956682654303059987 0.20815926789481811743 1.8993730878025784703e-16 4.4533601807361880879e-16 -4.7131377074150930484e-16 -2
28352129.560574948788 5100 3.8665489525222309843e-09 5.6748969032534779603e-06 -0.49912964980256618874 0.011480977921978536768 -0.025225393191892212658 -0.091960119889833352724 -1.5999538083475717265 -0.1433650761948579988 -1.3290973711953608036e-16 4.5670423521354339732e-16 -3.6220794832104672355e-16 -2
28504372.977412730455 5651 3.3479590231622430993e-09 5.4089153284338694562e-06 0.39387993720488467808 0.28818213449781127089 0.091009120672474311253 -0.95949405206665716594 1.6303014134021018844 0.28657011875943572132 0 0 0 -2
28505547.301848050207 6268 2.3038318656186750874e-09 4.775297120627289281e-06 0.041240232662808733177 0.43964335574118762473 -0.23146314103632403825 -1.8289811050332553943 0.40503171888232925024 0.10669175590189915181 0 0 0 -2
28686241.626283366233 3982 1.7078189829201051483e-09 4.3217942158310949035e-06 0.039867095211071804095 0.49608704401920983296 0.042509594546984288965 -1.5741741552630292844 0.16509655083187940727 0.13407469364720217553 0 0 0 -2
28769082.546201232821 6221 2.1429899429304953574e-09 4.6614766811957185824e-06 -0.38448271336471157023 0.31021900562334331353 0.051069683391293994867 -1.3052945715025212614 -1.3894563778364701356 -0.01884071076180526827 0 0 0 -2
28867985.577002052218 5046 3.3007959235738504197e-09 5.3833964421756843756e-06 -0.39841734789576477294 -0.12610822011578987079 0.27143050260523038375 0.50511664547406831538 -1.8028175557025609699 0.1907333827598572118 0 0 0 -2
28941237.075975358486 4105 1.2670490415561007166e-08 8.4291014319002800944e-06 -0.48387405654903964392 0.066992818532909712004 -0.013630564409566255438 -0.24716904130439784626 -1.5637172669451200324 -0.24743430894634804718 -2.442208206763435668e-15 -3.3160962772443619964e-16 1.3798075235565481172e-15 -2
29136913.609856262803 5027 1.9243431211645609461e-09 4.4972218182539828917e-06 -0.16856246148379411265 0.44923604604110223271 0.14010626604160023034 -1.746366799779907053 -0.53645599907084651203 0.16568666095234485525 0 0 0 -2
29140351.474332649261 5258 3.5856863463664862469e-09 5.5340222920389413354e-06 -0.15457361253263998679 0.39572951774416853521 -0.00040064494879678025927 -1.9223847816318431203 -0.74942978088866163411 0.31781298212732667086 0 0 0 -2
29252632.443531826138 5773 2.8202401230790295833e-09 5.1083286938577221592e-06 0.15828820649364117035 0.46686632418292328683 0.080184087127274386586 -1.7009302728267678972 0.71008425192068269638 0.37431201080283788007 0 0 0 -2
29311218.234086241573 5831 2.3220460929890734067e-09 4.787848692020687246e-06 -0.46738151707569147719 0.1201969871124184408 -0.12877224754851882005 -0.58837768211927010675 -1.7751282063404820732 -0.12445640868526444689 0 0 0 -2
29537961.445585217327 6182 2.6400555534367029132e-09 4.9971358973884138043e-06 0.43656957119498052133 -0.23703524333781003652 0.037659865671918625607 1.0363511730165675395 1.5421989765361561187 -0.30765070349073164735 0 0 0 -2
29578235.466119095683 5691 4.691045382029985951e-09 6.0525727263540892416e-06 0.17780961678251488989 -0.46333806426754747809 -0.029564164768932373051 1.7942690145870319185 0.52266605126411758153 0.25027310564955490557 4.0801999247039106542e-16 1.1845970680973934637e-16 -2.3589490615022640841e-15 -2
29626774.225872691721 6036 2.3480746469332998153e-09 4.8056717689126158226e-06 -0.45670279392030643795 0.13463144125390094641 0.14729415237982432241 -0.61066044193326662892 -1.7633923228803374261 0.24653875996314014718 0 0 0 -2
29628423.457905545831 6131 1.4563069199167520465e-08 8.8294660860852995269e-06 -0.43349656477628240037 0.024063671315174339771 0.24752881302366069871 -0.32824243724044238624 -1.8489687853306469023 -0.07324210465644531709 -3.7201539683027117144e-15 -6.545111916218898981e-15 3.8637463943995084078e-15 -2
29658782.127310059965 2498 5.3918483901085089439e-09 6.3400988493227077291e-06 0.091509340535818883833 0.44124484041220829456 0.21253071791254429801 -1.814623697646817968 0.47292145934150453535 0.1482791461976107894 -8.6141062482131641294e-16 6.061289953283138841e-16 2.2390245340046908593e-15 -2
29664335.39219712466 6576 9.9066461881712183279e-09 7.7653140169740828328e-06 -0.24494396885377858752 0.39801763027515535409 0.071743739319178295721 -1.3706457391863298145 -0.96560789258554913239 0.22004088794680343177 -2.322916354012175903e-15 -6.5655158642046781217e-16 3.4006296987704173525e-17 -2
30125566.636550307274 6185 4.5622278823153396825e-09 5.9966559135969703604e-06 -0.45058750027874100441 -0.066467146192777853964 -0.20614537353659945218 0.18104898600235011519 -1.854903520892790203 -0.23355347737225010119 -1.0616484995854440083e-15 -2.7109648218858986035e-16 -1.9790106930839134707e-16 -2
30179497.281314168125 5453 3.0383686494275621758e-09 5.2367715329485473637e-06 0.299066293838120556 -0.3988235696279012199 -0.037301381064931166121 1.2958842865979323111 0.90325668628315569642 -0.051514794141819121587 0 0 0 -2
30211563.876796714962 172 2.732701458281874496e-09 5.0549190045822390034e-06 -0.45227213845802294312 0.16026259485275981542 0.14009415025582239167 -0.39974050165435570658 -1.5014231100356714155 1.0590962970237165486 0 0 0 -2
30247669.650924023241 6053 5.3133595523720096869e-09 6.3091841971975863606e-06 -0.34302176297793390836 0.3609993573547194412 -0.040955841303560142075 -1.2986313637367385976 -1.0989195496497170534 0.075547295398422420476 -6.8653673240104519531e-16 -4.1209452753183969827e-15 -3.6731299486987231538e-16 -2
30298613.946611911058 6504 2.4136148341489105929e-09 4.8499745594245886903e-06 0.39220286048068381257 -0.24761223586609343306 0.17967929541991206621 0.91559583735545579941 1.5414745482902578733 0.50773108700497582291 0 0 0 -2
30527205.51950718835 5984 1.8331750883339992248e-09 4.4250493721658455971e-06 -0.077640086724446527588 -0.48537882613629323991 -0.084400171803612103472 1.8004088185509719011 -0.40722214117388377819 -0.20759059193739867744 0 0 0 -2
30629283.482546202838 5368 2.6583525178356543032e-09 5.0086535846105245974e-06 -0.24021310455365432746 -0.37219546433640260386 -0.22299597914627519724 1.5576524056766456461 -1.0198620330202441409 -0.24772295185638756876 0 0 0 -2
30665025.724845994264 6037 1.8354892485874962589e-09 4.4269106177953272983e-06 0.25870667370913141836 0.40727883841211171001 0.029552543619723741636 -1.5756926251375316106 1.1332556086311154075 0.079499445564174528456 0 0 0 -2
30678298.792607802898 5954 1.682372765196976793e-09 4.3002220470794253954e-06 0.023044709706879856759 0.47448038563422245684 0.13334874637692722965 -1.8817200224843217971 0.2071252281285943242 0.02220005251696803919 0 0 0 -2
30794172.106776181608 5952 3.3033793751657980438e-09 5.3848005598078446565e-06 -0.42043958708626433252 -0.11852728901708452225 -0.2412250565811808467 0.35328404309109678882 -1.8425974184617261997 -0.039268343746453666931 0 0 0 -2
30943515.05544148013 6266 2.8919778757934394194e-09 5.1512796482266397531e-06 -16.780396908225061026 -44.745999048517631991 14.732071432304291392 0.027765602549831937262 -0.091002719668130296893 -0.0013554737306126576641 0 0 0 -3
31151786.398357290775 6507 1.7201913202559438666e-09 4.3322055631681628913e-06 -0.10908632304765303322 -0.4395346009347139149 -0.21096670932728364689 1.7731578547557509395 -0.51541543115643095874 -0.22787150388396126832 0 0 0 -2
31218929.971252568066 6180 1.8847241411295799752e-09 4.4661441486771612906e-06 47.851267330450141912 -14.134806569037795754 3.2994890651839803297 0.043354333404169345667 0.050451940041319032204 -0.0064491688387061721355 0 0 0 -3
31224507.203285422176 6337 2.5750380688663466099e-09 4.9557724425357888213e-06 -0.24780835975710446828 -0.4105874970479948538 0.13727552669767528748 1.460885131953661098 -1.1842205197311588272 -0.067341262745705982029 0 0 0 -2
31302835.383983571082 6791 2.2053062345239149443e-09 4.7062295543447604017e-06 -45.6393026803283135 -19.890700109486161296 4.6506996966734908128 0.016074292427955050311 -0.059758527833383506822 0.014926686332646143043 0 0 0 -3
31425162.381930183619 5321 3.3388084216974771512e-09 5.4039829711707487242e-06 -0.21802968024077276632 -0.42406620439120018551 -0.14372094031444471174 1.590589918997880492 -0.99394704626365715239 -0.17559588066680709151 -4.2729583282013683645e-16 -1.1159059033695804771e-15 3.4158891170484368258e-16 -2
31580677.141683779657 6808 2.0784240733133270331e-09 4.6141834773392738611e-06 0.4574811523358819354 0.047113578561073350681 0.19315252196991997136 -0.069348140648931827501 1.8553468711487426379 0.093871821826294485347 0 0 0 -2
31633894.110882956535 6618 1.9825418391740936468e-09 4.5421094195518890444e-06 -0.44312499374506197913 -0.14141625044546912715 -0.17949339635775263258 0.38417281056245722315 -1.8621012074988982921 0.050478405409314433538 0 0 0 -2
31744724.632443532348 4750 3.2887633229198131743e-09 5.3768469985618059753e-06 -0.047237030099120655424 0.48158842577198990309 -0.12017320677249611338 -1.8591324665060975363 -0.065147946825329275389 -0.28645129200226610022 0 0 0 -2
31799576.969199176878 5407 5.113231977700695008e-09 6.2289565837801551889e-06 -0.17875635794837332893 -0.42817026963598248113 -0.18006973421037647531 1.6822400280216165402 -0.74988673904125069392 -0.27836657902753653149 -4.4561580583807399005e-16 4.2133790343930617541e-18 1.628441477134603002e-15 -2
31857918.225872691721 5374 1.2175390956094996764e-09 3.8608041987944022739e-06 -0.33863210630431134218 -0.35391012672686139595 -0.063434061167328179009 1.2153201163385825012 -1.4759041208641885401 0.037696130952867099029 0 0 0 -2
31970852.123203285038 5182 9.3778632472873934474e-09 7.6246182366042075521e-06 -0.48192787067920794808 -0.072328428858447549321 0.087309542578909049571 0.18831635582386038741 -1.8344317696818774888 0.41399464052569923123 -3.4458371625494131796e-16 -2.9984324919948294877e-16 -2.4547669106287580483e-15 -2
32007947.876796714962 6068 2.0872188093869251921e-09 4.6206825395365978598e-06 -0.30221776666699401437 -0.39607212900415461609 -0.041118882796503421206 1.1941616507319638973 -1.0225207624948169371 0.34035319878878306232 0 0 0 -2
32063782.308008212596 5776 1.7550631085052762944e-09 4.3612841609822873768e-06 -0.39778022897285392201 -0.30160775842225517884 -0.017149774979817289378 0.99945342975113637962 -1.5883734735749703848 0.065822520432679304525 0 0 0 -2
32107095.112936343998 6132 6.6915672041739449125e-09 6.8133299286520296453e-06 -0.37904519336766057114 0.28948282974466477135 -0.14051787083444342019 -1.2569929993627504405 -1.4030016695644160762 -0.080468541757614586718 -2.3589994135665892287e-15 -8.8356629300915435118e-16 4.6076571562978051996e-17 -2
32217347.860369611531 5401 1.1744211909617839609e-08 8.218478651784006834e-06 0.48954273424226196765 -0.048129714167913048573 0.081979472961480365223 0.3563872107856801974 1.8476620600328030886 0.014728858428324019536 1.1817716405566517823e-15 3.8234329008176904759e-16 8.1832306792645681781e-16 -2
32254987.301848050207 6501 2.9354809473009487177e-09 5.1769808723223974812e-06 0.10611622930952993582 0.46643786064268144553 0.11833034731038159781 -1.8504676307625720355 0.53873473962346996036 0.013130609272307783644 0 0 0 -2
32286332.501026693732 6895 2.5436953599866081776e-09 4.9355835072345114587e-06 -0.18445617222378926647 0.41538380490885301599 -0.20783572507739414559 -1.7798069952082404832 -0.55900362997950825417 0.090056547951453833067 0 0 0 -2
32314677.667351130396 5170 2.1954556045259568021e-09 4.6992118557256753165e-06 0.29742242555509668112 0.39482196414261933048 0.01007135212997805826 -1.2422778894990011977 0.97743704462944647204 0.11340724558307375969 0 0 0 -2
32324566.620123203844 5864 2.7642745340718359862e-09 5.0743123410635296305e-06 0.30140852313864807677 -0.29668527695888691209 -0.26012769534298285645 1.3878104255318874927 1.2649734696633330167 -0.10282611471431611638 0 0 0 -2
32431265.560574948788 1959 2.0494274153968083289e-08 9.8945106181373134266e-06 0.48894739195617170635 -0.089543529041808830882 -0.050094709980928346649 0.33544512540024362668 1.5615705596155378121 -0.097359972564025093478 7.7193656229309084096e-15 4.4263791997374664e-15 -2.4913844785563779259e-14 -2
32540193.330595482141 3751 2.3015710607507546982e-08 1.0284699362794401696e-05 -0.48928023451065816296 0.097818179658566345447 0.011805317054469145407 -0.34556839969778574417 -1.5292757807294916628 0.090799993522323305117 1.1950860312176672581e-14 -2.1778409308759074999e-15 1.0415837411524397702e-14 -2
32632888.788501027972 1298 2.2729937999922125053e-09 4.753894674448394124e-06 0.3138873108020821534 -0.38755514769330590141 0.020707695513252116076 1.5493657676588274974 1.0619802776421420898 0.098912791390249651946 0 0 0 -2
32711785.85626283288 6253 1.1729809343307305908e-08 8.215117688262421947e-06 0.46588360637679548937 0.12495574607183475291 0.11199186616311535003 -0.41617576508703646443 1.8367646345672210551 0.23865803966209372944 3.5386683313717315675e-15 -1.4895663070355744503e-15 -2.5805837215330383007e-15 -2
32773613.946611911058 5514 2.2307855188360077845e-09 4.7242848697209909332e-06 -0.47431907161996195166 -0.096721784587485828966 -0.059315631517177475063 0.32347574302564402471 -1.8427400763667201034 -0.46818334646912290742 0 0 0 -2
32815983.572895277292 6457 1.3303906395306541957e-08 8.5672846877002253543e-06 -0.060497306596493799491 -0.47661380274938486279 0.093667874597306438611 1.870494355117675811 -0.33875952916164542295 0.28668233179569857505 6.5136310994033978074e-15 -4.8648123359402104114e-16 -2.1710972451574611925e-15 -2
32916258.151950716972 3887 4.2301655791988653203e-08 1.2598028719956096076e-05 -0.28100681978494906899 0.40744762268894935131 0.067909882471974422624 -1.372044426433936648 -0.90440977589781135215 0.39120076854954516365 -1.0622503091316494054e-14 -8.6477314109601931603e-15 2.9345609562089627136e-14 -2
32958852.747433263808 5663 2.6949860010516054487e-09 5.0315559878510012298e-06 -27.073055888651612833 -41.407050393978231284 -7.2983831318069682936 0.025353919297849070863 -0.068997951396584378259 -0.023289883168966279275 0 0 0 -3
33068402.365503080189 6876 5.7202014856455591025e-09 6.4662711791260664421e-06 -10.7842387182333308 -48.743742887611823278 -3.0069591708470517766 0.03715624898001209514 -0.11250650549744897755 -0.0088253545159302088097 5.5833423337929815762e-17 -1.0373256104227375059e-17 6.3445772379298140665e-17 -3
33072794.316221766174 5380 2.1442181160189746836e-09 4.662367027083973537e-06 0.3134832402813186869 0.36825760723904749083 0.10354273337912234254 -1.3830221296094573624 1.1754619944005915144 0.67181311967510937144 0 0 0 -2
33129737.264887064695 6642 1.2635524465986411798e-09 3.9088400196191922713e-06 -0.39286834315101770709 0.27621951243240788765 -0.13844021838014197723 -1.1164481577986133942 -1.4395768316267671949 -0.45816451348035325264 0 0 0 -2
33245753.445585217327 6996 9.3053626368862229107e-09 7.6049186470093014899e-06 0.43785877691713775972 0.23648424990656569111 0.048374772803704176038 -0.72482286760539160753 1.4182377387680953351 0.39531162994556884316 7.3693545122748564393e-16 1.7523895208544485274e-15 -2.6039459003048335919e-15 -2
33559596.747433267534 6942 1.3483404483286479243e-09 3.9943856488845021492e-06 -0.4502990689839256877 -0.19611603333508215163 0.088152023514663238601 0.60749192314756483846 -1.8048978297042803653 0.087426259535254971511 0 0 0 -2
33596297.494866527617 6332 2.1952511815657310219e-09 4.6990660004093447112e-06 0.28937847026743063195 0.39617773881206808095 0.071295151007726306758 -1.4161135135099514049 1.1159275185790322737 0.55897408111331670089 0 0 0 -2
34068204.057494863868 5420 2.5548864715417226411e-09 4.9428110315888219631e-06 46.248743447674343088 -18.899053275428723708 -2.1995538794526470205 0.068498895196978534794 0.038190062146000638976 0.015058749421192440046 0 0 0 -3
34197513.527720741928 5367 2.8570136664252184758e-09 5.1304356455011500729e-06 0.29282613604665352902 -0.40476854720870730775 -0.014190478481353767035 1.4111981093384002861 0.91525607074302495203 -0.075240586952898286244 0 0 0 -2
34320623.687885008752 6819 2.4672076351994929205e-09 4.8856089793188705626e-06 -0.058162654080261784462 -0.42931992295976645346 0.24902558575479569192 1.8268196231613911262 -0.43550933152918697155 0.081113802437668414136 0 0 0 -2
34398146.874743327498 6923 1.6770718049564877732e-09 4.2957007958343459129e-06 0.35941958463298828708 0.30306298682378346454 0.16942576601012182547 -1.1116756860774308358 1.491686962693405949 0.14572609480237275204 0 0 0 -2
34547817.264887064695 6807 2.5706654025779786453e-09 4.9529657246040560611e-06 0.38601521884657535866 -0.29955986013469410034 -0.10541654045085888103 1.3033533242591082146 1.3502590418011766182 0.099225052478627867591 0 0 0 -2
34592484.139630392194 6415 4.5356044595166985794e-09 5.9849684167746447389e-06 0.48542663326015822456 0.039027958352775581063 0.11263087616413709757 -0.069261724956502651596 1.8077317196653512887 0.29889697738525417003 -2.2588636201323867617e-16 -2.7682250586893780326e-17 9.6555999112319231724e-17 -2
34607468.221765913069 5623 2.3083952345772077038e-09 4.7784479683974560269e-06 0.4982319295644183077 0.036908579048920316101 0.012549740724097719485 -0.050251768365941314187 1.5841530433492696517 0.37028051768800213095 0 0 0 -2
34665523.942505136132 5877 2.1322229493749715907e-09 4.6536567065208247679e-06 -0.49402618410424187223 -0.07216781056740036171 0.024534100272921962466 0.13326632909041880026 -1.8103724211524305776 0.24970338663234378784 0 0 0 -2
34701204.550308011472 6690 2.635642773532856905e-09 4.9943501531917385174e-06 -0.48144938734131886848 -0.1240301010728019071 0.024201848562785444746 0.20918503759261297681 -1.899867767257391149 0.11082580471278331846 0 0 0 -2
34704385.051334701478 2778 1.1515799867245056689e-08 8.1648493248052741588e-06 -0.436257727941964768 0.11442103927803638774 -0.21490703213084788592 -0.58022254780279691744 -1.7673657449233792782 -0.11617856246498539652 -2.5391881901182905598e-16 -1.774711330982734868e-15 -2.6333454502798867795e-15 -2
34743921.232032857835 117 1.3922796866924810754e-08 8.6981247882087736302e-06 -0.085956591961063893992 -0.48174987535234842229 -0.02247549196638876437 1.6584442089975064416 -0.28989608862355231711 -0.0037959906171088097539 -8.6915355775085011888e-15 5.2991786072361622264e-16 1.1574688897143493389e-14 -2
34791290.874743327498 1127 1.299081247997384333e-08 8.4995430190412327035e-06 0.46211920929880273556 0.17269560812516540627 0.075703741161176549279 -0.55157290422176319389 1.6247037893381635065 0.35820085667150164399 -1.1009723002650428682e-15 1.0383281154905817468e-15 -8.2478132414993731476e-16 -2
34793018.151950716972 5494 2.9778511395210075431e-09 5.2017698489496973666e-06 0.33626900089556893692 0.36372747356559576026 0.060837499711812431658 -1.2417190076956943212 1.3107625877694952798 0.023438897289282781961 0 0 0 -2
34821490.349075973034 6054 1.349396898949870718e-08 8.6078899827324307348e-06 0.41276973983458747908 0.2755228567089187397 0.021045019367654928949 -0.94104838617783814758 1.6394276341711033762 0.21260253004401252763 5.2809822037963919966e-15 -3.4732866564455772475e-15 5.8039467684431557503e-16 -2
34900475.252566732466 4581 2.6277734588958003449e-09 4.9893746062625569547e-06 -0.25493653970646429352 -0.42081855971863135757 -0.086604945636611210813 1.4994531805326993812 -1.0204531127135427759 -0.29978501042334210203 0 0 0 -2
35088631.178644761443 5200 2.1843821434098075177e-09 4.6912978912155863559e-06 0.012146039726671999451 -0.49557639674855002987 0.052577623121588340505 1.8608791208845814058 -0.072869818232446606499 0.2768816004869000813 0 0 0 -2
35101494.094455853105 4313 1.9850224806712993785e-09 4.5440030574324895206e-06 0.38981835228248695735 -0.18649316670053595058 0.24992009392667288714 0.89951737141883514326 1.6308010425367316376 0.24271489374297910979 0 0 0 -2
35146051.696098566055 5142 1.0247222923301718177e-08 7.8533002124259730544e-06 0.47111848406459017058 0.16384602497380701402 -0.02344047790065623485 -0.47501171757343779722 1.6796175142697575833 -0.12951131410537652933 1.4985877532816118369e-15 4.5742874799920278554e-15 2.9156929612419105395e-15 -2
35162341.913757696748 1465 7.4458402396048225673e-09 7.0602710816552185258e-06 0.26211327333406614359 0.42426370498526250197 0.035848531822666465652 -1.4196319522039755334 1.0045377015649319397 0.015879709861292730377 -3.2157951467027602072e-15 2.0843211499557375127e-15 -1.1935662382261483107e-15 -2
35193442.644763857126 5382 2.5520294474025293746e-09 4.9409678971640072972e-06 -0.048528253147268413104 -0.42924157081172792383 -0.25071624588295543523 1.8330091977335503106 -0.42759017640749558131 0.05948399653673683285 0 0 0 -2
35271744.312114991248 6676 2.231472876359191372e-09 4.7247700410139634622e-06 0.49043249666042099122 -0.053839070190851594233 -0.078925339155352769449 0.31268539655218741125 1.7926970311652274948 -0.15297337335148425419 0 0 0 -2
35325964.271047227085 6404 2.0767627462343928376e-09 4.6129537457354151308e-06 -0.48765737857740332206 0.018748889744556525294 -0.016053716103210793203 -0.15094565808696489007 -1.9074320697559872251 -0.26877146847458244228 0 0 0 -2
35488443.597535930574 5386 2.3787965006697059135e-09 4.8265399142551271955e-06 -0.14547633447207947155 -0.47381988009625242153 -0.064222258080814026426 1.72017747905485896 -0.65882765748799265726 -0.19624479645273221196 0 0 0 -2
35492845.552361398935 5661 3.0138574495232008798e-09 5.2226514252519087283e-06 0.42726530663488676565 -0.21930392986227076335 -0.088696757967607758877 0.87449272371123143444 1.6799116649532361834 -0.34003117799820836709 0 0 0 -2
35505611.876796714962 5576 5.4678499412217830242e-09 6.3697492182635761135e-06 -0.35824954301522432543 -0.24366098309387881904 0.24521593798562718591 0.90380970489186762684 -1.64771464716257654 -0.0011894952133755293169 6.0524503484107552029e-17 9.9708308634909676528e-16 -9.9088331631232295497e-18 -2
35586656.147843942046 5767 4.9794354792184413433e-09 6.174145239381430148e-06 -0.13410928473556871232 0.47688297673478224903 -0.059043621216766761783 -1.8273286581982615129 -0.34239872277723265581 0.053891519620050017114 -8.5776288116558639345e-16 4.4356963622740664297e-15 -7.6078223523477309188e-16 -2
35612114.562628336251 6121 1.9056371373313723718e-09 4.4826022797418826806e-06 0.079564372065573707449 0.48771524937353549767 -0.075795748175540703095 -1.7655774608717944574 0.42703878987000298828 -0.019785692890315963871 0 0 0 -2
35662121.347022585571 6189 5.4398652774035609327e-09 6.3588637534815707622e-06 -0.29166978590649417225 -0.40535267698256727265 -0.0043027603979483158847 1.2389111319374650488 -0.97494671453749648382 -0.016570404410796886474 -6.9777507023999009533e-16 -5.0156827695238346619e-15 6.5815380842775033019e-17 -2
35780950.620123200119 5668 5.1769580619798835969e-09 6.254726930910456742e-06 0.026260408529671392525 0.4852247865050263731 0.1137362743375664037 -1.7955800379945801026 0.17691511298226350601 0.231317765063769748 1.5300129269872978527e-15 1.1280663896228563163e-15 -4.3605273748055670443e-16 -2
35810213.864476382732 6358 2.4009140361479542422e-09 4.8414524994586377395e-06 0.093686026950762071874 0.48359516578543271237 0.080392759539583108497 -1.792549523447811044 0.53436653708229742143 -0.18495245034169233156 0 0 0 -2
35994574.800821356475 6565 1.4109430182181039655e-08 8.7368181575122055312e-06 -0.023546265324421725845 -0.47481816880581573237 -0.15039227012007694295 1.8564494943646256964 -0.19394427195269492437 -0.23547826427570708874 -1.6260970106951504243e-15 3.9521042853657298031e-15 -1.5885887411903917707e-16 -2
36098823.145790554583 5455 1.1875331437106582997e-08 8.2489508934247012423e-06 0.4003579486267003773 0.21306074469339256194 -0.20993897226606694772 -0.8022811355837137226 1.6638234828444136149 -0.19486361697011556071 3.7035781464998206732e-15 8.3454415868294937591e-16 7.5438866169995480398e-15 -2
36146093.240246407688 6118 8.2137542478211469197e-09 7.295090881487289688e-06 -0.37882446274669290265 0.31083832753222950807 0.099119711764606599491 -1.22614524584404605 -1.3322920348469695639 0.23128160115373347372 -3.7441386144991060509e-15 8.8774712585745410035e-15 4.8291299142534769202e-15 -2
36305363.876796714962 3761 4.3830694397177281624e-09 5.9171092616681422252e-06 0.43586101145433020498 0.24417318805352156152 -0.0016785834075318511321 -0.72100211209700648674 1.4007018118650682581 0.095500737996716988931 3.6932599232359646248e-16 8.1718815973564985919e-17 -1.9967621350310077442e-16 -2
36455098.776180699468 3770 1.5582329431792798216e-09 4.1917393116908273809e-06 0.11154898073408957282 -0.48190931920626622897 0.068289628135160082567 1.7567274766906397776 0.32192736236826141605 0.35936467737869637329 0 0 0 -2
36505115.778234086931 6737 2.1681439602569286901e-09 4.6796442982212166511e-06 0.30524029461451768208 0.38276496366704515495 -0.095177052341858248141 -1.3591520681890116862 1.2108542109305366896 -0.15056872058871031972 0 0 0 -2
36524794.053388088942 5535 2.0739181079469268287e-09 4.6108465910968202004e-06 -0.36433929203826492804 0.25101838170303314435 -0.23101224802271794201 -1.2559843959113967671 -1.3931864305670975668 0.0839353000747378869 0 0 0 -2
36569146.398357287049 5895 5.5785402048907580142e-09 6.4124451137373831205e-06 -0.062155966173358528915 0.48664495265596086071 0.067049989841957952086 -1.8625664493800471178 -0.096030865149252617186 0.38173932146901856655 -4.5143800000752539812e-16 -9.0539976735149725246e-16 9.910911931301017411e-16 -2
36605664.6406570822 6691 1.9962167367488165579e-09 4.5525288070029400807e-06 0.022443962496761248049 -0.46955127136643859398 -0.16924081490034453834 1.8526045088113030079 -0.082576543722281389726 0.036474754422768346229 0 0 0 -2
36647492.073921971023 5713 1.4913384695385096803e-09 4.1308765078628514238e-06 -40.445672765486698097 -26.50449401697730778 -12.726973893371123836 0.017661218442282199809 -0.066759824482474916518 -0.01564115896776066203 0 0 0 -3
36653980.336755648255 2895 1.0691094389996102051e-07 1.7160273013110875859e-05 0.12654527354015271401 -0.48133176277406081178 -0.030694527460482099596 1.6637430950142806374 0.34679976983160043513 0.048018422758004358775 -5.8272350061215171138e-14 3.8408725789624711652e-14 1.5908134062554864948e-14 -2
36708164.681724846363 6061 4.037771590859276519e-09 5.7574572386137325776e-06 -0.25576466364729666392 0.41505029467695891965 0.11061421329007391223 -1.6141076318390077393 -0.85435309641417334081 0.11704960254343177439 -8.0388790964547039303e-17 1.9456720106617885315e-16 -7.3948340470825627134e-18 -2
36730138.513347022235 6242 2.3384819972736236515e-09 4.7991185920740400271e-06 -0.084201963668857376932 0.46516086606116413549 0.16122373507476558951 -1.8464493818202327713 -0.15582724737608266707 -0.065803678648479829727 0 0 0 -2
36760152.952772073448 6586 2.8951282344035918242e-09 5.1531494745406259268e-06 -0.32004046080401360452 -0.3501408890737156554 -0.1448161899602061764 1.299717381843870756 -0.95743988109826783095 -0.97824806502268424335 0 0 0 -2
36831160.969199180603 6633 3.0226891979647934319e-09 5.2277479018688101172e-06 0.31558694936593001401 -0.37980700573844672352 -0.075862696114547822912 1.441237619899104816 1.0731261785663968045 -0.28466576862482551036 0 0 0 -2
36833609.084188908339 5807 4.8835447515851648129e-09 6.1342555192972467079e-06 0.18582465556794736106 -0.40463883207557549415 -0.22378531119387337633 1.7620534370782330313 0.61540896901167285726 0.026174298847148412539 2.9025639900609971373e-16 1.3191318024190052553e-16 6.9936896997316674923e-16 -2
36841122.316221766174 5018 1.659492851847150663e-09 4.2806389652792404375e-06 0.46732389958564118926 -0.11443216006143146213 0.12956605139014809591 0.54727306774754158614 1.7568967980381482441 0.095343372378993818117 0 0 0 -2
36844905.577002055943 5880 2.2429486276646518839e-09 4.7328555235249340072e-06 0.38877590108694282112 -0.29857871287758253054 -0.09734599574168302516 1.2150679763538314582 1.361845954388352764 -0.09425847451767808971 0 0 0 -2
36858953.954825460911 6836 4.6103912103155363707e-09 6.0176842708660284101e-06 0.46686543219949100392 0.15638946581339763231 0.08450802595131777506 -0.48914937419699539012 1.7320803322110880362 0.34863873415014462465 -7.9771576072686057725e-17 -1.2884521413301305888e-16 -1.273923073422187312e-15 -2
36933038.17659137398 2174 2.0315255346074502502e-09 4.5792135819584077816e-06 -0.42807421245641585905 0.23026691621546388489 0.11562746730487703795 -0.93285922464118664621 -1.5318482236859798373 0.15042651910096047074 0 0 0 -2
37001022.882956877351 6897 2.62289871676904431e-09 4.9862874591377203022e-06 0.42999099405412843922 -0.22239811969640405076 -0.11479380476686334989 0.7933333618716480462 1.5599841652834465222 -0.70119681420700552543 0 0 0 -2
37045715.811088293791 5132 4.5220958202442154791e-09 5.9790207216257099563e-06 0.46021659032676276446 0.13907011667629839979 0.13420114569915181368 -0.40264611328938321178 1.7880214758947241549 0.033739151733397178268 -9.8985145058813784797e-16 3.1292413835785271682e-16 1.0018233218281669751e-15 -2
37059910.078028745949 5780 1.950790308976507898e-09 4.5177306545727403711e-06 0.49541397200739240025 -0.01779121103210119445 0.061906768446847018628 0.18030323806900891426 1.7972056628666415179 0.17168031840968625557 0 0 0 -2
37077659.006160162389 6528 2.3131340687709936455e-09 4.7817155768048355243e-06 0.13212781081738578237 0.47553054419584200874 -0.077415369585609516978 -1.7088433658736823517 0.61747480047263902936 -0.028428222990336510234 0 0 0 -2
37100772.090349078178 5259 2.2160624512000598314e-09 4.7138685760661255589e-06 0.24952584351723353095 0.43039531080878284941 -0.044880994411303137825 -1.4621728308929773377 0.9943939086612856304 0.052349134238204926561 0 0 0 -2
37172599.720739223063 6138 1.4553550100283045996e-08 8.827541883639702331e-06 0.2165205656156837799 -0.43060109385818567951 0.13107420226871288604 1.6890063045814462939 0.7227911267682030072 0.12517899437078494618 2.237168971732899637e-15 4.5011225731202860544e-15 1.8402658689321814877e-15 -2
37208906.480492815375 6445 2.3322033690176123768e-09 4.7948196652316337586e-06 0.31795706365442966135 -0.33531207504635729411 -0.18763311596920090318 1.4396571012870944539 1.1749970699110616756 -0.12239112497198328944 0 0 0 -2
37241355.613963037729 6411 5.5655240011985683104e-08 1.3804441004269830397e-05 0.38798365281035174235 -0.27667549553140252661 -0.14715538459477231492 1.0452665526903217597 1.4017615219202110843 -0.22788210666572009111 -1.4067704607486302769e-15 2.3559816795800386253e-15 -3.0369521537929475421e-14 -2
37248167.572895273566 5123 2.8522884296227594395e-09 5.1276056624704245641e-06 0.29954177594445313693 0.39489480772027585331 -0.064714915100146680471 -1.3762092223523829659 1.1755730077167751979 -0.29796490938442404817 0 0 0 -2
37250511.868583165109 5538 2.9795393689854680626e-09 5.2027526742253019063e-06 0.35410076592408801233 0.32401342610328265348 -0.13193505621640380654 -1.1789245196479745115 1.4084940962685099652 -0.17534532829628421413 0 0 0 -2
37327650.299794659019 1124 1.3241909241064499303e-08 8.5539559089564970332e-06 -0.4152364019393489647 0.25841133899383528227 0.099280754928632627965 -1.0615157846971496891 -1.4711262354922625128 0.045781964125851795644 3.5649076268520247345e-15 -5.425320570772919867e-15 -9.1379536789243091124e-16 -2
37331515.022587269545 6083 4.9126914947976725121e-09 6.1464351315051998767e-06 -0.22815981889860620369 -0.44148120392689127467 -0.051417890052986699179 1.5490038912369779034 -0.95564357681530931465 -0.020347805155920301035 -1.9889525951938666909e-16 3.5927407958046096601e-16 3.9263945444443085879e-16 -2
37352098.250513345003 5181 8.5624046861202624991e-09 7.396882530700058554e-06 -0.48177987513232634065 0.093469573390221452613 0.09372127102571657653 -0.45223453346015868304 -1.734485815316332058 0.10645336016693257575 -2.7845533704305200903e-15 -5.47148994940640041e-15 4.2078165858962079448e-15 -2
37398629.355236142874 6582 1.8672103141770724028e-09 4.452267171981040493e-06 0.19622778318626016292 -0.45385976852907439216 0.064213658606840126608 1.7502030859375441452 0.59149957026710631158 -0.043955659889471601631 0 0 0 -2
37427810.661190964282 5782 5.0597955729662334417e-09 6.2071817499233948909e-06 0.037459915024360690428 0.48645914286109503966 0.10638553700669380053 -1.753131238026900629 0.21591989469326694495 0.64386980476439426013 2.0830658011014011976e-16 2.6238532692584550023e-16 -6.1086981044576906584e-16 -2
37431091.597535930574 5209 4.7568489900838959839e-09 6.0807422262180573446e-06 0.4720419670577533644 0.15320076348934963395 -0.059604603492408661514 -0.443915781453071423 1.7595900473763603777 -0.1713203392542674286 8.8883279856242029338e-16 3.6815059454599562777e-16 9.2329361763532790521e-16 -2
37439575.227926075459 5362 1.4978238455195909882e-09 4.1368558226684658936e-06 0.46840431944526239594 0.14751988001382876359 -0.090970680487128086078 -0.43017935229694298505 1.767188670272850759 -0.14789577719056545835 0 0 0 -2
37467871.244353182614 5741 4.8396328832421937339e-09 6.1158141305275873575e-06 -0.31857414433641767504 0.34201110923570166023 -0.17556471331109921308 -1.447001289282304981 -1.1698175740841156856 -0.088018340181110918397 -2.1996918666874487891e-17 -3.7969816435803024327e-16 -1.4683243383617788412e-15 -2
37496158.340862423182 6532 5.6275675337629568908e-09 6.4311757324647839151e-06 -0.017814063044597542446 0.49453522734222693513 -0.071410135044574329921 -1.8004172109431009208 0.068392350017556932662 0.00055301862710603719338 1.1298235522487605097e-16 4.854787188457889994e-17 -3.0978649011914717649e-16 -2
37521071.195071868598 1123 2.2487625053347412884e-06 4.7369412914310944998e-05 -0.14435813067349154148 0.47857113897500119792 0.010863869020748932043 -1.5818437051701195184 -0.40525374945040287811 0.040235080170626345841 -2.6017679367257705088e-13 2.9551485188280329976e-12 -2.8262800983200297059e-12 -2
37524198.308008216321 5076 1.5546970868086831824e-08 9.0239926585558142999e-06 -0.33847448418036857332 0.34724625178375106982 0.12145238727951643276 -1.3625802724403868194 -1.1872829524438373028 0.14910093676109700822 4.4916096874047348767e-15 -1.1902619087228450308e-15 1.3971004717102062631e-14 -2
37531801.363449692726 5798 2.0106687929227610443e-09 4.5634887495530118942e-06 -0.47859425586004744613 -0.052459778026822376229 0.13453320069592164532 0.080947785920389966896 -1.8295253423282178407 0.10571249347222674841 0 0 0 -2
37598541.371663242579 6751 2.6662393460022694835e-09 5.013601936242605466e-06 0.19423009777290675681 -0.39919396557807690362 0.040360066409799243148 1.5014679914062099009 0.95127945989495321655 -0.33636742721974782766 0 0 0 -2
37782000.837782338262 5364 2.9167473271756519558e-09 5.1659445618622305471e-06 -0.46837938460951444863 -0.16881281582855800494 -0.038325091585388063042 0.48246804926017683446 -1.8086794361779452434 -0.31399736042757703247 0 0 0 -2
37827818.595482543111 5927 2.2158640220096294634e-09 4.7137278765047191679e-06 46.735148820526738689 16.897839758849801939 5.5356445878697853047 0.0042491551812532070073 0.066487795819611630876 0.014761307894725073098 0 0 0 -3
37856705.034907594323 6272 2.9242591176796771117e-09 5.1703755510563704804e-06 -0.14423473454316615427 0.47632150667934164412 -0.010453846762748410584 -1.7624222980508852388 -0.38809687646808621597 -0.54006848588713063375 0 0 0 -2
37869867.203285418451 6577 1.6358333795187732937e-09 4.2601984202937468745e-06 0.25093931015191339728 0.41649706354533455599 -0.11587336670841431874 -1.5000814896502632223 1.0547330851117100448 -0.092794647990300807572 0 0 0 -2
37940175.42505133152 5678 1.8525507147870743615e-09 4.4405848580618497267e-06 -0.48187379571445632109 0.065792821607212698121 -0.11522710354872715832 -0.36134649506172616951 -1.7932732370482302731 -0.15077760931960415558 0 0 0 -2
37972224.6406570822 6167 5.7680978266576824539e-09 6.4842688147364490507e-06 0.42132187266937093373 -0.25909749313270702409 0.02728540590909308769 1.0731234724844347372 1.4977926845812321588 0.41837843523273027246 2.8520875517821889486e-16 3.3295902828142186637e-16 8.9755661431271159506e-16 -2
38023349.207392200828 6780 3.2775999861143559756e-09 5.3707564014937346833e-06 -0.23047220922369196505 0.42747702447352081689 -0.11673602551074407918 -1.7423681576181111463 -0.70147879902161847099 0.087416348231361046262 0 0 0 -2
38027481.85626283288 6017 1.0744645699305260087e-08 7.9783699724188684305e-06 0.44036508475710139932 -0.23673856344616545089 -0.0045885984315603483771 0.99944216911045280494 1.5345139102339488968 0.050727760700836260765 7.8010445725838762401e-15 1.1907930698603347487e-15 2.010459238526519919e-15 -2
38063977.24845995754 5890 4.7357622207059028613e-09 6.0717437522759050252e-06 -0.41456767481921502627 0.13894075235491948339 -0.24244689716443032501 -0.64456664257083984282 -1.7288868152917518106 -0.23933628537675169512 -3.2466624903446942324e-17 -3.4808003779295845701e-16 -1.5661121944650981912e-16 -2
38069744.657084189355 6162 1.629933362306238951e-09 4.2550704482683854418e-06 0.11139811937123256236 0.48557162436413647821 0.030232438953176832969 -1.7883756210352017568 0.58289185185407577094 0.18700803987010783391 0 0 0 -2
38137925.601642712951 6202 4.7522724159655760706e-09 6.0787915023184852566e-06 -0.34001587161853430441 -0.29594033161245186792 0.2162589588875858948 1.0528537387018404026 -1.5414722766879640492 -0.082636671574099943016 4.9477959384845960269e-16 3.3429268694068466511e-16 -7.2299749584562650672e-18 -2
38141044.993839837611 6740 1.3310219437439547986e-08 8.5686396049414268182e-06 -0.39398227939725405378 0.25722421558343289139 0.16788516609556716763 -1.094357679841931219 -1.4689332806440156265 0.11450997433268447767 -3.3758680152375722958e-15 4.3645855873495040697e-15 3.476258058305615683e-15 -2
38215913.790554411709 6356 5.8317988216276025313e-09 6.5080515303144081854e-06 0.46747831891533780935 0.16397040134349738505 0.057914431723061800261 -0.46872443635823823893 1.8415520710223645118 -0.062538218655665236967 -9.2517744149557796624e-16 -2.6531964084602507557e-16 8.2792956377908402455e-16 -2
38266086.718685828149 6035 1.910471995157585905e-08 9.6656343923844831561e-06 -0.46475387113716326581 -0.085072351732965914572 0.16163056038587428342 0.061700247713553590945 -1.8771985107483590838 -0.1032461469631251183 4.2426112787686909682e-15 -9.0052556309783688794e-15 7.0821001903341035079e-15 -2
38424698.184804931283 6978 2.4612859122913342055e-09 4.8816970804645261963e-06 0.47179875398234349948 -0.13334241845275912608 -0.087312432402604403525 0.60912207448764899009 1.7660979634141884542 -0.22205746944725524017 0 0 0 -2
38585158.14373716712 6653 2.1900934060178482277e-09 4.6953829391038030624e-06 0.2561983575084947895 -0.39027957953474484709 0.17740797165419333603 1.6138555570166552844 0.91878815793425305802 0.12766834207342239726 0 0 0 -2
38777886.75154004246 5469 2.5113878223615404275e-09 4.9145987562318029163e-06 -0.3527762032979748219 -0.34457887232314782233 0.080727450294149544208 1.1780943874881750766 -1.3758448135123955147 0.10293511098428058392 0 0 0 -2
38810504.098562628031 5625 2.2949966668444005601e-09 4.769184876514912804e-06 48.672123368035293822 -9.612184652599850665 -6.2373758958368901162 0.039277184045438354176 0.065557436215633022036 0.030360775716779191125 0 0 0 -3
38952039.014373719692 5818 6.7488542975583030814e-09 6.832717877732160221e-06 0.38453314643430158704 -0.27812081160618162823 0.15600066436004236814 1.2144106930692752933 1.4041338934481966128 0.036050759997544187807 3.6641991064209783287e-15 2.0889117373214382669e-16 5.0598299353386024053e-16 -2
39121585.21560575068 5518 1.7365789051634500584e-09 4.3459191786526974141e-06 0.28063193961261523324 -0.41014551029788437475 0.032218067707542361044 1.6041726632847244094 0.94094968150086211178 0.30170927964884075578 0 0 0 -2
39215931.728952772915 6891 4.399636020298953797e-09 5.9245548067686262366e-06 -0.25423637887006611535 0.40891135198271866269 0.124186911476853859 -1.6079416360474276804 -0.91911684037946828063 0.35396694755932184284 -1.5287011454430573791e-15 -7.721863130707639431e-16 -1.3518290650710324766e-15 -2
39251645.371663242579 6677 2.3304796610780985473e-09 4.7936381065059371147e-06 -0.37474708927144528836 -0.2582570809072257112 0.1931928515189467177 1.0710474408819630199 -1.4763371370214322109 0.50147465194476237293 0 0 0 -2
39626789.733059547842 3324 2.7355321751358698683e-08 1.0894251930609384236e-05 0.05485793340362902365 0.49063092434874117087 0.078602865849212610883 -1.7836202931735247734 0.33296923068757183772 0.039786632914528420601 3.6903244703805255603e-14 -6.4519118901458438238e-15 -6.9216699732255547425e-15 -2
39828027.926078028977 6402 2.1627239816139134374e-09 4.6757416151210035807e-06 47.335612380109608921 -16.124632484348456529 0.079039687376438350075 0.063563661709021557211 0.038804207323305736632 0.019576481907049834291 0 0 0 -3
39981773.782340861857 5344 5.140041863384036396e-09 6.2398242432534855334e-06 -0.41945455279808552262 0.25814763001472756931 0.082618621904663347433 -1.0901991700939301921 -1.5206642734634412406 0.18721905952717898813 -6.742101602023731292e-16 3.3401336624204708248e-15 3.6466813037282143113e-15 -2
40169244.402464069426 5928 1.8514751475224087824e-09 4.4397253094238809512e-06 -0.42553772191746530584 0.14510841772043828191 -0.21001296078128417477 -0.5084587685244592592 -1.7454565340876053714 -0.50630399635184564211 0 0 0 -2
40589976.131416834891 6617 3.9326196274589369523e-09 5.7070382836101142462e-06 -47.333105239251921148 15.510630811585862432 -4.4309257611224008855 -0.067192207236109552371 -0.046262749870054659107 0.0029277666873525941618 0 0 0 -3
40705945.675564683974 6480 9.5946228982465969208e-09 7.6829164160360149938e-06 -0.026175340002648525561 0.49845267239193585818 0.023093403202591896578 -1.6760778345669455902 -0.0070308673870794107311 0.14481498936081338424 -4.9680870471138549271e-16 -1.9127438138481385361e-15 2.3246264876127589006e-15 -2
40742620.418891169131 4963 2.1768971882730974064e-09 4.685933393676293769e-06 -0.45241892310400921851 -0.052492878378283439056 -0.20091021965864783172 0.32120409924277443237 -1.7035085658514192986 -0.73659049698008838281 0 0 0 -2
40825361.642710469663 6170 6.445582422468291452e-10 3.1232316269025849325e-06 -0.33275496996222858614 -0.36257160933193716135 -0.085572479597664230511 1.2704549833768510325 -1.3135668261639827925 -0.53524983896533706584 0 0 0 -2
40986515.416837781668 6726 2.9298280499645294643e-09 5.1736556083835899043e-06 0.33333744913791873987 -0.34565066397122895525 -0.13277435644432372674 1.3481332258354190579 1.2474311885746047768 -0.46346505425201578454 0 0 0 -2
41014864.229979462922 2928 9.6979300974291303707e-09 7.7103925298227385735e-06 -0.31398611147818805689 -0.35221543179547293301 -0.16511017217809290103 1.2963576908498668505 -1.2908880956877206714 -0.14464675169317561809 -1.9692150924637011319e-15 -4.0610207144255054767e-16 1.4373725051114826778e-15 -2
41081316.698151953518 5873 6.236215401021523782e-09 6.6551396678459547057e-06 0.050096324777634940184 0.42344605256026768281 0.25987695614926703547 -1.8477699543947290195 0.4017195284044812742 0.058067730701042680197 -9.2843041112893480501e-16 1.2528923708112210684e-16 2.915850299696747062e-15 -2
41208930.480492815375 6164 5.0963378378158751862e-09 6.2220888483221201666e-06 -0.037863553489063471458 -0.4497413110002839165 -0.21454683514333713901 1.85082440262397796 -0.28273299114731514914 -0.17718036226511077458 -1.4893298757089578815e-15 -6.5355928660500707385e-16 -3.2645759003736946885e-15 -2
41262817.971252568066 5842 2.7539419481522653568e-09 5.0679820205625239089e-06 -0.42806639245144456618 -0.087593009688278863911 0.24196403099085264654 0.2204956890303693684 -1.8647634276714728507 0.045472081383575037317 0 0 0 -2
41388654.258726902306 6156 2.6905778167264342106e-09 5.0288111213337572723e-06 -0.46487669752293114822 -0.16130094867507902001 -0.068985721522786327964 0.51522468086322636971 -1.7585429155699203729 -0.49410684961249751179 0 0 0 -2
41511700.681724846363 5158 5.8557622588218307178e-09 6.516953423954673632e-06 -0.1679077008101332591 0.46076134359232023829 0.08369886608590505761 -1.775479685980342559 -0.55951916505160581572 0.39550122780627972041 3.0720326675306813233e-16 7.2623503080523573576e-17 -1.8661026546350312898e-16 -2
41813599.622176595032 6401 1.9315880468190324364e-09 4.502858587410184524e-06 0.06198195465066896892 0.46786303085981656436 -0.14870203606749202163 -1.8271040948229386736 0.39059253482050448891 0.094804792643530561014 0 0 0 -2
41932676.813141681254 6056 5.3893242530557212643e-09 6.3391093447242233538e-06 -0.17085706951032447742 0.44852274271424141805 0.13797556138064620557 -1.742527905409293032 -0.56122190050820186524 0.23429842179413390424 3.9206863437057096824e-16 -1.6651422877782940128e-15 -7.3902954299399217711e-16 -2
42097700.369609855115 6957 6.6859542387940566137e-09 6.8114243619529996074e-06 -0.16772698734112584384 0.46443528844366982478 0.077854326142452884296 -1.7548771484378031804 -0.50681839861851452067 0.205097495597935775 -1.0899970739589610656e-15 3.0163789391893632914e-16 1.0623171893731537568e-15 -2
42099682.825462013483 5577 6.0174687450602749939e-09 6.5763979627355645348e-06 -0.38345112153670701804 -0.22267211967325056809 -0.20482506140905973324 1.1264782056434077262 -1.1891457889826031469 -0.97195003716472117006 -2.5712436145102303693e-16 -1.8905577875096380828e-17 1.8864526355643809552e-16 -2
42115554.283367559314 6292 1.7585996016951761605e-09 4.3642115587813686982e-06 -0.32659923420115727355 -0.34257720959664139659 0.15880495765154448162 1.1381152766832820511 -1.5526700145674003917 0.043165012812463633696 0 0 0 -2
42148630.045174539089 3400 2.2041594299793433468e-09 4.7054136342145940961e-06 -0.21488141125737492132 -0.43348903323279341926 -0.12486692664966340949 1.5160116236303673443 -0.82245385290976658066 -0.15726090564814806938 0 0 0 -2
42415314.299794659019 6526 1.7485818488753395392e-09 4.3559089541338237515e-06 0.34276280661044655762 0.32867566695546363009 0.13717831077700370912 -1.2623192558486386883 1.3547357093295802066 0.38707064959570025575 0 0 0 -2
42506579.0390143767 5256 4.6188284298771265584e-09 6.0213529098595993427e-06 -0.056770278375721391906 -0.49513746441841144375 -0.029117195072352088092 1.8199272104661210481 -0.36934566587760475631 -0.29807280656418738696 -2.1614331657694736347e-16 3.3641040597949836642e-16 -9.8719975305652092537e-18 -2
42694114.086242303252 5215 2.0909929339699917838e-09 4.6234659134218353106e-06 45.496898757543640102 -20.57503344504571885 -2.8129665358106263895 0.093117978287898903189 0.026872977616663414058 -0.0073969948974593547134 0 0 0 -3
43096766.11088296026 2413 6.1180126034280524889e-08 1.4246896222994398021e-05 -0.31250140301156176248 -0.36283203220076143403 0.13428798712825953943 1.3380767494720924304 -1.3303851689335837172 0.08088521157856908006 1.3981712138031522414e-15 -2.0080371234431346375e-14 7.5520679966335440074e-15 -2
43260187.433264888823 5931 2.6658519334029523496e-09 5.0133590939981341879e-06 0.22345459054675212429 0.33815632845688670116 -0.28168176443119347097 -1.5929937744564841573 1.0233333906992800877 -0.28047981519108405868 0 0 0 -2
43269492.008213549852 733 4.5120938314704024798e-08 1.2871905594276025295e-05 -0.32462204142296724463 -0.36773583003921578305 0.085536383442543093003 1.3209338816165125952 -1.3319584186938056014 0.17720824957225411733 -1.445241601601815338e-14 3.4616964979756678063e-16 -1.2430595343012549881e-14 -2
43353233.774127312005 5815 2.6756197582216738446e-09 5.0194747031863042622e-06 0.41227950888442588262 -0.22841960699842087101 0.16674268213804421812 0.90312143723984050769 1.504041207211665121 0.17644225238818833645 0 0 0 -2
43357717.995893225074 6761 4.8806819361815668936e-09 6.1330566173543658206e-06 0.18803818347238834829 0.45424363802124501088 -0.063672273425068856567 -1.6635175200388021555 0.8757418018044216268 0.18089201688829939507 -3.4679276913987690603e-16 -1.8295116893292898628e-16 -2.5138375085420192835e-16 -2
43364333.897330597043 5921 2.3280072103323569183e-09 4.7919422856653051958e-06 -0.25937415303371019748 0.34755427675092259721 -0.24848949013311449896 -1.456033732133448888 -1.1270128307552820246 -0.37675971373139405252 0 0 0 -2
43381189.289527721703 6752 4.1254870481336235738e-09 5.7988500820640725912e-06 -0.074478710731928660094 -0.42084064726384923238 -0.25686455334446761656 1.8132758571207234777 -0.50126646458444890087 -0.011072081634123523766 -1.247058679749313844e-15 -1.0338910942999217642e-15 -4.7876708219521700252e-16 -2
43391685.322381928563 5178 9.3328337342938840023e-09 7.6123949887097307949e-06 -0.16007467282548004661 0.44345189764276299327 -0.1615539391327595331 -1.7851223442127428509 -0.55629378404458829088 -0.22692519073863473555 1.3412179264152414201e-15 2.983544683723407209e-16 -3.8314584775350778044e-16 -2
43400409.839835725725 5669 5.4554920027821123512e-09 6.364946822006636981e-06 -0.19455717266769351204 0.43390723316551460531 0.15449750889440655444 -1.4954925455440701842 -0.69485464656184581234 0.36234389481985385117 -9.6480927335985227375e-17 -7.414231299449383265e-17 3.1850401154675482055e-17 -2
43424356.221765913069 6270 2.0758887485529347535e-09 4.6123065402718902521e-06 -0.47482154654545299932 -0.038208699075135445222 -0.15130176092854050185 0.094162503058651272903 -1.832621103107525018 -0.40595240599197390807 0 0 0 -2
43696862.291581109166 5459 2.5152566606317114934e-09 4.9171211374473018161e-06 -30.818260884685894752 -39.166611300402088602 4.0516754669058396843 0.041227782193309463199 -0.048066437854567128918 -0.0088072917333136251788 0 0 0 -3
43757147.811088293791 5478 2.2823387290570560066e-09 4.7604006411825358977e-06 -0.084112553364682041135 0.48946038862635593558 -0.041752410316214835784 -1.7033421592181587911 -0.18355356227219221665 -0.78210616865680593346 0 0 0 -2
43765489.88911703974 5048 1.5467177255252982655e-09 4.1813882316113346787e-06 0.41862397199733647479 0.22440989097061186941 0.15307687774550093884 -0.80836446071178291728 1.6505683831642994353 0.25719777588304099103 0 0 0 -2
43791790.472279258072 5855 1.8848698896507121214e-08 9.6222639064664469742e-06 -0.48663554081179560828 0.083814542424509030916 0.065840489345761074591 -0.37918206309936003384 -1.7512047891458231152 0.57879557739141296313 2.7779456239420831993e-15 -6.4828407707224629807e-16 -1.0990203143624226987e-15 -2
44028294.603696100414 5569 2.7705163474268004891e-09 5.0781287855535422223e-06 -0.37179262566189152928 0.32132970175919844946 0.087809284913358251479 -1.3525642483478810263 -1.2974529528536102863 0.30141311767924666709 0 0 0 -2
44422226.792607799172 5861 1.9525749934185411282e-09 4.5191079196553986187e-06 -0.34949974837992564547 -0.35474621371937903325 0.044272901534379398292 1.2052898088224730522 -1.4292006565571053756 0.18905975088651894023 0 0 0 -2
44691970.151950716972 1810 7.3635409926741020962e-09 7.034162139038036346e-06 -0.26120235791654217161 0.34833617911009445711 0.23873776381727587759 -1.5698052255998504734 -1.0336866959392063681 0.071330391011717120264 9.5717593391165312782e-17 6.1022246876726477108e-17 1.2505400302691912384e-16 -2
44984774.488706365228 4786 8.4120830415074593941e-09 7.3533401414647307632e-06 -0.26271620052511163168 0.41920927066932234251 0.063246124290015554026 -1.5928657814779112467 -0.86524265871651850901 0.51139548895523267991 -3.0779035762950310669e-16 2.7865124861877558556e-15 -7.1737331955193403973e-15 -2
45150735.885010264814 6001 1.8984680122850756754e-09 4.4769739398872560949e-06 -0.36762812099636282825 0.30430285235523280019 -0.14662955453866052813 -1.3324358916106122663 -1.3242922606093896487 0.063987160236886594933 0 0 0 -2
45425984.312114991248 6732 3.7081524002355899312e-09 5.5963215932544783194e-06 0.032819676109952435061 -0.49140758161921849201 -0.082547552435235649337 1.8221166045736696404 -0.0050232686351403777955 -0.060561527538284344596 1.2075616941223346831e-17 7.7810104541514255908e-16 7.9692721134929503013e-16 -2
46078312.6406570822 1517 2.1763072384521316755e-09 4.6855100517829079005e-06 0.33070878676048454103 0.33625855515291191988 0.16597790334006085056 -1.2375720978655702087 1.3832843242284658114 0.18868177610585215587 0 0 0 -2
46099922.858316220343 6023 5.4810293485318857724e-09 6.3748628772808545889e-06 0.15345803819465247964 0.43696257421066103666 -0.18737494729984330299 -1.711101202103451957 0.69489878333616672546 -0.225327556878154589 -2.4694176741289348833e-15 3.240843865984024714e-16 -8.8208876041323554388e-16 -2
46173742.11088296026 6040 4.4849854331334899753e-09 5.962620249755048943e-06 0.19101794067014676859 -0.35268407773951071515 -0.28909800537795488085 1.7037691373052987753 0.81957208219856447773 -0.10285019717392218652 2.5178123390304276778e-18 8.7651803610362017891e-17 -2.5303299676773552041e-16 -2
46432665.954825460911 6005 3.3667499629201775273e-09 5.4190159138914925806e-06 -0.43258397407301085735 -0.079300567773092106583 -0.23441522006055087735 0.10417118578960171682 -1.9116913827830286365 0.11389331033808212934 0 0 0 -2
46912051.285420946777 5002 2.7900278373257528161e-09 5.0900218956819918452e-06 0.35945964649665351764 0.27433294791036405558 -0.21249956555658597313 -1.0405848350242483669 1.2854869882876018838 -0.29620239538748721619 0 0 0 -2
47019762.135523617268 5480 1.6025960386436663318e-09 4.2311474483652518168e-06 0.33056330970001185365 -0.26920175980283045369 -0.26051987346808613832 1.261881847248650379 1.3846120955824592347 -0.14537092861401162969 0 0 0 -2
47419225.379876799881 5479 2.1225453178382442364e-09 4.6466054295797963925e-06 -0.40214580923214793273 0.28408495968294800171 0.085455698034031607468 -1.0862029533653154711 -1.3660733067249133388 0.060934900762764650228 0 0 0 -2
47709235.10472279042 5138 2.3755312240576712377e-09 4.8243305050813623124e-06 -0.45609288587353413735 -0.11252586465695017803 0.17028478942937874674 0.22894431100787995814 -1.8216431614968364716 -0.13215811805756774722 0 0 0 -2
47852439.753593429923 6225 2.3834056196635869607e-09 4.8296551792412551453e-06 0.36667899972031919864 0.23840437276378176334 0.24079929635073149541 -0.91628993953755644153 1.6325689308057642624 0.11054537152804007338 0 0 0 -2
47873584.03285420686 5647 2.5744116190326629224e-09 4.9553705333174990406e-06 0.30458616266064242328 -0.38538798309854643831 0.069220549192255828586 1.5521110898058474437 1.0719524510369637937 0.049017853115570129974 0 0 0 -2
47992054.981519505382 5093 2.9894812249212576557e-09 5.2085329405822570502e-06 0.018785700690596623952 0.48884643496457624856 -0.1012087112829395813 -1.8302708773447731172 0.2415685137471803301 0.084200185962884796509 0 0 0 -2
48379429.404517456889 6823 1.6981733483156776441e-09 4.3136424589032650774e-06 -0.035694888056718762637 -0.43460394172408184366 -0.24098596088625917622 1.8497427729488722381 -0.30131114043204082487 -0.068396345717611772841 0 0 0 -2
48828975.145790554583 6155 3.0372863149142389347e-09 5.2361496409212739128e-06 -0.33731306378398984158 0.32482134754412989031 0.17337894524645108829 -1.3555212783671215515 -1.2455599637401262303 0.11121555859932587274 0 0 0 -2
48862528.722792610526 5597 4.5153853369857405923e-09 5.976061770540892655e-06 -0.3584998120386505005 0.30885347868256673998 0.15801935704044198228 -1.2470049298361947088 -1.3244493317359939955 0.17460211274115419733 -3.6626381740098306912e-15 -1.5081965628410432663e-15 -2.2043957611466291065e-15 -2
49066195.942505136132 6450 1.7484590133816124822e-09 4.3558069528545356408e-06 0.26032791711426239711 -0.41886424605623190365 0.06505349646779545747 1.6644302779400128589 0.88917298125338439796 0.23630543978341980726 0 0 0 -2
49105396.517453797162 5540 2.3153077753165376749e-09 4.7832129381040676636e-06 0.46947056736935960375 -0.17038380689863408257 -0.0091429082417626792584 0.74044409159568258527 1.6555035330755349943 0.028017218014867489168 0 0 0 -2
49307363.564681723714 5204 5.2172827207862501836e-09 6.2709248395082370966e-06 0.4325282056127305319 0.16520785215267763668 0.18519802513170785518 -0.53280429588091327009 1.77742998098537619 0.056758698232799893735 7.3315993730848062258e-16 6.8375404232674699491e-16 1.1919658304356763227e-15 -2
49345141.470225870609 6557 1.9309156624192723937e-09 4.5023360461693563678e-06 -0.47694972900185428344 -0.013070644398573761855 -0.14465481638533830844 0.14722706592010839644 -1.6092551387845734912 -0.96495235848632099351 0 0 0 -2
50704990.406570844352 4406 6.2701378058268431895e-09 6.6671849130389492188e-06 -0.25631798575795122774 0.39156366016895349791 0.17272599739225602544 -1.6233950242874277681 -0.90358570380330149874 0.049831774070110190777 -2.924134462785976705e-15 6.4305796779517677417e-16 2.6291480115323679276e-15 -2
51208338.299794659019 5673 2.672368292670716781e-09 5.0174406243458744708e-06 -0.46674690774961208328 -0.079358052516509139385 0.16008986781041500969 0.15404634065257327702 -1.8778153907788430743 0.15032050171036923092 0 0 0 -2
51684416.197125256062 5964 2.1710970907557694298e-09 4.6817679780363549697e-06 0.18204151491130440843 -0.39142722873286883711 0.24726775665450140274 1.7807865187966271936 0.61374058249298002465 0.025222028645716900591 0 0 0 -2
51769420.156057491899 6161 2.1963826304682724759e-09 4.6998731730226315354e-06 0.42928915620814683818 -0.19452386813804101173 -0.16656859602970658374 0.9062772386796901225 1.5939230239196273686 0.048156063810071363107 0 0 0 -2
51810433.232032857835 5394 4.2344235909665899219e-09 5.8494482784662360099e-06 -0.39967826191563393667 0.25538265888922995206 0.1538143045016596433 -1.1908099034353747392 -1.4847533561211112563 0.00089309938089817038093 2.6304442084086401984e-16 4.5771124944887472185e-16 -7.3527805092501444641e-17 -2
52614261.946611911058 6473 5.4346919362194065114e-09 6.3568473429120891626e-06 -0.35862582336489656765 0.29503754171882440316 0.15787572797269844305 -1.0408736215717686591 -1.4706516990110494181 0.66663461690312275643 1.3554663056084253313e-15 5.0932757651199587019e-16 8.9915429684582510589e-16 -2
52776012.583162218332 6809 1.7263068976086244182e-09 4.3373334042674248264e-06 0.45924599588337133849 -0.10566897096648208976 -0.16660822245001333242 0.60404821489579285654 1.7378532514665090414 0.12347717031690889911 0 0 0 -2
53175123.860369607806 5437 4.5444818920719285632e-09 5.9888706182313919217e-06 0.34791282896732267371 0.33524599083261036325 0.10658019563856814538 -1.2480631117877949432 1.3957371025795293207 0.25511962195542675635 -2.9288419812735871561e-16 -1.3740803640448576867e-16 -2.1717226490758273062e-17 -2
53226581.420944556594 5227 5.9447373319026442266e-09 6.5497948149770054819e-06 -0.44918291640463797743 0.21123500412029388995 -0.049295014218712858434 -0.92812120238037898456 -1.6008305147355641473 -0.2076363144957847906 5.6674939772032263793e-16 -7.202284407872858018e-16 -1.6599871026209787319e-16 -2
53255787.498973302543 5708 1.6554448531623415896e-09 4.2771555457488053871e-06 46.210840570378891812 19.030165224372911581 1.9856211436098696321 0.052117385452073172747 0.088679067513936005174 6.5329523797994843619e-05 0 0 0 -3
54104951.96714579314 5740 3.0909718757335465651e-09 5.2668201636412375022e-06 -0.40271856559486801652 0.29190270616852070917 0.047906363828265630112 -1.0490174068674633645 -1.3139877888004518613 0.06521435329256239366 0 0 0 -2
54549942.193018481135 6413 2.7127238383047002209e-09 5.0425707424249612674e-06 14.256695117140809614 47.936696106698285291 0.8642310631049271441 -0.029291060030224129462 0.11956318770885696057 0.010524868989729638247 0 0 0 -3
55323475.581108830869 5291 2.6037021676536818886e-09 4.9740930647047557487e-06 -0.4412521960969758017 -0.043070501037848721304 -0.22207415222507687069 0.025806646512953716754 -1.8870725186360841619 0.024496541178235829023 0 0 0 -2
55436230.965092405677 6286 2.6628449178591629746e-09 5.0114734028165008778e-06 -0.0056435126187034155912 0.41009179132442441507 -0.28575955031077820978 -1.847216651072563387 0.080798975609367454376 -0.11416208477334895133 0 0 0 -2
55751358.669404514134 6793 2.0508014822746742722e-09 4.5936511668778393742e-06 -0.47141341976992462426 -0.093019164397410591949 0.13694361717250183585 0.24493843026143566344 -1.8098330814227909791 0.14428146544591097244 0 0 0 -2
56902555.942505136132 6171 2.3921621926955770689e-09 4.8355626282427209775e-06 0.13990355398800252695 -0.46063957289014423324 -0.11215870151369491947 1.7925992455264498915 0.47709610875217917103 -0.36371954712472454041 0 0 0 -2
57055800.213552363217 5176 2.6829654142372412858e-09 5.0240640004976570111e-06 45.276045337157761139 -21.145061642444577643 2.1014054822151289059 0.10730976736683499329 0.019892517210836496017 0.0038495775582123152071 0 0 0 -3
57577119.474332645535 4502 4.5845625660069768877e-09 6.0064256612633133356e-06 0.24140496392481416987 0.37426232454642743841 -0.22599709552651517375 -1.4777677967900813005 1.1404074354608078057 -0.073688404765072448854 2.7551855556102061164e-15 1.5369982867021038671e-16 -1.1091647051212274133e-15 -2
57611034.710472278297 2010 1.5417182601971893017e-08 8.9988112752682736082e-06 0.418703171175840827 -0.038956107621206347014 -0.26297358523678571185 0.26320312850142163486 1.868165402316884327 -0.098172465568802685931 5.5501237462560350456e-15 6.745713365138031628e-16 3.8633706784953600166e-15 -2
58293220.073921971023 5360 3.7029039816074802368e-08 1.2051218350102107057e-05 0.4115922611331732095 -0.17815029709784258038 0.21749605556026016528 0.85939012220590715874 1.6651763912920960475 0.072883025880090143711 2.5215475284730321721e-14 -4.0634248470314843689e-14 -7.69641110883644176e-15 -2
58589048.591375768185 6129 7.1483250387514214227e-09 6.9649537309851762844e-06 -0.10320283847568662017 -0.3985262956931189815 0.28272989764963896153 1.6876730940647921564 -0.52141422731583775274 0.084986291341440534097 -2.3719059124983227501e-15 -4.2358401032781892924e-16 2.0359223240362065592e-15 -2
58991944.591375768185 5481 2.0621019247931530825e-09 4.6020731157075083487e-06 0.45037011995028475297 -0.14536431689001363954 -0.15171355344313947056 0.63483889091176060049 1.7411188664975134621 -0.34912368825557038576 0 0 0 -2
59048261.190965093672 6417 1.6309680830782706884e-09 4.2559706647107240505e-06 0.36888521276582086905 0.17369896368094572825 0.28818753908602989799 -0.75314107841802369059 1.6990540864213656835 0.20833244377313980822 0 0 0 -2
59194525.650924026966 5888 2.7979721868163696353e-09 5.0948484417081743632e-06 0.40259146402307827151 -0.15589425461550501795 -0.25212446143672545551 0.68010855548002691062 1.5712992218673700329 -0.079517843516522593306 0 0 0 -2
59568475.6796714589 5020 4.4091562637327641726e-09 5.9288250516626781511e-06 0.4858223174128363242 0.097466563951920853759 -0.032916645348312893737 -0.22681348160018374727 1.8729459311841787361 -0.030391642520600913036 2.415706742424776055e-16 -2.5121057672249006187e-15 3.9497045282360954189e-15 -2
61433798.225872687995 5288 2.9486565863705336546e-09 5.1847147820147851044e-06 -0.30300365456364614092 0.38800894831746529645 -0.048745998261297364407 -1.5492315792806106156 -1.0511138759816047727 -0.40797452827658364782 0 0 0 -2
61581656.180698148906 5316 2.9698831972134302159e-09 5.197126184487098028e-06 -0.45819427873575530041 -0.17986131674523495039 0.033568313240051793345 0.54036760058996680112 -1.5630859634803906388 0.99870673955924837983 0 0 0 -2
62327277.700205340981 6028 2.1302982130303063429e-09 4.6522560151744461377e-06 -0.25091657214298829226 0.4323893814394216828 -0.0058343707266667113598 -1.5037477377923313959 -0.7684989960539161391 0.032208525327788839476 0 0 0 -2
62348990.981519505382 5642 2.8004104272151416846e-09 5.096327948742967296e-06 43.358152028471756978 -24.890187076675736932 0.92132503893998907163 0.04807493796695019167 0.045152097259495885262 0.0038851352750375670042 0 0 0 -3
62640013.240246407688 5992 8.4138528119148331219e-09 7.3538557811381371137e-06 0.41777198542521437608 0.26682239368152932402 -0.063198956740462594595 -0.86895153021702808971 1.6145607614372934346 -0.41412552091878501725 -4.243658990411533942e-15 1.7129600115246747896e-15 6.1377111899214401812e-16 -2
63581683.6796714589 6140 1.6772754910251274063e-09 4.2958746979463651738e-06 0.159842434623070212 0.46388060941487768707 0.087034682352166228836 -1.7276499541909633439 0.7297803897328604128 0.15726376111862455653 0 0 0 -2
63732180.501026697457 6521 2.9530000316031529207e-09 5.1872592714353855611e-06 -0.47009878274640332085 0.13546885857390514318 -0.087293595658689007721 -0.6364207334207393485 -1.7674617700339323445 -0.38169639633889806962 0 0 0 -2
63742656.739219710231 6333 1.9424460720831585398e-09 4.5112801251564640492e-06 -0.45743456102398177832 -0.18750482046133551406 -0.042809849953474136963 0.58787576523327655931 -1.8081103512327174609 -0.1203850086259654617 0 0 0 -2
64277016.049281314015 5588 2.4068491649068881241e-09 4.8454386200740223481e-06 41.221464164655323259 27.842002014786388031 -5.1263141075784144363 -0.0109554973990611728 0.080256518598855366986 0.004988015903011872032 0 0 0 -3
64483799.556468173862 5030 2.1468568400900751646e-09 4.6642787817381116763e-06 -0.20804824682955283532 0.43949135207616002452 -0.11452136413050445496 -1.7069412552872653688 -0.64699545542150704858 0.0040711583556312042412 0 0 0 -2
66189678.718685828149 5372 1.3954848684277183818e-08 8.7047943543695017386e-06 0.082551134848168311597 0.48142738709171584155 0.095725590787994196962 -1.83327021547727953 0.45692848364953303486 0.27088509639921609651 2.3791205405769608305e-15 1.2585453512054015103e-16 3.1113896350885833847e-16 -2
66507535.342915810645 6639 2.0722733397296053179e-09 4.6096273562563845998e-06 0.4879251357580014492 0.017781946973919007804 -0.10773811107367534112 0.041787781848319584255 1.6966706388025505348 0.036537445294834484943 0 0 0 -2
67889287.638603702188 6211 2.3377679256841545124e-09 4.7986300610362553253e-06 0.27637780078422147234 0.39463285928875491138 -0.13315584617230166731 -1.4319460466775151275 1.1858926517688446189 -0.037595252504069080757 0 0 0 -2
68132759.145790547132 6815 3.5714343293340430887e-09 5.5266805356053991924e-06 -0.34872483913307456005 0.3156981278474728092 -0.16846532354483373384 -1.3658875678426429801 -1.2714918616330770362 -0.018749964712904448189 0 0 0 -2
68446518.7186858356 519 4.2158566959185689112e-08 1.2583808050634928159e-05 0.28928153609256668233 0.40294313125755443217 -0.051619341407397482946 -1.4355223537133787737 1.2429277235030988802 -0.069683824154392046135 -1.5395713784094978109e-14 7.0380680131157796554e-16 8.9041008419252926587e-15 -2
68577917.322381928563 5667 3.2082316568896889648e-09 5.3325963573883449186e-06 0.47227892290644019058 0.025722342114491422022 0.1607372420256749368 0.16196904372681433792 1.854130412573732567 -0.26096975337752403856 0 0 0 -2
69034850.858316227794 6692 1.322246857047347506e-08 8.5497677896937096216e-06 -0.44038398365934777745 0.20174117580873410227 -0.048041345818205766216 -0.83204783300613838204 -1.7138962381158888704 -0.30181744391514764292 6.4550551053465794413e-15 4.6120825249203930213e-15 -2.4828629745001202771e-15 -2
69063581.322381928563 5640 5.2460249295063099542e-09 6.2824193451159727434e-06 0.052943009105704742778 0.48687203086875963098 0.089603229605476383823 -1.8486327119108538763 0.32663871156505480675 0.1443116871756452424 4.1442154240297839713e-16 4.8874146718551770295e-16 -1.2325617102835769009e-15 -2
69715898.562628343701 5492 4.5127080621388225708e-09 5.9748804226323893847e-06 -0.024985726174327593796 -0.47095711513340637877 0.16455854295696042966 1.8450494297595332327 -0.21797628937224466927 0.16152176792743308531 7.7971699557287860453e-16 -6.4857083224866147433e-16 3.5221992082880830059e-17 -2
69729800.70636549592 5938 1.8886333342249284466e-09 4.4692298279950581081e-06 0.41655985151753172069 0.11211399220480404437 -0.2503506324351221779 -0.24126834053063456187 1.8588018410610498421 0.12904824695599861895 0 0 0 -2
71065469.913757696748 5559 5.4434167226531028966e-09 6.360247258561720711e-06 -0.29567453743138105704 0.29011341991211742064 -0.27757060667309996216 -1.411859892556704521 -1.2664187863061953099 -0.10943287657483585784 5.8381646597229811778e-16 -5.7381252084415590289e-16 2.5396366966969823835e-16 -2
71262623.227926075459 5160 2.480828036861530303e-09 4.8945829405824377043e-06 0.067991263790382422405 -0.49064471599803222146 0.03683279572142234698 1.8641036217688986554 0.13106480440888662597 0.40584398762948842299 0 0 0 -2
71515018.168377816677 6425 8.7334208614794426386e-09 7.4458040274850722959e-06 -0.045469583192241945502 0.47619025351145682912 0.14397382057001884004 -1.8452790119352218134 -0.060477104688801977539 0.11766740965473734826 -7.5478066791102063921e-15 1.691340711191865741e-15 5.7766033871737064348e-15 -2
71866323.613963037729 6960 2.2804540224194826517e-09 4.7590899345635378023e-06 -49.605080536586513063 -1.0839285968877616639 -6.3202577697512198895 -0.10488373607881543159 -0.065678596988499010623 -0.0043218894528618736345 0 0 0 -3
71975788.714579060674 6883 1.2369592154019954621e-08 8.3618415135680264957e-06 -0.41815890107921616092 -0.26384728828608255968 0.055458692107483123501 0.87888400114725551138 -1.6746190047932427714 0.1831879088602947625 -7.3440571434710806618e-16 -5.0540877647834110001e-16 -5.7520537595335948353e-16 -2
72094584.788501024246 6997 2.7748837478250921467e-09 5.0807957466648693483e-06 0.32456061993438328761 0.35754986347978262584 0.10201727628732409903 -1.2955150179032495217 1.3430869937786658053 0.46328126678015740803 0 0 0 -2
72236646.0780287534 6104 1.7525854910190054648e-09 4.3592309237737249575e-06 -31.633518606450909516 38.602791277063694508 3.3473013774124464881 -0.13791860997898081065 0.078738284192464605415 0.013718035867492385169 0 0 0 -3
72492757.519507184625 5846 2.3740332022734932028e-09 4.8233162095886005283e-06 -0.56776177489852230895 -49.998138355428693558 0.26285419600048759436 0.058688445817306617025 -0.010762220095734379918 -0.0040133749043754669839 0 0 0 -3
72716646.406570836902 6734 1.2423053815608693428e-08 8.3738708901656784333e-06 -0.10272247025898953443 0.48130217664173685632 0.014011551011085707566 -1.8890508604069562448 -0.2978048834195725636 -0.060453197959244489579 -8.5878058535085403935e-17 4.4854570777987189969e-15 -1.0452004645694898291e-14 -2
73583073.889117047191 6722 1.7852662990008190056e-09 4.3861600402958842012e-06 -44.679649769487035371 -22.101058853489561784 -3.9415000521565808356 0.0083529309596433818502 -0.064221449134276839543 -0.002412916827009563888 0 0 0 -3
74573436.517453804612 6089 5.8153458311915222576e-09 6.5019254750970163333e-06 0.47416953858311960968 0.064280719252372262029 0.1441071830209169069 -0.13924167785986410473 1.8295050224122122451 0.14343188492407546453 -9.5967467292097268267e-16 -1.020266727807952866e-15 2.4618677671927471718e-16 -2
76579645.733059555292 1444 1.7230650901442345038e-08 9.3386485804067980338e-06 0.36236024326914756388 -0.17638840205294717411 -0.29581454655620620375 0.97656261556169154936 1.5743509584948438551 -0.012215176529407395858 9.922056446687782103e-15 5.9598569811575921695e-15 -8.1128086486573615298e-16 -2
78278771.318275153637 5047 1.0218024982069716006e-08 7.845834178918393369e-06 -0.49822470185184858371 0.0054613291946262829818 0.035479465219230295336 -0.16815989443825490879 -1.8662099337973534485 0.24805560601339696203 4.571631307728342749e-15 -2.6359609232274312939e-15 -3.9028225386172192463e-15 -2
78492035.466119095683 5525 2.2215113580248461113e-09 4.7177289376983710367e-06 -0.097471342346910710974 -0.44996802221624271345 -0.19341307932184753637 1.7865340355449066401 -0.53473406391769207069 -0.097192316879857451606 0 0 0 -2
79927533.207392200828 6290 4.6679666062167380489e-09 6.0426306871982823685e-06 -0.39661771618672048145 0.29104053514709032902 0.083533526562314178165 -1.2718010158060524262 -1.3872981153736518856 -0.0015038399839119090656 3.3674948427296413874e-16 -2.8340097535384617418e-16 8.7440104468235842976e-16 -2
80546008.657084181905 5196 3.0245813846820063156e-09 5.2288385214158754921e-06 43.52686434508520108 -24.220693764838696183 4.3453337494410151365 0.038474324863276732067 0.053398185761009478445 -0.013320721745521237403 0 0 0 -3
81949523.728952765465 5053 1.9025861538812664257e-09 4.4802087407081261577e-06 -0.42462358547523115782 -0.24628180837758414934 -0.073937589236296896722 0.83447902672988727435 -1.6786234154121473239 -0.38786539617378379408 0 0 0 -2
82318654.373716637492 5626 7.9328922325194206098e-09 7.2109749999239635687e-06 -0.42285963498348544398 0.23840453888525847681 0.11927420499853985669 -0.98394795000333967749 -1.5175644967455148571 0.13036181022044746047 1.0723104740495545242e-15 1.1849824735199369284e-15 -1.3776499975725746239e-15 -2
87281335.29363450408 6204 2.2676900923720804494e-09 4.7501942825694535493e-06 -0.43415672940817967573 -0.22102171388284602704 0.079668747651016322275 0.72725486559729590752 -1.7658215090565712035 -0.11450194724872687912 0 0 0 -2
87925074.759753599763 1284 3.6440485338739179141e-09 5.5638855671829193597e-06 0.37618159243996895924 0.32320241051519876807 0.048051371404715451097 -1.1177181942046772178 1.5426236602002423304 -0.0057494643143658633391 4.6359980284610632809e-16 4.3640395361961093566e-16 1.7657121356935546858e-16 -2
89996872.591375768185 6935 2.6030011206437303904e-09 4.973646599651355064e-06 -35.708756184897197272 33.744847316412503346 9.3281055222310786945 -0.077868371345357595414 -0.021602936056608429416 0.0086062728063643727239 0 0 0 -3
90574047.852156057954 2992 2.2649220819180062611e-08 1.0229817682511862284e-05 0.22456642777512150766 0.37649496814185118287 -0.23895847156121124977 -1.5383744628355719986 1.0761802308492487423 -0.10060635204584705837 -7.7622358328913042455e-15 -5.5547154059944385522e-15 -1.495981257677037421e-14 -2
91729365.453798770905 5650 1.1463887522993531395e-08 8.1525620042587206119e-06 -0.14117373878694153277 -0.46716561181048982254 0.10763451551970999731 1.6982485801370548195 -0.62811108094767653665 0.13648881012396030243 6.8710675254725417801e-16 -4.0888645144430972534e-15 2.8429460479272286267e-15 -2
93747210.151950716972 5194 4.7538169608635369915e-09 6.0794499907627100199e-06 -0.30846065358579882743 0.35711180127853336952 0.16329717067496055116 -1.4696961643044497148 -1.1138178990776421706 0.091643771385059843992 -4.7059349512874675414e-17 1.1335825563638545741e-16 -1.9824037172769711237e-16 -2
95093447.967145785689 6920 4.4808946186166592564e-09 5.9608068367068112832e-06 -0.49281798927912362496 0.01094143702938029511 0.018911141566066946157 -0.14993476645474451692 -1.8985097498020162554 0.1193583384628272015 2.1601264980752257343e-16 -9.2633368730287732535e-17 1.8163341256597821293e-17 -2
95155751.967145785689 3800 2.3176037995529761197e-08 1.0308525188752869098e-05 0.28280810244639981166 -0.32986722498409015714 -0.24498598313171901508 1.3681833651344645908 1.2090863553687338783 -0.45900238999249004523 2.8260527035069112758e-15 -2.2844608014658153268e-14 1.4271241461795575297e-15 -2
96193710.193018481135 1410 1.961808394017428563e-08 9.7514455748557987561e-06 0.45859518753057404439 0.15153675512656933355 -0.12809169734807657193 -0.44160938513367092861 1.7733256690019931767 -0.018202280880849412009 4.7288765075454319549e-16 -2.5229565175687047709e-15 -3.7820416647705344788e-16 -2
