Start GENGA
initial error = 0 = no error
set Flags error = 0 = no error
There are 1 CUDA devices.
Runtime Version: 12050
Driver Version: 12050
Name: NVIDIA A800-SXM4-80GB, Major:8, Minor:0, Max threads per Block:1024, Max x dim:1024, #Multiprocessors:108, Can Map Memory:1, Clock Rate:1410000, Memory Clock Rate:1593000, Can Overlap:1, Concurrent Kernels:1, regsPerBlock:65536, sharedMemPerBlock:49152, warp size:32
CPU malloc error = 0 = no error
CPU HostAlloc error = 0 = no error
cudaMalloc error = 0 = no error
mapping error = 0 = no error
FGAlloc error = 0 = no error
cudaMemcopy error = 0 = no error
Energy error = 0 = no error
Gas Table error = 0 = no error
Reached timestep 600000 with 6409 bodies, 0 test particles. Total Energy: -3.3027117195572525211e-08
Reached timestep 1200000 with 6143 bodies, 0 test particles. Total Energy: -3.3028470632386692664e-08
Reached timestep 1800000 with 5944 bodies, 0 test particles. Total Energy: -3.3029506852922737902e-08
Reached timestep 2400000 with 5787 bodies, 0 test particles. Total Energy: -3.3030507850583343542e-08
Reached timestep 3000000 with 5626 bodies, 0 test particles. Total Energy: -3.3031721221202079767e-08
Reached timestep 3600000 with 5484 bodies, 0 test particles. Total Energy: -3.3033003334496480319e-08
Reached timestep 4200000 with 5370 bodies, 0 test particles. Total Energy: -3.3034112336707116682e-08
Reached timestep 4800000 with 5273 bodies, 0 test particles. Total Energy: -3.3035176695280126705e-08
Reached timestep 5400000 with 5176 bodies, 0 test particles. Total Energy: -3.3036293562271398682e-08
Reached timestep 6000000 with 5087 bodies, 0 test particles. Total Energy: -3.3037384483436732391e-08
Reached timestep 6600000 with 5005 bodies, 0 test particles. Total Energy: -3.3038578211922329653e-08
Reached timestep 7200000 with 4909 bodies, 0 test particles. Total Energy: -3.3039615860279122859e-08
Reached timestep 7800000 with 4832 bodies, 0 test particles. Total Energy: -3.3040495934467882559e-08
Reached timestep 8400000 with 4747 bodies, 0 test particles. Total Energy: -3.3041631486244303058e-08
Reached timestep 9000000 with 4675 bodies, 0 test particles. Total Energy: -3.3042657831739476222e-08
Reached timestep 9600000 with 4611 bodies, 0 test particles. Total Energy: -3.3043624151987880208e-08
Reached timestep 10200000 with 4545 bodies, 0 test particles. Total Energy: -3.3044661528565198884e-08
Reached timestep 10800000 with 4490 bodies, 0 test particles. Total Energy: -3.3045710808128324074e-08
Reached timestep 11400000 with 4426 bodies, 0 test particles. Total Energy: -3.3046679741724700896e-08
Reached timestep 12000000 with 4361 bodies, 0 test particles. Total Energy: -3.3047809041112022443e-08
Reached timestep 12600000 with 4305 bodies, 0 test particles. Total Energy: -3.3048689850222149182e-08
Reached timestep 13200000 with 4254 bodies, 0 test particles. Total Energy: -3.3049697165491511359e-08
Reached timestep 13800000 with 4201 bodies, 0 test particles. Total Energy: -3.3050582295370091587e-08
Reached timestep 14400000 with 4161 bodies, 0 test particles. Total Energy: -3.3051817779246748403e-08
Reached timestep 15000000 with 4107 bodies, 0 test particles. Total Energy: -3.3052163981475154291e-08
Reached timestep 15600000 with 4059 bodies, 0 test particles. Total Energy: -3.3053554375635477393e-08
Reached timestep 16200000 with 4021 bodies, 0 test particles. Total Energy: -3.3054003205180831107e-08
Reached timestep 16800000 with 3979 bodies, 0 test particles. Total Energy: -3.3055437829614294578e-08
Reached timestep 17400000 with 3937 bodies, 0 test particles. Total Energy: -3.3055759589206733424e-08
Reached timestep 18000000 with 3899 bodies, 0 test particles. Total Energy: -3.3057015105461740566e-08
Reached timestep 18600000 with 3866 bodies, 0 test particles. Total Energy: -3.3057876190840643167e-08
Reached timestep 19200000 with 3829 bodies, 0 test particles. Total Energy: -3.3058314923116521827e-08
Reached timestep 19800000 with 3787 bodies, 0 test particles. Total Energy: -3.3059627357837217737e-08
Reached timestep 20400000 with 3756 bodies, 0 test particles. Total Energy: -3.3060570952167916732e-08
Reached timestep 21000000 with 3725 bodies, 0 test particles. Total Energy: -3.306139581181919118e-08
Reached timestep 21600000 with 3691 bodies, 0 test particles. Total Energy: -3.306172136400480126e-08
Reached timestep 22200000 with 3652 bodies, 0 test particles. Total Energy: -3.3062552762354003858e-08
Reached timestep 22800000 with 3617 bodies, 0 test particles. Total Energy: -3.3063474384289618705e-08
Reached timestep 23400000 with 3584 bodies, 0 test particles. Total Energy: -3.3064875497960665907e-08
Reached timestep 24000000 with 3555 bodies, 0 test particles. Total Energy: -3.3065373747191944639e-08
Reached timestep 24600000 with 3525 bodies, 0 test particles. Total Energy: -3.306584569276123513e-08
Reached timestep 25200000 with 3494 bodies, 0 test particles. Total Energy: -3.3066521445913146813e-08
Reached timestep 25800000 with 3469 bodies, 0 test particles. Total Energy: -3.3067060807104859844e-08
Reached timestep 26400000 with 3435 bodies, 0 test particles. Total Energy: -3.3067875817632829279e-08
Reached timestep 27000000 with 3404 bodies, 0 test particles. Total Energy: -3.3068455135007917894e-08
Reached timestep 27600000 with 3378 bodies, 0 test particles. Total Energy: -3.3069301459081325598e-08
Reached timestep 28200000 with 3353 bodies, 0 test particles. Total Energy: -3.3069900859615210292e-08
Reached timestep 28800000 with 3331 bodies, 0 test particles. Total Energy: -3.3070770092306194572e-08
Reached timestep 29400000 with 3313 bodies, 0 test particles. Total Energy: -3.3071560299212752761e-08
Reached timestep 30000000 with 3298 bodies, 0 test particles. Total Energy: -3.3072266265222783103e-08
Reached timestep 30600000 with 3277 bodies, 0 test particles. Total Energy: -3.3073266451257351743e-08
Reached timestep 31200000 with 3249 bodies, 0 test particles. Total Energy: -3.3073895415201917328e-08
Reached timestep 31800000 with 3226 bodies, 0 test particles. Total Energy: -3.307467065385174181e-08
Reached timestep 32400000 with 3205 bodies, 0 test particles. Total Energy: -3.3075374498303385039e-08
Reached timestep 33000000 with 3187 bodies, 0 test particles. Total Energy: -3.3076135277409912173e-08
Reached timestep 33600000 with 3165 bodies, 0 test particles. Total Energy: -3.3076560532352297207e-08
Reached timestep 34200000 with 3143 bodies, 0 test particles. Total Energy: -3.3077029566770740476e-08
Reached timestep 34800000 with 3122 bodies, 0 test particles. Total Energy: -3.3077657069167453139e-08
Reached timestep 35400000 with 3097 bodies, 0 test particles. Total Energy: -3.3078500855641668051e-08
Reached timestep 36000000 with 3079 bodies, 0 test particles. Total Energy: -3.3079097855435959868e-08
Reached timestep 36600000 with 3058 bodies, 0 test particles. Total Energy: -3.3079712504463054738e-08
Reached timestep 37200000 with 3038 bodies, 0 test particles. Total Energy: -3.3080031586297189908e-08
Reached timestep 37800000 with 3015 bodies, 0 test particles. Total Energy: -3.3080701431328212687e-08
Reached timestep 38400000 with 2988 bodies, 0 test particles. Total Energy: -3.3081508365688674083e-08
Reached timestep 39000000 with 2963 bodies, 0 test particles. Total Energy: -3.3082195805972175448e-08
Reached timestep 39600000 with 2943 bodies, 0 test particles. Total Energy: -3.3082542644819447038e-08
Reached timestep 40200000 with 2931 bodies, 0 test particles. Total Energy: -3.3082844933032198167e-08
Reached timestep 40800000 with 2913 bodies, 0 test particles. Total Energy: -3.3083746816881074485e-08
Reached timestep 41400000 with 2894 bodies, 0 test particles. Total Energy: -3.3084354662296008419e-08
Reached timestep 42000000 with 2881 bodies, 0 test particles. Total Energy: -3.3084717164950568066e-08
Reached timestep 42600000 with 2856 bodies, 0 test particles. Total Energy: -3.3085122923061824526e-08
Reached timestep 43200000 with 2839 bodies, 0 test particles. Total Energy: -3.3086034250643210123e-08
Reached timestep 43800000 with 2823 bodies, 0 test particles. Total Energy: -3.308642824053610184e-08
Reached timestep 44400000 with 2805 bodies, 0 test particles. Total Energy: -3.3086684025284968046e-08
Reached timestep 45000000 with 2789 bodies, 0 test particles. Total Energy: -3.3087408146095132441e-08
Reached timestep 45600000 with 2775 bodies, 0 test particles. Total Energy: -3.3088144749821580988e-08
Reached timestep 46200000 with 2763 bodies, 0 test particles. Total Energy: -3.3088288003969776124e-08
Reached timestep 46800000 with 2747 bodies, 0 test particles. Total Energy: -3.3088968740078390576e-08
Reached timestep 47400000 with 2731 bodies, 0 test particles. Total Energy: -3.3089558655781502398e-08
Reached timestep 48000000 with 2712 bodies, 0 test particles. Total Energy: -3.3089849059648869474e-08
Reached timestep 48600000 with 2698 bodies, 0 test particles. Total Energy: -3.3090476610330093108e-08
Reached timestep 49200000 with 2685 bodies, 0 test particles. Total Energy: -3.3091004075981247179e-08
Reached timestep 49800000 with 2671 bodies, 0 test particles. Total Energy: -3.3091238113015494815e-08
Reached timestep 50400000 with 2661 bodies, 0 test particles. Total Energy: -3.3091983366805136928e-08
Reached timestep 51000000 with 2642 bodies, 0 test particles. Total Energy: -3.3092355745128749458e-08
Reached timestep 51600000 with 2627 bodies, 0 test particles. Total Energy: -3.3092542510738708863e-08
Reached timestep 52200000 with 2616 bodies, 0 test particles. Total Energy: -3.3093360014855839096e-08
Reached timestep 52800000 with 2605 bodies, 0 test particles. Total Energy: -3.3093649353597625174e-08
Reached timestep 53400000 with 2595 bodies, 0 test particles. Total Energy: -3.3094004698451119112e-08
Reached timestep 54000000 with 2583 bodies, 0 test particles. Total Energy: -3.3094690648130447117e-08
Reached timestep 54600000 with 2577 bodies, 0 test particles. Total Energy: -3.3094784634723467539e-08
Reached timestep 55200000 with 2568 bodies, 0 test particles. Total Energy: -3.3095429475189011159e-08
Reached timestep 55800000 with 2560 bodies, 0 test particles. Total Energy: -3.3095706388078586728e-08
Reached timestep 56400000 with 2550 bodies, 0 test particles. Total Energy: -3.3096197981321763092e-08
Reached timestep 57000000 with 2542 bodies, 0 test particles. Total Energy: -3.3096647002375601648e-08
Reached timestep 57600000 with 2535 bodies, 0 test particles. Total Energy: -3.309686514759005994e-08
Reached timestep 58200000 with 2518 bodies, 0 test particles. Total Energy: -3.309755174727430574e-08
Reached timestep 58800000 with 2512 bodies, 0 test particles. Total Energy: -3.3097643510824128312e-08
Reached timestep 59400000 with 2504 bodies, 0 test particles. Total Energy: -3.3098313724558289669e-08
Reached timestep 60000000 with 2492 bodies, 0 test particles. Total Energy: -3.309845587686431518e-08
Reached timestep 60600000 with 2483 bodies, 0 test particles. Total Energy: -3.3099012703957662053e-08
Reached timestep 61200000 with 2473 bodies, 0 test particles. Total Energy: -3.309930199380566239e-08
Reached timestep 61800000 with 2461 bodies, 0 test particles. Total Energy: -3.3099761336276671089e-08
Reached timestep 62400000 with 2448 bodies, 0 test particles. Total Energy: -3.3100068304115414327e-08
Reached timestep 63000000 with 2439 bodies, 0 test particles. Total Energy: -3.3100518284463255197e-08
Reached timestep 63600000 with 2428 bodies, 0 test particles. Total Energy: -3.310081712051014777e-08
Reached timestep 64200000 with 2419 bodies, 0 test particles. Total Energy: -3.3101187938265539001e-08
Reached timestep 64800000 with 2410 bodies, 0 test particles. Total Energy: -3.3101581167215417446e-08
Reached timestep 65400000 with 2402 bodies, 0 test particles. Total Energy: -3.3101978912833762565e-08
Reached timestep 66000000 with 2397 bodies, 0 test particles. Total Energy: -3.3102273746990810861e-08
Reached timestep 66600000 with 2390 bodies, 0 test particles. Total Energy: -3.3102653866491994554e-08
Reached timestep 67200000 with 2381 bodies, 0 test particles. Total Energy: -3.3103001791209808986e-08
Reached timestep 67800000 with 2374 bodies, 0 test particles. Total Energy: -3.3103297278763910421e-08
Reached timestep 68400000 with 2366 bodies, 0 test particles. Total Energy: -3.3103706038931707585e-08
Reached timestep 69000000 with 2354 bodies, 0 test particles. Total Energy: -3.3104039514934085061e-08
Reached timestep 69600000 with 2344 bodies, 0 test particles. Total Energy: -3.3104257947965369129e-08
Reached timestep 70200000 with 2334 bodies, 0 test particles. Total Energy: -3.3104721461436654427e-08
Reached timestep 70800000 with 2327 bodies, 0 test particles. Total Energy: -3.3104873145601661718e-08
Reached timestep 71400000 with 2318 bodies, 0 test particles. Total Energy: -3.3105373446917830812e-08
Reached timestep 72000000 with 2308 bodies, 0 test particles. Total Energy: -3.3105538297499567521e-08
Reached timestep 72600000 with 2300 bodies, 0 test particles. Total Energy: -3.310601080457724917e-08
Reached timestep 73200000 with 2297 bodies, 0 test particles. Total Energy: -3.3106159914754819422e-08
Reached timestep 73800000 with 2287 bodies, 0 test particles. Total Energy: -3.3106651311674618331e-08
Reached timestep 74400000 with 2280 bodies, 0 test particles. Total Energy: -3.310682628448522422e-08
Reached timestep 75000000 with 2273 bodies, 0 test particles. Total Energy: -3.3107222148160142301e-08
Reached timestep 75600000 with 2266 bodies, 0 test particles. Total Energy: -3.3107452852399898638e-08
Reached timestep 76200000 with 2259 bodies, 0 test particles. Total Energy: -3.3107741127404741444e-08
Reached timestep 76800000 with 2249 bodies, 0 test particles. Total Energy: -3.3108048637999142104e-08
Reached timestep 77400000 with 2242 bodies, 0 test particles. Total Energy: -3.3108302581574917384e-08
Reached timestep 78000000 with 2235 bodies, 0 test particles. Total Energy: -3.310873912283194193e-08
Reached timestep 78600000 with 2228 bodies, 0 test particles. Total Energy: -3.3108821048651218064e-08
Reached timestep 79200000 with 2223 bodies, 0 test particles. Total Energy: -3.3109216367579196908e-08
Reached timestep 79800000 with 2215 bodies, 0 test particles. Total Energy: -3.3109416759157920261e-08
Reached timestep 80400000 with 2211 bodies, 0 test particles. Total Energy: -3.3109661818233824884e-08
Reached timestep 81000000 with 2201 bodies, 0 test particles. Total Energy: -3.3109960795364278775e-08
Reached timestep 81600000 with 2197 bodies, 0 test particles. Total Energy: -3.3110132222132715289e-08
Reached timestep 82200000 with 2192 bodies, 0 test particles. Total Energy: -3.3110472079767906646e-08
Reached timestep 82800000 with 2185 bodies, 0 test particles. Total Energy: -3.311066535414896212e-08
Reached timestep 83400000 with 2182 bodies, 0 test particles. Total Energy: -3.3111032169443489753e-08
Reached timestep 84000000 with 2178 bodies, 0 test particles. Total Energy: -3.3111279520271198373e-08
Reached timestep 84600000 with 2174 bodies, 0 test particles. Total Energy: -3.3111429651234854899e-08
Reached timestep 85200000 with 2173 bodies, 0 test particles. Total Energy: -3.3111792984450654705e-08
Reached timestep 85800000 with 2166 bodies, 0 test particles. Total Energy: -3.3111938154444360311e-08
Reached timestep 86400000 with 2160 bodies, 0 test particles. Total Energy: -3.311228543607429343e-08
Reached timestep 87000000 with 2154 bodies, 0 test particles. Total Energy: -3.311254575140594903e-08
Reached timestep 87600000 with 2149 bodies, 0 test particles. Total Energy: -3.3112686290742688616e-08
Reached timestep 88200000 with 2144 bodies, 0 test particles. Total Energy: -3.3113042490903960106e-08
Reached timestep 88800000 with 2136 bodies, 0 test particles. Total Energy: -3.3113198711043260467e-08
Reached timestep 89400000 with 2132 bodies, 0 test particles. Total Energy: -3.3113453245686150376e-08
Reached timestep 90000000 with 2127 bodies, 0 test particles. Total Energy: -3.3113728467837142289e-08
Reached timestep 90600000 with 2123 bodies, 0 test particles. Total Energy: -3.311387279189415318e-08
Reached timestep 91200000 with 2116 bodies, 0 test particles. Total Energy: -3.3114217397818136838e-08
Reached timestep 91800000 with 2111 bodies, 0 test particles. Total Energy: -3.3114403644582749553e-08
Reached timestep 92400000 with 2105 bodies, 0 test particles. Total Energy: -3.3114530635555625737e-08
Reached timestep 93000000 with 2103 bodies, 0 test particles. Total Energy: -3.3114914416898646352e-08
Reached timestep 93600000 with 2100 bodies, 0 test particles. Total Energy: -3.3115055294231310395e-08
Reached timestep 94200000 with 2095 bodies, 0 test particles. Total Energy: -3.3115263231055477268e-08
Reached timestep 94800000 with 2090 bodies, 0 test particles. Total Energy: -3.3115553194180658714e-08
Reached timestep 95400000 with 2089 bodies, 0 test particles. Total Energy: -3.3115672452655265501e-08
Reached timestep 96000000 with 2086 bodies, 0 test particles. Total Energy: -3.3115941219593008278e-08
Reached timestep 96600000 with 2081 bodies, 0 test particles. Total Energy: -3.3116144981246995057e-08
Reached timestep 97200000 with 2076 bodies, 0 test particles. Total Energy: -3.311624971189925655e-08
Reached timestep 97800000 with 2073 bodies, 0 test particles. Total Energy: -3.3116575420829372311e-08
Reached timestep 98400000 with 2070 bodies, 0 test particles. Total Energy: -3.3116774455869114205e-08
Reached timestep 99000000 with 2064 bodies, 0 test particles. Total Energy: -3.3116888868112449442e-08
Reached timestep 99600000 with 2058 bodies, 0 test particles. Total Energy: -3.3117169381765434455e-08
Reached timestep 100200000 with 2055 bodies, 0 test particles. Total Energy: -3.311734799870092586e-08
Reached timestep 100800000 with 2049 bodies, 0 test particles. Total Energy: -3.3117508282552225991e-08
Reached timestep 101400000 with 2041 bodies, 0 test particles. Total Energy: -3.3117769311804317399e-08
Reached timestep 102000000 with 2038 bodies, 0 test particles. Total Energy: -3.3117933427912112372e-08
Reached timestep 102600000 with 2038 bodies, 0 test particles. Total Energy: -3.3118064450839367323e-08
Reached timestep 103200000 with 2037 bodies, 0 test particles. Total Energy: -3.3118348153979787743e-08
Reached timestep 103800000 with 2032 bodies, 0 test particles. Total Energy: -3.3118454506406421318e-08
Reached timestep 104400000 with 2026 bodies, 0 test particles. Total Energy: -3.3118632468271393796e-08
Reached timestep 105000000 with 2023 bodies, 0 test particles. Total Energy: -3.3118854764753748409e-08
Reached timestep 105600000 with 2016 bodies, 0 test particles. Total Energy: -3.3119004922979511067e-08
Reached timestep 106200000 with 2012 bodies, 0 test particles. Total Energy: -3.3119172983285233353e-08
Reached timestep 106800000 with 2010 bodies, 0 test particles. Total Energy: -3.3119436352660976767e-08
Reached timestep 107400000 with 2008 bodies, 0 test particles. Total Energy: -3.3119552221845655652e-08
Reached timestep 108000000 with 2008 bodies, 0 test particles. Total Energy: -3.3119671024262013823e-08
Reached timestep 108600000 with 2000 bodies, 0 test particles. Total Energy: -3.3119949906083559725e-08
Reached timestep 109200000 with 1998 bodies, 0 test particles. Total Energy: -3.3120061476346028762e-08
Reached timestep 109800000 with 1995 bodies, 0 test particles. Total Energy: -3.3120155785345107253e-08
Reached timestep 110400000 with 1991 bodies, 0 test particles. Total Energy: -3.3120450874302159819e-08
Reached timestep 111000000 with 1984 bodies, 0 test particles. Total Energy: -3.3120619425856564502e-08
Reached timestep 111600000 with 1981 bodies, 0 test particles. Total Energy: -3.3120637473420732628e-08
Reached timestep 112200000 with 1975 bodies, 0 test particles. Total Energy: -3.3120878953526498803e-08
Reached timestep 112800000 with 1973 bodies, 0 test particles. Total Energy: -3.3121088196055103772e-08
Reached timestep 113400000 with 1971 bodies, 0 test particles. Total Energy: -3.3121217107221641417e-08
Reached timestep 114000000 with 1967 bodies, 0 test particles. Total Energy: -3.3121379587481817029e-08
Reached timestep 114600000 with 1963 bodies, 0 test particles. Total Energy: -3.3121614738905009082e-08
Reached timestep 115200000 with 1960 bodies, 0 test particles. Total Energy: -3.3121415277960809159e-08
Reached timestep 115800000 with 1954 bodies, 0 test particles. Total Energy: -3.3121591892244537554e-08
Reached timestep 116400000 with 1951 bodies, 0 test particles. Total Energy: -3.3121856470921245741e-08
Reached timestep 117000000 with 1947 bodies, 0 test particles. Total Energy: -3.3121872006489366858e-08
Reached timestep 117600000 with 1944 bodies, 0 test particles. Total Energy: -3.3121981940454719973e-08
Reached timestep 118200000 with 1941 bodies, 0 test particles. Total Energy: -3.3122199099822810636e-08
Reached timestep 118800000 with 1936 bodies, 0 test particles. Total Energy: -3.3122309298112497647e-08
Reached timestep 119400000 with 1929 bodies, 0 test particles. Total Energy: -3.3122425772026833338e-08
Reached timestep 120000000 with 1923 bodies, 0 test particles. Total Energy: -3.312261354804176233e-08
Reached timestep 120600000 with 1921 bodies, 0 test particles. Total Energy: -3.3122763096333426438e-08
Reached timestep 121200000 with 1914 bodies, 0 test particles. Total Energy: -3.3122874635044149801e-08
Reached timestep 121800000 with 1909 bodies, 0 test particles. Total Energy: -3.3123019644197005749e-08
Reached timestep 122400000 with 1904 bodies, 0 test particles. Total Energy: -3.3123181377751415504e-08
Reached timestep 123000000 with 1902 bodies, 0 test particles. Total Energy: -3.3123294971476684582e-08
Reached timestep 123600000 with 1899 bodies, 0 test particles. Total Energy: -3.3123415144866299432e-08
Reached timestep 124200000 with 1894 bodies, 0 test particles. Total Energy: -3.3123586358188441878e-08
Reached timestep 124800000 with 1891 bodies, 0 test particles. Total Energy: -3.3123723769360337399e-08
Reached timestep 125400000 with 1890 bodies, 0 test particles. Total Energy: -3.3123796378523427308e-08
Reached timestep 126000000 with 1884 bodies, 0 test particles. Total Energy: -3.3123949392382685411e-08
Reached timestep 126600000 with 1879 bodies, 0 test particles. Total Energy: -3.3124099946403531801e-08
Reached timestep 127200000 with 1877 bodies, 0 test particles. Total Energy: -3.3124183933099370894e-08
Reached timestep 127800000 with 1876 bodies, 0 test particles. Total Energy: -3.3124310449543399491e-08
Reached timestep 128400000 with 1872 bodies, 0 test particles. Total Energy: -3.3124474070303362294e-08
Reached timestep 129000000 with 1870 bodies, 0 test particles. Total Energy: -3.3124588558820221104e-08
Reached timestep 129600000 with 1865 bodies, 0 test particles. Total Energy: -3.3124663399800870224e-08
Reached timestep 130200000 with 1863 bodies, 0 test particles. Total Energy: -3.3124792610143216782e-08
Reached timestep 130800000 with 1862 bodies, 0 test particles. Total Energy: -3.3124955514720384948e-08
Reached timestep 131400000 with 1860 bodies, 0 test particles. Total Energy: -3.3125020261490472919e-08
Reached timestep 132000000 with 1857 bodies, 0 test particles. Total Energy: -3.3125121743362158899e-08
Reached timestep 132600000 with 1852 bodies, 0 test particles. Total Energy: -3.3125281333224674617e-08
Reached timestep 133200000 with 1849 bodies, 0 test particles. Total Energy: -3.3125409291027836858e-08
Reached timestep 133800000 with 1848 bodies, 0 test particles. Total Energy: -3.3125475120474584359e-08
Reached timestep 134400000 with 1845 bodies, 0 test particles. Total Energy: -3.3125584623887068509e-08
Reached timestep 135000000 with 1840 bodies, 0 test particles. Total Energy: -3.3125723561359885115e-08
Reached timestep 135600000 with 1836 bodies, 0 test particles. Total Energy: -3.3125816757094203962e-08
Reached timestep 136200000 with 1834 bodies, 0 test particles. Total Energy: -3.3125890263100675333e-08
Reached timestep 136800000 with 1833 bodies, 0 test particles. Total Energy: -3.312603119958820797e-08
Reached timestep 137400000 with 1833 bodies, 0 test particles. Total Energy: -3.3126162032468434168e-08
Reached timestep 138000000 with 1829 bodies, 0 test particles. Total Energy: -3.3126230333419096568e-08
Reached timestep 138600000 with 1823 bodies, 0 test particles. Total Energy: -3.3126318386741383897e-08
Reached timestep 139200000 with 1820 bodies, 0 test particles. Total Energy: -3.312645838076434715e-08
Reached timestep 139800000 with 1818 bodies, 0 test particles. Total Energy: -3.3126540282656093959e-08
Reached timestep 140400000 with 1814 bodies, 0 test particles. Total Energy: -3.3126627039225698398e-08
Reached timestep 141000000 with 1810 bodies, 0 test particles. Total Energy: -3.3126720428378031988e-08
Reached timestep 141600000 with 1808 bodies, 0 test particles. Total Energy: -3.3126859927100980728e-08
Reached timestep 142200000 with 1803 bodies, 0 test particles. Total Energy: -3.312693780991422895e-08
Reached timestep 142800000 with 1800 bodies, 0 test particles. Total Energy: -3.3126996539196816886e-08
Reached timestep 143400000 with 1794 bodies, 0 test particles. Total Energy: -3.3127117820536158897e-08
Reached timestep 144000000 with 1792 bodies, 0 test particles. Total Energy: -3.31272334571056124e-08
Reached timestep 144600000 with 1792 bodies, 0 test particles. Total Energy: -3.3127295331894707271e-08
Reached timestep 145200000 with 1788 bodies, 0 test particles. Total Energy: -3.3127373831741414368e-08
Reached timestep 145800000 with 1785 bodies, 0 test particles. Total Energy: -3.3127498549521772524e-08
Reached timestep 146400000 with 1779 bodies, 0 test particles. Total Energy: -3.3127586797702679114e-08
Reached timestep 147000000 with 1778 bodies, 0 test particles. Total Energy: -3.3127640029121973735e-08
Reached timestep 147600000 with 1774 bodies, 0 test particles. Total Energy: -3.3127731454856633975e-08
Reached timestep 148200000 with 1772 bodies, 0 test particles. Total Energy: -3.3127855843924535541e-08
Reached timestep 148800000 with 1771 bodies, 0 test particles. Total Energy: -3.3127946150202095897e-08
Reached timestep 149400000 with 1769 bodies, 0 test particles. Total Energy: -3.3127996025277272321e-08
Reached timestep 150000000 with 1766 bodies, 0 test particles. Total Energy: -3.3128088084455569528e-08
Reached timestep 150600000 with 1762 bodies, 0 test particles. Total Energy: -3.3128203055734965568e-08
Reached timestep 151200000 with 1757 bodies, 0 test particles. Total Energy: -3.3128264891487276516e-08
Reached timestep 151800000 with 1755 bodies, 0 test particles. Total Energy: -3.3128329592214638708e-08
Reached timestep 152400000 with 1753 bodies, 0 test particles. Total Energy: -3.3128416221354965435e-08
Reached timestep 153000000 with 1749 bodies, 0 test particles. Total Energy: -3.3128529025111804272e-08
Reached timestep 153600000 with 1743 bodies, 0 test particles. Total Energy: -3.3128586893507698323e-08
Reached timestep 154200000 with 1739 bodies, 0 test particles. Total Energy: -3.3128644079635977094e-08
Reached timestep 154800000 with 1738 bodies, 0 test particles. Total Energy: -3.3128741404438358688e-08
Reached timestep 155400000 with 1736 bodies, 0 test particles. Total Energy: -3.3128828974693117368e-08
Reached timestep 156000000 with 1734 bodies, 0 test particles. Total Energy: -3.3128896504309942017e-08
Reached timestep 156600000 with 1732 bodies, 0 test particles. Total Energy: -3.312894873019276097e-08
Reached timestep 157200000 with 1732 bodies, 0 test particles. Total Energy: -3.3129037027010339096e-08
Reached timestep 157800000 with 1732 bodies, 0 test particles. Total Energy: -3.3129144484147195856e-08
Reached timestep 158400000 with 1730 bodies, 0 test particles. Total Energy: -3.3129173704236517185e-08
Reached timestep 159000000 with 1729 bodies, 0 test particles. Total Energy: -3.3129241407847355847e-08
Reached timestep 159600000 with 1728 bodies, 0 test particles. Total Energy: -3.312934869319806938e-08
Reached timestep 160200000 with 1727 bodies, 0 test particles. Total Energy: -3.3129422178045862869e-08
Reached timestep 160800000 with 1723 bodies, 0 test particles. Total Energy: -3.3129470030781352e-08
Reached timestep 161400000 with 1721 bodies, 0 test particles. Total Energy: -3.3129530148933407986e-08
Reached timestep 162000000 with 1719 bodies, 0 test particles. Total Energy: -3.3129640401567193646e-08
Reached timestep 162600000 with 1716 bodies, 0 test particles. Total Energy: -3.3129708439981085922e-08
Reached timestep 163200000 with 1714 bodies, 0 test particles. Total Energy: -3.3129747529390769524e-08
Reached timestep 163800000 with 1711 bodies, 0 test particles. Total Energy: -3.3129815264767362029e-08
Reached timestep 164400000 with 1706 bodies, 0 test particles. Total Energy: -3.3129903798048831787e-08
Reached timestep 165000000 with 1700 bodies, 0 test particles. Total Energy: -3.3129969515458471798e-08
Reached timestep 165600000 with 1695 bodies, 0 test particles. Total Energy: -3.3130011872176438433e-08
Reached timestep 166200000 with 1690 bodies, 0 test particles. Total Energy: -3.3130075729000554083e-08
Reached timestep 166800000 with 1688 bodies, 0 test particles. Total Energy: -3.3130170179313236129e-08
Reached timestep 167400000 with 1685 bodies, 0 test particles. Total Energy: -3.3130225279149053379e-08
Reached timestep 168000000 with 1684 bodies, 0 test particles. Total Energy: -3.3130255615855048864e-08
Reached timestep 168600000 with 1683 bodies, 0 test particles. Total Energy: -3.3130327679528914123e-08
Reached timestep 169200000 with 1682 bodies, 0 test particles. Total Energy: -3.3130416485915438504e-08
Reached timestep 169800000 with 1680 bodies, 0 test particles. Total Energy: -3.3130467302932154702e-08
Reached timestep 170400000 with 1676 bodies, 0 test particles. Total Energy: -3.3130501957181399998e-08
Reached timestep 171000000 with 1675 bodies, 0 test particles. Total Energy: -3.3130567542307290745e-08
Reached timestep 171600000 with 1674 bodies, 0 test particles. Total Energy: -3.3130653761571325677e-08
Reached timestep 172200000 with 1673 bodies, 0 test particles. Total Energy: -3.3130696838905530187e-08
Reached timestep 172800000 with 1671 bodies, 0 test particles. Total Energy: -3.3130730969929699356e-08
Reached timestep 173400000 with 1668 bodies, 0 test particles. Total Energy: -3.3130793497413921751e-08
Reached timestep 174000000 with 1668 bodies, 0 test particles. Total Energy: -3.3130869987228932466e-08
Reached timestep 174600000 with 1665 bodies, 0 test particles. Total Energy: -3.3130913455272456222e-08
Reached timestep 175200000 with 1663 bodies, 0 test particles. Total Energy: -3.3130951658964608915e-08
Reached timestep 175800000 with 1662 bodies, 0 test particles. Total Energy: -3.3131014158936327681e-08
Reached timestep 176400000 with 1661 bodies, 0 test particles. Total Energy: -3.3131089138886456379e-08
Reached timestep 177000000 with 1658 bodies, 0 test particles. Total Energy: -3.313112028708252684e-08
Reached timestep 177600000 with 1656 bodies, 0 test particles. Total Energy: -3.3131159592953207266e-08
Reached timestep 178200000 with 1654 bodies, 0 test particles. Total Energy: -3.3131231731268231259e-08
Reached timestep 178800000 with 1653 bodies, 0 test particles. Total Energy: -3.3131288451249020369e-08
Reached timestep 179400000 with 1651 bodies, 0 test particles. Total Energy: -3.3131330109916586964e-08
Reached timestep 180000000 with 1649 bodies, 0 test particles. Total Energy: -3.3131366458490462248e-08
Reached timestep 180600000 with 1648 bodies, 0 test particles. Total Energy: -3.3131426557609496003e-08
Reached timestep 181200000 with 1647 bodies, 0 test particles. Total Energy: -3.3131486509354147386e-08
Reached timestep 181800000 with 1645 bodies, 0 test particles. Total Energy: -3.3131519161153223514e-08
Reached timestep 182400000 with 1643 bodies, 0 test particles. Total Energy: -3.3131555137007693943e-08
Reached timestep 183000000 with 1640 bodies, 0 test particles. Total Energy: -3.3131618617995965385e-08
Reached timestep 183600000 with 1639 bodies, 0 test particles. Total Energy: -3.3131664750521947648e-08
Reached timestep 184200000 with 1639 bodies, 0 test particles. Total Energy: -3.3131694573478346654e-08
Reached timestep 184800000 with 1638 bodies, 0 test particles. Total Energy: -3.3131739758483720609e-08
Reached timestep 185400000 with 1636 bodies, 0 test particles. Total Energy: -3.3131803127845913916e-08
Reached timestep 186000000 with 1633 bodies, 0 test particles. Total Energy: -3.3131853549581682146e-08
Reached timestep 186600000 with 1630 bodies, 0 test particles. Total Energy: -3.3131879786198153876e-08
Reached timestep 187200000 with 1626 bodies, 0 test particles. Total Energy: -3.3131916090173971011e-08
Reached timestep 187800000 with 1624 bodies, 0 test particles. Total Energy: -3.3131982563759635363e-08
Reached timestep 188400000 with 1622 bodies, 0 test particles. Total Energy: -3.3132027294214929335e-08
Reached timestep 189000000 with 1613 bodies, 0 test particles. Total Energy: -3.313204914236618184e-08
Reached timestep 189600000 with 1610 bodies, 0 test particles. Total Energy: -3.3132083051368973317e-08
Reached timestep 190200000 with 1609 bodies, 0 test particles. Total Energy: -3.3132144056529815617e-08
Reached timestep 190800000 with 1609 bodies, 0 test particles. Total Energy: -3.3132187178747091626e-08
Reached timestep 191400000 with 1606 bodies, 0 test particles. Total Energy: -3.3132211789862127191e-08
Reached timestep 192000000 with 1605 bodies, 0 test particles. Total Energy: -3.3132249836113519739e-08
Reached timestep 192600000 with 1603 bodies, 0 test particles. Total Energy: -3.3132306128348526923e-08
Reached timestep 193200000 with 1602 bodies, 0 test particles. Total Energy: -3.3132344246378834763e-08
Reached timestep 193800000 with 1602 bodies, 0 test particles. Total Energy: -3.3132365275919945982e-08
Reached timestep 194400000 with 1600 bodies, 0 test particles. Total Energy: -3.313241310528918423e-08
Reached timestep 195000000 with 1599 bodies, 0 test particles. Total Energy: -3.3132469810671691366e-08
Reached timestep 195600000 with 1598 bodies, 0 test particles. Total Energy: -3.3132494059053417007e-08
Reached timestep 196200000 with 1593 bodies, 0 test particles. Total Energy: -3.3132523140606436702e-08
Reached timestep 196800000 with 1592 bodies, 0 test particles. Total Energy: -3.313256344054955772e-08
Reached timestep 197400000 with 1591 bodies, 0 test particles. Total Energy: -3.3132617530236076984e-08
Reached timestep 198000000 with 1588 bodies, 0 test particles. Total Energy: -3.3132641823673079895e-08
Reached timestep 198600000 with 1585 bodies, 0 test particles. Total Energy: -3.3132668799344452681e-08
Reached timestep 199200000 with 1583 bodies, 0 test particles. Total Energy: -3.3132708800455865303e-08
Reached timestep 199800000 with 1583 bodies, 0 test particles. Total Energy: -3.3132759749348815272e-08
Reached timestep 200400000 with 1579 bodies, 0 test particles. Total Energy: -3.3132787936429728857e-08
Reached timestep 201000000 with 1576 bodies, 0 test particles. Total Energy: -3.3132813201284634294e-08
Reached timestep 201600000 with 1575 bodies, 0 test particles. Total Energy: -3.3132853932099704235e-08
Reached timestep 202200000 with 1572 bodies, 0 test particles. Total Energy: -3.3132896674779125601e-08
Reached timestep 202800000 with 1571 bodies, 0 test particles. Total Energy: -3.3132920787726298234e-08
Reached timestep 203400000 with 1569 bodies, 0 test particles. Total Energy: -3.313294626356292303e-08
Reached timestep 204000000 with 1567 bodies, 0 test particles. Total Energy: -3.31329915734105177e-08
Reached timestep 204600000 with 1565 bodies, 0 test particles. Total Energy: -3.3133030587465179081e-08
Reached timestep 205200000 with 1563 bodies, 0 test particles. Total Energy: -3.3133051943648962326e-08
Reached timestep 205800000 with 1562 bodies, 0 test particles. Total Energy: -3.31330745123082641e-08
Reached timestep 206400000 with 1555 bodies, 0 test particles. Total Energy: -3.3133119381021503503e-08
Reached timestep 207000000 with 1555 bodies, 0 test particles. Total Energy: -3.3133157874475878425e-08
Reached timestep 207600000 with 1553 bodies, 0 test particles. Total Energy: -3.3133178996643040128e-08
Reached timestep 208200000 with 1551 bodies, 0 test particles. Total Energy: -3.313320694133855401e-08
Reached timestep 208800000 with 1548 bodies, 0 test particles. Total Energy: -3.313324606485073698e-08
Reached timestep 209400000 with 1544 bodies, 0 test particles. Total Energy: -3.3133276448560648733e-08
Reached timestep 210000000 with 1542 bodies, 0 test particles. Total Energy: -3.313330053671555743e-08
Reached timestep 210600000 with 1538 bodies, 0 test particles. Total Energy: -3.3133324710581405804e-08
Reached timestep 211200000 with 1535 bodies, 0 test particles. Total Energy: -3.313336264415309064e-08
Reached timestep 211800000 with 1532 bodies, 0 test particles. Total Energy: -3.3133396508437604846e-08
Reached timestep 212400000 with 1529 bodies, 0 test particles. Total Energy: -3.3133419643936059925e-08
Reached timestep 213000000 with 1528 bodies, 0 test particles. Total Energy: -3.3133444584145749227e-08
Reached timestep 213600000 with 1524 bodies, 0 test particles. Total Energy: -3.3133483035566484718e-08
Reached timestep 214200000 with 1523 bodies, 0 test particles. Total Energy: -3.313350923143912982e-08
Reached timestep 214800000 with 1522 bodies, 0 test particles. Total Energy: -3.3133531196587463292e-08
Reached timestep 215400000 with 1520 bodies, 0 test particles. Total Energy: -3.3133557131102269167e-08
Reached timestep 216000000 with 1519 bodies, 0 test particles. Total Energy: -3.3133595558853244664e-08
Reached timestep 216600000 with 1517 bodies, 0 test particles. Total Energy: -3.3133618603846368296e-08
Reached timestep 217200000 with 1515 bodies, 0 test particles. Total Energy: -3.3133636293949662489e-08
Reached timestep 217800000 with 1511 bodies, 0 test particles. Total Energy: -3.3133666920976180794e-08
Reached timestep 218400000 with 1509 bodies, 0 test particles. Total Energy: -3.3133700690115489121e-08
Reached timestep 219000000 with 1506 bodies, 0 test particles. Total Energy: -3.3133721831925808093e-08
Reached timestep 219600000 with 1502 bodies, 0 test particles. Total Energy: -3.3133738126502709659e-08
Reached timestep 220200000 with 1502 bodies, 0 test particles. Total Energy: -3.3133770031727746788e-08
Reached timestep 220800000 with 1498 bodies, 0 test particles. Total Energy: -3.3133806337701410243e-08
Reached timestep 221400000 with 1494 bodies, 0 test particles. Total Energy: -3.3133828297974791172e-08
Reached timestep 222000000 with 1492 bodies, 0 test particles. Total Energy: -3.3133844245954195024e-08
Reached timestep 222600000 with 1490 bodies, 0 test particles. Total Energy: -3.3133870144418841913e-08
Reached timestep 223200000 with 1487 bodies, 0 test particles. Total Energy: -3.3133899909934952298e-08
Reached timestep 223800000 with 1485 bodies, 0 test particles. Total Energy: -3.3133916737216803623e-08
Reached timestep 224400000 with 1478 bodies, 0 test particles. Total Energy: -3.3133934737942789389e-08
Reached timestep 225000000 with 1473 bodies, 0 test particles. Total Energy: -3.3133968184071641934e-08
Reached timestep 225600000 with 1470 bodies, 0 test particles. Total Energy: -3.3133999411152492961e-08
Reached timestep 226200000 with 1467 bodies, 0 test particles. Total Energy: -3.3134016654976712586e-08
Reached timestep 226800000 with 1464 bodies, 0 test particles. Total Energy: -3.3134031421611705699e-08
Reached timestep 227400000 with 1461 bodies, 0 test particles. Total Energy: -3.3134059772338008266e-08
Reached timestep 228000000 with 1460 bodies, 0 test particles. Total Energy: -3.3134088260530942203e-08
Reached timestep 228600000 with 1456 bodies, 0 test particles. Total Energy: -3.3134103539360187399e-08
Reached timestep 229200000 with 1452 bodies, 0 test particles. Total Energy: -3.313412188033012968e-08
Reached timestep 229800000 with 1449 bodies, 0 test particles. Total Energy: -3.3134148162947048333e-08
Reached timestep 230400000 with 1447 bodies, 0 test particles. Total Energy: -3.3134170578174663075e-08
Reached timestep 231000000 with 1444 bodies, 0 test particles. Total Energy: -3.3134183280546622419e-08
Reached timestep 231600000 with 1442 bodies, 0 test particles. Total Energy: -3.3134204649036927502e-08
Reached timestep 232200000 with 1436 bodies, 0 test particles. Total Energy: -3.3134234978428727314e-08
Reached timestep 232800000 with 1433 bodies, 0 test particles. Total Energy: -3.3134256604863315611e-08
Reached timestep 233400000 with 1433 bodies, 0 test particles. Total Energy: -3.3134269848535081265e-08
Reached timestep 234000000 with 1430 bodies, 0 test particles. Total Energy: -3.3134289684355703943e-08
Reached timestep 234600000 with 1426 bodies, 0 test particles. Total Energy: -3.3134316128819423141e-08
Reached timestep 235200000 with 1424 bodies, 0 test particles. Total Energy: -3.3134340170697553649e-08
Reached timestep 235800000 with 1424 bodies, 0 test particles. Total Energy: -3.3134351854812971502e-08
Reached timestep 236400000 with 1420 bodies, 0 test particles. Total Energy: -3.3134368733552901554e-08
Reached timestep 237000000 with 1416 bodies, 0 test particles. Total Energy: -3.313439375235411935e-08
Reached timestep 237600000 with 1416 bodies, 0 test particles. Total Energy: -3.3134413821214410327e-08
Reached timestep 238200000 with 1415 bodies, 0 test particles. Total Energy: -3.313442936908115867e-08
Reached timestep 238800000 with 1410 bodies, 0 test particles. Total Energy: -3.3134442745181701509e-08
Reached timestep 239400000 with 1407 bodies, 0 test particles. Total Energy: -3.3134475009362069858e-08
Reached timestep 240000000 with 1404 bodies, 0 test particles. Total Energy: -3.3134492159527222761e-08
Reached timestep 240600000 with 1404 bodies, 0 test particles. Total Energy: -3.3134501628656823823e-08
Reached timestep 241200000 with 1402 bodies, 0 test particles. Total Energy: -3.3134520809710496241e-08
Reached timestep 241800000 with 1402 bodies, 0 test particles. Total Energy: -3.3134545223665993864e-08
Reached timestep 242400000 with 1400 bodies, 0 test particles. Total Energy: -3.313456149919915294e-08
Reached timestep 243000000 with 1398 bodies, 0 test particles. Total Energy: -3.3134570999343374908e-08
Reached timestep 243600000 with 1396 bodies, 0 test particles. Total Energy: -3.3134593402184912888e-08
Reached timestep 244200000 with 1394 bodies, 0 test particles. Total Energy: -3.3134611366074150462e-08
Reached timestep 244800000 with 1392 bodies, 0 test particles. Total Energy: -3.31346293753418944e-08
Reached timestep 245400000 with 1391 bodies, 0 test particles. Total Energy: -3.313464001786624391e-08
Reached timestep 246000000 with 1388 bodies, 0 test particles. Total Energy: -3.3134660820917441888e-08
Reached timestep 246600000 with 1388 bodies, 0 test particles. Total Energy: -3.3134679925572097508e-08
Reached timestep 247200000 with 1386 bodies, 0 test particles. Total Energy: -3.3134696963582458281e-08
Reached timestep 247800000 with 1384 bodies, 0 test particles. Total Energy: -3.3134703064628580657e-08
Reached timestep 248400000 with 1383 bodies, 0 test particles. Total Energy: -3.3134726530236362152e-08
Reached timestep 249000000 with 1383 bodies, 0 test particles. Total Energy: -3.3134744943287120797e-08
Reached timestep 249600000 with 1382 bodies, 0 test particles. Total Energy: -3.3134758429128564068e-08
Reached timestep 250200000 with 1379 bodies, 0 test particles. Total Energy: -3.3134769249905478379e-08
Reached timestep 250800000 with 1376 bodies, 0 test particles. Total Energy: -3.3134787721654885732e-08
Reached timestep 251400000 with 1376 bodies, 0 test particles. Total Energy: -3.3134807410219505509e-08
Reached timestep 252000000 with 1374 bodies, 0 test particles. Total Energy: -3.3134817732879180342e-08
Reached timestep 252600000 with 1369 bodies, 0 test particles. Total Energy: -3.3134830138274420209e-08
Reached timestep 253200000 with 1367 bodies, 0 test particles. Total Energy: -3.313484672591282336e-08
Reached timestep 253800000 with 1366 bodies, 0 test particles. Total Energy: -3.3134867743342905298e-08
Reached timestep 254400000 with 1364 bodies, 0 test particles. Total Energy: -3.313487500212181929e-08
Reached timestep 255000000 with 1364 bodies, 0 test particles. Total Energy: -3.3134888145563163826e-08
Reached timestep 255600000 with 1362 bodies, 0 test particles. Total Energy: -3.3134907385769282854e-08
Reached timestep 256200000 with 1357 bodies, 0 test particles. Total Energy: -3.313492045110769794e-08
Reached timestep 256800000 with 1353 bodies, 0 test particles. Total Energy: -3.3134932230183271443e-08
Reached timestep 257400000 with 1350 bodies, 0 test particles. Total Energy: -3.3134945858341529534e-08
Reached timestep 258000000 with 1349 bodies, 0 test particles. Total Energy: -3.3134960489095014175e-08
Reached timestep 258600000 with 1348 bodies, 0 test particles. Total Energy: -3.3134980335516776967e-08
Reached timestep 259200000 with 1347 bodies, 0 test particles. Total Energy: -3.3134985061885905075e-08
Reached timestep 259800000 with 1346 bodies, 0 test particles. Total Energy: -3.3134997388892255846e-08
Reached timestep 260400000 with 1346 bodies, 0 test particles. Total Energy: -3.3135015904263357056e-08
Reached timestep 261000000 with 1346 bodies, 0 test particles. Total Energy: -3.313502973310493588e-08
Reached timestep 261600000 with 1345 bodies, 0 test particles. Total Energy: -3.313503653002494758e-08
Reached timestep 262200000 with 1343 bodies, 0 test particles. Total Energy: -3.3135049365027833817e-08
Reached timestep 262800000 with 1339 bodies, 0 test particles. Total Energy: -3.313506490398225369e-08
Reached timestep 263400000 with 1339 bodies, 0 test particles. Total Energy: -3.3135078871004453103e-08
Reached timestep 264000000 with 1335 bodies, 0 test particles. Total Energy: -3.3135087123784418693e-08
Reached timestep 264600000 with 1334 bodies, 0 test particles. Total Energy: -3.313509842108833793e-08
Reached timestep 265200000 with 1332 bodies, 0 test particles. Total Energy: -3.3135116333913314158e-08
Reached timestep 265800000 with 1332 bodies, 0 test particles. Total Energy: -3.3135127776727878587e-08
Reached timestep 266400000 with 1330 bodies, 0 test particles. Total Energy: -3.3135135811747220879e-08
Reached timestep 267000000 with 1328 bodies, 0 test particles. Total Energy: -3.3135151016354449683e-08
Reached timestep 267600000 with 1324 bodies, 0 test particles. Total Energy: -3.3135165914941552191e-08
Reached timestep 268200000 with 1323 bodies, 0 test particles. Total Energy: -3.3135174479371395621e-08
Reached timestep 268800000 with 1322 bodies, 0 test particles. Total Energy: -3.3135182909407676299e-08
Reached timestep 269400000 with 1322 bodies, 0 test particles. Total Energy: -3.3135197260510176145e-08
Reached timestep 270000000 with 1320 bodies, 0 test particles. Total Energy: -3.3135208159762707785e-08
Reached timestep 270600000 with 1317 bodies, 0 test particles. Total Energy: -3.3135220412618682622e-08
Reached timestep 271200000 with 1316 bodies, 0 test particles. Total Energy: -3.3135227116400526395e-08
Reached timestep 271800000 with 1312 bodies, 0 test particles. Total Energy: -3.3135239218161764866e-08
Reached timestep 272400000 with 1309 bodies, 0 test particles. Total Energy: -3.313525430628578377e-08
Reached timestep 273000000 with 1308 bodies, 0 test particles. Total Energy: -3.3135262810125626712e-08
Reached timestep 273600000 with 1307 bodies, 0 test particles. Total Energy: -3.3135271660748963891e-08
Reached timestep 274200000 with 1306 bodies, 0 test particles. Total Energy: -3.3135282807993035737e-08
Reached timestep 274800000 with 1305 bodies, 0 test particles. Total Energy: -3.3135297711149761881e-08
Reached timestep 275400000 with 1305 bodies, 0 test particles. Total Energy: -3.3135306212488012128e-08
Reached timestep 276000000 with 1302 bodies, 0 test particles. Total Energy: -3.3135315012388812816e-08
Reached timestep 276600000 with 1300 bodies, 0 test particles. Total Energy: -3.3135329226592861728e-08
Reached timestep 277200000 with 1299 bodies, 0 test particles. Total Energy: -3.3135342095674001015e-08
Reached timestep 277800000 with 1298 bodies, 0 test particles. Total Energy: -3.3135351437352950018e-08
Reached timestep 278400000 with 1297 bodies, 0 test particles. Total Energy: -3.3135357150706235997e-08
Reached timestep 279000000 with 1296 bodies, 0 test particles. Total Energy: -3.3135370329347285353e-08
Reached timestep 279600000 with 1294 bodies, 0 test particles. Total Energy: -3.3135381681615801195e-08
Reached timestep 280200000 with 1293 bodies, 0 test particles. Total Energy: -3.3135389335237760357e-08
Reached timestep 280800000 with 1292 bodies, 0 test particles. Total Energy: -3.3135397242486166258e-08
Reached timestep 281400000 with 1289 bodies, 0 test particles. Total Energy: -3.3135410036607649187e-08
Reached timestep 282000000 with 1288 bodies, 0 test particles. Total Energy: -3.3135421184289200315e-08
Reached timestep 282600000 with 1287 bodies, 0 test particles. Total Energy: -3.3135426119486201817e-08
Reached timestep 283200000 with 1284 bodies, 0 test particles. Total Energy: -3.3135434196041095079e-08
Reached timestep 283800000 with 1283 bodies, 0 test particles. Total Energy: -3.3135447229529066263e-08
Reached timestep 284400000 with 1280 bodies, 0 test particles. Total Energy: -3.3135456750853466191e-08
Reached timestep 285000000 with 1280 bodies, 0 test particles. Total Energy: -3.3135464709495946891e-08
Reached timestep 285600000 with 1279 bodies, 0 test particles. Total Energy: -3.3135471083802984569e-08
Reached timestep 286200000 with 1277 bodies, 0 test particles. Total Energy: -3.313548096890998957e-08
Reached timestep 286800000 with 1276 bodies, 0 test particles. Total Energy: -3.3135491701667806039e-08
Reached timestep 287400000 with 1276 bodies, 0 test particles. Total Energy: -3.3135499057522777219e-08
Reached timestep 288000000 with 1276 bodies, 0 test particles. Total Energy: -3.3135504466148370214e-08
Reached timestep 288600000 with 1271 bodies, 0 test particles. Total Energy: -3.313551407570134982e-08
Reached timestep 289200000 with 1271 bodies, 0 test particles. Total Energy: -3.3135526090935664718e-08
Reached timestep 289800000 with 1269 bodies, 0 test particles. Total Energy: -3.3135532571151136083e-08
Reached timestep 290400000 with 1267 bodies, 0 test particles. Total Energy: -3.3135539674654670103e-08
Reached timestep 291000000 with 1266 bodies, 0 test particles. Total Energy: -3.3135549077592550629e-08
Reached timestep 291600000 with 1265 bodies, 0 test particles. Total Energy: -3.3135558952306348871e-08
Reached timestep 292200000 with 1264 bodies, 0 test particles. Total Energy: -3.3135564498343906525e-08
Reached timestep 292800000 with 1263 bodies, 0 test particles. Total Energy: -3.3135571741378251503e-08
Reached timestep 293400000 with 1261 bodies, 0 test particles. Total Energy: -3.3135581498151625539e-08
Reached timestep 294000000 with 1259 bodies, 0 test particles. Total Energy: -3.3135591958398475119e-08
Reached timestep 294600000 with 1259 bodies, 0 test particles. Total Energy: -3.3135597389571026378e-08
Reached timestep 295200000 with 1258 bodies, 0 test particles. Total Energy: -3.3135603954293922718e-08
Reached timestep 295800000 with 1258 bodies, 0 test particles. Total Energy: -3.3135612589770117053e-08
Reached timestep 296400000 with 1257 bodies, 0 test particles. Total Energy: -3.313562218862148388e-08
Reached timestep 297000000 with 1255 bodies, 0 test particles. Total Energy: -3.3135628213622225714e-08
Reached timestep 297600000 with 1253 bodies, 0 test particles. Total Energy: -3.3135636353447700809e-08
Reached timestep 298200000 with 1252 bodies, 0 test particles. Total Energy: -3.3135645711067234162e-08
Reached timestep 298800000 with 1251 bodies, 0 test particles. Total Energy: -3.3135653962573917326e-08
Reached timestep 299400000 with 1251 bodies, 0 test particles. Total Energy: -3.3135658231484009465e-08
Reached timestep 300000000 with 1246 bodies, 0 test particles. Total Energy: -3.3135664483065727199e-08
GENGA terminated successfully

 
 **************************************** 
 
Restart GENGA
initial error = 0 = no error
set Flags error = 0 = no error
There are 1 CUDA devices.
Runtime Version: 12050
Driver Version: 12050
Name: NVIDIA A800-SXM4-80GB, Major:8, Minor:0, Max threads per Block:1024, Max x dim:1024, #Multiprocessors:108, Can Map Memory:1, Clock Rate:1410000, Memory Clock Rate:1593000, Can Overlap:1, Concurrent Kernels:1, regsPerBlock:65536, sharedMemPerBlock:49152, warp size:32
CPU malloc error = 0 = no error
CPU HostAlloc error = 0 = no error
cudaMalloc error = 0 = no error
mapping error = 0 = no error
FGAlloc error = 0 = no error
cudaMemcopy error = 0 = no error
Energy error = 0 = no error
Reached timestep 306000000 with 1234 bodies, 0 test particles. Total Energy: -3.3135665651950766358e-08
Reached timestep 312000000 with 1222 bodies, 0 test particles. Total Energy: -3.3135666788668564674e-08
Reached timestep 318000000 with 1206 bodies, 0 test particles. Total Energy: -3.3135667036512310865e-08
Reached timestep 324000000 with 1191 bodies, 0 test particles. Total Energy: -3.3135667816404503341e-08
Reached timestep 330000000 with 1180 bodies, 0 test particles. Total Energy: -3.3135668123328711576e-08
Reached timestep 336000000 with 1170 bodies, 0 test particles. Total Energy: -3.3135669325815858772e-08
Reached timestep 342000000 with 1161 bodies, 0 test particles. Total Energy: -3.3135671956552405547e-08
Reached timestep 348000000 with 1154 bodies, 0 test particles. Total Energy: -3.3135671460477726464e-08
Reached timestep 354000000 with 1145 bodies, 0 test particles. Total Energy: -3.3135672809584695261e-08
Reached timestep 360000000 with 1137 bodies, 0 test particles. Total Energy: -3.3135674469496097136e-08
Reached timestep 366000000 with 1126 bodies, 0 test particles. Total Energy: -3.3135674198169811703e-08
Reached timestep 372000000 with 1116 bodies, 0 test particles. Total Energy: -3.3135674236091906886e-08
Reached timestep 378000000 with 1103 bodies, 0 test particles. Total Energy: -3.3135675746112503999e-08
Reached timestep 384000000 with 1099 bodies, 0 test particles. Total Energy: -3.3135676093417366868e-08
Reached timestep 390000000 with 1090 bodies, 0 test particles. Total Energy: -3.3135675310151753183e-08
Reached timestep 396000000 with 1083 bodies, 0 test particles. Total Energy: -3.3135675199833771851e-08
Reached timestep 402000000 with 1074 bodies, 0 test particles. Total Energy: -3.3135675862066324924e-08
Reached timestep 408000000 with 1064 bodies, 0 test particles. Total Energy: -3.313567600255737346e-08
Reached timestep 414000000 with 1056 bodies, 0 test particles. Total Energy: -3.3135678428712593584e-08
Reached timestep 420000000 with 1051 bodies, 0 test particles. Total Energy: -3.313567866876182348e-08
Reached timestep 426000000 with 1044 bodies, 0 test particles. Total Energy: -3.3135679926385131157e-08
Reached timestep 432000000 with 1040 bodies, 0 test particles. Total Energy: -3.3135680454890623912e-08
Reached timestep 438000000 with 1037 bodies, 0 test particles. Total Energy: -3.3135679273375688236e-08
Reached timestep 444000000 with 1033 bodies, 0 test particles. Total Energy: -3.3135679971003835733e-08
Reached timestep 450000000 with 1027 bodies, 0 test particles. Total Energy: -3.313568046082980718e-08
Reached timestep 456000000 with 1023 bodies, 0 test particles. Total Energy: -3.3135683116185366567e-08
Reached timestep 462000000 with 1019 bodies, 0 test particles. Total Energy: -3.3135683542036673278e-08
Reached timestep 468000000 with 1013 bodies, 0 test particles. Total Energy: -3.3135683618735559592e-08
Reached timestep 474000000 with 1008 bodies, 0 test particles. Total Energy: -3.3135683722617658859e-08
Reached timestep 480000000 with 1001 bodies, 0 test particles. Total Energy: -3.3135682999617565869e-08
Reached timestep 486000000 with 992 bodies, 0 test particles. Total Energy: -3.3135684303544121513e-08
Reached timestep 492000000 with 983 bodies, 0 test particles. Total Energy: -3.3135683993091035054e-08
Reached timestep 498000000 with 976 bodies, 0 test particles. Total Energy: -3.3135685751855959669e-08
Reached timestep 504000000 with 971 bodies, 0 test particles. Total Energy: -3.313568598474004522e-08
Reached timestep 510000000 with 969 bodies, 0 test particles. Total Energy: -3.3135685334495847234e-08
Reached timestep 516000000 with 966 bodies, 0 test particles. Total Energy: -3.3135687243049522376e-08
Reached timestep 522000000 with 961 bodies, 0 test particles. Total Energy: -3.313568613704549607e-08
Reached timestep 528000000 with 953 bodies, 0 test particles. Total Energy: -3.3135686338800114957e-08
Reached timestep 534000000 with 947 bodies, 0 test particles. Total Energy: -3.3135687551572002374e-08
Reached timestep 540000000 with 942 bodies, 0 test particles. Total Energy: -3.3135687659458297698e-08
Reached timestep 546000000 with 938 bodies, 0 test particles. Total Energy: -3.3135687822613353864e-08
Reached timestep 552000000 with 936 bodies, 0 test particles. Total Energy: -3.3135687092442485083e-08
Reached timestep 558000000 with 933 bodies, 0 test particles. Total Energy: -3.3135688379847749118e-08
Reached timestep 564000000 with 929 bodies, 0 test particles. Total Energy: -3.3135688415256293882e-08
Reached timestep 570000000 with 923 bodies, 0 test particles. Total Energy: -3.3135688103375096638e-08
Reached timestep 576000000 with 916 bodies, 0 test particles. Total Energy: -3.3135689447008902489e-08
Reached timestep 582000000 with 912 bodies, 0 test particles. Total Energy: -3.3135690078312173225e-08
Reached timestep 588000000 with 908 bodies, 0 test particles. Total Energy: -3.3135688389653161334e-08
Reached timestep 594000000 with 901 bodies, 0 test particles. Total Energy: -3.3135690385991690004e-08
Reached timestep 600000000 with 896 bodies, 0 test particles. Total Energy: -3.3135688395354579807e-08
Reached timestep 606000000 with 892 bodies, 0 test particles. Total Energy: -3.3135689607047559006e-08
Reached timestep 612000000 with 889 bodies, 0 test particles. Total Energy: -3.3135690432887106645e-08
Reached timestep 618000000 with 889 bodies, 0 test particles. Total Energy: -3.3135690576917376473e-08
Reached timestep 624000000 with 888 bodies, 0 test particles. Total Energy: -3.313569145114288713e-08
Reached timestep 630000000 with 885 bodies, 0 test particles. Total Energy: -3.3135691327080181573e-08
Reached timestep 636000000 with 882 bodies, 0 test particles. Total Energy: -3.313569036895028046e-08
Reached timestep 642000000 with 878 bodies, 0 test particles. Total Energy: -3.3135691920320564368e-08
Reached timestep 648000000 with 875 bodies, 0 test particles. Total Energy: -3.3135692415773832288e-08
Reached timestep 654000000 with 870 bodies, 0 test particles. Total Energy: -3.3135693506277453445e-08
Reached timestep 660000000 with 865 bodies, 0 test particles. Total Energy: -3.3135692601753733082e-08
Reached timestep 666000000 with 861 bodies, 0 test particles. Total Energy: -3.3135692436536925931e-08
Reached timestep 672000000 with 860 bodies, 0 test particles. Total Energy: -3.3135694548608438155e-08
Reached timestep 678000000 with 856 bodies, 0 test particles. Total Energy: -3.3135693446899696071e-08
Reached timestep 684000000 with 851 bodies, 0 test particles. Total Energy: -3.3135693960612532643e-08
Reached timestep 690000000 with 847 bodies, 0 test particles. Total Energy: -3.313569591221487062e-08
Reached timestep 696000000 with 840 bodies, 0 test particles. Total Energy: -3.3135694444328484865e-08
Reached timestep 702000000 with 833 bodies, 0 test particles. Total Energy: -3.3135695883642014089e-08
Reached timestep 708000000 with 828 bodies, 0 test particles. Total Energy: -3.313569423321772533e-08
Reached timestep 714000000 with 825 bodies, 0 test particles. Total Energy: -3.3135694539728667514e-08
Reached timestep 720000000 with 823 bodies, 0 test particles. Total Energy: -3.3135696197181324649e-08
Reached timestep 726000000 with 821 bodies, 0 test particles. Total Energy: -3.313569711161801056e-08
Reached timestep 732000000 with 818 bodies, 0 test particles. Total Energy: -3.3135695985570703179e-08
Reached timestep 738000000 with 813 bodies, 0 test particles. Total Energy: -3.3135697412856443962e-08
Reached timestep 744000000 with 813 bodies, 0 test particles. Total Energy: -3.3135697504932928882e-08
Reached timestep 750000000 with 812 bodies, 0 test particles. Total Energy: -3.313569810754751795e-08
Reached timestep 756000000 with 806 bodies, 0 test particles. Total Energy: -3.3135699657882012913e-08
Reached timestep 762000000 with 803 bodies, 0 test particles. Total Energy: -3.313570078890278674e-08
Reached timestep 768000000 with 799 bodies, 0 test particles. Total Energy: -3.313569963424972751e-08
Reached timestep 774000000 with 796 bodies, 0 test particles. Total Energy: -3.3135699578530477489e-08
Reached timestep 780000000 with 790 bodies, 0 test particles. Total Energy: -3.3135699485450192351e-08
Reached timestep 786000000 with 783 bodies, 0 test particles. Total Energy: -3.3135699584546615024e-08
Reached timestep 792000000 with 780 bodies, 0 test particles. Total Energy: -3.313570087720307305e-08
Reached timestep 798000000 with 777 bodies, 0 test particles. Total Energy: -3.3135699650657960073e-08
Reached timestep 804000000 with 773 bodies, 0 test particles. Total Energy: -3.3135700875432979331e-08
Reached timestep 810000000 with 770 bodies, 0 test particles. Total Energy: -3.3135699276533539317e-08
Reached timestep 816000000 with 767 bodies, 0 test particles. Total Energy: -3.3135699978672918118e-08
Reached timestep 822000000 with 764 bodies, 0 test particles. Total Energy: -3.3135701295053710206e-08
Reached timestep 828000000 with 763 bodies, 0 test particles. Total Energy: -3.3135701019878169571e-08
Reached timestep 834000000 with 758 bodies, 0 test particles. Total Energy: -3.3135701172681133163e-08
Reached timestep 840000000 with 758 bodies, 0 test particles. Total Energy: -3.3135701410053838207e-08
Reached timestep 846000000 with 753 bodies, 0 test particles. Total Energy: -3.3135702972194304859e-08
Reached timestep 852000000 with 752 bodies, 0 test particles. Total Energy: -3.3135701932575466707e-08
Reached timestep 858000000 with 751 bodies, 0 test particles. Total Energy: -3.313570183227915569e-08
Reached timestep 864000000 with 744 bodies, 0 test particles. Total Energy: -3.3135701755110728574e-08
Reached timestep 870000000 with 738 bodies, 0 test particles. Total Energy: -3.3135702927100725819e-08
Reached timestep 876000000 with 734 bodies, 0 test particles. Total Energy: -3.3135702788833754192e-08
Reached timestep 882000000 with 730 bodies, 0 test particles. Total Energy: -3.3135703553068992624e-08
Reached timestep 888000000 with 727 bodies, 0 test particles. Total Energy: -3.3135703823740289978e-08
Reached timestep 894000000 with 724 bodies, 0 test particles. Total Energy: -3.3135704376339714328e-08
Reached timestep 900000000 with 723 bodies, 0 test particles. Total Energy: -3.3135704334633075937e-08
Reached timestep 906000000 with 721 bodies, 0 test particles. Total Energy: -3.313570454961658922e-08
Reached timestep 912000000 with 720 bodies, 0 test particles. Total Energy: -3.3135706228406264378e-08
Reached timestep 918000000 with 718 bodies, 0 test particles. Total Energy: -3.3135706788411714684e-08
Reached timestep 924000000 with 714 bodies, 0 test particles. Total Energy: -3.3135707182913425427e-08
Reached timestep 930000000 with 711 bodies, 0 test particles. Total Energy: -3.3135707549173608489e-08
Reached timestep 936000000 with 707 bodies, 0 test particles. Total Energy: -3.3135707378622770171e-08
Reached timestep 942000000 with 704 bodies, 0 test particles. Total Energy: -3.313570886358648496e-08
Reached timestep 948000000 with 703 bodies, 0 test particles. Total Energy: -3.3135707465104470126e-08
Reached timestep 954000000 with 697 bodies, 0 test particles. Total Energy: -3.3135709381395837563e-08
Reached timestep 960000000 with 693 bodies, 0 test particles. Total Energy: -3.3135708300081299657e-08
Reached timestep 966000000 with 691 bodies, 0 test particles. Total Energy: -3.3135710179728254938e-08
Reached timestep 972000000 with 689 bodies, 0 test particles. Total Energy: -3.3135710331724869634e-08
Reached timestep 978000000 with 683 bodies, 0 test particles. Total Energy: -3.3135710575810826947e-08
Reached timestep 984000000 with 680 bodies, 0 test particles. Total Energy: -3.3135711537708760743e-08
Reached timestep 990000000 with 677 bodies, 0 test particles. Total Energy: -3.3135712607069645443e-08
Reached timestep 996000000 with 669 bodies, 0 test particles. Total Energy: -3.3135712849303419632e-08
Reached timestep 1002000000 with 667 bodies, 0 test particles. Total Energy: -3.313571313343230366e-08
Reached timestep 1008000000 with 664 bodies, 0 test particles. Total Energy: -3.3135713150827706801e-08
Reached timestep 1014000000 with 663 bodies, 0 test particles. Total Energy: -3.3135711840556609684e-08
Reached timestep 1020000000 with 661 bodies, 0 test particles. Total Energy: -3.3135712512735718456e-08
Reached timestep 1026000000 with 657 bodies, 0 test particles. Total Energy: -3.3135713483679070774e-08
Reached timestep 1032000000 with 653 bodies, 0 test particles. Total Energy: -3.313571447130957434e-08
Reached timestep 1038000000 with 651 bodies, 0 test particles. Total Energy: -3.313571372308274245e-08
Reached timestep 1044000000 with 651 bodies, 0 test particles. Total Energy: -3.3135715889966828717e-08
Reached timestep 1050000000 with 651 bodies, 0 test particles. Total Energy: -3.313571645514356075e-08
Reached timestep 1056000000 with 651 bodies, 0 test particles. Total Energy: -3.3135717531191863213e-08
Reached timestep 1062000000 with 647 bodies, 0 test particles. Total Energy: -3.3135716391250641311e-08
Reached timestep 1068000000 with 646 bodies, 0 test particles. Total Energy: -3.3135717347273858987e-08
Reached timestep 1074000000 with 639 bodies, 0 test particles. Total Energy: -3.3135716607992522201e-08
Reached timestep 1080000000 with 636 bodies, 0 test particles. Total Energy: -3.3135719015747897074e-08
Reached timestep 1086000000 with 635 bodies, 0 test particles. Total Energy: -3.3135718546617944849e-08
Reached timestep 1092000000 with 631 bodies, 0 test particles. Total Energy: -3.3135718927609030097e-08
Reached timestep 1098000000 with 629 bodies, 0 test particles. Total Energy: -3.3135719264388006437e-08
Reached timestep 1104000000 with 627 bodies, 0 test particles. Total Energy: -3.3135719734814805809e-08
Reached timestep 1110000000 with 625 bodies, 0 test particles. Total Energy: -3.3135720145222326229e-08
Reached timestep 1116000000 with 624 bodies, 0 test particles. Total Energy: -3.3135722189700721759e-08
Reached timestep 1122000000 with 623 bodies, 0 test particles. Total Energy: -3.3135724174895982759e-08
Reached timestep 1128000000 with 623 bodies, 0 test particles. Total Energy: -3.3135724302089785311e-08
Reached timestep 1134000000 with 621 bodies, 0 test particles. Total Energy: -3.3135724439291057142e-08
Reached timestep 1140000000 with 620 bodies, 0 test particles. Total Energy: -3.3135727065239518572e-08
Reached timestep 1146000000 with 616 bodies, 0 test particles. Total Energy: -3.3135727870237535994e-08
Reached timestep 1152000000 with 614 bodies, 0 test particles. Total Energy: -3.313572728464666804e-08
Reached timestep 1158000000 with 613 bodies, 0 test particles. Total Energy: -3.3135728626119454614e-08
Reached timestep 1164000000 with 611 bodies, 0 test particles. Total Energy: -3.3135729520729977818e-08
Reached timestep 1170000000 with 609 bodies, 0 test particles. Total Energy: -3.3135730176863026786e-08
Reached timestep 1176000000 with 607 bodies, 0 test particles. Total Energy: -3.3135730445600356016e-08
Reached timestep 1182000000 with 606 bodies, 0 test particles. Total Energy: -3.3135732360286569548e-08
Reached timestep 1188000000 with 604 bodies, 0 test particles. Total Energy: -3.3135732807396179774e-08
Reached timestep 1194000000 with 602 bodies, 0 test particles. Total Energy: -3.3135734246901595049e-08
Reached timestep 1200000000 with 601 bodies, 0 test particles. Total Energy: -3.3135734528463214858e-08
Reached timestep 1206000000 with 600 bodies, 0 test particles. Total Energy: -3.3135735699298911337e-08
Reached timestep 1212000000 with 598 bodies, 0 test particles. Total Energy: -3.3135738107599550435e-08
Reached timestep 1218000000 with 597 bodies, 0 test particles. Total Energy: -3.3135738548785376187e-08
Reached timestep 1224000000 with 593 bodies, 0 test particles. Total Energy: -3.3135739088613171583e-08
Reached timestep 1230000000 with 593 bodies, 0 test particles. Total Energy: -3.3135739045717815095e-08
Reached timestep 1236000000 with 590 bodies, 0 test particles. Total Energy: -3.3135739854522808864e-08
Reached timestep 1242000000 with 587 bodies, 0 test particles. Total Energy: -3.3135741719389303914e-08
Reached timestep 1248000000 with 582 bodies, 0 test particles. Total Energy: -3.31357414744157421e-08
Reached timestep 1254000000 with 580 bodies, 0 test particles. Total Energy: -3.3135743131218440414e-08
Reached timestep 1260000000 with 578 bodies, 0 test particles. Total Energy: -3.3135744452465741187e-08
Reached timestep 1266000000 with 575 bodies, 0 test particles. Total Energy: -3.3135745452723408267e-08
Reached timestep 1272000000 with 573 bodies, 0 test particles. Total Energy: -3.3135747841111844639e-08
Reached timestep 1278000000 with 570 bodies, 0 test particles. Total Energy: -3.3135747383241441825e-08
Reached timestep 1284000000 with 569 bodies, 0 test particles. Total Energy: -3.3135747911797571268e-08
Reached timestep 1290000000 with 566 bodies, 0 test particles. Total Energy: -3.31357492217258318e-08
Reached timestep 1296000000 with 565 bodies, 0 test particles. Total Energy: -3.3135749703714564728e-08
Reached timestep 1302000000 with 560 bodies, 0 test particles. Total Energy: -3.3135749528452363721e-08
Reached timestep 1308000000 with 559 bodies, 0 test particles. Total Energy: -3.3135750592802042687e-08
Reached timestep 1314000000 with 559 bodies, 0 test particles. Total Energy: -3.3135751502727278919e-08
Reached timestep 1320000000 with 557 bodies, 0 test particles. Total Energy: -3.3135751963659692603e-08
Reached timestep 1326000000 with 554 bodies, 0 test particles. Total Energy: -3.3135752714194576777e-08
Reached timestep 1332000000 with 552 bodies, 0 test particles. Total Energy: -3.3135754189459493006e-08
Reached timestep 1338000000 with 550 bodies, 0 test particles. Total Energy: -3.313575497611108781e-08
Reached timestep 1344000000 with 548 bodies, 0 test particles. Total Energy: -3.3135755259178666025e-08
Reached timestep 1350000000 with 547 bodies, 0 test particles. Total Energy: -3.3135757491346559387e-08
Reached timestep 1356000000 with 544 bodies, 0 test particles. Total Energy: -3.3135756925239467541e-08
Reached timestep 1362000000 with 544 bodies, 0 test particles. Total Energy: -3.3135757939082821793e-08
Reached timestep 1368000000 with 543 bodies, 0 test particles. Total Energy: -3.313575806148335754e-08
Reached timestep 1374000000 with 539 bodies, 0 test particles. Total Energy: -3.3135757889728594236e-08
Reached timestep 1380000000 with 537 bodies, 0 test particles. Total Energy: -3.3135758612370842276e-08
Reached timestep 1386000000 with 535 bodies, 0 test particles. Total Energy: -3.3135759531723965493e-08
Reached timestep 1392000000 with 533 bodies, 0 test particles. Total Energy: -3.3135760410834692352e-08
Reached timestep 1398000000 with 530 bodies, 0 test particles. Total Energy: -3.3135758803755137529e-08
Reached timestep 1404000000 with 529 bodies, 0 test particles. Total Energy: -3.3135759959696401523e-08
Reached timestep 1410000000 with 526 bodies, 0 test particles. Total Energy: -3.3135761228898080489e-08
Reached timestep 1416000000 with 526 bodies, 0 test particles. Total Energy: -3.3135760888608602569e-08
Reached timestep 1422000000 with 525 bodies, 0 test particles. Total Energy: -3.3135760807778928478e-08
Reached timestep 1428000000 with 525 bodies, 0 test particles. Total Energy: -3.3135762752671984654e-08
Reached timestep 1434000000 with 525 bodies, 0 test particles. Total Energy: -3.3135764002864192875e-08
Reached timestep 1440000000 with 525 bodies, 0 test particles. Total Energy: -3.3135765413569852668e-08
Reached timestep 1446000000 with 523 bodies, 0 test particles. Total Energy: -3.3135765090107544514e-08
Reached timestep 1452000000 with 520 bodies, 0 test particles. Total Energy: -3.313576345835570003e-08
Reached timestep 1458000000 with 519 bodies, 0 test particles. Total Energy: -3.313576507919668151e-08
Reached timestep 1464000000 with 517 bodies, 0 test particles. Total Energy: -3.3135766947418188037e-08
Reached timestep 1470000000 with 514 bodies, 0 test particles. Total Energy: -3.3135766300158927539e-08
Reached timestep 1476000000 with 512 bodies, 0 test particles. Total Energy: -3.3135768960687125229e-08
Reached timestep 1482000000 with 511 bodies, 0 test particles. Total Energy: -3.3135769011577248512e-08
Reached timestep 1488000000 with 511 bodies, 0 test particles. Total Energy: -3.313577111606071534e-08
Reached timestep 1494000000 with 510 bodies, 0 test particles. Total Energy: -3.3135770762466890918e-08
Reached timestep 1500000000 with 506 bodies, 0 test particles. Total Energy: -3.3135771976029582852e-08
Reached timestep 1506000000 with 504 bodies, 0 test particles. Total Energy: -3.3135773482906820845e-08
Reached timestep 1512000000 with 500 bodies, 0 test particles. Total Energy: -3.3135774921360194729e-08
Reached timestep 1518000000 with 499 bodies, 0 test particles. Total Energy: -3.3135775745924011488e-08
Reached timestep 1524000000 with 495 bodies, 0 test particles. Total Energy: -3.3135775999586807852e-08
Reached timestep 1530000000 with 493 bodies, 0 test particles. Total Energy: -3.3135776410367677896e-08
Reached timestep 1536000000 with 492 bodies, 0 test particles. Total Energy: -3.3135778013714689393e-08
Reached timestep 1542000000 with 492 bodies, 0 test particles. Total Energy: -3.3135778986531817556e-08
Reached timestep 1548000000 with 492 bodies, 0 test particles. Total Energy: -3.3135777287739049068e-08
Reached timestep 1554000000 with 491 bodies, 0 test particles. Total Energy: -3.3135777780655241552e-08
Reached timestep 1560000000 with 489 bodies, 0 test particles. Total Energy: -3.3135778683723163741e-08
Reached timestep 1566000000 with 487 bodies, 0 test particles. Total Energy: -3.3135779594341769232e-08
Reached timestep 1572000000 with 486 bodies, 0 test particles. Total Energy: -3.3135779389201930231e-08
Reached timestep 1578000000 with 483 bodies, 0 test particles. Total Energy: -3.3135780113963984101e-08
Reached timestep 1584000000 with 482 bodies, 0 test particles. Total Energy: -3.3135783191646491689e-08
Reached timestep 1590000000 with 482 bodies, 0 test particles. Total Energy: -3.3135782165540363527e-08
Reached timestep 1596000000 with 481 bodies, 0 test particles. Total Energy: -3.313578251205591742e-08
Reached timestep 1602000000 with 480 bodies, 0 test particles. Total Energy: -3.3135784544878266093e-08
Reached timestep 1608000000 with 479 bodies, 0 test particles. Total Energy: -3.3135784013690881738e-08
Reached timestep 1614000000 with 478 bodies, 0 test particles. Total Energy: -3.3135783936231849529e-08
Reached timestep 1620000000 with 477 bodies, 0 test particles. Total Energy: -3.3135783584343459772e-08
Reached timestep 1626000000 with 473 bodies, 0 test particles. Total Energy: -3.3135784982166926342e-08
Reached timestep 1632000000 with 471 bodies, 0 test particles. Total Energy: -3.3135783987876930631e-08
Reached timestep 1638000000 with 470 bodies, 0 test particles. Total Energy: -3.3135786816846874453e-08
Reached timestep 1644000000 with 468 bodies, 0 test particles. Total Energy: -3.3135786305672046375e-08
Reached timestep 1650000000 with 467 bodies, 0 test particles. Total Energy: -3.3135786704506304174e-08
Reached timestep 1656000000 with 466 bodies, 0 test particles. Total Energy: -3.3135787768287074784e-08
Reached timestep 1662000000 with 464 bodies, 0 test particles. Total Energy: -3.3135788562912419378e-08
Reached timestep 1668000000 with 462 bodies, 0 test particles. Total Energy: -3.3135789199964436553e-08
Reached timestep 1674000000 with 462 bodies, 0 test particles. Total Energy: -3.3135790439477220288e-08
Reached timestep 1680000000 with 460 bodies, 0 test particles. Total Energy: -3.3135791219782248682e-08
Reached timestep 1686000000 with 460 bodies, 0 test particles. Total Energy: -3.3135792351284203397e-08
Reached timestep 1692000000 with 459 bodies, 0 test particles. Total Energy: -3.3135793073037404332e-08
Reached timestep 1698000000 with 459 bodies, 0 test particles. Total Energy: -3.3135794103358778722e-08
Reached timestep 1704000000 with 458 bodies, 0 test particles. Total Energy: -3.3135796718858347593e-08
Reached timestep 1710000000 with 455 bodies, 0 test particles. Total Energy: -3.3135798431106704287e-08
Reached timestep 1716000000 with 453 bodies, 0 test particles. Total Energy: -3.313580007116479208e-08
Reached timestep 1722000000 with 451 bodies, 0 test particles. Total Energy: -3.3135801467467913919e-08
Reached timestep 1728000000 with 450 bodies, 0 test particles. Total Energy: -3.3135805954248167921e-08
Reached timestep 1734000000 with 450 bodies, 0 test particles. Total Energy: -3.3135807393194462041e-08
Reached timestep 1740000000 with 447 bodies, 0 test particles. Total Energy: -3.3135809583311609877e-08
Reached timestep 1746000000 with 446 bodies, 0 test particles. Total Energy: -3.3135809237430920412e-08
Reached timestep 1752000000 with 444 bodies, 0 test particles. Total Energy: -3.3135811950208444715e-08
Reached timestep 1758000000 with 443 bodies, 0 test particles. Total Energy: -3.3135811269335363303e-08
Reached timestep 1764000000 with 442 bodies, 0 test particles. Total Energy: -3.3135812398737338053e-08
Reached timestep 1770000000 with 442 bodies, 0 test particles. Total Energy: -3.3135812272611425672e-08
Reached timestep 1776000000 with 439 bodies, 0 test particles. Total Energy: -3.3135815401680232562e-08
Reached timestep 1782000000 with 438 bodies, 0 test particles. Total Energy: -3.3135818310057073352e-08
Reached timestep 1788000000 with 437 bodies, 0 test particles. Total Energy: -3.3135821810163779112e-08
Reached timestep 1794000000 with 436 bodies, 0 test particles. Total Energy: -3.3135822341129763613e-08
Reached timestep 1800000000 with 435 bodies, 0 test particles. Total Energy: -3.3135824732588270903e-08
GENGA terminated successfully

 
 **************************************** 
 
Restart GENGA
initial error = 0 = no error
set Flags error = 0 = no error
There are 1 CUDA devices.
Runtime Version: 12050
Driver Version: 12050
Name: NVIDIA A800-SXM4-80GB, Major:8, Minor:0, Max threads per Block:1024, Max x dim:1024, #Multiprocessors:108, Can Map Memory:1, Clock Rate:1410000, Memory Clock Rate:1593000, Can Overlap:1, Concurrent Kernels:1, regsPerBlock:65536, sharedMemPerBlock:49152, warp size:32
CPU malloc error = 0 = no error
CPU HostAlloc error = 0 = no error
cudaMalloc error = 0 = no error
mapping error = 0 = no error
FGAlloc error = 0 = no error
cudaMemcopy error = 0 = no error
Energy error = 0 = no error
Reached timestep 1806000000 with 430 bodies, 0 test particles. Total Energy: -3.3135831690446461641e-08
Reached timestep 1812000000 with 429 bodies, 0 test particles. Total Energy: -3.3135837418468373033e-08
Reached timestep 1818000000 with 429 bodies, 0 test particles. Total Energy: -3.3135841519717663565e-08
Reached timestep 1824000000 with 428 bodies, 0 test particles. Total Energy: -3.3135843565421576802e-08
Reached timestep 1830000000 with 428 bodies, 0 test particles. Total Energy: -3.3135849514512668506e-08
Reached timestep 1836000000 with 427 bodies, 0 test particles. Total Energy: -3.3135856174753438752e-08
Reached timestep 1842000000 with 424 bodies, 0 test particles. Total Energy: -3.3135856551521859618e-08
Reached timestep 1848000000 with 423 bodies, 0 test particles. Total Energy: -3.3135860214490395943e-08
Reached timestep 1854000000 with 423 bodies, 0 test particles. Total Energy: -3.3135863923064377289e-08
Reached timestep 1860000000 with 422 bodies, 0 test particles. Total Energy: -3.3135866650854184153e-08
Reached timestep 1866000000 with 421 bodies, 0 test particles. Total Energy: -3.3135873160302952903e-08
Reached timestep 1872000000 with 418 bodies, 0 test particles. Total Energy: -3.3135878393475630129e-08
Reached timestep 1878000000 with 417 bodies, 0 test particles. Total Energy: -3.313588068378534068e-08
Reached timestep 1884000000 with 414 bodies, 0 test particles. Total Energy: -3.3135887044817049352e-08
Reached timestep 1890000000 with 413 bodies, 0 test particles. Total Energy: -3.313589002138640176e-08
Reached timestep 1896000000 with 413 bodies, 0 test particles. Total Energy: -3.3135896279412749821e-08
Reached timestep 1902000000 with 410 bodies, 0 test particles. Total Energy: -3.3135901326207539881e-08
Reached timestep 1908000000 with 408 bodies, 0 test particles. Total Energy: -3.3135907732092984919e-08
Reached timestep 1914000000 with 407 bodies, 0 test particles. Total Energy: -3.3135910244438896241e-08
Reached timestep 1920000000 with 405 bodies, 0 test particles. Total Energy: -3.3135917469150793604e-08
Reached timestep 1926000000 with 403 bodies, 0 test particles. Total Energy: -3.3135920776568839548e-08
Reached timestep 1932000000 with 403 bodies, 0 test particles. Total Energy: -3.3135924776336449393e-08
Reached timestep 1938000000 with 401 bodies, 0 test particles. Total Energy: -3.3135929593640354653e-08
Reached timestep 1944000000 with 399 bodies, 0 test particles. Total Energy: -3.3135937574509502667e-08
Reached timestep 1950000000 with 395 bodies, 0 test particles. Total Energy: -3.3135943745740093456e-08
Reached timestep 1956000000 with 392 bodies, 0 test particles. Total Energy: -3.313594784125762453e-08
Reached timestep 1962000000 with 391 bodies, 0 test particles. Total Energy: -3.313595393283248257e-08
Reached timestep 1968000000 with 387 bodies, 0 test particles. Total Energy: -3.3135959974595543209e-08
Reached timestep 1974000000 with 387 bodies, 0 test particles. Total Energy: -3.3135965659949380875e-08
Reached timestep 1980000000 with 386 bodies, 0 test particles. Total Energy: -3.3135970401655635298e-08
Reached timestep 1986000000 with 385 bodies, 0 test particles. Total Energy: -3.3135976786870750036e-08
Reached timestep 1992000000 with 383 bodies, 0 test particles. Total Energy: -3.313598429192061562e-08
Reached timestep 1998000000 with 380 bodies, 0 test particles. Total Energy: -3.3135987340578268722e-08
Reached timestep 2004000000 with 378 bodies, 0 test particles. Total Energy: -3.3135992362644937738e-08
Reached timestep 2010000000 with 377 bodies, 0 test particles. Total Energy: -3.3135993897851596317e-08
Reached timestep 2016000000 with 375 bodies, 0 test particles. Total Energy: -3.3135999750446649879e-08
Reached timestep 2022000000 with 374 bodies, 0 test particles. Total Energy: -3.3136003740017888863e-08
Reached timestep 2028000000 with 372 bodies, 0 test particles. Total Energy: -3.3136005858781331947e-08
Reached timestep 2034000000 with 371 bodies, 0 test particles. Total Energy: -3.3136009148960338354e-08
Reached timestep 2040000000 with 369 bodies, 0 test particles. Total Energy: -3.313601488787938817e-08
Reached timestep 2046000000 with 367 bodies, 0 test particles. Total Energy: -3.3136020197113480007e-08
Reached timestep 2052000000 with 367 bodies, 0 test particles. Total Energy: -3.3136024020054081502e-08
Reached timestep 2058000000 with 367 bodies, 0 test particles. Total Energy: -3.3136026607139751487e-08
Reached timestep 2064000000 with 366 bodies, 0 test particles. Total Energy: -3.3136029070032927967e-08
Reached timestep 2070000000 with 366 bodies, 0 test particles. Total Energy: -3.3136035452156564353e-08
Reached timestep 2076000000 with 364 bodies, 0 test particles. Total Energy: -3.3136044915002947804e-08
Reached timestep 2082000000 with 362 bodies, 0 test particles. Total Energy: -3.3136049897584547326e-08
Reached timestep 2088000000 with 362 bodies, 0 test particles. Total Energy: -3.3136051112091396447e-08
Reached timestep 2094000000 with 360 bodies, 0 test particles. Total Energy: -3.3136053753495972467e-08
Reached timestep 2100000000 with 359 bodies, 0 test particles. Total Energy: -3.3136060841180994144e-08
Reached timestep 2106000000 with 357 bodies, 0 test particles. Total Energy: -3.3136062994838376389e-08
Reached timestep 2112000000 with 355 bodies, 0 test particles. Total Energy: -3.3136066857520374105e-08
Reached timestep 2118000000 with 351 bodies, 0 test particles. Total Energy: -3.3136065739376453223e-08
Reached timestep 2124000000 with 349 bodies, 0 test particles. Total Energy: -3.3136075036733430496e-08
Reached timestep 2130000000 with 348 bodies, 0 test particles. Total Energy: -3.3136081913262230791e-08
Reached timestep 2136000000 with 348 bodies, 0 test particles. Total Energy: -3.3136095255472052351e-08
Reached timestep 2142000000 with 344 bodies, 0 test particles. Total Energy: -3.3136099496704079006e-08
Reached timestep 2148000000 with 341 bodies, 0 test particles. Total Energy: -3.3136112900386059399e-08
Reached timestep 2154000000 with 339 bodies, 0 test particles. Total Energy: -3.3136128289913908122e-08
Reached timestep 2160000000 with 339 bodies, 0 test particles. Total Energy: -3.3136129954703339654e-08
Reached timestep 2166000000 with 335 bodies, 0 test particles. Total Energy: -3.3136136803737470333e-08
Reached timestep 2172000000 with 332 bodies, 0 test particles. Total Energy: -3.3136155247903706362e-08
Reached timestep 2178000000 with 332 bodies, 0 test particles. Total Energy: -3.3136164307442770133e-08
Reached timestep 2184000000 with 327 bodies, 0 test particles. Total Energy: -3.3136170290192886518e-08
Reached timestep 2190000000 with 327 bodies, 0 test particles. Total Energy: -3.3136178625767053684e-08
Reached timestep 2196000000 with 326 bodies, 0 test particles. Total Energy: -3.3136186117692937844e-08
Reached timestep 2202000000 with 324 bodies, 0 test particles. Total Energy: -3.3136192658213972063e-08
Reached timestep 2208000000 with 324 bodies, 0 test particles. Total Energy: -3.313620569627398225e-08
Reached timestep 2214000000 with 322 bodies, 0 test particles. Total Energy: -3.3136215417724057447e-08
Reached timestep 2220000000 with 320 bodies, 0 test particles. Total Energy: -3.3136218668916261492e-08
Reached timestep 2226000000 with 318 bodies, 0 test particles. Total Energy: -3.313622259793932224e-08
Reached timestep 2232000000 with 313 bodies, 0 test particles. Total Energy: -3.3136240191108470352e-08
Reached timestep 2238000000 with 310 bodies, 0 test particles. Total Energy: -3.3136252222666711566e-08
Reached timestep 2244000000 with 305 bodies, 0 test particles. Total Energy: -3.3136260440166623319e-08
Reached timestep 2250000000 with 304 bodies, 0 test particles. Total Energy: -3.3136288216054049319e-08
Reached timestep 2256000000 with 302 bodies, 0 test particles. Total Energy: -3.3136293495733229332e-08
Reached timestep 2262000000 with 298 bodies, 0 test particles. Total Energy: -3.3136304352642961134e-08
Reached timestep 2268000000 with 293 bodies, 0 test particles. Total Energy: -3.313631166272466889e-08
Reached timestep 2274000000 with 290 bodies, 0 test particles. Total Energy: -3.3136333027980995564e-08
Reached timestep 2280000000 with 286 bodies, 0 test particles. Total Energy: -3.3136359448707053166e-08
Reached timestep 2286000000 with 281 bodies, 0 test particles. Total Energy: -3.3136372789936619378e-08
Reached timestep 2292000000 with 280 bodies, 0 test particles. Total Energy: -3.3136384436172419427e-08
Reached timestep 2298000000 with 279 bodies, 0 test particles. Total Energy: -3.3136395067920551084e-08
Reached timestep 2304000000 with 277 bodies, 0 test particles. Total Energy: -3.313639935914888274e-08
Reached timestep 2310000000 with 274 bodies, 0 test particles. Total Energy: -3.3136407625831921395e-08
Reached timestep 2316000000 with 271 bodies, 0 test particles. Total Energy: -3.3136411861978448261e-08
Reached timestep 2322000000 with 267 bodies, 0 test particles. Total Energy: -3.3136420755751132699e-08
Reached timestep 2328000000 with 266 bodies, 0 test particles. Total Energy: -3.3136421362151681108e-08
Reached timestep 2334000000 with 265 bodies, 0 test particles. Total Energy: -3.3136429383477074829e-08
Reached timestep 2340000000 with 264 bodies, 0 test particles. Total Energy: -3.313643456908335297e-08
Reached timestep 2346000000 with 264 bodies, 0 test particles. Total Energy: -3.3136432997191366573e-08
Reached timestep 2352000000 with 263 bodies, 0 test particles. Total Energy: -3.3136438149493626099e-08
Reached timestep 2358000000 with 263 bodies, 0 test particles. Total Energy: -3.3136447845601104172e-08
Reached timestep 2364000000 with 260 bodies, 0 test particles. Total Energy: -3.3136455019736035598e-08
Reached timestep 2370000000 with 259 bodies, 0 test particles. Total Energy: -3.3136460643117594416e-08
Reached timestep 2376000000 with 258 bodies, 0 test particles. Total Energy: -3.3136462743706086114e-08
Reached timestep 2382000000 with 257 bodies, 0 test particles. Total Energy: -3.3136466512163549826e-08
Reached timestep 2388000000 with 256 bodies, 0 test particles. Total Energy: -3.3136476869766066737e-08
Reached timestep 2394000000 with 255 bodies, 0 test particles. Total Energy: -3.3136504182840275481e-08
Reached timestep 2400000000 with 255 bodies, 0 test particles. Total Energy: -3.3136528047602109417e-08
Reached timestep 2406000000 with 255 bodies, 0 test particles. Total Energy: -3.3136537636808550302e-08
Reached timestep 2412000000 with 255 bodies, 0 test particles. Total Energy: -3.3136540990164759777e-08
Reached timestep 2418000000 with 254 bodies, 0 test particles. Total Energy: -3.3136551481173973265e-08
Reached timestep 2424000000 with 254 bodies, 0 test particles. Total Energy: -3.3136553962461231201e-08
Reached timestep 2430000000 with 253 bodies, 0 test particles. Total Energy: -3.3136571657021698789e-08
Reached timestep 2436000000 with 252 bodies, 0 test particles. Total Energy: -3.3136587281870017458e-08
Reached timestep 2442000000 with 252 bodies, 0 test particles. Total Energy: -3.3136590223704083946e-08
Reached timestep 2448000000 with 251 bodies, 0 test particles. Total Energy: -3.3136592143485200657e-08
Reached timestep 2454000000 with 251 bodies, 0 test particles. Total Energy: -3.3136597445525309324e-08
Reached timestep 2460000000 with 251 bodies, 0 test particles. Total Energy: -3.3136606588699857059e-08
Reached timestep 2466000000 with 251 bodies, 0 test particles. Total Energy: -3.3136611175657949961e-08
Reached timestep 2472000000 with 250 bodies, 0 test particles. Total Energy: -3.3136612879314275753e-08
Reached timestep 2478000000 with 249 bodies, 0 test particles. Total Energy: -3.313661622201059544e-08
Reached timestep 2484000000 with 248 bodies, 0 test particles. Total Energy: -3.3136621241767008563e-08
Reached timestep 2490000000 with 246 bodies, 0 test particles. Total Energy: -3.3136626180479646781e-08
Reached timestep 2496000000 with 245 bodies, 0 test particles. Total Energy: -3.3136629827084413156e-08
Reached timestep 2502000000 with 243 bodies, 0 test particles. Total Energy: -3.3136634035944415519e-08
Reached timestep 2508000000 with 241 bodies, 0 test particles. Total Energy: -3.3136638462928239643e-08
Reached timestep 2514000000 with 238 bodies, 0 test particles. Total Energy: -3.3136643492123663675e-08
Reached timestep 2520000000 with 237 bodies, 0 test particles. Total Energy: -3.3136644375620644772e-08
Reached timestep 2526000000 with 237 bodies, 0 test particles. Total Energy: -3.3136646512679099545e-08
Reached timestep 2532000000 with 236 bodies, 0 test particles. Total Energy: -3.3136649109030343826e-08
Reached timestep 2538000000 with 236 bodies, 0 test particles. Total Energy: -3.3136654566995983193e-08
Reached timestep 2544000000 with 236 bodies, 0 test particles. Total Energy: -3.313665107662429327e-08
Reached timestep 2550000000 with 235 bodies, 0 test particles. Total Energy: -3.3136651522245964392e-08
Reached timestep 2556000000 with 234 bodies, 0 test particles. Total Energy: -3.3136660057134210297e-08
Reached timestep 2562000000 with 232 bodies, 0 test particles. Total Energy: -3.3136666014083709726e-08
Reached timestep 2568000000 with 228 bodies, 0 test particles. Total Energy: -3.3136670864087917486e-08
Reached timestep 2574000000 with 227 bodies, 0 test particles. Total Energy: -3.3136674764474217038e-08
Reached timestep 2580000000 with 227 bodies, 0 test particles. Total Energy: -3.3136675770258132206e-08
Reached timestep 2586000000 with 226 bodies, 0 test particles. Total Energy: -3.313668241909085096e-08
Reached timestep 2592000000 with 225 bodies, 0 test particles. Total Energy: -3.313668356097335988e-08
Reached timestep 2598000000 with 225 bodies, 0 test particles. Total Energy: -3.3136687384422306875e-08
Reached timestep 2604000000 with 224 bodies, 0 test particles. Total Energy: -3.3136691002898856076e-08
Reached timestep 2610000000 with 224 bodies, 0 test particles. Total Energy: -3.3136697330682317959e-08
Reached timestep 2616000000 with 224 bodies, 0 test particles. Total Energy: -3.3136700127042618277e-08
Reached timestep 2622000000 with 224 bodies, 0 test particles. Total Energy: -3.3136705091130272483e-08
Reached timestep 2628000000 with 223 bodies, 0 test particles. Total Energy: -3.313670645466024699e-08
Reached timestep 2634000000 with 222 bodies, 0 test particles. Total Energy: -3.3136711425903509803e-08
Reached timestep 2640000000 with 218 bodies, 0 test particles. Total Energy: -3.3136713737359417735e-08
Reached timestep 2646000000 with 214 bodies, 0 test particles. Total Energy: -3.3136713996462951565e-08
Reached timestep 2652000000 with 214 bodies, 0 test particles. Total Energy: -3.3136715453171824374e-08
Reached timestep 2658000000 with 214 bodies, 0 test particles. Total Energy: -3.3136717131223138264e-08
Reached timestep 2664000000 with 212 bodies, 0 test particles. Total Energy: -3.3136718655726073098e-08
Reached timestep 2670000000 with 210 bodies, 0 test particles. Total Energy: -3.313671896817161266e-08
Reached timestep 2676000000 with 210 bodies, 0 test particles. Total Energy: -3.3136719338692431004e-08
Reached timestep 2682000000 with 209 bodies, 0 test particles. Total Energy: -3.3136720364579713646e-08
Reached timestep 2688000000 with 209 bodies, 0 test particles. Total Energy: -3.3136723373319006814e-08
Reached timestep 2694000000 with 209 bodies, 0 test particles. Total Energy: -3.3136727407000948982e-08
Reached timestep 2700000000 with 209 bodies, 0 test particles. Total Energy: -3.313673216334005491e-08
Reached timestep 2706000000 with 207 bodies, 0 test particles. Total Energy: -3.313673475655656922e-08
Reached timestep 2712000000 with 207 bodies, 0 test particles. Total Energy: -3.3136738641425979567e-08
Reached timestep 2718000000 with 207 bodies, 0 test particles. Total Energy: -3.3136741623511428904e-08
Reached timestep 2724000000 with 206 bodies, 0 test particles. Total Energy: -3.3136744782981406324e-08
Reached timestep 2730000000 with 206 bodies, 0 test particles. Total Energy: -3.3136746895161146859e-08
Reached timestep 2736000000 with 206 bodies, 0 test particles. Total Energy: -3.3136747063827396427e-08
Reached timestep 2742000000 with 205 bodies, 0 test particles. Total Energy: -3.3136750400211143517e-08
Reached timestep 2748000000 with 205 bodies, 0 test particles. Total Energy: -3.3136753021412422029e-08
Reached timestep 2754000000 with 204 bodies, 0 test particles. Total Energy: -3.3136753731915801197e-08
Reached timestep 2760000000 with 204 bodies, 0 test particles. Total Energy: -3.3136756189470023132e-08
Reached timestep 2766000000 with 202 bodies, 0 test particles. Total Energy: -3.3136758569410470526e-08
Reached timestep 2772000000 with 202 bodies, 0 test particles. Total Energy: -3.3136761139132560663e-08
Reached timestep 2778000000 with 202 bodies, 0 test particles. Total Energy: -3.3136764109719464948e-08
Reached timestep 2784000000 with 202 bodies, 0 test particles. Total Energy: -3.3136766515407411068e-08
Reached timestep 2790000000 with 202 bodies, 0 test particles. Total Energy: -3.3136768709631484176e-08
Reached timestep 2796000000 with 202 bodies, 0 test particles. Total Energy: -3.3136771248777683385e-08
Reached timestep 2802000000 with 202 bodies, 0 test particles. Total Energy: -3.3136772257970767199e-08
Reached timestep 2808000000 with 200 bodies, 0 test particles. Total Energy: -3.3136773863107638723e-08
Reached timestep 2814000000 with 199 bodies, 0 test particles. Total Energy: -3.3136775901993135259e-08
Reached timestep 2820000000 with 199 bodies, 0 test particles. Total Energy: -3.3136778198540727306e-08
Reached timestep 2826000000 with 199 bodies, 0 test particles. Total Energy: -3.3136781111823715275e-08
Reached timestep 2832000000 with 198 bodies, 0 test particles. Total Energy: -3.3136782436188580367e-08
Reached timestep 2838000000 with 197 bodies, 0 test particles. Total Energy: -3.3136783312855173805e-08
Reached timestep 2844000000 with 197 bodies, 0 test particles. Total Energy: -3.3136785196627093512e-08
Reached timestep 2850000000 with 197 bodies, 0 test particles. Total Energy: -3.3136785982575862729e-08
Reached timestep 2856000000 with 196 bodies, 0 test particles. Total Energy: -3.3136786347414863471e-08
Reached timestep 2862000000 with 196 bodies, 0 test particles. Total Energy: -3.3136787144230138959e-08
Reached timestep 2868000000 with 195 bodies, 0 test particles. Total Energy: -3.3136790843713259789e-08
Reached timestep 2874000000 with 195 bodies, 0 test particles. Total Energy: -3.3136793698757379121e-08
Reached timestep 2880000000 with 195 bodies, 0 test particles. Total Energy: -3.3136794265775851949e-08
Reached timestep 2886000000 with 194 bodies, 0 test particles. Total Energy: -3.3136798410000305354e-08
Reached timestep 2892000000 with 193 bodies, 0 test particles. Total Energy: -3.3136800390100848466e-08
Reached timestep 2898000000 with 193 bodies, 0 test particles. Total Energy: -3.313680253531206153e-08
Reached timestep 2904000000 with 193 bodies, 0 test particles. Total Energy: -3.3136802775907793113e-08
Reached timestep 2910000000 with 192 bodies, 0 test particles. Total Energy: -3.3136805467401391154e-08
Reached timestep 2916000000 with 190 bodies, 0 test particles. Total Energy: -3.3136808708821402557e-08
Reached timestep 2922000000 with 189 bodies, 0 test particles. Total Energy: -3.3136809940071862965e-08
Reached timestep 2928000000 with 189 bodies, 0 test particles. Total Energy: -3.3136812787191949372e-08
Reached timestep 2934000000 with 189 bodies, 0 test particles. Total Energy: -3.313681546552779055e-08
Reached timestep 2940000000 with 189 bodies, 0 test particles. Total Energy: -3.3136817526887896826e-08
Reached timestep 2946000000 with 188 bodies, 0 test particles. Total Energy: -3.3136818965470482939e-08
Reached timestep 2952000000 with 188 bodies, 0 test particles. Total Energy: -3.3136821772392470163e-08
Reached timestep 2958000000 with 188 bodies, 0 test particles. Total Energy: -3.313682314153350855e-08
Reached timestep 2964000000 with 188 bodies, 0 test particles. Total Energy: -3.3136826961679761587e-08
Reached timestep 2970000000 with 188 bodies, 0 test particles. Total Energy: -3.3136830925791638631e-08
Reached timestep 2976000000 with 186 bodies, 0 test particles. Total Energy: -3.313683170969658352e-08
Reached timestep 2982000000 with 186 bodies, 0 test particles. Total Energy: -3.3136833923591276293e-08
Reached timestep 2988000000 with 185 bodies, 0 test particles. Total Energy: -3.3136841539786032506e-08
Reached timestep 2994000000 with 184 bodies, 0 test particles. Total Energy: -3.3136843585845415032e-08
Reached timestep 3000000000 with 184 bodies, 0 test particles. Total Energy: -3.3136846942510816796e-08
Reached timestep 3006000000 with 182 bodies, 0 test particles. Total Energy: -3.3136849231106159132e-08
Reached timestep 3012000000 with 182 bodies, 0 test particles. Total Energy: -3.3136851435054514582e-08
Reached timestep 3018000000 with 182 bodies, 0 test particles. Total Energy: -3.3136852760270052215e-08
Reached timestep 3024000000 with 182 bodies, 0 test particles. Total Energy: -3.3136856869904201301e-08
Reached timestep 3030000000 with 182 bodies, 0 test particles. Total Energy: -3.3136861645289392297e-08
Reached timestep 3036000000 with 182 bodies, 0 test particles. Total Energy: -3.3136861581946256798e-08
Reached timestep 3042000000 with 182 bodies, 0 test particles. Total Energy: -3.3136862080347523628e-08
Reached timestep 3048000000 with 182 bodies, 0 test particles. Total Energy: -3.3136866354355417386e-08
Reached timestep 3054000000 with 182 bodies, 0 test particles. Total Energy: -3.3136870788098180617e-08
Reached timestep 3060000000 with 182 bodies, 0 test particles. Total Energy: -3.3136872246159956949e-08
Reached timestep 3066000000 with 182 bodies, 0 test particles. Total Energy: -3.3136874818169274271e-08
Reached timestep 3072000000 with 182 bodies, 0 test particles. Total Energy: -3.3136876677950044539e-08
Reached timestep 3078000000 with 182 bodies, 0 test particles. Total Energy: -3.3136879508082726369e-08
Reached timestep 3084000000 with 182 bodies, 0 test particles. Total Energy: -3.3136883466196399155e-08
Reached timestep 3090000000 with 181 bodies, 0 test particles. Total Energy: -3.3136886720059483371e-08
Reached timestep 3096000000 with 181 bodies, 0 test particles. Total Energy: -3.3136891661530067484e-08
Reached timestep 3102000000 with 181 bodies, 0 test particles. Total Energy: -3.3136894550645934918e-08
Reached timestep 3108000000 with 181 bodies, 0 test particles. Total Energy: -3.3136896634388979469e-08
Reached timestep 3114000000 with 181 bodies, 0 test particles. Total Energy: -3.3136899488199262965e-08
Reached timestep 3120000000 with 180 bodies, 0 test particles. Total Energy: -3.3136903091641083232e-08
Reached timestep 3126000000 with 180 bodies, 0 test particles. Total Energy: -3.3136902650146017662e-08
Reached timestep 3132000000 with 180 bodies, 0 test particles. Total Energy: -3.3136906155523313145e-08
Reached timestep 3138000000 with 180 bodies, 0 test particles. Total Energy: -3.3136911092057706878e-08
Reached timestep 3144000000 with 180 bodies, 0 test particles. Total Energy: -3.3136911846070475247e-08
Reached timestep 3150000000 with 179 bodies, 0 test particles. Total Energy: -3.3136913040080913754e-08
Reached timestep 3156000000 with 177 bodies, 0 test particles. Total Energy: -3.3136914486055655659e-08
Reached timestep 3162000000 with 177 bodies, 0 test particles. Total Energy: -3.3136915354650885377e-08
Reached timestep 3168000000 with 177 bodies, 0 test particles. Total Energy: -3.3136917902672778881e-08
Reached timestep 3174000000 with 177 bodies, 0 test particles. Total Energy: -3.3136919268639587767e-08
Reached timestep 3180000000 with 177 bodies, 0 test particles. Total Energy: -3.3136922296245289139e-08
Reached timestep 3186000000 with 177 bodies, 0 test particles. Total Energy: -3.3136923389781347804e-08
Reached timestep 3192000000 with 177 bodies, 0 test particles. Total Energy: -3.3136926662855119412e-08
Reached timestep 3198000000 with 177 bodies, 0 test particles. Total Energy: -3.3136928917150398562e-08
Reached timestep 3204000000 with 176 bodies, 0 test particles. Total Energy: -3.313692979661519181e-08
Reached timestep 3210000000 with 176 bodies, 0 test particles. Total Energy: -3.3136932576906787428e-08
Reached timestep 3216000000 with 175 bodies, 0 test particles. Total Energy: -3.3136934400180457522e-08
Reached timestep 3222000000 with 175 bodies, 0 test particles. Total Energy: -3.3136936683023625583e-08
Reached timestep 3228000000 with 175 bodies, 0 test particles. Total Energy: -3.3136939175316548039e-08
Reached timestep 3234000000 with 175 bodies, 0 test particles. Total Energy: -3.3136940830492201941e-08
Reached timestep 3240000000 with 173 bodies, 0 test particles. Total Energy: -3.3136944991308872731e-08
Reached timestep 3246000000 with 171 bodies, 0 test particles. Total Energy: -3.3136946762246798998e-08
Reached timestep 3252000000 with 170 bodies, 0 test particles. Total Energy: -3.3136947997614269664e-08
Reached timestep 3258000000 with 170 bodies, 0 test particles. Total Energy: -3.313694856271741571e-08
Reached timestep 3264000000 with 170 bodies, 0 test particles. Total Energy: -3.3136948708484387629e-08
Reached timestep 3270000000 with 170 bodies, 0 test particles. Total Energy: -3.3136952110652584608e-08
Reached timestep 3276000000 with 170 bodies, 0 test particles. Total Energy: -3.3136957061687586829e-08
Reached timestep 3282000000 with 170 bodies, 0 test particles. Total Energy: -3.3136957668098974612e-08
Reached timestep 3288000000 with 170 bodies, 0 test particles. Total Energy: -3.3136960556238550548e-08
Reached timestep 3294000000 with 169 bodies, 0 test particles. Total Energy: -3.3136962847943026579e-08
Reached timestep 3300000000 with 169 bodies, 0 test particles. Total Energy: -3.3136964738003325505e-08
Reached timestep 3306000000 with 169 bodies, 0 test particles. Total Energy: -3.3136966543894569267e-08
Reached timestep 3312000000 with 169 bodies, 0 test particles. Total Energy: -3.3136968173622693221e-08
Reached timestep 3318000000 with 169 bodies, 0 test particles. Total Energy: -3.313697038599313697e-08
Reached timestep 3324000000 with 168 bodies, 0 test particles. Total Energy: -3.3136971855994788987e-08
Reached timestep 3330000000 with 168 bodies, 0 test particles. Total Energy: -3.3136972553373716892e-08
Reached timestep 3336000000 with 168 bodies, 0 test particles. Total Energy: -3.3136974386995178221e-08
Reached timestep 3342000000 with 168 bodies, 0 test particles. Total Energy: -3.3136974221162756788e-08
Reached timestep 3348000000 with 168 bodies, 0 test particles. Total Energy: -3.313697781444079711e-08
Reached timestep 3354000000 with 168 bodies, 0 test particles. Total Energy: -3.3136982439097375115e-08
Reached timestep 3360000000 with 168 bodies, 0 test particles. Total Energy: -3.3136982355602141278e-08
Reached timestep 3366000000 with 168 bodies, 0 test particles. Total Energy: -3.3136984168985398076e-08
Reached timestep 3372000000 with 167 bodies, 0 test particles. Total Energy: -3.313698773997871624e-08
Reached timestep 3378000000 with 166 bodies, 0 test particles. Total Energy: -3.3136989766783279634e-08
Reached timestep 3384000000 with 166 bodies, 0 test particles. Total Energy: -3.3136990823381164529e-08
Reached timestep 3390000000 with 166 bodies, 0 test particles. Total Energy: -3.3136997471625499787e-08
Reached timestep 3396000000 with 165 bodies, 0 test particles. Total Energy: -3.3137001097889709611e-08
Reached timestep 3402000000 with 165 bodies, 0 test particles. Total Energy: -3.3137004547634251695e-08
Reached timestep 3408000000 with 165 bodies, 0 test particles. Total Energy: -3.313700692860809252e-08
Reached timestep 3414000000 with 165 bodies, 0 test particles. Total Energy: -3.3137012488648461368e-08
Reached timestep 3420000000 with 164 bodies, 0 test particles. Total Energy: -3.3137015086654126431e-08
Reached timestep 3426000000 with 164 bodies, 0 test particles. Total Energy: -3.313701913509192517e-08
Reached timestep 3432000000 with 164 bodies, 0 test particles. Total Energy: -3.313702810291157473e-08
Reached timestep 3438000000 with 164 bodies, 0 test particles. Total Energy: -3.3137032713509080023e-08
Reached timestep 3444000000 with 164 bodies, 0 test particles. Total Energy: -3.3137036643022923573e-08
Reached timestep 3450000000 with 164 bodies, 0 test particles. Total Energy: -3.3137039134828504299e-08
Reached timestep 3456000000 with 164 bodies, 0 test particles. Total Energy: -3.3137041699843533086e-08
Reached timestep 3462000000 with 164 bodies, 0 test particles. Total Energy: -3.3137044903463865419e-08
Reached timestep 3468000000 with 163 bodies, 0 test particles. Total Energy: -3.3137046617121850373e-08
Reached timestep 3474000000 with 162 bodies, 0 test particles. Total Energy: -3.3137048345341191959e-08
Reached timestep 3480000000 with 162 bodies, 0 test particles. Total Energy: -3.313705014816454856e-08
Reached timestep 3486000000 with 161 bodies, 0 test particles. Total Energy: -3.3137051418692158344e-08
Reached timestep 3492000000 with 161 bodies, 0 test particles. Total Energy: -3.3137051771941816074e-08
Reached timestep 3498000000 with 161 bodies, 0 test particles. Total Energy: -3.3137054905514396406e-08
Reached timestep 3504000000 with 161 bodies, 0 test particles. Total Energy: -3.3137057412413760145e-08
Reached timestep 3510000000 with 159 bodies, 0 test particles. Total Energy: -3.3137058094973773846e-08
Reached timestep 3516000000 with 159 bodies, 0 test particles. Total Energy: -3.3137060495327477041e-08
Reached timestep 3522000000 with 159 bodies, 0 test particles. Total Energy: -3.3137061222825288512e-08
Reached timestep 3528000000 with 159 bodies, 0 test particles. Total Energy: -3.3137067947570244817e-08
Reached timestep 3534000000 with 159 bodies, 0 test particles. Total Energy: -3.3137068177753453319e-08
Reached timestep 3540000000 with 159 bodies, 0 test particles. Total Energy: -3.3137069399727844164e-08
Reached timestep 3546000000 with 159 bodies, 0 test particles. Total Energy: -3.3137070015598684144e-08
Reached timestep 3552000000 with 158 bodies, 0 test particles. Total Energy: -3.3137071577108911961e-08
Reached timestep 3558000000 with 158 bodies, 0 test particles. Total Energy: -3.3137071951661435079e-08
Reached timestep 3564000000 with 158 bodies, 0 test particles. Total Energy: -3.313707205896747313e-08
Reached timestep 3570000000 with 157 bodies, 0 test particles. Total Energy: -3.3137073439460222083e-08
Reached timestep 3576000000 with 157 bodies, 0 test particles. Total Energy: -3.313707427565327843e-08
Reached timestep 3582000000 with 157 bodies, 0 test particles. Total Energy: -3.3137075353797094082e-08
Reached timestep 3588000000 with 157 bodies, 0 test particles. Total Energy: -3.3137074869297762116e-08
Reached timestep 3594000000 with 156 bodies, 0 test particles. Total Energy: -3.3137075709053961817e-08
Reached timestep 3600000000 with 155 bodies, 0 test particles. Total Energy: -3.3137076024087471583e-08
Reached timestep 3606000000 with 154 bodies, 0 test particles. Total Energy: -3.3137077740021275248e-08
Reached timestep 3612000000 with 154 bodies, 0 test particles. Total Energy: -3.3137079058598767875e-08
Reached timestep 3618000000 with 154 bodies, 0 test particles. Total Energy: -3.3137079419904456705e-08
Reached timestep 3624000000 with 154 bodies, 0 test particles. Total Energy: -3.3137079466838261145e-08
Reached timestep 3630000000 with 153 bodies, 0 test particles. Total Energy: -3.313708033262436565e-08
Reached timestep 3636000000 with 152 bodies, 0 test particles. Total Energy: -3.3137081420269852798e-08
Reached timestep 3642000000 with 152 bodies, 0 test particles. Total Energy: -3.3137082447406872996e-08
Reached timestep 3648000000 with 152 bodies, 0 test particles. Total Energy: -3.3137084065376869388e-08
Reached timestep 3654000000 with 152 bodies, 0 test particles. Total Energy: -3.3137084629681448653e-08
Reached timestep 3660000000 with 152 bodies, 0 test particles. Total Energy: -3.313708564072803908e-08
Reached timestep 3666000000 with 152 bodies, 0 test particles. Total Energy: -3.3137088013768152421e-08
Reached timestep 3672000000 with 152 bodies, 0 test particles. Total Energy: -3.3137089621674914326e-08
Reached timestep 3678000000 with 152 bodies, 0 test particles. Total Energy: -3.3137090416084814767e-08
Reached timestep 3684000000 with 152 bodies, 0 test particles. Total Energy: -3.3137091310440162678e-08
Reached timestep 3690000000 with 152 bodies, 0 test particles. Total Energy: -3.3137092107234838059e-08
Reached timestep 3696000000 with 152 bodies, 0 test particles. Total Energy: -3.3137093761884398474e-08
Reached timestep 3702000000 with 152 bodies, 0 test particles. Total Energy: -3.3137094087513635284e-08
Reached timestep 3708000000 with 151 bodies, 0 test particles. Total Energy: -3.3137095137731866543e-08
Reached timestep 3714000000 with 151 bodies, 0 test particles. Total Energy: -3.3137096626772119298e-08
Reached timestep 3720000000 with 150 bodies, 0 test particles. Total Energy: -3.3137097002144298994e-08
Reached timestep 3726000000 with 150 bodies, 0 test particles. Total Energy: -3.3137099275047442775e-08
Reached timestep 3732000000 with 150 bodies, 0 test particles. Total Energy: -3.3137099392097271395e-08
Reached timestep 3738000000 with 150 bodies, 0 test particles. Total Energy: -3.3137100028328983482e-08
Reached timestep 3744000000 with 149 bodies, 0 test particles. Total Energy: -3.3137101450542426279e-08
Reached timestep 3750000000 with 148 bodies, 0 test particles. Total Energy: -3.3137102594411505393e-08
Reached timestep 3756000000 with 147 bodies, 0 test particles. Total Energy: -3.3137103188735713167e-08
Reached timestep 3762000000 with 147 bodies, 0 test particles. Total Energy: -3.3137103535627885702e-08
Reached timestep 3768000000 with 147 bodies, 0 test particles. Total Energy: -3.3137105390540797327e-08
Reached timestep 3774000000 with 147 bodies, 0 test particles. Total Energy: -3.3137106636842033974e-08
Reached timestep 3780000000 with 147 bodies, 0 test particles. Total Energy: -3.3137107790468992198e-08
Reached timestep 3786000000 with 147 bodies, 0 test particles. Total Energy: -3.3137108359042736631e-08
Reached timestep 3792000000 with 147 bodies, 0 test particles. Total Energy: -3.3137108750049285031e-08
Reached timestep 3798000000 with 145 bodies, 0 test particles. Total Energy: -3.3137109526000755982e-08
Reached timestep 3804000000 with 145 bodies, 0 test particles. Total Energy: -3.3137109332538377889e-08
Reached timestep 3810000000 with 144 bodies, 0 test particles. Total Energy: -3.3137110180815887858e-08
Reached timestep 3816000000 with 143 bodies, 0 test particles. Total Energy: -3.3137110450332857976e-08
Reached timestep 3822000000 with 143 bodies, 0 test particles. Total Energy: -3.3137111093011079745e-08
Reached timestep 3828000000 with 143 bodies, 0 test particles. Total Energy: -3.3137111963634152661e-08
Reached timestep 3834000000 with 143 bodies, 0 test particles. Total Energy: -3.3137111211193702435e-08
Reached timestep 3840000000 with 143 bodies, 0 test particles. Total Energy: -3.3137112452475885058e-08
Reached timestep 3846000000 with 143 bodies, 0 test particles. Total Energy: -3.3137113107023030268e-08
Reached timestep 3852000000 with 143 bodies, 0 test particles. Total Energy: -3.313711454683413841e-08
Reached timestep 3858000000 with 143 bodies, 0 test particles. Total Energy: -3.3137118038099679703e-08
Reached timestep 3864000000 with 143 bodies, 0 test particles. Total Energy: -3.31371179897634534e-08
Reached timestep 3870000000 with 143 bodies, 0 test particles. Total Energy: -3.3137120122138047585e-08
Reached timestep 3876000000 with 142 bodies, 0 test particles. Total Energy: -3.313711979036659768e-08
Reached timestep 3882000000 with 140 bodies, 0 test particles. Total Energy: -3.313712138144028706e-08
Reached timestep 3888000000 with 140 bodies, 0 test particles. Total Energy: -3.3137120863716954623e-08
Reached timestep 3894000000 with 139 bodies, 0 test particles. Total Energy: -3.313712167907744739e-08
Reached timestep 3900000000 with 139 bodies, 0 test particles. Total Energy: -3.3137122748589216451e-08
Reached timestep 3906000000 with 139 bodies, 0 test particles. Total Energy: -3.3137123706001746832e-08
Reached timestep 3912000000 with 139 bodies, 0 test particles. Total Energy: -3.3137124307424633335e-08
Reached timestep 3918000000 with 138 bodies, 0 test particles. Total Energy: -3.3137125381673229013e-08
Reached timestep 3924000000 with 138 bodies, 0 test particles. Total Energy: -3.3137125951454015248e-08
Reached timestep 3930000000 with 137 bodies, 0 test particles. Total Energy: -3.3137126747788970115e-08
Reached timestep 3936000000 with 137 bodies, 0 test particles. Total Energy: -3.3137128394758118838e-08
Reached timestep 3942000000 with 137 bodies, 0 test particles. Total Energy: -3.3137130256364761268e-08
Reached timestep 3948000000 with 137 bodies, 0 test particles. Total Energy: -3.313713182259697939e-08
Reached timestep 3954000000 with 137 bodies, 0 test particles. Total Energy: -3.3137132311776320591e-08
Reached timestep 3960000000 with 137 bodies, 0 test particles. Total Energy: -3.3137133689842637787e-08
Reached timestep 3966000000 with 137 bodies, 0 test particles. Total Energy: -3.3137135077723512509e-08
Reached timestep 3972000000 with 137 bodies, 0 test particles. Total Energy: -3.3137136408335377935e-08
Reached timestep 3978000000 with 137 bodies, 0 test particles. Total Energy: -3.3137138734923939752e-08
Reached timestep 3984000000 with 137 bodies, 0 test particles. Total Energy: -3.3137141108660572257e-08
Reached timestep 3990000000 with 137 bodies, 0 test particles. Total Energy: -3.3137141397188859386e-08
Reached timestep 3996000000 with 137 bodies, 0 test particles. Total Energy: -3.3137143010362200842e-08
Reached timestep 4002000000 with 137 bodies, 0 test particles. Total Energy: -3.3137143811226068824e-08
Reached timestep 4008000000 with 137 bodies, 0 test particles. Total Energy: -3.3137145873831465733e-08
Reached timestep 4014000000 with 137 bodies, 0 test particles. Total Energy: -3.3137147008650461027e-08
Reached timestep 4020000000 with 137 bodies, 0 test particles. Total Energy: -3.3137148293652745531e-08
Reached timestep 4026000000 with 137 bodies, 0 test particles. Total Energy: -3.3137149815558657497e-08
Reached timestep 4032000000 with 136 bodies, 0 test particles. Total Energy: -3.3137151561822811796e-08
Reached timestep 4038000000 with 136 bodies, 0 test particles. Total Energy: -3.3137152959004425916e-08
Reached timestep 4044000000 with 136 bodies, 0 test particles. Total Energy: -3.3137153738070655389e-08
Reached timestep 4050000000 with 135 bodies, 0 test particles. Total Energy: -3.3137155811970971952e-08
Reached timestep 4056000000 with 135 bodies, 0 test particles. Total Energy: -3.313715725381544224e-08
Reached timestep 4062000000 with 135 bodies, 0 test particles. Total Energy: -3.3137157586477117154e-08
Reached timestep 4068000000 with 135 bodies, 0 test particles. Total Energy: -3.3137158366729834646e-08
Reached timestep 4074000000 with 135 bodies, 0 test particles. Total Energy: -3.3137158602011433719e-08
Reached timestep 4080000000 with 135 bodies, 0 test particles. Total Energy: -3.3137158276641422079e-08
Reached timestep 4086000000 with 135 bodies, 0 test particles. Total Energy: -3.3137160655492558633e-08
Reached timestep 4092000000 with 135 bodies, 0 test particles. Total Energy: -3.3137161812258885657e-08
Reached timestep 4098000000 with 135 bodies, 0 test particles. Total Energy: -3.3137164375938176574e-08
Reached timestep 4104000000 with 135 bodies, 0 test particles. Total Energy: -3.3137164616119040684e-08
Reached timestep 4110000000 with 135 bodies, 0 test particles. Total Energy: -3.3137165497143883332e-08
Reached timestep 4116000000 with 134 bodies, 0 test particles. Total Energy: -3.313716853912023319e-08
Reached timestep 4122000000 with 134 bodies, 0 test particles. Total Energy: -3.3137169232007974033e-08
Reached timestep 4128000000 with 134 bodies, 0 test particles. Total Energy: -3.3137171140201633703e-08
Reached timestep 4134000000 with 133 bodies, 0 test particles. Total Energy: -3.3137172425292320653e-08
Reached timestep 4140000000 with 133 bodies, 0 test particles. Total Energy: -3.3137171827665385834e-08
Reached timestep 4146000000 with 133 bodies, 0 test particles. Total Energy: -3.3137173504631160828e-08
Reached timestep 4152000000 with 132 bodies, 0 test particles. Total Energy: -3.3137174601949671589e-08
Reached timestep 4158000000 with 132 bodies, 0 test particles. Total Energy: -3.3137174233717337746e-08
Reached timestep 4164000000 with 132 bodies, 0 test particles. Total Energy: -3.313717460926384741e-08
Reached timestep 4170000000 with 131 bodies, 0 test particles. Total Energy: -3.313717600436624049e-08
Reached timestep 4176000000 with 130 bodies, 0 test particles. Total Energy: -3.3137177388538493948e-08
Reached timestep 4182000000 with 130 bodies, 0 test particles. Total Energy: -3.3137180531480085858e-08
Reached timestep 4188000000 with 130 bodies, 0 test particles. Total Energy: -3.3137183262631872369e-08
Reached timestep 4194000000 with 130 bodies, 0 test particles. Total Energy: -3.3137182217479851046e-08
Reached timestep 4200000000 with 130 bodies, 0 test particles. Total Energy: -3.3137183729142567111e-08
Reached timestep 4206000000 with 128 bodies, 0 test particles. Total Energy: -3.3137184965529527956e-08
Reached timestep 4212000000 with 128 bodies, 0 test particles. Total Energy: -3.3137186658866530761e-08
Reached timestep 4218000000 with 128 bodies, 0 test particles. Total Energy: -3.3137186724985988798e-08
Reached timestep 4224000000 with 128 bodies, 0 test particles. Total Energy: -3.3137188141649969509e-08
Reached timestep 4230000000 with 128 bodies, 0 test particles. Total Energy: -3.3137187750174522198e-08
Reached timestep 4236000000 with 128 bodies, 0 test particles. Total Energy: -3.3137187713690444114e-08
Reached timestep 4242000000 with 128 bodies, 0 test particles. Total Energy: -3.3137188499673425521e-08
Reached timestep 4248000000 with 126 bodies, 0 test particles. Total Energy: -3.3137190024049715695e-08
Reached timestep 4254000000 with 126 bodies, 0 test particles. Total Energy: -3.3137191803254623971e-08
Reached timestep 4260000000 with 126 bodies, 0 test particles. Total Energy: -3.3137192661473051576e-08
Reached timestep 4266000000 with 126 bodies, 0 test particles. Total Energy: -3.3137195499117817152e-08
Reached timestep 4272000000 with 126 bodies, 0 test particles. Total Energy: -3.3137196306066895559e-08
Reached timestep 4278000000 with 126 bodies, 0 test particles. Total Energy: -3.3137196232054003661e-08
Reached timestep 4284000000 with 126 bodies, 0 test particles. Total Energy: -3.3137199236922475374e-08
Reached timestep 4290000000 with 126 bodies, 0 test particles. Total Energy: -3.3137200804129092405e-08
Reached timestep 4296000000 with 126 bodies, 0 test particles. Total Energy: -3.3137202734995660169e-08
Reached timestep 4302000000 with 126 bodies, 0 test particles. Total Energy: -3.3137207065290726303e-08
Reached timestep 4308000000 with 126 bodies, 0 test particles. Total Energy: -3.3137209292351388188e-08
Reached timestep 4314000000 with 126 bodies, 0 test particles. Total Energy: -3.3137208688232164204e-08
Reached timestep 4320000000 with 126 bodies, 0 test particles. Total Energy: -3.3137211939498999792e-08
Reached timestep 4326000000 with 126 bodies, 0 test particles. Total Energy: -3.3137214590420440962e-08
Reached timestep 4332000000 with 125 bodies, 0 test particles. Total Energy: -3.3137216405598567193e-08
Reached timestep 4338000000 with 125 bodies, 0 test particles. Total Energy: -3.3137219023438276339e-08
Reached timestep 4344000000 with 124 bodies, 0 test particles. Total Energy: -3.3137224011918136851e-08
Reached timestep 4350000000 with 124 bodies, 0 test particles. Total Energy: -3.3137224204917459236e-08
Reached timestep 4356000000 with 123 bodies, 0 test particles. Total Energy: -3.3137225195235770398e-08
Reached timestep 4362000000 with 123 bodies, 0 test particles. Total Energy: -3.3137225828711124778e-08
Reached timestep 4368000000 with 123 bodies, 0 test particles. Total Energy: -3.313722847715609969e-08
Reached timestep 4374000000 with 123 bodies, 0 test particles. Total Energy: -3.3137228639222672197e-08
Reached timestep 4380000000 with 122 bodies, 0 test particles. Total Energy: -3.3137229671868761597e-08
Reached timestep 4386000000 with 121 bodies, 0 test particles. Total Energy: -3.3137232780727329279e-08
Reached timestep 4392000000 with 120 bodies, 0 test particles. Total Energy: -3.3137233521388648172e-08
Reached timestep 4398000000 with 119 bodies, 0 test particles. Total Energy: -3.3137237396437101925e-08
Reached timestep 4404000000 with 119 bodies, 0 test particles. Total Energy: -3.3137238348724732251e-08
Reached timestep 4410000000 with 119 bodies, 0 test particles. Total Energy: -3.3137241909967007126e-08
Reached timestep 4416000000 with 118 bodies, 0 test particles. Total Energy: -3.3137241817304924654e-08
Reached timestep 4422000000 with 118 bodies, 0 test particles. Total Energy: -3.3137244293097129137e-08
Reached timestep 4428000000 with 117 bodies, 0 test particles. Total Energy: -3.3137248099392904561e-08
Reached timestep 4434000000 with 117 bodies, 0 test particles. Total Energy: -3.3137247599756359291e-08
Reached timestep 4440000000 with 117 bodies, 0 test particles. Total Energy: -3.3137251701062573083e-08
Reached timestep 4446000000 with 117 bodies, 0 test particles. Total Energy: -3.3137250689817929148e-08
Reached timestep 4452000000 with 117 bodies, 0 test particles. Total Energy: -3.3137252709192756281e-08
Reached timestep 4458000000 with 117 bodies, 0 test particles. Total Energy: -3.3137255354676259164e-08
Reached timestep 4464000000 with 117 bodies, 0 test particles. Total Energy: -3.3137256543031667486e-08
Reached timestep 4470000000 with 117 bodies, 0 test particles. Total Energy: -3.3137260087426146021e-08
Reached timestep 4476000000 with 117 bodies, 0 test particles. Total Energy: -3.3137259929482334331e-08
Reached timestep 4482000000 with 116 bodies, 0 test particles. Total Energy: -3.3137262748895086295e-08
Reached timestep 4488000000 with 116 bodies, 0 test particles. Total Energy: -3.3137264360600479949e-08
Reached timestep 4494000000 with 116 bodies, 0 test particles. Total Energy: -3.3137265027565379629e-08
Reached timestep 4500000000 with 116 bodies, 0 test particles. Total Energy: -3.3137265916016352032e-08
Reached timestep 4506000000 with 116 bodies, 0 test particles. Total Energy: -3.3137269299028184225e-08
Reached timestep 4512000000 with 116 bodies, 0 test particles. Total Energy: -3.3137272672763702009e-08
Reached timestep 4518000000 with 116 bodies, 0 test particles. Total Energy: -3.3137275672878922608e-08
Reached timestep 4524000000 with 116 bodies, 0 test particles. Total Energy: -3.3137278947889183586e-08
Reached timestep 4530000000 with 115 bodies, 0 test particles. Total Energy: -3.3137281005935286691e-08
Reached timestep 4536000000 with 115 bodies, 0 test particles. Total Energy: -3.3137283494976125407e-08
Reached timestep 4542000000 with 114 bodies, 0 test particles. Total Energy: -3.3137286463790633103e-08
Reached timestep 4548000000 with 114 bodies, 0 test particles. Total Energy: -3.3137288682088983994e-08
Reached timestep 4554000000 with 114 bodies, 0 test particles. Total Energy: -3.3137290088581210739e-08
Reached timestep 4560000000 with 114 bodies, 0 test particles. Total Energy: -3.3137289271800614296e-08
Reached timestep 4566000000 with 114 bodies, 0 test particles. Total Energy: -3.3137289742546189224e-08
Reached timestep 4572000000 with 114 bodies, 0 test particles. Total Energy: -3.3137291910504538262e-08
Reached timestep 4578000000 with 114 bodies, 0 test particles. Total Energy: -3.3137290121684939149e-08
Reached timestep 4584000000 with 114 bodies, 0 test particles. Total Energy: -3.3137293058151993125e-08
Reached timestep 4590000000 with 114 bodies, 0 test particles. Total Energy: -3.3137293191199666846e-08
Reached timestep 4596000000 with 114 bodies, 0 test particles. Total Energy: -3.3137294929739489471e-08
Reached timestep 4602000000 with 114 bodies, 0 test particles. Total Energy: -3.3137295479673671712e-08
Reached timestep 4608000000 with 114 bodies, 0 test particles. Total Energy: -3.313729730213501074e-08
Reached timestep 4614000000 with 114 bodies, 0 test particles. Total Energy: -3.3137300832008313769e-08
Reached timestep 4620000000 with 114 bodies, 0 test particles. Total Energy: -3.3137303241082518941e-08
Reached timestep 4626000000 with 114 bodies, 0 test particles. Total Energy: -3.3137306372565607958e-08
Reached timestep 4632000000 with 114 bodies, 0 test particles. Total Energy: -3.3137306110105037713e-08
Reached timestep 4638000000 with 114 bodies, 0 test particles. Total Energy: -3.3137306764277595838e-08
Reached timestep 4644000000 with 114 bodies, 0 test particles. Total Energy: -3.3137308753370260569e-08
Reached timestep 4650000000 with 114 bodies, 0 test particles. Total Energy: -3.3137308644336976755e-08
Reached timestep 4656000000 with 114 bodies, 0 test particles. Total Energy: -3.313731207899904504e-08
Reached timestep 4662000000 with 113 bodies, 0 test particles. Total Energy: -3.3137314000030964716e-08
Reached timestep 4668000000 with 113 bodies, 0 test particles. Total Energy: -3.3137314705887256437e-08
Reached timestep 4674000000 with 113 bodies, 0 test particles. Total Energy: -3.3137312175925852375e-08
Reached timestep 4680000000 with 113 bodies, 0 test particles. Total Energy: -3.3137312849196217515e-08
Reached timestep 4686000000 with 113 bodies, 0 test particles. Total Energy: -3.3137314446094343668e-08
Reached timestep 4692000000 with 113 bodies, 0 test particles. Total Energy: -3.3137317029763109214e-08
Reached timestep 4698000000 with 113 bodies, 0 test particles. Total Energy: -3.3137319781403623485e-08
Reached timestep 4704000000 with 113 bodies, 0 test particles. Total Energy: -3.3137320386336786574e-08
Reached timestep 4710000000 with 113 bodies, 0 test particles. Total Energy: -3.3137323694468126903e-08
Reached timestep 4716000000 with 113 bodies, 0 test particles. Total Energy: -3.3137324680062919129e-08
Reached timestep 4722000000 with 113 bodies, 0 test particles. Total Energy: -3.3137325939097489576e-08
Reached timestep 4728000000 with 113 bodies, 0 test particles. Total Energy: -3.3137327725679320286e-08
Reached timestep 4734000000 with 113 bodies, 0 test particles. Total Energy: -3.3137328229939679449e-08
Reached timestep 4740000000 with 113 bodies, 0 test particles. Total Energy: -3.3137327682694284185e-08
Reached timestep 4746000000 with 113 bodies, 0 test particles. Total Energy: -3.3137326573270818957e-08
Reached timestep 4752000000 with 113 bodies, 0 test particles. Total Energy: -3.313732644251667223e-08
Reached timestep 4758000000 with 113 bodies, 0 test particles. Total Energy: -3.3137326138059195991e-08
Reached timestep 4764000000 with 113 bodies, 0 test particles. Total Energy: -3.3137326865678629481e-08
Reached timestep 4770000000 with 112 bodies, 0 test particles. Total Energy: -3.3137327270775868745e-08
Reached timestep 4776000000 with 112 bodies, 0 test particles. Total Energy: -3.313732802797170752e-08
Reached timestep 4782000000 with 111 bodies, 0 test particles. Total Energy: -3.3137329100192956308e-08
Reached timestep 4788000000 with 111 bodies, 0 test particles. Total Energy: -3.3137329009241986269e-08
Reached timestep 4794000000 with 111 bodies, 0 test particles. Total Energy: -3.3137329895905289019e-08
Reached timestep 4800000000 with 111 bodies, 0 test particles. Total Energy: -3.313733064063228665e-08
Reached timestep 4806000000 with 111 bodies, 0 test particles. Total Energy: -3.3137330940302392228e-08
Reached timestep 4812000000 with 111 bodies, 0 test particles. Total Energy: -3.3137330817052441253e-08
Reached timestep 4818000000 with 111 bodies, 0 test particles. Total Energy: -3.3137330718220418592e-08
Reached timestep 4824000000 with 111 bodies, 0 test particles. Total Energy: -3.3137331506784984368e-08
Reached timestep 4830000000 with 111 bodies, 0 test particles. Total Energy: -3.3137331046469362871e-08
Reached timestep 4836000000 with 111 bodies, 0 test particles. Total Energy: -3.3137330997900076776e-08
Reached timestep 4842000000 with 111 bodies, 0 test particles. Total Energy: -3.3137331197560373615e-08
Reached timestep 4848000000 with 111 bodies, 0 test particles. Total Energy: -3.3137331664352587698e-08
Reached timestep 4854000000 with 111 bodies, 0 test particles. Total Energy: -3.3137331763776381987e-08
Reached timestep 4860000000 with 111 bodies, 0 test particles. Total Energy: -3.3137332300133420177e-08
Reached timestep 4866000000 with 110 bodies, 0 test particles. Total Energy: -3.3137333246740622565e-08
Reached timestep 4872000000 with 110 bodies, 0 test particles. Total Energy: -3.3137334072260203508e-08
Reached timestep 4878000000 with 110 bodies, 0 test particles. Total Energy: -3.3137334086043143478e-08
Reached timestep 4884000000 with 110 bodies, 0 test particles. Total Energy: -3.3137334178609458288e-08
Reached timestep 4890000000 with 110 bodies, 0 test particles. Total Energy: -3.3137334295800073048e-08
Reached timestep 4896000000 with 110 bodies, 0 test particles. Total Energy: -3.3137335528608313073e-08
Reached timestep 4902000000 with 110 bodies, 0 test particles. Total Energy: -3.3137336428339977624e-08
Reached timestep 4908000000 with 109 bodies, 0 test particles. Total Energy: -3.3137334533528313555e-08
Reached timestep 4914000000 with 109 bodies, 0 test particles. Total Energy: -3.3137337156550249682e-08
Reached timestep 4920000000 with 109 bodies, 0 test particles. Total Energy: -3.3137337287463837127e-08
Reached timestep 4926000000 with 109 bodies, 0 test particles. Total Energy: -3.3137338588419947487e-08
Reached timestep 4932000000 with 109 bodies, 0 test particles. Total Energy: -3.3137338967382428531e-08
Reached timestep 4938000000 with 109 bodies, 0 test particles. Total Energy: -3.3137339028829308724e-08
Reached timestep 4944000000 with 109 bodies, 0 test particles. Total Energy: -3.3137339640074521632e-08
Reached timestep 4950000000 with 109 bodies, 0 test particles. Total Energy: -3.3137339955120889094e-08
Reached timestep 4956000000 with 109 bodies, 0 test particles. Total Energy: -3.3137339939789936855e-08
Reached timestep 4962000000 with 109 bodies, 0 test particles. Total Energy: -3.3137341284026175037e-08
Reached timestep 4968000000 with 109 bodies, 0 test particles. Total Energy: -3.3137343105579342544e-08
Reached timestep 4974000000 with 109 bodies, 0 test particles. Total Energy: -3.3137343083999894429e-08
Reached timestep 4980000000 with 109 bodies, 0 test particles. Total Energy: -3.3137343671521322523e-08
Reached timestep 4986000000 with 109 bodies, 0 test particles. Total Energy: -3.3137345019755218727e-08
Reached timestep 4992000000 with 108 bodies, 0 test particles. Total Energy: -3.3137347888860151158e-08
Reached timestep 4998000000 with 108 bodies, 0 test particles. Total Energy: -3.3137347386707408491e-08
Reached timestep 5004000000 with 108 bodies, 0 test particles. Total Energy: -3.313734861982448467e-08
Reached timestep 5010000000 with 108 bodies, 0 test particles. Total Energy: -3.3137349144405237029e-08
Reached timestep 5016000000 with 107 bodies, 0 test particles. Total Energy: -3.3137349778195700901e-08
Reached timestep 5022000000 with 107 bodies, 0 test particles. Total Energy: -3.3137350024471231764e-08
Reached timestep 5028000000 with 107 bodies, 0 test particles. Total Energy: -3.3137350143345787728e-08
Reached timestep 5034000000 with 107 bodies, 0 test particles. Total Energy: -3.313734993900969035e-08
Reached timestep 5040000000 with 107 bodies, 0 test particles. Total Energy: -3.3137350446465434984e-08
Reached timestep 5046000000 with 107 bodies, 0 test particles. Total Energy: -3.313735184156915817e-08
Reached timestep 5052000000 with 107 bodies, 0 test particles. Total Energy: -3.3137354028288803915e-08
Reached timestep 5058000000 with 107 bodies, 0 test particles. Total Energy: -3.3137354207893273004e-08
Reached timestep 5064000000 with 107 bodies, 0 test particles. Total Energy: -3.313735371999133028e-08
Reached timestep 5070000000 with 107 bodies, 0 test particles. Total Energy: -3.3137356810376340992e-08
Reached timestep 5076000000 with 107 bodies, 0 test particles. Total Energy: -3.3137357982545227625e-08
Reached timestep 5082000000 with 107 bodies, 0 test particles. Total Energy: -3.3137359030585902614e-08
Reached timestep 5088000000 with 107 bodies, 0 test particles. Total Energy: -3.3137359674012061092e-08
Reached timestep 5094000000 with 107 bodies, 0 test particles. Total Energy: -3.3137362664200624649e-08
Reached timestep 5100000000 with 107 bodies, 0 test particles. Total Energy: -3.3137363831787817426e-08
Reached timestep 5106000000 with 107 bodies, 0 test particles. Total Energy: -3.3137364369604650726e-08
Reached timestep 5112000000 with 107 bodies, 0 test particles. Total Energy: -3.3137365234235733164e-08
Reached timestep 5118000000 with 107 bodies, 0 test particles. Total Energy: -3.31373664266989932e-08
Reached timestep 5124000000 with 107 bodies, 0 test particles. Total Energy: -3.3137367241360346296e-08
Reached timestep 5130000000 with 107 bodies, 0 test particles. Total Energy: -3.313736969961521668e-08
Reached timestep 5136000000 with 107 bodies, 0 test particles. Total Energy: -3.313737272238128281e-08
Reached timestep 5142000000 with 107 bodies, 0 test particles. Total Energy: -3.3137373613813553108e-08
Reached timestep 5148000000 with 107 bodies, 0 test particles. Total Energy: -3.3137375718231010922e-08
Reached timestep 5154000000 with 107 bodies, 0 test particles. Total Energy: -3.3137376648915515914e-08
Reached timestep 5160000000 with 107 bodies, 0 test particles. Total Energy: -3.3137378770804636305e-08
Reached timestep 5166000000 with 107 bodies, 0 test particles. Total Energy: -3.3137378912848038153e-08
Reached timestep 5172000000 with 107 bodies, 0 test particles. Total Energy: -3.3137378765295659748e-08
Reached timestep 5178000000 with 107 bodies, 0 test particles. Total Energy: -3.3137379133417740341e-08
Reached timestep 5184000000 with 107 bodies, 0 test particles. Total Energy: -3.3137381218095426193e-08
Reached timestep 5190000000 with 107 bodies, 0 test particles. Total Energy: -3.313738236688998866e-08
Reached timestep 5196000000 with 107 bodies, 0 test particles. Total Energy: -3.313738250383188312e-08
Reached timestep 5202000000 with 107 bodies, 0 test particles. Total Energy: -3.3137382782696106657e-08
Reached timestep 5208000000 with 107 bodies, 0 test particles. Total Energy: -3.3137381475326785598e-08
Reached timestep 5214000000 with 107 bodies, 0 test particles. Total Energy: -3.3137385198773388331e-08
Reached timestep 5220000000 with 107 bodies, 0 test particles. Total Energy: -3.3137386283399295666e-08
Reached timestep 5226000000 with 107 bodies, 0 test particles. Total Energy: -3.3137387268690678043e-08
Reached timestep 5232000000 with 107 bodies, 0 test particles. Total Energy: -3.3137387628523098645e-08
Reached timestep 5238000000 with 107 bodies, 0 test particles. Total Energy: -3.3137388395272800703e-08
Reached timestep 5244000000 with 107 bodies, 0 test particles. Total Energy: -3.3137387793767302019e-08
Reached timestep 5250000000 with 107 bodies, 0 test particles. Total Energy: -3.3137388121587085143e-08
Reached timestep 5256000000 with 107 bodies, 0 test particles. Total Energy: -3.3137391092141570567e-08
Reached timestep 5262000000 with 107 bodies, 0 test particles. Total Energy: -3.3137393049842678112e-08
Reached timestep 5268000000 with 107 bodies, 0 test particles. Total Energy: -3.3137396212798871089e-08
Reached timestep 5274000000 with 107 bodies, 0 test particles. Total Energy: -3.3137397967282970598e-08
Reached timestep 5280000000 with 107 bodies, 0 test particles. Total Energy: -3.3137401618728113368e-08
Reached timestep 5286000000 with 107 bodies, 0 test particles. Total Energy: -3.3137404213752334953e-08
Reached timestep 5292000000 with 107 bodies, 0 test particles. Total Energy: -3.3137403721261783142e-08
Reached timestep 5298000000 with 107 bodies, 0 test particles. Total Energy: -3.3137404212549104799e-08
Reached timestep 5304000000 with 107 bodies, 0 test particles. Total Energy: -3.313740530419530061e-08
Reached timestep 5310000000 with 107 bodies, 0 test particles. Total Energy: -3.3137407344206907597e-08
Reached timestep 5316000000 with 106 bodies, 0 test particles. Total Energy: -3.3137409975589230967e-08
Reached timestep 5322000000 with 106 bodies, 0 test particles. Total Energy: -3.3137413128889281433e-08
Reached timestep 5328000000 with 106 bodies, 0 test particles. Total Energy: -3.3137414647987034334e-08
Reached timestep 5334000000 with 106 bodies, 0 test particles. Total Energy: -3.3137415653357345961e-08
Reached timestep 5340000000 with 106 bodies, 0 test particles. Total Energy: -3.3137418090780347596e-08
Reached timestep 5346000000 with 106 bodies, 0 test particles. Total Energy: -3.313741817959399543e-08
Reached timestep 5352000000 with 106 bodies, 0 test particles. Total Energy: -3.3137420406893540458e-08
Reached timestep 5358000000 with 105 bodies, 0 test particles. Total Energy: -3.3137422674390575862e-08
Reached timestep 5364000000 with 105 bodies, 0 test particles. Total Energy: -3.3137422767588611814e-08
Reached timestep 5370000000 with 105 bodies, 0 test particles. Total Energy: -3.3137424374916506109e-08
Reached timestep 5376000000 with 105 bodies, 0 test particles. Total Energy: -3.3137428080772861653e-08
Reached timestep 5382000000 with 105 bodies, 0 test particles. Total Energy: -3.3137427374677600761e-08
Reached timestep 5388000000 with 105 bodies, 0 test particles. Total Energy: -3.3137430191686373959e-08
Reached timestep 5394000000 with 105 bodies, 0 test particles. Total Energy: -3.3137432979512784246e-08
Reached timestep 5400000000 with 105 bodies, 0 test particles. Total Energy: -3.313743667127370422e-08
Reached timestep 5406000000 with 105 bodies, 0 test particles. Total Energy: -3.3137439438328577004e-08
Reached timestep 5412000000 with 105 bodies, 0 test particles. Total Energy: -3.3137443307340253412e-08
Reached timestep 5418000000 with 105 bodies, 0 test particles. Total Energy: -3.3137446129831136342e-08
Reached timestep 5424000000 with 105 bodies, 0 test particles. Total Energy: -3.3137447928812861038e-08
Reached timestep 5430000000 with 105 bodies, 0 test particles. Total Energy: -3.3137448799391848535e-08
Reached timestep 5436000000 with 105 bodies, 0 test particles. Total Energy: -3.3137451664319935772e-08
Reached timestep 5442000000 with 105 bodies, 0 test particles. Total Energy: -3.3137454078568949769e-08
Reached timestep 5448000000 with 105 bodies, 0 test particles. Total Energy: -3.313745819176644735e-08
Reached timestep 5454000000 with 105 bodies, 0 test particles. Total Energy: -3.3137458746305113928e-08
Reached timestep 5460000000 with 105 bodies, 0 test particles. Total Energy: -3.3137460261812744151e-08
Reached timestep 5466000000 with 105 bodies, 0 test particles. Total Energy: -3.3137464452550218527e-08
Reached timestep 5472000000 with 105 bodies, 0 test particles. Total Energy: -3.31374641132293294e-08
Reached timestep 5478000000 with 105 bodies, 0 test particles. Total Energy: -3.3137465407506618059e-08
Reached timestep 5484000000 with 104 bodies, 0 test particles. Total Energy: -3.3137468770395561316e-08
Reached timestep 5490000000 with 104 bodies, 0 test particles. Total Energy: -3.3137476853398889936e-08
Reached timestep 5496000000 with 104 bodies, 0 test particles. Total Energy: -3.3137477811741396319e-08
Reached timestep 5502000000 with 104 bodies, 0 test particles. Total Energy: -3.3137480574991013293e-08
Reached timestep 5508000000 with 104 bodies, 0 test particles. Total Energy: -3.3137484157056256452e-08
Reached timestep 5514000000 with 103 bodies, 0 test particles. Total Energy: -3.3137486803417120033e-08
Reached timestep 5520000000 with 103 bodies, 0 test particles. Total Energy: -3.3137487873925668202e-08
Reached timestep 5526000000 with 103 bodies, 0 test particles. Total Energy: -3.3137490276442799423e-08
Reached timestep 5532000000 with 103 bodies, 0 test particles. Total Energy: -3.3137491583231406605e-08
Reached timestep 5538000000 with 103 bodies, 0 test particles. Total Energy: -3.3137492395872844202e-08
Reached timestep 5544000000 with 103 bodies, 0 test particles. Total Energy: -3.3137492318879785993e-08
Reached timestep 5550000000 with 103 bodies, 0 test particles. Total Energy: -3.3137492317184429697e-08
Reached timestep 5556000000 with 103 bodies, 0 test particles. Total Energy: -3.3137492059442044726e-08
Reached timestep 5562000000 with 103 bodies, 0 test particles. Total Energy: -3.3137491917597133138e-08
Reached timestep 5568000000 with 103 bodies, 0 test particles. Total Energy: -3.3137490541297157569e-08
Reached timestep 5574000000 with 103 bodies, 0 test particles. Total Energy: -3.3137489498774849292e-08
Reached timestep 5580000000 with 103 bodies, 0 test particles. Total Energy: -3.3137489092535154489e-08
Reached timestep 5586000000 with 102 bodies, 0 test particles. Total Energy: -3.3137489915447793014e-08
Reached timestep 5592000000 with 102 bodies, 0 test particles. Total Energy: -3.3137489695550476167e-08
Reached timestep 5598000000 with 102 bodies, 0 test particles. Total Energy: -3.3137492150228108039e-08
Reached timestep 5604000000 with 102 bodies, 0 test particles. Total Energy: -3.3137491383032429899e-08
Reached timestep 5610000000 with 102 bodies, 0 test particles. Total Energy: -3.3137491938498531379e-08
Reached timestep 5616000000 with 102 bodies, 0 test particles. Total Energy: -3.313749324399371925e-08
Reached timestep 5622000000 with 102 bodies, 0 test particles. Total Energy: -3.3137492998075616438e-08
Reached timestep 5628000000 with 102 bodies, 0 test particles. Total Energy: -3.3137497440852211045e-08
Reached timestep 5634000000 with 102 bodies, 0 test particles. Total Energy: -3.3137499893784538147e-08
Reached timestep 5640000000 with 102 bodies, 0 test particles. Total Energy: -3.3137505380477558e-08
Reached timestep 5646000000 with 102 bodies, 0 test particles. Total Energy: -3.3137506810620618846e-08
Reached timestep 5652000000 with 102 bodies, 0 test particles. Total Energy: -3.3137507154160830546e-08
Reached timestep 5658000000 with 102 bodies, 0 test particles. Total Energy: -3.3137506994994095187e-08
Reached timestep 5664000000 with 102 bodies, 0 test particles. Total Energy: -3.3137506936343436189e-08
Reached timestep 5670000000 with 102 bodies, 0 test particles. Total Energy: -3.3137506717989069265e-08
Reached timestep 5676000000 with 102 bodies, 0 test particles. Total Energy: -3.313750797807374219e-08
Reached timestep 5682000000 with 102 bodies, 0 test particles. Total Energy: -3.3137506972039409672e-08
Reached timestep 5688000000 with 102 bodies, 0 test particles. Total Energy: -3.3137507744923251542e-08
Reached timestep 5694000000 with 102 bodies, 0 test particles. Total Energy: -3.3137510435646069454e-08
Reached timestep 5700000000 with 102 bodies, 0 test particles. Total Energy: -3.313751720929195834e-08
Reached timestep 5706000000 with 102 bodies, 0 test particles. Total Energy: -3.3137517145437155384e-08
Reached timestep 5712000000 with 101 bodies, 0 test particles. Total Energy: -3.313751925826739737e-08
Reached timestep 5718000000 with 101 bodies, 0 test particles. Total Energy: -3.3137522872877340429e-08
Reached timestep 5724000000 with 101 bodies, 0 test particles. Total Energy: -3.3137523810869953046e-08
Reached timestep 5730000000 with 101 bodies, 0 test particles. Total Energy: -3.3137524599190123347e-08
Reached timestep 5736000000 with 101 bodies, 0 test particles. Total Energy: -3.3137524761870523425e-08
Reached timestep 5742000000 with 101 bodies, 0 test particles. Total Energy: -3.3137526104095091445e-08
Reached timestep 5748000000 with 101 bodies, 0 test particles. Total Energy: -3.3137527129148463533e-08
Reached timestep 5754000000 with 101 bodies, 0 test particles. Total Energy: -3.3137528209527698395e-08
Reached timestep 5760000000 with 101 bodies, 0 test particles. Total Energy: -3.3137530951093741757e-08
Reached timestep 5766000000 with 101 bodies, 0 test particles. Total Energy: -3.3137530821891035135e-08
Reached timestep 5772000000 with 101 bodies, 0 test particles. Total Energy: -3.3137531233000540728e-08
Reached timestep 5778000000 with 101 bodies, 0 test particles. Total Energy: -3.3137532173582447037e-08
Reached timestep 5784000000 with 101 bodies, 0 test particles. Total Energy: -3.3137532259993591795e-08
Reached timestep 5790000000 with 100 bodies, 0 test particles. Total Energy: -3.3137531926639176279e-08
Reached timestep 5796000000 with 99 bodies, 0 test particles. Total Energy: -3.3137535869693092953e-08
Reached timestep 5802000000 with 99 bodies, 0 test particles. Total Energy: -3.3137536982534150834e-08
Reached timestep 5808000000 with 99 bodies, 0 test particles. Total Energy: -3.3137539956659250707e-08
Reached timestep 5814000000 with 99 bodies, 0 test particles. Total Energy: -3.3137539108598217213e-08
Reached timestep 5820000000 with 99 bodies, 0 test particles. Total Energy: -3.3137538078244198968e-08
Reached timestep 5826000000 with 99 bodies, 0 test particles. Total Energy: -3.3137537734599491195e-08
Reached timestep 5832000000 with 99 bodies, 0 test particles. Total Energy: -3.313753813900353987e-08
Reached timestep 5838000000 with 98 bodies, 0 test particles. Total Energy: -3.3137538462908502149e-08
Reached timestep 5844000000 with 98 bodies, 0 test particles. Total Energy: -3.3137538916048795054e-08
Reached timestep 5850000000 with 98 bodies, 0 test particles. Total Energy: -3.3137538918765408387e-08
Reached timestep 5856000000 with 97 bodies, 0 test particles. Total Energy: -3.3137539451944564247e-08
Reached timestep 5862000000 with 97 bodies, 0 test particles. Total Energy: -3.313754017374692618e-08
Reached timestep 5868000000 with 97 bodies, 0 test particles. Total Energy: -3.3137540043813011749e-08
Reached timestep 5874000000 with 97 bodies, 0 test particles. Total Energy: -3.3137540190081274971e-08
Reached timestep 5880000000 with 96 bodies, 0 test particles. Total Energy: -3.3137540410947716624e-08
Reached timestep 5886000000 with 96 bodies, 0 test particles. Total Energy: -3.3137539900180642266e-08
Reached timestep 5892000000 with 96 bodies, 0 test particles. Total Energy: -3.3137540084732571243e-08
Reached timestep 5898000000 with 96 bodies, 0 test particles. Total Energy: -3.3137539797500582013e-08
Reached timestep 5904000000 with 96 bodies, 0 test particles. Total Energy: -3.313754016453771928e-08
Reached timestep 5910000000 with 96 bodies, 0 test particles. Total Energy: -3.3137540008269696102e-08
Reached timestep 5916000000 with 96 bodies, 0 test particles. Total Energy: -3.3137540293989030072e-08
Reached timestep 5922000000 with 96 bodies, 0 test particles. Total Energy: -3.3137540275633091569e-08
Reached timestep 5928000000 with 96 bodies, 0 test particles. Total Energy: -3.3137540021183692765e-08
Reached timestep 5934000000 with 96 bodies, 0 test particles. Total Energy: -3.313754034160470927e-08
Reached timestep 5940000000 with 96 bodies, 0 test particles. Total Energy: -3.3137540940733784229e-08
Reached timestep 5946000000 with 96 bodies, 0 test particles. Total Energy: -3.3137540905194266996e-08
Reached timestep 5952000000 with 96 bodies, 0 test particles. Total Energy: -3.3137541804833552015e-08
Reached timestep 5958000000 with 96 bodies, 0 test particles. Total Energy: -3.3137541301421734577e-08
Reached timestep 5964000000 with 96 bodies, 0 test particles. Total Energy: -3.3137540372166458717e-08
Reached timestep 5970000000 with 96 bodies, 0 test particles. Total Energy: -3.3137540844368692087e-08
Reached timestep 5976000000 with 96 bodies, 0 test particles. Total Energy: -3.3137541306328298656e-08
Reached timestep 5982000000 with 96 bodies, 0 test particles. Total Energy: -3.3137540880872794559e-08
Reached timestep 5988000000 with 96 bodies, 0 test particles. Total Energy: -3.3137540577743128491e-08
Reached timestep 5994000000 with 96 bodies, 0 test particles. Total Energy: -3.3137540386518492331e-08
Reached timestep 6000000000 with 96 bodies, 0 test particles. Total Energy: -3.3137540565170830213e-08
GENGA terminated successfully
